timestamp,node_id,region,latitude,longitude,consumption_mu,year,month,dayofweek,dayofyear,is_weekend,is_holiday,temperature_c,humidity,lag_1d,lag_7d,lag_30d,roll_mean_7d,roll_std_7d,roll_mean_30d,dow_sin,dow_cos,month_sin,month_cos,doy_sin,doy_cos,target_next_1d,target_next_7d
2019-02-02,Haryana,NR,28.45000633,77.01999101,67.67099999999999,2019,2,5,33,1,0,12.0,83,68.1,155.2,130.3,110.84885714285714,40.35819737644626,145.60473333333331,-0.9749279121818236,-0.2225209339563146,0.8660254037844386,0.5000000000000001,0.5380051715382996,0.8429415373547828,67.67099999999999,116.2
2019-02-03,Haryana,NR,28.45000633,77.01999101,67.67099999999999,2019,2,6,34,1,0,12.0,82,67.67099999999999,143.2,133.5,100.059,40.36394504174905,143.41043333333334,-0.7818314824680299,0.6234898018587334,0.8660254037844386,0.5000000000000001,0.5524353131676196,0.8335557718385699,71.3,119.5
2019-02-04,Haryana,NR,28.45000633,77.01999101,71.3,2019,2,0,35,0,0,13.1,76,67.67099999999999,138.9,128.2,90.40185714285714,37.508048689263944,141.51376666666664,0.0,1.0,0.8660254037844386,0.5000000000000001,0.5667017562911176,0.8239230057575542,70.3,122.5
2019-02-05,Haryana,NR,28.45000633,77.01999101,70.3,2019,2,1,36,0,0,15.6,77,71.3,148.6,127.5,79.21614285714284,27.63554986744782,139.6071,0.7818314824680298,0.6234898018587336,0.8660254037844386,0.5000000000000001,0.5808002734538009,0.8140460935082178,71.2,117.4
2019-02-06,Haryana,NR,28.45000633,77.01999101,71.2,2019,2,2,37,0,0,17.3,84,70.3,141.8,132.6,69.13042857142857,1.7228678472397796,137.56043333333335,0.9749279121818236,-0.22252093395631434,0.8660254037844386,0.5000000000000001,0.5947266869607634,0.8039279618328213,96.2,104.3
2019-02-07,Haryana,NR,28.45000633,77.01999101,96.2,2019,2,3,38,0,0,15.8,88,71.2,67.67099999999999,132.1,73.206,10.264578494349953,136.36376666666666,0.43388373911755823,-0.900968867902419,0.8660254037844386,0.5000000000000001,0.6084768701151261,0.7935716089521474,105.6,118.9
2019-02-08,Haryana,NR,28.45000633,77.01999101,105.6,2019,2,4,39,0,0,12.3,69,96.2,68.1,121.4,78.56314285714286,15.570145433152785,135.83710000000002,-0.433883739117558,-0.9009688679024191,0.8660254037844386,0.5000000000000001,0.6220467484408675,0.7829801036770629,116.2,125.6
2019-02-09,Haryana,NR,28.45000633,77.01999101,116.2,2019,2,5,40,1,0,12.0,67,105.6,67.67099999999999,148.2,85.49585714285715,20.06669346976548,134.77043333333333,-0.9749279121818236,-0.2225209339563146,0.8660254037844386,0.5000000000000001,0.6354323008901774,0.7721565844991642,119.5,129.1
2019-02-10,Haryana,NR,28.45000633,77.01999101,119.5,2019,2,6,41,1,0,12.0,72,116.2,67.67099999999999,157.0,92.89999999999999,21.874033311973765,133.52043333333333,-0.7818314824680299,0.6234898018587334,0.8660254037844386,0.5000000000000001,0.6486295610349814,0.7611042586607747,122.5,126.4
2019-02-11,Haryana,NR,28.45000633,77.01999101,122.5,2019,2,0,42,0,0,13.7,67,119.5,71.3,145.3,100.21428571428571,22.007379714649502,132.76043333333334,0.0,1.0,0.8660254037844386,0.5000000000000001,0.6616346182422783,0.7498264012045686,117.4,125.1
2019-02-12,Haryana,NR,28.45000633,77.01999101,117.4,2019,2,1,43,0,0,15.2,72,122.5,70.3,151.9,106.94285714285715,18.209508243667514,131.61043333333333,0.7818314824680298,0.6234898018587336,0.8660254037844386,0.5000000000000001,0.6744436188329455,0.7383263540031065,104.3,127.3
2019-02-13,Haryana,NR,28.45000633,77.01999101,104.3,2019,2,2,44,0,0,16.7,71,117.4,71.2,141.4,111.67142857142858,9.681892770478942,130.37376666666665,0.9749279121818236,-0.22252093395631434,0.8660254037844386,0.5000000000000001,0.6870527672236669,0.7266075247685656,118.9,118.2
2019-02-14,Haryana,NR,28.45000633,77.01999101,118.9,2019,2,3,45,0,0,16.9,81,104.3,96.2,143.8,114.91428571428571,7.091174931192066,129.54376666666667,0.43388373911755823,-0.900968867902419,0.8660254037844386,0.5000000000000001,0.699458327051647,0.7146733860429609,125.6,165.3
2019-02-15,Haryana,NR,28.45000633,77.01999101,125.6,2019,2,4,46,0,0,15.7,84,118.9,105.6,142.9,117.77142857142859,6.732932567045801,128.9671,-0.433883739117558,-0.9009688679024191,0.8660254037844386,0.5000000000000001,0.7116566222817746,0.7025274741691571,129.1,173.6
2019-02-16,Haryana,NR,28.45000633,77.01999101,129.1,2019,2,5,47,1,0,14.0,84,125.6,116.2,180.5,119.61428571428571,7.896081005036634,127.25376666666668,-0.9749279121818236,-0.2225209339563146,0.8660254037844386,0.5000000000000001,0.7236440382959124,0.6901733882429719,126.4,179.3
2019-02-17,Haryana,NR,28.45000633,77.01999101,126.4,2019,2,6,48,1,0,14.4,80,129.1,119.5,196.4,120.60000000000001,8.299799194358371,124.92043333333332,-0.7818314824680299,0.6234898018587334,0.8660254037844386,0.5000000000000001,0.7354170229639855,0.6776147890466889,125.1,185.9
2019-02-18,Haryana,NR,28.45000633,77.01999101,125.1,2019,2,0,49,0,0,16.5,71,126.4,122.5,193.9,120.97142857142856,8.455710946990372,122.6271,0.0,1.0,0.8660254037844386,0.5000000000000001,0.7469720876965552,0.6648553979642865,127.3,189.1
2019-02-19,Haryana,NR,28.45000633,77.01999101,127.3,2019,2,1,50,0,0,17.2,72,125.1,117.4,201.8,122.38571428571429,8.585730132304839,120.14376666666665,0.7818314824680298,0.6234898018587336,0.8660254037844386,0.5000000000000001,0.7583058084785624,0.6518989958787126,118.2,188.4
2019-02-20,Haryana,NR,28.45000633,77.01999101,118.2,2019,2,2,51,0,0,17.4,80,127.3,104.3,192.3,124.37142857142858,4.185576139440439,117.67376666666668,0.9749279121818236,-0.22252093395631434,0.8660254037844386,0.5000000000000001,0.7694148268839378,0.6387494220515272,165.3,182.0
2019-02-21,Haryana,NR,28.45000633,77.01999101,165.3,2019,2,3,52,0,0,19.3,77,118.2,118.9,182.9,131.0,15.50677271388236,117.08709999999999,0.43388373911755823,-0.900968867902419,0.8660254037844386,0.5000000000000001,0.7802958510707755,0.6254105729852463,173.6,123.5
2019-02-22,Haryana,NR,28.45000633,77.01999101,173.6,2019,2,4,53,0,0,17.8,72,165.3,125.6,178.2,137.85714285714286,21.981875651155537,116.93376666666667,-0.433883739117558,-0.9009688679024191,0.8660254037844386,0.5000000000000001,0.7909456567567772,0.6118864012687243,179.3,116.3
2019-02-23,Haryana,NR,28.45000633,77.01999101,179.3,2019,2,5,54,1,0,14.9,63,173.6,129.1,150.5,145.02857142857144,26.394552107440468,117.89376666666666,-0.9749279121818236,-0.2225209339563146,0.8660254037844386,0.5000000000000001,0.8013610881746766,0.5981809144059165,185.9,123.1
2019-02-24,Haryana,NR,28.45000633,77.01999101,185.9,2019,2,6,55,1,0,15.2,66,179.3,126.4,154.7,153.52857142857144,28.860972164598422,118.93376666666667,-0.7818314824680299,0.6234898018587334,0.8660254037844386,0.5000000000000001,0.8115390590073611,0.5842981736283684,189.1,124.0
2019-02-25,Haryana,NR,28.45000633,77.01999101,189.1,2019,2,0,56,0,0,15.7,61,185.9,125.1,155.2,162.67142857142858,28.488987011692654,120.06376666666667,0.0,1.0,0.8660254037844386,0.5000000000000001,0.8214765533024142,0.5702422926917871,188.4,125.6
2019-02-26,Haryana,NR,28.45000633,77.01999101,188.4,2019,2,1,57,0,0,15.7,66,189.1,127.3,143.2,171.4,24.99079830657702,121.57043333333334,0.7818314824680298,0.6234898018587336,0.8660254037844386,0.5000000000000001,0.8311706263658079,0.5560174366570446,182.0,124.7
2019-02-27,Haryana,NR,28.45000633,77.01999101,182.0,2019,2,2,58,0,0,13.2,80,188.4,118.2,138.9,180.5142857142857,8.639720013100886,123.00710000000001,0.9749279121818236,-0.22252093395631434,0.8660254037844386,0.5000000000000001,0.8406184056344782,0.5416278206559814,123.5,116.3
2019-02-28,Haryana,NR,28.45000633,77.01999101,123.5,2019,2,3,59,0,0,12.8,70,182.0,165.3,148.6,174.54285714285714,23.156774181137664,122.17043333333335,0.43388373911755823,-0.900968867902419,0.8660254037844386,0.5000000000000001,0.8498170915275278,0.5270777086423722,116.3,186.0
2019-03-02,Haryana,NR,28.45000633,77.01999101,116.3,2019,3,5,61,1,0,15.1,71,123.5,173.6,141.8,166.35714285714286,31.988844781832974,121.32043333333333,-0.9749279121818236,-0.2225209339563146,1.0,6.123233995736766e-17,0.8674563547295969,0.49751328890718066,123.1,204.4
2019-03-03,Haryana,NR,28.45000633,77.01999101,123.1,2019,3,6,62,1,0,15.7,80,116.3,179.3,67.67099999999999,158.32857142857142,35.10027133255609,123.16806666666668,-0.7818314824680299,0.6234898018587334,1.0,6.123233995736766e-17,0.8758917051442429,0.48250774176121847,124.0,217.0
2019-03-04,Haryana,NR,28.45000633,77.01999101,124.0,2019,3,0,63,0,1,16.6,81,123.1,185.9,68.1,149.4857142857143,34.79240475407583,125.0314,0.0,1.0,1.0,6.123233995736766e-17,0.8840675099433636,0.4673592171580022,125.6,214.8
2019-03-05,Haryana,NR,28.45000633,77.01999101,125.6,2019,3,1,64,0,0,15.6,71,124.0,189.1,67.67099999999999,140.4142857142857,30.790335527641965,126.96236666666667,0.7818314824680298,0.6234898018587336,1.0,6.123233995736766e-17,0.8919813464595485,0.45207220393230435,124.7,214.0
2019-03-06,Haryana,NR,28.45000633,77.01999101,124.7,2019,3,2,65,0,0,16.4,63,125.6,188.4,67.67099999999999,131.31428571428572,22.556996591703047,128.86333333333334,0.9749279121818236,-0.22252093395631434,1.0,6.123233995736766e-17,0.8996308696522433,0.43665123195606403,116.3,218.3
2019-03-07,Haryana,NR,28.45000633,77.01999101,116.3,2019,3,3,66,0,0,17.5,59,124.7,182.0,71.3,121.92857142857143,3.9296794974129226,130.36333333333334,0.43388373911755823,-0.900968867902419,1.0,6.123233995736766e-17,0.9070138128026359,0.4211008707960896,186.0,194.6
2019-03-08,Haryana,NR,28.45000633,77.01999101,186.0,2019,3,4,67,0,0,17.9,61,116.3,123.5,70.3,130.85714285714286,24.621457927511077,134.22,-0.433883739117558,-0.9009688679024191,1.0,6.123233995736766e-17,0.9141279881853337,0.40542572835999735,204.4,87.9
2019-03-09,Haryana,NR,28.45000633,77.01999101,204.4,2019,3,5,68,1,0,17.8,66,186.0,116.3,71.2,143.44285714285712,35.88206874112565,138.66,-0.9749279121818236,-0.2225209339563146,1.0,6.123233995736766e-17,0.9209712877166346,0.38963044953078796,217.0,86.6
2019-03-10,Haryana,NR,28.45000633,77.01999101,217.0,2019,3,6,69,1,0,17.5,54,204.4,123.1,96.2,156.85714285714286,43.708041103930384,142.68666666666667,-0.7818314824680299,0.6234898018587334,1.0,6.123233995736766e-17,0.9275416835791966,0.37371971479046906,214.8,93.4
2019-03-11,Haryana,NR,28.45000633,77.01999101,214.8,2019,3,0,70,0,0,20.2,52,217.0,124.0,105.6,169.82857142857142,45.75721124535884,146.32666666666668,0.0,1.0,1.0,6.123233995736766e-17,0.9338372288229252,0.35769823883312546,214.0,102.4
2019-03-12,Haryana,NR,28.45000633,77.01999101,214.0,2019,3,1,71,0,0,19.3,59,214.8,125.6,116.2,182.45714285714283,43.667144672047634,149.58666666666667,0.7818314824680298,0.6234898018587336,1.0,6.123233995736766e-17,0.9398560579418954,0.3415707691678556,218.3,108.4
2019-03-13,Haryana,NR,28.45000633,77.01999101,218.3,2019,3,2,72,0,0,17.6,66,214.0,124.7,119.5,195.82857142857145,36.82882540826407,152.88,0.9749279121818236,-0.22252093395631434,1.0,6.123233995736766e-17,0.9455963874271426,0.3253420847119801,194.6,114.4
2019-03-14,Haryana,NR,28.45000633,77.01999101,194.6,2019,3,3,73,0,0,17.0,73,218.3,116.3,122.5,207.0142857142857,12.510319549800206,155.28333333333333,0.43388373911755823,-0.900968867902419,1.0,6.123233995736766e-17,0.9510565162951535,0.30901699437494745,87.9,112.5
2019-03-15,Haryana,NR,28.45000633,77.01999101,87.9,2019,3,4,74,0,0,17.3,67,194.6,186.0,117.4,193.0,47.10070770876678,154.3,-0.433883739117558,-0.9009688679024191,1.0,6.123233995736766e-17,0.9562348265919056,0.29260033563334836,86.6,114.5
2019-03-16,Haryana,NR,28.45000633,77.01999101,86.6,2019,3,5,75,1,0,17.5,58,87.9,204.4,104.3,176.17142857142858,61.26371177909803,153.71,-0.9749279121818236,-0.2225209339563146,1.0,6.123233995736766e-17,0.9611297838723007,0.27609697309746883,93.4,114.2
2019-03-17,Haryana,NR,28.45000633,77.01999101,93.4,2019,3,6,76,1,0,19.6,50,86.6,217.0,118.9,158.51428571428573,65.21907769386276,152.85999999999999,-0.7818314824680299,0.6234898018587334,1.0,6.123233995736766e-17,0.9657399376548549,0.2595117970697999,102.4,108.2
2019-03-18,Haryana,NR,28.45000633,77.01999101,102.4,2019,3,0,77,0,0,19.9,51,93.4,214.8,125.6,142.45714285714286,62.84514982990228,152.08666666666667,0.0,1.0,1.0,6.123233995736766e-17,0.9700639218515071,0.2428497220959356,108.4,100.3
2019-03-19,Haryana,NR,28.45000633,77.01999101,108.4,2019,3,1,78,0,0,21.6,50,102.4,214.0,129.1,127.37142857142858,54.99323334998337,151.39666666666665,0.7818314824680298,0.6234898018587336,1.0,6.123233995736766e-17,0.9741004551724205,0.22611568550828828,114.4,109.9
2019-03-20,Haryana,NR,28.45000633,77.01999101,114.4,2019,3,2,79,0,0,23.2,46,108.4,218.3,126.4,112.52857142857144,37.64663394805777,150.9966666666667,0.9749279121818236,-0.22252093395631434,1.0,6.123233995736766e-17,0.9778483415056568,0.20931464596304847,112.5,108.5
2019-03-21,Haryana,NR,28.45000633,77.01999101,112.5,2019,3,3,80,0,1,22.3,51,114.4,194.6,125.1,100.8,11.582889679753535,150.57666666666668,0.43388373911755823,-0.900968867902419,1.0,6.123233995736766e-17,0.9813064702716093,0.19245158197082998,114.5,97.7
2019-03-22,Haryana,NR,28.45000633,77.01999101,114.5,2019,3,4,81,0,0,21.3,44,112.5,87.9,127.3,104.60000000000001,10.99378612368556,150.15,-0.433883739117558,-0.9009688679024191,1.0,6.123233995736766e-17,0.9844738167520922,0.1755314904214282,114.2,117.7
2019-03-23,Haryana,NR,28.45000633,77.01999101,114.2,2019,3,5,82,1,0,21.7,41,114.5,86.6,118.2,108.54285714285716,8.0053850923112,150.01666666666668,-0.9749279121818236,-0.2225209339563146,1.0,6.123233995736766e-17,0.9873494423939864,0.15855938510313475,108.2,123.4
2019-03-24,Haryana,NR,28.45000633,77.01999101,108.2,2019,3,6,83,1,0,23.4,48,114.2,93.4,165.3,110.65714285714286,4.546741376289748,148.11333333333332,-0.7818314824680299,0.6234898018587334,1.0,6.123233995736766e-17,0.989932495087353,0.141540295217043,100.3,124.6
2019-03-25,Haryana,NR,28.45000633,77.01999101,100.3,2019,3,0,84,0,0,21.6,62,108.2,102.4,173.6,110.35714285714288,5.2041192475639155,145.67000000000002,0.0,1.0,1.0,6.123233995736766e-17,0.9922222094179323,0.12447926388678915,109.9,126.3
2019-03-26,Haryana,NR,28.45000633,77.01999101,109.9,2019,3,1,85,0,0,21.8,60,100.3,108.4,179.3,110.57142857142857,5.140594740467524,143.35666666666665,0.7818314824680298,0.6234898018587336,1.0,6.123233995736766e-17,0.994217906893952,0.10738134666416309,108.5,129.4
2019-03-27,Haryana,NR,28.45000633,77.01999101,108.5,2019,3,2,86,0,0,23.4,52,109.9,114.4,185.9,109.72857142857143,4.885595932847465,140.77666666666667,0.9749279121818236,-0.22252093395631434,1.0,6.123233995736766e-17,0.995918996147179,0.09025161003104117,97.7,127.6
2019-03-28,Haryana,NR,28.45000633,77.01999101,97.7,2019,3,3,87,0,0,25.7,53,108.5,112.5,189.1,107.61428571428571,6.441125308368353,137.73,0.43388373911755823,-0.900968867902419,1.0,6.123233995736766e-17,0.9973249731081555,0.07309512989807777,117.7,113.9
2019-03-29,Haryana,NR,28.45000633,77.01999101,117.7,2019,3,4,88,0,0,27.0,53,97.7,114.5,188.4,108.07142857142857,7.09194714346648,135.37333333333333,-0.433883739117558,-0.9009688679024191,1.0,6.123233995736766e-17,0.9984354211555643,0.055916990100603484,123.4,117.4
2019-03-30,Haryana,NR,28.45000633,77.01999101,123.4,2019,3,5,89,1,0,26.7,54,117.7,114.2,182.0,109.38571428571427,9.010073727303048,133.42,-0.9749279121818236,-0.2225209339563146,1.0,6.123233995736766e-17,0.9992500112396835,0.03872228089217446,124.6,117.4
2019-03-31,Haryana,NR,28.45000633,77.01999101,124.6,2019,3,6,90,1,0,25.7,43,123.4,108.2,123.5,111.72857142857143,10.635900570820933,133.45666666666665,-0.7818314824680299,0.6234898018587334,1.0,6.123233995736766e-17,0.9997685019798909,0.021516097436222254,126.3,117.2
2019-04-02,Haryana,NR,28.45000633,77.01999101,126.3,2019,4,1,92,0,0,25.5,38,124.6,100.3,116.3,115.44285714285714,10.518849294300141,133.79000000000002,0.7818314824680298,0.6234898018587336,0.8660254037844387,-0.4999999999999998,0.9999166586547379,-0.01291029607500882,129.4,117.2
2019-04-03,Haryana,NR,28.45000633,77.01999101,129.4,2019,4,2,93,0,0,26.0,39,126.3,109.9,123.1,118.22857142857143,11.355133095611684,134.0,0.9749279121818236,-0.22252093395631434,0.8660254037844387,-0.4999999999999998,0.9995462806873573,-0.030120304846908114,127.6,123.7
2019-04-04,Haryana,NR,28.45000633,77.01999101,127.6,2019,4,3,94,0,0,27.9,39,129.4,108.5,124.0,120.95714285714287,10.914036397053046,134.12,0.43388373911755823,-0.900968867902419,0.8660254037844387,-0.4999999999999998,0.9988797155850336,-0.04732138832243185,113.9,111.9
2019-04-05,Haryana,NR,28.45000633,77.01999101,113.9,2019,4,4,95,0,0,29.0,41,127.6,97.7,125.6,123.27142857142857,5.569474626843702,133.73,-0.433883739117558,-0.9009688679024191,0.8660254037844387,-0.4999999999999998,0.9979171608653922,-0.06450844944931623,117.4,95.0
2019-04-06,Haryana,NR,28.45000633,77.01999101,117.4,2019,4,5,96,1,0,29.0,43,113.9,117.7,124.7,123.22857142857143,5.620413474029806,133.48666666666668,-0.9749279121818236,-0.2225209339563146,0.8660254037844387,-0.4999999999999998,0.9966589017541702,-0.08167639533042241,117.4,197.7
2019-04-07,Haryana,NR,28.45000633,77.01999101,117.4,2019,4,6,97,1,0,28.4,50,117.4,123.4,116.3,122.37142857142858,6.032333513579616,133.52333333333334,-0.7818314824680299,0.6234898018587334,0.8660254037844387,-0.4999999999999998,0.9951053111006976,-0.09882013873287143,117.2,209.8
2019-04-08,Haryana,NR,28.45000633,77.01999101,117.2,2019,4,0,98,0,0,27.1,53,117.4,124.6,186.0,121.31428571428572,6.2221187633128725,131.23,0.0,1.0,0.8660254037844387,-0.4999999999999998,0.9932568492674143,-0.11593459959550041,117.2,219.4
2019-04-09,Haryana,NR,28.45000633,77.01999101,117.2,2019,4,1,99,0,0,28.5,45,117.2,126.3,204.4,120.01428571428573,5.9515904236965795,128.32333333333332,0.7818314824680298,0.6234898018587336,0.8660254037844387,-0.4999999999999998,0.9911140639934547,-0.1330147065341959,123.7,219.1
2019-04-10,Haryana,NR,28.45000633,77.01999101,123.7,2019,4,2,100,0,0,29.0,42,117.2,129.4,217.0,119.2,4.714870093651391,125.21333333333334,0.9749279121818236,-0.22252093395631434,0.8660254037844387,-0.4999999999999998,0.9886775902323405,-0.1500553983446526,111.9,219.7
2019-04-11,Haryana,NR,28.45000633,77.01999101,111.9,2019,4,3,101,0,0,29.8,37,123.7,127.6,214.8,116.95714285714284,3.6719010257447757,121.78333333333333,0.43388373911755823,-0.900968867902419,0.8660254037844387,-0.4999999999999998,0.9859481499638304,-0.16705162550211924,95.0,219.832
2019-04-12,Haryana,NR,28.45000633,77.01999101,95.0,2019,4,4,102,0,0,29.3,36,111.9,113.9,214.0,114.25714285714285,9.152751342785715,117.81666666666666,-0.433883739117558,-0.9009688679024191,0.8660254037844387,-0.4999999999999998,0.9829265519799822,-0.18399835165768005,197.7,211.8
2019-04-13,Haryana,NR,28.45000633,77.01999101,197.7,2019,4,5,103,1,1,29.7,38,95.0,117.4,218.3,125.72857142857143,33.00079364125033,117.13000000000001,-0.9749279121818236,-0.2225209339563146,0.8660254037844387,-0.4999999999999998,0.9796136916454901,-0.20089055513063506,209.8,120.5
2019-04-14,Haryana,NR,28.45000633,77.01999101,209.8,2019,4,6,104,1,1,30.2,35,197.7,117.4,194.6,138.92857142857142,45.3013507630003,117.63666666666667,-0.7818314824680299,0.6234898018587334,0.8660254037844387,-0.4999999999999998,0.9760105506323683,-0.21772323039653177,219.4,124.7
2019-04-15,Haryana,NR,28.45000633,77.01999101,219.4,2019,4,0,105,0,0,30.6,32,209.8,117.2,87.9,153.52857142857144,52.9538703113605,122.02,0.0,1.0,0.8660254037844387,-0.4999999999999998,0.9721181966290613,-0.23449138957040985,219.1,124.8
2019-04-16,Haryana,NR,28.45000633,77.01999101,219.1,2019,4,1,106,0,0,26.1,51,219.4,117.2,86.6,168.08571428571426,55.25870756636248,126.43666666666667,0.7818314824680298,0.6234898018587336,0.8660254037844387,-0.4999999999999998,0.9679377830240642,-0.25119006388481935,219.7,123.0
2019-04-17,Haryana,NR,28.45000633,77.01999101,219.7,2019,4,2,107,0,1,21.6,74,219.1,123.7,93.4,181.79999999999998,54.3116316578073,130.64666666666668,0.9749279121818236,-0.22252093395631434,0.8660254037844387,-0.4999999999999998,0.9634705485641488,-0.2678143051621742,219.832,123.0
2019-04-18,Haryana,NR,28.45000633,77.01999101,219.832,2019,4,3,108,0,0,22.5,66,219.7,111.9,102.4,197.21885714285716,45.81621789799101,134.56106666666668,0.43388373911755823,-0.900968867902419,0.8660254037844387,-0.4999999999999998,0.9587178169872964,-0.2843591872810034,211.8,108.0
2019-04-19,Haryana,NR,28.45000633,77.01999101,211.8,2019,4,4,109,0,1,23.9,55,219.832,95.0,108.4,213.90457142857144,8.26416438318964,138.00773333333333,-0.433883739117558,-0.9009688679024191,0.8660254037844387,-0.4999999999999998,0.9536809966304457,-0.30081980763566735,120.5,94.5
2019-04-20,Haryana,NR,28.45000633,77.01999101,120.5,2019,4,5,110,1,0,25.7,49,211.8,197.7,114.4,202.876,36.56090487574581,138.21106666666668,-0.9749279121818236,-0.2225209339563146,0.8660254037844387,-0.4999999999999998,0.9483615800121715,-0.3171912885891061,124.7,125.5
2019-04-21,Haryana,NR,28.45000633,77.01999101,124.7,2019,4,6,111,1,0,27.9,42,120.5,209.8,112.5,190.71885714285716,46.63541382336167,138.61773333333335,-0.7818314824680299,0.6234898018587334,0.8660254037844387,-0.4999999999999998,0.9427611433904207,-0.3334687789181868,124.8,131.1
2019-04-22,Haryana,NR,28.45000633,77.01999101,124.8,2019,4,0,112,0,0,29.8,39,124.7,219.4,114.5,177.20457142857143,50.48664390660548,138.96106666666668,0.0,1.0,0.8660254037844387,-0.4999999999999998,0.9368813462954315,-0.3496474552512284,123.0,132.1
2019-04-23,Haryana,NR,28.45000633,77.01999101,123.0,2019,4,1,113,0,0,31.8,35,124.8,219.1,114.2,163.47600000000003,50.260985850524975,139.25439999999998,0.7818314824680298,0.6234898018587336,0.8660254037844387,-0.4999999999999998,0.9307239310379795,-0.36572252349726897,123.0,134.5
2019-04-24,Haryana,NR,28.45000633,77.01999101,123.0,2019,4,2,114,0,0,32.5,34,123.0,219.7,108.2,149.66171428571428,45.2738466877376,139.74773333333331,0.9749279121818236,-0.22252093395631434,0.8660254037844387,-0.4999999999999998,0.9242907221930933,-0.3816892202666588,108.0,133.6
2019-04-25,Haryana,NR,28.45000633,77.01999101,108.0,2019,4,3,115,0,0,33.0,35,123.0,219.832,100.3,133.68571428571428,34.93691593770269,140.00439999999998,0.43388373911755823,-0.900968867902419,0.8660254037844387,-0.4999999999999998,0.9175836260593937,-0.39754281428255595,94.5,133.0
2019-04-26,Haryana,NR,28.45000633,77.01999101,94.5,2019,4,4,116,0,0,32.6,33,108.0,211.8,109.9,116.92857142857143,11.486182174786892,139.49106666666665,-0.433883739117558,-0.9009688679024191,0.8660254037844387,-0.4999999999999998,0.9106046300942162,-0.4132786077829042,125.5,124.6
2019-04-27,Haryana,NR,28.45000633,77.01999101,125.5,2019,4,5,117,1,0,32.7,24,94.5,120.5,108.5,117.64285714285714,11.893535659180646,140.05773333333335,-0.9749279121818236,-0.2225209339563146,0.8660254037844387,-0.4999999999999998,0.9033558023246845,-0.4288919379124835,131.1,179.6
2019-04-28,Haryana,NR,28.45000633,77.01999101,131.1,2019,4,6,118,1,0,32.6,21,125.5,124.7,97.7,118.55714285714285,12.742168463133272,141.1710666666667,-0.7818314824680299,0.6234898018587334,0.8660254037844387,-0.4999999999999998,0.895839290734909,-0.4443781781046132,132.1,186.1
2019-04-29,Haryana,NR,28.45000633,77.01999101,132.1,2019,4,0,119,0,0,32.5,21,131.1,124.8,117.7,119.6,13.607595917967197,141.65106666666665,0.0,1.0,0.8660254037844387,-0.4999999999999998,0.8880573226294932,-0.45973273945210397,134.5,185.6
2019-04-30,Haryana,NR,28.45000633,77.01999101,134.5,2019,4,1,120,0,0,33.7,20,132.1,123.0,123.4,121.24285714285715,14.734071302354547,142.02106666666666,0.7818314824680298,0.6234898018587336,0.8660254037844387,-0.4999999999999998,0.8800122039735357,-0.47495107206704995,133.6,184.2
2019-05-02,Haryana,NR,28.45000633,77.01999101,133.6,2019,5,3,122,0,0,31.2,34,134.5,123.0,124.6,122.75714285714287,15.471032840210366,142.32106666666667,0.43388373911755823,-0.900968867902419,0.49999999999999994,-0.8660254037844387,0.8631421280499114,-0.5049610547215204,133.0,179.5
2019-05-03,Haryana,NR,28.45000633,77.01999101,133.0,2019,5,4,123,0,0,30.5,34,133.6,108.0,126.3,126.32857142857142,14.340933754549981,142.54440000000002,-0.433883739117558,-0.9009688679024191,0.49999999999999994,-0.8660254037844387,0.854322169749827,-0.5197438121555155,124.6,169.3
2019-05-04,Haryana,NR,28.45000633,77.01999101,124.6,2019,5,5,124,1,0,30.3,26,133.0,94.5,129.4,130.6285714285714,3.9680869806146952,142.3844,-0.9749279121818236,-0.2225209339563146,0.49999999999999994,-0.8660254037844387,0.8452490573530633,-0.5343725582809786,179.6,143.0
2019-05-05,Haryana,NR,28.45000633,77.01999101,179.6,2019,5,6,125,1,0,30.4,21,124.6,125.5,127.6,138.35714285714283,18.476368433114754,144.11773333333335,-0.7818314824680299,0.6234898018587334,0.49999999999999994,-0.8660254037844387,0.8359254794186372,-0.548842958284719,186.1,194.3
2019-05-06,Haryana,NR,28.45000633,77.01999101,186.1,2019,5,0,126,0,0,31.0,22,179.6,131.1,113.9,146.21428571428572,25.30753699140706,146.52439999999999,0.0,1.0,0.49999999999999994,-0.8660254037844387,0.8263541987239096,-0.5631507242749186,185.6,211.3
2019-05-07,Haryana,NR,28.45000633,77.01999101,185.6,2019,5,1,127,0,0,31.6,22,186.1,132.1,117.4,153.85714285714286,28.24286677746314,148.79773333333333,0.7818314824680298,0.6234898018587336,0.49999999999999994,-0.8660254037844387,0.8165380514459161,-0.5772916165517272,184.2,208.1
2019-05-08,Haryana,NR,28.45000633,77.01999101,184.2,2019,5,2,128,0,0,32.8,20,185.6,134.5,117.4,160.95714285714286,28.807051054840674,151.02439999999999,0.9749279121818236,-0.22252093395631434,0.49999999999999994,-0.8660254037844387,0.8064799463209448,-0.5912614448635781,179.5,183.2
2019-05-09,Haryana,NR,28.45000633,77.01999101,179.5,2019,5,3,129,0,0,33.6,21,184.2,133.6,117.2,167.5142857142857,26.68810150431776,153.10106666666667,0.43388373911755823,-0.900968867902419,0.49999999999999994,-0.8660254037844387,0.7961828637826158,-0.6050560696488488,169.3,177.2
2019-05-10,Haryana,NR,28.45000633,77.01999101,169.3,2019,5,4,130,0,0,34.0,21,179.5,133.0,117.2,172.7,21.97437902042601,154.83773333333332,-0.433883739117558,-0.9009688679024191,0.49999999999999994,-0.8660254037844387,0.7856498550787147,-0.6186714032625031,143.0,157.8
2019-05-11,Haryana,NR,28.45000633,77.01999101,143.0,2019,5,5,131,1,0,31.4,32,169.3,124.6,123.7,175.32857142857142,15.369636114291039,155.48106666666666,-0.9749279121818236,-0.2225209339563146,0.49999999999999994,-0.8660254037844387,0.7748840413670407,-0.6321034111873487,194.3,153.9
2019-05-12,Haryana,NR,28.45000633,77.01999101,194.3,2019,5,6,132,1,0,31.1,32,143.0,179.6,111.9,177.42857142857142,16.971320345975418,158.2277333333333,-0.7818314824680299,0.6234898018587334,0.49999999999999994,-0.8660254037844387,0.7638886127905428,-0.6453481132295501,211.3,128.2
2019-05-13,Haryana,NR,28.45000633,77.01999101,211.3,2019,5,0,133,0,0,31.9,30,194.3,186.1,95.0,181.02857142857144,21.250546211467576,162.1044,0.0,1.0,0.49999999999999994,-0.8660254037844387,0.7526668275320085,-0.6584015846980488,208.1,138.6
2019-05-14,Haryana,NR,28.45000633,77.01999101,208.1,2019,5,1,134,0,0,29.6,44,211.3,185.6,197.7,184.24285714285716,23.62610541631569,162.45106666666666,0.7818314824680298,0.6234898018587336,0.49999999999999994,-0.8660254037844387,0.7412220108485958,-0.6712599575675313,183.2,141.7
2019-05-15,Haryana,NR,28.45000633,77.01999101,183.2,2019,5,2,135,0,0,30.0,45,208.1,184.2,209.8,184.1,23.62943080143922,161.5644,0.9749279121818236,-0.22252093395631434,0.49999999999999994,-0.8660254037844387,0.7295575540864875,-0.6839194216246106,177.2,144.5
2019-05-16,Haryana,NR,28.45000633,77.01999101,177.2,2019,5,3,136,0,0,29.7,47,183.2,179.5,219.4,183.77142857142857,23.719873122603026,160.15773333333334,0.43388373911755823,-0.900968867902419,0.49999999999999994,-0.8660254037844387,0.717676913675962,-0.6963762255968722,157.8,146.7
2019-05-17,Haryana,NR,28.45000633,77.01999101,157.8,2019,5,4,137,0,0,27.9,59,177.2,169.3,219.1,182.12857142857143,25.23884006088735,158.1144,-0.433883739117558,-0.9009688679024191,0.49999999999999994,-0.8660254037844387,0.705583610107178,-0.7086266782644596,153.9,143.3
2019-05-18,Haryana,NR,28.45000633,77.01999101,153.9,2019,5,5,138,1,1,27.3,60,157.8,143.0,219.7,183.6857142857143,22.623102393455373,155.92106666666666,-0.9749279121818236,-0.2225209339563146,0.49999999999999994,-0.8660254037844387,0.6932812268869777,-0.7206671495538609,128.2,132.9
2019-05-19,Haryana,NR,28.45000633,77.01999101,128.2,2019,5,6,139,1,0,29.9,43,153.9,194.3,219.832,174.2428571428571,30.035138151996733,152.86666666666665,-0.7818314824680299,0.6234898018587334,0.49999999999999994,-0.8660254037844387,0.6807734094770161,-0.7324940716135789,138.6,93.0
2019-05-20,Haryana,NR,28.45000633,77.01999101,138.6,2019,5,0,140,0,0,31.8,35,128.2,211.3,211.8,163.85714285714286,27.552365726791315,150.42666666666668,0.0,1.0,0.49999999999999994,-0.8660254037844387,0.6680638642135335,-0.7441039398713607,141.7,92.0
2019-05-21,Haryana,NR,28.45000633,77.01999101,141.7,2019,5,1,141,0,0,32.1,34,138.6,208.1,120.5,154.37142857142857,20.24209428276605,151.13333333333333,0.7818314824680298,0.6234898018587336,0.49999999999999994,-0.8660254037844387,0.6551563572090853,-0.7554933140726803,144.5,85.9
2019-05-22,Haryana,NR,28.45000633,77.01999101,144.5,2019,5,2,142,0,0,32.2,38,141.7,183.2,124.7,148.84285714285716,15.868507296199398,151.79333333333332,0.9749279121818236,-0.22252093395631434,0.49999999999999994,-0.8660254037844387,0.6420547132365637,-0.766658819300159,146.7,76.7
2019-05-23,Haryana,NR,28.45000633,77.01999101,146.7,2019,5,3,143,0,0,32.5,41,144.5,177.2,124.8,144.48571428571427,9.818592664163852,152.52333333333334,0.43388373911755823,-0.900968867902419,0.49999999999999994,-0.8660254037844387,0.6287628145958344,-0.7775971469736269,143.3,74.7
2019-05-24,Haryana,NR,28.45000633,77.01999101,143.3,2019,5,4,144,0,0,30.5,47,146.7,157.8,123.0,142.4142857142857,7.879599941501204,153.2,-0.433883739117558,-0.9009688679024191,0.49999999999999994,-0.8660254037844387,0.6152845999633276,-0.7883050558305255,132.9,67.67099999999999
2019-05-25,Haryana,NR,28.45000633,77.01999101,132.9,2019,5,5,145,1,0,30.7,41,143.3,153.9,123.0,139.4142857142857,6.684915499698264,153.53000000000003,-0.9749279121818236,-0.2225209339563146,0.49999999999999994,-0.8660254037844387,0.6016240632249226,-0.7987793728863649,93.0,67.67099999999999
2019-05-26,Haryana,NR,28.45000633,77.01999101,93.0,2019,5,6,146,1,0,31.1,37,132.9,128.2,108.0,134.38571428571427,18.795604856050076,153.03000000000003,-0.7818314824680299,0.6234898018587334,0.49999999999999994,-0.8660254037844387,0.5877852522924732,-0.8090169943749473,92.0,125.5
2019-05-27,Haryana,NR,28.45000633,77.01999101,92.0,2019,5,0,147,0,0,32.8,30,93.0,138.6,94.5,127.72857142857141,24.454768743247733,152.9466666666667,0.0,1.0,0.49999999999999994,-0.8660254037844387,0.5737722679043246,-0.8190148866680801,85.9,132.4
2019-05-28,Haryana,NR,28.45000633,77.01999101,85.9,2019,5,1,148,0,0,32.9,23,92.0,141.7,125.5,119.75714285714285,27.98165215177385,151.62666666666667,0.7818314824680298,0.6234898018587336,0.49999999999999994,-0.8660254037844387,0.5595892624101765,-0.8287700871745038,76.7,137.0
2019-05-29,Haryana,NR,28.45000633,77.01999101,76.7,2019,5,2,149,0,0,33.9,24,85.9,144.5,131.1,110.07142857142857,29.672811027702252,149.81333333333333,0.9749279121818236,-0.22252093395631434,0.49999999999999994,-0.8660254037844387,0.545240438540651,-0.8382797052177744,74.7,137.9
2019-05-30,Haryana,NR,28.45000633,77.01999101,74.7,2019,5,3,150,0,0,35.1,24,76.7,146.7,132.1,99.78571428571429,27.2389689337068,147.89999999999998,0.43388373911755823,-0.900968867902419,0.49999999999999994,-0.8660254037844387,0.5307300481619334,-0.8475409228928311,67.67099999999999,134.7
2019-05-31,Haryana,NR,28.45000633,77.01999101,67.67099999999999,2019,5,4,151,0,0,36.0,21,74.7,143.3,134.5,88.98157142857143,21.49621619306673,145.67236666666668,-0.433883739117558,-0.9009688679024191,0.49999999999999994,-0.8660254037844387,0.5160623910158528,-0.8565509959010036,67.67099999999999,124.8
2019-06-02,Haryana,NR,28.45000633,77.01999101,67.67099999999999,2019,6,6,153,1,0,35.6,38,67.67099999999999,132.9,133.6,79.66314285714286,10.723837721459978,143.47473333333335,-0.7818314824680299,0.6234898018587334,1.2246467991473532e-16,-1.0,0.48627270710868997,-0.8738071036110808,125.5,104.3
2019-06-03,Haryana,NR,28.45000633,77.01999101,125.5,2019,6,0,154,0,0,35.0,44,67.67099999999999,93.0,133.0,84.30600000000001,20.257743498886637,143.22473333333335,0.0,1.0,1.2246467991473532e-16,-1.0,0.4711595076738638,-0.8820480249558537,132.4,115.2
2019-06-04,Haryana,NR,28.45000633,77.01999101,132.4,2019,6,1,155,0,0,35.0,41,125.5,92.0,124.6,90.07742857142857,27.33412554455934,143.4847333333333,0.7818314824680298,0.6234898018587336,1.2246467991473532e-16,-1.0,0.4559066935084588,-0.8900275764346767,137.0,97.9
2019-06-05,Haryana,NR,28.45000633,77.01999101,137.0,2019,6,2,156,0,1,35.6,39,132.4,85.9,179.6,97.37742857142858,32.388715410654946,142.06473333333332,0.9749279121818236,-0.22252093395631434,1.2246467991473532e-16,-1.0,0.440518784350495,-0.8977433935342337,137.9,118.9
2019-06-06,Haryana,NR,28.45000633,77.01999101,137.9,2019,6,3,157,0,0,35.3,35,137.0,76.7,186.1,106.12028571428571,34.09211346100607,140.45806666666667,0.43388373911755823,-0.900968867902419,1.2246467991473532e-16,-1.0,0.42500033996955416,-0.9051931898913974,134.7,118.3
2019-06-07,Haryana,NR,28.45000633,77.01999101,134.7,2019,6,4,158,0,0,34.0,41,137.9,74.7,185.6,114.69171428571428,32.37517876766259,138.76139999999998,-0.433883739117558,-0.9009688679024191,1.2246467991473532e-16,-1.0,0.4093559588156213,-0.9123747579707273,124.8,113.7
2019-06-08,Haryana,NR,28.45000633,77.01999101,124.8,2019,6,5,159,1,0,35.1,34,134.7,67.67099999999999,184.2,122.853,24.879365539874232,136.7814,-0.9749279121818236,-0.2225209339563146,1.2246467991473532e-16,-1.0,0.39359027665646673,-0.9192859697186104,104.3,107.2
2019-06-09,Haryana,NR,28.45000633,77.01999101,104.3,2019,6,6,160,1,0,36.2,25,124.8,67.67099999999999,179.5,128.08571428571426,11.700345945232108,134.27473333333333,-0.7818314824680299,0.6234898018587334,1.2246467991473532e-16,-1.0,0.3777079652039649,-0.9259247771938498,115.2,103.7
2019-06-10,Haryana,NR,28.45000633,77.01999101,115.2,2019,6,0,161,0,0,36.9,23,104.3,125.5,169.3,126.61428571428571,12.68587515985566,132.4714,0.0,1.0,1.2246467991473532e-16,-1.0,0.36171373072976765,-0.9322892131745133,97.9,158.0
2019-06-11,Haryana,NR,28.45000633,77.01999101,97.9,2019,6,1,162,0,0,37.0,24,115.2,132.4,143.0,121.68571428571428,16.261347686198807,130.96806666666666,0.7818314824680298,0.6234898018587336,1.2246467991473532e-16,-1.0,0.3456123126707335,-0.9383773917408641,118.9,167.3
2019-06-12,Haryana,NR,28.45000633,77.01999101,118.9,2019,6,2,163,0,0,34.9,41,97.9,137.0,194.3,119.10000000000001,14.79312903569362,128.45473333333334,0.9749279121818236,-0.22252093395631434,1.2246467991473532e-16,-1.0,0.3294084822245304,-0.9441875088341993,118.3,171.5
2019-06-13,Haryana,NR,28.45000633,77.01999101,118.3,2019,6,3,164,0,0,35.2,38,118.9,137.9,211.3,116.3,12.283729075489054,125.35473333333333,0.43388373911755823,-0.900968867902419,1.2246467991473532e-16,-1.0,0.3131070409358269,-0.9497178427914316,113.7,164.4
2019-06-14,Haryana,NR,28.45000633,77.01999101,113.7,2019,6,4,165,0,0,35.6,31,118.3,134.7,208.1,113.3,9.224424101265917,122.20806666666667,-0.433883739117558,-0.9009688679024191,1.2246467991473532e-16,-1.0,0.29671281927349075,-0.9549667548552551,107.2,147.7
2019-06-15,Haryana,NR,28.45000633,77.01999101,107.2,2019,6,5,166,1,0,36.3,25,113.7,124.8,183.2,110.78571428571429,7.866051226935767,119.67473333333332,-0.9749279121818236,-0.2225209339563146,1.2246467991473532e-16,-1.0,0.28023067519921585,-0.9599326896597447,103.7,156.0
2019-06-16,Haryana,NR,28.45000633,77.01999101,103.7,2019,6,6,167,1,0,33.4,44,107.2,104.3,177.2,110.70000000000002,7.951310164579741,117.22473333333333,-0.7818314824680299,0.6234898018587334,1.2246467991473532e-16,-1.0,0.26366549272800704,-0.9646141756912435,158.0,151.0
2019-06-17,Haryana,NR,28.45000633,77.01999101,158.0,2019,6,0,168,0,0,33.1,48,103.7,115.2,157.8,116.81428571428572,19.725992038545915,117.2314,0.0,1.0,1.2246467991473532e-16,-1.0,0.24702218048093552,-0.9690098257244062,167.3,126.4
2019-06-18,Haryana,NR,28.45000633,77.01999101,167.3,2019,6,1,169,0,0,30.2,58,158.0,97.9,153.9,126.72857142857144,25.290625027581424,117.67806666666665,0.7818314824680298,0.6234898018587336,1.2246467991473532e-16,-1.0,0.23030567023061221,-0.9731183372332619,171.5,129.6
2019-06-19,Haryana,NR,28.45000633,77.01999101,171.5,2019,6,2,170,0,0,30.3,56,167.3,118.9,128.2,134.24285714285716,29.960076609985542,119.1214,0.9749279121818236,-0.22252093395631434,1.2246467991473532e-16,-1.0,0.21352091543979612,-0.9769384927771817,164.4,130.3
2019-06-20,Haryana,NR,28.45000633,77.01999101,164.4,2019,6,3,171,0,0,31.1,50,171.5,118.3,138.6,140.82857142857145,30.922791717745326,119.9814,0.43388373911755823,-0.900968867902419,1.2246467991473532e-16,-1.0,0.19667288979357647,-0.980469160361632,147.7,129.6
2019-06-21,Haryana,NR,28.45000633,77.01999101,147.7,2019,6,4,172,0,0,32.4,52,164.4,113.7,141.7,145.68571428571428,28.529016139796553,120.18140000000001,-0.433883739117558,-0.9009688679024191,1.2246467991473532e-16,-1.0,0.1797665857255624,-0.9837092937736097,156.0,131.6
2019-06-22,Haryana,NR,28.45000633,77.01999101,156.0,2019,6,5,173,1,0,33.6,44,147.7,107.2,144.5,152.65714285714287,22.97990840878614,120.56473333333334,-0.9749279121818236,-0.2225209339563146,1.2246467991473532e-16,-1.0,0.16280701293851715,-0.986657932891657,151.0,130.9
2019-06-23,Haryana,NR,28.45000633,77.01999101,151.0,2019,6,6,174,1,0,33.8,49,156.0,103.7,146.7,159.41428571428574,8.706210153568781,120.70806666666667,-0.7818314824680299,0.6234898018587334,1.2246467991473532e-16,-1.0,0.1457991969198751,-0.9893142039703663,126.4,116.7
2019-06-24,Haryana,NR,28.45000633,77.01999101,126.4,2019,6,0,175,0,0,31.5,60,151.0,158.0,143.3,154.9,15.27568874606563,120.14473333333332,0.0,1.0,1.2246467991473532e-16,-1.0,0.12874817745258132,-0.99167731989929,129.6,157.5
2019-06-25,Haryana,NR,28.45000633,77.01999101,129.6,2019,6,1,176,0,0,32.3,62,126.4,167.3,132.9,149.51428571428573,16.74996801702734,120.03473333333335,0.7818314824680298,0.6234898018587336,1.2246467991473532e-16,-1.0,0.11165900712169512,-0.993746580436178,130.3,176.4
2019-06-26,Haryana,NR,28.45000633,77.01999101,130.3,2019,6,2,177,0,0,34.2,50,129.6,171.5,93.0,143.62857142857143,14.869960130603072,121.27806666666667,0.9749279121818236,-0.22252093395631434,1.2246467991473532e-16,-1.0,0.09453674981719912,-0.9955213724144752,129.6,187.7
2019-06-27,Haryana,NR,28.45000633,77.01999101,129.6,2019,6,3,178,0,0,34.3,41,130.3,164.4,92.0,138.65714285714284,12.376302240284382,122.5314,0.43388373911755823,-0.900968867902419,1.2246467991473532e-16,-1.0,0.07738647923346301,-0.9970011699250151,131.6,189.8
2019-06-28,Haryana,NR,28.45000633,77.01999101,131.6,2019,6,4,179,0,0,35.0,40,129.6,147.7,85.9,136.35714285714286,11.902640763413325,124.05473333333335,-0.433883739117558,-0.9009688679024191,1.2246467991473532e-16,-1.0,0.06021327736579302,-0.9981855344718586,130.9,200.7
2019-06-29,Haryana,NR,28.45000633,77.01999101,130.9,2019,6,5,180,1,0,35.5,39,131.6,156.0,76.7,132.77142857142857,8.205427936375989,125.86139999999999,-0.9749279121818236,-0.2225209339563146,1.2246467991473532e-16,-1.0,0.04302223300453059,-0.99907411510223,116.7,195.7
2019-06-30,Haryana,NR,28.45000633,77.01999101,116.7,2019,6,6,181,1,0,36.2,37,130.9,151.0,74.7,127.87142857142858,5.194777597330503,127.26140000000001,-0.7818314824680299,0.6234898018587334,1.2246467991473532e-16,-1.0,0.02581844022713308,-0.9996666485105112,157.5,175.1
2019-07-01,Haryana,NR,28.45000633,77.01999101,157.5,2019,7,0,182,0,0,35.2,42,116.7,126.4,67.67099999999999,132.31428571428572,12.243560017608191,130.25570000000002,0.0,1.0,-0.4999999999999997,-0.8660254037844388,0.008606996888688698,-0.9999629591162655,176.4,86.35
2019-07-02,Haryana,NR,28.45000633,77.01999101,176.4,2019,7,1,183,0,0,35.1,45,157.5,129.6,67.67099999999999,139.0,20.504958749857177,133.88,0.7818314824680298,0.6234898018587336,-0.4999999999999997,-0.8660254037844388,-0.008606996888688009,-0.9999629591162655,187.7,87.05000000000001
2019-07-03,Haryana,NR,28.45000633,77.01999101,187.7,2019,7,2,184,0,0,33.5,56,176.4,130.3,125.5,147.2,26.91975730450301,135.95333333333332,0.9749279121818236,-0.22252093395631434,-0.4999999999999997,-0.8660254037844388,-0.02581844022713239,-0.9996666485105112,189.8,93.3
2019-07-04,Haryana,NR,28.45000633,77.01999101,189.8,2019,7,3,185,0,0,33.1,58,187.7,129.6,132.4,155.8,29.81979208512374,137.86666666666667,0.43388373911755823,-0.900968867902419,-0.4999999999999997,-0.8660254037844388,-0.04302223300453034,-0.99907411510223,200.7,104.0
2019-07-05,Haryana,NR,28.45000633,77.01999101,200.7,2019,7,4,186,0,0,30.7,72,189.8,131.6,137.0,165.67142857142858,31.842252552529224,139.98999999999998,-0.433883739117558,-0.9009688679024191,-0.4999999999999997,-0.8660254037844388,-0.060213277365792774,-0.9981855344718586,195.7,114.8
2019-07-06,Haryana,NR,28.45000633,77.01999101,195.7,2019,7,5,187,1,0,30.6,71,200.7,130.9,137.9,174.92857142857142,29.372249617948093,141.91666666666666,-0.9749279121818236,-0.2225209339563146,-0.4999999999999997,-0.8660254037844388,-0.07738647923346322,-0.9970011699250151,175.1,116.7
2019-07-07,Haryana,NR,28.45000633,77.01999101,175.1,2019,7,6,188,1,0,31.3,67,195.7,116.7,134.7,183.27142857142854,14.711754289877078,143.26333333333335,-0.7818314824680299,0.6234898018587334,-0.4999999999999997,-0.8660254037844388,-0.09453674981719933,-0.9955213724144752,86.35,116.3
2019-07-08,Haryana,NR,28.45000633,77.01999101,86.35,2019,7,0,189,0,0,31.9,67,175.1,157.5,124.8,173.10714285714286,39.38066814833807,141.98166666666665,0.0,1.0,-0.4999999999999997,-0.8660254037844388,-0.11165900712169444,-0.9937465804361781,87.05000000000001,114.6
2019-07-09,Haryana,NR,28.45000633,77.01999101,87.05000000000001,2019,7,1,190,0,0,30.5,73,86.35,176.4,104.3,160.34285714285716,50.92399916028,141.40666666666667,0.7818314824680298,0.6234898018587336,-0.4999999999999997,-0.8660254037844388,-0.12874817745258066,-0.99167731989929,93.3,105.6
2019-07-10,Haryana,NR,28.45000633,77.01999101,93.3,2019,7,2,191,0,0,31.5,71,87.05000000000001,187.7,115.2,146.85714285714286,54.822139905420826,140.67666666666668,0.9749279121818236,-0.22252093395631434,-0.4999999999999997,-0.8660254037844388,-0.14579919691987442,-0.9893142039703664,104.0,123.4
2019-07-11,Haryana,NR,28.45000633,77.01999101,104.0,2019,7,3,192,0,0,33.5,55,93.3,189.8,97.9,134.6,53.18800773357355,140.88,0.43388373911755823,-0.900968867902419,-0.4999999999999997,-0.8660254037844388,-0.16280701293851646,-0.9866579328916572,114.8,127.0
2019-07-12,Haryana,NR,28.45000633,77.01999101,114.8,2019,7,4,193,0,0,33.9,48,104.0,200.7,118.9,122.32857142857142,44.6140846327599,140.74333333333334,-0.433883739117558,-0.9009688679024191,-0.4999999999999997,-0.8660254037844388,-0.17976658572556214,-0.9837092937736098,116.7,121.7
2019-07-13,Haryana,NR,28.45000633,77.01999101,116.7,2019,7,5,194,1,0,34.3,45,114.8,195.7,118.3,111.04285714285716,30.820020935687374,140.69,-0.9749279121818236,-0.2225209339563146,-0.4999999999999997,-0.8660254037844388,-0.19667288979357622,-0.9804691603616321,116.3,98.4
2019-07-14,Haryana,NR,28.45000633,77.01999101,116.3,2019,7,6,195,1,0,33.1,49,116.7,175.1,113.7,102.64285714285714,13.7212860357989,140.77666666666667,-0.7818314824680299,0.6234898018587334,-0.4999999999999997,-0.8660254037844388,-0.2135209154397959,-0.9769384927771817,114.6,109.1
2019-07-15,Haryana,NR,28.45000633,77.01999101,114.6,2019,7,0,196,0,0,30.0,70,116.3,86.35,107.2,106.67857142857143,12.200746464283762,141.02333333333334,0.0,1.0,-0.4999999999999997,-0.8660254037844388,-0.23030567023061196,-0.973118337233262,105.6,114.1
2019-07-16,Haryana,NR,28.45000633,77.01999101,105.6,2019,7,1,197,0,0,27.2,86,114.6,87.05000000000001,103.7,109.32857142857142,8.754753810686637,141.08666666666667,0.7818314824680298,0.6234898018587336,-0.4999999999999997,-0.8660254037844388,-0.24702218048093527,-0.9690098257244063,123.4,113.6
2019-07-17,Haryana,NR,28.45000633,77.01999101,123.4,2019,7,2,198,0,0,27.6,83,105.6,93.3,158.0,113.62857142857142,6.727236749641803,139.93333333333334,0.9749279121818236,-0.22252093395631434,-0.4999999999999997,-0.8660254037844388,-0.2636654927280072,-0.9646141756912435,127.0,115.0
2019-07-18,Haryana,NR,28.45000633,77.01999101,127.0,2019,7,3,199,0,0,27.9,80,123.4,104.0,167.3,116.91428571428571,6.8562449808996275,138.59,0.43388373911755823,-0.900968867902419,-0.4999999999999997,-0.8660254037844388,-0.2802306751992161,-0.9599326896597445,121.7,116.6
2019-07-19,Haryana,NR,28.45000633,77.01999101,121.7,2019,7,4,200,0,0,29.4,77,127.0,114.8,171.5,117.89999999999999,6.996189439021967,136.93,-0.433883739117558,-0.9009688679024191,-0.4999999999999997,-0.8660254037844388,-0.2967128192734901,-0.9549667548552553,98.4,116.2
2019-07-20,Haryana,NR,28.45000633,77.01999101,98.4,2019,7,5,201,1,0,29.9,80,121.7,116.7,164.4,115.28571428571429,10.203337455857847,134.73,-0.9749279121818236,-0.2225209339563146,-0.4999999999999997,-0.8660254037844388,-0.3131070409358267,-0.9497178427914317,109.1,113.4
2019-07-21,Haryana,NR,28.45000633,77.01999101,109.1,2019,7,6,202,1,0,29.9,79,98.4,116.3,147.7,114.25714285714285,10.444114314270047,133.44333333333333,-0.7818314824680299,0.6234898018587334,-0.4999999999999997,-0.8660254037844388,-0.3294084822245302,-0.9441875088341994,114.1,118.2
2019-07-22,Haryana,NR,28.45000633,77.01999101,114.1,2019,7,0,203,0,0,30.7,78,109.1,114.6,156.0,114.18571428571428,10.44308839559026,132.04666666666665,0.0,1.0,-0.4999999999999997,-0.8660254037844388,-0.3456123126707333,-0.9383773917408642,113.6,119.6
2019-07-23,Haryana,NR,28.45000633,77.01999101,113.6,2019,7,1,204,0,0,31.8,74,114.1,105.6,151.0,115.32857142857144,9.762464560024313,130.79999999999998,0.7818314824680298,0.6234898018587336,-0.4999999999999997,-0.8660254037844388,-0.3617137307297674,-0.9322892131745134,115.0,110.4
2019-07-24,Haryana,NR,28.45000633,77.01999101,115.0,2019,7,2,205,0,0,31.4,74,113.6,123.4,126.4,114.12857142857142,9.098665522247261,130.42,0.9749279121818236,-0.22252093395631434,-0.4999999999999997,-0.8660254037844388,-0.37770796520396466,-0.9259247771938499,116.6,169.4
2019-07-25,Haryana,NR,28.45000633,77.01999101,116.6,2019,7,3,206,0,0,27.4,86,115.0,127.0,129.6,112.64285714285714,7.322307728865786,129.98666666666665,0.43388373911755823,-0.900968867902419,-0.4999999999999997,-0.8660254037844388,-0.39359027665646645,-0.9192859697186105,116.2,140.6
2019-07-26,Haryana,NR,28.45000633,77.01999101,116.2,2019,7,4,207,0,0,27.1,87,116.6,121.7,130.3,111.85714285714286,6.4290634732342244,129.51666666666668,-0.433883739117558,-0.9009688679024191,-0.4999999999999997,-0.8660254037844388,-0.4093559588156211,-0.9123747579707274,113.4,172.2
2019-07-27,Haryana,NR,28.45000633,77.01999101,113.4,2019,7,5,208,1,0,26.5,90,116.2,98.4,129.6,114.0,2.48797106092831,128.97666666666666,-0.9749279121818236,-0.2225209339563146,-0.4999999999999997,-0.8660254037844388,-0.42500033996955394,-0.9051931898913975,118.2,179.9
2019-07-28,Haryana,NR,28.45000633,77.01999101,118.2,2019,7,6,209,1,0,27.9,87,113.4,109.1,131.6,115.3,1.776701062836123,128.53,-0.7818314824680299,0.6234898018587334,-0.4999999999999997,-0.8660254037844388,-0.4405187843504952,-0.8977433935342336,119.6,189.3
2019-07-29,Haryana,NR,28.45000633,77.01999101,119.6,2019,7,0,210,0,0,29.2,79,118.2,114.1,130.9,116.08571428571429,2.2974105506224505,128.15333333333334,0.0,1.0,-0.4999999999999997,-0.8660254037844388,-0.455906693508459,-0.8900275764346766,110.4,197.7
2019-07-30,Haryana,NR,28.45000633,77.01999101,110.4,2019,7,1,211,0,0,29.0,78,119.6,113.6,116.7,115.62857142857142,3.0646991618097164,127.94333333333333,0.7818314824680298,0.6234898018587336,-0.4999999999999997,-0.8660254037844388,-0.47115950767386394,-0.8820480249558535,169.4,196.1
2019-07-31,Haryana,NR,28.45000633,77.01999101,169.4,2019,7,2,212,0,0,29.2,77,110.4,115.0,157.5,123.39999999999999,20.512435252792734,128.34,0.9749279121818236,-0.22252093395631434,-0.4999999999999997,-0.8660254037844388,-0.4862727071086902,-0.8738071036110807,140.6,128.2
2019-08-01,Haryana,NR,28.45000633,77.01999101,140.6,2019,8,3,213,0,0,29.4,81,169.4,116.6,176.4,126.82857142857142,21.181258562364214,127.14666666666666,0.43388373911755823,-0.900968867902419,-0.8660254037844385,-0.5000000000000004,-0.5012418134457756,-0.8653072543632061,172.2,135.5
2019-08-02,Haryana,NR,28.45000633,77.01999101,172.2,2019,8,4,214,0,0,28.7,85,140.6,116.2,187.7,134.82857142857145,26.424339429505615,126.63000000000001,-0.433883739117558,-0.9009688679024191,-0.8660254037844385,-0.5000000000000004,-0.5160623910158526,-0.8565509959010037,179.9,134.0
2019-08-03,Haryana,NR,28.45000633,77.01999101,179.9,2019,8,5,215,1,0,28.2,88,172.2,113.4,189.8,144.32857142857145,29.2403097501672,126.3,-0.9749279121818236,-0.2225209339563146,-0.8660254037844385,-0.5000000000000004,-0.5307300481619331,-0.8475409228928312,189.3,139.8
2019-08-04,Haryana,NR,28.45000633,77.01999101,189.3,2019,8,6,216,1,0,28.9,87,179.9,118.2,200.7,154.4857142857143,30.95030579124276,125.92,-0.7818314824680299,0.6234898018587334,-0.8660254037844385,-0.5000000000000004,-0.5452404385406507,-0.8382797052177745,197.7,142.4
2019-08-05,Haryana,NR,28.45000633,77.01999101,197.7,2019,8,0,217,0,0,29.1,85,189.3,119.6,195.7,165.64285714285714,30.34967639272058,125.98666666666668,0.0,1.0,-0.8660254037844385,-0.5000000000000004,-0.5595892624101763,-0.828770087174504,196.1,154.5
2019-08-06,Haryana,NR,28.45000633,77.01999101,196.1,2019,8,1,218,0,0,27.9,88,197.7,110.4,175.1,177.88571428571427,19.804328531193097,126.68666666666667,0.7818314824680298,0.6234898018587336,-0.8660254037844385,-0.5000000000000004,-0.5737722679043243,-0.8190148866680802,128.2,158.0
2019-08-08,Haryana,NR,28.45000633,77.01999101,128.2,2019,8,3,220,0,0,30.0,79,196.1,169.4,86.35,172.0,27.40875772449387,128.08166666666665,0.43388373911755823,-0.900968867902419,-0.8660254037844385,-0.5000000000000004,-0.6016240632249227,-0.7987793728863648,135.5,138.4
2019-08-09,Haryana,NR,28.45000633,77.01999101,135.5,2019,8,4,221,0,0,29.4,73,128.2,140.6,87.05000000000001,171.27142857142854,28.431245387525976,129.69666666666666,-0.433883739117558,-0.9009688679024191,-0.8660254037844385,-0.5000000000000004,-0.6152845999633277,-0.7883050558305253,134.0,142.3
2019-08-10,Haryana,NR,28.45000633,77.01999101,134.0,2019,8,5,222,1,0,28.8,78,135.5,172.2,93.3,165.81428571428572,31.701336910369672,131.05333333333334,-0.9749279121818236,-0.2225209339563146,-0.8660254037844385,-0.5000000000000004,-0.6287628145958345,-0.7775971469736268,139.8,138.8
2019-08-11,Haryana,NR,28.45000633,77.01999101,139.8,2019,8,6,223,1,0,29.6,77,134.0,179.9,104.0,160.08571428571426,32.348283239940805,132.24666666666667,-0.7818314824680299,0.6234898018587334,-0.8660254037844385,-0.5000000000000004,-0.6420547132365636,-0.7666588193001592,142.4,127.1
2019-08-12,Haryana,NR,28.45000633,77.01999101,142.4,2019,8,0,224,0,1,29.4,78,139.8,189.3,114.8,153.3857142857143,30.06534153979912,133.16666666666666,0.0,1.0,-0.8660254037844385,-0.5000000000000004,-0.655156357209085,-0.7554933140726804,154.5,107.8
2019-08-13,Haryana,NR,28.45000633,77.01999101,154.5,2019,8,1,225,0,0,29.4,81,142.4,197.7,116.7,147.21428571428572,23.07389784810475,134.42666666666668,0.7818314824680298,0.6234898018587336,-0.8660254037844385,-0.5000000000000004,-0.6680638642135333,-0.7441039398713608,158.0,115.6
2019-08-14,Haryana,NR,28.45000633,77.01999101,158.0,2019,8,2,226,0,0,28.2,86,154.5,196.1,116.3,141.77142857142857,10.905459532686404,135.81666666666666,0.9749279121818236,-0.22252093395631434,-0.8660254037844385,-0.5000000000000004,-0.6807734094770159,-0.7324940716135792,138.4,112.1
2019-08-15,Haryana,NR,28.45000633,77.01999101,138.4,2019,8,3,227,0,1,28.6,84,158.0,128.2,114.6,143.22857142857143,9.362107007456185,136.61,0.43388373911755823,-0.900968867902419,-0.8660254037844385,-0.5000000000000004,-0.6932812268869771,-0.7206671495538615,142.3,114.3
2019-08-16,Haryana,NR,28.45000633,77.01999101,142.3,2019,8,4,228,0,0,27.7,84,138.4,135.5,105.6,144.20000000000002,8.759946727388183,137.83333333333334,-0.433883739117558,-0.9009688679024191,-0.8660254037844385,-0.5000000000000004,-0.7055836101071774,-0.70862667826446,138.8,119.2
2019-08-17,Haryana,NR,28.45000633,77.01999101,138.8,2019,8,5,229,1,0,26.1,89,142.3,134.0,123.4,144.8857142857143,7.981735101975463,138.34666666666666,-0.9749279121818236,-0.2225209339563146,-0.8660254037844385,-0.5000000000000004,-0.7176769136759615,-0.6963762255968726,127.1,120.7
2019-08-18,Haryana,NR,28.45000633,77.01999101,127.1,2019,8,6,230,1,0,27.0,85,138.8,139.8,127.0,143.07142857142858,10.405721869195824,138.35,-0.7818314824680299,0.6234898018587334,-0.8660254037844385,-0.5000000000000004,-0.7295575540864876,-0.6839194216246105,107.8,122.4
2019-08-19,Haryana,NR,28.45000633,77.01999101,107.8,2019,8,0,231,0,0,27.9,83,127.1,142.4,121.7,138.12857142857143,16.942423506857818,137.88666666666668,0.0,1.0,-0.8660254037844385,-0.5000000000000004,-0.7412220108485957,-0.6712599575675315,115.6,125.4
2019-08-20,Haryana,NR,28.45000633,77.01999101,115.6,2019,8,1,232,0,0,28.5,82,107.8,154.5,98.4,132.57142857142858,17.056837757501537,138.46,0.7818314824680298,0.6234898018587336,-0.8660254037844385,-0.5000000000000004,-0.7526668275320083,-0.6584015846980489,112.1,124.1
2019-08-21,Haryana,NR,28.45000633,77.01999101,112.1,2019,8,2,233,0,0,29.2,77,115.6,158.0,109.1,126.01428571428572,14.242592059433786,138.56,0.9749279121818236,-0.22252093395631434,-0.8660254037844385,-0.5000000000000004,-0.7638886127905429,-0.64534811322955,114.3,115.8
2019-08-22,Haryana,NR,28.45000633,77.01999101,114.3,2019,8,3,234,0,0,28.7,81,112.1,138.4,114.1,122.57142857142857,13.650117738896363,138.56666666666666,0.43388373911755823,-0.900968867902419,-0.8660254037844385,-0.5000000000000004,-0.7748840413670406,-0.6321034111873488,119.2,212.7
2019-08-23,Haryana,NR,28.45000633,77.01999101,119.2,2019,8,4,235,0,0,29.2,80,114.3,142.3,113.6,119.27142857142857,10.518826659173262,138.75333333333336,-0.433883739117558,-0.9009688679024191,-0.8660254037844385,-0.5000000000000004,-0.7856498550787144,-0.6186714032625032,120.7,209.7
2019-08-24,Haryana,NR,28.45000633,77.01999101,120.7,2019,8,5,236,1,1,29.1,80,119.2,138.8,115.0,116.68571428571428,6.294820244040537,138.94333333333333,-0.9749279121818236,-0.2225209339563146,-0.8660254037844385,-0.5000000000000004,-0.7961828637826154,-0.6050560696488494,122.4,208.4
2019-08-25,Haryana,NR,28.45000633,77.01999101,122.4,2019,8,6,237,1,0,27.5,87,120.7,127.1,116.6,116.01428571428572,5.144391305565978,139.13666666666666,-0.7818314824680299,0.6234898018587334,-0.8660254037844385,-0.5000000000000004,-0.8064799463209447,-0.5912614448635782,125.4,200.4
2019-08-26,Haryana,NR,28.45000633,77.01999101,125.4,2019,8,0,238,0,0,28.5,85,122.4,107.8,116.2,118.52857142857144,4.746126239970278,139.44333333333333,0.0,1.0,-0.8660254037844385,-0.5000000000000004,-0.8165380514459157,-0.5772916165517278,124.1,200.8
2019-08-27,Haryana,NR,28.45000633,77.01999101,124.1,2019,8,1,239,0,0,29.7,79,125.4,115.6,113.4,119.74285714285715,4.954747603011029,139.8,0.7818314824680298,0.6234898018587336,-0.8660254037844385,-0.5000000000000004,-0.8263541987239094,-0.5631507242749187,115.8,196.3
2019-08-28,Haryana,NR,28.45000633,77.01999101,115.8,2019,8,2,240,0,0,30.4,77,124.1,112.1,118.2,120.27142857142857,4.132680439988938,139.72,0.9749279121818236,-0.22252093395631434,-0.8660254037844385,-0.5000000000000004,-0.8359254794186365,-0.5488429582847199,212.7,169.5
2019-08-29,Haryana,NR,28.45000633,77.01999101,212.7,2019,8,3,241,0,0,30.0,80,115.8,114.3,119.6,134.32857142857142,34.70502914015579,142.82333333333332,0.43388373911755823,-0.900968867902419,-0.8660254037844385,-0.5000000000000004,-0.8452490573530634,-0.5343725582809785,209.7,105.7
2019-08-30,Haryana,NR,28.45000633,77.01999101,209.7,2019,8,4,242,0,0,29.9,81,212.7,119.2,110.4,147.25714285714284,43.79607505788847,146.13333333333333,-0.433883739117558,-0.9009688679024191,-0.8660254037844385,-0.5000000000000004,-0.8543221697498269,-0.5197438121555157,208.4,111.5
2019-08-31,Haryana,NR,28.45000633,77.01999101,208.4,2019,8,5,243,1,0,30.5,76,209.7,120.7,169.4,159.78571428571428,47.33390006367636,147.43333333333334,-0.9749279121818236,-0.2225209339563146,-0.8660254037844385,-0.5000000000000004,-0.8631421280499115,-0.5049610547215202,200.4,115.1
2019-09-01,Haryana,NR,28.45000633,77.01999101,200.4,2019,9,6,244,1,0,28.8,84,208.4,122.4,140.6,170.92857142857142,46.23432037947982,149.42666666666665,-0.7818314824680299,0.6234898018587334,-1.0,-1.8369701987210297e-16,-0.8717063187093217,-0.4900286664290594,200.8,116.2
2019-09-02,Haryana,NR,28.45000633,77.01999101,200.8,2019,9,0,245,0,0,29.5,82,200.4,125.4,172.2,181.7,42.491097106727324,150.38,0.0,1.0,-1.0,-1.8369701987210297e-16,-0.8800122039735356,-0.4749510720670502,196.3,117.4
2019-09-03,Haryana,NR,28.45000633,77.01999101,196.3,2019,9,1,246,0,0,30.4,79,200.8,124.1,179.9,192.0142857142857,34.11663468023709,150.92666666666668,0.7818314824680298,0.6234898018587336,-1.0,-1.8369701987210297e-16,-0.888057322629493,-0.4597327394521046,169.5,115.1
2019-09-04,Haryana,NR,28.45000633,77.01999101,169.5,2019,9,2,247,0,0,29.2,84,196.3,115.8,189.3,199.68571428571428,14.548703100440015,150.26666666666668,0.9749279121818236,-0.22252093395631434,-1.0,-1.8369701987210297e-16,-0.8958392907349089,-0.4443781781046134,105.7,175.3
2019-09-05,Haryana,NR,28.45000633,77.01999101,105.7,2019,9,3,248,0,0,29.4,83,169.5,212.7,197.7,184.4,37.18951465130995,147.2,0.43388373911755823,-0.900968867902419,-1.0,-1.8369701987210297e-16,-0.9033558023246842,-0.4288919379124841,111.5,157.5
2019-09-06,Haryana,NR,28.45000633,77.01999101,111.5,2019,9,4,249,0,0,29.8,81,105.7,209.7,196.1,170.37142857142857,43.96035010043009,144.38,-0.433883739117558,-0.9009688679024191,-1.0,-1.8369701987210297e-16,-0.9106046300942162,-0.41327860778290443,115.1,147.1
2019-09-08,Haryana,NR,28.45000633,77.01999101,115.1,2019,9,6,251,1,0,29.4,81,111.5,208.4,128.2,157.04285714285714,44.64727901910185,143.94333333333333,-0.7818314824680299,0.6234898018587334,-1.0,-1.8369701987210297e-16,-0.9242907221930934,-0.3816892202666586,116.2,148.6
2019-09-09,Haryana,NR,28.45000633,77.01999101,116.2,2019,9,0,252,0,0,30.2,76,115.1,200.4,135.5,145.0142857142857,42.300056287253035,143.3,0.0,1.0,-1.0,-1.8369701987210297e-16,-0.9307239310379793,-0.3657225234972692,117.4,171.8
2019-09-10,Haryana,NR,28.45000633,77.01999101,117.4,2019,9,1,253,0,1,30.7,72,116.2,200.8,134.0,133.1,35.1013295094837,142.74666666666664,0.7818314824680298,0.6234898018587336,-1.0,-1.8369701987210297e-16,-0.9368813462954315,-0.34964745525122826,115.1,177.1
2019-09-11,Haryana,NR,28.45000633,77.01999101,115.1,2019,9,2,254,0,0,31.4,71,117.4,196.3,139.8,121.5,21.526959841092793,141.92333333333332,0.9749279121818236,-0.22252093395631434,-1.0,-1.8369701987210297e-16,-0.9427611433904206,-0.33346877891818705,175.3,171.5
2019-09-12,Haryana,NR,28.45000633,77.01999101,175.3,2019,9,3,255,0,0,30.6,77,115.1,169.5,142.4,122.32857142857144,23.685770291162918,143.02,0.43388373911755823,-0.900968867902419,-1.0,-1.8369701987210297e-16,-0.9483615800121716,-0.31719128858910595,157.5,127.4
2019-09-13,Haryana,NR,28.45000633,77.01999101,157.5,2019,9,4,256,0,0,30.1,76,175.3,105.7,154.5,129.72857142857143,25.636218798522783,143.12,-0.433883739117558,-0.9009688679024191,-1.0,-1.8369701987210297e-16,-0.9536809966304455,-0.300819807635668,147.1,95.5
2019-09-14,Haryana,NR,28.45000633,77.01999101,147.1,2019,9,5,257,1,0,29.0,77,157.5,111.5,158.0,134.81428571428572,24.939020869007237,142.75666666666666,-0.9749279121818236,-0.2225209339563146,-1.0,-1.8369701987210297e-16,-0.9587178169872964,-0.2843591872810036,148.6,98.7
2019-09-15,Haryana,NR,28.45000633,77.01999101,148.6,2019,9,6,258,1,0,28.3,81,147.1,115.1,138.4,139.6,23.709351179088557,143.09666666666666,-0.7818314824680299,0.6234898018587334,-1.0,-1.8369701987210297e-16,-0.9634705485641486,-0.26781430516217486,171.8,106.5
2019-09-16,Haryana,NR,28.45000633,77.01999101,171.8,2019,9,0,259,0,0,29.7,77,148.6,116.2,142.3,147.54285714285714,23.8762683532457,144.08,0.0,1.0,-1.0,-1.8369701987210297e-16,-0.9679377830240642,-0.25119006388481957,177.1,114.3
2019-09-17,Haryana,NR,28.45000633,77.01999101,177.1,2019,9,1,260,0,0,29.6,76,171.8,117.4,138.8,156.07142857142858,21.894954843960193,145.35666666666665,0.7818314824680298,0.6234898018587336,-1.0,-1.8369701987210297e-16,-0.9721181966290612,-0.23449138957041052,171.5,116.2
2019-09-18,Haryana,NR,28.45000633,77.01999101,171.5,2019,9,2,261,0,0,28.8,78,177.1,115.1,127.1,164.12857142857143,12.788629622404935,146.83666666666664,0.9749279121818236,-0.22252093395631434,-1.0,-1.8369701987210297e-16,-0.9760105506323682,-0.21772323039653224,127.4,110.9
2019-09-19,Haryana,NR,28.45000633,77.01999101,127.4,2019,9,3,262,0,0,27.0,79,171.5,175.3,107.8,157.28571428571428,17.690433249964116,147.48999999999998,0.43388373911755823,-0.900968867902419,-1.0,-1.8369701987210297e-16,-0.9796136916454901,-0.20089055513063528,95.5,155.4
2019-09-20,Haryana,NR,28.45000633,77.01999101,95.5,2019,9,4,263,0,0,27.3,81,127.4,157.5,115.6,148.42857142857142,29.285930312792264,146.82000000000002,-0.433883739117558,-0.9009688679024191,-1.0,-1.8369701987210297e-16,-0.9829265519799822,-0.18399835165767986,98.7,157.7
2019-09-21,Haryana,NR,28.45000633,77.01999101,98.7,2019,9,5,264,1,0,27.5,82,95.5,147.1,112.1,141.5142857142857,34.8389355258085,146.37333333333333,-0.9749279121818236,-0.2225209339563146,-1.0,-1.8369701987210297e-16,-0.9859481499638303,-0.1670516255021195,106.5,157.5
2019-09-22,Haryana,NR,28.45000633,77.01999101,106.5,2019,9,6,265,1,0,27.2,82,98.7,148.6,114.3,135.5,36.97994952223004,146.11333333333332,-0.7818314824680299,0.6234898018587334,-1.0,-1.8369701987210297e-16,-0.9886775902323404,-0.15005539834465262,114.3,156.1
2019-09-23,Haryana,NR,28.45000633,77.01999101,114.3,2019,9,0,266,0,0,26.8,79,106.5,171.8,119.2,127.28571428571429,33.82437132066334,145.95,0.0,1.0,-1.0,-1.8369701987210297e-16,-0.9911140639934546,-0.13301470653419636,116.2,145.9
2019-09-24,Haryana,NR,28.45000633,77.01999101,116.2,2019,9,1,267,0,0,27.0,80,114.3,177.1,120.7,118.58571428571429,25.742728978065152,145.8,0.7818314824680298,0.6234898018587336,-1.0,-1.8369701987210297e-16,-0.9932568492674143,-0.11593459959550066,110.9,142.9
2019-09-25,Haryana,NR,28.45000633,77.01999101,110.9,2019,9,2,268,0,0,27.3,79,116.2,171.5,122.4,109.92857142857143,10.88312367624313,145.41666666666666,0.9749279121818236,-0.22252093395631434,-1.0,-1.8369701987210297e-16,-0.9951053111006974,-0.09882013873287211,155.4,137.5
2019-09-26,Haryana,NR,28.45000633,77.01999101,155.4,2019,9,3,269,0,0,27.7,76,110.9,127.4,125.4,113.92857142857143,19.83706247454671,146.41666666666666,0.43388373911755823,-0.900968867902419,-1.0,-1.8369701987210297e-16,-0.99665890175417,-0.08167639533042288,157.7,126.0
2019-09-27,Haryana,NR,28.45000633,77.01999101,157.7,2019,9,4,270,0,0,26.8,77,155.4,95.5,124.1,122.81428571428572,23.751100225142846,147.5366666666667,-0.433883739117558,-0.9009688679024191,-1.0,-1.8369701987210297e-16,-0.9979171608653922,-0.06450844944931625,157.5,131.7
2019-09-28,Haryana,NR,28.45000633,77.01999101,157.5,2019,9,5,271,1,0,25.7,82,157.7,98.7,115.8,131.21428571428572,24.19493256665077,148.92666666666668,-0.9749279121818236,-0.2225209339563146,-1.0,-1.8369701987210297e-16,-0.9988797155850335,-0.04732138832243232,156.1,132.0
2019-09-29,Haryana,NR,28.45000633,77.01999101,156.1,2019,9,6,272,1,0,25.3,82,157.5,106.5,212.7,138.29999999999998,22.983399806527334,147.04000000000002,-0.7818314824680299,0.6234898018587334,-1.0,-1.8369701987210297e-16,-0.9995462806873573,-0.03012030484690836,145.9,131.3
2019-09-30,Haryana,NR,28.45000633,77.01999101,145.9,2019,9,0,273,0,0,25.8,82,156.1,114.3,209.7,142.81428571428572,20.44720262623002,144.91333333333333,0.0,1.0,-1.0,-1.8369701987210297e-16,-0.9999166586547379,-0.012910296075008843,142.9,132.4
2019-10-01,Haryana,NR,28.45000633,77.01999101,142.9,2019,10,1,274,0,0,25.5,84,145.9,116.2,208.4,146.6285714285714,16.824457820458655,142.73,0.7818314824680298,0.6234898018587336,-0.8660254037844386,0.5000000000000001,-0.9999907397361901,0.004303538296243821,137.5,129.5
2019-10-02,Haryana,NR,28.45000633,77.01999101,137.5,2019,10,2,275,0,1,26.9,77,142.9,110.9,200.4,150.42857142857142,8.206646551366628,140.63333333333333,0.9749279121818236,-0.22252093395631434,-0.8660254037844386,0.5000000000000001,-0.9997685019798909,0.021516097436222233,126.0,118.6
2019-10-03,Haryana,NR,28.45000633,77.01999101,126.0,2019,10,3,276,0,0,27.9,70,137.5,155.4,200.8,146.22857142857143,11.920949946168694,138.14,0.43388373911755823,-0.900968867902419,-0.8660254037844386,0.5000000000000001,-0.9992500112396835,0.03872228089217399,131.7,152.5
2019-10-04,Haryana,NR,28.45000633,77.01999101,131.7,2019,10,4,277,0,0,26.1,73,126.0,157.7,196.3,142.5142857142857,11.800907955383853,135.98666666666665,-0.433883739117558,-0.9009688679024191,-0.8660254037844386,0.5000000000000001,-0.9984354211555643,0.05591699010060302,132.0,152.1
2019-10-05,Haryana,NR,28.45000633,77.01999101,132.0,2019,10,5,278,1,0,26.4,63,131.7,157.5,169.5,138.87142857142857,10.236000893206729,134.73666666666665,-0.9749279121818236,-0.2225209339563146,-0.8660254037844386,0.5000000000000001,-0.9973249731081555,0.07309512989807776,131.3,150.7
2019-10-06,Haryana,NR,28.45000633,77.01999101,131.3,2019,10,6,279,1,0,26.5,61,132.0,156.1,105.7,135.32857142857145,7.086304698905511,135.59,-0.7818314824680299,0.6234898018587334,-0.8660254037844386,0.5000000000000001,-0.9959189961471792,0.0902516100310407,132.4,151.4
2019-10-08,Haryana,NR,28.45000633,77.01999101,132.4,2019,10,1,281,0,1,26.0,58,131.3,145.9,111.5,133.4,5.35537113559992,136.28666666666666,0.7818314824680298,0.6234898018587336,-0.8660254037844386,0.5000000000000001,-0.9922222094179324,0.12447926388678869,129.5,143.5
2019-10-09,Haryana,NR,28.45000633,77.01999101,129.5,2019,10,2,282,0,0,25.5,60,132.4,142.9,115.1,131.4857142857143,3.4493615696404976,136.76666666666668,0.9749279121818236,-0.22252093395631434,-0.8660254037844386,0.5000000000000001,-0.989932495087353,0.141540295217043,118.6,137.8
2019-10-10,Haryana,NR,28.45000633,77.01999101,118.6,2019,10,3,283,0,0,26.1,59,129.5,137.5,116.2,128.78571428571428,5.003808073668887,136.84666666666666,0.43388373911755823,-0.900968867902419,-0.8660254037844386,0.5000000000000001,-0.9873494423939864,0.15855938510313475,152.5,141.2
2019-10-11,Haryana,NR,28.45000633,77.01999101,152.5,2019,10,4,284,0,0,26.3,54,118.6,126.0,117.4,132.57142857142858,10.037548552928547,138.01666666666668,-0.433883739117558,-0.9009688679024191,-0.8660254037844386,0.5000000000000001,-0.9844738167520923,0.17553149042142777,152.1,120.7
2019-10-12,Haryana,NR,28.45000633,77.01999101,152.1,2019,10,5,285,1,0,26.8,57,152.5,131.7,115.1,135.4857142857143,12.420873368572398,139.25,-0.9749279121818236,-0.2225209339563146,-0.8660254037844386,0.5000000000000001,-0.9813064702716093,0.19245158197082995,150.7,123.2
2019-10-13,Haryana,NR,28.45000633,77.01999101,150.7,2019,10,6,286,1,0,27.0,53,152.1,132.0,175.3,138.15714285714287,13.509485203967065,138.42999999999998,-0.7818314824680299,0.6234898018587334,-0.8660254037844386,0.5000000000000001,-0.9778483415056567,0.20931464596304888,151.4,127.7
2019-10-14,Haryana,NR,28.45000633,77.01999101,151.4,2019,10,0,287,0,0,27.1,55,150.7,131.3,157.5,141.0285714285714,13.938401903341036,138.22666666666666,0.0,1.0,-0.8660254037844386,0.5000000000000001,-0.9741004551724206,0.22611568550828803,143.5,125.3
2019-10-15,Haryana,NR,28.45000633,77.01999101,143.5,2019,10,1,288,0,0,27.0,59,151.4,132.4,147.1,142.6142857142857,13.41472183478937,138.10666666666665,0.7818314824680298,0.6234898018587336,-0.8660254037844386,0.5000000000000001,-0.970063921851507,0.2428497220959358,137.8,125.3
2019-10-16,Haryana,NR,28.45000633,77.01999101,137.8,2019,10,2,289,0,0,27.6,55,143.5,129.5,148.6,143.8,12.390049771221484,137.74666666666664,0.9749279121818236,-0.22252093395631434,-0.8660254037844386,0.5000000000000001,-0.965739937654855,0.25951179706979943,141.2,126.1
2019-10-17,Haryana,NR,28.45000633,77.01999101,141.2,2019,10,3,290,0,0,26.8,62,137.8,118.6,171.8,147.02857142857144,6.053019710777293,136.72666666666666,0.43388373911755823,-0.900968867902419,-0.8660254037844386,0.5000000000000001,-0.9611297838723007,0.27609697309746883,120.7,115.6
2019-10-18,Haryana,NR,28.45000633,77.01999101,120.7,2019,10,4,291,0,0,26.2,65,141.2,152.5,177.1,142.4857142857143,11.095258532579338,134.84666666666666,-0.433883739117558,-0.9009688679024191,-0.8660254037844386,0.5000000000000001,-0.9562348265919058,0.2926003356333479,123.2,206.9
2019-10-19,Haryana,NR,28.45000633,77.01999101,123.2,2019,10,5,292,1,0,25.4,67,120.7,152.1,171.5,138.35714285714286,12.23939774428757,133.23666666666665,-0.9749279121818236,-0.2225209339563146,-0.8660254037844386,0.5000000000000001,-0.9510565162951536,0.30901699437494723,127.7,204.7
2019-10-20,Haryana,NR,28.45000633,77.01999101,127.7,2019,10,6,293,1,0,25.4,51,123.2,150.7,127.4,135.07142857142858,11.434409223293105,133.24666666666667,-0.7818314824680299,0.6234898018587334,-0.8660254037844386,0.5000000000000001,-0.9455963874271428,0.3253420847119795,125.3,192.2
2019-10-21,Haryana,NR,28.45000633,77.01999101,125.3,2019,10,0,294,0,0,24.5,52,127.7,151.4,95.5,131.34285714285716,9.273772541036099,134.23999999999998,0.0,1.0,-0.8660254037844386,0.5000000000000001,-0.9398560579418953,0.341570769167856,125.3,170.6
2019-10-22,Haryana,NR,28.45000633,77.01999101,125.3,2019,10,1,295,0,0,23.8,49,125.3,143.5,98.7,128.74285714285716,7.718129553819571,135.12666666666667,0.7818314824680298,0.6234898018587336,-0.8660254037844386,0.5000000000000001,-0.9338372288229252,0.35769823883312546,126.1,177.7
2019-10-23,Haryana,NR,28.45000633,77.01999101,126.1,2019,10,2,296,0,0,24.1,52,125.3,137.8,106.5,127.07142857142857,6.618336720989727,135.78,0.9749279121818236,-0.22252093395631434,-0.8660254037844386,0.5000000000000001,-0.9275416835791965,0.3737197147904692,115.6,150.9
2019-10-24,Haryana,NR,28.45000633,77.01999101,115.6,2019,10,3,297,0,0,24.4,60,126.1,141.2,114.3,123.41428571428571,4.106266987356113,135.82333333333332,0.43388373911755823,-0.900968867902419,-0.8660254037844386,0.5000000000000001,-0.9209712877166347,0.38963044953078774,206.9,125.4
2019-10-25,Haryana,NR,28.45000633,77.01999101,206.9,2019,10,4,298,0,0,24.4,61,115.6,120.7,116.2,135.72857142857143,31.6285058286413,138.84666666666666,-0.433883739117558,-0.9009688679024191,-0.8660254037844386,0.5000000000000001,-0.9141279881853337,0.4054257283599973,204.7,79.7
2019-10-26,Haryana,NR,28.45000633,77.01999101,204.7,2019,10,5,299,1,0,24.4,61,206.9,123.2,110.9,147.37142857142857,40.11104229867037,141.97333333333333,-0.9749279121818236,-0.2225209339563146,-0.8660254037844386,0.5000000000000001,-0.9070138128026362,0.42110087079608916,192.2,83.4
2019-10-27,Haryana,NR,28.45000633,77.01999101,192.2,2019,10,6,300,1,1,24.3,58,204.7,127.7,155.4,156.58571428571426,42.19338133607489,143.2,-0.7818314824680299,0.6234898018587334,-0.8660254037844386,0.5000000000000001,-0.8996308696522434,0.4366512319560638,170.6,88.5
2019-10-28,Haryana,NR,28.45000633,77.01999101,170.6,2019,10,0,301,0,0,24.4,56,192.2,125.3,157.7,163.05714285714288,40.012783671507506,143.63,0.0,1.0,-0.8660254037844386,0.5000000000000001,-0.8919813464595487,0.45207220393230374,177.7,91.5
2019-10-29,Haryana,NR,28.45000633,77.01999101,177.7,2019,10,1,302,0,0,24.6,62,170.6,125.3,157.5,170.54285714285714,36.520992006555,144.3033333333333,0.7818314824680298,0.6234898018587336,-0.8660254037844386,0.5000000000000001,-0.8840675099433637,0.46735921715800205,150.9,91.8
2019-10-30,Haryana,NR,28.45000633,77.01999101,150.9,2019,10,2,303,0,0,25.2,62,177.7,126.1,156.1,174.08571428571426,32.46923818896008,144.13,0.9749279121818236,-0.22252093395631434,-0.8660254037844386,0.5000000000000001,-0.8758917051442433,0.48250774176121763,125.4,89.2
2019-10-31,Haryana,NR,28.45000633,77.01999101,125.4,2019,10,3,304,0,0,24.8,63,150.9,115.6,145.9,175.48571428571427,29.6128028939864,143.44666666666666,0.43388373911755823,-0.900968867902419,-0.8660254037844386,0.5000000000000001,-0.8674563547295971,0.4975132889071803,79.7,83.5
2019-11-01,Haryana,NR,28.45000633,77.01999101,79.7,2019,11,4,305,0,0,25.4,63,125.4,206.9,142.9,157.31428571428572,43.08547429515077,141.34,-0.433883739117558,-0.9009688679024191,-0.5000000000000004,0.8660254037844384,-0.858763958275803,0.5123714121284235,83.4,107.9
2019-11-02,Haryana,NR,28.45000633,77.01999101,83.4,2019,11,5,306,1,0,24.0,70,79.7,204.7,137.5,139.9857142857143,45.192382417520754,139.5366666666667,-0.9749279121818236,-0.2225209339563146,-0.5000000000000004,0.8660254037844384,-0.8498170915275277,0.5270777086423724,88.5,114.1
2019-11-03,Haryana,NR,28.45000633,77.01999101,88.5,2019,11,6,307,1,0,23.4,72,83.4,192.2,126.0,125.17142857142858,42.11554401428368,138.2866666666667,-0.7818314824680299,0.6234898018587334,-0.5000000000000004,0.8660254037844384,-0.8406184056344783,0.5416278206559811,91.5,113.3
2019-11-04,Haryana,NR,28.45000633,77.01999101,91.5,2019,11,0,308,0,0,23.3,64,88.5,170.6,131.7,113.87142857142858,38.337306212344544,136.9466666666667,0.0,1.0,-0.5000000000000004,0.8660254037844384,-0.8311706263658079,0.5560174366570446,91.8,114.0
2019-11-05,Haryana,NR,28.45000633,77.01999101,91.8,2019,11,1,309,0,0,22.3,60,91.5,177.7,132.0,101.60000000000001,26.386360112755803,135.60666666666668,0.7818314824680298,0.6234898018587336,-0.5000000000000004,0.8660254037844384,-0.8214765533024145,0.5702422926917867,89.2,114.4
2019-11-06,Haryana,NR,28.45000633,77.01999101,89.2,2019,11,2,310,0,0,23.4,59,91.8,150.9,131.3,92.78571428571429,15.038110316951279,134.20333333333332,0.9749279121818236,-0.22252093395631434,-0.5000000000000004,0.8660254037844384,-0.8115390590073611,0.5842981736283683,83.5,110.5
2019-11-08,Haryana,NR,28.45000633,77.01999101,83.5,2019,11,4,312,0,0,21.8,73,89.2,125.4,132.4,86.8,4.629614814795171,132.57333333333332,-0.433883739117558,-0.9009688679024191,-0.5000000000000004,0.8660254037844384,-0.7909456567567774,0.6118864012687242,107.9,101.8
2019-11-09,Haryana,NR,28.45000633,77.01999101,107.9,2019,11,5,313,1,0,21.2,64,83.5,79.7,129.5,90.82857142857142,8.264323784743874,131.85333333333332,-0.9749279121818236,-0.2225209339563146,-0.5000000000000004,0.8660254037844384,-0.780295851070776,0.6254105729852457,114.1,118.8
2019-11-10,Haryana,NR,28.45000633,77.01999101,114.1,2019,11,6,314,1,1,20.5,61,107.9,83.4,118.6,95.21428571428571,11.265941086809487,131.70333333333332,-0.7818314824680299,0.6234898018587334,-0.5000000000000004,0.8660254037844384,-0.7694148268839381,0.6387494220515268,113.3,122.5
2019-11-11,Haryana,NR,28.45000633,77.01999101,113.3,2019,11,0,315,0,0,20.1,61,114.1,88.5,152.5,98.75714285714285,12.620599185837241,130.39666666666668,0.0,1.0,-0.5000000000000004,0.8660254037844384,-0.7583058084785625,0.6518989958787125,114.0,125.2
2019-11-12,Haryana,NR,28.45000633,77.01999101,114.0,2019,11,1,316,0,1,19.5,62,113.3,91.5,152.1,101.97142857142856,13.310611591974698,129.12666666666667,0.7818314824680298,0.6234898018587336,-0.5000000000000004,0.8660254037844384,-0.7469720876965551,0.6648553979642866,114.4,115.7
2019-11-13,Haryana,NR,28.45000633,77.01999101,114.4,2019,11,2,317,0,0,20.7,66,114.0,91.8,150.7,105.20000000000002,13.172445989009107,127.91666666666667,0.9749279121818236,-0.22252093395631434,-0.5000000000000004,0.8660254037844384,-0.7354170229639858,0.6776147890466887,110.5,118.4
2019-11-14,Haryana,NR,28.45000633,77.01999101,110.5,2019,11,3,318,0,0,21.4,69,114.4,89.2,151.4,108.24285714285715,11.168088040314593,126.55333333333333,0.43388373911755823,-0.900968867902419,-0.5000000000000004,0.8660254037844384,-0.7236440382959124,0.690173388242972,101.8,122.6
2019-11-15,Haryana,NR,28.45000633,77.01999101,101.8,2019,11,4,319,0,0,20.7,71,110.5,83.5,143.5,110.85714285714286,4.651471861273228,125.16333333333334,-0.433883739117558,-0.9009688679024191,-0.5000000000000004,0.8660254037844384,-0.711656622281775,0.7025274741691566,118.8,114.9
2019-11-16,Haryana,NR,28.45000633,77.01999101,118.8,2019,11,5,320,1,0,21.4,68,101.8,107.9,137.8,112.41428571428573,5.278708355723711,124.53,-0.9749279121818236,-0.2225209339563146,-0.5000000000000004,0.8660254037844384,-0.6994583270516471,0.7146733860429608,122.5,118.1
2019-11-17,Haryana,NR,28.45000633,77.01999101,122.5,2019,11,6,321,1,0,21.2,64,118.8,114.1,141.2,113.61428571428571,6.53182684283553,123.90666666666668,-0.7818314824680299,0.6234898018587334,-0.5000000000000004,0.8660254037844384,-0.6870527672236675,0.7266075247685652,125.2,123.0
2019-11-18,Haryana,NR,28.45000633,77.01999101,125.2,2019,11,0,322,0,0,19.4,68,122.5,113.3,120.7,115.31428571428572,7.851630100693697,124.05666666666666,0.0,1.0,-0.5000000000000004,0.8660254037844384,-0.6744436188329457,0.7383263540031063,115.7,122.9
2019-11-19,Haryana,NR,28.45000633,77.01999101,115.7,2019,11,1,323,0,0,19.0,69,125.2,114.0,123.2,115.55714285714286,7.830465533811795,123.80666666666666,0.7818314824680298,0.6234898018587336,-0.5000000000000004,0.8660254037844384,-0.661634618242279,0.749826401204568,118.4,111.5
2019-11-20,Haryana,NR,28.45000633,77.01999101,118.4,2019,11,2,324,0,0,18.9,66,115.7,114.4,127.7,116.12857142857142,7.877756509252575,123.49666666666666,0.9749279121818236,-0.22252093395631434,-0.5000000000000004,0.8660254037844384,-0.6486295610349818,0.7611042586607742,122.6,116.5
2019-11-21,Haryana,NR,28.45000633,77.01999101,122.6,2019,11,3,325,0,0,19.8,64,118.4,110.5,125.3,117.85714285714286,7.763559566518441,123.40666666666667,0.43388373911755823,-0.900968867902419,-0.5000000000000004,0.8660254037844384,-0.6354323008901775,0.7721565844991641,114.9,118.4
2019-11-22,Haryana,NR,28.45000633,77.01999101,114.9,2019,11,4,326,0,0,20.3,67,122.6,101.8,125.3,119.72857142857143,3.8304544054723983,123.05999999999999,-0.433883739117558,-0.9009688679024191,-0.5000000000000004,0.8660254037844384,-0.622046748440868,0.7829801036770624,118.1,107.4
2019-11-23,Haryana,NR,28.45000633,77.01999101,118.1,2019,11,5,327,1,0,20.2,66,114.9,118.8,126.1,119.62857142857142,3.867692803089411,122.79333333333332,-0.9749279121818236,-0.2225209339563146,-0.5000000000000004,0.8660254037844384,-0.6084768701151264,0.7935716089521472,123.0,194.8
2019-11-24,Haryana,NR,28.45000633,77.01999101,123.0,2019,11,6,328,1,0,20.0,67,118.1,122.5,115.6,119.70000000000002,3.9336158090687117,123.03999999999999,-0.7818314824680299,0.6234898018587334,-0.5000000000000004,0.8660254037844384,-0.594726686960764,0.8039279618328208,122.9,199.8
2019-11-25,Haryana,NR,28.45000633,77.01999101,122.9,2019,11,0,329,0,0,19.7,70,123.0,125.2,206.9,119.37142857142858,3.4658881909841073,120.24,0.0,1.0,-0.5000000000000004,0.8660254037844384,-0.5808002734538013,0.8140460935082175,111.5,176.2
2019-11-26,Haryana,NR,28.45000633,77.01999101,111.5,2019,11,1,330,0,0,20.2,67,122.9,115.7,204.7,118.77142857142857,4.4353557864508915,117.13333333333334,0.7818314824680298,0.6234898018587336,-0.5000000000000004,0.8660254037844384,-0.5667017562911184,0.8239230057575536,116.5,185.3
2019-11-27,Haryana,NR,28.45000633,77.01999101,116.5,2019,11,2,331,0,0,18.9,74,111.5,118.4,192.2,118.5,4.519218221479898,114.60999999999999,0.9749279121818236,-0.22252093395631434,-0.5000000000000004,0.8660254037844384,-0.5524353131676203,0.8335557718385695,118.4,203.2
2019-11-28,Haryana,NR,28.45000633,77.01999101,118.4,2019,11,3,332,0,0,18.4,83,116.5,122.6,170.6,117.89999999999999,4.147690120218272,112.86999999999999,0.43388373911755823,-0.900968867902419,-0.5000000000000004,0.8660254037844384,-0.5380051715382992,0.8429415373547832,107.4,201.3
2019-11-29,Haryana,NR,28.45000633,77.01999101,107.4,2019,11,4,333,0,0,17.7,81,118.4,114.9,177.7,116.82857142857142,5.721804577147941,110.52666666666667,-0.433883739117558,-0.9009688679024191,-0.5000000000000004,0.8660254037844384,-0.5234156073655503,0.8520775211013093,194.8,165.9
2019-11-30,Haryana,NR,28.45000633,77.01999101,194.8,2019,11,5,334,1,0,16.4,80,107.4,118.1,150.9,127.78571428571429,30.094153838214375,111.99,-0.9749279121818236,-0.2225209339563146,-0.5000000000000004,0.8660254037844384,-0.5086709438521042,0.8609610158889945,199.8,101.3
2019-12-01,Haryana,NR,28.45000633,77.01999101,199.8,2019,12,6,335,1,0,14.8,76,194.8,123.0,125.4,138.75714285714284,40.320584368403395,114.47,-0.7818314824680299,0.6234898018587334,-2.4492935982947064e-16,1.0,-0.49377555015997737,0.8695893893466109,176.2,110.5
2019-12-02,Haryana,NR,28.45000633,77.01999101,176.2,2019,12,0,336,0,0,14.8,72,199.8,122.9,79.7,146.37142857142857,41.8313564321358,117.68666666666668,0.0,1.0,-2.4492935982947064e-16,1.0,-0.4787338401157883,0.8779600847008883,185.3,115.6
2019-12-03,Haryana,NR,28.45000633,77.01999101,185.3,2019,12,1,337,0,0,14.7,69,176.2,111.5,83.4,156.91428571428574,40.866711333775044,121.08333333333333,0.7818314824680298,0.6234898018587336,-2.4492935982947064e-16,1.0,-0.4635502709028512,0.8860706215341378,203.2,121.8
2019-12-04,Haryana,NR,28.45000633,77.01999101,203.2,2019,12,2,338,0,0,14.3,73,185.3,116.5,88.5,169.29999999999998,39.69832070335801,124.90666666666667,0.9749279121818236,-0.22252093395631434,-2.4492935982947064e-16,1.0,-0.4482293417404106,0.893918596519257,201.3,113.6
2019-12-05,Haryana,NR,28.45000633,77.01999101,201.3,2019,12,3,339,0,0,14.6,75,203.2,118.4,91.5,181.14285714285714,33.929233076255166,128.56666666666666,0.43388373911755823,-0.900968867902419,-2.4492935982947064e-16,1.0,-0.4327755925504317,0.9015016841318838,165.9,120.4
2019-12-06,Haryana,NR,28.45000633,77.01999101,165.9,2019,12,4,340,0,0,14.7,84,201.3,107.4,91.8,189.5,14.216187955988282,131.03666666666666,-0.433883739117558,-0.9009688679024191,-2.4492935982947064e-16,1.0,-0.41719360261231697,0.9088176373395028,101.3,128.5
2019-12-08,Haryana,NR,28.45000633,77.01999101,101.3,2019,12,6,342,1,0,15.3,79,165.9,194.8,89.2,176.14285714285714,35.858186287227596,131.44,-0.7818314824680299,0.6234898018587334,-2.4492935982947064e-16,1.0,-0.38566340624360745,0.9226395488404875,110.5,131.9
2019-12-09,Haryana,NR,28.45000633,77.01999101,110.5,2019,12,0,343,0,0,15.2,73,101.3,199.8,83.5,163.3857142857143,41.48286507991095,132.34,0.0,1.0,-2.4492935982947064e-16,1.0,-0.3697245428906732,0.9291414114031743,115.6,136.6
2019-12-10,Haryana,NR,28.45000633,77.01999101,115.6,2019,12,1,344,0,0,14.8,72,110.5,176.2,107.9,154.72857142857143,44.57131791805563,132.59666666666666,0.7818314824680298,0.6234898018587336,-2.4492935982947064e-16,1.0,-0.3536761221763721,0.935367949313148,121.8,137.8
2019-12-11,Haryana,NR,28.45000633,77.01999101,121.8,2019,12,2,345,0,0,15.4,73,115.6,185.3,114.1,145.65714285714287,43.76691509739826,132.85333333333332,0.9749279121818236,-0.22252093395631434,-2.4492935982947064e-16,1.0,-0.33752289959411347,0.941317317512847,113.6,136.9
2019-12-12,Haryana,NR,28.45000633,77.01999101,113.6,2019,12,3,346,0,0,15.7,78,121.8,203.2,113.3,132.85714285714286,36.65800763557047,132.86333333333332,0.43388373911755823,-0.900968867902419,-2.4492935982947064e-16,1.0,-0.32126966169236515,0.9469877530760751,120.4,136.8
2019-12-13,Haryana,NR,28.45000633,77.01999101,120.4,2019,12,4,347,0,0,15.0,85,113.6,201.3,114.0,121.3,20.811214925291903,133.07666666666665,-0.433883739117558,-0.9009688679024191,-2.4492935982947064e-16,1.0,-0.3049212246562894,0.9523775757303973,128.5,136.2
2019-12-14,Haryana,NR,28.45000633,77.01999101,128.5,2019,12,5,348,1,0,12.6,84,120.4,165.9,114.4,115.95714285714284,8.770187596409745,133.54666666666668,-0.9749279121818236,-0.2225209339563146,-2.4492935982947064e-16,1.0,-0.2884824328806098,0.9574851883550389,131.9,129.1
2019-12-15,Haryana,NR,28.45000633,77.01999101,131.9,2019,12,6,349,1,0,12.4,82,128.5,101.3,110.5,120.32857142857142,7.8217036263894535,134.26000000000002,-0.7818314824680299,0.6234898018587334,-2.4492935982947064e-16,1.0,-0.27195815753410524,0.9623090774541487,136.6,118.4
2019-12-16,Haryana,NR,28.45000633,77.01999101,136.6,2019,12,0,350,0,0,11.5,83,131.9,110.5,101.8,124.05714285714285,8.543195565841543,135.42,0.0,1.0,-2.4492935982947064e-16,1.0,-0.2553532951161881,0.9668478136052773,137.8,122.1
2019-12-17,Haryana,NR,28.45000633,77.01999101,137.8,2019,12,1,351,0,0,10.8,82,136.6,115.6,118.8,127.22857142857143,8.989385274815513,136.05333333333334,0.7818314824680298,0.6234898018587336,-2.4492935982947064e-16,1.0,-0.23867276600594997,0.9711000518829505,136.9,121.0
2019-12-18,Haryana,NR,28.45000633,77.01999101,136.9,2019,12,2,352,0,0,11.4,79,137.8,121.8,122.5,129.3857142857143,9.27675025200724,136.53333333333333,0.9749279121818236,-0.22252093395631434,-2.4492935982947064e-16,1.0,-0.22192151300416674,0.9750645322571945,136.8,111.3
2019-12-19,Haryana,NR,28.45000633,77.01999101,136.8,2019,12,3,353,0,0,11.3,79,136.9,113.6,125.2,132.70000000000002,6.3932255812971786,136.92000000000002,0.43388373911755823,-0.900968867902419,-2.4492935982947064e-16,1.0,-0.20510449986861926,0.9787400799669153,136.2,95.7
2019-12-20,Haryana,NR,28.45000633,77.01999101,136.2,2019,12,4,354,0,0,12.3,78,136.8,120.4,115.7,134.95714285714286,3.4287301550586515,137.60333333333335,-0.433883739117558,-0.9009688679024191,-2.4492935982947064e-16,1.0,-0.1882267098432439,0.9821256058680006,129.1,110.4
2019-12-21,Haryana,NR,28.45000633,77.01999101,129.1,2019,12,5,355,1,0,12.6,85,136.2,128.5,118.4,135.04285714285714,3.242867631619966,137.96,-0.9749279121818236,-0.2225209339563146,-2.4492935982947064e-16,1.0,-0.1712931441814778,0.9852201067560606,118.4,101.7
2019-12-22,Haryana,NR,28.45000633,77.01999101,118.4,2019,12,6,356,1,0,11.4,85,129.1,131.9,122.6,133.11428571428573,7.120025414616236,137.82000000000002,-0.7818314824680299,0.6234898018587334,-2.4492935982947064e-16,1.0,-0.154308820664281,0.9880226656636976,122.1,214.1
2019-12-23,Haryana,NR,28.45000633,77.01999101,122.1,2019,12,0,357,0,0,11.7,80,118.4,136.6,114.9,131.04285714285714,7.992675218153034,138.06,0.0,1.0,-2.4492935982947064e-16,1.0,-0.13727877211326517,0.9905324521322227,121.0,219.832
2019-12-24,Haryana,NR,28.45000633,77.01999101,121.0,2019,12,1,358,0,0,9.4,90,122.1,137.8,118.1,128.64285714285714,8.146340107243194,138.15666666666667,0.7818314824680298,0.6234898018587336,-2.4492935982947064e-16,1.0,-0.12020804489935275,0.9927487224577402,111.3,219.832
2019-12-25,Haryana,NR,28.45000633,77.01999101,111.3,2019,12,2,359,0,1,8.1,88,121.0,136.9,123.0,124.98571428571428,9.461752581038356,137.76666666666668,0.9749279121818236,-0.22252093395631434,-2.4492935982947064e-16,1.0,-0.10310169744743544,0.9946708199115211,95.7,219.832
2019-12-26,Haryana,NR,28.45000633,77.01999101,95.7,2019,12,3,360,0,0,8.0,85,111.3,136.8,122.9,119.11428571428571,12.999413906203209,136.86,0.43388373911755823,-0.900968867902419,-2.4492935982947064e-16,1.0,-0.0859647987374467,0.9962981749346077,110.4,219.832
2019-12-27,Haryana,NR,28.45000633,77.01999101,110.4,2019,12,4,361,0,0,6.8,88,95.7,136.2,111.5,115.42857142857143,10.823079396321427,136.82333333333332,-0.433883739117558,-0.9009688679024191,-2.4492935982947064e-16,1.0,-0.06880242680232064,0.9976303053065857,101.7,218.5
2019-12-28,Haryana,NR,28.45000633,77.01999101,101.7,2019,12,5,362,1,0,6.5,91,110.4,129.1,116.5,111.51428571428572,9.976209796550695,136.33,-0.9749279121818236,-0.2225209339563146,-2.4492935982947064e-16,1.0,-0.05161966722325418,0.9986668162884759,214.1,200.9
2019-12-29,Haryana,NR,28.45000633,77.01999101,214.1,2019,12,6,363,1,0,6.7,88,101.7,118.4,118.4,125.18571428571428,40.34271634266569,139.52,-0.7818314824680299,0.6234898018587334,-2.4492935982947064e-16,1.0,-0.034421611622745804,0.9994074007397048,219.832,89.9
2019-12-30,Haryana,NR,28.45000633,77.01999101,219.832,2019,12,0,364,0,0,6.2,91,214.1,122.1,107.4,139.14742857142855,53.77282473163431,143.26773333333333,0.0,1.0,-2.4492935982947064e-16,1.0,-0.01721335615583528,0.9998518392091162,219.832,69.1
2019-12-31,Haryana,NR,28.45000633,77.01999101,219.832,2019,12,1,365,0,0,6.4,82,219.832,121.0,194.8,153.26628571428571,60.73765456374462,144.1021333333333,0.7818314824680298,0.6234898018587336,-2.4492935982947064e-16,1.0,6.432490598706546e-16,1.0,219.832,77.1
2020-01-01,Haryana,NR,28.45000633,77.01999101,219.832,2020,1,2,1,0,0,9.4,80,219.832,111.3,199.8,168.77085714285712,62.077181968440335,144.76986666666664,0.9749279121818236,-0.22252093395631434,0.49999999999999994,0.8660254037844387,0.017213356155834685,0.9998518392091162,219.832,92.6
2020-01-02,Haryana,NR,28.45000633,77.01999101,219.832,2020,1,3,2,0,0,12.9,79,219.832,95.7,176.2,186.504,55.05769516909802,146.22426666666667,0.43388373911755823,-0.900968867902419,0.49999999999999994,0.8660254037844387,0.03442161162274574,0.9994074007397048,218.5,100.7
2020-01-03,Haryana,NR,28.45000633,77.01999101,218.5,2020,1,4,3,0,0,13.5,81,219.832,110.4,185.3,201.94685714285717,44.25428628366033,147.33093333333332,-0.433883739117558,-0.9009688679024191,0.49999999999999994,0.8660254037844387,0.051619667223253764,0.998666816288476,200.9,103.4
2020-01-04,Haryana,NR,28.45000633,77.01999101,200.9,2020,1,5,4,1,0,13.5,79,218.5,101.7,203.2,216.11828571428572,7.029805064015769,147.25426666666667,-0.9749279121818236,-0.2225209339563146,0.49999999999999994,0.8660254037844387,0.06880242680231986,0.9976303053065857,89.9,95.8
2020-01-05,Haryana,NR,28.45000633,77.01999101,89.9,2020,1,6,5,1,0,13.1,75,200.9,214.1,201.3,198.37542857142856,48.33878406572055,143.5409333333333,-0.7818314824680299,0.6234898018587334,0.49999999999999994,0.8660254037844387,0.08596479873744647,0.9962981749346078,69.1,214.9
2020-01-13,Haryana,NR,28.45000633,77.01999101,69.1,2020,1,0,13,0,0,14.5,83,89.9,219.832,165.9,176.8422857142857,67.1141397861739,140.31426666666667,0.0,1.0,0.49999999999999994,0.8660254037844387,0.2219215130041655,0.9750645322571948,77.1,207.9
2020-01-14,Haryana,NR,28.45000633,77.01999101,77.1,2020,1,1,14,0,0,13.2,83,69.1,219.832,101.3,156.452,73.27563069215674,139.5076,0.7818314824680298,0.6234898018587336,0.49999999999999994,0.8660254037844387,0.2386727660059501,0.9711000518829505,92.6,210.1
2020-01-15,Haryana,NR,28.45000633,77.01999101,92.6,2020,1,2,15,0,0,11.7,86,77.1,219.832,110.5,138.276,70.66752317719947,138.9109333333333,0.9749279121818236,-0.22252093395631434,0.49999999999999994,0.8660254037844387,0.255353295116187,0.9668478136052775,100.7,214.6
2020-01-16,Haryana,NR,28.45000633,77.01999101,100.7,2020,1,3,16,0,0,12.0,91,92.6,219.832,115.6,121.25714285714285,61.50403393661448,138.41426666666666,0.43388373911755823,-0.900968867902419,0.49999999999999994,0.8660254037844387,0.2719581575341055,0.9623090774541486,103.4,212.3
2020-01-17,Haryana,NR,28.45000633,77.01999101,103.4,2020,1,4,17,0,0,12.8,89,100.7,218.5,121.8,104.8142857142857,44.09574539459346,137.80093333333335,-0.433883739117558,-0.9009688679024191,0.49999999999999994,0.8660254037844387,0.288482432880609,0.9574851883550393,95.8,207.1
2020-01-18,Haryana,NR,28.45000633,77.01999101,95.8,2020,1,5,18,1,0,12.2,89,103.4,200.9,113.6,89.79999999999998,12.499333315557,137.2076,-0.9749279121818236,-0.2225209339563146,0.49999999999999994,0.8660254037844387,0.30492122465628907,0.9523775757303974,214.9,192.3
2020-01-19,Haryana,NR,28.45000633,77.01999101,214.9,2020,1,6,19,1,0,10.8,86,95.8,89.9,120.4,107.65714285714286,48.91362649756102,140.3576,-0.7818314824680299,0.6234898018587334,0.49999999999999994,0.8660254037844387,0.3212696616923644,0.9469877530760753,207.9,116.7
2020-01-20,Haryana,NR,28.45000633,77.01999101,207.9,2020,1,0,20,0,0,11.3,84,214.9,69.1,128.5,127.48571428571428,57.97273579225089,143.0042666666667,0.0,1.0,0.49999999999999994,0.8660254037844387,0.3375228995941133,0.9413173175128471,210.1,126.8
2020-01-21,Haryana,NR,28.45000633,77.01999101,210.1,2020,1,1,21,0,0,12.5,83,207.9,77.1,131.9,146.48571428571427,60.44891585935554,145.61093333333332,0.7818314824680298,0.6234898018587336,0.49999999999999994,0.8660254037844387,0.3536761221763716,0.9353679493131483,214.6,129.4
2020-01-22,Haryana,NR,28.45000633,77.01999101,214.6,2020,1,2,22,0,0,11.8,84,210.1,92.6,136.6,163.91428571428574,59.90830294629256,148.21093333333334,0.9749279121818236,-0.22252093395631434,0.49999999999999994,0.8660254037844387,0.3697245428906731,0.9291414114031743,212.3,131.2
2020-01-23,Haryana,NR,28.45000633,77.01999101,212.3,2020,1,3,23,0,0,11.9,68,214.6,100.7,137.8,179.85714285714286,54.924094807981895,150.69426666666666,0.43388373911755823,-0.900968867902419,0.49999999999999994,0.8660254037844387,0.38566340624360707,0.9226395488404876,207.1,127.1
2020-01-24,Haryana,NR,28.45000633,77.01999101,207.1,2020,1,4,24,0,0,12.2,62,212.3,103.4,136.9,194.67142857142855,43.70387909120917,153.03426666666667,-0.433883739117558,-0.9009688679024191,0.49999999999999994,0.8660254037844387,0.401487989205973,0.9158642882672872,192.3,126.3
2020-01-25,Haryana,NR,28.45000633,77.01999101,192.3,2020,1,5,25,1,0,11.6,74,207.1,95.8,136.8,208.45714285714286,7.745075240187276,154.88426666666666,-0.9749279121818236,-0.2225209339563146,0.49999999999999994,0.8660254037844387,0.4171936026123168,0.9088176373395029,116.7,116.6
2020-01-26,Haryana,NR,28.45000633,77.01999101,116.7,2020,1,6,26,1,1,13.5,78,192.3,214.9,136.2,194.42857142857142,35.02421611236568,154.23426666666668,-0.7818314824680299,0.6234898018587334,0.49999999999999994,0.8660254037844387,0.4327755925504312,0.901501684131884,126.8,147.8
2020-01-27,Haryana,NR,28.45000633,77.01999101,126.8,2020,1,0,27,0,0,14.6,74,116.7,207.9,129.1,182.84285714285716,42.45137834993716,154.1576,0.0,1.0,0.49999999999999994,0.8660254037844387,0.4482293417404106,0.893918596519257,129.4,135.6
2020-01-28,Haryana,NR,28.45000633,77.01999101,129.4,2020,1,1,28,0,0,14.1,82,126.8,210.1,118.4,171.31428571428572,44.71306403321174,154.52426666666668,0.7818314824680298,0.6234898018587336,0.49999999999999994,0.8660254037844387,0.4635502709028509,0.886070621534138,131.2,148.9
2020-01-29,Haryana,NR,28.45000633,77.01999101,131.2,2020,1,2,29,0,0,12.7,83,129.4,214.6,122.1,159.4,42.303270165161855,154.8276,0.9749279121818236,-0.22252093395631434,0.49999999999999994,0.8660254037844387,0.47873384011578846,0.8779600847008882,127.1,155.6
2020-01-30,Haryana,NR,28.45000633,77.01999101,127.1,2020,1,3,30,0,0,11.8,80,131.2,212.3,121.0,147.22857142857143,36.38972905851865,155.03093333333334,0.43388373911755823,-0.900968867902419,0.49999999999999994,0.8660254037844387,0.49377555015997715,0.869589389346611,126.3,158.2
2020-01-31,Haryana,NR,28.45000633,77.01999101,126.3,2020,1,4,31,0,0,11.4,77,127.1,207.1,111.3,135.68571428571428,25.383815616217333,155.53093333333334,-0.433883739117558,-0.9009688679024191,0.49999999999999994,0.8660254037844387,0.5086709438521044,0.8609610158889943,116.6,157.5
2020-02-01,Haryana,NR,28.45000633,77.01999101,116.6,2020,2,5,32,1,0,11.6,76,126.3,192.3,95.7,124.87142857142858,5.866206691927265,156.2276,-0.9749279121818236,-0.2225209339563146,0.8660254037844386,0.5000000000000001,0.5234156073655503,0.8520775211013093,147.8,146.0
2020-02-02,Haryana,NR,28.45000633,77.01999101,147.8,2020,2,6,33,1,0,10.6,79,116.6,116.7,110.4,129.31428571428572,9.37415393007764,157.47426666666667,-0.7818314824680299,0.6234898018587334,0.8660254037844386,0.5000000000000001,0.5380051715382996,0.8429415373547828,135.6,123.5
2020-02-03,Haryana,NR,28.45000633,77.01999101,135.6,2020,2,0,34,0,0,11.5,73,147.8,126.8,101.7,130.57142857142858,9.568823383907146,158.60426666666666,0.0,1.0,0.8660254037844386,0.5000000000000001,0.5524353131676196,0.8335557718385699,148.9,131.5
2020-02-04,Haryana,NR,28.45000633,77.01999101,148.9,2020,2,1,35,0,0,13.0,73,135.6,129.4,214.1,133.35714285714286,11.75880622382855,156.43093333333334,0.7818314824680298,0.6234898018587336,0.8660254037844386,0.5000000000000001,0.5667017562911176,0.8239230057575542,155.6,131.0
2020-02-05,Haryana,NR,28.45000633,77.01999101,155.6,2020,2,2,36,0,0,12.6,76,148.9,131.2,219.832,136.84285714285713,14.344901201340253,154.28986666666665,0.9749279121818236,-0.22252093395631434,0.8660254037844386,0.5000000000000001,0.5808002734538009,0.8140460935082178,158.2,129.9
2020-02-13,Haryana,NR,28.45000633,77.01999101,158.2,2020,2,3,44,0,0,18.5,59,155.6,127.1,219.832,141.28571428571428,15.586792333193975,152.23546666666667,0.43388373911755823,-0.900968867902419,0.8660254037844386,0.5000000000000001,0.6870527672236669,0.7266075247685656,157.5,131.2
2020-02-14,Haryana,NR,28.45000633,77.01999101,157.5,2020,2,4,45,0,0,18.1,52,158.2,126.3,219.832,145.74285714285716,15.038601125421867,150.15773333333334,-0.433883739117558,-0.9009688679024191,0.8660254037844386,0.5000000000000001,0.699458327051647,0.7146733860429609,146.0,130.2
2020-02-15,Haryana,NR,28.45000633,77.01999101,146.0,2020,2,5,46,1,0,16.8,48,157.5,116.6,219.832,149.94285714285712,8.002469856833999,147.69666666666666,-0.9749279121818236,-0.2225209339563146,0.8660254037844386,0.5000000000000001,0.7116566222817746,0.7025274741691571,123.5,116.6
2020-02-16,Haryana,NR,28.45000633,77.01999101,123.5,2020,2,6,47,1,0,16.4,60,146.0,147.8,218.5,146.47142857142856,12.87448565778053,144.53,-0.7818314824680299,0.6234898018587334,0.8660254037844386,0.5000000000000001,0.7236440382959124,0.6901733882429719,131.5,156.6
2020-02-17,Haryana,NR,28.45000633,77.01999101,131.5,2020,2,0,48,0,0,16.6,57,123.5,135.6,200.9,145.8857142857143,13.528171664029276,142.21666666666667,0.0,1.0,0.8660254037844386,0.5000000000000001,0.7354170229639855,0.6776147890466889,131.0,165.3
2020-02-18,Haryana,NR,28.45000633,77.01999101,131.0,2020,2,1,49,0,0,16.8,51,131.5,148.9,89.9,143.32857142857142,14.518920332416789,143.58666666666667,0.7818314824680298,0.6234898018587336,0.8660254037844386,0.5000000000000001,0.7469720876965552,0.6648553979642865,129.9,169.2
2020-02-19,Haryana,NR,28.45000633,77.01999101,129.9,2020,2,2,50,0,0,18.0,55,131.0,155.6,69.1,139.65714285714287,14.143179409508482,145.61333333333332,0.9749279121818236,-0.22252093395631434,0.8660254037844386,0.5000000000000001,0.7583058084785624,0.6518989958787126,131.2,170.7
2020-02-20,Haryana,NR,28.45000633,77.01999101,131.2,2020,2,3,51,0,0,20.0,61,129.9,158.2,77.1,135.79999999999998,11.716939304557767,147.41666666666666,0.43388373911755823,-0.900968867902419,0.8660254037844386,0.5000000000000001,0.7694148268839378,0.6387494220515272,130.2,162.2
2020-02-21,Haryana,NR,28.45000633,77.01999101,130.2,2020,2,4,52,0,0,16.3,83,131.2,157.5,92.6,131.9,6.803430507228951,148.67000000000002,-0.433883739117558,-0.9009688679024191,0.8660254037844386,0.5000000000000001,0.7802958510707755,0.6254105729852463,116.6,162.0
2020-02-22,Haryana,NR,28.45000633,77.01999101,116.6,2020,2,5,53,1,0,17.4,82,130.2,146.0,100.7,127.7,5.620201657120214,149.2,-0.9749279121818236,-0.2225209339563146,0.8660254037844386,0.5000000000000001,0.7909456567567772,0.6118864012687243,156.6,158.8
2020-02-23,Haryana,NR,28.45000633,77.01999101,156.6,2020,2,6,54,1,0,17.4,83,116.6,123.5,103.4,132.42857142857142,11.906400839565558,150.97333333333333,-0.7818314824680299,0.6234898018587334,0.8660254037844386,0.5000000000000001,0.8013610881746766,0.5981809144059165,165.3,125.7
2020-02-24,Haryana,NR,28.45000633,77.01999101,165.3,2020,2,0,55,0,0,17.1,80,156.6,131.5,95.8,137.25714285714284,17.161182665428786,153.29,0.0,1.0,0.8660254037844386,0.5000000000000001,0.8115390590073611,0.5842981736283684,169.2,124.7
2020-02-25,Haryana,NR,28.45000633,77.01999101,169.2,2020,2,1,56,0,0,17.6,73,165.3,131.0,214.9,142.71428571428572,20.574128460393666,151.76666666666668,0.7818314824680298,0.6234898018587336,0.8660254037844386,0.5000000000000001,0.8214765533024142,0.5702422926917871,170.7,120.2
2020-02-26,Haryana,NR,28.45000633,77.01999101,170.7,2020,2,2,57,0,0,18.7,69,169.2,129.9,207.9,148.54285714285714,22.06413810861881,150.52666666666667,0.9749279121818236,-0.22252093395631434,0.8660254037844386,0.5000000000000001,0.8311706263658079,0.5560174366570446,162.2,126.5
2020-02-27,Haryana,NR,28.45000633,77.01999101,162.2,2020,2,3,58,0,0,19.5,75,170.7,131.2,210.1,152.97142857142856,21.092709189489906,148.92999999999998,0.43388373911755823,-0.900968867902419,0.8660254037844386,0.5000000000000001,0.8406184056344782,0.5416278206559814,162.0,129.7
2020-02-28,Haryana,NR,28.45000633,77.01999101,162.0,2020,2,4,59,0,0,20.5,72,162.2,130.2,214.6,157.5142857142857,18.65443902233735,147.17666666666665,-0.433883739117558,-0.9009688679024191,0.8660254037844386,0.5000000000000001,0.8498170915275278,0.5270777086423722,158.8,128.5
2020-02-29,Haryana,NR,28.45000633,77.01999101,158.8,2020,2,5,60,1,0,18.7,82,162.0,116.6,212.3,163.54285714285714,5.183260602766662,145.39333333333335,-0.9749279121818236,-0.2225209339563146,0.8660254037844386,0.5000000000000001,0.8587639582758029,0.5123714121284237,125.7,114.1
2020-03-01,Haryana,NR,28.45000633,77.01999101,125.7,2020,3,6,61,1,0,18.9,81,158.8,156.6,207.1,159.12857142857143,15.322501349944575,142.67999999999998,-0.7818314824680299,0.6234898018587334,1.0,6.123233995736766e-17,0.8674563547295969,0.49751328890718066,124.7,205.8
2020-03-02,Haryana,NR,28.45000633,77.01999101,124.7,2020,3,0,62,0,0,19.5,79,125.7,165.3,192.3,153.32857142857142,19.66568197696326,140.42666666666668,0.0,1.0,1.0,6.123233995736766e-17,0.8758917051442429,0.48250774176121847,120.2,210.4
2020-03-03,Haryana,NR,28.45000633,77.01999101,120.2,2020,3,1,63,0,0,19.5,70,124.7,169.2,116.7,146.32857142857142,21.69114368321157,140.54333333333335,0.7818314824680298,0.6234898018587336,1.0,6.123233995736766e-17,0.8840675099433636,0.4673592171580022,126.5,199.5
2020-03-04,Haryana,NR,28.45000633,77.01999101,126.5,2020,3,2,64,0,0,19.3,72,120.2,170.7,126.8,140.0142857142857,19.761699367837306,140.53333333333333,0.9749279121818236,-0.22252093395631434,1.0,6.123233995736766e-17,0.8919813464595485,0.45207220393230435,129.7,214.9
2020-03-05,Haryana,NR,28.45000633,77.01999101,129.7,2020,3,3,65,0,0,18.6,77,126.5,162.2,129.4,135.3714285714286,17.351437431878775,140.54333333333335,0.43388373911755823,-0.900968867902419,1.0,6.123233995736766e-17,0.8996308696522433,0.43665123195606403,128.5,207.9
2020-03-13,Haryana,NR,28.45000633,77.01999101,128.5,2020,3,4,73,0,0,18.3,63,129.7,162.0,131.2,130.58571428571432,12.80786588669068,140.45333333333335,-0.433883739117558,-0.9009688679024191,1.0,6.123233995736766e-17,0.9510565162951535,0.30901699437494745,114.1,210.1
2020-03-14,Haryana,NR,28.45000633,77.01999101,114.1,2020,3,5,74,1,0,16.6,81,128.5,158.8,127.1,124.2,5.393514624067543,140.02,-0.9749279121818236,-0.2225209339563146,1.0,6.123233995736766e-17,0.9562348265919056,0.29260033563334836,205.8,214.6
2020-03-15,Haryana,NR,28.45000633,77.01999101,205.8,2020,3,6,75,1,0,16.2,76,114.1,125.7,126.3,135.64285714285714,31.39606435754138,142.67,-0.7818314824680299,0.6234898018587334,1.0,6.123233995736766e-17,0.9611297838723007,0.27609697309746883,210.4,74.2
2020-03-16,Haryana,NR,28.45000633,77.01999101,210.4,2020,3,0,76,0,0,17.4,76,205.8,124.7,116.6,147.8857142857143,41.50090073606568,145.79666666666668,0.0,1.0,1.0,6.123233995736766e-17,0.9657399376548549,0.2595117970697999,199.5,75.8
2020-03-17,Haryana,NR,28.45000633,77.01999101,199.5,2020,3,1,77,0,0,18.8,71,210.4,120.2,147.8,159.21428571428572,43.460956753214376,147.52,0.7818314824680298,0.6234898018587336,1.0,6.123233995736766e-17,0.9700639218515071,0.2428497220959356,214.9,73.2
2020-03-18,Haryana,NR,28.45000633,77.01999101,214.9,2020,3,2,78,0,0,20.3,66,199.5,126.5,135.6,171.84285714285716,45.18007883801803,150.16333333333333,0.9749279121818236,-0.22252093395631434,1.0,6.123233995736766e-17,0.9741004551724205,0.22611568550828828,207.9,70.3
2020-03-19,Haryana,NR,28.45000633,77.01999101,207.9,2020,3,3,79,0,0,21.0,67,214.9,129.7,148.9,183.0142857142857,42.61832268603988,152.13000000000002,0.43388373911755823,-0.900968867902419,1.0,6.123233995736766e-17,0.9778483415056568,0.20931464596304847,210.1,73.8
2020-03-20,Haryana,NR,28.45000633,77.01999101,210.1,2020,3,4,80,0,0,21.5,66,207.9,128.5,155.6,194.67142857142858,35.84348914776155,153.94666666666666,-0.433883739117558,-0.9009688679024191,1.0,6.123233995736766e-17,0.9813064702716093,0.19245158197082998,214.6,76.7
2020-03-21,Haryana,NR,28.45000633,77.01999101,214.6,2020,3,5,81,1,0,21.9,68,210.1,114.1,158.2,209.02857142857144,5.339074291081856,155.82666666666668,-0.9749279121818236,-0.2225209339563146,1.0,6.123233995736766e-17,0.9844738167520922,0.1755314904214282,74.2,79.3
2020-03-22,Haryana,NR,28.45000633,77.01999101,74.2,2020,3,6,82,1,0,22.1,66,214.6,205.8,157.5,190.22857142857146,51.42190565267266,153.05,-0.7818314824680299,0.6234898018587334,1.0,6.123233995736766e-17,0.9873494423939864,0.15855938510313475,75.8,115.6
2020-03-23,Haryana,NR,28.45000633,77.01999101,75.8,2020,3,0,83,0,0,22.4,62,74.2,210.4,146.0,171.0,65.78262181863332,150.71,0.0,1.0,1.0,6.123233995736766e-17,0.989932495087353,0.141540295217043,73.2,118.0
2020-03-24,Haryana,NR,28.45000633,77.01999101,73.2,2020,3,1,84,0,0,24.0,60,75.8,199.5,123.5,152.95714285714286,73.52765595662764,149.03333333333333,0.7818314824680298,0.6234898018587336,1.0,6.123233995736766e-17,0.9922222094179323,0.12447926388678915,70.3,119.6
2020-03-25,Haryana,NR,28.45000633,77.01999101,70.3,2020,3,2,85,0,0,23.5,63,73.2,214.9,131.5,132.3,73.53702015538401,146.99333333333334,0.9749279121818236,-0.22252093395631434,1.0,6.123233995736766e-17,0.994217906893952,0.10738134666416309,73.8,112.8
2020-03-26,Haryana,NR,28.45000633,77.01999101,73.8,2020,3,3,86,0,0,23.5,59,70.3,207.9,131.0,113.14285714285714,67.80373286535354,145.08666666666667,0.43388373911755823,-0.900968867902419,1.0,6.123233995736766e-17,0.995918996147179,0.09025161003104117,76.7,114.7
2020-03-27,Haryana,NR,28.45000633,77.01999101,76.7,2020,3,4,87,0,0,21.3,75,73.8,210.1,129.9,94.08571428571429,53.18089972196918,143.31333333333336,-0.433883739117558,-0.9009688679024191,1.0,6.123233995736766e-17,0.9973249731081555,0.07309512989807777,79.3,114.3
2020-03-28,Haryana,NR,28.45000633,77.01999101,79.3,2020,3,5,88,1,0,21.0,69,76.7,214.6,131.2,74.75714285714285,2.8582378854081645,141.58333333333334,-0.9749279121818236,-0.2225209339563146,1.0,6.123233995736766e-17,0.9984354211555643,0.055916990100603484,115.6,102.6
2020-03-29,Haryana,NR,28.45000633,77.01999101,115.6,2020,3,6,89,1,0,21.8,58,79.3,74.2,130.2,80.67142857142858,15.66308976391427,141.09666666666666,-0.7818314824680299,0.6234898018587334,1.0,6.123233995736766e-17,0.9992500112396835,0.03872228089217446,118.0,107.6
2020-03-30,Haryana,NR,28.45000633,77.01999101,118.0,2020,3,0,90,0,0,21.8,55,115.6,75.8,116.6,86.7,20.76567680894087,141.14333333333335,0.0,1.0,1.0,6.123233995736766e-17,0.9997685019798909,0.021516097436222254,119.6,116.5
2020-03-31,Haryana,NR,28.45000633,77.01999101,119.6,2020,3,1,91,0,0,22.5,56,118.0,73.2,156.6,93.32857142857142,23.021273805310926,139.91,0.7818314824680298,0.6234898018587336,1.0,6.123233995736766e-17,0.9999907397361901,0.004303538296244289,112.8,121.2
2020-04-01,Haryana,NR,28.45000633,77.01999101,112.8,2020,4,2,92,0,0,23.8,55,119.6,70.3,165.3,99.39999999999999,21.48898942869837,138.16,0.9749279121818236,-0.22252093395631434,0.8660254037844387,-0.4999999999999998,0.9999166586547379,-0.01291029607500882,114.7,125.1
2020-04-02,Haryana,NR,28.45000633,77.01999101,114.7,2020,4,3,93,0,1,23.1,52,112.8,73.8,169.2,105.24285714285715,18.75463117409219,136.34333333333333,0.43388373911755823,-0.900968867902419,0.8660254037844387,-0.4999999999999998,0.9995462806873573,-0.030120304846908114,114.3,125.6
2020-04-03,Haryana,NR,28.45000633,77.01999101,114.3,2020,4,4,94,0,0,22.0,46,114.7,76.7,170.7,110.61428571428571,13.998741440029484,134.46333333333334,-0.433883739117558,-0.9009688679024191,0.8660254037844387,-0.4999999999999998,0.9988797155850336,-0.04732138832243185,102.6,124.3
2020-04-04,Haryana,NR,28.45000633,77.01999101,102.6,2020,4,5,95,1,0,22.9,49,114.3,79.3,162.2,113.94285714285715,5.505711320337454,132.47666666666666,-0.9749279121818236,-0.2225209339563146,0.8660254037844387,-0.4999999999999998,0.9979171608653922,-0.06450844944931623,107.6,116.8
2020-04-05,Haryana,NR,28.45000633,77.01999101,107.6,2020,4,6,96,1,0,24.0,52,102.6,115.6,162.0,112.8,5.919177870845089,130.66333333333333,-0.7818314824680299,0.6234898018587334,0.8660254037844387,-0.4999999999999998,0.9966589017541702,-0.08167639533042241,116.5,123.4
2020-04-13,Haryana,NR,28.45000633,77.01999101,116.5,2020,4,0,104,0,0,28.9,42,107.6,118.0,158.8,112.58571428571429,5.723468811667528,129.25333333333336,0.0,1.0,0.8660254037844387,-0.4999999999999998,0.9760105506323683,-0.21772323039653177,121.2,126.5
2020-04-14,Haryana,NR,28.45000633,77.01999101,121.2,2020,4,1,105,0,1,30.2,39,116.5,119.6,125.7,112.8142857142857,6.071635850806392,129.10333333333332,0.7818314824680298,0.6234898018587336,0.8660254037844387,-0.4999999999999998,0.9721181966290613,-0.23449138957040985,125.1,125.3
2020-04-15,Haryana,NR,28.45000633,77.01999101,125.1,2020,4,2,106,0,0,30.6,34,121.2,112.8,124.7,114.57142857142857,7.643235415652338,129.11666666666667,0.9749279121818236,-0.22252093395631434,0.8660254037844387,-0.4999999999999998,0.9679377830240642,-0.25119006388481935,125.6,129.7
2020-04-16,Haryana,NR,28.45000633,77.01999101,125.6,2020,4,3,107,0,0,30.1,35,125.1,114.7,120.2,116.12857142857142,8.709709961823142,129.29666666666665,0.43388373911755823,-0.900968867902419,0.8660254037844387,-0.4999999999999998,0.9634705485641488,-0.2678143051621742,124.3,115.0
2020-04-17,Haryana,NR,28.45000633,77.01999101,124.3,2020,4,4,108,0,0,29.3,34,125.6,114.3,126.5,117.55714285714285,9.16785273712207,129.22333333333333,-0.433883739117558,-0.9009688679024191,0.8660254037844387,-0.4999999999999998,0.9587178169872964,-0.2843591872810034,116.8,120.0
2020-04-18,Haryana,NR,28.45000633,77.01999101,116.8,2020,4,5,109,1,0,29.4,36,124.3,102.6,129.7,119.58571428571429,6.485221294460724,128.79333333333335,-0.9749279121818236,-0.2225209339563146,0.8660254037844387,-0.4999999999999998,0.9536809966304457,-0.30081980763566735,123.4,111.6
2020-04-19,Haryana,NR,28.45000633,77.01999101,123.4,2020,4,6,110,1,0,27.7,43,116.8,107.6,128.5,121.84285714285714,3.8204961034165015,128.62333333333333,-0.7818314824680299,0.6234898018587334,0.8660254037844387,-0.4999999999999998,0.9483615800121715,-0.3171912885891061,126.5,189.3
2020-04-20,Haryana,NR,28.45000633,77.01999101,126.5,2020,4,0,111,0,0,26.3,44,123.4,116.5,114.1,123.27142857142857,3.327518738100546,129.03666666666666,0.0,1.0,0.8660254037844387,-0.4999999999999998,0.9427611433904207,-0.3334687789181868,125.3,184.2
2020-04-21,Haryana,NR,28.45000633,77.01999101,125.3,2020,4,1,112,0,0,26.2,50,126.5,121.2,205.8,123.85714285714286,3.262339213338501,126.35333333333332,0.7818314824680298,0.6234898018587336,0.8660254037844387,-0.4999999999999998,0.9368813462954315,-0.3496474552512284,129.7,189.4
2020-04-22,Haryana,NR,28.45000633,77.01999101,129.7,2020,4,2,113,0,0,27.7,40,125.3,125.1,210.4,124.51428571428572,3.9460649476987903,123.66333333333333,0.9749279121818236,-0.22252093395631434,0.8660254037844387,-0.4999999999999998,0.9307239310379795,-0.36572252349726897,115.0,185.1
2020-04-23,Haryana,NR,28.45000633,77.01999101,115.0,2020,4,3,114,0,0,28.9,37,129.7,125.6,199.5,123.0,5.271305973541673,120.84666666666665,0.43388373911755823,-0.900968867902419,0.8660254037844387,-0.4999999999999998,0.9242907221930933,-0.3816892202666588,120.0,183.5
2020-04-24,Haryana,NR,28.45000633,77.01999101,120.0,2020,4,4,115,0,0,28.9,39,115.0,124.3,214.9,122.38571428571429,5.3446011923053485,117.68333333333332,-0.433883739117558,-0.9009688679024191,0.8660254037844387,-0.4999999999999998,0.9175836260593937,-0.39754281428255595,111.6,187.4
2020-04-25,Haryana,NR,28.45000633,77.01999101,111.6,2020,4,5,116,1,0,28.6,41,120.0,116.8,207.9,121.64285714285714,6.489185142184967,114.47333333333334,-0.9749279121818236,-0.2225209339563146,0.8660254037844387,-0.4999999999999998,0.9106046300942162,-0.4132786077829042,189.3,179.9
2020-04-26,Haryana,NR,28.45000633,77.01999101,189.3,2020,4,6,117,1,0,27.3,54,111.6,123.4,210.1,131.05714285714285,26.47847283756275,113.77999999999999,-0.7818314824680299,0.6234898018587334,0.8660254037844387,-0.4999999999999998,0.9033558023246845,-0.4288919379124835,184.2,89.5
2020-04-27,Haryana,NR,28.45000633,77.01999101,184.2,2020,4,0,118,0,0,25.5,68,189.3,126.5,214.6,139.29999999999998,33.001111092406454,112.76666666666667,0.0,1.0,0.8660254037844387,-0.4999999999999998,0.895839290734909,-0.4443781781046132,189.4,91.0
2020-04-28,Haryana,NR,28.45000633,77.01999101,189.4,2020,4,1,119,0,0,26.4,65,184.2,125.3,74.2,148.45714285714286,37.10677643157473,116.60666666666665,0.7818314824680298,0.6234898018587336,0.8660254037844387,-0.4999999999999998,0.8880573226294932,-0.45973273945210397,185.1,108.2
2020-04-29,Haryana,NR,28.45000633,77.01999101,185.1,2020,4,2,120,0,0,28.6,54,189.4,129.7,75.8,156.37142857142857,38.32730594435759,120.25,0.9749279121818236,-0.22252093395631434,0.8660254037844387,-0.4999999999999998,0.8800122039735357,-0.47495107206704995,183.5,106.9
2020-04-30,Haryana,NR,28.45000633,77.01999101,183.5,2020,4,3,121,0,0,29.4,50,185.1,115.0,73.2,166.15714285714284,34.56379884324337,123.92666666666668,0.43388373911755823,-0.900968867902419,0.8660254037844387,-0.4999999999999998,0.8717063187093218,-0.4900286664290592,187.4,109.1
2020-05-01,Haryana,NR,28.45000633,77.01999101,187.4,2020,5,4,122,0,0,30.8,52,183.5,120.0,70.3,175.78571428571428,28.401140151493166,127.82999999999998,-0.433883739117558,-0.9009688679024191,0.49999999999999994,-0.8660254037844387,0.8631421280499114,-0.5049610547215204,179.9,120.2
2020-05-02,Haryana,NR,28.45000633,77.01999101,179.9,2020,5,5,123,1,0,29.8,55,187.4,111.6,73.8,185.54285714285717,3.4267852490119792,131.36666666666667,-0.9749279121818236,-0.2225209339563146,0.49999999999999994,-0.8660254037844387,0.854322169749827,-0.5197438121555155,89.5,126.3
2020-05-03,Haryana,NR,28.45000633,77.01999101,89.5,2020,5,6,124,1,0,27.8,65,179.9,189.3,76.7,171.28571428571428,36.18864594369474,131.79333333333332,-0.7818314824680299,0.6234898018587334,0.49999999999999994,-0.8660254037844387,0.8452490573530633,-0.5343725582809786,91.0,123.6
2020-05-04,Haryana,NR,28.45000633,77.01999101,91.0,2020,5,0,125,0,0,27.2,66,89.5,184.2,79.3,157.9714285714286,46.360605197578266,132.18333333333334,0.0,1.0,0.49999999999999994,-0.8660254037844387,0.8359254794186372,-0.548842958284719,108.2,128.5
2020-05-05,Haryana,NR,28.45000633,77.01999101,108.2,2020,5,1,126,0,0,28.6,50,91.0,189.4,115.6,146.37142857142857,47.33454391476759,131.93666666666667,0.7818314824680298,0.6234898018587336,0.49999999999999994,-0.8660254037844387,0.8263541987239096,-0.5631507242749186,106.9,131.6
2020-05-13,Haryana,NR,28.45000633,77.01999101,106.9,2020,5,2,134,0,0,29.8,54,108.2,185.1,118.0,135.20000000000002,45.876355565803415,131.56666666666666,0.9749279121818236,-0.22252093395631434,0.49999999999999994,-0.8660254037844387,0.7412220108485958,-0.6712599575675313,109.1,131.6
2020-05-14,Haryana,NR,28.45000633,77.01999101,109.1,2020,5,3,135,0,0,30.2,54,106.9,183.5,119.6,124.57142857142858,41.20152563056061,131.21666666666667,0.43388373911755823,-0.900968867902419,0.49999999999999994,-0.8660254037844387,0.7295575540864875,-0.6839194216246106,120.2,133.0
2020-05-15,Haryana,NR,28.45000633,77.01999101,120.2,2020,5,4,136,0,0,31.0,42,109.1,187.4,112.8,114.97142857142856,30.583095237168987,131.46333333333334,-0.433883739117558,-0.9009688679024191,0.49999999999999994,-0.8660254037844387,0.717676913675962,-0.6963762255968722,126.3,131.6
2020-05-16,Haryana,NR,28.45000633,77.01999101,126.3,2020,5,5,137,1,0,31.4,32,120.2,179.9,114.7,107.31428571428572,13.626864223711456,131.85,-0.9749279121818236,-0.2225209339563146,0.49999999999999994,-0.8660254037844387,0.705583610107178,-0.7086266782644596,123.6,122.9
2020-05-17,Haryana,NR,28.45000633,77.01999101,123.6,2020,5,6,138,1,0,31.7,31,126.3,89.5,114.3,112.18571428571428,12.21957835762474,132.16,-0.7818314824680299,0.6234898018587334,0.49999999999999994,-0.8660254037844387,0.6932812268869777,-0.7206671495538609,128.5,109.1
2020-05-18,Haryana,NR,28.45000633,77.01999101,128.5,2020,5,0,139,0,0,31.4,28,123.6,91.0,102.6,117.54285714285713,9.24064520526334,133.02333333333334,0.0,1.0,0.49999999999999994,-0.8660254037844387,0.6807734094770161,-0.7324940716135789,131.6,115.8
2020-05-19,Haryana,NR,28.45000633,77.01999101,131.6,2020,5,1,140,0,0,31.9,23,128.5,108.2,107.6,120.88571428571427,9.525654583183547,133.82333333333332,0.7818314824680298,0.6234898018587336,0.49999999999999994,-0.8660254037844387,0.6680638642135335,-0.7441039398713607,131.6,118.6
2020-05-20,Haryana,NR,28.45000633,77.01999101,131.6,2020,5,2,141,0,0,30.5,25,131.6,106.9,116.5,124.41428571428571,7.921159126339421,134.32666666666665,0.9749279121818236,-0.22252093395631434,0.49999999999999994,-0.8660254037844387,0.6551563572090853,-0.7554933140726803,133.0,119.4
2020-05-21,Haryana,NR,28.45000633,77.01999101,133.0,2020,5,3,142,0,0,32.1,24,131.6,109.1,121.2,127.82857142857142,4.726772784089297,134.72,0.43388373911755823,-0.900968867902419,0.49999999999999994,-0.8660254037844387,0.6420547132365637,-0.766658819300159,131.6,121.6
