timestamp,node_id,region,latitude,longitude,consumption_mu,year,month,dayofweek,dayofyear,is_weekend,is_holiday,temperature_c,humidity,lag_1d,lag_7d,lag_30d,roll_mean_7d,roll_std_7d,roll_mean_30d,dow_sin,dow_cos,month_sin,month_cos,doy_sin,doy_cos,target_next_1d,target_next_7d
2019-02-02,Gujarat,WR,22.2587,71.1924,217.1,2019,2,5,33,1,0,18.0,42,214.144,380.2,319.5,306.58399999999995,85.75589589060336,303.4096,-0.9749279121818236,-0.2225209339563146,0.8660254037844386,0.5000000000000001,0.5380051715382996,0.8429415373547828,221.5,234.9
2019-02-03,Gujarat,WR,22.2587,71.1924,221.5,2019,2,6,34,1,0,19.9,41,217.1,380.6,316.7,283.8554285714286,83.93374883969923,300.23626666666667,-0.7818314824680299,0.6234898018587334,0.8660254037844386,0.5000000000000001,0.5524353131676196,0.8335557718385699,224.0,261.5
2019-02-04,Gujarat,WR,22.2587,71.1924,224.0,2019,2,0,35,0,0,23.6,41,221.5,379.4,301.9,261.6554285714286,74.46841877121943,297.63960000000003,0.0,1.0,0.8660254037844386,0.5000000000000001,0.5667017562911176,0.8239230057575542,229.7,282.1
2019-02-05,Gujarat,WR,22.2587,71.1924,229.7,2019,2,1,36,0,0,23.7,38,224.0,377.9,313.2,240.48399999999998,54.227938186879165,294.85626666666667,0.7818314824680298,0.6234898018587336,0.8660254037844386,0.5000000000000001,0.5808002734538009,0.8140460935082178,232.2,278.5
2019-02-06,Gujarat,WR,22.2587,71.1924,232.2,2019,2,2,37,0,0,21.3,41,229.7,362.8,320.7,221.82685714285714,7.243544515141598,291.9062666666667,0.9749279121818236,-0.22252093395631434,0.8660254037844386,0.5000000000000001,0.5947266869607634,0.8039279618328213,215.2,261.9
2019-02-07,Gujarat,WR,22.2587,71.1924,215.2,2019,2,3,38,0,0,18.0,46,232.2,214.144,319.4,221.97771428571428,7.0656830222852065,288.4329333333333,0.43388373911755823,-0.900968867902419,0.8660254037844386,0.5000000000000001,0.6084768701151261,0.7935716089521474,229.6,317.3
2019-02-08,Gujarat,WR,22.2587,71.1924,229.6,2019,2,4,39,0,0,16.9,49,215.2,214.144,307.9,224.18571428571428,6.609949210955429,285.8229333333333,-0.433883739117558,-0.9009688679024191,0.8660254037844386,0.5000000000000001,0.6220467484408675,0.7829801036770629,234.9,322.3
2019-02-09,Gujarat,WR,22.2587,71.1924,234.9,2019,2,5,40,1,0,17.0,31,229.6,217.1,260.0,226.72857142857143,6.849261343558419,284.98626666666667,-0.9749279121818236,-0.2225209339563146,0.8660254037844386,0.5000000000000001,0.6354323008901774,0.7721565844991642,261.5,321.8
2019-02-10,Gujarat,WR,22.2587,71.1924,261.5,2019,2,6,41,1,0,18.8,29,234.9,221.5,268.3,232.44285714285712,14.344668828854461,284.75960000000003,-0.7818314824680299,0.6234898018587334,0.8660254037844386,0.5000000000000001,0.6486295610349814,0.7611042586607747,282.1,326.9
2019-02-11,Gujarat,WR,22.2587,71.1924,282.1,2019,2,0,42,0,0,20.8,30,261.5,224.0,275.0,240.7428571428571,22.901736261897536,284.99626666666666,0.0,1.0,0.8660254037844386,0.5000000000000001,0.6616346182422783,0.7498264012045686,278.5,322.6
2019-02-12,Gujarat,WR,22.2587,71.1924,278.5,2019,2,1,43,0,0,23.6,32,282.1,229.7,294.1,247.71428571428572,26.173741839957728,284.4762666666666,0.7818314824680298,0.6234898018587336,0.8660254037844386,0.5000000000000001,0.6744436188329455,0.7383263540031065,261.9,319.9
2019-02-13,Gujarat,WR,22.2587,71.1924,261.9,2019,2,2,44,0,0,24.3,40,278.5,232.2,301.2,251.95714285714286,25.64149353052946,283.16626666666673,0.9749279121818236,-0.22252093395631434,0.8660254037844386,0.5000000000000001,0.6870527672236669,0.7266075247685656,317.3,312.3
2019-02-14,Gujarat,WR,22.2587,71.1924,317.3,2019,2,3,45,0,0,22.3,52,261.9,215.2,305.6,266.54285714285714,29.92857370155692,283.55626666666666,0.43388373911755823,-0.900968867902419,0.8660254037844386,0.5000000000000001,0.699458327051647,0.7146733860429609,322.3,385.7
2019-02-15,Gujarat,WR,22.2587,71.1924,322.3,2019,2,4,46,0,0,21.9,39,317.3,229.6,290.5,279.7857142857143,31.333657546448393,284.61626666666666,-0.433883739117558,-0.9009688679024191,0.8660254037844386,0.5000000000000001,0.7116566222817746,0.7025274741691571,321.8,391.1
2019-02-16,Gujarat,WR,22.2587,71.1924,321.8,2019,2,5,47,1,0,21.5,36,322.3,234.9,299.5,292.2,27.575532633115397,285.3596,-0.9749279121818236,-0.2225209339563146,0.8660254037844386,0.5000000000000001,0.7236440382959124,0.6901733882429719,326.9,389.9
2019-02-17,Gujarat,WR,22.2587,71.1924,326.9,2019,2,6,48,1,0,22.9,27,321.8,261.5,282.0,301.54285714285714,26.498544434418914,286.85626666666667,-0.7818314824680299,0.6234898018587334,0.8660254037844386,0.5000000000000001,0.7354170229639855,0.6776147890466889,322.6,394.1
2019-02-18,Gujarat,WR,22.2587,71.1924,322.6,2019,2,0,49,0,0,23.7,38,326.9,282.1,269.1,307.3285714285715,25.961812615565464,288.63960000000003,0.0,1.0,0.8660254037844386,0.5000000000000001,0.7469720876965552,0.6648553979642865,319.9,392.8
2019-02-19,Gujarat,WR,22.2587,71.1924,319.9,2019,2,1,50,0,0,23.9,57,322.6,278.5,260.2,313.2428571428572,22.826144158461812,290.62960000000004,0.7818314824680298,0.6234898018587336,0.8660254037844386,0.5000000000000001,0.7583058084785624,0.6518989958787126,312.3,393.0
2019-02-20,Gujarat,WR,22.2587,71.1924,312.3,2019,2,2,51,0,0,25.8,50,319.9,261.9,273.8,320.4428571428571,4.620915184558545,291.9129333333333,0.9749279121818236,-0.22252093395631434,0.8660254037844386,0.5000000000000001,0.7694148268839378,0.6387494220515272,385.7,376.2
2019-02-21,Gujarat,WR,22.2587,71.1924,385.7,2019,2,3,52,0,0,24.2,63,312.3,317.3,276.7,330.2142857142857,24.860841268377484,295.54626666666667,0.43388373911755823,-0.900968867902419,0.8660254037844386,0.5000000000000001,0.7802958510707755,0.6254105729852463,391.1,332.4
2019-02-22,Gujarat,WR,22.2587,71.1924,391.1,2019,2,4,53,0,0,24.5,54,385.7,322.3,263.5,340.0428571428571,33.358150285593325,299.79960000000005,-0.433883739117558,-0.9009688679024191,0.8660254037844386,0.5000000000000001,0.7909456567567772,0.6118864012687243,389.9,338.0
2019-02-23,Gujarat,WR,22.2587,71.1924,389.9,2019,2,5,54,1,0,23.7,27,391.1,321.8,391.4,349.7714285714286,36.89402455166815,299.7496,-0.9749279121818236,-0.2225209339563146,0.8660254037844386,0.5000000000000001,0.8013610881746766,0.5981809144059165,394.1,330.5
2019-02-24,Gujarat,WR,22.2587,71.1924,394.1,2019,2,6,55,1,0,23.3,29,389.9,326.9,385.3,359.37142857142857,38.65189578298972,300.04293333333334,-0.7818314824680299,0.6234898018587334,0.8660254037844386,0.5000000000000001,0.8115390590073611,0.5842981736283684,392.8,327.8
2019-02-25,Gujarat,WR,22.2587,71.1924,392.8,2019,2,0,56,0,0,23.3,49,394.1,322.6,380.2,369.40000000000003,36.57216610119491,300.4629333333333,0.0,1.0,0.8660254037844386,0.5000000000000001,0.8214765533024142,0.5702422926917871,393.0,330.4
2019-02-26,Gujarat,WR,22.2587,71.1924,393.0,2019,2,1,57,0,0,22.8,60,392.8,319.9,380.6,379.84285714285716,29.912308344162494,300.8762666666667,0.7818314824680298,0.6234898018587336,0.8660254037844386,0.5000000000000001,0.8311706263658079,0.5560174366570446,376.2,324.0
2019-02-27,Gujarat,WR,22.2587,71.1924,376.2,2019,2,2,58,0,0,22.2,50,393.0,312.3,379.4,388.97142857142853,6.276866066686192,300.76959999999997,0.9749279121818236,-0.22252093395631434,0.8660254037844386,0.5000000000000001,0.8406184056344782,0.5416278206559814,332.4,316.4
2019-02-28,Gujarat,WR,22.2587,71.1924,332.4,2019,2,3,59,0,0,21.7,21,376.2,385.7,377.9,381.35714285714283,22.435749533789192,299.2529333333333,0.43388373911755823,-0.900968867902419,0.8660254037844386,0.5000000000000001,0.8498170915275278,0.5270777086423722,338.0,319.9
2019-03-02,Gujarat,WR,22.2587,71.1924,338.0,2019,3,5,61,1,0,26.2,28,332.4,391.1,362.8,373.7714285714286,27.087187271582373,298.42626666666666,-0.9749279121818236,-0.2225209339563146,1.0,6.123233995736766e-17,0.8674563547295969,0.49751328890718066,330.5,313.0
2019-03-03,Gujarat,WR,22.2587,71.1924,330.5,2019,3,6,62,1,0,24.5,63,338.0,389.9,214.144,365.2857142857143,30.305468624845314,302.3048,-0.7818314824680299,0.6234898018587334,1.0,6.123233995736766e-17,0.8758917051442429,0.48250774176121847,327.8,302.4
2019-03-04,Gujarat,WR,22.2587,71.1924,327.8,2019,3,0,63,0,1,22.7,48,330.5,394.1,214.144,355.81428571428575,30.159267706154242,306.0933333333333,0.0,1.0,1.0,6.123233995736766e-17,0.8840675099433636,0.4673592171580022,330.4,305.7
2019-03-05,Gujarat,WR,22.2587,71.1924,330.4,2019,3,1,64,0,0,22.6,42,327.8,392.8,217.1,346.90000000000003,26.391854804087647,309.86999999999995,0.7818314824680298,0.6234898018587336,1.0,6.123233995736766e-17,0.8919813464595485,0.45207220393230435,324.0,316.9
2019-03-06,Gujarat,WR,22.2587,71.1924,324.0,2019,3,2,65,0,0,23.2,49,330.4,393.0,221.5,337.04285714285714,17.786873169359904,313.28666666666663,0.9749279121818236,-0.22252093395631434,1.0,6.123233995736766e-17,0.8996308696522433,0.43665123195606403,316.4,323.9
2019-03-07,Gujarat,WR,22.2587,71.1924,316.4,2019,3,3,66,0,0,24.0,48,324.0,376.2,224.0,328.5,6.833983708889408,316.3666666666667,0.43388373911755823,-0.900968867902419,1.0,6.123233995736766e-17,0.9070138128026359,0.4211008707960896,319.9,300.1
2019-03-08,Gujarat,WR,22.2587,71.1924,319.9,2019,3,4,67,0,0,24.2,50,316.4,332.4,229.7,326.7142857142857,7.264624002988273,319.37333333333333,-0.433883739117558,-0.9009688679024191,1.0,6.123233995736766e-17,0.9141279881853337,0.40542572835999735,313.0,277.2
2019-03-09,Gujarat,WR,22.2587,71.1924,313.0,2019,3,5,68,1,0,24.8,42,319.9,338.0,232.2,323.14285714285717,6.929131052512024,322.06666666666666,-0.9749279121818236,-0.2225209339563146,1.0,6.123233995736766e-17,0.9209712877166346,0.38963044953078796,302.4,286.2
2019-03-10,Gujarat,WR,22.2587,71.1924,302.4,2019,3,6,69,1,0,26.1,30,313.0,330.5,215.2,319.12857142857143,9.586572951394453,324.97333333333336,-0.7818314824680299,0.6234898018587334,1.0,6.123233995736766e-17,0.9275416835791966,0.37371971479046906,305.7,291.0
2019-03-11,Gujarat,WR,22.2587,71.1924,305.7,2019,3,0,70,0,0,23.9,49,302.4,327.8,229.6,315.97142857142853,9.889171567211232,327.51000000000005,0.0,1.0,1.0,6.123233995736766e-17,0.9338372288229252,0.35769823883312546,316.9,294.3
2019-03-12,Gujarat,WR,22.2587,71.1924,316.9,2019,3,1,71,0,0,23.7,42,305.7,330.4,234.9,314.0428571428571,7.674819681457071,330.2433333333334,0.7818314824680298,0.6234898018587336,1.0,6.123233995736766e-17,0.9398560579418954,0.3415707691678556,323.9,296.2
2019-03-13,Gujarat,WR,22.2587,71.1924,323.9,2019,3,2,72,0,0,23.6,42,316.9,324.0,261.5,314.0285714285714,7.653259498566898,332.3233333333333,0.9749279121818236,-0.22252093395631434,1.0,6.123233995736766e-17,0.9455963874271426,0.3253420847119801,300.1,292.6
2019-03-14,Gujarat,WR,22.2587,71.1924,300.1,2019,3,3,73,0,0,22.9,44,323.9,316.4,282.1,311.69999999999993,9.145672929498174,332.92333333333335,0.43388373911755823,-0.900968867902419,1.0,6.123233995736766e-17,0.9510565162951535,0.30901699437494745,277.2,295.5
2019-03-15,Gujarat,WR,22.2587,71.1924,277.2,2019,3,4,74,0,0,24.6,26,300.1,319.9,278.5,305.59999999999997,15.07978779691612,332.88,-0.433883739117558,-0.9009688679024191,1.0,6.123233995736766e-17,0.9562348265919056,0.29260033563334836,286.2,334.9
2019-03-16,Gujarat,WR,22.2587,71.1924,286.2,2019,3,5,75,1,0,25.6,25,277.2,313.0,261.9,301.7714285714286,16.244969917456505,333.69,-0.9749279121818236,-0.2225209339563146,1.0,6.123233995736766e-17,0.9611297838723007,0.27609697309746883,291.0,339.2
2019-03-17,Gujarat,WR,22.2587,71.1924,291.0,2019,3,6,76,1,0,26.8,22,286.2,302.4,317.3,300.14285714285717,16.735477001753168,332.81333333333333,-0.7818314824680299,0.6234898018587334,1.0,6.123233995736766e-17,0.9657399376548549,0.2595117970697999,294.3,336.5
2019-03-18,Gujarat,WR,22.2587,71.1924,294.3,2019,3,0,77,0,0,27.5,18,291.0,305.7,322.3,298.5142857142857,16.65907446122923,331.88,0.0,1.0,1.0,6.123233995736766e-17,0.9700639218515071,0.2428497220959356,296.2,334.7
2019-03-19,Gujarat,WR,22.2587,71.1924,296.2,2019,3,1,78,0,0,28.0,25,294.3,316.9,321.8,295.5571428571429,14.555967521130556,331.02666666666664,0.7818314824680298,0.6234898018587336,1.0,6.123233995736766e-17,0.9741004551724205,0.22611568550828828,292.6,336.7
2019-03-20,Gujarat,WR,22.2587,71.1924,292.6,2019,3,2,79,0,0,25.5,48,296.2,323.9,326.9,291.0857142857143,7.491423667864765,329.8833333333333,0.9749279121818236,-0.22252093395631434,1.0,6.123233995736766e-17,0.9778483415056568,0.20931464596304847,295.5,333.5
2019-03-21,Gujarat,WR,22.2587,71.1924,295.5,2019,3,3,80,0,1,25.3,50,292.6,300.1,322.6,290.42857142857144,6.732189907630088,328.97999999999996,0.43388373911755823,-0.900968867902419,1.0,6.123233995736766e-17,0.9813064702716093,0.19245158197082998,334.9,318.3
2019-03-22,Gujarat,WR,22.2587,71.1924,334.9,2019,3,4,81,0,0,27.6,38,295.5,277.2,319.9,298.67142857142863,16.3250027346317,329.47999999999996,-0.433883739117558,-0.9009688679024191,1.0,6.123233995736766e-17,0.9844738167520922,0.1755314904214282,339.2,351.5
2019-03-23,Gujarat,WR,22.2587,71.1924,339.2,2019,3,5,82,1,0,29.1,31,334.9,286.2,312.3,306.24285714285713,21.153317875521974,330.3766666666667,-0.9749279121818236,-0.2225209339563146,1.0,6.123233995736766e-17,0.9873494423939864,0.15855938510313475,336.5,355.6
2019-03-24,Gujarat,WR,22.2587,71.1924,336.5,2019,3,6,83,1,0,29.9,31,339.2,291.0,385.7,312.74285714285713,22.6280693787505,328.7366666666667,-0.7818314824680299,0.6234898018587334,1.0,6.123233995736766e-17,0.989932495087353,0.141540295217043,334.7,357.6
2019-03-25,Gujarat,WR,22.2587,71.1924,334.7,2019,3,0,84,0,0,30.4,29,336.5,294.3,391.1,318.5142857142857,22.289715757978,326.8566666666666,0.0,1.0,1.0,6.123233995736766e-17,0.9922222094179323,0.12447926388678915,336.7,364.6
2019-03-26,Gujarat,WR,22.2587,71.1924,336.7,2019,3,1,85,0,0,30.3,24,334.7,296.2,389.9,324.3,20.734271147065332,325.0833333333333,0.7818314824680298,0.6234898018587336,1.0,6.123233995736766e-17,0.994217906893952,0.10738134666416309,333.5,366.5
2019-03-27,Gujarat,WR,22.2587,71.1924,333.5,2019,3,2,86,0,0,30.8,25,336.7,292.6,394.1,330.14285714285717,15.385258869327446,323.06333333333333,0.9749279121818236,-0.22252093395631434,1.0,6.123233995736766e-17,0.995918996147179,0.09025161003104117,318.3,366.4
2019-03-28,Gujarat,WR,22.2587,71.1924,318.3,2019,3,3,87,0,0,31.7,24,333.5,295.5,392.8,333.4,6.905311964955873,320.58,0.43388373911755823,-0.900968867902419,1.0,6.123233995736766e-17,0.9973249731081555,0.07309512989807777,351.5,350.5
2019-03-29,Gujarat,WR,22.2587,71.1924,351.5,2019,3,4,88,0,0,31.5,31,318.3,334.9,393.0,335.7714285714286,9.76468369273054,319.19666666666666,-0.433883739117558,-0.9009688679024191,1.0,6.123233995736766e-17,0.9984354211555643,0.055916990100603484,355.6,326.2
2019-03-30,Gujarat,WR,22.2587,71.1924,355.6,2019,3,5,89,1,0,30.9,32,351.5,339.2,376.2,338.11428571428576,12.349686712819599,318.51,-0.9749279121818236,-0.2225209339563146,1.0,6.123233995736766e-17,0.9992500112396835,0.03872228089217446,357.6,319.2
2019-03-31,Gujarat,WR,22.2587,71.1924,357.6,2019,3,6,90,1,0,30.2,30,355.6,336.5,332.4,341.12857142857143,14.309520640203601,319.35,-0.7818314824680299,0.6234898018587334,1.0,6.123233995736766e-17,0.9997685019798909,0.021516097436222254,364.6,314.6
2019-04-02,Gujarat,WR,22.2587,71.1924,364.6,2019,4,1,92,0,0,31.4,32,357.6,334.7,338.0,345.40000000000003,16.383121395713935,320.2366666666667,0.7818314824680298,0.6234898018587336,0.8660254037844387,-0.4999999999999998,0.9999166586547379,-0.01291029607500882,366.5,314.6
2019-04-03,Gujarat,WR,22.2587,71.1924,366.5,2019,4,2,93,0,0,31.8,31,364.6,336.7,330.5,349.65714285714284,17.57411516434206,321.43666666666667,0.9749279121818236,-0.22252093395631434,0.8660254037844387,-0.4999999999999998,0.9995462806873573,-0.030120304846908114,366.4,322.6
2019-04-04,Gujarat,WR,22.2587,71.1924,366.4,2019,4,3,94,0,0,32.8,28,366.5,333.5,327.8,354.35714285714283,16.920092310905346,322.72333333333336,0.43388373911755823,-0.900968867902419,0.8660254037844387,-0.4999999999999998,0.9988797155850336,-0.04732138832243185,350.5,322.6
2019-04-05,Gujarat,WR,22.2587,71.1924,350.5,2019,4,4,95,0,0,31.9,29,366.4,318.3,330.4,358.9571428571429,6.88448912238417,323.3933333333333,-0.433883739117558,-0.9009688679024191,0.8660254037844387,-0.4999999999999998,0.9979171608653922,-0.06450844944931623,326.2,319.7
2019-04-06,Gujarat,WR,22.2587,71.1924,326.2,2019,4,5,96,1,0,31.5,34,350.5,351.5,324.0,355.34285714285716,14.203034551680329,323.4666666666666,-0.9749279121818236,-0.2225209339563146,0.8660254037844387,-0.4999999999999998,0.9966589017541702,-0.08167639533042241,319.2,340.6
2019-04-07,Gujarat,WR,22.2587,71.1924,319.2,2019,4,6,97,1,0,31.6,35,326.2,355.6,316.4,350.14285714285717,19.694826490127408,323.56,-0.7818314824680299,0.6234898018587334,0.8660254037844387,-0.4999999999999998,0.9951053111006976,-0.09882013873287143,314.6,334.7
2019-04-08,Gujarat,WR,22.2587,71.1924,314.6,2019,4,0,98,0,0,31.4,33,319.2,357.6,319.9,344.0,23.34830472075789,323.3833333333333,0.0,1.0,0.8660254037844387,-0.4999999999999998,0.9932568492674143,-0.11593459959550041,314.6,330.8
2019-04-09,Gujarat,WR,22.2587,71.1924,314.6,2019,4,1,99,0,0,30.6,39,314.6,364.6,313.0,336.85714285714283,23.64218384885134,323.43666666666667,0.7818314824680298,0.6234898018587336,0.8660254037844387,-0.4999999999999998,0.9911140639934547,-0.1330147065341959,322.6,340.2
2019-04-10,Gujarat,WR,22.2587,71.1924,322.6,2019,4,2,100,0,0,30.9,43,314.6,366.5,302.4,330.5857142857143,20.012365225149942,324.10999999999996,0.9749279121818236,-0.22252093395631434,0.8660254037844387,-0.4999999999999998,0.9886775902323405,-0.1500553983446526,322.6,331.8
2019-04-11,Gujarat,WR,22.2587,71.1924,322.6,2019,4,3,101,0,0,31.4,41,322.6,366.4,305.7,324.3285714285715,12.315398800650994,324.6733333333333,0.43388373911755823,-0.900968867902419,0.8660254037844387,-0.4999999999999998,0.9859481499638304,-0.16705162550211924,319.7,328.2
2019-04-12,Gujarat,WR,22.2587,71.1924,319.7,2019,4,4,102,0,0,31.0,42,322.6,350.5,316.9,319.92857142857144,4.3006644005016135,324.76666666666665,-0.433883739117558,-0.9009688679024191,0.8660254037844387,-0.4999999999999998,0.9829265519799822,-0.18399835165768005,340.6,319.5
2019-04-13,Gujarat,WR,22.2587,71.1924,340.6,2019,4,5,103,1,1,31.5,38,319.7,326.2,323.9,321.9857142857143,8.844287906409242,325.3233333333334,-0.9749279121818236,-0.2225209339563146,0.8660254037844387,-0.4999999999999998,0.9796136916454901,-0.20089055513063506,334.7,356.3
2019-04-14,Gujarat,WR,22.2587,71.1924,334.7,2019,4,6,104,1,1,32.3,34,340.6,319.2,300.1,324.2,9.907068183879046,326.47666666666663,-0.7818314824680299,0.6234898018587334,0.8660254037844387,-0.4999999999999998,0.9760105506323683,-0.21772323039653177,330.8,354.7
2019-04-15,Gujarat,WR,22.2587,71.1924,330.8,2019,4,0,105,0,0,30.7,35,334.7,314.6,277.2,326.5142857142857,9.154312020652213,328.2633333333334,0.0,1.0,0.8660254037844387,-0.4999999999999998,0.9721181966290613,-0.23449138957040985,340.2,347.2
2019-04-16,Gujarat,WR,22.2587,71.1924,340.2,2019,4,1,106,0,0,27.6,42,330.8,314.6,286.2,330.17142857142863,8.703775863712496,330.06333333333333,0.7818314824680298,0.6234898018587336,0.8660254037844387,-0.4999999999999998,0.9679377830240642,-0.25119006388481935,331.8,344.5
2019-04-17,Gujarat,WR,22.2587,71.1924,331.8,2019,4,2,107,0,1,26.6,52,340.2,322.6,291.0,331.4857142857143,8.039160107755382,331.42333333333335,0.9749279121818236,-0.22252093395631434,0.8660254037844387,-0.4999999999999998,0.9634705485641488,-0.2678143051621742,328.2,362.0
2019-04-18,Gujarat,WR,22.2587,71.1924,328.2,2019,4,3,108,0,0,28.2,49,331.8,322.6,294.3,332.2857142857143,7.247166934151517,332.55333333333334,0.43388373911755823,-0.900968867902419,0.8660254037844387,-0.4999999999999998,0.9587178169872964,-0.2843591872810034,319.5,361.6
2019-04-19,Gujarat,WR,22.2587,71.1924,319.5,2019,4,4,109,0,1,29.9,34,328.2,319.7,296.2,332.25714285714287,7.305216661826054,333.33,-0.433883739117558,-0.9009688679024191,0.8660254037844387,-0.4999999999999998,0.9536809966304457,-0.30081980763566735,356.3,346.4
2019-04-20,Gujarat,WR,22.2587,71.1924,356.3,2019,4,5,110,1,0,30.7,29,319.5,340.6,292.6,334.5,11.49956520917338,335.4533333333333,-0.9749279121818236,-0.2225209339563146,0.8660254037844387,-0.4999999999999998,0.9483615800121715,-0.3171912885891061,354.7,326.4
2019-04-21,Gujarat,WR,22.2587,71.1924,354.7,2019,4,6,111,1,0,30.7,35,356.3,334.7,295.5,337.35714285714283,13.810003275749855,337.4266666666666,-0.7818314824680299,0.6234898018587334,0.8660254037844387,-0.4999999999999998,0.9427611433904207,-0.3334687789181868,347.2,329.8
2019-04-22,Gujarat,WR,22.2587,71.1924,347.2,2019,4,0,112,0,0,31.3,36,354.7,330.8,334.9,339.69999999999993,13.902997278765644,337.8366666666667,0.0,1.0,0.8660254037844387,-0.4999999999999998,0.9368813462954315,-0.3496474552512284,344.5,325.4
2019-04-23,Gujarat,WR,22.2587,71.1924,344.5,2019,4,1,113,0,0,31.8,40,347.2,340.2,339.2,340.3142857142857,14.023246006950755,338.0133333333333,0.7818314824680298,0.6234898018587336,0.8660254037844387,-0.4999999999999998,0.9307239310379795,-0.36572252349726897,362.0,324.4
2019-04-24,Gujarat,WR,22.2587,71.1924,362.0,2019,4,2,114,0,0,31.4,41,344.5,331.8,336.5,344.6285714285714,15.53165737944324,338.86333333333334,0.9749279121818236,-0.22252093395631434,0.8660254037844387,-0.4999999999999998,0.9242907221930933,-0.3816892202666588,361.6,320.9
2019-04-25,Gujarat,WR,22.2587,71.1924,361.6,2019,4,3,115,0,0,32.0,41,362.0,328.2,334.7,349.40000000000003,14.754434361688256,339.76000000000005,0.43388373911755823,-0.900968867902419,0.8660254037844387,-0.4999999999999998,0.9175836260593937,-0.39754281428255595,346.4,317.6
2019-04-26,Gujarat,WR,22.2587,71.1924,346.4,2019,4,4,116,0,0,33.2,36,361.6,319.5,336.7,353.24285714285713,7.277558460286785,340.0833333333333,-0.433883739117558,-0.9009688679024191,0.8660254037844387,-0.4999999999999998,0.9106046300942162,-0.4132786077829042,326.4,306.7
2019-04-27,Gujarat,WR,22.2587,71.1924,326.4,2019,4,5,117,1,0,34.7,25,346.4,356.3,333.5,348.97142857142853,12.255980075827514,339.84666666666664,-0.9749279121818236,-0.2225209339563146,0.8660254037844387,-0.4999999999999998,0.9033558023246845,-0.4288919379124835,329.8,317.2
2019-04-28,Gujarat,WR,22.2587,71.1924,329.8,2019,4,6,118,1,0,33.8,22,326.4,354.7,318.3,345.4142857142857,13.828765740469896,340.22999999999996,-0.7818314824680299,0.6234898018587334,0.8660254037844387,-0.4999999999999998,0.895839290734909,-0.4443781781046132,325.4,320.5
2019-04-29,Gujarat,WR,22.2587,71.1924,325.4,2019,4,0,119,0,0,32.1,33,329.8,347.2,351.5,342.3,15.689168237992435,339.36,0.0,1.0,0.8660254037844387,-0.4999999999999998,0.8880573226294932,-0.45973273945210397,324.4,312.7
2019-04-30,Gujarat,WR,22.2587,71.1924,324.4,2019,4,1,120,0,0,32.0,36,325.4,344.5,355.6,339.42857142857144,17.00369707698133,338.32,0.7818314824680298,0.6234898018587336,0.8660254037844387,-0.4999999999999998,0.8800122039735357,-0.47495107206704995,320.9,306.6
2019-05-02,Gujarat,WR,22.2587,71.1924,320.9,2019,5,3,122,0,0,30.9,36,324.4,362.0,357.6,333.5571428571429,14.873226184755028,337.09666666666664,0.43388373911755823,-0.900968867902419,0.49999999999999994,-0.8660254037844387,0.8631421280499114,-0.5049610547215204,317.6,289.4
2019-05-03,Gujarat,WR,22.2587,71.1924,317.6,2019,5,4,123,0,0,31.0,37,320.9,361.6,364.6,327.2714285714286,9.299948796583186,335.53,-0.433883739117558,-0.9009688679024191,0.49999999999999994,-0.8660254037844387,0.854322169749827,-0.5197438121555155,306.7,279.2
2019-05-04,Gujarat,WR,22.2587,71.1924,306.7,2019,5,5,124,1,0,30.7,48,317.6,346.4,366.5,321.59999999999997,7.649182962906445,333.53666666666663,-0.9749279121818236,-0.2225209339563146,0.49999999999999994,-0.8660254037844387,0.8452490573530633,-0.5343725582809786,317.2,257.9
2019-05-05,Gujarat,WR,22.2587,71.1924,317.2,2019,5,6,125,1,0,31.1,45,306.7,326.4,366.4,320.2857142857143,7.475388188679307,331.89666666666665,-0.7818314824680299,0.6234898018587334,0.49999999999999994,-0.8660254037844387,0.8359254794186372,-0.548842958284719,320.5,342.2
2019-05-06,Gujarat,WR,22.2587,71.1924,320.5,2019,5,0,126,0,0,31.7,39,317.2,329.8,350.5,318.95714285714286,6.224376044462117,330.89666666666665,0.0,1.0,0.49999999999999994,-0.8660254037844387,0.8263541987239096,-0.5631507242749186,312.7,355.4
2019-05-07,Gujarat,WR,22.2587,71.1924,312.7,2019,5,1,127,0,0,32.0,33,320.5,325.4,326.2,317.14285714285717,5.87448072679958,330.4466666666667,0.7818314824680298,0.6234898018587336,0.49999999999999994,-0.8660254037844387,0.8165380514459161,-0.5772916165517272,306.6,354.3
2019-05-08,Gujarat,WR,22.2587,71.1924,306.6,2019,5,2,128,0,0,31.0,47,312.7,324.4,319.2,314.59999999999997,6.059152856080466,330.02666666666664,0.9749279121818236,-0.22252093395631434,0.49999999999999994,-0.8660254037844387,0.8064799463209448,-0.5912614448635781,289.4,346.8
2019-05-09,Gujarat,WR,22.2587,71.1924,289.4,2019,5,3,129,0,0,29.4,52,306.6,320.9,314.6,310.09999999999997,10.597798513528469,329.18666666666667,0.43388373911755823,-0.900968867902419,0.49999999999999994,-0.8660254037844387,0.7961828637826158,-0.6050560696488488,279.2,338.8
2019-05-10,Gujarat,WR,22.2587,71.1924,279.2,2019,5,4,130,0,0,29.3,56,289.4,317.6,314.6,304.6142857142857,15.06534971066958,328.0066666666666,-0.433883739117558,-0.9009688679024191,0.49999999999999994,-0.8660254037844387,0.7856498550787147,-0.6186714032625031,257.9,334.6
2019-05-11,Gujarat,WR,22.2587,71.1924,257.9,2019,5,5,131,1,0,30.5,55,279.2,306.7,322.6,297.64285714285717,23.092051817516417,325.85,-0.9749279121818236,-0.2225209339563146,0.49999999999999994,-0.8660254037844387,0.7748840413670407,-0.6321034111873487,342.2,314.9
2019-05-12,Gujarat,WR,22.2587,71.1924,342.2,2019,5,6,132,1,0,31.2,54,257.9,317.2,322.6,301.2142857142857,28.026857867138265,326.50333333333333,-0.7818314824680299,0.6234898018587334,0.49999999999999994,-0.8660254037844387,0.7638886127905428,-0.6453481132295501,355.4,381.2
2019-05-13,Gujarat,WR,22.2587,71.1924,355.4,2019,5,0,133,0,0,31.1,55,342.2,320.5,319.7,306.2,34.40731511369849,327.6933333333333,0.0,1.0,0.49999999999999994,-0.8660254037844387,0.7526668275320085,-0.6584015846980488,354.3,359.9
2019-05-14,Gujarat,WR,22.2587,71.1924,354.3,2019,5,1,134,0,0,31.2,49,355.4,312.7,340.6,312.14285714285717,39.00281430627204,328.15,0.7818314824680298,0.6234898018587336,0.49999999999999994,-0.8660254037844387,0.7412220108485958,-0.6712599575675313,346.8,379.2
2019-05-15,Gujarat,WR,22.2587,71.1924,346.8,2019,5,2,135,0,0,30.7,51,354.3,306.6,334.7,317.88571428571424,40.96105583646635,328.55333333333334,0.9749279121818236,-0.22252093395631434,0.49999999999999994,-0.8660254037844387,0.7295575540864875,-0.6839194216246106,338.8,387.3
2019-05-16,Gujarat,WR,22.2587,71.1924,338.8,2019,5,3,136,0,0,30.5,55,346.8,289.4,330.8,324.9428571428571,39.463479198826526,328.81999999999994,0.43388373911755823,-0.900968867902419,0.49999999999999994,-0.8660254037844387,0.717676913675962,-0.6963762255968722,334.6,392.9
2019-05-17,Gujarat,WR,22.2587,71.1924,334.6,2019,5,4,137,0,0,30.6,57,338.8,279.2,340.2,332.85714285714283,33.927857636602276,328.6333333333333,-0.433883739117558,-0.9009688679024191,0.49999999999999994,-0.8660254037844387,0.705583610107178,-0.7086266782644596,314.9,389.6
2019-05-18,Gujarat,WR,22.2587,71.1924,314.9,2019,5,5,138,1,1,30.7,55,334.6,257.9,331.8,341.0,13.822324937097179,328.06999999999994,-0.9749279121818236,-0.2225209339563146,0.49999999999999994,-0.8660254037844387,0.6932812268869777,-0.7206671495538609,381.2,375.4
2019-05-19,Gujarat,WR,22.2587,71.1924,381.2,2019,5,6,139,1,0,30.9,55,314.9,342.2,328.2,346.57142857142856,20.589861120279963,329.8366666666667,-0.7818314824680299,0.6234898018587334,0.49999999999999994,-0.8660254037844387,0.6807734094770161,-0.7324940716135789,359.9,282.4
2019-05-20,Gujarat,WR,22.2587,71.1924,359.9,2019,5,0,140,0,0,31.5,54,381.2,355.4,319.5,347.2142857142857,20.978038403009254,331.18333333333334,0.0,1.0,0.49999999999999994,-0.8660254037844387,0.6680638642135335,-0.7441039398713607,379.2,291.0
2019-05-21,Gujarat,WR,22.2587,71.1924,379.2,2019,5,1,141,0,0,31.6,51,359.9,354.3,356.3,350.7714285714286,24.237623252959825,331.94666666666666,0.7818314824680298,0.6234898018587336,0.49999999999999994,-0.8660254037844387,0.6551563572090853,-0.7554933140726803,387.3,263.0
2019-05-22,Gujarat,WR,22.2587,71.1924,387.3,2019,5,2,142,0,0,31.5,52,379.2,346.8,354.7,356.5571428571429,27.71587133412127,333.03333333333336,0.9749279121818236,-0.22252093395631434,0.49999999999999994,-0.8660254037844387,0.6420547132365637,-0.766658819300159,392.9,238.2
2019-05-23,Gujarat,WR,22.2587,71.1924,392.9,2019,5,3,143,0,0,32.5,51,387.3,338.8,347.2,364.2857142857143,29.42897826810859,334.5566666666666,0.43388373911755823,-0.900968867902419,0.49999999999999994,-0.8660254037844387,0.6287628145958344,-0.7775971469736269,389.6,214.144
2019-05-24,Gujarat,WR,22.2587,71.1924,389.6,2019,5,4,144,0,0,32.1,50,392.9,334.6,344.5,372.14285714285717,27.458505491187502,336.06,-0.433883739117558,-0.9009688679024191,0.49999999999999994,-0.8660254037844387,0.6152845999633276,-0.7883050558305255,375.4,214.144
2019-05-25,Gujarat,WR,22.2587,71.1924,375.4,2019,5,5,145,1,0,32.1,50,389.6,314.9,362.0,380.7857142857143,11.066379801218458,336.5066666666666,-0.9749279121818236,-0.2225209339563146,0.49999999999999994,-0.8660254037844387,0.6016240632249226,-0.7987793728863649,282.4,214.144
2019-05-26,Gujarat,WR,22.2587,71.1924,282.4,2019,5,6,146,1,0,32.8,43,375.4,381.2,361.6,366.6714285714285,38.772572534620785,333.8666666666667,-0.7818314824680299,0.6234898018587334,0.49999999999999994,-0.8660254037844387,0.5877852522924732,-0.8090169943749473,291.0,351.2
2019-05-27,Gujarat,WR,22.2587,71.1924,291.0,2019,5,0,147,0,0,32.7,42,282.4,359.9,346.4,356.82857142857137,48.34255248693874,332.02000000000004,0.0,1.0,0.49999999999999994,-0.8660254037844387,0.5737722679043246,-0.8190148866680801,263.0,347.8
2019-05-28,Gujarat,WR,22.2587,71.1924,263.0,2019,5,1,148,0,0,32.7,43,291.0,379.2,326.4,340.2285714285714,58.304394182191984,329.9066666666667,0.7818314824680298,0.6234898018587336,0.49999999999999994,-0.8660254037844387,0.5595892624101765,-0.8287700871745038,238.2,337.8
2019-05-29,Gujarat,WR,22.2587,71.1924,238.2,2019,5,2,149,0,0,32.5,46,263.0,387.3,329.8,318.92857142857144,65.08288854186188,326.85333333333335,0.9749279121818236,-0.22252093395631434,0.49999999999999994,-0.8660254037844387,0.545240438540651,-0.8382797052177744,214.144,327.4
2019-05-30,Gujarat,WR,22.2587,71.1924,214.144,2019,5,3,150,0,0,32.9,47,238.2,392.9,325.4,293.392,66.27960104486667,323.1448,0.43388373911755823,-0.900968867902419,0.49999999999999994,-0.8660254037844387,0.5307300481619334,-0.8475409228928311,214.144,312.7
2019-05-31,Gujarat,WR,22.2587,71.1924,214.144,2019,5,4,151,0,0,32.9,53,214.144,389.6,324.4,268.32685714285714,56.24996240422036,319.4696,-0.433883739117558,-0.9009688679024191,0.49999999999999994,-0.8660254037844387,0.5160623910158528,-0.8565509959010036,214.144,279.0
2019-06-02,Gujarat,WR,22.2587,71.1924,214.144,2019,6,6,153,1,0,33.4,51,214.144,375.4,320.9,245.29028571428572,33.51787669147267,315.91106666666667,-0.7818314824680299,0.6234898018587334,1.2246467991473532e-16,-1.0,0.48627270710868997,-0.8738071036110808,351.2,233.3
2019-06-03,Gujarat,WR,22.2587,71.1924,351.2,2019,6,0,154,0,0,33.1,49,214.144,282.4,317.6,255.11885714285717,51.4849805264558,317.0310666666666,0.0,1.0,1.2246467991473532e-16,-1.0,0.4711595076738638,-0.8820480249558537,347.8,333.9
2019-06-04,Gujarat,WR,22.2587,71.1924,347.8,2019,6,1,155,0,0,32.5,52,351.2,291.0,306.7,263.2331428571428,61.570644681343104,318.4010666666667,0.7818314824680298,0.6234898018587336,1.2246467991473532e-16,-1.0,0.4559066935084588,-0.8900275764346767,337.8,329.3
2019-06-05,Gujarat,WR,22.2587,71.1924,337.8,2019,6,2,156,0,1,32.5,53,347.8,263.0,317.2,273.9188571428572,67.70836496679127,319.08773333333335,0.9749279121818236,-0.22252093395631434,1.2246467991473532e-16,-1.0,0.440518784350495,-0.8977433935342337,327.4,327.6
2019-06-06,Gujarat,WR,22.2587,71.1924,327.4,2019,6,3,157,0,0,32.9,54,337.8,238.2,320.5,286.6617142857143,68.25719638180858,319.3177333333333,0.43388373911755823,-0.900968867902419,1.2246467991473532e-16,-1.0,0.42500033996955416,-0.9051931898913974,312.7,327.4
2019-06-07,Gujarat,WR,22.2587,71.1924,312.7,2019,6,4,158,0,0,34.0,47,327.4,214.144,312.7,300.74114285714285,60.533503702298745,319.3177333333333,-0.433883739117558,-0.9009688679024191,1.2246467991473532e-16,-1.0,0.4093559588156213,-0.9123747579707273,279.0,322.5
2019-06-08,Gujarat,WR,22.2587,71.1924,279.0,2019,6,5,159,1,0,33.8,45,312.7,214.144,306.6,310.0062857142857,48.9192233166553,318.39773333333335,-0.9749279121818236,-0.2225209339563146,1.2246467991473532e-16,-1.0,0.39359027665646673,-0.9192859697186104,233.3,297.7
2019-06-09,Gujarat,WR,22.2587,71.1924,233.3,2019,6,6,160,1,0,33.4,49,279.0,214.144,289.4,312.74285714285713,42.81821486014514,316.5277333333333,-0.7818314824680299,0.6234898018587334,1.2246467991473532e-16,-1.0,0.3777079652039649,-0.9259247771938498,333.9,300.2
2019-06-10,Gujarat,WR,22.2587,71.1924,333.9,2019,6,0,161,0,0,33.0,53,233.3,351.2,279.2,310.2714285714286,40.674140609061965,318.3510666666667,0.0,1.0,1.2246467991473532e-16,-1.0,0.36171373072976765,-0.9322892131745133,329.3,382.1
2019-06-11,Gujarat,WR,22.2587,71.1924,329.3,2019,6,1,162,0,0,33.7,49,333.9,347.8,257.9,307.62857142857143,38.36472834456683,320.73106666666666,0.7818314824680298,0.6234898018587336,1.2246467991473532e-16,-1.0,0.3456123126707335,-0.9383773917408641,327.6,387.9
2019-06-12,Gujarat,WR,22.2587,71.1924,327.6,2019,6,2,163,0,0,30.9,60,329.3,337.8,342.2,306.1714285714285,37.203929643955746,320.2444,0.9749279121818236,-0.22252093395631434,1.2246467991473532e-16,-1.0,0.3294084822245304,-0.9441875088341993,327.4,384.3
2019-06-13,Gujarat,WR,22.2587,71.1924,327.4,2019,6,3,164,0,0,28.2,72,327.6,327.4,355.4,306.1714285714285,37.203929643955746,319.3110666666667,0.43388373911755823,-0.900968867902419,1.2246467991473532e-16,-1.0,0.3131070409358269,-0.9497178427914316,322.5,391.1
2019-06-14,Gujarat,WR,22.2587,71.1924,322.5,2019,6,4,165,0,0,27.8,77,327.4,312.7,354.3,307.57142857142856,37.67199288090658,318.25106666666665,-0.433883739117558,-0.9009688679024191,1.2246467991473532e-16,-1.0,0.29671281927349075,-0.9549667548552551,297.7,388.3
2019-06-15,Gujarat,WR,22.2587,71.1924,297.7,2019,6,5,166,1,0,28.0,78,322.5,279.0,346.8,310.24285714285713,35.93103844602259,316.61440000000005,-0.9749279121818236,-0.2225209339563146,1.2246467991473532e-16,-1.0,0.28023067519921585,-0.9599326896597447,300.2,384.8
2019-06-16,Gujarat,WR,22.2587,71.1924,300.2,2019,6,6,167,1,0,29.5,70,297.7,233.3,338.8,319.8,14.648776968289903,315.32773333333336,-0.7818314824680299,0.6234898018587334,1.2246467991473532e-16,-1.0,0.26366549272800704,-0.9646141756912435,382.1,372.0
2019-06-17,Gujarat,WR,22.2587,71.1924,382.1,2019,6,0,168,0,0,29.3,69,300.2,333.9,334.6,326.68571428571425,27.80320296725061,316.91106666666667,0.0,1.0,1.2246467991473532e-16,-1.0,0.24702218048093552,-0.9690098257244062,387.9,324.8
2019-06-18,Gujarat,WR,22.2587,71.1924,387.9,2019,6,1,169,0,0,27.5,83,382.1,329.3,314.9,335.0571428571429,36.258095976065334,319.3444,0.7818314824680298,0.6234898018587336,1.2246467991473532e-16,-1.0,0.23030567023061221,-0.9731183372332619,384.3,327.1
2019-06-19,Gujarat,WR,22.2587,71.1924,384.3,2019,6,2,170,0,0,29.8,65,387.9,327.6,381.2,343.15714285714284,40.41014134854727,319.44773333333336,0.9749279121818236,-0.22252093395631434,1.2246467991473532e-16,-1.0,0.21352091543979612,-0.9769384927771817,391.1,329.1
2019-06-20,Gujarat,WR,22.2587,71.1924,391.1,2019,6,3,171,0,0,30.1,63,384.3,327.4,359.9,352.25714285714287,43.336737961490684,320.4877333333333,0.43388373911755823,-0.900968867902419,1.2246467991473532e-16,-1.0,0.19667288979357647,-0.980469160361632,388.3,337.6
2019-06-21,Gujarat,WR,22.2587,71.1924,388.3,2019,6,4,172,0,0,30.5,61,391.1,322.5,379.2,361.65714285714284,42.94088405947855,320.79106666666667,-0.433883739117558,-0.9009688679024191,1.2246467991473532e-16,-1.0,0.1797665857255624,-0.9837092937736097,384.8,341.5
2019-06-22,Gujarat,WR,22.2587,71.1924,384.8,2019,6,5,173,1,0,30.8,60,388.3,297.7,387.3,374.1,32.723131471993874,320.70773333333335,-0.9749279121818236,-0.2225209339563146,1.2246467991473532e-16,-1.0,0.16280701293851715,-0.986657932891657,372.0,339.1
2019-06-23,Gujarat,WR,22.2587,71.1924,372.0,2019,6,6,174,1,0,30.5,63,384.8,300.2,392.9,384.35714285714283,6.212314958445496,320.0110666666667,-0.7818314824680299,0.6234898018587334,1.2246467991473532e-16,-1.0,0.1457991969198751,-0.9893142039703663,324.8,312.7
2019-06-24,Gujarat,WR,22.2587,71.1924,324.8,2019,6,0,175,0,0,30.3,64,372.0,382.1,389.6,376.1714285714285,23.46797209572607,317.8510666666667,0.0,1.0,1.2246467991473532e-16,-1.0,0.12874817745258132,-0.99167731989929,327.1,300.2
2019-06-25,Gujarat,WR,22.2587,71.1924,327.1,2019,6,1,176,0,0,29.0,72,324.8,387.9,375.4,367.4857142857143,29.002380854649722,316.24106666666665,0.7818314824680298,0.6234898018587336,1.2246467991473532e-16,-1.0,0.11165900712169512,-0.993746580436178,329.1,307.4
2019-06-26,Gujarat,WR,22.2587,71.1924,329.1,2019,6,2,177,0,0,29.4,72,327.1,384.3,282.4,359.6,31.09737395129562,317.79773333333327,0.9749279121818236,-0.22252093395631434,1.2246467991473532e-16,-1.0,0.09453674981719912,-0.9955213724144752,337.6,312.7
2019-06-27,Gujarat,WR,22.2587,71.1924,337.6,2019,6,3,178,0,0,29.1,76,329.1,391.1,291.0,351.9571428571429,28.534006445109863,319.35106666666667,0.43388373911755823,-0.900968867902419,1.2246467991473532e-16,-1.0,0.07738647923346301,-0.9970011699250151,341.5,313.2
2019-06-28,Gujarat,WR,22.2587,71.1924,341.5,2019,6,4,179,0,0,29.8,71,337.6,388.3,263.0,345.2714285714286,23.667116025245313,321.9677333333333,-0.433883739117558,-0.9009688679024191,1.2246467991473532e-16,-1.0,0.06021327736579302,-0.9981855344718586,339.1,313.4
2019-06-29,Gujarat,WR,22.2587,71.1924,339.1,2019,6,5,180,1,0,29.7,67,341.5,384.8,238.2,338.74285714285713,16.010502505425244,325.3310666666667,-0.9749279121818236,-0.2225209339563146,1.2246467991473532e-16,-1.0,0.04302223300453059,-0.99907411510223,312.7,287.5
2019-06-30,Gujarat,WR,22.2587,71.1924,312.7,2019,6,6,181,1,0,30.0,68,339.1,372.0,214.144,330.2714285714286,10.065239570873521,328.61626666666666,-0.7818314824680299,0.6234898018587334,1.2246467991473532e-16,-1.0,0.02581844022713308,-0.9996666485105112,300.2,290.3
2019-07-01,Gujarat,WR,22.2587,71.1924,300.2,2019,7,0,182,0,0,29.9,69,312.7,324.8,214.144,326.75714285714287,15.25208806938309,331.4848,0.0,1.0,-0.4999999999999997,-0.8660254037844388,0.008606996888688698,-0.9999629591162655,307.4,263.55
2019-07-02,Gujarat,WR,22.2587,71.1924,307.4,2019,7,1,183,0,0,30.6,64,300.2,327.1,214.144,323.9428571428571,16.906099209344994,334.5933333333333,0.7818314824680298,0.6234898018587336,-0.4999999999999997,-0.8660254037844388,-0.008606996888688009,-0.9999629591162655,312.7,271.9
2019-07-03,Gujarat,WR,22.2587,71.1924,312.7,2019,7,2,184,0,0,29.0,71,307.4,329.1,351.2,321.59999999999997,17.206006703087425,333.31000000000006,0.9749279121818236,-0.22252093395631434,-0.4999999999999997,-0.8660254037844388,-0.02581844022713239,-0.9996666485105112,313.2,279.75
2019-07-04,Gujarat,WR,22.2587,71.1924,313.2,2019,7,3,185,0,0,28.7,73,312.7,337.6,347.8,318.11428571428576,15.841867374295903,332.15666666666664,0.43388373911755823,-0.900968867902419,-0.4999999999999997,-0.8660254037844388,-0.04302223300453034,-0.99907411510223,313.4,296.1
2019-07-05,Gujarat,WR,22.2587,71.1924,313.4,2019,7,4,186,0,0,28.7,73,313.2,341.5,337.8,314.09999999999997,12.029962593458686,331.34333333333336,-0.433883739117558,-0.9009688679024191,-0.4999999999999997,-0.8660254037844388,-0.060213277365792774,-0.9981855344718586,287.5,318.55
2019-07-06,Gujarat,WR,22.2587,71.1924,287.5,2019,7,5,187,1,0,29.1,70,313.4,339.1,327.4,306.7285714285714,9.751190403521093,330.0133333333334,-0.9749279121818236,-0.2225209339563146,-0.4999999999999997,-0.8660254037844388,-0.07738647923346322,-0.9970011699250151,290.3,326.4
2019-07-07,Gujarat,WR,22.2587,71.1924,290.3,2019,7,6,188,1,0,30.0,67,287.5,312.7,312.7,303.5285714285714,11.053463150481482,329.26666666666665,-0.7818314824680299,0.6234898018587334,-0.4999999999999997,-0.8660254037844388,-0.09453674981719933,-0.9955213724144752,263.55,334.4
2019-07-08,Gujarat,WR,22.2587,71.1924,263.55,2019,7,0,189,0,0,30.1,67,290.3,300.2,279.0,298.29285714285714,18.83433098916771,328.75166666666667,0.0,1.0,-0.4999999999999997,-0.8660254037844388,-0.11165900712169444,-0.9937465804361781,271.9,331.3
2019-07-09,Gujarat,WR,22.2587,71.1924,271.9,2019,7,1,190,0,0,30.2,65,263.55,307.4,233.3,293.22142857142853,20.663975439212457,330.03833333333336,0.7818314824680298,0.6234898018587336,-0.4999999999999997,-0.8660254037844388,-0.12874817745258066,-0.99167731989929,279.75,321.7
2019-07-10,Gujarat,WR,22.2587,71.1924,279.75,2019,7,2,191,0,0,30.1,65,271.9,312.7,333.9,288.51428571428573,19.187511439425524,328.23333333333335,0.9749279121818236,-0.22252093395631434,-0.4999999999999997,-0.8660254037844388,-0.14579919691987442,-0.9893142039703664,296.1,342.9
2019-07-11,Gujarat,WR,22.2587,71.1924,296.1,2019,7,3,192,0,0,30.3,63,279.75,313.2,329.3,286.07142857142856,16.408073651479285,327.12666666666667,0.43388373911755823,-0.900968867902419,-0.4999999999999997,-0.8660254037844388,-0.16280701293851646,-0.9866579328916572,318.55,341.0
2019-07-12,Gujarat,WR,22.2587,71.1924,318.55,2019,7,4,193,0,0,30.1,65,296.1,313.4,327.6,286.8071428571429,17.886527252176307,326.825,-0.433883739117558,-0.9009688679024191,-0.4999999999999997,-0.8660254037844388,-0.17976658572556214,-0.9837092937736098,326.4,326.8
2019-07-13,Gujarat,WR,22.2587,71.1924,326.4,2019,7,5,194,1,0,29.5,66,318.55,287.5,327.4,292.3642857142857,23.34705038981917,326.7916666666667,-0.9749279121818236,-0.2225209339563146,-0.4999999999999997,-0.8660254037844388,-0.19667288979357622,-0.9804691603616321,334.4,256.6
2019-07-14,Gujarat,WR,22.2587,71.1924,334.4,2019,7,6,195,1,0,29.6,65,326.4,290.3,322.5,298.6642857142857,28.152615542872052,327.18833333333333,-0.7818314824680299,0.6234898018587334,-0.4999999999999997,-0.8660254037844388,-0.2135209154397959,-0.9769384927771817,331.3,300.0
2019-07-15,Gujarat,WR,22.2587,71.1924,331.3,2019,7,0,196,0,0,29.5,67,334.4,263.55,297.7,308.34285714285716,25.598737413061325,328.30833333333334,0.0,1.0,-0.4999999999999997,-0.8660254037844388,-0.23030567023061196,-0.973118337233262,321.7,333.3
2019-07-16,Gujarat,WR,22.2587,71.1924,321.7,2019,7,1,197,0,0,29.7,65,331.3,271.9,300.2,315.45714285714286,20.11555013274237,329.025,0.7818314824680298,0.6234898018587336,-0.4999999999999997,-0.8660254037844388,-0.24702218048093527,-0.9690098257244063,342.9,333.7
2019-07-17,Gujarat,WR,22.2587,71.1924,342.9,2019,7,2,198,0,0,29.9,65,321.7,279.75,382.1,324.4785714285714,14.923244093887138,327.7183333333333,0.9749279121818236,-0.22252093395631434,-0.4999999999999997,-0.8660254037844388,-0.2636654927280072,-0.9646141756912435,341.0,324.5
2019-07-18,Gujarat,WR,22.2587,71.1924,341.0,2019,7,3,199,0,0,30.3,63,342.9,296.1,387.9,330.89285714285717,9.272109997705686,326.155,0.43388373911755823,-0.900968867902419,-0.4999999999999997,-0.8660254037844388,-0.2802306751992161,-0.9599326896597445,326.8,327.9
2019-07-19,Gujarat,WR,22.2587,71.1924,326.8,2019,7,4,200,0,0,31.0,60,341.0,318.55,384.3,332.07142857142856,7.858268317664653,324.23833333333334,-0.433883739117558,-0.9009688679024191,-0.4999999999999997,-0.8660254037844388,-0.2967128192734901,-0.9549667548552553,256.6,329.9
2019-07-20,Gujarat,WR,22.2587,71.1924,256.6,2019,7,5,201,1,0,30.6,63,326.8,326.4,391.1,322.09999999999997,29.82806284915857,319.75500000000005,-0.9749279121818236,-0.2225209339563146,-0.4999999999999997,-0.8660254037844388,-0.3131070409358267,-0.9497178427914317,300.0,335.8
2019-07-21,Gujarat,WR,22.2587,71.1924,300.0,2019,7,6,202,1,0,28.8,77,256.6,334.4,388.3,317.18571428571425,30.293972369182242,316.81166666666667,-0.7818314824680299,0.6234898018587334,-0.4999999999999997,-0.8660254037844388,-0.3294084822245302,-0.9441875088341994,333.3,335.9
2019-07-22,Gujarat,WR,22.2587,71.1924,333.3,2019,7,0,203,0,0,28.4,82,300.0,331.3,384.8,317.4714285714286,30.458261839535922,315.095,0.0,1.0,-0.4999999999999997,-0.8660254037844388,-0.3456123126707333,-0.9383773917408642,333.7,328.5
2019-07-23,Gujarat,WR,22.2587,71.1924,333.7,2019,7,1,204,0,0,28.6,82,333.3,321.7,372.0,319.1857142857143,31.067530133105947,313.8183333333334,0.7818314824680298,0.6234898018587336,-0.4999999999999997,-0.8660254037844388,-0.3617137307297674,-0.9322892131745134,324.5,313.7
2019-07-24,Gujarat,WR,22.2587,71.1924,324.5,2019,7,2,205,0,0,28.4,81,333.7,342.9,324.8,316.5571428571429,29.46369840684531,313.80833333333334,0.9749279121818236,-0.22252093395631434,-0.4999999999999997,-0.8660254037844388,-0.37770796520396466,-0.9259247771938499,327.9,330.9
2019-07-25,Gujarat,WR,22.2587,71.1924,327.9,2019,7,3,206,0,0,28.3,76,324.5,341.0,327.1,314.6857142857143,28.0337551635781,313.83500000000004,0.43388373911755823,-0.900968867902419,-0.4999999999999997,-0.8660254037844388,-0.39359027665646645,-0.9192859697186105,329.9,316.1
2019-07-26,Gujarat,WR,22.2587,71.1924,329.9,2019,7,4,207,0,0,28.2,74,327.9,326.8,329.1,315.12857142857143,28.280423988200642,313.8616666666667,-0.433883739117558,-0.9009688679024191,-0.4999999999999997,-0.8660254037844388,-0.4093559588156211,-0.9123747579707274,335.8,319.2
2019-07-27,Gujarat,WR,22.2587,71.1924,335.8,2019,7,5,208,1,0,27.7,76,329.9,256.6,337.6,326.4428571428571,12.276788008658837,313.8016666666666,-0.9749279121818236,-0.2225209339563146,-0.4999999999999997,-0.8660254037844388,-0.42500033996955394,-0.9051931898913975,335.9,338.8
2019-07-28,Gujarat,WR,22.2587,71.1924,335.9,2019,7,6,209,1,0,27.8,73,335.8,300.0,341.5,331.57142857142856,4.289799640124409,313.615,-0.7818314824680299,0.6234898018587334,-0.4999999999999997,-0.8660254037844388,-0.4405187843504952,-0.8977433935342336,328.5,352.0
2019-07-29,Gujarat,WR,22.2587,71.1924,328.5,2019,7,0,210,0,0,26.0,88,335.9,333.3,339.1,330.88571428571424,4.350643083283794,313.26166666666666,0.0,1.0,-0.4999999999999997,-0.8660254037844388,-0.455906693508459,-0.8900275764346766,313.7,354.3
2019-07-30,Gujarat,WR,22.2587,71.1924,313.7,2019,7,1,211,0,0,25.5,88,328.5,333.7,312.7,328.0285714285714,7.570273946104907,313.295,0.7818314824680298,0.6234898018587336,-0.4999999999999997,-0.8660254037844388,-0.47115950767386394,-0.8820480249558535,330.9,335.9
2019-07-31,Gujarat,WR,22.2587,71.1924,330.9,2019,7,2,212,0,0,24.9,93,313.7,324.5,300.2,328.9428571428571,7.458743670544335,314.3183333333333,0.9749279121818236,-0.22252093395631434,-0.4999999999999997,-0.8660254037844388,-0.4862727071086902,-0.8738071036110807,316.1,299.7
2019-08-01,Gujarat,WR,22.2587,71.1924,316.1,2019,8,3,213,0,0,25.5,90,330.9,327.9,307.4,327.25714285714287,8.923350854707927,314.60833333333335,0.43388373911755823,-0.900968867902419,-0.8660254037844385,-0.5000000000000004,-0.5012418134457756,-0.8653072543632061,319.2,303.5
2019-08-02,Gujarat,WR,22.2587,71.1924,319.2,2019,8,4,214,0,0,25.8,90,316.1,329.9,312.7,325.7285714285714,9.303532355279847,314.825,-0.433883739117558,-0.9009688679024191,-0.8660254037844385,-0.5000000000000004,-0.5160623910158526,-0.8565509959010037,338.8,307.0
2019-08-03,Gujarat,WR,22.2587,71.1924,338.8,2019,8,5,215,1,0,26.5,87,319.2,335.8,313.2,326.15714285714284,9.895092578792896,315.67833333333334,-0.9749279121818236,-0.2225209339563146,-0.8660254037844385,-0.5000000000000004,-0.5307300481619331,-0.8475409228928312,352.0,308.6
2019-08-04,Gujarat,WR,22.2587,71.1924,352.0,2019,8,6,216,1,0,26.4,85,338.8,335.9,313.4,328.45714285714286,13.683183979233458,316.965,-0.7818314824680299,0.6234898018587334,-0.8660254037844385,-0.5000000000000004,-0.5452404385406507,-0.8382797052177745,354.3,316.6
2019-08-05,Gujarat,WR,22.2587,71.1924,354.3,2019,8,0,217,0,0,26.4,86,352.0,328.5,287.5,332.14285714285717,16.81337336198642,319.19166666666666,0.0,1.0,-0.8660254037844385,-0.5000000000000004,-0.5595892624101763,-0.828770087174504,335.9,317.1
2019-08-06,Gujarat,WR,22.2587,71.1924,335.9,2019,8,1,218,0,0,27.4,81,354.3,313.7,290.3,335.3142857142857,14.717951462011577,320.7116666666667,0.7818314824680298,0.6234898018587336,-0.8660254037844385,-0.5000000000000004,-0.5737722679043243,-0.8190148866680802,299.7,315.2
2019-08-08,Gujarat,WR,22.2587,71.1924,299.7,2019,8,3,220,0,0,27.0,81,335.9,330.9,263.55,330.85714285714283,20.03969869557807,321.9166666666667,0.43388373911755823,-0.900968867902419,-0.8660254037844385,-0.5000000000000004,-0.6016240632249227,-0.7987793728863648,303.5,352.8
2019-08-09,Gujarat,WR,22.2587,71.1924,303.5,2019,8,4,221,0,0,25.2,94,299.7,316.1,271.9,329.0571428571429,22.05106627375539,322.96999999999997,-0.433883739117558,-0.9009688679024191,-0.8660254037844385,-0.5000000000000004,-0.6152845999633277,-0.7883050558305253,307.0,353.0
2019-08-10,Gujarat,WR,22.2587,71.1924,307.0,2019,8,5,222,1,0,24.6,93,303.5,319.2,279.75,327.3142857142857,23.400813986657013,323.8783333333333,-0.9749279121818236,-0.2225209339563146,-0.8660254037844385,-0.5000000000000004,-0.6287628145958345,-0.7775971469736268,308.6,356.3
2019-08-11,Gujarat,WR,22.2587,71.1924,308.6,2019,8,6,223,1,0,26.2,84,307.0,338.8,296.1,323.0,23.712162842446293,324.295,-0.7818314824680299,0.6234898018587334,-0.8660254037844385,-0.5000000000000004,-0.6420547132365636,-0.7666588193001592,316.6,363.5
2019-08-12,Gujarat,WR,22.2587,71.1924,316.6,2019,8,0,224,0,1,26.9,81,308.6,352.0,318.55,317.9428571428571,19.977225127868596,324.22999999999996,0.0,1.0,-0.8660254037844385,-0.5000000000000004,-0.655156357209085,-0.7554933140726804,317.1,334.7
2019-08-13,Gujarat,WR,22.2587,71.1924,317.1,2019,8,1,225,0,0,27.1,80,316.6,354.3,326.4,312.62857142857143,12.081075322685413,323.92,0.7818314824680298,0.6234898018587336,-0.8660254037844385,-0.5000000000000004,-0.6680638642135333,-0.7441039398713608,315.2,349.9
2019-08-14,Gujarat,WR,22.2587,71.1924,315.2,2019,8,2,226,0,0,26.6,84,317.1,335.9,334.4,309.6714285714285,6.825861187600959,323.28,0.9749279121818236,-0.22252093395631434,-0.8660254037844385,-0.5000000000000004,-0.6807734094770159,-0.7324940716135792,352.8,341.7
2019-08-15,Gujarat,WR,22.2587,71.1924,352.8,2019,8,3,227,0,1,26.0,88,315.2,299.7,331.3,317.25714285714287,16.51967081420038,323.99666666666667,0.43388373911755823,-0.900968867902419,-0.8660254037844385,-0.5000000000000004,-0.6932812268869771,-0.7206671495538615,353.0,307.5
2019-08-16,Gujarat,WR,22.2587,71.1924,353.0,2019,8,4,228,0,0,25.2,92,352.8,303.5,321.7,324.3285714285715,19.898300956423512,325.04,-0.433883739117558,-0.9009688679024191,-0.8660254037844385,-0.5000000000000004,-0.7055836101071774,-0.70862667826446,356.3,309.1
2019-08-17,Gujarat,WR,22.2587,71.1924,356.3,2019,8,5,229,1,0,26.3,84,353.0,307.0,342.9,331.37142857142857,21.410022130279906,325.4866666666667,-0.9749279121818236,-0.2225209339563146,-0.8660254037844385,-0.5000000000000004,-0.7176769136759615,-0.6963762255968726,363.5,316.4
2019-08-18,Gujarat,WR,22.2587,71.1924,363.5,2019,8,6,230,1,0,26.3,83,356.3,308.6,341.0,339.2142857142857,21.731193292242235,326.2366666666667,-0.7818314824680299,0.6234898018587334,-0.8660254037844385,-0.5000000000000004,-0.7295575540864876,-0.6839194216246105,334.7,329.4
2019-08-19,Gujarat,WR,22.2587,71.1924,334.7,2019,8,0,231,0,0,26.3,85,363.5,316.6,326.8,341.80000000000007,19.56033401214561,326.5,0.0,1.0,-0.8660254037844385,-0.5000000000000004,-0.7412220108485957,-0.6712599575675315,349.9,332.8
2019-08-20,Gujarat,WR,22.2587,71.1924,349.9,2019,8,1,232,0,0,26.5,82,334.7,317.1,256.6,346.4857142857142,16.317008362588965,329.60999999999996,0.7818314824680298,0.6234898018587336,-0.8660254037844385,-0.5000000000000004,-0.7526668275320083,-0.6584015846980489,341.7,329.7
2019-08-21,Gujarat,WR,22.2587,71.1924,341.7,2019,8,2,233,0,0,26.5,80,349.9,315.2,300.0,350.2714285714286,9.497844366964856,331.0,0.9749279121818236,-0.22252093395631434,-0.8660254037844385,-0.5000000000000004,-0.7638886127905429,-0.64534811322955,307.5,316.0
2019-08-22,Gujarat,WR,22.2587,71.1924,307.5,2019,8,3,234,0,0,26.0,81,341.7,352.8,333.3,343.8,18.579110132979128,330.14000000000004,0.43388373911755823,-0.900968867902419,-0.8660254037844385,-0.5000000000000004,-0.7748840413670406,-0.6321034111873488,309.1,301.1
2019-08-23,Gujarat,WR,22.2587,71.1924,309.1,2019,8,4,235,0,0,26.4,77,307.5,353.0,333.7,337.5285714285714,22.042513036230947,329.31999999999994,-0.433883739117558,-0.9009688679024191,-0.8660254037844385,-0.5000000000000004,-0.7856498550787144,-0.6186714032625032,316.4,311.6
2019-08-24,Gujarat,WR,22.2587,71.1924,316.4,2019,8,5,236,1,1,26.9,75,309.1,356.3,324.5,331.8285714285715,21.53235660471022,329.05,-0.9749279121818236,-0.2225209339563146,-0.8660254037844385,-0.5000000000000004,-0.7961828637826154,-0.6050560696488494,329.4,316.1
2019-08-25,Gujarat,WR,22.2587,71.1924,329.4,2019,8,6,237,1,0,27.7,71,316.4,363.5,327.9,326.95714285714286,16.424357637653515,329.1,-0.7818314824680299,0.6234898018587334,-0.8660254037844385,-0.5000000000000004,-0.8064799463209447,-0.5912614448635782,332.8,320.2
2019-08-26,Gujarat,WR,22.2587,71.1924,332.8,2019,8,0,238,0,0,26.3,80,329.4,334.7,329.9,326.6857142857143,16.29022493925274,329.19666666666666,0.0,1.0,-0.8660254037844385,-0.5000000000000004,-0.8165380514459157,-0.5772916165517278,329.7,321.0
2019-08-27,Gujarat,WR,22.2587,71.1924,329.7,2019,8,1,239,0,0,25.7,88,332.8,349.9,335.8,323.8,12.936511636965943,328.9933333333334,0.7818314824680298,0.6234898018587336,-0.8660254037844385,-0.5000000000000004,-0.8263541987239094,-0.5631507242749187,316.0,314.9
2019-08-28,Gujarat,WR,22.2587,71.1924,316.0,2019,8,2,240,0,0,26.1,88,329.7,341.7,335.9,320.12857142857143,10.409885411748494,328.33,0.9749279121818236,-0.22252093395631434,-0.8660254037844385,-0.5000000000000004,-0.8359254794186365,-0.5488429582847199,301.1,294.1
2019-08-29,Gujarat,WR,22.2587,71.1924,301.1,2019,8,3,241,0,0,27.6,80,316.0,307.5,328.5,319.2142857142857,11.880997232476508,327.4166666666667,0.43388373911755823,-0.900968867902419,-0.8660254037844385,-0.5000000000000004,-0.8452490573530634,-0.5343725582809785,311.6,338.0
2019-08-30,Gujarat,WR,22.2587,71.1924,311.6,2019,8,4,242,0,0,27.4,81,301.1,309.1,313.7,319.57142857142856,11.559514736891009,327.34666666666664,-0.433883739117558,-0.9009688679024191,-0.8660254037844385,-0.5000000000000004,-0.8543221697498269,-0.5197438121555157,316.1,349.9
2019-08-31,Gujarat,WR,22.2587,71.1924,316.1,2019,8,5,243,1,0,27.2,83,311.6,316.4,330.9,319.5285714285714,11.57377989044203,326.85333333333335,-0.9749279121818236,-0.2225209339563146,-0.8660254037844385,-0.5000000000000004,-0.8631421280499115,-0.5049610547215202,320.2,355.9
2019-09-01,Gujarat,WR,22.2587,71.1924,320.2,2019,9,6,244,1,0,26.3,88,316.1,329.4,316.1,318.2142857142857,10.759713219758574,326.99,-0.7818314824680299,0.6234898018587334,-1.0,-1.8369701987210297e-16,-0.8717063187093217,-0.4900286664290594,321.0,364.5
2019-09-02,Gujarat,WR,22.2587,71.1924,321.0,2019,9,0,245,0,0,25.6,88,320.2,332.8,319.2,316.52857142857147,8.848298195268903,327.05,0.0,1.0,-1.0,-1.8369701987210297e-16,-0.8800122039735356,-0.4749510720670502,314.9,362.3
2019-09-03,Gujarat,WR,22.2587,71.1924,314.9,2019,9,1,246,0,0,26.8,86,321.0,329.7,338.8,314.4142857142857,6.678679652804038,326.25333333333333,0.7818314824680298,0.6234898018587336,-1.0,-1.8369701987210297e-16,-0.888057322629493,-0.4597327394521046,294.1,357.9
2019-09-04,Gujarat,WR,22.2587,71.1924,294.1,2019,9,2,247,0,0,25.8,93,314.9,316.0,352.0,311.2857142857143,10.076942090970668,324.3233333333334,0.9749279121818236,-0.22252093395631434,-1.0,-1.8369701987210297e-16,-0.8958392907349089,-0.4443781781046134,338.0,362.2
2019-09-05,Gujarat,WR,22.2587,71.1924,338.0,2019,9,3,248,0,0,25.8,93,294.1,301.1,354.3,316.5571428571429,13.068136457667114,323.78,0.43388373911755823,-0.900968867902419,-1.0,-1.8369701987210297e-16,-0.9033558023246842,-0.4288919379124841,349.9,368.8
2019-09-06,Gujarat,WR,22.2587,71.1924,349.9,2019,9,4,249,0,0,26.3,90,338.0,311.6,335.9,322.0285714285714,17.805777553528383,324.24666666666667,-0.433883739117558,-0.9009688679024191,-1.0,-1.8369701987210297e-16,-0.9106046300942162,-0.41327860778290443,355.9,372.6
2019-09-08,Gujarat,WR,22.2587,71.1924,355.9,2019,9,6,251,1,0,26.1,90,349.9,316.1,299.7,327.7142857142857,21.556548005299597,326.12,-0.7818314824680299,0.6234898018587334,-1.0,-1.8369701987210297e-16,-0.9242907221930934,-0.3816892202666586,364.5,379.3
2019-09-09,Gujarat,WR,22.2587,71.1924,364.5,2019,9,0,252,0,0,26.2,91,355.9,320.2,303.5,334.04285714285714,25.180935721484854,328.15333333333336,0.0,1.0,-1.0,-1.8369701987210297e-16,-0.9307239310379793,-0.3657225234972692,362.3,390.7
2019-09-10,Gujarat,WR,22.2587,71.1924,362.3,2019,9,1,253,0,1,25.7,93,364.5,321.0,307.0,339.9428571428571,26.423339250421947,329.9966666666667,0.7818314824680298,0.6234898018587336,-1.0,-1.8369701987210297e-16,-0.9368813462954315,-0.34964745525122826,357.9,387.4
2019-09-11,Gujarat,WR,22.2587,71.1924,357.9,2019,9,2,254,0,0,25.0,94,362.3,314.9,308.6,346.0857142857143,24.5639592744763,331.64000000000004,0.9749279121818236,-0.22252093395631434,-1.0,-1.8369701987210297e-16,-0.9427611433904206,-0.33346877891818705,362.2,339.6
2019-09-12,Gujarat,WR,22.2587,71.1924,362.2,2019,9,3,255,0,0,26.3,86,357.9,294.1,316.6,355.8142857142857,9.264345375585696,333.15999999999997,0.43388373911755823,-0.900968867902419,-1.0,-1.8369701987210297e-16,-0.9483615800121716,-0.31719128858910595,368.8,379.8
2019-09-13,Gujarat,WR,22.2587,71.1924,368.8,2019,9,4,256,0,0,26.2,87,362.2,338.0,317.1,360.2142857142857,6.201190361922903,334.8833333333333,-0.433883739117558,-0.9009688679024191,-1.0,-1.8369701987210297e-16,-0.9536809966304455,-0.300819807635668,372.6,359.3
2019-09-14,Gujarat,WR,22.2587,71.1924,372.6,2019,9,5,257,1,0,26.3,87,368.8,349.9,315.2,363.45714285714286,5.832911549381054,336.79666666666674,-0.9749279121818236,-0.2225209339563146,-1.0,-1.8369701987210297e-16,-0.9587178169872964,-0.2843591872810036,379.3,335.8
2019-09-15,Gujarat,WR,22.2587,71.1924,379.3,2019,9,6,258,1,0,25.8,88,372.6,355.9,352.8,366.8,7.300684899380869,337.68,-0.7818314824680299,0.6234898018587334,-1.0,-1.8369701987210297e-16,-0.9634705485641486,-0.26781430516217486,390.7,355.9
2019-09-16,Gujarat,WR,22.2587,71.1924,390.7,2019,9,0,259,0,0,26.5,82,379.3,364.5,353.0,370.5428571428571,11.457582226466487,338.93666666666667,0.0,1.0,-1.0,-1.8369701987210297e-16,-0.9679377830240642,-0.25119006388481957,387.4,358.8
2019-09-17,Gujarat,WR,22.2587,71.1924,387.4,2019,9,1,260,0,0,26.8,82,390.7,362.3,356.3,374.12857142857143,12.341490224135555,339.97333333333336,0.7818314824680298,0.6234898018587336,-1.0,-1.8369701987210297e-16,-0.9721181966290612,-0.23449138957041052,339.6,367.5
2019-09-18,Gujarat,WR,22.2587,71.1924,339.6,2019,9,2,261,0,0,27.2,83,387.4,357.9,363.5,371.5142857142857,17.295898220044712,339.1766666666667,0.9749279121818236,-0.22252093395631434,-1.0,-1.8369701987210297e-16,-0.9760105506323682,-0.21772323039653224,379.8,363.6
2019-09-19,Gujarat,WR,22.2587,71.1924,379.8,2019,9,3,262,0,0,27.8,81,339.6,362.2,334.7,374.02857142857147,16.99281360710363,340.68,0.43388373911755823,-0.900968867902419,-1.0,-1.8369701987210297e-16,-0.9796136916454901,-0.20089055513063528,359.3,341.8
2019-09-20,Gujarat,WR,22.2587,71.1924,359.3,2019,9,4,263,0,0,26.8,89,379.8,368.8,349.9,372.6714285714285,17.83832150976558,340.9933333333333,-0.433883739117558,-0.9009688679024191,-1.0,-1.8369701987210297e-16,-0.9829265519799822,-0.18399835165767986,335.8,348.0
2019-09-21,Gujarat,WR,22.2587,71.1924,335.8,2019,9,5,264,1,0,25.9,90,359.3,372.6,341.7,367.4142857142857,22.639451448849407,340.7966666666667,-0.9749279121818236,-0.2225209339563146,-1.0,-1.8369701987210297e-16,-0.9859481499638303,-0.1670516255021195,355.9,357.3
2019-09-22,Gujarat,WR,22.2587,71.1924,355.9,2019,9,6,265,1,0,26.4,86,335.8,379.3,307.5,364.07142857142856,22.31723655874743,342.40999999999997,-0.7818314824680299,0.6234898018587334,-1.0,-1.8369701987210297e-16,-0.9886775902323404,-0.15005539834465262,358.8,360.1
2019-09-23,Gujarat,WR,22.2587,71.1924,358.8,2019,9,0,266,0,0,26.9,81,355.9,390.7,309.1,359.5142857142858,18.981080806199387,344.06666666666666,0.0,1.0,-1.0,-1.8369701987210297e-16,-0.9911140639934546,-0.13301470653419636,367.5,364.7
2019-09-24,Gujarat,WR,22.2587,71.1924,367.5,2019,9,1,267,0,0,26.9,83,358.8,387.4,316.4,356.6714285714285,15.227575237676152,345.7699999999999,0.7818314824680298,0.6234898018587336,-1.0,-1.8369701987210297e-16,-0.9932568492674143,-0.11593459959550066,363.6,362.1
2019-09-25,Gujarat,WR,22.2587,71.1924,363.6,2019,9,2,268,0,0,26.8,86,367.5,339.6,329.4,360.1,13.326414871726627,346.90999999999997,0.9749279121818236,-0.22252093395631434,-1.0,-1.8369701987210297e-16,-0.9951053111006974,-0.09882013873287211,341.8,343.1
2019-09-26,Gujarat,WR,22.2587,71.1924,341.8,2019,9,3,269,0,0,26.2,92,363.6,379.8,332.8,354.6714285714285,11.59075986662447,347.21000000000004,0.43388373911755823,-0.900968867902419,-1.0,-1.8369701987210297e-16,-0.99665890175417,-0.08167639533042288,348.0,256.6
2019-09-27,Gujarat,WR,22.2587,71.1924,348.0,2019,9,4,270,0,0,25.1,93,341.8,359.3,329.7,353.0571428571428,11.625526101768203,347.82,-0.433883739117558,-0.9009688679024191,-1.0,-1.8369701987210297e-16,-0.9979171608653922,-0.06450844944931625,357.3,282.7
2019-09-28,Gujarat,WR,22.2587,71.1924,357.3,2019,9,5,271,1,0,25.1,90,348.0,335.8,316.0,356.12857142857143,8.804111593591985,349.19666666666666,-0.9749279121818236,-0.2225209339563146,-1.0,-1.8369701987210297e-16,-0.9988797155850335,-0.04732138832243232,360.1,316.4
2019-09-29,Gujarat,WR,22.2587,71.1924,360.1,2019,9,6,272,1,0,23.8,95,357.3,355.9,301.1,356.7285714285714,8.928179038999017,351.1633333333333,-0.7818314824680299,0.6234898018587334,-1.0,-1.8369701987210297e-16,-0.9995462806873573,-0.03012030484690836,364.7,327.5
2019-09-30,Gujarat,WR,22.2587,71.1924,364.7,2019,9,0,273,0,0,24.7,90,360.1,358.8,311.6,357.5714285714286,9.421202026232585,352.93333333333334,0.0,1.0,-1.0,-1.8369701987210297e-16,-0.9999166586547379,-0.012910296075008843,362.1,329.8
2019-10-01,Gujarat,WR,22.2587,71.1924,362.1,2019,10,1,274,0,0,25.8,89,364.7,367.5,316.1,356.8,8.663332692063362,354.46666666666664,0.7818314824680298,0.6234898018587336,-0.8660254037844386,0.5000000000000001,-0.9999907397361901,0.004303538296243821,343.1,329.0
2019-10-02,Gujarat,WR,22.2587,71.1924,343.1,2019,10,2,275,0,1,26.4,81,362.1,363.6,320.2,353.87142857142857,9.413946088246865,355.22999999999996,0.9749279121818236,-0.22252093395631434,-0.8660254037844386,0.5000000000000001,-0.9997685019798909,0.021516097436222233,256.6,321.9
2019-10-03,Gujarat,WR,22.2587,71.1924,256.6,2019,10,3,276,0,0,26.3,81,343.1,341.8,321.0,341.7,38.32044710943091,353.0833333333333,0.43388373911755823,-0.900968867902419,-0.8660254037844386,0.5000000000000001,-0.9992500112396835,0.03872228089217399,282.7,378.4
2019-10-04,Gujarat,WR,22.2587,71.1924,282.7,2019,10,4,277,0,0,25.9,84,256.6,348.0,314.9,332.37142857142857,44.05090669841425,352.01,-0.433883739117558,-0.9009688679024191,-0.8660254037844386,0.5000000000000001,-0.9984354211555643,0.05591699010060302,316.4,378.9
2019-10-05,Gujarat,WR,22.2587,71.1924,316.4,2019,10,5,278,1,0,25.5,85,282.7,357.3,294.1,326.5285714285714,42.890508440513095,352.75333333333333,-0.9749279121818236,-0.2225209339563146,-0.8660254037844386,0.5000000000000001,-0.9973249731081555,0.07309512989807776,327.5,376.5
2019-10-06,Gujarat,WR,22.2587,71.1924,327.5,2019,10,6,279,1,0,25.3,85,316.4,360.1,338.0,321.8714285714286,40.33124158291006,352.40333333333336,-0.7818314824680299,0.6234898018587334,-0.8660254037844386,0.5000000000000001,-0.9959189961471792,0.0902516100310407,329.8,377.8
2019-10-08,Gujarat,WR,22.2587,71.1924,329.8,2019,10,1,281,0,1,27.0,72,327.5,364.7,349.9,316.8857142857143,36.08838356828177,351.73333333333335,0.7818314824680298,0.6234898018587336,-0.8660254037844386,0.5000000000000001,-0.9922222094179324,0.12447926388678869,329.0,374.3
2019-10-09,Gujarat,WR,22.2587,71.1924,329.0,2019,10,2,282,0,0,27.0,73,329.8,362.1,355.9,312.15714285714284,30.984235623020496,350.8366666666667,0.9749279121818236,-0.22252093395631434,-0.8660254037844386,0.5000000000000001,-0.989932495087353,0.141540295217043,321.9,371.8
2019-10-10,Gujarat,WR,22.2587,71.1924,321.9,2019,10,3,283,0,0,27.3,74,329.0,343.1,364.5,309.12857142857143,28.38248957166558,349.4166666666667,0.43388373911755823,-0.900968867902419,-0.8660254037844386,0.5000000000000001,-0.9873494423939864,0.15855938510313475,378.4,360.5
2019-10-11,Gujarat,WR,22.2587,71.1924,378.4,2019,10,4,284,0,0,27.5,64,321.9,256.6,362.3,326.5285714285714,28.14650447721225,349.95333333333326,-0.433883739117558,-0.9009688679024191,-0.8660254037844386,0.5000000000000001,-0.9844738167520923,0.17553149042142777,378.9,324.1
2019-10-12,Gujarat,WR,22.2587,71.1924,378.9,2019,10,5,285,1,0,27.4,54,378.4,282.7,357.9,340.2714285714286,26.62428179223647,350.65333333333336,-0.9749279121818236,-0.2225209339563146,-0.8660254037844386,0.5000000000000001,-0.9813064702716093,0.19245158197082995,376.5,257.6
2019-10-13,Gujarat,WR,22.2587,71.1924,376.5,2019,10,6,286,1,0,26.8,52,378.9,316.4,362.2,348.85714285714283,27.324522389413666,351.13000000000005,-0.7818314824680299,0.6234898018587334,-0.8660254037844386,0.5000000000000001,-0.9778483415056567,0.20931464596304888,377.8,273.3
2019-10-14,Gujarat,WR,22.2587,71.1924,377.8,2019,10,0,287,0,0,27.8,52,376.5,327.5,368.8,356.04285714285714,27.38581488915224,351.43,0.0,1.0,-0.8660254037844386,0.5000000000000001,-0.9741004551724206,0.22611568550828803,374.3,309.7
2019-10-15,Gujarat,WR,22.2587,71.1924,374.3,2019,10,1,288,0,0,28.0,53,377.8,329.8,372.6,362.4,25.369404144889398,351.4866666666666,0.7818314824680298,0.6234898018587336,-0.8660254037844386,0.5000000000000001,-0.970063921851507,0.2428497220959358,371.8,322.9
2019-10-16,Gujarat,WR,22.2587,71.1924,371.8,2019,10,2,289,0,0,28.5,50,374.3,329.0,379.3,368.5142857142857,20.707279603354515,351.2366666666667,0.9749279121818236,-0.22252093395631434,-0.8660254037844386,0.5000000000000001,-0.965739937654855,0.25951179706979943,360.5,322.1
2019-10-17,Gujarat,WR,22.2587,71.1924,360.5,2019,10,3,290,0,0,28.3,49,371.8,321.9,390.7,374.02857142857147,6.470887184340469,350.22999999999996,0.43388373911755823,-0.900968867902419,-0.8660254037844386,0.5000000000000001,-0.9611297838723007,0.27609697309746883,324.1,313.5
2019-10-18,Gujarat,WR,22.2587,71.1924,324.1,2019,10,4,291,0,0,28.5,49,360.5,378.4,387.4,366.2714285714286,19.59495804926489,348.12,-0.433883739117558,-0.9009688679024191,-0.8660254037844386,0.5000000000000001,-0.9562348265919058,0.2926003356333479,257.6,270.6
2019-10-19,Gujarat,WR,22.2587,71.1924,257.6,2019,10,5,292,1,0,27.9,59,324.1,378.9,339.6,348.9428571428571,44.44437936503222,345.3866666666666,-0.9749279121818236,-0.2225209339563146,-0.8660254037844386,0.5000000000000001,-0.9510565162951536,0.30901699437494723,273.3,292.7
2019-10-20,Gujarat,WR,22.2587,71.1924,273.3,2019,10,6,293,1,0,26.8,72,257.6,376.5,379.8,334.2,50.48564152311056,341.8366666666667,-0.7818314824680299,0.6234898018587334,-0.8660254037844386,0.5000000000000001,-0.9455963874271428,0.3253420847119795,309.7,293.4
2019-10-21,Gujarat,WR,22.2587,71.1924,309.7,2019,10,0,294,0,0,26.8,66,273.3,377.8,359.3,324.4714285714286,47.13380649051937,340.18333333333334,0.0,1.0,-0.8660254037844386,0.5000000000000001,-0.9398560579418953,0.341570769167856,322.9,231.5
2019-10-22,Gujarat,WR,22.2587,71.1924,322.9,2019,10,1,295,0,0,26.4,67,309.7,374.3,335.8,317.12857142857143,41.776656730990915,339.75333333333333,0.7818314824680298,0.6234898018587336,-0.8660254037844386,0.5000000000000001,-0.9338372288229252,0.35769823883312546,322.1,258.5
2019-10-23,Gujarat,WR,22.2587,71.1924,322.1,2019,10,2,296,0,0,26.5,69,322.9,371.8,355.9,310.0285714285714,34.53166248945603,338.62666666666667,0.9749279121818236,-0.22252093395631434,-0.8660254037844386,0.5000000000000001,-0.9275416835791965,0.3737197147904692,313.5,281.8
2019-10-24,Gujarat,WR,22.2587,71.1924,313.5,2019,10,3,297,0,0,26.4,63,322.1,360.5,358.8,303.3142857142857,26.782234694626897,337.1166666666667,0.43388373911755823,-0.900968867902419,-0.8660254037844386,0.5000000000000001,-0.9209712877166347,0.38963044953078774,270.6,282.4
2019-10-25,Gujarat,WR,22.2587,71.1924,270.6,2019,10,4,298,0,0,26.5,50,313.5,324.1,367.5,295.6714285714285,27.486403565260243,333.88666666666666,-0.433883739117558,-0.9009688679024191,-0.8660254037844386,0.5000000000000001,-0.9141279881853337,0.4054257283599973,292.7,249.5
2019-10-26,Gujarat,WR,22.2587,71.1924,292.7,2019,10,5,299,1,0,26.1,54,270.6,257.6,363.6,300.6857142857143,22.046952062316297,331.52333333333337,-0.9749279121818236,-0.2225209339563146,-0.8660254037844386,0.5000000000000001,-0.9070138128026362,0.42110087079608916,293.4,260.7
2019-10-27,Gujarat,WR,22.2587,71.1924,293.4,2019,10,6,300,1,1,25.6,78,292.7,273.3,341.8,303.5571428571429,18.981557465326848,329.90999999999997,-0.7818314824680299,0.6234898018587334,-0.8660254037844386,0.5000000000000001,-0.8996308696522434,0.4366512319560638,231.5,263.5
2019-10-28,Gujarat,WR,22.2587,71.1924,231.5,2019,10,0,301,0,0,26.7,75,293.4,309.7,348.0,292.3857142857143,32.768604312228405,326.02666666666664,0.0,1.0,-0.8660254037844386,0.5000000000000001,-0.8919813464595487,0.45207220393230374,258.5,261.7
2019-10-29,Gujarat,WR,22.2587,71.1924,258.5,2019,10,1,302,0,0,26.5,80,231.5,322.9,357.3,283.18571428571425,31.799707995064693,322.73333333333335,0.7818314824680298,0.6234898018587336,-0.8660254037844386,0.5000000000000001,-0.8840675099433637,0.46735921715800205,281.8,264.5
2019-10-30,Gujarat,WR,22.2587,71.1924,281.8,2019,10,2,303,0,0,26.4,81,258.5,322.1,360.1,277.42857142857144,26.84186495543219,320.1233333333333,0.9749279121818236,-0.22252093395631434,-0.8660254037844386,0.5000000000000001,-0.8758917051442433,0.48250774176121763,282.4,269.0
2019-10-31,Gujarat,WR,22.2587,71.1924,282.4,2019,10,3,304,0,0,27.5,74,281.8,313.5,364.7,272.98571428571427,22.016314297312192,317.38000000000005,0.43388373911755823,-0.900968867902419,-0.8660254037844386,0.5000000000000001,-0.8674563547295971,0.4975132889071803,249.5,263.7
2019-11-01,Gujarat,WR,22.2587,71.1924,249.5,2019,11,4,305,0,0,28.1,69,282.4,270.6,362.1,269.9714285714286,23.771812039030195,313.6266666666667,-0.433883739117558,-0.9009688679024191,-0.5000000000000004,0.8660254037844384,-0.858763958275803,0.5123714121284235,260.7,308.7
2019-11-02,Gujarat,WR,22.2587,71.1924,260.7,2019,11,5,306,1,0,26.0,78,249.5,292.7,343.1,265.4,21.655176440440123,310.88,-0.9749279121818236,-0.2225209339563146,-0.5000000000000004,0.8660254037844384,-0.8498170915275277,0.5270777086423724,263.5,314.2
2019-11-03,Gujarat,WR,22.2587,71.1924,263.5,2019,11,6,307,1,0,26.0,78,260.7,293.4,256.6,261.12857142857143,17.82121528643975,311.10999999999996,-0.7818314824680299,0.6234898018587334,-0.5000000000000004,0.8660254037844384,-0.8406184056344783,0.5416278206559811,261.7,314.5
2019-11-04,Gujarat,WR,22.2587,71.1924,261.7,2019,11,0,308,0,0,25.9,78,263.5,231.5,282.7,265.4428571428571,12.232178484477625,310.41,0.0,1.0,-0.5000000000000004,0.8660254037844384,-0.8311706263658079,0.5560174366570446,264.5,309.8
2019-11-05,Gujarat,WR,22.2587,71.1924,264.5,2019,11,1,309,0,0,26.4,74,261.7,258.5,316.4,266.3,11.869428517551372,308.68,0.7818314824680298,0.6234898018587336,-0.5000000000000004,0.8660254037844384,-0.8214765533024145,0.5702422926917867,269.0,307.0
2019-11-06,Gujarat,WR,22.2587,71.1924,269.0,2019,11,2,310,0,0,26.7,68,264.5,281.8,327.5,264.47142857142853,9.907356574063499,306.72999999999996,0.9749279121818236,-0.22252093395631434,-0.5000000000000004,0.8660254037844384,-0.8115390590073611,0.5842981736283683,263.7,313.7
2019-11-08,Gujarat,WR,22.2587,71.1924,263.7,2019,11,4,312,0,0,24.8,67,269.0,282.4,329.8,261.8,6.029648967111347,304.52666666666664,-0.433883739117558,-0.9009688679024191,-0.5000000000000004,0.8660254037844384,-0.7909456567567774,0.6118864012687242,308.7,299.7
2019-11-09,Gujarat,WR,22.2587,71.1924,308.7,2019,11,5,313,1,0,25.1,60,263.7,249.5,329.0,270.25714285714287,17.15516026767046,303.85,-0.9749279121818236,-0.2225209339563146,-0.5000000000000004,0.8660254037844384,-0.780295851070776,0.6254105729852457,314.2,333.7
2019-11-10,Gujarat,WR,22.2587,71.1924,314.2,2019,11,6,314,1,1,25.6,66,308.7,260.7,321.9,277.9,23.081522191281394,303.59333333333336,-0.7818314824680299,0.6234898018587334,-0.5000000000000004,0.8660254037844384,-0.7694148268839381,0.6387494220515268,314.5,334.4
2019-11-11,Gujarat,WR,22.2587,71.1924,314.5,2019,11,0,315,0,0,26.0,58,314.2,263.5,378.4,285.18571428571425,25.681279081035996,301.46333333333337,0.0,1.0,-0.5000000000000004,0.8660254037844384,-0.7583058084785625,0.6518989958787125,309.8,330.9
2019-11-12,Gujarat,WR,22.2587,71.1924,309.8,2019,11,1,316,0,1,25.9,56,314.5,261.7,378.9,292.0571428571428,24.768720673654055,299.15999999999997,0.7818314824680298,0.6234898018587336,-0.5000000000000004,0.8660254037844384,-0.7469720876965551,0.6648553979642866,307.0,332.3
2019-11-13,Gujarat,WR,22.2587,71.1924,307.0,2019,11,2,317,0,0,26.0,60,309.8,264.5,376.5,298.12857142857143,21.934730017767855,296.8433333333333,0.9749279121818236,-0.22252093395631434,-0.5000000000000004,0.8660254037844384,-0.7354170229639858,0.6776147890466887,313.7,334.5
2019-11-14,Gujarat,WR,22.2587,71.1924,313.7,2019,11,3,318,0,0,26.0,61,307.0,269.0,377.8,304.5142857142857,18.236175455344032,294.7066666666667,0.43388373911755823,-0.900968867902419,-0.5000000000000004,0.8660254037844384,-0.7236440382959124,0.690173388242972,299.7,334.3
2019-11-15,Gujarat,WR,22.2587,71.1924,299.7,2019,11,4,319,0,0,25.7,57,313.7,263.7,374.3,309.65714285714284,5.284839052377075,292.22,-0.433883739117558,-0.9009688679024191,-0.5000000000000004,0.8660254037844384,-0.711656622281775,0.7025274741691566,333.7,327.0
2019-11-16,Gujarat,WR,22.2587,71.1924,333.7,2019,11,5,320,1,0,25.8,58,299.7,308.7,371.8,313.2285714285714,10.451748543619887,290.95,-0.9749279121818236,-0.2225209339563146,-0.5000000000000004,0.8660254037844384,-0.6994583270516471,0.7146733860429608,334.4,316.8
2019-11-17,Gujarat,WR,22.2587,71.1924,334.4,2019,11,6,321,1,0,26.1,56,333.7,314.2,360.5,316.1142857142857,13.193613173480825,290.08,-0.7818314824680299,0.6234898018587334,-0.5000000000000004,0.8660254037844384,-0.6870527672236675,0.7266075247685652,330.9,323.4
2019-11-18,Gujarat,WR,22.2587,71.1924,330.9,2019,11,0,322,0,0,25.1,58,334.4,314.5,324.1,318.45714285714286,14.271283187210122,290.3066666666666,0.0,1.0,-0.5000000000000004,0.8660254037844384,-0.6744436188329457,0.7383263540031063,332.3,324.3
2019-11-19,Gujarat,WR,22.2587,71.1924,332.3,2019,11,1,323,0,0,24.0,58,330.9,309.8,257.6,321.6714285714285,14.527986128586766,292.79666666666674,0.7818314824680298,0.6234898018587336,-0.5000000000000004,0.8660254037844384,-0.661634618242279,0.749826401204568,334.5,328.1
2019-11-20,Gujarat,WR,22.2587,71.1924,334.5,2019,11,2,324,0,0,23.8,60,332.3,307.0,273.3,325.59999999999997,13.587126259810633,294.8366666666667,0.9749279121818236,-0.22252093395631434,-0.5000000000000004,0.8660254037844384,-0.6486295610349818,0.7611042586607742,334.3,324.4
2019-11-21,Gujarat,WR,22.2587,71.1924,334.3,2019,11,3,325,0,0,24.3,58,334.5,313.7,309.7,328.5428571428571,12.787475271122311,295.6566666666667,0.43388373911755823,-0.900968867902419,-0.5000000000000004,0.8660254037844384,-0.6354323008901775,0.7721565844991641,327.0,320.9
2019-11-22,Gujarat,WR,22.2587,71.1924,327.0,2019,11,4,326,0,0,25.8,58,334.3,299.7,322.9,332.4428571428571,2.7421750143948334,295.7933333333333,-0.433883739117558,-0.9009688679024191,-0.5000000000000004,0.8660254037844384,-0.622046748440868,0.7829801036770624,316.8,311.7
2019-11-23,Gujarat,WR,22.2587,71.1924,316.8,2019,11,5,327,1,0,25.4,59,327.0,333.7,322.1,330.0285714285714,6.421763591030953,295.6166666666667,-0.9749279121818236,-0.2225209339563146,-0.5000000000000004,0.8660254037844384,-0.6084768701151264,0.7935716089521472,323.4,394.866
2019-11-24,Gujarat,WR,22.2587,71.1924,323.4,2019,11,6,328,1,0,25.2,58,316.8,334.4,313.5,328.45714285714286,6.518910221519458,295.9466666666667,-0.7818314824680299,0.6234898018587334,-0.5000000000000004,0.8660254037844384,-0.594726686960764,0.8039279618328208,324.3,394.866
2019-11-25,Gujarat,WR,22.2587,71.1924,324.3,2019,11,0,329,0,0,25.4,58,323.4,330.9,270.6,327.5142857142857,6.583673891134076,297.7366666666667,0.0,1.0,-0.5000000000000004,0.8660254037844384,-0.5808002734538013,0.8140460935082175,328.1,368.3
2019-11-26,Gujarat,WR,22.2587,71.1924,328.1,2019,11,1,330,0,0,25.4,59,324.3,332.3,292.7,326.9142857142857,6.258175605142389,298.9166666666667,0.7818314824680298,0.6234898018587336,-0.5000000000000004,0.8660254037844384,-0.5667017562911184,0.8239230057575536,324.4,302.6
2019-11-27,Gujarat,WR,22.2587,71.1924,324.4,2019,11,2,331,0,0,24.5,57,328.1,334.5,293.4,325.47142857142853,5.3102775463324114,299.95,0.9749279121818236,-0.22252093395631434,-0.5000000000000004,0.8660254037844384,-0.5524353131676203,0.8335557718385695,320.9,328.7
2019-11-28,Gujarat,WR,22.2587,71.1924,320.9,2019,11,3,332,0,0,23.3,49,324.4,334.3,231.5,323.5571428571429,3.7968658754585083,302.93,0.43388373911755823,-0.900968867902419,-0.5000000000000004,0.8660254037844384,-0.5380051715382992,0.8429415373547832,311.7,342.9
2019-11-29,Gujarat,WR,22.2587,71.1924,311.7,2019,11,4,333,0,0,22.3,51,320.9,327.0,258.5,321.37142857142857,5.504457068510422,304.7033333333333,-0.433883739117558,-0.9009688679024191,-0.5000000000000004,0.8660254037844384,-0.5234156073655503,0.8520775211013093,394.866,325.4
2019-11-30,Gujarat,WR,22.2587,71.1924,394.866,2019,11,5,334,1,0,22.1,62,311.7,316.8,281.8,332.52371428571433,27.963470276501965,308.47220000000004,-0.9749279121818236,-0.2225209339563146,-0.5000000000000004,0.8660254037844384,-0.5086709438521042,0.8609610158889945,394.866,299.7
2019-12-01,Gujarat,WR,22.2587,71.1924,394.866,2019,12,6,335,1,0,22.7,68,394.866,323.4,282.4,342.7331428571428,35.97551348453912,312.2210666666667,-0.7818314824680299,0.6234898018587334,-2.4492935982947064e-16,1.0,-0.49377555015997737,0.8695893893466109,368.3,305.2
2019-12-02,Gujarat,WR,22.2587,71.1924,368.3,2019,12,0,336,0,0,23.0,63,394.866,324.3,249.5,349.01885714285714,36.06183907044861,316.18106666666665,0.0,1.0,-2.4492935982947064e-16,1.0,-0.4787338401157883,0.8779600847008883,302.6,305.5
2019-12-03,Gujarat,WR,22.2587,71.1924,302.6,2019,12,1,337,0,0,24.0,64,368.3,328.1,260.7,345.3759999999999,39.63785286818738,317.57773333333336,0.7818314824680298,0.6234898018587336,-2.4492935982947064e-16,1.0,-0.4635502709028512,0.8860706215341378,328.7,301.9
2019-12-04,Gujarat,WR,22.2587,71.1924,328.7,2019,12,2,338,0,0,24.4,65,302.6,324.4,263.5,345.99028571428573,39.29039588209185,319.7510666666667,0.9749279121818236,-0.22252093395631434,-2.4492935982947064e-16,1.0,-0.4482293417404106,0.893918596519257,342.9,303.4
2019-12-05,Gujarat,WR,22.2587,71.1924,342.9,2019,12,3,339,0,0,24.7,62,328.7,320.9,261.7,349.13314285714284,37.800563979164835,322.45773333333335,0.43388373911755823,-0.900968867902419,-2.4492935982947064e-16,1.0,-0.4327755925504317,0.9015016841318838,325.4,306.3
2019-12-06,Gujarat,WR,22.2587,71.1924,325.4,2019,12,4,340,0,0,23.4,53,342.9,311.7,264.5,351.0902857142857,35.84342071526528,324.4877333333333,-0.433883739117558,-0.9009688679024191,-2.4492935982947064e-16,1.0,-0.41719360261231697,0.9088176373395028,299.7,306.5
2019-12-08,Gujarat,WR,22.2587,71.1924,299.7,2019,12,6,342,1,0,20.9,53,325.4,394.866,269.0,337.49514285714287,34.494825193685436,325.5110666666667,-0.7818314824680299,0.6234898018587334,-2.4492935982947064e-16,1.0,-0.38566340624360745,0.9226395488404875,305.2,329.0
2019-12-09,Gujarat,WR,22.2587,71.1924,305.2,2019,12,0,343,0,0,21.6,54,299.7,394.866,263.7,324.6857142857143,24.974482214948935,326.8944,0.0,1.0,-2.4492935982947064e-16,1.0,-0.3697245428906732,0.9291414114031743,305.5,343.5
2019-12-10,Gujarat,WR,22.2587,71.1924,305.5,2019,12,1,344,0,0,21.8,53,305.2,368.3,308.7,315.7142857142857,16.557116151012533,326.78773333333334,0.7818314824680298,0.6234898018587336,-2.4492935982947064e-16,1.0,-0.3536761221763721,0.935367949313148,301.9,341.0
2019-12-11,Gujarat,WR,22.2587,71.1924,301.9,2019,12,2,345,0,0,21.0,46,305.5,302.6,314.2,315.6142857142857,16.651369170074876,326.3777333333333,0.9749279121818236,-0.22252093395631434,-2.4492935982947064e-16,1.0,-0.33752289959411347,0.941317317512847,303.4,348.6
2019-12-12,Gujarat,WR,22.2587,71.1924,303.4,2019,12,3,346,0,0,21.5,69,301.9,328.7,314.5,312.0,16.073373427297472,326.0077333333333,0.43388373911755823,-0.900968867902419,-2.4492935982947064e-16,1.0,-0.32126966169236515,0.9469877530760751,306.3,348.7
2019-12-13,Gujarat,WR,22.2587,71.1924,306.3,2019,12,4,347,0,0,21.5,70,303.4,342.9,309.8,306.7714285714286,8.528718990508413,325.8910666666667,-0.433883739117558,-0.9009688679024191,-2.4492935982947064e-16,1.0,-0.3049212246562894,0.9523775757303973,306.5,347.0
2019-12-14,Gujarat,WR,22.2587,71.1924,306.5,2019,12,5,348,1,0,19.5,57,306.3,325.4,307.0,304.07142857142856,2.531609689319193,325.8744,-0.9749279121818236,-0.2225209339563146,-2.4492935982947064e-16,1.0,-0.2884824328806098,0.9574851883550389,329.0,335.0
2019-12-15,Gujarat,WR,22.2587,71.1924,329.0,2019,12,6,349,1,0,18.9,48,306.5,299.7,313.7,308.25714285714287,9.29280315492606,326.38439999999997,-0.7818314824680299,0.6234898018587334,-2.4492935982947064e-16,1.0,-0.27195815753410524,0.9623090774541487,343.5,328.8
2019-12-16,Gujarat,WR,22.2587,71.1924,343.5,2019,12,0,350,0,0,18.0,47,329.0,305.2,299.7,313.7285714285714,16.027550684755358,327.8444,0.0,1.0,-2.4492935982947064e-16,1.0,-0.2553532951161881,0.9668478136052773,341.0,335.5
2019-12-17,Gujarat,WR,22.2587,71.1924,341.0,2019,12,1,351,0,0,17.8,52,343.5,305.5,333.7,318.8,18.42679208833417,328.08773333333335,0.7818314824680298,0.6234898018587336,-2.4492935982947064e-16,1.0,-0.23867276600594997,0.9711000518829505,348.6,332.2
2019-12-18,Gujarat,WR,22.2587,71.1924,348.6,2019,12,2,352,0,0,18.7,60,341.0,301.9,334.4,325.47142857142853,19.698368315313637,328.5610666666667,0.9749279121818236,-0.22252093395631434,-2.4492935982947064e-16,1.0,-0.22192151300416674,0.9750645322571945,348.7,325.9
2019-12-19,Gujarat,WR,22.2587,71.1924,348.7,2019,12,3,353,0,0,19.9,61,348.6,303.4,330.9,331.9428571428571,18.652154222579863,329.1544,0.43388373911755823,-0.900968867902419,-2.4492935982947064e-16,1.0,-0.20510449986861926,0.9787400799669153,347.0,319.3
2019-12-20,Gujarat,WR,22.2587,71.1924,347.0,2019,12,4,354,0,0,20.7,56,348.7,306.3,332.3,337.75714285714287,15.38363385147493,329.64439999999996,-0.433883739117558,-0.9009688679024191,-2.4492935982947064e-16,1.0,-0.1882267098432439,0.9821256058680006,335.0,317.1
2019-12-21,Gujarat,WR,22.2587,71.1924,335.0,2019,12,5,355,1,0,20.9,45,347.0,306.5,334.5,341.8285714285715,7.466528485119996,329.6610666666666,-0.9749279121818236,-0.2225209339563146,-2.4492935982947064e-16,1.0,-0.1712931441814778,0.9852201067560606,328.8,299.5
2019-12-22,Gujarat,WR,22.2587,71.1924,328.8,2019,12,6,356,1,0,21.5,52,335.0,329.0,334.3,341.8,7.523961722394691,329.47773333333333,-0.7818314824680299,0.6234898018587334,-2.4492935982947064e-16,1.0,-0.154308820664281,0.9880226656636976,335.5,284.7
2019-12-23,Gujarat,WR,22.2587,71.1924,335.5,2019,12,0,357,0,0,22.1,59,328.8,343.5,327.0,340.65714285714284,7.824290626605229,329.7610666666667,0.0,1.0,-2.4492935982947064e-16,1.0,-0.13727877211326517,0.9905324521322227,332.2,278.2
2019-12-24,Gujarat,WR,22.2587,71.1924,332.2,2019,12,1,358,0,0,21.9,57,335.5,341.0,316.8,339.40000000000003,8.442550957306876,330.2744,0.7818314824680298,0.6234898018587336,-2.4492935982947064e-16,1.0,-0.12020804489935275,0.9927487224577402,325.9,277.2
2019-12-25,Gujarat,WR,22.2587,71.1924,325.9,2019,12,2,359,0,1,20.3,50,332.2,348.6,323.4,336.15714285714284,8.676185249073555,330.35773333333333,0.9749279121818236,-0.22252093395631434,-2.4492935982947064e-16,1.0,-0.10310169744743544,0.9946708199115211,319.3,267.2
2019-12-26,Gujarat,WR,22.2587,71.1924,319.3,2019,12,3,360,0,0,18.7,57,325.9,348.7,324.3,331.9571428571429,8.708397698557084,330.19106666666664,0.43388373911755823,-0.900968867902419,-2.4492935982947064e-16,1.0,-0.0859647987374467,0.9962981749346077,317.1,282.3
2019-12-27,Gujarat,WR,22.2587,71.1924,317.1,2019,12,4,361,0,0,17.9,40,319.3,347.0,328.1,327.6857142857143,7.322893001048036,329.8244,-0.433883739117558,-0.9009688679024191,-2.4492935982947064e-16,1.0,-0.06880242680232064,0.9976303053065857,299.5,287.7
2019-12-28,Gujarat,WR,22.2587,71.1924,299.5,2019,12,5,362,1,0,17.4,37,317.1,335.0,324.4,322.61428571428576,12.128812606274504,328.9944,-0.9749279121818236,-0.2225209339563146,-2.4492935982947064e-16,1.0,-0.05161966722325418,0.9986668162884759,284.7,280.1
2019-12-29,Gujarat,WR,22.2587,71.1924,284.7,2019,12,6,363,1,0,17.5,45,299.5,328.8,320.9,316.3142857142857,18.275888357016004,327.78773333333334,-0.7818314824680299,0.6234898018587334,-2.4492935982947064e-16,1.0,-0.034421611622745804,0.9994074007397048,278.2,323.8
2019-12-30,Gujarat,WR,22.2587,71.1924,278.2,2019,12,0,364,0,0,17.2,44,284.7,335.5,311.7,308.12857142857143,20.89503244678948,326.67106666666666,0.0,1.0,-2.4492935982947064e-16,1.0,-0.01721335615583528,0.9998518392091162,277.2,253.8
2019-12-31,Gujarat,WR,22.2587,71.1924,277.2,2019,12,1,365,0,0,16.8,40,278.2,332.2,394.866,300.2714285714286,20.674518477722895,322.7488666666667,0.7818314824680298,0.6234898018587336,-2.4492935982947064e-16,1.0,6.432490598706546e-16,1.0,267.2,286.4
2020-01-01,Gujarat,WR,22.2587,71.1924,267.2,2020,1,2,1,0,0,17.9,57,277.2,325.9,394.866,291.8857142857143,20.450218301314205,318.4933333333333,0.9749279121818236,-0.22252093395631434,0.49999999999999994,0.8660254037844387,0.017213356155834685,0.9998518392091162,282.3,323.3
2020-01-02,Gujarat,WR,22.2587,71.1924,282.3,2020,1,3,2,0,0,18.6,63,267.2,319.3,368.3,286.6,16.603413303694598,315.62666666666667,0.43388373911755823,-0.900968867902419,0.49999999999999994,0.8660254037844387,0.03442161162274574,0.9994074007397048,287.7,331.2
2020-01-03,Gujarat,WR,22.2587,71.1924,287.7,2020,1,4,3,0,0,17.8,60,282.3,317.1,302.6,282.4,10.012658654588005,315.13,-0.433883739117558,-0.9009688679024191,0.49999999999999994,0.8660254037844387,0.051619667223253764,0.998666816288476,280.1,333.1
2020-01-04,Gujarat,WR,22.2587,71.1924,280.1,2020,1,5,4,1,0,17.9,57,287.7,299.5,328.7,279.62857142857143,6.59083057125627,313.51,-0.9749279121818236,-0.2225209339563146,0.49999999999999994,0.8660254037844387,0.06880242680231986,0.9976303053065857,323.8,321.0
2020-01-05,Gujarat,WR,22.2587,71.1924,323.8,2020,1,6,5,1,0,18.7,53,280.1,284.7,342.9,285.2142857142857,18.10906113629478,312.8733333333333,-0.7818314824680299,0.6234898018587334,0.49999999999999994,0.8660254037844387,0.08596479873744647,0.9962981749346078,253.8,331.7
2020-01-13,Gujarat,WR,22.2587,71.1924,253.8,2020,1,0,13,0,0,19.4,73,323.8,278.2,325.4,281.72857142857146,21.68038393615319,310.4866666666667,0.0,1.0,0.49999999999999994,0.8660254037844387,0.2219215130041655,0.9750645322571948,286.4,340.4
2020-01-14,Gujarat,WR,22.2587,71.1924,286.4,2020,1,1,14,0,0,16.6,56,253.8,277.2,299.7,283.04285714285714,21.638919962484742,310.0433333333333,0.7818314824680298,0.6234898018587336,0.49999999999999994,0.8660254037844387,0.2386727660059501,0.9711000518829505,323.3,344.5
2020-01-15,Gujarat,WR,22.2587,71.1924,323.3,2020,1,2,15,0,0,16.0,51,286.4,267.2,305.2,291.0571428571429,24.931563471688488,310.64666666666665,0.9749279121818236,-0.22252093395631434,0.49999999999999994,0.8660254037844387,0.255353295116187,0.9668478136052775,331.2,354.4
2020-01-16,Gujarat,WR,22.2587,71.1924,331.2,2020,1,3,16,0,0,14.7,53,323.3,282.3,305.5,298.04285714285714,28.643373703927434,311.50333333333333,0.43388373911755823,-0.900968867902419,0.49999999999999994,0.8660254037844387,0.2719581575341055,0.9623090774541486,333.1,362.9
2020-01-17,Gujarat,WR,22.2587,71.1924,333.1,2020,1,4,17,0,0,15.4,54,331.2,287.7,301.9,304.5285714285714,30.95759003786268,312.54333333333335,-0.433883739117558,-0.9009688679024191,0.49999999999999994,0.8660254037844387,0.288482432880609,0.9574851883550393,321.0,364.6
2020-01-18,Gujarat,WR,22.2587,71.1924,321.0,2020,1,5,18,1,0,16.5,47,333.1,280.1,303.4,310.37142857142857,29.399020067893122,313.13000000000005,-0.9749279121818236,-0.2225209339563146,0.49999999999999994,0.8660254037844387,0.30492122465628907,0.9523775757303974,331.7,346.8
2020-01-19,Gujarat,WR,22.2587,71.1924,331.7,2020,1,6,19,1,0,17.7,44,321.0,323.8,306.3,311.5,30.142660798277298,313.97666666666663,-0.7818314824680299,0.6234898018587334,0.49999999999999994,0.8660254037844387,0.3212696616923644,0.9469877530760753,340.4,378.0
2020-01-20,Gujarat,WR,22.2587,71.1924,340.4,2020,1,0,20,0,0,18.1,51,331.7,253.8,306.5,323.87142857142857,17.72960934761585,315.1066666666667,0.0,1.0,0.49999999999999994,0.8660254037844387,0.3375228995941133,0.9413173175128471,344.5,379.7
2020-01-21,Gujarat,WR,22.2587,71.1924,344.5,2020,1,1,21,0,0,19.0,48,340.4,286.4,329.0,332.1714285714285,8.418573569935193,315.62333333333333,0.7818314824680298,0.6234898018587336,0.49999999999999994,0.8660254037844387,0.3536761221763716,0.9353679493131483,354.4,379.9
2020-01-22,Gujarat,WR,22.2587,71.1924,354.4,2020,1,2,22,0,0,19.8,36,344.5,323.3,343.5,336.6142857142857,10.820263177859003,315.9866666666667,0.9749279121818236,-0.22252093395631434,0.49999999999999994,0.8660254037844387,0.3697245428906731,0.9291414114031743,362.9,386.5
2020-01-23,Gujarat,WR,22.2587,71.1924,362.9,2020,1,3,23,0,0,19.8,48,354.4,331.2,341.0,341.14285714285717,14.262638505651731,316.71666666666664,0.43388373911755823,-0.900968867902419,0.49999999999999994,0.8660254037844387,0.38566340624360707,0.9226395488404876,364.6,389.4
2020-01-24,Gujarat,WR,22.2587,71.1924,364.6,2020,1,4,24,0,0,20.2,50,362.9,333.1,348.6,345.64285714285717,16.146914787132125,317.25,-0.433883739117558,-0.9009688679024191,0.49999999999999994,0.8660254037844387,0.401487989205973,0.9158642882672872,346.8,383.1
2020-01-25,Gujarat,WR,22.2587,71.1924,346.8,2020,1,5,25,1,0,20.4,40,364.6,321.0,348.7,349.3285714285715,11.99523715004286,317.18666666666667,-0.9749279121818236,-0.2225209339563146,0.49999999999999994,0.8660254037844387,0.4171936026123168,0.9088176373395029,378.0,369.0
2020-01-26,Gujarat,WR,22.2587,71.1924,378.0,2020,1,6,26,1,1,21.6,38,346.8,331.7,347.0,355.9428571428571,13.343894626741731,318.22,-0.7818314824680299,0.6234898018587334,0.49999999999999994,0.8660254037844387,0.4327755925504312,0.901501684131884,379.7,299.3
2020-01-27,Gujarat,WR,22.2587,71.1924,379.7,2020,1,0,27,0,0,20.8,61,378.0,340.4,335.0,361.5571428571428,13.967445142530346,319.71000000000004,0.0,1.0,0.49999999999999994,0.8660254037844387,0.4482293417404106,0.893918596519257,379.9,281.6
2020-01-28,Gujarat,WR,22.2587,71.1924,379.9,2020,1,1,28,0,0,19.2,56,379.7,344.5,328.8,366.6142857142857,13.146790301749434,321.4133333333333,0.7818314824680298,0.6234898018587336,0.49999999999999994,0.8660254037844387,0.4635502709028509,0.886070621534138,386.5,307.2
2020-01-29,Gujarat,WR,22.2587,71.1924,386.5,2020,1,2,29,0,0,17.3,49,379.9,354.4,335.5,371.2,13.760329453423367,323.11333333333334,0.9749279121818236,-0.22252093395631434,0.49999999999999994,0.8660254037844387,0.47873384011578846,0.8779600847008882,389.4,327.4
2020-01-30,Gujarat,WR,22.2587,71.1924,389.4,2020,1,3,30,0,0,17.8,37,386.5,362.9,332.2,374.9857142857143,14.708889440454612,325.02000000000004,0.43388373911755823,-0.900968867902419,0.49999999999999994,0.8660254037844387,0.49377555015997715,0.869589389346611,383.1,329.8
2020-01-31,Gujarat,WR,22.2587,71.1924,383.1,2020,1,4,31,0,0,18.6,40,389.4,364.6,325.9,377.62857142857143,14.1844650099727,326.9266666666667,-0.433883739117558,-0.9009688679024191,0.49999999999999994,0.8660254037844387,0.5086709438521044,0.8609610158889943,369.0,333.3
2020-02-01,Gujarat,WR,22.2587,71.1924,369.0,2020,2,5,32,1,0,18.8,30,383.1,346.8,319.3,380.8,6.593431074442939,328.5833333333333,-0.9749279121818236,-0.2225209339563146,0.8660254037844386,0.5000000000000001,0.5234156073655503,0.8520775211013093,299.3,320.9
2020-02-02,Gujarat,WR,22.2587,71.1924,299.3,2020,2,6,33,1,0,19.9,37,369.0,378.0,317.1,369.5571428571429,31.65026893739776,327.98999999999995,-0.7818314824680299,0.6234898018587334,0.8660254037844386,0.5000000000000001,0.5380051715382996,0.8429415373547828,281.6,320.3
2020-02-03,Gujarat,WR,22.2587,71.1924,281.6,2020,2,0,34,0,0,20.7,39,299.3,379.7,299.5,355.54285714285714,45.22023356650856,327.3933333333333,0.0,1.0,0.8660254037844386,0.5000000000000001,0.5524353131676196,0.8335557718385699,307.2,323.3
2020-02-04,Gujarat,WR,22.2587,71.1924,307.2,2020,2,1,35,0,0,19.7,36,281.6,379.9,284.7,345.15714285714284,47.00698023141076,328.1433333333334,0.7818314824680298,0.6234898018587336,0.8660254037844386,0.5000000000000001,0.5667017562911176,0.8239230057575542,327.4,322.5
2020-02-05,Gujarat,WR,22.2587,71.1924,327.4,2020,2,2,36,0,0,20.3,47,307.2,386.5,278.2,336.7142857142857,43.52211807695949,329.78333333333336,0.9749279121818236,-0.22252093395631434,0.8660254037844386,0.5000000000000001,0.5808002734538009,0.8140460935082178,329.8,324.8
2020-02-13,Gujarat,WR,22.2587,71.1924,329.8,2020,2,3,44,0,0,25.5,41,327.4,389.4,277.2,328.2,36.809464362670354,331.53666666666663,0.43388373911755823,-0.900968867902419,0.8660254037844386,0.5000000000000001,0.6870527672236669,0.7266075247685656,333.3,329.5
2020-02-14,Gujarat,WR,22.2587,71.1924,333.3,2020,2,4,45,0,0,24.7,37,329.8,383.1,267.2,321.0857142857143,28.24691302139261,333.74,-0.433883739117558,-0.9009688679024191,0.8660254037844386,0.5000000000000001,0.699458327051647,0.7146733860429609,320.9,327.3
2020-02-15,Gujarat,WR,22.2587,71.1924,320.9,2020,2,5,46,1,0,23.0,24,333.3,369.0,282.3,314.2142857142857,18.97835860231627,335.0266666666667,-0.9749279121818236,-0.2225209339563146,0.8660254037844386,0.5000000000000001,0.7116566222817746,0.7025274741691571,320.3,315.6
2020-02-16,Gujarat,WR,22.2587,71.1924,320.3,2020,2,6,47,1,0,25.1,35,320.9,299.3,287.7,317.2142857142857,17.854357878067617,336.11333333333334,-0.7818314824680299,0.6234898018587334,0.8660254037844386,0.5000000000000001,0.7236440382959124,0.6901733882429719,323.3,373.2
2020-02-17,Gujarat,WR,22.2587,71.1924,323.3,2020,2,0,48,0,0,26.8,32,320.3,281.6,280.1,323.1714285714285,8.494255762125809,337.55333333333334,0.0,1.0,0.8660254037844386,0.5000000000000001,0.7354170229639855,0.6776147890466889,322.5,379.4
2020-02-18,Gujarat,WR,22.2587,71.1924,322.5,2020,2,1,49,0,0,27.0,28,323.3,307.2,323.8,325.35714285714283,4.913198938527991,337.51000000000005,0.7818314824680298,0.6234898018587336,0.8660254037844386,0.5000000000000001,0.7469720876965552,0.6648553979642865,324.8,373.5
2020-02-19,Gujarat,WR,22.2587,71.1924,324.8,2020,2,2,50,0,0,27.2,31,322.5,327.4,253.8,324.9857142857143,4.830606784327437,339.87666666666667,0.9749279121818236,-0.22252093395631434,0.8660254037844386,0.5000000000000001,0.7583058084785624,0.6518989958787126,329.5,376.2
2020-02-20,Gujarat,WR,22.2587,71.1924,329.5,2020,2,3,51,0,0,25.0,33,324.8,329.8,286.4,324.9428571428571,4.7818605663715,341.31333333333333,0.43388373911755823,-0.900968867902419,0.8660254037844386,0.5000000000000001,0.7694148268839378,0.6387494220515272,327.3,374.2
2020-02-21,Gujarat,WR,22.2587,71.1924,327.3,2020,2,4,52,0,0,24.4,48,329.5,333.3,323.3,324.0857142857143,3.360768052810132,341.4466666666667,-0.433883739117558,-0.9009688679024191,0.8660254037844386,0.5000000000000001,0.7802958510707755,0.6254105729852463,315.6,370.7
2020-02-22,Gujarat,WR,22.2587,71.1924,315.6,2020,2,5,53,1,0,24.5,24,327.3,320.9,331.2,323.3285714285715,4.5755561722855935,340.9266666666666,-0.9749279121818236,-0.2225209339563146,0.8660254037844386,0.5000000000000001,0.7909456567567772,0.6118864012687243,373.2,364.2
2020-02-23,Gujarat,WR,22.2587,71.1924,373.2,2020,2,6,54,1,0,24.7,33,315.6,320.3,333.1,330.8857142857143,19.16519663099743,342.2633333333333,-0.7818314824680299,0.6234898018587334,0.8660254037844386,0.5000000000000001,0.8013610881746766,0.5981809144059165,379.4,318.9
2020-02-24,Gujarat,WR,22.2587,71.1924,379.4,2020,2,0,55,0,0,24.8,35,373.2,323.3,321.0,338.9,25.981788493738726,344.21,0.0,1.0,0.8660254037844386,0.5000000000000001,0.8115390590073611,0.5842981736283684,373.5,324.5
2020-02-25,Gujarat,WR,22.2587,71.1924,373.5,2020,2,1,56,0,0,24.8,30,379.4,322.5,331.7,346.18571428571425,27.70965106068298,345.60333333333335,0.7818314824680298,0.6234898018587336,0.8660254037844386,0.5000000000000001,0.8214765533024142,0.5702422926917871,376.2,320.9
2020-02-26,Gujarat,WR,22.2587,71.1924,376.2,2020,2,2,57,0,0,25.5,30,373.5,324.8,340.4,353.52857142857147,27.907687966205685,346.79666666666674,0.9749279121818236,-0.22252093395631434,0.8660254037844386,0.5000000000000001,0.8311706263658079,0.5560174366570446,374.2,317.8
2020-02-27,Gujarat,WR,22.2587,71.1924,374.2,2020,2,3,58,0,0,26.2,28,376.2,329.5,344.5,359.9142857142857,26.57545412415039,347.7866666666667,0.43388373911755823,-0.900968867902419,0.8660254037844386,0.5000000000000001,0.8406184056344782,0.5416278206559814,370.7,313.9
2020-02-28,Gujarat,WR,22.2587,71.1924,370.7,2020,2,4,59,0,0,26.7,28,374.2,327.3,354.4,366.11428571428576,22.439134606861025,348.33,-0.433883739117558,-0.9009688679024191,0.8660254037844386,0.5000000000000001,0.8498170915275278,0.5270777086423722,364.2,327.6
2020-02-29,Gujarat,WR,22.2587,71.1924,364.2,2020,2,5,60,1,0,26.0,40,370.7,315.6,362.9,373.0571428571429,4.754596773256778,348.3733333333333,-0.9749279121818236,-0.2225209339563146,0.8660254037844386,0.5000000000000001,0.8587639582758029,0.5123714121284237,318.9,326.9
2020-03-01,Gujarat,WR,22.2587,71.1924,318.9,2020,3,6,61,1,0,25.7,47,364.2,373.2,364.6,365.3,21.00555482088962,346.85,-0.7818314824680299,0.6234898018587334,1.0,6.123233995736766e-17,0.8674563547295969,0.49751328890718066,324.5,322.7
2020-03-02,Gujarat,WR,22.2587,71.1924,324.5,2020,3,0,62,0,0,26.2,33,318.9,379.4,346.8,357.4571428571429,24.774506866459486,346.1066666666667,0.0,1.0,1.0,6.123233995736766e-17,0.8758917051442429,0.48250774176121847,320.9,321.8
2020-03-03,Gujarat,WR,22.2587,71.1924,320.9,2020,3,1,63,0,0,25.5,40,324.5,373.5,378.0,349.9428571428571,26.976709531425566,344.2033333333333,0.7818314824680298,0.6234898018587336,1.0,6.123233995736766e-17,0.8840675099433636,0.4673592171580022,317.8,305.1
2020-03-04,Gujarat,WR,22.2587,71.1924,317.8,2020,3,2,64,0,0,24.3,51,320.9,376.2,379.7,341.59999999999997,26.52973174886446,342.14,0.9749279121818236,-0.22252093395631434,1.0,6.123233995736766e-17,0.8919813464595485,0.45207220393230435,313.9,331.7
2020-03-05,Gujarat,WR,22.2587,71.1924,313.9,2020,3,3,65,0,0,23.9,56,317.8,374.2,379.9,332.9857142857143,23.83292040934401,339.93999999999994,0.43388373911755823,-0.900968867902419,1.0,6.123233995736766e-17,0.8996308696522433,0.43665123195606403,327.6,340.4
2020-03-13,Gujarat,WR,22.2587,71.1924,327.6,2020,3,4,73,0,0,21.5,44,313.9,370.7,386.5,326.8285714285715,17.07490500566271,337.97666666666663,-0.433883739117558,-0.9009688679024191,1.0,6.123233995736766e-17,0.9510565162951535,0.30901699437494745,326.9,344.5
2020-03-14,Gujarat,WR,22.2587,71.1924,326.9,2020,3,5,74,1,0,22.8,36,327.6,364.2,389.4,321.5,5.065241027501603,335.8933333333333,-0.9749279121818236,-0.2225209339563146,1.0,6.123233995736766e-17,0.9562348265919056,0.29260033563334836,322.7,354.4
2020-03-15,Gujarat,WR,22.2587,71.1924,322.7,2020,3,6,75,1,0,24.5,24,326.9,318.9,383.1,322.04285714285714,4.942285956539731,333.88,-0.7818314824680299,0.6234898018587334,1.0,6.123233995736766e-17,0.9611297838723007,0.27609697309746883,321.8,231.4
2020-03-16,Gujarat,WR,22.2587,71.1924,321.8,2020,3,0,76,0,0,25.5,23,322.7,324.5,369.0,321.65714285714284,4.8224672602527265,332.3066666666666,0.0,1.0,1.0,6.123233995736766e-17,0.9657399376548549,0.2595117970697999,305.1,240.2
2020-03-17,Gujarat,WR,22.2587,71.1924,305.1,2020,3,1,77,0,0,27.2,23,321.8,320.9,299.3,319.40000000000003,7.9313723066492745,332.5,0.7818314824680298,0.6234898018587336,1.0,6.123233995736766e-17,0.9700639218515071,0.2428497220959356,331.7,242.8
2020-03-18,Gujarat,WR,22.2587,71.1924,331.7,2020,3,2,78,0,0,28.9,22,305.1,317.8,281.6,321.38571428571424,9.115632830735366,334.17,0.9749279121818236,-0.22252093395631434,1.0,6.123233995736766e-17,0.9741004551724205,0.22611568550828828,340.4,241.1
2020-03-19,Gujarat,WR,22.2587,71.1924,340.4,2020,3,3,79,0,0,28.1,26,331.7,313.9,307.2,325.1714285714285,10.830160707598191,335.27666666666664,0.43388373911755823,-0.900968867902419,1.0,6.123233995736766e-17,0.9778483415056568,0.20931464596304847,344.5,243.8
2020-03-20,Gujarat,WR,22.2587,71.1924,344.5,2020,3,4,80,0,0,25.5,41,340.4,327.6,327.4,327.5857142857143,13.106287113625564,335.84666666666664,-0.433883739117558,-0.9009688679024191,1.0,6.123233995736766e-17,0.9813064702716093,0.19245158197082998,354.4,246.0
2020-03-21,Gujarat,WR,22.2587,71.1924,354.4,2020,3,5,81,1,0,26.6,52,344.5,326.9,329.8,331.5142857142857,16.53858403566617,336.6666666666667,-0.9749279121818236,-0.2225209339563146,1.0,6.123233995736766e-17,0.9844738167520922,0.1755314904214282,231.4,247.4
2020-03-22,Gujarat,WR,22.2587,71.1924,231.4,2020,3,6,82,1,0,27.4,53,354.4,322.7,333.3,318.4714285714286,41.62434040661461,333.2699999999999,-0.7818314824680299,0.6234898018587334,1.0,6.123233995736766e-17,0.9873494423939864,0.15855938510313475,240.2,284.8
2020-03-23,Gujarat,WR,22.2587,71.1924,240.2,2020,3,0,83,0,0,29.4,43,231.4,321.8,320.9,306.8142857142857,50.92417332241565,330.58,0.0,1.0,1.0,6.123233995736766e-17,0.989932495087353,0.141540295217043,242.8,289.3
2020-03-24,Gujarat,WR,22.2587,71.1924,242.8,2020,3,1,84,0,0,29.8,40,240.2,305.1,320.3,297.9142857142857,56.421108005527664,327.99666666666667,0.7818314824680298,0.6234898018587336,1.0,6.123233995736766e-17,0.9922222094179323,0.12447926388678915,241.1,293.8
2020-03-25,Gujarat,WR,22.2587,71.1924,241.1,2020,3,2,85,0,0,29.0,41,242.8,331.7,323.3,284.9714285714286,57.754962681017176,325.2566666666666,0.9749279121818236,-0.22252093395631434,1.0,6.123233995736766e-17,0.994217906893952,0.10738134666416309,243.8,285.2
2020-03-26,Gujarat,WR,22.2587,71.1924,243.8,2020,3,3,86,0,0,25.6,54,241.1,340.4,322.5,271.1714285714286,53.702101581648265,322.6333333333333,0.43388373911755823,-0.900968867902419,1.0,6.123233995736766e-17,0.995918996147179,0.09025161003104117,246.0,285.4
2020-03-27,Gujarat,WR,22.2587,71.1924,246.0,2020,3,4,87,0,0,25.6,51,243.8,344.5,324.8,257.1,43.154721642016604,320.0066666666667,-0.433883739117558,-0.9009688679024191,1.0,6.123233995736766e-17,0.9973249731081555,0.07309512989807777,247.4,292.8
2020-03-28,Gujarat,WR,22.2587,71.1924,247.4,2020,3,5,88,1,0,25.6,43,246.0,354.4,329.5,241.81428571428572,5.247357611663186,317.27000000000004,-0.9749279121818236,-0.2225209339563146,1.0,6.123233995736766e-17,0.9984354211555643,0.055916990100603484,284.8,287.8
2020-03-29,Gujarat,WR,22.2587,71.1924,284.8,2020,3,6,89,1,0,27.0,42,247.4,231.4,327.3,249.44285714285715,15.796398022211195,315.8533333333333,-0.7818314824680299,0.6234898018587334,1.0,6.123233995736766e-17,0.9992500112396835,0.03872228089217446,289.3,317.1
2020-03-30,Gujarat,WR,22.2587,71.1924,289.3,2020,3,0,90,0,0,29.9,22,284.8,240.2,315.6,256.45714285714286,21.039316936221883,314.9766666666667,0.0,1.0,1.0,6.123233995736766e-17,0.9997685019798909,0.021516097436222254,293.8,327.0
2020-03-31,Gujarat,WR,22.2587,71.1924,293.8,2020,3,1,91,0,0,28.7,34,289.3,242.8,373.2,263.7428571428572,24.125771638287596,312.33,0.7818314824680298,0.6234898018587336,1.0,6.123233995736766e-17,0.9999907397361901,0.004303538296244289,285.2,330.1
2020-04-01,Gujarat,WR,22.2587,71.1924,285.2,2020,4,2,92,0,0,27.5,53,293.8,241.1,379.4,270.04285714285714,22.95719619515435,309.19,0.9749279121818236,-0.22252093395631434,0.8660254037844387,-0.4999999999999998,0.9999166586547379,-0.01291029607500882,285.4,336.8
2020-04-02,Gujarat,WR,22.2587,71.1924,285.4,2020,4,3,93,0,1,28.7,42,285.2,243.8,373.5,275.9857142857143,20.25721505796691,306.25333333333333,0.43388373911755823,-0.900968867902419,0.8660254037844387,-0.4999999999999998,0.9995462806873573,-0.030120304846908114,292.8,337.4
2020-04-03,Gujarat,WR,22.2587,71.1924,292.8,2020,4,4,94,0,0,30.4,35,285.4,246.0,376.2,282.6714285714286,15.983399125937364,303.4733333333333,-0.433883739117558,-0.9009688679024191,0.8660254037844387,-0.4999999999999998,0.9988797155850336,-0.04732138832243185,287.8,332.8
2020-04-04,Gujarat,WR,22.2587,71.1924,287.8,2020,4,5,95,1,0,30.8,30,292.8,247.4,374.2,288.4428571428571,3.6940750501533093,300.59333333333336,-0.9749279121818236,-0.2225209339563146,0.8660254037844387,-0.4999999999999998,0.9979171608653922,-0.06450844944931623,317.1,325.8
2020-04-05,Gujarat,WR,22.2587,71.1924,317.1,2020,4,6,96,1,0,31.5,26,287.8,284.8,370.7,293.0571428571429,11.111534118931155,298.8066666666666,-0.7818314824680299,0.6234898018587334,0.8660254037844387,-0.4999999999999998,0.9966589017541702,-0.08167639533042241,327.0,326.3
2020-04-13,Gujarat,WR,22.2587,71.1924,327.0,2020,4,0,104,0,0,33.5,25,317.1,289.3,364.2,298.4428571428571,16.712057238498332,297.56666666666666,0.0,1.0,0.8660254037844387,-0.4999999999999998,0.9760105506323683,-0.21772323039653177,330.1,332.1
2020-04-14,Gujarat,WR,22.2587,71.1924,330.1,2020,4,1,105,0,1,33.7,24,327.0,293.8,318.9,303.62857142857143,20.281906081177596,297.93999999999994,0.7818314824680298,0.6234898018587336,0.8660254037844387,-0.4999999999999998,0.9721181966290613,-0.23449138957040985,336.8,327.1
2020-04-15,Gujarat,WR,22.2587,71.1924,336.8,2020,4,2,106,0,0,33.3,27,330.1,285.2,324.5,311.0,21.788758569501017,298.35,0.9749279121818236,-0.22252093395631434,0.8660254037844387,-0.4999999999999998,0.9679377830240642,-0.25119006388481935,337.4,320.1
2020-04-16,Gujarat,WR,22.2587,71.1924,337.4,2020,4,3,107,0,0,32.5,31,336.8,285.4,320.9,318.42857142857144,20.427980344429407,298.9,0.43388373911755823,-0.900968867902419,0.8660254037844387,-0.4999999999999998,0.9634705485641488,-0.2678143051621742,332.8,320.1
2020-04-17,Gujarat,WR,22.2587,71.1924,332.8,2020,4,4,108,0,0,31.9,37,337.4,292.8,317.8,324.14285714285717,17.440169833162305,299.4,-0.433883739117558,-0.9009688679024191,0.8660254037844387,-0.4999999999999998,0.9587178169872964,-0.2843591872810034,325.8,314.9
2020-04-18,Gujarat,WR,22.2587,71.1924,325.8,2020,4,5,109,1,0,32.2,34,332.8,287.8,313.9,329.57142857142856,7.078303536329077,299.79666666666674,-0.9749279121818236,-0.2225209339563146,0.8660254037844387,-0.4999999999999998,0.9536809966304457,-0.30081980763566735,326.3,301.0
2020-04-19,Gujarat,WR,22.2587,71.1924,326.3,2020,4,6,110,1,0,31.7,36,325.8,317.1,327.6,330.88571428571424,4.893679110661497,299.75333333333333,-0.7818314824680299,0.6234898018587334,0.8660254037844387,-0.4999999999999998,0.9483615800121715,-0.3171912885891061,332.1,390.7
2020-04-20,Gujarat,WR,22.2587,71.1924,332.1,2020,4,0,111,0,0,31.3,36,326.3,327.0,326.9,331.61428571428576,4.58891002724237,299.9266666666667,0.0,1.0,0.8660254037844387,-0.4999999999999998,0.9427611433904207,-0.3334687789181868,327.1,394.8
2020-04-21,Gujarat,WR,22.2587,71.1924,327.1,2020,4,1,112,0,0,31.3,42,332.1,330.1,322.7,331.1857142857143,4.884474919387447,300.0733333333334,0.7818314824680298,0.6234898018587336,0.8660254037844387,-0.4999999999999998,0.9368813462954315,-0.3496474552512284,320.1,387.9
2020-04-22,Gujarat,WR,22.2587,71.1924,320.1,2020,4,2,113,0,0,32.4,37,327.1,336.8,321.8,328.8,5.696197562119253,300.0166666666667,0.9749279121818236,-0.22252093395631434,0.8660254037844387,-0.4999999999999998,0.9307239310379795,-0.36572252349726897,320.1,394.866
2020-04-23,Gujarat,WR,22.2587,71.1924,320.1,2020,4,3,114,0,0,32.0,36,320.1,337.4,305.1,326.3285714285715,5.0605382736494535,300.51666666666665,0.43388373911755823,-0.900968867902419,0.8660254037844387,-0.4999999999999998,0.9242907221930933,-0.3816892202666588,314.9,394.866
2020-04-24,Gujarat,WR,22.2587,71.1924,314.9,2020,4,4,115,0,0,31.2,41,320.1,332.8,331.7,323.7714285714286,5.724425527427844,299.9566666666667,-0.433883739117558,-0.9009688679024191,0.8660254037844387,-0.4999999999999998,0.9175836260593937,-0.39754281428255595,301.0,394.866
2020-04-25,Gujarat,WR,22.2587,71.1924,301.0,2020,4,5,116,1,0,30.9,38,314.9,325.8,340.4,320.2285714285714,10.191289464655393,298.6433333333334,-0.9749279121818236,-0.2225209339563146,0.8660254037844387,-0.4999999999999998,0.9106046300942162,-0.4132786077829042,390.7,387.1
2020-04-26,Gujarat,WR,22.2587,71.1924,390.7,2020,4,6,117,1,0,31.1,51,301.0,326.3,344.5,329.42857142857144,28.751968876682902,300.18333333333334,-0.7818314824680299,0.6234898018587334,0.8660254037844387,-0.4999999999999998,0.9033558023246845,-0.4288919379124835,394.8,289.9
2020-04-27,Gujarat,WR,22.2587,71.1924,394.8,2020,4,0,118,0,0,31.0,47,390.7,332.1,354.4,338.3857142857143,38.00159771077355,301.53000000000003,0.0,1.0,0.8660254037844387,-0.4999999999999998,0.895839290734909,-0.4443781781046132,387.9,294.1
2020-04-28,Gujarat,WR,22.2587,71.1924,387.9,2020,4,1,119,0,0,31.5,48,394.8,327.1,231.4,347.07142857142856,41.75510804223958,306.7466666666667,0.7818314824680298,0.6234898018587336,0.8660254037844387,-0.4999999999999998,0.8880573226294932,-0.45973273945210397,394.866,294.8
2020-04-29,Gujarat,WR,22.2587,71.1924,394.866,2020,4,2,120,0,0,32.8,38,387.9,320.1,240.2,357.75228571428573,43.2420174125217,311.90220000000005,0.9749279121818236,-0.22252093395631434,0.8660254037844387,-0.4999999999999998,0.8800122039735357,-0.47495107206704995,394.866,300.2
2020-04-30,Gujarat,WR,22.2587,71.1924,394.866,2020,4,3,121,0,0,33.4,36,394.866,320.1,242.8,368.43314285714285,41.594071338067806,316.97106666666673,0.43388373911755823,-0.900968867902419,0.8660254037844387,-0.4999999999999998,0.8717063187093218,-0.4900286664290592,394.866,303.6
2020-05-01,Gujarat,WR,22.2587,71.1924,394.866,2020,5,4,122,0,0,33.0,37,394.866,314.9,241.1,379.85685714285717,34.88024856289908,322.0966,-0.433883739117558,-0.9009688679024191,0.49999999999999994,-0.8660254037844387,0.8631421280499114,-0.5049610547215204,387.1,304.0
2020-05-02,Gujarat,WR,22.2587,71.1924,387.1,2020,5,5,123,1,0,32.1,46,394.866,301.0,243.8,392.1568571428571,3.531280194156264,326.87326666666667,-0.9749279121818236,-0.2225209339563146,0.49999999999999994,-0.8660254037844387,0.854322169749827,-0.5197438121555155,289.9,302.8
2020-05-03,Gujarat,WR,22.2587,71.1924,289.9,2020,5,6,124,1,0,31.7,46,387.1,390.7,246.0,377.7568571428572,38.89653377628426,328.3366,-0.7818314824680299,0.6234898018587334,0.49999999999999994,-0.8660254037844387,0.8452490573530633,-0.5343725582809786,294.1,332.1
2020-05-04,Gujarat,WR,22.2587,71.1924,294.1,2020,5,0,125,0,0,31.7,48,289.9,394.8,247.4,363.37114285714284,48.8825150042726,329.8932666666667,0.0,1.0,0.49999999999999994,-0.8660254037844387,0.8359254794186372,-0.548842958284719,294.8,333.9
2020-05-05,Gujarat,WR,22.2587,71.1924,294.8,2020,5,1,126,0,0,32.6,47,294.1,387.9,284.8,350.0711428571429,53.53987367507433,330.2266,0.7818314824680298,0.6234898018587336,0.49999999999999994,-0.8660254037844387,0.8263541987239096,-0.5631507242749186,300.2,332.6
2020-05-13,Gujarat,WR,22.2587,71.1924,300.2,2020,5,2,134,0,0,31.9,49,294.8,394.866,289.3,336.54742857142855,52.28037261680929,330.58993333333336,0.9749279121818236,-0.22252093395631434,0.49999999999999994,-0.8660254037844387,0.7412220108485958,-0.6712599575675313,303.6,337.0
2020-05-14,Gujarat,WR,22.2587,71.1924,303.6,2020,5,3,135,0,0,32.0,50,300.2,394.866,293.8,323.50942857142854,46.35726360509651,330.91659999999996,0.43388373911755823,-0.900968867902419,0.49999999999999994,-0.8660254037844387,0.7295575540864875,-0.6839194216246106,304.0,337.3
2020-05-15,Gujarat,WR,22.2587,71.1924,304.0,2020,5,4,136,0,0,32.2,46,303.6,394.866,285.2,310.5285714285714,34.16458762547934,331.5432666666666,-0.433883739117558,-0.9009688679024191,0.49999999999999994,-0.8660254037844387,0.717676913675962,-0.6963762255968722,302.8,333.9
2020-05-16,Gujarat,WR,22.2587,71.1924,302.8,2020,5,5,137,1,0,32.1,48,304.0,387.1,285.4,298.4857142857143,5.547500509666927,332.12326666666667,-0.9749279121818236,-0.2225209339563146,0.49999999999999994,-0.8660254037844387,0.705583610107178,-0.7086266782644596,332.1,318.9
2020-05-17,Gujarat,WR,22.2587,71.1924,332.1,2020,5,6,138,1,0,32.0,45,302.8,289.9,292.8,304.5142857142857,12.822172017177724,333.4332666666667,-0.7818314824680299,0.6234898018587334,0.49999999999999994,-0.8660254037844387,0.6932812268869777,-0.7206671495538609,333.9,330.3
2020-05-18,Gujarat,WR,22.2587,71.1924,333.9,2020,5,0,139,0,0,31.5,51,332.1,294.1,287.8,310.2,15.891402287610529,334.96993333333336,0.0,1.0,0.49999999999999994,-0.8660254037844387,0.6807734094770161,-0.7324940716135789,332.6,331.3
2020-05-19,Gujarat,WR,22.2587,71.1924,332.6,2020,5,1,140,0,0,32.5,45,333.9,294.8,317.1,315.59999999999997,16.2054517575623,335.48660000000007,0.7818314824680298,0.6234898018587336,0.49999999999999994,-0.8660254037844387,0.6680638642135335,-0.7441039398713607,337.0,330.8
2020-05-20,Gujarat,WR,22.2587,71.1924,337.0,2020,5,2,141,0,0,33.4,40,332.6,300.2,327.0,320.85714285714283,16.34542312523217,335.8199333333334,0.9749279121818236,-0.22252093395631434,0.49999999999999994,-0.8660254037844387,0.6551563572090853,-0.7554933140726803,337.3,336.3
2020-05-21,Gujarat,WR,22.2587,71.1924,337.3,2020,5,3,142,0,0,33.8,30,337.0,303.6,330.1,325.6714285714285,15.347933008033042,336.05993333333333,0.43388373911755823,-0.900968867902419,0.49999999999999994,-0.8660254037844387,0.6420547132365637,-0.766658819300159,333.9,331.9
