timestamp,node_id,region,latitude,longitude,consumption_mu,year,month,dayofweek,dayofyear,is_weekend,is_holiday,temperature_c,humidity,lag_1d,lag_7d,lag_30d,roll_mean_7d,roll_std_7d,roll_mean_30d,dow_sin,dow_cos,month_sin,month_cos,doy_sin,doy_cos,target_next_1d,target_next_7d
2019-02-02,MP,WR,21.30039105,76.13001949,158.9,2019,2,5,33,1,0,23.0,47,155.6,218.4,253.0,188.0142857142857,31.211559214038484,194.32666666666668,-0.9749279121818236,-0.2225209339563146,0.8660254037844386,0.5000000000000001,0.5380051715382996,0.8429415373547828,162.7,166.0
2019-02-03,MP,WR,21.30039105,76.13001949,162.7,2019,2,6,34,1,0,23.6,47,158.9,219.8,253.6,179.85714285714286,28.895435460919995,191.29666666666665,-0.7818314824680299,0.6234898018587334,0.8660254037844386,0.5000000000000001,0.5524353131676196,0.8335557718385699,165.5,175.0
2019-02-04,MP,WR,21.30039105,76.13001949,165.5,2019,2,0,35,0,0,24.4,40,162.7,212.8,239.3,173.1,25.202380839912777,188.83666666666667,0.0,1.0,0.8660254037844386,0.5000000000000001,0.5667017562911176,0.8239230057575542,165.4,180.7
2019-02-05,MP,WR,21.30039105,76.13001949,165.4,2019,2,1,36,0,0,24.8,40,165.5,210.0,228.2,166.72857142857143,19.254758224545878,186.7433333333333,0.7818314824680298,0.6234898018587336,0.8660254037844386,0.5000000000000001,0.5808002734538009,0.8140460935082178,165.8,184.0
2019-02-06,MP,WR,21.30039105,76.13001949,165.8,2019,2,2,37,0,0,25.8,41,165.4,208.6,227.4,160.6142857142857,5.922113522335747,184.69,0.9749279121818236,-0.22252093395631434,0.8660254037844386,0.5000000000000001,0.5947266869607634,0.8039279618328213,154.6,181.7
2019-02-07,MP,WR,21.30039105,76.13001949,154.6,2019,2,3,38,0,0,22.0,43,165.8,150.4,230.3,161.21428571428572,4.826119411228022,182.16666666666666,0.43388373911755823,-0.900968867902419,0.8660254037844386,0.5000000000000001,0.6084768701151261,0.7935716089521474,156.5,228.3
2019-02-08,MP,WR,21.30039105,76.13001949,156.5,2019,2,4,39,0,0,19.2,40,154.6,155.6,228.8,161.34285714285716,4.660778598352476,179.75666666666666,-0.433883739117558,-0.9009688679024191,0.8660254037844386,0.5000000000000001,0.6220467484408675,0.7829801036770629,166.0,233.3
2019-02-09,MP,WR,21.30039105,76.13001949,166.0,2019,2,5,40,1,0,17.7,31,156.5,158.9,162.5,162.35714285714286,4.810702354423984,179.87333333333333,-0.9749279121818236,-0.2225209339563146,0.8660254037844386,0.5000000000000001,0.6354323008901774,0.7721565844991642,175.0,235.5
2019-02-10,MP,WR,21.30039105,76.13001949,175.0,2019,2,6,41,1,0,18.7,34,166.0,162.7,159.6,164.1142857142857,6.794220232773725,180.38666666666668,-0.7818314824680299,0.6234898018587334,0.8660254037844386,0.5000000000000001,0.6486295610349814,0.7611042586607747,180.7,237.0
2019-02-11,MP,WR,21.30039105,76.13001949,180.7,2019,2,0,42,0,0,21.4,38,175.0,165.5,154.3,166.28571428571428,9.283754371917556,181.26666666666668,0.0,1.0,0.8660254037844386,0.5000000000000001,0.6616346182422783,0.7498264012045686,184.0,237.1
2019-02-12,MP,WR,21.30039105,76.13001949,184.0,2019,2,1,43,0,0,24.5,44,180.7,165.4,161.1,168.94285714285712,11.40699451255793,182.03,0.7818314824680298,0.6234898018587336,0.8660254037844386,0.5000000000000001,0.6744436188329455,0.7383263540031065,181.7,238.5
2019-02-13,MP,WR,21.30039105,76.13001949,181.7,2019,2,2,44,0,0,26.5,50,184.0,165.8,168.6,171.21428571428572,12.230212395461413,182.46666666666667,0.9749279121818236,-0.22252093395631434,0.8660254037844386,0.5000000000000001,0.6870527672236669,0.7266075247685656,228.3,235.3
2019-02-14,MP,WR,21.30039105,76.13001949,228.3,2019,2,3,45,0,0,26.8,44,181.7,154.6,170.7,181.7428571428571,22.745904916626035,184.38666666666668,0.43388373911755823,-0.900968867902419,0.8660254037844386,0.5000000000000001,0.699458327051647,0.7146733860429609,233.3,224.0
2019-02-15,MP,WR,21.30039105,76.13001949,233.3,2019,2,4,46,0,0,25.7,37,228.3,156.5,170.2,192.71428571428572,26.71637628692864,186.48999999999998,-0.433883739117558,-0.9009688679024191,0.8660254037844386,0.5000000000000001,0.7116566222817746,0.7025274741691571,235.5,227.4
2019-02-16,MP,WR,21.30039105,76.13001949,235.5,2019,2,5,47,1,0,23.4,39,233.3,166.0,185.1,202.64285714285714,28.016415256230122,188.17000000000002,-0.9749279121818236,-0.2225209339563146,0.8660254037844386,0.5000000000000001,0.7236440382959124,0.6901733882429719,237.0,226.3
2019-02-17,MP,WR,21.30039105,76.13001949,237.0,2019,2,6,48,1,0,22.6,40,235.5,175.0,183.7,211.5,27.61841173323813,189.9466666666667,-0.7818314824680299,0.6234898018587334,0.8660254037844386,0.5000000000000001,0.7354170229639855,0.6776147890466889,237.1,226.4
2019-02-18,MP,WR,21.30039105,76.13001949,237.1,2019,2,0,49,0,0,23.5,38,237.0,180.7,183.4,219.55714285714288,25.261819487311705,191.73666666666665,0.0,1.0,0.8660254037844386,0.5000000000000001,0.7469720876965552,0.6648553979642865,238.5,226.6
2019-02-19,MP,WR,21.30039105,76.13001949,238.5,2019,2,1,50,0,0,26.0,31,237.1,184.0,183.7,227.34285714285716,20.408973283244467,193.56333333333333,0.7818314824680298,0.6234898018587336,0.8660254037844386,0.5000000000000001,0.7583058084785624,0.6518989958787126,235.3,223.9
2019-02-20,MP,WR,21.30039105,76.13001949,235.3,2019,2,2,51,0,0,27.6,38,238.5,181.7,189.3,235.0,3.3857544703252542,195.09666666666666,0.9749279121818236,-0.22252093395631434,0.8660254037844386,0.5000000000000001,0.7694148268839378,0.6387494220515272,224.0,215.2
2019-02-21,MP,WR,21.30039105,76.13001949,224.0,2019,2,3,52,0,0,29.3,41,235.3,228.3,187.9,234.3857142857143,4.869095936422846,196.3,0.43388373911755823,-0.900968867902419,0.8660254037844386,0.5000000000000001,0.7802958510707755,0.6254105729852463,227.4,255.7
2019-02-22,MP,WR,21.30039105,76.13001949,227.4,2019,2,4,53,0,0,28.8,39,224.0,233.3,188.2,233.54285714285714,5.551233239216743,197.60666666666668,-0.433883739117558,-0.9009688679024191,0.8660254037844386,0.5000000000000001,0.7909456567567772,0.6118864012687243,226.3,258.5
2019-02-23,MP,WR,21.30039105,76.13001949,226.3,2019,2,5,54,1,0,27.9,39,227.4,235.5,219.7,232.22857142857143,6.075007348613561,197.82666666666665,-0.9749279121818236,-0.2225209339563146,0.8660254037844386,0.5000000000000001,0.8013610881746766,0.5981809144059165,226.4,259.6
2019-02-24,MP,WR,21.30039105,76.13001949,226.4,2019,2,6,55,1,0,27.3,35,226.3,237.0,219.7,230.71428571428572,6.008169042070131,198.05,-0.7818314824680299,0.6234898018587334,0.8660254037844386,0.5000000000000001,0.8115390590073611,0.5842981736283684,226.6,258.0
2019-02-25,MP,WR,21.30039105,76.13001949,226.6,2019,2,0,56,0,0,26.2,27,226.4,237.1,218.4,229.21428571428572,5.431214895222816,198.32333333333332,0.0,1.0,0.8660254037844386,0.5000000000000001,0.8214765533024142,0.5702422926917871,223.9,262.8
2019-02-26,MP,WR,21.30039105,76.13001949,223.9,2019,2,1,57,0,0,24.9,30,226.6,238.5,219.8,227.12857142857143,3.8417505930295457,198.46,0.7818314824680298,0.6234898018587336,0.8660254037844386,0.5000000000000001,0.8311706263658079,0.5560174366570446,215.2,264.8
2019-02-27,MP,WR,21.30039105,76.13001949,215.2,2019,2,2,58,0,0,23.3,43,223.9,235.3,212.8,224.2571428571429,4.210248267761195,198.54,0.9749279121818236,-0.22252093395631434,0.8660254037844386,0.5000000000000001,0.8406184056344782,0.5416278206559814,255.7,265.1
2019-02-28,MP,WR,21.30039105,76.13001949,255.7,2019,2,3,59,0,0,22.6,37,215.2,224.0,210.0,228.78571428571428,12.592250073150426,200.06333333333333,0.43388373911755823,-0.900968867902419,0.8660254037844386,0.5000000000000001,0.8498170915275278,0.5270777086423722,258.5,166.9
2019-03-02,MP,WR,21.30039105,76.13001949,258.5,2019,3,5,61,1,0,26.7,39,255.7,227.4,208.6,233.22857142857143,16.803939447414574,201.72666666666666,-0.9749279121818236,-0.2225209339563146,1.0,6.123233995736766e-17,0.8674563547295969,0.49751328890718066,259.6,169.2
2019-03-03,MP,WR,21.30039105,76.13001949,259.6,2019,3,6,62,1,0,27.3,35,258.5,226.3,150.4,237.9857142857143,19.075588987973347,205.36666666666667,-0.7818314824680299,0.6234898018587334,1.0,6.123233995736766e-17,0.8758917051442429,0.48250774176121847,258.0,175.4
2019-03-04,MP,WR,21.30039105,76.13001949,258.0,2019,3,0,63,0,1,26.1,48,259.6,226.4,155.6,242.5,19.60850155757262,208.78000000000003,0.0,1.0,1.0,6.123233995736766e-17,0.8840675099433636,0.4673592171580022,262.8,182.6
2019-03-05,MP,WR,21.30039105,76.13001949,262.8,2019,3,1,64,0,0,24.9,33,258.0,226.6,158.9,247.67142857142858,19.489459910911894,212.24333333333334,0.7818314824680298,0.6234898018587336,1.0,6.123233995736766e-17,0.8919813464595485,0.45207220393230435,264.8,185.6
2019-03-06,MP,WR,21.30039105,76.13001949,264.8,2019,3,2,65,0,0,24.1,32,262.8,223.9,162.7,253.5142857142857,17.167646758891827,215.64666666666665,0.9749279121818236,-0.22252093395631434,1.0,6.123233995736766e-17,0.8996308696522433,0.43665123195606403,265.1,186.8
2019-03-07,MP,WR,21.30039105,76.13001949,265.1,2019,3,3,66,0,0,24.9,28,264.8,215.2,165.5,260.64285714285717,3.6262272142706107,218.96666666666667,0.43388373911755823,-0.900968867902419,1.0,6.123233995736766e-17,0.9070138128026359,0.4211008707960896,166.9,184.0
2019-03-08,MP,WR,21.30039105,76.13001949,166.9,2019,3,4,67,0,0,26.3,29,265.1,255.7,165.4,247.95714285714286,35.86013836852163,219.01666666666668,-0.433883739117558,-0.9009688679024191,1.0,6.123233995736766e-17,0.9141279881853337,0.40542572835999735,169.2,175.7
2019-03-09,MP,WR,21.30039105,76.13001949,169.2,2019,3,5,68,1,0,27.9,31,166.9,258.5,165.8,235.20000000000002,45.94928363605533,219.13000000000002,-0.9749279121818236,-0.2225209339563146,1.0,6.123233995736766e-17,0.9209712877166346,0.38963044953078796,175.4,168.3
2019-03-10,MP,WR,21.30039105,76.13001949,175.4,2019,3,6,69,1,0,27.9,28,169.2,259.6,154.6,223.17142857142858,49.389429175540286,219.82333333333332,-0.7818314824680299,0.6234898018587334,1.0,6.123233995736766e-17,0.9275416835791966,0.37371971479046906,182.6,182.2
2019-03-11,MP,WR,21.30039105,76.13001949,182.6,2019,3,0,70,0,0,28.5,29,175.4,258.0,156.5,212.4,48.74549551838949,220.69333333333333,0.0,1.0,1.0,6.123233995736766e-17,0.9338372288229252,0.35769823883312546,185.6,186.1
2019-03-12,MP,WR,21.30039105,76.13001949,185.6,2019,3,1,71,0,0,27.4,36,182.6,262.8,166.0,201.37142857142857,43.93824128955374,221.34666666666666,0.7818314824680298,0.6234898018587336,1.0,6.123233995736766e-17,0.9398560579418954,0.3415707691678556,186.8,189.2
2019-03-13,MP,WR,21.30039105,76.13001949,186.8,2019,3,2,72,0,0,28.1,25,185.6,264.8,175.0,190.22857142857146,33.92003902738093,221.73999999999998,0.9749279121818236,-0.22252093395631434,1.0,6.123233995736766e-17,0.9455963874271426,0.3253420847119801,184.0,186.9
2019-03-14,MP,WR,21.30039105,76.13001949,184.0,2019,3,3,73,0,0,28.0,27,186.8,265.1,180.7,178.64285714285714,8.133030829659232,221.85,0.43388373911755823,-0.900968867902419,1.0,6.123233995736766e-17,0.9510565162951535,0.30901699437494745,175.7,193.3
2019-03-15,MP,WR,21.30039105,76.13001949,175.7,2019,3,4,74,0,0,27.3,22,184.0,166.9,184.0,179.90000000000003,6.539367961304093,221.57333333333332,-0.433883739117558,-0.9009688679024191,1.0,6.123233995736766e-17,0.9562348265919056,0.29260033563334836,168.3,248.2
2019-03-16,MP,WR,21.30039105,76.13001949,168.3,2019,3,5,75,1,0,28.1,35,175.7,169.2,181.7,179.77142857142857,6.78889148676311,221.12666666666667,-0.9749279121818236,-0.2225209339563146,1.0,6.123233995736766e-17,0.9611297838723007,0.27609697309746883,182.2,250.9
2019-03-17,MP,WR,21.30039105,76.13001949,182.2,2019,3,6,76,1,0,29.3,31,168.3,175.4,228.3,180.7428571428571,6.541115384717464,219.59,-0.7818314824680299,0.6234898018587334,1.0,6.123233995736766e-17,0.9657399376548549,0.2595117970697999,186.1,253.4
2019-03-18,MP,WR,21.30039105,76.13001949,186.1,2019,3,0,77,0,0,29.1,30,182.2,182.6,233.3,181.24285714285716,6.833948868908382,218.01666666666668,0.0,1.0,1.0,6.123233995736766e-17,0.9700639218515071,0.2428497220959356,189.2,252.8
2019-03-19,MP,WR,21.30039105,76.13001949,189.2,2019,3,1,78,0,0,29.3,27,186.1,185.6,235.5,181.75714285714284,7.333679645502261,216.47333333333333,0.7818314824680298,0.6234898018587336,1.0,6.123233995736766e-17,0.9741004551724205,0.22611568550828828,186.9,250.3
2019-03-20,MP,WR,21.30039105,76.13001949,186.9,2019,3,2,79,0,0,29.6,27,189.2,186.8,237.0,181.77142857142854,7.345228447936658,214.8033333333333,0.9749279121818236,-0.22252093395631434,1.0,6.123233995736766e-17,0.9778483415056568,0.20931464596304847,193.3,250.7
2019-03-21,MP,WR,21.30039105,76.13001949,193.3,2019,3,3,80,0,1,29.4,31,186.9,184.0,237.1,183.09999999999997,8.556673808593136,213.34333333333333,0.43388373911755823,-0.900968867902419,1.0,6.123233995736766e-17,0.9813064702716093,0.19245158197082998,248.2,246.0
2019-03-22,MP,WR,21.30039105,76.13001949,248.2,2019,3,4,81,0,0,29.3,25,193.3,175.7,238.5,193.45714285714286,25.40228711112816,213.66666666666666,-0.433883739117558,-0.9009688679024191,1.0,6.123233995736766e-17,0.9844738167520922,0.1755314904214282,250.9,199.3
2019-03-23,MP,WR,21.30039105,76.13001949,250.9,2019,3,5,82,1,0,30.1,24,248.2,168.3,235.3,205.25714285714284,30.451538392603233,214.18666666666667,-0.9749279121818236,-0.2225209339563146,1.0,6.123233995736766e-17,0.9873494423939864,0.15855938510313475,253.4,200.8
2019-03-24,MP,WR,21.30039105,76.13001949,253.4,2019,3,6,83,1,0,30.4,25,250.9,182.2,224.0,215.42857142857142,33.23069435956833,215.16666666666666,-0.7818314824680299,0.6234898018587334,1.0,6.123233995736766e-17,0.989932495087353,0.141540295217043,252.8,203.1
2019-03-25,MP,WR,21.30039105,76.13001949,252.8,2019,3,0,84,0,0,31.6,22,253.4,186.1,227.4,224.95714285714286,32.98125008459893,216.01333333333332,0.0,1.0,1.0,6.123233995736766e-17,0.9922222094179323,0.12447926388678915,250.3,204.8
2019-03-26,MP,WR,21.30039105,76.13001949,250.3,2019,3,1,85,0,0,32.0,20,252.8,189.2,226.3,233.68571428571428,29.88017339147755,216.81333333333336,0.7818314824680298,0.6234898018587336,1.0,6.123233995736766e-17,0.994217906893952,0.10738134666416309,250.7,205.8
2019-03-27,MP,WR,21.30039105,76.13001949,250.7,2019,3,2,86,0,0,31.3,23,250.3,186.9,226.4,242.8,21.893834748622783,217.62333333333333,0.9749279121818236,-0.22252093395631434,1.0,6.123233995736766e-17,0.995918996147179,0.09025161003104117,246.0,208.4
2019-03-28,MP,WR,21.30039105,76.13001949,246.0,2019,3,3,87,0,0,31.8,22,250.7,193.3,226.6,250.32857142857145,2.55845935783985,218.27,0.43388373911755823,-0.900968867902419,1.0,6.123233995736766e-17,0.9973249731081555,0.07309512989807777,199.3,202.5
2019-03-29,MP,WR,21.30039105,76.13001949,199.3,2019,3,4,88,0,0,32.9,21,246.0,248.2,223.9,243.34285714285716,19.566370566430027,217.45,-0.433883739117558,-0.9009688679024191,1.0,6.123233995736766e-17,0.9984354211555643,0.055916990100603484,200.8,226.5
2019-03-30,MP,WR,21.30039105,76.13001949,200.8,2019,3,5,89,1,0,34.3,19,199.3,250.9,215.2,236.18571428571428,24.803455980395732,216.97,-0.9749279121818236,-0.2225209339563146,1.0,6.123233995736766e-17,0.9992500112396835,0.03872228089217446,203.1,223.9
2019-03-31,MP,WR,21.30039105,76.13001949,203.1,2019,3,6,90,1,0,34.1,19,200.8,253.4,255.7,229.00000000000003,26.230262420850174,215.21666666666667,-0.7818314824680299,0.6234898018587334,1.0,6.123233995736766e-17,0.9997685019798909,0.021516097436222254,204.8,212.0
2019-04-02,MP,WR,21.30039105,76.13001949,204.8,2019,4,1,92,0,0,32.8,18,203.1,252.8,258.5,222.14285714285714,25.226365648057985,213.42666666666668,0.7818314824680298,0.6234898018587336,0.8660254037844387,-0.4999999999999998,0.9999166586547379,-0.01291029607500882,205.8,212.0
2019-04-03,MP,WR,21.30039105,76.13001949,205.8,2019,4,2,93,0,0,33.4,18,204.8,250.3,259.6,215.78571428571428,22.39638576284329,211.63333333333333,0.9749279121818236,-0.22252093395631434,0.8660254037844387,-0.4999999999999998,0.9995462806873573,-0.030120304846908114,208.4,222.6
2019-04-04,MP,WR,21.30039105,76.13001949,208.4,2019,4,3,94,0,0,34.6,17,205.8,250.7,258.0,209.74285714285716,16.27634860186759,209.98,0.43388373911755823,-0.900968867902419,0.8660254037844387,-0.4999999999999998,0.9988797155850336,-0.04732138832243185,202.5,223.5
2019-04-05,MP,WR,21.30039105,76.13001949,202.5,2019,4,4,95,0,0,34.3,22,208.4,246.0,262.8,203.52857142857144,3.08421480321534,207.96999999999997,-0.433883739117558,-0.9009688679024191,0.8660254037844387,-0.4999999999999998,0.9979171608653922,-0.06450844944931623,226.5,203.8
2019-04-06,MP,WR,21.30039105,76.13001949,226.5,2019,4,5,96,1,0,33.6,22,202.5,199.3,264.8,207.41428571428574,8.767255095225336,206.69333333333333,-0.9749279121818236,-0.2225209339563146,0.8660254037844387,-0.4999999999999998,0.9966589017541702,-0.08167639533042241,223.9,190.4
2019-04-07,MP,WR,21.30039105,76.13001949,223.9,2019,4,6,97,1,0,32.7,23,226.5,200.8,265.1,210.71428571428572,10.10765857678006,205.32000000000002,-0.7818314824680299,0.6234898018587334,0.8660254037844387,-0.4999999999999998,0.9951053111006976,-0.09882013873287143,212.0,195.1
2019-04-08,MP,WR,21.30039105,76.13001949,212.0,2019,4,0,98,0,0,33.5,24,223.9,203.1,166.9,211.98571428571427,9.533699626662383,206.82333333333335,0.0,1.0,0.8660254037844387,-0.4999999999999998,0.9932568492674143,-0.11593459959550041,212.0,192.8
2019-04-09,MP,WR,21.30039105,76.13001949,212.0,2019,4,1,99,0,0,33.7,20,212.0,204.8,169.2,213.0142857142857,9.002856689485995,208.25,0.7818314824680298,0.6234898018587336,0.8660254037844387,-0.4999999999999998,0.9911140639934547,-0.1330147065341959,222.6,191.7
2019-04-10,MP,WR,21.30039105,76.13001949,222.6,2019,4,2,100,0,0,33.3,19,212.0,205.8,175.4,215.41428571428574,8.998412558414026,209.82333333333332,0.9749279121818236,-0.22252093395631434,0.8660254037844387,-0.4999999999999998,0.9886775902323405,-0.1500553983446526,223.5,188.4
2019-04-11,MP,WR,21.30039105,76.13001949,223.5,2019,4,3,101,0,0,34.8,20,222.6,208.4,182.6,217.57142857142858,8.845283919640048,211.18666666666664,0.43388373911755823,-0.900968867902419,0.8660254037844387,-0.4999999999999998,0.9859481499638304,-0.16705162550211924,203.8,187.4
2019-04-12,MP,WR,21.30039105,76.13001949,203.8,2019,4,4,102,0,0,34.9,17,223.5,202.5,185.6,217.75714285714284,8.482306514711606,211.79333333333335,-0.433883739117558,-0.9009688679024191,0.8660254037844387,-0.4999999999999998,0.9829265519799822,-0.18399835165768005,190.4,171.4
2019-04-13,MP,WR,21.30039105,76.13001949,190.4,2019,4,5,103,1,1,35.2,17,203.8,226.5,186.8,212.6,12.365947867699443,211.91333333333336,-0.9749279121818236,-0.2225209339563146,0.8660254037844387,-0.4999999999999998,0.9796136916454901,-0.20089055513063506,195.1,252.2
2019-04-14,MP,WR,21.30039105,76.13001949,195.1,2019,4,6,104,1,1,35.7,18,190.4,223.9,184.0,208.4857142857143,12.764329016367755,212.28333333333333,-0.7818314824680299,0.6234898018587334,0.8660254037844387,-0.4999999999999998,0.9760105506323683,-0.21772323039653177,192.8,249.8
2019-04-15,MP,WR,21.30039105,76.13001949,192.8,2019,4,0,105,0,0,33.3,26,195.1,212.0,175.7,205.74285714285716,13.896025468079547,212.85333333333335,0.0,1.0,0.8660254037844387,-0.4999999999999998,0.9721181966290613,-0.23449138957040985,191.7,250.4
2019-04-16,MP,WR,21.30039105,76.13001949,191.7,2019,4,1,106,0,0,30.1,39,192.8,212.0,168.3,202.84285714285716,14.47858846053421,213.63333333333333,0.7818314824680298,0.6234898018587336,0.8660254037844387,-0.4999999999999998,0.9679377830240642,-0.25119006388481935,188.4,250.6
2019-04-17,MP,WR,21.30039105,76.13001949,188.4,2019,4,2,107,0,1,29.3,38,191.7,222.6,182.2,197.95714285714286,12.308108051585856,213.84000000000003,0.9749279121818236,-0.22252093395631434,0.8660254037844387,-0.4999999999999998,0.9634705485641488,-0.2678143051621742,187.4,252.9
2019-04-18,MP,WR,21.30039105,76.13001949,187.4,2019,4,3,108,0,0,29.9,29,188.4,223.5,186.1,192.79999999999998,5.504240789305395,213.88333333333333,0.43388373911755823,-0.900968867902419,0.8660254037844387,-0.4999999999999998,0.9587178169872964,-0.2843591872810034,171.4,248.3
2019-04-19,MP,WR,21.30039105,76.13001949,171.4,2019,4,4,109,0,1,31.9,27,187.4,203.8,189.2,188.17142857142858,7.83979470090674,213.29,-0.433883739117558,-0.9009688679024191,0.8660254037844387,-0.4999999999999998,0.9536809966304457,-0.30081980763566735,252.2,222.4
2019-04-20,MP,WR,21.30039105,76.13001949,252.2,2019,4,5,110,1,0,32.9,22,171.4,190.4,186.9,197.0,25.553408122335753,215.4666666666667,-0.9749279121818236,-0.2225209339563146,0.8660254037844387,-0.4999999999999998,0.9483615800121715,-0.3171912885891061,249.8,246.6
2019-04-21,MP,WR,21.30039105,76.13001949,249.8,2019,4,6,111,1,0,33.3,21,252.2,195.1,193.3,204.81428571428572,32.33844093188096,217.35,-0.7818314824680299,0.6234898018587334,0.8660254037844387,-0.4999999999999998,0.9427611433904207,-0.3334687789181868,250.4,239.7
2019-04-22,MP,WR,21.30039105,76.13001949,250.4,2019,4,0,112,0,0,34.1,18,249.8,192.8,248.2,213.04285714285717,35.90356793518141,217.42333333333335,0.0,1.0,0.8660254037844387,-0.4999999999999998,0.9368813462954315,-0.3496474552512284,250.6,237.4
2019-04-23,MP,WR,21.30039105,76.13001949,250.6,2019,4,1,113,0,0,35.0,18,250.4,191.7,250.9,221.45714285714286,36.954515156827455,217.41333333333333,0.7818314824680298,0.6234898018587336,0.8660254037844387,-0.4999999999999998,0.9307239310379795,-0.36572252349726897,252.9,242.8
2019-04-24,MP,WR,21.30039105,76.13001949,252.9,2019,4,2,114,0,0,36.1,16,250.6,188.4,253.4,230.67142857142855,35.34443446455257,217.39666666666668,0.9749279121818236,-0.22252093395631434,0.8660254037844387,-0.4999999999999998,0.9242907221930933,-0.3816892202666588,248.3,245.1
2019-04-25,MP,WR,21.30039105,76.13001949,248.3,2019,4,3,115,0,0,37.0,18,252.9,187.4,252.8,239.3714285714286,30.010815510729724,217.2466666666667,0.43388373911755823,-0.900968867902419,0.8660254037844387,-0.4999999999999998,0.9175836260593937,-0.39754281428255595,222.4,246.2
2019-04-26,MP,WR,21.30039105,76.13001949,222.4,2019,4,4,116,0,0,37.7,17,248.3,171.4,250.3,246.65714285714284,10.8030639392814,216.31666666666666,-0.433883739117558,-0.9009688679024191,0.8660254037844387,-0.4999999999999998,0.9106046300942162,-0.4132786077829042,246.6,246.9
2019-04-27,MP,WR,21.30039105,76.13001949,246.6,2019,4,5,117,1,0,38.5,16,222.4,252.2,250.7,245.85714285714286,10.528035135272635,216.18,-0.9749279121818236,-0.2225209339563146,0.8660254037844387,-0.4999999999999998,0.9033558023246845,-0.4288919379124835,239.7,164.0
2019-04-28,MP,WR,21.30039105,76.13001949,239.7,2019,4,6,118,1,0,39.0,11,246.6,249.8,246.0,244.41428571428574,10.589527621103118,215.97,-0.7818314824680299,0.6234898018587334,0.8660254037844387,-0.4999999999999998,0.895839290734909,-0.4443781781046132,237.4,163.5
2019-04-29,MP,WR,21.30039105,76.13001949,237.4,2019,4,0,119,0,0,38.2,13,239.7,250.4,199.3,242.55714285714285,10.504420838050372,217.23999999999998,0.0,1.0,0.8660254037844387,-0.4999999999999998,0.8880573226294932,-0.45973273945210397,242.8,166.5
2019-04-30,MP,WR,21.30039105,76.13001949,242.8,2019,4,1,120,0,0,36.6,17,237.4,250.6,200.8,241.44285714285712,9.905698215818324,218.64,0.7818314824680298,0.6234898018587336,0.8660254037844387,-0.4999999999999998,0.8800122039735357,-0.47495107206704995,245.1,162.9
2019-05-02,MP,WR,21.30039105,76.13001949,245.1,2019,5,3,122,0,0,34.4,25,242.8,252.9,203.1,240.32857142857142,8.776429472497506,220.04000000000002,0.43388373911755823,-0.900968867902419,0.49999999999999994,-0.8660254037844387,0.8631421280499114,-0.5049610547215204,246.2,162.4
2019-05-03,MP,WR,21.30039105,76.13001949,246.2,2019,5,4,123,0,0,34.2,24,245.1,248.3,204.8,240.0285714285714,8.489741709011097,221.42000000000002,-0.433883739117558,-0.9009688679024191,0.49999999999999994,-0.8660254037844387,0.854322169749827,-0.5197438121555155,246.9,152.4
2019-05-04,MP,WR,21.30039105,76.13001949,246.9,2019,5,5,124,1,0,33.4,29,246.2,222.4,205.8,243.52857142857144,3.7227741831943058,222.79,-0.9749279121818236,-0.2225209339563146,0.49999999999999994,-0.8660254037844387,0.8452490573530633,-0.5343725582809786,164.0,154.1
2019-05-05,MP,WR,21.30039105,76.13001949,164.0,2019,5,6,125,1,0,33.7,29,246.9,246.6,208.4,231.72857142857143,30.06613345530789,221.31,-0.7818314824680299,0.6234898018587334,0.49999999999999994,-0.8660254037844387,0.8359254794186372,-0.548842958284719,163.5,219.0
2019-05-06,MP,WR,21.30039105,76.13001949,163.5,2019,5,0,126,0,0,34.2,27,164.0,239.7,202.5,220.84285714285716,39.12786122201826,220.01000000000002,0.0,1.0,0.49999999999999994,-0.8660254037844387,0.8263541987239096,-0.5631507242749186,166.5,229.2
2019-05-07,MP,WR,21.30039105,76.13001949,166.5,2019,5,1,127,0,0,35.8,19,163.5,237.4,226.5,210.71428571428572,43.10225935962931,218.01000000000002,0.7818314824680298,0.6234898018587336,0.49999999999999994,-0.8660254037844387,0.8165380514459161,-0.5772916165517272,162.9,220.4
2019-05-08,MP,WR,21.30039105,76.13001949,162.9,2019,5,2,128,0,0,34.9,23,166.5,242.8,223.9,199.3,43.76364549105399,215.97666666666666,0.9749279121818236,-0.22252093395631434,0.49999999999999994,-0.8660254037844387,0.8064799463209448,-0.5912614448635781,162.4,197.9
2019-05-09,MP,WR,21.30039105,76.13001949,162.4,2019,5,3,129,0,0,33.9,28,162.9,245.1,212.0,187.48571428571427,40.37009737299056,214.32333333333332,0.43388373911755823,-0.900968867902419,0.49999999999999994,-0.8660254037844387,0.7961828637826158,-0.6050560696488488,152.4,185.2
2019-05-10,MP,WR,21.30039105,76.13001949,152.4,2019,5,4,130,0,0,33.6,30,162.4,246.2,212.0,174.08571428571426,32.41704431166931,212.33666666666664,-0.433883739117558,-0.9009688679024191,0.49999999999999994,-0.8660254037844387,0.7856498550787147,-0.6186714032625031,154.1,183.2
2019-05-11,MP,WR,21.30039105,76.13001949,154.1,2019,5,5,131,1,0,33.9,26,152.4,246.9,222.6,160.82857142857142,5.360881235301607,210.05333333333334,-0.9749279121818236,-0.2225209339563146,0.49999999999999994,-0.8660254037844387,0.7748840413670407,-0.6321034111873487,219.0,175.8
2019-05-12,MP,WR,21.30039105,76.13001949,219.0,2019,5,6,132,1,0,34.5,26,154.1,164.0,223.5,168.68571428571428,22.78211495679731,209.90333333333334,-0.7818314824680299,0.6234898018587334,0.49999999999999994,-0.8660254037844387,0.7638886127905428,-0.6453481132295501,229.2,206.1
2019-05-13,MP,WR,21.30039105,76.13001949,229.2,2019,5,0,133,0,0,35.1,26,219.0,163.5,203.8,178.07142857142858,31.970283821371044,210.75,0.0,1.0,0.49999999999999994,-0.8660254037844387,0.7526668275320085,-0.6584015846980488,220.4,212.0
2019-05-14,MP,WR,21.30039105,76.13001949,220.4,2019,5,1,134,0,0,34.6,26,229.2,166.5,190.4,185.77142857142857,35.06036291339586,211.75,0.7818314824680298,0.6234898018587336,0.49999999999999994,-0.8660254037844387,0.7412220108485958,-0.6712599575675313,197.9,216.4
2019-05-15,MP,WR,21.30039105,76.13001949,197.9,2019,5,2,135,0,0,34.6,26,220.4,162.9,195.1,190.77142857142854,33.72529783835413,211.84333333333333,0.9749279121818236,-0.22252093395631434,0.49999999999999994,-0.8660254037844387,0.7295575540864875,-0.6839194216246106,185.2,219.3
2019-05-16,MP,WR,21.30039105,76.13001949,185.2,2019,5,3,136,0,0,34.2,29,197.9,162.4,192.8,194.02857142857144,31.56003349627018,211.59,0.43388373911755823,-0.900968867902419,0.49999999999999994,-0.8660254037844387,0.717676913675962,-0.6963762255968722,183.2,221.0
2019-05-17,MP,WR,21.30039105,76.13001949,183.2,2019,5,4,137,0,0,35.0,26,185.2,152.4,191.7,198.42857142857142,26.536183742562375,211.30666666666667,-0.433883739117558,-0.9009688679024191,0.49999999999999994,-0.8660254037844387,0.705583610107178,-0.7086266782644596,175.8,221.0
2019-05-18,MP,WR,21.30039105,76.13001949,175.8,2019,5,5,138,1,1,35.0,25,183.2,154.1,188.4,201.52857142857144,21.231950317521466,210.88666666666666,-0.9749279121818236,-0.2225209339563146,0.49999999999999994,-0.8660254037844387,0.6932812268869777,-0.7206671495538609,206.1,217.3
2019-05-19,MP,WR,21.30039105,76.13001949,206.1,2019,5,6,139,1,0,35.6,24,175.8,219.0,187.4,199.6857142857143,19.98603083584665,211.51000000000002,-0.7818314824680299,0.6234898018587334,0.49999999999999994,-0.8660254037844387,0.6807734094770161,-0.7324940716135789,212.0,182.1
2019-05-20,MP,WR,21.30039105,76.13001949,212.0,2019,5,0,140,0,0,36.8,23,206.1,229.2,171.4,197.22857142857143,16.507242277831597,212.86333333333334,0.0,1.0,0.49999999999999994,-0.8660254037844387,0.6680638642135335,-0.7441039398713607,216.4,183.4
2019-05-21,MP,WR,21.30039105,76.13001949,216.4,2019,5,1,141,0,0,37.4,22,212.0,220.4,252.2,196.65714285714284,15.616642526788748,211.67,0.7818314824680298,0.6234898018587336,0.49999999999999994,-0.8660254037844387,0.6551563572090853,-0.7554933140726803,219.3,178.9
2019-05-22,MP,WR,21.30039105,76.13001949,219.3,2019,5,2,142,0,0,36.8,23,216.4,197.9,249.8,199.71428571428572,17.83726703388387,210.65333333333334,0.9749279121818236,-0.22252093395631434,0.49999999999999994,-0.8660254037844387,0.6420547132365637,-0.766658819300159,221.0,160.0
2019-05-23,MP,WR,21.30039105,76.13001949,221.0,2019,5,3,143,0,0,36.7,24,219.3,185.2,250.4,204.82857142857142,18.11230836436102,209.67333333333332,0.43388373911755823,-0.900968867902419,0.49999999999999994,-0.8660254037844387,0.6287628145958344,-0.7775971469736269,221.0,150.36700000000002
2019-05-24,MP,WR,21.30039105,76.13001949,221.0,2019,5,4,144,0,0,35.8,28,221.0,183.2,250.6,210.22857142857143,16.11383611328182,208.68666666666667,-0.433883739117558,-0.9009688679024191,0.49999999999999994,-0.8660254037844387,0.6152845999633276,-0.7883050558305255,217.3,150.36700000000002
2019-05-25,MP,WR,21.30039105,76.13001949,217.3,2019,5,5,145,1,0,35.9,28,221.0,175.8,252.9,216.15714285714287,5.4248985068403535,207.5,-0.9749279121818236,-0.2225209339563146,0.49999999999999994,-0.8660254037844387,0.6016240632249226,-0.7987793728863649,182.1,150.36700000000002
2019-05-26,MP,WR,21.30039105,76.13001949,182.1,2019,5,6,146,1,0,36.7,25,217.3,206.1,248.3,212.72857142857143,13.86262532684101,205.29333333333332,-0.7818314824680299,0.6234898018587334,0.49999999999999994,-0.8660254037844387,0.5877852522924732,-0.8090169943749473,183.4,171.0
2019-05-27,MP,WR,21.30039105,76.13001949,183.4,2019,5,0,147,0,0,36.0,30,182.1,212.0,222.4,208.64285714285714,17.775531604132524,203.99333333333334,0.0,1.0,0.49999999999999994,-0.8660254037844387,0.5737722679043246,-0.8190148866680801,178.9,169.7
2019-05-28,MP,WR,21.30039105,76.13001949,178.9,2019,5,1,148,0,0,36.7,23,183.4,216.4,246.6,203.28571428571428,20.49141515947794,201.73666666666665,0.7818314824680298,0.6234898018587336,0.49999999999999994,-0.8660254037844387,0.5595892624101765,-0.8287700871745038,160.0,164.3
2019-05-29,MP,WR,21.30039105,76.13001949,160.0,2019,5,2,149,0,0,37.1,25,178.9,219.3,239.7,194.81428571428572,24.611069905730304,199.07999999999998,0.9749279121818236,-0.22252093395631434,0.49999999999999994,-0.8660254037844387,0.545240438540651,-0.8382797052177744,150.36700000000002,164.9
2019-05-30,MP,WR,21.30039105,76.13001949,150.36700000000002,2019,5,3,150,0,0,37.4,25,160.0,221.0,237.4,184.72385714285716,26.493335340726095,196.1789,0.43388373911755823,-0.900968867902419,0.49999999999999994,-0.8660254037844387,0.5307300481619334,-0.8475409228928311,150.36700000000002,171.3
2019-05-31,MP,WR,21.30039105,76.13001949,150.36700000000002,2019,5,4,151,0,0,37.3,26,150.36700000000002,221.0,242.8,174.6334285714286,23.67522881168594,193.0978,-0.433883739117558,-0.9009688679024191,0.49999999999999994,-0.8660254037844387,0.5160623910158528,-0.8565509959010036,150.36700000000002,170.3
2019-06-02,MP,WR,21.30039105,76.13001949,150.36700000000002,2019,6,6,153,1,0,36.2,38,150.36700000000002,217.3,245.1,165.07157142857145,15.766621968122339,189.94003333333333,-0.7818314824680299,0.6234898018587334,1.2246467991473532e-16,-1.0,0.48627270710868997,-0.8738071036110808,171.0,162.8
2019-06-03,MP,WR,21.30039105,76.13001949,171.0,2019,6,0,154,0,0,36.9,34,150.36700000000002,182.1,246.2,163.48585714285716,14.254213803041534,187.43336666666667,0.0,1.0,1.2246467991473532e-16,-1.0,0.4711595076738638,-0.8820480249558537,169.7,243.7
2019-06-04,MP,WR,21.30039105,76.13001949,169.7,2019,6,1,155,0,0,36.1,38,171.0,183.4,246.9,161.5287142857143,11.792125164902348,184.86003333333335,0.7818314824680298,0.6234898018587336,1.2246467991473532e-16,-1.0,0.4559066935084588,-0.8900275764346767,164.3,238.3
2019-06-05,MP,WR,21.30039105,76.13001949,164.3,2019,6,2,156,0,1,36.8,32,169.7,178.9,164.0,159.443,9.217667130749154,184.87003333333334,0.9749279121818236,-0.22252093395631434,1.2246467991473532e-16,-1.0,0.440518784350495,-0.8977433935342337,164.9,241.9
2019-06-06,MP,WR,21.30039105,76.13001949,164.9,2019,6,3,157,0,0,36.9,32,164.3,160.0,163.5,160.143,9.450140422235028,184.91670000000002,0.43388373911755823,-0.900968867902419,1.2246467991473532e-16,-1.0,0.42500033996955416,-0.9051931898913974,171.3,235.6
2019-06-07,MP,WR,21.30039105,76.13001949,171.3,2019,6,4,158,0,0,36.7,35,164.9,150.36700000000002,166.5,163.13342857142857,9.148230755306916,185.07670000000002,-0.433883739117558,-0.9009688679024191,1.2246467991473532e-16,-1.0,0.4093559588156213,-0.9123747579707273,170.3,218.1
2019-06-08,MP,WR,21.30039105,76.13001949,170.3,2019,6,5,159,1,0,36.9,36,171.3,150.36700000000002,162.9,165.98100000000002,7.458308141482059,185.32336666666666,-0.9749279121818236,-0.2225209339563146,1.2246467991473532e-16,-1.0,0.39359027665646673,-0.9192859697186104,162.8,214.8
2019-06-09,MP,WR,21.30039105,76.13001949,162.8,2019,6,6,160,1,0,36.7,33,170.3,150.36700000000002,162.4,167.75714285714284,3.605485239116813,185.33669999999998,-0.7818314824680299,0.6234898018587334,1.2246467991473532e-16,-1.0,0.3777079652039649,-0.9259247771938498,243.7,222.0
2019-06-10,MP,WR,21.30039105,76.13001949,243.7,2019,6,0,161,0,0,35.6,35,162.8,171.0,152.4,178.14285714285714,29.09684158935745,188.38003333333336,0.0,1.0,1.2246467991473532e-16,-1.0,0.36171373072976765,-0.9322892131745133,238.3,219.1
2019-06-11,MP,WR,21.30039105,76.13001949,238.3,2019,6,1,162,0,0,35.6,38,243.7,169.7,154.1,187.94285714285712,36.412170911333575,191.1867,0.7818314824680298,0.6234898018587336,1.2246467991473532e-16,-1.0,0.3456123126707335,-0.9383773917408641,241.9,222.8
2019-06-12,MP,WR,21.30039105,76.13001949,241.9,2019,6,2,163,0,0,36.3,37,238.3,164.3,219.0,199.02857142857144,39.68041978464563,191.95003333333335,0.9749279121818236,-0.22252093395631434,1.2246467991473532e-16,-1.0,0.3294084822245304,-0.9441875088341993,235.6,225.1
2019-06-13,MP,WR,21.30039105,76.13001949,235.6,2019,6,3,164,0,0,34.5,41,241.9,164.9,229.2,209.1285714285714,38.52673159793126,192.16336666666666,0.43388373911755823,-0.900968867902419,1.2246467991473532e-16,-1.0,0.3131070409358269,-0.9497178427914316,218.1,227.8
2019-06-14,MP,WR,21.30039105,76.13001949,218.1,2019,6,4,165,0,0,34.9,41,235.6,171.3,220.4,215.81428571428572,34.742981476907715,192.08669999999998,-0.433883739117558,-0.9009688679024191,1.2246467991473532e-16,-1.0,0.29671281927349075,-0.9549667548552551,214.8,223.8
2019-06-15,MP,WR,21.30039105,76.13001949,214.8,2019,6,5,166,1,0,33.7,46,218.1,170.3,197.9,222.17142857142858,28.545385750047974,192.65003333333334,-0.9749279121818236,-0.2225209339563146,1.2246467991473532e-16,-1.0,0.28023067519921585,-0.9599326896597447,222.0,223.5
2019-06-16,MP,WR,21.30039105,76.13001949,222.0,2019,6,6,167,1,0,33.0,50,214.8,162.8,185.2,230.62857142857143,11.996070785291039,193.8767,-0.7818314824680299,0.6234898018587334,1.2246467991473532e-16,-1.0,0.26366549272800704,-0.9646141756912435,219.1,219.1
2019-06-17,MP,WR,21.30039105,76.13001949,219.1,2019,6,0,168,0,0,33.0,48,222.0,243.7,183.2,227.1142857142857,11.098262412261914,195.07336666666666,0.0,1.0,1.2246467991473532e-16,-1.0,0.24702218048093552,-0.9690098257244062,222.8,235.9
2019-06-18,MP,WR,21.30039105,76.13001949,222.8,2019,6,1,169,0,0,33.3,46,219.1,238.3,175.8,224.90000000000003,9.984988733093079,196.64003333333332,0.7818314824680298,0.6234898018587336,1.2246467991473532e-16,-1.0,0.23030567023061221,-0.9731183372332619,225.1,243.1
2019-06-19,MP,WR,21.30039105,76.13001949,225.1,2019,6,2,170,0,0,31.7,54,222.8,241.9,206.1,222.5,6.694774081325994,197.27336666666667,0.9749279121818236,-0.22252093395631434,1.2246467991473532e-16,-1.0,0.21352091543979612,-0.9769384927771817,227.8,242.1
2019-06-20,MP,WR,21.30039105,76.13001949,227.8,2019,6,3,171,0,0,31.8,52,225.1,235.6,212.0,221.3857142857143,4.4103773729038505,197.80003333333335,0.43388373911755823,-0.900968867902419,1.2246467991473532e-16,-1.0,0.19667288979357647,-0.980469160361632,223.8,242.8
2019-06-21,MP,WR,21.30039105,76.13001949,223.8,2019,6,4,172,0,0,32.6,50,227.8,218.1,216.4,222.20000000000002,4.224926034854829,198.0467,-0.433883739117558,-0.9009688679024191,1.2246467991473532e-16,-1.0,0.1797665857255624,-0.9837092937736097,223.5,250.7
2019-06-22,MP,WR,21.30039105,76.13001949,223.5,2019,6,5,173,1,0,30.9,63,223.8,214.8,219.3,223.44285714285712,2.683813917329594,198.18670000000003,-0.9749279121818236,-0.2225209339563146,1.2246467991473532e-16,-1.0,0.16280701293851715,-0.986657932891657,219.1,255.7
2019-06-23,MP,WR,21.30039105,76.13001949,219.1,2019,6,6,174,1,0,29.1,76,223.5,222.0,221.0,223.02857142857144,3.130343051335152,198.12336666666667,-0.7818314824680299,0.6234898018587334,1.2246467991473532e-16,-1.0,0.1457991969198751,-0.9893142039703663,235.9,254.5
2019-06-24,MP,WR,21.30039105,76.13001949,235.9,2019,6,0,175,0,0,26.4,87,219.1,219.1,221.0,225.42857142857142,5.302739633344601,198.62003333333334,0.0,1.0,1.2246467991473532e-16,-1.0,0.12874817745258132,-0.99167731989929,243.1,172.3
2019-06-25,MP,WR,21.30039105,76.13001949,243.1,2019,6,1,176,0,0,29.4,74,235.9,222.8,217.3,228.32857142857142,8.318796845240215,199.48003333333332,0.7818314824680298,0.6234898018587336,1.2246467991473532e-16,-1.0,0.11165900712169512,-0.993746580436178,242.1,172.8
2019-06-26,MP,WR,21.30039105,76.13001949,242.1,2019,6,2,177,0,0,30.2,72,243.1,225.1,182.1,230.75714285714284,9.601711157020715,201.48003333333335,0.9749279121818236,-0.22252093395631434,1.2246467991473532e-16,-1.0,0.09453674981719912,-0.9955213724144752,242.8,174.0
2019-06-27,MP,WR,21.30039105,76.13001949,242.8,2019,6,3,178,0,0,30.0,69,242.1,227.8,183.4,232.90000000000003,10.466613587975827,203.4600333333333,0.43388373911755823,-0.900968867902419,1.2246467991473532e-16,-1.0,0.07738647923346301,-0.9970011699250151,250.7,173.9
2019-06-28,MP,WR,21.30039105,76.13001949,250.7,2019,6,4,179,0,0,27.7,83,242.8,223.8,178.9,236.7428571428571,11.459763979951461,205.8533666666667,-0.433883739117558,-0.9009688679024191,1.2246467991473532e-16,-1.0,0.06021327736579302,-0.9981855344718586,255.7,181.0
2019-06-29,MP,WR,21.30039105,76.13001949,255.7,2019,6,5,180,1,0,27.3,81,250.7,223.5,160.0,241.34285714285713,11.717772419542701,209.04336666666669,-0.9749279121818236,-0.2225209339563146,1.2246467991473532e-16,-1.0,0.04302223300453059,-0.99907411510223,254.5,174.5
2019-06-30,MP,WR,21.30039105,76.13001949,254.5,2019,6,6,181,1,0,25.8,88,255.7,219.1,150.36700000000002,246.4,7.339164348435127,212.51446666666666,-0.7818314824680299,0.6234898018587334,1.2246467991473532e-16,-1.0,0.02581844022713308,-0.9996666485105112,172.3,165.6
2019-07-01,MP,WR,21.30039105,76.13001949,172.3,2019,7,0,182,0,0,26.7,86,254.5,235.9,150.36700000000002,237.31428571428572,29.22866336158335,213.24556666666666,0.0,1.0,-0.4999999999999997,-0.8660254037844388,0.008606996888688698,-0.9999629591162655,172.8,180.9
2019-07-02,MP,WR,21.30039105,76.13001949,172.8,2019,7,1,183,0,0,26.8,87,172.3,243.1,150.36700000000002,227.27142857142857,37.74584808451183,213.9933333333333,0.7818314824680298,0.6234898018587336,-0.4999999999999997,-0.8660254037844388,-0.008606996888688009,-0.9999629591162655,174.0,187.55
2019-07-03,MP,WR,21.30039105,76.13001949,174.0,2019,7,2,184,0,0,25.1,92,172.8,242.1,171.0,217.54285714285717,41.84084356793231,214.0933333333333,0.9749279121818236,-0.22252093395631434,-0.4999999999999997,-0.8660254037844388,-0.02581844022713239,-0.9996666485105112,173.9,187.05
2019-07-04,MP,WR,21.30039105,76.13001949,173.9,2019,7,3,185,0,0,26.3,85,174.0,242.8,169.7,207.7,42.997170449538345,214.23333333333332,0.43388373911755823,-0.900968867902419,-0.4999999999999997,-0.8660254037844388,-0.04302223300453034,-0.99907411510223,181.0,207.65
2019-07-05,MP,WR,21.30039105,76.13001949,181.0,2019,7,4,186,0,0,25.1,93,173.9,250.7,164.3,197.74285714285716,39.29040837756935,214.79,-0.433883739117558,-0.9009688679024191,-0.4999999999999997,-0.8660254037844388,-0.060213277365792774,-0.9981855344718586,174.5,236.8
2019-07-06,MP,WR,21.30039105,76.13001949,174.5,2019,7,5,187,1,0,24.8,94,181.0,255.7,164.9,186.14285714285714,30.28117441265281,215.11,-0.9749279121818236,-0.2225209339563146,-0.4999999999999997,-0.8660254037844388,-0.07738647923346322,-0.9970011699250151,165.6,240.6
2019-07-07,MP,WR,21.30039105,76.13001949,165.6,2019,7,6,188,1,0,24.9,94,174.5,254.5,171.3,173.44285714285712,4.508827320877589,214.92000000000002,-0.7818314824680299,0.6234898018587334,-0.4999999999999997,-0.8660254037844388,-0.09453674981719933,-0.9955213724144752,180.9,244.0
2019-07-08,MP,WR,21.30039105,76.13001949,180.9,2019,7,0,189,0,0,26.6,86,165.6,172.3,170.3,174.67142857142858,5.255382728119496,215.27333333333334,0.0,1.0,-0.4999999999999997,-0.8660254037844388,-0.11165900712169444,-0.9937465804361781,187.55,245.0
2019-07-09,MP,WR,21.30039105,76.13001949,187.55,2019,7,1,190,0,0,27.3,81,180.9,172.8,162.8,176.77857142857144,7.035496733400184,216.09833333333336,0.7818314824680298,0.6234898018587336,-0.4999999999999997,-0.8660254037844388,-0.12874817745258066,-0.99167731989929,187.05,246.0
2019-07-10,MP,WR,21.30039105,76.13001949,187.05,2019,7,2,191,0,0,28.1,74,187.55,174.0,243.7,178.64285714285714,7.857503238486674,214.21,0.9749279121818236,-0.22252093395631434,-0.4999999999999997,-0.8660254037844388,-0.14579919691987442,-0.9893142039703664,207.65,203.6
2019-07-11,MP,WR,21.30039105,76.13001949,207.65,2019,7,3,192,0,0,27.7,74,187.05,173.9,238.3,183.46428571428572,13.080765595767046,213.18833333333336,0.43388373911755823,-0.900968867902419,-0.4999999999999997,-0.8660254037844388,-0.16280701293851646,-0.9866579328916572,236.8,207.8
2019-07-12,MP,WR,21.30039105,76.13001949,236.8,2019,7,4,193,0,0,28.1,72,207.65,181.0,241.9,191.4357142857143,23.87627333926732,213.01833333333335,-0.433883739117558,-0.9009688679024191,-0.4999999999999997,-0.8660254037844388,-0.17976658572556214,-0.9837092937736098,240.6,205.1
2019-07-13,MP,WR,21.30039105,76.13001949,240.6,2019,7,5,194,1,0,28.3,70,236.8,174.5,235.6,200.87857142857143,28.654825904531883,213.185,-0.9749279121818236,-0.2225209339563146,-0.4999999999999997,-0.8660254037844388,-0.19667288979357622,-0.9804691603616321,244.0,186.3
2019-07-14,MP,WR,21.30039105,76.13001949,244.0,2019,7,6,195,1,0,28.6,68,240.6,165.6,218.1,212.07857142857145,27.87888772803482,214.04833333333332,-0.7818314824680299,0.6234898018587334,-0.4999999999999997,-0.8660254037844388,-0.2135209154397959,-0.9769384927771817,245.0,193.0
2019-07-15,MP,WR,21.30039105,76.13001949,245.0,2019,7,0,196,0,0,28.8,65,244.0,180.9,214.8,221.2357142857143,26.420126707457136,215.05499999999998,0.0,1.0,-0.4999999999999997,-0.8660254037844388,-0.23030567023061196,-0.973118337233262,246.0,198.8
2019-07-16,MP,WR,21.30039105,76.13001949,246.0,2019,7,1,197,0,0,28.9,64,245.0,187.55,222.0,229.58571428571432,23.016745974140107,215.855,0.7818314824680298,0.6234898018587336,-0.4999999999999997,-0.8660254037844388,-0.24702218048093527,-0.9690098257244063,203.6,200.9
2019-07-17,MP,WR,21.30039105,76.13001949,203.6,2019,7,2,198,0,0,29.4,62,246.0,187.05,219.1,231.95,18.282345764881153,215.33833333333334,0.9749279121818236,-0.22252093395631434,-0.4999999999999997,-0.8660254037844388,-0.2636654927280072,-0.9646141756912435,207.8,218.2
2019-07-18,MP,WR,21.30039105,76.13001949,207.8,2019,7,3,199,0,0,30.0,62,203.6,207.65,222.8,231.9714285714286,18.249174801956993,214.83833333333334,0.43388373911755823,-0.900968867902419,-0.4999999999999997,-0.8660254037844388,-0.2802306751992161,-0.9599326896597445,205.1,223.4
2019-07-19,MP,WR,21.30039105,76.13001949,205.1,2019,7,4,200,0,0,30.1,63,207.8,236.8,225.1,227.44285714285712,20.629255693703268,214.17166666666665,-0.433883739117558,-0.9009688679024191,-0.4999999999999997,-0.8660254037844388,-0.2967128192734901,-0.9549667548552553,186.3,227.2
2019-07-20,MP,WR,21.30039105,76.13001949,186.3,2019,7,5,201,1,0,29.5,73,205.1,240.6,227.8,219.68571428571428,24.670524151398876,212.78833333333333,-0.9749279121818236,-0.2225209339563146,-0.4999999999999997,-0.8660254037844388,-0.3131070409358267,-0.9497178427914317,193.0,222.8
2019-07-21,MP,WR,21.30039105,76.13001949,193.0,2019,7,6,202,1,0,28.1,81,186.3,244.0,223.8,212.4,23.80889189637608,211.76166666666668,-0.7818314824680299,0.6234898018587334,-0.4999999999999997,-0.8660254037844388,-0.3294084822245302,-0.9441875088341994,198.8,231.0
2019-07-22,MP,WR,21.30039105,76.13001949,198.8,2019,7,0,203,0,0,30.2,70,193.0,245.0,223.5,205.79999999999998,19.228711171925138,210.93833333333336,0.0,1.0,-0.4999999999999997,-0.8660254037844388,-0.3456123126707333,-0.9383773917408642,200.9,232.4
2019-07-23,MP,WR,21.30039105,76.13001949,200.9,2019,7,1,204,0,0,31.0,67,198.8,246.0,219.1,199.35714285714286,7.481723763690558,210.33166666666665,0.7818314824680298,0.6234898018587336,-0.4999999999999997,-0.8660254037844388,-0.3617137307297674,-0.9322892131745134,218.2,229.2
2019-07-24,MP,WR,21.30039105,76.13001949,218.2,2019,7,2,205,0,0,30.8,68,200.9,203.6,235.9,201.44285714285715,10.347762583098497,209.74166666666667,0.9749279121818236,-0.22252093395631434,-0.4999999999999997,-0.8660254037844388,-0.37770796520396466,-0.9259247771938499,223.4,195.0
2019-07-25,MP,WR,21.30039105,76.13001949,223.4,2019,7,3,206,0,0,26.8,86,218.2,207.8,243.1,203.67142857142858,13.22494036353404,209.085,0.43388373911755823,-0.900968867902419,-0.4999999999999997,-0.8660254037844388,-0.39359027665646645,-0.9192859697186105,227.2,202.7
2019-07-26,MP,WR,21.30039105,76.13001949,227.2,2019,7,4,207,0,0,26.9,82,223.4,205.1,242.1,206.82857142857142,15.974846299282527,208.5883333333333,-0.433883739117558,-0.9009688679024191,-0.4999999999999997,-0.8660254037844388,-0.4093559588156211,-0.9123747579707274,222.8,187.8
2019-07-27,MP,WR,21.30039105,76.13001949,222.8,2019,7,5,208,1,0,25.0,91,227.2,186.3,242.8,212.04285714285714,13.991170685215986,207.92166666666668,-0.9749279121818236,-0.2225209339563146,-0.4999999999999997,-0.8660254037844388,-0.42500033996955394,-0.9051931898913975,231.0,196.1
2019-07-28,MP,WR,21.30039105,76.13001949,231.0,2019,7,6,209,1,0,24.6,93,222.8,193.0,250.7,217.47142857142856,12.681839283756961,207.265,-0.7818314824680299,0.6234898018587334,-0.4999999999999997,-0.8660254037844388,-0.4405187843504952,-0.8977433935342336,232.4,203.1
2019-07-29,MP,WR,21.30039105,76.13001949,232.4,2019,7,0,210,0,0,25.0,92,231.0,198.8,255.7,222.27142857142857,10.629630643585166,206.48833333333332,0.0,1.0,-0.4999999999999997,-0.8660254037844388,-0.455906693508459,-0.8900275764346766,229.2,198.1
2019-07-30,MP,WR,21.30039105,76.13001949,229.2,2019,7,1,211,0,0,25.1,88,232.4,200.9,254.5,226.31428571428572,5.079182536402427,205.645,0.7818314824680298,0.6234898018587336,-0.4999999999999997,-0.8660254037844388,-0.47115950767386394,-0.8820480249558535,195.0,189.1
2019-07-31,MP,WR,21.30039105,76.13001949,195.0,2019,7,2,212,0,0,24.4,92,229.2,218.2,172.3,223.0,12.862348152650734,206.40166666666667,0.9749279121818236,-0.22252093395631434,-0.4999999999999997,-0.8660254037844388,-0.4862727071086902,-0.8738071036110807,202.7,204.5
2019-08-01,MP,WR,21.30039105,76.13001949,202.7,2019,8,3,213,0,0,26.4,81,195.0,223.4,172.8,220.04285714285717,14.963049727340104,207.39833333333334,0.43388373911755823,-0.900968867902419,-0.8660254037844385,-0.5000000000000004,-0.5012418134457756,-0.8653072543632061,187.8,205.3
2019-08-02,MP,WR,21.30039105,76.13001949,187.8,2019,8,4,214,0,0,26.3,83,202.7,227.2,174.0,214.41428571428574,18.752637909676068,207.85833333333338,-0.433883739117558,-0.9009688679024191,-0.8660254037844385,-0.5000000000000004,-0.5160623910158526,-0.8565509959010037,196.1,208.3
2019-08-03,MP,WR,21.30039105,76.13001949,196.1,2019,8,5,215,1,0,25.8,87,187.8,222.8,173.9,210.6,19.46458322184137,208.59833333333333,-0.9749279121818236,-0.2225209339563146,-0.8660254037844385,-0.5000000000000004,-0.5307300481619331,-0.8475409228928312,203.1,203.8
2019-08-04,MP,WR,21.30039105,76.13001949,203.1,2019,8,6,216,1,0,25.3,90,196.1,231.0,181.0,206.61428571428573,17.330649975445645,209.335,-0.7818314824680299,0.6234898018587334,-0.8660254037844385,-0.5000000000000004,-0.5452404385406507,-0.8382797052177745,198.1,207.2
2019-08-05,MP,WR,21.30039105,76.13001949,198.1,2019,8,0,217,0,0,26.2,85,203.1,232.4,174.5,201.71428571428572,13.175915979723905,210.12166666666664,0.0,1.0,-0.8660254037844385,-0.5000000000000004,-0.5595892624101763,-0.828770087174504,189.1,209.3
2019-08-06,MP,WR,21.30039105,76.13001949,189.1,2019,8,1,218,0,0,26.8,82,198.1,229.2,165.6,195.98571428571427,5.994004941445478,210.905,0.7818314824680298,0.6234898018587336,-0.8660254037844385,-0.5000000000000004,-0.5737722679043243,-0.8190148866680802,204.5,216.6
2019-08-08,MP,WR,21.30039105,76.13001949,204.5,2019,8,3,220,0,0,24.3,93,189.1,195.0,180.9,197.34285714285713,6.760142292104689,211.69166666666666,0.43388373911755823,-0.900968867902419,-0.8660254037844385,-0.5000000000000004,-0.6016240632249227,-0.7987793728863648,205.3,270.2
2019-08-09,MP,WR,21.30039105,76.13001949,205.3,2019,8,4,221,0,0,24.3,94,204.5,202.7,187.55,197.71428571428572,7.1629669298464735,212.28333333333333,-0.433883739117558,-0.9009688679024191,-0.8660254037844385,-0.5000000000000004,-0.6152845999633277,-0.7883050558305253,208.3,271.4
2019-08-10,MP,WR,21.30039105,76.13001949,208.3,2019,8,5,222,1,0,26.6,81,205.3,187.8,187.05,200.64285714285714,6.602741133512037,212.99166666666667,-0.9749279121818236,-0.2225209339563146,-0.8660254037844385,-0.5000000000000004,-0.6287628145958345,-0.7775971469736268,203.8,271.4
2019-08-11,MP,WR,21.30039105,76.13001949,203.8,2019,8,6,223,1,0,26.3,83,208.3,196.1,207.65,201.74285714285716,6.356586385488102,212.86333333333332,-0.7818314824680299,0.6234898018587334,-0.8660254037844385,-0.5000000000000004,-0.6420547132365636,-0.7666588193001592,207.2,271.4
2019-08-12,MP,WR,21.30039105,76.13001949,207.2,2019,8,0,224,0,1,27.2,80,203.8,203.1,236.8,202.32857142857142,6.68299191622761,211.87666666666667,0.0,1.0,-0.8660254037844385,-0.5000000000000004,-0.655156357209085,-0.7554933140726804,209.3,264.2
2019-08-13,MP,WR,21.30039105,76.13001949,209.3,2019,8,1,225,0,0,27.3,76,207.2,198.1,240.6,203.92857142857142,6.840739308415292,210.83333333333334,0.7818314824680298,0.6234898018587336,-0.8660254037844385,-0.5000000000000004,-0.6680638642135333,-0.7441039398713608,216.6,255.9
2019-08-14,MP,WR,21.30039105,76.13001949,216.6,2019,8,2,226,0,0,25.3,93,209.3,189.1,244.0,207.85714285714286,4.3477416140847,209.92000000000002,0.9749279121818236,-0.22252093395631434,-0.8660254037844385,-0.5000000000000004,-0.6807734094770159,-0.7324940716135792,270.2,252.0
2019-08-15,MP,WR,21.30039105,76.13001949,270.2,2019,8,3,227,0,1,25.5,87,216.6,204.5,245.0,217.24285714285716,23.707021262546885,210.76000000000002,0.43388373911755823,-0.900968867902419,-0.8660254037844385,-0.5000000000000004,-0.6932812268869771,-0.7206671495538615,271.4,221.8
2019-08-16,MP,WR,21.30039105,76.13001949,271.4,2019,8,4,228,0,0,26.4,80,270.2,205.3,246.0,226.6857142857143,30.381816303584635,211.60666666666668,-0.433883739117558,-0.9009688679024191,-0.8660254037844385,-0.5000000000000004,-0.7055836101071774,-0.70862667826446,271.4,223.8
2019-08-17,MP,WR,21.30039105,76.13001949,271.4,2019,8,5,229,1,0,26.5,79,271.4,208.3,203.6,235.7,33.243696144281834,213.86666666666667,-0.9749279121818236,-0.2225209339563146,-0.8660254037844385,-0.5000000000000004,-0.7176769136759615,-0.6963762255968726,271.4,224.1
2019-08-18,MP,WR,21.30039105,76.13001949,271.4,2019,8,6,230,1,0,26.9,78,271.4,203.8,207.8,245.35714285714286,32.23589392498477,215.98666666666665,-0.7818314824680299,0.6234898018587334,-0.8660254037844385,-0.5000000000000004,-0.7295575540864876,-0.6839194216246105,264.2,230.9
2019-08-19,MP,WR,21.30039105,76.13001949,264.2,2019,8,0,231,0,0,26.0,85,271.4,207.2,205.1,253.49999999999997,27.898207827744407,217.95666666666665,0.0,1.0,-0.8660254037844385,-0.5000000000000004,-0.7412220108485957,-0.6712599575675315,255.9,236.3
2019-08-20,MP,WR,21.30039105,76.13001949,255.9,2019,8,1,232,0,0,26.5,83,264.2,209.3,186.3,260.15714285714284,20.048928245907526,220.27666666666667,0.7818314824680298,0.6234898018587336,-0.8660254037844385,-0.5000000000000004,-0.7526668275320083,-0.6584015846980489,252.0,239.5
2019-08-21,MP,WR,21.30039105,76.13001949,252.0,2019,8,2,233,0,0,26.8,83,255.9,216.6,193.0,265.2142857142857,8.18584725230835,222.24333333333334,0.9749279121818236,-0.22252093395631434,-0.8660254037844385,-0.5000000000000004,-0.7638886127905429,-0.64534811322955,221.8,240.9
2019-08-22,MP,WR,21.30039105,76.13001949,221.8,2019,8,3,234,0,0,26.9,80,252.0,270.2,198.8,258.3,17.922704409027,223.01000000000002,0.43388373911755823,-0.900968867902419,-0.8660254037844385,-0.5000000000000004,-0.7748840413670406,-0.6321034111873488,223.8,172.7
2019-08-23,MP,WR,21.30039105,76.13001949,223.8,2019,8,4,235,0,0,27.0,77,221.8,271.4,200.9,251.49999999999997,20.905740838344293,223.77333333333334,-0.433883739117558,-0.9009688679024191,-0.8660254037844385,-0.5000000000000004,-0.7856498550787144,-0.6186714032625032,224.1,167.7
2019-08-24,MP,WR,21.30039105,76.13001949,224.1,2019,8,5,236,1,1,26.3,82,223.8,271.4,218.2,244.74285714285716,21.045336549368873,223.96999999999997,-0.9749279121818236,-0.2225209339563146,-0.8660254037844385,-0.5000000000000004,-0.7961828637826154,-0.6050560696488494,230.9,169.8
2019-08-25,MP,WR,21.30039105,76.13001949,230.9,2019,8,6,237,1,0,24.6,91,224.1,271.4,223.4,238.95714285714286,17.814493831602313,224.21999999999997,-0.7818314824680299,0.6234898018587334,-0.8660254037844385,-0.5000000000000004,-0.8064799463209447,-0.5912614448635782,236.3,174.1
2019-08-26,MP,WR,21.30039105,76.13001949,236.3,2019,8,0,238,0,0,23.7,94,230.9,264.2,227.2,234.9714285714286,13.921172638073667,224.52333333333334,0.0,1.0,-0.8660254037844385,-0.5000000000000004,-0.8165380514459157,-0.5772916165517278,239.5,173.2
2019-08-27,MP,WR,21.30039105,76.13001949,239.5,2019,8,1,239,0,0,23.5,94,236.3,255.9,222.8,232.62857142857143,10.854141189075362,225.07999999999998,0.7818314824680298,0.6234898018587336,-0.8660254037844385,-0.5000000000000004,-0.8263541987239094,-0.5631507242749187,240.9,172.9
2019-08-28,MP,WR,21.30039105,76.13001949,240.9,2019,8,2,240,0,0,25.6,85,239.5,252.0,231.0,231.04285714285714,7.98370363988568,225.41,0.9749279121818236,-0.22252093395631434,-0.8660254037844385,-0.5000000000000004,-0.8359254794186365,-0.5488429582847199,172.7,162.8
2019-08-29,MP,WR,21.30039105,76.13001949,172.7,2019,8,3,241,0,0,26.8,84,240.9,221.8,232.4,224.02857142857144,23.65197062161436,223.42000000000002,0.43388373911755823,-0.900968867902419,-0.8660254037844385,-0.5000000000000004,-0.8452490573530634,-0.5343725582809785,167.7,202.7
2019-08-30,MP,WR,21.30039105,76.13001949,167.7,2019,8,4,242,0,0,26.6,87,172.7,223.8,229.2,216.01428571428573,31.832238824365092,221.36999999999998,-0.433883739117558,-0.9009688679024191,-0.8660254037844385,-0.5000000000000004,-0.8543221697498269,-0.5197438121555157,169.8,205.4
2019-08-31,MP,WR,21.30039105,76.13001949,169.8,2019,8,5,243,1,0,26.6,87,167.7,224.1,195.0,208.25714285714284,35.89084642555589,220.53,-0.9749279121818236,-0.2225209339563146,-0.8660254037844385,-0.5000000000000004,-0.8631421280499115,-0.5049610547215202,174.1,203.4
2019-09-01,MP,WR,21.30039105,76.13001949,174.1,2019,9,6,244,1,0,26.5,88,169.8,230.9,202.7,200.14285714285714,36.336476491392204,219.57666666666665,-0.7818314824680299,0.6234898018587334,-1.0,-1.8369701987210297e-16,-0.8717063187093217,-0.4900286664290594,173.2,200.5
2019-09-02,MP,WR,21.30039105,76.13001949,173.2,2019,9,0,245,0,0,26.3,87,174.1,236.3,187.8,191.1285714285714,33.59517397314205,219.09,0.0,1.0,-1.0,-1.8369701987210297e-16,-0.8800122039735356,-0.4749510720670502,172.9,195.1
2019-09-03,MP,WR,21.30039105,76.13001949,172.9,2019,9,1,246,0,0,26.2,87,173.2,239.5,196.1,181.6142857142857,26.23816740116177,218.31666666666666,0.7818314824680298,0.6234898018587336,-1.0,-1.8369701987210297e-16,-0.888057322629493,-0.4597327394521046,162.8,191.5
2019-09-04,MP,WR,21.30039105,76.13001949,162.8,2019,9,2,247,0,0,26.3,89,172.9,240.9,203.1,170.45714285714286,4.050867044161543,216.97333333333333,0.9749279121818236,-0.22252093395631434,-1.0,-1.8369701987210297e-16,-0.8958392907349089,-0.4443781781046134,202.7,202.0
2019-09-05,MP,WR,21.30039105,76.13001949,202.7,2019,9,3,248,0,0,26.3,90,162.8,172.7,198.1,174.74285714285716,12.938683233214933,217.12666666666667,0.43388373911755823,-0.900968867902419,-1.0,-1.8369701987210297e-16,-0.9033558023246842,-0.4288919379124841,205.4,209.7
2019-09-06,MP,WR,21.30039105,76.13001949,205.4,2019,9,4,249,0,0,26.4,90,202.7,167.7,189.1,180.1285714285714,16.7912392123295,217.67,-0.433883739117558,-0.9009688679024191,-1.0,-1.8369701987210297e-16,-0.9106046300942162,-0.41327860778290443,203.4,216.6
2019-09-08,MP,WR,21.30039105,76.13001949,203.4,2019,9,6,251,1,0,26.3,89,205.4,169.8,204.5,184.92857142857142,18.098224064412392,217.63333333333333,-0.7818314824680299,0.6234898018587334,-1.0,-1.8369701987210297e-16,-0.9242907221930934,-0.3816892202666586,200.5,218.7
2019-09-09,MP,WR,21.30039105,76.13001949,200.5,2019,9,0,252,0,0,25.0,95,203.4,174.1,205.3,188.70000000000002,18.215927096910676,217.47333333333333,0.0,1.0,-1.0,-1.8369701987210297e-16,-0.9307239310379793,-0.3657225234972692,195.1,218.6
2019-09-10,MP,WR,21.30039105,76.13001949,195.1,2019,9,1,253,0,1,25.6,90,200.5,173.2,208.3,191.82857142857142,16.946554643516226,217.0333333333333,0.7818314824680298,0.6234898018587336,-1.0,-1.8369701987210297e-16,-0.9368813462954315,-0.34964745525122826,191.5,213.6
2019-09-11,MP,WR,21.30039105,76.13001949,191.5,2019,9,2,254,0,0,25.7,89,195.1,172.9,203.8,194.48571428571427,14.807141134310765,216.62333333333333,0.9749279121818236,-0.22252093395631434,-1.0,-1.8369701987210297e-16,-0.9427611433904206,-0.33346877891818705,202.0,209.9
2019-09-12,MP,WR,21.30039105,76.13001949,202.0,2019,9,3,255,0,0,25.1,89,191.5,162.8,207.2,200.08571428571426,4.974410709293719,216.44999999999996,0.43388373911755823,-0.900968867902419,-1.0,-1.8369701987210297e-16,-0.9483615800121716,-0.31719128858910595,209.7,202.9
2019-09-13,MP,WR,21.30039105,76.13001949,209.7,2019,9,4,256,0,0,25.4,87,202.0,202.7,209.3,201.08571428571426,6.151809644709178,216.46333333333334,-0.433883739117558,-0.9009688679024191,-1.0,-1.8369701987210297e-16,-0.9536809966304455,-0.300819807635668,216.6,176.6
2019-09-14,MP,WR,21.30039105,76.13001949,216.6,2019,9,5,257,1,0,25.3,90,209.7,205.4,216.6,202.6857142857143,8.477701844922647,216.4633333333333,-0.9749279121818236,-0.2225209339563146,-1.0,-1.8369701987210297e-16,-0.9587178169872964,-0.2843591872810036,218.7,154.0
2019-09-15,MP,WR,21.30039105,76.13001949,218.7,2019,9,6,258,1,0,26.0,87,216.6,203.4,270.2,204.87142857142857,10.438185392379866,214.74666666666664,-0.7818314824680299,0.6234898018587334,-1.0,-1.8369701987210297e-16,-0.9634705485641486,-0.26781430516217486,218.6,181.0
2019-09-16,MP,WR,21.30039105,76.13001949,218.6,2019,9,0,259,0,0,26.1,87,218.7,200.5,271.4,207.45714285714286,11.374658550604387,212.98666666666668,0.0,1.0,-1.0,-1.8369701987210297e-16,-0.9679377830240642,-0.25119006388481957,213.6,192.0
2019-09-17,MP,WR,21.30039105,76.13001949,213.6,2019,9,1,260,0,0,26.0,89,218.6,195.1,271.4,210.1,10.103134827038385,211.06,0.7818314824680298,0.6234898018587336,-1.0,-1.8369701987210297e-16,-0.9721181966290612,-0.23449138957041052,209.9,200.5
2019-09-18,MP,WR,21.30039105,76.13001949,209.9,2019,9,2,261,0,0,25.2,92,213.6,191.5,271.4,212.72857142857146,6.029846400948579,209.01000000000002,0.9749279121818236,-0.22252093395631434,-1.0,-1.8369701987210297e-16,-0.9760105506323682,-0.21772323039653224,202.9,201.3
2019-09-19,MP,WR,21.30039105,76.13001949,202.9,2019,9,3,262,0,0,25.7,89,209.9,202.0,264.2,212.85714285714286,5.766818054714012,206.96666666666667,0.43388373911755823,-0.900968867902419,-1.0,-1.8369701987210297e-16,-0.9796136916454901,-0.20089055513063528,176.6,181.8
2019-09-20,MP,WR,21.30039105,76.13001949,176.6,2019,9,4,263,0,0,25.8,88,202.9,209.7,255.9,208.12857142857143,14.986851379982898,204.32333333333332,-0.433883739117558,-0.9009688679024191,-1.0,-1.8369701987210297e-16,-0.9829265519799822,-0.18399835165767986,154.0,184.5
2019-09-21,MP,WR,21.30039105,76.13001949,154.0,2019,9,5,264,1,0,25.9,88,176.6,216.6,252.0,199.1857142857143,24.650722002368784,201.05666666666667,-0.9749279121818236,-0.2225209339563146,-1.0,-1.8369701987210297e-16,-0.9859481499638303,-0.1670516255021195,181.0,185.5
2019-09-22,MP,WR,21.30039105,76.13001949,181.0,2019,9,6,265,1,0,26.9,82,154.0,218.7,221.8,193.8,23.779613117121333,199.69666666666666,-0.7818314824680299,0.6234898018587334,-1.0,-1.8369701987210297e-16,-0.9886775902323404,-0.15005539834465262,192.0,187.7
2019-09-23,MP,WR,21.30039105,76.13001949,192.0,2019,9,0,266,0,0,26.4,88,181.0,218.6,223.8,190.0,21.134253397426473,198.63666666666668,0.0,1.0,-1.0,-1.8369701987210297e-16,-0.9911140639934546,-0.13301470653419636,200.5,187.1
2019-09-24,MP,WR,21.30039105,76.13001949,200.5,2019,9,1,267,0,0,26.3,88,192.0,213.6,224.1,188.12857142857143,19.186428735411184,197.85,0.7818314824680298,0.6234898018587336,-1.0,-1.8369701987210297e-16,-0.9932568492674143,-0.11593459959550066,201.3,182.7
2019-09-25,MP,WR,21.30039105,76.13001949,201.3,2019,9,2,268,0,0,25.4,91,200.5,209.9,230.9,186.9,17.784075273493887,196.86333333333334,0.9749279121818236,-0.22252093395631434,-1.0,-1.8369701987210297e-16,-0.9951053111006974,-0.09882013873287211,181.8,168.1
2019-09-26,MP,WR,21.30039105,76.13001949,181.8,2019,9,3,269,0,0,25.5,90,201.3,202.9,236.3,183.8857142857143,16.35057884514764,195.04666666666668,0.43388373911755823,-0.900968867902419,-1.0,-1.8369701987210297e-16,-0.99665890175417,-0.08167639533042288,184.5,250.5
2019-09-27,MP,WR,21.30039105,76.13001949,184.5,2019,9,4,270,0,0,25.2,91,181.8,176.6,239.5,185.0142857142857,16.03344718304178,193.21333333333334,-0.433883739117558,-0.9009688679024191,-1.0,-1.8369701987210297e-16,-0.9979171608653922,-0.06450844944931625,185.5,249.2
2019-09-28,MP,WR,21.30039105,76.13001949,185.5,2019,9,5,271,1,0,25.7,84,184.5,154.0,240.9,189.5142857142857,8.55402996086603,191.36666666666667,-0.9749279121818236,-0.2225209339563146,-1.0,-1.8369701987210297e-16,-0.9988797155850335,-0.04732138832243232,187.7,251.6
2019-09-29,MP,WR,21.30039105,76.13001949,187.7,2019,9,6,272,1,0,26.2,81,185.5,181.0,172.7,190.47142857142856,7.7826118764212735,191.86666666666667,-0.7818314824680299,0.6234898018587334,-1.0,-1.8369701987210297e-16,-0.9995462806873573,-0.03012030484690836,187.1,251.9
2019-09-30,MP,WR,21.30039105,76.13001949,187.1,2019,9,0,273,0,0,26.4,80,187.7,192.0,167.7,189.77142857142854,7.8423453731869195,192.51333333333332,0.0,1.0,-1.0,-1.8369701987210297e-16,-0.9999166586547379,-0.012910296075008843,182.7,253.4
2019-10-01,MP,WR,21.30039105,76.13001949,182.7,2019,10,1,274,0,0,25.8,82,187.1,200.5,169.8,187.22857142857143,6.565748062407751,192.94333333333333,0.7818314824680298,0.6234898018587336,-0.8660254037844386,0.5000000000000001,-0.9999907397361901,0.004303538296243821,168.1,250.8
2019-10-02,MP,WR,21.30039105,76.13001949,168.1,2019,10,2,275,0,1,26.1,82,182.7,201.3,174.1,182.48571428571427,6.696872048804214,192.74333333333334,0.9749279121818236,-0.22252093395631434,-0.8660254037844386,0.5000000000000001,-0.9997685019798909,0.021516097436222233,250.5,250.8
2019-10-03,MP,WR,21.30039105,76.13001949,250.5,2019,10,3,276,0,0,25.9,81,168.1,181.8,173.2,192.29999999999998,26.521437869516692,195.32,0.43388373911755823,-0.900968867902419,-0.8660254037844386,0.5000000000000001,-0.9992500112396835,0.03872228089217399,249.2,200.3
2019-10-04,MP,WR,21.30039105,76.13001949,249.2,2019,10,4,277,0,0,25.8,81,250.5,184.5,172.9,201.54285714285714,33.66273197186315,197.86333333333332,-0.433883739117558,-0.9009688679024191,-0.8660254037844386,0.5000000000000001,-0.9984354211555643,0.05591699010060302,251.6,208.4
2019-10-05,MP,WR,21.30039105,76.13001949,251.6,2019,10,5,278,1,0,26.1,82,249.2,185.5,162.8,210.9857142857143,37.46831677437275,200.82333333333332,-0.9749279121818236,-0.2225209339563146,-0.8660254037844386,0.5000000000000001,-0.9973249731081555,0.07309512989807776,251.9,213.9
2019-10-06,MP,WR,21.30039105,76.13001949,251.9,2019,10,6,279,1,0,26.0,83,251.6,187.7,202.7,220.15714285714284,38.65703287212015,202.4633333333333,-0.7818314824680299,0.6234898018587334,-0.8660254037844386,0.5000000000000001,-0.9959189961471792,0.0902516100310407,253.4,215.3
2019-10-08,MP,WR,21.30039105,76.13001949,253.4,2019,10,1,281,0,1,26.6,78,251.9,187.1,205.4,229.62857142857143,37.3062869717564,204.06333333333336,0.7818314824680298,0.6234898018587336,-0.8660254037844386,0.5000000000000001,-0.9922222094179324,0.12447926388678869,250.8,216.6
2019-10-09,MP,WR,21.30039105,76.13001949,250.8,2019,10,2,282,0,0,26.7,71,253.4,182.7,203.4,239.35714285714286,31.448309819069625,205.64333333333335,0.9749279121818236,-0.22252093395631434,-0.8660254037844386,0.5000000000000001,-0.989932495087353,0.141540295217043,250.8,213.3
2019-10-10,MP,WR,21.30039105,76.13001949,250.8,2019,10,3,283,0,0,26.7,67,250.8,168.1,200.5,251.17142857142858,1.3098527725370557,207.32,0.43388373911755823,-0.900968867902419,-0.8660254037844386,0.5000000000000001,-0.9873494423939864,0.15855938510313475,200.3,211.6
2019-10-11,MP,WR,21.30039105,76.13001949,200.3,2019,10,4,284,0,0,26.7,70,250.8,250.5,195.1,244.0,19.312086025768163,207.49333333333334,-0.433883739117558,-0.9009688679024191,-0.8660254037844386,0.5000000000000001,-0.9844738167520923,0.17553149042142777,208.4,245.5
2019-10-12,MP,WR,21.30039105,76.13001949,208.4,2019,10,5,285,1,0,26.8,71,200.3,249.2,191.5,238.17142857142858,23.23881195225737,208.0566666666667,-0.9749279121818236,-0.2225209339563146,-0.8660254037844386,0.5000000000000001,-0.9813064702716093,0.19245158197082995,213.9,247.7
2019-10-13,MP,WR,21.30039105,76.13001949,213.9,2019,10,6,286,1,0,26.8,63,208.4,251.6,202.0,232.78571428571428,23.965212883916216,208.45333333333335,-0.7818314824680299,0.6234898018587334,-0.8660254037844386,0.5000000000000001,-0.9778483415056567,0.20931464596304888,215.3,236.9
2019-10-14,MP,WR,21.30039105,76.13001949,215.3,2019,10,0,287,0,0,26.5,55,213.9,251.9,209.7,227.55714285714288,23.076023425686852,208.64,0.0,1.0,-0.8660254037844386,0.5000000000000001,-0.9741004551724206,0.22611568550828803,216.6,214.5
2019-10-15,MP,WR,21.30039105,76.13001949,216.6,2019,10,1,288,0,0,26.8,59,215.3,253.4,216.6,222.29999999999998,20.222759455622946,208.64,0.7818314824680298,0.6234898018587336,-0.8660254037844386,0.5000000000000001,-0.970063921851507,0.2428497220959358,213.3,225.0
2019-10-16,MP,WR,21.30039105,76.13001949,213.3,2019,10,2,289,0,0,26.9,58,216.6,250.8,218.7,216.94285714285715,15.924913096869323,208.46,0.9749279121818236,-0.22252093395631434,-0.8660254037844386,0.5000000000000001,-0.965739937654855,0.25951179706979943,211.6,230.2
2019-10-17,MP,WR,21.30039105,76.13001949,211.6,2019,10,3,290,0,0,26.2,63,213.3,250.8,218.6,211.34285714285716,5.542820323881662,208.22666666666666,0.43388373911755823,-0.900968867902419,-0.8660254037844386,0.5000000000000001,-0.9611297838723007,0.27609697309746883,245.5,229.3
2019-10-18,MP,WR,21.30039105,76.13001949,245.5,2019,10,4,291,0,0,26.3,70,211.6,200.3,213.6,217.79999999999998,12.498266546471562,209.29,-0.433883739117558,-0.9009688679024191,-0.8660254037844386,0.5000000000000001,-0.9562348265919058,0.2926003356333479,247.7,195.4
2019-10-19,MP,WR,21.30039105,76.13001949,247.7,2019,10,5,292,1,0,24.3,90,245.5,208.4,209.9,223.41428571428574,15.928216950998724,210.55,-0.9749279121818236,-0.2225209339563146,-0.8660254037844386,0.5000000000000001,-0.9510565162951536,0.30901699437494723,236.9,186.9
2019-10-20,MP,WR,21.30039105,76.13001949,236.9,2019,10,6,293,1,0,23.5,91,247.7,213.9,202.9,226.7,16.0105173766077,211.68333333333334,-0.7818314824680299,0.6234898018587334,-0.8660254037844386,0.5000000000000001,-0.9455963874271428,0.3253420847119795,214.5,169.4
2019-10-21,MP,WR,21.30039105,76.13001949,214.5,2019,10,0,294,0,0,23.6,89,236.9,215.3,176.6,226.58571428571426,16.108013385830226,212.94666666666666,0.0,1.0,-0.8660254037844386,0.5000000000000001,-0.9398560579418953,0.341570769167856,225.0,150.36700000000002
2019-10-22,MP,WR,21.30039105,76.13001949,225.0,2019,10,1,295,0,0,24.1,87,214.5,216.6,154.0,227.78571428571428,15.543104427304305,215.31333333333333,0.7818314824680298,0.6234898018587336,-0.8660254037844386,0.5000000000000001,-0.9338372288229252,0.35769823883312546,230.2,150.36700000000002
2019-10-23,MP,WR,21.30039105,76.13001949,230.2,2019,10,2,296,0,0,23.0,89,225.0,213.3,181.0,230.2,14.169921194793575,216.95333333333335,0.9749279121818236,-0.22252093395631434,-0.8660254037844386,0.5000000000000001,-0.9275416835791965,0.3737197147904692,229.3,164.8
2019-10-24,MP,WR,21.30039105,76.13001949,229.3,2019,10,3,297,0,0,21.9,88,230.2,211.6,192.0,232.72857142857143,11.65342786275251,218.19666666666666,0.43388373911755823,-0.900968867902419,-0.8660254037844386,0.5000000000000001,-0.9209712877166347,0.38963044953078774,195.4,169.2
2019-10-25,MP,WR,21.30039105,76.13001949,195.4,2019,10,4,298,0,0,23.3,84,229.3,245.5,200.5,225.57142857142858,16.76580988059839,218.02666666666667,-0.433883739117558,-0.9009688679024191,-0.8660254037844386,0.5000000000000001,-0.9141279881853337,0.4054257283599973,186.9,177.2
2019-10-26,MP,WR,21.30039105,76.13001949,186.9,2019,10,5,299,1,0,23.0,89,195.4,247.7,201.3,216.8857142857143,18.992404496835338,217.54666666666665,-0.9749279121818236,-0.2225209339563146,-0.8660254037844386,0.5000000000000001,-0.9070138128026362,0.42110087079608916,169.4,179.9
2019-10-27,MP,WR,21.30039105,76.13001949,169.4,2019,10,6,300,1,1,23.9,91,186.9,236.9,181.8,207.24285714285716,23.691408931147,217.13333333333333,-0.7818314824680299,0.6234898018587334,-0.8660254037844386,0.5000000000000001,-0.8996308696522434,0.4366512319560638,150.36700000000002,180.8
2019-10-28,MP,WR,21.30039105,76.13001949,150.36700000000002,2019,10,0,301,0,0,25.0,87,169.4,214.5,184.5,198.081,31.523316137952555,215.99556666666666,0.0,1.0,-0.8660254037844386,0.5000000000000001,-0.8919813464595487,0.45207220393230374,150.36700000000002,180.7
2019-10-29,MP,WR,21.30039105,76.13001949,150.36700000000002,2019,10,1,302,0,0,25.1,87,150.36700000000002,225.0,185.5,187.41914285714287,33.462873987094234,214.82446666666664,0.7818314824680298,0.6234898018587336,-0.8660254037844386,0.5000000000000001,-0.8840675099433637,0.46735921715800205,164.8,182.2
2019-10-30,MP,WR,21.30039105,76.13001949,164.8,2019,10,2,303,0,0,25.7,81,150.36700000000002,230.2,187.7,178.07628571428572,28.25179829505924,214.06113333333332,0.9749279121818236,-0.22252093395631434,-0.8660254037844386,0.5000000000000001,-0.8758917051442433,0.48250774176121763,169.2,188.7
2019-10-31,MP,WR,21.30039105,76.13001949,169.2,2019,10,3,304,0,0,25.3,84,164.8,229.3,187.1,169.49057142857143,16.970085227216472,213.46446666666668,0.43388373911755823,-0.900968867902419,-0.8660254037844386,0.5000000000000001,-0.8674563547295971,0.4975132889071803,177.2,182.1
2019-11-01,MP,WR,21.30039105,76.13001949,177.2,2019,11,4,305,0,0,24.9,85,169.2,195.4,182.7,166.8905714285714,13.346157722442886,213.28113333333332,-0.433883739117558,-0.9009688679024191,-0.5000000000000004,0.8660254037844384,-0.858763958275803,0.5123714121284235,179.9,209.1
2019-11-02,MP,WR,21.30039105,76.13001949,179.9,2019,11,5,306,1,0,24.3,89,177.2,186.9,168.1,165.89057142857146,11.76568142037062,213.6744666666667,-0.9749279121818236,-0.2225209339563146,-0.5000000000000004,0.8660254037844384,-0.8498170915275277,0.5270777086423724,180.8,214.7
2019-11-03,MP,WR,21.30039105,76.13001949,180.8,2019,11,6,307,1,0,24.7,87,179.9,169.4,250.5,167.51914285714287,13.051160949999758,211.35113333333337,-0.7818314824680299,0.6234898018587334,-0.5000000000000004,0.8660254037844384,-0.8406184056344783,0.5416278206559811,180.7,218.5
2019-11-04,MP,WR,21.30039105,76.13001949,180.7,2019,11,0,308,0,0,25.1,81,180.8,150.36700000000002,249.2,171.8524285714286,11.32912358859498,209.0678,0.0,1.0,-0.5000000000000004,0.8660254037844384,-0.8311706263658079,0.5560174366570446,182.2,221.1
2019-11-05,MP,WR,21.30039105,76.13001949,182.2,2019,11,1,309,0,0,24.8,82,180.7,150.36700000000002,251.6,176.4,6.717886572423542,206.75446666666667,0.7818314824680298,0.6234898018587336,-0.5000000000000004,0.8660254037844384,-0.8214765533024145,0.5702422926917867,188.7,222.6
2019-11-06,MP,WR,21.30039105,76.13001949,188.7,2019,11,2,310,0,0,25.0,81,182.2,164.8,251.9,179.81428571428572,5.858164835342759,204.64780000000002,0.9749279121818236,-0.22252093395631434,-0.5000000000000004,0.8660254037844384,-0.8115390590073611,0.5842981736283683,182.1,224.7
2019-11-08,MP,WR,21.30039105,76.13001949,182.1,2019,11,4,312,0,0,25.4,81,188.7,169.2,253.4,181.65714285714284,3.52838827362812,202.27113333333332,-0.433883739117558,-0.9009688679024191,-0.5000000000000004,0.8660254037844384,-0.7909456567567774,0.6118864012687242,209.1,227.0
2019-11-09,MP,WR,21.30039105,76.13001949,209.1,2019,11,5,313,1,0,25.1,78,182.1,177.2,250.8,186.21428571428572,10.508477303494121,200.8811333333333,-0.9749279121818236,-0.2225209339563146,-0.5000000000000004,0.8660254037844384,-0.780295851070776,0.6254105729852457,214.7,218.8
2019-11-10,MP,WR,21.30039105,76.13001949,214.7,2019,11,6,314,1,1,24.9,72,209.1,179.9,250.8,191.18571428571428,14.497865195885035,199.67780000000002,-0.7818314824680299,0.6234898018587334,-0.5000000000000004,0.8660254037844384,-0.7694148268839381,0.6387494220515268,218.5,222.0
2019-11-11,MP,WR,21.30039105,76.13001949,218.5,2019,11,0,315,0,0,24.6,72,214.7,180.8,200.3,196.57142857142858,16.814152202406095,200.28446666666667,0.0,1.0,-0.5000000000000004,0.8660254037844384,-0.7583058084785625,0.6518989958787125,221.1,219.1
2019-11-12,MP,WR,21.30039105,76.13001949,221.1,2019,11,1,316,0,1,24.3,72,218.5,180.7,208.4,202.34285714285713,17.38235284638297,200.7078,0.7818314824680298,0.6234898018587336,-0.5000000000000004,0.8660254037844384,-0.7469720876965551,0.6648553979642866,222.6,212.2
2019-11-13,MP,WR,21.30039105,76.13001949,222.6,2019,11,2,317,0,0,23.8,70,221.1,182.2,213.9,208.1142857142857,16.249761903016733,200.9978,0.9749279121818236,-0.22252093395631434,-0.5000000000000004,0.8660254037844384,-0.7354170229639858,0.6776147890466887,224.7,210.7
2019-11-14,MP,WR,21.30039105,76.13001949,224.7,2019,11,3,318,0,0,23.3,61,222.6,188.7,215.3,213.25714285714284,14.704631599471178,201.31113333333332,0.43388373911755823,-0.900968867902419,-0.5000000000000004,0.8660254037844384,-0.7236440382959124,0.690173388242972,227.0,212.6
2019-11-15,MP,WR,21.30039105,76.13001949,227.0,2019,11,4,319,0,0,22.3,64,224.7,182.1,216.6,219.67142857142855,6.157032371120709,201.6578,-0.433883739117558,-0.9009688679024191,-0.5000000000000004,0.8660254037844384,-0.711656622281775,0.7025274741691566,218.8,199.5
2019-11-16,MP,WR,21.30039105,76.13001949,218.8,2019,11,5,320,1,0,23.4,66,227.0,209.1,213.3,221.05714285714285,4.143612410627415,201.84113333333335,-0.9749279121818236,-0.2225209339563146,-0.5000000000000004,0.8660254037844384,-0.6994583270516471,0.7146733860429608,222.0,231.6
2019-11-17,MP,WR,21.30039105,76.13001949,222.0,2019,11,6,321,1,0,23.5,64,218.8,214.7,211.6,222.09999999999997,3.0517754395295644,202.1878,-0.7818314824680299,0.6234898018587334,-0.5000000000000004,0.8660254037844384,-0.6870527672236675,0.7266075247685652,219.1,236.3
2019-11-18,MP,WR,21.30039105,76.13001949,219.1,2019,11,0,322,0,0,22.8,66,222.0,218.5,245.5,222.18571428571428,2.9401975962075264,201.3078,0.0,1.0,-0.5000000000000004,0.8660254037844384,-0.6744436188329457,0.7383263540031063,212.2,236.7
2019-11-19,MP,WR,21.30039105,76.13001949,212.2,2019,11,1,323,0,0,22.6,66,219.1,221.1,247.7,220.91428571428574,4.814709604058193,200.12446666666668,0.7818314824680298,0.6234898018587336,-0.5000000000000004,0.8660254037844384,-0.661634618242279,0.749826401204568,210.7,213.6
2019-11-20,MP,WR,21.30039105,76.13001949,210.7,2019,11,2,324,0,0,22.9,65,212.2,222.6,236.9,219.21428571428572,6.060095865969628,199.25113333333334,0.9749279121818236,-0.22252093395631434,-0.5000000000000004,0.8660254037844384,-0.6486295610349818,0.7611042586607742,212.6,198.8
2019-11-21,MP,WR,21.30039105,76.13001949,212.6,2019,11,3,325,0,0,23.0,65,210.7,224.7,214.5,217.4857142857143,5.959426306679256,199.1878,0.43388373911755823,-0.900968867902419,-0.5000000000000004,0.8660254037844384,-0.6354323008901775,0.7721565844991641,199.5,210.3
2019-11-22,MP,WR,21.30039105,76.13001949,199.5,2019,11,4,326,0,0,23.1,66,212.6,227.0,225.0,213.55714285714288,7.505743832303768,198.3378,-0.433883739117558,-0.9009688679024191,-0.5000000000000004,0.8660254037844384,-0.622046748440868,0.7829801036770624,231.6,216.8
2019-11-23,MP,WR,21.30039105,76.13001949,231.6,2019,11,5,327,1,0,22.9,69,199.5,218.8,230.2,215.3857142857143,10.105019968877127,198.38446666666667,-0.9749279121818236,-0.2225209339563146,-0.5000000000000004,0.8660254037844384,-0.6084768701151264,0.7935716089521472,236.3,221.9
2019-11-24,MP,WR,21.30039105,76.13001949,236.3,2019,11,6,328,1,0,23.4,67,231.6,222.0,229.3,217.42857142857142,12.761362817205672,198.61780000000002,-0.7818314824680299,0.6234898018587334,-0.5000000000000004,0.8660254037844384,-0.594726686960764,0.8039279618328208,236.7,225.2
2019-11-25,MP,WR,21.30039105,76.13001949,236.7,2019,11,0,329,0,0,23.1,66,236.3,219.1,195.4,219.94285714285712,14.72784858047855,199.99446666666665,0.0,1.0,-0.5000000000000004,0.8660254037844384,-0.5808002734538013,0.8140460935082175,213.6,221.2
2019-11-26,MP,WR,21.30039105,76.13001949,213.6,2019,11,1,330,0,0,22.9,68,236.7,212.2,186.9,220.14285714285714,14.614246148062884,200.8844666666667,0.7818314824680298,0.6234898018587336,-0.5000000000000004,0.8660254037844384,-0.5667017562911184,0.8239230057575536,198.8,210.1
2019-11-27,MP,WR,21.30039105,76.13001949,198.8,2019,11,2,331,0,0,23.5,66,213.6,210.7,169.4,218.44285714285715,16.47005941527948,201.86446666666663,0.9749279121818236,-0.22252093395631434,-0.5000000000000004,0.8660254037844384,-0.5524353131676203,0.8335557718385695,210.3,211.2
2019-11-28,MP,WR,21.30039105,76.13001949,210.3,2019,11,3,332,0,0,23.2,68,198.8,212.6,150.36700000000002,218.1142857142857,16.628231873475727,203.8622333333333,0.43388373911755823,-0.900968867902419,-0.5000000000000004,0.8660254037844384,-0.5380051715382992,0.8429415373547832,216.8,203.4
2019-11-29,MP,WR,21.30039105,76.13001949,216.8,2019,11,4,333,0,0,23.5,66,210.3,199.5,150.36700000000002,220.58571428571426,14.557177905466741,206.07666666666668,-0.433883739117558,-0.9009688679024191,-0.5000000000000004,0.8660254037844384,-0.5234156073655503,0.8520775211013093,221.9,191.1
2019-11-30,MP,WR,21.30039105,76.13001949,221.9,2019,11,5,334,1,0,23.8,66,216.8,231.6,164.8,219.20000000000002,13.774614332168419,207.98,-0.9749279121818236,-0.2225209339563146,-0.5000000000000004,0.8660254037844384,-0.5086709438521042,0.8609610158889945,225.2,180.1
2019-12-01,MP,WR,21.30039105,76.13001949,225.2,2019,12,6,335,1,0,23.9,67,221.9,236.3,169.2,217.61428571428573,12.002975821495559,209.8466666666667,-0.7818314824680299,0.6234898018587334,-2.4492935982947064e-16,1.0,-0.49377555015997737,0.8695893893466109,221.2,173.9
2019-12-02,MP,WR,21.30039105,76.13001949,221.2,2019,12,0,336,0,0,24.1,66,225.2,236.7,177.2,215.4,8.932151663138635,211.31333333333336,0.0,1.0,-2.4492935982947064e-16,1.0,-0.4787338401157883,0.8779600847008883,210.1,192.6
2019-12-03,MP,WR,21.30039105,76.13001949,210.1,2019,12,1,337,0,0,23.9,65,221.2,213.6,179.9,214.90000000000003,9.145126206527166,212.32,0.7818314824680298,0.6234898018587336,-2.4492935982947064e-16,1.0,-0.4635502709028512,0.8860706215341378,211.2,196.0
2019-12-04,MP,WR,21.30039105,76.13001949,211.2,2019,12,2,338,0,0,24.5,63,210.1,198.8,180.8,216.67142857142855,6.249190423755611,213.33333333333334,0.9749279121818236,-0.22252093395631434,-2.4492935982947064e-16,1.0,-0.4482293417404106,0.893918596519257,203.4,202.0
2019-12-05,MP,WR,21.30039105,76.13001949,203.4,2019,12,3,339,0,0,23.7,55,211.2,210.3,180.7,215.68571428571428,7.77869495725809,214.09,0.43388373911755823,-0.900968867902419,-2.4492935982947064e-16,1.0,-0.4327755925504317,0.9015016841318838,191.1,202.9
2019-12-06,MP,WR,21.30039105,76.13001949,191.1,2019,12,4,340,0,0,21.3,48,203.4,216.8,182.2,212.0142857142857,12.054795528671152,214.38666666666668,-0.433883739117558,-0.9009688679024191,-2.4492935982947064e-16,1.0,-0.41719360261231697,0.9088176373395028,180.1,205.5
2019-12-08,MP,WR,21.30039105,76.13001949,180.1,2019,12,6,342,1,0,21.2,60,191.1,221.9,188.7,206.04285714285714,16.036921685374285,214.1,-0.7818314824680299,0.6234898018587334,-2.4492935982947064e-16,1.0,-0.38566340624360745,0.9226395488404875,173.9,267.4
2019-12-09,MP,WR,21.30039105,76.13001949,173.9,2019,12,0,343,0,0,22.0,65,180.1,225.2,182.1,198.7142857142857,17.48002942135381,213.82666666666668,0.0,1.0,-2.4492935982947064e-16,1.0,-0.3697245428906732,0.9291414114031743,192.6,269.9
2019-12-10,MP,WR,21.30039105,76.13001949,192.6,2019,12,1,344,0,0,22.7,65,173.9,221.2,209.1,194.62857142857143,14.423558770948702,213.27666666666667,0.7818314824680298,0.6234898018587336,-2.4492935982947064e-16,1.0,-0.3536761221763721,0.935367949313148,196.0,271.4
2019-12-11,MP,WR,21.30039105,76.13001949,196.0,2019,12,2,345,0,0,22.8,69,192.6,210.1,214.7,192.6142857142857,12.795497720085931,212.6533333333333,0.9749279121818236,-0.22252093395631434,-2.4492935982947064e-16,1.0,-0.33752289959411347,0.941317317512847,202.0,271.4
2019-12-12,MP,WR,21.30039105,76.13001949,202.0,2019,12,3,346,0,0,23.3,72,196.0,211.2,218.5,191.3,10.900458705942679,212.10333333333332,0.43388373911755823,-0.900968867902419,-2.4492935982947064e-16,1.0,-0.32126966169236515,0.9469877530760751,202.9,271.4
2019-12-13,MP,WR,21.30039105,76.13001949,202.9,2019,12,4,347,0,0,22.3,70,202.0,203.4,221.1,191.22857142857143,10.809211239448008,211.4966666666667,-0.433883739117558,-0.9009688679024191,-2.4492935982947064e-16,1.0,-0.3049212246562894,0.9523775757303973,205.5,269.4
2019-12-14,MP,WR,21.30039105,76.13001949,205.5,2019,12,5,348,1,0,22.1,68,202.9,191.1,222.6,193.28571428571428,12.07662046703152,210.92666666666668,-0.9749279121818236,-0.2225209339563146,-2.4492935982947064e-16,1.0,-0.2884824328806098,0.9574851883550389,267.4,265.3
2019-12-15,MP,WR,21.30039105,76.13001949,267.4,2019,12,6,349,1,0,22.2,72,205.5,180.1,224.7,205.75714285714284,29.170124965041882,212.35,-0.7818314824680299,0.6234898018587334,-2.4492935982947064e-16,1.0,-0.27195815753410524,0.9623090774541487,269.9,253.5
2019-12-16,MP,WR,21.30039105,76.13001949,269.9,2019,12,0,350,0,0,20.0,80,267.4,173.9,227.0,219.4714285714286,33.88272491431326,213.78,0.0,1.0,-2.4492935982947064e-16,1.0,-0.2553532951161881,0.9668478136052773,271.4,256.0
2019-12-17,MP,WR,21.30039105,76.13001949,271.4,2019,12,1,351,0,0,20.1,75,269.9,192.6,218.8,230.72857142857143,36.45927930745518,215.53333333333333,0.7818314824680298,0.6234898018587336,-2.4492935982947064e-16,1.0,-0.23867276600594997,0.9711000518829505,271.4,257.5
2019-12-18,MP,WR,21.30039105,76.13001949,271.4,2019,12,2,352,0,0,20.3,75,271.4,196.0,222.0,241.5,35.617411472480526,217.17999999999998,0.9749279121818236,-0.22252093395631434,-2.4492935982947064e-16,1.0,-0.22192151300416674,0.9750645322571945,271.4,243.8
2019-12-19,MP,WR,21.30039105,76.13001949,271.4,2019,12,3,353,0,0,21.3,76,271.4,202.0,219.1,251.41428571428568,32.29372635520334,218.92333333333335,0.43388373911755823,-0.900968867902419,-2.4492935982947064e-16,1.0,-0.20510449986861926,0.9787400799669153,269.4,211.0
2019-12-20,MP,WR,21.30039105,76.13001949,269.4,2019,12,4,354,0,0,21.8,72,271.4,202.9,212.2,260.9142857142857,24.47927208690569,220.82999999999998,-0.433883739117558,-0.9009688679024191,-2.4492935982947064e-16,1.0,-0.1882267098432439,0.9821256058680006,265.3,228.5
2019-12-21,MP,WR,21.30039105,76.13001949,265.3,2019,12,5,355,1,0,22.3,69,269.4,205.5,210.7,269.45714285714286,2.346527322703303,222.65,-0.9749279121818236,-0.2225209339563146,-2.4492935982947064e-16,1.0,-0.1712931441814778,0.9852201067560606,253.5,220.9
2019-12-22,MP,WR,21.30039105,76.13001949,253.5,2019,12,6,356,1,0,22.9,67,265.3,267.4,212.6,267.4714285714286,6.529858162245888,224.01333333333335,-0.7818314824680299,0.6234898018587334,-2.4492935982947064e-16,1.0,-0.154308820664281,0.9880226656636976,256.0,174.7
2019-12-23,MP,WR,21.30039105,76.13001949,256.0,2019,12,0,357,0,0,22.8,67,253.5,269.9,199.5,265.4857142857143,7.680370774780081,225.89666666666668,0.0,1.0,-2.4492935982947064e-16,1.0,-0.13727877211326517,0.9905324521322227,257.5,180.4
2019-12-24,MP,WR,21.30039105,76.13001949,257.5,2019,12,1,358,0,0,23.8,67,256.0,271.4,231.6,263.5,7.69328711713443,226.76000000000002,0.7818314824680298,0.6234898018587336,-2.4492935982947064e-16,1.0,-0.12020804489935275,0.9927487224577402,243.8,179.5
2019-12-25,MP,WR,21.30039105,76.13001949,243.8,2019,12,2,359,0,1,23.4,75,257.5,271.4,236.3,259.5571428571428,9.763683926137837,227.00999999999996,0.9749279121818236,-0.22252093395631434,-2.4492935982947064e-16,1.0,-0.10310169744743544,0.9946708199115211,211.0,167.9
2019-12-26,MP,WR,21.30039105,76.13001949,211.0,2019,12,3,360,0,0,21.6,75,243.8,271.4,236.7,250.92857142857142,19.443740576829423,226.15333333333334,0.43388373911755823,-0.900968867902419,-2.4492935982947064e-16,1.0,-0.0859647987374467,0.9962981749346077,228.5,162.6
2019-12-27,MP,WR,21.30039105,76.13001949,228.5,2019,12,4,361,0,0,17.9,48,211.0,269.4,213.6,245.08571428571426,19.110331287153436,226.65,-0.433883739117558,-0.9009688679024191,-2.4492935982947064e-16,1.0,-0.06880242680232064,0.9976303053065857,220.9,162.8
2019-12-28,MP,WR,21.30039105,76.13001949,220.9,2019,12,5,362,1,0,16.3,45,228.5,265.3,198.8,238.74285714285716,18.64554076652597,227.38666666666668,-0.9749279121818236,-0.2225209339563146,-2.4492935982947064e-16,1.0,-0.05161966722325418,0.9986668162884759,174.7,166.2
2019-12-29,MP,WR,21.30039105,76.13001949,174.7,2019,12,6,363,1,0,17.2,50,220.9,253.5,210.3,227.48571428571427,29.10494966905256,226.2,-0.7818314824680299,0.6234898018587334,-2.4492935982947064e-16,1.0,-0.034421611622745804,0.9994074007397048,180.4,223.3
2019-12-30,MP,WR,21.30039105,76.13001949,180.4,2019,12,0,364,0,0,18.6,55,174.7,256.0,216.8,216.68571428571428,30.741146615539225,224.98666666666668,0.0,1.0,-2.4492935982947064e-16,1.0,-0.01721335615583528,0.9998518392091162,179.5,195.8
2019-12-31,MP,WR,21.30039105,76.13001949,179.5,2019,12,1,365,0,0,18.8,70,180.4,257.5,221.9,205.54285714285714,27.440654580558082,223.57333333333335,0.7818314824680298,0.6234898018587336,-2.4492935982947064e-16,1.0,6.432490598706546e-16,1.0,167.9,194.5
2020-01-01,MP,WR,21.30039105,76.13001949,167.9,2020,1,2,1,0,0,19.7,80,179.5,243.8,225.2,194.70000000000002,24.658805053502547,221.66333333333333,0.9749279121818236,-0.22252093395631434,0.49999999999999994,0.8660254037844387,0.017213356155834685,0.9998518392091162,162.6,202.6
2020-01-02,MP,WR,21.30039105,76.13001949,162.6,2020,1,3,2,0,0,20.6,80,167.9,211.0,221.2,187.78571428571428,26.07172341646666,219.70999999999998,0.43388373911755823,-0.900968867902419,0.49999999999999994,0.8660254037844387,0.03442161162274574,0.9994074007397048,162.8,203.6
2020-01-03,MP,WR,21.30039105,76.13001949,162.8,2020,1,4,3,0,0,20.2,76,162.6,228.5,210.1,178.4,20.117985319939585,218.13333333333333,-0.433883739117558,-0.9009688679024191,0.49999999999999994,0.8660254037844387,0.051619667223253764,0.998666816288476,166.2,199.1
2020-01-04,MP,WR,21.30039105,76.13001949,166.2,2020,1,5,4,1,0,19.2,67,162.8,220.9,211.2,170.58571428571426,7.566907904690307,216.63333333333333,-0.9749279121818236,-0.2225209339563146,0.49999999999999994,0.8660254037844387,0.06880242680231986,0.9976303053065857,223.3,200.1
2020-01-05,MP,WR,21.30039105,76.13001949,223.3,2020,1,6,5,1,0,18.0,61,166.2,174.7,203.4,177.52857142857144,21.478649421049553,217.29666666666665,-0.7818314824680299,0.6234898018587334,0.49999999999999994,0.8660254037844387,0.08596479873744647,0.9962981749346078,195.8,160.3
2020-01-13,MP,WR,21.30039105,76.13001949,195.8,2020,1,0,13,0,0,21.5,64,223.3,180.4,191.1,179.72857142857146,22.582125253225236,217.45333333333332,0.0,1.0,0.49999999999999994,0.8660254037844387,0.2219215130041655,0.9750645322571948,194.5,165.3
2020-01-14,MP,WR,21.30039105,76.13001949,194.5,2020,1,1,14,0,0,22.1,70,195.8,179.5,180.1,181.87142857142857,23.25838302531699,217.93333333333334,0.7818314824680298,0.6234898018587336,0.49999999999999994,0.8660254037844387,0.2386727660059501,0.9711000518829505,202.6,174.2
2020-01-15,MP,WR,21.30039105,76.13001949,202.6,2020,1,2,15,0,0,23.2,66,194.5,167.9,173.9,186.82857142857142,23.48110689367848,218.89,0.9749279121818236,-0.22252093395631434,0.49999999999999994,0.8660254037844387,0.255353295116187,0.9668478136052775,203.6,180.9
2020-01-16,MP,WR,21.30039105,76.13001949,203.6,2020,1,3,16,0,0,19.9,58,202.6,162.6,192.6,192.68571428571428,21.456500846396278,219.25666666666666,0.43388373911755823,-0.900968867902419,0.49999999999999994,0.8660254037844387,0.2719581575341055,0.9623090774541486,199.1,189.1
2020-01-17,MP,WR,21.30039105,76.13001949,199.1,2020,1,4,17,0,0,18.2,56,203.6,162.8,196.0,197.87142857142857,16.941242997067583,219.36,-0.433883739117558,-0.9009688679024191,0.49999999999999994,0.8660254037844387,0.288482432880609,0.9574851883550393,200.1,194.2
2020-01-18,MP,WR,21.30039105,76.13001949,200.1,2020,1,5,18,1,0,19.8,61,199.1,166.2,202.0,202.71428571428572,9.65874880983075,219.29666666666665,-0.9749279121818236,-0.2225209339563146,0.49999999999999994,0.8660254037844387,0.30492122465628907,0.9523775757303974,160.3,193.3
2020-01-19,MP,WR,21.30039105,76.13001949,160.3,2020,1,6,19,1,0,19.8,60,200.1,223.3,202.9,193.71428571428572,15.099385039510866,217.87666666666664,-0.7818314824680299,0.6234898018587334,0.49999999999999994,0.8660254037844387,0.3212696616923644,0.9469877530760753,165.3,197.6
2020-01-20,MP,WR,21.30039105,76.13001949,165.3,2020,1,0,20,0,0,19.5,63,160.3,195.8,205.5,189.35714285714286,18.430396735,216.53666666666666,0.0,1.0,0.49999999999999994,0.8660254037844387,0.3375228995941133,0.9413173175128471,174.2,210.4
2020-01-21,MP,WR,21.30039105,76.13001949,174.2,2020,1,1,21,0,0,22.5,69,165.3,194.5,267.4,186.45714285714286,19.07221863888672,213.42999999999998,0.7818314824680298,0.6234898018587336,0.49999999999999994,0.8660254037844387,0.3536761221763716,0.9353679493131483,180.9,212.3
2020-01-22,MP,WR,21.30039105,76.13001949,180.9,2020,1,2,22,0,0,24.1,67,174.2,202.6,269.9,183.35714285714286,17.72717848792725,210.46333333333334,0.9749279121818236,-0.22252093395631434,0.49999999999999994,0.8660254037844387,0.3697245428906731,0.9291414114031743,189.1,212.8
2020-01-23,MP,WR,21.30039105,76.13001949,189.1,2020,1,3,23,0,0,22.3,66,180.9,203.6,271.4,181.28571428571428,15.698665396716642,207.71999999999997,0.43388373911755823,-0.900968867902419,0.49999999999999994,0.8660254037844387,0.38566340624360707,0.9226395488404876,194.2,211.5
2020-01-24,MP,WR,21.30039105,76.13001949,194.2,2020,1,4,24,0,0,21.5,56,189.1,199.1,271.4,180.58571428571426,14.858715576098819,205.14666666666665,-0.433883739117558,-0.9009688679024191,0.49999999999999994,0.8660254037844387,0.401487989205973,0.9158642882672872,193.3,213.7
2020-01-25,MP,WR,21.30039105,76.13001949,193.3,2020,1,5,25,1,0,21.9,63,194.2,200.1,271.4,179.61428571428573,13.533468214199004,202.54333333333335,-0.9749279121818236,-0.2225209339563146,0.49999999999999994,0.8660254037844387,0.4171936026123168,0.9088176373395029,197.6,211.1
2020-01-26,MP,WR,21.30039105,76.13001949,197.6,2020,1,6,26,1,1,21.9,59,193.3,160.3,269.4,184.94285714285712,11.90670079448955,200.15,-0.7818314824680299,0.6234898018587334,0.49999999999999994,0.8660254037844387,0.4327755925504312,0.901501684131884,210.4,172.0
2020-01-27,MP,WR,21.30039105,76.13001949,210.4,2020,1,0,27,0,0,23.5,54,197.6,165.3,265.3,191.3857142857143,11.706611888361982,198.32,0.0,1.0,0.49999999999999994,0.8660254037844387,0.4482293417404106,0.893918596519257,212.3,167.8
2020-01-28,MP,WR,21.30039105,76.13001949,212.3,2020,1,1,28,0,0,21.4,54,210.4,174.2,253.5,196.82857142857142,11.232054470088068,196.94666666666666,0.7818314824680298,0.6234898018587336,0.49999999999999994,0.8660254037844387,0.4635502709028509,0.886070621534138,212.8,173.2
2020-01-29,MP,WR,21.30039105,76.13001949,212.8,2020,1,2,29,0,0,20.7,59,212.3,180.9,256.0,201.3857142857143,10.107328788462084,195.50666666666666,0.9749279121818236,-0.22252093395631434,0.49999999999999994,0.8660254037844387,0.47873384011578846,0.8779600847008882,211.5,178.6
2020-01-30,MP,WR,21.30039105,76.13001949,211.5,2020,1,3,30,0,0,19.9,51,212.8,189.1,257.5,204.58571428571426,9.061167800275081,193.97333333333333,0.43388373911755823,-0.900968867902419,0.49999999999999994,0.8660254037844387,0.49377555015997715,0.869589389346611,213.7,180.5
2020-01-31,MP,WR,21.30039105,76.13001949,213.7,2020,1,4,31,0,0,19.3,54,211.5,194.2,243.8,207.3714285714286,8.301749672149134,192.96999999999997,-0.433883739117558,-0.9009688679024191,0.49999999999999994,0.8660254037844387,0.5086709438521044,0.8609610158889943,211.1,178.8
2020-02-01,MP,WR,21.30039105,76.13001949,211.1,2020,2,5,32,1,0,20.5,49,213.7,193.3,211.0,209.91428571428568,5.539984528083974,192.97333333333336,-0.9749279121818236,-0.2225209339563146,0.8660254037844386,0.5000000000000001,0.5234156073655503,0.8520775211013093,172.0,178.2
2020-02-02,MP,WR,21.30039105,76.13001949,172.0,2020,2,6,33,1,0,20.5,50,211.1,197.6,228.5,206.25714285714284,15.145830795178282,191.09000000000003,-0.7818314824680299,0.6234898018587334,0.8660254037844386,0.5000000000000001,0.5380051715382996,0.8429415373547828,167.8,253.2
2020-02-03,MP,WR,21.30039105,76.13001949,167.8,2020,2,0,34,0,0,22.0,60,172.0,210.4,220.9,200.17142857142858,20.732077744862583,189.32000000000002,0.0,1.0,0.8660254037844386,0.5000000000000001,0.5524353131676196,0.8335557718385699,173.2,256.0
2020-02-04,MP,WR,21.30039105,76.13001949,173.2,2020,2,1,35,0,0,22.8,65,167.8,212.3,174.7,194.58571428571426,22.13921321783453,189.27,0.7818314824680298,0.6234898018587336,0.8660254037844386,0.5000000000000001,0.5667017562911176,0.8239230057575542,178.6,257.0
2020-02-05,MP,WR,21.30039105,76.13001949,178.6,2020,2,2,36,0,0,22.6,56,173.2,212.8,180.4,189.70000000000002,21.20361604380982,189.21,0.9749279121818236,-0.22252093395631434,0.8660254037844386,0.5000000000000001,0.5808002734538009,0.8140460935082178,180.5,257.9
2020-02-13,MP,WR,21.30039105,76.13001949,180.5,2020,2,3,44,0,0,23.3,54,178.6,211.5,179.5,185.27142857142857,19.0161084597337,189.2433333333333,0.43388373911755823,-0.900968867902419,0.8660254037844386,0.5000000000000001,0.6870527672236669,0.7266075247685656,178.8,258.1
2020-02-14,MP,WR,21.30039105,76.13001949,178.8,2020,2,4,45,0,0,23.9,45,180.5,213.7,167.9,180.28571428571428,14.314145517799352,189.60666666666665,-0.433883739117558,-0.9009688679024191,0.8660254037844386,0.5000000000000001,0.699458327051647,0.7146733860429609,178.2,259.0
2020-02-15,MP,WR,21.30039105,76.13001949,178.2,2020,2,5,46,1,0,23.4,48,178.8,211.1,162.6,175.58571428571432,4.6470164519543085,190.12666666666667,-0.9749279121818236,-0.2225209339563146,0.8660254037844386,0.5000000000000001,0.7116566222817746,0.7025274741691571,253.2,253.7
2020-02-16,MP,WR,21.30039105,76.13001949,253.2,2020,2,6,47,1,0,24.4,42,178.2,172.0,162.8,187.1857142857143,29.435716885637483,193.14000000000001,-0.7818314824680299,0.6234898018587334,0.8660254037844386,0.5000000000000001,0.7236440382959124,0.6901733882429719,256.0,208.7
2020-02-17,MP,WR,21.30039105,76.13001949,256.0,2020,2,0,48,0,0,24.4,36,253.2,167.8,166.2,199.78571428571428,37.52121304770686,196.13333333333333,0.0,1.0,0.8660254037844386,0.5000000000000001,0.7354170229639855,0.6776147890466889,257.0,209.7
2020-02-18,MP,WR,21.30039105,76.13001949,257.0,2020,2,1,49,0,0,23.7,34,256.0,173.2,223.3,211.7571428571429,40.846291432754406,197.2566666666667,0.7818314824680298,0.6234898018587336,0.8660254037844386,0.5000000000000001,0.7469720876965552,0.6648553979642865,257.9,210.6
2020-02-19,MP,WR,21.30039105,76.13001949,257.9,2020,2,2,50,0,0,24.7,38,257.0,178.6,195.8,223.08571428571426,41.11351880551474,199.32666666666668,0.9749279121818236,-0.22252093395631434,0.8660254037844386,0.5000000000000001,0.7583058084785624,0.6518989958787126,258.1,213.5
2020-02-20,MP,WR,21.30039105,76.13001949,258.1,2020,2,3,51,0,0,26.1,43,257.9,180.5,194.5,234.17142857142855,38.06602659790447,201.44666666666666,0.43388373911755823,-0.900968867902419,0.8660254037844386,0.5000000000000001,0.7694148268839378,0.6387494220515272,259.0,217.3
2020-02-21,MP,WR,21.30039105,76.13001949,259.0,2020,2,4,52,0,0,26.3,46,258.1,178.8,202.6,245.62857142857143,29.792992145005744,203.32666666666665,-0.433883739117558,-0.9009688679024191,0.8660254037844386,0.5000000000000001,0.7802958510707755,0.6254105729852463,253.7,213.2
2020-02-22,MP,WR,21.30039105,76.13001949,253.7,2020,2,5,53,1,0,26.4,46,259.0,178.2,203.6,256.4142857142857,2.234150525686403,204.9966666666667,-0.9749279121818236,-0.2225209339563146,0.8660254037844386,0.5000000000000001,0.7909456567567772,0.6118864012687243,208.7,206.1
2020-02-23,MP,WR,21.30039105,76.13001949,208.7,2020,2,6,54,1,0,26.4,52,253.7,253.2,199.1,250.05714285714285,18.318374849938298,205.31666666666666,-0.7818314824680299,0.6234898018587334,0.8660254037844386,0.5000000000000001,0.8013610881746766,0.5981809144059165,209.7,238.3
2020-02-24,MP,WR,21.30039105,76.13001949,209.7,2020,2,0,55,0,0,25.1,46,208.7,256.0,200.1,243.44285714285715,23.45391631425727,205.63666666666666,0.0,1.0,0.8660254037844386,0.5000000000000001,0.8115390590073611,0.5842981736283684,210.6,242.4
2020-02-25,MP,WR,21.30039105,76.13001949,210.6,2020,2,1,56,0,0,22.9,46,209.7,257.0,160.3,236.8142857142857,25.45521744629352,207.31333333333336,0.7818314824680298,0.6234898018587336,0.8660254037844386,0.5000000000000001,0.8214765533024142,0.5702422926917871,213.5,227.7
2020-02-26,MP,WR,21.30039105,76.13001949,213.5,2020,2,2,57,0,0,22.7,44,210.6,257.9,165.3,230.47142857142856,24.849997604675334,208.92000000000002,0.9749279121818236,-0.22252093395631434,0.8660254037844386,0.5000000000000001,0.8311706263658079,0.5560174366570446,217.3,231.1
2020-02-27,MP,WR,21.30039105,76.13001949,217.3,2020,2,3,58,0,0,23.7,40,213.5,258.1,174.2,224.6428571428571,21.89930418551034,210.35666666666665,0.43388373911755823,-0.900968867902419,0.8660254037844386,0.5000000000000001,0.8406184056344782,0.5416278206559814,213.2,236.6
2020-02-28,MP,WR,21.30039105,76.13001949,213.2,2020,2,4,59,0,0,24.7,41,217.3,259.0,180.9,218.1,15.960054302329864,211.43333333333334,-0.433883739117558,-0.9009688679024191,0.8660254037844386,0.5000000000000001,0.8498170915275278,0.5270777086423722,206.1,239.8
2020-02-29,MP,WR,21.30039105,76.13001949,206.1,2020,2,5,60,1,0,25.8,41,213.2,253.7,189.1,211.29999999999998,3.6810324638587986,212.0,-0.9749279121818236,-0.2225209339563146,0.8660254037844386,0.5000000000000001,0.8587639582758029,0.5123714121284237,238.3,243.1
2020-03-01,MP,WR,21.30039105,76.13001949,238.3,2020,3,6,61,1,0,26.1,46,206.1,208.7,194.2,215.52857142857144,10.633079561085067,213.46999999999997,-0.7818314824680299,0.6234898018587334,1.0,6.123233995736766e-17,0.8674563547295969,0.49751328890718066,242.4,157.7
2020-03-02,MP,WR,21.30039105,76.13001949,242.4,2020,3,0,62,0,0,25.8,48,238.3,209.7,193.3,220.2,14.222751726253692,215.10666666666665,0.0,1.0,1.0,6.123233995736766e-17,0.8758917051442429,0.48250774176121847,227.7,154.9
2020-03-03,MP,WR,21.30039105,76.13001949,227.7,2020,3,1,63,0,0,25.5,37,242.4,210.6,197.6,222.64285714285714,13.760069905691264,216.11,0.7818314824680298,0.6234898018587336,1.0,6.123233995736766e-17,0.8840675099433636,0.4673592171580022,231.1,157.1
2020-03-04,MP,WR,21.30039105,76.13001949,231.1,2020,3,2,64,0,0,24.2,47,227.7,213.5,210.4,225.15714285714284,13.414650839393651,216.8,0.9749279121818236,-0.22252093395631434,1.0,6.123233995736766e-17,0.8919813464595485,0.45207220393230435,236.6,160.3
2020-03-05,MP,WR,21.30039105,76.13001949,236.6,2020,3,3,65,0,0,24.6,39,231.1,217.3,212.3,227.91428571428574,13.513626280095366,217.61,0.43388373911755823,-0.900968867902419,1.0,6.123233995736766e-17,0.8996308696522433,0.43665123195606403,239.8,165.3
2020-03-13,MP,WR,21.30039105,76.13001949,239.8,2020,3,4,73,0,0,24.7,30,236.6,213.2,212.8,231.71428571428572,12.378668287478227,218.51000000000002,-0.433883739117558,-0.9009688679024191,1.0,6.123233995736766e-17,0.9510565162951535,0.30901699437494745,243.1,174.2
2020-03-14,MP,WR,21.30039105,76.13001949,243.1,2020,3,5,74,1,0,24.4,30,239.8,206.1,211.5,237.0,5.735270990400202,219.56333333333333,-0.9749279121818236,-0.2225209339563146,1.0,6.123233995736766e-17,0.9562348265919056,0.29260033563334836,157.7,180.9
2020-03-15,MP,WR,21.30039105,76.13001949,157.7,2020,3,6,75,1,0,24.5,29,243.1,238.3,213.7,225.48571428571427,30.43054543116314,217.69666666666666,-0.7818314824680299,0.6234898018587334,1.0,6.123233995736766e-17,0.9611297838723007,0.27609697309746883,154.9,164.4
2020-03-16,MP,WR,21.30039105,76.13001949,154.9,2020,3,0,76,0,0,25.8,34,157.7,242.4,211.1,212.9857142857143,39.069614304530134,215.82333333333332,0.0,1.0,1.0,6.123233995736766e-17,0.9657399376548549,0.2595117970697999,157.1,166.2
2020-03-17,MP,WR,21.30039105,76.13001949,157.1,2020,3,1,77,0,0,27.2,46,154.9,227.7,172.0,202.9,43.49954022745505,215.32666666666665,0.7818314824680298,0.6234898018587336,1.0,6.123233995736766e-17,0.9700639218515071,0.2428497220959356,160.3,169.0
2020-03-18,MP,WR,21.30039105,76.13001949,160.3,2020,3,2,78,0,0,27.5,57,157.1,231.1,167.8,192.78571428571428,44.07699432324537,215.07666666666665,0.9749279121818236,-0.22252093395631434,1.0,6.123233995736766e-17,0.9741004551724205,0.22611568550828828,165.3,168.2
2020-03-19,MP,WR,21.30039105,76.13001949,165.3,2020,3,3,79,0,0,27.7,47,160.3,236.6,173.2,182.6,40.344805530988815,214.81333333333333,0.43388373911755823,-0.900968867902419,1.0,6.123233995736766e-17,0.9778483415056568,0.20931464596304847,174.2,171.8
2020-03-20,MP,WR,21.30039105,76.13001949,174.2,2020,3,4,80,0,0,26.8,34,165.3,239.8,178.6,173.22857142857143,31.491200585015548,214.66666666666666,-0.433883739117558,-0.9009688679024191,1.0,6.123233995736766e-17,0.9813064702716093,0.19245158197082998,180.9,174.0
2020-03-21,MP,WR,21.30039105,76.13001949,180.9,2020,3,5,81,1,0,26.4,33,174.2,243.1,180.5,164.34285714285716,9.783635510866613,214.68,-0.9749279121818236,-0.2225209339563146,1.0,6.123233995736766e-17,0.9844738167520922,0.1755314904214282,164.4,176.4
2020-03-22,MP,WR,21.30039105,76.13001949,164.4,2020,3,6,82,1,0,28.0,36,180.9,157.7,178.8,165.29999999999998,9.343268521595284,214.2,-0.7818314824680299,0.6234898018587334,1.0,6.123233995736766e-17,0.9873494423939864,0.15855938510313475,166.2,189.7
2020-03-23,MP,WR,21.30039105,76.13001949,166.2,2020,3,0,83,0,0,28.7,37,164.4,154.9,178.2,166.91428571428574,8.146457015459486,213.8,0.0,1.0,1.0,6.123233995736766e-17,0.989932495087353,0.141540295217043,169.0,196.9
2020-03-24,MP,WR,21.30039105,76.13001949,169.0,2020,3,1,84,0,0,30.4,33,166.2,157.1,253.2,168.61428571428573,6.9039671135318645,210.9933333333333,0.7818314824680298,0.6234898018587336,1.0,6.123233995736766e-17,0.9922222094179323,0.12447926388678915,168.2,203.4
2020-03-25,MP,WR,21.30039105,76.13001949,168.2,2020,3,2,85,0,0,29.2,44,169.0,160.3,256.0,169.74285714285716,5.889498321262888,208.06666666666663,0.9749279121818236,-0.22252093395631434,1.0,6.123233995736766e-17,0.994217906893952,0.10738134666416309,171.8,199.3
2020-03-26,MP,WR,21.30039105,76.13001949,171.8,2020,3,3,86,0,0,27.4,64,168.2,165.3,257.0,170.67142857142858,5.576353134951408,205.22666666666666,0.43388373911755823,-0.900968867902419,1.0,6.123233995736766e-17,0.995918996147179,0.09025161003104117,174.0,196.2
2020-03-27,MP,WR,21.30039105,76.13001949,174.0,2020,3,4,87,0,0,28.0,58,171.8,174.2,257.9,170.64285714285714,5.55573491773668,202.42999999999998,-0.433883739117558,-0.9009688679024191,1.0,6.123233995736766e-17,0.9973249731081555,0.07309512989807777,176.4,202.3
2020-03-28,MP,WR,21.30039105,76.13001949,176.4,2020,3,5,88,1,0,27.7,62,174.0,180.9,258.1,170.0,4.2864126415105375,199.70666666666665,-0.9749279121818236,-0.2225209339563146,1.0,6.123233995736766e-17,0.9984354211555643,0.055916990100603484,189.7,204.4
2020-03-29,MP,WR,21.30039105,76.13001949,189.7,2020,3,6,89,1,0,28.4,53,176.4,164.4,259.0,173.6142857142857,7.911263820532316,197.39666666666668,-0.7818314824680299,0.6234898018587334,1.0,6.123233995736766e-17,0.9992500112396835,0.03872228089217446,196.9,210.6
2020-03-30,MP,WR,21.30039105,76.13001949,196.9,2020,3,0,90,0,0,29.2,52,189.7,166.2,253.7,178.0,11.016200191837262,195.5033333333333,0.0,1.0,1.0,6.123233995736766e-17,0.9997685019798909,0.021516097436222254,203.4,216.8
2020-03-31,MP,WR,21.30039105,76.13001949,203.4,2020,3,1,91,0,0,29.7,44,196.9,169.0,208.7,182.91428571428568,13.682400931052426,195.32666666666668,0.7818314824680298,0.6234898018587336,1.0,6.123233995736766e-17,0.9999907397361901,0.004303538296244289,199.3,218.2
2020-04-01,MP,WR,21.30039105,76.13001949,199.3,2020,4,2,92,0,0,29.9,35,203.4,168.2,209.7,187.35714285714286,13.146971405720278,194.98,0.9749279121818236,-0.22252093395631434,0.8660254037844387,-0.4999999999999998,0.9999166586547379,-0.01291029607500882,196.2,219.5
2020-04-02,MP,WR,21.30039105,76.13001949,196.2,2020,4,3,93,0,1,29.7,36,199.3,171.8,210.6,190.84285714285713,11.46136366855302,194.5,0.43388373911755823,-0.900968867902419,0.8660254037844387,-0.4999999999999998,0.9995462806873573,-0.030120304846908114,202.3,219.1
2020-04-03,MP,WR,21.30039105,76.13001949,202.3,2020,4,4,94,0,0,30.0,33,196.2,174.0,213.5,194.8857142857143,9.321557196702663,194.12666666666664,-0.433883739117558,-0.9009688679024191,0.8660254037844387,-0.4999999999999998,0.9988797155850336,-0.04732138832243185,204.4,216.5
2020-04-04,MP,WR,21.30039105,76.13001949,204.4,2020,4,5,95,1,0,29.7,39,202.3,176.4,217.3,198.8857142857143,5.134013560370348,193.6966666666667,-0.9749279121818236,-0.2225209339563146,0.8660254037844387,-0.4999999999999998,0.9979171608653922,-0.06450844944931623,210.6,217.7
2020-04-05,MP,WR,21.30039105,76.13001949,210.6,2020,4,6,96,1,0,29.7,41,204.4,189.7,213.2,201.87142857142857,4.976516280058387,193.60999999999999,-0.7818314824680299,0.6234898018587334,0.8660254037844387,-0.4999999999999998,0.9966589017541702,-0.08167639533042241,216.8,237.7
2020-04-13,MP,WR,21.30039105,76.13001949,216.8,2020,4,0,104,0,0,32.6,25,210.6,196.9,206.1,204.71428571428572,6.954238173330064,193.96666666666667,0.0,1.0,0.8660254037844387,-0.4999999999999998,0.9760105506323683,-0.21772323039653177,218.2,239.3
2020-04-14,MP,WR,21.30039105,76.13001949,218.2,2020,4,1,105,0,1,33.2,24,216.8,203.4,238.3,206.82857142857142,8.553890788350083,193.29666666666665,0.7818314824680298,0.6234898018587336,0.8660254037844387,-0.4999999999999998,0.9721181966290613,-0.23449138957040985,219.5,236.5
2020-04-15,MP,WR,21.30039105,76.13001949,219.5,2020,4,2,106,0,0,33.4,24,218.2,199.3,242.4,209.71428571428572,8.987107167385316,192.53333333333333,0.9749279121818236,-0.22252093395631434,0.8660254037844387,-0.4999999999999998,0.9679377830240642,-0.25119006388481935,219.1,213.7
2020-04-16,MP,WR,21.30039105,76.13001949,219.1,2020,4,3,107,0,0,33.6,24,219.5,196.2,227.7,212.9857142857143,7.247396905423055,192.24666666666664,0.43388373911755823,-0.900968867902419,0.8660254037844387,-0.4999999999999998,0.9634705485641488,-0.2678143051621742,216.5,226.3
2020-04-17,MP,WR,21.30039105,76.13001949,216.5,2020,4,4,108,0,0,34.1,25,219.1,202.3,231.1,215.01428571428573,5.545397061654176,191.76000000000002,-0.433883739117558,-0.9009688679024191,0.8660254037844387,-0.4999999999999998,0.9587178169872964,-0.2843591872810034,217.7,230.6
2020-04-18,MP,WR,21.30039105,76.13001949,217.7,2020,4,5,109,1,0,33.9,28,216.5,204.4,236.6,216.91428571428574,2.994121224121787,191.13,-0.9749279121818236,-0.2225209339563146,0.8660254037844387,-0.4999999999999998,0.9536809966304457,-0.30081980763566735,237.7,231.0
2020-04-19,MP,WR,21.30039105,76.13001949,237.7,2020,4,6,110,1,0,32.5,30,217.7,210.6,239.8,220.78571428571428,7.539325471910865,191.05999999999997,-0.7818314824680299,0.6234898018587334,0.8660254037844387,-0.4999999999999998,0.9483615800121715,-0.3171912885891061,239.3,216.9
2020-04-20,MP,WR,21.30039105,76.13001949,239.3,2020,4,0,111,0,0,32.5,29,237.7,216.8,243.1,224.0,9.96343314324818,190.93333333333334,0.0,1.0,0.8660254037844387,-0.4999999999999998,0.9427611433904207,-0.3334687789181868,236.5,223.0
2020-04-21,MP,WR,21.30039105,76.13001949,236.5,2020,4,1,112,0,0,32.2,28,239.3,218.2,157.7,226.61428571428573,10.570308821004502,193.56,0.7818314824680298,0.6234898018587336,0.8660254037844387,-0.4999999999999998,0.9368813462954315,-0.3496474552512284,213.7,227.5
2020-04-22,MP,WR,21.30039105,76.13001949,213.7,2020,4,2,113,0,0,33.0,30,236.5,219.5,154.9,225.78571428571428,11.414527084877646,195.51999999999998,0.9749279121818236,-0.22252093395631434,0.8660254037844387,-0.4999999999999998,0.9307239310379795,-0.36572252349726897,226.3,227.6
2020-04-23,MP,WR,21.30039105,76.13001949,226.3,2020,4,3,114,0,0,33.8,28,213.7,219.1,157.1,226.8142857142857,11.029570643112345,197.82666666666668,0.43388373911755823,-0.900968867902419,0.8660254037844387,-0.4999999999999998,0.9242907221930933,-0.3816892202666588,230.6,223.5
2020-04-24,MP,WR,21.30039105,76.13001949,230.6,2020,4,4,115,0,0,33.3,29,226.3,216.5,160.3,228.82857142857142,10.078477776216609,200.17000000000002,-0.433883739117558,-0.9009688679024191,0.8660254037844387,-0.4999999999999998,0.9175836260593937,-0.39754281428255595,231.0,219.8
2020-04-25,MP,WR,21.30039105,76.13001949,231.0,2020,4,5,116,1,0,32.7,26,230.6,217.7,165.3,230.72857142857143,8.803922286062388,202.36,-0.9749279121818236,-0.2225209339563146,0.8660254037844387,-0.4999999999999998,0.9106046300942162,-0.4132786077829042,216.9,219.9
2020-04-26,MP,WR,21.30039105,76.13001949,216.9,2020,4,6,117,1,0,32.0,33,231.0,237.7,174.2,227.7571428571429,9.538318709788488,203.78333333333333,-0.7818314824680299,0.6234898018587334,0.8660254037844387,-0.4999999999999998,0.9033558023246845,-0.4288919379124835,223.0,191.0
2020-04-27,MP,WR,21.30039105,76.13001949,223.0,2020,4,0,118,0,0,33.3,30,216.9,239.3,180.9,225.42857142857142,8.137508686264121,205.18666666666664,0.0,1.0,0.8660254037844387,-0.4999999999999998,0.895839290734909,-0.4443781781046132,227.5,178.5
2020-04-28,MP,WR,21.30039105,76.13001949,227.5,2020,4,1,119,0,0,32.5,33,223.0,236.5,164.4,224.14285714285714,6.676540307387234,207.29,0.7818314824680298,0.6234898018587336,0.8660254037844387,-0.4999999999999998,0.8880573226294932,-0.45973273945210397,227.6,174.6
2020-04-29,MP,WR,21.30039105,76.13001949,227.6,2020,4,2,120,0,0,33.1,31,227.5,213.7,166.2,226.12857142857143,4.877743428303467,209.33666666666667,0.9749279121818236,-0.22252093395631434,0.8660254037844387,-0.4999999999999998,0.8800122039735357,-0.47495107206704995,223.5,181.1
2020-04-30,MP,WR,21.30039105,76.13001949,223.5,2020,4,3,121,0,0,33.5,27,227.6,226.3,169.0,225.72857142857143,4.975176474493895,211.15333333333334,0.43388373911755823,-0.900968867902419,0.8660254037844387,-0.4999999999999998,0.8717063187093218,-0.4900286664290592,219.8,186.8
2020-05-01,MP,WR,21.30039105,76.13001949,219.8,2020,5,4,122,0,0,33.9,30,223.5,230.6,168.2,224.18571428571428,4.886521793471421,212.87333333333336,-0.433883739117558,-0.9009688679024191,0.49999999999999994,-0.8660254037844387,0.8631421280499114,-0.5049610547215204,219.9,197.2
2020-05-02,MP,WR,21.30039105,76.13001949,219.9,2020,5,5,123,1,0,34.6,27,219.8,231.0,171.8,222.6,4.033195589931377,214.47666666666666,-0.9749279121818236,-0.2225209339563146,0.49999999999999994,-0.8660254037844387,0.854322169749827,-0.5197438121555155,191.0,197.3
2020-05-03,MP,WR,21.30039105,76.13001949,191.0,2020,5,6,124,1,0,34.7,27,219.9,216.9,174.0,218.90000000000003,12.700656151027799,215.04333333333335,-0.7818314824680299,0.6234898018587334,0.49999999999999994,-0.8660254037844387,0.8452490573530633,-0.5343725582809786,178.5,270.1
2020-05-04,MP,WR,21.30039105,76.13001949,178.5,2020,5,0,125,0,0,34.4,28,191.0,223.0,176.4,212.54285714285717,19.580164890593437,215.11333333333332,0.0,1.0,0.49999999999999994,-0.8660254037844387,0.8359254794186372,-0.548842958284719,174.6,265.0
2020-05-05,MP,WR,21.30039105,76.13001949,174.6,2020,5,1,126,0,0,34.5,30,178.5,227.5,189.7,204.9857142857143,22.790599565860393,214.61,0.7818314824680298,0.6234898018587336,0.49999999999999994,-0.8660254037844387,0.8263541987239096,-0.5631507242749186,181.1,262.7
2020-05-13,MP,WR,21.30039105,76.13001949,181.1,2020,5,2,134,0,0,34.8,32,174.6,227.6,196.9,198.34285714285716,21.858244603417305,214.08333333333334,0.9749279121818236,-0.22252093395631434,0.49999999999999994,-0.8660254037844387,0.7412220108485958,-0.6712599575675313,186.8,267.7
2020-05-14,MP,WR,21.30039105,76.13001949,186.8,2020,5,3,135,0,0,35.1,34,181.1,223.5,203.4,193.1,19.03785702225863,213.53,0.43388373911755823,-0.900968867902419,0.49999999999999994,-0.8660254037844387,0.7295575540864875,-0.6839194216246106,197.2,267.7
2020-05-15,MP,WR,21.30039105,76.13001949,197.2,2020,5,4,136,0,0,34.6,34,186.8,219.8,199.3,189.87142857142857,15.305741219740883,213.46,-0.433883739117558,-0.9009688679024191,0.49999999999999994,-0.8660254037844387,0.717676913675962,-0.6963762255968722,197.3,266.9
2020-05-16,MP,WR,21.30039105,76.13001949,197.3,2020,5,5,137,1,0,35.7,26,197.2,219.9,196.2,186.64285714285714,9.000899425954602,213.49666666666664,-0.9749279121818236,-0.2225209339563146,0.49999999999999994,-0.8660254037844387,0.705583610107178,-0.7086266782644596,270.1,261.6
2020-05-17,MP,WR,21.30039105,76.13001949,270.1,2020,5,6,138,1,0,35.9,24,197.3,191.0,202.3,197.94285714285712,33.0110515404991,215.7566666666667,-0.7818314824680299,0.6234898018587334,0.49999999999999994,-0.8660254037844387,0.6932812268869777,-0.7206671495538609,265.0,248.2
2020-05-18,MP,WR,21.30039105,76.13001949,265.0,2020,5,0,139,0,0,36.3,20,270.1,178.5,204.4,210.29999999999998,39.97524233822691,217.77666666666667,0.0,1.0,0.49999999999999994,-0.8660254037844387,0.6807734094770161,-0.7324940716135789,262.7,250.3
2020-05-19,MP,WR,21.30039105,76.13001949,262.7,2020,5,1,140,0,0,35.0,25,265.0,174.6,210.6,222.8857142857143,40.72384348967324,219.51333333333335,0.7818314824680298,0.6234898018587336,0.49999999999999994,-0.8660254037844387,0.6680638642135335,-0.7441039398713607,267.7,251.9
2020-05-20,MP,WR,21.30039105,76.13001949,267.7,2020,5,2,141,0,0,35.8,23,262.7,181.1,216.8,235.25714285714284,39.03309950724942,221.21,0.9749279121818236,-0.22252093395631434,0.49999999999999994,-0.8660254037844387,0.6551563572090853,-0.7554933140726803,267.7,253.1
2020-05-21,MP,WR,21.30039105,76.13001949,267.7,2020,5,3,142,0,0,35.7,24,267.7,186.8,218.2,246.8142857142857,33.938593006164496,222.86,0.43388373911755823,-0.900968867902419,0.49999999999999994,-0.8660254037844387,0.6420547132365637,-0.766658819300159,266.9,253.3
