timestamp,node_id,region,latitude,longitude,consumption_mu,year,month,dayofweek,dayofyear,is_weekend,is_holiday,temperature_c,humidity,lag_1d,lag_7d,lag_30d,roll_mean_7d,roll_std_7d,roll_mean_30d,dow_sin,dow_cos,month_sin,month_cos,doy_sin,doy_cos,target_next_1d,target_next_7d
2019-02-02,Andhra Pradesh,SR,14.7504291,78.57002559,164.2,2019,2,5,33,1,0,25.1,59,162.7,176.4,164.6,174.27142857142857,12.56008416714294,168.50666666666666,-0.9749279121818236,-0.2225209339563146,0.8660254037844386,0.5000000000000001,0.5380051715382996,0.8429415373547828,163.7,149.8
2019-02-03,Andhra Pradesh,SR,14.7504291,78.57002559,163.7,2019,2,6,34,1,0,25.4,64,164.2,172.4,170.1,173.0285714285714,13.190743507691854,168.29333333333335,-0.7818314824680299,0.6234898018587334,0.8660254037844386,0.5000000000000001,0.5524353131676196,0.8335557718385699,165.8,148.7
2019-02-04,Andhra Pradesh,SR,14.7504291,78.57002559,165.8,2019,2,0,35,0,0,26.0,64,163.7,181.0,165.2,170.85714285714286,12.907860285223794,168.31333333333336,0.0,1.0,0.8660254037844386,0.5000000000000001,0.5667017562911176,0.8239230057575542,165.2,153.8
2019-02-05,Andhra Pradesh,SR,14.7504291,78.57002559,165.2,2019,2,1,36,0,0,26.4,60,165.8,189.4,167.4,167.4,10.034772875689178,168.23999999999998,0.7818314824680298,0.6234898018587336,0.8660254037844386,0.5000000000000001,0.5808002734538009,0.8140460935082178,163.2,155.2
2019-02-06,Andhra Pradesh,SR,14.7504291,78.57002559,163.2,2019,2,2,37,0,0,27.4,52,165.2,189.8,171.2,163.6,1.77857620959405,167.97333333333333,0.9749279121818236,-0.22252093395631434,0.8660254037844386,0.5000000000000001,0.5947266869607634,0.8039279618328213,152.8,157.5
2019-02-07,Andhra Pradesh,SR,14.7504291,78.57002559,152.8,2019,2,3,38,0,0,28.3,48,163.2,160.4,166.4,162.5142857142857,4.418306074892185,167.52,0.43388373911755823,-0.900968867902419,0.8660254037844386,0.5000000000000001,0.6084768701151261,0.7935716089521474,156.7,149.2
2019-02-08,Andhra Pradesh,SR,14.7504291,78.57002559,156.7,2019,2,4,39,0,0,29.3,56,152.8,162.7,160.8,161.65714285714284,4.9287784635605005,167.38333333333333,-0.433883739117558,-0.9009688679024191,0.8660254037844386,0.5000000000000001,0.6220467484408675,0.7829801036770629,149.8,148.1
2019-02-09,Andhra Pradesh,SR,14.7504291,78.57002559,149.8,2019,2,5,40,1,0,28.2,65,156.7,164.2,163.0,159.59999999999997,6.458327956987065,166.94333333333333,-0.9749279121818236,-0.2225209339563146,0.8660254037844386,0.5000000000000001,0.6354323008901774,0.7721565844991642,148.7,151.5
2019-02-10,Andhra Pradesh,SR,14.7504291,78.57002559,148.7,2019,2,6,41,1,0,28.4,63,149.8,163.7,168.8,157.45714285714286,7.304304014952966,166.27333333333334,-0.7818314824680299,0.6234898018587334,0.8660254037844386,0.5000000000000001,0.6486295610349814,0.7611042586607747,153.8,150.5
2019-02-11,Andhra Pradesh,SR,14.7504291,78.57002559,153.8,2019,2,0,42,0,0,27.7,61,148.7,165.8,167.7,155.74285714285716,6.368112525926192,165.81,0.0,1.0,0.8660254037844386,0.5000000000000001,0.6616346182422783,0.7498264012045686,155.2,159.5
2019-02-12,Andhra Pradesh,SR,14.7504291,78.57002559,155.2,2019,2,1,43,0,0,27.2,61,153.8,165.2,168.1,154.31428571428572,4.828536207254009,165.38,0.7818314824680298,0.6234898018587336,0.8660254037844386,0.5000000000000001,0.6744436188329455,0.7383263540031065,157.5,160.8
2019-02-13,Andhra Pradesh,SR,14.7504291,78.57002559,157.5,2019,2,2,44,0,0,26.7,60,155.2,163.2,164.9,153.5,3.3276618417943857,165.13333333333333,0.9749279121818236,-0.22252093395631434,0.8660254037844386,0.5000000000000001,0.6870527672236669,0.7266075247685656,149.2,159.1
2019-02-14,Andhra Pradesh,SR,14.7504291,78.57002559,149.2,2019,2,3,45,0,0,27.3,55,157.5,152.8,163.3,152.9857142857143,3.7100892044212364,164.66333333333333,0.43388373911755823,-0.900968867902419,0.8660254037844386,0.5000000000000001,0.699458327051647,0.7146733860429609,148.1,197.0
2019-02-15,Andhra Pradesh,SR,14.7504291,78.57002559,148.1,2019,2,4,46,0,0,28.6,52,149.2,156.7,160.7,151.75714285714284,3.6990346230953675,164.24333333333334,-0.433883739117558,-0.9009688679024191,0.8660254037844386,0.5000000000000001,0.7116566222817746,0.7025274741691571,151.5,201.0
2019-02-16,Andhra Pradesh,SR,14.7504291,78.57002559,151.5,2019,2,5,47,1,0,29.9,49,148.1,149.8,155.2,152.0,3.603701800464047,164.12,-0.9749279121818236,-0.2225209339563146,0.8660254037844386,0.5000000000000001,0.7236440382959124,0.6901733882429719,150.5,197.1
2019-02-17,Andhra Pradesh,SR,14.7504291,78.57002559,150.5,2019,2,6,48,1,0,30.0,50,151.5,148.7,161.8,152.25714285714284,3.3866685414319693,163.74333333333334,-0.7818314824680299,0.6234898018587334,0.8660254037844386,0.5000000000000001,0.7354170229639855,0.6776147890466889,159.5,183.2
2019-02-18,Andhra Pradesh,SR,14.7504291,78.57002559,159.5,2019,2,0,49,0,0,30.1,56,150.5,153.8,169.9,153.07142857142858,4.3637576642593325,163.39666666666665,0.0,1.0,0.8660254037844386,0.5000000000000001,0.7469720876965552,0.6648553979642865,160.8,196.3
2019-02-19,Andhra Pradesh,SR,14.7504291,78.57002559,160.8,2019,2,1,50,0,0,30.5,59,159.5,155.2,166.0,153.87142857142857,5.243635598105134,163.22333333333333,0.7818314824680298,0.6234898018587336,0.8660254037844386,0.5000000000000001,0.7583058084785624,0.6518989958787126,159.1,197.3
2019-02-20,Andhra Pradesh,SR,14.7504291,78.57002559,159.1,2019,2,2,51,0,0,29.6,55,160.8,157.5,153.9,154.09999999999997,5.458632307333746,163.39666666666665,0.9749279121818236,-0.22252093395631434,0.8660254037844386,0.5000000000000001,0.7694148268839378,0.6387494220515272,197.0,194.2
2019-02-21,Andhra Pradesh,SR,14.7504291,78.57002559,197.0,2019,2,3,52,0,0,28.8,53,159.1,149.2,153.3,160.92857142857142,16.67720143246607,164.85333333333332,0.43388373911755823,-0.900968867902419,0.8660254037844386,0.5000000000000001,0.7802958510707755,0.6254105729852463,201.0,182.9
2019-02-22,Andhra Pradesh,SR,14.7504291,78.57002559,201.0,2019,2,4,53,0,0,29.0,42,197.0,148.1,152.6,168.4857142857143,21.25303339693958,166.46666666666667,-0.433883739117558,-0.9009688679024191,0.8660254037844386,0.5000000000000001,0.7909456567567772,0.6118864012687243,197.1,187.8
2019-02-23,Andhra Pradesh,SR,14.7504291,78.57002559,197.1,2019,2,5,54,1,0,29.8,25,201.0,151.5,194.9,175.0,22.14858911985141,166.54,-0.9749279121818236,-0.2225209339563146,0.8660254037844386,0.5000000000000001,0.8013610881746766,0.5981809144059165,183.2,191.0
2019-02-24,Andhra Pradesh,SR,14.7504291,78.57002559,183.2,2019,2,6,55,1,0,30.8,25,197.1,150.5,193.7,179.67142857142858,19.397569803604643,166.19,-0.7818314824680299,0.6234898018587334,0.8660254037844386,0.5000000000000001,0.8115390590073611,0.5842981736283684,196.3,191.8
2019-02-25,Andhra Pradesh,SR,14.7504291,78.57002559,196.3,2019,2,0,56,0,0,30.9,30,183.2,159.5,176.4,184.92857142857142,17.95250347311988,166.85333333333335,0.0,1.0,0.8660254037844386,0.5000000000000001,0.8214765533024142,0.5702422926917871,197.3,190.0
2019-02-26,Andhra Pradesh,SR,14.7504291,78.57002559,197.3,2019,2,1,57,0,0,31.3,39,196.3,160.8,172.4,190.14285714285714,14.800321746824439,167.68333333333334,0.7818314824680298,0.6234898018587336,0.8660254037844386,0.5000000000000001,0.8311706263658079,0.5560174366570446,194.2,188.6
2019-02-27,Andhra Pradesh,SR,14.7504291,78.57002559,194.2,2019,2,2,58,0,0,30.9,49,197.3,159.1,181.0,195.15714285714287,5.64353823496611,168.12333333333333,0.9749279121818236,-0.22252093395631434,0.8660254037844386,0.5000000000000001,0.8406184056344782,0.5416278206559814,182.9,182.7
2019-02-28,Andhra Pradesh,SR,14.7504291,78.57002559,182.9,2019,2,3,59,0,0,31.0,53,194.2,197.0,189.4,193.14285714285714,7.1825847582555085,167.90666666666667,0.43388373911755823,-0.900968867902419,0.8660254037844386,0.5000000000000001,0.8498170915275278,0.5270777086423722,187.8,175.5
2019-03-02,Andhra Pradesh,SR,14.7504291,78.57002559,187.8,2019,3,5,61,1,0,29.8,55,182.9,201.0,189.8,191.25714285714284,6.473756545432048,167.84,-0.9749279121818236,-0.2225209339563146,1.0,6.123233995736766e-17,0.8674563547295969,0.49751328890718066,191.0,184.6
2019-03-03,Andhra Pradesh,SR,14.7504291,78.57002559,191.0,2019,3,6,62,1,0,30.0,52,187.8,197.1,160.4,190.3857142857143,5.945146079345935,168.86,-0.7818314824680299,0.6234898018587334,1.0,6.123233995736766e-17,0.8758917051442429,0.48250774176121847,191.8,187.2
2019-03-04,Andhra Pradesh,SR,14.7504291,78.57002559,191.8,2019,3,0,63,0,1,31.5,48,191.0,183.2,162.7,191.6142857142857,5.031046468820281,169.82999999999998,0.0,1.0,1.0,6.123233995736766e-17,0.8840675099433636,0.4673592171580022,190.0,194.8
2019-03-05,Andhra Pradesh,SR,14.7504291,78.57002559,190.0,2019,3,1,64,0,0,33.6,34,191.8,196.3,164.2,190.71428571428572,4.597980923343307,170.69,0.7818314824680298,0.6234898018587336,1.0,6.123233995736766e-17,0.8919813464595485,0.45207220393230435,188.6,190.4
2019-03-06,Andhra Pradesh,SR,14.7504291,78.57002559,188.6,2019,3,2,65,0,0,33.2,28,190.0,197.3,163.7,189.47142857142856,3.5854866177012297,171.52,0.9749279121818236,-0.22252093395631434,1.0,6.123233995736766e-17,0.8996308696522433,0.43665123195606403,182.7,182.7
2019-03-07,Andhra Pradesh,SR,14.7504291,78.57002559,182.7,2019,3,3,66,0,0,32.1,32,188.6,194.2,165.8,187.82857142857142,3.6908509794329682,172.08333333333334,0.43388373911755823,-0.900968867902419,1.0,6.123233995736766e-17,0.9070138128026359,0.4211008707960896,175.5,167.9
2019-03-08,Andhra Pradesh,SR,14.7504291,78.57002559,175.5,2019,3,4,67,0,0,31.9,53,182.7,182.9,165.2,186.77142857142857,5.796756071492161,172.42666666666668,-0.433883739117558,-0.9009688679024191,1.0,6.123233995736766e-17,0.9141279881853337,0.40542572835999735,184.6,148.6
2019-03-09,Andhra Pradesh,SR,14.7504291,78.57002559,184.6,2019,3,5,68,1,0,32.1,52,175.5,187.8,163.2,186.3142857142857,5.828215441976685,173.14,-0.9749279121818236,-0.2225209339563146,1.0,6.123233995736766e-17,0.9209712877166346,0.38963044953078796,187.2,150.9
2019-03-10,Andhra Pradesh,SR,14.7504291,78.57002559,187.2,2019,3,6,69,1,0,32.2,50,184.6,191.0,152.8,185.77142857142854,5.4859560958610025,174.2866666666667,-0.7818314824680299,0.6234898018587334,1.0,6.123233995736766e-17,0.9275416835791966,0.37371971479046906,194.8,155.8
2019-03-11,Andhra Pradesh,SR,14.7504291,78.57002559,194.8,2019,3,0,70,0,0,32.6,44,187.2,191.8,156.7,186.20000000000002,6.116371473349234,175.55666666666667,0.0,1.0,1.0,6.123233995736766e-17,0.9338372288229252,0.35769823883312546,190.4,146.435
2019-03-12,Andhra Pradesh,SR,14.7504291,78.57002559,190.4,2019,3,1,71,0,0,32.3,38,194.8,190.0,149.8,186.25714285714284,6.159506782975737,176.91,0.7818314824680298,0.6234898018587336,1.0,6.123233995736766e-17,0.9398560579418954,0.3415707691678556,182.7,151.3
2019-03-13,Andhra Pradesh,SR,14.7504291,78.57002559,182.7,2019,3,2,72,0,0,32.2,34,190.4,188.6,148.7,185.41428571428574,6.189084092558619,178.04333333333335,0.9749279121818236,-0.22252093395631434,1.0,6.123233995736766e-17,0.9455963874271426,0.3253420847119801,167.9,151.8
2019-03-14,Andhra Pradesh,SR,14.7504291,78.57002559,167.9,2019,3,3,73,0,0,32.4,28,182.7,182.7,153.8,183.29999999999998,9.10970178802065,178.51333333333332,0.43388373911755823,-0.900968867902419,1.0,6.123233995736766e-17,0.9510565162951535,0.30901699437494745,148.6,157.9
2019-03-15,Andhra Pradesh,SR,14.7504291,78.57002559,148.6,2019,3,4,74,0,0,32.6,22,167.9,175.5,155.2,179.45714285714286,16.009357382778465,178.29333333333335,-0.433883739117558,-0.9009688679024191,1.0,6.123233995736766e-17,0.9562348265919056,0.29260033563334836,150.9,169.5
2019-03-16,Andhra Pradesh,SR,14.7504291,78.57002559,150.9,2019,3,5,75,1,0,30.9,28,148.6,184.6,157.5,174.64285714285714,18.993933868725634,178.07333333333332,-0.9749279121818236,-0.2225209339563146,1.0,6.123233995736766e-17,0.9611297838723007,0.27609697309746883,155.8,169.5
2019-03-17,Andhra Pradesh,SR,14.7504291,78.57002559,155.8,2019,3,6,76,1,0,29.7,49,150.9,187.2,149.2,170.15714285714287,19.24030986781455,178.29333333333335,-0.7818314824680299,0.6234898018587334,1.0,6.123233995736766e-17,0.9657399376548549,0.2595117970697999,146.435,169.9
2019-03-18,Andhra Pradesh,SR,14.7504291,78.57002559,146.435,2019,3,0,77,0,0,29.9,47,155.8,194.8,148.1,163.24785714285716,17.523504181798824,178.23783333333333,0.0,1.0,1.0,6.123233995736766e-17,0.9700639218515071,0.2428497220959356,151.3,168.6
2019-03-19,Andhra Pradesh,SR,14.7504291,78.57002559,151.3,2019,3,1,78,0,0,31.1,49,146.435,190.4,151.5,157.66214285714287,13.099301462655166,178.23116666666667,0.7818314824680298,0.6234898018587336,1.0,6.123233995736766e-17,0.9741004551724205,0.22611568550828828,151.8,167.7
2019-03-20,Andhra Pradesh,SR,14.7504291,78.57002559,151.8,2019,3,2,79,0,0,32.1,44,151.3,182.7,150.5,153.24785714285716,7.078361308206806,178.2745,0.9749279121818236,-0.22252093395631434,1.0,6.123233995736766e-17,0.9778483415056568,0.20931464596304847,157.9,170.0
2019-03-21,Andhra Pradesh,SR,14.7504291,78.57002559,157.9,2019,3,3,80,0,1,32.4,38,151.8,167.9,159.5,151.81928571428574,3.943150631760977,178.22116666666668,0.43388373911755823,-0.900968867902419,1.0,6.123233995736766e-17,0.9813064702716093,0.19245158197082998,169.5,151.7
2019-03-22,Andhra Pradesh,SR,14.7504291,78.57002559,169.5,2019,3,4,81,0,0,32.2,44,157.9,148.6,160.8,154.805,7.451320352796238,178.51116666666667,-0.433883739117558,-0.9009688679024191,1.0,6.123233995736766e-17,0.9844738167520922,0.1755314904214282,169.5,197.7
2019-03-23,Andhra Pradesh,SR,14.7504291,78.57002559,169.5,2019,3,5,82,1,0,32.9,45,169.5,150.9,159.1,157.46214285714288,8.985211858540287,178.85783333333336,-0.9749279121818236,-0.2225209339563146,1.0,6.123233995736766e-17,0.9873494423939864,0.15855938510313475,169.9,197.6
2019-03-24,Andhra Pradesh,SR,14.7504291,78.57002559,169.9,2019,3,6,83,1,0,32.9,46,169.5,155.8,197.0,159.47642857142858,10.065951981095006,177.9545,-0.7818314824680299,0.6234898018587334,1.0,6.123233995736766e-17,0.989932495087353,0.141540295217043,168.6,198.1
2019-03-25,Andhra Pradesh,SR,14.7504291,78.57002559,168.6,2019,3,0,84,0,0,32.9,42,169.9,146.435,201.0,162.64285714285714,8.669074757023026,176.8745,0.0,1.0,1.0,6.123233995736766e-17,0.9922222094179323,0.12447926388678915,167.7,198.8
2019-03-26,Andhra Pradesh,SR,14.7504291,78.57002559,167.7,2019,3,1,85,0,0,32.9,37,168.6,151.3,197.1,164.9857142857143,7.181092899976463,175.8945,0.7818314824680298,0.6234898018587336,1.0,6.123233995736766e-17,0.994217906893952,0.10738134666416309,170.0,199.6
2019-03-27,Andhra Pradesh,SR,14.7504291,78.57002559,170.0,2019,3,2,86,0,0,33.1,31,167.7,151.8,183.2,167.58571428571426,4.346810543922927,175.4545,0.9749279121818236,-0.22252093395631434,1.0,6.123233995736766e-17,0.995918996147179,0.09025161003104117,151.7,200.4
2019-03-28,Andhra Pradesh,SR,14.7504291,78.57002559,151.7,2019,3,3,87,0,0,32.8,40,170.0,157.9,196.3,166.70000000000002,6.663582619982349,173.96783333333332,0.43388373911755823,-0.900968867902419,1.0,6.123233995736766e-17,0.9973249731081555,0.07309512989807777,197.7,196.7
2019-03-29,Andhra Pradesh,SR,14.7504291,78.57002559,197.7,2019,3,4,88,0,0,33.7,40,151.7,169.5,197.3,170.72857142857143,13.576783404733458,173.98116666666664,-0.433883739117558,-0.9009688679024191,1.0,6.123233995736766e-17,0.9984354211555643,0.055916990100603484,197.6,190.1
2019-03-30,Andhra Pradesh,SR,14.7504291,78.57002559,197.6,2019,3,5,89,1,0,34.2,37,197.7,169.5,194.2,174.74285714285716,16.900380384561057,174.0945,-0.9749279121818236,-0.2225209339563146,1.0,6.123233995736766e-17,0.9992500112396835,0.03872228089217446,198.1,194.2
2019-03-31,Andhra Pradesh,SR,14.7504291,78.57002559,198.1,2019,3,6,90,1,0,34.2,33,197.6,169.9,182.9,178.77142857142854,18.807065541591385,174.6011666666667,-0.7818314824680299,0.6234898018587334,1.0,6.123233995736766e-17,0.9997685019798909,0.021516097436222254,198.8,199.6
2019-04-02,Andhra Pradesh,SR,14.7504291,78.57002559,198.8,2019,4,1,92,0,0,34.5,36,198.1,168.6,187.8,183.08571428571426,19.534706598891177,174.96783333333332,0.7818314824680298,0.6234898018587336,0.8660254037844387,-0.4999999999999998,0.9999166586547379,-0.01291029607500882,199.6,196.8
2019-04-03,Andhra Pradesh,SR,14.7504291,78.57002559,199.6,2019,4,2,93,0,0,33.9,43,198.8,167.7,191.0,187.64285714285714,19.062428766455543,175.2545,0.9749279121818236,-0.22252093395631434,0.8660254037844387,-0.4999999999999998,0.9995462806873573,-0.030120304846908114,200.4,192.9
2019-04-04,Andhra Pradesh,SR,14.7504291,78.57002559,200.4,2019,4,3,94,0,0,33.8,37,199.6,170.0,191.8,191.98571428571427,17.79376562839067,175.54116666666667,0.43388373911755823,-0.900968867902419,0.8660254037844387,-0.4999999999999998,0.9988797155850336,-0.04732138832243185,196.7,190.8
2019-04-05,Andhra Pradesh,SR,14.7504291,78.57002559,196.7,2019,4,4,95,0,0,34.3,35,200.4,151.7,190.0,198.41428571428568,1.2720437249160168,175.76450000000003,-0.433883739117558,-0.9009688679024191,0.8660254037844387,-0.4999999999999998,0.9979171608653922,-0.06450844944931623,190.1,189.7
2019-04-06,Andhra Pradesh,SR,14.7504291,78.57002559,190.1,2019,4,5,96,1,0,34.5,35,196.7,197.7,188.6,197.32857142857145,3.4174621605879465,175.81449999999998,-0.9749279121818236,-0.2225209339563146,0.8660254037844387,-0.4999999999999998,0.9966589017541702,-0.08167639533042241,194.2,176.2
2019-04-07,Andhra Pradesh,SR,14.7504291,78.57002559,194.2,2019,4,6,97,1,0,34.9,31,190.1,197.6,182.7,196.84285714285713,3.608719598813392,176.1978333333333,-0.7818314824680299,0.6234898018587334,0.8660254037844387,-0.4999999999999998,0.9951053111006976,-0.09882013873287143,199.6,178.1
2019-04-08,Andhra Pradesh,SR,14.7504291,78.57002559,199.6,2019,4,0,98,0,0,34.2,40,194.2,198.1,175.5,197.05714285714288,3.738028510172165,177.00116666666665,0.0,1.0,0.8660254037844387,-0.4999999999999998,0.9932568492674143,-0.11593459959550041,196.8,179.0
2019-04-09,Andhra Pradesh,SR,14.7504291,78.57002559,196.8,2019,4,1,99,0,0,34.0,45,199.6,198.8,184.6,196.77142857142857,3.658193673438255,177.40783333333334,0.7818314824680298,0.6234898018587336,0.8660254037844387,-0.4999999999999998,0.9911140639934547,-0.1330147065341959,192.9,178.2
2019-04-10,Andhra Pradesh,SR,14.7504291,78.57002559,192.9,2019,4,2,100,0,0,34.4,46,196.8,199.6,187.2,195.8142857142857,3.6712525434921757,177.5978333333333,0.9749279121818236,-0.22252093395631434,0.8660254037844387,-0.4999999999999998,0.9886775902323405,-0.1500553983446526,190.8,185.0
2019-04-11,Andhra Pradesh,SR,14.7504291,78.57002559,190.8,2019,4,3,101,0,0,34.7,40,192.9,200.4,194.8,194.44285714285715,3.459699959465567,177.46450000000002,0.43388373911755823,-0.900968867902419,0.8660254037844387,-0.4999999999999998,0.9859481499638304,-0.16705162550211924,189.7,184.6
2019-04-12,Andhra Pradesh,SR,14.7504291,78.57002559,189.7,2019,4,4,102,0,0,35.1,39,190.8,196.7,190.4,193.44285714285712,3.7017370439915402,177.44116666666665,-0.433883739117558,-0.9009688679024191,0.8660254037844387,-0.4999999999999998,0.9829265519799822,-0.18399835165768005,176.2,174.3
2019-04-13,Andhra Pradesh,SR,14.7504291,78.57002559,176.2,2019,4,5,103,1,1,35.0,35,189.7,190.1,182.7,191.45714285714286,7.5361035782995245,177.22449999999998,-0.9749279121818236,-0.2225209339563146,0.8660254037844387,-0.4999999999999998,0.9796136916454901,-0.20089055513063506,178.1,195.0
2019-04-14,Andhra Pradesh,SR,14.7504291,78.57002559,178.1,2019,4,6,104,1,1,35.4,33,176.2,194.2,167.9,189.15714285714287,8.893978701506903,177.5645,-0.7818314824680299,0.6234898018587334,0.8660254037844387,-0.4999999999999998,0.9760105506323683,-0.21772323039653177,179.0,197.6
2019-04-15,Andhra Pradesh,SR,14.7504291,78.57002559,179.0,2019,4,0,105,0,0,35.0,30,178.1,199.6,148.6,186.21428571428572,8.247308363223471,178.57783333333333,0.0,1.0,0.8660254037844387,-0.4999999999999998,0.9721181966290613,-0.23449138957040985,178.2,201.2
2019-04-16,Andhra Pradesh,SR,14.7504291,78.57002559,178.2,2019,4,1,106,0,0,34.7,34,179.0,196.8,150.9,183.55714285714285,7.197883286739491,179.48783333333333,0.7818314824680298,0.6234898018587336,0.8660254037844387,-0.4999999999999998,0.9679377830240642,-0.25119006388481935,185.0,199.0
2019-04-17,Andhra Pradesh,SR,14.7504291,78.57002559,185.0,2019,4,2,107,0,1,34.7,39,178.2,192.9,155.8,182.42857142857142,6.010189760097471,180.46116666666666,0.9749279121818236,-0.22252093395631434,0.8660254037844387,-0.4999999999999998,0.9634705485641488,-0.2678143051621742,184.6,200.7
2019-04-18,Andhra Pradesh,SR,14.7504291,78.57002559,184.6,2019,4,3,108,0,0,34.3,45,185.0,190.8,146.435,181.54285714285714,4.930806946419255,181.73333333333332,0.43388373911755823,-0.900968867902419,0.8660254037844387,-0.4999999999999998,0.9587178169872964,-0.2843591872810034,174.3,200.8
2019-04-19,Andhra Pradesh,SR,14.7504291,78.57002559,174.3,2019,4,4,109,0,1,33.6,48,184.6,189.7,151.3,179.34285714285713,4.039743037560985,182.5,-0.433883739117558,-0.9009688679024191,0.8660254037844387,-0.4999999999999998,0.9536809966304457,-0.30081980763566735,195.0,194.0
2019-04-20,Andhra Pradesh,SR,14.7504291,78.57002559,195.0,2019,4,5,110,1,0,34.1,44,174.3,176.2,151.8,182.02857142857144,6.864088744015025,183.94000000000003,-0.9749279121818236,-0.2225209339563146,0.8660254037844387,-0.4999999999999998,0.9483615800121715,-0.3171912885891061,197.6,166.1
2019-04-21,Andhra Pradesh,SR,14.7504291,78.57002559,197.6,2019,4,6,111,1,0,34.6,41,195.0,178.1,157.9,184.8142857142857,8.712142593612029,185.26333333333332,-0.7818314824680299,0.6234898018587334,0.8660254037844387,-0.4999999999999998,0.9427611433904207,-0.3334687789181868,201.2,167.7
2019-04-22,Andhra Pradesh,SR,14.7504291,78.57002559,201.2,2019,4,0,112,0,0,33.3,47,197.6,179.0,169.5,187.98571428571427,10.162747097681315,186.32,0.0,1.0,0.8660254037844387,-0.4999999999999998,0.9368813462954315,-0.3496474552512284,199.0,164.5
2019-04-23,Andhra Pradesh,SR,14.7504291,78.57002559,199.0,2019,4,1,113,0,0,33.8,45,201.2,178.2,169.5,190.95714285714286,9.861010283410435,187.3033333333333,0.7818314824680298,0.6234898018587336,0.8660254037844387,-0.4999999999999998,0.9307239310379795,-0.36572252349726897,200.7,168.2
2019-04-24,Andhra Pradesh,SR,14.7504291,78.57002559,200.7,2019,4,2,114,0,0,34.1,43,199.0,185.0,169.9,193.20000000000002,10.063630888832822,188.32999999999998,0.9749279121818236,-0.22252093395631434,0.8660254037844387,-0.4999999999999998,0.9242907221930933,-0.3816892202666588,200.8,172.6
2019-04-25,Andhra Pradesh,SR,14.7504291,78.57002559,200.8,2019,4,3,115,0,0,34.8,36,200.7,184.6,168.6,195.5142857142857,9.608750971801674,189.4033333333333,0.43388373911755823,-0.900968867902419,0.8660254037844387,-0.4999999999999998,0.9175836260593937,-0.39754281428255595,194.0,170.1
2019-04-26,Andhra Pradesh,SR,14.7504291,78.57002559,194.0,2019,4,4,116,0,0,35.5,35,200.8,174.3,167.7,198.32857142857142,2.909017179802593,190.28,-0.433883739117558,-0.9009688679024191,0.8660254037844387,-0.4999999999999998,0.9106046300942162,-0.4132786077829042,166.1,163.0
2019-04-27,Andhra Pradesh,SR,14.7504291,78.57002559,166.1,2019,4,5,117,1,0,35.7,39,194.0,195.0,170.0,194.20000000000002,12.642916330235574,190.15,-0.9749279121818236,-0.2225209339563146,0.8660254037844387,-0.4999999999999998,0.9033558023246845,-0.4288919379124835,167.7,158.1
2019-04-28,Andhra Pradesh,SR,14.7504291,78.57002559,167.7,2019,4,6,118,1,0,35.8,37,166.1,197.6,151.7,189.92857142857142,15.92709581035988,190.68333333333334,-0.7818314824680299,0.6234898018587334,0.8660254037844387,-0.4999999999999998,0.895839290734909,-0.4443781781046132,164.5,153.1
2019-04-29,Andhra Pradesh,SR,14.7504291,78.57002559,164.5,2019,4,0,119,0,0,35.8,38,167.7,201.2,197.7,184.68571428571428,17.555571629488327,189.57666666666668,0.0,1.0,0.8660254037844387,-0.4999999999999998,0.8880573226294932,-0.45973273945210397,168.2,153.9
2019-04-30,Andhra Pradesh,SR,14.7504291,78.57002559,168.2,2019,4,1,120,0,0,35.4,43,164.5,199.0,197.6,180.28571428571428,17.226668140940475,188.59666666666666,0.7818314824680298,0.6234898018587336,0.8660254037844387,-0.4999999999999998,0.8800122039735357,-0.47495107206704995,172.6,147.7
2019-05-02,Andhra Pradesh,SR,14.7504291,78.57002559,172.6,2019,5,3,122,0,0,35.9,29,168.2,200.7,198.1,176.27142857142854,14.776525785370222,187.74666666666664,0.43388373911755823,-0.900968867902419,0.49999999999999994,-0.8660254037844387,0.8631421280499114,-0.5049610547215204,170.1,149.7
2019-05-03,Andhra Pradesh,SR,14.7504291,78.57002559,170.1,2019,5,4,123,0,0,35.3,29,172.6,200.8,198.8,171.8857142857143,10.09842043282464,186.79,-0.433883739117558,-0.9009688679024191,0.49999999999999994,-0.8660254037844387,0.854322169749827,-0.5197438121555155,163.0,154.2
2019-05-04,Andhra Pradesh,SR,14.7504291,78.57002559,163.0,2019,5,5,124,1,0,35.0,29,170.1,194.0,199.6,167.45714285714286,3.278646642978952,185.57,-0.9749279121818236,-0.2225209339563146,0.49999999999999994,-0.8660254037844387,0.8452490573530633,-0.5343725582809786,158.1,160.0
2019-05-05,Andhra Pradesh,SR,14.7504291,78.57002559,158.1,2019,5,6,125,1,0,35.5,25,163.0,166.1,200.4,166.31428571428572,4.848858481273871,184.16,-0.7818314824680299,0.6234898018587334,0.49999999999999994,-0.8660254037844387,0.8359254794186372,-0.548842958284719,153.1,165.3
2019-05-06,Andhra Pradesh,SR,14.7504291,78.57002559,153.1,2019,5,0,126,0,0,36.4,25,158.1,167.7,196.7,164.22857142857143,6.871611719170397,182.70666666666665,0.0,1.0,0.49999999999999994,-0.8660254037844387,0.8263541987239096,-0.5631507242749186,153.9,168.2
2019-05-07,Andhra Pradesh,SR,14.7504291,78.57002559,153.9,2019,5,1,127,0,0,36.6,30,153.1,164.5,190.1,162.71428571428572,7.893758836664595,181.5,0.7818314824680298,0.6234898018587336,0.49999999999999994,-0.8660254037844387,0.8165380514459161,-0.5772916165517272,147.7,175.2
2019-05-08,Andhra Pradesh,SR,14.7504291,78.57002559,147.7,2019,5,2,128,0,0,36.0,33,153.9,168.2,194.2,159.78571428571428,9.212026301059907,179.95,0.9749279121818236,-0.22252093395631434,0.49999999999999994,-0.8660254037844387,0.8064799463209448,-0.5912614448635781,149.7,174.1
2019-05-09,Andhra Pradesh,SR,14.7504291,78.57002559,149.7,2019,5,3,129,0,0,36.0,33,147.7,172.6,199.6,156.5142857142857,7.871558204791377,178.28666666666666,0.43388373911755823,-0.900968867902419,0.49999999999999994,-0.8660254037844387,0.7961828637826158,-0.6050560696488488,154.2,158.7
2019-05-10,Andhra Pradesh,SR,14.7504291,78.57002559,154.2,2019,5,4,130,0,0,37.0,25,149.7,170.1,196.8,154.24285714285716,5.106158746342133,176.86666666666667,-0.433883739117558,-0.9009688679024191,0.49999999999999994,-0.8660254037844387,0.7856498550787147,-0.6186714032625031,160.0,154.9
2019-05-11,Andhra Pradesh,SR,14.7504291,78.57002559,160.0,2019,5,5,131,1,0,37.5,31,154.2,163.0,192.9,153.81428571428572,4.312937348422478,175.77,-0.9749279121818236,-0.2225209339563146,0.49999999999999994,-0.8660254037844387,0.7748840413670407,-0.6321034111873487,165.3,151.0
2019-05-12,Andhra Pradesh,SR,14.7504291,78.57002559,165.3,2019,5,6,132,1,0,35.1,46,160.0,158.1,190.8,154.84285714285716,6.024355330062001,174.92,-0.7818314824680299,0.6234898018587334,0.49999999999999994,-0.8660254037844387,0.7638886127905428,-0.6453481132295501,168.2,177.6
2019-05-13,Andhra Pradesh,SR,14.7504291,78.57002559,168.2,2019,5,0,133,0,0,34.8,46,165.3,153.1,189.7,157.0,7.751988992079598,174.20333333333335,0.0,1.0,0.49999999999999994,-0.8660254037844387,0.7526668275320085,-0.6584015846980488,175.2,178.2
2019-05-14,Andhra Pradesh,SR,14.7504291,78.57002559,175.2,2019,5,1,134,0,0,35.9,36,168.2,153.9,176.2,160.04285714285714,10.143775947652893,174.17000000000002,0.7818314824680298,0.6234898018587336,0.49999999999999994,-0.8660254037844387,0.7412220108485958,-0.6712599575675313,174.1,186.1
2019-05-15,Andhra Pradesh,SR,14.7504291,78.57002559,174.1,2019,5,2,135,0,0,36.4,37,175.2,147.7,178.1,163.8142857142857,9.687350613287094,174.03666666666666,0.9749279121818236,-0.22252093395631434,0.49999999999999994,-0.8660254037844387,0.7295575540864875,-0.6839194216246106,158.7,189.3
2019-05-16,Andhra Pradesh,SR,14.7504291,78.57002559,158.7,2019,5,3,136,0,0,36.1,39,174.1,149.7,179.0,165.1,7.941872155438268,173.36,0.43388373911755823,-0.900968867902419,0.49999999999999994,-0.8660254037844387,0.717676913675962,-0.6963762255968722,154.9,193.3
2019-05-17,Andhra Pradesh,SR,14.7504291,78.57002559,154.9,2019,5,4,137,0,0,36.2,39,158.7,154.2,178.2,165.2,7.784600182410931,172.58333333333334,-0.433883739117558,-0.9009688679024191,0.49999999999999994,-0.8660254037844387,0.705583610107178,-0.7086266782644596,151.0,193.3
2019-05-18,Andhra Pradesh,SR,14.7504291,78.57002559,151.0,2019,5,5,138,1,1,36.6,39,154.9,160.0,185.0,163.91428571428568,9.36864070030549,171.45,-0.9749279121818236,-0.2225209339563146,0.49999999999999994,-0.8660254037844387,0.6932812268869777,-0.7206671495538609,177.6,189.0
2019-05-19,Andhra Pradesh,SR,14.7504291,78.57002559,177.6,2019,5,6,139,1,0,37.8,32,151.0,165.3,184.6,165.67142857142858,10.726868801551861,171.21666666666667,-0.7818314824680299,0.6234898018587334,0.49999999999999994,-0.8660254037844387,0.6807734094770161,-0.7324940716135789,178.2,176.7
2019-05-20,Andhra Pradesh,SR,14.7504291,78.57002559,178.2,2019,5,0,140,0,0,37.7,32,177.6,168.2,174.3,167.09999999999997,11.737972567696376,171.3466666666667,0.0,1.0,0.49999999999999994,-0.8660254037844387,0.6680638642135335,-0.7441039398713607,186.1,181.4
2019-05-21,Andhra Pradesh,SR,14.7504291,78.57002559,186.1,2019,5,1,141,0,0,36.8,33,178.2,175.2,195.0,168.65714285714284,13.57139849620702,171.04999999999998,0.7818314824680298,0.6234898018587336,0.49999999999999994,-0.8660254037844387,0.6551563572090853,-0.7554933140726803,189.3,175.4
2019-05-22,Andhra Pradesh,SR,14.7504291,78.57002559,189.3,2019,5,2,142,0,0,36.7,35,186.1,174.1,197.6,170.82857142857142,15.644990069850088,170.77333333333334,0.9749279121818236,-0.22252093395631434,0.49999999999999994,-0.8660254037844387,0.6420547132365637,-0.766658819300159,193.3,162.1
2019-05-23,Andhra Pradesh,SR,14.7504291,78.57002559,193.3,2019,5,3,143,0,0,36.3,37,189.3,158.7,201.2,175.77142857142854,16.610409816910263,170.51000000000002,0.43388373911755823,-0.900968867902419,0.49999999999999994,-0.8660254037844387,0.6287628145958344,-0.7775971469736269,193.3,159.7
2019-05-24,Andhra Pradesh,SR,14.7504291,78.57002559,193.3,2019,5,4,144,0,0,36.3,40,193.3,154.9,199.0,181.2571428571429,14.812253614587249,170.32000000000002,-0.433883739117558,-0.9009688679024191,0.49999999999999994,-0.8660254037844387,0.6152845999633276,-0.7883050558305255,189.0,160.4
2019-05-25,Andhra Pradesh,SR,14.7504291,78.57002559,189.0,2019,5,5,145,1,0,36.6,37,193.3,151.0,200.7,186.6857142857143,6.51394109364107,169.93,-0.9749279121818236,-0.2225209339563146,0.49999999999999994,-0.8660254037844387,0.6016240632249226,-0.7987793728863649,176.7,161.0
2019-05-26,Andhra Pradesh,SR,14.7504291,78.57002559,176.7,2019,5,6,146,1,0,37.2,35,189.0,177.6,200.8,186.55714285714285,6.728510767090618,169.12666666666667,-0.7818314824680299,0.6234898018587334,0.49999999999999994,-0.8660254037844387,0.5877852522924732,-0.8090169943749473,181.4,152.5
2019-05-27,Andhra Pradesh,SR,14.7504291,78.57002559,181.4,2019,5,0,147,0,0,37.1,36,176.7,178.2,194.0,187.0142857142857,6.149912891368943,168.70666666666665,0.0,1.0,0.49999999999999994,-0.8660254037844387,0.5737722679043246,-0.8190148866680801,175.4,146.7
2019-05-28,Andhra Pradesh,SR,14.7504291,78.57002559,175.4,2019,5,1,148,0,0,37.7,36,181.4,186.1,166.1,185.4857142857143,7.57879246569612,169.01666666666668,0.7818314824680298,0.6234898018587336,0.49999999999999994,-0.8660254037844387,0.5595892624101765,-0.8287700871745038,162.1,146.435
2019-05-29,Andhra Pradesh,SR,14.7504291,78.57002559,162.1,2019,5,2,149,0,0,37.1,34,175.4,189.3,167.7,181.6,11.337842240332282,168.82999999999998,0.9749279121818236,-0.22252093395631434,0.49999999999999994,-0.8660254037844387,0.545240438540651,-0.8382797052177744,159.7,146.6
2019-05-30,Andhra Pradesh,SR,14.7504291,78.57002559,159.7,2019,5,3,150,0,0,36.9,35,162.1,193.3,164.5,176.8,12.601058156625655,168.67000000000002,0.43388373911755823,-0.900968867902419,0.49999999999999994,-0.8660254037844387,0.5307300481619334,-0.8475409228928311,160.4,151.4
2019-05-31,Andhra Pradesh,SR,14.7504291,78.57002559,160.4,2019,5,4,151,0,0,36.7,38,159.7,193.3,168.2,172.09999999999997,11.50941643467038,168.41,-0.433883739117558,-0.9009688679024191,0.49999999999999994,-0.8660254037844387,0.5160623910158528,-0.8565509959010036,161.0,149.8
2019-06-02,Andhra Pradesh,SR,14.7504291,78.57002559,161.0,2019,6,6,153,1,0,35.4,42,160.4,189.0,172.6,168.1,9.313073248575154,168.02333333333334,-0.7818314824680299,0.6234898018587334,1.2246467991473532e-16,-1.0,0.48627270710868997,-0.8738071036110808,152.5,146.435
2019-06-03,Andhra Pradesh,SR,14.7504291,78.57002559,152.5,2019,6,0,154,0,0,34.6,43,161.0,176.7,170.1,164.64285714285714,10.051012742149371,167.43666666666667,0.0,1.0,1.2246467991473532e-16,-1.0,0.4711595076738638,-0.8820480249558537,146.7,165.2
2019-06-04,Andhra Pradesh,SR,14.7504291,78.57002559,146.7,2019,6,1,155,0,0,34.9,42,152.5,181.4,163.0,159.68571428571428,8.900080256459436,166.89333333333335,0.7818314824680298,0.6234898018587336,1.2246467991473532e-16,-1.0,0.4559066935084588,-0.8900275764346767,146.435,166.6
2019-06-05,Andhra Pradesh,SR,14.7504291,78.57002559,146.435,2019,6,2,156,0,1,36.5,40,146.7,175.4,158.1,155.54785714285714,6.880627307364235,166.5045,0.9749279121818236,-0.22252093395631434,1.2246467991473532e-16,-1.0,0.440518784350495,-0.8977433935342337,146.6,167.5
2019-06-06,Andhra Pradesh,SR,14.7504291,78.57002559,146.6,2019,6,3,157,0,0,35.6,43,146.435,162.1,153.1,153.33357142857145,6.914602130205057,166.2878333333333,0.43388373911755823,-0.900968867902419,1.2246467991473532e-16,-1.0,0.42500033996955416,-0.9051931898913974,151.4,169.7
2019-06-07,Andhra Pradesh,SR,14.7504291,78.57002559,151.4,2019,6,4,158,0,0,34.5,50,146.6,159.7,153.9,152.14785714285713,6.327666669174259,166.2045,-0.433883739117558,-0.9009688679024191,1.2246467991473532e-16,-1.0,0.4093559588156213,-0.9123747579707273,149.8,169.7
2019-06-08,Andhra Pradesh,SR,14.7504291,78.57002559,149.8,2019,6,5,159,1,0,34.4,51,151.4,160.4,147.7,150.63357142857143,5.189722788264857,166.27450000000002,-0.9749279121818236,-0.2225209339563146,1.2246467991473532e-16,-1.0,0.39359027665646673,-0.9192859697186104,146.435,168.6
2019-06-09,Andhra Pradesh,SR,14.7504291,78.57002559,146.435,2019,6,6,160,1,0,33.3,55,149.8,161.0,149.7,148.55285714285714,2.6286527872995786,166.16566666666668,-0.7818314824680299,0.6234898018587334,1.2246467991473532e-16,-1.0,0.3777079652039649,-0.9259247771938498,165.2,162.7
2019-06-10,Andhra Pradesh,SR,14.7504291,78.57002559,165.2,2019,6,0,161,0,0,33.6,51,146.435,152.5,154.2,150.36714285714285,6.830872233922859,166.5323333333333,0.0,1.0,1.2246467991473532e-16,-1.0,0.36171373072976765,-0.9322892131745133,166.6,193.1
2019-06-11,Andhra Pradesh,SR,14.7504291,78.57002559,166.6,2019,6,1,162,0,0,34.3,44,165.2,146.7,160.0,153.21,8.883033922408226,166.75233333333333,0.7818314824680298,0.6234898018587336,1.2246467991473532e-16,-1.0,0.3456123126707335,-0.9383773917408641,167.5,201.7
2019-06-12,Andhra Pradesh,SR,14.7504291,78.57002559,167.5,2019,6,2,163,0,0,33.5,48,166.6,146.435,165.3,156.2192857142857,9.732784985368689,166.82566666666668,0.9749279121818236,-0.22252093395631434,1.2246467991473532e-16,-1.0,0.3294084822245304,-0.9441875088341993,169.7,202.5
2019-06-13,Andhra Pradesh,SR,14.7504291,78.57002559,169.7,2019,6,3,164,0,0,33.0,50,167.5,146.6,168.2,159.5192857142857,9.8432008803752,166.87566666666666,0.43388373911755823,-0.900968867902419,1.2246467991473532e-16,-1.0,0.3131070409358269,-0.9497178427914316,169.7,202.5
2019-06-14,Andhra Pradesh,SR,14.7504291,78.57002559,169.7,2019,6,4,165,0,0,33.9,46,169.7,151.4,175.2,162.13357142857143,9.757171172307347,166.69233333333332,-0.433883739117558,-0.9009688679024191,1.2246467991473532e-16,-1.0,0.29671281927349075,-0.9549667548552551,168.6,199.9
2019-06-15,Andhra Pradesh,SR,14.7504291,78.57002559,168.6,2019,6,5,166,1,0,34.5,43,169.7,149.8,174.1,164.8192857142857,8.27063703137515,166.50900000000001,-0.9749279121818236,-0.2225209339563146,1.2246467991473532e-16,-1.0,0.28023067519921585,-0.9599326896597447,162.7,201.0
2019-06-16,Andhra Pradesh,SR,14.7504291,78.57002559,162.7,2019,6,6,167,1,0,34.5,41,168.6,146.435,158.7,167.14285714285714,2.5539884774309023,166.6423333333333,-0.7818314824680299,0.6234898018587334,1.2246467991473532e-16,-1.0,0.26366549272800704,-0.9646141756912435,193.1,199.1
2019-06-17,Andhra Pradesh,SR,14.7504291,78.57002559,193.1,2019,6,0,168,0,0,34.2,40,162.7,165.2,154.9,171.12857142857143,9.982770872143064,167.91566666666668,0.0,1.0,1.2246467991473532e-16,-1.0,0.24702218048093552,-0.9690098257244062,201.7,177.3
2019-06-18,Andhra Pradesh,SR,14.7504291,78.57002559,201.7,2019,6,1,169,0,0,34.3,41,193.1,166.6,151.0,176.14285714285714,14.92222694985075,169.60566666666668,0.7818314824680298,0.6234898018587336,1.2246467991473532e-16,-1.0,0.23030567023061221,-0.9731183372332619,202.5,180.6
2019-06-19,Andhra Pradesh,SR,14.7504291,78.57002559,202.5,2019,6,2,170,0,0,34.5,43,201.7,167.5,177.6,181.14285714285714,17.229031424009882,170.43566666666666,0.9749279121818236,-0.22252093395631434,1.2246467991473532e-16,-1.0,0.21352091543979612,-0.9769384927771817,202.5,182.4
2019-06-20,Andhra Pradesh,SR,14.7504291,78.57002559,202.5,2019,6,3,171,0,0,33.8,46,202.5,169.7,178.2,185.82857142857142,18.039467313431913,171.24566666666666,0.43388373911755823,-0.900968867902419,1.2246467991473532e-16,-1.0,0.19667288979357647,-0.980469160361632,199.9,184.3
2019-06-21,Andhra Pradesh,SR,14.7504291,78.57002559,199.9,2019,6,4,172,0,0,32.2,50,202.5,169.7,186.1,190.14285714285714,17.12754673451092,171.70566666666667,-0.433883739117558,-0.9009688679024191,1.2246467991473532e-16,-1.0,0.1797665857255624,-0.9837092937736097,201.0,182.8
2019-06-22,Andhra Pradesh,SR,14.7504291,78.57002559,201.0,2019,6,5,173,1,0,31.1,59,199.9,168.6,189.3,194.77142857142857,14.513983405175644,172.09566666666666,-0.9749279121818236,-0.2225209339563146,1.2246467991473532e-16,-1.0,0.16280701293851715,-0.986657932891657,199.1,183.0
2019-06-23,Andhra Pradesh,SR,14.7504291,78.57002559,199.1,2019,6,6,174,1,0,30.2,68,201.0,162.7,193.3,199.97142857142856,3.2866975754367678,172.28900000000002,-0.7818314824680299,0.6234898018587334,1.2246467991473532e-16,-1.0,0.1457991969198751,-0.9893142039703663,177.3,178.7
2019-06-24,Andhra Pradesh,SR,14.7504291,78.57002559,177.3,2019,6,0,175,0,0,30.5,65,199.1,193.1,193.3,197.71428571428572,9.091466433131798,171.75566666666666,0.0,1.0,1.2246467991473532e-16,-1.0,0.12874817745258132,-0.99167731989929,180.6,164.3
2019-06-25,Andhra Pradesh,SR,14.7504291,78.57002559,180.6,2019,6,1,176,0,0,30.8,62,177.3,201.7,189.0,194.70000000000002,10.87305538169161,171.47566666666665,0.7818314824680298,0.6234898018587336,1.2246467991473532e-16,-1.0,0.11165900712169512,-0.993746580436178,182.4,161.9
2019-06-26,Andhra Pradesh,SR,14.7504291,78.57002559,182.4,2019,6,2,177,0,0,29.5,70,180.6,202.5,176.7,191.82857142857145,11.121108201031332,171.66566666666668,0.9749279121818236,-0.22252093395631434,1.2246467991473532e-16,-1.0,0.09453674981719912,-0.9955213724144752,184.3,159.9
2019-06-27,Andhra Pradesh,SR,14.7504291,78.57002559,184.3,2019,6,3,178,0,0,30.8,58,182.4,202.5,181.4,189.22857142857146,10.308202928689639,171.76233333333332,0.43388373911755823,-0.900968867902419,1.2246467991473532e-16,-1.0,0.07738647923346301,-0.9970011699250151,182.8,160.9
2019-06-28,Andhra Pradesh,SR,14.7504291,78.57002559,182.8,2019,6,4,179,0,0,31.3,54,184.3,199.9,175.4,186.78571428571428,9.338348992448251,172.009,-0.433883739117558,-0.9009688679024191,1.2246467991473532e-16,-1.0,0.06021327736579302,-0.9981855344718586,183.0,164.7
2019-06-29,Andhra Pradesh,SR,14.7504291,78.57002559,183.0,2019,6,5,180,1,0,30.3,58,182.8,201.0,162.1,184.21428571428572,6.942964921757762,172.70566666666667,-0.9749279121818236,-0.2225209339563146,1.2246467991473532e-16,-1.0,0.04302223300453059,-0.99907411510223,178.7,165.4
2019-06-30,Andhra Pradesh,SR,14.7504291,78.57002559,178.7,2019,6,6,181,1,0,29.9,62,183.0,199.1,159.7,181.3,2.536401650632186,173.33899999999997,-0.7818314824680299,0.6234898018587334,1.2246467991473532e-16,-1.0,0.02581844022713308,-0.9996666485105112,164.3,166.8
2019-07-01,Andhra Pradesh,SR,14.7504291,78.57002559,164.3,2019,7,0,182,0,0,30.4,60,178.7,177.3,160.4,179.44285714285715,6.921670593832083,173.469,0.0,1.0,-0.4999999999999997,-0.8660254037844388,0.008606996888688698,-0.9999629591162655,161.9,169.64999999999998
2019-07-02,Andhra Pradesh,SR,14.7504291,78.57002559,161.9,2019,7,1,183,0,0,32.3,51,164.3,180.6,161.0,176.77142857142857,9.521154391793907,173.499,0.7818314824680298,0.6234898018587336,-0.4999999999999997,-0.8660254037844388,-0.008606996888688009,-0.9999629591162655,159.9,169.7
2019-07-03,Andhra Pradesh,SR,14.7504291,78.57002559,159.9,2019,7,2,184,0,0,32.0,51,161.9,182.4,152.5,173.55714285714285,10.989063827711556,173.74566666666666,0.9749279121818236,-0.22252093395631434,-0.4999999999999997,-0.8660254037844388,-0.02581844022713239,-0.9996666485105112,160.9,169.95
2019-07-04,Andhra Pradesh,SR,14.7504291,78.57002559,160.9,2019,7,3,185,0,0,33.1,49,159.9,184.3,146.7,170.21428571428572,10.732571697318832,174.219,0.43388373911755823,-0.900968867902419,-0.4999999999999997,-0.8660254037844388,-0.04302223300453034,-0.99907411510223,164.7,167.1
2019-07-05,Andhra Pradesh,SR,14.7504291,78.57002559,164.7,2019,7,4,186,0,0,31.8,52,160.9,182.8,146.435,167.62857142857143,9.276621922106546,174.82783333333333,-0.433883739117558,-0.9009688679024191,-0.4999999999999997,-0.8660254037844388,-0.060213277365792774,-0.9981855344718586,165.4,170.7
2019-07-06,Andhra Pradesh,SR,14.7504291,78.57002559,165.4,2019,7,5,187,1,0,31.8,50,164.7,183.0,146.6,165.1142857142857,6.334674043554904,175.4545,-0.9749279121818236,-0.2225209339563146,-0.4999999999999997,-0.8660254037844388,-0.07738647923346322,-0.9970011699250151,166.8,168.6
2019-07-07,Andhra Pradesh,SR,14.7504291,78.57002559,166.8,2019,7,6,188,1,0,32.3,48,165.4,178.7,151.4,163.41428571428574,2.543245021245107,175.96783333333332,-0.7818314824680299,0.6234898018587334,-0.4999999999999997,-0.8660254037844388,-0.09453674981719933,-0.9955213724144752,169.64999999999998,169.6
2019-07-08,Andhra Pradesh,SR,14.7504291,78.57002559,169.64999999999998,2019,7,0,189,0,0,32.2,49,166.8,164.3,149.8,164.17857142857142,3.4837548161488807,176.62949999999998,0.0,1.0,-0.4999999999999997,-0.8660254037844388,-0.11165900712169444,-0.9937465804361781,169.7,169.3
2019-07-09,Andhra Pradesh,SR,14.7504291,78.57002559,169.7,2019,7,1,190,0,0,31.8,50,169.64999999999998,161.9,146.435,165.29285714285714,3.860529818066894,177.405,0.7818314824680298,0.6234898018587336,-0.4999999999999997,-0.8660254037844388,-0.12874817745258066,-0.99167731989929,169.95,167.3
2019-07-10,Andhra Pradesh,SR,14.7504291,78.57002559,169.95,2019,7,2,191,0,0,31.6,50,169.7,159.9,165.2,166.72857142857143,3.356567833225036,177.56333333333336,0.9749279121818236,-0.22252093395631434,-0.4999999999999997,-0.8660254037844388,-0.14579919691987442,-0.9893142039703664,167.1,192.4
2019-07-11,Andhra Pradesh,SR,14.7504291,78.57002559,167.1,2019,7,3,192,0,0,31.0,52,169.95,160.9,166.6,167.6142857142857,2.1707744942198595,177.57999999999998,0.43388373911755823,-0.900968867902419,-0.4999999999999997,-0.8660254037844388,-0.16280701293851646,-0.9866579328916572,170.7,196.9
2019-07-12,Andhra Pradesh,SR,14.7504291,78.57002559,170.7,2019,7,4,193,0,0,31.4,54,167.1,164.7,167.5,168.47142857142856,2.006625929026466,177.68666666666664,-0.433883739117558,-0.9009688679024191,-0.4999999999999997,-0.8660254037844388,-0.17976658572556214,-0.9837092937736098,168.6,197.8
2019-07-13,Andhra Pradesh,SR,14.7504291,78.57002559,168.6,2019,7,5,194,1,0,32.2,53,170.7,165.4,169.7,168.92857142857142,1.4876875632027278,177.65,-0.9749279121818236,-0.2225209339563146,-0.4999999999999997,-0.8660254037844388,-0.19667288979357622,-0.9804691603616321,169.6,193.1
2019-07-14,Andhra Pradesh,SR,14.7504291,78.57002559,169.6,2019,7,6,195,1,0,30.9,59,168.6,166.8,169.7,169.32857142857142,1.160408384596336,177.64666666666668,-0.7818314824680299,0.6234898018587334,-0.4999999999999997,-0.8660254037844388,-0.2135209154397959,-0.9769384927771817,169.3,196.4
2019-07-15,Andhra Pradesh,SR,14.7504291,78.57002559,169.3,2019,7,0,196,0,0,31.2,59,169.6,169.64999999999998,168.6,169.27857142857144,1.1517584898933775,177.67,0.0,1.0,-0.4999999999999997,-0.8660254037844388,-0.23030567023061196,-0.973118337233262,167.3,200.7
2019-07-16,Andhra Pradesh,SR,14.7504291,78.57002559,167.3,2019,7,1,197,0,0,30.9,59,169.3,169.7,162.7,168.93571428571428,1.3462027725256336,177.82333333333332,0.7818314824680298,0.6234898018587336,-0.4999999999999997,-0.8660254037844388,-0.24702218048093527,-0.9690098257244063,192.4,195.8
2019-07-17,Andhra Pradesh,SR,14.7504291,78.57002559,192.4,2019,7,2,198,0,0,31.2,58,167.3,169.95,193.1,172.14285714285714,9.022353193200289,177.8,0.9749279121818236,-0.22252093395631434,-0.4999999999999997,-0.8660254037844388,-0.2636654927280072,-0.9646141756912435,196.9,190.1
2019-07-18,Andhra Pradesh,SR,14.7504291,78.57002559,196.9,2019,7,3,199,0,0,30.4,65,192.4,167.1,201.7,176.40000000000003,12.576698029821987,177.64,0.43388373911755823,-0.900968867902419,-0.4999999999999997,-0.8660254037844388,-0.2802306751992161,-0.9599326896597445,197.8,192.8
2019-07-19,Andhra Pradesh,SR,14.7504291,78.57002559,197.8,2019,7,4,200,0,0,27.4,80,196.9,170.7,202.5,180.27142857142857,14.54644450094397,177.48333333333332,-0.433883739117558,-0.9009688679024191,-0.4999999999999997,-0.8660254037844388,-0.2967128192734901,-0.9549667548552553,193.1,187.7
2019-07-20,Andhra Pradesh,SR,14.7504291,78.57002559,193.1,2019,7,5,201,1,0,29.5,66,197.8,168.6,202.5,183.77142857142857,14.21380951583272,177.17,-0.9749279121818236,-0.2225209339563146,-0.4999999999999997,-0.8660254037844388,-0.3131070409358267,-0.9497178427914317,196.4,193.6
2019-07-21,Andhra Pradesh,SR,14.7504291,78.57002559,196.4,2019,7,6,202,1,0,29.9,67,193.1,169.6,199.9,187.6,13.343163043296604,177.05333333333334,-0.7818314824680299,0.6234898018587334,-0.4999999999999997,-0.8660254037844388,-0.3294084822245302,-0.9441875088341994,200.7,192.6
2019-07-22,Andhra Pradesh,SR,14.7504291,78.57002559,200.7,2019,7,0,203,0,0,28.5,74,196.4,169.3,201.0,192.08571428571432,11.285009019554465,177.04333333333335,0.0,1.0,-0.4999999999999997,-0.8660254037844388,-0.3456123126707333,-0.9383773917408642,195.8,191.9
2019-07-23,Andhra Pradesh,SR,14.7504291,78.57002559,195.8,2019,7,1,204,0,0,28.3,70,200.7,167.3,199.1,196.15714285714287,2.8147570308740697,176.93333333333334,0.7818314824680298,0.6234898018587336,-0.4999999999999997,-0.8660254037844388,-0.3617137307297674,-0.9322892131745134,190.1,190.2
2019-07-24,Andhra Pradesh,SR,14.7504291,78.57002559,190.1,2019,7,2,205,0,0,29.8,62,195.8,192.4,177.3,195.82857142857142,3.3998599410924935,177.35999999999999,0.9749279121818236,-0.22252093395631434,-0.4999999999999997,-0.8660254037844388,-0.37770796520396466,-0.9259247771938499,192.8,193.4
2019-07-25,Andhra Pradesh,SR,14.7504291,78.57002559,192.8,2019,7,3,206,0,0,29.6,65,190.1,196.9,180.6,195.2428571428571,3.534995116854931,177.76666666666668,0.43388373911755823,-0.900968867902419,-0.4999999999999997,-0.8660254037844388,-0.39359027665646645,-0.9192859697186105,187.7,197.0
2019-07-26,Andhra Pradesh,SR,14.7504291,78.57002559,187.7,2019,7,4,207,0,0,27.7,74,192.8,197.8,182.4,193.79999999999998,4.296510211787875,177.9433333333333,-0.433883739117558,-0.9009688679024191,-0.4999999999999997,-0.8660254037844388,-0.4093559588156211,-0.9123747579707274,193.6,202.5
2019-07-27,Andhra Pradesh,SR,14.7504291,78.57002559,193.6,2019,7,5,208,1,0,27.3,73,187.7,193.1,184.3,193.8714285714286,4.2870791477467645,178.25333333333336,-0.9749279121818236,-0.2225209339563146,-0.4999999999999997,-0.8660254037844388,-0.42500033996955394,-0.9051931898913975,192.6,195.3
2019-07-28,Andhra Pradesh,SR,14.7504291,78.57002559,192.6,2019,7,6,209,1,0,27.4,73,193.6,196.4,182.8,193.32857142857142,4.151993210380409,178.58,-0.7818314824680299,0.6234898018587334,-0.4999999999999997,-0.8660254037844388,-0.4405187843504952,-0.8977433935342336,191.9,183.0
2019-07-29,Andhra Pradesh,SR,14.7504291,78.57002559,191.9,2019,7,0,210,0,0,28.6,64,192.6,200.7,183.0,192.07142857142858,2.584385346469213,178.87666666666667,0.0,1.0,-0.4999999999999997,-0.8660254037844388,-0.455906693508459,-0.8900275764346766,190.2,183.0
2019-07-30,Andhra Pradesh,SR,14.7504291,78.57002559,190.2,2019,7,1,211,0,0,28.5,64,191.9,195.8,178.7,191.27142857142854,2.0491577828572973,179.26000000000002,0.7818314824680298,0.6234898018587336,-0.4999999999999997,-0.8660254037844388,-0.47115950767386394,-0.8820480249558535,193.4,169.6
2019-07-31,Andhra Pradesh,SR,14.7504291,78.57002559,193.4,2019,7,2,212,0,0,29.9,57,190.2,190.1,164.3,191.74285714285716,2.1133363376868277,180.23000000000002,0.9749279121818236,-0.22252093395631434,-0.4999999999999997,-0.8660254037844388,-0.4862727071086902,-0.8738071036110807,197.0,177.6
2019-08-01,Andhra Pradesh,SR,14.7504291,78.57002559,197.0,2019,8,3,213,0,0,29.8,58,193.4,192.8,161.9,192.34285714285716,2.9096718846267997,181.4,0.43388373911755823,-0.900968867902419,-0.8660254037844385,-0.5000000000000004,-0.5012418134457756,-0.8653072543632061,202.5,174.1
2019-08-02,Andhra Pradesh,SR,14.7504291,78.57002559,202.5,2019,8,4,214,0,0,27.3,69,197.0,187.7,159.9,194.45714285714286,4.105223153843728,182.82000000000002,-0.433883739117558,-0.9009688679024191,-0.8660254037844385,-0.5000000000000004,-0.5160623910158526,-0.8565509959010037,195.3,164.7
2019-08-03,Andhra Pradesh,SR,14.7504291,78.57002559,195.3,2019,8,5,215,1,0,28.8,59,202.5,193.6,160.9,194.7,4.096339829652507,183.96666666666667,-0.9749279121818236,-0.2225209339563146,-0.8660254037844385,-0.5000000000000004,-0.5307300481619331,-0.8475409228928312,183.0,175.5
2019-08-04,Andhra Pradesh,SR,14.7504291,78.57002559,183.0,2019,8,6,216,1,0,29.6,57,195.3,192.6,164.7,193.32857142857142,6.0552220674151735,184.57666666666665,-0.7818314824680299,0.6234898018587334,-0.8660254037844385,-0.5000000000000004,-0.5452404385406507,-0.8382797052177745,183.0,186.9
2019-08-05,Andhra Pradesh,SR,14.7504291,78.57002559,183.0,2019,8,0,217,0,0,27.7,70,183.0,191.9,165.4,192.05714285714285,7.2263077577363894,185.16333333333333,0.0,1.0,-0.8660254037844385,-0.5000000000000004,-0.5595892624101763,-0.828770087174504,169.6,192.3
2019-08-06,Andhra Pradesh,SR,14.7504291,78.57002559,169.6,2019,8,1,218,0,0,27.9,69,183.0,190.2,166.8,189.11428571428573,11.206906883915783,185.25666666666666,0.7818314824680298,0.6234898018587336,-0.8660254037844385,-0.5000000000000004,-0.5737722679043243,-0.8190148866680802,177.6,195.9
2019-08-08,Andhra Pradesh,SR,14.7504291,78.57002559,177.6,2019,8,3,220,0,0,29.3,63,169.6,193.4,169.64999999999998,186.85714285714286,11.776510114468858,185.52166666666668,0.43388373911755823,-0.900968867902419,-0.8660254037844385,-0.5000000000000004,-0.6016240632249227,-0.7987793728863648,174.1,193.5
2019-08-09,Andhra Pradesh,SR,14.7504291,78.57002559,174.1,2019,8,4,221,0,0,30.0,60,177.6,197.0,169.7,183.58571428571426,11.66953706185861,185.66833333333335,-0.433883739117558,-0.9009688679024191,-0.8660254037844385,-0.5000000000000004,-0.6152845999633277,-0.7883050558305253,164.7,197.3
2019-08-10,Andhra Pradesh,SR,14.7504291,78.57002559,164.7,2019,8,5,222,1,0,30.1,58,174.1,202.5,169.95,178.18571428571428,10.098420432824685,185.4933333333333,-0.9749279121818236,-0.2225209339563146,-0.8660254037844385,-0.5000000000000004,-0.6287628145958345,-0.7775971469736268,175.5,198.1
2019-08-11,Andhra Pradesh,SR,14.7504291,78.57002559,175.5,2019,8,6,223,1,0,30.1,56,164.7,195.3,167.1,175.35714285714286,6.710404146511534,185.77333333333334,-0.7818314824680299,0.6234898018587334,-0.8660254037844385,-0.5000000000000004,-0.6420547132365636,-0.7666588193001592,186.9,197.4
2019-08-12,Andhra Pradesh,SR,14.7504291,78.57002559,186.9,2019,8,0,224,0,1,30.4,58,175.5,183.0,170.7,175.91428571428574,7.5589744832279155,186.31333333333336,0.0,1.0,-0.8660254037844385,-0.5000000000000004,-0.655156357209085,-0.7554933140726804,192.3,194.6
2019-08-13,Andhra Pradesh,SR,14.7504291,78.57002559,192.3,2019,8,1,225,0,0,30.6,60,186.9,183.0,168.6,177.24285714285716,9.563447276454216,187.10333333333335,0.7818314824680298,0.6234898018587336,-0.8660254037844385,-0.5000000000000004,-0.6680638642135333,-0.7441039398713608,195.9,194.6
2019-08-14,Andhra Pradesh,SR,14.7504291,78.57002559,195.9,2019,8,2,226,0,0,30.7,59,192.3,169.6,169.6,181.0,11.102702373746505,187.98,0.9749279121818236,-0.22252093395631434,-0.8660254037844385,-0.5000000000000004,-0.6807734094770159,-0.7324940716135792,193.5,191.3
2019-08-15,Andhra Pradesh,SR,14.7504291,78.57002559,193.5,2019,8,3,227,0,1,30.8,58,195.9,177.6,169.3,183.27142857142857,11.889731463986513,188.7866666666667,0.43388373911755823,-0.900968867902419,-0.8660254037844385,-0.5000000000000004,-0.6932812268869771,-0.7206671495538615,197.3,155.9
2019-08-16,Andhra Pradesh,SR,14.7504291,78.57002559,197.3,2019,8,4,228,0,0,30.4,61,193.5,174.1,167.3,186.58571428571432,12.13801584162031,189.7866666666667,-0.433883739117558,-0.9009688679024191,-0.8660254037844385,-0.5000000000000004,-0.7055836101071774,-0.70862667826446,198.1,158.2
2019-08-17,Andhra Pradesh,SR,14.7504291,78.57002559,198.1,2019,8,5,229,1,0,29.6,64,197.3,164.7,192.4,191.35714285714286,7.939533391590974,189.97666666666663,-0.9749279121818236,-0.2225209339563146,-0.8660254037844385,-0.5000000000000004,-0.7176769136759615,-0.6963762255968726,197.4,160.2
2019-08-18,Andhra Pradesh,SR,14.7504291,78.57002559,197.4,2019,8,6,230,1,0,28.2,73,198.1,175.5,196.9,194.4857142857143,3.9742624353154983,189.99333333333334,-0.7818314824680299,0.6234898018587334,-0.8660254037844385,-0.5000000000000004,-0.7295575540864876,-0.6839194216246105,194.6,166.5
2019-08-19,Andhra Pradesh,SR,14.7504291,78.57002559,194.6,2019,8,0,231,0,0,29.0,71,197.4,186.9,197.8,195.58571428571426,2.18969447749224,189.88666666666666,0.0,1.0,-0.8660254037844385,-0.5000000000000004,-0.7412220108485957,-0.6712599575675315,194.6,167.6
2019-08-20,Andhra Pradesh,SR,14.7504291,78.57002559,194.6,2019,8,1,232,0,0,28.8,73,194.6,192.3,193.1,195.91428571428574,1.7410998166178575,189.93666666666667,0.7818314824680298,0.6234898018587336,-0.8660254037844385,-0.5000000000000004,-0.7526668275320083,-0.6584015846980489,191.3,167.4
2019-08-21,Andhra Pradesh,SR,14.7504291,78.57002559,191.3,2019,8,2,233,0,0,27.8,76,194.6,195.9,196.4,195.25714285714284,2.4649929971885407,189.76666666666668,0.9749279121818236,-0.22252093395631434,-0.8660254037844385,-0.5000000000000004,-0.7638886127905429,-0.64534811322955,155.9,164.8
2019-08-22,Andhra Pradesh,SR,14.7504291,78.57002559,155.9,2019,8,3,234,0,0,26.0,86,191.3,193.5,200.7,189.88571428571427,15.167885874595688,188.27333333333334,0.43388373911755823,-0.900968867902419,-0.8660254037844385,-0.5000000000000004,-0.7748840413670406,-0.6321034111873488,158.2,172.8
2019-08-23,Andhra Pradesh,SR,14.7504291,78.57002559,158.2,2019,8,4,235,0,0,27.7,73,155.9,197.3,195.8,184.29999999999998,18.757220831811154,187.01999999999998,-0.433883739117558,-0.9009688679024191,-0.8660254037844385,-0.5000000000000004,-0.7856498550787144,-0.6186714032625032,160.2,162.7
2019-08-24,Andhra Pradesh,SR,14.7504291,78.57002559,160.2,2019,8,5,236,1,1,28.2,70,158.2,198.1,190.1,178.8857142857143,19.562585767345748,186.02333333333337,-0.9749279121818236,-0.2225209339563146,-0.8660254037844385,-0.5000000000000004,-0.7961828637826154,-0.6050560696488494,166.5,159.2
2019-08-25,Andhra Pradesh,SR,14.7504291,78.57002559,166.5,2019,8,6,237,1,0,29.1,64,160.2,197.4,192.8,174.47142857142856,18.12178378689702,185.14666666666668,-0.7818314824680299,0.6234898018587334,-0.8660254037844385,-0.5000000000000004,-0.8064799463209447,-0.5912614448635782,167.6,153.8
2019-08-26,Andhra Pradesh,SR,14.7504291,78.57002559,167.6,2019,8,0,238,0,0,29.7,59,166.5,194.6,187.7,170.6142857142857,15.855117845817407,184.47666666666666,0.0,1.0,-0.8660254037844385,-0.5000000000000004,-0.8165380514459157,-0.5772916165517278,167.4,152.4
2019-08-27,Andhra Pradesh,SR,14.7504291,78.57002559,167.4,2019,8,1,239,0,0,30.1,58,167.6,194.6,193.6,166.72857142857143,11.81548620606489,183.60333333333335,0.7818314824680298,0.6234898018587336,-0.8660254037844385,-0.5000000000000004,-0.8263541987239094,-0.5631507242749187,164.8,159.3
2019-08-28,Andhra Pradesh,SR,14.7504291,78.57002559,164.8,2019,8,2,240,0,0,29.9,60,167.4,191.3,192.6,162.94285714285712,4.7832545206709245,182.67666666666665,0.9749279121818236,-0.22252093395631434,-0.8660254037844385,-0.5000000000000004,-0.8359254794186365,-0.5488429582847199,172.8,156.6
2019-08-29,Andhra Pradesh,SR,14.7504291,78.57002559,172.8,2019,8,3,241,0,0,29.9,65,164.8,155.9,191.9,165.35714285714286,4.899611257659699,182.04,0.43388373911755823,-0.900968867902419,-0.8660254037844385,-0.5000000000000004,-0.8452490573530634,-0.5343725582809785,162.7,201.2
2019-08-30,Andhra Pradesh,SR,14.7504291,78.57002559,162.7,2019,8,4,242,0,0,30.4,59,172.8,158.2,190.2,166.0,4.020364825899327,181.12333333333333,-0.433883739117558,-0.9009688679024191,-0.8660254037844385,-0.5000000000000004,-0.8543221697498269,-0.5197438121555157,159.2,202.5
2019-08-31,Andhra Pradesh,SR,14.7504291,78.57002559,159.2,2019,8,5,243,1,0,28.9,66,162.7,160.2,193.4,165.85714285714286,4.270775551292646,179.98333333333332,-0.9749279121818236,-0.2225209339563146,-0.8660254037844385,-0.5000000000000004,-0.8631421280499115,-0.5049610547215202,153.8,202.5
2019-09-01,Andhra Pradesh,SR,14.7504291,78.57002559,153.8,2019,9,6,244,1,0,26.7,82,159.2,166.5,197.0,164.04285714285714,6.2096315357289,178.54333333333332,-0.7818314824680299,0.6234898018587334,-1.0,-1.8369701987210297e-16,-0.8717063187093217,-0.4900286664290594,152.4,201.3
2019-09-02,Andhra Pradesh,SR,14.7504291,78.57002559,152.4,2019,9,0,245,0,0,28.1,71,153.8,167.6,202.5,161.87142857142857,7.317265947905394,176.87333333333333,0.0,1.0,-1.0,-1.8369701987210297e-16,-0.8800122039735356,-0.4749510720670502,159.3,198.5
2019-09-03,Andhra Pradesh,SR,14.7504291,78.57002559,159.3,2019,9,1,246,0,0,28.4,67,152.4,167.4,195.3,160.71428571428572,6.927344024811386,175.67333333333335,0.7818314824680298,0.6234898018587336,-1.0,-1.8369701987210297e-16,-0.888057322629493,-0.4597327394521046,156.6,192.9
2019-09-04,Andhra Pradesh,SR,14.7504291,78.57002559,156.6,2019,9,2,247,0,0,27.3,75,159.3,164.8,183.0,159.54285714285717,6.813676722312643,174.79333333333335,0.9749279121818236,-0.22252093395631434,-1.0,-1.8369701987210297e-16,-0.8958392907349089,-0.4443781781046134,201.2,172.3
2019-09-05,Andhra Pradesh,SR,14.7504291,78.57002559,201.2,2019,9,3,248,0,0,29.3,63,156.6,172.8,183.0,163.6,16.945500877813988,175.4,0.43388373911755823,-0.900968867902419,-1.0,-1.8369701987210297e-16,-0.9033558023246842,-0.4288919379124841,202.5,178.1
2019-09-06,Andhra Pradesh,SR,14.7504291,78.57002559,202.5,2019,9,4,249,0,0,30.0,58,201.2,162.7,169.6,169.28571428571428,22.394227572555906,176.49666666666664,-0.433883739117558,-0.9009688679024191,-1.0,-1.8369701987210297e-16,-0.9106046300942162,-0.41327860778290443,202.5,181.9
2019-09-08,Andhra Pradesh,SR,14.7504291,78.57002559,202.5,2019,9,6,251,1,0,30.3,57,202.5,159.2,177.6,175.4714285714286,24.975435550804225,177.32666666666665,-0.7818314824680299,0.6234898018587334,-1.0,-1.8369701987210297e-16,-0.9242907221930934,-0.3816892202666586,201.3,179.2
2019-09-09,Andhra Pradesh,SR,14.7504291,78.57002559,201.3,2019,9,0,252,0,0,31.3,54,202.5,153.8,174.1,182.25714285714284,24.55530201693419,178.23333333333332,0.0,1.0,-1.0,-1.8369701987210297e-16,-0.9307239310379793,-0.3657225234972692,198.5,169.0
2019-09-10,Andhra Pradesh,SR,14.7504291,78.57002559,198.5,2019,9,1,253,0,1,30.8,58,201.3,152.4,164.7,188.84285714285716,21.16032900995443,179.36,0.7818314824680298,0.6234898018587336,-1.0,-1.8369701987210297e-16,-0.9368813462954315,-0.34964745525122826,192.9,165.5
2019-09-11,Andhra Pradesh,SR,14.7504291,78.57002559,192.9,2019,9,2,254,0,0,31.1,57,198.5,159.3,175.5,193.64285714285714,16.67811511560942,179.94000000000003,0.9749279121818236,-0.22252093395631434,-1.0,-1.8369701987210297e-16,-0.9427611433904206,-0.33346877891818705,172.3,164.9
2019-09-12,Andhra Pradesh,SR,14.7504291,78.57002559,172.3,2019,9,3,255,0,0,30.6,59,192.9,156.6,186.9,195.8857142857143,10.93228072749494,179.45333333333332,0.43388373911755823,-0.900968867902419,-1.0,-1.8369701987210297e-16,-0.9483615800121716,-0.31719128858910595,178.1,193.5
2019-09-13,Andhra Pradesh,SR,14.7504291,78.57002559,178.1,2019,9,4,256,0,0,31.1,55,172.3,201.2,192.3,192.58571428571426,12.442859876441482,178.98,-0.433883739117558,-0.9009688679024191,-1.0,-1.8369701987210297e-16,-0.9536809966304455,-0.300819807635668,181.9,193.9
2019-09-14,Andhra Pradesh,SR,14.7504291,78.57002559,181.9,2019,9,5,257,1,0,30.8,61,178.1,202.5,195.9,189.64285714285714,12.139584993298545,178.51333333333332,-0.9749279121818236,-0.2225209339563146,-1.0,-1.8369701987210297e-16,-0.9587178169872964,-0.2843591872810036,179.2,193.9
2019-09-15,Andhra Pradesh,SR,14.7504291,78.57002559,179.2,2019,9,6,258,1,0,29.3,68,181.9,202.5,193.5,186.31428571428572,11.183384784495734,178.0366666666667,-0.7818314824680299,0.6234898018587334,-1.0,-1.8369701987210297e-16,-0.9634705485641486,-0.26781430516217486,169.0,195.6
2019-09-16,Andhra Pradesh,SR,14.7504291,78.57002559,169.0,2019,9,0,259,0,0,28.6,72,179.2,201.3,197.3,181.70000000000002,10.619008114382845,177.09333333333333,0.0,1.0,-1.0,-1.8369701987210297e-16,-0.9679377830240642,-0.25119006388481957,165.5,193.5
2019-09-17,Andhra Pradesh,SR,14.7504291,78.57002559,165.5,2019,9,1,260,0,0,26.7,84,169.0,198.5,198.1,176.9857142857143,9.1397353301262,176.0066666666667,0.7818314824680298,0.6234898018587336,-1.0,-1.8369701987210297e-16,-0.9721181966290612,-0.23449138957041052,164.9,187.8
2019-09-18,Andhra Pradesh,SR,14.7504291,78.57002559,164.9,2019,9,2,261,0,0,26.5,86,165.5,192.9,197.4,172.98571428571427,6.855758788888617,174.92333333333332,0.9749279121818236,-0.22252093395631434,-1.0,-1.8369701987210297e-16,-0.9760105506323682,-0.21772323039653224,193.5,178.1
2019-09-19,Andhra Pradesh,SR,14.7504291,78.57002559,193.5,2019,9,3,262,0,0,26.3,87,164.9,172.3,194.6,176.0142857142857,10.313167727300073,174.88666666666668,0.43388373911755823,-0.900968867902419,-1.0,-1.8369701987210297e-16,-0.9796136916454901,-0.20089055513063528,193.9,165.1
2019-09-20,Andhra Pradesh,SR,14.7504291,78.57002559,193.9,2019,9,4,263,0,0,26.8,83,193.5,178.1,194.6,178.27142857142857,12.369682599769607,174.86333333333332,-0.433883739117558,-0.9009688679024191,-1.0,-1.8369701987210297e-16,-0.9829265519799822,-0.18399835165767986,193.9,164.4
2019-09-21,Andhra Pradesh,SR,14.7504291,78.57002559,193.9,2019,9,5,264,1,0,28.2,79,193.9,181.9,191.3,179.9857142857143,13.714764376567226,174.95,-0.9749279121818236,-0.2225209339563146,-1.0,-1.8369701987210297e-16,-0.9859481499638303,-0.1670516255021195,195.6,156.5
2019-09-22,Andhra Pradesh,SR,14.7504291,78.57002559,195.6,2019,9,6,265,1,0,27.5,82,193.9,179.2,155.9,182.32857142857142,14.907125173968872,176.27333333333334,-0.7818314824680299,0.6234898018587334,-1.0,-1.8369701987210297e-16,-0.9886775902323404,-0.15005539834465262,193.5,152.3
2019-09-23,Andhra Pradesh,SR,14.7504291,78.57002559,193.5,2019,9,0,266,0,0,27.5,85,195.6,169.0,158.2,185.82857142857142,14.111072990824496,177.45,0.0,1.0,-1.0,-1.8369701987210297e-16,-0.9911140639934546,-0.13301470653419636,187.8,154.9
2019-09-24,Andhra Pradesh,SR,14.7504291,78.57002559,187.8,2019,9,1,267,0,0,27.3,80,193.5,165.5,160.2,189.0142857142857,10.911221833725017,178.36999999999998,0.7818314824680298,0.6234898018587336,-1.0,-1.8369701987210297e-16,-0.9932568492674143,-0.11593459959550066,178.1,155.4
2019-09-25,Andhra Pradesh,SR,14.7504291,78.57002559,178.1,2019,9,2,268,0,0,26.9,84,187.8,164.9,166.5,190.90000000000003,6.151693533761992,178.75666666666666,0.9749279121818236,-0.22252093395631434,-1.0,-1.8369701987210297e-16,-0.9951053111006974,-0.09882013873287211,165.1,149.7
2019-09-26,Andhra Pradesh,SR,14.7504291,78.57002559,165.1,2019,9,3,269,0,0,27.0,84,178.1,193.5,167.6,186.84285714285716,11.333704475715477,178.67333333333332,0.43388373911755823,-0.900968867902419,-1.0,-1.8369701987210297e-16,-0.99665890175417,-0.08167639533042288,164.4,159.1
2019-09-27,Andhra Pradesh,SR,14.7504291,78.57002559,164.4,2019,9,4,270,0,0,27.7,81,165.1,193.9,167.4,182.62857142857143,13.54175201438291,178.57333333333332,-0.433883739117558,-0.9009688679024191,-1.0,-1.8369701987210297e-16,-0.9979171608653922,-0.06450844944931625,156.5,151.4
2019-09-28,Andhra Pradesh,SR,14.7504291,78.57002559,156.5,2019,9,5,271,1,0,28.3,73,164.4,193.9,164.8,177.28571428571428,15.578342720095671,178.29666666666668,-0.9749279121818236,-0.2225209339563146,-1.0,-1.8369701987210297e-16,-0.9988797155850335,-0.04732138832243232,152.3,151.2
2019-09-29,Andhra Pradesh,SR,14.7504291,78.57002559,152.3,2019,9,6,272,1,0,28.7,68,156.5,195.6,172.8,171.1,15.690442951044936,177.61333333333334,-0.7818314824680299,0.6234898018587334,-1.0,-1.8369701987210297e-16,-0.9995462806873573,-0.03012030484690836,154.9,157.0
2019-09-30,Andhra Pradesh,SR,14.7504291,78.57002559,154.9,2019,9,0,273,0,0,29.1,65,152.3,193.5,162.7,165.58571428571426,13.070122235009547,177.35333333333335,0.0,1.0,-1.0,-1.8369701987210297e-16,-0.9999166586547379,-0.012910296075008843,155.4,163.4
2019-10-01,Andhra Pradesh,SR,14.7504291,78.57002559,155.4,2019,10,1,274,0,0,29.4,66,154.9,187.8,159.2,160.95714285714286,8.993304387683063,177.22666666666663,0.7818314824680298,0.6234898018587336,-0.8660254037844386,0.5000000000000001,-0.9999907397361901,0.004303538296243821,149.7,165.2
2019-10-02,Andhra Pradesh,SR,14.7504291,78.57002559,149.7,2019,10,2,275,0,1,29.3,67,155.4,178.1,153.8,156.9,5.815209941752947,177.09000000000003,0.9749279121818236,-0.22252093395631434,-0.8660254037844386,0.5000000000000001,-0.9997685019798909,0.021516097436222233,159.1,163.4
2019-10-03,Andhra Pradesh,SR,14.7504291,78.57002559,159.1,2019,10,3,276,0,0,28.1,77,149.7,165.1,152.4,156.04285714285714,4.749686706459646,177.31333333333333,0.43388373911755823,-0.900968867902419,-0.8660254037844386,0.5000000000000001,-0.9992500112396835,0.03872228089217399,151.4,193.3
2019-10-04,Andhra Pradesh,SR,14.7504291,78.57002559,151.4,2019,10,4,277,0,0,27.8,77,159.1,164.4,159.3,154.18571428571428,3.2385328835895573,177.05,-0.433883739117558,-0.9009688679024191,-0.8660254037844386,0.5000000000000001,-0.9984354211555643,0.05591699010060302,151.2,197.0
2019-10-05,Andhra Pradesh,SR,14.7504291,78.57002559,151.2,2019,10,5,278,1,0,27.7,78,151.4,156.5,156.6,153.42857142857142,3.2268221135316137,176.87,-0.9749279121818236,-0.2225209339563146,-0.8660254037844386,0.5000000000000001,-0.9973249731081555,0.07309512989807776,157.0,196.7
2019-10-06,Andhra Pradesh,SR,14.7504291,78.57002559,157.0,2019,10,6,279,1,0,27.9,75,151.2,152.3,201.2,154.1,3.4351128074629047,175.39666666666668,-0.7818314824680299,0.6234898018587334,-0.8660254037844386,0.5000000000000001,-0.9959189961471792,0.0902516100310407,163.4,197.6
2019-10-08,Andhra Pradesh,SR,14.7504291,78.57002559,163.4,2019,10,1,281,0,1,27.7,77,157.0,154.9,202.5,155.31428571428572,4.9384304427713595,174.09333333333333,0.7818314824680298,0.6234898018587336,-0.8660254037844386,0.5000000000000001,-0.9922222094179324,0.12447926388678869,165.2,197.4
2019-10-09,Andhra Pradesh,SR,14.7504291,78.57002559,165.2,2019,10,2,282,0,0,27.7,79,163.4,155.4,202.5,156.71428571428572,6.195812718125917,172.85,0.9749279121818236,-0.22252093395631434,-0.8660254037844386,0.5000000000000001,-0.989932495087353,0.141540295217043,163.4,197.7
2019-10-10,Andhra Pradesh,SR,14.7504291,78.57002559,163.4,2019,10,3,283,0,0,27.7,79,165.2,149.7,201.3,158.67142857142855,5.759257557970746,171.58666666666667,0.43388373911755823,-0.900968867902419,-0.8660254037844386,0.5000000000000001,-0.9873494423939864,0.15855938510313475,193.3,196.5
2019-10-11,Andhra Pradesh,SR,14.7504291,78.57002559,193.3,2019,10,4,284,0,0,27.6,78,163.4,159.1,198.5,163.55714285714288,14.322925346317557,171.41333333333336,-0.433883739117558,-0.9009688679024191,-0.8660254037844386,0.5000000000000001,-0.9844738167520923,0.17553149042142777,197.0,170.4
2019-10-12,Andhra Pradesh,SR,14.7504291,78.57002559,197.0,2019,10,5,285,1,0,28.2,75,193.3,151.4,192.9,170.07142857142858,17.815977313048045,171.55,-0.9749279121818236,-0.2225209339563146,-0.8660254037844386,0.5000000000000001,-0.9813064702716093,0.19245158197082995,196.7,166.7
2019-10-13,Andhra Pradesh,SR,14.7504291,78.57002559,196.7,2019,10,6,286,1,0,28.4,72,197.0,151.2,172.3,176.57142857142858,18.081548079530553,172.36333333333334,-0.7818314824680299,0.6234898018587334,-0.8660254037844386,0.5000000000000001,-0.9778483415056567,0.20931464596304888,197.6,156.0
2019-10-14,Andhra Pradesh,SR,14.7504291,78.57002559,197.6,2019,10,0,287,0,0,28.5,74,196.7,157.0,178.1,182.3714285714286,17.249803311507872,173.01333333333332,0.0,1.0,-0.8660254037844386,0.5000000000000001,-0.9741004551724206,0.22611568550828803,197.4,153.7
2019-10-15,Andhra Pradesh,SR,14.7504291,78.57002559,197.4,2019,10,1,288,0,0,27.7,76,197.6,163.4,181.9,187.22857142857143,15.738139903401578,173.53000000000003,0.7818314824680298,0.6234898018587336,-0.8660254037844386,0.5000000000000001,-0.970063921851507,0.2428497220959358,197.7,167.5
2019-10-16,Andhra Pradesh,SR,14.7504291,78.57002559,197.7,2019,10,2,289,0,0,26.1,85,197.4,165.2,179.2,191.87142857142857,12.64670105675945,174.14666666666665,0.9749279121818236,-0.22252093395631434,-0.8660254037844386,0.5000000000000001,-0.965739937654855,0.25951179706979943,196.5,169.5
2019-10-17,Andhra Pradesh,SR,14.7504291,78.57002559,196.5,2019,10,3,290,0,0,25.7,86,197.7,163.4,169.0,196.59999999999997,1.5231546211704106,175.06333333333333,0.43388373911755823,-0.900968867902419,-0.8660254037844386,0.5000000000000001,-0.9611297838723007,0.27609697309746883,170.4,170.2
2019-10-18,Andhra Pradesh,SR,14.7504291,78.57002559,170.4,2019,10,4,291,0,0,26.5,81,196.5,193.3,165.5,193.32857142857142,10.120558990772556,175.22666666666663,-0.433883739117558,-0.9009688679024191,-0.8660254037844386,0.5000000000000001,-0.9562348265919058,0.2926003356333479,166.7,186.0
2019-10-19,Andhra Pradesh,SR,14.7504291,78.57002559,166.7,2019,10,5,292,1,0,26.7,80,170.4,197.0,164.9,189.0,14.017845768875947,175.2866666666667,-0.9749279121818236,-0.2225209339563146,-0.8660254037844386,0.5000000000000001,-0.9510565162951536,0.30901699437494723,156.0,183.4
2019-10-20,Andhra Pradesh,SR,14.7504291,78.57002559,156.0,2019,10,6,293,1,0,26.2,86,166.7,196.7,193.5,183.1857142857143,18.129481383594207,174.0366666666667,-0.7818314824680299,0.6234898018587334,-0.8660254037844386,0.5000000000000001,-0.9455963874271428,0.3253420847119795,153.7,183.6
2019-10-21,Andhra Pradesh,SR,14.7504291,78.57002559,153.7,2019,10,0,294,0,0,25.3,91,156.0,197.6,193.9,176.91428571428568,19.825860937289864,172.6966666666667,0.0,1.0,-0.8660254037844386,0.5000000000000001,-0.9398560579418953,0.341570769167856,167.5,184.7
2019-10-22,Andhra Pradesh,SR,14.7504291,78.57002559,167.5,2019,10,1,295,0,0,24.4,92,153.7,197.4,193.9,172.64285714285714,17.79343110465727,171.81666666666666,0.7818314824680298,0.6234898018587336,-0.8660254037844386,0.5000000000000001,-0.9338372288229252,0.35769823883312546,169.5,183.3
2019-10-23,Andhra Pradesh,SR,14.7504291,78.57002559,169.5,2019,10,2,296,0,0,26.3,85,167.5,197.7,195.6,168.6142857142857,13.952589792033471,170.9466666666667,0.9749279121818236,-0.22252093395631434,-0.8660254037844386,0.5000000000000001,-0.9275416835791965,0.3737197147904692,170.2,174.0
2019-10-24,Andhra Pradesh,SR,14.7504291,78.57002559,170.2,2019,10,3,297,0,0,27.0,78,169.5,196.5,193.5,164.85714285714286,7.001632462708394,170.17000000000002,0.43388373911755823,-0.900968867902419,-0.8660254037844386,0.5000000000000001,-0.9209712877166347,0.38963044953078774,186.0,164.1
2019-10-25,Andhra Pradesh,SR,14.7504291,78.57002559,186.0,2019,10,4,298,0,0,27.0,79,170.2,170.4,187.8,167.08571428571426,10.611853210981732,170.11,-0.433883739117558,-0.9009688679024191,-0.8660254037844386,0.5000000000000001,-0.9141279881853337,0.4054257283599973,183.4,154.9
2019-10-26,Andhra Pradesh,SR,14.7504291,78.57002559,183.4,2019,10,5,299,1,0,26.4,85,186.0,166.7,178.1,169.47142857142856,12.259923094608256,170.28666666666666,-0.9749279121818236,-0.2225209339563146,-0.8660254037844386,0.5000000000000001,-0.9070138128026362,0.42110087079608916,183.6,158.7
2019-10-27,Andhra Pradesh,SR,14.7504291,78.57002559,183.6,2019,10,6,300,1,1,26.6,83,183.4,156.0,165.1,173.41428571428574,11.62718489452296,170.90333333333334,-0.7818314824680299,0.6234898018587334,-0.8660254037844386,0.5000000000000001,-0.8996308696522434,0.4366512319560638,184.7,160.9
2019-10-28,Andhra Pradesh,SR,14.7504291,78.57002559,184.7,2019,10,0,301,0,0,26.8,80,183.6,153.7,164.4,177.84285714285713,8.29233725452909,171.57999999999998,0.0,1.0,-0.8660254037844386,0.5000000000000001,-0.8919813464595487,0.45207220393230374,183.3,163.0
2019-10-29,Andhra Pradesh,SR,14.7504291,78.57002559,183.3,2019,10,1,302,0,0,26.0,83,184.7,167.5,156.5,180.1,7.067767209899247,172.47333333333333,0.7818314824680298,0.6234898018587336,-0.8660254037844386,0.5000000000000001,-0.8840675099433637,0.46735921715800205,174.0,165.0
2019-10-30,Andhra Pradesh,SR,14.7504291,78.57002559,174.0,2019,10,2,303,0,0,24.7,91,183.3,169.5,152.3,180.74285714285716,6.078337805369495,173.19666666666666,0.9749279121818236,-0.22252093395631434,-0.8660254037844386,0.5000000000000001,-0.8758917051442433,0.48250774176121763,164.1,166.6
2019-10-31,Andhra Pradesh,SR,14.7504291,78.57002559,164.1,2019,10,3,304,0,0,26.2,83,174.0,170.2,154.9,179.87142857142857,7.981168311659721,173.50333333333336,0.43388373911755823,-0.900968867902419,-0.8660254037844386,0.5000000000000001,-0.8674563547295971,0.4975132889071803,154.9,171.0
2019-11-01,Andhra Pradesh,SR,14.7504291,78.57002559,154.9,2019,11,4,305,0,0,27.0,79,164.1,186.0,155.4,175.42857142857142,11.761762096686097,173.48666666666668,-0.433883739117558,-0.9009688679024191,-0.5000000000000004,0.8660254037844384,-0.858763958275803,0.5123714121284235,158.7,173.2
2019-11-02,Andhra Pradesh,SR,14.7504291,78.57002559,158.7,2019,11,5,306,1,0,27.3,75,154.9,183.4,149.7,171.9,12.643707262244243,173.78666666666666,-0.9749279121818236,-0.2225209339563146,-0.5000000000000004,0.8660254037844384,-0.8498170915275277,0.5270777086423724,160.9,176.0
2019-11-03,Andhra Pradesh,SR,14.7504291,78.57002559,160.9,2019,11,6,307,1,0,27.3,71,158.7,183.6,159.1,168.65714285714284,12.039360052601852,173.8466666666667,-0.7818314824680299,0.6234898018587334,-0.5000000000000004,0.8660254037844384,-0.8406184056344783,0.5416278206559811,163.0,173.3
2019-11-04,Andhra Pradesh,SR,14.7504291,78.57002559,163.0,2019,11,0,308,0,0,27.9,65,160.9,184.7,151.4,165.55714285714288,9.806776083038313,174.23333333333332,0.0,1.0,-0.5000000000000004,0.8660254037844384,-0.8311706263658079,0.5560174366570446,165.0,171.9
2019-11-05,Andhra Pradesh,SR,14.7504291,78.57002559,165.0,2019,11,1,309,0,0,28.7,63,163.0,183.3,151.2,162.94285714285712,5.981877392830156,174.69333333333333,0.7818314824680298,0.6234898018587336,-0.5000000000000004,0.8660254037844384,-0.8214765533024145,0.5702422926917867,166.6,165.5
2019-11-06,Andhra Pradesh,SR,14.7504291,78.57002559,166.6,2019,11,2,310,0,0,29.0,60,165.0,174.0,157.0,161.8857142857143,4.041216224284963,175.01333333333332,0.9749279121818236,-0.22252093395631434,-0.5000000000000004,0.8660254037844384,-0.8115390590073611,0.5842981736283683,171.0,168.3
2019-11-08,Andhra Pradesh,SR,14.7504291,78.57002559,171.0,2019,11,4,312,0,0,29.8,58,166.6,164.1,163.4,162.87142857142857,5.312787807329564,175.26666666666668,-0.433883739117558,-0.9009688679024191,-0.5000000000000004,0.8660254037844384,-0.7909456567567774,0.6118864012687242,173.2,168.3
2019-11-09,Andhra Pradesh,SR,14.7504291,78.57002559,173.2,2019,11,5,313,1,0,30.2,54,171.0,154.9,165.2,165.4857142857143,5.238456697484847,175.53333333333333,-0.9749279121818236,-0.2225209339563146,-0.5000000000000004,0.8660254037844384,-0.780295851070776,0.6254105729852457,176.0,196.6
2019-11-10,Andhra Pradesh,SR,14.7504291,78.57002559,176.0,2019,11,6,314,1,1,30.6,49,173.2,158.7,163.4,167.95714285714286,5.573705273530858,175.95333333333332,-0.7818314824680299,0.6234898018587334,-0.5000000000000004,0.8660254037844384,-0.7694148268839381,0.6387494220515268,173.3,199.2
2019-11-11,Andhra Pradesh,SR,14.7504291,78.57002559,173.3,2019,11,0,315,0,0,29.2,55,176.0,160.9,193.3,169.72857142857143,4.884913607462902,175.28666666666666,0.0,1.0,-0.5000000000000004,0.8660254037844384,-0.7583058084785625,0.6518989958787125,171.9,198.1
2019-11-12,Andhra Pradesh,SR,14.7504291,78.57002559,171.9,2019,11,1,316,0,1,28.7,60,173.3,163.0,197.0,171.0,3.900854607219032,174.45,0.7818314824680298,0.6234898018587336,-0.5000000000000004,0.8660254037844384,-0.7469720876965551,0.6648553979642866,165.5,197.4
2019-11-13,Andhra Pradesh,SR,14.7504291,78.57002559,165.5,2019,11,2,317,0,0,27.5,66,171.9,165.0,196.7,171.07142857142858,3.7752325693096376,173.41,0.9749279121818236,-0.22252093395631434,-0.5000000000000004,0.8660254037844384,-0.7354170229639858,0.6776147890466887,168.3,197.4
2019-11-14,Andhra Pradesh,SR,14.7504291,78.57002559,168.3,2019,11,3,318,0,0,25.9,76,165.5,166.6,197.6,171.31428571428572,3.4830200360353722,172.43333333333334,0.43388373911755823,-0.900968867902419,-0.5000000000000004,0.8660254037844384,-0.7236440382959124,0.690173388242972,168.3,196.6
2019-11-15,Andhra Pradesh,SR,14.7504291,78.57002559,168.3,2019,11,4,319,0,0,25.1,84,168.3,171.0,197.4,170.92857142857142,3.6682031412817886,171.4633333333333,-0.433883739117558,-0.9009688679024191,-0.5000000000000004,0.8660254037844384,-0.711656622281775,0.7025274741691566,196.6,192.0
2019-11-16,Andhra Pradesh,SR,14.7504291,78.57002559,196.6,2019,11,5,320,1,0,27.4,70,168.3,173.2,197.7,174.27142857142857,10.45924061706724,171.42666666666668,-0.9749279121818236,-0.2225209339563146,-0.5000000000000004,0.8660254037844384,-0.6994583270516471,0.7146733860429608,199.2,172.2
2019-11-17,Andhra Pradesh,SR,14.7504291,78.57002559,199.2,2019,11,6,321,1,0,27.5,65,196.6,176.0,196.5,177.58571428571432,14.129924341791648,171.51666666666668,-0.7818314824680299,0.6234898018587334,-0.5000000000000004,0.8660254037844384,-0.6870527672236675,0.7266075247685652,198.1,174.8
2019-11-18,Andhra Pradesh,SR,14.7504291,78.57002559,198.1,2019,11,0,322,0,0,27.9,68,199.2,173.3,170.4,181.12857142857143,15.877312355025373,172.44000000000003,0.0,1.0,-0.5000000000000004,0.8660254037844384,-0.6744436188329457,0.7383263540031063,197.4,174.5
2019-11-19,Andhra Pradesh,SR,14.7504291,78.57002559,197.4,2019,11,1,323,0,0,26.5,81,198.1,171.9,166.7,184.77142857142857,16.32602363158405,173.4633333333333,0.7818314824680298,0.6234898018587336,-0.5000000000000004,0.8660254037844384,-0.661634618242279,0.749826401204568,197.4,174.2
2019-11-20,Andhra Pradesh,SR,14.7504291,78.57002559,197.4,2019,11,2,324,0,0,26.7,77,197.4,165.5,156.0,189.32857142857142,14.387229787293093,174.8433333333333,0.9749279121818236,-0.22252093395631434,-0.5000000000000004,0.8660254037844384,-0.6486295610349818,0.7611042586607742,196.6,175.9
2019-11-21,Andhra Pradesh,SR,14.7504291,78.57002559,196.6,2019,11,3,325,0,0,27.0,69,197.4,168.3,153.7,193.3714285714286,11.092146513894708,176.27333333333334,0.43388373911755823,-0.900968867902419,-0.5000000000000004,0.8660254037844384,-0.6354323008901775,0.7721565844991641,192.0,178.1
2019-11-22,Andhra Pradesh,SR,14.7504291,78.57002559,192.0,2019,11,4,326,0,0,26.6,66,196.6,168.3,167.5,196.7571428571429,2.2831682248246783,177.09,-0.433883739117558,-0.9009688679024191,-0.5000000000000004,0.8660254037844384,-0.622046748440868,0.7829801036770624,172.2,184.3
2019-11-23,Andhra Pradesh,SR,14.7504291,78.57002559,172.2,2019,11,5,327,1,0,25.8,66,192.0,196.6,169.5,193.27142857142854,9.567778266262941,177.17999999999998,-0.9749279121818236,-0.2225209339563146,-0.5000000000000004,0.8660254037844384,-0.6084768701151264,0.7935716089521472,174.8,181.0
2019-11-24,Andhra Pradesh,SR,14.7504291,78.57002559,174.8,2019,11,6,328,1,0,25.8,67,172.2,199.2,170.2,189.78571428571428,11.330258686577062,177.33333333333334,-0.7818314824680299,0.6234898018587334,-0.5000000000000004,0.8660254037844384,-0.594726686960764,0.8039279618328208,174.5,191.0
2019-11-25,Andhra Pradesh,SR,14.7504291,78.57002559,174.5,2019,11,0,329,0,0,26.0,67,174.8,198.1,186.0,186.41428571428574,11.938792313494512,176.95,0.0,1.0,-0.5000000000000004,0.8660254037844384,-0.5808002734538013,0.8140460935082175,174.2,197.3
2019-11-26,Andhra Pradesh,SR,14.7504291,78.57002559,174.2,2019,11,1,330,0,0,25.9,68,174.5,197.4,183.4,183.09999999999997,11.596120040772016,176.64333333333335,0.7818314824680298,0.6234898018587336,-0.5000000000000004,0.8660254037844384,-0.5667017562911184,0.8239230057575536,175.9,198.4
2019-11-27,Andhra Pradesh,SR,14.7504291,78.57002559,175.9,2019,11,2,331,0,0,26.3,72,174.2,197.4,183.6,180.02857142857144,9.900625280878769,176.38666666666668,0.9749279121818236,-0.22252093395631434,-0.5000000000000004,0.8660254037844384,-0.5524353131676203,0.8335557718385695,178.1,198.7
2019-11-28,Andhra Pradesh,SR,14.7504291,78.57002559,178.1,2019,11,3,332,0,0,26.6,77,175.9,196.6,184.7,177.38571428571427,6.687657430278346,176.16666666666666,0.43388373911755823,-0.900968867902419,-0.5000000000000004,0.8660254037844384,-0.5380051715382992,0.8429415373547832,184.3,201.8
2019-11-29,Andhra Pradesh,SR,14.7504291,78.57002559,184.3,2019,11,4,333,0,0,27.2,72,178.1,192.0,183.3,176.28571428571428,3.9603992102763295,176.2,-0.433883739117558,-0.9009688679024191,-0.5000000000000004,0.8660254037844384,-0.5234156073655503,0.8520775211013093,181.0,197.6
2019-11-30,Andhra Pradesh,SR,14.7504291,78.57002559,181.0,2019,11,5,334,1,0,26.3,76,184.3,172.2,174.0,177.54285714285717,3.8422463667563487,176.43333333333334,-0.9749279121818236,-0.2225209339563146,-0.5000000000000004,0.8660254037844384,-0.5086709438521042,0.8609610158889945,191.0,175.6
2019-12-01,Andhra Pradesh,SR,14.7504291,78.57002559,191.0,2019,12,6,335,1,0,23.8,93,181.0,174.8,164.1,179.85714285714286,6.119056883446326,177.32999999999998,-0.7818314824680299,0.6234898018587334,-2.4492935982947064e-16,1.0,-0.49377555015997737,0.8695893893466109,197.3,180.6
2019-12-02,Andhra Pradesh,SR,14.7504291,78.57002559,197.3,2019,12,0,336,0,0,24.4,85,191.0,174.5,154.9,183.1142857142857,8.425641137113699,178.74333333333334,0.0,1.0,-2.4492935982947064e-16,1.0,-0.4787338401157883,0.8779600847008883,198.4,178.7
2019-12-03,Andhra Pradesh,SR,14.7504291,78.57002559,198.4,2019,12,1,337,0,0,24.3,85,197.3,174.2,158.7,186.57142857142858,9.096467132118246,180.06666666666666,0.7818314824680298,0.6234898018587336,-2.4492935982947064e-16,1.0,-0.4635502709028512,0.8860706215341378,198.7,180.5
2019-12-04,Andhra Pradesh,SR,14.7504291,78.57002559,198.7,2019,12,2,338,0,0,25.0,72,198.4,175.9,160.9,189.82857142857142,8.712388552268939,181.32666666666665,0.9749279121818236,-0.22252093395631434,-2.4492935982947064e-16,1.0,-0.4482293417404106,0.893918596519257,201.8,174.5
2019-12-05,Andhra Pradesh,SR,14.7504291,78.57002559,201.8,2019,12,3,339,0,0,24.5,76,198.7,178.1,163.0,193.21428571428572,7.968150887842208,182.61999999999998,0.43388373911755823,-0.900968867902419,-2.4492935982947064e-16,1.0,-0.4327755925504317,0.9015016841318838,197.6,181.9
2019-12-06,Andhra Pradesh,SR,14.7504291,78.57002559,197.6,2019,12,4,340,0,0,23.9,75,201.8,184.3,165.0,195.1142857142857,7.0172237082353535,183.70666666666665,-0.433883739117558,-0.9009688679024191,-2.4492935982947064e-16,1.0,-0.41719360261231697,0.9088176373395028,175.6,185.5
2019-12-08,Andhra Pradesh,SR,14.7504291,78.57002559,175.6,2019,12,6,342,1,0,24.5,81,197.6,181.0,166.6,194.34285714285713,8.877660566999003,184.00666666666666,-0.7818314824680299,0.6234898018587334,-2.4492935982947064e-16,1.0,-0.38566340624360745,0.9226395488404875,180.6,180.7
2019-12-09,Andhra Pradesh,SR,14.7504291,78.57002559,180.6,2019,12,0,343,0,0,24.7,76,175.6,191.0,171.0,192.85714285714286,10.288481770545612,184.32666666666668,0.0,1.0,-2.4492935982947064e-16,1.0,-0.3697245428906732,0.9291414114031743,178.7,184.5
2019-12-10,Andhra Pradesh,SR,14.7504291,78.57002559,178.7,2019,12,1,344,0,0,24.4,75,180.6,197.3,173.2,190.2,11.301769772915778,184.51000000000002,0.7818314824680298,0.6234898018587336,-2.4492935982947064e-16,1.0,-0.3536761221763721,0.935367949313148,180.5,186.4
2019-12-11,Andhra Pradesh,SR,14.7504291,78.57002559,180.5,2019,12,2,345,0,0,25.1,68,178.7,198.4,176.0,187.64285714285714,11.161370456901057,184.66,0.9749279121818236,-0.22252093395631434,-2.4492935982947064e-16,1.0,-0.33752289959411347,0.941317317512847,174.5,187.8
2019-12-12,Andhra Pradesh,SR,14.7504291,78.57002559,174.5,2019,12,3,346,0,0,24.7,71,180.5,198.7,173.3,184.18571428571428,10.910763580279607,184.7,0.43388373911755823,-0.900968867902419,-2.4492935982947064e-16,1.0,-0.32126966169236515,0.9469877530760751,181.9,189.0
2019-12-13,Andhra Pradesh,SR,14.7504291,78.57002559,181.9,2019,12,4,347,0,0,25.4,70,174.5,201.8,171.9,181.34285714285716,7.666563146298664,185.03333333333333,-0.433883739117558,-0.9009688679024191,-2.4492935982947064e-16,1.0,-0.3049212246562894,0.9523775757303973,185.5,189.7
2019-12-14,Andhra Pradesh,SR,14.7504291,78.57002559,185.5,2019,12,5,348,1,0,25.3,77,181.9,197.6,165.5,179.6142857142857,3.757848928765401,185.7,-0.9749279121818236,-0.2225209339563146,-2.4492935982947064e-16,1.0,-0.2884824328806098,0.9574851883550389,180.7,189.7
2019-12-15,Andhra Pradesh,SR,14.7504291,78.57002559,180.7,2019,12,6,349,1,0,25.5,71,185.5,175.6,168.3,180.34285714285716,3.318562511517858,186.11333333333334,-0.7818314824680299,0.6234898018587334,-2.4492935982947064e-16,1.0,-0.27195815753410524,0.9623090774541487,184.5,155.9
2019-12-16,Andhra Pradesh,SR,14.7504291,78.57002559,184.5,2019,12,0,350,0,0,24.5,80,180.7,180.6,168.3,180.9,3.676955262169298,186.65333333333334,0.0,1.0,-2.4492935982947064e-16,1.0,-0.2553532951161881,0.9668478136052773,186.4,159.7
2019-12-17,Andhra Pradesh,SR,14.7504291,78.57002559,186.4,2019,12,1,351,0,0,25.7,68,184.5,178.7,196.6,182.0,4.042688874168735,186.31333333333333,0.7818314824680298,0.6234898018587336,-2.4492935982947064e-16,1.0,-0.23867276600594997,0.9711000518829505,187.8,163.0
2019-12-18,Andhra Pradesh,SR,14.7504291,78.57002559,187.8,2019,12,2,352,0,0,24.5,71,186.4,180.5,199.2,183.04285714285717,4.506239061144527,185.93333333333334,0.9749279121818236,-0.22252093395631434,-2.4492935982947064e-16,1.0,-0.22192151300416674,0.9750645322571945,189.0,160.7
2019-12-19,Andhra Pradesh,SR,14.7504291,78.57002559,189.0,2019,12,3,353,0,0,24.9,72,187.8,174.5,198.1,185.11428571428573,3.008559218533441,185.63,0.43388373911755823,-0.900968867902419,-2.4492935982947064e-16,1.0,-0.20510449986861926,0.9787400799669153,189.7,159.3
2019-12-20,Andhra Pradesh,SR,14.7504291,78.57002559,189.7,2019,12,4,354,0,0,25.4,73,189.0,181.9,197.4,186.22857142857143,3.0636113143981194,185.37333333333333,-0.433883739117558,-0.9009688679024191,-2.4492935982947064e-16,1.0,-0.1882267098432439,0.9821256058680006,189.7,156.6
2019-12-21,Andhra Pradesh,SR,14.7504291,78.57002559,189.7,2019,12,5,355,1,0,25.7,72,189.7,185.5,197.4,186.82857142857142,3.2993505854498295,185.11666666666667,-0.9749279121818236,-0.2225209339563146,-2.4492935982947064e-16,1.0,-0.1712931441814778,0.9852201067560606,155.9,154.2
2019-12-22,Andhra Pradesh,SR,14.7504291,78.57002559,155.9,2019,12,6,356,1,0,25.3,71,189.7,180.7,196.6,183.28571428571428,12.22339676896003,183.76000000000002,-0.7818314824680299,0.6234898018587334,-2.4492935982947064e-16,1.0,-0.154308820664281,0.9880226656636976,159.7,181.9
2019-12-23,Andhra Pradesh,SR,14.7504291,78.57002559,159.7,2019,12,0,357,0,0,24.6,66,155.9,184.5,192.0,179.7428571428571,15.074355391730178,182.68333333333334,0.0,1.0,-2.4492935982947064e-16,1.0,-0.13727877211326517,0.9905324521322227,163.0,186.9
2019-12-24,Andhra Pradesh,SR,14.7504291,78.57002559,163.0,2019,12,1,358,0,0,25.2,67,159.7,186.4,172.2,176.40000000000003,15.922730084169851,182.37666666666667,0.7818314824680298,0.6234898018587336,-2.4492935982947064e-16,1.0,-0.12020804489935275,0.9927487224577402,160.7,186.6
2019-12-25,Andhra Pradesh,SR,14.7504291,78.57002559,160.7,2019,12,2,359,0,1,25.7,67,163.0,187.8,174.8,172.5285714285714,15.9833991259382,181.90666666666667,0.9749279121818236,-0.22252093395631434,-2.4492935982947064e-16,1.0,-0.10310169744743544,0.9946708199115211,159.3,183.0
2019-12-26,Andhra Pradesh,SR,14.7504291,78.57002559,159.3,2019,12,3,360,0,0,25.8,66,160.7,189.0,174.5,168.28571428571428,14.77886199626874,181.4,0.43388373911755823,-0.900968867902419,-2.4492935982947064e-16,1.0,-0.0859647987374467,0.9962981749346077,156.6,184.5
2019-12-27,Andhra Pradesh,SR,14.7504291,78.57002559,156.6,2019,12,4,361,0,0,26.0,66,159.3,189.7,174.2,163.55714285714285,11.775377862706517,180.81333333333336,-0.433883739117558,-0.9009688679024191,-2.4492935982947064e-16,1.0,-0.06880242680232064,0.9976303053065857,154.2,180.5
2019-12-28,Andhra Pradesh,SR,14.7504291,78.57002559,154.2,2019,12,5,362,1,0,25.2,70,156.6,189.7,175.9,158.4857142857143,3.0558297135296084,180.09,-0.9749279121818236,-0.2225209339563146,-2.4492935982947064e-16,1.0,-0.05161966722325418,0.9986668162884759,181.9,175.6
2019-12-29,Andhra Pradesh,SR,14.7504291,78.57002559,181.9,2019,12,6,363,1,0,25.2,70,154.2,155.9,178.1,162.2,9.137833441248265,180.21666666666667,-0.7818314824680299,0.6234898018587334,-2.4492935982947064e-16,1.0,-0.034421611622745804,0.9994074007397048,186.9,187.7
2019-12-30,Andhra Pradesh,SR,14.7504291,78.57002559,186.9,2019,12,0,364,0,0,24.8,72,181.9,159.7,184.3,166.08571428571426,12.904447369211788,180.30333333333334,0.0,1.0,-2.4492935982947064e-16,1.0,-0.01721335615583528,0.9998518392091162,186.6,189.2
2019-12-31,Andhra Pradesh,SR,14.7504291,78.57002559,186.6,2019,12,1,365,0,0,25.0,73,186.9,163.0,181.0,169.45714285714286,14.893494904695325,180.48999999999998,0.7818314824680298,0.6234898018587336,-2.4492935982947064e-16,1.0,6.432490598706546e-16,1.0,183.0,192.3
2020-01-01,Andhra Pradesh,SR,14.7504291,78.57002559,183.0,2020,1,2,1,0,0,25.7,73,186.6,160.7,191.0,172.64285714285714,15.091814242921632,180.22333333333333,0.9749279121818236,-0.22252093395631434,0.49999999999999994,0.8660254037844387,0.017213356155834685,0.9998518392091162,184.5,197.4
2020-01-02,Andhra Pradesh,SR,14.7504291,78.57002559,184.5,2020,1,3,2,0,0,26.0,77,183.0,159.3,197.3,176.24285714285716,14.366727433304089,179.79666666666665,0.43388373911755823,-0.900968867902419,0.49999999999999994,0.8660254037844387,0.03442161162274574,0.9994074007397048,180.5,200.0
2020-01-03,Andhra Pradesh,SR,14.7504291,78.57002559,180.5,2020,1,4,3,0,0,27.0,73,184.5,156.6,198.4,179.65714285714287,11.46805085776068,179.2,-0.433883739117558,-0.9009688679024191,0.49999999999999994,0.8660254037844387,0.051619667223253764,0.998666816288476,175.6,198.5
2020-01-04,Andhra Pradesh,SR,14.7504291,78.57002559,175.6,2020,1,5,4,1,0,28.1,68,180.5,154.2,198.7,182.71428571428572,3.9172390665820567,178.43,-0.9749279121818236,-0.2225209339563146,0.49999999999999994,0.8660254037844387,0.06880242680231986,0.9976303053065857,187.7,196.1
2020-01-05,Andhra Pradesh,SR,14.7504291,78.57002559,187.7,2020,1,6,5,1,0,25.5,79,175.6,181.9,201.8,183.54285714285714,4.310010496064383,177.96,-0.7818314824680299,0.6234898018587334,0.49999999999999994,0.8660254037844387,0.08596479873744647,0.9962981749346078,189.2,182.5
2020-01-13,Andhra Pradesh,SR,14.7504291,78.57002559,189.2,2020,1,0,13,0,0,24.9,67,187.7,186.9,197.6,183.8714285714286,4.680354076959232,177.67999999999998,0.0,1.0,0.49999999999999994,0.8660254037844387,0.2219215130041655,0.9750645322571948,192.3,188.4
2020-01-14,Andhra Pradesh,SR,14.7504291,78.57002559,192.3,2020,1,1,14,0,0,24.6,65,189.2,186.6,175.6,184.68571428571428,5.633065645935896,178.23666666666668,0.7818314824680298,0.6234898018587336,0.49999999999999994,0.8660254037844387,0.2386727660059501,0.9711000518829505,197.4,185.9
2020-01-15,Andhra Pradesh,SR,14.7504291,78.57002559,197.4,2020,1,2,15,0,0,23.7,66,192.3,183.0,180.6,186.7428571428571,7.298140663405419,178.79666666666665,0.9749279121818236,-0.22252093395631434,0.49999999999999994,0.8660254037844387,0.255353295116187,0.9668478136052775,200.0,187.1
2020-01-16,Andhra Pradesh,SR,14.7504291,78.57002559,200.0,2020,1,3,16,0,0,24.7,64,197.4,184.5,178.7,188.95714285714283,8.717579393167865,179.50666666666666,0.43388373911755823,-0.900968867902419,0.49999999999999994,0.8660254037844387,0.2719581575341055,0.9623090774541486,198.5,189.0
2020-01-17,Andhra Pradesh,SR,14.7504291,78.57002559,198.5,2020,1,4,17,0,0,26.0,62,200.0,180.5,180.5,191.5285714285714,8.458075881608186,180.10666666666665,-0.433883739117558,-0.9009688679024191,0.49999999999999994,0.8660254037844387,0.288482432880609,0.9574851883550393,196.1,184.1
2020-01-18,Andhra Pradesh,SR,14.7504291,78.57002559,196.1,2020,1,5,18,1,0,25.9,72,198.5,175.6,174.5,194.45714285714286,4.767549035879779,180.82666666666668,-0.9749279121818236,-0.2225209339563146,0.49999999999999994,0.8660254037844387,0.30492122465628907,0.9523775757303974,182.5,171.8
2020-01-19,Andhra Pradesh,SR,14.7504291,78.57002559,182.5,2020,1,6,19,1,0,27.2,65,196.1,187.7,181.9,193.71428571428572,6.189084092558146,180.84666666666666,-0.7818314824680299,0.6234898018587334,0.49999999999999994,0.8660254037844387,0.3212696616923644,0.9469877530760753,188.4,191.4
2020-01-20,Andhra Pradesh,SR,14.7504291,78.57002559,188.4,2020,1,0,20,0,0,27.1,61,182.5,189.2,185.5,193.59999999999997,6.29285308902046,180.9433333333333,0.0,1.0,0.49999999999999994,0.8660254037844387,0.3375228995941133,0.9413173175128471,185.9,194.1
2020-01-21,Andhra Pradesh,SR,14.7504291,78.57002559,185.9,2020,1,1,21,0,0,26.0,64,188.4,192.3,180.7,192.68571428571428,6.944405079253099,181.11666666666667,0.7818314824680298,0.6234898018587336,0.49999999999999994,0.8660254037844387,0.3536761221763716,0.9353679493131483,187.1,195.9
2020-01-22,Andhra Pradesh,SR,14.7504291,78.57002559,187.1,2020,1,2,22,0,0,25.8,65,185.9,197.4,184.5,191.21428571428572,6.869844387230052,181.20333333333332,0.9749279121818236,-0.22252093395631434,0.49999999999999994,0.8660254037844387,0.3697245428906731,0.9291414114031743,189.0,175.0
2020-01-23,Andhra Pradesh,SR,14.7504291,78.57002559,189.0,2020,1,3,23,0,0,25.8,65,187.1,200.0,186.4,189.64285714285714,5.680333658878221,181.29,0.43388373911755823,-0.900968867902419,0.49999999999999994,0.8660254037844387,0.38566340624360707,0.9226395488404876,184.1,192.0
2020-01-24,Andhra Pradesh,SR,14.7504291,78.57002559,184.1,2020,1,4,24,0,0,26.2,58,189.0,198.5,187.8,187.58571428571432,4.401677169529389,181.16666666666666,-0.433883739117558,-0.9009688679024191,0.49999999999999994,0.8660254037844387,0.401487989205973,0.9158642882672872,171.8,191.0
2020-01-25,Andhra Pradesh,SR,14.7504291,78.57002559,171.8,2020,1,5,25,1,0,26.3,59,184.1,196.1,189.0,184.1142857142857,5.896165016750831,180.59333333333333,-0.9749279121818236,-0.2225209339563146,0.49999999999999994,0.8660254037844387,0.4171936026123168,0.9088176373395029,191.4,192.4
2020-01-26,Andhra Pradesh,SR,14.7504291,78.57002559,191.4,2020,1,6,26,1,1,27.2,51,171.8,182.5,189.7,185.3857142857143,6.4258406898570835,180.65,-0.7818314824680299,0.6234898018587334,0.49999999999999994,0.8660254037844387,0.4327755925504312,0.901501684131884,194.1,158.5
2020-01-27,Andhra Pradesh,SR,14.7504291,78.57002559,194.1,2020,1,0,27,0,0,28.0,50,191.4,188.4,189.7,186.20000000000002,7.18748913042617,180.79666666666668,0.0,1.0,0.49999999999999994,0.8660254037844387,0.4482293417404106,0.893918596519257,195.9,154.8
2020-01-28,Andhra Pradesh,SR,14.7504291,78.57002559,195.9,2020,1,1,28,0,0,28.5,54,194.1,185.9,155.9,187.62857142857143,8.058890387994401,182.13,0.7818314824680298,0.6234898018587336,0.49999999999999994,0.8660254037844387,0.4635502709028509,0.886070621534138,175.0,158.4
2020-01-29,Andhra Pradesh,SR,14.7504291,78.57002559,175.0,2020,1,2,29,0,0,29.2,52,195.9,187.1,159.7,185.90000000000003,9.380476178389225,182.64,0.9749279121818236,-0.22252093395631434,0.49999999999999994,0.8660254037844387,0.47873384011578846,0.8779600847008882,192.0,159.6
2020-01-30,Andhra Pradesh,SR,14.7504291,78.57002559,192.0,2020,1,3,30,0,0,29.2,55,175.0,189.0,163.0,186.32857142857145,9.611401959081826,183.60666666666665,0.43388373911755823,-0.900968867902419,0.49999999999999994,0.8660254037844387,0.49377555015997715,0.869589389346611,191.0,159.1
2020-01-31,Andhra Pradesh,SR,14.7504291,78.57002559,191.0,2020,1,4,31,0,0,28.4,58,192.0,184.1,160.7,187.31428571428572,9.698183433239246,184.61666666666667,-0.433883739117558,-0.9009688679024191,0.49999999999999994,0.8660254037844387,0.5086709438521044,0.8609610158889943,192.4,160.6
2020-02-01,Andhra Pradesh,SR,14.7504291,78.57002559,192.4,2020,2,5,32,1,0,27.8,59,191.0,171.8,159.3,190.25714285714284,6.938745598174399,185.72,-0.9749279121818236,-0.2225209339563146,0.8660254037844386,0.5000000000000001,0.5234156073655503,0.8520775211013093,158.5,162.2
2020-02-02,Andhra Pradesh,SR,14.7504291,78.57002559,158.5,2020,2,6,33,1,0,27.5,59,192.4,191.4,156.6,185.55714285714285,13.792855293334002,185.78333333333333,-0.7818314824680299,0.6234898018587334,0.8660254037844386,0.5000000000000001,0.5380051715382996,0.8429415373547828,154.8,163.5
2020-02-03,Andhra Pradesh,SR,14.7504291,78.57002559,154.8,2020,2,0,34,0,0,27.3,58,158.5,194.1,154.2,179.94285714285715,17.290831591998465,185.8033333333333,0.0,1.0,0.8660254037844386,0.5000000000000001,0.5524353131676196,0.8335557718385699,158.4,163.3
2020-02-04,Andhra Pradesh,SR,14.7504291,78.57002559,158.4,2020,2,1,35,0,0,26.9,59,154.8,195.9,181.9,174.58571428571426,17.33209244642504,185.02,0.7818314824680298,0.6234898018587336,0.8660254037844386,0.5000000000000001,0.5667017562911176,0.8239230057575542,159.6,161.2
2020-02-05,Andhra Pradesh,SR,14.7504291,78.57002559,159.6,2020,2,2,36,0,0,27.6,54,158.4,175.0,186.9,172.3857142857143,18.225113494976036,184.10999999999999,0.9749279121818236,-0.22252093395631434,0.8660254037844386,0.5000000000000001,0.5808002734538009,0.8140460935082178,159.1,164.6
2020-02-13,Andhra Pradesh,SR,14.7504291,78.57002559,159.1,2020,2,3,44,0,0,26.9,60,159.6,192.0,186.6,167.68571428571428,16.482761557804103,183.19333333333333,0.43388373911755823,-0.900968867902419,0.8660254037844386,0.5000000000000001,0.6870527672236669,0.7266075247685656,160.6,165.0
2020-02-14,Andhra Pradesh,SR,14.7504291,78.57002559,160.6,2020,2,4,45,0,0,27.8,46,159.1,191.0,183.0,163.34285714285713,12.940357689911586,182.4466666666667,-0.433883739117558,-0.9009688679024191,0.8660254037844386,0.5000000000000001,0.699458327051647,0.7146733860429609,162.2,162.8
2020-02-15,Andhra Pradesh,SR,14.7504291,78.57002559,162.2,2020,2,5,46,1,0,27.9,41,160.6,192.4,184.5,159.02857142857144,2.2881683254760157,181.70333333333335,-0.9749279121818236,-0.2225209339563146,0.8660254037844386,0.5000000000000001,0.7116566222817746,0.7025274741691571,163.5,161.7
2020-02-16,Andhra Pradesh,SR,14.7504291,78.57002559,163.5,2020,2,6,47,1,0,27.7,39,162.2,158.5,180.5,159.74285714285716,2.815349086026068,181.13666666666668,-0.7818314824680299,0.6234898018587334,0.8660254037844386,0.5000000000000001,0.7236440382959124,0.6901733882429719,163.3,196.6
2020-02-17,Andhra Pradesh,SR,14.7504291,78.57002559,163.3,2020,2,0,48,0,0,27.1,48,163.5,154.8,175.6,160.95714285714286,2.0598196869761147,180.72666666666666,0.0,1.0,0.8660254037844386,0.5000000000000001,0.7354170229639855,0.6776147890466889,161.2,196.5
2020-02-18,Andhra Pradesh,SR,14.7504291,78.57002559,161.2,2020,2,1,49,0,0,27.8,44,163.3,158.4,187.7,161.35714285714286,1.7251638983550732,179.84333333333333,0.7818314824680298,0.6234898018587336,0.8660254037844386,0.5000000000000001,0.7469720876965552,0.6648553979642865,164.6,195.6
2020-02-19,Andhra Pradesh,SR,14.7504291,78.57002559,164.6,2020,2,2,50,0,0,27.7,50,161.2,159.6,189.2,162.07142857142858,1.9023794624219301,179.02333333333334,0.9749279121818236,-0.22252093395631434,0.8660254037844386,0.5000000000000001,0.7583058084785624,0.6518989958787126,165.0,201.7
2020-02-20,Andhra Pradesh,SR,14.7504291,78.57002559,165.0,2020,2,3,51,0,0,26.8,55,164.6,159.1,192.3,162.91428571428574,1.65773798837219,178.11333333333332,0.43388373911755823,-0.900968867902419,0.8660254037844386,0.5000000000000001,0.7694148268839378,0.6387494220515272,162.8,202.5
2020-02-21,Andhra Pradesh,SR,14.7504291,78.57002559,162.8,2020,2,4,52,0,0,26.3,57,165.0,160.6,197.4,163.22857142857143,1.3199927849719264,176.96,-0.433883739117558,-0.9009688679024191,0.8660254037844386,0.5000000000000001,0.7802958510707755,0.6254105729852463,161.7,199.1
2020-02-22,Andhra Pradesh,SR,14.7504291,78.57002559,161.7,2020,2,5,53,1,0,27.3,57,162.8,162.2,200.0,163.15714285714284,1.3962534904238582,175.68333333333334,-0.9749279121818236,-0.2225209339563146,0.8660254037844386,0.5000000000000001,0.7909456567567772,0.6118864012687243,196.6,194.3
2020-02-23,Andhra Pradesh,SR,14.7504291,78.57002559,196.6,2020,2,6,54,1,0,27.8,58,161.7,163.5,198.5,167.8857142857143,12.737664434192466,175.62,-0.7818314824680299,0.6234898018587334,0.8660254037844386,0.5000000000000001,0.8013610881746766,0.5981809144059165,196.5,161.9
2020-02-24,Andhra Pradesh,SR,14.7504291,78.57002559,196.5,2020,2,0,55,0,0,28.3,56,196.6,163.3,196.1,172.6285714285714,16.400072589850847,175.63333333333333,0.0,1.0,0.8660254037844386,0.5000000000000001,0.8115390590073611,0.5842981736283684,195.6,161.3
2020-02-25,Andhra Pradesh,SR,14.7504291,78.57002559,195.6,2020,2,1,56,0,0,29.0,55,196.5,161.2,182.5,177.54285714285714,17.520450635648224,176.07000000000002,0.7818314824680298,0.6234898018587336,0.8660254037844386,0.5000000000000001,0.8214765533024142,0.5702422926917871,201.7,166.8
2020-02-26,Andhra Pradesh,SR,14.7504291,78.57002559,201.7,2020,2,2,57,0,0,28.7,60,195.6,164.6,188.4,182.84285714285716,18.534729306795544,176.51333333333335,0.9749279121818236,-0.22252093395631434,0.8660254037844386,0.5000000000000001,0.8311706263658079,0.5560174366570446,202.5,168.6
2020-02-27,Andhra Pradesh,SR,14.7504291,78.57002559,202.5,2020,2,3,58,0,0,28.8,58,201.7,165.0,185.9,188.20000000000002,17.927446369556595,177.06666666666666,0.43388373911755823,-0.900968867902419,0.8660254037844386,0.5000000000000001,0.8406184056344782,0.5416278206559814,199.1,171.5
2020-02-28,Andhra Pradesh,SR,14.7504291,78.57002559,199.1,2020,2,4,59,0,0,28.7,55,202.5,162.8,187.1,193.3857142857143,14.223036311025716,177.46666666666667,-0.433883739117558,-0.9009688679024191,0.8660254037844386,0.5000000000000001,0.8498170915275278,0.5270777086423722,194.3,171.3
2020-02-29,Andhra Pradesh,SR,14.7504291,78.57002559,194.3,2020,2,5,60,1,0,28.9,55,199.1,161.7,189.0,198.04285714285714,3.1304191108407986,177.64333333333335,-0.9749279121818236,-0.2225209339563146,0.8660254037844386,0.5000000000000001,0.8587639582758029,0.5123714121284237,161.9,170.8
2020-03-01,Andhra Pradesh,SR,14.7504291,78.57002559,161.9,2020,3,6,61,1,0,29.1,53,194.3,196.6,184.1,193.08571428571432,14.089053501616862,176.90333333333334,-0.7818314824680299,0.6234898018587334,1.0,6.123233995736766e-17,0.8674563547295969,0.49751328890718066,161.3,169.3
2020-03-02,Andhra Pradesh,SR,14.7504291,78.57002559,161.3,2020,3,0,62,0,0,28.8,50,161.9,196.5,171.8,188.05714285714288,18.31519015670284,176.5533333333333,0.0,1.0,1.0,6.123233995736766e-17,0.8758917051442429,0.48250774176121847,166.8,179.4
2020-03-03,Andhra Pradesh,SR,14.7504291,78.57002559,166.8,2020,3,1,63,0,0,30.2,45,161.3,195.6,191.4,183.94285714285712,19.532695422705622,175.73333333333332,0.7818314824680298,0.6234898018587336,1.0,6.123233995736766e-17,0.8840675099433636,0.4673592171580022,168.6,175.1
2020-03-04,Andhra Pradesh,SR,14.7504291,78.57002559,168.6,2020,3,2,64,0,0,30.6,44,166.8,201.7,194.1,179.21428571428575,18.49652477011355,174.88333333333333,0.9749279121818236,-0.22252093395631434,1.0,6.123233995736766e-17,0.8919813464595485,0.45207220393230435,171.5,182.5
2020-03-05,Andhra Pradesh,SR,14.7504291,78.57002559,171.5,2020,3,3,65,0,0,31.0,49,168.6,202.5,195.9,174.78571428571428,15.452769824147753,174.07000000000002,0.43388373911755823,-0.900968867902419,1.0,6.123233995736766e-17,0.8996308696522433,0.43665123195606403,171.3,188.4
2020-03-13,Andhra Pradesh,SR,14.7504291,78.57002559,171.3,2020,3,4,73,0,0,30.7,48,171.5,199.1,175.0,170.81428571428572,11.130203438007108,173.9466666666667,-0.433883739117558,-0.9009688679024191,1.0,6.123233995736766e-17,0.9510565162951535,0.30901699437494745,170.8,185.9
2020-03-14,Andhra Pradesh,SR,14.7504291,78.57002559,170.8,2020,3,5,74,1,0,30.0,53,171.3,194.3,192.0,167.45714285714286,4.336226140649745,173.23999999999998,-0.9749279121818236,-0.2225209339563146,1.0,6.123233995736766e-17,0.9562348265919056,0.29260033563334836,169.3,187.1
2020-03-15,Andhra Pradesh,SR,14.7504291,78.57002559,169.3,2020,3,6,75,1,0,29.6,56,170.8,161.9,191.0,168.5142857142857,3.5941751818869614,172.51666666666668,-0.7818314824680299,0.6234898018587334,1.0,6.123233995736766e-17,0.9611297838723007,0.27609697309746883,179.4,162.0
2020-03-16,Andhra Pradesh,SR,14.7504291,78.57002559,179.4,2020,3,0,76,0,0,30.1,56,169.3,161.3,192.4,171.1,4.024094100953656,172.08333333333334,0.0,1.0,1.0,6.123233995736766e-17,0.9657399376548549,0.2595117970697999,175.1,164.1
2020-03-17,Andhra Pradesh,SR,14.7504291,78.57002559,175.1,2020,3,1,77,0,0,31.0,49,179.4,166.8,158.5,172.28571428571428,3.760065855552506,172.63666666666666,0.7818314824680298,0.6234898018587336,1.0,6.123233995736766e-17,0.9700639218515071,0.2428497220959356,182.5,160.3
2020-03-18,Andhra Pradesh,SR,14.7504291,78.57002559,182.5,2020,3,2,78,0,0,31.6,43,175.1,168.6,154.8,174.27142857142854,4.9661233323767995,173.56,0.9749279121818236,-0.22252093395631434,1.0,6.123233995736766e-17,0.9741004551724205,0.22611568550828828,188.4,155.6
2020-03-19,Andhra Pradesh,SR,14.7504291,78.57002559,188.4,2020,3,3,79,0,0,32.2,42,182.5,171.5,158.4,176.68571428571428,7.06055440963559,174.56,0.43388373911755823,-0.900968867902419,1.0,6.123233995736766e-17,0.9778483415056568,0.20931464596304847,185.9,146.435
2020-03-20,Andhra Pradesh,SR,14.7504291,78.57002559,185.9,2020,3,4,80,0,0,31.8,45,188.4,171.3,159.6,178.77142857142857,7.354752269952858,175.43666666666667,-0.433883739117558,-0.9009688679024191,1.0,6.123233995736766e-17,0.9813064702716093,0.19245158197082998,187.1,146.435
2020-03-21,Andhra Pradesh,SR,14.7504291,78.57002559,187.1,2020,3,5,81,1,0,32.8,43,185.9,170.8,159.1,181.1,6.981165136756333,176.37,-0.9749279121818236,-0.2225209339563146,1.0,6.123233995736766e-17,0.9844738167520922,0.1755314904214282,162.0,148.7
2020-03-22,Andhra Pradesh,SR,14.7504291,78.57002559,162.0,2020,3,6,82,1,0,32.3,44,187.1,169.3,160.6,180.05714285714288,9.222952734501721,176.41666666666666,-0.7818314824680299,0.6234898018587334,1.0,6.123233995736766e-17,0.9873494423939864,0.15855938510313475,164.1,164.0
2020-03-23,Andhra Pradesh,SR,14.7504291,78.57002559,164.1,2020,3,0,83,0,0,31.7,51,162.0,179.4,162.2,177.87142857142857,11.038827577497088,176.48,0.0,1.0,1.0,6.123233995736766e-17,0.989932495087353,0.141540295217043,160.3,167.9
2020-03-24,Andhra Pradesh,SR,14.7504291,78.57002559,160.3,2020,3,1,84,0,0,31.3,49,164.1,175.1,163.5,175.7571428571429,12.915863262264741,176.37333333333333,0.7818314824680298,0.6234898018587336,1.0,6.123233995736766e-17,0.9922222094179323,0.12447926388678915,155.6,173.5
2020-03-25,Andhra Pradesh,SR,14.7504291,78.57002559,155.6,2020,3,2,85,0,0,31.3,46,160.3,182.5,163.3,171.91428571428574,14.482107186850445,176.11666666666667,0.9749279121818236,-0.22252093395631434,1.0,6.123233995736766e-17,0.994217906893952,0.10738134666416309,146.435,173.5
2020-03-26,Andhra Pradesh,SR,14.7504291,78.57002559,146.435,2020,3,3,86,0,0,31.1,47,155.6,188.4,161.2,165.9192857142857,15.188941270041159,175.62449999999998,0.43388373911755823,-0.900968867902419,1.0,6.123233995736766e-17,0.995918996147179,0.09025161003104117,146.435,171.0
2020-03-27,Andhra Pradesh,SR,14.7504291,78.57002559,146.435,2020,3,4,87,0,0,30.9,44,146.435,185.9,164.6,160.28142857142856,13.796944321807137,175.01900000000003,-0.433883739117558,-0.9009688679024191,1.0,6.123233995736766e-17,0.9973249731081555,0.07309512989807777,148.7,164.9
2020-03-28,Andhra Pradesh,SR,14.7504291,78.57002559,148.7,2020,3,5,88,1,0,31.3,38,146.435,187.1,165.0,154.79571428571427,7.597985713645525,174.47566666666668,-0.9749279121818236,-0.2225209339563146,1.0,6.123233995736766e-17,0.9984354211555643,0.055916990100603484,164.0,165.1
2020-03-29,Andhra Pradesh,SR,14.7504291,78.57002559,164.0,2020,3,6,89,1,0,32.3,33,148.7,162.0,162.8,155.08142857142857,7.943782009788989,174.51566666666668,-0.7818314824680299,0.6234898018587334,1.0,6.123233995736766e-17,0.9992500112396835,0.03872228089217446,167.9,190.0
2020-03-30,Andhra Pradesh,SR,14.7504291,78.57002559,167.9,2020,3,0,90,0,0,32.0,34,164.0,164.1,161.7,155.6242857142857,8.751574348163198,174.72233333333332,0.0,1.0,1.0,6.123233995736766e-17,0.9997685019798909,0.021516097436222254,173.5,192.6
2020-03-31,Andhra Pradesh,SR,14.7504291,78.57002559,173.5,2020,3,1,91,0,0,32.0,36,167.9,160.3,196.6,157.51,11.047833498021193,173.9523333333333,0.7818314824680298,0.6234898018587336,1.0,6.123233995736766e-17,0.9999907397361901,0.004303538296244289,173.5,193.0
2020-04-01,Andhra Pradesh,SR,14.7504291,78.57002559,173.5,2020,4,2,92,0,0,33.1,35,173.5,155.6,196.5,160.06714285714287,12.50724385344439,173.18566666666666,0.9749279121818236,-0.22252093395631434,0.8660254037844387,-0.4999999999999998,0.9999166586547379,-0.01291029607500882,171.0,201.0
2020-04-02,Andhra Pradesh,SR,14.7504291,78.57002559,171.0,2020,4,3,93,0,1,34.0,31,173.5,146.435,195.6,163.57642857142858,11.446057077397677,172.36566666666664,0.43388373911755823,-0.900968867902419,0.8660254037844387,-0.4999999999999998,0.9995462806873573,-0.030120304846908114,164.9,199.4
2020-04-03,Andhra Pradesh,SR,14.7504291,78.57002559,164.9,2020,4,4,94,0,0,33.3,39,171.0,146.435,201.7,166.21428571428572,8.614799005476517,171.139,-0.433883739117558,-0.9009688679024191,0.8660254037844387,-0.4999999999999998,0.9988797155850336,-0.04732138832243185,165.1,197.4
2020-04-04,Andhra Pradesh,SR,14.7504291,78.57002559,165.1,2020,4,5,95,1,0,32.0,45,164.9,148.7,202.5,168.55714285714285,4.110092108804111,169.8923333333333,-0.9749279121818236,-0.2225209339563146,0.8660254037844387,-0.4999999999999998,0.9979171608653922,-0.06450844944931623,190.0,195.0
2020-04-05,Andhra Pradesh,SR,14.7504291,78.57002559,190.0,2020,4,6,96,1,0,32.8,48,165.1,164.0,199.1,172.27142857142854,8.600526008276688,169.589,-0.7818314824680299,0.6234898018587334,0.8660254037844387,-0.4999999999999998,0.9966589017541702,-0.08167639533042241,192.6,164.0
2020-04-13,Andhra Pradesh,SR,14.7504291,78.57002559,192.6,2020,4,0,104,0,0,32.9,35,190.0,167.9,194.3,175.8,11.186301146193458,169.53233333333336,0.0,1.0,0.8660254037844387,-0.4999999999999998,0.9760105506323683,-0.21772323039653177,193.0,166.7
2020-04-14,Andhra Pradesh,SR,14.7504291,78.57002559,193.0,2020,4,1,105,0,1,32.5,38,192.6,173.5,161.9,178.58571428571432,12.825940975412184,170.569,0.7818314824680298,0.6234898018587336,0.8660254037844387,-0.4999999999999998,0.9721181966290613,-0.23449138957040985,201.0,165.9
2020-04-15,Andhra Pradesh,SR,14.7504291,78.57002559,201.0,2020,4,2,106,0,0,32.3,43,193.0,173.5,161.3,182.51428571428573,15.030682904360116,171.89233333333334,0.9749279121818236,-0.22252093395631434,0.8660254037844387,-0.4999999999999998,0.9679377830240642,-0.25119006388481935,199.4,169.2
2020-04-16,Andhra Pradesh,SR,14.7504291,78.57002559,199.4,2020,4,3,107,0,0,33.4,41,201.0,171.0,166.8,186.57142857142858,15.236219378585208,172.97899999999998,0.43388373911755823,-0.900968867902419,0.8660254037844387,-0.4999999999999998,0.9634705485641488,-0.2678143051621742,197.4,172.9
2020-04-17,Andhra Pradesh,SR,14.7504291,78.57002559,197.4,2020,4,4,108,0,0,33.9,42,199.4,164.9,168.6,191.21428571428572,12.17626496801965,173.939,-0.433883739117558,-0.9009688679024191,0.8660254037844387,-0.4999999999999998,0.9587178169872964,-0.2843591872810034,195.0,172.6
2020-04-18,Andhra Pradesh,SR,14.7504291,78.57002559,195.0,2020,4,5,109,1,0,33.9,44,197.4,165.1,171.5,195.4857142857143,3.9629234038466072,174.72233333333332,-0.9749279121818236,-0.2225209339563146,0.8660254037844387,-0.4999999999999998,0.9536809966304457,-0.30081980763566735,164.0,167.2
2020-04-19,Andhra Pradesh,SR,14.7504291,78.57002559,164.0,2020,4,6,110,1,0,33.2,47,195.0,190.0,171.3,191.77142857142857,12.641955846270056,174.47899999999998,-0.7818314824680299,0.6234898018587334,0.8660254037844387,-0.4999999999999998,0.9483615800121715,-0.3171912885891061,166.7,174.6
2020-04-20,Andhra Pradesh,SR,14.7504291,78.57002559,166.7,2020,4,0,111,0,0,33.3,45,164.0,192.6,170.8,188.07142857142858,15.763746835245394,174.34233333333336,0.0,1.0,0.8660254037844387,-0.4999999999999998,0.9427611433904207,-0.3334687789181868,165.9,183.4
2020-04-21,Andhra Pradesh,SR,14.7504291,78.57002559,165.9,2020,4,1,112,0,0,33.5,39,166.7,193.0,169.3,184.2,17.575266712058617,174.22899999999998,0.7818314824680298,0.6234898018587336,0.8660254037844387,-0.4999999999999998,0.9368813462954315,-0.3496474552512284,169.2,193.4
2020-04-22,Andhra Pradesh,SR,14.7504291,78.57002559,169.2,2020,4,2,113,0,0,34.4,43,165.9,201.0,179.4,179.65714285714284,16.591348864479162,173.889,0.9749279121818236,-0.22252093395631434,0.8660254037844387,-0.4999999999999998,0.9307239310379795,-0.36572252349726897,172.9,184.1
2020-04-23,Andhra Pradesh,SR,14.7504291,78.57002559,172.9,2020,4,3,114,0,0,35.2,43,169.2,199.4,175.1,175.8714285714286,14.18446500996937,173.8156666666667,0.43388373911755823,-0.900968867902419,0.8660254037844387,-0.4999999999999998,0.9242907221930933,-0.3816892202666588,172.6,187.5
2020-04-24,Andhra Pradesh,SR,14.7504291,78.57002559,172.6,2020,4,4,115,0,0,35.4,40,172.9,197.4,182.5,172.32857142857142,10.540037047011722,173.48566666666667,-0.433883739117558,-0.9009688679024191,0.8660254037844387,-0.4999999999999998,0.9175836260593937,-0.39754281428255595,167.2,187.2
2020-04-25,Andhra Pradesh,SR,14.7504291,78.57002559,167.2,2020,4,5,116,1,0,35.2,41,172.6,195.0,188.4,168.35714285714286,3.3777986632603585,172.779,-0.9749279121818236,-0.2225209339563146,0.8660254037844387,-0.4999999999999998,0.9106046300942162,-0.4132786077829042,174.6,189.7
2020-04-26,Andhra Pradesh,SR,14.7504291,78.57002559,174.6,2020,4,6,117,1,0,35.5,40,167.2,164.0,185.9,169.87142857142857,3.4735737052369386,172.40233333333333,-0.7818314824680299,0.6234898018587334,0.8660254037844387,-0.4999999999999998,0.9033558023246845,-0.4288919379124835,183.4,163.9
2020-04-27,Andhra Pradesh,SR,14.7504291,78.57002559,183.4,2020,4,0,118,0,0,35.3,39,174.6,166.7,187.1,172.25714285714284,5.85259405245705,172.279,0.0,1.0,0.8660254037844387,-0.4999999999999998,0.895839290734909,-0.4443781781046132,193.4,167.5
2020-04-28,Andhra Pradesh,SR,14.7504291,78.57002559,193.4,2020,4,1,119,0,0,32.9,56,183.4,165.9,162.0,176.1857142857143,9.165956682461433,173.32566666666665,0.7818314824680298,0.6234898018587336,0.8660254037844387,-0.4999999999999998,0.8880573226294932,-0.45973273945210397,184.1,170.6
2020-04-29,Andhra Pradesh,SR,14.7504291,78.57002559,184.1,2020,4,2,120,0,0,31.9,52,193.4,169.2,164.1,178.31428571428572,9.001931009775557,173.99233333333333,0.9749279121818236,-0.22252093395631434,0.8660254037844387,-0.4999999999999998,0.8800122039735357,-0.47495107206704995,187.5,171.9
2020-04-30,Andhra Pradesh,SR,14.7504291,78.57002559,187.5,2020,4,3,121,0,0,34.2,38,184.1,172.9,160.3,180.4,9.226953271078322,174.899,0.43388373911755823,-0.900968867902419,0.8660254037844387,-0.4999999999999998,0.8717063187093218,-0.4900286664290592,187.2,171.7
2020-05-01,Andhra Pradesh,SR,14.7504291,78.57002559,187.2,2020,5,4,122,0,0,35.1,42,187.5,172.6,155.6,182.4857142857143,8.810680747711322,175.9523333333333,-0.433883739117558,-0.9009688679024191,0.49999999999999994,-0.8660254037844387,0.8631421280499114,-0.5049610547215204,189.7,174.8
2020-05-02,Andhra Pradesh,SR,14.7504291,78.57002559,189.7,2020,5,5,123,1,0,35.6,38,187.2,167.2,146.435,185.7,5.941941321374806,177.3945,-0.9749279121818236,-0.2225209339563146,0.49999999999999994,-0.8660254037844387,0.854322169749827,-0.5197438121555155,163.9,177.3
2020-05-03,Andhra Pradesh,SR,14.7504291,78.57002559,163.9,2020,5,6,124,1,0,35.6,40,189.7,174.6,146.435,184.17142857142858,9.552611211201679,177.97666666666663,-0.7818314824680299,0.6234898018587334,0.49999999999999994,-0.8660254037844387,0.8452490573530633,-0.5343725582809786,167.5,184.4
2020-05-04,Andhra Pradesh,SR,14.7504291,78.57002559,167.5,2020,5,0,125,0,0,35.5,39,163.9,183.4,148.7,181.9,11.465455362377122,178.60333333333335,0.0,1.0,0.49999999999999994,-0.8660254037844387,0.8359254794186372,-0.548842958284719,170.6,180.6
2020-05-05,Andhra Pradesh,SR,14.7504291,78.57002559,170.6,2020,5,1,126,0,0,35.9,37,167.5,193.4,164.0,178.64285714285714,10.877477823903863,178.82333333333332,0.7818314824680298,0.6234898018587336,0.49999999999999994,-0.8660254037844387,0.8263541987239096,-0.5631507242749186,171.9,184.6
2020-05-13,Andhra Pradesh,SR,14.7504291,78.57002559,171.9,2020,5,2,134,0,0,34.0,47,170.6,184.1,167.9,176.9,10.834666584625342,178.95666666666668,0.9749279121818236,-0.22252093395631434,0.49999999999999994,-0.8660254037844387,0.7412220108485958,-0.6712599575675313,171.7,189.5
2020-05-14,Andhra Pradesh,SR,14.7504291,78.57002559,171.7,2020,5,3,135,0,0,34.3,46,171.9,187.5,173.5,174.64285714285714,9.860334196982782,178.89666666666668,0.43388373911755823,-0.900968867902419,0.49999999999999994,-0.8660254037844387,0.7295575540864875,-0.6839194216246106,174.8,188.1
2020-05-15,Andhra Pradesh,SR,14.7504291,78.57002559,174.8,2020,5,4,136,0,0,33.7,47,171.7,187.2,173.5,172.87142857142857,8.202990163290808,178.94000000000003,-0.433883739117558,-0.9009688679024191,0.49999999999999994,-0.8660254037844387,0.717676913675962,-0.6963762255968722,177.3,187.4
2020-05-16,Andhra Pradesh,SR,14.7504291,78.57002559,177.3,2020,5,5,137,1,0,34.1,45,174.8,189.7,171.0,171.1,4.4380926834244185,179.15,-0.9749279121818236,-0.2225209339563146,0.49999999999999994,-0.8660254037844387,0.705583610107178,-0.7086266782644596,184.4,180.5
2020-05-17,Andhra Pradesh,SR,14.7504291,78.57002559,184.4,2020,5,6,138,1,0,33.7,49,177.3,163.9,164.9,174.02857142857144,5.525611364580301,179.8,-0.7818314824680299,0.6234898018587334,0.49999999999999994,-0.8660254037844387,0.6932812268869777,-0.7206671495538609,180.6,151.6
2020-05-18,Andhra Pradesh,SR,14.7504291,78.57002559,180.6,2020,5,0,139,0,0,33.8,48,184.4,167.5,165.1,175.9,5.151698748956267,180.31666666666666,0.0,1.0,0.49999999999999994,-0.8660254037844387,0.6807734094770161,-0.7324940716135789,184.6,152.6
2020-05-19,Andhra Pradesh,SR,14.7504291,78.57002559,184.6,2020,5,1,140,0,0,35.0,42,180.6,170.6,190.0,177.9,5.4595482108562585,180.13666666666668,0.7818314824680298,0.6234898018587336,0.49999999999999994,-0.8660254037844387,0.6680638642135335,-0.7441039398713607,189.5,153.2
2020-05-20,Andhra Pradesh,SR,14.7504291,78.57002559,189.5,2020,5,2,141,0,0,34.9,39,184.6,171.9,192.6,180.41428571428574,6.233626170864907,180.03333333333333,0.9749279121818236,-0.22252093395631434,0.49999999999999994,-0.8660254037844387,0.6551563572090853,-0.7554933140726803,188.1,156.4
2020-05-21,Andhra Pradesh,SR,14.7504291,78.57002559,188.1,2020,5,3,142,0,0,35.3,34,189.5,171.7,193.0,182.7571428571429,5.44452542861665,179.87,0.43388373911755823,-0.900968867902419,0.49999999999999994,-0.8660254037844387,0.6420547132365637,-0.766658819300159,187.4,156.0
