timestamp,node_id,region,latitude,longitude,consumption_mu,year,month,dayofweek,dayofyear,is_weekend,is_holiday,temperature_c,humidity,lag_1d,lag_7d,lag_30d,roll_mean_7d,roll_std_7d,roll_mean_30d,dow_sin,dow_cos,month_sin,month_cos,doy_sin,doy_cos,target_next_1d,target_next_7d
2019-02-02,Kerala,SR,8.900372741,76.56999263,70.2,2019,2,5,33,1,0,27.2,66,69.3,74.8,72.7,75.14285714285714,6.069831722779204,72.56,-0.9749279121818236,-0.2225209339563146,0.8660254037844386,0.5000000000000001,0.5380051715382996,0.8429415373547828,70.3,63.5
2019-02-03,Kerala,SR,8.900372741,76.56999263,70.3,2019,2,6,34,1,0,27.6,64,70.2,80.7,73.6,73.65714285714286,5.747131789816854,72.45,-0.7818314824680299,0.6234898018587334,0.8660254037844386,0.5000000000000001,0.5524353131676196,0.8335557718385699,71.4,60.6
2019-02-04,Kerala,SR,8.900372741,76.56999263,71.4,2019,2,0,35,0,0,28.4,60,70.3,81.9,73.4,72.15714285714286,4.464249523662796,72.38333333333334,0.0,1.0,0.8660254037844386,0.5000000000000001,0.5667017562911176,0.8239230057575542,71.4,62.3
2019-02-05,Kerala,SR,8.900372741,76.56999263,71.4,2019,2,1,36,0,0,28.4,69,71.4,80.8,75.4,70.81428571428572,2.339108499285213,72.25,0.7818314824680298,0.6234898018587336,0.8660254037844386,0.5000000000000001,0.5808002734538009,0.8140460935082178,71.7,65.0
2019-02-06,Kerala,SR,8.900372741,76.56999263,71.7,2019,2,2,37,0,0,27.5,76,71.4,75.3,75.4,70.3,1.3928388277183317,72.12666666666668,0.9749279121818236,-0.22252093395631434,0.8660254037844386,0.5000000000000001,0.5947266869607634,0.8039279618328213,64.6,60.3
2019-02-07,Kerala,SR,8.900372741,76.56999263,64.6,2019,2,3,38,0,0,27.6,75,71.7,67.8,74.9,69.84285714285714,2.4636403571795182,71.78333333333333,0.43388373911755823,-0.900968867902419,0.8660254037844386,0.5000000000000001,0.6084768701151261,0.7935716089521474,64.4,68.8
2019-02-08,Kerala,SR,8.900372741,76.56999263,64.4,2019,2,4,39,0,0,27.9,74,64.6,69.3,68.2,69.14285714285714,3.2227613123205887,71.65666666666668,-0.433883739117558,-0.9009688679024191,0.8660254037844386,0.5000000000000001,0.6220467484408675,0.7829801036770629,63.5,70.1
2019-02-09,Kerala,SR,8.900372741,76.56999263,63.5,2019,2,5,40,1,0,26.8,85,64.4,70.2,67.9,68.18571428571428,3.7997493651680685,71.51,-0.9749279121818236,-0.2225209339563146,0.8660254037844386,0.5000000000000001,0.6354323008901774,0.7721565844991642,60.6,70.9
2019-02-10,Kerala,SR,8.900372741,76.56999263,60.6,2019,2,6,41,1,0,26.5,85,63.5,70.3,68.9,66.8,4.587301312681928,71.23333333333333,-0.7818314824680299,0.6234898018587334,0.8660254037844386,0.5000000000000001,0.6486295610349814,0.7611042586607747,62.3,70.8
2019-02-11,Kerala,SR,8.900372741,76.56999263,62.3,2019,2,0,42,0,0,27.9,71,60.6,71.4,67.4,65.5,4.349712634186322,71.06333333333332,0.0,1.0,0.8660254037844386,0.5000000000000001,0.6616346182422783,0.7498264012045686,65.0,70.6
2019-02-12,Kerala,SR,8.900372741,76.56999263,65.0,2019,2,1,43,0,0,28.6,60,62.3,71.4,69.9,64.58571428571429,3.4906678307684995,70.9,0.7818314824680298,0.6234898018587336,0.8660254037844386,0.5000000000000001,0.6744436188329455,0.7383263540031065,60.3,70.2
2019-02-13,Kerala,SR,8.900372741,76.56999263,60.3,2019,2,2,44,0,0,28.1,60,65.0,71.7,72.4,62.957142857142856,1.9277423261916247,70.49666666666667,0.9749279121818236,-0.22252093395631434,0.8660254037844386,0.5000000000000001,0.6870527672236669,0.7266075247685656,68.8,64.3
2019-02-14,Kerala,SR,8.900372741,76.56999263,68.8,2019,2,3,45,0,0,27.7,64,60.3,64.6,69.6,63.55714285714286,2.921675970430442,70.47,0.43388373911755823,-0.900968867902419,0.8660254037844386,0.5000000000000001,0.699458327051647,0.7146733860429609,70.1,85.6
2019-02-15,Kerala,SR,8.900372741,76.56999263,70.1,2019,2,4,46,0,0,28.0,72,68.8,64.4,64.2,64.37142857142858,3.8443526918127255,70.66666666666667,-0.433883739117558,-0.9009688679024191,0.8660254037844386,0.5000000000000001,0.7116566222817746,0.7025274741691571,70.9,87.3
2019-02-16,Kerala,SR,8.900372741,76.56999263,70.9,2019,2,5,47,1,0,27.9,77,70.1,63.5,68.5,65.42857142857143,4.522430867617661,70.74666666666667,-0.9749279121818236,-0.2225209339563146,0.8660254037844386,0.5000000000000001,0.7236440382959124,0.6901733882429719,70.8,79.6
2019-02-17,Kerala,SR,8.900372741,76.56999263,70.8,2019,2,6,48,1,0,27.7,80,70.9,60.6,70.3,66.88571428571429,4.347193949905527,70.76333333333334,-0.7818314824680299,0.6234898018587334,0.8660254037844386,0.5000000000000001,0.7354170229639855,0.6776147890466889,70.6,85.1
2019-02-18,Kerala,SR,8.900372741,76.56999263,70.6,2019,2,0,49,0,0,28.0,77,70.8,62.3,71.6,68.07142857142857,4.006542268887331,70.73,0.0,1.0,0.8660254037844386,0.5000000000000001,0.7469720876965552,0.6648553979642865,70.2,84.1
2019-02-19,Kerala,SR,8.900372741,76.56999263,70.2,2019,2,1,50,0,0,28.1,76,70.6,65.0,72.6,68.81428571428572,3.8198728475472072,70.65,0.7818314824680298,0.6234898018587336,0.8660254037844386,0.5000000000000001,0.7583058084785624,0.6518989958787126,64.3,81.7
2019-02-20,Kerala,SR,8.900372741,76.56999263,64.3,2019,2,2,51,0,0,28.6,70,70.2,60.3,72.4,69.38571428571429,2.3504812070641417,70.38000000000001,0.9749279121818236,-0.22252093395631434,0.8660254037844386,0.5000000000000001,0.7694148268839378,0.6387494220515272,85.6,77.6
2019-02-21,Kerala,SR,8.900372741,76.56999263,85.6,2019,2,3,52,0,0,28.6,65,64.3,68.8,72.1,71.78571428571428,6.524167525804459,70.83,0.43388373911755823,-0.900968867902419,0.8660254037844386,0.5000000000000001,0.7802958510707755,0.6254105729852463,87.3,72.1
2019-02-22,Kerala,SR,8.900372741,76.56999263,87.3,2019,2,4,53,0,0,28.4,60,85.6,70.1,65.5,74.24285714285715,8.66965150065771,71.55666666666666,-0.433883739117558,-0.9009688679024191,0.8660254037844386,0.5000000000000001,0.7909456567567772,0.6118864012687243,79.6,74.2
2019-02-23,Kerala,SR,8.900372741,76.56999263,79.6,2019,2,5,54,1,0,28.1,59,87.3,70.9,82.3,75.48571428571428,8.733924007651305,71.46666666666667,-0.9749279121818236,-0.2225209339563146,0.8660254037844386,0.5000000000000001,0.8013610881746766,0.5981809144059165,85.1,75.0
2019-02-24,Kerala,SR,8.900372741,76.56999263,85.1,2019,2,6,55,1,0,27.5,60,79.6,70.8,79.5,77.52857142857144,9.11915827360435,71.65333333333335,-0.7818314824680299,0.6234898018587334,0.8660254037844386,0.5000000000000001,0.8115390590073611,0.5842981736283684,84.1,74.1
2019-02-25,Kerala,SR,8.900372741,76.56999263,84.1,2019,2,0,56,0,0,27.6,72,85.1,70.6,74.8,79.45714285714284,8.832677423985851,71.96333333333334,0.0,1.0,0.8660254037844386,0.5000000000000001,0.8214765533024142,0.5702422926917871,81.7,75.0
2019-02-26,Kerala,SR,8.900372741,76.56999263,81.7,2019,2,1,57,0,0,28.1,73,84.1,70.2,80.7,81.1,7.837303958207316,71.99666666666667,0.7818314824680298,0.6234898018587336,0.8660254037844386,0.5000000000000001,0.8311706263658079,0.5560174366570446,77.6,73.7
2019-02-27,Kerala,SR,8.900372741,76.56999263,77.6,2019,2,2,58,0,0,28.1,70,81.7,64.3,81.9,83.0,3.494757979221435,71.85333333333332,0.9749279121818236,-0.22252093395631434,0.8660254037844386,0.5000000000000001,0.8406184056344782,0.5416278206559814,72.1,67.0
2019-02-28,Kerala,SR,8.900372741,76.56999263,72.1,2019,2,3,59,0,0,28.7,70,77.6,85.6,80.8,81.07142857142857,5.152576794095008,71.56333333333333,0.43388373911755823,-0.900968867902419,0.8660254037844386,0.5000000000000001,0.8498170915275278,0.5270777086423722,74.2,62.9
2019-03-02,Kerala,SR,8.900372741,76.56999263,74.2,2019,3,5,61,1,0,28.8,73,72.1,87.3,75.3,79.2,4.885352256149564,71.52666666666667,-0.9749279121818236,-0.2225209339563146,1.0,6.123233995736766e-17,0.8674563547295969,0.49751328890718066,75.0,63.4
2019-03-03,Kerala,SR,8.900372741,76.56999263,75.0,2019,3,6,62,1,0,27.8,76,74.2,79.6,67.8,78.54285714285713,5.126030674526784,71.76666666666667,-0.7818314824680299,0.6234898018587334,1.0,6.123233995736766e-17,0.8758917051442429,0.48250774176121847,74.1,61.7
2019-03-04,Kerala,SR,8.900372741,76.56999263,74.1,2019,3,0,63,0,1,27.9,75,75.0,85.1,69.3,76.97142857142856,4.418036624910077,71.92666666666666,0.0,1.0,1.0,6.123233995736766e-17,0.8840675099433636,0.4673592171580022,75.0,65.6
2019-03-05,Kerala,SR,8.900372741,76.56999263,75.0,2019,3,1,64,0,0,28.3,75,74.1,84.1,70.2,75.67142857142856,3.1186077479724204,72.08666666666666,0.7818314824680298,0.6234898018587336,1.0,6.123233995736766e-17,0.8919813464595485,0.45207220393230435,73.7,65.6
2019-03-06,Kerala,SR,8.900372741,76.56999263,73.7,2019,3,2,65,0,0,28.4,76,75.0,81.7,70.3,74.52857142857142,1.671041876309619,72.2,0.9749279121818236,-0.22252093395631434,1.0,6.123233995736766e-17,0.8996308696522433,0.43665123195606403,67.0,66.1
2019-03-07,Kerala,SR,8.900372741,76.56999263,67.0,2019,3,3,66,0,0,28.6,75,73.7,77.6,71.4,73.01428571428572,2.8269114898468475,72.05333333333334,0.43388373911755823,-0.900968867902419,1.0,6.123233995736766e-17,0.9070138128026359,0.4211008707960896,62.9,60.2
2019-03-08,Kerala,SR,8.900372741,76.56999263,62.9,2019,3,4,67,0,0,28.8,74,67.0,72.1,71.4,71.7,4.784001114827039,71.77,-0.433883739117558,-0.9009688679024191,1.0,6.123233995736766e-17,0.9141279881853337,0.40542572835999735,63.4,63.9
2019-03-09,Kerala,SR,8.900372741,76.56999263,63.4,2019,3,5,68,1,0,28.3,76,62.9,74.2,71.7,70.15714285714286,5.527162365040823,71.49333333333333,-0.9749279121818236,-0.2225209339563146,1.0,6.123233995736766e-17,0.9209712877166346,0.38963044953078796,61.7,66.2
2019-03-10,Kerala,SR,8.900372741,76.56999263,61.7,2019,3,6,69,1,0,28.2,77,63.4,75.0,64.6,68.25714285714285,5.860846680260782,71.39666666666668,-0.7818314824680299,0.6234898018587334,1.0,6.123233995736766e-17,0.9275416835791966,0.37371971479046906,65.6,68.5
2019-03-11,Kerala,SR,8.900372741,76.56999263,65.6,2019,3,0,70,0,0,28.1,77,61.7,74.1,64.4,67.04285714285714,5.3024702239796335,71.43666666666667,0.0,1.0,1.0,6.123233995736766e-17,0.9338372288229252,0.35769823883312546,65.6,65.4
2019-03-12,Kerala,SR,8.900372741,76.56999263,65.6,2019,3,1,71,0,0,27.7,78,65.6,75.0,63.5,65.7,3.975759885439122,71.50666666666666,0.7818314824680298,0.6234898018587336,1.0,6.123233995736766e-17,0.9398560579418954,0.3415707691678556,66.1,67.7
2019-03-13,Kerala,SR,8.900372741,76.56999263,66.1,2019,3,2,72,0,0,28.7,66,65.6,73.7,60.6,64.61428571428571,1.947159102751718,71.69,0.9749279121818236,-0.22252093395631434,1.0,6.123233995736766e-17,0.9455963874271426,0.3253420847119801,60.2,67.5
2019-03-14,Kerala,SR,8.900372741,76.56999263,60.2,2019,3,3,73,0,0,29.0,67,66.1,67.0,62.3,63.642857142857146,2.233724201759064,71.62000000000002,0.43388373911755823,-0.900968867902419,1.0,6.123233995736766e-17,0.9510565162951535,0.30901699437494745,63.9,70.5
2019-03-15,Kerala,SR,8.900372741,76.56999263,63.9,2019,3,4,74,0,0,29.1,62,60.2,62.9,65.0,63.785714285714285,2.2101497471353055,71.58333333333333,-0.433883739117558,-0.9009688679024191,1.0,6.123233995736766e-17,0.9562348265919056,0.29260033563334836,66.2,72.0
2019-03-16,Kerala,SR,8.900372741,76.56999263,66.2,2019,3,5,75,1,0,28.8,64,63.9,63.4,60.3,64.18571428571428,2.375870767689656,71.78,-0.9749279121818236,-0.2225209339563146,1.0,6.123233995736766e-17,0.9611297838723007,0.27609697309746883,68.5,73.0
2019-03-17,Kerala,SR,8.900372741,76.56999263,68.5,2019,3,6,76,1,0,28.6,69,66.2,61.7,68.8,65.15714285714286,2.5721956527820287,71.77,-0.7818314824680299,0.6234898018587334,1.0,6.123233995736766e-17,0.9657399376548549,0.2595117970697999,65.4,73.5
2019-03-18,Kerala,SR,8.900372741,76.56999263,65.4,2019,3,0,77,0,0,29.0,71,68.5,65.6,70.1,65.12857142857142,2.5675632324017346,71.61333333333333,0.0,1.0,1.0,6.123233995736766e-17,0.9700639218515071,0.2428497220959356,67.7,73.8
2019-03-19,Kerala,SR,8.900372741,76.56999263,67.7,2019,3,1,78,0,0,29.0,71,65.4,65.6,70.9,65.42857142857143,2.748159557300346,71.50666666666666,0.7818314824680298,0.6234898018587336,1.0,6.123233995736766e-17,0.9741004551724205,0.22611568550828828,67.5,74.2
2019-03-20,Kerala,SR,8.900372741,76.56999263,67.5,2019,3,2,79,0,0,28.2,77,67.7,66.1,70.8,65.62857142857143,2.854069775901521,71.39666666666668,0.9749279121818236,-0.22252093395631434,1.0,6.123233995736766e-17,0.9778483415056568,0.20931464596304847,70.5,72.0
2019-03-21,Kerala,SR,8.900372741,76.56999263,70.5,2019,3,3,80,0,1,28.2,76,67.5,60.2,70.6,67.10000000000001,2.1594752448994496,71.39333333333335,0.43388373911755823,-0.900968867902419,1.0,6.123233995736766e-17,0.9813064702716093,0.19245158197082998,72.0,64.2
2019-03-22,Kerala,SR,8.900372741,76.56999263,72.0,2019,3,4,81,0,0,28.9,71,70.5,63.9,70.2,68.25714285714285,2.322970184094196,71.45333333333333,-0.433883739117558,-0.9009688679024191,1.0,6.123233995736766e-17,0.9844738167520922,0.1755314904214282,73.0,84.7
2019-03-23,Kerala,SR,8.900372741,76.56999263,73.0,2019,3,5,82,1,0,28.9,75,72.0,66.2,64.3,69.22857142857143,2.709067666014957,71.74333333333334,-0.9749279121818236,-0.2225209339563146,1.0,6.123233995736766e-17,0.9873494423939864,0.15855938510313475,73.5,86.3
2019-03-24,Kerala,SR,8.900372741,76.56999263,73.5,2019,3,6,83,1,0,29.0,77,73.0,68.5,85.6,69.94285714285715,3.1138706582307734,71.33999999999999,-0.7818314824680299,0.6234898018587334,1.0,6.123233995736766e-17,0.989932495087353,0.141540295217043,73.8,86.4
2019-03-25,Kerala,SR,8.900372741,76.56999263,73.8,2019,3,0,84,0,0,28.8,74,73.5,65.4,87.3,71.14285714285714,2.6563490877876936,70.89000000000001,0.0,1.0,1.0,6.123233995736766e-17,0.9922222094179323,0.12447926388678915,74.2,86.7
2019-03-26,Kerala,SR,8.900372741,76.56999263,74.2,2019,3,1,85,0,0,29.2,65,73.8,67.7,79.6,72.07142857142857,2.3732637764018074,70.71,0.7818314824680298,0.6234898018587336,1.0,6.123233995736766e-17,0.994217906893952,0.10738134666416309,72.0,86.5
2019-03-27,Kerala,SR,8.900372741,76.56999263,72.0,2019,3,2,86,0,0,28.6,71,74.2,67.5,85.1,72.71428571428571,1.2915476135610477,70.27333333333333,0.9749279121818236,-0.22252093395631434,1.0,6.123233995736766e-17,0.995918996147179,0.09025161003104117,64.2,85.9
2019-03-28,Kerala,SR,8.900372741,76.56999263,64.2,2019,3,3,87,0,0,28.8,79,72.0,70.5,84.1,71.81428571428572,3.462382884386884,69.60999999999999,0.43388373911755823,-0.900968867902419,1.0,6.123233995736766e-17,0.9973249731081555,0.07309512989807777,84.7,79.3
2019-03-29,Kerala,SR,8.900372741,76.56999263,84.7,2019,3,4,88,0,0,28.7,78,64.2,72.0,81.7,73.62857142857142,5.984623153191376,69.71000000000001,-0.433883739117558,-0.9009688679024191,1.0,6.123233995736766e-17,0.9984354211555643,0.055916990100603484,86.3,75.2
2019-03-30,Kerala,SR,8.900372741,76.56999263,86.3,2019,3,5,89,1,0,28.6,77,84.7,73.0,77.6,75.52857142857144,7.635381301483746,70.0,-0.9749279121818236,-0.2225209339563146,1.0,6.123233995736766e-17,0.9992500112396835,0.03872228089217446,86.4,77.1
2019-03-31,Kerala,SR,8.900372741,76.56999263,86.4,2019,3,6,90,1,0,28.6,77,86.3,73.5,72.1,77.37142857142858,8.564405853242107,70.47666666666667,-0.7818314824680299,0.6234898018587334,1.0,6.123233995736766e-17,0.9997685019798909,0.021516097436222254,86.7,78.2
2019-04-02,Kerala,SR,8.900372741,76.56999263,86.7,2019,4,1,92,0,0,29.0,75,86.4,73.8,74.2,79.21428571428571,9.042386958362373,70.89333333333335,0.7818314824680298,0.6234898018587336,0.8660254037844387,-0.4999999999999998,0.9999166586547379,-0.01291029607500882,86.5,77.8
2019-04-03,Kerala,SR,8.900372741,76.56999263,86.5,2019,4,2,93,0,0,29.1,76,86.7,74.2,75.0,80.97142857142856,9.100497108347852,71.27666666666667,0.9749279121818236,-0.22252093395631434,0.8660254037844387,-0.4999999999999998,0.9995462806873573,-0.030120304846908114,85.9,77.0
2019-04-04,Kerala,SR,8.900372741,76.56999263,85.9,2019,4,3,94,0,0,28.7,74,86.5,72.0,74.1,82.95714285714287,8.297762176807499,71.67,0.43388373911755823,-0.900968867902419,0.8660254037844387,-0.4999999999999998,0.9988797155850336,-0.04732138832243185,79.3,77.6
2019-04-05,Kerala,SR,8.900372741,76.56999263,79.3,2019,4,4,95,0,0,28.9,72,85.9,64.2,75.0,85.11428571428571,2.6485395796102313,71.81333333333333,-0.433883739117558,-0.9009688679024191,0.8660254037844387,-0.4999999999999998,0.9979171608653922,-0.06450844944931623,75.2,71.5
2019-04-06,Kerala,SR,8.900372741,76.56999263,75.2,2019,4,5,96,1,0,28.9,76,79.3,84.7,73.7,83.75714285714287,4.6064654356158865,71.86333333333332,-0.9749279121818236,-0.2225209339563146,0.8660254037844387,-0.4999999999999998,0.9966589017541702,-0.08167639533042241,77.1,71.4
2019-04-07,Kerala,SR,8.900372741,76.56999263,77.1,2019,4,6,97,1,0,29.3,78,75.2,86.3,67.0,82.44285714285715,5.05102535559437,72.2,-0.7818314824680299,0.6234898018587334,0.8660254037844387,-0.4999999999999998,0.9951053111006976,-0.09882013873287143,78.2,73.2
2019-04-08,Kerala,SR,8.900372741,76.56999263,78.2,2019,4,0,98,0,0,29.3,76,77.1,86.4,62.9,81.27142857142859,4.929744511876965,72.71000000000001,0.0,1.0,0.8660254037844387,-0.4999999999999998,0.9932568492674143,-0.11593459959550041,77.8,74.2
2019-04-09,Kerala,SR,8.900372741,76.56999263,77.8,2019,4,1,99,0,0,28.9,78,78.2,86.7,63.4,80.0,4.417389877895484,73.19000000000001,0.7818314824680298,0.6234898018587336,0.8660254037844387,-0.4999999999999998,0.9911140639934547,-0.1330147065341959,77.0,75.9
2019-04-10,Kerala,SR,8.900372741,76.56999263,77.0,2019,4,2,100,0,0,29.0,78,77.8,86.5,61.7,78.64285714285714,3.43843818366091,73.7,0.9749279121818236,-0.22252093395631434,0.8660254037844387,-0.4999999999999998,0.9886775902323405,-0.1500553983446526,77.6,76.1
2019-04-11,Kerala,SR,8.900372741,76.56999263,77.6,2019,4,3,101,0,0,28.9,78,77.0,85.9,65.6,77.45714285714287,1.2594405409508926,74.1,0.43388373911755823,-0.900968867902419,0.8660254037844387,-0.4999999999999998,0.9859481499638304,-0.16705162550211924,71.5,77.2
2019-04-12,Kerala,SR,8.900372741,76.56999263,71.5,2019,4,4,102,0,0,29.4,76,77.6,79.3,65.6,76.34285714285714,2.3422618291281365,74.29666666666667,-0.433883739117558,-0.9009688679024191,0.8660254037844387,-0.4999999999999998,0.9829265519799822,-0.18399835165768005,71.4,70.3
2019-04-13,Kerala,SR,8.900372741,76.56999263,71.4,2019,4,5,103,1,1,29.6,76,71.5,75.2,66.1,75.8,2.99944439299462,74.47333333333334,-0.9749279121818236,-0.2225209339563146,0.8660254037844387,-0.4999999999999998,0.9796136916454901,-0.20089055513063506,73.2,77.6
2019-04-14,Kerala,SR,8.900372741,76.56999263,73.2,2019,4,6,104,1,1,29.3,78,71.4,77.1,60.2,75.24285714285715,3.0788835329586597,74.90666666666667,-0.7818314824680299,0.6234898018587334,0.8660254037844387,-0.4999999999999998,0.9760105506323683,-0.21772323039653177,74.2,79.3
2019-04-15,Kerala,SR,8.900372741,76.56999263,74.2,2019,4,0,105,0,0,29.2,80,73.2,78.2,63.9,74.67142857142858,2.796851971839254,75.25,0.0,1.0,0.8660254037844387,-0.4999999999999998,0.9721181966290613,-0.23449138957040985,75.9,79.7
2019-04-16,Kerala,SR,8.900372741,76.56999263,75.9,2019,4,1,106,0,0,28.7,81,74.2,77.8,66.2,74.39999999999999,2.521243079646792,75.57333333333332,0.7818314824680298,0.6234898018587336,0.8660254037844387,-0.4999999999999998,0.9679377830240642,-0.25119006388481935,76.1,80.6
2019-04-17,Kerala,SR,8.900372741,76.56999263,76.1,2019,4,2,107,0,1,27.7,85,75.9,77.0,68.5,74.27142857142857,2.385871109758681,75.82666666666665,0.9749279121818236,-0.22252093395631434,0.8660254037844387,-0.4999999999999998,0.9634705485641488,-0.2678143051621742,77.2,80.5
2019-04-18,Kerala,SR,8.900372741,76.56999263,77.2,2019,4,3,108,0,0,27.9,84,76.1,77.6,65.4,74.21428571428571,2.2959591833107016,76.22,0.43388373911755823,-0.900968867902419,0.8660254037844387,-0.4999999999999998,0.9587178169872964,-0.2843591872810034,70.3,79.2
2019-04-19,Kerala,SR,8.900372741,76.56999263,70.3,2019,4,4,109,0,1,27.5,85,77.2,71.5,67.7,74.04285714285716,2.5618073976896296,76.30666666666666,-0.433883739117558,-0.9009688679024191,0.8660254037844387,-0.4999999999999998,0.9536809966304457,-0.30081980763566735,77.6,71.9
2019-04-20,Kerala,SR,8.900372741,76.56999263,77.6,2019,4,5,110,1,0,26.9,89,70.3,71.4,67.5,74.92857142857143,2.5675632324017155,76.64333333333335,-0.9749279121818236,-0.2225209339563146,0.8660254037844387,-0.4999999999999998,0.9483615800121715,-0.3171912885891061,79.3,71.9
2019-04-21,Kerala,SR,8.900372741,76.56999263,79.3,2019,4,6,111,1,0,27.4,83,77.6,73.2,70.5,75.8,2.8971250116854725,76.93666666666667,-0.7818314824680299,0.6234898018587334,0.8660254037844387,-0.4999999999999998,0.9427611433904207,-0.3334687789181868,79.7,72.5
2019-04-22,Kerala,SR,8.900372741,76.56999263,79.7,2019,4,0,112,0,0,28.8,80,79.3,74.2,72.0,76.58571428571429,3.127527549267763,77.19333333333334,0.0,1.0,0.8660254037844387,-0.4999999999999998,0.9368813462954315,-0.3496474552512284,80.6,66.9
2019-04-23,Kerala,SR,8.900372741,76.56999263,80.6,2019,4,1,113,0,0,27.8,83,79.7,75.9,73.0,77.25714285714285,3.4442498664959538,77.44666666666667,0.7818314824680298,0.6234898018587336,0.8660254037844387,-0.4999999999999998,0.9307239310379795,-0.36572252349726897,80.5,72.7
2019-04-24,Kerala,SR,8.900372741,76.56999263,80.5,2019,4,2,114,0,0,29.2,80,80.6,76.1,73.5,77.88571428571429,3.596029556528817,77.68,0.9749279121818236,-0.22252093395631434,0.8660254037844387,-0.4999999999999998,0.9242907221930933,-0.3816892202666588,79.2,74.4
2019-04-25,Kerala,SR,8.900372741,76.56999263,79.2,2019,4,3,115,0,0,28.6,81,80.5,77.2,73.8,78.17142857142856,3.6118851429294594,77.85999999999999,0.43388373911755823,-0.900968867902419,0.8660254037844387,-0.4999999999999998,0.9175836260593937,-0.39754281428255595,71.9,73.6
2019-04-26,Kerala,SR,8.900372741,76.56999263,71.9,2019,4,4,116,0,0,28.8,84,79.2,70.3,74.2,78.39999999999999,3.0353473167552987,77.78333333333333,-0.433883739117558,-0.9009688679024191,0.8660254037844387,-0.4999999999999998,0.9106046300942162,-0.4132786077829042,71.9,66.5
2019-04-27,Kerala,SR,8.900372741,76.56999263,71.9,2019,4,5,117,1,0,29.0,84,71.9,77.6,72.0,77.58571428571429,3.92106642442616,77.78,-0.9749279121818236,-0.2225209339563146,0.8660254037844387,-0.4999999999999998,0.9033558023246845,-0.4288919379124835,72.5,71.4
2019-04-28,Kerala,SR,8.900372741,76.56999263,72.5,2019,4,6,118,1,0,28.6,86,71.9,79.3,64.2,76.61428571428573,4.253793824900565,78.05666666666667,-0.7818314824680299,0.6234898018587334,0.8660254037844387,-0.4999999999999998,0.895839290734909,-0.4443781781046132,66.9,70.2
2019-04-29,Kerala,SR,8.900372741,76.56999263,66.9,2019,4,0,119,0,0,27.2,89,72.5,79.7,84.7,74.78571428571429,5.323040663451881,77.46333333333334,0.0,1.0,0.8660254037844387,-0.4999999999999998,0.8880573226294932,-0.45973273945210397,72.7,68.8
2019-04-30,Kerala,SR,8.900372741,76.56999263,72.7,2019,4,1,120,0,0,26.9,87,66.9,80.6,86.3,73.65714285714286,4.683964539738127,77.01,0.7818314824680298,0.6234898018587336,0.8660254037844387,-0.4999999999999998,0.8800122039735357,-0.47495107206704995,74.4,68.1
2019-05-02,Kerala,SR,8.900372741,76.56999263,74.4,2019,5,3,122,0,0,29.1,79,72.7,80.5,86.4,72.78571428571429,3.6525920346281486,76.61,0.43388373911755823,-0.900968867902419,0.49999999999999994,-0.8660254037844387,0.8631421280499114,-0.5049610547215204,73.6,70.2
2019-05-03,Kerala,SR,8.900372741,76.56999263,73.6,2019,5,4,123,0,0,29.3,73,74.4,79.2,86.7,71.9857142857143,2.4182835313700637,76.17333333333333,-0.433883739117558,-0.9009688679024191,0.49999999999999994,-0.8660254037844387,0.854322169749827,-0.5197438121555155,66.5,71.3
2019-05-04,Kerala,SR,8.900372741,76.56999263,66.5,2019,5,5,124,1,0,28.6,75,73.6,71.9,86.5,71.21428571428571,3.1887450882903234,75.50666666666666,-0.9749279121818236,-0.2225209339563146,0.49999999999999994,-0.8660254037844387,0.8452490573530633,-0.5343725582809786,71.4,65.1
2019-05-05,Kerala,SR,8.900372741,76.56999263,71.4,2019,5,6,125,1,0,28.9,73,66.5,71.9,85.9,71.14285714285715,3.176401078189628,75.02333333333334,-0.7818314824680299,0.6234898018587334,0.49999999999999994,-0.8660254037844387,0.8359254794186372,-0.548842958284719,70.2,60.0
2019-05-06,Kerala,SR,8.900372741,76.56999263,70.2,2019,5,0,126,0,0,29.2,77,71.4,72.5,79.3,70.81428571428572,3.1312556434699355,74.72,0.0,1.0,0.49999999999999994,-0.8660254037844387,0.8263541987239096,-0.5631507242749186,68.8,60.7
2019-05-07,Kerala,SR,8.900372741,76.56999263,68.8,2019,5,1,127,0,0,29.2,72,70.2,66.9,75.2,71.08571428571429,2.80025509042105,74.50666666666667,0.7818314824680298,0.6234898018587336,0.49999999999999994,-0.8660254037844387,0.8165380514459161,-0.5772916165517272,68.1,62.7
2019-05-08,Kerala,SR,8.900372741,76.56999263,68.1,2019,5,2,128,0,0,29.2,69,68.8,72.7,77.1,70.42857142857143,2.8963852677169926,74.20666666666666,0.9749279121818236,-0.22252093395631434,0.49999999999999994,-0.8660254037844387,0.8064799463209448,-0.5912614448635781,70.2,65.7
2019-05-09,Kerala,SR,8.900372741,76.56999263,70.2,2019,5,3,129,0,0,28.9,73,68.1,74.4,78.2,69.82857142857142,2.31280081698533,73.94,0.43388373911755823,-0.900968867902419,0.49999999999999994,-0.8660254037844387,0.7961828637826158,-0.6050560696488488,71.3,65.6
2019-05-10,Kerala,SR,8.900372741,76.56999263,71.3,2019,5,4,130,0,0,29.2,75,70.2,73.6,77.8,69.5,1.7925772879666098,73.72333333333333,-0.433883739117558,-0.9009688679024191,0.49999999999999994,-0.8660254037844387,0.7856498550787147,-0.6186714032625031,65.1,66.3
2019-05-11,Kerala,SR,8.900372741,76.56999263,65.1,2019,5,5,131,1,0,29.3,79,71.3,66.5,77.0,69.3,2.2120880030716967,73.32666666666665,-0.9749279121818236,-0.2225209339563146,0.49999999999999994,-0.8660254037844387,0.7748840413670407,-0.6321034111873487,60.0,62.2
2019-05-12,Kerala,SR,8.900372741,76.56999263,60.0,2019,5,6,132,1,0,28.7,82,65.1,71.4,77.6,67.67142857142856,3.9343420821082558,72.74,-0.7818314824680299,0.6234898018587334,0.49999999999999994,-0.8660254037844387,0.7638886127905428,-0.6453481132295501,60.7,79.3
2019-05-13,Kerala,SR,8.900372741,76.56999263,60.7,2019,5,0,133,0,0,28.7,77,60.0,70.2,71.5,66.31428571428572,4.512733307515759,72.38000000000001,0.0,1.0,0.49999999999999994,-0.8660254037844387,0.7526668275320085,-0.6584015846980488,62.7,68.5
2019-05-14,Kerala,SR,8.900372741,76.56999263,62.7,2019,5,1,134,0,0,29.0,76,60.7,68.8,71.4,65.44285714285714,4.541606596369907,72.08999999999999,0.7818314824680298,0.6234898018587336,0.49999999999999994,-0.8660254037844387,0.7412220108485958,-0.6712599575675313,65.7,77.4
2019-05-15,Kerala,SR,8.900372741,76.56999263,65.7,2019,5,2,135,0,0,28.6,79,62.7,68.1,73.2,65.10000000000001,4.395831358609369,71.83999999999999,0.9749279121818236,-0.22252093395631434,0.49999999999999994,-0.8660254037844387,0.7295575540864875,-0.6839194216246106,65.6,78.4
2019-05-16,Kerala,SR,8.900372741,76.56999263,65.6,2019,5,3,136,0,0,28.8,81,65.7,70.2,74.2,64.44285714285714,3.811323979431635,71.55333333333334,0.43388373911755823,-0.900968867902419,0.49999999999999994,-0.8660254037844387,0.717676913675962,-0.6963762255968722,66.3,84.3
2019-05-17,Kerala,SR,8.900372741,76.56999263,66.3,2019,5,4,137,0,0,28.3,82,65.6,71.3,75.9,63.728571428571435,2.58244992575804,71.23333333333333,-0.433883739117558,-0.9009688679024191,0.49999999999999994,-0.8660254037844387,0.705583610107178,-0.7086266782644596,62.2,84.3
2019-05-18,Kerala,SR,8.900372741,76.56999263,62.2,2019,5,5,138,1,1,28.7,82,66.3,65.1,76.1,63.31428571428571,2.5582732271518562,70.77000000000001,-0.9749279121818236,-0.2225209339563146,0.49999999999999994,-0.8660254037844387,0.6932812268869777,-0.7206671495538609,79.3,79.3
2019-05-19,Kerala,SR,8.900372741,76.56999263,79.3,2019,5,6,139,1,0,28.7,83,62.2,60.0,77.2,66.07142857142857,6.199654368246226,70.83999999999999,-0.7818314824680299,0.6234898018587334,0.49999999999999994,-0.8660254037844387,0.6807734094770161,-0.7324940716135789,68.5,69.9
2019-05-20,Kerala,SR,8.900372741,76.56999263,68.5,2019,5,0,140,0,0,28.4,85,79.3,60.7,70.3,67.18571428571428,5.758596059060654,70.78,0.0,1.0,0.49999999999999994,-0.8660254037844387,0.6680638642135335,-0.7441039398713607,77.4,75.3
2019-05-21,Kerala,SR,8.900372741,76.56999263,77.4,2019,5,1,141,0,0,28.2,84,68.5,62.7,77.6,69.28571428571429,6.484707284945796,70.77333333333334,0.7818314824680298,0.6234898018587336,0.49999999999999994,-0.8660254037844387,0.6551563572090853,-0.7554933140726803,78.4,69.9
2019-05-22,Kerala,SR,8.900372741,76.56999263,78.4,2019,5,2,142,0,0,28.4,85,77.4,65.7,79.3,71.1,7.0649368952124405,70.74333333333334,0.9749279121818236,-0.22252093395631434,0.49999999999999994,-0.8660254037844387,0.6420547132365637,-0.766658819300159,84.3,66.7
2019-05-23,Kerala,SR,8.900372741,76.56999263,84.3,2019,5,3,143,0,0,27.9,86,78.4,65.6,79.7,73.77142857142857,8.098500743082953,70.89666666666668,0.43388373911755823,-0.900968867902419,0.49999999999999994,-0.8660254037844387,0.6287628145958344,-0.7775971469736269,84.3,65.7
2019-05-24,Kerala,SR,8.900372741,76.56999263,84.3,2019,5,4,144,0,0,27.1,88,84.3,66.3,80.6,76.34285714285714,8.187970270027746,71.02,-0.433883739117558,-0.9009688679024191,0.49999999999999994,-0.8660254037844387,0.6152845999633276,-0.7883050558305255,79.3,66.6
2019-05-25,Kerala,SR,8.900372741,76.56999263,79.3,2019,5,5,145,1,0,26.8,88,84.3,62.2,80.5,78.78571428571429,5.310501725019016,70.98,-0.9749279121818236,-0.2225209339563146,0.49999999999999994,-0.8660254037844387,0.6016240632249226,-0.7987793728863649,69.9,67.5
2019-05-26,Kerala,SR,8.900372741,76.56999263,69.9,2019,5,6,146,1,0,27.8,86,79.3,79.3,79.2,77.44285714285715,6.262017018729536,70.67,-0.7818314824680299,0.6234898018587334,0.49999999999999994,-0.8660254037844387,0.5877852522924732,-0.8090169943749473,75.3,63.3
2019-05-27,Kerala,SR,8.900372741,76.56999263,75.3,2019,5,0,147,0,0,28.2,85,69.9,68.5,71.9,78.41428571428571,5.054512364026481,70.78333333333333,0.0,1.0,0.49999999999999994,-0.8660254037844387,0.5737722679043246,-0.8190148866680801,69.9,65.9
2019-05-28,Kerala,SR,8.900372741,76.56999263,69.9,2019,5,1,148,0,0,28.8,83,75.3,77.4,71.9,77.34285714285714,6.009952063829213,70.71666666666667,0.7818314824680298,0.6234898018587336,0.49999999999999994,-0.8660254037844387,0.5595892624101765,-0.8287700871745038,66.7,65.6
2019-05-29,Kerala,SR,8.900372741,76.56999263,66.7,2019,5,2,149,0,0,28.0,87,69.9,78.4,72.5,75.67142857142858,7.179998673564082,70.52333333333333,0.9749279121818236,-0.22252093395631434,0.49999999999999994,-0.8660254037844387,0.545240438540651,-0.8382797052177744,65.7,65.1
2019-05-30,Kerala,SR,8.900372741,76.56999263,65.7,2019,5,3,150,0,0,28.3,85,66.7,84.3,66.9,73.01428571428572,6.89043505434134,70.48333333333333,0.43388373911755823,-0.900968867902419,0.49999999999999994,-0.8660254037844387,0.5307300481619334,-0.8475409228928311,66.6,64.9
2019-05-31,Kerala,SR,8.900372741,76.56999263,66.6,2019,5,4,151,0,0,27.7,87,65.7,84.3,72.7,70.4857142857143,5.064394854086285,70.28,-0.433883739117558,-0.9009688679024191,0.49999999999999994,-0.8660254037844387,0.5160623910158528,-0.8565509959010036,67.5,62.4
2019-06-02,Kerala,SR,8.900372741,76.56999263,67.5,2019,6,6,153,1,0,28.0,84,66.6,79.3,74.4,68.8,3.2969683043669336,70.05,-0.7818314824680299,0.6234898018587334,1.2246467991473532e-16,-1.0,0.48627270710868997,-0.8738071036110808,63.3,58.534
2019-06-03,Kerala,SR,8.900372741,76.56999263,63.3,2019,6,0,154,0,0,27.3,86,67.5,69.9,73.6,67.85714285714286,3.8305165634490046,69.70666666666666,0.0,1.0,1.2246467991473532e-16,-1.0,0.4711595076738638,-0.8820480249558537,65.9,62.7
2019-06-04,Kerala,SR,8.900372741,76.56999263,65.9,2019,6,1,155,0,0,27.0,88,63.3,75.3,66.5,66.51428571428572,1.9936804921455529,69.68666666666667,0.7818314824680298,0.6234898018587336,1.2246467991473532e-16,-1.0,0.4559066935084588,-0.8900275764346767,65.6,63.9
2019-06-05,Kerala,SR,8.900372741,76.56999263,65.6,2019,6,2,156,0,1,26.8,89,65.9,69.9,71.4,65.89999999999999,1.3279056191360357,69.49333333333333,0.9749279121818236,-0.22252093395631434,1.2246467991473532e-16,-1.0,0.440518784350495,-0.8977433935342337,65.1,65.1
2019-06-06,Kerala,SR,8.900372741,76.56999263,65.1,2019,6,3,157,0,0,27.3,87,65.6,66.7,70.2,65.67142857142856,1.3047532151256205,69.32333333333334,0.43388373911755823,-0.900968867902419,1.2246467991473532e-16,-1.0,0.42500033996955416,-0.9051931898913974,64.9,66.6
2019-06-07,Kerala,SR,8.900372741,76.56999263,64.9,2019,6,4,158,0,0,27.4,87,65.1,65.7,68.8,65.55714285714285,1.3364843718465802,69.19333333333333,-0.433883739117558,-0.9009688679024191,1.2246467991473532e-16,-1.0,0.4093559588156213,-0.9123747579707273,62.4,68.3
2019-06-08,Kerala,SR,8.900372741,76.56999263,62.4,2019,6,5,159,1,0,27.3,87,64.9,66.6,68.1,64.95714285714286,1.6870656407472873,69.00333333333333,-0.9749279121818236,-0.2225209339563146,1.2246467991473532e-16,-1.0,0.39359027665646673,-0.9192859697186104,58.534,64.6
2019-06-09,Kerala,SR,8.900372741,76.56999263,58.534,2019,6,6,160,1,0,26.7,89,62.4,67.5,70.2,63.67628571428571,2.5943406172078864,68.61446666666667,-0.7818314824680299,0.6234898018587334,1.2246467991473532e-16,-1.0,0.3777079652039649,-0.9259247771938498,62.7,61.2
2019-06-10,Kerala,SR,8.900372741,76.56999263,62.7,2019,6,0,161,0,0,27.1,88,58.534,63.3,71.3,63.59057142857142,2.618642578203504,68.3278,0.0,1.0,1.2246467991473532e-16,-1.0,0.36171373072976765,-0.9322892131745133,63.9,85.2
2019-06-11,Kerala,SR,8.900372741,76.56999263,63.9,2019,6,1,162,0,0,27.3,88,62.7,65.9,65.1,63.304857142857145,2.426746479587384,68.2878,0.7818314824680298,0.6234898018587336,1.2246467991473532e-16,-1.0,0.3456123126707335,-0.9383773917408641,65.1,86.8
2019-06-12,Kerala,SR,8.900372741,76.56999263,65.1,2019,6,2,163,0,0,27.1,89,63.9,65.6,60.0,63.23342857142857,2.3542066503134826,68.45779999999999,0.9749279121818236,-0.22252093395631434,1.2246467991473532e-16,-1.0,0.3294084822245304,-0.9441875088341993,66.6,87.3
2019-06-13,Kerala,SR,8.900372741,76.56999263,66.6,2019,6,3,164,0,0,27.4,87,65.1,65.1,60.7,63.44771428571429,2.6071062958948485,68.65446666666666,0.43388373911755823,-0.900968867902419,1.2246467991473532e-16,-1.0,0.3131070409358269,-0.9497178427914316,68.3,87.3
2019-06-14,Kerala,SR,8.900372741,76.56999263,68.3,2019,6,4,165,0,0,26.9,91,66.6,64.9,62.7,63.93342857142857,3.1771615664059385,68.84113333333333,-0.433883739117558,-0.9009688679024191,1.2246467991473532e-16,-1.0,0.29671281927349075,-0.9549667548552551,64.6,82.8
2019-06-15,Kerala,SR,8.900372741,76.56999263,64.6,2019,6,5,166,1,0,27.0,90,68.3,62.4,65.7,64.24771428571428,3.1082583394501473,68.80446666666667,-0.9749279121818236,-0.2225209339563146,1.2246467991473532e-16,-1.0,0.28023067519921585,-0.9599326896597447,61.2,81.2
2019-06-16,Kerala,SR,8.900372741,76.56999263,61.2,2019,6,6,167,1,0,27.7,85,64.6,58.534,65.6,64.62857142857142,2.36623067747994,68.6578,-0.7818314824680299,0.6234898018587334,1.2246467991473532e-16,-1.0,0.26366549272800704,-0.9646141756912435,85.2,77.8
2019-06-17,Kerala,SR,8.900372741,76.56999263,85.2,2019,6,0,168,0,0,27.5,87,61.2,62.7,66.3,67.84285714285714,7.965939396969499,69.2878,0.0,1.0,1.2246467991473532e-16,-1.0,0.24702218048093552,-0.9690098257244062,86.8,73.3
2019-06-18,Kerala,SR,8.900372741,76.56999263,86.8,2019,6,1,169,0,0,27.1,88,85.2,63.9,62.2,71.11428571428571,10.40551593650036,70.1078,0.7818314824680298,0.6234898018587336,1.2246467991473532e-16,-1.0,0.23030567023061221,-0.9731183372332619,87.3,75.7
2019-06-19,Kerala,SR,8.900372741,76.56999263,87.3,2019,6,2,170,0,0,26.5,90,86.8,65.1,79.3,74.28571428571429,11.583383007772975,70.37446666666666,0.9749279121818236,-0.22252093395631434,1.2246467991473532e-16,-1.0,0.21352091543979612,-0.9769384927771817,87.3,74.9
2019-06-20,Kerala,SR,8.900372741,76.56999263,87.3,2019,6,3,171,0,0,26.2,91,87.3,66.6,68.5,77.24285714285713,11.931311347718362,71.00113333333334,0.43388373911755823,-0.900968867902419,1.2246467991473532e-16,-1.0,0.19667288979357647,-0.980469160361632,82.8,76.0
2019-06-21,Kerala,SR,8.900372741,76.56999263,82.8,2019,6,4,172,0,0,26.3,90,87.3,68.3,77.4,79.31428571428572,11.365214262744816,71.18113333333334,-0.433883739117558,-0.9009688679024191,1.2246467991473532e-16,-1.0,0.1797665857255624,-0.9837092937736097,81.2,76.3
2019-06-22,Kerala,SR,8.900372741,76.56999263,81.2,2019,6,5,173,1,0,26.0,91,82.8,64.6,78.4,81.68571428571428,9.333528909515701,71.27446666666667,-0.9749279121818236,-0.2225209339563146,1.2246467991473532e-16,-1.0,0.16280701293851715,-0.986657932891657,77.8,74.0
2019-06-23,Kerala,SR,8.900372741,76.56999263,77.8,2019,6,6,174,1,0,26.4,90,81.2,61.2,84.3,84.05714285714285,3.6230084841460846,71.05780000000001,-0.7818314824680299,0.6234898018587334,1.2246467991473532e-16,-1.0,0.1457991969198751,-0.9893142039703663,73.3,65.3
2019-06-24,Kerala,SR,8.900372741,76.56999263,73.3,2019,6,0,175,0,0,26.5,90,77.8,85.2,84.3,82.35714285714286,5.368692312180012,70.69113333333333,0.0,1.0,1.2246467991473532e-16,-1.0,0.12874817745258132,-0.99167731989929,75.7,65.6
2019-06-25,Kerala,SR,8.900372741,76.56999263,75.7,2019,6,1,176,0,0,26.4,91,73.3,86.8,79.3,80.77142857142857,5.475921318437427,70.57113333333334,0.7818314824680298,0.6234898018587336,1.2246467991473532e-16,-1.0,0.11165900712169512,-0.993746580436178,74.9,67.4
2019-06-26,Kerala,SR,8.900372741,76.56999263,74.9,2019,6,2,177,0,0,27.6,84,75.7,87.3,69.9,79.0,4.996665554814469,70.73780000000001,0.9749279121818236,-0.22252093395631434,1.2246467991473532e-16,-1.0,0.09453674981719912,-0.9955213724144752,76.0,67.2
2019-06-27,Kerala,SR,8.900372741,76.56999263,76.0,2019,6,3,178,0,0,27.6,84,74.9,87.3,75.3,77.38571428571429,3.4561194864709472,70.76113333333333,0.43388373911755823,-0.900968867902419,1.2246467991473532e-16,-1.0,0.07738647923346301,-0.9970011699250151,76.3,65.7
2019-06-28,Kerala,SR,8.900372741,76.56999263,76.3,2019,6,4,179,0,0,28.1,78,76.0,82.8,69.9,76.45714285714287,2.499904760091047,70.97446666666666,-0.433883739117558,-0.9009688679024191,1.2246467991473532e-16,-1.0,0.06021327736579302,-0.9981855344718586,74.0,63.9
2019-06-29,Kerala,SR,8.900372741,76.56999263,74.0,2019,6,5,180,1,0,28.0,78,76.3,81.2,66.7,75.42857142857143,1.5074418570487997,71.2178,-0.9749279121818236,-0.2225209339563146,1.2246467991473532e-16,-1.0,0.04302223300453059,-0.99907411510223,65.3,64.6
2019-06-30,Kerala,SR,8.900372741,76.56999263,65.3,2019,6,6,181,1,0,27.9,81,74.0,77.8,65.7,73.64285714285714,3.83573423777749,71.20446666666666,-0.7818314824680299,0.6234898018587334,1.2246467991473532e-16,-1.0,0.02581844022713308,-0.9996666485105112,65.6,58.534
2019-07-01,Kerala,SR,8.900372741,76.56999263,65.6,2019,7,0,182,0,0,27.5,85,65.3,73.3,66.6,72.54285714285714,4.90539062082299,71.17113333333333,0.0,1.0,-0.4999999999999997,-0.8660254037844388,0.008606996888688698,-0.9999629591162655,67.4,70.65
2019-07-02,Kerala,SR,8.900372741,76.56999263,67.4,2019,7,1,183,0,0,26.3,89,65.6,75.7,67.5,71.35714285714286,5.016923739656053,71.1678,0.7818314824680298,0.6234898018587336,-0.4999999999999997,-0.8660254037844388,-0.008606996888688009,-0.9999629591162655,67.2,71.0
2019-07-03,Kerala,SR,8.900372741,76.56999263,67.2,2019,7,2,184,0,0,27.1,87,67.4,74.9,63.3,70.25714285714285,4.954411213877066,71.29780000000001,0.9749279121818236,-0.22252093395631434,-0.4999999999999997,-0.8660254037844388,-0.02581844022713239,-0.9996666485105112,65.7,70.25
2019-07-04,Kerala,SR,8.900372741,76.56999263,65.7,2019,7,3,185,0,0,26.6,89,67.2,76.0,65.9,68.78571428571429,4.47043195952716,71.29113333333333,0.43388373911755823,-0.900968867902419,-0.4999999999999997,-0.8660254037844388,-0.04302223300453034,-0.99907411510223,63.9,71.19999999999999
2019-07-05,Kerala,SR,8.900372741,76.56999263,63.9,2019,7,4,186,0,0,26.9,88,65.7,76.3,65.6,67.01428571428572,3.30021644311825,71.23446666666668,-0.433883739117558,-0.9009688679024191,-0.4999999999999997,-0.8660254037844388,-0.060213277365792774,-0.9981855344718586,64.6,72.05
2019-07-06,Kerala,SR,8.900372741,76.56999263,64.6,2019,7,5,187,1,0,27.9,83,63.9,74.0,65.1,65.67142857142858,1.2750350135245154,71.21779999999998,-0.9749279121818236,-0.2225209339563146,-0.4999999999999997,-0.8660254037844388,-0.07738647923346322,-0.9970011699250151,58.534,71.6
2019-07-07,Kerala,SR,8.900372741,76.56999263,58.534,2019,7,6,188,1,0,27.9,85,64.6,65.3,64.9,64.70485714285715,3.000538586574541,71.0056,-0.7818314824680299,0.6234898018587334,-0.4999999999999997,-0.8660254037844388,-0.09453674981719933,-0.9955213724144752,70.65,71.9
2019-07-08,Kerala,SR,8.900372741,76.56999263,70.65,2019,7,0,189,0,0,26.9,90,58.534,65.6,62.4,65.42628571428571,3.7620831868475517,71.2806,0.0,1.0,-0.4999999999999997,-0.8660254037844388,-0.11165900712169444,-0.9937465804361781,71.0,72.0
2019-07-09,Kerala,SR,8.900372741,76.56999263,71.0,2019,7,1,190,0,0,26.0,91,70.65,67.4,58.534,65.94057142857143,4.286391911508661,71.69613333333334,0.7818314824680298,0.6234898018587336,-0.4999999999999997,-0.8660254037844388,-0.12874817745258066,-0.99167731989929,70.25,65.8
2019-07-10,Kerala,SR,8.900372741,76.56999263,70.25,2019,7,2,191,0,0,25.7,90,71.0,67.2,62.7,66.37628571428571,4.580666243909788,71.9478,0.9749279121818236,-0.22252093395631434,-0.4999999999999997,-0.8660254037844388,-0.14579919691987442,-0.9893142039703664,71.19999999999999,80.3
2019-07-11,Kerala,SR,8.900372741,76.56999263,71.19999999999999,2019,7,3,192,0,0,27.1,84,70.25,65.7,63.9,67.16199999999999,4.905514719850124,72.19113333333333,0.43388373911755823,-0.900968867902419,-0.4999999999999997,-0.8660254037844388,-0.16280701293851646,-0.9866579328916572,72.05,83.3
2019-07-12,Kerala,SR,8.900372741,76.56999263,72.05,2019,7,4,193,0,0,27.1,87,71.19999999999999,63.9,65.1,68.32628571428572,4.969027728985667,72.42280000000001,-0.433883739117558,-0.9009688679024191,-0.4999999999999997,-0.8660254037844388,-0.17976658572556214,-0.9837092937736098,71.6,83.3
2019-07-13,Kerala,SR,8.900372741,76.56999263,71.6,2019,7,5,194,1,0,26.7,88,72.05,64.6,66.6,69.3262857142857,4.7954738978292895,72.58946666666665,-0.9749279121818236,-0.2225209339563146,-0.4999999999999997,-0.8660254037844388,-0.19667288979357622,-0.9804691603616321,71.9,81.4
2019-07-14,Kerala,SR,8.900372741,76.56999263,71.9,2019,7,6,195,1,0,25.6,90,71.6,58.534,68.3,71.23571428571428,0.6593647736742698,72.70946666666667,-0.7818314824680299,0.6234898018587334,-0.4999999999999997,-0.8660254037844388,-0.2135209154397959,-0.9769384927771817,72.0,82.2
2019-07-15,Kerala,SR,8.900372741,76.56999263,72.0,2019,7,0,196,0,0,25.9,88,71.9,70.65,64.6,71.42857142857143,0.6569228410158093,72.95613333333334,0.0,1.0,-0.4999999999999997,-0.8660254037844388,-0.23030567023061196,-0.973118337233262,65.8,82.6
2019-07-16,Kerala,SR,8.900372741,76.56999263,65.8,2019,7,1,197,0,0,26.1,88,72.0,71.0,61.2,70.68571428571428,2.244384526938822,73.10946666666665,0.7818314824680298,0.6234898018587336,-0.4999999999999997,-0.8660254037844388,-0.24702218048093527,-0.9690098257244063,80.3,77.5
2019-07-17,Kerala,SR,8.900372741,76.56999263,80.3,2019,7,2,198,0,0,25.8,89,65.8,70.25,85.2,72.12142857142857,4.24341226126433,72.94613333333334,0.9749279121818236,-0.22252093395631434,-0.4999999999999997,-0.8660254037844388,-0.2636654927280072,-0.9646141756912435,83.3,72.7
2019-07-18,Kerala,SR,8.900372741,76.56999263,83.3,2019,7,3,199,0,0,25.3,91,80.3,71.19999999999999,86.8,73.85000000000001,5.933450373377583,72.82946666666666,0.43388373911755823,-0.900968867902419,-0.4999999999999997,-0.8660254037844388,-0.2802306751992161,-0.9599326896597445,83.3,75.2
2019-07-19,Kerala,SR,8.900372741,76.56999263,83.3,2019,7,4,200,0,0,25.0,92,83.3,72.05,87.3,75.45714285714284,6.821743946835889,72.69613333333334,-0.433883739117558,-0.9009688679024191,-0.4999999999999997,-0.8660254037844388,-0.2967128192734901,-0.9549667548552553,81.4,76.6
2019-07-20,Kerala,SR,8.900372741,76.56999263,81.4,2019,7,5,201,1,0,25.5,91,83.3,71.6,87.3,76.85714285714286,6.903346324514831,72.49946666666666,-0.9749279121818236,-0.2225209339563146,-0.4999999999999997,-0.8660254037844388,-0.3131070409358267,-0.9497178427914317,82.2,76.9
2019-07-21,Kerala,SR,8.900372741,76.56999263,82.2,2019,7,6,202,1,0,25.2,93,81.4,71.9,82.8,78.32857142857142,6.7670067941729775,72.47946666666665,-0.7818314824680299,0.6234898018587334,-0.4999999999999997,-0.8660254037844388,-0.3294084822245302,-0.9441875088341994,82.6,75.1
2019-07-22,Kerala,SR,8.900372741,76.56999263,82.6,2019,7,0,203,0,0,25.3,91,82.2,72.0,81.2,79.84285714285714,6.2835385844967755,72.52613333333333,0.0,1.0,-0.4999999999999997,-0.8660254037844388,-0.3456123126707333,-0.9383773917408642,77.5,74.0
2019-07-23,Kerala,SR,8.900372741,76.56999263,77.5,2019,7,1,204,0,0,25.4,87,82.6,65.8,77.8,81.51428571428572,2.0667434701557625,72.51613333333333,0.7818314824680298,0.6234898018587336,-0.4999999999999997,-0.8660254037844388,-0.3617137307297674,-0.9322892131745134,72.7,68.0
2019-07-24,Kerala,SR,8.900372741,76.56999263,72.7,2019,7,2,205,0,0,25.7,88,77.5,80.3,73.3,80.42857142857143,3.949562965576104,72.49613333333333,0.9749279121818236,-0.22252093395631434,-0.4999999999999997,-0.8660254037844388,-0.37770796520396466,-0.9259247771938499,75.2,75.0
2019-07-25,Kerala,SR,8.900372741,76.56999263,75.2,2019,7,3,206,0,0,25.9,89,72.7,83.3,75.7,79.27142857142857,4.149584029640812,72.47946666666665,0.43388373911755823,-0.900968867902419,-0.4999999999999997,-0.8660254037844388,-0.39359027665646645,-0.9192859697186105,76.6,75.8
2019-07-26,Kerala,SR,8.900372741,76.56999263,76.6,2019,7,4,207,0,0,25.8,88,75.2,83.3,74.9,78.31428571428572,3.8255407336433107,72.53613333333334,-0.433883739117558,-0.9009688679024191,-0.4999999999999997,-0.8660254037844388,-0.4093559588156211,-0.9123747579707274,76.9,73.3
2019-07-27,Kerala,SR,8.900372741,76.56999263,76.9,2019,7,5,208,1,0,26.2,90,76.6,81.4,76.0,77.67142857142858,3.5915244143747342,72.56613333333333,-0.9749279121818236,-0.2225209339563146,-0.4999999999999997,-0.8660254037844388,-0.42500033996955394,-0.9051931898913975,75.1,72.0
2019-07-28,Kerala,SR,8.900372741,76.56999263,75.1,2019,7,6,209,1,0,26.6,86,76.9,82.2,76.3,76.65714285714284,3.063144975814739,72.52613333333333,-0.7818314824680299,0.6234898018587334,-0.4999999999999997,-0.8660254037844388,-0.4405187843504952,-0.8977433935342336,74.0,66.7
2019-07-29,Kerala,SR,8.900372741,76.56999263,74.0,2019,7,0,210,0,0,26.1,88,75.1,82.6,74.0,75.42857142857143,1.7065699377355223,72.52613333333333,0.0,1.0,-0.4999999999999997,-0.8660254037844388,-0.455906693508459,-0.8900275764346766,68.0,66.7
2019-07-30,Kerala,SR,8.900372741,76.56999263,68.0,2019,7,1,211,0,0,26.2,88,74.0,77.5,65.3,74.07142857142857,3.040676616431882,72.61613333333334,0.7818314824680298,0.6234898018587336,-0.4999999999999997,-0.8660254037844388,-0.47115950767386394,-0.8820480249558535,75.0,63.4
2019-07-31,Kerala,SR,8.900372741,76.56999263,75.0,2019,7,2,212,0,0,26.3,88,68.0,72.7,65.6,74.39999999999999,2.991655060330557,72.92946666666667,0.9749279121818236,-0.22252093395631434,-0.4999999999999997,-0.8660254037844388,-0.4862727071086902,-0.8738071036110807,75.8,63.7
2019-08-01,Kerala,SR,8.900372741,76.56999263,75.8,2019,8,3,213,0,0,26.4,89,75.0,75.2,67.4,74.48571428571428,3.026785187526532,73.20946666666666,0.43388373911755823,-0.900968867902419,-0.8660254037844385,-0.5000000000000004,-0.5012418134457756,-0.8653072543632061,73.3,63.3
2019-08-02,Kerala,SR,8.900372741,76.56999263,73.3,2019,8,4,214,0,0,26.8,88,75.8,76.6,67.2,74.01428571428572,2.8967962599102326,73.4128,-0.433883739117558,-0.9009688679024191,-0.8660254037844385,-0.5000000000000004,-0.5160623910158526,-0.8565509959010037,72.0,65.6
2019-08-03,Kerala,SR,8.900372741,76.56999263,72.0,2019,8,5,215,1,0,26.4,90,73.3,76.9,65.7,73.31428571428572,2.666101130508067,73.62280000000001,-0.9749279121818236,-0.2225209339563146,-0.8660254037844385,-0.5000000000000004,-0.5307300481619331,-0.8475409228928312,66.7,70.1
2019-08-04,Kerala,SR,8.900372741,76.56999263,66.7,2019,8,6,216,1,0,26.4,90,72.0,75.1,63.9,72.11428571428571,3.4911452616721745,73.71613333333333,-0.7818314824680299,0.6234898018587334,-0.8660254037844385,-0.5000000000000004,-0.5452404385406507,-0.8382797052177745,66.7,71.2
2019-08-05,Kerala,SR,8.900372741,76.56999263,66.7,2019,8,0,217,0,0,26.1,91,66.7,74.0,64.6,71.07142857142857,3.9003052383603913,73.78613333333334,0.0,1.0,-0.8660254037844385,-0.5000000000000004,-0.5595892624101763,-0.828770087174504,63.4,72.4
2019-08-06,Kerala,SR,8.900372741,76.56999263,63.4,2019,8,1,218,0,0,26.9,88,66.7,68.0,58.534,70.41428571428571,4.790069091856848,73.94833333333332,0.7818314824680298,0.6234898018587336,-0.8660254037844385,-0.5000000000000004,-0.5737722679043243,-0.8190148866680802,63.7,74.0
2019-08-08,Kerala,SR,8.900372741,76.56999263,63.7,2019,8,3,220,0,0,25.3,92,63.4,75.0,70.65,68.8,4.890126106076741,73.71666666666667,0.43388373911755823,-0.900968867902419,-0.8660254037844385,-0.5000000000000004,-0.6016240632249227,-0.7987793728863648,63.3,77.3
2019-08-09,Kerala,SR,8.900372741,76.56999263,63.3,2019,8,4,221,0,0,25.3,92,63.7,75.8,71.0,67.0142857142857,4.13135513337872,73.46,-0.433883739117558,-0.9009688679024191,-0.8660254037844385,-0.5000000000000004,-0.6152845999633277,-0.7883050558305253,65.6,77.4
2019-08-10,Kerala,SR,8.900372741,76.56999263,65.6,2019,8,5,222,1,0,24.9,94,63.3,73.3,70.25,65.91428571428571,3.066718426064098,73.305,-0.9749279121818236,-0.2225209339563146,-0.8660254037844385,-0.5000000000000004,-0.6287628145958345,-0.7775971469736268,70.1,76.5
2019-08-11,Kerala,SR,8.900372741,76.56999263,70.1,2019,8,6,223,1,0,25.2,91,65.6,72.0,71.19999999999999,65.64285714285714,2.4629637586025392,73.26833333333335,-0.7818314824680299,0.6234898018587334,-0.8660254037844385,-0.5000000000000004,-0.6420547132365636,-0.7666588193001592,71.2,75.3
2019-08-12,Kerala,SR,8.900372741,76.56999263,71.2,2019,8,0,224,0,1,24.9,93,70.1,66.7,72.05,66.28571428571429,3.247269915600051,73.24,0.0,1.0,-0.8660254037844385,-0.5000000000000004,-0.655156357209085,-0.7554933140726804,72.4,74.7
2019-08-13,Kerala,SR,8.900372741,76.56999263,72.4,2019,8,1,225,0,0,24.8,94,71.2,66.7,71.6,67.1,3.9966652766190998,73.26666666666667,0.7818314824680298,0.6234898018587336,-0.8660254037844385,-0.5000000000000004,-0.6680638642135333,-0.7441039398713608,74.0,76.9
2019-08-14,Kerala,SR,8.900372741,76.56999263,74.0,2019,8,2,226,0,0,25.6,90,72.4,63.4,71.9,68.61428571428571,4.353323853267579,73.33666666666666,0.9749279121818236,-0.22252093395631434,-0.8660254037844385,-0.5000000000000004,-0.6807734094770159,-0.7324940716135792,77.3,71.1
2019-08-15,Kerala,SR,8.900372741,76.56999263,77.3,2019,8,3,227,0,1,25.9,89,74.0,63.7,72.0,70.55714285714285,4.805849610234482,73.51333333333334,0.43388373911755823,-0.900968867902419,-0.8660254037844385,-0.5000000000000004,-0.6932812268869771,-0.7206671495538615,77.4,68.7
2019-08-16,Kerala,SR,8.900372741,76.56999263,77.4,2019,8,4,228,0,0,25.5,90,77.3,63.3,65.8,72.57142857142857,4.17001770008817,73.9,-0.433883739117558,-0.9009688679024191,-0.8660254037844385,-0.5000000000000004,-0.7055836101071774,-0.70862667826446,76.5,67.1
2019-08-17,Kerala,SR,8.900372741,76.56999263,76.5,2019,8,5,229,1,0,26.0,90,77.4,65.6,80.3,74.12857142857142,3.005391979822658,73.77333333333333,-0.9749279121818236,-0.2225209339563146,-0.8660254037844385,-0.5000000000000004,-0.7176769136759615,-0.6963762255968726,75.3,69.8
2019-08-18,Kerala,SR,8.900372741,76.56999263,75.3,2019,8,6,230,1,0,26.2,88,76.5,70.1,83.3,74.87142857142858,2.431538803388204,73.50666666666666,-0.7818314824680299,0.6234898018587334,-0.8660254037844385,-0.5000000000000004,-0.7295575540864876,-0.6839194216246105,74.7,71.2
2019-08-19,Kerala,SR,8.900372741,76.56999263,74.7,2019,8,0,231,0,0,26.1,89,75.3,71.2,83.3,75.37142857142858,1.8382185993644362,73.22,0.0,1.0,-0.8660254037844385,-0.5000000000000004,-0.7412220108485957,-0.6712599575675315,76.9,71.7
2019-08-20,Kerala,SR,8.900372741,76.56999263,76.9,2019,8,1,232,0,0,26.1,89,74.7,72.4,81.4,76.01428571428572,1.3471309902024438,73.07,0.7818314824680298,0.6234898018587336,-0.8660254037844385,-0.5000000000000004,-0.7526668275320083,-0.6584015846980489,71.1,70.0
2019-08-21,Kerala,SR,8.900372741,76.56999263,71.1,2019,8,2,233,0,0,25.6,90,76.9,74.0,82.2,75.60000000000001,2.227853974868002,72.7,0.9749279121818236,-0.22252093395631434,-0.8660254037844385,-0.5000000000000004,-0.7638886127905429,-0.64534811322955,68.7,64.7
2019-08-22,Kerala,SR,8.900372741,76.56999263,68.7,2019,8,3,234,0,0,24.9,92,71.1,77.3,82.6,74.37142857142858,3.264309159028264,72.23666666666666,0.43388373911755823,-0.900968867902419,-0.8660254037844385,-0.5000000000000004,-0.7748840413670406,-0.6321034111873488,67.1,67.7
2019-08-23,Kerala,SR,8.900372741,76.56999263,67.1,2019,8,4,235,0,0,24.6,93,68.7,77.4,77.5,72.9,3.925981830489604,71.89,-0.433883739117558,-0.9009688679024191,-0.8660254037844385,-0.5000000000000004,-0.7856498550787144,-0.6186714032625032,69.8,69.2
2019-08-24,Kerala,SR,8.900372741,76.56999263,69.8,2019,8,5,236,1,1,24.7,93,67.1,76.5,72.7,71.94285714285714,3.7129759595493477,71.79333333333334,-0.9749279121818236,-0.2225209339563146,-0.8660254037844385,-0.5000000000000004,-0.7961828637826154,-0.6050560696488494,71.2,68.4
2019-08-25,Kerala,SR,8.900372741,76.56999263,71.2,2019,8,6,237,1,0,24.8,92,69.8,75.3,75.2,71.35714285714286,3.4058073652989527,71.66000000000001,-0.7818314824680299,0.6234898018587334,-0.8660254037844385,-0.5000000000000004,-0.8064799463209447,-0.5912614448635782,71.7,68.6
2019-08-26,Kerala,SR,8.900372741,76.56999263,71.7,2019,8,0,238,0,0,24.9,92,71.2,74.7,76.6,70.92857142857143,3.089074449148421,71.49666666666666,0.0,1.0,-0.8660254037844385,-0.5000000000000004,-0.8165380514459157,-0.5772916165517278,70.0,70.0
2019-08-27,Kerala,SR,8.900372741,76.56999263,70.0,2019,8,1,239,0,0,25.6,90,71.7,76.9,76.9,69.94285714285715,1.6154020581651503,71.26666666666667,0.7818314824680298,0.6234898018587336,-0.8660254037844385,-0.5000000000000004,-0.8263541987239094,-0.5631507242749187,64.7,70.3
2019-08-28,Kerala,SR,8.900372741,76.56999263,64.7,2019,8,2,240,0,0,25.5,90,70.0,71.1,75.1,69.02857142857142,2.4479340171624493,70.92,0.9749279121818236,-0.22252093395631434,-0.8660254037844385,-0.5000000000000004,-0.8359254794186365,-0.5488429582847199,67.7,66.3
2019-08-29,Kerala,SR,8.900372741,76.56999263,67.7,2019,8,3,241,0,0,25.5,91,64.7,68.7,74.0,68.88571428571429,2.498952161359237,70.71,0.43388373911755823,-0.900968867902419,-0.8660254037844385,-0.5000000000000004,-0.8452490573530634,-0.5343725582809785,69.2,83.0
2019-08-30,Kerala,SR,8.900372741,76.56999263,69.2,2019,8,4,242,0,0,25.9,88,67.7,67.1,68.0,69.18571428571428,2.3716580497116526,70.75,-0.433883739117558,-0.9009688679024191,-0.8660254037844385,-0.5000000000000004,-0.8543221697498269,-0.5197438121555157,68.4,84.5
2019-08-31,Kerala,SR,8.900372741,76.56999263,68.4,2019,8,5,243,1,0,25.7,91,69.2,69.8,75.0,68.9857142857143,2.370252146522677,70.53,-0.9749279121818236,-0.2225209339563146,-0.8660254037844385,-0.5000000000000004,-0.8631421280499115,-0.5049610547215202,68.6,84.7
2019-09-01,Kerala,SR,8.900372741,76.56999263,68.6,2019,9,6,244,1,0,25.5,90,68.4,71.2,75.8,68.61428571428571,2.1598059877595306,70.29,-0.7818314824680299,0.6234898018587334,-1.0,-1.8369701987210297e-16,-0.8717063187093217,-0.4900286664290594,70.0,85.3
2019-09-02,Kerala,SR,8.900372741,76.56999263,70.0,2019,9,0,245,0,0,25.5,90,68.6,71.7,73.3,68.37142857142858,1.824567789655284,70.18,0.0,1.0,-1.0,-1.8369701987210297e-16,-0.8800122039735356,-0.4749510720670502,70.3,84.5
2019-09-03,Kerala,SR,8.900372741,76.56999263,70.3,2019,9,1,246,0,0,25.6,91,70.0,70.0,72.0,68.41428571428573,1.8721009333798924,70.12333333333332,0.7818314824680298,0.6234898018587336,-1.0,-1.8369701987210297e-16,-0.888057322629493,-0.4597327394521046,66.3,81.7
2019-09-04,Kerala,SR,8.900372741,76.56999263,66.3,2019,9,2,247,0,0,25.8,90,70.3,64.7,66.7,68.64285714285714,1.37459950877477,70.11,0.9749279121818236,-0.22252093395631434,-1.0,-1.8369701987210297e-16,-0.8958392907349089,-0.4443781781046134,83.0,70.0
2019-09-05,Kerala,SR,8.900372741,76.56999263,83.0,2019,9,3,248,0,0,25.9,90,66.3,67.7,66.7,70.82857142857144,5.524706413229715,70.65333333333334,0.43388373911755823,-0.900968867902419,-1.0,-1.8369701987210297e-16,-0.9033558023246842,-0.4288919379124841,84.5,70.0
2019-09-06,Kerala,SR,8.900372741,76.56999263,84.5,2019,9,4,249,0,0,26.3,90,83.0,69.2,63.4,73.01428571428572,7.460435324972421,71.35666666666665,-0.433883739117558,-0.9009688679024191,-1.0,-1.8369701987210297e-16,-0.9106046300942162,-0.41327860778290443,84.7,69.2
2019-09-08,Kerala,SR,8.900372741,76.56999263,84.7,2019,9,6,251,1,0,26.7,87,84.5,68.4,63.7,75.34285714285714,8.27906136846798,72.05666666666667,-0.7818314824680299,0.6234898018587334,-1.0,-1.8369701987210297e-16,-0.9242907221930934,-0.3816892202666586,85.3,66.6
2019-09-09,Kerala,SR,8.900372741,76.56999263,85.3,2019,9,0,252,0,0,26.7,86,84.7,68.6,63.3,77.72857142857143,8.41718763121329,72.78999999999999,0.0,1.0,-1.0,-1.8369701987210297e-16,-0.9307239310379793,-0.3657225234972692,84.5,61.3
2019-09-10,Kerala,SR,8.900372741,76.56999263,84.5,2019,9,1,253,0,1,26.5,87,85.3,70.0,65.6,79.8,7.9705708703958535,73.42,0.7818314824680298,0.6234898018587336,-1.0,-1.8369701987210297e-16,-0.9368813462954315,-0.34964745525122826,81.7,60.5
2019-09-11,Kerala,SR,8.900372741,76.56999263,81.7,2019,9,2,254,0,0,26.0,90,84.5,70.3,70.1,81.42857142857143,6.782014028717254,73.80666666666667,0.9749279121818236,-0.22252093395631434,-1.0,-1.8369701987210297e-16,-0.9427611433904206,-0.33346877891818705,70.0,58.534
2019-09-12,Kerala,SR,8.900372741,76.56999263,70.0,2019,9,3,255,0,0,25.9,89,81.7,66.3,71.2,81.95714285714287,5.412287607182442,73.76666666666667,0.43388373911755823,-0.900968867902419,-1.0,-1.8369701987210297e-16,-0.9483615800121716,-0.31719128858910595,70.0,83.0
2019-09-13,Kerala,SR,8.900372741,76.56999263,70.0,2019,9,4,256,0,0,25.8,90,70.0,83.0,72.4,80.10000000000001,6.994045086119314,73.68666666666667,-0.433883739117558,-0.9009688679024191,-1.0,-1.8369701987210297e-16,-0.9536809966304455,-0.300819807635668,69.2,87.3
2019-09-14,Kerala,SR,8.900372741,76.56999263,69.2,2019,9,5,257,1,0,26.2,90,70.0,84.5,74.0,77.91428571428571,7.740677957265615,73.52666666666666,-0.9749279121818236,-0.2225209339563146,-1.0,-1.8369701987210297e-16,-0.9587178169872964,-0.2843591872810036,66.6,82.4
2019-09-15,Kerala,SR,8.900372741,76.56999263,66.6,2019,9,6,258,1,0,26.1,90,69.2,84.7,77.3,75.32857142857142,8.110428325251975,73.17,-0.7818314824680299,0.6234898018587334,-1.0,-1.8369701987210297e-16,-0.9634705485641486,-0.26781430516217486,61.3,76.5
2019-09-16,Kerala,SR,8.900372741,76.56999263,61.3,2019,9,0,259,0,0,25.6,91,66.6,85.3,77.4,71.89999999999999,8.263978057408819,72.63333333333334,0.0,1.0,-1.0,-1.8369701987210297e-16,-0.9679377830240642,-0.25119006388481957,60.5,69.2
2019-09-17,Kerala,SR,8.900372741,76.56999263,60.5,2019,9,1,260,0,0,25.8,91,61.3,84.5,76.5,68.47142857142856,7.0554268204728645,72.1,0.7818314824680298,0.6234898018587336,-1.0,-1.8369701987210297e-16,-0.9721181966290612,-0.23449138957041052,58.534,74.9
2019-09-18,Kerala,SR,8.900372741,76.56999263,58.534,2019,9,2,261,0,0,25.8,91,60.5,81.7,75.3,65.162,4.928918880782345,71.54113333333333,0.9749279121818236,-0.22252093395631434,-1.0,-1.8369701987210297e-16,-0.9760105506323682,-0.21772323039653224,83.0,69.5
2019-09-19,Kerala,SR,8.900372741,76.56999263,83.0,2019,9,3,262,0,0,25.8,90,58.534,70.0,74.7,67.01914285714285,8.330772181668216,71.8178,0.43388373911755823,-0.900968867902419,-1.0,-1.8369701987210297e-16,-0.9796136916454901,-0.20089055513063528,87.3,68.7
2019-09-20,Kerala,SR,8.900372741,76.56999263,87.3,2019,9,4,263,0,0,26.6,89,83.0,70.0,76.9,69.49057142857143,11.37308616657684,72.16446666666666,-0.433883739117558,-0.9009688679024191,-1.0,-1.8369701987210297e-16,-0.9829265519799822,-0.18399835165767986,82.4,69.6
2019-09-21,Kerala,SR,8.900372741,76.56999263,82.4,2019,9,5,264,1,0,26.9,87,87.3,69.2,71.1,71.37628571428571,12.367699997901642,72.54113333333333,-0.9749279121818236,-0.2225209339563146,-1.0,-1.8369701987210297e-16,-0.9859481499638303,-0.1670516255021195,76.5,67.7
2019-09-22,Kerala,SR,8.900372741,76.56999263,76.5,2019,9,6,265,1,0,26.7,87,82.4,66.6,68.7,72.79057142857143,12.296328271170314,72.80113333333334,-0.7818314824680299,0.6234898018587334,-1.0,-1.8369701987210297e-16,-0.9886775902323404,-0.15005539834465262,69.2,67.4
2019-09-23,Kerala,SR,8.900372741,76.56999263,69.2,2019,9,0,266,0,0,26.2,90,76.5,61.3,67.1,73.91914285714286,11.395477106123822,72.87113333333333,0.0,1.0,-1.0,-1.8369701987210297e-16,-0.9911140639934546,-0.13301470653419636,74.9,67.9
2019-09-24,Kerala,SR,8.900372741,76.56999263,74.9,2019,9,1,267,0,0,25.7,91,69.2,60.5,69.8,75.97628571428572,9.75027537584268,73.04113333333333,0.7818314824680298,0.6234898018587336,-1.0,-1.8369701987210297e-16,-0.9932568492674143,-0.11593459959550066,69.5,67.0
2019-09-25,Kerala,SR,8.900372741,76.56999263,69.5,2019,9,2,268,0,0,25.7,91,74.9,58.534,71.2,77.54285714285713,6.9634419513288455,72.98446666666665,0.9749279121818236,-0.22252093395631434,-1.0,-1.8369701987210297e-16,-0.9951053111006974,-0.09882013873287211,68.7,61.8
2019-09-26,Kerala,SR,8.900372741,76.56999263,68.7,2019,9,3,269,0,0,25.3,93,69.5,83.0,71.7,75.5,7.189575787207623,72.88446666666667,0.43388373911755823,-0.900968867902419,-1.0,-1.8369701987210297e-16,-0.99665890175417,-0.08167639533042288,69.6,66.9
2019-09-27,Kerala,SR,8.900372741,76.56999263,69.6,2019,9,4,270,0,0,26.7,85,68.7,87.3,70.0,72.97142857142858,5.179354620579262,72.87113333333333,-0.433883739117558,-0.9009688679024191,-1.0,-1.8369701987210297e-16,-0.9979171608653922,-0.06450844944931625,67.7,67.9
2019-09-28,Kerala,SR,8.900372741,76.56999263,67.7,2019,9,5,271,1,0,26.5,86,69.6,82.4,64.7,70.87142857142858,3.390533038581864,72.97113333333333,-0.9749279121818236,-0.2225209339563146,-1.0,-1.8369701987210297e-16,-0.9988797155850335,-0.04732138832243232,67.4,67.1
2019-09-29,Kerala,SR,8.900372741,76.56999263,67.4,2019,9,6,272,1,0,25.7,89,67.7,76.5,67.7,69.57142857142857,2.5004761451334567,72.96113333333332,-0.7818314824680299,0.6234898018587334,-1.0,-1.8369701987210297e-16,-0.9995462806873573,-0.03012030484690836,67.9,66.3
2019-09-30,Kerala,SR,8.900372741,76.56999263,67.9,2019,9,0,273,0,0,25.3,90,67.4,69.2,69.2,69.38571428571429,2.5796825201490146,72.9178,0.0,1.0,-1.0,-1.8369701987210297e-16,-0.9999166586547379,-0.012910296075008843,67.0,66.4
2019-10-01,Kerala,SR,8.900372741,76.56999263,67.0,2019,10,1,274,0,0,26.0,88,67.9,74.9,68.4,68.25714285714287,1.0244626930854808,72.87113333333333,0.7818314824680298,0.6234898018587336,-0.8660254037844386,0.5000000000000001,-0.9999907397361901,0.004303538296243821,61.8,66.1
2019-10-02,Kerala,SR,8.900372741,76.56999263,61.8,2019,10,2,275,0,1,26.7,86,67.0,69.5,68.6,67.15714285714286,2.5158544889408194,72.64446666666667,0.9749279121818236,-0.22252093395631434,-0.8660254037844386,0.5000000000000001,-0.9997685019798909,0.021516097436222233,66.9,58.8
2019-10-03,Kerala,SR,8.900372741,76.56999263,66.9,2019,10,3,276,0,0,26.0,87,61.8,68.7,70.0,66.9,2.4221202832779505,72.54113333333333,0.43388373911755823,-0.900968867902419,-0.8660254037844386,0.5000000000000001,-0.9992500112396835,0.03872228089217399,67.9,85.3
2019-10-04,Kerala,SR,8.900372741,76.56999263,67.9,2019,10,4,277,0,0,26.4,87,66.9,69.6,70.3,66.65714285714286,2.1793402234445955,72.46113333333332,-0.433883739117558,-0.9009688679024191,-0.8660254037844386,0.5000000000000001,-0.9984354211555643,0.05591699010060302,67.1,85.1
2019-10-05,Kerala,SR,8.900372741,76.56999263,67.1,2019,10,5,278,1,0,26.2,89,67.9,67.7,66.3,66.57142857142857,2.1429841232217886,72.48780000000001,-0.9749279121818236,-0.2225209339563146,-0.8660254037844386,0.5000000000000001,-0.9973249731081555,0.07309512989807776,66.3,84.6
2019-10-06,Kerala,SR,8.900372741,76.56999263,66.3,2019,10,6,279,1,0,26.0,88,67.1,67.4,83.0,66.41428571428571,2.112209405203052,71.93113333333334,-0.7818314824680299,0.6234898018587334,-0.8660254037844386,0.5000000000000001,-0.9959189961471792,0.0902516100310407,66.4,83.4
2019-10-08,Kerala,SR,8.900372741,76.56999263,66.4,2019,10,1,281,0,1,26.2,89,66.3,67.9,84.5,66.2,2.009975124224078,71.32780000000001,0.7818314824680298,0.6234898018587336,-0.8660254037844386,0.5000000000000001,-0.9922222094179324,0.12447926388678869,66.1,83.6
2019-10-09,Kerala,SR,8.900372741,76.56999263,66.1,2019,10,2,282,0,0,26.3,89,66.4,67.0,84.7,66.07142857142857,1.9788163850427989,70.70779999999999,0.9749279121818236,-0.22252093395631434,-0.8660254037844386,0.5000000000000001,-0.989932495087353,0.141540295217043,58.8,81.5
2019-10-10,Kerala,SR,8.900372741,76.56999263,58.8,2019,10,3,283,0,0,26.1,90,66.1,61.8,85.3,65.64285714285714,3.0778006990148983,69.82446666666667,0.43388373911755823,-0.900968867902419,-0.8660254037844386,0.5000000000000001,-0.9873494423939864,0.15855938510313475,85.3,78.2
2019-10-11,Kerala,SR,8.900372741,76.56999263,85.3,2019,10,4,284,0,0,25.9,90,58.8,66.9,84.5,68.27142857142857,8.096236633093659,69.85113333333334,-0.433883739117558,-0.9009688679024191,-0.8660254037844386,0.5000000000000001,-0.9844738167520923,0.17553149042142777,85.1,69.3
2019-10-12,Kerala,SR,8.900372741,76.56999263,85.1,2019,10,5,285,1,0,25.8,89,85.3,67.9,81.7,70.72857142857143,10.280193624265145,69.96446666666667,-0.9749279121818236,-0.2225209339563146,-0.8660254037844386,0.5000000000000001,-0.9813064702716093,0.19245158197082995,84.6,70.4
2019-10-13,Kerala,SR,8.900372741,76.56999263,84.6,2019,10,6,286,1,0,26.0,89,85.1,67.1,70.0,73.22857142857141,11.325445434318056,70.45113333333333,-0.7818314824680299,0.6234898018587334,-0.8660254037844386,0.5000000000000001,-0.9778483415056567,0.20931464596304888,83.4,70.2
2019-10-14,Kerala,SR,8.900372741,76.56999263,83.4,2019,10,0,287,0,0,26.2,87,84.6,66.3,70.0,75.67142857142858,11.4256603435301,70.8978,0.0,1.0,-0.8660254037844386,0.5000000000000001,-0.9741004551724206,0.22611568550828803,83.6,70.1
2019-10-15,Kerala,SR,8.900372741,76.56999263,83.6,2019,10,1,288,0,0,25.7,90,83.4,66.4,69.2,78.12857142857142,10.938573076612128,71.3778,0.7818314824680298,0.6234898018587336,-0.8660254037844386,0.5000000000000001,-0.970063921851507,0.2428497220959358,81.5,71.4
2019-10-16,Kerala,SR,8.900372741,76.56999263,81.5,2019,10,2,289,0,0,25.5,91,83.6,66.1,66.6,80.32857142857142,9.580486119488805,71.87446666666666,0.9749279121818236,-0.22252093395631434,-0.8660254037844386,0.5000000000000001,-0.965739937654855,0.25951179706979943,78.2,72.3
2019-10-17,Kerala,SR,8.900372741,76.56999263,78.2,2019,10,3,290,0,0,25.6,90,81.5,58.8,61.3,83.10000000000001,2.516611478424421,72.4378,0.43388373911755823,-0.900968867902419,-0.8660254037844386,0.5000000000000001,-0.9611297838723007,0.27609697309746883,69.3,67.8
2019-10-18,Kerala,SR,8.900372741,76.56999263,69.3,2019,10,4,291,0,0,26.0,89,78.2,85.3,60.5,80.81428571428572,5.583137878597669,72.73113333333335,-0.433883739117558,-0.9009688679024191,-0.8660254037844386,0.5000000000000001,-0.9562348265919058,0.2926003356333479,70.4,58.534
2019-10-19,Kerala,SR,8.900372741,76.56999263,70.4,2019,10,5,292,1,0,26.0,89,69.3,85.1,58.534,78.71428571428571,6.406358448559634,73.12666666666668,-0.9749279121818236,-0.2225209339563146,-0.8660254037844386,0.5000000000000001,-0.9510565162951536,0.30901699437494723,70.2,58.6
2019-10-20,Kerala,SR,8.900372741,76.56999263,70.2,2019,10,6,293,1,0,25.5,92,70.4,84.6,83.0,76.65714285714286,6.51251542361777,72.7,-0.7818314824680299,0.6234898018587334,-0.8660254037844386,0.5000000000000001,-0.9455963874271428,0.3253420847119795,70.1,59.4
2019-10-21,Kerala,SR,8.900372741,76.56999263,70.1,2019,10,0,294,0,0,25.1,92,70.2,83.4,87.3,74.75714285714287,6.147318424282694,72.12666666666665,0.0,1.0,-0.8660254037844386,0.5000000000000001,-0.9398560579418953,0.341570769167856,71.4,58.534
2019-10-22,Kerala,SR,8.900372741,76.56999263,71.4,2019,10,1,295,0,0,25.5,88,70.1,83.6,82.4,73.01428571428572,4.805354156712046,71.75999999999999,0.7818314824680298,0.6234898018587336,-0.8660254037844386,0.5000000000000001,-0.9338372288229252,0.35769823883312546,72.3,62.5
2019-10-23,Kerala,SR,8.900372741,76.56999263,72.3,2019,10,2,296,0,0,25.4,91,71.4,81.5,76.5,71.7,3.026549190084441,71.61999999999999,0.9749279121818236,-0.22252093395631434,-0.8660254037844386,0.5000000000000001,-0.9275416835791965,0.3737197147904692,67.8,63.8
2019-10-24,Kerala,SR,8.900372741,76.56999263,67.8,2019,10,3,297,0,0,26.1,88,72.3,78.2,69.2,70.21428571428571,1.4415600015592749,71.57333333333332,0.43388373911755823,-0.900968867902419,-0.8660254037844386,0.5000000000000001,-0.9209712877166347,0.38963044953078774,58.534,60.0
2019-10-25,Kerala,SR,8.900372741,76.56999263,58.534,2019,10,4,298,0,0,25.6,87,67.8,69.3,74.9,68.67628571428571,4.681588395487341,71.0278,-0.433883739117558,-0.9009688679024191,-0.8660254037844386,0.5000000000000001,-0.9141279881853337,0.4054257283599973,58.6,67.9
2019-10-26,Kerala,SR,8.900372741,76.56999263,58.6,2019,10,5,299,1,0,25.6,91,58.534,70.4,69.5,66.99057142857143,5.918509577507404,70.66446666666666,-0.9749279121818236,-0.2225209339563146,-0.8660254037844386,0.5000000000000001,-0.9070138128026362,0.42110087079608916,59.4,70.8
2019-10-27,Kerala,SR,8.900372741,76.56999263,59.4,2019,10,6,300,1,1,26.4,84,58.6,70.2,68.7,65.44771428571428,6.3354297332352,70.35446666666667,-0.7818314824680299,0.6234898018587334,-0.8660254037844386,0.5000000000000001,-0.8996308696522434,0.4366512319560638,58.534,70.8
2019-10-28,Kerala,SR,8.900372741,76.56999263,58.534,2019,10,0,301,0,0,26.3,86,59.4,70.1,69.6,63.795428571428566,6.427432946807962,69.98559999999999,0.0,1.0,-0.8660254037844386,0.5000000000000001,-0.8919813464595487,0.45207220393230374,62.5,70.6
2019-10-29,Kerala,SR,8.900372741,76.56999263,62.5,2019,10,1,302,0,0,26.0,89,58.534,71.4,67.7,62.524,5.483373049501353,69.81226666666666,0.7818314824680298,0.6234898018587336,-0.8660254037844386,0.5000000000000001,-0.8840675099433637,0.46735921715800205,63.8,69.5
2019-10-30,Kerala,SR,8.900372741,76.56999263,63.8,2019,10,2,303,0,0,24.9,91,62.5,72.3,67.4,61.309714285714286,3.562322543616633,69.69226666666667,0.9749279121818236,-0.22252093395631434,-0.8660254037844386,0.5000000000000001,-0.8758917051442433,0.48250774176121763,60.0,71.0
2019-10-31,Kerala,SR,8.900372741,76.56999263,60.0,2019,10,3,304,0,0,25.1,91,63.8,67.8,67.9,60.19542857142857,2.122929018842748,69.42893333333333,0.43388373911755823,-0.900968867902419,-0.8660254037844386,0.5000000000000001,-0.8674563547295971,0.4975132889071803,67.9,72.1
2019-11-01,Kerala,SR,8.900372741,76.56999263,67.9,2019,11,4,305,0,0,26.6,81,60.0,58.534,67.0,61.53342857142858,3.4426088390993663,69.45893333333333,-0.433883739117558,-0.9009688679024191,-0.5000000000000004,0.8660254037844384,-0.858763958275803,0.5123714121284235,70.8,67.9
2019-11-02,Kerala,SR,8.900372741,76.56999263,70.8,2019,11,5,306,1,0,26.3,85,67.9,58.6,61.8,63.27628571428571,4.60273142508083,69.75893333333333,-0.9749279121818236,-0.2225209339563146,-0.5000000000000004,0.8660254037844384,-0.8498170915275277,0.5270777086423724,70.8,69.7
2019-11-03,Kerala,SR,8.900372741,76.56999263,70.8,2019,11,6,307,1,0,25.8,89,70.8,59.4,66.9,64.90485714285714,5.002096074932561,69.88893333333334,-0.7818314824680299,0.6234898018587334,-0.5000000000000004,0.8660254037844384,-0.8406184056344783,0.5416278206559811,70.6,70.8
2019-11-04,Kerala,SR,8.900372741,76.56999263,70.6,2019,11,0,308,0,0,26.1,87,70.8,58.534,67.9,66.62857142857142,4.493964206100606,69.97893333333333,0.0,1.0,-0.5000000000000004,0.8660254037844384,-0.8311706263658079,0.5560174366570446,69.5,71.4
2019-11-05,Kerala,SR,8.900372741,76.56999263,69.5,2019,11,1,309,0,0,26.5,88,70.6,62.5,67.1,67.62857142857142,4.190749449964824,70.05893333333333,0.7818314824680298,0.6234898018587336,-0.5000000000000004,0.8660254037844384,-0.8214765533024145,0.5702422926917867,71.0,72.6
2019-11-06,Kerala,SR,8.900372741,76.56999263,71.0,2019,11,2,310,0,0,26.4,88,69.5,63.8,66.3,68.65714285714286,3.972344875451234,70.2156,0.9749279121818236,-0.22252093395631434,-0.5000000000000004,0.8660254037844384,-0.8115390590073611,0.5842981736283683,72.1,72.1
2019-11-08,Kerala,SR,8.900372741,76.56999263,72.1,2019,11,4,312,0,0,26.6,89,71.0,60.0,66.4,70.38571428571429,1.333452375638391,70.40559999999999,-0.433883739117558,-0.9009688679024191,-0.5000000000000004,0.8660254037844384,-0.7909456567567774,0.6118864012687242,67.9,65.4
2019-11-09,Kerala,SR,8.900372741,76.56999263,67.9,2019,11,5,313,1,0,26.2,89,72.1,67.9,66.1,70.38571428571429,1.333452375638391,70.4656,-0.9749279121818236,-0.2225209339563146,-0.5000000000000004,0.8660254037844384,-0.780295851070776,0.6254105729852457,69.7,79.9
2019-11-10,Kerala,SR,8.900372741,76.56999263,69.7,2019,11,6,314,1,1,25.9,90,67.9,70.8,58.8,70.22857142857143,1.3412858081139896,70.82893333333332,-0.7818314824680299,0.6234898018587334,-0.5000000000000004,0.8660254037844384,-0.7694148268839381,0.6387494220515268,70.8,80.8
2019-11-11,Kerala,SR,8.900372741,76.56999263,70.8,2019,11,0,315,0,0,25.9,90,69.7,70.8,85.3,70.22857142857143,1.3412858081139896,70.3456,0.0,1.0,-0.5000000000000004,0.8660254037844384,-0.7583058084785625,0.6518989958787125,71.4,80.7
2019-11-12,Kerala,SR,8.900372741,76.56999263,71.4,2019,11,1,316,0,1,26.3,88,70.8,70.6,85.1,70.34285714285714,1.410504806629254,69.88893333333334,0.7818314824680298,0.6234898018587336,-0.5000000000000004,0.8660254037844384,-0.7469720876965551,0.6648553979642866,72.6,81.2
2019-11-13,Kerala,SR,8.900372741,76.56999263,72.6,2019,11,2,317,0,0,27.2,79,71.4,69.5,84.6,70.78571428571429,1.5784259790782522,69.48893333333334,0.9749279121818236,-0.22252093395631434,-0.5000000000000004,0.8660254037844384,-0.7354170229639858,0.6776147890466887,72.1,80.9
2019-11-14,Kerala,SR,8.900372741,76.56999263,72.1,2019,11,3,318,0,0,27.2,77,72.6,71.0,83.4,70.94285714285714,1.656157342421837,69.11226666666667,0.43388373911755823,-0.900968867902419,-0.5000000000000004,0.8660254037844384,-0.7236440382959124,0.690173388242972,65.4,79.8
2019-11-15,Kerala,SR,8.900372741,76.56999263,65.4,2019,11,4,319,0,0,26.9,83,72.1,72.1,83.6,69.9857142857143,2.5634797778466782,68.5056,-0.433883739117558,-0.9009688679024191,-0.5000000000000004,0.8660254037844384,-0.711656622281775,0.7025274741691566,79.9,73.9
2019-11-16,Kerala,SR,8.900372741,76.56999263,79.9,2019,11,5,320,1,0,26.4,86,65.4,67.9,81.5,71.7,4.335896677735865,68.45226666666667,-0.9749279121818236,-0.2225209339563146,-0.5000000000000004,0.8660254037844384,-0.6994583270516471,0.7146733860429608,80.8,72.9
2019-11-17,Kerala,SR,8.900372741,76.56999263,80.8,2019,11,6,321,1,0,26.6,87,79.9,69.7,78.2,73.28571428571429,5.385297445028457,68.53893333333333,-0.7818314824680299,0.6234898018587334,-0.5000000000000004,0.8660254037844384,-0.6870527672236675,0.7266075247685652,80.7,73.2
2019-11-18,Kerala,SR,8.900372741,76.56999263,80.7,2019,11,0,322,0,0,26.7,86,80.8,70.8,69.3,74.7,5.8991524815012175,68.91893333333334,0.0,1.0,-0.5000000000000004,0.8660254037844384,-0.6744436188329457,0.7383263540031063,81.2,74.3
2019-11-19,Kerala,SR,8.900372741,76.56999263,81.2,2019,11,1,323,0,0,26.5,88,80.7,71.4,70.4,76.10000000000001,6.143289021363271,69.27893333333333,0.7818314824680298,0.6234898018587336,-0.5000000000000004,0.8660254037844384,-0.661634618242279,0.749826401204568,80.9,74.8
2019-11-20,Kerala,SR,8.900372741,76.56999263,80.9,2019,11,2,324,0,0,26.5,86,81.2,72.6,70.2,77.28571428571429,6.156142886426386,69.63560000000001,0.9749279121818236,-0.22252093395631434,-0.5000000000000004,0.8660254037844384,-0.6486295610349818,0.7611042586607742,79.8,75.9
2019-11-21,Kerala,SR,8.900372741,76.56999263,79.8,2019,11,3,325,0,0,26.7,82,80.9,72.1,70.1,78.38571428571429,5.749616964468034,69.95893333333333,0.43388373911755823,-0.900968867902419,-0.5000000000000004,0.8660254037844384,-0.6354323008901775,0.7721565844991641,73.9,76.1
2019-11-22,Kerala,SR,8.900372741,76.56999263,73.9,2019,11,4,326,0,0,26.9,79,79.8,65.4,71.4,79.60000000000001,2.56645020732344,70.04226666666666,-0.433883739117558,-0.9009688679024191,-0.5000000000000004,0.8660254037844384,-0.622046748440868,0.7829801036770624,72.9,70.1
2019-11-23,Kerala,SR,8.900372741,76.56999263,72.9,2019,11,5,327,1,0,27.7,74,73.9,79.9,72.3,78.60000000000001,3.5898003658518545,70.06226666666666,-0.9749279121818236,-0.2225209339563146,-0.5000000000000004,0.8660254037844384,-0.6084768701151264,0.7935716089521472,73.2,65.8
2019-11-24,Kerala,SR,8.900372741,76.56999263,73.2,2019,11,6,328,1,0,27.6,77,72.9,80.8,67.8,77.51428571428572,3.945220133879083,70.24226666666667,-0.7818314824680299,0.6234898018587334,-0.5000000000000004,0.8660254037844384,-0.594726686960764,0.8039279618328208,74.3,67.2
2019-11-25,Kerala,SR,8.900372741,76.56999263,74.3,2019,11,0,329,0,0,27.5,75,73.2,80.7,58.534,76.60000000000001,3.8236108588613718,70.7678,0.0,1.0,-0.5000000000000004,0.8660254037844384,-0.5808002734538013,0.8140460935082175,74.8,64.6
2019-11-26,Kerala,SR,8.900372741,76.56999263,74.8,2019,11,1,330,0,0,27.9,70,74.3,81.2,58.6,75.68571428571428,3.2646738333403933,71.3078,0.7818314824680298,0.6234898018587336,-0.5000000000000004,0.8660254037844384,-0.5667017562911184,0.8239230057575536,75.9,64.5
2019-11-27,Kerala,SR,8.900372741,76.56999263,75.9,2019,11,2,331,0,0,28.2,71,74.8,80.9,59.4,74.97142857142856,2.3535181365456994,71.8578,0.9749279121818236,-0.22252093395631434,-0.5000000000000004,0.8660254037844384,-0.5524353131676203,0.8335557718385695,76.1,69.0
2019-11-28,Kerala,SR,8.900372741,76.56999263,76.1,2019,11,3,332,0,0,28.0,73,75.9,79.8,58.534,74.44285714285715,1.2407754871553218,72.44333333333334,0.43388373911755823,-0.900968867902419,-0.5000000000000004,0.8660254037844384,-0.5380051715382992,0.8429415373547832,70.1,71.9
2019-11-29,Kerala,SR,8.900372741,76.56999263,70.1,2019,11,4,333,0,0,27.3,81,76.1,73.9,62.5,73.89999999999999,2.0712315177211646,72.69666666666667,-0.433883739117558,-0.9009688679024191,-0.5000000000000004,0.8660254037844384,-0.5234156073655503,0.8520775211013093,65.8,69.0
2019-11-30,Kerala,SR,8.900372741,76.56999263,65.8,2019,11,5,334,1,0,26.2,87,70.1,72.9,63.8,72.88571428571429,3.722646268193688,72.76333333333334,-0.9749279121818236,-0.2225209339563146,-0.5000000000000004,0.8660254037844384,-0.5086709438521042,0.8609610158889945,67.2,68.6
2019-12-01,Kerala,SR,8.900372741,76.56999263,67.2,2019,12,6,335,1,0,25.4,88,65.8,73.2,60.0,72.02857142857142,4.286301547066163,73.00333333333333,-0.7818314824680299,0.6234898018587334,-2.4492935982947064e-16,1.0,-0.49377555015997737,0.8695893893466109,64.6,72.5
2019-12-02,Kerala,SR,8.900372741,76.56999263,64.6,2019,12,0,336,0,0,27.0,75,67.2,74.3,67.9,70.64285714285714,4.946667950198813,72.89333333333333,0.0,1.0,-2.4492935982947064e-16,1.0,-0.4787338401157883,0.8779600847008883,64.5,72.2
2019-12-03,Kerala,SR,8.900372741,76.56999263,64.5,2019,12,1,337,0,0,26.2,81,64.6,74.8,70.8,69.17142857142858,5.035114790387677,72.68333333333334,0.7818314824680298,0.6234898018587336,-2.4492935982947064e-16,1.0,-0.4635502709028512,0.8860706215341378,69.0,72.7
2019-12-04,Kerala,SR,8.900372741,76.56999263,69.0,2019,12,2,338,0,0,27.8,67,64.5,75.9,70.8,68.18571428571428,4.083882373195226,72.62333333333332,0.9749279121818236,-0.22252093395631434,-2.4492935982947064e-16,1.0,-0.4482293417404106,0.893918596519257,71.9,73.2
2019-12-05,Kerala,SR,8.900372741,76.56999263,71.9,2019,12,3,339,0,0,27.3,70,69.0,76.1,70.6,67.58571428571427,2.849227129959015,72.66666666666667,0.43388373911755823,-0.900968867902419,-2.4492935982947064e-16,1.0,-0.4327755925504317,0.9015016841318838,69.0,71.9
2019-12-06,Kerala,SR,8.900372741,76.56999263,69.0,2019,12,4,340,0,0,27.1,65,71.9,70.1,69.5,67.42857142857143,2.7145989794160794,72.65,-0.433883739117558,-0.9009688679024191,-2.4492935982947064e-16,1.0,-0.41719360261231697,0.9088176373395028,68.6,71.2
2019-12-08,Kerala,SR,8.900372741,76.56999263,68.6,2019,12,6,342,1,0,27.4,69,69.0,65.8,71.0,67.82857142857142,2.6398953803222867,72.57,-0.7818314824680299,0.6234898018587334,-2.4492935982947064e-16,1.0,-0.38566340624360745,0.9226395488404875,72.5,73.8
2019-12-09,Kerala,SR,8.900372741,76.56999263,72.5,2019,12,0,343,0,0,27.5,65,68.6,67.2,72.1,68.58571428571429,3.1418829659024783,72.58333333333333,0.0,1.0,-2.4492935982947064e-16,1.0,-0.3697245428906732,0.9291414114031743,72.2,75.1
2019-12-10,Kerala,SR,8.900372741,76.56999263,72.2,2019,12,1,344,0,0,27.4,69,72.5,64.6,67.9,69.67142857142856,2.8329691642716845,72.72666666666667,0.7818314824680298,0.6234898018587336,-2.4492935982947064e-16,1.0,-0.3536761221763721,0.935367949313148,72.7,76.0
2019-12-11,Kerala,SR,8.900372741,76.56999263,72.7,2019,12,2,345,0,0,27.3,73,72.2,64.5,69.7,70.84285714285714,1.8698102781273738,72.82666666666665,0.9749279121818236,-0.22252093395631434,-2.4492935982947064e-16,1.0,-0.33752289959411347,0.941317317512847,73.2,78.2
2019-12-12,Kerala,SR,8.900372741,76.56999263,73.2,2019,12,3,346,0,0,26.6,81,72.7,69.0,70.8,71.44285714285714,1.8536964358251733,72.90666666666668,0.43388373911755823,-0.900968867902419,-2.4492935982947064e-16,1.0,-0.32126966169236515,0.9469877530760751,71.9,77.6
2019-12-13,Kerala,SR,8.900372741,76.56999263,71.9,2019,12,4,347,0,0,27.1,75,73.2,71.9,71.4,71.44285714285715,1.8536964358251733,72.92333333333333,-0.433883739117558,-0.9009688679024191,-2.4492935982947064e-16,1.0,-0.3049212246562894,0.9523775757303973,71.2,78.5
2019-12-14,Kerala,SR,8.900372741,76.56999263,71.2,2019,12,5,348,1,0,26.1,83,71.9,69.0,72.6,71.75714285714285,1.5284601650651712,72.87666666666668,-0.9749279121818236,-0.2225209339563146,-2.4492935982947064e-16,1.0,-0.2884824328806098,0.9574851883550389,73.8,71.9
2019-12-15,Kerala,SR,8.900372741,76.56999263,73.8,2019,12,6,349,1,0,27.2,70,71.2,68.6,72.1,72.50000000000001,0.8524474568367649,72.93333333333334,-0.7818314824680299,0.6234898018587334,-2.4492935982947064e-16,1.0,-0.27195815753410524,0.9623090774541487,75.1,70.6
2019-12-16,Kerala,SR,8.900372741,76.56999263,75.1,2019,12,0,350,0,0,27.0,71,73.8,72.5,65.4,72.87142857142857,1.3009154286047484,73.25666666666667,0.0,1.0,-2.4492935982947064e-16,1.0,-0.2553532951161881,0.9668478136052773,76.0,71.5
2019-12-17,Kerala,SR,8.900372741,76.56999263,76.0,2019,12,1,351,0,0,27.4,69,75.1,72.2,79.9,73.41428571428571,1.7043362064930188,73.12666666666668,0.7818314824680298,0.6234898018587336,-2.4492935982947064e-16,1.0,-0.23867276600594997,0.9711000518829505,78.2,72.5
2019-12-18,Kerala,SR,8.900372741,76.56999263,78.2,2019,12,2,352,0,0,27.8,64,76.0,72.7,80.8,74.2,2.4324199198880225,73.03999999999999,0.9749279121818236,-0.22252093395631434,-2.4492935982947064e-16,1.0,-0.22192151300416674,0.9750645322571945,77.6,72.6
2019-12-19,Kerala,SR,8.900372741,76.56999263,77.6,2019,12,3,353,0,0,28.2,68,78.2,73.2,80.7,74.82857142857142,2.68620816127788,72.93666666666667,0.43388373911755823,-0.900968867902419,-2.4492935982947064e-16,1.0,-0.20510449986861926,0.9787400799669153,78.5,72.4
2019-12-20,Kerala,SR,8.900372741,76.56999263,78.5,2019,12,4,354,0,0,25.3,81,77.6,71.9,81.2,75.77142857142857,2.6449412631883202,72.84666666666666,-0.433883739117558,-0.9009688679024191,-2.4492935982947064e-16,1.0,-0.1882267098432439,0.9821256058680006,71.9,70.4
2019-12-21,Kerala,SR,8.900372741,76.56999263,71.9,2019,12,5,355,1,0,26.2,76,78.5,71.2,80.9,75.87142857142858,2.4492953311206858,72.54666666666667,-0.9749279121818236,-0.2225209339563146,-2.4492935982947064e-16,1.0,-0.1712931441814778,0.9852201067560606,70.6,63.4
2019-12-22,Kerala,SR,8.900372741,76.56999263,70.6,2019,12,6,356,1,0,27.2,72,71.9,73.8,79.8,75.41428571428571,3.109892051411171,72.24,-0.7818314824680299,0.6234898018587334,-2.4492935982947064e-16,1.0,-0.154308820664281,0.9880226656636976,71.5,67.1
2019-12-23,Kerala,SR,8.900372741,76.56999263,71.5,2019,12,0,357,0,0,27.1,75,70.6,75.1,73.9,74.89999999999999,3.4496376621323037,72.16,0.0,1.0,-2.4492935982947064e-16,1.0,-0.13727877211326517,0.9905324521322227,72.5,64.5
2019-12-24,Kerala,SR,8.900372741,76.56999263,72.5,2019,12,1,358,0,0,27.4,74,71.5,76.0,72.9,74.39999999999999,3.516627171974322,72.14666666666668,0.7818314824680298,0.6234898018587336,-2.4492935982947064e-16,1.0,-0.12020804489935275,0.9927487224577402,72.6,58.9
2019-12-25,Kerala,SR,8.900372741,76.56999263,72.6,2019,12,2,359,0,1,27.7,72,72.5,78.2,73.2,73.6,3.1230327140993106,72.12666666666665,0.9749279121818236,-0.22252093395631434,-2.4492935982947064e-16,1.0,-0.10310169744743544,0.9946708199115211,72.4,61.2
2019-12-26,Kerala,SR,8.900372741,76.56999263,72.4,2019,12,3,360,0,0,27.2,79,72.6,77.6,74.3,72.85714285714286,2.585122268454255,72.06333333333333,0.43388373911755823,-0.900968867902419,-2.4492935982947064e-16,1.0,-0.0859647987374467,0.9962981749346077,70.4,65.2
2019-12-27,Kerala,SR,8.900372741,76.56999263,70.4,2019,12,4,361,0,0,27.0,78,72.4,78.5,74.8,71.7,0.9055385138140446,71.91666666666667,-0.433883739117558,-0.9009688679024191,-2.4492935982947064e-16,1.0,-0.06880242680232064,0.9976303053065857,63.4,67.2
2019-12-28,Kerala,SR,8.900372741,76.56999263,63.4,2019,12,5,362,1,0,27.0,71,70.4,71.9,75.9,70.4857142857143,3.2518858997145097,71.5,-0.9749279121818236,-0.2225209339563146,-2.4492935982947064e-16,1.0,-0.05161966722325418,0.9986668162884759,67.1,63.1
2019-12-29,Kerala,SR,8.900372741,76.56999263,67.1,2019,12,6,363,1,0,27.3,69,63.4,70.6,76.1,69.98571428571428,3.491622627293584,71.2,-0.7818314824680299,0.6234898018587334,-2.4492935982947064e-16,1.0,-0.034421611622745804,0.9994074007397048,64.5,80.3
2019-12-30,Kerala,SR,8.900372741,76.56999263,64.5,2019,12,0,364,0,0,27.4,69,67.1,71.5,70.1,68.98571428571428,3.9570311141176124,71.01333333333334,0.0,1.0,-2.4492935982947064e-16,1.0,-0.01721335615583528,0.9998518392091162,58.9,81.1
2019-12-31,Kerala,SR,8.900372741,76.56999263,58.9,2019,12,1,365,0,0,27.3,74,64.5,72.5,65.8,67.04285714285714,5.113660509803403,70.78333333333333,0.7818314824680298,0.6234898018587336,-2.4492935982947064e-16,1.0,6.432490598706546e-16,1.0,61.2,82.6
2020-01-01,Kerala,SR,8.900372741,76.56999263,61.2,2020,1,2,1,0,0,27.3,75,58.9,72.6,67.2,65.41428571428573,4.85778707212386,70.58333333333333,0.9749279121818236,-0.22252093395631434,0.49999999999999994,0.8660254037844387,0.017213356155834685,0.9998518392091162,65.2,82.9
2020-01-02,Kerala,SR,8.900372741,76.56999263,65.2,2020,1,3,2,0,0,27.5,75,61.2,72.4,64.6,64.38571428571429,3.773340063934516,70.60333333333334,0.43388373911755823,-0.900968867902419,0.49999999999999994,0.8660254037844387,0.03442161162274574,0.9994074007397048,67.2,82.5
2020-01-03,Kerala,SR,8.900372741,76.56999263,67.2,2020,1,4,3,0,0,28.1,74,65.2,70.4,64.5,63.92857142857144,3.0472470010998824,70.69333333333334,-0.433883739117558,-0.9009688679024191,0.49999999999999994,0.8660254037844387,0.051619667223253764,0.998666816288476,63.1,81.6
2020-01-04,Kerala,SR,8.900372741,76.56999263,63.1,2020,1,5,4,1,0,27.3,80,67.2,63.4,69.0,63.885714285714286,3.058010557768972,70.49666666666667,-0.9749279121818236,-0.2225209339563146,0.49999999999999994,0.8660254037844387,0.06880242680231986,0.9976303053065857,80.3,75.6
2020-01-05,Kerala,SR,8.900372741,76.56999263,80.3,2020,1,6,5,1,0,27.0,82,63.1,67.1,71.9,65.77142857142857,6.95598406307208,70.77666666666667,-0.7818314824680299,0.6234898018587334,0.49999999999999994,0.8660254037844387,0.08596479873744647,0.9962981749346078,81.1,69.2
2020-01-13,Kerala,SR,8.900372741,76.56999263,81.1,2020,1,0,13,0,0,27.0,66,80.3,64.5,69.0,68.14285714285714,8.984218968624354,71.18,0.0,1.0,0.49999999999999994,0.8660254037844387,0.2219215130041655,0.9750645322571948,82.6,68.6
2020-01-14,Kerala,SR,8.900372741,76.56999263,82.6,2020,1,1,14,0,0,26.5,73,81.1,58.9,68.6,71.52857142857142,9.377582184073239,71.64666666666668,0.7818314824680298,0.6234898018587336,0.49999999999999994,0.8660254037844387,0.2386727660059501,0.9711000518829505,82.9,66.1
2020-01-15,Kerala,SR,8.900372741,76.56999263,82.9,2020,1,2,15,0,0,26.8,63,82.6,61.2,72.5,74.62857142857142,8.972126148190785,71.99333333333334,0.9749279121818236,-0.22252093395631434,0.49999999999999994,0.8660254037844387,0.255353295116187,0.9668478136052775,82.5,67.2
2020-01-16,Kerala,SR,8.900372741,76.56999263,82.5,2020,1,3,16,0,0,26.6,69,82.9,65.2,72.2,77.1,8.299598383857818,72.33666666666666,0.43388373911755823,-0.900968867902419,0.49999999999999994,0.8660254037844387,0.2719581575341055,0.9623090774541486,81.6,70.1
2020-01-17,Kerala,SR,8.900372741,76.56999263,81.6,2020,1,4,17,0,0,27.4,69,82.5,67.2,72.7,79.15714285714284,7.140461503025774,72.63333333333334,-0.433883739117558,-0.9009688679024191,0.49999999999999994,0.8660254037844387,0.288482432880609,0.9574851883550393,75.6,72.2
2020-01-18,Kerala,SR,8.900372741,76.56999263,75.6,2020,1,5,18,1,0,27.9,70,81.6,63.1,73.2,80.94285714285715,2.5303867575650107,72.71333333333332,-0.9749279121818236,-0.2225209339563146,0.49999999999999994,0.8660254037844387,0.30492122465628907,0.9523775757303974,69.2,65.6
2020-01-19,Kerala,SR,8.900372741,76.56999263,69.2,2020,1,6,19,1,0,28.4,67,75.6,80.3,71.9,79.35714285714286,5.136424548541509,72.62333333333335,-0.7818314824680299,0.6234898018587334,0.49999999999999994,0.8660254037844387,0.3212696616923644,0.9469877530760753,68.6,85.7
2020-01-20,Kerala,SR,8.900372741,76.56999263,68.6,2020,1,0,20,0,0,28.1,65,69.2,81.1,71.2,77.57142857142857,6.437575704594323,72.53666666666666,0.0,1.0,0.49999999999999994,0.8660254037844387,0.3375228995941133,0.9413173175128471,66.1,84.8
2020-01-21,Kerala,SR,8.900372741,76.56999263,66.1,2020,1,1,21,0,0,28.4,63,68.6,82.6,73.8,75.21428571428571,7.257967707154434,72.28,0.7818314824680298,0.6234898018587336,0.49999999999999994,0.8660254037844387,0.3536761221763716,0.9353679493131483,67.2,84.0
2020-01-22,Kerala,SR,8.900372741,76.56999263,67.2,2020,1,2,22,0,0,28.9,62,66.1,82.9,75.1,72.97142857142858,6.904277487112479,72.01666666666667,0.9749279121818236,-0.22252093395631434,0.49999999999999994,0.8660254037844387,0.3697245428906731,0.9291414114031743,70.1,86.4
2020-01-23,Kerala,SR,8.900372741,76.56999263,70.1,2020,1,3,23,0,0,29.5,57,67.2,82.5,76.0,71.2,5.500000000000001,71.82,0.43388373911755823,-0.900968867902419,0.49999999999999994,0.8660254037844387,0.38566340624360707,0.9226395488404876,72.2,87.3
2020-01-24,Kerala,SR,8.900372741,76.56999263,72.2,2020,1,4,24,0,0,28.8,63,70.1,81.6,78.2,69.85714285714286,3.207209141323663,71.61999999999999,-0.433883739117558,-0.9009688679024191,0.49999999999999994,0.8660254037844387,0.401487989205973,0.9158642882672872,65.6,87.3
2020-01-25,Kerala,SR,8.900372741,76.56999263,65.6,2020,1,5,25,1,0,28.0,63,72.2,75.6,77.6,68.42857142857142,2.3300316776916925,71.22,-0.9749279121818236,-0.2225209339563146,0.49999999999999994,0.8660254037844387,0.4171936026123168,0.9088176373395029,85.7,83.3
2020-01-26,Kerala,SR,8.900372741,76.56999263,85.7,2020,1,6,26,1,1,27.5,63,65.6,69.2,78.5,70.78571428571429,6.968842221256111,71.46000000000001,-0.7818314824680299,0.6234898018587334,0.49999999999999994,0.8660254037844387,0.4327755925504312,0.901501684131884,84.8,66.3
2020-01-27,Kerala,SR,8.900372741,76.56999263,84.8,2020,1,0,27,0,0,27.1,67,85.7,68.6,71.9,73.1,8.617037387254044,71.89,0.0,1.0,0.49999999999999994,0.8660254037844387,0.4482293417404106,0.893918596519257,84.0,68.7
2020-01-28,Kerala,SR,8.900372741,76.56999263,84.0,2020,1,1,28,0,0,26.9,77,84.8,66.1,70.6,75.65714285714286,8.84644130764034,72.33666666666666,0.7818314824680298,0.6234898018587336,0.49999999999999994,0.8660254037844387,0.4635502709028509,0.886070621534138,86.4,72.1
2020-01-29,Kerala,SR,8.900372741,76.56999263,86.4,2020,1,2,29,0,0,27.1,69,84.0,67.2,71.5,78.39999999999999,8.763370736575572,72.83333333333333,0.9749279121818236,-0.22252093395631434,0.49999999999999994,0.8660254037844387,0.47873384011578846,0.8779600847008882,87.3,71.7
2020-01-30,Kerala,SR,8.900372741,76.56999263,87.3,2020,1,3,30,0,0,27.2,74,86.4,70.1,72.5,80.85714285714286,8.454162119504234,73.32666666666667,0.43388373911755823,-0.900968867902419,0.49999999999999994,0.8660254037844387,0.49377555015997715,0.869589389346611,87.3,70.2
2020-01-31,Kerala,SR,8.900372741,76.56999263,87.3,2020,1,4,31,0,0,27.6,78,87.3,72.2,72.6,83.01428571428572,7.7763377351702285,73.81666666666666,-0.433883739117558,-0.9009688679024191,0.49999999999999994,0.8660254037844387,0.5086709438521044,0.8609610158889943,83.3,68.6
2020-02-01,Kerala,SR,8.900372741,76.56999263,83.3,2020,2,5,32,1,0,27.5,72,87.3,65.6,72.4,85.54285714285713,1.5757084574443858,74.18,-0.9749279121818236,-0.2225209339563146,0.8660254037844386,0.5000000000000001,0.5234156073655503,0.8520775211013093,66.3,62.8
2020-02-02,Kerala,SR,8.900372741,76.56999263,66.3,2020,2,6,33,1,0,27.4,69,83.3,85.7,70.4,82.77142857142857,7.431849093757541,74.04333333333334,-0.7818314824680299,0.6234898018587334,0.8660254037844386,0.5000000000000001,0.5380051715382996,0.8429415373547828,68.7,63.2
2020-02-03,Kerala,SR,8.900372741,76.56999263,68.7,2020,2,0,34,0,0,27.5,62,66.3,84.8,63.4,80.47142857142856,9.020848867247329,74.22,0.0,1.0,0.8660254037844386,0.5000000000000001,0.5524353131676196,0.8335557718385699,72.1,59.8
2020-02-04,Kerala,SR,8.900372741,76.56999263,72.1,2020,2,1,35,0,0,27.3,67,68.7,84.0,67.1,78.77142857142857,9.359970492424122,74.38666666666667,0.7818314824680298,0.6234898018587336,0.8660254037844386,0.5000000000000001,0.5667017562911176,0.8239230057575542,71.7,59.9
2020-02-05,Kerala,SR,8.900372741,76.56999263,71.7,2020,2,2,36,0,0,27.8,67,72.1,86.4,64.5,76.67142857142856,9.00550096435782,74.62666666666668,0.9749279121818236,-0.22252093395631434,0.8660254037844386,0.5000000000000001,0.5808002734538009,0.8140460935082178,70.2,64.4
2020-02-13,Kerala,SR,8.900372741,76.56999263,70.2,2020,2,3,44,0,0,28.7,63,71.7,87.3,58.9,74.22857142857143,7.892341073410916,75.00333333333333,0.43388373911755823,-0.900968867902419,0.8660254037844386,0.5000000000000001,0.6870527672236669,0.7266075247685656,68.6,66.2
2020-02-14,Kerala,SR,8.900372741,76.56999263,68.6,2020,2,4,45,0,0,28.2,68,70.2,87.3,61.2,71.55714285714285,5.546727907171141,75.25,-0.433883739117558,-0.9009688679024191,0.8660254037844386,0.5000000000000001,0.699458327051647,0.7146733860429609,62.8,67.0
2020-02-15,Kerala,SR,8.900372741,76.56999263,62.8,2020,2,5,46,1,0,27.3,81,68.6,83.3,65.2,68.62857142857142,3.249468821061003,75.17,-0.9749279121818236,-0.2225209339563146,0.8660254037844386,0.5000000000000001,0.7116566222817746,0.7025274741691571,63.2,60.3
2020-02-16,Kerala,SR,8.900372741,76.56999263,63.2,2020,2,6,47,1,0,28.5,69,62.8,66.3,67.2,68.18571428571428,3.7865677384796745,75.03666666666666,-0.7818314824680299,0.6234898018587334,0.8660254037844386,0.5000000000000001,0.7236440382959124,0.6901733882429719,59.8,84.4
2020-02-17,Kerala,SR,8.900372741,76.56999263,59.8,2020,2,0,48,0,0,28.6,61,63.2,68.7,63.1,66.91428571428571,4.9120357529332725,74.92666666666668,0.0,1.0,0.8660254037844386,0.5000000000000001,0.7354170229639855,0.6776147890466889,59.9,86.1
2020-02-18,Kerala,SR,8.900372741,76.56999263,59.9,2020,2,1,49,0,0,28.4,59,59.8,72.1,80.3,65.17142857142856,4.929744511876859,74.24666666666667,0.7818314824680298,0.6234898018587336,0.8660254037844386,0.5000000000000001,0.7469720876965552,0.6648553979642865,64.4,84.0
2020-02-19,Kerala,SR,8.900372741,76.56999263,64.4,2020,2,2,50,0,0,27.9,58,59.9,71.7,81.1,64.12857142857142,4.003629305898137,73.69,0.9749279121818236,-0.22252093395631434,0.8660254037844386,0.5000000000000001,0.7583058084785624,0.6518989958787126,66.2,83.1
2020-02-20,Kerala,SR,8.900372741,76.56999263,66.2,2020,2,3,51,0,0,27.7,60,64.4,70.2,82.6,63.55714285714286,3.1967989942319552,73.14333333333335,0.43388373911755823,-0.900968867902419,0.8660254037844386,0.5000000000000001,0.7694148268839378,0.6387494220515272,67.0,83.6
2020-02-21,Kerala,SR,8.900372741,76.56999263,67.0,2020,2,4,52,0,0,28.8,59,66.2,68.6,82.9,63.32857142857142,2.8099313667263957,72.61333333333333,-0.433883739117558,-0.9009688679024191,0.8660254037844386,0.5000000000000001,0.7802958510707755,0.6254105729852463,60.3,84.6
2020-02-22,Kerala,SR,8.900372741,76.56999263,60.3,2020,2,5,53,1,0,29.9,59,67.0,62.8,82.5,62.971428571428575,3.037934762144526,71.87333333333332,-0.9749279121818236,-0.2225209339563146,0.8660254037844386,0.5000000000000001,0.7909456567567772,0.6118864012687243,84.4,78.8
2020-02-23,Kerala,SR,8.900372741,76.56999263,84.4,2020,2,6,54,1,0,29.1,59,60.3,63.2,81.6,66.0,8.663140308225376,71.96666666666667,-0.7818314824680299,0.6234898018587334,0.8660254037844386,0.5000000000000001,0.8013610881746766,0.5981809144059165,86.1,73.7
2020-02-24,Kerala,SR,8.900372741,76.56999263,86.1,2020,2,0,55,0,0,28.5,66,84.4,59.8,75.6,69.75714285714285,10.932041154767207,72.31666666666666,0.0,1.0,0.8660254037844386,0.5000000000000001,0.8115390590073611,0.5842981736283684,84.0,74.4
2020-02-25,Kerala,SR,8.900372741,76.56999263,84.0,2020,2,1,56,0,0,28.0,69,86.1,59.9,69.2,73.2,11.103903217637825,72.80999999999999,0.7818314824680298,0.6234898018587336,0.8660254037844386,0.5000000000000001,0.8214765533024142,0.5702422926917871,83.1,66.7
2020-02-26,Kerala,SR,8.900372741,76.56999263,83.1,2020,2,2,57,0,0,28.5,67,84.0,64.4,68.6,75.87142857142858,10.881132644125302,73.29333333333334,0.9749279121818236,-0.22252093395631434,0.8660254037844386,0.5000000000000001,0.8311706263658079,0.5560174366570446,83.6,73.0
2020-02-27,Kerala,SR,8.900372741,76.56999263,83.6,2020,2,3,58,0,0,28.3,73,83.1,66.2,66.1,78.35714285714286,10.274054237553583,73.87666666666668,0.43388373911755823,-0.900968867902419,0.8660254037844386,0.5000000000000001,0.8406184056344782,0.5416278206559814,84.6,73.4
2020-02-28,Kerala,SR,8.900372741,76.56999263,84.6,2020,2,4,59,0,0,28.7,64,83.6,67.0,67.2,80.87142857142858,9.120254800116635,74.45666666666666,-0.433883739117558,-0.9009688679024191,0.8660254037844386,0.5000000000000001,0.8498170915275278,0.5270777086423722,78.8,70.9
2020-02-29,Kerala,SR,8.900372741,76.56999263,78.8,2020,2,5,60,1,0,27.7,71,84.6,60.3,70.1,83.51428571428572,2.2835853180394725,74.74666666666667,-0.9749279121818236,-0.2225209339563146,0.8660254037844386,0.5000000000000001,0.8587639582758029,0.5123714121284237,73.7,63.2
2020-03-01,Kerala,SR,8.900372741,76.56999263,73.7,2020,3,6,61,1,0,28.4,67,78.8,84.4,72.2,81.98571428571428,4.290854060840542,74.79666666666667,-0.7818314824680299,0.6234898018587334,1.0,6.123233995736766e-17,0.8674563547295969,0.49751328890718066,74.4,72.8
2020-03-02,Kerala,SR,8.900372741,76.56999263,74.4,2020,3,0,62,0,0,28.6,68,73.7,86.1,65.6,80.31428571428572,4.68203252566996,75.09,0.0,1.0,1.0,6.123233995736766e-17,0.8758917051442429,0.48250774176121847,66.7,72.7
2020-03-03,Kerala,SR,8.900372741,76.56999263,66.7,2020,3,1,63,0,0,27.9,77,74.4,84.0,85.7,77.84285714285714,6.589602199136114,74.45666666666666,0.7818314824680298,0.6234898018587336,1.0,6.123233995736766e-17,0.8840675099433636,0.4673592171580022,73.0,65.4
2020-03-04,Kerala,SR,8.900372741,76.56999263,73.0,2020,3,2,64,0,0,27.9,80,66.7,83.1,84.8,76.39999999999999,6.3479655533618615,74.06333333333333,0.9749279121818236,-0.22252093395631434,1.0,6.123233995736766e-17,0.8919813464595485,0.45207220393230435,73.4,69.2
2020-03-05,Kerala,SR,8.900372741,76.56999263,73.4,2020,3,3,65,0,0,27.6,82,73.0,83.6,84.0,74.94285714285715,5.538909983880009,73.71000000000001,0.43388373911755823,-0.900968867902419,1.0,6.123233995736766e-17,0.8996308696522433,0.43665123195606403,70.9,68.6
2020-03-13,Kerala,SR,8.900372741,76.56999263,70.9,2020,3,4,73,0,0,29.0,70,73.4,84.6,86.4,72.98571428571428,3.6594300883375355,73.19333333333334,-0.433883739117558,-0.9009688679024191,1.0,6.123233995736766e-17,0.9510565162951535,0.30901699437494745,63.2,66.1
2020-03-14,Kerala,SR,8.900372741,76.56999263,63.2,2020,3,5,74,1,0,28.7,73,70.9,78.8,87.3,70.75714285714287,4.233539552532637,72.39,-0.9749279121818236,-0.2225209339563146,1.0,6.123233995736766e-17,0.9562348265919056,0.29260033563334836,72.8,67.2
2020-03-15,Kerala,SR,8.900372741,76.56999263,72.8,2020,3,6,75,1,0,28.8,75,63.2,73.7,87.3,70.62857142857142,4.141945712550487,71.90666666666668,-0.7818314824680299,0.6234898018587334,1.0,6.123233995736766e-17,0.9611297838723007,0.27609697309746883,72.7,65.5
2020-03-16,Kerala,SR,8.900372741,76.56999263,72.7,2020,3,0,76,0,0,29.2,70,72.8,74.4,83.3,70.38571428571429,3.928285703895478,71.55333333333333,0.0,1.0,1.0,6.123233995736766e-17,0.9657399376548549,0.2595117970697999,65.4,64.7
2020-03-17,Kerala,SR,8.900372741,76.56999263,65.4,2020,3,1,77,0,0,29.5,67,72.7,66.7,66.3,70.2,4.155718951036148,71.52333333333333,0.7818314824680298,0.6234898018587336,1.0,6.123233995736766e-17,0.9700639218515071,0.2428497220959356,69.2,62.8
2020-03-18,Kerala,SR,8.900372741,76.56999263,69.2,2020,3,2,78,0,0,30.0,62,65.4,73.0,68.7,69.65714285714286,3.973183921767447,71.53999999999999,0.9749279121818236,-0.22252093395631434,1.0,6.123233995736766e-17,0.9741004551724205,0.22611568550828828,68.6,63.8
2020-03-19,Kerala,SR,8.900372741,76.56999263,68.6,2020,3,3,79,0,0,29.1,73,69.2,73.4,72.1,68.97142857142858,3.617878883966177,71.42333333333335,0.43388373911755823,-0.900968867902419,1.0,6.123233995736766e-17,0.9778483415056568,0.20931464596304847,66.1,64.2
2020-03-20,Kerala,SR,8.900372741,76.56999263,66.1,2020,3,4,80,0,0,28.7,79,68.6,70.9,71.7,68.28571428571429,3.6461982810541866,71.23666666666666,-0.433883739117558,-0.9009688679024191,1.0,6.123233995736766e-17,0.9813064702716093,0.19245158197082998,67.2,62.9
2020-03-21,Kerala,SR,8.900372741,76.56999263,67.2,2020,3,5,81,1,0,28.8,77,66.1,63.2,70.2,68.85714285714286,2.966399131864173,71.13666666666667,-0.9749279121818236,-0.2225209339563146,1.0,6.123233995736766e-17,0.9844738167520922,0.1755314904214282,65.5,66.8
2020-03-22,Kerala,SR,8.900372741,76.56999263,65.5,2020,3,6,82,1,0,28.0,81,67.2,72.8,68.6,67.81428571428572,2.611148260458558,71.03333333333333,-0.7818314824680299,0.6234898018587334,1.0,6.123233995736766e-17,0.9873494423939864,0.15855938510313475,64.7,66.9
2020-03-23,Kerala,SR,8.900372741,76.56999263,64.7,2020,3,0,83,0,0,28.3,81,65.5,72.7,62.8,66.67142857142856,1.7124196192467653,71.09666666666666,0.0,1.0,1.0,6.123233995736766e-17,0.989932495087353,0.141540295217043,62.8,69.4
2020-03-24,Kerala,SR,8.900372741,76.56999263,62.8,2020,3,1,84,0,0,28.0,83,64.7,65.4,63.2,66.3,2.23606797749984,71.08333333333333,0.7818314824680298,0.6234898018587336,1.0,6.123233995736766e-17,0.9922222094179323,0.12447926388678915,63.8,71.0
2020-03-25,Kerala,SR,8.900372741,76.56999263,63.8,2020,3,2,85,0,0,27.2,85,62.8,69.2,59.8,65.52857142857142,1.9863822103800601,71.21666666666667,0.9749279121818236,-0.22252093395631434,1.0,6.123233995736766e-17,0.994217906893952,0.10738134666416309,64.2,70.7
2020-03-26,Kerala,SR,8.900372741,76.56999263,64.2,2020,3,3,86,0,0,27.7,78,63.8,68.6,59.9,64.89999999999999,1.4854853303438074,71.35999999999999,0.43388373911755823,-0.900968867902419,1.0,6.123233995736766e-17,0.995918996147179,0.09025161003104117,62.9,71.5
2020-03-27,Kerala,SR,8.900372741,76.56999263,62.9,2020,3,4,87,0,0,28.2,73,64.2,66.1,64.4,64.44285714285715,1.5458084646953227,71.31,-0.433883739117558,-0.9009688679024191,1.0,6.123233995736766e-17,0.9973249731081555,0.07309512989807777,66.8,69.6
2020-03-28,Kerala,SR,8.900372741,76.56999263,66.8,2020,3,5,88,1,0,28.4,77,62.9,67.2,66.2,64.38571428571427,1.4299517141364577,71.33,-0.9749279121818236,-0.2225209339563146,1.0,6.123233995736766e-17,0.9984354211555643,0.055916990100603484,66.9,62.4
2020-03-29,Kerala,SR,8.900372741,76.56999263,66.9,2020,3,6,89,1,0,28.2,79,66.8,65.5,67.0,64.58571428571427,1.6866421982038267,71.32666666666665,-0.7818314824680299,0.6234898018587334,1.0,6.123233995736766e-17,0.9992500112396835,0.03872228089217446,69.4,76.4
2020-03-30,Kerala,SR,8.900372741,76.56999263,69.4,2020,3,0,90,0,0,28.7,77,66.9,64.7,60.3,65.25714285714285,2.485864801135385,71.63000000000001,0.0,1.0,1.0,6.123233995736766e-17,0.9997685019798909,0.021516097436222254,71.0,78.9
2020-03-31,Kerala,SR,8.900372741,76.56999263,71.0,2020,3,1,91,0,0,28.8,78,69.4,62.8,84.4,66.42857142857143,3.011485948671834,71.18333333333334,0.7818314824680298,0.6234898018587336,1.0,6.123233995736766e-17,0.9999907397361901,0.004303538296244289,70.7,79.2
2020-04-01,Kerala,SR,8.900372741,76.56999263,70.7,2020,4,2,92,0,0,28.9,76,71.0,63.8,86.1,67.41428571428573,3.1344476235474668,70.67000000000002,0.9749279121818236,-0.22252093395631434,0.8660254037844387,-0.4999999999999998,0.9999166586547379,-0.01291029607500882,71.5,79.5
2020-04-02,Kerala,SR,8.900372741,76.56999263,71.5,2020,4,3,93,0,1,29.1,71,70.7,64.2,84.0,68.45714285714287,3.1009983031583737,70.25333333333333,0.43388373911755823,-0.900968867902419,0.8660254037844387,-0.4999999999999998,0.9995462806873573,-0.030120304846908114,69.6,80.4
2020-04-03,Kerala,SR,8.900372741,76.56999263,69.6,2020,4,4,94,0,0,28.8,73,71.5,62.9,83.1,69.41428571428571,1.9021291328655967,69.80333333333333,-0.433883739117558,-0.9009688679024191,0.8660254037844387,-0.4999999999999998,0.9988797155850336,-0.04732138832243185,62.4,78.3
2020-04-04,Kerala,SR,8.900372741,76.56999263,62.4,2020,4,5,95,1,0,28.9,76,69.6,66.8,83.6,68.78571428571429,3.196575548629488,69.09666666666666,-0.9749279121818236,-0.2225209339563146,0.8660254037844387,-0.4999999999999998,0.9979171608653922,-0.06450844944931623,76.4,72.3
2020-04-05,Kerala,SR,8.900372741,76.56999263,76.4,2020,4,6,96,1,0,28.9,75,62.4,66.9,84.6,70.14285714285714,4.139990798241555,68.82333333333332,-0.7818314824680299,0.6234898018587334,0.8660254037844387,-0.4999999999999998,0.9966589017541702,-0.08167639533042241,78.9,71.1
2020-04-13,Kerala,SR,8.900372741,76.56999263,78.9,2020,4,0,104,0,0,29.0,79,76.4,69.4,78.8,71.5,5.261178575186475,68.82666666666667,0.0,1.0,0.8660254037844387,-0.4999999999999998,0.9760105506323683,-0.21772323039653177,79.2,73.6
2020-04-14,Kerala,SR,8.900372741,76.56999263,79.2,2020,4,1,105,0,1,29.3,76,78.9,71.0,73.7,72.67142857142858,5.993250171572098,69.01,0.7818314824680298,0.6234898018587336,0.8660254037844387,-0.4999999999999998,0.9721181966290613,-0.23449138957040985,79.5,74.5
2020-04-15,Kerala,SR,8.900372741,76.56999263,79.5,2020,4,2,106,0,0,28.5,79,79.2,70.7,74.4,73.92857142857143,6.418648426191386,69.18,0.9749279121818236,-0.22252093395631434,0.8660254037844387,-0.4999999999999998,0.9679377830240642,-0.25119006388481935,80.4,74.9
2020-04-16,Kerala,SR,8.900372741,76.56999263,80.4,2020,4,3,107,0,0,28.6,79,79.5,71.5,66.7,75.2,6.731270311018694,69.63666666666667,0.43388373911755823,-0.900968867902419,0.8660254037844387,-0.4999999999999998,0.9634705485641488,-0.2678143051621742,78.3,74.8
2020-04-17,Kerala,SR,8.900372741,76.56999263,78.3,2020,4,4,108,0,0,29.0,78,80.4,69.6,73.0,76.44285714285715,6.3152875740427685,69.81333333333333,-0.433883739117558,-0.9009688679024191,0.8660254037844387,-0.4999999999999998,0.9587178169872964,-0.2843591872810034,72.3,73.4
2020-04-18,Kerala,SR,8.900372741,76.56999263,72.3,2020,4,5,109,1,0,29.2,77,78.3,62.4,73.4,77.85714285714286,2.7464262493027465,69.77666666666667,-0.9749279121818236,-0.2225209339563146,0.8660254037844387,-0.4999999999999998,0.9536809966304457,-0.30081980763566735,71.1,66.6
2020-04-19,Kerala,SR,8.900372741,76.56999263,71.1,2020,4,6,110,1,0,29.0,79,72.3,76.4,70.9,77.10000000000001,3.758989225842758,69.78333333333333,-0.7818314824680299,0.6234898018587334,0.8660254037844387,-0.4999999999999998,0.9483615800121715,-0.3171912885891061,73.6,79.6
2020-04-20,Kerala,SR,8.900372741,76.56999263,73.6,2020,4,0,111,0,0,28.8,80,71.1,78.9,63.2,76.34285714285714,3.8681852518796185,70.13000000000001,0.0,1.0,0.8660254037844387,-0.4999999999999998,0.9427611433904207,-0.3334687789181868,74.5,82.5
2020-04-21,Kerala,SR,8.900372741,76.56999263,74.5,2020,4,1,112,0,0,28.4,83,73.6,79.2,72.8,75.67142857142856,3.693559387959358,70.18666666666667,0.7818314824680298,0.6234898018587336,0.8660254037844387,-0.4999999999999998,0.9368813462954315,-0.3496474552512284,74.9,75.9
2020-04-22,Kerala,SR,8.900372741,76.56999263,74.9,2020,4,2,113,0,0,27.8,84,74.5,79.5,72.7,75.01428571428572,3.2855382975645835,70.26,0.9749279121818236,-0.22252093395631434,0.8660254037844387,-0.4999999999999998,0.9307239310379795,-0.36572252349726897,74.8,77.8
2020-04-23,Kerala,SR,8.900372741,76.56999263,74.8,2020,4,3,114,0,0,27.9,85,74.9,80.4,65.4,74.21428571428571,2.285044544736522,70.57333333333332,0.43388373911755823,-0.900968867902419,0.8660254037844387,-0.4999999999999998,0.9242907221930933,-0.3816892202666588,73.4,79.1
2020-04-24,Kerala,SR,8.900372741,76.56999263,73.4,2020,4,4,115,0,0,27.7,85,74.8,78.3,69.2,73.51428571428572,1.406447737421028,70.71333333333334,-0.433883739117558,-0.9009688679024191,0.8660254037844387,-0.4999999999999998,0.9175836260593937,-0.39754281428255595,66.6,78.7
2020-04-25,Kerala,SR,8.900372741,76.56999263,66.6,2020,4,5,116,1,0,28.6,81,73.4,72.3,68.6,72.7,2.987752778706443,70.64666666666668,-0.9749279121818236,-0.2225209339563146,0.8660254037844387,-0.4999999999999998,0.9106046300942162,-0.4132786077829042,79.6,65.8
2020-04-26,Kerala,SR,8.900372741,76.56999263,79.6,2020,4,6,117,1,0,28.3,83,66.6,71.1,66.1,73.91428571428571,3.8359825214361223,71.09666666666666,-0.7818314824680299,0.6234898018587334,0.8660254037844387,-0.4999999999999998,0.9033558023246845,-0.4288919379124835,82.5,69.1
2020-04-27,Kerala,SR,8.900372741,76.56999263,82.5,2020,4,0,118,0,0,28.9,80,79.6,73.6,67.2,75.18571428571428,5.009799919966555,71.60666666666665,0.0,1.0,0.8660254037844387,-0.4999999999999998,0.895839290734909,-0.4443781781046132,75.9,74.0
2020-04-28,Kerala,SR,8.900372741,76.56999263,75.9,2020,4,1,119,0,0,28.7,84,82.5,74.5,65.5,75.38571428571429,5.005806152668811,71.95333333333333,0.7818314824680298,0.6234898018587336,0.8660254037844387,-0.4999999999999998,0.8880573226294932,-0.45973273945210397,77.8,72.4
2020-04-29,Kerala,SR,8.900372741,76.56999263,77.8,2020,4,2,120,0,0,28.1,82,75.9,74.9,64.7,75.8,5.0783855702380185,72.39,0.9749279121818236,-0.22252093395631434,0.8660254037844387,-0.4999999999999998,0.8800122039735357,-0.47495107206704995,79.1,68.1
2020-04-30,Kerala,SR,8.900372741,76.56999263,79.1,2020,4,3,121,0,0,28.8,84,77.8,74.8,62.8,76.41428571428571,5.195969133674393,72.93333333333334,0.43388373911755823,-0.900968867902419,0.8660254037844387,-0.4999999999999998,0.8717063187093218,-0.4900286664290592,78.7,69.8
2020-05-01,Kerala,SR,8.900372741,76.56999263,78.7,2020,5,4,122,0,0,28.9,81,79.1,73.4,63.8,77.17142857142858,5.068107564536901,73.43,-0.433883739117558,-0.9009688679024191,0.49999999999999994,-0.8660254037844387,0.8631421280499114,-0.5049610547215204,65.8,71.3
2020-05-02,Kerala,SR,8.900372741,76.56999263,65.8,2020,5,5,123,1,0,29.2,81,78.7,66.6,64.2,77.05714285714285,5.3475406007053685,73.48333333333333,-0.9749279121818236,-0.2225209339563146,0.49999999999999994,-0.8660254037844387,0.854322169749827,-0.5197438121555155,69.1,72.7
2020-05-03,Kerala,SR,8.900372741,76.56999263,69.1,2020,5,6,124,1,0,28.6,84,65.8,79.6,62.9,75.55714285714285,5.953670336539651,73.69000000000001,-0.7818314824680299,0.6234898018587334,0.49999999999999994,-0.8660254037844387,0.8452490573530633,-0.5343725582809786,74.0,73.3
2020-05-04,Kerala,SR,8.900372741,76.56999263,74.0,2020,5,0,125,0,0,28.9,83,69.1,82.5,66.8,74.34285714285714,5.1084430579377145,73.93,0.0,1.0,0.49999999999999994,-0.8660254037844387,0.8359254794186372,-0.548842958284719,72.4,74.3
2020-05-05,Kerala,SR,8.900372741,76.56999263,72.4,2020,5,1,126,0,0,28.9,85,74.0,75.9,66.9,73.84285714285714,5.101913739914202,74.11333333333333,0.7818314824680298,0.6234898018587336,0.49999999999999994,-0.8660254037844387,0.8263541987239096,-0.5631507242749186,68.1,75.6
2020-05-13,Kerala,SR,8.900372741,76.56999263,68.1,2020,5,2,134,0,0,27.4,88,72.4,77.8,69.4,72.45714285714286,5.164899851516179,74.07,0.9749279121818236,-0.22252093395631434,0.49999999999999994,-0.8660254037844387,0.7412220108485958,-0.6712599575675313,69.8,75.4
2020-05-14,Kerala,SR,8.900372741,76.56999263,69.8,2020,5,3,135,0,0,27.8,87,68.1,79.1,71.0,71.12857142857142,4.294071217277244,74.02999999999999,0.43388373911755823,-0.900968867902419,0.49999999999999994,-0.8660254037844387,0.7295575540864875,-0.6839194216246106,71.3,75.4
2020-05-15,Kerala,SR,8.900372741,76.56999263,71.3,2020,5,4,136,0,0,27.4,87,69.8,78.7,70.7,70.07142857142857,2.7542175450961444,74.05,-0.433883739117558,-0.9009688679024191,0.49999999999999994,-0.8660254037844387,0.717676913675962,-0.6963762255968722,72.7,73.4
2020-05-16,Kerala,SR,8.900372741,76.56999263,72.7,2020,5,5,137,1,0,27.0,89,71.3,65.8,71.5,71.05714285714285,2.1360845355131426,74.08999999999999,-0.9749279121818236,-0.2225209339563146,0.49999999999999994,-0.8660254037844387,0.705583610107178,-0.7086266782644596,73.3,67.0
2020-05-17,Kerala,SR,8.900372741,76.56999263,73.3,2020,5,6,138,1,0,27.0,90,72.7,69.1,69.6,71.65714285714286,2.0839522890072284,74.21333333333334,-0.7818314824680299,0.6234898018587334,0.49999999999999994,-0.8660254037844387,0.6932812268869777,-0.7206671495538609,74.3,70.0
2020-05-18,Kerala,SR,8.900372741,76.56999263,74.3,2020,5,0,139,0,0,25.8,94,73.3,74.0,62.4,71.7,2.142428528563166,74.61,0.0,1.0,0.49999999999999994,-0.8660254037844387,0.6807734094770161,-0.7324940716135789,75.6,69.8
2020-05-19,Kerala,SR,8.900372741,76.56999263,75.6,2020,5,1,140,0,0,26.8,89,74.3,72.4,76.4,72.15714285714286,2.6075896551269735,74.58333333333333,0.7818314824680298,0.6234898018587336,0.49999999999999994,-0.8660254037844387,0.6680638642135335,-0.7441039398713607,75.4,70.2
2020-05-20,Kerala,SR,8.900372741,76.56999263,75.4,2020,5,2,141,0,0,27.1,89,75.6,68.1,78.9,73.2,2.1307275752666173,74.46666666666667,0.9749279121818236,-0.22252093395631434,0.49999999999999994,-0.8660254037844387,0.6551563572090853,-0.7554933140726803,75.4,69.8
2020-05-21,Kerala,SR,8.900372741,76.56999263,75.4,2020,5,3,142,0,0,26.2,92,75.4,69.8,79.2,74.0,1.6350331291246085,74.33999999999999,0.43388373911755823,-0.900968867902419,0.49999999999999994,-0.8660254037844387,0.6420547132365637,-0.766658819300159,73.4,68.7
