timestamp,node_id,region,latitude,longitude,consumption_mu,year,month,dayofweek,dayofyear,is_weekend,is_holiday,temperature_c,humidity,lag_1d,lag_7d,lag_30d,roll_mean_7d,roll_std_7d,roll_mean_30d,dow_sin,dow_cos,month_sin,month_cos,doy_sin,doy_cos,target_next_1d,target_next_7d
2019-02-02,Karnataka,SR,12.57038129,76.91999711,221.6,2019,2,5,33,1,0,23.9,51,218.2,180.6,206.3,218.35714285714286,5.25384213151272,192.6533333333333,-0.9749279121818236,-0.2225209339563146,0.8660254037844386,0.5000000000000001,0.5380051715382996,0.8429415373547828,220.7,136.9
2019-02-03,Karnataka,SR,12.57038129,76.91999711,220.7,2019,2,6,34,1,0,24.9,53,221.6,209.6,212.2,219.94285714285715,3.5781080395731757,192.93666666666667,-0.7818314824680299,0.6234898018587334,0.8660254037844386,0.5000000000000001,0.5524353131676196,0.8335557718385699,226.7,146.8
2019-02-04,Karnataka,SR,12.57038129,76.91999711,226.7,2019,2,0,35,0,0,25.3,50,220.7,223.4,205.3,220.41428571428568,4.261622762684377,193.65,0.0,1.0,0.8660254037844386,0.5000000000000001,0.5667017562911176,0.8239230057575542,226.2,136.702
2019-02-05,Karnataka,SR,12.57038129,76.91999711,226.2,2019,2,1,36,0,0,25.9,56,226.7,224.5,212.4,220.65714285714284,4.57050585925944,194.11,0.7818314824680298,0.6234898018587336,0.8660254037844386,0.5000000000000001,0.5808002734538009,0.8140460935082178,228.8,142.8
2019-02-06,Karnataka,SR,12.57038129,76.91999711,228.8,2019,2,2,37,0,0,26.2,49,226.2,215.5,217.5,222.55714285714285,4.826612733189989,194.48666666666668,0.9749279121818236,-0.22252093395631434,0.8660254037844386,0.5000000000000001,0.5947266869607634,0.8039279618328213,136.702,141.7
2019-02-07,Karnataka,SR,12.57038129,76.91999711,136.702,2019,2,3,38,0,0,26.9,42,228.8,215.7,217.4,211.27171428571427,33.09666650744093,191.7967333333333,0.43388373911755823,-0.900968867902419,0.8660254037844386,0.5000000000000001,0.6084768701151261,0.7935716089521474,136.702,205.3
2019-02-08,Karnataka,SR,12.57038129,76.91999711,136.702,2019,2,4,39,0,0,26.8,55,136.702,218.2,201.0,199.62914285714282,43.08157158781687,189.65346666666665,-0.433883739117558,-0.9009688679024191,0.8660254037844386,0.5000000000000001,0.6220467484408675,0.7829801036770629,136.9,204.5
2019-02-09,Karnataka,SR,12.57038129,76.91999711,136.9,2019,2,5,40,1,0,26.2,59,136.702,221.6,173.6,187.52914285714286,47.54557053125828,188.43013333333334,-0.9749279121818236,-0.2225209339563146,0.8660254037844386,0.5000000000000001,0.6354323008901774,0.7721565844991642,146.8,211.1
2019-02-10,Karnataka,SR,12.57038129,76.91999711,146.8,2019,2,6,41,1,0,25.5,66,136.9,220.7,176.0,176.97199999999998,47.15554424808742,187.4568,-0.7818314824680299,0.6234898018587334,0.8660254037844386,0.5000000000000001,0.6486295610349814,0.7611042586607747,136.702,213.0
2019-02-11,Karnataka,SR,12.57038129,76.91999711,136.702,2019,2,0,42,0,0,25.6,60,146.8,226.7,157.0,164.11514285714287,43.46182157337849,186.7802,0.0,1.0,0.8660254037844386,0.5000000000000001,0.6616346182422783,0.7498264012045686,142.8,217.6
2019-02-12,Karnataka,SR,12.57038129,76.91999711,142.8,2019,2,1,43,0,0,25.5,53,136.702,226.2,163.5,152.20085714285713,34.00915074617694,186.0902,0.7818314824680298,0.6234898018587336,0.8660254037844386,0.5000000000000001,0.6744436188329455,0.7383263540031065,141.7,212.9
2019-02-13,Karnataka,SR,12.57038129,76.91999711,141.7,2019,2,2,44,0,0,25.4,49,142.8,228.8,162.4,139.758,4.057923606968997,185.40019999999998,0.9749279121818236,-0.22252093395631434,0.8660254037844386,0.5000000000000001,0.6870527672236669,0.7266075247685656,205.3,200.4
2019-02-14,Karnataka,SR,12.57038129,76.91999711,205.3,2019,2,3,45,0,0,26.0,45,141.7,136.702,156.7,149.5577142857143,24.8762748129905,187.0202,0.43388373911755823,-0.900968867902419,0.8660254037844386,0.5000000000000001,0.699458327051647,0.7146733860429609,204.5,194.9
2019-02-15,Karnataka,SR,12.57038129,76.91999711,204.5,2019,2,4,46,0,0,26.4,54,205.3,136.702,138.7,159.24314285714286,31.383931596856822,189.21353333333334,-0.433883739117558,-0.9009688679024191,0.8660254037844386,0.5000000000000001,0.7116566222817746,0.7025274741691571,211.1,214.1
2019-02-16,Karnataka,SR,12.57038129,76.91999711,211.1,2019,2,5,47,1,0,27.2,52,204.5,136.9,175.2,169.84314285714285,34.91204322975367,190.4102,-0.9749279121818236,-0.2225209339563146,0.8660254037844386,0.5000000000000001,0.7236440382959124,0.6901733882429719,213.0,206.3
2019-02-17,Karnataka,SR,12.57038129,76.91999711,213.0,2019,2,6,48,1,0,27.5,48,211.1,146.8,167.1,179.30028571428574,36.55719173074013,191.9402,-0.7818314824680299,0.6234898018587334,0.8660254037844386,0.5000000000000001,0.7354170229639855,0.6776147890466889,217.6,213.1
2019-02-18,Karnataka,SR,12.57038129,76.91999711,217.6,2019,2,0,49,0,0,26.5,39,213.0,136.702,182.5,190.85714285714286,33.50596251131318,193.1102,0.0,1.0,0.8660254037844386,0.5000000000000001,0.7469720876965552,0.6648553979642865,212.9,212.7
2019-02-19,Karnataka,SR,12.57038129,76.91999711,212.9,2019,2,1,50,0,0,27.1,49,217.6,142.8,185.0,200.87142857142857,26.48991721930659,194.0402,0.7818314824680298,0.6234898018587336,0.8660254037844386,0.5000000000000001,0.7583058084785624,0.6518989958787126,200.4,198.9
2019-02-20,Karnataka,SR,12.57038129,76.91999711,200.4,2019,2,2,51,0,0,27.8,50,212.9,141.7,184.7,209.2571428571429,6.014110392196474,194.56353333333334,0.9749279121818236,-0.22252093395631434,0.8660254037844386,0.5000000000000001,0.7694148268839378,0.6387494220515272,194.9,184.8
2019-02-21,Karnataka,SR,12.57038129,76.91999711,194.9,2019,2,3,52,0,0,26.6,46,200.4,205.3,179.9,207.77142857142854,8.083257240682695,195.06353333333334,0.43388373911755823,-0.900968867902419,0.8660254037844386,0.5000000000000001,0.7802958510707755,0.6254105729852463,214.1,228.3
2019-02-22,Karnataka,SR,12.57038129,76.91999711,214.1,2019,2,4,53,0,0,26.3,35,194.9,204.5,157.5,209.14285714285714,8.248405329285912,196.95020000000002,-0.433883739117558,-0.9009688679024191,0.8660254037844386,0.5000000000000001,0.7909456567567772,0.6118864012687243,206.3,233.3
2019-02-23,Karnataka,SR,12.57038129,76.91999711,206.3,2019,2,5,54,1,0,26.2,30,214.1,211.1,230.1,208.45714285714286,8.258098478232876,196.15686666666667,-0.9749279121818236,-0.2225209339563146,0.8660254037844386,0.5000000000000001,0.8013610881746766,0.5981809144059165,213.1,235.8
2019-02-24,Karnataka,SR,12.57038129,76.91999711,213.1,2019,2,6,55,1,0,27.1,27,206.3,213.0,214.8,208.47142857142856,8.26734828219117,196.10019999999997,-0.7818314824680299,0.6234898018587334,0.8660254037844386,0.5000000000000001,0.8115390590073611,0.5842981736283684,212.7,239.4
2019-02-25,Karnataka,SR,12.57038129,76.91999711,212.7,2019,2,0,56,0,0,26.9,25,213.1,217.6,180.6,207.77142857142857,7.5411569151589175,197.17020000000002,0.0,1.0,0.8660254037844386,0.5000000000000001,0.8214765533024142,0.5702422926917871,198.9,240.7
2019-02-26,Karnataka,SR,12.57038129,76.91999711,198.9,2019,2,1,57,0,0,27.5,45,212.7,212.9,209.6,205.77142857142857,7.806133119907419,196.81353333333334,0.7818314824680298,0.6234898018587336,0.8660254037844386,0.5000000000000001,0.8311706263658079,0.5560174366570446,184.8,233.8
2019-02-27,Karnataka,SR,12.57038129,76.91999711,184.8,2019,2,2,58,0,0,27.3,52,198.9,200.4,223.4,203.54285714285714,11.119031304158561,195.52686666666668,0.9749279121818236,-0.22252093395631434,0.8660254037844386,0.5000000000000001,0.8406184056344782,0.5416278206559814,228.3,217.7
2019-02-28,Karnataka,SR,12.57038129,76.91999711,228.3,2019,2,3,59,0,0,26.9,45,184.8,194.9,224.5,208.31428571428572,13.66655632940367,195.65353333333334,0.43388373911755823,-0.900968867902419,0.8660254037844386,0.5000000000000001,0.8498170915275278,0.5270777086423722,233.3,172.7
2019-03-02,Karnataka,SR,12.57038129,76.91999711,233.3,2019,3,5,61,1,0,27.4,60,228.3,214.1,215.5,211.05714285714285,16.627272490585842,196.24686666666668,-0.9749279121818236,-0.2225209339563146,1.0,6.123233995736766e-17,0.8674563547295969,0.49751328890718066,235.8,182.3
2019-03-03,Karnataka,SR,12.57038129,76.91999711,235.8,2019,3,6,62,1,0,27.4,50,233.3,206.3,215.7,215.27142857142857,18.815128158454055,196.91686666666664,-0.7818314824680299,0.6234898018587334,1.0,6.123233995736766e-17,0.8758917051442429,0.48250774176121847,239.4,186.2
2019-03-04,Karnataka,SR,12.57038129,76.91999711,239.4,2019,3,0,63,0,1,28.4,47,235.8,213.1,218.2,219.02857142857144,20.827522999284337,197.62353333333334,0.0,1.0,1.0,6.123233995736766e-17,0.8840675099433636,0.4673592171580022,240.7,191.8
2019-03-05,Karnataka,SR,12.57038129,76.91999711,240.7,2019,3,1,64,0,0,28.0,56,239.4,212.7,221.6,223.02857142857144,22.06170998855374,198.26020000000003,0.7818314824680298,0.6234898018587336,1.0,6.123233995736766e-17,0.8919813464595485,0.45207220393230435,233.8,192.7
2019-03-06,Karnataka,SR,12.57038129,76.91999711,233.8,2019,3,2,65,0,0,28.9,45,240.7,198.9,220.7,228.01428571428573,19.49422380872773,198.69686666666666,0.9749279121818236,-0.22252093395631434,1.0,6.123233995736766e-17,0.8996308696522433,0.43665123195606403,217.7,184.8
2019-03-07,Karnataka,SR,12.57038129,76.91999711,217.7,2019,3,3,66,0,0,28.6,40,233.8,184.8,226.7,232.71428571428572,7.7934649058106205,198.39686666666665,0.43388373911755823,-0.900968867902419,1.0,6.123233995736766e-17,0.9070138128026359,0.4211008707960896,172.7,172.1
2019-03-08,Karnataka,SR,12.57038129,76.91999711,172.7,2019,3,4,67,0,0,27.9,31,217.7,228.3,226.2,224.77142857142857,24.169658271319967,196.61353333333332,-0.433883739117558,-0.9009688679024191,1.0,6.123233995736766e-17,0.9141279881853337,0.40542572835999735,182.3,196.3
2019-03-09,Karnataka,SR,12.57038129,76.91999711,182.3,2019,3,5,68,1,0,27.6,55,172.7,233.3,228.8,217.4857142857143,28.473814202493095,195.06353333333334,-0.9749279121818236,-0.2225209339563146,1.0,6.123233995736766e-17,0.9209712877166346,0.38963044953078796,186.2,201.7
2019-03-10,Karnataka,SR,12.57038129,76.91999711,186.2,2019,3,6,69,1,0,28.9,50,182.3,235.8,136.702,210.4,29.31575230713572,196.71346666666668,-0.7818314824680299,0.6234898018587334,1.0,6.123233995736766e-17,0.9275416835791966,0.37371971479046906,191.8,206.8
2019-03-11,Karnataka,SR,12.57038129,76.91999711,191.8,2019,3,0,70,0,0,29.5,41,186.2,239.4,136.702,203.6,26.88791550120607,198.55006666666668,0.0,1.0,1.0,6.123233995736766e-17,0.9338372288229252,0.35769823883312546,192.7,184.0
2019-03-12,Karnataka,SR,12.57038129,76.91999711,192.7,2019,3,1,71,0,0,28.5,39,191.8,240.7,136.9,196.74285714285716,21.412679821611597,200.41006666666667,0.7818314824680298,0.6234898018587336,1.0,6.123233995736766e-17,0.9398560579418954,0.3415707691678556,184.8,189.7
2019-03-13,Karnataka,SR,12.57038129,76.91999711,184.8,2019,3,2,72,0,0,28.1,31,192.7,233.8,146.8,189.74285714285716,14.008432834410252,201.67673333333335,0.9749279121818236,-0.22252093395631434,1.0,6.123233995736766e-17,0.9455963874271426,0.3253420847119801,172.1,189.7
2019-03-14,Karnataka,SR,12.57038129,76.91999711,172.1,2019,3,3,73,0,0,28.2,31,184.8,217.7,136.702,183.22857142857143,8.266743471224814,202.85666666666665,0.43388373911755823,-0.900968867902419,1.0,6.123233995736766e-17,0.9510565162951535,0.30901699437494745,196.3,187.9
2019-03-15,Karnataka,SR,12.57038129,76.91999711,196.3,2019,3,4,74,0,0,28.9,24,172.1,172.7,142.8,186.59999999999997,8.067217612038977,204.64,-0.433883739117558,-0.9009688679024191,1.0,6.123233995736766e-17,0.9562348265919056,0.29260033563334836,201.7,196.3
2019-03-16,Karnataka,SR,12.57038129,76.91999711,201.7,2019,3,5,75,1,0,27.7,29,196.3,182.3,141.7,189.37142857142857,9.541438446012245,206.64,-0.9749279121818236,-0.2225209339563146,1.0,6.123233995736766e-17,0.9611297838723007,0.27609697309746883,206.8,182.1
2019-03-17,Karnataka,SR,12.57038129,76.91999711,206.8,2019,3,6,76,1,0,27.4,32,201.7,186.2,205.3,192.3142857142857,11.396699605796234,206.69,-0.7818314824680299,0.6234898018587334,1.0,6.123233995736766e-17,0.9657399376548549,0.2595117970697999,184.0,185.8
2019-03-18,Karnataka,SR,12.57038129,76.91999711,184.0,2019,3,0,77,0,0,27.4,38,206.8,191.8,204.5,191.20000000000002,11.828496664129684,206.00666666666666,0.0,1.0,1.0,6.123233995736766e-17,0.9700639218515071,0.2428497220959356,189.7,190.8
2019-03-19,Karnataka,SR,12.57038129,76.91999711,189.7,2019,3,1,78,0,0,28.6,42,184.0,192.7,211.1,190.77142857142854,11.819435164974731,205.29333333333332,0.7818314824680298,0.6234898018587336,1.0,6.123233995736766e-17,0.9741004551724205,0.22611568550828828,189.7,195.3
2019-03-20,Karnataka,SR,12.57038129,76.91999711,189.7,2019,3,2,79,0,0,28.9,47,189.7,184.8,213.0,191.47142857142856,11.548840387056538,204.51666666666668,0.9749279121818236,-0.22252093395631434,1.0,6.123233995736766e-17,0.9778483415056568,0.20931464596304847,187.9,190.9
2019-03-21,Karnataka,SR,12.57038129,76.91999711,187.9,2019,3,3,80,0,1,29.1,41,189.7,172.1,217.6,193.72857142857146,8.186312618371533,203.52666666666667,0.43388373911755823,-0.900968867902419,1.0,6.123233995736766e-17,0.9813064702716093,0.19245158197082998,196.3,162.3
2019-03-22,Karnataka,SR,12.57038129,76.91999711,196.3,2019,3,4,81,0,0,29.3,44,187.9,196.3,212.9,193.72857142857146,8.186312618371533,202.97333333333333,-0.433883739117558,-0.9009688679024191,1.0,6.123233995736766e-17,0.9844738167520922,0.1755314904214282,182.1,252.5
2019-03-23,Karnataka,SR,12.57038129,76.91999711,182.1,2019,3,5,82,1,0,29.5,46,196.3,201.7,200.4,190.92857142857142,8.35557982941388,202.36333333333332,-0.9749279121818236,-0.2225209339563146,1.0,6.123233995736766e-17,0.9873494423939864,0.15855938510313475,185.8,256.498
2019-03-24,Karnataka,SR,12.57038129,76.91999711,185.8,2019,3,6,83,1,0,30.0,47,182.1,206.8,194.9,187.92857142857142,4.660012262398776,202.06,-0.7818314824680299,0.6234898018587334,1.0,6.123233995736766e-17,0.989932495087353,0.141540295217043,190.8,256.3
2019-03-25,Karnataka,SR,12.57038129,76.91999711,190.8,2019,3,0,84,0,0,30.2,37,185.8,184.0,214.1,188.9,4.406434688799972,201.28333333333333,0.0,1.0,1.0,6.123233995736766e-17,0.9922222094179323,0.12447926388678915,195.3,254.3
2019-03-26,Karnataka,SR,12.57038129,76.91999711,195.3,2019,3,1,85,0,0,29.8,34,190.8,189.7,206.3,189.70000000000002,5.038849074936989,200.91666666666666,0.7818314824680298,0.6234898018587336,1.0,6.123233995736766e-17,0.994217906893952,0.10738134666416309,190.9,255.8
2019-03-27,Karnataka,SR,12.57038129,76.91999711,190.9,2019,3,2,86,0,0,28.8,40,195.3,189.7,213.1,189.8714285714286,5.059220719212368,200.17666666666668,0.9749279121818236,-0.22252093395631434,1.0,6.123233995736766e-17,0.995918996147179,0.09025161003104117,162.3,253.5
2019-03-28,Karnataka,SR,12.57038129,76.91999711,162.3,2019,3,3,87,0,0,29.1,44,190.9,187.9,212.7,186.21428571428572,11.66367988978695,198.49666666666664,0.43388373911755823,-0.900968867902419,1.0,6.123233995736766e-17,0.9973249731081555,0.07309512989807777,252.5,232.7
2019-03-29,Karnataka,SR,12.57038129,76.91999711,252.5,2019,3,4,88,0,0,28.8,53,162.3,196.3,198.9,194.24285714285716,27.86011827821601,200.28333333333333,-0.433883739117558,-0.9009688679024191,1.0,6.123233995736766e-17,0.9984354211555643,0.055916990100603484,256.498,235.1
2019-03-30,Karnataka,SR,12.57038129,76.91999711,256.498,2019,3,5,89,1,0,29.2,54,252.5,182.1,184.8,204.87114285714284,35.57772658761176,202.67326666666668,-0.9749279121818236,-0.2225209339563146,1.0,6.123233995736766e-17,0.9992500112396835,0.03872228089217446,256.3,234.5
2019-03-31,Karnataka,SR,12.57038129,76.91999711,256.3,2019,3,6,90,1,0,29.1,52,256.498,185.8,228.3,214.94257142857143,39.08501613516002,203.6066,-0.7818314824680299,0.6234898018587334,1.0,6.123233995736766e-17,0.9997685019798909,0.021516097436222254,254.3,237.7
2019-04-02,Karnataka,SR,12.57038129,76.91999711,254.3,2019,4,1,92,0,0,29.2,51,256.3,190.8,233.3,224.01399999999998,39.90809991300858,204.3066,0.7818314824680298,0.6234898018587336,0.8660254037844387,-0.4999999999999998,0.9999166586547379,-0.01291029607500882,255.8,246.3
2019-04-03,Karnataka,SR,12.57038129,76.91999711,255.8,2019,4,2,93,0,0,29.3,46,254.3,195.3,235.8,232.65685714285715,39.198005423016994,204.9732666666667,0.9749279121818236,-0.22252093395631434,0.8660254037844387,-0.4999999999999998,0.9995462806873573,-0.030120304846908114,253.5,251.6
2019-04-04,Karnataka,SR,12.57038129,76.91999711,253.5,2019,4,3,94,0,0,29.0,41,255.8,190.9,239.4,241.59971428571427,34.99971524510038,205.44326666666666,0.43388373911755823,-0.900968867902419,0.8660254037844387,-0.4999999999999998,0.9988797155850336,-0.04732138832243185,232.7,247.3
2019-04-05,Karnataka,SR,12.57038129,76.91999711,232.7,2019,4,4,95,0,0,28.9,50,253.5,162.3,240.7,251.65685714285715,8.491346328834549,205.17659999999998,-0.433883739117558,-0.9009688679024191,0.8660254037844387,-0.4999999999999998,0.9979171608653922,-0.06450844944931623,235.1,222.6
2019-04-06,Karnataka,SR,12.57038129,76.91999711,235.1,2019,4,5,96,1,0,29.5,47,232.7,252.5,233.8,249.17114285714283,10.5101932654072,205.21993333333333,-0.9749279121818236,-0.2225209339563146,0.8660254037844387,-0.4999999999999998,0.9966589017541702,-0.08167639533042241,234.5,191.5
2019-04-07,Karnataka,SR,12.57038129,76.91999711,234.5,2019,4,6,97,1,0,29.5,51,235.1,256.498,217.7,246.0285714285714,11.219137561286363,205.77993333333333,-0.7818314824680299,0.6234898018587334,0.8660254037844387,-0.4999999999999998,0.9951053111006976,-0.09882013873287143,237.7,199.2
2019-04-08,Karnataka,SR,12.57038129,76.91999711,237.7,2019,4,0,98,0,0,29.7,54,234.5,256.3,172.7,243.37142857142857,10.56451833350982,207.94660000000002,0.0,1.0,0.8660254037844387,-0.4999999999999998,0.9932568492674143,-0.11593459959550041,246.3,198.1
2019-04-09,Karnataka,SR,12.57038129,76.91999711,246.3,2019,4,1,99,0,0,29.2,54,237.7,254.3,182.3,242.22857142857143,9.57126154793946,210.07993333333334,0.7818314824680298,0.6234898018587336,0.8660254037844387,-0.4999999999999998,0.9911140639934547,-0.1330147065341959,251.6,198.2
2019-04-10,Karnataka,SR,12.57038129,76.91999711,251.6,2019,4,2,100,0,0,29.9,48,246.3,255.8,186.2,241.62857142857143,8.667701403432403,212.25993333333332,0.9749279121818236,-0.22252093395631434,0.8660254037844387,-0.4999999999999998,0.9886775902323405,-0.1500553983446526,247.3,195.2
2019-04-11,Karnataka,SR,12.57038129,76.91999711,247.3,2019,4,3,101,0,0,29.6,51,251.6,253.5,191.8,240.74285714285716,7.489071402797977,214.10993333333332,0.43388373911755823,-0.900968867902419,0.8660254037844387,-0.4999999999999998,0.9859481499638304,-0.16705162550211924,222.6,191.8
2019-04-12,Karnataka,SR,12.57038129,76.91999711,222.6,2019,4,4,102,0,0,29.7,46,247.3,232.7,192.7,239.29999999999998,9.886185647998014,215.10660000000001,-0.433883739117558,-0.9009688679024191,0.8660254037844387,-0.4999999999999998,0.9829265519799822,-0.18399835165768005,191.5,170.3
2019-04-13,Karnataka,SR,12.57038129,76.91999711,191.5,2019,4,5,103,1,1,29.9,47,222.6,235.1,184.8,233.07142857142858,20.744695248482035,215.32993333333334,-0.9749279121818236,-0.2225209339563146,0.8660254037844387,-0.4999999999999998,0.9796136916454901,-0.20089055513063506,199.2,242.7
2019-04-14,Karnataka,SR,12.57038129,76.91999711,199.2,2019,4,6,104,1,1,29.8,46,191.5,234.5,172.1,228.02857142857144,24.321712815624725,216.23326666666668,-0.7818314824680299,0.6234898018587334,0.8660254037844387,-0.4999999999999998,0.9760105506323683,-0.21772323039653177,198.1,250.1
2019-04-15,Karnataka,SR,12.57038129,76.91999711,198.1,2019,4,0,105,0,0,29.0,53,199.2,237.7,196.3,222.37142857142857,26.227956731047904,216.29326666666668,0.0,1.0,0.8660254037844387,-0.4999999999999998,0.9721181966290613,-0.23449138957040985,198.2,249.6
2019-04-16,Karnataka,SR,12.57038129,76.91999711,198.2,2019,4,1,106,0,0,29.2,51,198.1,246.3,201.7,215.5,25.19457613588031,216.17660000000004,0.7818314824680298,0.6234898018587336,0.8660254037844387,-0.4999999999999998,0.9679377830240642,-0.25119006388481935,195.2,252.0
2019-04-17,Karnataka,SR,12.57038129,76.91999711,195.2,2019,4,2,107,0,1,28.9,58,198.2,251.6,206.8,207.44285714285712,20.2610346184375,215.78993333333335,0.9749279121818236,-0.22252093395631434,0.8660254037844387,-0.4999999999999998,0.9634705485641488,-0.2678143051621742,191.8,253.3
2019-04-18,Karnataka,SR,12.57038129,76.91999711,191.8,2019,4,3,108,0,0,28.6,60,195.2,247.3,184.0,199.5142857142857,10.638989389885197,216.04993333333334,0.43388373911755823,-0.900968867902419,0.8660254037844387,-0.4999999999999998,0.9587178169872964,-0.2843591872810034,170.3,248.0
2019-04-19,Karnataka,SR,12.57038129,76.91999711,170.3,2019,4,4,109,0,1,28.0,61,191.8,222.6,189.7,192.04285714285717,10.07387001816321,215.40326666666667,-0.433883739117558,-0.9009688679024191,0.8660254037844387,-0.4999999999999998,0.9536809966304457,-0.30081980763566735,242.7,224.3
2019-04-20,Karnataka,SR,12.57038129,76.91999711,242.7,2019,4,5,110,1,0,26.8,71,170.3,191.5,189.7,199.35714285714286,21.60346092202631,217.16993333333332,-0.9749279121818236,-0.2225209339563146,0.8660254037844387,-0.4999999999999998,0.9483615800121715,-0.3171912885891061,250.1,203.7
2019-04-21,Karnataka,SR,12.57038129,76.91999711,250.1,2019,4,6,111,1,0,28.3,59,242.7,199.2,187.9,206.62857142857143,28.881811709431343,219.24326666666667,-0.7818314824680299,0.6234898018587334,0.8660254037844387,-0.4999999999999998,0.9427611433904207,-0.3334687789181868,249.6,209.0
2019-04-22,Karnataka,SR,12.57038129,76.91999711,249.6,2019,4,0,112,0,0,29.1,55,250.1,198.1,196.3,213.9857142857143,32.65952788857738,221.01993333333334,0.0,1.0,0.8660254037844387,-0.4999999999999998,0.9368813462954315,-0.3496474552512284,252.0,204.1
2019-04-23,Karnataka,SR,12.57038129,76.91999711,252.0,2019,4,1,113,0,0,28.2,58,249.6,198.2,182.1,221.67142857142858,34.59834843291975,223.34993333333335,0.7818314824680298,0.6234898018587336,0.8660254037844387,-0.4999999999999998,0.9307239310379795,-0.36572252349726897,253.3,207.2
2019-04-24,Karnataka,SR,12.57038129,76.91999711,253.3,2019,4,2,114,0,0,29.5,48,252.0,195.2,185.8,229.97142857142856,34.155707882466615,225.59993333333335,0.9749279121818236,-0.22252093395631434,0.8660254037844387,-0.4999999999999998,0.9242907221930933,-0.3816892202666588,248.0,211.6
2019-04-25,Karnataka,SR,12.57038129,76.91999711,248.0,2019,4,3,115,0,0,29.9,45,253.3,191.8,190.8,238.0,30.045631962067567,227.50660000000002,0.43388373911755823,-0.900968867902419,0.8660254037844387,-0.4999999999999998,0.9175836260593937,-0.39754281428255595,224.3,208.1
2019-04-26,Karnataka,SR,12.57038129,76.91999711,224.3,2019,4,4,116,0,0,30.5,47,248.0,170.3,195.3,245.71428571428572,10.035508386297606,228.4732666666667,-0.433883739117558,-0.9009688679024191,0.8660254037844387,-0.4999999999999998,0.9106046300942162,-0.4132786077829042,203.7,193.3
2019-04-27,Karnataka,SR,12.57038129,76.91999711,203.7,2019,4,5,117,1,0,31.0,48,224.3,242.7,190.9,240.14285714285714,18.899281921355502,228.89993333333334,-0.9749279121818236,-0.2225209339563146,0.8660254037844387,-0.4999999999999998,0.9033558023246845,-0.4288919379124835,209.0,177.3
2019-04-28,Karnataka,SR,12.57038129,76.91999711,209.0,2019,4,6,118,1,0,30.4,48,203.7,250.1,162.3,234.27142857142854,21.49617906246895,230.4566,-0.7818314824680299,0.6234898018587334,0.8660254037844387,-0.4999999999999998,0.895839290734909,-0.4443781781046132,204.1,158.3
2019-04-29,Karnataka,SR,12.57038129,76.91999711,204.1,2019,4,0,119,0,0,29.1,59,209.0,249.6,252.5,227.77142857142857,22.920566767695586,228.84326666666666,0.0,1.0,0.8660254037844387,-0.4999999999999998,0.8880573226294932,-0.45973273945210397,207.2,159.2
2019-04-30,Karnataka,SR,12.57038129,76.91999711,207.2,2019,4,1,120,0,0,28.6,65,204.1,252.0,256.498,221.37142857142857,21.21930836806549,227.19999999999996,0.7818314824680298,0.6234898018587336,0.8660254037844387,-0.4999999999999998,0.8800122039735357,-0.47495107206704995,211.6,154.8
2019-05-02,Karnataka,SR,12.57038129,76.91999711,211.6,2019,5,3,122,0,0,28.2,58,207.2,253.3,256.3,215.41428571428574,15.964484392073699,225.71,0.43388373911755823,-0.900968867902419,0.49999999999999994,-0.8660254037844387,0.8631421280499114,-0.5049610547215204,208.1,164.7
2019-05-03,Karnataka,SR,12.57038129,76.91999711,208.1,2019,5,4,123,0,0,27.5,61,211.6,248.0,254.3,209.71428571428572,6.993193970194258,224.17000000000002,-0.433883739117558,-0.9009688679024191,0.49999999999999994,-0.8660254037844387,0.854322169749827,-0.5197438121555155,193.3,163.0
2019-05-04,Karnataka,SR,12.57038129,76.91999711,193.3,2019,5,5,124,1,0,27.6,59,208.1,224.3,255.8,205.28571428571425,5.95578950026152,222.08666666666664,-0.9749279121818236,-0.2225209339563146,0.49999999999999994,-0.8660254037844387,0.8452490573530633,-0.5343725582809786,177.3,156.0
2019-05-05,Karnataka,SR,12.57038129,76.91999711,177.3,2019,5,6,125,1,0,28.4,54,193.3,203.7,253.5,201.51428571428573,12.206204511289462,219.54666666666665,-0.7818314824680299,0.6234898018587334,0.49999999999999994,-0.8660254037844387,0.8359254794186372,-0.548842958284719,158.3,171.9
2019-05-06,Karnataka,SR,12.57038129,76.91999711,158.3,2019,5,0,126,0,0,29.4,56,177.3,209.0,232.7,194.27142857142857,19.740712101788652,217.06666666666666,0.0,1.0,0.49999999999999994,-0.8660254037844387,0.8263541987239096,-0.5631507242749186,159.2,164.5
2019-05-07,Karnataka,SR,12.57038129,76.91999711,159.2,2019,5,1,127,0,0,26.9,71,158.3,204.1,235.1,187.85714285714286,23.034673656819578,214.53666666666666,0.7818314824680298,0.6234898018587336,0.49999999999999994,-0.8660254037844387,0.8165380514459161,-0.5772916165517272,154.8,172.9
2019-05-08,Karnataka,SR,12.57038129,76.91999711,154.8,2019,5,2,128,0,0,25.9,76,159.2,207.2,234.5,180.3714285714286,24.186615739957592,211.88,0.9749279121818236,-0.22252093395631434,0.49999999999999994,-0.8660254037844387,0.8064799463209448,-0.5912614448635781,164.7,163.7
2019-05-09,Karnataka,SR,12.57038129,76.91999711,164.7,2019,5,3,129,0,0,27.9,63,154.8,211.6,237.7,173.67142857142858,20.273522493284045,209.44666666666666,0.43388373911755823,-0.900968867902419,0.49999999999999994,-0.8660254037844387,0.7961828637826158,-0.6050560696488488,163.0,174.8
2019-05-10,Karnataka,SR,12.57038129,76.91999711,163.0,2019,5,4,130,0,0,29.2,51,164.7,208.1,246.3,167.22857142857146,13.565116326532463,206.67,-0.433883739117558,-0.9009688679024191,0.49999999999999994,-0.8660254037844387,0.7856498550787147,-0.6186714032625031,156.0,165.4
2019-05-11,Karnataka,SR,12.57038129,76.91999711,156.0,2019,5,5,131,1,0,29.0,62,163.0,193.3,251.6,161.9,7.655934517307934,203.48333333333332,-0.9749279121818236,-0.2225209339563146,0.49999999999999994,-0.8660254037844387,0.7748840413670407,-0.6321034111873487,171.9,160.8
2019-05-12,Karnataka,SR,12.57038129,76.91999711,171.9,2019,5,6,132,1,0,28.8,62,156.0,177.3,247.3,161.12857142857143,5.921068114708775,200.97,-0.7818314824680299,0.6234898018587334,0.49999999999999994,-0.8660254037844387,0.7638886127905428,-0.6453481132295501,164.5,235.4
2019-05-13,Karnataka,SR,12.57038129,76.91999711,164.5,2019,5,0,133,0,0,27.8,69,171.9,158.3,222.6,162.0142857142857,5.891074766520596,199.03333333333333,0.0,1.0,0.49999999999999994,-0.8660254037844387,0.7526668275320085,-0.6584015846980488,172.9,230.6
2019-05-14,Karnataka,SR,12.57038129,76.91999711,172.9,2019,5,1,134,0,0,28.9,59,164.5,159.2,191.5,163.97142857142856,6.976081585366469,198.41333333333333,0.7818314824680298,0.6234898018587336,0.49999999999999994,-0.8660254037844387,0.7412220108485958,-0.6712599575675313,163.7,233.1
2019-05-15,Karnataka,SR,12.57038129,76.91999711,163.7,2019,5,2,135,0,0,28.2,65,172.9,154.8,199.2,165.24285714285716,5.724758260645838,197.23,0.9749279121818236,-0.22252093395631434,0.49999999999999994,-0.8660254037844387,0.7295575540864875,-0.6839194216246106,174.8,241.9
2019-05-16,Karnataka,SR,12.57038129,76.91999711,174.8,2019,5,3,136,0,0,28.2,66,163.7,164.7,198.1,166.68571428571428,6.746709956569326,196.45333333333332,0.43388373911755823,-0.900968867902419,0.49999999999999994,-0.8660254037844387,0.717676913675962,-0.6963762255968722,165.4,236.5
2019-05-17,Karnataka,SR,12.57038129,76.91999711,165.4,2019,5,4,137,0,0,28.6,65,174.8,163.0,198.2,167.02857142857144,6.587289347854516,195.35999999999999,-0.433883739117558,-0.9009688679024191,0.49999999999999994,-0.8660254037844387,0.705583610107178,-0.7086266782644596,160.8,236.5
2019-05-18,Karnataka,SR,12.57038129,76.91999711,160.8,2019,5,5,138,1,1,28.7,63,165.4,156.0,195.2,167.71428571428572,5.388700700361101,194.2133333333333,-0.9749279121818236,-0.2225209339563146,0.49999999999999994,-0.8660254037844387,0.6932812268869777,-0.7206671495538609,235.4,219.1
2019-05-19,Karnataka,SR,12.57038129,76.91999711,235.4,2019,5,6,139,1,0,29.5,58,160.8,171.9,191.8,176.78571428571428,26.337642805904466,195.66666666666666,-0.7818314824680299,0.6234898018587334,0.49999999999999994,-0.8660254037844387,0.6807734094770161,-0.7324940716135789,230.6,226.4
2019-05-20,Karnataka,SR,12.57038129,76.91999711,230.6,2019,5,0,140,0,0,29.3,58,235.4,164.5,170.3,186.22857142857143,32.3596824400215,197.67666666666668,0.0,1.0,0.49999999999999994,-0.8660254037844387,0.6680638642135335,-0.7441039398713607,233.1,238.3
2019-05-21,Karnataka,SR,12.57038129,76.91999711,233.1,2019,5,1,141,0,0,29.6,55,230.6,172.9,242.7,194.82857142857145,36.019564789417444,197.35666666666665,0.7818314824680298,0.6234898018587336,0.49999999999999994,-0.8660254037844387,0.6551563572090853,-0.7554933140726803,241.9,231.2
2019-05-22,Karnataka,SR,12.57038129,76.91999711,241.9,2019,5,2,142,0,0,29.1,59,233.1,163.7,250.1,206.0,36.8727089683775,197.08333333333334,0.9749279121818236,-0.22252093395631434,0.49999999999999994,-0.8660254037844387,0.6420547132365637,-0.766658819300159,236.5,214.9
2019-05-23,Karnataka,SR,12.57038129,76.91999711,236.5,2019,5,3,143,0,0,28.5,62,241.9,174.8,249.6,214.81428571428572,35.52123442728448,196.64666666666665,0.43388373911755823,-0.900968867902419,0.49999999999999994,-0.8660254037844387,0.6287628145958344,-0.7775971469736269,236.5,213.6
2019-05-24,Karnataka,SR,12.57038129,76.91999711,236.5,2019,5,4,144,0,0,28.2,67,236.5,165.4,252.0,224.97142857142856,28.509864625290533,196.13,-0.433883739117558,-0.9009688679024191,0.49999999999999994,-0.8660254037844387,0.6152845999633276,-0.7883050558305255,219.1,217.4
2019-05-25,Karnataka,SR,12.57038129,76.91999711,219.1,2019,5,5,145,1,0,28.0,68,236.5,160.8,253.3,233.3,7.1626345246250285,194.98999999999998,-0.9749279121818236,-0.2225209339563146,0.49999999999999994,-0.8660254037844387,0.6016240632249226,-0.7987793728863649,226.4,214.6
2019-05-26,Karnataka,SR,12.57038129,76.91999711,226.4,2019,5,6,146,1,0,28.2,69,219.1,235.4,248.0,232.0142857142857,7.5216196330829,194.26999999999998,-0.7818314824680299,0.6234898018587334,0.49999999999999994,-0.8660254037844387,0.5877852522924732,-0.8090169943749473,238.3,146.0
2019-05-27,Karnataka,SR,12.57038129,76.91999711,238.3,2019,5,0,147,0,0,28.5,67,226.4,230.6,224.3,233.11428571428573,7.83675710385226,194.73666666666665,0.0,1.0,0.49999999999999994,-0.8660254037844387,0.5737722679043246,-0.8190148866680801,231.2,146.2
2019-05-28,Karnataka,SR,12.57038129,76.91999711,231.2,2019,5,1,148,0,0,28.6,67,238.3,233.1,203.7,232.84285714285713,7.870166695155865,195.6533333333333,0.7818314824680298,0.6234898018587336,0.49999999999999994,-0.8660254037844387,0.5595892624101765,-0.8287700871745038,214.9,147.4
2019-05-29,Karnataka,SR,12.57038129,76.91999711,214.9,2019,5,2,149,0,0,28.4,70,231.2,241.9,209.0,228.9857142857143,9.196091302184294,195.85,0.9749279121818236,-0.22252093395631434,0.49999999999999994,-0.8660254037844387,0.545240438540651,-0.8382797052177744,213.6,147.2
2019-05-30,Karnataka,SR,12.57038129,76.91999711,213.6,2019,5,3,150,0,0,27.6,74,214.9,236.5,204.1,225.71428571428572,10.105679685442954,196.16666666666666,0.43388373911755823,-0.900968867902419,0.49999999999999994,-0.8660254037844387,0.5307300481619334,-0.8475409228928311,217.4,141.8
2019-05-31,Karnataka,SR,12.57038129,76.91999711,217.4,2019,5,4,151,0,0,26.6,78,213.6,236.5,207.2,222.9857142857143,9.250482612893205,196.5066666666667,-0.433883739117558,-0.9009688679024191,0.49999999999999994,-0.8660254037844387,0.5160623910158528,-0.8565509959010036,214.6,140.1
2019-06-02,Karnataka,SR,12.57038129,76.91999711,214.6,2019,6,6,153,1,0,27.2,76,217.4,219.1,211.6,222.34285714285713,9.710450923765986,196.60666666666665,-0.7818314824680299,0.6234898018587334,1.2246467991473532e-16,-1.0,0.48627270710868997,-0.8738071036110808,146.0,136.702
2019-06-03,Karnataka,SR,12.57038129,76.91999711,146.0,2019,6,0,154,0,0,26.1,78,214.6,226.4,208.1,210.85714285714286,30.149840084863815,194.53666666666666,0.0,1.0,1.2246467991473532e-16,-1.0,0.4711595076738638,-0.8820480249558537,146.2,211.9
2019-06-04,Karnataka,SR,12.57038129,76.91999711,146.2,2019,6,1,155,0,0,27.5,67,146.0,238.3,193.3,197.7,35.75318167660043,192.96666666666667,0.7818314824680298,0.6234898018587336,1.2246467991473532e-16,-1.0,0.4559066935084588,-0.8900275764346767,147.4,216.2
2019-06-05,Karnataka,SR,12.57038129,76.91999711,147.4,2019,6,2,156,0,1,26.7,77,146.2,231.2,177.3,185.72857142857146,36.684179800276816,191.97,0.9749279121818236,-0.22252093395631434,1.2246467991473532e-16,-1.0,0.440518784350495,-0.8977433935342337,147.2,216.0
2019-06-06,Karnataka,SR,12.57038129,76.91999711,147.2,2019,6,3,157,0,0,27.1,74,147.4,214.9,158.3,176.05714285714285,36.63581385943052,191.6,0.43388373911755823,-0.900968867902419,1.2246467991473532e-16,-1.0,0.42500033996955416,-0.9051931898913974,141.8,218.7
2019-06-07,Karnataka,SR,12.57038129,76.91999711,141.8,2019,6,4,158,0,0,27.1,74,147.2,213.6,159.2,165.8,34.3528746977597,191.02,-0.433883739117558,-0.9009688679024191,1.2246467991473532e-16,-1.0,0.4093559588156213,-0.9123747579707273,140.1,219.4
2019-06-08,Karnataka,SR,12.57038129,76.91999711,140.1,2019,6,5,159,1,0,26.7,75,141.8,217.4,154.8,154.75714285714284,26.536255522262927,190.53,-0.9749279121818236,-0.2225209339563146,1.2246467991473532e-16,-1.0,0.39359027665646673,-0.9192859697186104,136.702,202.8
2019-06-09,Karnataka,SR,12.57038129,76.91999711,136.702,2019,6,6,160,1,0,26.3,74,140.1,214.6,164.7,143.62885714285716,4.14299760352615,189.59673333333333,-0.7818314824680299,0.6234898018587334,1.2246467991473532e-16,-1.0,0.3777079652039649,-0.9259247771938498,211.9,197.3
2019-06-10,Karnataka,SR,12.57038129,76.91999711,211.9,2019,6,0,161,0,0,25.5,75,136.702,146.0,163.0,153.04314285714287,26.261225456481696,191.22673333333336,0.0,1.0,1.2246467991473532e-16,-1.0,0.36171373072976765,-0.9322892131745133,216.2,225.8
2019-06-11,Karnataka,SR,12.57038129,76.91999711,216.2,2019,6,1,162,0,0,25.8,73,211.9,146.2,156.0,163.04314285714284,35.07105115537363,193.23340000000002,0.7818314824680298,0.6234898018587336,1.2246467991473532e-16,-1.0,0.3456123126707335,-0.9383773917408641,216.0,221.7
2019-06-12,Karnataka,SR,12.57038129,76.91999711,216.0,2019,6,2,163,0,0,25.7,75,216.2,147.4,171.9,172.84314285714285,39.300790015081205,194.7034,0.9749279121818236,-0.22252093395631434,1.2246467991473532e-16,-1.0,0.3294084822245304,-0.9441875088341993,218.7,219.4
2019-06-13,Karnataka,SR,12.57038129,76.91999711,218.7,2019,6,3,164,0,0,25.6,75,216.0,147.2,164.5,183.05742857142857,40.7886252888274,196.51006666666666,0.43388373911755823,-0.900968867902419,1.2246467991473532e-16,-1.0,0.3131070409358269,-0.9497178427914316,219.4,218.9
2019-06-14,Karnataka,SR,12.57038129,76.91999711,219.4,2019,6,4,165,0,0,25.9,73,218.7,141.8,172.9,194.14314285714286,38.16767256649078,198.06006666666664,-0.433883739117558,-0.9009688679024191,1.2246467991473532e-16,-1.0,0.29671281927349075,-0.9549667548552551,202.8,205.3
2019-06-15,Karnataka,SR,12.57038129,76.91999711,202.8,2019,6,5,166,1,0,26.8,68,219.4,140.1,163.7,203.10028571428575,29.81413088740689,199.3634,-0.9749279121818236,-0.2225209339563146,1.2246467991473532e-16,-1.0,0.28023067519921585,-0.9599326896597447,197.3,194.1
2019-06-16,Karnataka,SR,12.57038129,76.91999711,197.3,2019,6,6,167,1,0,27.1,66,202.8,136.702,174.8,211.75714285714284,8.501148381808758,200.1134,-0.7818314824680299,0.6234898018587334,1.2246467991473532e-16,-1.0,0.26366549272800704,-0.9646141756912435,225.8,176.0
2019-06-17,Karnataka,SR,12.57038129,76.91999711,225.8,2019,6,0,168,0,0,26.6,67,197.3,211.9,165.4,213.74285714285716,10.026607459298695,202.12673333333336,0.0,1.0,1.2246467991473532e-16,-1.0,0.24702218048093552,-0.9690098257244062,221.7,233.6
2019-06-18,Karnataka,SR,12.57038129,76.91999711,221.7,2019,6,1,169,0,0,26.3,68,225.8,216.2,160.8,214.52857142857144,10.457487634181318,204.15673333333334,0.7818314824680298,0.6234898018587336,1.2246467991473532e-16,-1.0,0.23030567023061221,-0.9731183372332619,219.4,233.8
2019-06-19,Karnataka,SR,12.57038129,76.91999711,219.4,2019,6,2,170,0,0,26.8,68,221.7,216.0,235.4,215.0142857142857,10.61499388780338,203.62339999999998,0.9749279121818236,-0.22252093395631434,1.2246467991473532e-16,-1.0,0.21352091543979612,-0.9769384927771817,218.9,234.8
2019-06-20,Karnataka,SR,12.57038129,76.91999711,218.9,2019,6,3,171,0,0,25.4,73,219.4,218.7,230.6,215.04285714285714,10.626830374553446,203.23340000000002,0.43388373911755823,-0.900968867902419,1.2246467991473532e-16,-1.0,0.19667288979357647,-0.980469160361632,205.3,233.2
2019-06-21,Karnataka,SR,12.57038129,76.91999711,205.3,2019,6,4,172,0,0,25.0,74,218.9,219.4,233.1,213.02857142857144,10.99328799551743,202.30673333333334,-0.433883739117558,-0.9009688679024191,1.2246467991473532e-16,-1.0,0.1797665857255624,-0.9837092937736097,194.1,233.6
2019-06-22,Karnataka,SR,12.57038129,76.91999711,194.1,2019,6,5,173,1,0,24.2,82,205.3,202.8,241.9,211.7857142857143,12.70149972397359,200.7134,-0.9749279121818236,-0.2225209339563146,1.2246467991473532e-16,-1.0,0.16280701293851715,-0.986657932891657,176.0,228.6
2019-06-23,Karnataka,SR,12.57038129,76.91999711,176.0,2019,6,6,174,1,0,25.6,74,194.1,197.3,236.5,208.74285714285716,18.138068359379616,198.69673333333333,-0.7818314824680299,0.6234898018587334,1.2246467991473532e-16,-1.0,0.1457991969198751,-0.9893142039703663,233.6,214.7
2019-06-24,Karnataka,SR,12.57038129,76.91999711,233.6,2019,6,0,175,0,0,26.0,71,176.0,225.8,236.5,209.85714285714286,19.54557555585224,198.6000666666667,0.0,1.0,1.2246467991473532e-16,-1.0,0.12874817745258132,-0.99167731989929,233.8,158.5
2019-06-25,Karnataka,SR,12.57038129,76.91999711,233.8,2019,6,1,176,0,0,26.3,71,233.6,221.7,219.1,211.58571428571426,21.22996534550715,199.09006666666667,0.7818314824680298,0.6234898018587336,1.2246467991473532e-16,-1.0,0.11165900712169512,-0.993746580436178,234.8,160.1
2019-06-26,Karnataka,SR,12.57038129,76.91999711,234.8,2019,6,2,177,0,0,25.9,69,233.8,219.4,226.4,213.78571428571428,22.90643494533292,199.3700666666667,0.9749279121818236,-0.22252093395631434,1.2246467991473532e-16,-1.0,0.09453674981719912,-0.9955213724144752,233.2,169.0
2019-06-27,Karnataka,SR,12.57038129,76.91999711,233.2,2019,6,3,178,0,0,26.2,67,234.8,218.9,238.3,215.82857142857142,24.04777982030197,199.2000666666667,0.43388373911755823,-0.900968867902419,1.2246467991473532e-16,-1.0,0.07738647923346301,-0.9970011699250151,233.6,168.4
2019-06-28,Karnataka,SR,12.57038129,76.91999711,233.6,2019,6,4,179,0,0,26.3,65,233.2,205.3,231.2,219.8714285714286,24.35957814944787,199.28006666666667,-0.433883739117558,-0.9009688679024191,1.2246467991473532e-16,-1.0,0.06021327736579302,-0.9981855344718586,228.6,168.0
2019-06-29,Karnataka,SR,12.57038129,76.91999711,228.6,2019,6,5,180,1,0,26.2,67,233.6,194.1,214.9,224.79999999999998,21.611416735914062,199.73673333333332,-0.9749279121818236,-0.2225209339563146,1.2246467991473532e-16,-1.0,0.04302223300453059,-0.99907411510223,214.7,160.0
2019-06-30,Karnataka,SR,12.57038129,76.91999711,214.7,2019,6,6,181,1,0,26.4,65,228.6,176.0,213.6,230.32857142857142,7.175586918089944,199.7734,-0.7818314824680299,0.6234898018587334,1.2246467991473532e-16,-1.0,0.02581844022713308,-0.9996666485105112,158.5,155.9
2019-07-01,Karnataka,SR,12.57038129,76.91999711,158.5,2019,7,0,182,0,0,26.5,68,214.7,233.6,217.4,219.6,27.844389021848027,197.81006666666664,0.0,1.0,-0.4999999999999997,-0.8660254037844388,0.008606996888688698,-0.9999629591162655,160.1,201.9
2019-07-02,Karnataka,SR,12.57038129,76.91999711,160.1,2019,7,1,183,0,0,26.5,67,158.5,233.8,214.6,209.07142857142858,34.675914517414725,195.9934,0.7818314824680298,0.6234898018587336,-0.4999999999999997,-0.8660254037844388,-0.008606996888688009,-0.9999629591162655,169.0,207.55
2019-07-03,Karnataka,SR,12.57038129,76.91999711,169.0,2019,7,2,184,0,0,26.0,69,160.1,234.8,146.0,199.67142857142855,35.44891696915034,196.7600666666667,0.9749279121818236,-0.22252093395631434,-0.4999999999999997,-0.8660254037844388,-0.02581844022713239,-0.9996666485105112,168.4,199.5
2019-07-04,Karnataka,SR,12.57038129,76.91999711,168.4,2019,7,3,185,0,0,26.1,70,169.0,233.2,146.2,190.41428571428574,33.64924112920565,197.50006666666667,0.43388373911755823,-0.900968867902419,-0.4999999999999997,-0.8660254037844388,-0.04302223300453034,-0.99907411510223,168.0,189.3
2019-07-05,Karnataka,SR,12.57038129,76.91999711,168.0,2019,7,4,186,0,0,25.4,71,168.4,233.6,147.4,181.04285714285714,28.332128825937453,198.18673333333334,-0.433883739117558,-0.9009688679024191,-0.4999999999999997,-0.8660254037844388,-0.060213277365792774,-0.9981855344718586,160.0,184.85
2019-07-06,Karnataka,SR,12.57038129,76.91999711,160.0,2019,7,5,187,1,0,25.6,69,168.0,228.6,147.2,171.24285714285716,19.685430919240208,198.6134,-0.9749279121818236,-0.2225209339563146,-0.4999999999999997,-0.8660254037844388,-0.07738647923346322,-0.9970011699250151,155.9,186.2
2019-07-07,Karnataka,SR,12.57038129,76.91999711,155.9,2019,7,6,188,1,0,25.7,67,160.0,214.7,141.8,162.84285714285713,5.447585747482559,199.08339999999998,-0.7818314824680299,0.6234898018587334,-0.4999999999999997,-0.8660254037844388,-0.09453674981719933,-0.9955213724144752,201.9,186.4
2019-07-08,Karnataka,SR,12.57038129,76.91999711,201.9,2019,7,0,189,0,0,26.1,64,155.9,158.5,140.1,169.04285714285714,15.359997519840642,201.1434,0.0,1.0,-0.4999999999999997,-0.8660254037844388,-0.11165900712169444,-0.9937465804361781,207.55,188.0
2019-07-09,Karnataka,SR,12.57038129,76.91999711,207.55,2019,7,1,190,0,0,25.8,69,201.9,160.1,136.702,175.82142857142858,20.399180072224397,203.50500000000002,0.7818314824680298,0.6234898018587336,-0.4999999999999997,-0.8660254037844388,-0.12874817745258066,-0.99167731989929,199.5,176.5
2019-07-10,Karnataka,SR,12.57038129,76.91999711,199.5,2019,7,2,191,0,0,22.5,89,207.55,169.0,211.9,180.17857142857142,21.90132905295259,203.09166666666667,0.9749279121818236,-0.22252093395631434,-0.4999999999999997,-0.8660254037844388,-0.14579919691987442,-0.9893142039703664,189.3,247.7
2019-07-11,Karnataka,SR,12.57038129,76.91999711,189.3,2019,7,3,192,0,0,25.1,72,199.5,168.4,216.2,183.16428571428574,21.4478964447508,202.19500000000002,0.43388373911755823,-0.900968867902419,-0.4999999999999997,-0.8660254037844388,-0.16280701293851646,-0.9866579328916572,184.85,252.8
2019-07-12,Karnataka,SR,12.57038129,76.91999711,184.85,2019,7,4,193,0,0,25.4,71,189.3,168.0,216.0,185.57142857142858,20.381361116284012,201.15666666666667,-0.433883739117558,-0.9009688679024191,-0.4999999999999997,-0.8660254037844388,-0.17976658572556214,-0.9837092937736098,186.2,250.4
2019-07-13,Karnataka,SR,12.57038129,76.91999711,186.2,2019,7,5,194,1,0,25.8,69,184.85,160.0,218.7,189.31428571428572,17.033464960818243,200.07333333333332,-0.9749279121818236,-0.2225209339563146,-0.4999999999999997,-0.8660254037844388,-0.19667288979357622,-0.9804691603616321,186.4,247.6
2019-07-14,Karnataka,SR,12.57038129,76.91999711,186.4,2019,7,6,195,1,0,25.3,72,186.2,155.9,219.4,193.67142857142858,9.127972444764339,198.97333333333336,-0.7818314824680299,0.6234898018587334,-0.4999999999999997,-0.8660254037844388,-0.2135209154397959,-0.9769384927771817,188.0,248.4
2019-07-15,Karnataka,SR,12.57038129,76.91999711,188.0,2019,7,0,196,0,0,25.7,71,186.4,201.9,202.8,191.68571428571428,8.532033476146854,198.48000000000002,0.0,1.0,-0.4999999999999997,-0.8660254037844388,-0.23030567023061196,-0.973118337233262,176.5,249.4
2019-07-16,Karnataka,SR,12.57038129,76.91999711,176.5,2019,7,1,197,0,0,25.4,71,188.0,207.55,197.3,187.25,6.8065532148555254,197.7866666666667,0.7818314824680298,0.6234898018587336,-0.4999999999999997,-0.8660254037844388,-0.24702218048093527,-0.9690098257244063,247.7,240.6
2019-07-17,Karnataka,SR,12.57038129,76.91999711,247.7,2019,7,2,198,0,0,25.3,73,176.5,199.5,225.8,194.1357142857143,23.979934568400257,198.51666666666668,0.9749279121818236,-0.22252093395631434,-0.4999999999999997,-0.8660254037844388,-0.2636654927280072,-0.9646141756912435,252.8,220.3
2019-07-18,Karnataka,SR,12.57038129,76.91999711,252.8,2019,7,3,199,0,0,25.1,76,247.7,189.3,221.7,203.20714285714286,32.38390068860642,199.55333333333334,0.43388373911755823,-0.900968867902419,-0.4999999999999997,-0.8660254037844388,-0.2802306751992161,-0.9599326896597445,250.4,233.1
2019-07-19,Karnataka,SR,12.57038129,76.91999711,250.4,2019,7,4,200,0,0,23.0,89,252.8,184.85,219.4,212.57142857142858,35.51679012738036,200.58666666666667,-0.433883739117558,-0.9009688679024191,-0.4999999999999997,-0.8660254037844388,-0.2967128192734901,-0.9549667548552553,247.6,234.9
2019-07-20,Karnataka,SR,12.57038129,76.91999711,247.6,2019,7,5,201,1,0,23.3,83,250.4,186.2,218.9,221.34285714285713,35.50032193012989,201.54333333333335,-0.9749279121818236,-0.2225209339563146,-0.4999999999999997,-0.8660254037844388,-0.3131070409358267,-0.9497178427914317,248.4,231.5
2019-07-21,Karnataka,SR,12.57038129,76.91999711,248.4,2019,7,6,202,1,0,23.6,83,247.6,186.4,205.3,230.20000000000002,32.97367636969436,202.98,-0.7818314824680299,0.6234898018587334,-0.4999999999999997,-0.8660254037844388,-0.3294084822245302,-0.9441875088341994,249.4,229.0
2019-07-22,Karnataka,SR,12.57038129,76.91999711,249.4,2019,7,0,203,0,0,22.9,84,248.4,188.0,194.1,238.9714285714286,27.60680557916334,204.82333333333335,0.0,1.0,-0.4999999999999997,-0.8660254037844388,-0.3456123126707333,-0.9383773917408642,240.6,228.6
2019-07-23,Karnataka,SR,12.57038129,76.91999711,240.6,2019,7,1,204,0,0,22.9,82,249.4,176.5,176.0,248.12857142857143,3.7818488801634436,206.97666666666666,0.7818314824680298,0.6234898018587336,-0.4999999999999997,-0.8660254037844388,-0.3617137307297674,-0.9322892131745134,220.3,215.4
2019-07-24,Karnataka,SR,12.57038129,76.91999711,220.3,2019,7,2,205,0,0,24.2,78,240.6,247.7,233.6,244.21428571428572,11.201254181479253,206.53333333333333,0.9749279121818236,-0.22252093395631434,-0.4999999999999997,-0.8660254037844388,-0.37770796520396466,-0.9259247771938499,233.1,218.2
2019-07-25,Karnataka,SR,12.57038129,76.91999711,233.1,2019,7,3,206,0,0,24.1,80,220.3,252.8,233.8,241.40000000000003,11.159301053381899,206.50999999999996,0.43388373911755823,-0.900968867902419,-0.4999999999999997,-0.8660254037844388,-0.39359027665646645,-0.9192859697186105,234.9,217.5
2019-07-26,Karnataka,SR,12.57038129,76.91999711,234.9,2019,7,4,207,0,0,23.5,81,233.1,250.4,234.8,239.18571428571428,10.599595679620906,206.51333333333335,-0.433883739117558,-0.9009688679024191,-0.4999999999999997,-0.8660254037844388,-0.4093559588156211,-0.9123747579707274,231.5,218.4
2019-07-27,Karnataka,SR,12.57038129,76.91999711,231.5,2019,7,5,208,1,0,24.3,76,234.9,247.6,233.2,236.8857142857143,10.20905293868,206.45666666666665,-0.9749279121818236,-0.2225209339563146,-0.4999999999999997,-0.8660254037844388,-0.42500033996955394,-0.9051931898913975,229.0,218.4
2019-07-28,Karnataka,SR,12.57038129,76.91999711,229.0,2019,7,6,209,1,0,24.4,72,231.5,248.4,233.6,234.1142857142857,9.13955297437661,206.30333333333334,-0.7818314824680299,0.6234898018587334,-0.4999999999999997,-0.8660254037844388,-0.4405187843504952,-0.8977433935342336,228.6,203.3
2019-07-29,Karnataka,SR,12.57038129,76.91999711,228.6,2019,7,0,210,0,0,24.2,73,229.0,249.4,228.6,231.14285714285714,6.273451241238521,206.30333333333334,0.0,1.0,-0.4999999999999997,-0.8660254037844388,-0.455906693508459,-0.8900275764346766,215.4,203.3
2019-07-30,Karnataka,SR,12.57038129,76.91999711,215.4,2019,7,1,211,0,0,24.6,70,228.6,240.6,214.7,227.54285714285714,7.115911078435136,206.32666666666668,0.7818314824680298,0.6234898018587336,-0.4999999999999997,-0.8660254037844388,-0.47115950767386394,-0.8820480249558535,218.2,182.3
2019-07-31,Karnataka,SR,12.57038129,76.91999711,218.2,2019,7,2,212,0,0,25.0,69,215.4,220.3,158.5,227.24285714285716,7.505743832305754,208.31666666666666,0.9749279121818236,-0.22252093395631434,-0.4999999999999997,-0.8660254037844388,-0.4862727071086902,-0.8738071036110807,217.5,192.5
2019-08-01,Karnataka,SR,12.57038129,76.91999711,217.5,2019,8,3,213,0,0,24.9,69,218.2,233.1,160.1,225.0142857142857,7.787474680842724,210.23,0.43388373911755823,-0.900968867902419,-0.8660254037844385,-0.5000000000000004,-0.5012418134457756,-0.8653072543632061,218.4,169.2
2019-08-02,Karnataka,SR,12.57038129,76.91999711,218.4,2019,8,4,214,0,0,24.5,69,217.5,234.9,169.0,222.65714285714284,6.720579623529079,211.87666666666664,-0.433883739117558,-0.9009688679024191,-0.8660254037844385,-0.5000000000000004,-0.5160623910158526,-0.8565509959010037,218.4,174.0
2019-08-03,Karnataka,SR,12.57038129,76.91999711,218.4,2019,8,5,215,1,0,24.8,72,218.4,231.5,168.4,220.78571428571428,5.573876141259194,213.54333333333335,-0.9749279121818236,-0.2225209339563146,-0.8660254037844385,-0.5000000000000004,-0.5307300481619331,-0.8475409228928312,203.3,188.0
2019-08-04,Karnataka,SR,12.57038129,76.91999711,203.3,2019,8,6,216,1,0,25.0,72,218.4,229.0,168.0,217.1142857142857,7.419889615402914,214.72,-0.7818314824680299,0.6234898018587334,-0.8660254037844385,-0.5000000000000004,-0.5452404385406507,-0.8382797052177745,203.3,196.5
2019-08-05,Karnataka,SR,12.57038129,76.91999711,203.3,2019,8,0,217,0,0,24.0,78,203.3,228.6,160.0,213.5,7.045092854841183,216.16333333333336,0.0,1.0,-0.8660254037844385,-0.5000000000000004,-0.5595892624101763,-0.828770087174504,182.3,201.3
2019-08-06,Karnataka,SR,12.57038129,76.91999711,182.3,2019,8,1,218,0,0,23.9,79,203.3,215.4,155.9,208.77142857142857,13.608295789176305,217.04333333333335,0.7818314824680298,0.6234898018587336,-0.8660254037844385,-0.5000000000000004,-0.5737722679043243,-0.8190148866680802,192.5,201.2
2019-08-08,Karnataka,SR,12.57038129,76.91999711,192.5,2019,8,3,220,0,0,24.7,74,182.3,218.2,201.9,205.1,14.098581488929948,216.73,0.43388373911755823,-0.900968867902419,-0.8660254037844385,-0.5000000000000004,-0.6016240632249227,-0.7987793728863648,169.2,240.0
2019-08-09,Karnataka,SR,12.57038129,76.91999711,169.2,2019,8,4,221,0,0,24.0,79,192.5,217.5,207.55,198.20000000000002,18.231840280125216,215.45166666666668,-0.433883739117558,-0.9009688679024191,-0.8660254037844385,-0.5000000000000004,-0.6152845999633277,-0.7883050558305253,174.0,244.1
2019-08-10,Karnataka,SR,12.57038129,76.91999711,174.0,2019,8,5,222,1,0,23.1,84,169.2,218.4,199.5,191.85714285714286,17.75001006035917,214.60166666666666,-0.9749279121818236,-0.2225209339563146,-0.8660254037844385,-0.5000000000000004,-0.6287628145958345,-0.7775971469736268,188.0,247.8
2019-08-11,Karnataka,SR,12.57038129,76.91999711,188.0,2019,8,6,223,1,0,24.8,70,174.0,218.4,189.3,187.51428571428573,13.346089136450745,214.55833333333334,-0.7818314824680299,0.6234898018587334,-0.8660254037844385,-0.5000000000000004,-0.6420547132365636,-0.7666588193001592,196.5,246.6
2019-08-12,Karnataka,SR,12.57038129,76.91999711,196.5,2019,8,0,224,0,1,24.9,72,188.0,203.3,184.85,186.54285714285717,12.204214728643962,214.9466666666667,0.0,1.0,-0.8660254037844385,-0.5000000000000004,-0.655156357209085,-0.7554933140726804,201.3,243.4
2019-08-13,Karnataka,SR,12.57038129,76.91999711,201.3,2019,8,1,225,0,0,24.4,80,196.5,203.3,186.2,186.25714285714284,11.761924040855309,215.45,0.7818314824680298,0.6234898018587336,-0.8660254037844385,-0.5000000000000004,-0.6680638642135333,-0.7441039398713608,201.2,236.8
2019-08-14,Karnataka,SR,12.57038129,76.91999711,201.2,2019,8,2,226,0,0,23.0,87,201.3,182.3,186.4,188.95714285714286,12.823527484387862,215.94333333333333,0.9749279121818236,-0.22252093395631434,-0.8660254037844385,-0.5000000000000004,-0.6807734094770159,-0.7324940716135792,240.0,230.0
2019-08-15,Karnataka,SR,12.57038129,76.91999711,240.0,2019,8,3,227,0,1,24.3,79,201.2,192.5,188.0,195.74285714285716,23.299345995317548,217.67666666666668,0.43388373911755823,-0.900968867902419,-0.8660254037844385,-0.5000000000000004,-0.6932812268869771,-0.7206671495538615,244.1,195.5
2019-08-16,Karnataka,SR,12.57038129,76.91999711,244.1,2019,8,4,228,0,0,23.6,82,240.0,169.2,176.5,206.44285714285712,26.10752491414797,219.92999999999998,-0.433883739117558,-0.9009688679024191,-0.8660254037844385,-0.5000000000000004,-0.7055836101071774,-0.70862667826446,247.8,198.9
2019-08-17,Karnataka,SR,12.57038129,76.91999711,247.8,2019,8,5,229,1,0,22.7,90,244.1,174.0,247.7,216.98571428571427,25.72103086136776,219.93333333333334,-0.9749279121818236,-0.2225209339563146,-0.8660254037844385,-0.5000000000000004,-0.7176769136759615,-0.6963762255968726,246.6,196.4
2019-08-18,Karnataka,SR,12.57038129,76.91999711,246.6,2019,8,6,230,1,0,23.5,87,247.8,188.0,252.8,225.35714285714286,24.20639427526394,219.72666666666666,-0.7818314824680299,0.6234898018587334,-0.8660254037844385,-0.5000000000000004,-0.7295575540864876,-0.6839194216246105,243.4,202.9
2019-08-19,Karnataka,SR,12.57038129,76.91999711,243.4,2019,8,0,231,0,0,24.1,84,246.6,196.5,250.4,232.05714285714285,21.190710004060733,219.49333333333334,0.0,1.0,-0.8660254037844385,-0.5000000000000004,-0.7412220108485957,-0.6712599575675315,236.8,204.9
2019-08-20,Karnataka,SR,12.57038129,76.91999711,236.8,2019,8,1,232,0,0,23.9,85,243.4,201.3,247.6,237.12857142857143,16.282579063293127,219.13333333333333,0.7818314824680298,0.6234898018587336,-0.8660254037844385,-0.5000000000000004,-0.7526668275320083,-0.6584015846980489,230.0,202.6
2019-08-21,Karnataka,SR,12.57038129,76.91999711,230.0,2019,8,2,233,0,0,24.1,80,236.8,201.2,248.4,241.2428571428571,6.220894132641657,218.52,0.9749279121818236,-0.22252093395631434,-0.8660254037844385,-0.5000000000000004,-0.7638886127905429,-0.64534811322955,195.5,192.6
2019-08-22,Karnataka,SR,12.57038129,76.91999711,195.5,2019,8,3,234,0,0,23.4,83,230.0,240.0,249.4,234.88571428571427,18.43985073795623,216.72333333333336,0.43388373911755823,-0.900968867902419,-0.8660254037844385,-0.5000000000000004,-0.7748840413670406,-0.6321034111873488,198.9,188.3
2019-08-23,Karnataka,SR,12.57038129,76.91999711,198.9,2019,8,4,235,0,0,24.2,76,195.5,244.1,240.6,228.42857142857142,22.205008015139033,215.33333333333334,-0.433883739117558,-0.9009688679024191,-0.8660254037844385,-0.5000000000000004,-0.7856498550787144,-0.6186714032625032,196.4,179.8
2019-08-24,Karnataka,SR,12.57038129,76.91999711,196.4,2019,8,5,236,1,1,23.4,79,198.9,247.8,220.3,221.08571428571432,23.207500839989223,214.5366666666667,-0.9749279121818236,-0.2225209339563146,-0.8660254037844385,-0.5000000000000004,-0.7961828637826154,-0.6050560696488494,202.9,177.7
2019-08-25,Karnataka,SR,12.57038129,76.91999711,202.9,2019,8,6,237,1,0,23.5,80,196.4,246.6,233.1,214.84285714285713,20.970046665252333,213.53,-0.7818314824680299,0.6234898018587334,-0.8660254037844385,-0.5000000000000004,-0.8064799463209447,-0.5912614448635782,204.9,171.9
2019-08-26,Karnataka,SR,12.57038129,76.91999711,204.9,2019,8,0,238,0,0,24.2,77,202.9,243.4,234.9,209.34285714285716,16.88222508467191,212.53,0.0,1.0,-0.8660254037844385,-0.5000000000000004,-0.8165380514459157,-0.5772916165517278,202.6,177.6
2019-08-27,Karnataka,SR,12.57038129,76.91999711,202.6,2019,8,1,239,0,0,23.8,78,204.9,236.8,231.5,204.45714285714283,11.793622166642601,211.56666666666666,0.7818314824680298,0.6234898018587336,-0.8660254037844385,-0.5000000000000004,-0.8263541987239094,-0.5631507242749187,192.6,180.1
2019-08-28,Karnataka,SR,12.57038129,76.91999711,192.6,2019,8,2,240,0,0,24.3,77,202.6,230.0,229.0,199.1142857142857,4.525272946253441,210.35333333333335,0.9749279121818236,-0.22252093395631434,-0.8660254037844385,-0.5000000000000004,-0.8359254794186365,-0.5488429582847199,188.3,169.8
2019-08-29,Karnataka,SR,12.57038129,76.91999711,188.3,2019,8,3,241,0,0,24.8,76,192.6,195.5,228.6,198.08571428571432,6.046329071270671,209.00999999999996,0.43388373911755823,-0.900968867902419,-0.8660254037844385,-0.5000000000000004,-0.8452490573530634,-0.5343725582809785,179.8,255.6
2019-08-30,Karnataka,SR,12.57038129,76.91999711,179.8,2019,8,4,242,0,0,24.9,73,188.3,198.9,215.4,195.35714285714286,9.13726019162858,207.82333333333332,-0.433883739117558,-0.9009688679024191,-0.8660254037844385,-0.5000000000000004,-0.8543221697498269,-0.5197438121555157,177.7,256.498
2019-08-31,Karnataka,SR,12.57038129,76.91999711,177.7,2019,8,5,243,1,0,24.6,74,179.8,196.4,218.2,192.68571428571428,11.266976608867058,206.47333333333333,-0.9749279121818236,-0.2225209339563146,-0.8660254037844385,-0.5000000000000004,-0.8631421280499115,-0.5049610547215202,171.9,256.0
2019-09-01,Karnataka,SR,12.57038129,76.91999711,171.9,2019,9,6,244,1,0,23.2,83,177.7,202.9,217.5,188.2571428571429,12.59693840355071,204.95333333333335,-0.7818314824680299,0.6234898018587334,-1.0,-1.8369701987210297e-16,-0.8717063187093217,-0.4900286664290594,177.6,256.498
2019-09-02,Karnataka,SR,12.57038129,76.91999711,177.6,2019,9,0,245,0,0,23.2,85,171.9,204.9,218.4,184.35714285714286,10.663154183582314,203.59333333333333,0.0,1.0,-1.0,-1.8369701987210297e-16,-0.8800122039735356,-0.4749510720670502,180.1,251.1
2019-09-03,Karnataka,SR,12.57038129,76.91999711,180.1,2019,9,1,246,0,0,24.1,77,177.6,202.6,218.4,181.14285714285714,7.014474830152832,202.31666666666666,0.7818314824680298,0.6234898018587336,-1.0,-1.8369701987210297e-16,-0.888057322629493,-0.4597327394521046,169.8,244.8
2019-09-04,Karnataka,SR,12.57038129,76.91999711,169.8,2019,9,2,247,0,0,24.1,77,180.1,192.6,203.3,177.8857142857143,6.032530859549533,201.2,0.9749279121818236,-0.22252093395631434,-1.0,-1.8369701987210297e-16,-0.8958392907349089,-0.4443781781046134,255.6,194.8
2019-09-05,Karnataka,SR,12.57038129,76.91999711,255.6,2019,9,3,248,0,0,24.6,74,169.8,188.3,203.3,187.5,30.28299853052854,202.9433333333333,0.43388373911755823,-0.900968867902419,-1.0,-1.8369701987210297e-16,-0.9033558023246842,-0.4288919379124841,256.498,201.1
2019-09-06,Karnataka,SR,12.57038129,76.91999711,256.498,2019,9,4,249,0,0,24.9,72,255.6,179.8,182.3,198.45685714285716,39.50406091964289,205.41660000000002,-0.433883739117558,-0.9009688679024191,-1.0,-1.8369701987210297e-16,-0.9106046300942162,-0.41327860778290443,256.0,202.6
2019-09-08,Karnataka,SR,12.57038129,76.91999711,256.0,2019,9,6,251,1,0,25.0,71,256.498,177.7,192.5,209.64257142857144,43.52767264954237,207.5332666666667,-0.7818314824680299,0.6234898018587334,-1.0,-1.8369701987210297e-16,-0.9242907221930934,-0.3816892202666586,256.498,199.3
2019-09-09,Karnataka,SR,12.57038129,76.91999711,256.498,2019,9,0,252,0,0,24.9,73,256.0,171.9,169.2,221.728,43.04353633241593,210.4432,0.0,1.0,-1.0,-1.8369701987210297e-16,-0.9307239310379793,-0.3657225234972692,251.1,195.4
2019-09-10,Karnataka,SR,12.57038129,76.91999711,251.1,2019,9,1,253,0,1,25.1,74,256.498,177.6,174.0,232.228,39.285621033655744,213.01319999999998,0.7818314824680298,0.6234898018587336,-1.0,-1.8369701987210297e-16,-0.9368813462954315,-0.34964745525122826,244.8,186.6
2019-09-11,Karnataka,SR,12.57038129,76.91999711,244.8,2019,9,2,254,0,0,24.9,76,251.1,180.1,188.0,241.47085714285714,31.89272138189019,214.90653333333333,0.9749279121818236,-0.22252093395631434,-1.0,-1.8369701987210297e-16,-0.9427611433904206,-0.33346877891818705,194.8,168.0
2019-09-12,Karnataka,SR,12.57038129,76.91999711,194.8,2019,9,3,255,0,0,25.1,75,244.8,169.8,196.5,245.0422857142857,22.5648897309836,214.84986666666663,0.43388373911755823,-0.900968867902419,-1.0,-1.8369701987210297e-16,-0.9483615800121716,-0.31719128858910595,201.1,243.1
2019-09-13,Karnataka,SR,12.57038129,76.91999711,201.1,2019,9,4,256,0,0,24.8,75,194.8,255.6,201.3,237.25657142857145,27.234118325225772,214.8432,-0.433883739117558,-0.9009688679024191,-1.0,-1.8369701987210297e-16,-0.9536809966304455,-0.300819807635668,202.6,249.3
2019-09-14,Karnataka,SR,12.57038129,76.91999711,202.6,2019,9,5,257,1,0,25.0,76,201.1,256.498,201.2,229.55685714285713,28.478147689228983,214.88986666666668,-0.9749279121818236,-0.2225209339563146,-1.0,-1.8369701987210297e-16,-0.9587178169872964,-0.2843591872810036,199.3,241.5
2019-09-15,Karnataka,SR,12.57038129,76.91999711,199.3,2019,9,6,258,1,0,25.1,75,202.6,256.0,240.0,221.45685714285713,27.757872681629173,213.53319999999997,-0.7818314824680299,0.6234898018587334,-1.0,-1.8369701987210297e-16,-0.9634705485641486,-0.26781430516217486,195.4,217.0
2019-09-16,Karnataka,SR,12.57038129,76.91999711,195.4,2019,9,0,259,0,0,24.1,80,199.3,256.498,244.1,212.72857142857143,24.2926404689237,211.9098666666667,0.0,1.0,-1.0,-1.8369701987210297e-16,-0.9679377830240642,-0.25119006388481957,186.6,220.7
2019-09-17,Karnataka,SR,12.57038129,76.91999711,186.6,2019,9,1,260,0,0,23.7,83,195.4,251.1,247.8,203.5142857142857,18.959643858419412,209.86986666666664,0.7818314824680298,0.6234898018587336,-1.0,-1.8369701987210297e-16,-0.9721181966290612,-0.23449138957041052,168.0,228.6
2019-09-18,Karnataka,SR,12.57038129,76.91999711,168.0,2019,9,2,261,0,0,24.7,80,186.6,244.8,246.6,192.54285714285714,12.048216623613863,207.24986666666663,0.9749279121818236,-0.22252093395631434,-1.0,-1.8369701987210297e-16,-0.9760105506323682,-0.21772323039653224,243.1,216.0
2019-09-19,Karnataka,SR,12.57038129,76.91999711,243.1,2019,9,3,262,0,0,24.6,79,168.0,194.8,243.4,199.44285714285715,22.68853287036267,207.23986666666667,0.43388373911755823,-0.900968867902419,-1.0,-1.8369701987210297e-16,-0.9796136916454901,-0.20089055513063528,249.3,160.2
2019-09-20,Karnataka,SR,12.57038129,76.91999711,249.3,2019,9,4,263,0,0,25.2,73,243.1,201.1,236.8,206.32857142857142,29.55140799159526,207.65653333333333,-0.433883739117558,-0.9009688679024191,-1.0,-1.8369701987210297e-16,-0.9829265519799822,-0.18399835165767986,241.5,160.7
2019-09-21,Karnataka,SR,12.57038129,76.91999711,241.5,2019,9,5,264,1,0,25.4,73,249.3,202.6,230.0,211.8857142857143,32.26625836026601,208.03986666666665,-0.9749279121818236,-0.2225209339563146,-1.0,-1.8369701987210297e-16,-0.9859481499638303,-0.1670516255021195,217.0,158.1
2019-09-22,Karnataka,SR,12.57038129,76.91999711,217.0,2019,9,6,265,1,0,24.4,83,241.5,199.3,195.5,214.41428571428574,31.805839535711623,208.75653333333332,-0.7818314824680299,0.6234898018587334,-1.0,-1.8369701987210297e-16,-0.9886775902323404,-0.15005539834465262,220.7,161.8
2019-09-23,Karnataka,SR,12.57038129,76.91999711,220.7,2019,9,0,266,0,0,23.9,87,217.0,195.4,198.9,218.02857142857144,30.703404495577626,209.4832,0.0,1.0,-1.0,-1.8369701987210297e-16,-0.9911140639934546,-0.13301470653419636,228.6,162.5
2019-09-24,Karnataka,SR,12.57038129,76.91999711,228.6,2019,9,1,267,0,0,23.9,84,220.7,186.6,196.4,224.02857142857144,27.471786392935165,210.55653333333333,0.7818314824680298,0.6234898018587336,-1.0,-1.8369701987210297e-16,-0.9932568492674143,-0.11593459959550066,216.0,154.6
2019-09-25,Karnataka,SR,12.57038129,76.91999711,216.0,2019,9,2,268,0,0,23.6,86,228.6,168.0,202.9,230.8857142857143,13.688855390600548,210.9932,0.9749279121818236,-0.22252093395631434,-1.0,-1.8369701987210297e-16,-0.9951053111006974,-0.09882013873287211,160.2,138.3
2019-09-26,Karnataka,SR,12.57038129,76.91999711,160.2,2019,9,3,269,0,0,23.0,86,216.0,243.1,204.9,219.04285714285714,28.83810310121315,209.50320000000002,0.43388373911755823,-0.900968867902419,-1.0,-1.8369701987210297e-16,-0.99665890175417,-0.08167639533042288,160.7,210.7
2019-09-27,Karnataka,SR,12.57038129,76.91999711,160.7,2019,9,4,270,0,0,23.9,83,160.2,249.3,202.6,206.3857142857143,32.54942030059471,208.10653333333332,-0.433883739117558,-0.9009688679024191,-1.0,-1.8369701987210297e-16,-0.9979171608653922,-0.06450844944931625,158.1,204.2
2019-09-28,Karnataka,SR,12.57038129,76.91999711,158.1,2019,9,5,271,1,0,24.6,79,160.7,241.5,192.6,194.47142857142856,32.81674949806957,206.95653333333334,-0.9749279121818236,-0.2225209339563146,-1.0,-1.8369701987210297e-16,-0.9988797155850335,-0.04732138832243232,161.8,212.2
2019-09-29,Karnataka,SR,12.57038129,76.91999711,161.8,2019,9,6,272,1,0,24.6,75,158.1,217.0,188.3,186.58571428571426,33.13162781851749,206.07319999999999,-0.7818314824680299,0.6234898018587334,-1.0,-1.8369701987210297e-16,-0.9995462806873573,-0.03012030484690836,162.5,215.5
2019-09-30,Karnataka,SR,12.57038129,76.91999711,162.5,2019,9,0,273,0,0,24.7,78,161.8,220.7,179.8,178.27142857142854,30.327859265352792,205.49653333333333,0.0,1.0,-1.0,-1.8369701987210297e-16,-0.9999166586547379,-0.012910296075008843,154.6,215.6
2019-10-01,Karnataka,SR,12.57038129,76.91999711,154.6,2019,10,1,274,0,0,24.4,81,162.5,228.6,177.7,167.70000000000002,21.462214859297767,204.72653333333335,0.7818314824680298,0.6234898018587336,-0.8660254037844386,0.5000000000000001,-0.9999907397361901,0.004303538296243821,138.3,211.7
2019-10-02,Karnataka,SR,12.57038129,76.91999711,138.3,2019,10,2,275,0,1,24.5,79,154.6,216.0,171.9,156.6,8.492741999299126,203.60653333333332,0.9749279121818236,-0.22252093395631434,-0.8660254037844386,0.5000000000000001,-0.9997685019798909,0.021516097436222233,210.7,197.4
2019-10-03,Karnataka,SR,12.57038129,76.91999711,210.7,2019,10,3,276,0,0,24.7,80,138.3,160.2,177.6,163.81428571428572,22.294575466648595,204.70986666666667,0.43388373911755823,-0.900968867902419,-0.8660254037844386,0.5000000000000001,-0.9992500112396835,0.03872228089217399,204.2,219.6
2019-10-04,Karnataka,SR,12.57038129,76.91999711,204.2,2019,10,4,277,0,0,24.2,84,210.7,160.7,180.1,170.02857142857144,26.874009394810756,205.51319999999998,-0.433883739117558,-0.9009688679024191,-0.8660254037844386,0.5000000000000001,-0.9984354211555643,0.05591699010060302,212.2,223.6
2019-10-05,Karnataka,SR,12.57038129,76.91999711,212.2,2019,10,5,278,1,0,23.7,84,204.2,158.1,169.8,177.75714285714284,30.417366593381946,206.9265333333333,-0.9749279121818236,-0.2225209339563146,-0.8660254037844386,0.5000000000000001,-0.9973249731081555,0.07309512989807776,215.5,225.7
2019-10-06,Karnataka,SR,12.57038129,76.91999711,215.5,2019,10,6,279,1,0,23.6,84,212.2,161.8,255.6,185.42857142857142,32.42744281652575,205.58986666666667,-0.7818314824680299,0.6234898018587334,-0.8660254037844386,0.5000000000000001,-0.9959189961471792,0.0902516100310407,215.6,225.0
2019-10-08,Karnataka,SR,12.57038129,76.91999711,215.6,2019,10,1,281,0,1,23.9,81,215.5,162.5,256.498,193.0142857142857,32.380623247627014,204.2266,0.7818314824680298,0.6234898018587336,-0.8660254037844386,0.5000000000000001,-0.9922222094179324,0.12447926388678869,211.7,222.2
2019-10-09,Karnataka,SR,12.57038129,76.91999711,211.7,2019,10,2,282,0,0,23.9,84,215.6,154.6,256.0,201.17142857142858,27.984383400134384,202.74993333333333,0.9749279121818236,-0.22252093395631434,-0.8660254037844386,0.5000000000000001,-0.989932495087353,0.141540295217043,197.4,220.9
2019-10-10,Karnataka,SR,12.57038129,76.91999711,197.4,2019,10,3,283,0,0,24.2,84,211.7,138.3,256.498,209.6142857142857,6.597835142789853,200.78000000000003,0.43388373911755823,-0.900968867902419,-0.8660254037844386,0.5000000000000001,-0.9873494423939864,0.15855938510313475,219.6,211.5
2019-10-11,Karnataka,SR,12.57038129,76.91999711,219.6,2019,10,4,284,0,0,24.0,83,197.4,210.7,251.1,210.8857142857143,7.6202424658339885,199.73,-0.433883739117558,-0.9009688679024191,-0.8660254037844386,0.5000000000000001,-0.9844738167520923,0.17553149042142777,223.6,222.7
2019-10-12,Karnataka,SR,12.57038129,76.91999711,223.6,2019,10,5,285,1,0,24.3,83,219.6,204.2,244.8,213.65714285714284,8.282482949546509,199.02333333333334,-0.9749279121818236,-0.2225209339563146,-0.8660254037844386,0.5000000000000001,-0.9813064702716093,0.19245158197082995,225.7,230.7
2019-10-13,Karnataka,SR,12.57038129,76.91999711,225.7,2019,10,6,286,1,0,24.2,82,223.6,212.2,194.8,215.58571428571426,9.384993086736952,200.05333333333334,-0.7818314824680299,0.6234898018587334,-0.8660254037844386,0.5000000000000001,-0.9778483415056567,0.20931464596304888,225.0,220.5
2019-10-14,Karnataka,SR,12.57038129,76.91999711,225.0,2019,10,0,287,0,0,24.6,78,225.7,215.5,201.1,216.94285714285712,10.03491523678846,200.85,0.0,1.0,-0.8660254037844386,0.5000000000000001,-0.9741004551724206,0.22611568550828803,222.2,227.3
2019-10-15,Karnataka,SR,12.57038129,76.91999711,222.2,2019,10,1,288,0,0,23.9,84,225.0,215.6,202.6,217.8857142857143,10.196474647548571,201.5033333333333,0.7818314824680298,0.6234898018587336,-0.8660254037844386,0.5000000000000001,-0.970063921851507,0.2428497220959358,220.9,233.0
2019-10-16,Karnataka,SR,12.57038129,76.91999711,220.9,2019,10,2,289,0,0,23.7,85,222.2,211.7,199.3,219.2,9.853425800197908,202.22333333333336,0.9749279121818236,-0.22252093395631434,-0.8660254037844386,0.5000000000000001,-0.965739937654855,0.25951179706979943,211.5,228.3
2019-10-17,Karnataka,SR,12.57038129,76.91999711,211.5,2019,10,3,290,0,0,23.2,87,220.9,197.4,195.4,221.21428571428572,4.799107059801299,202.76000000000002,0.43388373911755823,-0.900968867902419,-0.8660254037844386,0.5000000000000001,-0.9611297838723007,0.27609697309746883,222.7,192.3
2019-10-18,Karnataka,SR,12.57038129,76.91999711,222.7,2019,10,4,291,0,0,23.7,85,211.5,219.6,186.6,221.65714285714284,4.768248155895062,203.96333333333334,-0.433883739117558,-0.9009688679024191,-0.8660254037844386,0.5000000000000001,-0.9562348265919058,0.2926003356333479,230.7,154.5
2019-10-19,Karnataka,SR,12.57038129,76.91999711,230.7,2019,10,5,292,1,0,23.9,81,222.7,223.6,168.0,222.67142857142858,5.876709477736724,206.05333333333334,-0.9749279121818236,-0.2225209339563146,-0.8660254037844386,0.5000000000000001,-0.9510565162951536,0.30901699437494723,220.5,160.5
2019-10-20,Karnataka,SR,12.57038129,76.91999711,220.5,2019,10,6,293,1,0,23.5,87,230.7,225.7,243.1,221.92857142857142,5.75752096123443,205.3,-0.7818314824680299,0.6234898018587334,-0.8660254037844386,0.5000000000000001,-0.9455963874271428,0.3253420847119795,227.3,161.3
2019-10-21,Karnataka,SR,12.57038129,76.91999711,227.3,2019,10,0,294,0,0,22.8,90,220.5,225.0,249.3,222.25714285714284,6.021588146787367,204.56666666666666,0.0,1.0,-0.8660254037844386,0.5000000000000001,-0.9398560579418953,0.341570769167856,233.0,149.9
2019-10-22,Karnataka,SR,12.57038129,76.91999711,233.0,2019,10,1,295,0,0,22.5,90,227.3,222.2,241.5,223.79999999999998,7.260624399228568,204.28333333333333,0.7818314824680298,0.6234898018587336,-0.8660254037844386,0.5000000000000001,-0.9338372288229252,0.35769823883312546,228.3,164.2
2019-10-23,Karnataka,SR,12.57038129,76.91999711,228.3,2019,10,2,296,0,0,23.4,84,233.0,220.9,217.0,224.85714285714286,7.3065854183878,204.66,0.9749279121818236,-0.22252093395631434,-0.8660254037844386,0.5000000000000001,-0.9275416835791965,0.3737197147904692,192.3,158.1
2019-10-24,Karnataka,SR,12.57038129,76.91999711,192.3,2019,10,3,297,0,0,23.4,78,228.3,211.5,220.7,222.11428571428573,13.839608444777904,203.7133333333333,0.43388373911755823,-0.900968867902419,-0.8660254037844386,0.5000000000000001,-0.9209712877166347,0.38963044953078774,154.5,142.7
2019-10-25,Karnataka,SR,12.57038129,76.91999711,154.5,2019,10,4,298,0,0,22.9,80,192.3,222.7,228.6,212.37142857142857,29.028992076067407,201.2433333333333,-0.433883739117558,-0.9009688679024191,-0.8660254037844386,0.5000000000000001,-0.9141279881853337,0.4054257283599973,160.5,198.4
2019-10-26,Karnataka,SR,12.57038129,76.91999711,160.5,2019,10,5,299,1,0,22.3,82,154.5,230.7,216.0,202.34285714285716,33.433508996357595,199.39333333333332,-0.9749279121818236,-0.2225209339563146,-0.8660254037844386,0.5000000000000001,-0.9070138128026362,0.42110087079608916,161.3,206.6
2019-10-27,Karnataka,SR,12.57038129,76.91999711,161.3,2019,10,6,300,1,1,22.9,82,160.5,220.5,160.2,193.8857142857143,35.498752493171175,199.42999999999998,-0.7818314824680299,0.6234898018587334,-0.8660254037844386,0.5000000000000001,-0.8996308696522434,0.4366512319560638,149.9,208.4
2019-10-28,Karnataka,SR,12.57038129,76.91999711,149.9,2019,10,0,301,0,0,23.4,84,161.3,227.3,160.7,182.82857142857142,35.410389919989704,199.07000000000002,0.0,1.0,-0.8660254037844386,0.5000000000000001,-0.8919813464595487,0.45207220393230374,164.2,217.0
2019-10-29,Karnataka,SR,12.57038129,76.91999711,164.2,2019,10,1,302,0,0,22.6,85,149.9,233.0,158.1,173.0,27.91958691193917,199.27333333333334,0.7818314824680298,0.6234898018587336,-0.8660254037844386,0.5000000000000001,-0.8840675099433637,0.46735921715800205,158.1,219.8
2019-10-30,Karnataka,SR,12.57038129,76.91999711,158.1,2019,10,2,303,0,0,21.8,90,164.2,228.3,161.8,162.9714285714286,13.76550208379761,199.15,0.9749279121818236,-0.22252093395631434,-0.8660254037844386,0.5000000000000001,-0.8758917051442433,0.48250774176121763,142.7,219.0
2019-10-31,Karnataka,SR,12.57038129,76.91999711,142.7,2019,10,3,304,0,0,21.9,89,158.1,192.3,162.5,155.8857142857143,7.486082324648537,198.49000000000004,0.43388373911755823,-0.900968867902419,-0.8660254037844386,0.5000000000000001,-0.8674563547295971,0.4975132889071803,198.4,204.4
2019-11-01,Karnataka,SR,12.57038129,76.91999711,198.4,2019,11,4,305,0,0,23.1,77,142.7,154.5,154.6,162.15714285714284,17.637446635199566,199.95,-0.433883739117558,-0.9009688679024191,-0.5000000000000004,0.8660254037844384,-0.858763958275803,0.5123714121284235,206.6,168.5
2019-11-02,Karnataka,SR,12.57038129,76.91999711,206.6,2019,11,5,306,1,0,23.2,81,198.4,160.5,138.3,168.74285714285716,24.273775777084637,202.22666666666666,-0.9749279121818236,-0.2225209339563146,-0.5000000000000004,0.8660254037844384,-0.8498170915275277,0.5270777086423724,208.4,173.2
2019-11-03,Karnataka,SR,12.57038129,76.91999711,208.4,2019,11,6,307,1,0,23.9,76,206.6,161.3,210.7,175.47142857142856,28.094110550416794,202.15,-0.7818314824680299,0.6234898018587334,-0.5000000000000004,0.8660254037844384,-0.8406184056344783,0.5416278206559811,217.0,177.3
2019-11-04,Karnataka,SR,12.57038129,76.91999711,217.0,2019,11,0,308,0,0,23.4,71,208.4,149.9,204.2,185.05714285714285,29.33484032925444,202.57666666666668,0.0,1.0,-0.5000000000000004,0.8660254037844384,-0.8311706263658079,0.5560174366570446,219.8,175.6
2019-11-05,Karnataka,SR,12.57038129,76.91999711,219.8,2019,11,1,309,0,0,23.4,71,217.0,164.2,212.2,193.0,30.258938073457426,202.83,0.7818314824680298,0.6234898018587336,-0.5000000000000004,0.8660254037844384,-0.8214765533024145,0.5702422926917867,219.0,172.8
2019-11-06,Karnataka,SR,12.57038129,76.91999711,219.0,2019,11,2,310,0,0,24.4,75,219.8,158.1,215.5,201.70000000000002,27.147068595583825,202.9466666666667,0.9749279121818236,-0.22252093395631434,-0.5000000000000004,0.8660254037844384,-0.8115390590073611,0.5842981736283683,204.4,172.0
2019-11-08,Karnataka,SR,12.57038129,76.91999711,204.4,2019,11,4,312,0,0,23.6,84,219.0,142.7,215.6,210.5142857142857,8.208010025056648,202.57333333333332,-0.433883739117558,-0.9009688679024191,-0.5000000000000004,0.8660254037844384,-0.7909456567567774,0.6118864012687242,168.5,164.1
2019-11-09,Karnataka,SR,12.57038129,76.91999711,168.5,2019,11,5,313,1,0,23.9,80,204.4,198.4,211.7,206.24285714285716,17.7714993873953,201.13333333333333,-0.9749279121818236,-0.2225209339563146,-0.5000000000000004,0.8660254037844384,-0.780295851070776,0.6254105729852457,173.2,244.2
2019-11-10,Karnataka,SR,12.57038129,76.91999711,173.2,2019,11,6,314,1,1,23.7,83,168.5,206.6,197.4,201.47142857142856,21.707503640117494,200.32666666666665,-0.7818314824680299,0.6234898018587334,-0.5000000000000004,0.8660254037844384,-0.7694148268839381,0.6387494220515268,177.3,248.9
2019-11-11,Karnataka,SR,12.57038129,76.91999711,177.3,2019,11,0,315,0,0,23.0,86,173.2,208.4,219.6,197.02857142857144,23.18539154192527,198.91666666666666,0.0,1.0,-0.5000000000000004,0.8660254037844384,-0.7583058084785625,0.6518989958787125,175.6,247.0
2019-11-12,Karnataka,SR,12.57038129,76.91999711,175.6,2019,11,1,316,0,1,23.4,74,177.3,217.0,223.6,191.11428571428573,22.51239870022945,197.31666666666666,0.7818314824680298,0.6234898018587336,-0.5000000000000004,0.8660254037844384,-0.7469720876965551,0.6648553979642866,172.8,247.8
2019-11-13,Karnataka,SR,12.57038129,76.91999711,172.8,2019,11,2,317,0,0,23.3,70,175.6,219.8,225.7,184.4,19.312431229650908,195.55333333333334,0.9749279121818236,-0.22252093395631434,-0.5000000000000004,0.8660254037844384,-0.7354170229639858,0.6776147890466887,172.0,249.9
2019-11-14,Karnataka,SR,12.57038129,76.91999711,172.0,2019,11,3,318,0,0,23.0,77,172.8,219.0,225.0,177.68571428571428,12.102675815899385,193.7866666666667,0.43388373911755823,-0.900968867902419,-0.5000000000000004,0.8660254037844384,-0.7236440382959124,0.690173388242972,164.1,242.1
2019-11-15,Karnataka,SR,12.57038129,76.91999711,164.1,2019,11,4,319,0,0,23.4,82,172.0,204.4,222.2,171.92857142857142,4.4300919048826435,191.85,-0.433883739117558,-0.9009688679024191,-0.5000000000000004,0.8660254037844384,-0.711656622281775,0.7025274741691566,244.2,230.0
2019-11-16,Karnataka,SR,12.57038129,76.91999711,244.2,2019,11,5,320,1,0,23.4,84,164.1,168.5,220.9,182.74285714285716,27.418111844962112,192.62666666666664,-0.9749279121818236,-0.2225209339563146,-0.5000000000000004,0.8660254037844384,-0.6994583270516471,0.7146733860429608,248.9,207.9
2019-11-17,Karnataka,SR,12.57038129,76.91999711,248.9,2019,11,6,321,1,0,23.9,72,244.2,173.2,211.5,193.55714285714288,36.46362832297668,193.87333333333333,-0.7818314824680299,0.6234898018587334,-0.5000000000000004,0.8660254037844384,-0.6870527672236675,0.7266075247685652,247.0,212.3
2019-11-18,Karnataka,SR,12.57038129,76.91999711,247.0,2019,11,0,322,0,0,24.1,73,248.9,177.3,222.7,203.51428571428573,40.56971072821973,194.68333333333334,0.0,1.0,-0.5000000000000004,0.8660254037844384,-0.6744436188329457,0.7383263540031063,247.8,219.5
2019-11-19,Karnataka,SR,12.57038129,76.91999711,247.8,2019,11,1,323,0,0,24.4,74,247.0,175.6,230.7,213.82857142857142,41.45828080877268,195.25333333333336,0.7818314824680298,0.6234898018587336,-0.5000000000000004,0.8660254037844384,-0.661634618242279,0.749826401204568,249.9,223.2
2019-11-20,Karnataka,SR,12.57038129,76.91999711,249.9,2019,11,2,324,0,0,23.3,83,247.8,172.8,220.5,224.84285714285716,38.9044494945783,196.23333333333332,0.9749279121818236,-0.22252093395631434,-0.5000000000000004,0.8660254037844384,-0.6486295610349818,0.7611042586607742,242.1,226.2
2019-11-21,Karnataka,SR,12.57038129,76.91999711,242.1,2019,11,3,325,0,0,23.5,81,249.9,172.0,227.3,234.85714285714286,31.317665789074947,196.72666666666666,0.43388373911755823,-0.900968867902419,-0.5000000000000004,0.8660254037844384,-0.6354323008901775,0.7721565844991641,230.0,226.8
2019-11-22,Karnataka,SR,12.57038129,76.91999711,230.0,2019,11,4,326,0,0,23.1,80,242.1,164.1,233.0,244.27142857142857,6.848287933422049,196.62666666666667,-0.433883739117558,-0.9009688679024191,-0.5000000000000004,0.8660254037844384,-0.622046748440868,0.7829801036770624,207.9,210.2
2019-11-23,Karnataka,SR,12.57038129,76.91999711,207.9,2019,11,5,327,1,0,23.3,73,230.0,244.2,228.3,239.08571428571426,15.362446481754382,195.94666666666666,-0.9749279121818236,-0.2225209339563146,-0.5000000000000004,0.8660254037844384,-0.6084768701151264,0.7935716089521472,212.3,187.2
2019-11-24,Karnataka,SR,12.57038129,76.91999711,212.3,2019,11,6,328,1,0,23.0,72,207.9,248.9,192.3,233.85714285714286,17.539560726431986,196.61333333333334,-0.7818314824680299,0.6234898018587334,-0.5000000000000004,0.8660254037844384,-0.594726686960764,0.8039279618328208,219.5,185.6
2019-11-25,Karnataka,SR,12.57038129,76.91999711,219.5,2019,11,0,329,0,0,23.6,72,212.3,247.0,154.5,229.92857142857142,17.181260555783403,198.78000000000003,0.0,1.0,-0.5000000000000004,0.8660254037844384,-0.5808002734538013,0.8140460935082175,223.2,179.2
2019-11-26,Karnataka,SR,12.57038129,76.91999711,223.2,2019,11,1,330,0,0,23.2,69,219.5,247.8,160.5,226.41428571428574,15.333017595093027,200.87,0.7818314824680298,0.6234898018587336,-0.5000000000000004,0.8660254037844384,-0.5667017562911184,0.8239230057575536,226.2,178.9
2019-11-27,Karnataka,SR,12.57038129,76.91999711,226.2,2019,11,2,331,0,0,23.9,75,223.2,249.9,161.3,223.0285714285714,11.393231073129236,203.03333333333333,0.9749279121818236,-0.22252093395631434,-0.5000000000000004,0.8660254037844384,-0.5524353131676203,0.8335557718385695,226.8,190.3
2019-11-28,Karnataka,SR,12.57038129,76.91999711,226.8,2019,11,3,332,0,0,23.5,78,226.2,242.1,149.9,220.84285714285716,8.122983266193538,205.59666666666666,0.43388373911755823,-0.900968867902419,-0.5000000000000004,0.8660254037844384,-0.5380051715382992,0.8429415373547832,210.2,198.1
2019-11-29,Karnataka,SR,12.57038129,76.91999711,210.2,2019,11,4,333,0,0,23.8,77,226.8,230.0,164.2,218.0142857142857,7.845471851420497,207.13,-0.433883739117558,-0.9009688679024191,-0.5000000000000004,0.8660254037844384,-0.5234156073655503,0.8520775211013093,187.2,192.8
2019-11-30,Karnataka,SR,12.57038129,76.91999711,187.2,2019,11,5,334,1,0,23.5,79,210.2,207.9,158.1,215.05714285714285,13.876341633977583,208.1,-0.9749279121818236,-0.2225209339563146,-0.5000000000000004,0.8660254037844384,-0.5086709438521042,0.8609610158889945,185.6,192.6
2019-12-01,Karnataka,SR,12.57038129,76.91999711,185.6,2019,12,6,335,1,0,21.8,94,187.2,212.3,142.7,211.2428571428571,17.85869136143125,209.53,-0.7818314824680299,0.6234898018587334,-2.4492935982947064e-16,1.0,-0.49377555015997737,0.8695893893466109,179.2,199.4
2019-12-02,Karnataka,SR,12.57038129,76.91999711,179.2,2019,12,0,336,0,0,22.7,88,185.6,219.5,198.4,205.48571428571427,20.976767193844793,208.89,0.0,1.0,-2.4492935982947064e-16,1.0,-0.4787338401157883,0.8779600847008883,178.9,208.4
2019-12-03,Karnataka,SR,12.57038129,76.91999711,178.9,2019,12,1,337,0,0,22.2,83,179.2,223.2,206.6,199.15714285714284,21.419606061025583,207.96666666666667,0.7818314824680298,0.6234898018587336,-2.4492935982947064e-16,1.0,-0.4635502709028512,0.8860706215341378,190.3,214.7
2019-12-04,Karnataka,SR,12.57038129,76.91999711,190.3,2019,12,2,338,0,0,22.7,78,178.9,226.2,208.4,194.02857142857144,17.86903413596774,207.36333333333332,0.9749279121818236,-0.22252093395631434,-2.4492935982947064e-16,1.0,-0.4482293417404106,0.893918596519257,198.1,214.5
2019-12-05,Karnataka,SR,12.57038129,76.91999711,198.1,2019,12,3,339,0,0,21.9,74,190.3,226.8,217.0,189.92857142857142,11.111212697948236,206.73333333333332,0.43388373911755823,-0.900968867902419,-2.4492935982947064e-16,1.0,-0.4327755925504317,0.9015016841318838,192.8,209.5
2019-12-06,Karnataka,SR,12.57038129,76.91999711,192.8,2019,12,4,340,0,0,22.2,74,198.1,210.2,219.8,187.44285714285715,7.009721141114579,205.83333333333334,-0.433883739117558,-0.9009688679024191,-2.4492935982947064e-16,1.0,-0.41719360261231697,0.9088176373395028,192.6,204.1
2019-12-08,Karnataka,SR,12.57038129,76.91999711,192.6,2019,12,6,342,1,0,22.5,79,192.8,187.2,219.0,188.21428571428572,7.270815766113192,204.95333333333332,-0.7818314824680299,0.6234898018587334,-2.4492935982947064e-16,1.0,-0.38566340624360745,0.9226395488404875,199.4,231.5
2019-12-09,Karnataka,SR,12.57038129,76.91999711,199.4,2019,12,0,343,0,0,22.2,71,192.6,185.6,204.4,190.1857142857143,8.248924893873163,204.7866666666667,0.0,1.0,-2.4492935982947064e-16,1.0,-0.3697245428906732,0.9291414114031743,208.4,233.9
2019-12-10,Karnataka,SR,12.57038129,76.91999711,208.4,2019,12,1,344,0,0,22.4,71,199.4,179.2,168.5,194.35714285714286,9.10619883062389,206.11666666666667,0.7818314824680298,0.6234898018587336,-2.4492935982947064e-16,1.0,-0.3536761221763721,0.935367949313148,214.7,237.7
2019-12-11,Karnataka,SR,12.57038129,76.91999711,214.7,2019,12,2,345,0,0,22.9,69,208.4,178.9,173.2,199.47142857142856,9.031004795649627,207.5,0.9749279121818236,-0.22252093395631434,-2.4492935982947064e-16,1.0,-0.33752289959411347,0.941317317512847,214.5,240.9
2019-12-12,Karnataka,SR,12.57038129,76.91999711,214.5,2019,12,3,346,0,0,22.7,68,214.7,190.3,177.3,202.92857142857142,9.551913296248385,208.73999999999998,0.43388373911755823,-0.900968867902419,-2.4492935982947064e-16,1.0,-0.32126966169236515,0.9469877530760751,209.5,244.6
2019-12-13,Karnataka,SR,12.57038129,76.91999711,209.5,2019,12,4,347,0,0,23.1,70,214.5,198.1,175.6,204.55714285714288,9.563273000191385,209.86999999999998,-0.433883739117558,-0.9009688679024191,-2.4492935982947064e-16,1.0,-0.3049212246562894,0.9523775757303973,204.1,242.0
2019-12-14,Karnataka,SR,12.57038129,76.91999711,204.1,2019,12,5,348,1,0,21.6,89,209.5,192.8,172.8,206.17142857142855,8.0877920937905,210.91333333333333,-0.9749279121818236,-0.2225209339563146,-2.4492935982947064e-16,1.0,-0.2884824328806098,0.9574851883550389,231.5,225.3
2019-12-15,Karnataka,SR,12.57038129,76.91999711,231.5,2019,12,6,349,1,0,23.2,69,204.1,192.6,172.0,211.72857142857143,10.276626276120341,212.89666666666665,-0.7818314824680299,0.6234898018587334,-2.4492935982947064e-16,1.0,-0.27195815753410524,0.9623090774541487,233.9,184.5
2019-12-16,Karnataka,SR,12.57038129,76.91999711,233.9,2019,12,0,350,0,0,22.9,70,231.5,199.4,164.1,216.65714285714284,11.570055768067423,215.22333333333333,0.0,1.0,-2.4492935982947064e-16,1.0,-0.2553532951161881,0.9668478136052773,237.7,188.0
2019-12-17,Karnataka,SR,12.57038129,76.91999711,237.7,2019,12,1,351,0,0,23.2,71,233.9,208.4,244.2,220.84285714285716,13.261329388219607,215.0066666666667,0.7818314824680298,0.6234898018587336,-2.4492935982947064e-16,1.0,-0.23867276600594997,0.9711000518829505,240.9,196.1
2019-12-18,Karnataka,SR,12.57038129,76.91999711,240.9,2019,12,2,352,0,0,23.0,68,237.7,214.7,248.9,224.58571428571426,14.841768602093733,214.73999999999998,0.9749279121818236,-0.22252093395631434,-2.4492935982947064e-16,1.0,-0.22192151300416674,0.9750645322571945,244.6,196.6
2019-12-19,Karnataka,SR,12.57038129,76.91999711,244.6,2019,12,3,353,0,0,22.4,73,240.9,214.5,247.0,228.8857142857143,15.764350982668526,214.66,0.43388373911755823,-0.900968867902419,-2.4492935982947064e-16,1.0,-0.20510449986861926,0.9787400799669153,242.0,204.2
2019-12-20,Karnataka,SR,12.57038129,76.91999711,242.0,2019,12,4,354,0,0,22.3,72,244.6,209.5,247.8,233.52857142857144,13.762111548948972,214.46666666666667,-0.433883739117558,-0.9009688679024191,-2.4492935982947064e-16,1.0,-0.1882267098432439,0.9821256058680006,225.3,197.7
2019-12-21,Karnataka,SR,12.57038129,76.91999711,225.3,2019,12,5,355,1,0,22.8,71,242.0,204.1,249.9,236.55714285714288,6.7557030581223945,213.64666666666665,-0.9749279121818236,-0.2225209339563146,-2.4492935982947064e-16,1.0,-0.1712931441814778,0.9852201067560606,184.5,178.7
2019-12-22,Karnataka,SR,12.57038129,76.91999711,184.5,2019,12,6,356,1,0,23.3,69,225.3,231.5,242.1,229.84285714285716,20.98665108609575,211.72666666666663,-0.7818314824680299,0.6234898018587334,-2.4492935982947064e-16,1.0,-0.154308820664281,0.9880226656636976,188.0,187.0
2019-12-23,Karnataka,SR,12.57038129,76.91999711,188.0,2019,12,0,357,0,0,23.0,69,184.5,233.9,230.0,223.28571428571428,26.064115086419015,210.32666666666665,0.0,1.0,-2.4492935982947064e-16,1.0,-0.13727877211326517,0.9905324521322227,196.1,191.6
2019-12-24,Karnataka,SR,12.57038129,76.91999711,196.1,2019,12,1,358,0,0,23.3,73,188.0,237.7,207.9,217.34285714285713,26.957055795150502,209.93333333333334,0.7818314824680298,0.6234898018587336,-2.4492935982947064e-16,1.0,-0.12020804489935275,0.9927487224577402,196.6,189.5
2019-12-25,Karnataka,SR,12.57038129,76.91999711,196.6,2019,12,2,359,0,1,23.8,75,196.1,240.9,212.3,211.01428571428573,25.67446387440437,209.41,0.9749279121818236,-0.22252093395631434,-2.4492935982947064e-16,1.0,-0.10310169744743544,0.9946708199115211,204.2,194.7
2019-12-26,Karnataka,SR,12.57038129,76.91999711,204.2,2019,12,3,360,0,0,24.3,73,196.6,244.6,219.5,205.2428571428571,20.977516308566898,208.9,0.43388373911755823,-0.900968867902419,-2.4492935982947064e-16,1.0,-0.0859647987374467,0.9962981749346077,197.7,193.9
2019-12-27,Karnataka,SR,12.57038129,76.91999711,197.7,2019,12,4,361,0,0,24.6,69,204.2,242.0,223.2,198.91428571428568,13.327844108160484,208.05,-0.433883739117558,-0.9009688679024191,-2.4492935982947064e-16,1.0,-0.06880242680232064,0.9976303053065857,178.7,190.9
2019-12-28,Karnataka,SR,12.57038129,76.91999711,178.7,2019,12,5,362,1,0,23.7,67,197.7,225.3,226.2,192.25714285714284,8.83154519187834,206.46666666666667,-0.9749279121818236,-0.2225209339563146,-2.4492935982947064e-16,1.0,-0.05161966722325418,0.9986668162884759,187.0,185.5
2019-12-29,Karnataka,SR,12.57038129,76.91999711,187.0,2019,12,6,363,1,0,23.6,66,178.7,184.5,226.8,192.6142857142857,8.510273903039835,205.14,-0.7818314824680299,0.6234898018587334,-2.4492935982947064e-16,1.0,-0.034421611622745804,0.9994074007397048,191.6,253.3
2019-12-30,Karnataka,SR,12.57038129,76.91999711,191.6,2019,12,0,364,0,0,23.3,64,187.0,188.0,210.2,193.1285714285714,8.290901496161117,204.52,0.0,1.0,-2.4492935982947064e-16,1.0,-0.01721335615583528,0.9998518392091162,189.5,248.6
2019-12-31,Karnataka,SR,12.57038129,76.91999711,189.5,2019,12,1,365,0,0,23.5,68,191.6,196.1,187.2,192.18571428571428,8.271926130277084,204.5966666666667,0.7818314824680298,0.6234898018587336,-2.4492935982947064e-16,1.0,6.432490598706546e-16,1.0,194.7,255.2
2020-01-01,Karnataka,SR,12.57038129,76.91999711,194.7,2020,1,2,1,0,0,23.7,73,189.5,196.6,185.6,191.91428571428568,8.1329430039046,204.9,0.9749279121818236,-0.22252093395631434,0.49999999999999994,0.8660254037844387,0.017213356155834685,0.9998518392091162,193.9,256.498
2020-01-02,Karnataka,SR,12.57038129,76.91999711,193.9,2020,1,3,2,0,0,24.0,71,194.7,204.2,179.2,190.44285714285712,6.254560241097892,205.39,0.43388373911755823,-0.900968867902419,0.49999999999999994,0.8660254037844387,0.03442161162274574,0.9994074007397048,190.9,256.498
2020-01-03,Karnataka,SR,12.57038129,76.91999711,190.9,2020,1,4,3,0,0,24.6,69,193.9,197.7,178.9,189.47142857142856,5.410703677500077,205.79,-0.433883739117558,-0.9009688679024191,0.49999999999999994,0.8660254037844387,0.051619667223253764,0.998666816288476,185.5,253.5
2020-01-04,Karnataka,SR,12.57038129,76.91999711,185.5,2020,1,5,4,1,0,24.9,64,190.9,178.7,190.3,190.44285714285712,3.386176379958555,205.63000000000002,-0.9749279121818236,-0.2225209339563146,0.49999999999999994,0.8660254037844387,0.06880242680231986,0.9976303053065857,253.3,239.0
2020-01-05,Karnataka,SR,12.57038129,76.91999711,253.3,2020,1,6,5,1,0,24.3,66,185.5,187.0,198.1,199.91428571428574,23.734674253184153,207.47,-0.7818314824680299,0.6234898018587334,0.49999999999999994,0.8660254037844387,0.08596479873744647,0.9962981749346078,248.6,188.5
2020-01-13,Karnataka,SR,12.57038129,76.91999711,248.6,2020,1,0,13,0,0,23.7,61,253.3,191.6,192.8,208.05714285714288,29.487390363953757,209.32999999999998,0.0,1.0,0.49999999999999994,0.8660254037844387,0.2219215130041655,0.9750645322571948,255.2,195.2
2020-01-14,Karnataka,SR,12.57038129,76.91999711,255.2,2020,1,1,14,0,0,24.0,58,248.6,189.5,192.6,217.44285714285715,32.859491634475944,211.41666666666666,0.7818314824680298,0.6234898018587336,0.49999999999999994,0.8660254037844387,0.2386727660059501,0.9711000518829505,256.498,188.8
2020-01-15,Karnataka,SR,12.57038129,76.91999711,256.498,2020,1,2,15,0,0,22.8,56,255.2,194.7,199.4,226.27114285714288,34.012187459931624,213.31993333333332,0.9749279121818236,-0.22252093395631434,0.49999999999999994,0.8660254037844387,0.255353295116187,0.9668478136052775,256.498,190.0
2020-01-16,Karnataka,SR,12.57038129,76.91999711,256.498,2020,1,3,16,0,0,22.4,61,256.498,193.9,208.4,235.21371428571427,32.26700660486039,214.9232,0.43388373911755823,-0.900968867902419,0.49999999999999994,0.8660254037844387,0.2719581575341055,0.9623090774541486,253.5,196.5
2020-01-17,Karnataka,SR,12.57038129,76.91999711,253.5,2020,1,4,17,0,0,23.1,56,256.498,190.9,214.7,244.15657142857143,26.00582757035544,216.21653333333333,-0.433883739117558,-0.9009688679024191,0.49999999999999994,0.8660254037844387,0.288482432880609,0.9574851883550393,239.0,196.1
2020-01-18,Karnataka,SR,12.57038129,76.91999711,239.0,2020,1,5,18,1,0,24.2,67,253.5,185.5,214.5,251.79942857142856,6.257294486096034,217.0332,-0.9749279121818236,-0.2225209339563146,0.49999999999999994,0.8660254037844387,0.30492122465628907,0.9523775757303974,188.5,182.3
2020-01-19,Karnataka,SR,12.57038129,76.91999711,188.5,2020,1,6,19,1,0,24.8,65,239.0,253.3,209.5,242.5422857142857,24.62933715249843,216.3332,-0.7818314824680299,0.6234898018587334,0.49999999999999994,0.8660254037844387,0.3212696616923644,0.9469877530760753,195.2,235.1
2020-01-20,Karnataka,SR,12.57038129,76.91999711,195.2,2020,1,0,20,0,0,25.1,59,188.5,248.6,204.1,234.9137142857143,30.102203383995615,216.03653333333332,0.0,1.0,0.49999999999999994,0.8660254037844387,0.3375228995941133,0.9413173175128471,188.8,228.9
2020-01-21,Karnataka,SR,12.57038129,76.91999711,188.8,2020,1,1,21,0,0,24.7,55,195.2,255.2,231.5,225.42799999999997,32.96954584663457,214.61319999999998,0.7818314824680298,0.6234898018587336,0.49999999999999994,0.8660254037844387,0.3536761221763716,0.9353679493131483,190.0,233.5
2020-01-22,Karnataka,SR,12.57038129,76.91999711,190.0,2020,1,2,22,0,0,24.3,60,188.8,256.498,233.9,215.92828571428572,32.09369617081778,213.14986666666667,0.9749279121818236,-0.22252093395631434,0.49999999999999994,0.8660254037844387,0.3697245428906731,0.9291414114031743,196.5,234.8
2020-01-23,Karnataka,SR,12.57038129,76.91999711,196.5,2020,1,3,23,0,0,24.5,60,190.0,256.498,237.7,207.35714285714286,27.07193239887989,211.7765333333333,0.43388373911755823,-0.900968867902419,0.49999999999999994,0.8660254037844387,0.38566340624360707,0.9226395488404876,196.1,239.3
2020-01-24,Karnataka,SR,12.57038129,76.91999711,196.1,2020,1,4,24,0,0,24.1,54,196.5,253.5,240.9,199.15714285714287,17.908178498743325,210.2832,-0.433883739117558,-0.9009688679024191,0.49999999999999994,0.8660254037844387,0.401487989205973,0.9158642882672872,182.3,237.8
2020-01-25,Karnataka,SR,12.57038129,76.91999711,182.3,2020,1,5,25,1,0,23.2,45,196.1,239.0,244.6,191.05714285714288,5.19065093633248,208.20653333333334,-0.9749279121818236,-0.2225209339563146,0.49999999999999994,0.8660254037844387,0.4171936026123168,0.9088176373395029,235.1,223.6
2020-01-26,Karnataka,SR,12.57038129,76.91999711,235.1,2020,1,6,26,1,1,23.8,44,182.3,188.5,242.0,197.71428571428572,17.246586963940338,207.97653333333332,-0.7818314824680299,0.6234898018587334,0.49999999999999994,0.8660254037844387,0.4327755925504312,0.901501684131884,228.9,136.702
2020-01-27,Karnataka,SR,12.57038129,76.91999711,228.9,2020,1,0,27,0,0,24.7,49,235.1,195.2,225.3,202.52857142857144,20.771191129840822,208.09653333333335,0.0,1.0,0.49999999999999994,0.8660254037844387,0.4482293417404106,0.893918596519257,233.5,137.1
2020-01-28,Karnataka,SR,12.57038129,76.91999711,233.5,2020,1,1,28,0,0,25.2,62,228.9,188.8,184.5,208.91428571428574,22.634665785871356,209.72986666666668,0.7818314824680298,0.6234898018587336,0.49999999999999994,0.8660254037844387,0.4635502709028509,0.886070621534138,234.8,145.7
2020-01-29,Karnataka,SR,12.57038129,76.91999711,234.8,2020,1,2,29,0,0,25.1,57,233.5,190.0,188.0,215.31428571428572,22.72872107939127,211.28986666666665,0.9749279121818236,-0.22252093395631434,0.49999999999999994,0.8660254037844387,0.47873384011578846,0.8779600847008882,239.3,153.5
2020-01-30,Karnataka,SR,12.57038129,76.91999711,239.3,2020,1,3,30,0,0,25.8,46,234.8,196.5,196.1,221.42857142857142,22.580280060686885,212.72986666666665,0.43388373911755823,-0.900968867902419,0.49999999999999994,0.8660254037844387,0.49377555015997715,0.869589389346611,237.8,156.5
2020-01-31,Karnataka,SR,12.57038129,76.91999711,237.8,2020,1,4,31,0,0,25.4,54,239.3,196.1,196.6,227.3857142857143,20.154770202231802,214.1032,-0.433883739117558,-0.9009688679024191,0.49999999999999994,0.8660254037844387,0.5086709438521044,0.8609610158889943,223.6,155.1
2020-02-01,Karnataka,SR,12.57038129,76.91999711,223.6,2020,2,5,32,1,0,25.3,52,237.8,182.3,204.2,233.28571428571428,5.404143031487434,214.74986666666666,-0.9749279121818236,-0.2225209339563146,0.8660254037844386,0.5000000000000001,0.5234156073655503,0.8520775211013093,136.702,147.2
2020-02-02,Karnataka,SR,12.57038129,76.91999711,136.702,2020,2,6,33,1,0,25.1,53,223.6,235.1,197.7,219.22885714285715,36.78129999256229,212.7166,-0.7818314824680299,0.6234898018587334,0.8660254037844386,0.5000000000000001,0.5380051715382996,0.8429415373547828,137.1,207.6
2020-02-03,Karnataka,SR,12.57038129,76.91999711,137.1,2020,2,0,34,0,0,24.7,48,136.702,228.9,178.7,206.11457142857142,47.54806501095195,211.32993333333334,0.0,1.0,0.8660254037844386,0.5000000000000001,0.5524353131676196,0.8335557718385699,145.7,207.5
2020-02-04,Karnataka,SR,12.57038129,76.91999711,145.7,2020,2,1,35,0,0,24.0,51,137.1,233.5,187.0,193.57171428571428,50.60238268999548,209.95326666666668,0.7818314824680298,0.6234898018587336,0.8660254037844386,0.5000000000000001,0.5667017562911176,0.8239230057575542,153.5,206.0
2020-02-05,Karnataka,SR,12.57038129,76.91999711,153.5,2020,2,2,36,0,0,24.9,58,145.7,234.8,191.6,181.95742857142858,48.86262395347831,208.68326666666664,0.9749279121818236,-0.22252093395631434,0.8660254037844386,0.5000000000000001,0.5808002734538009,0.8140460935082178,156.5,213.3
2020-02-13,Karnataka,SR,12.57038129,76.91999711,156.5,2020,2,3,44,0,0,25.7,52,153.5,239.3,189.5,170.12885714285716,42.24105541385263,207.58326666666665,0.43388373911755823,-0.900968867902419,0.8660254037844386,0.5000000000000001,0.6870527672236669,0.7266075247685656,155.1,219.0
2020-02-14,Karnataka,SR,12.57038129,76.91999711,155.1,2020,2,4,45,0,0,25.7,49,156.5,237.8,194.7,158.31457142857144,29.931260463808602,206.26326666666668,-0.433883739117558,-0.9009688679024191,0.8660254037844386,0.5000000000000001,0.699458327051647,0.7146733860429609,147.2,215.2
2020-02-15,Karnataka,SR,12.57038129,76.91999711,147.2,2020,2,5,46,1,0,26.4,45,155.1,223.6,193.9,147.4002857142857,8.193261493735383,204.7066,-0.9749279121818236,-0.2225209339563146,0.8660254037844386,0.5000000000000001,0.7116566222817746,0.7025274741691571,207.6,201.9
2020-02-16,Karnataka,SR,12.57038129,76.91999711,207.6,2020,2,6,47,1,0,25.7,39,147.2,136.702,190.9,157.52857142857144,23.07326839192239,205.26326666666668,-0.7818314824680299,0.6234898018587334,0.8660254037844386,0.5000000000000001,0.7236440382959124,0.6901733882429719,207.5,236.2
2020-02-17,Karnataka,SR,12.57038129,76.91999711,207.5,2020,2,0,48,0,0,24.9,40,207.6,137.1,185.5,167.58571428571426,27.58637517395266,205.9966,0.0,1.0,0.8660254037844386,0.5000000000000001,0.7354170229639855,0.6776147890466889,206.0,226.9
2020-02-18,Karnataka,SR,12.57038129,76.91999711,206.0,2020,2,1,49,0,0,25.0,43,207.5,145.7,253.3,176.2,28.992182854463515,204.41993333333332,0.7818314824680298,0.6234898018587336,0.8660254037844386,0.5000000000000001,0.7469720876965552,0.6648553979642865,213.3,220.8
2020-02-19,Karnataka,SR,12.57038129,76.91999711,213.3,2020,2,2,50,0,0,25.3,47,206.0,153.5,248.6,184.7428571428571,29.982042244364276,203.24326666666667,0.9749279121818236,-0.22252093395631434,0.8660254037844386,0.5000000000000001,0.7583058084785624,0.6518989958787126,219.0,228.3
2020-02-20,Karnataka,SR,12.57038129,76.91999711,219.0,2020,2,3,51,0,0,25.2,46,213.3,156.5,255.2,193.67142857142855,29.471438958518917,202.0366,0.43388373911755823,-0.900968867902419,0.8660254037844386,0.5000000000000001,0.7694148268839378,0.6387494220515272,215.2,236.2
2020-02-21,Karnataka,SR,12.57038129,76.91999711,215.2,2020,2,4,52,0,0,25.4,48,219.0,155.1,256.498,202.25714285714284,24.735659626192593,200.66,-0.433883739117558,-0.9009688679024191,0.8660254037844386,0.5000000000000001,0.7802958510707755,0.6254105729852463,201.9,232.3
2020-02-22,Karnataka,SR,12.57038129,76.91999711,201.9,2020,2,5,53,1,0,25.9,56,215.2,147.2,256.498,210.07142857142858,5.951390393769253,198.84006666666667,-0.9749279121818236,-0.2225209339563146,0.8660254037844386,0.5000000000000001,0.7909456567567772,0.6118864012687243,236.2,214.9
2020-02-23,Karnataka,SR,12.57038129,76.91999711,236.2,2020,2,6,54,1,0,26.0,54,201.9,207.6,253.5,214.15714285714284,11.345021983651124,198.2634,-0.7818314824680299,0.6234898018587334,0.8660254037844386,0.5000000000000001,0.8013610881746766,0.5981809144059165,226.9,213.2
2020-02-24,Karnataka,SR,12.57038129,76.91999711,226.9,2020,2,0,55,0,0,25.8,53,236.2,207.5,239.0,216.92857142857142,11.807866627198974,197.86006666666668,0.0,1.0,0.8660254037844386,0.5000000000000001,0.8115390590073611,0.5842981736283684,220.8,215.4
2020-02-25,Karnataka,SR,12.57038129,76.91999711,220.8,2020,2,1,56,0,0,26.3,48,226.9,206.0,188.5,219.04285714285714,10.807537052578787,198.93673333333334,0.7818314824680298,0.6234898018587336,0.8660254037844386,0.5000000000000001,0.8214765533024142,0.5702422926917871,228.3,216.7
2020-02-26,Karnataka,SR,12.57038129,76.91999711,228.3,2020,2,2,57,0,0,26.8,48,220.8,213.3,195.2,221.1857142857143,10.965009282779294,200.04006666666666,0.9749279121818236,-0.22252093395631434,0.8660254037844386,0.5000000000000001,0.8311706263658079,0.5560174366570446,236.2,225.6
2020-02-27,Karnataka,SR,12.57038129,76.91999711,236.2,2020,2,3,58,0,0,27.8,46,228.3,219.0,188.8,223.64285714285714,12.245932269242138,201.62006666666667,0.43388373911755823,-0.900968867902419,0.8660254037844386,0.5000000000000001,0.8406184056344782,0.5416278206559814,232.3,226.8
2020-02-28,Karnataka,SR,12.57038129,76.91999711,232.3,2020,2,4,59,0,0,26.9,51,236.2,215.2,190.0,226.08571428571432,11.983798586902179,203.03006666666667,-0.433883739117558,-0.9009688679024191,0.8660254037844386,0.5000000000000001,0.8498170915275278,0.5270777086423722,214.9,222.3
2020-02-29,Karnataka,SR,12.57038129,76.91999711,214.9,2020,2,5,60,1,0,27.2,49,232.3,201.9,196.5,227.94285714285712,7.934073594915466,203.6434,-0.9749279121818236,-0.2225209339563146,0.8660254037844386,0.5000000000000001,0.8587639582758029,0.5123714121284237,213.2,207.3
2020-03-01,Karnataka,SR,12.57038129,76.91999711,213.2,2020,3,6,61,1,0,27.3,50,214.9,236.2,196.1,224.65714285714287,8.672726818953754,204.2134,-0.7818314824680299,0.6234898018587334,1.0,6.123233995736766e-17,0.8674563547295969,0.49751328890718066,215.4,191.5
2020-03-02,Karnataka,SR,12.57038129,76.91999711,215.4,2020,3,0,62,0,0,26.2,60,213.2,226.9,182.3,223.01428571428573,9.247238970170331,205.3167333333333,0.0,1.0,1.0,6.123233995736766e-17,0.8758917051442429,0.48250774176121847,216.7,183.5
2020-03-03,Karnataka,SR,12.57038129,76.91999711,216.7,2020,3,1,63,0,0,27.1,59,215.4,220.8,235.1,222.42857142857142,9.536196706185102,204.7034,0.7818314824680298,0.6234898018587336,1.0,6.123233995736766e-17,0.8840675099433636,0.4673592171580022,225.6,172.9
2020-03-04,Karnataka,SR,12.57038129,76.91999711,225.6,2020,3,2,64,0,0,27.1,60,216.7,228.3,228.9,222.04285714285714,9.311078910426987,204.5934,0.9749279121818236,-0.22252093395631434,1.0,6.123233995736766e-17,0.8919813464595485,0.45207220393230435,226.8,188.5
2020-03-05,Karnataka,SR,12.57038129,76.91999711,226.8,2020,3,3,65,0,0,26.9,59,225.6,236.2,233.5,220.70000000000002,7.41350119714073,204.37006666666667,0.43388373911755823,-0.900968867902419,1.0,6.123233995736766e-17,0.8996308696522433,0.43665123195606403,222.3,195.2
2020-03-13,Karnataka,SR,12.57038129,76.91999711,222.3,2020,3,4,73,0,0,28.0,45,226.8,232.3,234.8,219.27142857142854,5.529832512748811,203.95340000000002,-0.433883739117558,-0.9009688679024191,1.0,6.123233995736766e-17,0.9510565162951535,0.30901699437494745,207.3,188.8
2020-03-14,Karnataka,SR,12.57038129,76.91999711,207.3,2020,3,5,74,1,0,28.4,41,222.3,214.9,239.3,218.1857142857143,7.064330251677616,202.88673333333332,-0.9749279121818236,-0.2225209339563146,1.0,6.123233995736766e-17,0.9562348265919056,0.29260033563334836,191.5,190.0
2020-03-15,Karnataka,SR,12.57038129,76.91999711,191.5,2020,3,6,75,1,0,28.5,43,207.3,213.2,237.8,215.08571428571426,12.378937564997216,201.3434,-0.7818314824680299,0.6234898018587334,1.0,6.123233995736766e-17,0.9611297838723007,0.27609697309746883,183.5,214.5
2020-03-16,Karnataka,SR,12.57038129,76.91999711,183.5,2020,3,0,76,0,0,28.4,47,191.5,215.4,223.6,210.5285714285714,17.183394531321486,200.0067333333333,0.0,1.0,1.0,6.123233995736766e-17,0.9657399376548549,0.2595117970697999,172.9,199.8
2020-03-17,Karnataka,SR,12.57038129,76.91999711,172.9,2020,3,1,77,0,0,28.3,46,183.5,216.7,136.702,204.27142857142857,21.891300729263346,201.21333333333334,0.7818314824680298,0.6234898018587336,1.0,6.123233995736766e-17,0.9700639218515071,0.2428497220959356,188.5,182.0
2020-03-18,Karnataka,SR,12.57038129,76.91999711,188.5,2020,3,2,78,0,0,28.7,39,172.9,225.6,137.1,198.97142857142856,20.300140745465534,202.92666666666668,0.9749279121818236,-0.22252093395631434,1.0,6.123233995736766e-17,0.9741004551724205,0.22611568550828828,195.2,187.8
2020-03-19,Karnataka,SR,12.57038129,76.91999711,195.2,2020,3,3,79,0,0,29.1,42,188.5,226.8,145.7,194.45714285714286,16.1746568374577,204.57666666666668,0.43388373911755823,-0.900968867902419,1.0,6.123233995736766e-17,0.9778483415056568,0.20931464596304847,188.8,186.6
2020-03-20,Karnataka,SR,12.57038129,76.91999711,188.8,2020,3,4,80,0,0,27.8,60,195.2,222.3,153.5,189.67142857142858,10.537032201670385,205.75333333333336,-0.433883739117558,-0.9009688679024191,1.0,6.123233995736766e-17,0.9813064702716093,0.19245158197082998,190.0,184.1
2020-03-21,Karnataka,SR,12.57038129,76.91999711,190.0,2020,3,5,81,1,0,29.1,50,188.8,207.3,156.5,187.20000000000002,7.219879962066996,206.87,-0.9749279121818236,-0.2225209339563146,1.0,6.123233995736766e-17,0.9844738167520922,0.1755314904214282,214.5,197.1
2020-03-22,Karnataka,SR,12.57038129,76.91999711,214.5,2020,3,6,82,1,0,28.1,52,190.0,191.5,155.1,190.4857142857143,12.675360425043273,208.85,-0.7818314824680299,0.6234898018587334,1.0,6.123233995736766e-17,0.9873494423939864,0.15855938510313475,199.8,159.9
2020-03-23,Karnataka,SR,12.57038129,76.91999711,199.8,2020,3,0,83,0,0,27.1,65,214.5,183.5,147.2,192.81428571428572,12.675360425043316,210.60333333333335,0.0,1.0,1.0,6.123233995736766e-17,0.989932495087353,0.141540295217043,182.0,165.2
2020-03-24,Karnataka,SR,12.57038129,76.91999711,182.0,2020,3,1,84,0,0,28.5,54,199.8,172.9,207.6,194.1142857142857,10.587166534918028,209.75,0.7818314824680298,0.6234898018587336,1.0,6.123233995736766e-17,0.9922222094179323,0.12447926388678915,187.8,171.6
2020-03-25,Karnataka,SR,12.57038129,76.91999711,187.8,2020,3,2,85,0,0,28.0,53,182.0,188.5,207.5,194.01428571428573,10.652140406420116,209.0933333333333,0.9749279121818236,-0.22252093395631434,1.0,6.123233995736766e-17,0.994217906893952,0.10738134666416309,186.6,171.4
2020-03-26,Karnataka,SR,12.57038129,76.91999711,186.6,2020,3,3,86,0,0,28.5,50,187.8,195.2,206.0,192.78571428571428,10.983385721386382,208.44666666666666,0.43388373911755823,-0.900968867902419,1.0,6.123233995736766e-17,0.995918996147179,0.09025161003104117,184.1,168.5
2020-03-27,Karnataka,SR,12.57038129,76.91999711,184.1,2020,3,4,87,0,0,28.6,41,186.6,188.8,213.3,192.1142857142857,11.40327855946499,207.47333333333336,-0.433883739117558,-0.9009688679024191,1.0,6.123233995736766e-17,0.9973249731081555,0.07309512989807777,197.1,166.9
2020-03-28,Karnataka,SR,12.57038129,76.91999711,197.1,2020,3,5,88,1,0,28.6,34,184.1,190.0,219.0,193.12857142857143,11.499233928935157,206.74333333333334,-0.9749279121818236,-0.2225209339563146,1.0,6.123233995736766e-17,0.9984354211555643,0.055916990100603484,159.9,155.8
2020-03-29,Karnataka,SR,12.57038129,76.91999711,159.9,2020,3,6,89,1,0,28.3,43,197.1,214.5,215.2,185.32857142857142,13.005859485338496,204.9,-0.7818314824680299,0.6234898018587334,1.0,6.123233995736766e-17,0.9992500112396835,0.03872228089217446,165.2,237.1
2020-03-30,Karnataka,SR,12.57038129,76.91999711,165.2,2020,3,0,90,0,0,29.0,49,159.9,199.8,201.9,180.3857142857143,13.16326056003657,203.67666666666668,0.0,1.0,1.0,6.123233995736766e-17,0.9997685019798909,0.021516097436222254,171.6,239.4
2020-03-31,Karnataka,SR,12.57038129,76.91999711,171.6,2020,3,1,91,0,0,29.1,37,165.2,182.0,236.2,178.90000000000003,13.532430183328179,201.52333333333334,0.7818314824680298,0.6234898018587336,1.0,6.123233995736766e-17,0.9999907397361901,0.004303538296244289,171.4,242.5
2020-04-01,Karnataka,SR,12.57038129,76.91999711,171.4,2020,4,2,92,0,0,29.4,32,171.6,187.8,226.9,176.55714285714285,13.148999599824084,199.67333333333332,0.9749279121818236,-0.22252093395631434,0.8660254037844387,-0.4999999999999998,0.9999166586547379,-0.01291029607500882,168.5,240.4
2020-04-02,Karnataka,SR,12.57038129,76.91999711,168.5,2020,4,3,93,0,1,29.6,42,171.4,186.6,220.8,173.97142857142856,12.61371136048769,197.93,0.43388373911755823,-0.900968867902419,0.8660254037844387,-0.4999999999999998,0.9995462806873573,-0.030120304846908114,166.9,243.4
2020-04-03,Karnataka,SR,12.57038129,76.91999711,166.9,2020,4,4,94,0,0,29.6,45,168.5,184.1,228.3,171.51428571428573,11.9707182423644,195.88333333333333,-0.433883739117558,-0.9009688679024191,0.8660254037844387,-0.4999999999999998,0.9988797155850336,-0.04732138832243185,155.8,244.0
2020-04-04,Karnataka,SR,12.57038129,76.91999711,155.8,2020,4,5,95,1,0,29.6,49,166.9,197.1,236.2,165.6142857142857,5.8939032260525375,193.20333333333335,-0.9749279121818236,-0.2225209339563146,0.8660254037844387,-0.4999999999999998,0.9979171608653922,-0.06450844944931623,237.1,231.5
2020-04-05,Karnataka,SR,12.57038129,76.91999711,237.1,2020,4,6,96,1,0,29.4,57,155.8,159.9,232.3,176.64285714285714,27.18632359250096,193.36333333333334,-0.7818314824680299,0.6234898018587334,0.8660254037844387,-0.4999999999999998,0.9966589017541702,-0.08167639533042241,239.4,213.1
2020-04-13,Karnataka,SR,12.57038129,76.91999711,239.4,2020,4,0,104,0,0,29.0,34,237.1,165.2,214.9,187.2428571428571,35.25047787585554,194.17999999999998,0.0,1.0,0.8660254037844387,-0.4999999999999998,0.9760105506323683,-0.21772323039653177,242.5,218.6
2020-04-14,Karnataka,SR,12.57038129,76.91999711,242.5,2020,4,1,105,0,1,28.9,37,239.4,171.6,213.2,197.37142857142857,39.8875801173629,195.15666666666667,0.7818314824680298,0.6234898018587336,0.8660254037844387,-0.4999999999999998,0.9721181966290613,-0.23449138957040985,240.4,223.4
2020-04-15,Karnataka,SR,12.57038129,76.91999711,240.4,2020,4,2,106,0,0,28.8,50,242.5,171.4,215.4,207.22857142857143,40.912333685809834,195.98999999999998,0.9749279121818236,-0.22252093395631434,0.8660254037844387,-0.4999999999999998,0.9679377830240642,-0.25119006388481935,243.4,223.3
2020-04-16,Karnataka,SR,12.57038129,76.91999711,243.4,2020,4,3,107,0,0,29.3,53,240.4,168.5,216.7,217.92857142857142,38.83716923625773,196.88000000000002,0.43388373911755823,-0.900968867902419,0.8660254037844387,-0.4999999999999998,0.9634705485641488,-0.2678143051621742,244.0,229.9
2020-04-17,Karnataka,SR,12.57038129,76.91999711,244.0,2020,4,4,108,0,0,29.7,53,243.4,166.9,225.6,228.94285714285715,32.34335877955277,197.49333333333334,-0.433883739117558,-0.9009688679024191,0.8660254037844387,-0.4999999999999998,0.9587178169872964,-0.2843591872810034,231.5,215.2
2020-04-18,Karnataka,SR,12.57038129,76.91999711,231.5,2020,4,5,109,1,0,29.5,55,244.0,155.8,226.8,239.7571428571429,4.369918818034697,197.65,-0.9749279121818236,-0.2225209339563146,0.8660254037844387,-0.4999999999999998,0.9536809966304457,-0.30081980763566735,213.1,205.1
2020-04-19,Karnataka,SR,12.57038129,76.91999711,213.1,2020,4,6,110,1,0,30.0,50,231.5,237.1,222.3,236.32857142857142,11.074251560221516,197.3433333333333,-0.7818314824680299,0.6234898018587334,0.8660254037844387,-0.4999999999999998,0.9483615800121715,-0.3171912885891061,218.6,175.5
2020-04-20,Karnataka,SR,12.57038129,76.91999711,218.6,2020,4,0,111,0,0,29.9,47,213.1,239.4,207.3,233.35714285714286,12.772999796819178,197.72,0.0,1.0,0.8660254037844387,-0.4999999999999998,0.9427611433904207,-0.3334687789181868,223.4,197.4
2020-04-21,Karnataka,SR,12.57038129,76.91999711,223.4,2020,4,1,112,0,0,29.7,49,218.6,242.5,191.5,230.62857142857143,12.53218713097324,198.78333333333333,0.7818314824680298,0.6234898018587336,0.8660254037844387,-0.4999999999999998,0.9368813462954315,-0.3496474552512284,223.3,199.3
2020-04-22,Karnataka,SR,12.57038129,76.91999711,223.3,2020,4,2,113,0,0,29.9,55,223.4,240.4,183.5,228.18571428571428,11.963754785661722,200.11,0.9749279121818236,-0.22252093395631434,0.8660254037844387,-0.4999999999999998,0.9307239310379795,-0.36572252349726897,229.9,175.5
2020-04-23,Karnataka,SR,12.57038129,76.91999711,229.9,2020,4,3,114,0,0,30.4,54,223.3,243.4,172.9,226.25714285714284,10.03508132218523,202.01000000000002,0.43388373911755823,-0.900968867902419,0.8660254037844387,-0.4999999999999998,0.9242907221930933,-0.3816892202666588,215.2,179.1
2020-04-24,Karnataka,SR,12.57038129,76.91999711,215.2,2020,4,4,115,0,0,28.4,64,229.9,244.0,188.5,222.14285714285714,6.990197217737705,202.9,-0.433883739117558,-0.9009688679024191,0.8660254037844387,-0.4999999999999998,0.9175836260593937,-0.39754281428255595,205.1,180.8
2020-04-25,Karnataka,SR,12.57038129,76.91999711,205.1,2020,4,5,116,1,0,27.6,68,215.2,231.5,195.2,218.37142857142857,8.1293120425853,203.23,-0.9749279121818236,-0.2225209339563146,0.8660254037844387,-0.4999999999999998,0.9106046300942162,-0.4132786077829042,175.5,173.7
2020-04-26,Karnataka,SR,12.57038129,76.91999711,175.5,2020,4,6,117,1,0,28.6,62,205.1,213.1,188.8,213.0,18.278949641596043,202.78666666666666,-0.7818314824680299,0.6234898018587334,0.8660254037844387,-0.4999999999999998,0.9033558023246845,-0.4288919379124835,197.4,184.0
2020-04-27,Karnataka,SR,12.57038129,76.91999711,197.4,2020,4,0,118,0,0,27.7,67,175.5,218.6,190.0,209.9714285714286,18.940759777590305,203.03333333333333,0.0,1.0,0.8660254037844387,-0.4999999999999998,0.895839290734909,-0.4443781781046132,199.3,195.8
2020-04-28,Karnataka,SR,12.57038129,76.91999711,199.3,2020,4,1,119,0,0,28.7,60,197.4,223.4,214.5,206.52857142857144,18.271536542366842,202.52666666666667,0.7818314824680298,0.6234898018587336,0.8660254037844387,-0.4999999999999998,0.8880573226294932,-0.45973273945210397,175.5,204.2
2020-04-29,Karnataka,SR,12.57038129,76.91999711,175.5,2020,4,2,120,0,0,26.0,74,199.3,223.3,199.8,199.70000000000002,19.82498423706798,201.71666666666667,0.9749279121818236,-0.22252093395631434,0.8660254037844387,-0.4999999999999998,0.8800122039735357,-0.47495107206704995,179.1,204.0
2020-04-30,Karnataka,SR,12.57038129,76.91999711,179.1,2020,4,3,121,0,0,28.5,58,175.5,229.9,182.0,192.44285714285712,15.821067930964043,201.61999999999998,0.43388373911755823,-0.900968867902419,0.8660254037844387,-0.4999999999999998,0.8717063187093218,-0.4900286664290592,180.8,205.2
2020-05-01,Karnataka,SR,12.57038129,76.91999711,180.8,2020,5,4,122,0,0,28.9,57,179.1,215.2,187.8,187.52857142857144,12.586065613170472,201.38666666666668,-0.433883739117558,-0.9009688679024191,0.49999999999999994,-0.8660254037844387,0.8631421280499114,-0.5049610547215204,173.7,199.3
2020-05-02,Karnataka,SR,12.57038129,76.91999711,173.7,2020,5,5,123,1,0,29.4,53,180.8,205.1,186.6,183.04285714285714,10.739934379509577,200.95666666666665,-0.9749279121818236,-0.2225209339563146,0.49999999999999994,-0.8660254037844387,0.854322169749827,-0.5197438121555155,184.0,205.6
2020-05-03,Karnataka,SR,12.57038129,76.91999711,184.0,2020,5,6,124,1,0,29.5,55,173.7,175.5,184.1,184.25714285714284,10.212550635182803,200.95333333333332,-0.7818314824680299,0.6234898018587334,0.49999999999999994,-0.8660254037844387,0.8452490573530633,-0.5343725582809786,195.8,233.6
2020-05-04,Karnataka,SR,12.57038129,76.91999711,195.8,2020,5,0,125,0,0,29.8,52,184.0,197.4,197.1,184.02857142857144,9.881921926040652,200.91,0.0,1.0,0.49999999999999994,-0.8660254037844387,0.8359254794186372,-0.548842958284719,204.2,233.9
2020-05-05,Karnataka,SR,12.57038129,76.91999711,204.2,2020,5,1,126,0,0,29.5,53,195.8,199.3,159.9,184.72857142857143,11.22611750721044,202.38666666666666,0.7818314824680298,0.6234898018587336,0.49999999999999994,-0.8660254037844387,0.8263541987239096,-0.5631507242749186,204.0,239.1
2020-05-13,Karnataka,SR,12.57038129,76.91999711,204.0,2020,5,2,134,0,0,29.6,54,204.2,175.5,165.2,188.79999999999998,12.425377257853595,203.67999999999998,0.9749279121818236,-0.22252093395631434,0.49999999999999994,-0.8660254037844387,0.7412220108485958,-0.6712599575675313,205.2,239.5
2020-05-14,Karnataka,SR,12.57038129,76.91999711,205.2,2020,5,3,135,0,0,30.1,53,204.0,179.1,171.6,192.52857142857144,12.935057567931509,204.8,0.43388373911755823,-0.900968867902419,0.49999999999999994,-0.8660254037844387,0.7295575540864875,-0.6839194216246106,199.3,238.3
2020-05-15,Karnataka,SR,12.57038129,76.91999711,199.3,2020,5,4,136,0,0,29.9,56,205.2,180.8,171.4,195.17142857142855,11.995098205199106,205.73,-0.433883739117558,-0.9009688679024191,0.49999999999999994,-0.8660254037844387,0.717676913675962,-0.6963762255968722,205.6,230.7
2020-05-16,Karnataka,SR,12.57038129,76.91999711,205.6,2020,5,5,137,1,0,28.3,65,199.3,173.7,168.5,199.72857142857146,7.806560122894966,206.96666666666667,-0.9749279121818236,-0.2225209339563146,0.49999999999999994,-0.8660254037844387,0.705583610107178,-0.7086266782644596,233.6,214.3
2020-05-17,Karnataka,SR,12.57038129,76.91999711,233.6,2020,5,6,138,1,0,28.0,69,205.6,184.0,166.9,206.81428571428572,12.342937058824075,209.19,-0.7818314824680299,0.6234898018587334,0.49999999999999994,-0.8660254037844387,0.6932812268869777,-0.7206671495538609,233.9,167.4
2020-05-18,Karnataka,SR,12.57038129,76.91999711,233.9,2020,5,0,139,0,0,26.5,75,233.6,195.8,155.8,212.25714285714284,14.826986336053762,211.79333333333335,0.0,1.0,0.49999999999999994,-0.8660254037844387,0.6807734094770161,-0.7324940716135789,239.1,165.0
2020-05-19,Karnataka,SR,12.57038129,76.91999711,239.1,2020,5,1,140,0,0,26.6,72,233.9,204.2,237.1,217.24285714285716,17.323669467221084,211.85999999999999,0.7818314824680298,0.6234898018587336,0.49999999999999994,-0.8660254037844387,0.6680638642135335,-0.7441039398713607,239.5,172.9
2020-05-20,Karnataka,SR,12.57038129,76.91999711,239.5,2020,5,2,141,0,0,27.1,65,239.1,204.0,239.4,222.31428571428572,17.984384761178305,211.86333333333332,0.9749279121818236,-0.22252093395631434,0.49999999999999994,-0.8660254037844387,0.6551563572090853,-0.7554933140726803,238.3,174.5
2020-05-21,Karnataka,SR,12.57038129,76.91999711,238.3,2020,5,3,142,0,0,27.6,66,239.5,205.2,242.5,227.04285714285714,17.0624204166994,211.72333333333333,0.43388373911755823,-0.900968867902419,0.49999999999999994,-0.8660254037844387,0.6420547132365637,-0.766658819300159,230.7,179.9
