timestamp,node_id,region,latitude,longitude,consumption_mu,year,month,dayofweek,dayofyear,is_weekend,is_holiday,temperature_c,humidity,lag_1d,lag_7d,lag_30d,roll_mean_7d,roll_std_7d,roll_mean_30d,dow_sin,dow_cos,month_sin,month_cos,doy_sin,doy_cos,target_next_1d,target_next_7d
2019-02-02,Chandigarh,NR,30.71999697,76.78000565,2.3,2019,2,5,33,1,0,12.7,72,2.2,5.1,5.0,3.5142857142857147,1.2157694016939387,4.286666666666666,-0.9749279121818236,-0.2225209339563146,0.8660254037844386,0.5000000000000001,0.5380051715382996,0.8429415373547828,2.2,3.6
2019-02-03,Chandigarh,NR,30.71999697,76.78000565,2.2,2019,2,6,34,1,0,12.5,76,2.3,4.7,4.9,3.157142857142857,1.1759494644146675,4.196666666666666,-0.7818314824680299,0.6234898018587334,0.8660254037844386,0.5000000000000001,0.5524353131676196,0.8335557718385699,2.2,3.6
2019-02-04,Chandigarh,NR,30.71999697,76.78000565,2.2,2019,2,0,35,0,0,13.0,73,2.2,4.7,4.8,2.8000000000000003,0.9949874371066203,4.11,0.0,1.0,0.8660254037844386,0.5000000000000001,0.5667017562911176,0.8239230057575542,2.2,3.6
2019-02-05,Chandigarh,NR,30.71999697,76.78000565,2.2,2019,2,1,36,0,0,14.2,72,2.2,4.4,4.3,2.485714285714286,0.7128079952520449,4.04,0.7818314824680298,0.6234898018587336,0.8660254037844386,0.5000000000000001,0.5808002734538009,0.8140460935082178,2.2,3.5
2019-02-06,Chandigarh,NR,30.71999697,76.78000565,2.2,2019,2,2,37,0,0,16.0,59,2.2,4.1,4.3,2.2142857142857144,0.037796447300943246,3.9699999999999998,0.9749279121818236,-0.22252093395631434,0.8660254037844386,0.5000000000000001,0.5947266869607634,0.8039279618328213,2.9,3.1
2019-02-07,Chandigarh,NR,30.71999697,76.78000565,2.9,2019,2,3,38,0,0,14.2,80,2.2,2.2,4.0,2.314285714285714,0.2609506430251504,3.933333333333333,0.43388373911755823,-0.900968867902419,0.8660254037844386,0.5000000000000001,0.6084768701151261,0.7935716089521474,3.3,3.8
2019-02-08,Chandigarh,NR,30.71999697,76.78000565,3.3,2019,2,4,39,0,0,11.6,67,2.9,2.2,3.8,2.4714285714285715,0.4461475305855903,3.9166666666666665,-0.433883739117558,-0.9009688679024191,0.8660254037844386,0.5000000000000001,0.6220467484408675,0.7829801036770629,3.6,3.8
2019-02-09,Chandigarh,NR,30.71999697,76.78000565,3.6,2019,2,5,40,1,0,12.0,67,3.3,2.3,3.9,2.6571428571428575,0.6051367417290715,3.9066666666666667,-0.9749279121818236,-0.2225209339563146,0.8660254037844386,0.5000000000000001,0.6354323008901774,0.7721565844991642,3.6,4.0
2019-02-10,Chandigarh,NR,30.71999697,76.78000565,3.6,2019,2,6,41,1,0,12.4,71,3.6,2.2,3.9,2.857142857142857,0.6579187965525406,3.8966666666666665,-0.7818314824680299,0.6234898018587334,0.8660254037844386,0.5000000000000001,0.6486295610349814,0.7611042586607747,3.6,3.9
2019-02-11,Chandigarh,NR,30.71999697,76.78000565,3.6,2019,2,0,42,0,0,14.0,74,3.6,2.2,3.4,3.057142857142857,0.6373307431706683,3.9033333333333333,0.0,1.0,0.8660254037844386,0.5000000000000001,0.6616346182422783,0.7498264012045686,3.5,3.9
2019-02-12,Chandigarh,NR,30.71999697,76.78000565,3.5,2019,2,1,43,0,0,15.3,77,3.6,2.2,4.0,3.242857142857143,0.5255382728122435,3.8866666666666663,0.7818314824680298,0.6234898018587336,0.8660254037844386,0.5000000000000001,0.6744436188329455,0.7383263540031065,3.1,3.6
2019-02-13,Chandigarh,NR,30.71999697,76.78000565,3.1,2019,2,2,44,0,0,16.2,76,3.5,2.2,3.8,3.3714285714285714,0.28115408417381915,3.8633333333333337,0.9749279121818236,-0.22252093395631434,0.8660254037844386,0.5000000000000001,0.6870527672236669,0.7266075247685656,3.8,3.3
2019-02-14,Chandigarh,NR,30.71999697,76.78000565,3.8,2019,2,3,45,0,0,16.6,73,3.1,2.9,3.5,3.5,0.23094010767584977,3.8733333333333335,0.43388373911755823,-0.900968867902419,0.8660254037844386,0.5000000000000001,0.699458327051647,0.7146733860429609,3.8,5.2
2019-02-15,Chandigarh,NR,30.71999697,76.78000565,3.8,2019,2,4,46,0,0,15.0,84,3.8,3.3,3.2,3.5714285714285716,0.23603873774083214,3.893333333333333,-0.433883739117558,-0.9009688679024191,0.8660254037844386,0.5000000000000001,0.7116566222817746,0.7025274741691571,4.0,5.4
2019-02-16,Chandigarh,NR,30.71999697,76.78000565,4.0,2019,2,5,47,1,0,14.4,79,3.8,3.6,6.0,3.6285714285714286,0.2870208222079923,3.8266666666666667,-0.9749279121818236,-0.2225209339563146,0.8660254037844386,0.5000000000000001,0.7236440382959124,0.6901733882429719,3.9,5.6
2019-02-17,Chandigarh,NR,30.71999697,76.78000565,3.9,2019,2,6,48,1,0,14.0,76,4.0,3.6,5.6,3.6714285714285713,0.30394235042348394,3.77,-0.7818314824680299,0.6234898018587334,0.8660254037844386,0.5000000000000001,0.7354170229639855,0.6776147890466889,3.9,6.0
2019-02-18,Chandigarh,NR,30.71999697,76.78000565,3.9,2019,2,0,49,0,0,13.6,79,3.9,3.6,5.0,3.7142857142857144,0.3132015933791487,3.733333333333333,0.0,1.0,0.8660254037844386,0.5000000000000001,0.7469720876965552,0.6648553979642865,3.6,6.2
2019-02-19,Chandigarh,NR,30.71999697,76.78000565,3.6,2019,2,1,50,0,0,14.8,75,3.9,3.5,5.3,3.728571428571428,0.3039423504234839,3.6766666666666667,0.7818314824680298,0.6234898018587336,0.8660254037844386,0.5000000000000001,0.7583058084785624,0.6518989958787126,3.3,6.4
2019-02-20,Chandigarh,NR,30.71999697,76.78000565,3.3,2019,2,2,51,0,0,16.1,64,3.6,3.1,5.1,3.7571428571428567,0.2370453040886398,3.6166666666666667,0.9749279121818236,-0.22252093395631434,0.8660254037844386,0.5000000000000001,0.7694148268839378,0.6387494220515272,5.2,6.0
2019-02-21,Chandigarh,NR,30.71999697,76.78000565,5.2,2019,2,3,52,0,0,17.2,75,3.3,3.8,5.2,3.9571428571428577,0.5968169536721253,3.6166666666666667,0.43388373911755823,-0.900968867902419,0.8660254037844386,0.5000000000000001,0.7802958510707755,0.6254105729852463,5.4,4.6
2019-02-22,Chandigarh,NR,30.71999697,76.78000565,5.4,2019,2,4,53,0,0,16.2,78,5.2,3.8,5.1,4.185714285714286,0.79880863671798,3.626666666666667,-0.433883739117558,-0.9009688679024191,0.8660254037844386,0.5000000000000001,0.7909456567567772,0.6118864012687243,5.6,4.4
2019-02-23,Chandigarh,NR,30.71999697,76.78000565,5.6,2019,2,5,54,1,0,14.6,78,5.4,4.0,4.8,4.414285714285714,0.9511897312113415,3.6533333333333338,-0.9749279121818236,-0.2225209339563146,0.8660254037844386,0.5000000000000001,0.8013610881746766,0.5981809144059165,6.0,4.3
2019-02-24,Chandigarh,NR,30.71999697,76.78000565,6.0,2019,2,6,55,1,0,14.2,75,5.6,3.9,5.0,4.714285714285714,1.0838643387259792,3.686666666666667,-0.7818314824680299,0.6234898018587334,0.8660254037844386,0.5000000000000001,0.8115390590073611,0.5842981736283684,6.2,4.1
2019-02-25,Chandigarh,NR,30.71999697,76.78000565,6.2,2019,2,0,56,0,0,13.8,66,6.0,3.9,5.1,5.042857142857143,1.1428869043743897,3.7233333333333336,0.0,1.0,0.8660254037844386,0.5000000000000001,0.8214765533024142,0.5702422926917871,6.4,4.4
2019-02-26,Chandigarh,NR,30.71999697,76.78000565,6.4,2019,2,1,57,0,0,13.5,70,6.2,3.6,4.7,5.442857142857143,1.0390013520317516,3.78,0.7818314824680298,0.6234898018587336,0.8660254037844386,0.5000000000000001,0.8311706263658079,0.5560174366570446,6.0,4.0
2019-02-27,Chandigarh,NR,30.71999697,76.78000565,6.0,2019,2,2,58,0,0,11.4,78,6.4,3.3,4.7,5.828571428571428,0.43861253103502373,3.8233333333333333,0.9749279121818236,-0.22252093395631434,0.8660254037844386,0.5000000000000001,0.8406184056344782,0.5416278206559814,4.6,3.7
2019-02-28,Chandigarh,NR,30.71999697,76.78000565,4.6,2019,2,3,59,0,0,11.7,66,6.0,5.2,4.4,5.742857142857143,0.6078847008469677,3.83,0.43388373911755823,-0.900968867902419,0.8660254037844386,0.5000000000000001,0.8498170915275278,0.5270777086423722,4.4,5.4
2019-03-02,Chandigarh,NR,30.71999697,76.78000565,4.4,2019,3,5,61,1,0,14.1,81,4.6,5.4,4.1,5.6,0.791622805802527,3.8400000000000003,-0.9749279121818236,-0.2225209339563146,1.0,6.123233995736766e-17,0.8674563547295969,0.49751328890718066,4.3,6.1
2019-03-03,Chandigarh,NR,30.71999697,76.78000565,4.3,2019,3,6,62,1,0,15.1,79,4.4,5.6,2.2,5.4142857142857155,0.9317162862670364,3.9100000000000006,-0.7818314824680299,0.6234898018587334,1.0,6.123233995736766e-17,0.8758917051442429,0.48250774176121847,4.1,6.5
2019-03-04,Chandigarh,NR,30.71999697,76.78000565,4.1,2019,3,0,63,0,1,15.1,77,4.3,6.0,2.2,5.142857142857143,1.006408039940632,3.9733333333333336,0.0,1.0,1.0,6.123233995736766e-17,0.8840675099433636,0.4673592171580022,4.4,6.0
2019-03-05,Chandigarh,NR,30.71999697,76.78000565,4.4,2019,3,1,64,0,0,14.6,73,4.1,6.2,2.3,4.885714285714286,0.9172941575244961,4.043333333333334,0.7818314824680298,0.6234898018587336,1.0,6.123233995736766e-17,0.8919813464595485,0.45207220393230435,4.0,6.1
2019-03-06,Chandigarh,NR,30.71999697,76.78000565,4.0,2019,3,2,65,0,0,15.9,66,4.4,6.4,2.2,4.542857142857143,0.6729466121893686,4.1033333333333335,0.9749279121818236,-0.22252093395631434,1.0,6.123233995736766e-17,0.8996308696522433,0.43665123195606403,3.7,6.2
2019-03-07,Chandigarh,NR,30.71999697,76.78000565,3.7,2019,3,3,66,0,0,15.9,64,4.0,6.0,2.2,4.214285714285714,0.3023715784073938,4.153333333333333,0.43388373911755823,-0.900968867902419,1.0,6.123233995736766e-17,0.9070138128026359,0.4211008707960896,5.4,5.3
2019-03-08,Chandigarh,NR,30.71999697,76.78000565,5.4,2019,3,4,67,0,0,14.8,65,3.7,4.6,2.2,4.328571428571428,0.5345224838248553,4.26,-0.433883739117558,-0.9009688679024191,1.0,6.123233995736766e-17,0.9141279881853337,0.40542572835999735,6.1,2.7
2019-03-09,Chandigarh,NR,30.71999697,76.78000565,6.1,2019,3,5,68,1,0,16.5,62,5.4,4.4,2.2,4.571428571428571,0.8596787882968994,4.39,-0.9749279121818236,-0.2225209339563146,1.0,6.123233995736766e-17,0.9209712877166346,0.38963044953078796,6.5,2.6
2019-03-10,Chandigarh,NR,30.71999697,76.78000565,6.5,2019,3,6,69,1,0,16.5,68,6.1,4.3,2.9,4.885714285714286,1.1096975134821994,4.51,-0.7818314824680299,0.6234898018587334,1.0,6.123233995736766e-17,0.9275416835791966,0.37371971479046906,6.0,2.6
2019-03-11,Chandigarh,NR,30.71999697,76.78000565,6.0,2019,3,0,70,0,0,16.4,70,6.5,4.1,3.3,5.1571428571428575,1.1178210096092365,4.6,0.0,1.0,1.0,6.123233995736766e-17,0.9338372288229252,0.35769823883312546,6.1,2.8
2019-03-12,Chandigarh,NR,30.71999697,76.78000565,6.1,2019,3,1,71,0,0,16.9,64,6.0,4.4,3.6,5.3999999999999995,1.1105554165971798,4.683333333333334,0.7818314824680298,0.6234898018587336,1.0,6.123233995736766e-17,0.9398560579418954,0.3415707691678556,6.2,3.0
2019-03-13,Chandigarh,NR,30.71999697,76.78000565,6.2,2019,3,2,72,0,0,16.6,67,6.1,4.0,3.6,5.714285714285714,0.9476788686550094,4.77,0.9749279121818236,-0.22252093395631434,1.0,6.123233995736766e-17,0.9455963874271426,0.3253420847119801,5.3,3.1
2019-03-14,Chandigarh,NR,30.71999697,76.78000565,5.3,2019,3,3,73,0,0,17.3,64,6.2,3.7,3.6,5.942857142857142,0.4353433237386432,4.826666666666666,0.43388373911755823,-0.900968867902419,1.0,6.123233995736766e-17,0.9510565162951535,0.30901699437494745,2.7,3.2
2019-03-15,Chandigarh,NR,30.71999697,76.78000565,2.7,2019,3,4,74,0,0,16.3,65,5.3,5.4,3.5,5.557142857142857,1.311306146376128,4.8,-0.433883739117558,-0.9009688679024191,1.0,6.123233995736766e-17,0.9562348265919056,0.29260033563334836,2.6,3.2
2019-03-16,Chandigarh,NR,30.71999697,76.78000565,2.6,2019,3,5,75,1,0,17.5,64,2.7,6.1,3.1,5.057142857142857,1.6840993071046853,4.783333333333333,-0.9749279121818236,-0.2225209339563146,1.0,6.123233995736766e-17,0.9611297838723007,0.27609697309746883,2.6,3.4
2019-03-17,Chandigarh,NR,30.71999697,76.78000565,2.6,2019,3,6,76,1,0,18.5,71,2.6,6.5,3.8,4.5,1.7701224063135694,4.743333333333333,-0.7818314824680299,0.6234898018587334,1.0,6.123233995736766e-17,0.9657399376548549,0.2595117970697999,2.8,3.5
2019-03-18,Chandigarh,NR,30.71999697,76.78000565,2.8,2019,3,0,77,0,0,18.8,65,2.6,6.0,3.8,4.042857142857143,1.7309507434327782,4.71,0.0,1.0,1.0,6.123233995736766e-17,0.9700639218515071,0.2428497220959356,3.0,3.5
2019-03-19,Chandigarh,NR,30.71999697,76.78000565,3.0,2019,3,1,78,0,0,19.9,59,2.8,6.1,4.0,3.6,1.4977761292440699,4.676666666666667,0.7818314824680298,0.6234898018587336,1.0,6.123233995736766e-17,0.9741004551724205,0.22611568550828828,3.1,3.5
2019-03-20,Chandigarh,NR,30.71999697,76.78000565,3.1,2019,3,2,79,0,0,20.7,48,3.0,6.2,3.9,3.1571428571428575,0.9641181512262015,4.65,0.9749279121818236,-0.22252093395631434,1.0,6.123233995736766e-17,0.9778483415056568,0.20931464596304847,3.2,3.3
2019-03-21,Chandigarh,NR,30.71999697,76.78000565,3.2,2019,3,3,80,0,1,20.6,48,3.1,5.3,3.9,2.857142857142857,0.24397501823717854,4.626666666666666,0.43388373911755823,-0.900968867902419,1.0,6.123233995736766e-17,0.9813064702716093,0.19245158197082998,3.2,3.1
2019-03-22,Chandigarh,NR,30.71999697,76.78000565,3.2,2019,3,4,81,0,0,20.1,48,3.2,2.7,3.6,2.9285714285714284,0.26276913640616256,4.613333333333333,-0.433883739117558,-0.9009688679024191,1.0,6.123233995736766e-17,0.9844738167520922,0.1755314904214282,3.4,3.1
2019-03-23,Chandigarh,NR,30.71999697,76.78000565,3.4,2019,3,5,82,1,0,20.6,48,3.2,2.6,3.3,3.0428571428571423,0.2699206232527688,4.616666666666666,-0.9749279121818236,-0.2225209339563146,1.0,6.123233995736766e-17,0.9873494423939864,0.15855938510313475,3.5,3.1
2019-03-24,Chandigarh,NR,30.71999697,76.78000565,3.5,2019,3,6,83,1,0,21.3,51,3.4,2.6,5.2,3.1714285714285717,0.23603873774087325,4.5600000000000005,-0.7818314824680299,0.6234898018587334,1.0,6.123233995736766e-17,0.989932495087353,0.141540295217043,3.5,3.2
2019-03-25,Chandigarh,NR,30.71999697,76.78000565,3.5,2019,3,0,84,0,0,19.8,59,3.5,2.8,5.4,3.2714285714285714,0.1976047040119163,4.496666666666667,0.0,1.0,1.0,6.123233995736766e-17,0.9922222094179323,0.12447926388678915,3.5,3.2
2019-03-26,Chandigarh,NR,30.71999697,76.78000565,3.5,2019,3,1,85,0,0,20.3,59,3.5,3.0,5.6,3.3428571428571425,0.17182493859689515,4.426666666666667,0.7818314824680298,0.6234898018587336,1.0,6.123233995736766e-17,0.994217906893952,0.10738134666416309,3.3,3.4
2019-03-27,Chandigarh,NR,30.71999697,76.78000565,3.3,2019,3,2,86,0,0,22.4,56,3.5,3.1,6.0,3.371428571428571,0.13801311186853235,4.336666666666667,0.9749279121818236,-0.22252093395631434,1.0,6.123233995736766e-17,0.995918996147179,0.09025161003104117,3.1,3.4
2019-03-28,Chandigarh,NR,30.71999697,76.78000565,3.1,2019,3,3,87,0,0,23.8,55,3.3,3.2,6.2,3.357142857142857,0.16183471874259034,4.233333333333333,0.43388373911755823,-0.900968867902419,1.0,6.123233995736766e-17,0.9973249731081555,0.07309512989807777,3.1,3.0
2019-03-29,Chandigarh,NR,30.71999697,76.78000565,3.1,2019,3,4,88,0,0,24.6,57,3.1,3.2,6.4,3.3428571428571425,0.18126539343504083,4.123333333333333,-0.433883739117558,-0.9009688679024191,1.0,6.123233995736766e-17,0.9984354211555643,0.055916990100603484,3.1,3.3
2019-03-30,Chandigarh,NR,30.71999697,76.78000565,3.1,2019,3,5,89,1,0,24.4,49,3.1,3.4,6.0,3.3000000000000003,0.20000000000004436,4.026666666666667,-0.9749279121818236,-0.2225209339563146,1.0,6.123233995736766e-17,0.9992500112396835,0.03872228089217446,3.2,3.3
2019-03-31,Chandigarh,NR,30.71999697,76.78000565,3.2,2019,3,6,90,1,0,24.0,40,3.1,3.5,4.6,3.257142857142857,0.18126539343504336,3.9799999999999995,-0.7818314824680299,0.6234898018587334,1.0,6.123233995736766e-17,0.9997685019798909,0.021516097436222254,3.2,3.5
2019-04-02,Chandigarh,NR,30.71999697,76.78000565,3.2,2019,4,1,92,0,0,23.8,45,3.2,3.5,4.4,3.2142857142857144,0.1463850109423436,3.94,0.7818314824680298,0.6234898018587336,0.8660254037844387,-0.4999999999999998,0.9999166586547379,-0.01291029607500882,3.4,3.5
2019-04-03,Chandigarh,NR,30.71999697,76.78000565,3.4,2019,4,2,93,0,0,25.4,41,3.2,3.5,4.3,3.1999999999999997,0.11547005383800638,3.9100000000000006,0.9749279121818236,-0.22252093395631434,0.8660254037844387,-0.4999999999999998,0.9995462806873573,-0.030120304846908114,3.4,3.4
2019-04-04,Chandigarh,NR,30.71999697,76.78000565,3.4,2019,4,3,94,0,0,25.7,47,3.4,3.3,4.1,3.2142857142857144,0.1345185418269791,3.8866666666666663,0.43388373911755823,-0.900968867902419,0.8660254037844387,-0.4999999999999998,0.9988797155850336,-0.04732138832243185,3.0,3.4
2019-04-05,Chandigarh,NR,30.71999697,76.78000565,3.0,2019,4,4,95,0,0,26.3,49,3.4,3.1,4.4,3.1999999999999997,0.15275252316525612,3.8399999999999994,-0.433883739117558,-0.9009688679024191,0.8660254037844387,-0.4999999999999998,0.9979171608653922,-0.06450844944931623,3.3,2.9
2019-04-06,Chandigarh,NR,30.71999697,76.78000565,3.3,2019,4,5,96,1,0,26.5,45,3.0,3.1,4.0,3.228571428571428,0.14960264830868092,3.816666666666667,-0.9749279121818236,-0.2225209339563146,0.8660254037844387,-0.4999999999999998,0.9966589017541702,-0.08167639533042241,3.3,6.2
2019-04-07,Chandigarh,NR,30.71999697,76.78000565,3.3,2019,4,6,97,1,0,26.1,46,3.3,3.1,3.7,3.257142857142857,0.13972762620121956,3.8033333333333337,-0.7818314824680299,0.6234898018587334,0.8660254037844387,-0.4999999999999998,0.9951053111006976,-0.09882013873287143,3.5,6.2
2019-04-08,Chandigarh,NR,30.71999697,76.78000565,3.5,2019,4,0,98,0,0,24.9,53,3.3,3.2,5.4,3.3000000000000003,0.16329931618559984,3.74,0.0,1.0,0.8660254037844387,-0.4999999999999998,0.9932568492674143,-0.11593459959550041,3.5,6.5
2019-04-09,Chandigarh,NR,30.71999697,76.78000565,3.5,2019,4,1,99,0,0,25.3,46,3.5,3.2,6.1,3.3428571428571425,0.1718249385968958,3.6533333333333338,0.7818314824680298,0.6234898018587336,0.8660254037844387,-0.4999999999999998,0.9911140639934547,-0.1330147065341959,3.4,6.4
2019-04-10,Chandigarh,NR,30.71999697,76.78000565,3.4,2019,4,2,100,0,0,28.1,39,3.5,3.4,6.5,3.3428571428571425,0.1718249385968958,3.55,0.9749279121818236,-0.22252093395631434,0.8660254037844387,-0.4999999999999998,0.9886775902323405,-0.1500553983446526,3.4,6.7
2019-04-11,Chandigarh,NR,30.71999697,76.78000565,3.4,2019,4,3,101,0,0,28.7,33,3.4,3.4,6.0,3.342857142857143,0.1718249385968958,3.4633333333333334,0.43388373911755823,-0.900968867902419,0.8660254037844387,-0.4999999999999998,0.9859481499638304,-0.16705162550211924,2.9,6.7
2019-04-12,Chandigarh,NR,30.71999697,76.78000565,2.9,2019,4,4,102,0,0,27.6,38,3.4,3.0,6.1,3.3285714285714287,0.2058663459163979,3.3566666666666665,-0.433883739117558,-0.9009688679024191,0.8660254037844387,-0.4999999999999998,0.9829265519799822,-0.18399835165768005,6.2,6.1
2019-04-13,Chandigarh,NR,30.71999697,76.78000565,6.2,2019,4,5,103,1,1,27.4,42,2.9,3.3,6.2,3.742857142857143,1.1028102630056045,3.356666666666667,-0.9749279121818236,-0.2225209339563146,0.8660254037844387,-0.4999999999999998,0.9796136916454901,-0.20089055513063506,6.2,3.4
2019-04-14,Chandigarh,NR,30.71999697,76.78000565,6.2,2019,4,6,104,1,1,28.1,38,6.2,3.3,5.3,4.1571428571428575,1.410504806629109,3.3866666666666663,-0.7818314824680299,0.6234898018587334,0.8660254037844387,-0.4999999999999998,0.9760105506323683,-0.21772323039653177,6.5,3.4
2019-04-15,Chandigarh,NR,30.71999697,76.78000565,6.5,2019,4,0,105,0,0,29.5,36,6.2,3.5,2.7,4.585714285714286,1.6180529157278032,3.5133333333333336,0.0,1.0,0.8660254037844387,-0.4999999999999998,0.9721181966290613,-0.23449138957040985,6.4,3.5
2019-04-16,Chandigarh,NR,30.71999697,76.78000565,6.4,2019,4,1,106,0,0,25.2,50,6.5,3.5,2.6,5.0,1.664331697709325,3.64,0.7818314824680298,0.6234898018587336,0.8660254037844387,-0.4999999999999998,0.9679377830240642,-0.25119006388481935,6.7,3.5
2019-04-17,Chandigarh,NR,30.71999697,76.78000565,6.7,2019,4,2,107,0,1,19.9,81,6.4,3.4,2.6,5.471428571428572,1.6017847189039747,3.776666666666667,0.9749279121818236,-0.22252093395631434,0.8660254037844387,-0.4999999999999998,0.9634705485641488,-0.2678143051621742,6.7,3.5
2019-04-18,Chandigarh,NR,30.71999697,76.78000565,6.7,2019,4,3,108,0,0,20.9,66,6.7,3.4,2.8,5.942857142857143,1.357518744937667,3.9066666666666663,0.43388373911755823,-0.900968867902419,0.8660254037844387,-0.4999999999999998,0.9587178169872964,-0.2843591872810034,6.1,3.5
2019-04-19,Chandigarh,NR,30.71999697,76.78000565,6.1,2019,4,4,109,0,1,22.6,57,6.7,2.9,3.0,6.4,0.24494897427830095,4.01,-0.433883739117558,-0.9009688679024191,0.8660254037844387,-0.4999999999999998,0.9536809966304457,-0.30081980763566735,3.4,3.4
2019-04-20,Chandigarh,NR,30.71999697,76.78000565,3.4,2019,4,5,110,1,0,24.8,54,6.1,6.2,3.1,6.0,1.1690451944500102,4.02,-0.9749279121818236,-0.2225209339563146,0.8660254037844387,-0.4999999999999998,0.9483615800121715,-0.3171912885891061,3.4,4.4
2019-04-21,Chandigarh,NR,30.71999697,76.78000565,3.4,2019,4,6,111,1,0,25.5,52,3.4,6.2,3.2,5.6,1.5165750888103096,4.026666666666666,-0.7818314824680299,0.6234898018587334,0.8660254037844387,-0.4999999999999998,0.9427611433904207,-0.3334687789181868,3.5,4.5
2019-04-22,Chandigarh,NR,30.71999697,76.78000565,3.5,2019,4,0,112,0,0,27.2,44,3.4,6.5,3.2,5.171428571428571,1.638814902822856,4.036666666666666,0.0,1.0,0.8660254037844387,-0.4999999999999998,0.9368813462954315,-0.3496474552512284,3.5,4.5
2019-04-23,Chandigarh,NR,30.71999697,76.78000565,3.5,2019,4,1,113,0,0,29.3,41,3.5,6.4,3.4,4.757142857142857,1.6430227659785528,4.04,0.7818314824680298,0.6234898018587336,0.8660254037844387,-0.4999999999999998,0.9307239310379795,-0.36572252349726897,3.5,4.9
2019-04-24,Chandigarh,NR,30.71999697,76.78000565,3.5,2019,4,2,114,0,0,29.7,41,3.5,6.7,3.5,4.3,1.445683229480099,4.04,0.9749279121818236,-0.22252093395631434,0.8660254037844387,-0.4999999999999998,0.9242907221930933,-0.3816892202666588,3.5,4.9
2019-04-25,Chandigarh,NR,30.71999697,76.78000565,3.5,2019,4,3,115,0,0,30.1,36,3.5,6.7,3.5,3.8428571428571425,0.9964221709983948,4.04,0.43388373911755823,-0.900968867902419,0.8660254037844387,-0.4999999999999998,0.9175836260593937,-0.39754281428255595,3.4,4.7
2019-04-26,Chandigarh,NR,30.71999697,76.78000565,3.4,2019,4,4,116,0,0,30.1,31,3.5,6.1,3.5,3.457142857142857,0.05345224838262313,4.036666666666667,-0.433883739117558,-0.9009688679024191,0.8660254037844387,-0.4999999999999998,0.9106046300942162,-0.4132786077829042,4.4,4.4
2019-04-27,Chandigarh,NR,30.71999697,76.78000565,4.4,2019,4,5,117,1,0,31.0,24,3.4,3.4,3.3,3.6000000000000005,0.35590260840106314,4.073333333333333,-0.9749279121818236,-0.2225209339563146,0.8660254037844387,-0.4999999999999998,0.9033558023246845,-0.4288919379124835,4.5,5.0
2019-04-28,Chandigarh,NR,30.71999697,76.78000565,4.5,2019,4,6,118,1,0,31.2,20,4.4,3.4,3.1,3.7571428571428567,0.4755948656056841,4.12,-0.7818314824680299,0.6234898018587334,0.8660254037844387,-0.4999999999999998,0.895839290734909,-0.4443781781046132,4.5,5.3
2019-04-29,Chandigarh,NR,30.71999697,76.78000565,4.5,2019,4,0,119,0,0,31.7,18,4.5,3.5,3.1,3.8999999999999995,0.5322906474223877,4.166666666666667,0.0,1.0,0.8660254037844387,-0.4999999999999998,0.8880573226294932,-0.45973273945210397,4.9,5.3
2019-04-30,Chandigarh,NR,30.71999697,76.78000565,4.9,2019,4,1,120,0,0,31.7,21,4.5,3.5,3.1,4.1,0.6137317546507404,4.226666666666667,0.7818314824680298,0.6234898018587336,0.8660254037844387,-0.4999999999999998,0.8800122039735357,-0.47495107206704995,4.9,5.2
2019-05-02,Chandigarh,NR,30.71999697,76.78000565,4.9,2019,5,3,122,0,0,30.2,27,4.9,3.5,3.2,4.3,0.6137317546507393,4.283333333333333,0.43388373911755823,-0.900968867902419,0.49999999999999994,-0.8660254037844387,0.8631421280499114,-0.5049610547215204,4.7,4.7
2019-05-03,Chandigarh,NR,30.71999697,76.78000565,4.7,2019,5,4,123,0,0,29.6,26,4.9,3.5,3.2,4.4714285714285715,0.5122313465427116,4.333333333333333,-0.433883739117558,-0.9009688679024191,0.49999999999999994,-0.8660254037844387,0.854322169749827,-0.5197438121555155,4.4,4.3
2019-05-04,Chandigarh,NR,30.71999697,76.78000565,4.4,2019,5,5,124,1,0,29.1,22,4.7,3.4,3.4,4.614285714285715,0.21930626551752685,4.366666666666666,-0.9749279121818236,-0.2225209339563146,0.49999999999999994,-0.8660254037844387,0.8452490573530633,-0.5343725582809786,5.0,3.4
2019-05-05,Chandigarh,NR,30.71999697,76.78000565,5.0,2019,5,6,125,1,0,29.7,21,4.4,4.4,3.4,4.700000000000001,0.23804761428477264,4.42,-0.7818314824680299,0.6234898018587334,0.49999999999999994,-0.8660254037844387,0.8359254794186372,-0.548842958284719,5.3,6.3
2019-05-06,Chandigarh,NR,30.71999697,76.78000565,5.3,2019,5,0,126,0,0,30.6,19,5.0,4.5,3.0,4.814285714285715,0.30783421635989217,4.496666666666667,0.0,1.0,0.49999999999999994,-0.8660254037844387,0.8263541987239096,-0.5631507242749186,5.3,6.7
2019-05-07,Chandigarh,NR,30.71999697,76.78000565,5.3,2019,5,1,127,0,0,31.8,16,5.3,4.5,3.3,4.928571428571429,0.3199702367110969,4.5633333333333335,0.7818314824680298,0.6234898018587336,0.49999999999999994,-0.8660254037844387,0.8165380514459161,-0.5772916165517272,5.2,6.4
2019-05-08,Chandigarh,NR,30.71999697,76.78000565,5.2,2019,5,2,128,0,0,32.5,16,5.3,4.9,3.3,4.971428571428571,0.33523268393901423,4.626666666666667,0.9749279121818236,-0.22252093395631434,0.49999999999999994,-0.8660254037844387,0.8064799463209448,-0.5912614448635781,4.7,6.0
2019-05-09,Chandigarh,NR,30.71999697,76.78000565,4.7,2019,5,3,129,0,0,33.6,16,5.2,4.9,3.5,4.942857142857143,0.35050983275386977,4.666666666666667,0.43388373911755823,-0.900968867902419,0.49999999999999994,-0.8660254037844387,0.7961828637826158,-0.6050560696488488,4.3,5.5
2019-05-10,Chandigarh,NR,30.71999697,76.78000565,4.3,2019,5,4,130,0,0,32.5,21,4.7,4.7,3.5,4.885714285714286,0.42201331506866174,4.693333333333333,-0.433883739117558,-0.9009688679024191,0.49999999999999994,-0.8660254037844387,0.7856498550787147,-0.6186714032625031,3.4,4.9
2019-05-11,Chandigarh,NR,30.71999697,76.78000565,3.4,2019,5,5,131,1,0,30.5,30,4.3,4.4,3.4,4.742857142857143,0.6948792289723069,4.693333333333333,-0.9749279121818236,-0.2225209339563146,0.49999999999999994,-0.8660254037844387,0.7748840413670407,-0.6321034111873487,6.3,4.9
2019-05-12,Chandigarh,NR,30.71999697,76.78000565,6.3,2019,5,6,132,1,0,29.7,33,3.4,5.0,3.4,4.928571428571429,0.9141741003300677,4.79,-0.7818314824680299,0.6234898018587334,0.49999999999999994,-0.8660254037844387,0.7638886127905428,-0.6453481132295501,6.7,4.1
2019-05-13,Chandigarh,NR,30.71999697,76.78000565,6.7,2019,5,0,133,0,0,30.5,32,6.3,5.3,2.9,5.128571428571428,1.1353623294119022,4.916666666666667,0.0,1.0,0.49999999999999994,-0.8660254037844387,0.7526668275320085,-0.6584015846980488,6.4,4.4
2019-05-14,Chandigarh,NR,30.71999697,76.78000565,6.4,2019,5,1,134,0,0,27.5,46,6.7,5.3,6.2,5.285714285714286,1.234812497815723,4.923333333333334,0.7818314824680298,0.6234898018587336,0.49999999999999994,-0.8660254037844387,0.7412220108485958,-0.6712599575675313,6.0,4.6
2019-05-15,Chandigarh,NR,30.71999697,76.78000565,6.0,2019,5,2,135,0,0,28.0,46,6.4,5.2,6.2,5.3999999999999995,1.2622730819174326,4.916666666666667,0.9749279121818236,-0.22252093395631434,0.49999999999999994,-0.8660254037844387,0.7295575540864875,-0.6839194216246106,5.5,4.8
2019-05-16,Chandigarh,NR,30.71999697,76.78000565,5.5,2019,5,3,136,0,0,27.6,49,6.0,4.7,6.5,5.514285714285713,1.2239670085812109,4.883333333333334,0.43388373911755823,-0.900968867902419,0.49999999999999994,-0.8660254037844387,0.717676913675962,-0.6963762255968722,4.9,4.8
2019-05-17,Chandigarh,NR,30.71999697,76.78000565,4.9,2019,5,4,137,0,0,26.4,54,5.5,4.3,6.4,5.6000000000000005,1.143095213298816,4.833333333333333,-0.433883739117558,-0.9009688679024191,0.49999999999999994,-0.8660254037844387,0.705583610107178,-0.7086266782644596,4.9,4.5
2019-05-18,Chandigarh,NR,30.71999697,76.78000565,4.9,2019,5,5,138,1,1,27.2,49,4.9,3.4,6.7,5.814285714285715,0.7267016155859539,4.7733333333333325,-0.9749279121818236,-0.2225209339563146,0.49999999999999994,-0.8660254037844387,0.6932812268869777,-0.7206671495538609,4.1,4.1
2019-05-19,Chandigarh,NR,30.71999697,76.78000565,4.1,2019,5,6,139,1,0,29.1,42,4.9,6.3,6.7,5.500000000000001,0.9291573243177567,4.6866666666666665,-0.7818314824680299,0.6234898018587334,0.49999999999999994,-0.8660254037844387,0.6807734094770161,-0.7324940716135789,4.4,2.4
2019-05-20,Chandigarh,NR,30.71999697,76.78000565,4.4,2019,5,0,140,0,0,31.0,32,4.1,6.7,6.1,5.171428571428572,0.836090676330995,4.63,0.0,1.0,0.49999999999999994,-0.8660254037844387,0.6680638642135335,-0.7441039398713607,4.6,2.4
2019-05-21,Chandigarh,NR,30.71999697,76.78000565,4.6,2019,5,1,141,0,0,32.2,26,4.4,6.4,3.4,4.914285714285714,0.6517376042257406,4.67,0.7818314824680298,0.6234898018587336,0.49999999999999994,-0.8660254037844387,0.6551563572090853,-0.7554933140726803,4.8,2.3
2019-05-22,Chandigarh,NR,30.71999697,76.78000565,4.8,2019,5,2,142,0,0,32.5,26,4.6,6.0,3.4,4.742857142857143,0.44293394111366163,4.716666666666667,0.9749279121818236,-0.22252093395631434,0.49999999999999994,-0.8660254037844387,0.6420547132365637,-0.766658819300159,4.8,2.3
2019-05-23,Chandigarh,NR,30.71999697,76.78000565,4.8,2019,5,3,143,0,0,31.5,32,4.8,5.5,3.5,4.642857142857143,0.2992052966172467,4.760000000000001,0.43388373911755823,-0.900968867902419,0.49999999999999994,-0.8660254037844387,0.6287628145958344,-0.7775971469736269,4.5,2.3
2019-05-24,Chandigarh,NR,30.71999697,76.78000565,4.5,2019,5,4,144,0,0,28.5,46,4.8,4.9,3.5,4.585714285714286,0.27945525240231844,4.793333333333334,-0.433883739117558,-0.9009688679024191,0.49999999999999994,-0.8660254037844387,0.6152845999633276,-0.7883050558305255,4.1,2.4
2019-05-25,Chandigarh,NR,30.71999697,76.78000565,4.1,2019,5,5,145,1,0,28.8,44,4.5,4.9,3.5,4.471428571428571,0.2927700218845702,4.8133333333333335,-0.9749279121818236,-0.2225209339563146,0.49999999999999994,-0.8660254037844387,0.6016240632249226,-0.7987793728863649,2.4,2.2
2019-05-26,Chandigarh,NR,30.71999697,76.78000565,2.4,2019,5,6,146,1,0,30.1,37,4.1,4.1,3.5,4.228571428571429,0.8420496535523462,4.776666666666667,-0.7818314824680299,0.6234898018587334,0.49999999999999994,-0.8660254037844387,0.5877852522924732,-0.8090169943749473,2.4,3.7
2019-05-27,Chandigarh,NR,30.71999697,76.78000565,2.4,2019,5,0,147,0,0,31.7,24,2.4,4.4,3.4,3.9428571428571426,1.079902993879767,4.743333333333333,0.0,1.0,0.49999999999999994,-0.8660254037844387,0.5737722679043246,-0.8190148866680801,2.3,3.4
2019-05-28,Chandigarh,NR,30.71999697,76.78000565,2.3,2019,5,1,148,0,0,32.5,20,2.4,4.6,4.4,3.6142857142857143,1.190838040245292,4.673333333333333,0.7818314824680298,0.6234898018587336,0.49999999999999994,-0.8660254037844387,0.5595892624101765,-0.8287700871745038,2.3,3.7
2019-05-29,Chandigarh,NR,30.71999697,76.78000565,2.3,2019,5,2,149,0,0,33.5,21,2.3,4.8,4.5,3.2571428571428567,1.1501552690211674,4.6,0.9749279121818236,-0.22252093395631434,0.49999999999999994,-0.8660254037844387,0.545240438540651,-0.8382797052177744,2.3,3.7
2019-05-30,Chandigarh,NR,30.71999697,76.78000565,2.3,2019,5,3,150,0,0,35.3,17,2.3,4.8,4.5,2.8999999999999995,0.9643650760993022,4.526666666666666,0.43388373911755823,-0.900968867902419,0.49999999999999994,-0.8660254037844387,0.5307300481619334,-0.8475409228928311,2.4,3.7
2019-05-31,Chandigarh,NR,30.71999697,76.78000565,2.4,2019,5,4,151,0,0,34.9,20,2.3,4.5,4.9,2.6,0.6633249580710906,4.443333333333333,-0.433883739117558,-0.9009688679024191,0.49999999999999994,-0.8660254037844387,0.5160623910158528,-0.8565509959010036,2.2,3.4
2019-06-02,Chandigarh,NR,30.71999697,76.78000565,2.2,2019,6,6,153,1,0,33.8,34,2.4,4.1,4.9,2.3285714285714287,0.0755928946019485,4.3533333333333335,-0.7818314824680299,0.6234898018587334,1.2246467991473532e-16,-1.0,0.48627270710868997,-0.8738071036110808,3.7,2.9
2019-06-03,Chandigarh,NR,30.71999697,76.78000565,3.7,2019,6,0,154,0,0,33.5,39,2.2,2.4,4.7,2.5142857142857147,0.527347359996476,4.319999999999999,0.0,1.0,1.2246467991473532e-16,-1.0,0.4711595076738638,-0.8820480249558537,3.4,3.7
2019-06-04,Chandigarh,NR,30.71999697,76.78000565,3.4,2019,6,1,155,0,0,32.6,42,3.7,2.4,4.4,2.6571428571428575,0.6187545093630888,4.286666666666666,0.7818314824680298,0.6234898018587336,1.2246467991473532e-16,-1.0,0.4559066935084588,-0.8900275764346767,3.7,3.8
2019-06-05,Chandigarh,NR,30.71999697,76.78000565,3.7,2019,6,2,156,0,1,34.7,28,3.4,2.3,5.0,2.857142857142857,0.7044078904942004,4.243333333333333,0.9749279121818236,-0.22252093395631434,1.2246467991473532e-16,-1.0,0.440518784350495,-0.8977433935342337,3.7,3.8
2019-06-06,Chandigarh,NR,30.71999697,76.78000565,3.7,2019,6,3,157,0,0,34.7,23,3.7,2.3,5.3,3.0571428571428574,0.7184639700016199,4.19,0.43388373911755823,-0.900968867902419,1.2246467991473532e-16,-1.0,0.42500033996955416,-0.9051931898913974,3.7,3.8
2019-06-07,Chandigarh,NR,30.71999697,76.78000565,3.7,2019,6,4,158,0,0,32.0,32,3.7,2.3,5.3,3.257142857142857,0.665475125648701,4.136666666666667,-0.433883739117558,-0.9009688679024191,1.2246467991473532e-16,-1.0,0.4093559588156213,-0.9123747579707273,3.4,3.8
2019-06-08,Chandigarh,NR,30.71999697,76.78000565,3.4,2019,6,5,159,1,0,33.1,27,3.7,2.4,5.2,3.4,0.5477225575051761,4.076666666666666,-0.9749279121818236,-0.2225209339563146,1.2246467991473532e-16,-1.0,0.39359027665646673,-0.9192859697186104,2.9,3.3
2019-06-09,Chandigarh,NR,30.71999697,76.78000565,2.9,2019,6,6,160,1,0,34.4,24,3.4,2.2,4.7,3.5,0.30000000000001775,4.016666666666667,-0.7818314824680299,0.6234898018587334,1.2246467991473532e-16,-1.0,0.3777079652039649,-0.9259247771938498,3.7,3.3
2019-06-10,Chandigarh,NR,30.71999697,76.78000565,3.7,2019,6,0,161,0,0,35.1,25,2.9,3.7,4.3,3.5,0.30000000000001775,3.996666666666667,0.0,1.0,1.2246467991473532e-16,-1.0,0.36171373072976765,-0.9322892131745133,3.8,5.1
2019-06-11,Chandigarh,NR,30.71999697,76.78000565,3.8,2019,6,1,162,0,0,35.0,25,3.7,3.4,3.4,3.5571428571428574,0.31547394428671904,4.01,0.7818314824680298,0.6234898018587336,1.2246467991473532e-16,-1.0,0.3456123126707335,-0.9383773917408641,3.8,5.3
2019-06-12,Chandigarh,NR,30.71999697,76.78000565,3.8,2019,6,2,163,0,0,34.5,30,3.8,3.7,6.3,3.5714285714285716,0.3251373336211884,3.9266666666666667,0.9749279121818236,-0.22252093395631434,1.2246467991473532e-16,-1.0,0.3294084822245304,-0.9441875088341993,3.8,5.5
2019-06-13,Chandigarh,NR,30.71999697,76.78000565,3.8,2019,6,3,164,0,0,34.1,33,3.8,3.7,6.7,3.585714285714286,0.33380918415852734,3.8299999999999996,0.43388373911755823,-0.900968867902419,1.2246467991473532e-16,-1.0,0.3131070409358269,-0.9497178427914316,3.8,5.2
2019-06-14,Chandigarh,NR,30.71999697,76.78000565,3.8,2019,6,4,165,0,0,34.2,26,3.8,3.7,6.4,3.6,0.3415650255320014,3.743333333333333,-0.433883739117558,-0.9009688679024191,1.2246467991473532e-16,-1.0,0.29671281927349075,-0.9549667548552551,3.3,4.9
2019-06-15,Chandigarh,NR,30.71999697,76.78000565,3.3,2019,6,5,166,1,0,35.1,19,3.8,3.4,6.0,3.5857142857142854,0.3532165125838753,3.6533333333333333,-0.9749279121818236,-0.2225209339563146,1.2246467991473532e-16,-1.0,0.28023067519921585,-0.9599326896597447,3.3,4.6
2019-06-16,Chandigarh,NR,30.71999697,76.78000565,3.3,2019,6,6,167,1,0,32.4,37,3.3,2.9,5.5,3.642857142857143,0.23704530408866173,3.58,-0.7818314824680299,0.6234898018587334,1.2246467991473532e-16,-1.0,0.26366549272800704,-0.9646141756912435,5.1,4.3
2019-06-17,Chandigarh,NR,30.71999697,76.78000565,5.1,2019,6,0,168,0,0,31.7,44,3.3,3.7,4.9,3.8428571428571425,0.6023762469230933,3.5866666666666664,0.0,1.0,1.2246467991473532e-16,-1.0,0.24702218048093552,-0.9690098257244062,5.3,4.5
2019-06-18,Chandigarh,NR,30.71999697,76.78000565,5.3,2019,6,1,169,0,0,29.5,49,5.1,3.8,4.9,4.057142857142857,0.8141603913585764,3.6,0.7818314824680298,0.6234898018587336,1.2246467991473532e-16,-1.0,0.23030567023061221,-0.9731183372332619,5.5,4.3
2019-06-19,Chandigarh,NR,30.71999697,76.78000565,5.5,2019,6,2,170,0,0,31.2,44,5.3,3.8,4.1,4.3,0.9643650760992986,3.6466666666666665,0.9749279121818236,-0.22252093395631434,1.2246467991473532e-16,-1.0,0.21352091543979612,-0.9769384927771817,5.2,4.2
2019-06-20,Chandigarh,NR,30.71999697,76.78000565,5.2,2019,6,3,171,0,0,31.1,49,5.5,3.8,4.4,4.499999999999999,0.9882644720249086,3.6733333333333333,0.43388373911755823,-0.900968867902419,1.2246467991473532e-16,-1.0,0.19667288979357647,-0.980469160361632,4.9,4.2
2019-06-21,Chandigarh,NR,30.71999697,76.78000565,4.9,2019,6,4,172,0,0,31.3,46,5.2,3.8,4.6,4.6571428571428575,0.94491118252307,3.683333333333333,-0.433883739117558,-0.9009688679024191,1.2246467991473532e-16,-1.0,0.1797665857255624,-0.9837092937736097,4.6,4.2
2019-06-22,Chandigarh,NR,30.71999697,76.78000565,4.6,2019,6,5,173,1,0,32.9,38,4.9,3.3,4.8,4.8428571428571425,0.7390470053998451,3.6766666666666667,-0.9749279121818236,-0.2225209339563146,1.2246467991473532e-16,-1.0,0.16280701293851715,-0.986657932891657,4.3,4.1
2019-06-23,Chandigarh,NR,30.71999697,76.78000565,4.3,2019,6,6,174,1,0,33.4,47,4.6,3.3,4.8,4.985714285714286,0.418045338165499,3.6599999999999997,-0.7818314824680299,0.6234898018587334,1.2246467991473532e-16,-1.0,0.1457991969198751,-0.9893142039703663,4.5,4.1
2019-06-24,Chandigarh,NR,30.71999697,76.78000565,4.5,2019,6,0,175,0,0,29.8,65,4.3,5.1,4.5,4.8999999999999995,0.4509249752822919,3.6599999999999997,0.0,1.0,1.2246467991473532e-16,-1.0,0.12874817745258132,-0.99167731989929,4.3,4.8
2019-06-25,Chandigarh,NR,30.71999697,76.78000565,4.3,2019,6,1,176,0,0,30.8,59,4.5,5.3,4.1,4.757142857142857,0.4613644360558647,3.666666666666666,0.7818314824680298,0.6234898018587336,1.2246467991473532e-16,-1.0,0.11165900712169512,-0.993746580436178,4.2,5.1
2019-06-26,Chandigarh,NR,30.71999697,76.78000565,4.2,2019,6,2,177,0,0,32.9,43,4.3,5.5,2.4,4.571428571428571,0.3638419332360643,3.7266666666666666,0.9749279121818236,-0.22252093395631434,1.2246467991473532e-16,-1.0,0.09453674981719912,-0.9955213724144752,4.2,5.5
2019-06-27,Chandigarh,NR,30.71999697,76.78000565,4.2,2019,6,3,178,0,0,33.4,38,4.2,5.2,2.4,4.428571428571429,0.2563479777846721,3.7866666666666666,0.43388373911755823,-0.900968867902419,1.2246467991473532e-16,-1.0,0.07738647923346301,-0.9970011699250151,4.2,5.7
2019-06-28,Chandigarh,NR,30.71999697,76.78000565,4.2,2019,6,4,179,0,0,33.7,40,4.2,4.9,2.3,4.328571428571428,0.1603567451474716,3.85,-0.433883739117558,-0.9009688679024191,1.2246467991473532e-16,-1.0,0.06021327736579302,-0.9981855344718586,4.1,5.6
2019-06-29,Chandigarh,NR,30.71999697,76.78000565,4.1,2019,6,5,180,1,0,34.5,39,4.2,4.6,2.3,4.257142857142857,0.1272418020560934,3.9099999999999997,-0.9749279121818236,-0.2225209339563146,1.2246467991473532e-16,-1.0,0.04302223300453059,-0.99907411510223,4.1,5.1
2019-06-30,Chandigarh,NR,30.71999697,76.78000565,4.1,2019,6,6,181,1,0,33.2,44,4.1,4.3,2.3,4.228571428571429,0.13801311186849255,3.97,-0.7818314824680299,0.6234898018587334,1.2246467991473532e-16,-1.0,0.02581844022713308,-0.9996666485105112,4.8,4.3
2019-07-01,Chandigarh,NR,30.71999697,76.78000565,4.8,2019,7,0,182,0,0,33.6,49,4.1,4.5,2.4,4.271428571428571,0.2429971585175943,4.05,0.0,1.0,-0.4999999999999997,-0.8660254037844388,0.008606996888688698,-0.9999629591162655,5.1,2.55
2019-07-02,Chandigarh,NR,30.71999697,76.78000565,5.1,2019,7,1,183,0,0,34.0,44,4.8,4.3,2.2,4.385714285714285,0.39761191895520864,4.1466666666666665,0.7818314824680298,0.6234898018587336,-0.4999999999999997,-0.8660254037844388,-0.008606996888688009,-0.9999629591162655,5.5,2.5
2019-07-03,Chandigarh,NR,30.71999697,76.78000565,5.5,2019,7,2,184,0,0,33.4,55,5.1,4.2,3.7,4.571428571428571,0.5648430038936696,4.206666666666666,0.9749279121818236,-0.22252093395631434,-0.4999999999999997,-0.8660254037844388,-0.02581844022713239,-0.9996666485105112,5.7,2.75
2019-07-04,Chandigarh,NR,30.71999697,76.78000565,5.7,2019,7,3,185,0,0,31.3,65,5.5,4.2,3.4,4.785714285714286,0.6743603671345978,4.283333333333333,0.43388373911755823,-0.900968867902419,-0.4999999999999997,-0.8660254037844388,-0.04302223300453034,-0.99907411510223,5.6,3.05
2019-07-05,Chandigarh,NR,30.71999697,76.78000565,5.6,2019,7,4,186,0,0,30.7,67,5.7,4.2,3.7,4.985714285714286,0.679285338741074,4.346666666666667,-0.433883739117558,-0.9009688679024191,-0.4999999999999997,-0.8660254037844388,-0.060213277365792774,-0.9981855344718586,5.1,3.45
2019-07-06,Chandigarh,NR,30.71999697,76.78000565,5.1,2019,7,5,187,1,0,30.4,70,5.6,4.1,3.7,5.128571428571428,0.5559205150447525,4.393333333333333,-0.9749279121818236,-0.2225209339563146,-0.4999999999999997,-0.8660254037844388,-0.07738647923346322,-0.9970011699250151,4.3,3.4
2019-07-07,Chandigarh,NR,30.71999697,76.78000565,4.3,2019,7,6,188,1,0,30.9,66,5.1,4.1,3.7,5.157142857142857,0.49617585208319015,4.413333333333333,-0.7818314824680299,0.6234898018587334,-0.4999999999999997,-0.8660254037844388,-0.09453674981719933,-0.9955213724144752,2.55,3.4
2019-07-08,Chandigarh,NR,30.71999697,76.78000565,2.55,2019,7,0,189,0,0,30.7,71,4.3,4.8,3.4,4.835714285714286,1.1123227520652041,4.385000000000001,0.0,1.0,-0.4999999999999997,-0.8660254037844388,-0.11165900712169444,-0.9937465804361781,2.5,3.3
2019-07-09,Chandigarh,NR,30.71999697,76.78000565,2.5,2019,7,1,190,0,0,28.4,81,2.55,5.1,2.9,4.464285714285714,1.4049656833633262,4.371666666666667,0.7818314824680298,0.6234898018587336,-0.4999999999999997,-0.8660254037844388,-0.12874817745258066,-0.99167731989929,2.75,2.9
2019-07-10,Chandigarh,NR,30.71999697,76.78000565,2.75,2019,7,2,191,0,0,27.8,84,2.5,5.5,3.7,4.071428571428571,1.45082078575576,4.34,0.9749279121818236,-0.22252093395631434,-0.4999999999999997,-0.8660254037844388,-0.14579919691987442,-0.9893142039703664,3.05,3.0
2019-07-11,Chandigarh,NR,30.71999697,76.78000565,3.05,2019,7,3,192,0,0,29.0,79,2.75,5.7,3.8,3.6928571428571426,1.2921005415693545,4.3149999999999995,0.43388373911755823,-0.900968867902419,-0.4999999999999997,-0.8660254037844388,-0.16280701293851646,-0.9866579328916572,3.45,3.1
2019-07-12,Chandigarh,NR,30.71999697,76.78000565,3.45,2019,7,4,193,0,0,27.9,85,3.05,5.6,3.8,3.385714285714286,0.9813741580535168,4.303333333333333,-0.433883739117558,-0.9009688679024191,-0.4999999999999997,-0.8660254037844388,-0.17976658572556214,-0.9837092937736098,3.4,3.1
2019-07-13,Chandigarh,NR,30.71999697,76.78000565,3.4,2019,7,5,194,1,0,27.8,81,3.45,5.1,3.8,3.142857142857143,0.6360218624574329,4.29,-0.9749279121818236,-0.2225209339563146,-0.4999999999999997,-0.8660254037844388,-0.19667288979357622,-0.9804691603616321,3.4,2.5
2019-07-14,Chandigarh,NR,30.71999697,76.78000565,3.4,2019,7,6,195,1,0,26.0,85,3.4,4.3,3.8,3.014285714285714,0.416047158499191,4.276666666666667,-0.7818314824680299,0.6234898018587334,-0.4999999999999997,-0.8660254037844388,-0.2135209154397959,-0.9769384927771817,3.3,3.0
2019-07-15,Chandigarh,NR,30.71999697,76.78000565,3.3,2019,7,0,196,0,0,26.3,85,3.4,2.55,3.3,3.121428571428571,0.37064936581756697,4.276666666666666,0.0,1.0,-0.4999999999999997,-0.8660254037844388,-0.23030567023061196,-0.973118337233262,2.9,2.9
2019-07-16,Chandigarh,NR,30.71999697,76.78000565,2.9,2019,7,1,197,0,0,24.6,92,3.3,2.5,3.3,3.1785714285714284,0.27817432013211485,4.263333333333333,0.7818314824680298,0.6234898018587336,-0.4999999999999997,-0.8660254037844388,-0.24702218048093527,-0.9690098257244063,3.0,2.7
2019-07-17,Chandigarh,NR,30.71999697,76.78000565,3.0,2019,7,2,198,0,0,25.4,88,2.9,2.75,5.1,3.2142857142857144,0.22493385271063543,4.193333333333333,0.9749279121818236,-0.22252093395631434,-0.4999999999999997,-0.8660254037844388,-0.2636654927280072,-0.9646141756912435,3.1,3.5
2019-07-18,Chandigarh,NR,30.71999697,76.78000565,3.1,2019,7,3,199,0,0,26.6,85,3.0,3.05,5.3,3.2214285714285715,0.21957751641344656,4.12,0.43388373911755823,-0.900968867902419,-0.4999999999999997,-0.8660254037844388,-0.2802306751992161,-0.9599326896597445,3.1,3.2
2019-07-19,Chandigarh,NR,30.71999697,76.78000565,3.1,2019,7,4,200,0,0,27.6,83,3.1,3.45,5.5,3.1714285714285717,0.19760470401190097,4.04,-0.433883739117558,-0.9009688679024191,-0.4999999999999997,-0.8660254037844388,-0.2967128192734901,-0.9549667548552553,2.5,3.4
2019-07-20,Chandigarh,NR,30.71999697,76.78000565,2.5,2019,7,5,201,1,0,28.4,81,3.1,3.4,5.2,3.042857142857143,0.29358214555808554,3.95,-0.9749279121818236,-0.2225209339563146,-0.4999999999999997,-0.8660254037844388,-0.3131070409358267,-0.9497178427914317,3.0,3.4
2019-07-21,Chandigarh,NR,30.71999697,76.78000565,3.0,2019,7,6,202,1,0,28.6,80,2.5,3.4,4.9,2.985714285714286,0.24784787961284738,3.8866666666666663,-0.7818314824680299,0.6234898018587334,-0.4999999999999997,-0.8660254037844388,-0.3294084822245302,-0.9441875088341994,2.9,3.4
2019-07-22,Chandigarh,NR,30.71999697,76.78000565,2.9,2019,7,0,203,0,0,29.4,78,3.0,3.3,4.6,2.9285714285714284,0.20586634591638767,3.83,0.0,1.0,-0.4999999999999997,-0.8660254037844388,-0.3456123126707333,-0.9383773917408642,2.7,3.2
2019-07-23,Chandigarh,NR,30.71999697,76.78000565,2.7,2019,7,1,204,0,0,30.1,77,2.9,2.9,4.3,2.9,0.22360679775000927,3.7766666666666664,0.7818314824680298,0.6234898018587336,-0.4999999999999997,-0.8660254037844388,-0.3617137307297674,-0.9322892131745134,3.5,3.0
2019-07-24,Chandigarh,NR,30.71999697,76.78000565,3.5,2019,7,2,205,0,0,30.5,76,2.7,3.0,4.5,2.9714285714285715,0.3199702367111127,3.743333333333333,0.9749279121818236,-0.22252093395631434,-0.4999999999999997,-0.8660254037844388,-0.37770796520396466,-0.9259247771938499,3.2,6.0
2019-07-25,Chandigarh,NR,30.71999697,76.78000565,3.2,2019,7,3,206,0,0,26.5,85,3.5,3.1,4.3,2.9857142857142853,0.32877840272020775,3.7066666666666666,0.43388373911755823,-0.900968867902419,-0.4999999999999997,-0.8660254037844388,-0.39359027665646645,-0.9192859697186105,3.4,5.5
2019-07-26,Chandigarh,NR,30.71999697,76.78000565,3.4,2019,7,4,207,0,0,26.8,88,3.2,3.1,4.2,3.0285714285714285,0.36384193323607594,3.68,-0.433883739117558,-0.9009688679024191,-0.4999999999999997,-0.8660254037844388,-0.4093559588156211,-0.9123747579707274,3.4,5.7
2019-07-27,Chandigarh,NR,30.71999697,76.78000565,3.4,2019,7,5,208,1,0,26.7,88,3.4,2.5,4.2,3.157142857142857,0.29920529661725825,3.6533333333333333,-0.9749279121818236,-0.2225209339563146,-0.4999999999999997,-0.8660254037844388,-0.42500033996955394,-0.9051931898913975,3.4,5.7
2019-07-28,Chandigarh,NR,30.71999697,76.78000565,3.4,2019,7,6,209,1,0,28.5,80,3.4,3.0,4.2,3.2142857142857144,0.30237157840740103,3.6266666666666665,-0.7818314824680299,0.6234898018587334,-0.4999999999999997,-0.8660254037844388,-0.4405187843504952,-0.8977433935342336,3.2,5.5
2019-07-29,Chandigarh,NR,30.71999697,76.78000565,3.2,2019,7,0,210,0,0,29.2,78,3.4,2.9,4.1,3.257142857142857,0.26992062325275235,3.5966666666666667,0.0,1.0,-0.4999999999999997,-0.8660254037844388,-0.455906693508459,-0.8900275764346766,3.0,5.6
2019-07-30,Chandigarh,NR,30.71999697,76.78000565,3.0,2019,7,1,211,0,0,28.3,80,3.2,2.7,4.1,3.3000000000000003,0.17320508075692012,3.56,0.7818314824680298,0.6234898018587336,-0.4999999999999997,-0.8660254037844388,-0.47115950767386394,-0.8820480249558535,6.0,5.6
2019-07-31,Chandigarh,NR,30.71999697,76.78000565,6.0,2019,7,2,212,0,0,27.1,82,3.0,3.5,4.8,3.6571428571428575,1.0438025721005955,3.6,0.9749279121818236,-0.22252093395631434,-0.4999999999999997,-0.8660254037844388,-0.4862727071086902,-0.8738071036110807,5.5,3.4
2019-08-01,Chandigarh,NR,30.71999697,76.78000565,5.5,2019,8,3,213,0,0,28.1,80,6.0,3.2,5.1,3.9857142857142853,1.2226045578035085,3.6133333333333337,0.43388373911755823,-0.900968867902419,-0.8660254037844385,-0.5000000000000004,-0.5012418134457756,-0.8653072543632061,5.7,3.8
2019-08-02,Chandigarh,NR,30.71999697,76.78000565,5.7,2019,8,4,214,0,0,27.7,84,5.5,3.4,5.5,4.314285714285714,1.342173078044921,3.62,-0.433883739117558,-0.9009688679024191,-0.8660254037844385,-0.5000000000000004,-0.5160623910158526,-0.8565509959010037,5.7,3.9
2019-08-03,Chandigarh,NR,30.71999697,76.78000565,5.7,2019,8,5,215,1,0,27.7,85,5.7,3.4,5.7,4.642857142857143,1.3624208146496004,3.6199999999999997,-0.9749279121818236,-0.2225209339563146,-0.8660254037844385,-0.5000000000000004,-0.5307300481619331,-0.8475409228928312,5.5,4.0
2019-08-04,Chandigarh,NR,30.71999697,76.78000565,5.5,2019,8,6,216,1,0,29.0,80,5.7,3.4,5.6,4.942857142857143,1.2712948030218951,3.6166666666666667,-0.7818314824680299,0.6234898018587334,-0.8660254037844385,-0.5000000000000004,-0.5452404385406507,-0.8382797052177745,5.6,4.2
2019-08-05,Chandigarh,NR,30.71999697,76.78000565,5.6,2019,8,0,217,0,0,28.9,84,5.5,3.2,5.1,5.285714285714286,1.0221359521912465,3.6333333333333333,0.0,1.0,-0.8660254037844385,-0.5000000000000004,-0.5595892624101763,-0.828770087174504,5.6,4.5
2019-08-06,Chandigarh,NR,30.71999697,76.78000565,5.6,2019,8,1,218,0,0,27.5,87,5.6,3.0,4.3,5.6571428571428575,0.17182493859684228,3.6766666666666667,0.7818314824680298,0.6234898018587336,-0.8660254037844385,-0.5000000000000004,-0.5737722679043243,-0.8190148866680802,3.4,4.6
2019-08-08,Chandigarh,NR,30.71999697,76.78000565,3.4,2019,8,3,220,0,0,29.4,79,5.6,6.0,2.55,5.285714285714286,0.8355209381548968,3.705,0.43388373911755823,-0.900968867902419,-0.8660254037844385,-0.5000000000000004,-0.6016240632249227,-0.7987793728863648,3.8,3.5
2019-08-09,Chandigarh,NR,30.71999697,76.78000565,3.8,2019,8,4,221,0,0,28.2,81,3.4,5.5,2.5,5.042857142857143,0.9947481136065608,3.7483333333333335,-0.433883739117558,-0.9009688679024191,-0.8660254037844385,-0.5000000000000004,-0.6152845999633277,-0.7883050558305253,3.9,3.5
2019-08-10,Chandigarh,NR,30.71999697,76.78000565,3.9,2019,8,5,222,1,0,28.6,81,3.8,5.7,2.75,4.785714285714286,1.0286375640113679,3.7866666666666666,-0.9749279121818236,-0.2225209339563146,-0.8660254037844385,-0.5000000000000004,-0.6287628145958345,-0.7775971469736268,4.0,3.7
2019-08-11,Chandigarh,NR,30.71999697,76.78000565,4.0,2019,8,6,223,1,0,29.0,82,3.9,5.7,3.05,4.542857142857143,0.9761440174775167,3.818333333333334,-0.7818314824680299,0.6234898018587334,-0.8660254037844385,-0.5000000000000004,-0.6420547132365636,-0.7666588193001592,4.2,3.6
2019-08-12,Chandigarh,NR,30.71999697,76.78000565,4.2,2019,8,0,224,0,1,28.2,88,4.0,5.5,3.45,4.357142857142857,0.8829064557040083,3.8433333333333333,0.0,1.0,-0.8660254037844385,-0.5000000000000004,-0.655156357209085,-0.7554933140726804,4.5,3.4
2019-08-13,Chandigarh,NR,30.71999697,76.78000565,4.5,2019,8,1,225,0,0,28.3,87,4.2,5.6,3.4,4.2,0.704745817062203,3.88,0.7818314824680298,0.6234898018587336,-0.8660254037844385,-0.5000000000000004,-0.6680638642135333,-0.7441039398713608,4.6,3.3
2019-08-14,Chandigarh,NR,30.71999697,76.78000565,4.6,2019,8,2,226,0,0,28.1,85,4.5,5.6,3.4,4.057142857142857,0.41576092031015766,3.9200000000000004,0.9749279121818236,-0.22252093395631434,-0.8660254037844385,-0.5000000000000004,-0.6807734094770159,-0.7324940716135792,3.5,3.1
2019-08-15,Chandigarh,NR,30.71999697,76.78000565,3.5,2019,8,3,227,0,1,27.6,87,4.6,3.4,3.3,4.071428571428571,0.3903600291794213,3.926666666666667,0.43388373911755823,-0.900968867902419,-0.8660254037844385,-0.5000000000000004,-0.6932812268869771,-0.7206671495538615,3.5,4.2
2019-08-16,Chandigarh,NR,30.71999697,76.78000565,3.5,2019,8,4,228,0,0,28.0,82,3.5,3.8,2.9,4.0285714285714285,0.4386125310350343,3.9466666666666668,-0.433883739117558,-0.9009688679024191,-0.8660254037844385,-0.5000000000000004,-0.7055836101071774,-0.70862667826446,3.7,4.2
2019-08-17,Chandigarh,NR,30.71999697,76.78000565,3.7,2019,8,5,229,1,0,26.5,86,3.5,3.9,3.0,4.0,0.45460605656620257,3.9699999999999998,-0.9749279121818236,-0.2225209339563146,-0.8660254037844385,-0.5000000000000004,-0.7176769136759615,-0.6963762255968726,3.6,4.4
2019-08-18,Chandigarh,NR,30.71999697,76.78000565,3.6,2019,8,6,230,1,0,25.1,90,3.7,4.0,3.1,3.942857142857143,0.4790864322059398,3.986666666666667,-0.7818314824680299,0.6234898018587334,-0.8660254037844385,-0.5000000000000004,-0.7295575540864876,-0.6839194216246105,3.4,4.5
2019-08-19,Chandigarh,NR,30.71999697,76.78000565,3.4,2019,8,0,231,0,0,25.8,87,3.6,4.2,3.1,3.8285714285714287,0.5023753102820243,3.996666666666667,0.0,1.0,-0.8660254037844385,-0.5000000000000004,-0.7412220108485957,-0.6712599575675315,3.3,4.4
2019-08-20,Chandigarh,NR,30.71999697,76.78000565,3.3,2019,8,1,232,0,0,27.9,79,3.4,4.5,2.5,3.6571428571428575,0.43534332373865403,4.023333333333333,0.7818314824680298,0.6234898018587336,-0.8660254037844385,-0.5000000000000004,-0.7526668275320083,-0.6584015846980489,3.1,4.3
2019-08-21,Chandigarh,NR,30.71999697,76.78000565,3.1,2019,8,2,233,0,0,28.1,78,3.3,4.6,3.0,3.4428571428571426,0.19880595947762722,4.026666666666666,0.9749279121818236,-0.22252093395631434,-0.8660254037844385,-0.5000000000000004,-0.7638886127905429,-0.64534811322955,4.2,3.9
2019-08-22,Chandigarh,NR,30.71999697,76.78000565,4.2,2019,8,3,234,0,0,27.5,83,3.1,3.5,2.9,3.5428571428571423,0.3505098327538796,4.07,0.43388373911755823,-0.900968867902419,-0.8660254037844385,-0.5000000000000004,-0.7748840413670406,-0.6321034111873488,4.2,6.0
2019-08-23,Chandigarh,NR,30.71999697,76.78000565,4.2,2019,8,4,235,0,0,28.3,82,4.2,3.5,2.7,3.642857142857143,0.42761798705988974,4.12,-0.433883739117558,-0.9009688679024191,-0.8660254037844385,-0.5000000000000004,-0.7856498550787144,-0.6186714032625032,4.4,5.9
2019-08-24,Chandigarh,NR,30.71999697,76.78000565,4.4,2019,8,5,236,1,1,27.7,87,4.2,3.7,3.5,3.742857142857143,0.5159365040297931,4.15,-0.9749279121818236,-0.2225209339563146,-0.8660254037844385,-0.5000000000000004,-0.7961828637826154,-0.6050560696488494,4.5,5.8
2019-08-25,Chandigarh,NR,30.71999697,76.78000565,4.5,2019,8,6,237,1,0,25.9,92,4.4,3.6,3.2,3.871428571428571,0.5822779568622073,4.193333333333333,-0.7818314824680299,0.6234898018587334,-0.8660254037844385,-0.5000000000000004,-0.8064799463209447,-0.5912614448635782,4.4,5.4
2019-08-26,Chandigarh,NR,30.71999697,76.78000565,4.4,2019,8,0,238,0,0,28.4,78,4.5,3.4,3.4,4.014285714285714,0.5698788509515959,4.226666666666667,0.0,1.0,-0.8660254037844385,-0.5000000000000004,-0.8165380514459157,-0.5772916165517278,4.3,5.2
2019-08-27,Chandigarh,NR,30.71999697,76.78000565,4.3,2019,8,1,239,0,0,29.1,78,4.4,3.3,3.4,4.1571428571428575,0.479086432205938,4.256666666666667,0.7818314824680298,0.6234898018587336,-0.8660254037844385,-0.5000000000000004,-0.8263541987239094,-0.5631507242749187,3.9,5.2
2019-08-28,Chandigarh,NR,30.71999697,76.78000565,3.9,2019,8,2,240,0,0,29.5,77,4.3,3.1,3.4,4.271428571428571,0.1976047040118823,4.2733333333333325,0.9749279121818236,-0.22252093395631434,-0.8660254037844385,-0.5000000000000004,-0.8359254794186365,-0.5488429582847199,6.0,5.2
2019-08-29,Chandigarh,NR,30.71999697,76.78000565,6.0,2019,8,3,241,0,0,28.9,82,3.9,4.2,3.2,4.528571428571429,0.6775305299745702,4.366666666666666,0.43388373911755823,-0.900968867902419,-0.8660254037844385,-0.5000000000000004,-0.8452490573530634,-0.5343725582809785,5.9,3.3
2019-08-30,Chandigarh,NR,30.71999697,76.78000565,5.9,2019,8,4,242,0,0,28.4,85,6.0,4.2,3.0,4.771428571428571,0.828078671210826,4.463333333333334,-0.433883739117558,-0.9009688679024191,-0.8660254037844385,-0.5000000000000004,-0.8543221697498269,-0.5197438121555157,5.8,3.2
2019-08-31,Chandigarh,NR,30.71999697,76.78000565,5.8,2019,8,5,243,1,0,28.8,83,5.9,4.4,6.0,4.971428571428572,0.8901578244226991,4.456666666666666,-0.9749279121818236,-0.2225209339563146,-0.8660254037844385,-0.5000000000000004,-0.8631421280499115,-0.5049610547215202,5.4,3.2
2019-09-01,Chandigarh,NR,30.71999697,76.78000565,5.4,2019,9,6,244,1,0,27.1,88,5.8,4.5,5.5,5.1000000000000005,0.8755950357709129,4.453333333333333,-0.7818314824680299,0.6234898018587334,-1.0,-1.8369701987210297e-16,-0.8717063187093217,-0.4900286664290594,5.2,3.1
2019-09-02,Chandigarh,NR,30.71999697,76.78000565,5.2,2019,9,0,245,0,0,28.3,83,5.4,4.4,5.7,5.214285714285714,0.819407451411427,4.4366666666666665,0.0,1.0,-1.0,-1.8369701987210297e-16,-0.8800122039735356,-0.4749510720670502,5.2,3.1
2019-09-03,Chandigarh,NR,30.71999697,76.78000565,5.2,2019,9,1,246,0,0,28.8,82,5.2,4.3,5.7,5.342857142857143,0.7161404491139574,4.42,0.7818314824680298,0.6234898018587336,-1.0,-1.8369701987210297e-16,-0.888057322629493,-0.4597327394521046,5.2,2.8
2019-09-04,Chandigarh,NR,30.71999697,76.78000565,5.2,2019,9,2,247,0,0,27.9,85,5.2,3.9,5.5,5.528571428571429,0.359231985000801,4.41,0.9749279121818236,-0.22252093395631434,-1.0,-1.8369701987210297e-16,-0.8958392907349089,-0.4443781781046134,3.3,4.4
2019-09-05,Chandigarh,NR,30.71999697,76.78000565,3.3,2019,9,3,248,0,0,27.5,84,5.2,6.0,5.6,5.142857142857144,0.8638231741453076,4.333333333333333,0.43388373911755823,-0.900968867902419,-1.0,-1.8369701987210297e-16,-0.9033558023246842,-0.4288919379124841,3.2,4.3
2019-09-06,Chandigarh,NR,30.71999697,76.78000565,3.2,2019,9,4,249,0,0,28.3,81,3.3,5.9,5.6,4.757142857142857,1.0517559014288798,4.253333333333334,-0.433883739117558,-0.9009688679024191,-1.0,-1.8369701987210297e-16,-0.9106046300942162,-0.41327860778290443,3.2,4.7
2019-09-08,Chandigarh,NR,30.71999697,76.78000565,3.2,2019,9,6,251,1,0,27.8,84,3.2,5.8,3.4,4.385714285714286,1.08078454749096,4.246666666666666,-0.7818314824680299,0.6234898018587334,-1.0,-1.8369701987210297e-16,-0.9242907221930934,-0.3816892202666586,3.1,5.0
2019-09-09,Chandigarh,NR,30.71999697,76.78000565,3.1,2019,9,0,252,0,0,28.2,82,3.2,5.4,3.8,4.057142857142857,1.0706028564273864,4.223333333333334,0.0,1.0,-1.0,-1.8369701987210297e-16,-0.9307239310379793,-0.3657225234972692,3.1,5.3
2019-09-10,Chandigarh,NR,30.71999697,76.78000565,3.1,2019,9,1,253,0,1,28.5,82,3.1,5.2,3.9,3.757142857142857,0.988023520059356,4.196666666666667,0.7818314824680298,0.6234898018587336,-1.0,-1.8369701987210297e-16,-0.9368813462954315,-0.34964745525122826,2.8,5.5
2019-09-11,Chandigarh,NR,30.71999697,76.78000565,2.8,2019,9,2,254,0,0,28.6,83,3.1,5.2,4.0,3.4142857142857146,0.8029706749078144,4.156666666666667,0.9749279121818236,-0.22252093395631434,-1.0,-1.8369701987210297e-16,-0.9427611433904206,-0.33346877891818705,4.4,5.2
2019-09-12,Chandigarh,NR,30.71999697,76.78000565,4.4,2019,9,3,255,0,0,27.9,86,2.8,5.2,4.2,3.3000000000000003,0.509901951359285,4.163333333333333,0.43388373911755823,-0.900968867902419,-1.0,-1.8369701987210297e-16,-0.9483615800121716,-0.31719128858910595,4.3,4.1
2019-09-13,Chandigarh,NR,30.71999697,76.78000565,4.3,2019,9,4,256,0,0,28.3,81,4.4,3.3,4.5,3.442857142857143,0.6347102826149492,4.156666666666667,-0.433883739117558,-0.9009688679024191,-1.0,-1.8369701987210297e-16,-0.9536809966304455,-0.300819807635668,4.7,4.0
2019-09-14,Chandigarh,NR,30.71999697,76.78000565,4.7,2019,9,5,257,1,0,27.3,83,4.3,3.2,4.6,3.657142857142857,0.7764387566686427,4.16,-0.9749279121818236,-0.2225209339563146,-1.0,-1.8369701987210297e-16,-0.9587178169872964,-0.2843591872810036,5.0,3.2
2019-09-15,Chandigarh,NR,30.71999697,76.78000565,5.0,2019,9,6,258,1,0,27.5,81,4.7,3.2,3.5,3.914285714285714,0.8896227129680173,4.21,-0.7818314824680299,0.6234898018587334,-1.0,-1.8369701987210297e-16,-0.9634705485641486,-0.26781430516217486,5.3,3.2
2019-09-16,Chandigarh,NR,30.71999697,76.78000565,5.3,2019,9,0,259,0,0,27.2,82,5.0,3.1,3.5,4.228571428571429,0.9411239481143214,4.27,0.0,1.0,-1.0,-1.8369701987210297e-16,-0.9679377830240642,-0.25119006388481957,5.5,3.2
2019-09-17,Chandigarh,NR,30.71999697,76.78000565,5.5,2019,9,1,260,0,0,27.2,78,5.3,3.1,3.7,4.571428571428571,0.8976158898517153,4.33,0.7818314824680298,0.6234898018587336,-1.0,-1.8369701987210297e-16,-0.9721181966290612,-0.23449138957041052,5.2,3.5
2019-09-18,Chandigarh,NR,30.71999697,76.78000565,5.2,2019,9,2,261,0,0,26.7,80,5.5,2.8,3.6,4.914285714285714,0.4598136268408874,4.383333333333334,0.9749279121818236,-0.22252093395631434,-1.0,-1.8369701987210297e-16,-0.9760105506323682,-0.21772323039653224,4.1,3.3
2019-09-19,Chandigarh,NR,30.71999697,76.78000565,4.1,2019,9,3,262,0,0,26.3,77,5.2,4.4,3.4,4.871428571428572,0.52508502712826,4.406666666666666,0.43388373911755823,-0.900968867902419,-1.0,-1.8369701987210297e-16,-0.9796136916454901,-0.20089055513063528,4.0,3.8
2019-09-20,Chandigarh,NR,30.71999697,76.78000565,4.0,2019,9,4,263,0,0,26.5,78,4.1,4.3,3.3,4.828571428571428,0.5879747322073338,4.430000000000001,-0.433883739117558,-0.9009688679024191,-1.0,-1.8369701987210297e-16,-0.9829265519799822,-0.18399835165767986,3.2,4.3
2019-09-21,Chandigarh,NR,30.71999697,76.78000565,3.2,2019,9,5,264,1,0,26.3,78,4.0,4.7,3.1,4.614285714285714,0.8552359741197589,4.433333333333334,-0.9749279121818236,-0.2225209339563146,-1.0,-1.8369701987210297e-16,-0.9859481499638303,-0.1670516255021195,3.2,3.9
2019-09-22,Chandigarh,NR,30.71999697,76.78000565,3.2,2019,9,6,265,1,0,26.1,78,3.2,5.0,4.2,4.357142857142857,0.9812528434899672,4.4,-0.7818314824680299,0.6234898018587334,-1.0,-1.8369701987210297e-16,-0.9886775902323404,-0.15005539834465262,3.2,4.2
2019-09-23,Chandigarh,NR,30.71999697,76.78000565,3.2,2019,9,0,266,0,0,26.1,77,3.2,5.3,4.2,4.057142857142857,0.9658452996505953,4.366666666666666,0.0,1.0,-1.0,-1.8369701987210297e-16,-0.9911140639934546,-0.13301470653419636,3.5,4.1
2019-09-24,Chandigarh,NR,30.71999697,76.78000565,3.5,2019,9,1,267,0,0,26.9,75,3.2,5.5,4.4,3.7714285714285714,0.7364651739090994,4.336666666666667,0.7818314824680298,0.6234898018587336,-1.0,-1.8369701987210297e-16,-0.9932568492674143,-0.11593459959550066,3.3,3.9
2019-09-25,Chandigarh,NR,30.71999697,76.78000565,3.3,2019,9,2,268,0,0,27.0,77,3.5,5.2,4.5,3.5,0.3915780041490364,4.296666666666667,0.9749279121818236,-0.22252093395631434,-1.0,-1.8369701987210297e-16,-0.9951053111006974,-0.09882013873287211,3.8,3.3
2019-09-26,Chandigarh,NR,30.71999697,76.78000565,3.8,2019,9,3,269,0,0,26.4,78,3.3,4.1,4.4,3.457142857142857,0.325868802112884,4.276666666666667,0.43388373911755823,-0.900968867902419,-1.0,-1.8369701987210297e-16,-0.99665890175417,-0.08167639533042288,4.3,3.7
2019-09-27,Chandigarh,NR,30.71999697,76.78000565,4.3,2019,9,4,270,0,0,25.3,85,3.8,4.0,4.3,3.5,0.41633319989323775,4.276666666666667,-0.433883739117558,-0.9009688679024191,-1.0,-1.8369701987210297e-16,-0.9979171608653922,-0.06450844944931625,3.9,3.8
2019-09-28,Chandigarh,NR,30.71999697,76.78000565,3.9,2019,9,5,271,1,0,24.8,85,4.3,3.2,3.9,3.6,0.4163331998932367,4.276666666666667,-0.9749279121818236,-0.2225209339563146,-1.0,-1.8369701987210297e-16,-0.9988797155850335,-0.04732138832243232,4.2,4.0
2019-09-29,Chandigarh,NR,30.71999697,76.78000565,4.2,2019,9,6,272,1,0,23.8,83,3.9,3.2,6.0,3.7428571428571433,0.42761798705988757,4.216666666666667,-0.7818314824680299,0.6234898018587334,-1.0,-1.8369701987210297e-16,-0.9995462806873573,-0.03012030484690836,4.1,3.8
2019-09-30,Chandigarh,NR,30.71999697,76.78000565,4.1,2019,9,0,273,0,0,23.7,86,4.2,3.2,5.9,3.871428571428571,0.36839419880651214,4.156666666666667,0.0,1.0,-1.0,-1.8369701987210297e-16,-0.9999166586547379,-0.012910296075008843,3.9,3.8
2019-10-01,Chandigarh,NR,30.71999697,76.78000565,3.9,2019,10,1,274,0,0,23.7,85,4.1,3.5,5.8,3.9285714285714284,0.3302235894778337,4.093333333333333,0.7818314824680298,0.6234898018587336,-0.8660254037844386,0.5000000000000001,-0.9999907397361901,0.004303538296243821,3.3,3.6
2019-10-02,Chandigarh,NR,30.71999697,76.78000565,3.3,2019,10,2,275,0,1,24.2,80,3.9,3.3,5.4,3.9285714285714284,0.3302235894778337,4.023333333333333,0.9749279121818236,-0.22252093395631434,-0.8660254037844386,0.5000000000000001,-0.9997685019798909,0.021516097436222233,3.7,3.4
2019-10-03,Chandigarh,NR,30.71999697,76.78000565,3.7,2019,10,3,276,0,0,24.7,80,3.3,3.8,5.2,3.914285714285714,0.33876526498729276,3.9733333333333336,0.43388373911755823,-0.900968867902419,-0.8660254037844386,0.5000000000000001,-0.9992500112396835,0.03872228089217399,3.8,5.1
2019-10-04,Chandigarh,NR,30.71999697,76.78000565,3.8,2019,10,4,277,0,0,23.6,82,3.7,4.3,5.2,3.8428571428571425,0.2935821455580751,3.9266666666666667,-0.433883739117558,-0.9009688679024191,-0.8660254037844386,0.5000000000000001,-0.9984354211555643,0.05591699010060302,4.0,4.8
2019-10-05,Chandigarh,NR,30.71999697,76.78000565,4.0,2019,10,5,278,1,0,23.9,76,3.8,3.9,5.2,3.857142857142857,0.2992052966172491,3.8866666666666663,-0.9749279121818236,-0.2225209339563146,-0.8660254037844386,0.5000000000000001,-0.9973249731081555,0.07309512989807776,3.8,4.8
2019-10-06,Chandigarh,NR,30.71999697,76.78000565,3.8,2019,10,6,279,1,0,23.9,76,4.0,4.2,3.3,3.8,0.25819888974717464,3.9033333333333333,-0.7818314824680299,0.6234898018587334,-0.8660254037844386,0.5000000000000001,-0.9959189961471792,0.0902516100310407,3.8,4.6
2019-10-08,Chandigarh,NR,30.71999697,76.78000565,3.8,2019,10,1,281,0,1,23.3,76,3.8,4.1,3.2,3.7571428571428567,0.22253945610569129,3.923333333333333,0.7818314824680298,0.6234898018587336,-0.8660254037844386,0.5000000000000001,-0.9922222094179324,0.12447926388678869,3.6,4.7
2019-10-09,Chandigarh,NR,30.71999697,76.78000565,3.6,2019,10,2,282,0,0,23.2,75,3.8,3.9,3.2,3.7142857142857144,0.21930626551753113,3.936666666666667,0.9749279121818236,-0.22252093395631434,-0.8660254037844386,0.5000000000000001,-0.989932495087353,0.141540295217043,3.4,4.4
2019-10-10,Chandigarh,NR,30.71999697,76.78000565,3.4,2019,10,3,283,0,0,23.2,70,3.6,3.3,3.1,3.7285714285714286,0.18898223650463378,3.9466666666666663,0.43388373911755823,-0.900968867902419,-0.8660254037844386,0.5000000000000001,-0.9873494423939864,0.15855938510313475,5.1,3.9
2019-10-11,Chandigarh,NR,30.71999697,76.78000565,5.1,2019,10,4,284,0,0,23.3,73,3.4,3.7,3.1,3.9285714285714284,0.549891764241799,4.013333333333334,-0.433883739117558,-0.9009688679024191,-0.8660254037844386,0.5000000000000001,-0.9844738167520923,0.17553149042142777,4.8,4.6
2019-10-12,Chandigarh,NR,30.71999697,76.78000565,4.8,2019,10,5,285,1,0,23.4,73,5.1,3.8,2.8,4.071428571428571,0.6343350474165503,4.08,-0.9749279121818236,-0.2225209339563146,-0.8660254037844386,0.5000000000000001,-0.9813064702716093,0.19245158197082995,4.8,4.7
2019-10-13,Chandigarh,NR,30.71999697,76.78000565,4.8,2019,10,6,286,1,0,23.4,73,4.8,4.0,4.4,4.185714285714285,0.6890296835129155,4.093333333333333,-0.7818314824680299,0.6234898018587334,-0.8660254037844386,0.5000000000000001,-0.9778483415056567,0.20931464596304888,4.6,4.6
2019-10-14,Chandigarh,NR,30.71999697,76.78000565,4.6,2019,10,0,287,0,0,23.9,75,4.8,3.8,4.3,4.3,0.6806859285554065,4.1033333333333335,0.0,1.0,-0.8660254037844386,0.5000000000000001,-0.9741004551724206,0.22611568550828803,4.7,4.7
2019-10-15,Chandigarh,NR,30.71999697,76.78000565,4.7,2019,10,1,288,0,0,23.6,76,4.6,3.8,4.7,4.428571428571428,0.6550172662209911,4.1033333333333335,0.7818314824680298,0.6234898018587336,-0.8660254037844386,0.5000000000000001,-0.970063921851507,0.2428497220959358,4.4,4.6
2019-10-16,Chandigarh,NR,30.71999697,76.78000565,4.4,2019,10,2,289,0,0,23.7,72,4.7,3.6,5.0,4.542857142857143,0.5472876844254859,4.083333333333333,0.9749279121818236,-0.22252093395631434,-0.8660254037844386,0.5000000000000001,-0.965739937654855,0.25951179706979943,3.9,4.3
2019-10-17,Chandigarh,NR,30.71999697,76.78000565,3.9,2019,10,3,290,0,0,23.5,70,4.4,3.4,5.3,4.614285714285714,0.3804758924845369,4.036666666666667,0.43388373911755823,-0.900968867902419,-0.8660254037844386,0.5000000000000001,-0.9611297838723007,0.27609697309746883,4.6,3.9
2019-10-18,Chandigarh,NR,30.71999697,76.78000565,4.6,2019,10,4,291,0,0,22.9,68,3.9,5.1,5.5,4.542857142857143,0.31547394428670367,4.006666666666667,-0.433883739117558,-0.9009688679024191,-0.8660254037844386,0.5000000000000001,-0.9562348265919058,0.2926003356333479,4.7,6.0
2019-10-19,Chandigarh,NR,30.71999697,76.78000565,4.7,2019,10,5,292,1,0,23.0,62,4.6,4.8,5.2,4.5285714285714285,0.303942350423486,3.99,-0.9749279121818236,-0.2225209339563146,-0.8660254037844386,0.5000000000000001,-0.9510565162951536,0.30901699437494723,4.6,6.3
2019-10-20,Chandigarh,NR,30.71999697,76.78000565,4.6,2019,10,6,293,1,0,22.8,59,4.7,4.8,4.1,4.499999999999999,0.2828427124746207,4.006666666666667,-0.7818314824680299,0.6234898018587334,-0.8660254037844386,0.5000000000000001,-0.9455963874271428,0.3253420847119795,4.7,6.0
2019-10-21,Chandigarh,NR,30.71999697,76.78000565,4.7,2019,10,0,294,0,0,21.9,63,4.6,4.6,4.0,4.514285714285714,0.291138978431102,4.03,0.0,1.0,-0.8660254037844386,0.5000000000000001,-0.9398560579418953,0.341570769167856,4.6,5.2
2019-10-22,Chandigarh,NR,30.71999697,76.78000565,4.6,2019,10,1,295,0,0,22.9,57,4.7,4.7,3.2,4.5,0.2828427124746207,4.076666666666666,0.7818314824680298,0.6234898018587336,-0.8660254037844386,0.5000000000000001,-0.9338372288229252,0.35769823883312546,4.3,5.6
2019-10-23,Chandigarh,NR,30.71999697,76.78000565,4.3,2019,10,2,296,0,0,22.5,62,4.6,4.4,3.2,4.485714285714286,0.2911389784311022,4.113333333333333,0.9749279121818236,-0.22252093395631434,-0.8660254037844386,0.5000000000000001,-0.9275416835791965,0.3737197147904692,3.9,5.0
2019-10-24,Chandigarh,NR,30.71999697,76.78000565,3.9,2019,10,3,297,0,0,22.1,66,4.3,3.9,3.2,4.485714285714286,0.2911389784311022,4.136666666666667,0.43388373911755823,-0.900968867902419,-0.8660254037844386,0.5000000000000001,-0.9209712877166347,0.38963044953078774,6.0,3.6
2019-10-25,Chandigarh,NR,30.71999697,76.78000565,6.0,2019,10,4,298,0,0,22.0,68,3.9,4.6,3.5,4.685714285714285,0.6466028441750301,4.22,-0.433883739117558,-0.9009688679024191,-0.8660254037844386,0.5000000000000001,-0.9141279881853337,0.4054257283599973,6.3,2.4
2019-10-26,Chandigarh,NR,30.71999697,76.78000565,6.3,2019,10,5,299,1,0,21.9,70,6.0,4.7,3.3,4.914285714285714,0.8896227129680147,4.319999999999999,-0.9749279121818236,-0.2225209339563146,-0.8660254037844386,0.5000000000000001,-0.9070138128026362,0.42110087079608916,6.0,2.6
2019-10-27,Chandigarh,NR,30.71999697,76.78000565,6.0,2019,10,6,300,1,1,21.6,66,6.3,4.6,3.8,5.114285714285714,0.9616454152970849,4.3933333333333335,-0.7818314824680299,0.6234898018587334,-0.8660254037844386,0.5000000000000001,-0.8996308696522434,0.4366512319560638,5.2,2.7
2019-10-28,Chandigarh,NR,30.71999697,76.78000565,5.2,2019,10,0,301,0,0,21.9,71,6.0,4.7,4.3,5.185714285714285,0.9441549509633306,4.423333333333333,0.0,1.0,-0.8660254037844386,0.5000000000000001,-0.8919813464595487,0.45207220393230374,5.6,2.9
2019-10-29,Chandigarh,NR,30.71999697,76.78000565,5.6,2019,10,1,302,0,0,22.5,72,5.2,4.6,3.9,5.328571428571428,0.9159954252329079,4.48,0.7818314824680298,0.6234898018587336,-0.8660254037844386,0.5000000000000001,-0.8840675099433637,0.46735921715800205,5.0,3.0
2019-10-30,Chandigarh,NR,30.71999697,76.78000565,5.0,2019,10,2,303,0,0,22.8,69,5.6,4.3,4.2,5.428571428571429,0.8179533110438608,4.506666666666667,0.9749279121818236,-0.22252093395631434,-0.8660254037844386,0.5000000000000001,-0.8758917051442433,0.48250774176121763,3.6,2.9
2019-10-31,Chandigarh,NR,30.71999697,76.78000565,3.6,2019,10,3,304,0,0,23.4,65,5.0,3.9,4.1,5.385714285714285,0.9136530549184964,4.489999999999999,0.43388373911755823,-0.900968867902419,-0.8660254037844386,0.5000000000000001,-0.8674563547295971,0.4975132889071803,2.4,2.6
2019-11-01,Chandigarh,NR,30.71999697,76.78000565,2.4,2019,11,4,305,0,0,22.4,64,3.6,6.0,3.9,4.871428571428572,1.3960829556468408,4.44,-0.433883739117558,-0.9009688679024191,-0.5000000000000004,0.8660254037844384,-0.858763958275803,0.5123714121284235,2.6,3.3
2019-11-02,Chandigarh,NR,30.71999697,76.78000565,2.6,2019,11,5,306,1,0,21.3,71,2.4,6.3,3.3,4.3428571428571425,1.4638501094228014,4.416666666666667,-0.9749279121818236,-0.2225209339563146,-0.5000000000000004,0.8660254037844384,-0.8498170915275277,0.5270777086423724,2.7,3.2
2019-11-03,Chandigarh,NR,30.71999697,76.78000565,2.7,2019,11,6,307,1,0,21.3,68,2.6,6.0,3.7,3.871428571428571,1.3695671891931016,4.383333333333334,-0.7818314824680299,0.6234898018587334,-0.5000000000000004,0.8660254037844384,-0.8406184056344783,0.5416278206559811,2.9,3.5
2019-11-04,Chandigarh,NR,30.71999697,76.78000565,2.9,2019,11,0,308,0,0,21.3,60,2.7,5.2,3.8,3.542857142857143,1.269983126997029,4.3533333333333335,0.0,1.0,-0.5000000000000004,0.8660254037844384,-0.8311706263658079,0.5560174366570446,3.0,3.4
2019-11-05,Chandigarh,NR,30.71999697,76.78000565,3.0,2019,11,1,309,0,0,21.8,57,2.9,5.6,4.0,3.1714285714285717,0.8920281866142445,4.319999999999999,0.7818314824680298,0.6234898018587336,-0.5000000000000004,0.8660254037844384,-0.8214765533024145,0.5702422926917867,2.9,3.5
2019-11-06,Chandigarh,NR,30.71999697,76.78000565,2.9,2019,11,2,310,0,0,21.2,57,3.0,5.0,3.8,2.8714285714285714,0.3817254061682289,4.29,0.9749279121818236,-0.22252093395631434,-0.5000000000000004,0.8660254037844384,-0.8115390590073611,0.5842981736283683,2.6,3.3
2019-11-08,Chandigarh,NR,30.71999697,76.78000565,2.6,2019,11,4,312,0,0,18.9,71,2.9,3.6,3.8,2.7285714285714286,0.2138089935299734,4.25,-0.433883739117558,-0.9009688679024191,-0.5000000000000004,0.8660254037844384,-0.7909456567567774,0.6118864012687242,3.3,3.0
2019-11-09,Chandigarh,NR,30.71999697,76.78000565,3.3,2019,11,5,313,1,0,19.4,62,2.6,2.4,3.6,2.857142857142857,0.2507132682112306,4.239999999999999,-0.9749279121818236,-0.2225209339563146,-0.5000000000000004,0.8660254037844384,-0.780295851070776,0.6254105729852457,3.2,3.2
2019-11-10,Chandigarh,NR,30.71999697,76.78000565,3.2,2019,11,6,314,1,1,18.5,66,3.3,2.6,3.4,2.942857142857143,0.25071326821122963,4.233333333333333,-0.7818314824680299,0.6234898018587334,-0.5000000000000004,0.8660254037844384,-0.7694148268839381,0.6387494220515268,3.5,3.2
2019-11-11,Chandigarh,NR,30.71999697,76.78000565,3.5,2019,11,0,315,0,0,17.9,74,3.2,2.7,5.1,3.0571428571428574,0.29920529661725914,4.18,0.0,1.0,-0.5000000000000004,0.8660254037844384,-0.7583058084785625,0.6518989958787125,3.4,3.3
2019-11-12,Chandigarh,NR,30.71999697,76.78000565,3.4,2019,11,1,316,0,1,17.7,81,3.5,2.9,4.8,3.1285714285714286,0.31471831698779645,4.133333333333334,0.7818314824680298,0.6234898018587336,-0.5000000000000004,0.8660254037844384,-0.7469720876965551,0.6648553979642866,3.5,3.3
2019-11-13,Chandigarh,NR,30.71999697,76.78000565,3.5,2019,11,2,317,0,0,18.0,76,3.4,3.0,4.8,3.1999999999999997,0.3366501646120867,4.09,0.9749279121818236,-0.22252093395631434,-0.5000000000000004,0.8660254037844384,-0.7354170229639858,0.6776147890466887,3.3,3.2
2019-11-14,Chandigarh,NR,30.71999697,76.78000565,3.3,2019,11,3,318,0,0,18.9,69,3.5,2.9,4.6,3.257142857142857,0.3101458950082809,4.046666666666666,0.43388373911755823,-0.900968867902419,-0.5000000000000004,0.8660254037844384,-0.7236440382959124,0.690173388242972,3.0,3.1
2019-11-15,Chandigarh,NR,30.71999697,76.78000565,3.0,2019,11,4,319,0,0,20.4,63,3.3,2.6,4.7,3.314285714285714,0.177281052085615,3.99,-0.433883739117558,-0.9009688679024191,-0.5000000000000004,0.8660254037844384,-0.711656622281775,0.7025274741691566,3.2,2.8
2019-11-16,Chandigarh,NR,30.71999697,76.78000565,3.2,2019,11,5,320,1,0,21.0,56,3.0,3.3,4.4,3.3,0.18257418583508603,3.95,-0.9749279121818236,-0.2225209339563146,-0.5000000000000004,0.8660254037844384,-0.6994583270516471,0.7146733860429608,3.2,3.5
2019-11-17,Chandigarh,NR,30.71999697,76.78000565,3.2,2019,11,6,321,1,0,20.0,60,3.2,3.2,3.9,3.3,0.18257418583508603,3.9266666666666667,-0.7818314824680299,0.6234898018587334,-0.5000000000000004,0.8660254037844384,-0.6870527672236675,0.7266075247685652,3.3,3.6
2019-11-18,Chandigarh,NR,30.71999697,76.78000565,3.3,2019,11,0,322,0,0,18.2,71,3.2,3.5,4.6,3.2714285714285714,0.16035674514749007,3.8833333333333333,0.0,1.0,-0.5000000000000004,0.8660254037844384,-0.6744436188329457,0.7383263540031063,3.3,3.5
2019-11-19,Chandigarh,NR,30.71999697,76.78000565,3.3,2019,11,1,323,0,0,17.6,74,3.3,3.4,4.7,3.257142857142857,0.15118578920372877,3.8366666666666664,0.7818314824680298,0.6234898018587336,-0.5000000000000004,0.8660254037844384,-0.661634618242279,0.749826401204568,3.2,3.5
2019-11-20,Chandigarh,NR,30.71999697,76.78000565,3.2,2019,11,2,324,0,0,17.2,78,3.3,3.5,4.6,3.2142857142857144,0.10690449676502459,3.79,0.9749279121818236,-0.22252093395631434,-0.5000000000000004,0.8660254037844384,-0.6486295610349818,0.7611042586607742,3.1,3.5
2019-11-21,Chandigarh,NR,30.71999697,76.78000565,3.1,2019,11,3,325,0,0,17.6,71,3.2,3.3,4.7,3.185714285714286,0.10690449676502548,3.7366666666666664,0.43388373911755823,-0.900968867902419,-0.5000000000000004,0.8660254037844384,-0.6354323008901775,0.7721565844991641,2.8,3.5
2019-11-22,Chandigarh,NR,30.71999697,76.78000565,2.8,2019,11,4,326,0,0,18.4,69,3.1,3.0,4.6,3.1571428571428575,0.17182493859688014,3.6766666666666667,-0.433883739117558,-0.9009688679024191,-0.5000000000000004,0.8660254037844384,-0.622046748440868,0.7829801036770624,3.5,3.1
2019-11-23,Chandigarh,NR,30.71999697,76.78000565,3.5,2019,11,5,327,1,0,19.6,63,2.8,3.2,4.3,3.1999999999999997,0.21602468994695612,3.65,-0.9749279121818236,-0.2225209339563146,-0.5000000000000004,0.8660254037844384,-0.6084768701151264,0.7935716089521472,3.6,6.3
2019-11-24,Chandigarh,NR,30.71999697,76.78000565,3.6,2019,11,6,328,1,0,19.2,57,3.5,3.2,3.9,3.257142857142857,0.26367367999825286,3.64,-0.7818314824680299,0.6234898018587334,-0.5000000000000004,0.8660254037844384,-0.594726686960764,0.8039279618328208,3.5,6.7
2019-11-25,Chandigarh,NR,30.71999697,76.78000565,3.5,2019,11,0,329,0,0,17.1,57,3.6,3.3,6.0,3.2857142857142856,0.2794552524023291,3.5566666666666666,0.0,1.0,-0.5000000000000004,0.8660254037844384,-0.5808002734538013,0.8140460935082175,3.5,6.0
2019-11-26,Chandigarh,NR,30.71999697,76.78000565,3.5,2019,11,1,330,0,0,18.0,61,3.5,3.3,6.3,3.314285714285714,0.2911389784311197,3.4633333333333334,0.7818314824680298,0.6234898018587336,-0.5000000000000004,0.8660254037844384,-0.5667017562911184,0.8239230057575536,3.5,6.2
2019-11-27,Chandigarh,NR,30.71999697,76.78000565,3.5,2019,11,2,331,0,0,18.3,61,3.5,3.2,6.0,3.357142857142857,0.29358214555808254,3.3800000000000003,0.9749279121818236,-0.22252093395631434,-0.5000000000000004,0.8660254037844384,-0.5524353131676203,0.8335557718385695,3.5,6.5
2019-11-28,Chandigarh,NR,30.71999697,76.78000565,3.5,2019,11,3,332,0,0,16.4,80,3.5,3.1,5.2,3.414285714285714,0.2734262327610784,3.3233333333333333,0.43388373911755823,-0.900968867902419,-0.5000000000000004,0.8660254037844384,-0.5380051715382992,0.8429415373547832,3.1,6.1
2019-11-29,Chandigarh,NR,30.71999697,76.78000565,3.1,2019,11,4,333,0,0,16.0,77,3.5,2.8,5.6,3.4571428571428577,0.16183471874256963,3.24,-0.433883739117558,-0.9009688679024191,-0.5000000000000004,0.8660254037844384,-0.5234156073655503,0.8520775211013093,6.3,5.7
2019-11-30,Chandigarh,NR,30.71999697,76.78000565,6.3,2019,11,5,334,1,0,15.3,70,3.1,3.5,5.0,3.857142857142857,1.0891237194141372,3.283333333333333,-0.9749279121818236,-0.2225209339563146,-0.5000000000000004,0.8660254037844384,-0.5086709438521042,0.8609610158889945,6.7,3.0
2019-12-01,Chandigarh,NR,30.71999697,76.78000565,6.7,2019,12,6,335,1,0,15.0,75,6.3,3.6,3.6,4.3,1.514375558880075,3.3866666666666663,-0.7818314824680299,0.6234898018587334,-2.4492935982947064e-16,1.0,-0.49377555015997737,0.8695893893466109,6.0,3.2
2019-12-02,Chandigarh,NR,30.71999697,76.78000565,6.0,2019,12,0,336,0,0,15.3,74,6.7,3.5,2.4,4.6571428571428575,1.5873007936505965,3.506666666666667,0.0,1.0,-2.4492935982947064e-16,1.0,-0.4787338401157883,0.8779600847008883,6.2,3.3
2019-12-03,Chandigarh,NR,30.71999697,76.78000565,6.2,2019,12,1,337,0,0,14.2,74,6.0,3.5,2.6,5.042857142857143,1.5873007936505958,3.6266666666666665,0.7818314824680298,0.6234898018587336,-2.4492935982947064e-16,1.0,-0.4635502709028512,0.8860706215341378,6.5,3.4
2019-12-04,Chandigarh,NR,30.71999697,76.78000565,6.5,2019,12,2,338,0,0,13.9,65,6.2,3.5,2.7,5.471428571428571,1.5041213223609833,3.753333333333333,0.9749279121818236,-0.22252093395631434,-2.4492935982947064e-16,1.0,-0.4482293417404106,0.893918596519257,6.1,3.3
2019-12-05,Chandigarh,NR,30.71999697,76.78000565,6.1,2019,12,3,339,0,0,14.3,71,6.5,3.5,2.9,5.8428571428571425,1.2326896647266128,3.86,0.43388373911755823,-0.900968867902419,-2.4492935982947064e-16,1.0,-0.4327755925504317,0.9015016841318838,5.7,3.4
2019-12-06,Chandigarh,NR,30.71999697,76.78000565,5.7,2019,12,4,340,0,0,15.5,73,6.1,3.1,3.0,6.214285714285714,0.32877840272018677,3.95,-0.433883739117558,-0.9009688679024191,-2.4492935982947064e-16,1.0,-0.41719360261231697,0.9088176373395028,3.0,3.5
2019-12-08,Chandigarh,NR,30.71999697,76.78000565,3.0,2019,12,6,342,1,0,14.8,65,5.7,6.3,2.9,5.742857142857143,1.252806373516598,3.953333333333333,-0.7818314824680299,0.6234898018587334,-2.4492935982947064e-16,1.0,-0.38566340624360745,0.9226395488404875,3.2,3.9
2019-12-09,Chandigarh,NR,30.71999697,76.78000565,3.2,2019,12,0,343,0,0,14.1,67,3.0,6.7,2.6,5.242857142857143,1.4842025275740316,3.9733333333333336,0.0,1.0,-2.4492935982947064e-16,1.0,-0.3697245428906732,0.9291414114031743,3.3,4.0
2019-12-10,Chandigarh,NR,30.71999697,76.78000565,3.3,2019,12,1,344,0,0,13.0,76,3.2,6.0,3.3,4.857142857142857,1.6008926081586938,3.9733333333333336,0.7818314824680298,0.6234898018587336,-2.4492935982947064e-16,1.0,-0.3536761221763721,0.935367949313148,3.4,3.9
2019-12-11,Chandigarh,NR,30.71999697,76.78000565,3.4,2019,12,2,345,0,0,14.4,75,3.3,6.2,3.2,4.457142857142857,1.5586929811620416,3.98,0.9749279121818236,-0.22252093395631434,-2.4492935982947064e-16,1.0,-0.33752289959411347,0.941317317512847,3.3,3.8
2019-12-12,Chandigarh,NR,30.71999697,76.78000565,3.3,2019,12,3,346,0,0,14.6,80,3.4,6.5,3.5,4.0,1.3089435944047925,3.9733333333333336,0.43388373911755823,-0.900968867902419,-2.4492935982947064e-16,1.0,-0.32126966169236515,0.9469877530760751,3.4,3.7
2019-12-13,Chandigarh,NR,30.71999697,76.78000565,3.4,2019,12,4,347,0,0,13.2,83,3.3,6.1,3.4,3.614285714285714,0.9299257522845091,3.9733333333333336,-0.433883739117558,-0.9009688679024191,-2.4492935982947064e-16,1.0,-0.3049212246562894,0.9523775757303973,3.5,3.5
2019-12-14,Chandigarh,NR,30.71999697,76.78000565,3.5,2019,12,5,348,1,0,12.6,82,3.4,5.7,3.5,3.3,0.1632993161855636,3.9733333333333336,-0.9749279121818236,-0.2225209339563146,-2.4492935982947064e-16,1.0,-0.2884824328806098,0.9574851883550389,3.9,3.2
2019-12-15,Chandigarh,NR,30.71999697,76.78000565,3.9,2019,12,6,349,1,0,12.5,77,3.5,3.0,3.3,3.4285714285714284,0.2288688541085443,3.993333333333333,-0.7818314824680299,0.6234898018587334,-2.4492935982947064e-16,1.0,-0.27195815753410524,0.9623090774541487,4.0,3.6
2019-12-16,Chandigarh,NR,30.71999697,76.78000565,4.0,2019,12,0,350,0,0,11.9,78,3.9,3.2,3.0,3.542857142857143,0.2878491668515794,4.026666666666666,0.0,1.0,-2.4492935982947064e-16,1.0,-0.2553532951161881,0.9668478136052773,3.9,3.5
2019-12-17,Chandigarh,NR,30.71999697,76.78000565,3.9,2019,12,1,351,0,0,11.6,83,4.0,3.3,3.2,3.6285714285714286,0.2927700218845691,4.05,0.7818314824680298,0.6234898018587336,-2.4492935982947064e-16,1.0,-0.23867276600594997,0.9711000518829505,3.8,3.7
2019-12-18,Chandigarh,NR,30.71999697,76.78000565,3.8,2019,12,2,352,0,0,10.9,80,3.9,3.4,3.2,3.685714285714286,0.2794552524023181,4.069999999999999,0.9749279121818236,-0.22252093395631434,-2.4492935982947064e-16,1.0,-0.22192151300416674,0.9750645322571945,3.7,4.1
2019-12-19,Chandigarh,NR,30.71999697,76.78000565,3.7,2019,12,3,353,0,0,9.9,86,3.8,3.3,3.3,3.742857142857143,0.222539456105686,4.083333333333333,0.43388373911755823,-0.900968867902419,-2.4492935982947064e-16,1.0,-0.20510449986861926,0.9787400799669153,3.5,4.3
2019-12-20,Chandigarh,NR,30.71999697,76.78000565,3.5,2019,12,4,354,0,0,11.2,89,3.7,3.4,3.3,3.757142857142857,0.1988059594776135,4.09,-0.433883739117558,-0.9009688679024191,-2.4492935982947064e-16,1.0,-0.1882267098432439,0.9821256058680006,3.2,3.8
2019-12-21,Chandigarh,NR,30.71999697,76.78000565,3.2,2019,12,5,355,1,0,12.3,83,3.5,3.5,3.2,3.7142857142857144,0.2794552524023179,4.09,-0.9749279121818236,-0.2225209339563146,-2.4492935982947064e-16,1.0,-0.1712931441814778,0.9852201067560606,3.6,3.4
2019-12-22,Chandigarh,NR,30.71999697,76.78000565,3.6,2019,12,6,356,1,0,12.3,81,3.2,3.9,3.1,3.6714285714285713,0.26903708365382945,4.1066666666666665,-0.7818314824680299,0.6234898018587334,-2.4492935982947064e-16,1.0,-0.154308820664281,0.9880226656636976,3.5,6.4
2019-12-23,Chandigarh,NR,30.71999697,76.78000565,3.5,2019,12,0,357,0,0,10.6,82,3.6,4.0,2.8,3.6,0.23094010767586207,4.13,0.0,1.0,-2.4492935982947064e-16,1.0,-0.13727877211326517,0.9905324521322227,3.7,6.4
2019-12-24,Chandigarh,NR,30.71999697,76.78000565,3.7,2019,12,1,358,0,0,10.1,84,3.5,3.9,3.5,3.5714285714285716,0.19760470401188468,4.136666666666667,0.7818314824680298,0.6234898018587336,-2.4492935982947064e-16,1.0,-0.12020804489935275,0.9927487224577402,4.1,6.7
2019-12-25,Chandigarh,NR,30.71999697,76.78000565,4.1,2019,12,2,359,0,1,9.3,86,3.7,3.8,3.6,3.614285714285714,0.2734262327610687,4.153333333333333,0.9749279121818236,-0.22252093395631434,-2.4492935982947064e-16,1.0,-0.10310169744743544,0.9946708199115211,4.3,6.7
2019-12-26,Chandigarh,NR,30.71999697,76.78000565,4.3,2019,12,3,360,0,0,8.5,87,4.1,3.7,3.5,3.6999999999999997,0.37859388972002506,4.18,0.43388373911755823,-0.900968867902419,-2.4492935982947064e-16,1.0,-0.0859647987374467,0.9962981749346077,3.8,6.4
2019-12-27,Chandigarh,NR,30.71999697,76.78000565,3.8,2019,12,4,361,0,0,7.8,91,4.3,3.5,3.5,3.742857142857143,0.36903993847615096,4.1899999999999995,-0.433883739117558,-0.9009688679024191,-2.4492935982947064e-16,1.0,-0.06880242680232064,0.9976303053065857,3.4,6.0
2019-12-28,Chandigarh,NR,30.71999697,76.78000565,3.4,2019,12,5,362,1,0,6.7,91,3.8,3.2,3.5,3.7714285714285714,0.32513733362118047,4.1866666666666665,-0.9749279121818236,-0.2225209339563146,-2.4492935982947064e-16,1.0,-0.05161966722325418,0.9986668162884759,6.4,5.5
2019-12-29,Chandigarh,NR,30.71999697,76.78000565,6.4,2019,12,6,363,1,0,8.5,88,3.4,3.6,3.5,4.171428571428572,1.032334386579412,4.283333333333333,-0.7818314824680299,0.6234898018587334,-2.4492935982947064e-16,1.0,-0.034421611622745804,0.9994074007397048,6.4,3.3
2019-12-30,Chandigarh,NR,30.71999697,76.78000565,6.4,2019,12,0,364,0,0,9.2,82,6.4,3.5,3.1,4.585714285714286,1.2720437249148486,4.3933333333333335,0.0,1.0,-2.4492935982947064e-16,1.0,-0.01721335615583528,0.9998518392091162,6.7,2.8
2019-12-31,Chandigarh,NR,30.71999697,76.78000565,6.7,2019,12,1,365,0,0,8.4,82,6.4,3.7,6.3,5.014285714285714,1.4205967894146616,4.406666666666667,0.7818314824680298,0.6234898018587336,-2.4492935982947064e-16,1.0,6.432490598706546e-16,1.0,6.7,3.3
2020-01-01,Chandigarh,NR,30.71999697,76.78000565,6.7,2020,1,2,1,0,0,11.1,68,6.7,4.1,6.7,5.385714285714286,1.4803474495633038,4.406666666666666,0.9749279121818236,-0.22252093395631434,0.49999999999999994,0.8660254037844387,0.017213356155834685,0.9998518392091162,6.4,3.3
2020-01-02,Chandigarh,NR,30.71999697,76.78000565,6.4,2020,1,3,2,0,0,12.9,62,6.7,4.3,6.0,5.685714285714286,1.4357675896288293,4.42,0.43388373911755823,-0.900968867902419,0.49999999999999994,0.8660254037844387,0.03442161162274574,0.9994074007397048,6.0,3.3
2020-01-03,Chandigarh,NR,30.71999697,76.78000565,6.0,2020,1,4,3,0,0,12.9,69,6.4,3.8,6.2,6.0,1.1704699910719656,4.413333333333333,-0.433883739117558,-0.9009688679024191,0.49999999999999994,0.8660254037844387,0.051619667223253764,0.998666816288476,5.5,3.4
2020-01-04,Chandigarh,NR,30.71999697,76.78000565,5.5,2020,1,5,4,1,0,11.4,76,6.0,3.4,6.5,6.3,0.42426406871193645,4.38,-0.9749279121818236,-0.2225209339563146,0.49999999999999994,0.8660254037844387,0.06880242680231986,0.9976303053065857,3.3,3.0
2020-01-05,Chandigarh,NR,30.71999697,76.78000565,3.3,2020,1,6,5,1,0,11.8,63,5.5,6.4,6.1,5.857142857142857,1.2039617143098098,4.286666666666666,-0.7818314824680299,0.6234898018587334,0.49999999999999994,0.8660254037844387,0.08596479873744647,0.9962981749346078,2.8,6.5
2020-01-13,Chandigarh,NR,30.71999697,76.78000565,2.8,2020,1,0,13,0,0,13.0,82,3.3,6.4,5.7,5.342857142857143,1.627735792296715,4.19,0.0,1.0,0.49999999999999994,0.8660254037844387,0.2219215130041655,0.9750645322571948,3.3,6.0
2020-01-14,Chandigarh,NR,30.71999697,76.78000565,3.3,2020,1,1,14,0,0,12.7,86,2.8,6.7,3.0,4.857142857142857,1.662184449108205,4.2,0.7818314824680298,0.6234898018587336,0.49999999999999994,0.8660254037844387,0.2386727660059501,0.9711000518829505,3.3,5.9
2020-01-15,Chandigarh,NR,30.71999697,76.78000565,3.3,2020,1,2,15,0,0,12.5,85,3.3,6.7,3.2,4.371428571428572,1.5250292737237172,4.203333333333333,0.9749279121818236,-0.22252093395631434,0.49999999999999994,0.8660254037844387,0.255353295116187,0.9668478136052775,3.3,5.5
2020-01-16,Chandigarh,NR,30.71999697,76.78000565,3.3,2020,1,3,16,0,0,12.3,85,3.3,6.4,3.3,3.9285714285714284,1.2658518682614304,4.203333333333334,0.43388373911755823,-0.900968867902419,0.49999999999999994,0.8660254037844387,0.2719581575341055,0.9623090774541486,3.4,5.4
2020-01-17,Chandigarh,NR,30.71999697,76.78000565,3.4,2020,1,4,17,0,0,12.4,85,3.3,6.0,3.4,3.5571428571428574,0.8791229395580251,4.203333333333333,-0.433883739117558,-0.9009688679024191,0.49999999999999994,0.8660254037844387,0.288482432880609,0.9574851883550393,3.0,4.7
2020-01-18,Chandigarh,NR,30.71999697,76.78000565,3.0,2020,1,5,18,1,0,10.9,85,3.4,5.5,3.3,3.1999999999999997,0.21602468994692636,4.193333333333333,-0.9749279121818236,-0.2225209339563146,0.49999999999999994,0.8660254037844387,0.30492122465628907,0.9523775757303974,6.5,3.7
2020-01-19,Chandigarh,NR,30.71999697,76.78000565,6.5,2020,1,6,19,1,0,10.8,80,3.0,3.3,3.4,3.6571428571428575,1.2712948030218942,4.296666666666667,-0.7818314824680299,0.6234898018587334,0.49999999999999994,0.8660254037844387,0.3212696616923644,0.9469877530760753,6.0,3.7
2020-01-20,Chandigarh,NR,30.71999697,76.78000565,6.0,2020,1,0,20,0,0,11.1,80,6.5,2.8,3.5,4.114285714285714,1.471312986676155,4.38,0.0,1.0,0.49999999999999994,0.8660254037844387,0.3375228995941133,0.9413173175128471,5.9,3.7
2020-01-21,Chandigarh,NR,30.71999697,76.78000565,5.9,2020,1,1,21,0,0,12.7,75,6.0,3.3,3.9,4.485714285714286,1.5571647005894749,4.446666666666667,0.7818314824680298,0.6234898018587336,0.49999999999999994,0.8660254037844387,0.3536761221763716,0.9353679493131483,5.5,4.0
2020-01-22,Chandigarh,NR,30.71999697,76.78000565,5.5,2020,1,2,22,0,0,12.4,72,5.9,3.3,4.0,4.8,1.4988884770611428,4.496666666666667,0.9749279121818236,-0.22252093395631434,0.49999999999999994,0.8660254037844387,0.3697245428906731,0.9291414114031743,5.4,4.0
2020-01-23,Chandigarh,NR,30.71999697,76.78000565,5.4,2020,1,3,23,0,0,11.3,72,5.5,3.3,3.9,5.1000000000000005,1.351542328847555,4.546666666666667,0.43388373911755823,-0.900968867902419,0.49999999999999994,0.8660254037844387,0.38566340624360707,0.9226395488404876,4.7,4.0
2020-01-24,Chandigarh,NR,30.71999697,76.78000565,4.7,2020,1,4,24,0,0,12.1,69,5.4,3.4,3.8,5.285714285714286,1.1538754575033552,4.576666666666667,-0.433883739117558,-0.9009688679024191,0.49999999999999994,0.8660254037844387,0.401487989205973,0.9158642882672872,3.7,3.7
2020-01-25,Chandigarh,NR,30.71999697,76.78000565,3.7,2020,1,5,25,1,0,11.4,77,4.7,3.0,3.7,5.385714285714286,0.9317162862670395,4.576666666666667,-0.9749279121818236,-0.2225209339563146,0.49999999999999994,0.8660254037844387,0.4171936026123168,0.9088176373395029,3.7,3.4
2020-01-26,Chandigarh,NR,30.71999697,76.78000565,3.7,2020,1,6,26,1,1,12.6,77,3.7,6.5,3.5,4.985714285714287,0.9737018219636043,4.583333333333333,-0.7818314824680299,0.6234898018587334,0.49999999999999994,0.8660254037844387,0.4327755925504312,0.901501684131884,3.7,4.1
2020-01-27,Chandigarh,NR,30.71999697,76.78000565,3.7,2020,1,0,27,0,0,10.3,82,3.7,6.0,3.2,4.6571428571428575,0.9623879031817053,4.6,0.0,1.0,0.49999999999999994,0.8660254037844387,0.4482293417404106,0.893918596519257,4.0,3.5
2020-01-28,Chandigarh,NR,30.71999697,76.78000565,4.0,2020,1,1,28,0,0,13.4,74,3.7,5.9,3.6,4.385714285714286,0.8091735937126884,4.613333333333333,0.7818314824680298,0.6234898018587336,0.49999999999999994,0.8660254037844387,0.4635502709028509,0.886070621534138,4.0,4.0
2020-01-29,Chandigarh,NR,30.71999697,76.78000565,4.0,2020,1,2,29,0,0,12.1,86,4.0,5.5,3.5,4.171428571428572,0.6473388749701507,4.63,0.9749279121818236,-0.22252093395631434,0.49999999999999994,0.8660254037844387,0.47873384011578846,0.8779600847008882,4.0,4.1
2020-01-30,Chandigarh,NR,30.71999697,76.78000565,4.0,2020,1,3,30,0,0,11.2,75,4.0,5.4,3.7,3.971428571428572,0.3545621041711682,4.64,0.43388373911755823,-0.900968867902419,0.49999999999999994,0.8660254037844387,0.49377555015997715,0.869589389346611,3.7,4.1
2020-01-31,Chandigarh,NR,30.71999697,76.78000565,3.7,2020,1,4,31,0,0,11.3,82,4.0,4.7,4.1,3.8285714285714287,0.16035674514745518,4.626666666666667,-0.433883739117558,-0.9009688679024191,0.49999999999999994,0.8660254037844387,0.5086709438521044,0.8609610158889943,3.4,4.0
2020-02-01,Chandigarh,NR,30.71999697,76.78000565,3.4,2020,2,5,32,1,0,11.0,78,3.7,3.7,4.3,3.7857142857142856,0.22677868380553654,4.596666666666667,-0.9749279121818236,-0.2225209339563146,0.8660254037844386,0.5000000000000001,0.5234156073655503,0.8520775211013093,4.1,3.2
2020-02-02,Chandigarh,NR,30.71999697,76.78000565,4.1,2020,2,6,33,1,0,11.3,77,3.4,3.7,3.8,3.8428571428571425,0.2507132682112039,4.606666666666667,-0.7818314824680299,0.6234898018587334,0.8660254037844386,0.5000000000000001,0.5380051715382996,0.8429415373547828,3.5,3.6
2020-02-03,Chandigarh,NR,30.71999697,76.78000565,3.5,2020,2,0,34,0,0,11.0,79,4.1,3.7,3.4,3.8142857142857136,0.27945525240230906,4.61,0.0,1.0,0.8660254037844386,0.5000000000000001,0.5524353131676196,0.8335557718385699,4.0,4.1
2020-02-04,Chandigarh,NR,30.71999697,76.78000565,4.0,2020,2,1,35,0,0,11.6,76,3.5,4.0,6.4,3.8142857142857136,0.27945525240230906,4.53,0.7818314824680298,0.6234898018587336,0.8660254037844386,0.5000000000000001,0.5667017562911176,0.8239230057575542,4.1,3.9
2020-02-05,Chandigarh,NR,30.71999697,76.78000565,4.1,2020,2,2,36,0,0,11.5,77,4.0,4.0,6.4,3.8285714285714283,0.2927700218845602,4.453333333333333,0.9749279121818236,-0.22252093395631434,0.8660254037844386,0.5000000000000001,0.5808002734538009,0.8140460935082178,4.1,3.8
2020-02-13,Chandigarh,NR,30.71999697,76.78000565,4.1,2020,2,3,44,0,0,18.2,68,4.1,4.0,6.7,3.8428571428571425,0.3047247001100223,4.366666666666666,0.43388373911755823,-0.900968867902419,0.8660254037844386,0.5000000000000001,0.6870527672236669,0.7266075247685656,4.0,3.9
2020-02-14,Chandigarh,NR,30.71999697,76.78000565,4.0,2020,2,4,45,0,0,17.0,75,4.1,3.7,6.7,3.8857142857142852,0.3023715784073822,4.276666666666667,-0.433883739117558,-0.9009688679024191,0.8660254037844386,0.5000000000000001,0.699458327051647,0.7146733860429609,3.2,3.6
2020-02-15,Chandigarh,NR,30.71999697,76.78000565,3.2,2020,2,5,46,1,0,16.9,73,4.0,3.4,6.4,3.857142857142857,0.35989416433697513,4.17,-0.9749279121818236,-0.2225209339563146,0.8660254037844386,0.5000000000000001,0.7116566222817746,0.7025274741691571,3.6,3.2
2020-02-16,Chandigarh,NR,30.71999697,76.78000565,3.6,2020,2,6,47,1,0,17.4,58,3.2,4.1,6.0,3.785714285714285,0.35321651258386094,4.09,-0.7818314824680299,0.6234898018587334,0.8660254037844386,0.5000000000000001,0.7236440382959124,0.6901733882429719,4.1,4.9
2020-02-17,Chandigarh,NR,30.71999697,76.78000565,4.1,2020,2,0,48,0,0,17.1,55,3.6,3.5,5.5,3.8714285714285714,0.3450327796711774,4.043333333333333,0.0,1.0,0.8660254037844386,0.5000000000000001,0.7354170229639855,0.6776147890466889,3.9,4.9
2020-02-18,Chandigarh,NR,30.71999697,76.78000565,3.9,2020,2,1,49,0,0,17.3,54,4.1,4.0,3.3,3.857142857142857,0.3408672412985389,4.0633333333333335,0.7818314824680298,0.6234898018587336,0.8660254037844386,0.5000000000000001,0.7469720876965552,0.6648553979642865,3.8,5.1
2020-02-19,Chandigarh,NR,30.71999697,76.78000565,3.8,2020,2,2,50,0,0,17.3,60,3.9,4.1,2.8,3.814285714285714,0.32366943748507493,4.096666666666667,0.9749279121818236,-0.22252093395631434,0.8660254037844386,0.5000000000000001,0.7583058084785624,0.6518989958787126,3.9,5.4
2020-02-20,Chandigarh,NR,30.71999697,76.78000565,3.9,2020,2,3,51,0,0,20.3,55,3.8,4.1,3.3,3.7857142857142856,0.3023715784073817,4.116666666666666,0.43388373911755823,-0.900968867902419,0.8660254037844386,0.5000000000000001,0.7694148268839378,0.6387494220515272,3.6,5.3
2020-02-21,Chandigarh,NR,30.71999697,76.78000565,3.6,2020,2,4,52,0,0,16.4,72,3.9,4.0,3.3,3.7285714285714286,0.29277002188455953,4.126666666666667,-0.433883739117558,-0.9009688679024191,0.8660254037844386,0.5000000000000001,0.7802958510707755,0.6254105729852463,3.2,4.7
2020-02-22,Chandigarh,NR,30.71999697,76.78000565,3.2,2020,2,5,53,1,0,17.6,68,3.6,3.2,3.3,3.728571428571428,0.29277002188455953,4.123333333333333,-0.9749279121818236,-0.2225209339563146,0.8660254037844386,0.5000000000000001,0.7909456567567772,0.6118864012687243,4.9,4.7
2020-02-23,Chandigarh,NR,30.71999697,76.78000565,4.9,2020,2,6,54,1,0,16.7,71,3.2,3.6,3.4,3.9142857142857146,0.5209880722517282,4.173333333333334,-0.7818314824680299,0.6234898018587334,0.8660254037844386,0.5000000000000001,0.8013610881746766,0.5981809144059165,4.9,4.6
2020-02-24,Chandigarh,NR,30.71999697,76.78000565,4.9,2020,2,0,55,0,0,17.3,64,4.9,4.1,3.0,4.028571428571429,0.6421689437998022,4.236666666666667,0.0,1.0,0.8660254037844386,0.5000000000000001,0.8115390590073611,0.5842981736283684,5.1,4.7
2020-02-25,Chandigarh,NR,30.71999697,76.78000565,5.1,2020,2,1,56,0,0,17.1,63,4.9,3.9,6.5,4.2,0.7527726527090821,4.19,0.7818314824680298,0.6234898018587336,0.8660254037844386,0.5000000000000001,0.8214765533024142,0.5702422926917871,5.4,4.7
2020-02-26,Chandigarh,NR,30.71999697,76.78000565,5.4,2020,2,2,57,0,0,16.8,69,5.1,3.8,6.0,4.428571428571429,0.8479667558622931,4.17,0.9749279121818236,-0.22252093395631434,0.8660254037844386,0.5000000000000001,0.8311706263658079,0.5560174366570446,5.3,4.7
2020-02-27,Chandigarh,NR,30.71999697,76.78000565,5.3,2020,2,3,58,0,0,17.7,71,5.4,3.9,5.9,4.628571428571429,0.8673989580239047,4.15,0.43388373911755823,-0.900968867902419,0.8660254037844386,0.5000000000000001,0.8406184056344782,0.5416278206559814,4.7,4.6
2020-02-28,Chandigarh,NR,30.71999697,76.78000565,4.7,2020,2,4,59,0,0,19.0,70,5.3,3.6,5.5,4.785714285714286,0.7403345447128898,4.123333333333333,-0.433883739117558,-0.9009688679024191,0.8660254037844386,0.5000000000000001,0.8498170915275278,0.5270777086423722,4.7,4.4
2020-02-29,Chandigarh,NR,30.71999697,76.78000565,4.7,2020,2,5,60,1,0,17.8,79,4.7,3.2,5.4,5.0,0.2768874620972778,4.1,-0.9749279121818236,-0.2225209339563146,0.8660254037844386,0.5000000000000001,0.8587639582758029,0.5123714121284237,4.6,4.0
2020-03-01,Chandigarh,NR,30.71999697,76.78000565,4.6,2020,3,6,61,1,0,17.9,63,4.7,4.9,4.7,4.957142857142857,0.31547394428671005,4.096666666666667,-0.7818314824680299,0.6234898018587334,1.0,6.123233995736766e-17,0.8674563547295969,0.49751328890718066,4.7,6.5
2020-03-02,Chandigarh,NR,30.71999697,76.78000565,4.7,2020,3,0,62,0,0,18.5,61,4.6,4.9,3.7,4.928571428571429,0.3302235894778319,4.13,0.0,1.0,1.0,6.123233995736766e-17,0.8758917051442429,0.48250774176121847,4.7,6.0
2020-03-03,Chandigarh,NR,30.71999697,76.78000565,4.7,2020,3,1,63,0,0,18.8,60,4.7,5.1,3.7,4.871428571428572,0.33022358947783165,4.163333333333333,0.7818314824680298,0.6234898018587336,1.0,6.123233995736766e-17,0.8840675099433636,0.4673592171580022,4.7,5.6
2020-03-04,Chandigarh,NR,30.71999697,76.78000565,4.7,2020,3,2,64,0,0,19.0,57,4.7,5.4,3.7,4.771428571428572,0.23603873774084147,4.196666666666666,0.9749279121818236,-0.22252093395631434,1.0,6.123233995736766e-17,0.8919813464595485,0.45207220393230435,4.6,6.5
2020-03-05,Chandigarh,NR,30.71999697,76.78000565,4.6,2020,3,3,65,0,0,18.6,58,4.7,5.3,4.0,4.671428571428572,0.04879500364746352,4.216666666666667,0.43388373911755823,-0.900968867902419,1.0,6.123233995736766e-17,0.8996308696522433,0.43665123195606403,4.4,6.0
2020-03-13,Chandigarh,NR,30.71999697,76.78000565,4.4,2020,3,4,73,0,0,16.9,70,4.6,4.7,4.0,4.628571428571428,0.11126972805285242,4.2299999999999995,-0.433883739117558,-0.9009688679024191,1.0,6.123233995736766e-17,0.9510565162951535,0.30901699437494745,4.0,5.9
2020-03-14,Chandigarh,NR,30.71999697,76.78000565,4.0,2020,3,5,74,1,0,14.2,85,4.4,4.7,4.0,4.5285714285714285,0.2563479777846676,4.2299999999999995,-0.9749279121818236,-0.2225209339563146,1.0,6.123233995736766e-17,0.9562348265919056,0.29260033563334836,6.5,5.5
2020-03-15,Chandigarh,NR,30.71999697,76.78000565,6.5,2020,3,6,75,1,0,15.1,75,4.0,4.6,3.7,4.8,0.7916228058025304,4.323333333333334,-0.7818314824680299,0.6234898018587334,1.0,6.123233995736766e-17,0.9611297838723007,0.27609697309746883,6.0,2.2
2020-03-16,Chandigarh,NR,30.71999697,76.78000565,6.0,2020,3,0,76,0,0,17.0,71,6.5,4.7,3.4,4.985714285714286,0.9081640296564875,4.41,0.0,1.0,1.0,6.123233995736766e-17,0.9657399376548549,0.2595117970697999,5.6,2.2
2020-03-17,Chandigarh,NR,30.71999697,76.78000565,5.6,2020,3,1,77,0,0,18.9,70,6.0,4.7,4.1,5.114285714285714,0.9245333443212904,4.46,0.7818314824680298,0.6234898018587336,1.0,6.123233995736766e-17,0.9700639218515071,0.2428497220959356,6.5,2.3
2020-03-18,Chandigarh,NR,30.71999697,76.78000565,6.5,2020,3,2,78,0,0,19.7,66,5.6,4.7,3.5,5.371428571428572,1.03394759008744,4.5600000000000005,0.9749279121818236,-0.22252093395631434,1.0,6.123233995736766e-17,0.9741004551724205,0.22611568550828828,6.0,2.3
2020-03-19,Chandigarh,NR,30.71999697,76.78000565,6.0,2020,3,3,79,0,0,19.0,65,6.5,4.6,4.0,5.571428571428571,0.9945087325145142,4.626666666666667,0.43388373911755823,-0.900968867902419,1.0,6.123233995736766e-17,0.9778483415056568,0.20931464596304847,5.9,2.3
2020-03-20,Chandigarh,NR,30.71999697,76.78000565,5.9,2020,3,4,80,0,0,19.7,61,6.0,4.4,4.1,5.785714285714286,0.8513294924774496,4.686666666666667,-0.433883739117558,-0.9009688679024191,1.0,6.123233995736766e-17,0.9813064702716093,0.19245158197082998,5.5,2.3
2020-03-21,Chandigarh,NR,30.71999697,76.78000565,5.5,2020,3,5,81,1,0,19.8,65,5.9,4.0,4.1,6.0,0.39157800414903415,4.733333333333333,-0.9749279121818236,-0.2225209339563146,1.0,6.123233995736766e-17,0.9844738167520922,0.1755314904214282,2.2,2.3
2020-03-22,Chandigarh,NR,30.71999697,76.78000565,2.2,2020,3,6,82,1,0,20.3,59,5.5,6.5,4.0,5.385714285714286,1.4415600015591596,4.673333333333333,-0.7818314824680299,0.6234898018587334,1.0,6.123233995736766e-17,0.9873494423939864,0.15855938510313475,2.2,3.5
2020-03-23,Chandigarh,NR,30.71999697,76.78000565,2.2,2020,3,0,83,0,0,20.7,59,2.2,6.0,3.2,4.8428571428571425,1.8338094619826646,4.64,0.0,1.0,1.0,6.123233995736766e-17,0.989932495087353,0.141540295217043,2.3,3.5
2020-03-24,Chandigarh,NR,30.71999697,76.78000565,2.3,2020,3,1,84,0,0,21.4,61,2.2,5.6,3.6,4.371428571428571,2.0213149892370295,4.596666666666667,0.7818314824680298,0.6234898018587336,1.0,6.123233995736766e-17,0.9922222094179323,0.12447926388678915,2.3,3.5
2020-03-25,Chandigarh,NR,30.71999697,76.78000565,2.3,2020,3,2,85,0,0,21.8,66,2.3,6.5,4.1,3.771428571428572,1.9041308478448358,4.536666666666667,0.9749279121818236,-0.22252093395631434,1.0,6.123233995736766e-17,0.994217906893952,0.10738134666416309,2.3,3.5
2020-03-26,Chandigarh,NR,30.71999697,76.78000565,2.3,2020,3,3,86,0,0,22.5,57,2.3,6.0,3.9,3.242857142857143,1.68310936746759,4.483333333333333,0.43388373911755823,-0.900968867902419,1.0,6.123233995736766e-17,0.995918996147179,0.09025161003104117,2.3,3.4
2020-03-27,Chandigarh,NR,30.71999697,76.78000565,2.3,2020,3,4,87,0,0,19.8,79,2.3,5.9,3.8,2.7285714285714286,1.2229939843328317,4.433333333333334,-0.433883739117558,-0.9009688679024191,1.0,6.123233995736766e-17,0.9973249731081555,0.07309512989807777,2.3,3.3
2020-03-28,Chandigarh,NR,30.71999697,76.78000565,2.3,2020,3,5,88,1,0,19.8,71,2.3,5.5,3.9,2.2714285714285714,0.048795003647524156,4.379999999999999,-0.9749279121818236,-0.2225209339563146,1.0,6.123233995736766e-17,0.9984354211555643,0.055916990100603484,3.5,3.0
2020-03-29,Chandigarh,NR,30.71999697,76.78000565,3.5,2020,3,6,89,1,0,20.9,55,2.3,2.2,3.6,2.457142857142857,0.46136443605587124,4.376666666666666,-0.7818314824680299,0.6234898018587334,1.0,6.123233995736766e-17,0.9992500112396835,0.03872228089217446,3.5,3.1
2020-03-30,Chandigarh,NR,30.71999697,76.78000565,3.5,2020,3,0,90,0,0,20.5,58,3.5,2.2,3.2,2.642857142857143,0.5855400437691275,4.386666666666667,0.0,1.0,1.0,6.123233995736766e-17,0.9997685019798909,0.021516097436222254,3.5,3.0
2020-03-31,Chandigarh,NR,30.71999697,76.78000565,3.5,2020,3,1,91,0,0,21.2,57,3.5,2.3,4.9,2.814285714285714,0.6414269805898252,4.34,0.7818314824680298,0.6234898018587336,1.0,6.123233995736766e-17,0.9999907397361901,0.004303538296244289,3.5,3.3
2020-04-01,Chandigarh,NR,30.71999697,76.78000565,3.5,2020,4,2,92,0,0,22.7,50,3.5,2.3,4.9,2.9857142857142853,0.6414269805898248,4.293333333333333,0.9749279121818236,-0.22252093395631434,0.8660254037844387,-0.4999999999999998,0.9999166586547379,-0.01291029607500882,3.4,3.1
2020-04-02,Chandigarh,NR,30.71999697,76.78000565,3.4,2020,4,3,93,0,1,21.8,42,3.5,2.3,5.1,3.142857142857143,0.5769377287516829,4.236666666666666,0.43388373911755823,-0.900968867902419,0.8660254037844387,-0.4999999999999998,0.9995462806873573,-0.030120304846908114,3.3,3.3
2020-04-03,Chandigarh,NR,30.71999697,76.78000565,3.3,2020,4,4,94,0,0,20.8,43,3.4,2.3,5.4,3.2857142857142856,0.44131837120372874,4.166666666666667,-0.433883739117558,-0.9009688679024191,0.8660254037844387,-0.4999999999999998,0.9988797155850336,-0.04732138832243185,3.0,3.1
2020-04-04,Chandigarh,NR,30.71999697,76.78000565,3.0,2020,4,5,95,1,0,22.5,45,3.3,2.3,5.3,3.3857142857142857,0.18644544714717987,4.09,-0.9749279121818236,-0.2225209339563146,0.8660254037844387,-0.4999999999999998,0.9979171608653922,-0.06450844944931623,3.1,2.8
2020-04-05,Chandigarh,NR,30.71999697,76.78000565,3.1,2020,4,6,96,1,0,22.9,50,3.0,3.5,4.7,3.3285714285714283,0.2058663459163725,4.036666666666666,-0.7818314824680299,0.6234898018587334,0.8660254037844387,-0.4999999999999998,0.9966589017541702,-0.08167639533042241,3.0,3.7
2020-04-13,Chandigarh,NR,30.71999697,76.78000565,3.0,2020,4,0,104,0,0,28.3,42,3.1,3.5,4.7,3.2571428571428567,0.22253945610569104,3.98,0.0,1.0,0.8660254037844387,-0.4999999999999998,0.9760105506323683,-0.21772323039653177,3.3,3.7
2020-04-14,Chandigarh,NR,30.71999697,76.78000565,3.3,2020,4,1,105,0,1,28.0,46,3.0,3.5,4.6,3.228571428571428,0.1976047040118892,3.9366666666666665,0.7818314824680298,0.6234898018587336,0.8660254037844387,-0.4999999999999998,0.9721181966290613,-0.23449138957040985,3.1,3.6
2020-04-15,Chandigarh,NR,30.71999697,76.78000565,3.1,2020,4,2,106,0,0,29.3,35,3.3,3.5,4.7,3.1714285714285713,0.1603567451474776,3.8833333333333333,0.9749279121818236,-0.22252093395631434,0.8660254037844387,-0.4999999999999998,0.9679377830240642,-0.25119006388481935,3.3,3.6
2020-04-16,Chandigarh,NR,30.71999697,76.78000565,3.3,2020,4,3,107,0,0,28.8,36,3.1,3.4,4.7,3.1571428571428575,0.13972762620118082,3.836666666666667,0.43388373911755823,-0.900968867902419,0.8660254037844387,-0.4999999999999998,0.9634705485641488,-0.2678143051621742,3.1,3.7
2020-04-17,Chandigarh,NR,30.71999697,76.78000565,3.1,2020,4,4,108,0,0,28.0,33,3.3,3.3,4.7,3.1285714285714286,0.12535663410563144,3.783333333333333,-0.433883739117558,-0.9009688679024191,0.8660254037844387,-0.4999999999999998,0.9587178169872964,-0.2843591872810034,2.8,3.4
2020-04-18,Chandigarh,NR,30.71999697,76.78000565,2.8,2020,4,5,109,1,0,26.3,41,3.1,3.0,4.6,3.1,0.1732050807569095,3.723333333333333,-0.9749279121818236,-0.2225209339563146,0.8660254037844387,-0.4999999999999998,0.9536809966304457,-0.30081980763566735,3.7,3.2
2020-04-19,Chandigarh,NR,30.71999697,76.78000565,3.7,2020,4,6,110,1,0,25.9,41,2.8,3.1,4.4,3.185714285714286,0.28535691936341556,3.7,-0.7818314824680299,0.6234898018587334,0.8660254037844387,-0.4999999999999998,0.9483615800121715,-0.3171912885891061,3.7,6.5
2020-04-20,Chandigarh,NR,30.71999697,76.78000565,3.7,2020,4,0,111,0,0,23.6,51,3.7,3.0,4.0,3.2857142857142856,0.328778402720199,3.69,0.0,1.0,0.8660254037844387,-0.4999999999999998,0.9427611433904207,-0.3334687789181868,3.6,5.2
2020-04-21,Chandigarh,NR,30.71999697,76.78000565,3.6,2020,4,1,112,0,0,23.9,48,3.7,3.3,6.5,3.3285714285714287,0.34982989063394737,3.5933333333333333,0.7818314824680298,0.6234898018587336,0.8660254037844387,-0.4999999999999998,0.9368813462954315,-0.3496474552512284,3.6,5.9
2020-04-22,Chandigarh,NR,30.71999697,76.78000565,3.6,2020,4,2,113,0,0,25.2,42,3.6,3.1,6.0,3.4,0.34641016151378573,3.5133333333333336,0.9749279121818236,-0.22252093395631434,0.8660254037844387,-0.4999999999999998,0.9307239310379795,-0.36572252349726897,3.7,5.7
2020-04-23,Chandigarh,NR,30.71999697,76.78000565,3.7,2020,4,3,114,0,0,26.8,37,3.6,3.3,5.6,3.457142857142857,0.3598941643369848,3.45,0.43388373911755823,-0.900968867902419,0.8660254037844387,-0.4999999999999998,0.9242907221930933,-0.3816892202666588,3.4,5.7
2020-04-24,Chandigarh,NR,30.71999697,76.78000565,3.4,2020,4,4,115,0,0,27.2,40,3.7,3.1,6.5,3.5,0.32659863237110126,3.3466666666666662,-0.433883739117558,-0.9009688679024191,0.8660254037844387,-0.4999999999999998,0.9175836260593937,-0.39754281428255595,3.2,5.7
2020-04-25,Chandigarh,NR,30.71999697,76.78000565,3.2,2020,4,5,116,1,0,27.0,45,3.4,2.8,6.0,3.5571428571428574,0.19023794624228685,3.253333333333333,-0.9749279121818236,-0.2225209339563146,0.8660254037844387,-0.4999999999999998,0.9106046300942162,-0.4132786077829042,6.5,6.1
2020-04-26,Chandigarh,NR,30.71999697,76.78000565,6.5,2020,4,6,117,1,0,25.0,57,3.2,3.7,5.9,3.9571428571428577,1.135572018642506,3.2733333333333334,-0.7818314824680299,0.6234898018587334,0.8660254037844387,-0.4999999999999998,0.9033558023246845,-0.4288919379124835,5.2,2.9
2020-04-27,Chandigarh,NR,30.71999697,76.78000565,5.2,2020,4,0,118,0,0,23.7,64,6.5,3.7,5.5,4.171428571428572,1.2175306782093662,3.2633333333333336,0.0,1.0,0.8660254037844387,-0.4999999999999998,0.895839290734909,-0.4443781781046132,5.9,3.0
2020-04-28,Chandigarh,NR,30.71999697,76.78000565,5.9,2020,4,1,119,0,0,25.2,55,5.2,3.6,2.2,4.5,1.3416407864998763,3.3866666666666663,0.7818314824680298,0.6234898018587336,0.8660254037844387,-0.4999999999999998,0.8880573226294932,-0.45973273945210397,5.7,3.2
2020-04-29,Chandigarh,NR,30.71999697,76.78000565,5.7,2020,4,2,120,0,0,26.4,52,5.9,3.6,2.2,4.8,1.341640786499876,3.503333333333333,0.9749279121818236,-0.22252093395631434,0.8660254037844387,-0.4999999999999998,0.8800122039735357,-0.47495107206704995,5.7,3.3
2020-04-30,Chandigarh,NR,30.71999697,76.78000565,5.7,2020,4,3,121,0,0,27.0,55,5.7,3.7,2.3,5.085714285714286,1.279880946844371,3.6166666666666667,0.43388373911755823,-0.900968867902419,0.8660254037844387,-0.4999999999999998,0.8717063187093218,-0.4900286664290592,5.7,3.2
2020-05-01,Chandigarh,NR,30.71999697,76.78000565,5.7,2020,5,4,122,0,0,29.2,44,5.7,3.4,2.3,5.4142857142857155,1.0494896719018139,3.73,-0.433883739117558,-0.9009688679024191,0.49999999999999994,-0.8660254037844387,0.8631421280499114,-0.5049610547215204,6.1,3.3
2020-05-02,Chandigarh,NR,30.71999697,76.78000565,6.1,2020,5,5,123,1,0,28.3,55,5.7,3.2,2.3,5.828571428571428,0.4029651999626739,3.856666666666667,-0.9749279121818236,-0.2225209339563146,0.49999999999999994,-0.8660254037844387,0.854322169749827,-0.5197438121555155,2.9,3.4
2020-05-03,Chandigarh,NR,30.71999697,76.78000565,2.9,2020,5,6,124,1,0,27.2,57,6.1,6.5,2.3,5.314285714285714,1.0991338581334138,3.8766666666666665,-0.7818314824680299,0.6234898018587334,0.49999999999999994,-0.8660254037844387,0.8452490573530633,-0.5343725582809786,3.0,4.1
2020-05-04,Chandigarh,NR,30.71999697,76.78000565,3.0,2020,5,0,125,0,0,26.1,62,2.9,5.2,2.3,5.0,1.4083086782851757,3.9,0.0,1.0,0.49999999999999994,-0.8660254037844387,0.8359254794186372,-0.548842958284719,3.2,4.2
2020-05-05,Chandigarh,NR,30.71999697,76.78000565,3.2,2020,5,1,126,0,0,27.2,45,3.0,5.9,3.5,4.614285714285715,1.4882076148044363,3.89,0.7818314824680298,0.6234898018587336,0.49999999999999994,-0.8660254037844387,0.8263541987239096,-0.5631507242749186,3.3,4.1
2020-05-13,Chandigarh,NR,30.71999697,76.78000565,3.3,2020,5,2,134,0,0,28.1,49,3.2,5.7,3.5,4.271428571428571,1.4727686916307066,3.8833333333333333,0.9749279121818236,-0.22252093395631434,0.49999999999999994,-0.8660254037844387,0.7412220108485958,-0.6712599575675313,3.2,4.1
2020-05-14,Chandigarh,NR,30.71999697,76.78000565,3.2,2020,5,3,135,0,0,28.0,51,3.3,5.7,3.5,3.914285714285714,1.368001670842757,3.8733333333333335,0.43388373911755823,-0.900968867902419,0.49999999999999994,-0.8660254037844387,0.7295575540864875,-0.6839194216246106,3.3,4.2
2020-05-15,Chandigarh,NR,30.71999697,76.78000565,3.3,2020,5,4,136,0,0,29.7,38,3.2,5.7,3.5,3.5714285714285716,1.1250396818398398,3.8666666666666667,-0.433883739117558,-0.9009688679024191,0.49999999999999994,-0.8660254037844387,0.717676913675962,-0.6963762255968722,3.4,3.9
2020-05-16,Chandigarh,NR,30.71999697,76.78000565,3.4,2020,5,5,137,1,0,30.0,38,3.3,6.1,3.4,3.1857142857142855,0.177281052085588,3.8666666666666667,-0.9749279121818236,-0.2225209339563146,0.49999999999999994,-0.8660254037844387,0.705583610107178,-0.7086266782644596,4.1,3.5
2020-05-17,Chandigarh,NR,30.71999697,76.78000565,4.1,2020,5,6,138,1,0,30.7,30,3.4,2.9,3.3,3.357142857142857,0.3505098327538683,3.893333333333333,-0.7818314824680299,0.6234898018587334,0.49999999999999994,-0.8660254037844387,0.6932812268869777,-0.7206671495538609,4.2,3.4
2020-05-18,Chandigarh,NR,30.71999697,76.78000565,4.2,2020,5,0,139,0,0,31.1,22,4.1,3.0,3.0,3.5285714285714285,0.43094580368567015,3.933333333333333,0.0,1.0,0.49999999999999994,-0.8660254037844387,0.6807734094770161,-0.7324940716135789,4.1,3.5
2020-05-19,Chandigarh,NR,30.71999697,76.78000565,4.1,2020,5,1,140,0,0,29.8,23,4.2,3.2,3.1,3.6571428571428575,0.4503966505838445,3.966666666666667,0.7818314824680298,0.6234898018587336,0.49999999999999994,-0.8660254037844387,0.6680638642135335,-0.7441039398713607,4.1,3.2
2020-05-20,Chandigarh,NR,30.71999697,76.78000565,4.1,2020,5,2,141,0,0,30.0,25,4.1,3.3,3.0,3.7714285714285714,0.4461475305855925,4.003333333333333,0.9749279121818236,-0.22252093395631434,0.49999999999999994,-0.8660254037844387,0.6551563572090853,-0.7554933140726803,4.2,3.5
2020-05-21,Chandigarh,NR,30.71999697,76.78000565,4.2,2020,5,3,142,0,0,31.7,25,4.1,3.2,3.3,3.914285714285714,0.38913824205361147,4.033333333333333,0.43388373911755823,-0.900968867902419,0.49999999999999994,-0.8660254037844387,0.6420547132365637,-0.766658819300159,3.9,3.6
