timestamp,node_id,region,latitude,longitude,consumption_mu,year,month,dayofweek,dayofyear,is_weekend,is_holiday,temperature_c,humidity,lag_1d,lag_7d,lag_30d,roll_mean_7d,roll_std_7d,roll_mean_30d,dow_sin,dow_cos,month_sin,month_cos,doy_sin,doy_cos,target_next_1d,target_next_7d
2019-02-02,Mizoram,NER,23.71039899,92.72001461,1.6,2019,2,5,33,1,0,12.4,60,1.6,1.7,1.9,1.5999999999999999,0.10000000000000071,1.7166666666666666,-0.9749279121818236,-0.2225209339563146,0.8660254037844386,0.5000000000000001,0.5380051715382996,0.8429415373547828,1.6,1.8
2019-02-03,Mizoram,NER,23.71039899,92.72001461,1.6,2019,2,6,34,1,0,12.6,63,1.6,1.6,1.8,1.5999999999999999,0.10000000000000071,1.71,-0.7818314824680299,0.6234898018587334,0.8660254037844386,0.5000000000000001,0.5524353131676196,0.8335557718385699,1.5,1.7
2019-02-04,Mizoram,NER,23.71039899,92.72001461,1.5,2019,2,0,35,0,0,12.0,61,1.6,1.8,1.7,1.557142857142857,0.05345224838248669,1.7033333333333334,0.0,1.0,0.8660254037844386,0.5000000000000001,0.5667017562911176,0.8239230057575542,1.5,1.6
2019-02-05,Mizoram,NER,23.71039899,92.72001461,1.5,2019,2,1,36,0,0,11.5,65,1.5,1.5,1.8,1.557142857142857,0.05345224838248669,1.6933333333333331,0.7818314824680298,0.6234898018587336,0.8660254037844386,0.5000000000000001,0.5808002734538009,0.8140460935082178,1.6,1.9
2019-02-06,Mizoram,NER,23.71039899,92.72001461,1.6,2019,2,2,37,0,0,12.1,63,1.5,1.5,1.9,1.5714285714285714,0.04879500364742847,1.6833333333333333,0.9749279121818236,-0.22252093395631434,0.8660254037844386,0.5000000000000001,0.5947266869607634,0.8039279618328213,1.7,1.7
2019-02-07,Mizoram,NER,23.71039899,92.72001461,1.7,2019,2,3,38,0,0,12.6,64,1.6,1.6,1.8,1.5857142857142856,0.06900655593423655,1.6800000000000002,0.43388373911755823,-0.900968867902419,0.8660254037844386,0.5000000000000001,0.6084768701151261,0.7935716089521474,1.7,1.9
2019-02-08,Mizoram,NER,23.71039899,92.72001461,1.7,2019,2,4,39,0,0,14.2,66,1.7,1.6,1.8,1.5999999999999999,0.08164965809277343,1.6766666666666665,-0.433883739117558,-0.9009688679024191,0.8660254037844386,0.5000000000000001,0.6220467484408675,0.7829801036770629,1.8,1.8
2019-02-09,Mizoram,NER,23.71039899,92.72001461,1.8,2019,2,5,40,1,0,15.6,68,1.7,1.6,1.7,1.6285714285714286,0.11126972805283786,1.6800000000000002,-0.9749279121818236,-0.2225209339563146,0.8660254037844386,0.5000000000000001,0.6354323008901774,0.7721565844991642,1.7,1.9
2019-02-10,Mizoram,NER,23.71039899,92.72001461,1.7,2019,2,6,41,1,0,14.6,69,1.8,1.6,1.7,1.6428571428571428,0.1133893419027686,1.68,-0.7818314824680299,0.6234898018587334,0.8660254037844386,0.5000000000000001,0.6486295610349814,0.7611042586607747,1.6,1.9
2019-02-11,Mizoram,NER,23.71039899,92.72001461,1.6,2019,2,0,42,0,0,13.7,69,1.7,1.5,1.8,1.6571428571428573,0.09759000729485375,1.6733333333333333,0.0,1.0,0.8660254037844386,0.5000000000000001,0.6616346182422783,0.7498264012045686,1.9,1.8
2019-02-12,Mizoram,NER,23.71039899,92.72001461,1.9,2019,2,1,43,0,0,14.0,63,1.6,1.5,1.8,1.7142857142857142,0.10690449676496976,1.6766666666666665,0.7818314824680298,0.6234898018587336,0.8660254037844386,0.5000000000000001,0.6744436188329455,0.7383263540031065,1.7,1.9
2019-02-13,Mizoram,NER,23.71039899,92.72001461,1.7,2019,2,2,44,0,0,14.5,56,1.9,1.6,1.8,1.7285714285714284,0.0951189731211341,1.6733333333333333,0.9749279121818236,-0.22252093395631434,0.8660254037844386,0.5000000000000001,0.6870527672236669,0.7266075247685656,1.9,2.0
2019-02-14,Mizoram,NER,23.71039899,92.72001461,1.9,2019,2,3,45,0,0,14.6,58,1.7,1.7,1.8,1.7571428571428573,0.11338934190276795,1.6766666666666667,0.43388373911755823,-0.900968867902419,0.8660254037844386,0.5000000000000001,0.699458327051647,0.7146733860429609,1.8,1.5
2019-02-15,Mizoram,NER,23.71039899,92.72001461,1.8,2019,2,4,46,0,0,15.2,60,1.9,1.7,1.7,1.7714285714285716,0.11126972805283708,1.68,-0.433883739117558,-0.9009688679024191,0.8660254037844386,0.5000000000000001,0.7116566222817746,0.7025274741691571,1.9,1.7
2019-02-16,Mizoram,NER,23.71039899,92.72001461,1.9,2019,2,5,47,1,0,13.8,72,1.8,1.8,1.8,1.7857142857142858,0.12149857925879087,1.6833333333333333,-0.9749279121818236,-0.2225209339563146,0.8660254037844386,0.5000000000000001,0.7236440382959124,0.6901733882429719,1.9,1.8
2019-02-17,Mizoram,NER,23.71039899,92.72001461,1.9,2019,2,6,48,1,0,13.1,74,1.9,1.7,1.8,1.8142857142857145,0.12149857925879078,1.6866666666666668,-0.7818314824680299,0.6234898018587334,0.8660254037844386,0.5000000000000001,0.7354170229639855,0.6776147890466889,1.8,1.7
2019-02-18,Mizoram,NER,23.71039899,92.72001461,1.8,2019,2,0,49,0,0,13.9,66,1.9,1.6,1.6,1.8428571428571427,0.07867957924694365,1.6933333333333331,0.0,1.0,0.8660254037844386,0.5000000000000001,0.7469720876965552,0.6648553979642865,1.9,1.7
2019-02-19,Mizoram,NER,23.71039899,92.72001461,1.9,2019,2,1,50,0,0,14.0,69,1.8,1.9,1.6,1.842857142857143,0.07867957924694365,1.7033333333333334,0.7818314824680298,0.6234898018587336,0.8660254037844386,0.5000000000000001,0.7583058084785624,0.6518989958787126,2.0,1.8
2019-02-20,Mizoram,NER,23.71039899,92.72001461,2.0,2019,2,2,51,0,0,15.0,68,1.9,1.7,1.7,1.8857142857142857,0.06900655593423437,1.7133333333333334,0.9749279121818236,-0.22252093395631434,0.8660254037844386,0.5000000000000001,0.7694148268839378,0.6387494220515272,1.5,1.7
2019-02-21,Mizoram,NER,23.71039899,92.72001461,1.5,2019,2,3,52,0,0,15.2,66,2.0,1.9,1.8,1.8285714285714285,0.16035674514745432,1.7033333333333334,0.43388373911755823,-0.900968867902419,0.8660254037844386,0.5000000000000001,0.7802958510707755,0.6254105729852463,1.7,1.5
2019-02-22,Mizoram,NER,23.71039899,92.72001461,1.7,2019,2,4,53,0,0,15.8,67,1.5,1.8,1.8,1.8142857142857143,0.1676163419695049,1.7,-0.433883739117558,-0.9009688679024191,0.8660254037844386,0.5000000000000001,0.7909456567567772,0.6118864012687243,1.8,1.7
2019-02-23,Mizoram,NER,23.71039899,92.72001461,1.8,2019,2,5,54,1,0,17.2,69,1.7,1.9,1.8,1.8,0.16329931618554497,1.7,-0.9749279121818236,-0.2225209339563146,0.8660254037844386,0.5000000000000001,0.8013610881746766,0.5981809144059165,1.7,1.7
2019-02-24,Mizoram,NER,23.71039899,92.72001461,1.7,2019,2,6,55,1,0,17.4,72,1.8,1.9,1.6,1.7714285714285711,0.16035674514745446,1.7033333333333334,-0.7818314824680299,0.6234898018587334,0.8660254037844386,0.5000000000000001,0.8115390590073611,0.5842981736283684,1.7,1.6
2019-02-25,Mizoram,NER,23.71039899,92.72001461,1.7,2019,2,0,56,0,0,12.7,91,1.7,1.8,1.7,1.7571428571428573,0.1618347187425373,1.7033333333333331,0.0,1.0,0.8660254037844386,0.5000000000000001,0.8214765533024142,0.5702422926917871,1.8,1.8
2019-02-26,Mizoram,NER,23.71039899,92.72001461,1.8,2019,2,1,57,0,0,13.6,82,1.7,1.9,1.6,1.7428571428571427,0.15118578920369083,1.7100000000000002,0.7818314824680298,0.6234898018587336,0.8660254037844386,0.5000000000000001,0.8311706263658079,0.5560174366570446,1.7,1.7
2019-02-27,Mizoram,NER,23.71039899,92.72001461,1.7,2019,2,2,58,0,0,13.0,89,1.8,2.0,1.8,1.7,0.10000000000000016,1.7066666666666666,0.9749279121818236,-0.22252093395631434,0.8660254037844386,0.5000000000000001,0.8406184056344782,0.5416278206559814,1.5,1.7
2019-02-28,Mizoram,NER,23.71039899,92.72001461,1.5,2019,2,3,59,0,0,12.0,97,1.7,1.5,1.5,1.7,0.10000000000000016,1.7066666666666666,0.43388373911755823,-0.900968867902419,0.8660254037844386,0.5000000000000001,0.8498170915275278,0.5270777086423722,1.7,1.7
2019-03-02,Mizoram,NER,23.71039899,92.72001461,1.7,2019,3,5,61,1,0,12.2,69,1.5,1.7,1.5,1.7,0.10000000000000016,1.7133333333333334,-0.9749279121818236,-0.2225209339563146,1.0,6.123233995736766e-17,0.8674563547295969,0.49751328890718066,1.7,1.7
2019-03-03,Mizoram,NER,23.71039899,92.72001461,1.7,2019,3,6,62,1,0,12.9,65,1.7,1.8,1.6,1.6857142857142857,0.08997354108424402,1.7166666666666666,-0.7818314824680299,0.6234898018587334,1.0,6.123233995736766e-17,0.8758917051442429,0.48250774176121847,1.6,1.6
2019-03-04,Mizoram,NER,23.71039899,92.72001461,1.6,2019,3,0,63,0,1,13.5,71,1.7,1.7,1.6,1.6714285714285715,0.09511897312113454,1.7166666666666666,0.0,1.0,1.0,6.123233995736766e-17,0.8840675099433636,0.4673592171580022,1.8,1.8
2019-03-05,Mizoram,NER,23.71039899,92.72001461,1.8,2019,3,1,64,0,0,12.1,93,1.6,1.7,1.6,1.6857142857142855,0.10690449676497,1.7233333333333334,0.7818314824680298,0.6234898018587336,1.0,6.123233995736766e-17,0.8919813464595485,0.45207220393230435,1.7,1.8
2019-03-06,Mizoram,NER,23.71039899,92.72001461,1.7,2019,3,2,65,0,0,14.3,88,1.8,1.8,1.6,1.6714285714285715,0.09511897312113453,1.7266666666666666,0.9749279121818236,-0.22252093395631434,1.0,6.123233995736766e-17,0.8996308696522433,0.43665123195606403,1.7,1.8
2019-03-07,Mizoram,NER,23.71039899,92.72001461,1.7,2019,3,3,66,0,0,14.5,88,1.7,1.7,1.5,1.6714285714285713,0.09511897312113453,1.7333333333333334,0.43388373911755823,-0.900968867902419,1.0,6.123233995736766e-17,0.9070138128026359,0.4211008707960896,1.7,1.7
2019-03-08,Mizoram,NER,23.71039899,92.72001461,1.7,2019,3,4,67,0,0,13.8,78,1.7,1.5,1.5,1.6999999999999997,0.05773502691896284,1.74,-0.433883739117558,-0.9009688679024191,1.0,6.123233995736766e-17,0.9141279881853337,0.40542572835999735,1.7,1.5
2019-03-09,Mizoram,NER,23.71039899,92.72001461,1.7,2019,3,5,68,1,0,13.8,68,1.7,1.7,1.6,1.7,0.05773502691896284,1.7433333333333332,-0.9749279121818236,-0.2225209339563146,1.0,6.123233995736766e-17,0.9209712877166346,0.38963044953078796,1.6,1.6
2019-03-10,Mizoram,NER,23.71039899,92.72001461,1.6,2019,3,6,69,1,0,14.6,70,1.7,1.7,1.7,1.6857142857142855,0.06900655593423574,1.7399999999999998,-0.7818314824680299,0.6234898018587334,1.0,6.123233995736766e-17,0.9275416835791966,0.37371971479046906,1.8,1.4
2019-03-11,Mizoram,NER,23.71039899,92.72001461,1.8,2019,3,0,70,0,0,15.8,75,1.6,1.6,1.7,1.7142857142857142,0.06900655593423552,1.7433333333333332,0.0,1.0,1.0,6.123233995736766e-17,0.9338372288229252,0.35769823883312546,1.8,1.4
2019-03-12,Mizoram,NER,23.71039899,92.72001461,1.8,2019,3,1,71,0,0,16.4,76,1.8,1.8,1.8,1.7142857142857142,0.06900655593423552,1.7433333333333332,0.7818314824680298,0.6234898018587336,1.0,6.123233995736766e-17,0.9398560579418954,0.3415707691678556,1.8,1.4
2019-03-13,Mizoram,NER,23.71039899,92.72001461,1.8,2019,3,2,72,0,0,17.0,75,1.8,1.7,1.7,1.7285714285714284,0.07559289460184543,1.7466666666666666,0.9749279121818236,-0.22252093395631434,1.0,6.123233995736766e-17,0.9455963874271426,0.3253420847119801,1.7,1.4
2019-03-14,Mizoram,NER,23.71039899,92.72001461,1.7,2019,3,3,73,0,0,17.8,74,1.8,1.7,1.6,1.7285714285714284,0.07559289460184543,1.75,0.43388373911755823,-0.900968867902419,1.0,6.123233995736766e-17,0.9510565162951535,0.30901699437494745,1.5,1.4
2019-03-15,Mizoram,NER,23.71039899,92.72001461,1.5,2019,3,4,74,0,0,18.6,68,1.7,1.7,1.9,1.6999999999999997,0.11547005383792526,1.7366666666666668,-0.433883739117558,-0.9009688679024191,1.0,6.123233995736766e-17,0.9562348265919056,0.29260033563334836,1.6,1.7
2019-03-16,Mizoram,NER,23.71039899,92.72001461,1.6,2019,3,5,75,1,0,18.0,70,1.5,1.7,1.7,1.6857142857142857,0.12149857925879132,1.7333333333333334,-0.9749279121818236,-0.2225209339563146,1.0,6.123233995736766e-17,0.9611297838723007,0.27609697309746883,1.4,1.7
2019-03-17,Mizoram,NER,23.71039899,92.72001461,1.4,2019,3,6,76,1,0,18.0,70,1.6,1.6,1.9,1.657142857142857,0.1618347187425377,1.7166666666666666,-0.7818314824680299,0.6234898018587334,1.0,6.123233995736766e-17,0.9657399376548549,0.2595117970697999,1.4,1.8
2019-03-18,Mizoram,NER,23.71039899,92.72001461,1.4,2019,3,0,77,0,0,17.0,74,1.4,1.8,1.8,1.5999999999999999,0.1732050807568882,1.7033333333333334,0.0,1.0,1.0,6.123233995736766e-17,0.9700639218515071,0.2428497220959356,1.4,1.8
2019-03-19,Mizoram,NER,23.71039899,92.72001461,1.4,2019,3,1,78,0,0,16.5,74,1.4,1.8,1.9,1.542857142857143,0.16183471874253813,1.6866666666666668,0.7818314824680298,0.6234898018587336,1.0,6.123233995736766e-17,0.9741004551724205,0.22611568550828828,1.4,1.8
2019-03-20,Mizoram,NER,23.71039899,92.72001461,1.4,2019,3,2,79,0,0,17.3,72,1.4,1.8,1.9,1.4857142857142858,0.12149857925879243,1.6699999999999997,0.9749279121818236,-0.22252093395631434,1.0,6.123233995736766e-17,0.9778483415056568,0.20931464596304847,1.4,1.8
2019-03-21,Mizoram,NER,23.71039899,92.72001461,1.4,2019,3,3,80,0,1,17.4,72,1.4,1.7,1.8,1.4428571428571428,0.07867957924694659,1.6566666666666667,0.43388373911755823,-0.900968867902419,1.0,6.123233995736766e-17,0.9813064702716093,0.19245158197082998,1.7,1.8
2019-03-22,Mizoram,NER,23.71039899,92.72001461,1.7,2019,3,4,81,0,0,17.4,79,1.4,1.5,1.9,1.4714285714285715,0.12535663410560308,1.65,-0.433883739117558,-0.9009688679024191,1.0,6.123233995736766e-17,0.9844738167520922,0.1755314904214282,1.7,1.7
2019-03-23,Mizoram,NER,23.71039899,92.72001461,1.7,2019,3,5,82,1,0,18.1,79,1.7,1.6,2.0,1.4857142857142855,0.14638501094228104,1.6400000000000001,-0.9749279121818236,-0.2225209339563146,1.0,6.123233995736766e-17,0.9873494423939864,0.15855938510313475,1.8,1.9
2019-03-24,Mizoram,NER,23.71039899,92.72001461,1.8,2019,3,6,83,1,0,18.0,68,1.7,1.4,1.5,1.542857142857143,0.1812653934349939,1.65,-0.7818314824680299,0.6234898018587334,1.0,6.123233995736766e-17,0.989932495087353,0.141540295217043,1.8,1.9
2019-03-25,Mizoram,NER,23.71039899,92.72001461,1.8,2019,3,0,84,0,0,17.7,57,1.8,1.4,1.7,1.5999999999999999,0.19148542155126821,1.6533333333333333,0.0,1.0,1.0,6.123233995736766e-17,0.9922222094179323,0.12447926388678915,1.8,1.9
2019-03-26,Mizoram,NER,23.71039899,92.72001461,1.8,2019,3,1,85,0,0,18.4,57,1.8,1.4,1.8,1.657142857142857,0.18126539343499365,1.6533333333333333,0.7818314824680298,0.6234898018587336,1.0,6.123233995736766e-17,0.994217906893952,0.10738134666416309,1.8,1.6
2019-03-27,Mizoram,NER,23.71039899,92.72001461,1.8,2019,3,2,86,0,0,17.4,70,1.8,1.4,1.7,1.7142857142857142,0.1463850109422804,1.6566666666666665,0.9749279121818236,-0.22252093395631434,1.0,6.123233995736766e-17,0.995918996147179,0.09025161003104117,1.8,1.6
2019-03-28,Mizoram,NER,23.71039899,92.72001461,1.8,2019,3,3,87,0,0,17.4,66,1.8,1.4,1.7,1.7714285714285716,0.048795003647427414,1.6600000000000001,0.43388373911755823,-0.900968867902419,1.0,6.123233995736766e-17,0.9973249731081555,0.07309512989807777,1.7,1.4
2019-03-29,Mizoram,NER,23.71039899,92.72001461,1.7,2019,3,4,88,0,0,18.3,61,1.8,1.7,1.8,1.7714285714285716,0.048795003647427414,1.6566666666666665,-0.433883739117558,-0.9009688679024191,1.0,6.123233995736766e-17,0.9984354211555643,0.055916990100603484,1.9,1.9
2019-03-30,Mizoram,NER,23.71039899,92.72001461,1.9,2019,3,5,89,1,0,19.5,60,1.7,1.7,1.7,1.8,0.057735026918963005,1.6633333333333336,-0.9749279121818236,-0.2225209339563146,1.0,6.123233995736766e-17,0.9992500112396835,0.03872228089217446,1.9,1.7
2019-03-31,Mizoram,NER,23.71039899,92.72001461,1.9,2019,3,6,90,1,0,18.5,72,1.9,1.8,1.5,1.8142857142857143,0.06900655593423571,1.6766666666666667,-0.7818314824680299,0.6234898018587334,1.0,6.123233995736766e-17,0.9997685019798909,0.021516097436222254,1.9,1.7
2019-04-02,Mizoram,NER,23.71039899,92.72001461,1.9,2019,4,1,92,0,0,18.2,78,1.9,1.8,1.7,1.8285714285714287,0.07559289460184565,1.6833333333333333,0.7818314824680298,0.6234898018587336,0.8660254037844387,-0.4999999999999998,0.9999166586547379,-0.01291029607500882,1.6,1.8
2019-04-03,Mizoram,NER,23.71039899,92.72001461,1.6,2019,4,2,93,0,0,18.4,75,1.9,1.8,1.7,1.8,0.11547005383792529,1.68,0.9749279121818236,-0.22252093395631434,0.8660254037844387,-0.4999999999999998,0.9995462806873573,-0.030120304846908114,1.6,1.8
2019-04-04,Mizoram,NER,23.71039899,92.72001461,1.6,2019,4,3,94,0,0,19.4,74,1.6,1.8,1.6,1.7714285714285711,0.13801311186847096,1.6800000000000002,0.43388373911755823,-0.900968867902419,0.8660254037844387,-0.4999999999999998,0.9988797155850336,-0.04732138832243185,1.4,1.8
2019-04-05,Mizoram,NER,23.71039899,92.72001461,1.4,2019,4,4,95,0,0,19.7,76,1.6,1.8,1.8,1.7142857142857142,0.1951800145897068,1.6666666666666667,-0.433883739117558,-0.9009688679024191,0.8660254037844387,-0.4999999999999998,0.9979171608653922,-0.06450844944931623,1.9,1.5
2019-04-06,Mizoram,NER,23.71039899,92.72001461,1.9,2019,4,5,96,1,0,18.7,82,1.4,1.7,1.7,1.7428571428571427,0.2070196678027064,1.6733333333333333,-0.9749279121818236,-0.2225209339563146,0.8660254037844387,-0.4999999999999998,0.9966589017541702,-0.08167639533042241,1.7,1.9
2019-04-07,Mizoram,NER,23.71039899,92.72001461,1.7,2019,4,6,97,1,0,17.9,83,1.9,1.9,1.7,1.7142857142857142,0.1951800145897068,1.6733333333333333,-0.7818314824680299,0.6234898018587334,0.8660254037844387,-0.4999999999999998,0.9951053111006976,-0.09882013873287143,1.7,1.5
2019-04-08,Mizoram,NER,23.71039899,92.72001461,1.7,2019,4,0,98,0,0,17.5,84,1.7,1.9,1.7,1.6857142857142857,0.1772810520855839,1.6733333333333331,0.0,1.0,0.8660254037844387,-0.4999999999999998,0.9932568492674143,-0.11593459959550041,1.8,1.8
2019-04-09,Mizoram,NER,23.71039899,92.72001461,1.8,2019,4,1,99,0,0,18.2,77,1.7,1.9,1.7,1.6714285714285713,0.1603567451474549,1.6766666666666667,0.7818314824680298,0.6234898018587336,0.8660254037844387,-0.4999999999999998,0.9911140639934547,-0.1330147065341959,1.8,2.0
2019-04-10,Mizoram,NER,23.71039899,92.72001461,1.8,2019,4,2,100,0,0,17.0,91,1.8,1.6,1.6,1.7,0.16329931618554544,1.6833333333333333,0.9749279121818236,-0.22252093395631434,0.8660254037844387,-0.4999999999999998,0.9886775902323405,-0.1500553983446526,1.8,1.7
2019-04-11,Mizoram,NER,23.71039899,92.72001461,1.8,2019,4,3,101,0,0,18.5,81,1.8,1.6,1.8,1.7285714285714289,0.16035674514745485,1.6833333333333333,0.43388373911755823,-0.900968867902419,0.8660254037844387,-0.4999999999999998,0.9859481499638304,-0.16705162550211924,1.5,1.7
2019-04-12,Mizoram,NER,23.71039899,92.72001461,1.5,2019,4,4,102,0,0,18.9,86,1.8,1.4,1.8,1.7428571428571427,0.1272418020560706,1.6733333333333331,-0.433883739117558,-0.9009688679024191,0.8660254037844387,-0.4999999999999998,0.9829265519799822,-0.18399835165768005,1.9,1.7
2019-04-13,Mizoram,NER,23.71039899,92.72001461,1.9,2019,4,5,103,1,1,19.9,84,1.5,1.9,1.8,1.7428571428571427,0.1272418020560706,1.6766666666666667,-0.9749279121818236,-0.2225209339563146,0.8660254037844387,-0.4999999999999998,0.9796136916454901,-0.20089055513063506,1.5,1.9
2019-04-14,Mizoram,NER,23.71039899,92.72001461,1.5,2019,4,6,104,1,1,21.3,75,1.9,1.7,1.7,1.7142857142857142,0.15735915849388882,1.6700000000000002,-0.7818314824680299,0.6234898018587334,0.8660254037844387,-0.4999999999999998,0.9760105506323683,-0.21772323039653177,1.8,1.9
2019-04-15,Mizoram,NER,23.71039899,92.72001461,1.8,2019,4,0,105,0,0,21.8,70,1.5,1.7,1.5,1.7285714285714284,0.16035674514745482,1.68,0.0,1.0,0.8660254037844387,-0.4999999999999998,0.9721181966290613,-0.23449138957040985,2.0,1.7
2019-04-16,Mizoram,NER,23.71039899,92.72001461,2.0,2019,4,1,106,0,0,21.8,74,1.8,1.8,1.6,1.7571428571428573,0.19023794624226853,1.6933333333333331,0.7818314824680298,0.6234898018587336,0.8660254037844387,-0.4999999999999998,0.9679377830240642,-0.25119006388481935,1.7,1.6
2019-04-17,Mizoram,NER,23.71039899,92.72001461,1.7,2019,4,2,107,0,1,22.7,70,2.0,1.8,1.4,1.7428571428571427,0.19023794624226853,1.7033333333333334,0.9749279121818236,-0.22252093395631434,0.8660254037844387,-0.4999999999999998,0.9634705485641488,-0.2678143051621742,1.7,1.7
2019-04-18,Mizoram,NER,23.71039899,92.72001461,1.7,2019,4,3,108,0,0,21.8,69,1.7,1.8,1.4,1.7285714285714284,0.18898223650461377,1.7133333333333334,0.43388373911755823,-0.900968867902419,0.8660254037844387,-0.4999999999999998,0.9587178169872964,-0.2843591872810034,1.7,1.6
2019-04-19,Mizoram,NER,23.71039899,92.72001461,1.7,2019,4,4,109,0,1,20.6,68,1.7,1.5,1.4,1.7571428571428573,0.1618347187425376,1.7233333333333334,-0.433883739117558,-0.9009688679024191,0.8660254037844387,-0.4999999999999998,0.9536809966304457,-0.30081980763566735,1.9,1.7
2019-04-20,Mizoram,NER,23.71039899,92.72001461,1.9,2019,4,5,110,1,0,19.5,76,1.7,1.9,1.4,1.7571428571428573,0.1618347187425376,1.74,-0.9749279121818236,-0.2225209339563146,0.8660254037844387,-0.4999999999999998,0.9483615800121715,-0.3171912885891061,1.9,1.9
2019-04-21,Mizoram,NER,23.71039899,92.72001461,1.9,2019,4,6,111,1,0,20.3,65,1.9,1.5,1.4,1.8142857142857143,0.12149857925879129,1.7566666666666666,-0.7818314824680299,0.6234898018587334,0.8660254037844387,-0.4999999999999998,0.9427611433904207,-0.3334687789181868,1.7,1.8
2019-04-22,Mizoram,NER,23.71039899,92.72001461,1.7,2019,4,0,112,0,0,19.9,67,1.9,1.8,1.7,1.8,0.1290994448735807,1.7566666666666668,0.0,1.0,0.8660254037844387,-0.4999999999999998,0.9368813462954315,-0.3496474552512284,1.6,1.8
2019-04-23,Mizoram,NER,23.71039899,92.72001461,1.6,2019,4,1,113,0,0,20.7,62,1.7,2.0,1.7,1.7428571428571427,0.11338934190276848,1.7533333333333334,0.7818314824680298,0.6234898018587336,0.8660254037844387,-0.4999999999999998,0.9307239310379795,-0.36572252349726897,1.7,1.9
2019-04-24,Mizoram,NER,23.71039899,92.72001461,1.7,2019,4,2,114,0,0,21.4,57,1.6,1.7,1.8,1.7428571428571427,0.11338934190276848,1.75,0.9749279121818236,-0.22252093395631434,0.8660254037844387,-0.4999999999999998,0.9242907221930933,-0.3816892202666588,1.6,1.7
2019-04-25,Mizoram,NER,23.71039899,92.72001461,1.6,2019,4,3,115,0,0,22.2,62,1.7,1.7,1.8,1.7285714285714284,0.12535663410560205,1.7433333333333332,0.43388373911755823,-0.900968867902419,0.8660254037844387,-0.4999999999999998,0.9175836260593937,-0.39754281428255595,1.7,1.7
2019-04-26,Mizoram,NER,23.71039899,92.72001461,1.7,2019,4,4,116,0,0,22.8,64,1.6,1.7,1.8,1.7285714285714284,0.12535663410560205,1.74,-0.433883739117558,-0.9009688679024191,0.8660254037844387,-0.4999999999999998,0.9106046300942162,-0.4132786077829042,1.9,1.7
2019-04-27,Mizoram,NER,23.71039899,92.72001461,1.9,2019,4,5,117,1,0,23.0,62,1.7,1.9,1.8,1.7285714285714284,0.12535663410560205,1.7433333333333334,-0.9749279121818236,-0.2225209339563146,0.8660254037844387,-0.4999999999999998,0.9033558023246845,-0.4288919379124835,1.8,1.6
2019-04-28,Mizoram,NER,23.71039899,92.72001461,1.8,2019,4,6,118,1,0,23.2,72,1.9,1.9,1.8,1.7142857142857142,0.10690449676497017,1.7433333333333332,-0.7818314824680299,0.6234898018587334,0.8660254037844387,-0.4999999999999998,0.895839290734909,-0.4443781781046132,1.8,1.6
2019-04-29,Mizoram,NER,23.71039899,92.72001461,1.8,2019,4,0,119,0,0,22.9,70,1.8,1.7,1.7,1.7285714285714284,0.11126972805283773,1.7466666666666668,0.0,1.0,0.8660254037844387,-0.4999999999999998,0.8880573226294932,-0.45973273945210397,1.9,1.6
2019-04-30,Mizoram,NER,23.71039899,92.72001461,1.9,2019,4,1,120,0,0,23.1,70,1.8,1.6,1.9,1.7714285714285716,0.11126972805283757,1.7466666666666666,0.7818314824680298,0.6234898018587336,0.8660254037844387,-0.4999999999999998,0.8800122039735357,-0.47495107206704995,1.7,1.6
2019-05-02,Mizoram,NER,23.71039899,92.72001461,1.7,2019,5,3,122,0,0,23.0,77,1.9,1.7,1.9,1.7714285714285711,0.11126972805283757,1.7399999999999998,0.43388373911755823,-0.900968867902419,0.49999999999999994,-0.8660254037844387,0.8631421280499114,-0.5049610547215204,1.7,1.7
2019-05-03,Mizoram,NER,23.71039899,92.72001461,1.7,2019,5,4,123,0,0,21.7,84,1.7,1.6,1.9,1.7857142857142858,0.08997354108424395,1.7333333333333334,-0.433883739117558,-0.9009688679024191,0.49999999999999994,-0.8660254037844387,0.854322169749827,-0.5197438121555155,1.7,1.4
2019-05-04,Mizoram,NER,23.71039899,92.72001461,1.7,2019,5,5,124,1,0,20.1,90,1.7,1.7,1.6,1.7857142857142858,0.08997354108424395,1.7366666666666666,-0.9749279121818236,-0.2225209339563146,0.49999999999999994,-0.8660254037844387,0.8452490573530633,-0.5343725582809786,1.6,1.6
2019-05-05,Mizoram,NER,23.71039899,92.72001461,1.6,2019,5,6,125,1,0,21.1,76,1.7,1.9,1.6,1.7428571428571427,0.09759000729485368,1.7366666666666666,-0.7818314824680299,0.6234898018587334,0.49999999999999994,-0.8660254037844387,0.8359254794186372,-0.548842958284719,1.6,1.9
2019-05-06,Mizoram,NER,23.71039899,92.72001461,1.6,2019,5,0,126,0,0,21.7,77,1.6,1.8,1.4,1.7142857142857142,0.10690449676497013,1.7433333333333332,0.0,1.0,0.49999999999999994,-0.8660254037844387,0.8263541987239096,-0.5631507242749186,1.6,1.9
2019-05-07,Mizoram,NER,23.71039899,92.72001461,1.6,2019,5,1,127,0,0,22.0,71,1.6,1.8,1.9,1.6857142857142857,0.10690449676497023,1.7333333333333334,0.7818314824680298,0.6234898018587336,0.49999999999999994,-0.8660254037844387,0.8165380514459161,-0.5772916165517272,1.6,2.0
2019-05-08,Mizoram,NER,23.71039899,92.72001461,1.6,2019,5,2,128,0,0,22.3,72,1.6,1.9,1.7,1.6428571428571428,0.05345224838248634,1.73,0.9749279121818236,-0.22252093395631434,0.49999999999999994,-0.8660254037844387,0.8064799463209448,-0.5912614448635781,1.7,1.9
2019-05-09,Mizoram,NER,23.71039899,92.72001461,1.7,2019,5,3,129,0,0,22.9,73,1.6,1.7,1.7,1.6428571428571428,0.05345224838248634,1.73,0.43388373911755823,-0.900968867902419,0.49999999999999994,-0.8660254037844387,0.7961828637826158,-0.6050560696488488,1.4,1.7
2019-05-10,Mizoram,NER,23.71039899,92.72001461,1.4,2019,5,4,130,0,0,23.5,73,1.7,1.7,1.8,1.5999999999999999,0.10000000000000109,1.7166666666666666,-0.433883739117558,-0.9009688679024191,0.49999999999999994,-0.8660254037844387,0.7856498550787147,-0.6186714032625031,1.6,1.6
2019-05-11,Mizoram,NER,23.71039899,92.72001461,1.6,2019,5,5,131,1,0,24.0,73,1.4,1.7,1.8,1.5857142857142856,0.08997354108424506,1.71,-0.9749279121818236,-0.2225209339563146,0.49999999999999994,-0.8660254037844387,0.7748840413670407,-0.6321034111873487,1.9,1.6
2019-05-12,Mizoram,NER,23.71039899,92.72001461,1.9,2019,5,6,132,1,0,24.2,72,1.6,1.6,1.8,1.6285714285714286,0.14960264830861975,1.7133333333333336,-0.7818314824680299,0.6234898018587334,0.49999999999999994,-0.8660254037844387,0.7638886127905428,-0.6453481132295501,1.9,1.6
2019-05-13,Mizoram,NER,23.71039899,92.72001461,1.9,2019,5,0,133,0,0,24.2,70,1.9,1.6,1.5,1.6714285714285715,0.17994708216848787,1.7266666666666668,0.0,1.0,0.49999999999999994,-0.8660254037844387,0.7526668275320085,-0.6584015846980488,2.0,1.7
2019-05-14,Mizoram,NER,23.71039899,92.72001461,2.0,2019,5,1,134,0,0,21.4,81,1.9,1.6,1.9,1.7285714285714284,0.21380899352993976,1.73,0.7818314824680298,0.6234898018587336,0.49999999999999994,-0.8660254037844387,0.7412220108485958,-0.6712599575675313,1.9,1.8
2019-05-15,Mizoram,NER,23.71039899,92.72001461,1.9,2019,5,2,135,0,0,20.6,87,2.0,1.6,1.5,1.7714285714285716,0.21380899352993968,1.7433333333333332,0.9749279121818236,-0.22252093395631434,0.49999999999999994,-0.8660254037844387,0.7295575540864875,-0.6839194216246106,1.7,1.8
2019-05-16,Mizoram,NER,23.71039899,92.72001461,1.7,2019,5,3,136,0,0,20.9,85,1.9,1.7,1.8,1.7714285714285716,0.21380899352993968,1.74,0.43388373911755823,-0.900968867902419,0.49999999999999994,-0.8660254037844387,0.717676913675962,-0.6963762255968722,1.6,1.9
2019-05-17,Mizoram,NER,23.71039899,92.72001461,1.6,2019,5,4,137,0,0,22.6,78,1.7,1.4,2.0,1.8,0.1632993161855453,1.7266666666666666,-0.433883739117558,-0.9009688679024191,0.49999999999999994,-0.8660254037844387,0.705583610107178,-0.7086266782644596,1.6,1.9
2019-05-18,Mizoram,NER,23.71039899,92.72001461,1.6,2019,5,5,138,1,1,22.7,78,1.6,1.6,1.7,1.8000000000000003,0.1632993161855453,1.7233333333333332,-0.9749279121818236,-0.2225209339563146,0.49999999999999994,-0.8660254037844387,0.6932812268869777,-0.7206671495538609,1.6,1.8
2019-05-19,Mizoram,NER,23.71039899,92.72001461,1.6,2019,5,6,139,1,0,23.2,81,1.6,1.9,1.7,1.7571428571428573,0.17182493859684508,1.72,-0.7818314824680299,0.6234898018587334,0.49999999999999994,-0.8660254037844387,0.6807734094770161,-0.7324940716135789,1.7,1.6
2019-05-20,Mizoram,NER,23.71039899,92.72001461,1.7,2019,5,0,140,0,0,24.1,73,1.6,1.9,1.7,1.7285714285714284,0.16035674514745488,1.72,0.0,1.0,0.49999999999999994,-0.8660254037844387,0.6680638642135335,-0.7441039398713607,1.8,1.8
2019-05-21,Mizoram,NER,23.71039899,92.72001461,1.8,2019,5,1,141,0,0,24.1,70,1.7,2.0,1.9,1.7,0.1154700538379256,1.7166666666666666,0.7818314824680298,0.6234898018587336,0.49999999999999994,-0.8660254037844387,0.6551563572090853,-0.7554933140726803,1.8,1.7
2019-05-22,Mizoram,NER,23.71039899,92.72001461,1.8,2019,5,2,142,0,0,23.7,75,1.8,1.9,1.9,1.6857142857142855,0.08997354108424438,1.7133333333333334,0.9749279121818236,-0.22252093395631434,0.49999999999999994,-0.8660254037844387,0.6420547132365637,-0.766658819300159,1.9,1.5
2019-05-23,Mizoram,NER,23.71039899,92.72001461,1.9,2019,5,3,143,0,0,23.0,75,1.8,1.7,1.7,1.7142857142857142,0.12149857925879158,1.72,0.43388373911755823,-0.900968867902419,0.49999999999999994,-0.8660254037844387,0.6287628145958344,-0.7775971469736269,1.9,1.6
2019-05-24,Mizoram,NER,23.71039899,92.72001461,1.9,2019,5,4,144,0,0,20.7,90,1.9,1.6,1.6,1.7571428571428573,0.12724180205607072,1.73,-0.433883739117558,-0.9009688679024191,0.49999999999999994,-0.8660254037844387,0.6152845999633276,-0.7883050558305255,1.8,1.8
2019-05-25,Mizoram,NER,23.71039899,92.72001461,1.8,2019,5,5,145,1,0,20.6,89,1.9,1.6,1.7,1.7857142857142858,0.10690449676497023,1.7333333333333334,-0.9749279121818236,-0.2225209339563146,0.49999999999999994,-0.8660254037844387,0.6016240632249226,-0.7987793728863649,1.6,1.5
2019-05-26,Mizoram,NER,23.71039899,92.72001461,1.6,2019,5,6,146,1,0,21.8,83,1.8,1.6,1.6,1.7857142857142858,0.10690449676497023,1.7333333333333334,-0.7818314824680299,0.6234898018587334,0.49999999999999994,-0.8660254037844387,0.5877852522924732,-0.8090169943749473,1.8,1.7
2019-05-27,Mizoram,NER,23.71039899,92.72001461,1.8,2019,5,0,147,0,0,23.0,75,1.6,1.7,1.7,1.8,0.10000000000000053,1.7366666666666666,0.0,1.0,0.49999999999999994,-0.8660254037844387,0.5737722679043246,-0.8190148866680801,1.7,1.7
2019-05-28,Mizoram,NER,23.71039899,92.72001461,1.7,2019,5,1,148,0,0,23.5,68,1.8,1.8,1.9,1.7857142857142858,0.10690449676497023,1.73,0.7818314824680298,0.6234898018587336,0.49999999999999994,-0.8660254037844387,0.5595892624101765,-0.8287700871745038,1.5,1.7
2019-05-29,Mizoram,NER,23.71039899,92.72001461,1.5,2019,5,2,149,0,0,23.4,71,1.7,1.8,1.8,1.742857142857143,0.1511857892036912,1.72,0.9749279121818236,-0.22252093395631434,0.49999999999999994,-0.8660254037844387,0.545240438540651,-0.8382797052177744,1.6,1.7
2019-05-30,Mizoram,NER,23.71039899,92.72001461,1.6,2019,5,3,150,0,0,23.9,71,1.5,1.9,1.8,1.7,0.14142135623730975,1.7133333333333334,0.43388373911755823,-0.900968867902419,0.49999999999999994,-0.8660254037844387,0.5307300481619334,-0.8475409228928311,1.8,1.7
2019-05-31,Mizoram,NER,23.71039899,92.72001461,1.8,2019,5,4,151,0,0,23.1,73,1.6,1.9,1.9,1.6857142857142857,0.12149857925879144,1.71,-0.433883739117558,-0.9009688679024191,0.49999999999999994,-0.8660254037844387,0.5160623910158528,-0.8565509959010036,1.5,1.8
2019-06-02,Mizoram,NER,23.71039899,92.72001461,1.5,2019,6,6,153,1,0,21.1,85,1.8,1.8,1.7,1.6428571428571428,0.12724180205607055,1.7033333333333334,-0.7818314824680299,0.6234898018587334,1.2246467991473532e-16,-1.0,0.48627270710868997,-0.8738071036110808,1.7,1.7
2019-06-03,Mizoram,NER,23.71039899,92.72001461,1.7,2019,6,0,154,0,0,21.1,85,1.5,1.6,1.7,1.657142857142857,0.12724180205607058,1.7033333333333334,0.0,1.0,1.2246467991473532e-16,-1.0,0.4711595076738638,-0.8820480249558537,1.7,1.8
2019-06-04,Mizoram,NER,23.71039899,92.72001461,1.7,2019,6,1,155,0,0,20.7,86,1.7,1.8,1.7,1.6428571428571428,0.11338934190276836,1.7033333333333334,0.7818314824680298,0.6234898018587336,1.2246467991473532e-16,-1.0,0.4559066935084588,-0.8900275764346767,1.7,1.9
2019-06-05,Mizoram,NER,23.71039899,92.72001461,1.7,2019,6,2,156,0,1,20.9,88,1.7,1.7,1.6,1.6428571428571428,0.11338934190276836,1.7066666666666668,0.9749279121818236,-0.22252093395631434,1.2246467991473532e-16,-1.0,0.440518784350495,-0.8977433935342337,1.7,1.9
2019-06-06,Mizoram,NER,23.71039899,92.72001461,1.7,2019,6,3,157,0,0,22.3,83,1.7,1.5,1.6,1.6714285714285713,0.09511897312113446,1.7100000000000002,0.43388373911755823,-0.900968867902419,1.2246467991473532e-16,-1.0,0.42500033996955416,-0.9051931898913974,1.7,1.9
2019-06-07,Mizoram,NER,23.71039899,92.72001461,1.7,2019,6,4,158,0,0,20.7,94,1.7,1.6,1.6,1.6857142857142857,0.08997354108424407,1.7133333333333334,-0.433883739117558,-0.9009688679024191,1.2246467991473532e-16,-1.0,0.4093559588156213,-0.9123747579707273,1.8,1.9
2019-06-08,Mizoram,NER,23.71039899,92.72001461,1.8,2019,6,5,159,1,0,21.7,87,1.7,1.8,1.6,1.6857142857142855,0.08997354108424407,1.72,-0.9749279121818236,-0.2225209339563146,1.2246467991473532e-16,-1.0,0.39359027665646673,-0.9192859697186104,1.7,2.0
2019-06-09,Mizoram,NER,23.71039899,92.72001461,1.7,2019,6,6,160,1,0,21.7,88,1.8,1.5,1.7,1.7142857142857142,0.03779644730092374,1.72,-0.7818314824680299,0.6234898018587334,1.2246467991473532e-16,-1.0,0.3777079652039649,-0.9259247771938498,1.8,2.0
2019-06-10,Mizoram,NER,23.71039899,92.72001461,1.8,2019,6,0,161,0,0,21.9,89,1.7,1.7,1.4,1.7285714285714284,0.048795003647427566,1.7333333333333334,0.0,1.0,1.2246467991473532e-16,-1.0,0.36171373072976765,-0.9322892131745133,1.9,1.8
2019-06-11,Mizoram,NER,23.71039899,92.72001461,1.9,2019,6,1,162,0,0,22.5,87,1.8,1.7,1.6,1.7571428571428573,0.07867957924694498,1.7433333333333334,0.7818314824680298,0.6234898018587336,1.2246467991473532e-16,-1.0,0.3456123126707335,-0.9383773917408641,1.9,1.8
2019-06-12,Mizoram,NER,23.71039899,92.72001461,1.9,2019,6,2,163,0,0,23.0,85,1.9,1.7,1.9,1.7857142857142858,0.0899735410842444,1.7433333333333332,0.9749279121818236,-0.22252093395631434,1.2246467991473532e-16,-1.0,0.3294084822245304,-0.9441875088341993,1.9,1.9
2019-06-13,Mizoram,NER,23.71039899,92.72001461,1.9,2019,6,3,164,0,0,22.6,90,1.9,1.7,1.9,1.8142857142857143,0.08997354108424449,1.7433333333333332,0.43388373911755823,-0.900968867902419,1.2246467991473532e-16,-1.0,0.3131070409358269,-0.9497178427914316,1.9,1.8
2019-06-14,Mizoram,NER,23.71039899,92.72001461,1.9,2019,6,4,165,0,0,20.7,97,1.9,1.7,2.0,1.842857142857143,0.07867957924694535,1.7399999999999998,-0.433883739117558,-0.9009688679024191,1.2246467991473532e-16,-1.0,0.29671281927349075,-0.9549667548552551,2.0,1.5
2019-06-15,Mizoram,NER,23.71039899,92.72001461,2.0,2019,6,5,166,1,0,20.8,93,1.9,1.8,1.9,1.8714285714285714,0.09511897312113521,1.7433333333333332,-0.9749279121818236,-0.2225209339563146,1.2246467991473532e-16,-1.0,0.28023067519921585,-0.9599326896597447,2.0,1.6
2019-06-16,Mizoram,NER,23.71039899,92.72001461,2.0,2019,6,6,167,1,0,22.6,82,2.0,1.7,1.7,1.9142857142857141,0.06900655593423713,1.7533333333333332,-0.7818314824680299,0.6234898018587334,1.2246467991473532e-16,-1.0,0.26366549272800704,-0.9646141756912435,1.8,1.7
2019-06-17,Mizoram,NER,23.71039899,92.72001461,1.8,2019,6,0,168,0,0,24.0,78,2.0,1.8,1.6,1.9142857142857144,0.06900655593423713,1.7600000000000002,0.0,1.0,1.2246467991473532e-16,-1.0,0.24702218048093552,-0.9690098257244062,1.8,1.9
2019-06-18,Mizoram,NER,23.71039899,92.72001461,1.8,2019,6,1,169,0,0,23.2,88,1.8,1.9,1.6,1.9,0.08164965809277398,1.7666666666666666,0.7818314824680298,0.6234898018587336,1.2246467991473532e-16,-1.0,0.23030567023061221,-0.9731183372332619,1.9,1.6
2019-06-19,Mizoram,NER,23.71039899,92.72001461,1.9,2019,6,2,170,0,0,22.2,92,1.8,1.9,1.6,1.9,0.08164965809277398,1.7766666666666666,0.9749279121818236,-0.22252093395631434,1.2246467991473532e-16,-1.0,0.21352091543979612,-0.9769384927771817,1.8,1.6
2019-06-20,Mizoram,NER,23.71039899,92.72001461,1.8,2019,6,3,171,0,0,22.3,90,1.9,1.9,1.7,1.885714285714286,0.08997354108424492,1.78,0.43388373911755823,-0.900968867902419,1.2246467991473532e-16,-1.0,0.19667288979357647,-0.980469160361632,1.5,1.9
2019-06-21,Mizoram,NER,23.71039899,92.72001461,1.5,2019,6,4,172,0,0,22.2,91,1.8,1.9,1.8,1.8285714285714287,0.17043362064926987,1.77,-0.433883739117558,-0.9009688679024191,1.2246467991473532e-16,-1.0,0.1797665857255624,-0.9837092937736097,1.6,1.9
2019-06-22,Mizoram,NER,23.71039899,92.72001461,1.6,2019,6,5,173,1,0,22.9,84,1.5,2.0,1.8,1.7714285714285716,0.17043362064926973,1.7633333333333332,-0.9749279121818236,-0.2225209339563146,1.2246467991473532e-16,-1.0,0.16280701293851715,-0.986657932891657,1.7,2.0
2019-06-23,Mizoram,NER,23.71039899,92.72001461,1.7,2019,6,6,174,1,0,23.3,83,1.6,2.0,1.9,1.7285714285714284,0.1380131118684712,1.7566666666666666,-0.7818314824680299,0.6234898018587334,1.2246467991473532e-16,-1.0,0.1457991969198751,-0.9893142039703663,1.9,1.9
2019-06-24,Mizoram,NER,23.71039899,92.72001461,1.9,2019,6,0,175,0,0,23.5,79,1.7,1.8,1.9,1.7428571428571427,0.15118578920369125,1.7566666666666666,0.0,1.0,1.2246467991473532e-16,-1.0,0.12874817745258132,-0.99167731989929,1.6,1.6
2019-06-25,Mizoram,NER,23.71039899,92.72001461,1.6,2019,6,1,176,0,0,22.6,84,1.9,1.8,1.8,1.7142857142857142,0.1573591584938889,1.75,0.7818314824680298,0.6234898018587336,1.2246467991473532e-16,-1.0,0.11165900712169512,-0.993746580436178,1.6,1.7
2019-06-26,Mizoram,NER,23.71039899,92.72001461,1.6,2019,6,2,177,0,0,22.4,85,1.6,1.9,1.6,1.6714285714285713,0.13801311186847112,1.75,0.9749279121818236,-0.22252093395631434,1.2246467991473532e-16,-1.0,0.09453674981719912,-0.9955213724144752,1.9,1.6
2019-06-27,Mizoram,NER,23.71039899,92.72001461,1.9,2019,6,3,178,0,0,22.2,82,1.6,1.8,1.8,1.6857142857142855,0.15735915849388885,1.7533333333333334,0.43388373911755823,-0.900968867902419,1.2246467991473532e-16,-1.0,0.07738647923346301,-0.9970011699250151,1.9,1.8
2019-06-28,Mizoram,NER,23.71039899,92.72001461,1.9,2019,6,4,179,0,0,22.7,80,1.9,1.5,1.7,1.7428571428571427,0.15118578920369105,1.76,-0.433883739117558,-0.9009688679024191,1.2246467991473532e-16,-1.0,0.06021327736579302,-0.9981855344718586,2.0,1.8
2019-06-29,Mizoram,NER,23.71039899,92.72001461,2.0,2019,6,5,180,1,0,23.4,78,1.9,1.6,1.5,1.8,0.16329931618554538,1.7766666666666666,-0.9749279121818236,-0.2225209339563146,1.2246467991473532e-16,-1.0,0.04302223300453059,-0.99907411510223,1.9,1.9
2019-06-30,Mizoram,NER,23.71039899,92.72001461,1.9,2019,6,6,181,1,0,22.4,91,2.0,1.7,1.6,1.8285714285714287,0.1603567451474548,1.7866666666666664,-0.7818314824680299,0.6234898018587334,1.2246467991473532e-16,-1.0,0.02581844022713308,-0.9996666485105112,1.6,1.8
2019-07-01,Mizoram,NER,23.71039899,92.72001461,1.6,2019,7,0,182,0,0,22.8,85,1.9,1.9,1.8,1.7857142857142858,0.1772810520855838,1.78,0.0,1.0,-0.4999999999999997,-0.8660254037844388,0.008606996888688698,-0.9999629591162655,1.7,1.45
2019-07-02,Mizoram,NER,23.71039899,92.72001461,1.7,2019,7,1,183,0,0,22.9,79,1.6,1.6,1.5,1.8,0.16329931618554536,1.7866666666666666,0.7818314824680298,0.6234898018587336,-0.4999999999999997,-0.8660254037844388,-0.008606996888688009,-0.9999629591162655,1.6,1.4
2019-07-03,Mizoram,NER,23.71039899,92.72001461,1.6,2019,7,2,184,0,0,22.8,80,1.7,1.6,1.7,1.8000000000000003,0.16329931618554536,1.7833333333333334,0.9749279121818236,-0.22252093395631434,-0.4999999999999997,-0.8660254037844388,-0.02581844022713239,-0.9996666485105112,1.8,1.4
2019-07-04,Mizoram,NER,23.71039899,92.72001461,1.8,2019,7,3,185,0,0,22.7,82,1.6,1.9,1.7,1.7857142857142858,0.15735915849388885,1.7866666666666666,0.43388373911755823,-0.900968867902419,-0.4999999999999997,-0.8660254037844388,-0.04302223300453034,-0.99907411510223,1.8,1.5499999999999998
2019-07-05,Mizoram,NER,23.71039899,92.72001461,1.8,2019,7,4,186,0,0,23.0,83,1.8,1.9,1.7,1.7714285714285716,0.14960264830861938,1.7899999999999998,-0.433883739117558,-0.9009688679024191,-0.4999999999999997,-0.8660254037844388,-0.060213277365792774,-0.9981855344718586,1.9,1.85
2019-07-06,Mizoram,NER,23.71039899,92.72001461,1.9,2019,7,5,187,1,0,21.5,90,1.8,2.0,1.7,1.7571428571428573,0.12724180205607072,1.7966666666666666,-0.9749279121818236,-0.2225209339563146,-0.4999999999999997,-0.8660254037844388,-0.07738647923346322,-0.9970011699250151,1.8,2.0
2019-07-07,Mizoram,NER,23.71039899,92.72001461,1.8,2019,7,6,188,1,0,21.1,92,1.9,1.9,1.7,1.7428571428571427,0.11338934190276863,1.8,-0.7818314824680299,0.6234898018587334,-0.4999999999999997,-0.8660254037844388,-0.09453674981719933,-0.9955213724144752,1.45,1.7
2019-07-08,Mizoram,NER,23.71039899,92.72001461,1.45,2019,7,0,189,0,0,20.2,99,1.8,1.6,1.8,1.7214285714285715,0.15236235005501148,1.7883333333333333,0.0,1.0,-0.4999999999999997,-0.8660254037844388,-0.11165900712169444,-0.9937465804361781,1.4,1.8
2019-07-09,Mizoram,NER,23.71039899,92.72001461,1.4,2019,7,1,190,0,0,20.5,95,1.45,1.7,1.7,1.6785714285714286,0.19548474547720063,1.7783333333333333,0.7818314824680298,0.6234898018587336,-0.4999999999999997,-0.8660254037844388,-0.12874817745258066,-0.99167731989929,1.4,1.8
2019-07-10,Mizoram,NER,23.71039899,92.72001461,1.4,2019,7,2,191,0,0,20.7,93,1.4,1.6,1.8,1.65,0.22173557826083506,1.765,0.9749279121818236,-0.22252093395631434,-0.4999999999999997,-0.8660254037844388,-0.14579919691987442,-0.9893142039703664,1.5499999999999998,1.8
2019-07-11,Mizoram,NER,23.71039899,92.72001461,1.5499999999999998,2019,7,3,192,0,0,20.1,97,1.4,1.8,1.9,1.6142857142857143,0.21353041491843355,1.7533333333333332,0.43388373911755823,-0.900968867902419,-0.4999999999999997,-0.8660254037844388,-0.16280701293851646,-0.9866579328916572,1.85,1.9
2019-07-12,Mizoram,NER,23.71039899,92.72001461,1.85,2019,7,4,193,0,0,20.0,96,1.5499999999999998,1.8,1.9,1.6214285714285714,0.22146697055682896,1.7516666666666665,-0.433883739117558,-0.9009688679024191,-0.4999999999999997,-0.8660254037844388,-0.17976658572556214,-0.9837092937736098,2.0,1.8
2019-07-13,Mizoram,NER,23.71039899,92.72001461,2.0,2019,7,5,194,1,0,19.5,97,1.85,1.9,1.9,1.6357142857142857,0.2444624812970388,1.755,-0.9749279121818236,-0.2225209339563146,-0.4999999999999997,-0.8660254037844388,-0.19667288979357622,-0.9804691603616321,1.7,1.8
2019-07-14,Mizoram,NER,23.71039899,92.72001461,1.7,2019,7,6,195,1,0,19.1,95,2.0,1.8,1.9,1.6214285714285714,0.23603873774083356,1.7483333333333335,-0.7818314824680299,0.6234898018587334,-0.4999999999999997,-0.8660254037844388,-0.2135209154397959,-0.9769384927771817,1.8,1.8
2019-07-15,Mizoram,NER,23.71039899,92.72001461,1.8,2019,7,0,196,0,0,20.8,89,1.7,1.45,2.0,1.6714285714285713,0.23068221802793104,1.7416666666666667,0.0,1.0,-0.4999999999999997,-0.8660254037844388,-0.23030567023061196,-0.973118337233262,1.8,1.8
2019-07-16,Mizoram,NER,23.71039899,92.72001461,1.8,2019,7,1,197,0,0,22.2,85,1.8,1.4,2.0,1.7285714285714289,0.1997021591794953,1.735,0.7818314824680298,0.6234898018587336,-0.4999999999999997,-0.8660254037844388,-0.24702218048093527,-0.9690098257244063,1.8,1.7
2019-07-17,Mizoram,NER,23.71039899,92.72001461,1.8,2019,7,2,198,0,0,22.7,89,1.8,1.4,1.8,1.7857142857142858,0.13758114488755874,1.7349999999999999,0.9749279121818236,-0.22252093395631434,-0.4999999999999997,-0.8660254037844388,-0.2636654927280072,-0.9646141756912435,1.9,1.7
2019-07-18,Mizoram,NER,23.71039899,92.72001461,1.9,2019,7,3,199,0,0,22.4,89,1.8,1.5499999999999998,1.8,1.8357142857142856,0.09449111825230624,1.7383333333333333,0.43388373911755823,-0.900968867902419,-0.4999999999999997,-0.8660254037844388,-0.2802306751992161,-0.9599326896597445,1.8,1.8
2019-07-19,Mizoram,NER,23.71039899,92.72001461,1.8,2019,7,4,200,0,0,21.6,93,1.9,1.85,1.9,1.8285714285714287,0.0951189731211337,1.735,-0.433883739117558,-0.9009688679024191,-0.4999999999999997,-0.8660254037844388,-0.2967128192734901,-0.9549667548552553,1.8,1.7
2019-07-20,Mizoram,NER,23.71039899,92.72001461,1.8,2019,7,5,201,1,0,22.0,91,1.8,2.0,1.8,1.8,0.05773502691896224,1.7349999999999999,-0.9749279121818236,-0.2225209339563146,-0.4999999999999997,-0.8660254037844388,-0.3131070409358267,-0.9497178427914317,1.8,1.8
2019-07-21,Mizoram,NER,23.71039899,92.72001461,1.8,2019,7,6,202,1,0,22.4,85,1.8,1.7,1.5,1.8142857142857145,0.03779644730092186,1.7449999999999999,-0.7818314824680299,0.6234898018587334,-0.4999999999999997,-0.8660254037844388,-0.3294084822245302,-0.9441875088341994,1.8,1.8
2019-07-22,Mizoram,NER,23.71039899,92.72001461,1.8,2019,7,0,203,0,0,21.6,89,1.8,1.8,1.6,1.8142857142857143,0.03779644730092186,1.7516666666666667,0.0,1.0,-0.4999999999999997,-0.8660254037844388,-0.3456123126707333,-0.9383773917408642,1.7,2.0
2019-07-23,Mizoram,NER,23.71039899,92.72001461,1.7,2019,7,1,204,0,0,21.6,85,1.8,1.8,1.7,1.8,0.05773502691896218,1.7516666666666665,0.7818314824680298,0.6234898018587336,-0.4999999999999997,-0.8660254037844388,-0.3617137307297674,-0.9322892131745134,1.7,1.8
2019-07-24,Mizoram,NER,23.71039899,92.72001461,1.7,2019,7,2,205,0,0,21.6,87,1.7,1.8,1.9,1.7857142857142858,0.06900655593423519,1.745,0.9749279121818236,-0.22252093395631434,-0.4999999999999997,-0.8660254037844388,-0.37770796520396466,-0.9259247771938499,1.8,1.5
2019-07-25,Mizoram,NER,23.71039899,92.72001461,1.8,2019,7,3,206,0,0,21.7,88,1.7,1.9,1.6,1.7714285714285716,0.04879500364742648,1.7516666666666665,0.43388373911755823,-0.900968867902419,-0.4999999999999997,-0.8660254037844388,-0.39359027665646645,-0.9192859697186105,1.7,1.5
2019-07-26,Mizoram,NER,23.71039899,92.72001461,1.7,2019,7,4,207,0,0,21.7,86,1.8,1.8,1.6,1.7571428571428573,0.05345224838248483,1.755,-0.433883739117558,-0.9009688679024191,-0.4999999999999997,-0.8660254037844388,-0.4093559588156211,-0.9123747579707274,1.8,1.7
2019-07-27,Mizoram,NER,23.71039899,92.72001461,1.8,2019,7,5,208,1,0,22.0,85,1.7,1.8,1.9,1.7571428571428573,0.05345224838248483,1.7516666666666665,-0.9749279121818236,-0.2225209339563146,-0.4999999999999997,-0.8660254037844388,-0.42500033996955394,-0.9051931898913975,1.8,1.8
2019-07-28,Mizoram,NER,23.71039899,92.72001461,1.8,2019,7,6,209,1,0,22.3,85,1.8,1.8,1.9,1.757142857142857,0.05345224838248483,1.7483333333333335,-0.7818314824680299,0.6234898018587334,-0.4999999999999997,-0.8660254037844388,-0.4405187843504952,-0.8977433935342336,2.0,1.7
2019-07-29,Mizoram,NER,23.71039899,92.72001461,2.0,2019,7,0,210,0,0,22.0,84,1.8,1.8,2.0,1.7857142857142858,0.10690449676496962,1.7483333333333335,0.0,1.0,-0.4999999999999997,-0.8660254037844388,-0.455906693508459,-0.8900275764346766,1.8,1.7
2019-07-30,Mizoram,NER,23.71039899,92.72001461,1.8,2019,7,1,211,0,0,20.2,95,2.0,1.7,1.9,1.8,0.0999999999999998,1.745,0.7818314824680298,0.6234898018587336,-0.4999999999999997,-0.8660254037844388,-0.47115950767386394,-0.8820480249558535,1.5,1.8
2019-07-31,Mizoram,NER,23.71039899,92.72001461,1.5,2019,7,2,212,0,0,20.5,90,1.8,1.7,1.6,1.7714285714285716,0.14960264830861902,1.7416666666666667,0.9749279121818236,-0.22252093395631434,-0.4999999999999997,-0.8660254037844388,-0.4862727071086902,-0.8738071036110807,1.5,1.5
2019-08-01,Mizoram,NER,23.71039899,92.72001461,1.5,2019,8,3,213,0,0,22.2,84,1.5,1.8,1.7,1.7285714285714284,0.1799470821684874,1.7349999999999999,0.43388373911755823,-0.900968867902419,-0.8660254037844385,-0.5000000000000004,-0.5012418134457756,-0.8653072543632061,1.7,1.5
2019-08-02,Mizoram,NER,23.71039899,92.72001461,1.7,2019,8,4,214,0,0,21.7,88,1.5,1.7,1.6,1.7285714285714289,0.1799470821684874,1.7383333333333333,-0.433883739117558,-0.9009688679024191,-0.8660254037844385,-0.5000000000000004,-0.5160623910158526,-0.8565509959010037,1.8,1.7
2019-08-03,Mizoram,NER,23.71039899,92.72001461,1.8,2019,8,5,215,1,0,22.0,88,1.7,1.8,1.8,1.7285714285714284,0.1799470821684874,1.7383333333333333,-0.9749279121818236,-0.2225209339563146,-0.8660254037844385,-0.5000000000000004,-0.5307300481619331,-0.8475409228928312,1.7,1.6
2019-08-04,Mizoram,NER,23.71039899,92.72001461,1.7,2019,8,6,216,1,0,22.4,91,1.8,1.8,1.8,1.7142857142857142,0.17728105208558362,1.735,-0.7818314824680299,0.6234898018587334,-0.8660254037844385,-0.5000000000000004,-0.5452404385406507,-0.8382797052177745,1.7,1.5
2019-08-05,Mizoram,NER,23.71039899,92.72001461,1.7,2019,8,0,217,0,0,23.9,86,1.7,2.0,1.9,1.6714285714285715,0.1253566341056017,1.728333333333333,0.0,1.0,-0.8660254037844385,-0.5000000000000004,-0.5595892624101763,-0.828770087174504,1.8,1.7
2019-08-06,Mizoram,NER,23.71039899,92.72001461,1.8,2019,8,1,218,0,0,23.3,89,1.7,1.8,1.8,1.6714285714285713,0.1253566341056017,1.7283333333333333,0.7818314824680298,0.6234898018587336,-0.8660254037844385,-0.5000000000000004,-0.5737722679043243,-0.8190148866680802,1.5,1.4
2019-08-08,Mizoram,NER,23.71039899,92.72001461,1.5,2019,8,3,220,0,0,20.8,94,1.8,1.5,1.45,1.6714285714285713,0.1253566341056017,1.73,0.43388373911755823,-0.900968867902419,-0.8660254037844385,-0.5000000000000004,-0.6016240632249227,-0.7987793728863648,1.5,1.8
2019-08-09,Mizoram,NER,23.71039899,92.72001461,1.5,2019,8,4,221,0,0,21.4,89,1.5,1.5,1.4,1.6714285714285713,0.1253566341056017,1.7333333333333334,-0.433883739117558,-0.9009688679024191,-0.8660254037844385,-0.5000000000000004,-0.6152845999633277,-0.7883050558305253,1.7,1.6
2019-08-10,Mizoram,NER,23.71039899,92.72001461,1.7,2019,8,5,222,1,0,22.2,87,1.5,1.7,1.4,1.6714285714285715,0.1253566341056017,1.7433333333333332,-0.9749279121818236,-0.2225209339563146,-0.8660254037844385,-0.5000000000000004,-0.6287628145958345,-0.7775971469736268,1.6,1.6
2019-08-11,Mizoram,NER,23.71039899,92.72001461,1.6,2019,8,6,223,1,0,23.0,90,1.7,1.8,1.5499999999999998,1.6428571428571428,0.11338934190276811,1.745,-0.7818314824680299,0.6234898018587334,-0.8660254037844385,-0.5000000000000004,-0.6420547132365636,-0.7666588193001592,1.5,1.6
2019-08-12,Mizoram,NER,23.71039899,92.72001461,1.5,2019,8,0,224,0,1,22.6,92,1.6,1.7,1.85,1.6142857142857143,0.1214985792587912,1.7333333333333334,0.0,1.0,-0.8660254037844385,-0.5000000000000004,-0.655156357209085,-0.7554933140726804,1.7,1.6
2019-08-13,Mizoram,NER,23.71039899,92.72001461,1.7,2019,8,1,225,0,0,21.4,93,1.5,1.7,2.0,1.6142857142857143,0.1214985792587912,1.7233333333333334,0.7818314824680298,0.6234898018587336,-0.8660254037844385,-0.5000000000000004,-0.6680638642135333,-0.7441039398713608,1.4,1.7
2019-08-14,Mizoram,NER,23.71039899,92.72001461,1.4,2019,8,2,226,0,0,20.9,92,1.7,1.8,1.7,1.557142857142857,0.11338934190276836,1.7133333333333334,0.9749279121818236,-0.22252093395631434,-0.8660254037844385,-0.5000000000000004,-0.6807734094770159,-0.7324940716135792,1.8,1.6
2019-08-15,Mizoram,NER,23.71039899,92.72001461,1.8,2019,8,3,227,0,1,20.9,92,1.4,1.5,1.8,1.5999999999999999,0.14142135623730964,1.7133333333333334,0.43388373911755823,-0.900968867902419,-0.8660254037844385,-0.5000000000000004,-0.6932812268869771,-0.7206671495538615,1.6,1.8
2019-08-16,Mizoram,NER,23.71039899,92.72001461,1.6,2019,8,4,228,0,0,20.8,92,1.8,1.5,1.8,1.614285714285714,0.13451854182690998,1.7066666666666666,-0.433883739117558,-0.9009688679024191,-0.8660254037844385,-0.5000000000000004,-0.7055836101071774,-0.70862667826446,1.6,1.8
2019-08-17,Mizoram,NER,23.71039899,92.72001461,1.6,2019,8,5,229,1,0,21.4,87,1.6,1.7,1.8,1.5999999999999999,0.1290994448735807,1.7,-0.9749279121818236,-0.2225209339563146,-0.8660254037844385,-0.5000000000000004,-0.7176769136759615,-0.6963762255968726,1.6,1.8
2019-08-18,Mizoram,NER,23.71039899,92.72001461,1.6,2019,8,6,230,1,0,21.3,86,1.6,1.6,1.9,1.6,0.1290994448735807,1.6900000000000002,-0.7818314824680299,0.6234898018587334,-0.8660254037844385,-0.5000000000000004,-0.7295575540864876,-0.6839194216246105,1.6,1.6
2019-08-19,Mizoram,NER,23.71039899,92.72001461,1.6,2019,8,0,231,0,0,21.5,87,1.6,1.5,1.8,1.6142857142857143,0.12149857925879132,1.6833333333333333,0.0,1.0,-0.8660254037844385,-0.5000000000000004,-0.7412220108485957,-0.6712599575675315,1.7,1.9
2019-08-20,Mizoram,NER,23.71039899,92.72001461,1.7,2019,8,1,232,0,0,22.3,85,1.6,1.7,1.8,1.6142857142857143,0.12149857925879132,1.68,0.7818314824680298,0.6234898018587336,-0.8660254037844385,-0.5000000000000004,-0.7526668275320083,-0.6584015846980489,1.6,1.9
2019-08-21,Mizoram,NER,23.71039899,92.72001461,1.6,2019,8,2,233,0,0,21.9,94,1.7,1.4,1.8,1.6428571428571428,0.07867957924694445,1.6733333333333333,0.9749279121818236,-0.22252093395631434,-0.8660254037844385,-0.5000000000000004,-0.7638886127905429,-0.64534811322955,1.8,1.9
2019-08-22,Mizoram,NER,23.71039899,92.72001461,1.8,2019,8,3,234,0,0,21.8,92,1.6,1.8,1.8,1.6428571428571428,0.07867957924694445,1.6733333333333333,0.43388373911755823,-0.900968867902419,-0.8660254037844385,-0.5000000000000004,-0.7748840413670406,-0.6321034111873488,1.8,1.6
2019-08-23,Mizoram,NER,23.71039899,92.72001461,1.8,2019,8,4,235,0,0,21.1,95,1.8,1.6,1.7,1.6714285714285715,0.09511897312113428,1.6766666666666667,-0.433883739117558,-0.9009688679024191,-0.8660254037844385,-0.5000000000000004,-0.7856498550787144,-0.6186714032625032,1.8,1.6
2019-08-24,Mizoram,NER,23.71039899,92.72001461,1.8,2019,8,5,236,1,1,20.6,96,1.8,1.6,1.7,1.7,0.1000000000000001,1.68,-0.9749279121818236,-0.2225209339563146,-0.8660254037844385,-0.5000000000000004,-0.7961828637826154,-0.6050560696488494,1.6,1.6
2019-08-25,Mizoram,NER,23.71039899,92.72001461,1.6,2019,8,6,237,1,0,21.5,92,1.8,1.6,1.8,1.7,0.1000000000000001,1.6733333333333333,-0.7818314824680299,0.6234898018587334,-0.8660254037844385,-0.5000000000000004,-0.8064799463209447,-0.5912614448635782,1.9,1.7
2019-08-26,Mizoram,NER,23.71039899,92.72001461,1.9,2019,8,0,238,0,0,21.8,90,1.6,1.6,1.7,1.7428571428571427,0.11338934190276831,1.68,0.0,1.0,-0.8660254037844385,-0.5000000000000004,-0.8165380514459157,-0.5772916165517278,1.9,1.8
2019-08-27,Mizoram,NER,23.71039899,92.72001461,1.9,2019,8,1,239,0,0,22.1,90,1.9,1.7,1.8,1.7714285714285716,0.1253566341056019,1.6833333333333336,0.7818314824680298,0.6234898018587336,-0.8660254037844385,-0.5000000000000004,-0.8263541987239094,-0.5631507242749187,1.9,1.6
2019-08-28,Mizoram,NER,23.71039899,92.72001461,1.9,2019,8,2,240,0,0,21.3,95,1.9,1.6,1.8,1.8142857142857145,0.10690449676497013,1.6866666666666668,0.9749279121818236,-0.22252093395631434,-0.8660254037844385,-0.5000000000000004,-0.8359254794186365,-0.5488429582847199,1.6,1.7
2019-08-29,Mizoram,NER,23.71039899,92.72001461,1.6,2019,8,3,241,0,0,21.7,94,1.9,1.8,2.0,1.7857142857142858,0.13451854182691003,1.6733333333333333,0.43388373911755823,-0.900968867902419,-0.8660254037844385,-0.5000000000000004,-0.8452490573530634,-0.5343725582809785,1.6,1.6
2019-08-30,Mizoram,NER,23.71039899,92.72001461,1.6,2019,8,4,242,0,0,22.3,94,1.6,1.8,1.8,1.757142857142857,0.151185789203691,1.6666666666666667,-0.433883739117558,-0.9009688679024191,-0.8660254037844385,-0.5000000000000004,-0.8543221697498269,-0.5197438121555157,1.6,1.7
2019-08-31,Mizoram,NER,23.71039899,92.72001461,1.6,2019,8,5,243,1,0,22.2,93,1.6,1.8,1.5,1.7285714285714289,0.16035674514745468,1.6700000000000002,-0.9749279121818236,-0.2225209339563146,-0.8660254037844385,-0.5000000000000004,-0.8631421280499115,-0.5049610547215202,1.7,1.8
2019-09-01,Mizoram,NER,23.71039899,92.72001461,1.7,2019,9,6,244,1,0,22.3,93,1.6,1.6,1.5,1.7428571428571427,0.15118578920369097,1.6766666666666667,-0.7818314824680299,0.6234898018587334,-1.0,-1.8369701987210297e-16,-0.8717063187093217,-0.4900286664290594,1.8,1.8
2019-09-02,Mizoram,NER,23.71039899,92.72001461,1.8,2019,9,0,245,0,0,22.0,92,1.7,1.9,1.7,1.7285714285714289,0.13801311186847093,1.68,0.0,1.0,-1.0,-1.8369701987210297e-16,-0.8800122039735356,-0.4749510720670502,1.6,1.8
2019-09-03,Mizoram,NER,23.71039899,92.72001461,1.6,2019,9,1,246,0,0,21.9,93,1.8,1.9,1.8,1.6857142857142857,0.12149857925879112,1.6733333333333333,0.7818314824680298,0.6234898018587336,-1.0,-1.8369701987210297e-16,-0.888057322629493,-0.4597327394521046,1.7,1.8
2019-09-04,Mizoram,NER,23.71039899,92.72001461,1.7,2019,9,2,247,0,0,21.8,92,1.6,1.9,1.7,1.657142857142857,0.07867957924694408,1.6733333333333333,0.9749279121818236,-0.22252093395631434,-1.0,-1.8369701987210297e-16,-0.8958392907349089,-0.4443781781046134,1.6,1.7
2019-09-05,Mizoram,NER,23.71039899,92.72001461,1.6,2019,9,3,248,0,0,21.3,95,1.7,1.6,1.7,1.6571428571428573,0.07867957924694408,1.6700000000000002,0.43388373911755823,-0.900968867902419,-1.0,-1.8369701987210297e-16,-0.9033558023246842,-0.4288919379124841,1.7,1.7
2019-09-06,Mizoram,NER,23.71039899,92.72001461,1.7,2019,9,4,249,0,0,21.7,92,1.6,1.6,1.8,1.6714285714285715,0.07559289460184533,1.6666666666666667,-0.433883739117558,-0.9009688679024191,-1.0,-1.8369701987210297e-16,-0.9106046300942162,-0.41327860778290443,1.8,1.8
2019-09-08,Mizoram,NER,23.71039899,92.72001461,1.8,2019,9,6,251,1,0,21.4,88,1.7,1.6,1.5,1.6999999999999997,0.08164965809277273,1.6766666666666665,-0.7818314824680299,0.6234898018587334,-1.0,-1.8369701987210297e-16,-0.9242907221930934,-0.3816892202666586,1.8,1.7
2019-09-09,Mizoram,NER,23.71039899,92.72001461,1.8,2019,9,0,252,0,0,21.1,91,1.8,1.7,1.5,1.7142857142857142,0.08997354108424394,1.6866666666666668,0.0,1.0,-1.0,-1.8369701987210297e-16,-0.9307239310379793,-0.3657225234972692,1.8,1.6
2019-09-10,Mizoram,NER,23.71039899,92.72001461,1.8,2019,9,1,253,0,1,21.2,91,1.8,1.8,1.7,1.7142857142857142,0.08997354108424394,1.6900000000000002,0.7818314824680298,0.6234898018587336,-1.0,-1.8369701987210297e-16,-0.9368813462954315,-0.34964745525122826,1.8,1.5
2019-09-11,Mizoram,NER,23.71039899,92.72001461,1.8,2019,9,2,254,0,0,21.5,88,1.8,1.6,1.6,1.7428571428571427,0.07867957924694471,1.6966666666666668,0.9749279121818236,-0.22252093395631434,-1.0,-1.8369701987210297e-16,-0.9427611433904206,-0.33346877891818705,1.7,1.8
2019-09-12,Mizoram,NER,23.71039899,92.72001461,1.7,2019,9,3,255,0,0,20.6,90,1.8,1.7,1.5,1.742857142857143,0.07867957924694471,1.7033333333333334,0.43388373911755823,-0.900968867902419,-1.0,-1.8369701987210297e-16,-0.9483615800121716,-0.31719128858910595,1.7,1.7
2019-09-13,Mizoram,NER,23.71039899,92.72001461,1.7,2019,9,4,256,0,0,20.6,90,1.7,1.6,1.7,1.7571428571428573,0.053452248382485655,1.7033333333333334,-0.433883739117558,-0.9009688679024191,-1.0,-1.8369701987210297e-16,-0.9536809966304455,-0.300819807635668,1.8,1.9
2019-09-14,Mizoram,NER,23.71039899,92.72001461,1.8,2019,9,5,257,1,0,21.0,88,1.7,1.7,1.4,1.7714285714285716,0.048795003647427664,1.7166666666666666,-0.9749279121818236,-0.2225209339563146,-1.0,-1.8369701987210297e-16,-0.9587178169872964,-0.2843591872810036,1.7,1.9
2019-09-15,Mizoram,NER,23.71039899,92.72001461,1.7,2019,9,6,258,1,0,21.5,90,1.8,1.8,1.8,1.7571428571428573,0.053452248382485655,1.7133333333333336,-0.7818314824680299,0.6234898018587334,-1.0,-1.8369701987210297e-16,-0.9634705485641486,-0.26781430516217486,1.6,1.8
2019-09-16,Mizoram,NER,23.71039899,92.72001461,1.6,2019,9,0,259,0,0,21.0,93,1.7,1.8,1.6,1.7285714285714284,0.07559289460184579,1.7133333333333336,0.0,1.0,-1.0,-1.8369701987210297e-16,-0.9679377830240642,-0.25119006388481957,1.5,1.8
2019-09-17,Mizoram,NER,23.71039899,92.72001461,1.5,2019,9,1,260,0,0,21.6,92,1.6,1.8,1.6,1.6857142857142855,0.10690449676496987,1.7100000000000002,0.7818314824680298,0.6234898018587336,-1.0,-1.8369701987210297e-16,-0.9721181966290612,-0.23449138957041052,1.8,1.6
2019-09-18,Mizoram,NER,23.71039899,92.72001461,1.8,2019,9,2,261,0,0,22.3,89,1.5,1.8,1.6,1.6857142857142857,0.10690449676496987,1.7166666666666666,0.9749279121818236,-0.22252093395631434,-1.0,-1.8369701987210297e-16,-0.9760105506323682,-0.21772323039653224,1.7,1.8
2019-09-19,Mizoram,NER,23.71039899,92.72001461,1.7,2019,9,3,262,0,0,22.5,86,1.8,1.7,1.6,1.6857142857142855,0.10690449676496987,1.72,0.43388373911755823,-0.900968867902419,-1.0,-1.8369701987210297e-16,-0.9796136916454901,-0.20089055513063528,1.9,1.7
2019-09-20,Mizoram,NER,23.71039899,92.72001461,1.9,2019,9,4,263,0,0,21.4,94,1.7,1.7,1.7,1.7142857142857142,0.13451854182690995,1.7266666666666668,-0.433883739117558,-0.9009688679024191,-1.0,-1.8369701987210297e-16,-0.9829265519799822,-0.18399835165767986,1.9,1.6
2019-09-21,Mizoram,NER,23.71039899,92.72001461,1.9,2019,9,5,264,1,0,21.5,91,1.9,1.8,1.6,1.7285714285714284,0.1496026483086192,1.7366666666666668,-0.9749279121818236,-0.2225209339563146,-1.0,-1.8369701987210297e-16,-0.9859481499638303,-0.1670516255021195,1.8,1.7
2019-09-22,Mizoram,NER,23.71039899,92.72001461,1.8,2019,9,6,265,1,0,21.4,91,1.9,1.7,1.8,1.7428571428571427,0.151185789203691,1.7366666666666666,-0.7818314824680299,0.6234898018587334,-1.0,-1.8369701987210297e-16,-0.9886775902323404,-0.15005539834465262,1.8,1.7
2019-09-23,Mizoram,NER,23.71039899,92.72001461,1.8,2019,9,0,266,0,0,20.8,92,1.8,1.6,1.8,1.7714285714285716,0.138013111868471,1.7366666666666668,0.0,1.0,-1.0,-1.8369701987210297e-16,-0.9911140639934546,-0.13301470653419636,1.6,1.7
2019-09-24,Mizoram,NER,23.71039899,92.72001461,1.6,2019,9,1,267,0,0,19.8,97,1.8,1.5,1.8,1.7857142857142858,0.10690449676497002,1.7300000000000002,0.7818314824680298,0.6234898018587336,-1.0,-1.8369701987210297e-16,-0.9932568492674143,-0.11593459959550066,1.8,1.7
2019-09-25,Mizoram,NER,23.71039899,92.72001461,1.8,2019,9,2,268,0,0,19.0,99,1.6,1.8,1.6,1.7857142857142858,0.10690449676497002,1.7366666666666668,0.9749279121818236,-0.22252093395631434,-1.0,-1.8369701987210297e-16,-0.9951053111006974,-0.09882013873287211,1.7,1.8
2019-09-26,Mizoram,NER,23.71039899,92.72001461,1.7,2019,9,3,269,0,0,19.4,94,1.8,1.7,1.9,1.7857142857142858,0.10690449676497002,1.7300000000000002,0.43388373911755823,-0.900968867902419,-1.0,-1.8369701987210297e-16,-0.99665890175417,-0.08167639533042288,1.6,1.8
2019-09-27,Mizoram,NER,23.71039899,92.72001461,1.6,2019,9,4,270,0,0,20.0,91,1.7,1.9,1.9,1.742857142857143,0.11338934190276839,1.7199999999999998,-0.433883739117558,-0.9009688679024191,-1.0,-1.8369701987210297e-16,-0.9979171608653922,-0.06450844944931625,1.7,1.9
2019-09-28,Mizoram,NER,23.71039899,92.72001461,1.7,2019,9,5,271,1,0,20.4,90,1.6,1.9,1.9,1.7142857142857142,0.08997354108424407,1.7133333333333334,-0.9749279121818236,-0.2225209339563146,-1.0,-1.8369701987210297e-16,-0.9988797155850335,-0.04732138832243232,1.7,1.8
2019-09-29,Mizoram,NER,23.71039899,92.72001461,1.7,2019,9,6,272,1,0,19.4,93,1.7,1.8,1.6,1.6999999999999997,0.081649658092773,1.7166666666666666,-0.7818314824680299,0.6234898018587334,-1.0,-1.8369701987210297e-16,-0.9995462806873573,-0.03012030484690836,1.7,1.9
2019-09-30,Mizoram,NER,23.71039899,92.72001461,1.7,2019,9,0,273,0,0,19.0,94,1.7,1.8,1.6,1.6857142857142857,0.06900655593423592,1.72,0.0,1.0,-1.0,-1.8369701987210297e-16,-0.9999166586547379,-0.012910296075008843,1.7,1.7
2019-10-01,Mizoram,NER,23.71039899,92.72001461,1.7,2019,10,1,274,0,0,18.5,97,1.7,1.6,1.6,1.7,0.05773502691896314,1.7233333333333334,0.7818314824680298,0.6234898018587336,-0.8660254037844386,0.5000000000000001,-0.9999907397361901,0.004303538296243821,1.8,1.6
2019-10-02,Mizoram,NER,23.71039899,92.72001461,1.8,2019,10,2,275,0,1,19.0,92,1.7,1.8,1.7,1.7,0.05773502691896314,1.7266666666666666,0.9749279121818236,-0.22252093395631434,-0.8660254037844386,0.5000000000000001,-0.9997685019798909,0.021516097436222233,1.8,1.8
2019-10-03,Mizoram,NER,23.71039899,92.72001461,1.8,2019,10,3,276,0,0,19.8,88,1.8,1.7,1.8,1.7142857142857142,0.06900655593423585,1.7266666666666668,0.43388373911755823,-0.900968867902419,-0.8660254037844386,0.5000000000000001,-0.9992500112396835,0.03872228089217399,1.9,1.7
2019-10-04,Mizoram,NER,23.71039899,92.72001461,1.9,2019,10,4,277,0,0,19.4,92,1.8,1.6,1.6,1.757142857142857,0.07867957924694466,1.7366666666666668,-0.433883739117558,-0.9009688679024191,-0.8660254037844386,0.5000000000000001,-0.9984354211555643,0.05591699010060302,1.8,1.9
2019-10-05,Mizoram,NER,23.71039899,92.72001461,1.8,2019,10,5,278,1,0,19.8,92,1.9,1.7,1.7,1.7714285714285716,0.07559289460184582,1.7399999999999998,-0.9749279121818236,-0.2225209339563146,-0.8660254037844386,0.5000000000000001,-0.9973249731081555,0.07309512989807776,1.9,1.7
2019-10-06,Mizoram,NER,23.71039899,92.72001461,1.9,2019,10,6,279,1,0,20.0,91,1.8,1.7,1.6,1.8000000000000003,0.08164965809277297,1.75,-0.7818314824680299,0.6234898018587334,-0.8660254037844386,0.5000000000000001,-0.9959189961471792,0.0902516100310407,1.7,1.8
2019-10-08,Mizoram,NER,23.71039899,92.72001461,1.7,2019,10,1,281,0,1,19.6,95,1.9,1.7,1.7,1.8,0.08164965809277297,1.75,0.7818314824680298,0.6234898018587336,-0.8660254037844386,0.5000000000000001,-0.9922222094179324,0.12447926388678869,1.6,1.7
2019-10-09,Mizoram,NER,23.71039899,92.72001461,1.6,2019,10,2,282,0,0,19.8,88,1.7,1.7,1.8,1.7857142857142858,0.10690449676496998,1.7433333333333334,0.9749279121818236,-0.22252093395631434,-0.8660254037844386,0.5000000000000001,-0.989932495087353,0.141540295217043,1.8,1.7
2019-10-10,Mizoram,NER,23.71039899,92.72001461,1.8,2019,10,3,283,0,0,18.6,95,1.6,1.8,1.8,1.7857142857142858,0.10690449676496998,1.7433333333333332,0.43388373911755823,-0.900968867902419,-0.8660254037844386,0.5000000000000001,-0.9873494423939864,0.15855938510313475,1.7,1.6
2019-10-11,Mizoram,NER,23.71039899,92.72001461,1.7,2019,10,4,284,0,0,18.7,92,1.8,1.8,1.8,1.7714285714285716,0.11126972805283755,1.74,-0.433883739117558,-0.9009688679024191,-0.8660254037844386,0.5000000000000001,-0.9844738167520923,0.17553149042142777,1.9,1.6
2019-10-12,Mizoram,NER,23.71039899,92.72001461,1.9,2019,10,5,285,1,0,19.4,86,1.7,1.9,1.8,1.7714285714285716,0.11126972805283755,1.7433333333333332,-0.9749279121818236,-0.2225209339563146,-0.8660254037844386,0.5000000000000001,-0.9813064702716093,0.19245158197082995,1.7,1.6
2019-10-13,Mizoram,NER,23.71039899,92.72001461,1.7,2019,10,6,286,1,0,19.7,86,1.9,1.8,1.7,1.757142857142857,0.11338934190276836,1.7433333333333334,-0.7818314824680299,0.6234898018587334,-0.8660254037844386,0.5000000000000001,-0.9778483415056567,0.20931464596304888,1.8,1.3
2019-10-14,Mizoram,NER,23.71039899,92.72001461,1.8,2019,10,0,287,0,0,20.5,86,1.7,1.9,1.7,1.7428571428571427,0.09759000729485356,1.7466666666666666,0.0,1.0,-0.8660254037844386,0.5000000000000001,-0.9741004551724206,0.22611568550828803,1.7,1.6
2019-10-15,Mizoram,NER,23.71039899,92.72001461,1.7,2019,10,1,288,0,0,19.6,92,1.8,1.7,1.8,1.7428571428571427,0.09759000729485356,1.7433333333333334,0.7818314824680298,0.6234898018587336,-0.8660254037844386,0.5000000000000001,-0.970063921851507,0.2428497220959358,1.7,1.6
2019-10-16,Mizoram,NER,23.71039899,92.72001461,1.7,2019,10,2,289,0,0,19.3,93,1.7,1.6,1.7,1.7571428571428573,0.07867957924694466,1.7433333333333332,0.9749279121818236,-0.22252093395631434,-0.8660254037844386,0.5000000000000001,-0.965739937654855,0.25951179706979943,1.6,1.6
2019-10-17,Mizoram,NER,23.71039899,92.72001461,1.6,2019,10,3,290,0,0,20.1,87,1.7,1.8,1.6,1.7285714285714284,0.09511897312113446,1.7433333333333332,0.43388373911755823,-0.900968867902419,-0.8660254037844386,0.5000000000000001,-0.9611297838723007,0.27609697309746883,1.6,1.6
2019-10-18,Mizoram,NER,23.71039899,92.72001461,1.6,2019,10,4,291,0,0,20.7,85,1.6,1.7,1.5,1.7142857142857142,0.10690449676496999,1.7466666666666666,-0.433883739117558,-0.9009688679024191,-0.8660254037844386,0.5000000000000001,-0.9562348265919058,0.2926003356333479,1.6,1.7
2019-10-19,Mizoram,NER,23.71039899,92.72001461,1.6,2019,10,5,292,1,0,20.9,83,1.6,1.9,1.8,1.6714285714285713,0.07559289460184594,1.74,-0.9749279121818236,-0.2225209339563146,-0.8660254037844386,0.5000000000000001,-0.9510565162951536,0.30901699437494723,1.3,1.8
2019-10-20,Mizoram,NER,23.71039899,92.72001461,1.3,2019,10,6,293,1,0,20.7,83,1.6,1.7,1.7,1.6142857142857143,0.15735915849388896,1.7266666666666666,-0.7818314824680299,0.6234898018587334,-0.8660254037844386,0.5000000000000001,-0.9455963874271428,0.3253420847119795,1.6,1.7
2019-10-21,Mizoram,NER,23.71039899,92.72001461,1.6,2019,10,0,294,0,0,20.4,82,1.3,1.8,1.9,1.5857142857142856,0.1345185418269103,1.7166666666666666,0.0,1.0,-0.8660254037844386,0.5000000000000001,-0.9398560579418953,0.341570769167856,1.6,1.6
2019-10-22,Mizoram,NER,23.71039899,92.72001461,1.6,2019,10,1,295,0,0,19.3,90,1.6,1.7,1.9,1.5714285714285714,0.12535663410560227,1.7066666666666668,0.7818314824680298,0.6234898018587336,-0.8660254037844386,0.5000000000000001,-0.9338372288229252,0.35769823883312546,1.6,1.3
2019-10-23,Mizoram,NER,23.71039899,92.72001461,1.6,2019,10,2,296,0,0,19.6,88,1.6,1.7,1.8,1.5571428571428572,0.11338934190276882,1.7,0.9749279121818236,-0.22252093395631434,-0.8660254037844386,0.5000000000000001,-0.9275416835791965,0.3737197147904692,1.6,1.4
2019-10-24,Mizoram,NER,23.71039899,92.72001461,1.6,2019,10,3,297,0,0,18.8,92,1.6,1.6,1.8,1.5571428571428572,0.11338934190276882,1.6933333333333331,0.43388373911755823,-0.900968867902419,-0.8660254037844386,0.5000000000000001,-0.9209712877166347,0.38963044953078774,1.7,1.7
2019-10-25,Mizoram,NER,23.71039899,92.72001461,1.7,2019,10,4,298,0,0,20.0,84,1.6,1.6,1.6,1.5714285714285714,0.12535663410560227,1.6966666666666665,-0.433883739117558,-0.9009688679024191,-0.8660254037844386,0.5000000000000001,-0.9141279881853337,0.4054257283599973,1.8,1.5
2019-10-26,Mizoram,NER,23.71039899,92.72001461,1.8,2019,10,5,299,1,0,19.7,88,1.7,1.6,1.8,1.6,0.15275252316519503,1.6966666666666665,-0.9749279121818236,-0.2225209339563146,-0.8660254037844386,0.5000000000000001,-0.9070138128026362,0.42110087079608916,1.7,1.6
2019-10-27,Mizoram,NER,23.71039899,92.72001461,1.7,2019,10,6,300,1,1,19.3,94,1.8,1.3,1.7,1.657142857142857,0.0786795792469448,1.6966666666666665,-0.7818314824680299,0.6234898018587334,-0.8660254037844386,0.5000000000000001,-0.8996308696522434,0.4366512319560638,1.6,1.7
2019-10-28,Mizoram,NER,23.71039899,92.72001461,1.6,2019,10,0,301,0,0,19.7,93,1.7,1.6,1.6,1.6571428571428573,0.0786795792469448,1.6966666666666668,0.0,1.0,-0.8660254037844386,0.5000000000000001,-0.8919813464595487,0.45207220393230374,1.3,1.3
2019-10-29,Mizoram,NER,23.71039899,92.72001461,1.3,2019,10,1,302,0,0,20.0,89,1.6,1.6,1.7,1.614285714285714,0.15735915849388893,1.6833333333333333,0.7818314824680298,0.6234898018587336,-0.8660254037844386,0.5000000000000001,-0.8840675099433637,0.46735921715800205,1.4,1.6
2019-10-30,Mizoram,NER,23.71039899,92.72001461,1.4,2019,10,2,303,0,0,20.5,81,1.3,1.6,1.7,1.5857142857142856,0.17728105208558398,1.6733333333333331,0.9749279121818236,-0.22252093395631434,-0.8660254037844386,0.5000000000000001,-0.8758917051442433,0.48250774176121763,1.7,1.6
2019-10-31,Mizoram,NER,23.71039899,92.72001461,1.7,2019,10,3,304,0,0,19.3,83,1.4,1.6,1.7,1.5999999999999999,0.18257418583505566,1.6733333333333333,0.43388373911755823,-0.900968867902419,-0.8660254037844386,0.5000000000000001,-0.8674563547295971,0.4975132889071803,1.5,1.3
2019-11-01,Mizoram,NER,23.71039899,92.72001461,1.5,2019,11,4,305,0,0,19.2,82,1.7,1.7,1.7,1.5714285714285714,0.17994708216848782,1.6666666666666667,-0.433883739117558,-0.9009688679024191,-0.5000000000000004,0.8660254037844384,-0.858763958275803,0.5123714121284235,1.6,1.8
2019-11-02,Mizoram,NER,23.71039899,92.72001461,1.6,2019,11,5,306,1,0,19.2,83,1.5,1.8,1.8,1.542857142857143,0.15118578920369133,1.6600000000000001,-0.9749279121818236,-0.2225209339563146,-0.5000000000000004,0.8660254037844384,-0.8498170915275277,0.5270777086423724,1.7,1.7
2019-11-03,Mizoram,NER,23.71039899,92.72001461,1.7,2019,11,6,307,1,0,19.4,81,1.6,1.7,1.8,1.542857142857143,0.15118578920369133,1.6566666666666665,-0.7818314824680299,0.6234898018587334,-0.5000000000000004,0.8660254037844384,-0.8406184056344783,0.5416278206559811,1.3,1.8
2019-11-04,Mizoram,NER,23.71039899,92.72001461,1.3,2019,11,0,308,0,0,19.4,81,1.7,1.6,1.9,1.5,0.17320508075688817,1.6366666666666667,0.0,1.0,-0.5000000000000004,0.8660254037844384,-0.8311706263658079,0.5560174366570446,1.6,1.7
2019-11-05,Mizoram,NER,23.71039899,92.72001461,1.6,2019,11,1,309,0,0,18.2,77,1.3,1.3,1.8,1.542857142857143,0.15118578920369133,1.63,0.7818314824680298,0.6234898018587336,-0.5000000000000004,0.8660254037844384,-0.8214765533024145,0.5702422926917867,1.6,1.7
2019-11-06,Mizoram,NER,23.71039899,92.72001461,1.6,2019,11,2,310,0,0,17.5,77,1.6,1.4,1.9,1.5714285714285714,0.13801311186847123,1.62,0.9749279121818236,-0.22252093395631434,-0.5000000000000004,0.8660254037844384,-0.8115390590073611,0.5842981736283683,1.3,1.9
2019-11-08,Mizoram,NER,23.71039899,92.72001461,1.3,2019,11,4,312,0,0,19.4,88,1.6,1.7,1.7,1.5142857142857145,0.15735915849388912,1.6066666666666667,-0.433883739117558,-0.9009688679024191,-0.5000000000000004,0.8660254037844384,-0.7909456567567774,0.6118864012687242,1.8,1.7
2019-11-09,Mizoram,NER,23.71039899,92.72001461,1.8,2019,11,5,313,1,0,18.9,96,1.3,1.5,1.6,1.5571428571428572,0.19023794624226872,1.6133333333333333,-0.9749279121818236,-0.2225209339563146,-0.5000000000000004,0.8660254037844384,-0.780295851070776,0.6254105729852457,1.7,1.6
2019-11-10,Mizoram,NER,23.71039899,92.72001461,1.7,2019,11,6,314,1,1,18.0,97,1.8,1.6,1.8,1.5714285714285714,0.19760470401187105,1.61,-0.7818314824680299,0.6234898018587334,-0.5000000000000004,0.8660254037844384,-0.7694148268839381,0.6387494220515268,1.8,1.7
2019-11-11,Mizoram,NER,23.71039899,92.72001461,1.8,2019,11,0,315,0,0,18.2,94,1.7,1.7,1.7,1.5857142857142856,0.21157009420498182,1.6133333333333333,0.0,1.0,-0.5000000000000004,0.8660254037844384,-0.7583058084785625,0.6518989958787125,1.7,1.6
2019-11-12,Mizoram,NER,23.71039899,92.72001461,1.7,2019,11,1,316,0,1,18.1,91,1.8,1.3,1.9,1.6428571428571428,0.17182493859684522,1.6066666666666667,0.7818314824680298,0.6234898018587336,-0.5000000000000004,0.8660254037844384,-0.7469720876965551,0.6648553979642866,1.7,1.7
2019-11-13,Mizoram,NER,23.71039899,92.72001461,1.7,2019,11,2,317,0,0,18.8,86,1.7,1.6,1.7,1.657142857142857,0.17182493859684522,1.6066666666666665,0.9749279121818236,-0.22252093395631434,-0.5000000000000004,0.8660254037844384,-0.7354170229639858,0.6776147890466887,1.9,1.6
2019-11-14,Mizoram,NER,23.71039899,92.72001461,1.9,2019,11,3,318,0,0,18.5,84,1.7,1.6,1.8,1.7,0.19148542155126788,1.6099999999999999,0.43388373911755823,-0.900968867902419,-0.5000000000000004,0.8660254037844384,-0.7236440382959124,0.690173388242972,1.7,1.5
2019-11-15,Mizoram,NER,23.71039899,92.72001461,1.7,2019,11,4,319,0,0,17.4,82,1.9,1.3,1.7,1.757142857142857,0.07867957924694502,1.6099999999999999,-0.433883739117558,-0.9009688679024191,-0.5000000000000004,0.8660254037844384,-0.711656622281775,0.7025274741691566,1.6,1.9
2019-11-16,Mizoram,NER,23.71039899,92.72001461,1.6,2019,11,5,320,1,0,16.2,80,1.7,1.8,1.7,1.7285714285714289,0.09511897312113475,1.6066666666666667,-0.9749279121818236,-0.2225209339563146,-0.5000000000000004,0.8660254037844384,-0.6994583270516471,0.7146733860429608,1.7,2.0
2019-11-17,Mizoram,NER,23.71039899,92.72001461,1.7,2019,11,6,321,1,0,15.4,79,1.6,1.7,1.6,1.7285714285714284,0.09511897312113475,1.6099999999999999,-0.7818314824680299,0.6234898018587334,-0.5000000000000004,0.8660254037844384,-0.6870527672236675,0.7266075247685652,1.6,2.0
2019-11-18,Mizoram,NER,23.71039899,92.72001461,1.6,2019,11,0,322,0,0,15.5,81,1.7,1.8,1.6,1.7,0.10000000000000056,1.6099999999999999,0.0,1.0,-0.5000000000000004,0.8660254037844384,-0.6744436188329457,0.7383263540031063,1.7,1.8
2019-11-19,Mizoram,NER,23.71039899,92.72001461,1.7,2019,11,1,323,0,0,14.5,80,1.6,1.7,1.6,1.6999999999999997,0.10000000000000056,1.6133333333333333,0.7818314824680298,0.6234898018587336,-0.5000000000000004,0.8660254037844384,-0.661634618242279,0.749826401204568,1.6,1.8
2019-11-20,Mizoram,NER,23.71039899,92.72001461,1.6,2019,11,2,324,0,0,14.0,79,1.7,1.7,1.3,1.6857142857142857,0.10690449676497028,1.6233333333333335,0.9749279121818236,-0.22252093395631434,-0.5000000000000004,0.8660254037844384,-0.6486295610349818,0.7611042586607742,1.5,1.9
2019-11-21,Mizoram,NER,23.71039899,92.72001461,1.5,2019,11,3,325,0,0,14.5,75,1.6,1.9,1.6,1.6285714285714286,0.07559289460184648,1.62,0.43388373911755823,-0.900968867902419,-0.5000000000000004,0.8660254037844384,-0.6354323008901775,0.7721565844991641,1.9,1.9
2019-11-22,Mizoram,NER,23.71039899,92.72001461,1.9,2019,11,4,326,0,0,14.9,73,1.5,1.7,1.6,1.6571428571428573,0.12724180205607089,1.63,-0.433883739117558,-0.9009688679024191,-0.5000000000000004,0.8660254037844384,-0.622046748440868,0.7829801036770624,2.0,1.7
2019-11-23,Mizoram,NER,23.71039899,92.72001461,2.0,2019,11,5,327,1,0,14.6,77,1.9,1.6,1.6,1.7142857142857142,0.17728105208558403,1.6433333333333335,-0.9749279121818236,-0.2225209339563146,-0.5000000000000004,0.8660254037844384,-0.6084768701151264,0.7935716089521472,2.0,1.7
2019-11-24,Mizoram,NER,23.71039899,92.72001461,2.0,2019,11,6,328,1,0,14.6,80,2.0,1.7,1.6,1.7571428571428573,0.20701966780270656,1.6566666666666667,-0.7818314824680299,0.6234898018587334,-0.5000000000000004,0.8660254037844384,-0.594726686960764,0.8039279618328208,1.8,1.7
2019-11-25,Mizoram,NER,23.71039899,92.72001461,1.8,2019,11,0,329,0,0,15.4,77,2.0,1.6,1.7,1.7857142857142858,0.1951800145897069,1.66,0.0,1.0,-0.5000000000000004,0.8660254037844384,-0.5808002734538013,0.8140460935082175,1.8,1.6
2019-11-26,Mizoram,NER,23.71039899,92.72001461,1.8,2019,11,1,330,0,0,15.8,76,1.8,1.7,1.8,1.8000000000000003,0.19148542155126785,1.6600000000000001,0.7818314824680298,0.6234898018587336,-0.5000000000000004,0.8660254037844384,-0.5667017562911184,0.8239230057575536,1.9,1.7
2019-11-27,Mizoram,NER,23.71039899,92.72001461,1.9,2019,11,2,331,0,0,16.3,72,1.8,1.6,1.7,1.8428571428571427,0.1718249385968451,1.6666666666666667,0.9749279121818236,-0.22252093395631434,-0.5000000000000004,0.8660254037844384,-0.5524353131676203,0.8335557718385695,1.9,1.7
2019-11-28,Mizoram,NER,23.71039899,92.72001461,1.9,2019,11,3,332,0,0,16.2,70,1.9,1.5,1.6,1.9,0.08164965809277275,1.6766666666666665,0.43388373911755823,-0.900968867902419,-0.5000000000000004,0.8660254037844384,-0.5380051715382992,0.8429415373547832,1.7,1.8
2019-11-29,Mizoram,NER,23.71039899,92.72001461,1.7,2019,11,4,333,0,0,15.8,72,1.9,1.9,1.3,1.8714285714285714,0.11126972805283757,1.6900000000000002,-0.433883739117558,-0.9009688679024191,-0.5000000000000004,0.8660254037844384,-0.5234156073655503,0.8520775211013093,1.7,1.8
2019-11-30,Mizoram,NER,23.71039899,92.72001461,1.7,2019,11,5,334,1,0,15.0,73,1.7,2.0,1.4,1.8285714285714287,0.11126972805283768,1.7,-0.9749279121818236,-0.2225209339563146,-0.5000000000000004,0.8660254037844384,-0.5086709438521042,0.8609610158889945,1.7,1.7
2019-12-01,Mizoram,NER,23.71039899,92.72001461,1.7,2019,12,6,335,1,0,14.3,73,1.7,2.0,1.7,1.7857142857142858,0.08997354108424427,1.7,-0.7818314824680299,0.6234898018587334,-2.4492935982947064e-16,1.0,-0.49377555015997737,0.8695893893466109,1.6,1.7
2019-12-02,Mizoram,NER,23.71039899,92.72001461,1.6,2019,12,0,336,0,0,13.0,75,1.7,1.8,1.5,1.7571428571428573,0.11338934190276864,1.7033333333333334,0.0,1.0,-2.4492935982947064e-16,1.0,-0.4787338401157883,0.8779600847008883,1.7,1.6
2019-12-03,Mizoram,NER,23.71039899,92.72001461,1.7,2019,12,1,337,0,0,12.6,74,1.6,1.8,1.6,1.7428571428571427,0.11338934190276867,1.7066666666666666,0.7818314824680298,0.6234898018587336,-2.4492935982947064e-16,1.0,-0.4635502709028512,0.8860706215341378,1.7,1.5
2019-12-04,Mizoram,NER,23.71039899,92.72001461,1.7,2019,12,2,338,0,0,12.5,79,1.7,1.9,1.7,1.7142857142857142,0.0899735410842445,1.7066666666666668,0.9749279121818236,-0.22252093395631434,-2.4492935982947064e-16,1.0,-0.4482293417404106,0.893918596519257,1.8,1.7
2019-12-05,Mizoram,NER,23.71039899,92.72001461,1.8,2019,12,3,339,0,0,13.6,74,1.7,1.9,1.3,1.7,0.05773502691896395,1.7233333333333332,0.43388373911755823,-0.900968867902419,-2.4492935982947064e-16,1.0,-0.4327755925504317,0.9015016841318838,1.8,1.6
2019-12-06,Mizoram,NER,23.71039899,92.72001461,1.8,2019,12,4,340,0,0,13.1,67,1.8,1.7,1.6,1.7142857142857142,0.06900655593423649,1.7300000000000002,-0.433883739117558,-0.9009688679024191,-2.4492935982947064e-16,1.0,-0.41719360261231697,0.9088176373395028,1.7,1.5
2019-12-08,Mizoram,NER,23.71039899,92.72001461,1.7,2019,12,6,342,1,0,13.5,74,1.8,1.7,1.6,1.7142857142857142,0.06900655593423649,1.7333333333333334,-0.7818314824680299,0.6234898018587334,-2.4492935982947064e-16,1.0,-0.38566340624360745,0.9226395488404875,1.7,1.6
2019-12-09,Mizoram,NER,23.71039899,92.72001461,1.7,2019,12,0,343,0,0,13.4,73,1.7,1.7,1.3,1.7142857142857142,0.06900655593423649,1.7466666666666666,0.0,1.0,-2.4492935982947064e-16,1.0,-0.3697245428906732,0.9291414114031743,1.6,1.6
2019-12-10,Mizoram,NER,23.71039899,92.72001461,1.6,2019,12,1,344,0,0,12.8,74,1.7,1.6,1.8,1.7142857142857142,0.06900655593423649,1.74,0.7818314824680298,0.6234898018587336,-2.4492935982947064e-16,1.0,-0.3536761221763721,0.935367949313148,1.5,1.8
2019-12-11,Mizoram,NER,23.71039899,92.72001461,1.5,2019,12,2,345,0,0,12.5,73,1.6,1.7,1.7,1.6857142857142857,0.10690449676497052,1.7333333333333334,0.9749279121818236,-0.22252093395631434,-2.4492935982947064e-16,1.0,-0.33752289959411347,0.941317317512847,1.7,1.8
2019-12-12,Mizoram,NER,23.71039899,92.72001461,1.7,2019,12,3,346,0,0,12.1,73,1.5,1.7,1.8,1.6857142857142857,0.10690449676497052,1.73,0.43388373911755823,-0.900968867902419,-2.4492935982947064e-16,1.0,-0.32126966169236515,0.9469877530760751,1.6,1.6
2019-12-13,Mizoram,NER,23.71039899,92.72001461,1.6,2019,12,4,347,0,0,12.3,72,1.7,1.8,1.7,1.657142857142857,0.09759000729485424,1.7266666666666666,-0.433883739117558,-0.9009688679024191,-2.4492935982947064e-16,1.0,-0.3049212246562894,0.9523775757303973,1.5,1.6
2019-12-14,Mizoram,NER,23.71039899,92.72001461,1.5,2019,12,5,348,1,0,12.9,72,1.6,1.8,1.7,1.614285714285714,0.08997354108424489,1.72,-0.9749279121818236,-0.2225209339563146,-2.4492935982947064e-16,1.0,-0.2884824328806098,0.9574851883550389,1.6,1.6
2019-12-15,Mizoram,NER,23.71039899,92.72001461,1.6,2019,12,6,349,1,0,13.0,72,1.5,1.7,1.9,1.5999999999999999,0.08164965809277394,1.7100000000000002,-0.7818314824680299,0.6234898018587334,-2.4492935982947064e-16,1.0,-0.27195815753410524,0.9623090774541487,1.6,1.8
2019-12-16,Mizoram,NER,23.71039899,92.72001461,1.6,2019,12,0,350,0,0,12.9,72,1.6,1.7,1.7,1.5857142857142859,0.0690065559342371,1.7066666666666668,0.0,1.0,-2.4492935982947064e-16,1.0,-0.2553532951161881,0.9668478136052773,1.8,1.7
2019-12-17,Mizoram,NER,23.71039899,92.72001461,1.8,2019,12,1,351,0,0,12.8,74,1.6,1.6,1.6,1.614285714285714,0.10690449676497076,1.7133333333333334,0.7818314824680298,0.6234898018587336,-2.4492935982947064e-16,1.0,-0.23867276600594997,0.9711000518829505,1.8,1.7
2019-12-18,Mizoram,NER,23.71039899,92.72001461,1.8,2019,12,2,352,0,0,12.3,82,1.8,1.5,1.7,1.657142857142857,0.11338934190276898,1.7166666666666666,0.9749279121818236,-0.22252093395631434,-2.4492935982947064e-16,1.0,-0.22192151300416674,0.9750645322571945,1.6,1.7
2019-12-19,Mizoram,NER,23.71039899,92.72001461,1.6,2019,12,3,353,0,0,11.6,79,1.8,1.7,1.6,1.6428571428571428,0.11338934190276903,1.7166666666666666,0.43388373911755823,-0.900968867902419,-2.4492935982947064e-16,1.0,-0.20510449986861926,0.9787400799669153,1.6,1.7
2019-12-20,Mizoram,NER,23.71039899,92.72001461,1.6,2019,12,4,354,0,0,11.2,73,1.6,1.6,1.7,1.6428571428571428,0.11338934190276903,1.7133333333333334,-0.433883739117558,-0.9009688679024191,-2.4492935982947064e-16,1.0,-0.1882267098432439,0.9821256058680006,1.6,2.0
2019-12-21,Mizoram,NER,23.71039899,92.72001461,1.6,2019,12,5,355,1,0,11.0,76,1.6,1.5,1.6,1.6571428571428573,0.09759000729485424,1.7133333333333334,-0.9749279121818236,-0.2225209339563146,-2.4492935982947064e-16,1.0,-0.1712931441814778,0.9852201067560606,1.8,1.7
2019-12-22,Mizoram,NER,23.71039899,92.72001461,1.8,2019,12,6,356,1,0,12.0,77,1.6,1.6,1.5,1.6857142857142855,0.10690449676497042,1.7233333333333332,-0.7818314824680299,0.6234898018587334,-2.4492935982947064e-16,1.0,-0.154308820664281,0.9880226656636976,1.7,1.7
2019-12-23,Mizoram,NER,23.71039899,92.72001461,1.7,2019,12,0,357,0,0,12.0,73,1.8,1.6,1.9,1.7,0.1000000000000006,1.7166666666666666,0.0,1.0,-2.4492935982947064e-16,1.0,-0.13727877211326517,0.9905324521322227,1.7,1.8
2019-12-24,Mizoram,NER,23.71039899,92.72001461,1.7,2019,12,1,358,0,0,11.0,67,1.7,1.8,2.0,1.6857142857142857,0.08997354108424452,1.7066666666666668,0.7818314824680298,0.6234898018587336,-2.4492935982947064e-16,1.0,-0.12020804489935275,0.9927487224577402,1.7,1.7
2019-12-25,Mizoram,NER,23.71039899,92.72001461,1.7,2019,12,2,359,0,1,10.9,65,1.7,1.8,2.0,1.6714285714285713,0.0755928946018465,1.6966666666666665,0.9749279121818236,-0.22252093395631434,-2.4492935982947064e-16,1.0,-0.10310169744743544,0.9946708199115211,1.7,1.8
2019-12-26,Mizoram,NER,23.71039899,92.72001461,1.7,2019,12,3,360,0,0,12.6,66,1.7,1.6,1.8,1.6857142857142857,0.06900655593423641,1.6933333333333336,0.43388373911755823,-0.900968867902419,-2.4492935982947064e-16,1.0,-0.0859647987374467,0.9962981749346077,2.0,1.3
2019-12-27,Mizoram,NER,23.71039899,92.72001461,2.0,2019,12,4,361,0,0,11.1,93,1.7,1.6,1.8,1.7428571428571427,0.12724180205607055,1.7,-0.433883739117558,-0.9009688679024191,-2.4492935982947064e-16,1.0,-0.06880242680232064,0.9976303053065857,1.7,1.8
2019-12-28,Mizoram,NER,23.71039899,92.72001461,1.7,2019,12,5,362,1,0,11.0,88,2.0,1.6,1.9,1.757142857142857,0.1133893419027683,1.6933333333333331,-0.9749279121818236,-0.2225209339563146,-2.4492935982947064e-16,1.0,-0.05161966722325418,0.9986668162884759,1.7,1.7
2019-12-29,Mizoram,NER,23.71039899,92.72001461,1.7,2019,12,6,363,1,0,10.9,78,1.7,1.8,1.9,1.742857142857143,0.11338934190276836,1.6866666666666668,-0.7818314824680299,0.6234898018587334,-2.4492935982947064e-16,1.0,-0.034421611622745804,0.9994074007397048,1.8,1.6
2019-12-30,Mizoram,NER,23.71039899,92.72001461,1.8,2019,12,0,364,0,0,11.7,75,1.7,1.7,1.7,1.757142857142857,0.11338934190276832,1.69,0.0,1.0,-2.4492935982947064e-16,1.0,-0.01721335615583528,0.9998518392091162,1.7,1.6
2019-12-31,Mizoram,NER,23.71039899,92.72001461,1.7,2019,12,1,365,0,0,12.5,76,1.8,1.7,1.7,1.7571428571428573,0.11338934190276832,1.6900000000000002,0.7818314824680298,0.6234898018587336,-2.4492935982947064e-16,1.0,6.432490598706546e-16,1.0,1.8,1.7
2020-01-01,Mizoram,NER,23.71039899,92.72001461,1.8,2020,1,2,1,0,0,11.8,92,1.7,1.7,1.7,1.7714285714285716,0.11126972805283745,1.6933333333333331,0.9749279121818236,-0.22252093395631434,0.49999999999999994,0.8660254037844387,0.017213356155834685,0.9998518392091162,1.3,1.7
2020-01-02,Mizoram,NER,23.71039899,92.72001461,1.3,2020,1,3,2,0,0,13.5,89,1.8,1.7,1.6,1.7142857142857142,0.21157009420498166,1.6833333333333333,0.43388373911755823,-0.900968867902419,0.49999999999999994,0.8660254037844387,0.03442161162274574,0.9994074007397048,1.8,1.7
2020-01-03,Mizoram,NER,23.71039899,92.72001461,1.8,2020,1,4,3,0,0,12.8,95,1.3,2.0,1.7,1.6857142857142857,0.1772810520855839,1.6866666666666668,-0.433883739117558,-0.9009688679024191,0.49999999999999994,0.8660254037844387,0.051619667223253764,0.998666816288476,1.7,1.7
2020-01-04,Mizoram,NER,23.71039899,92.72001461,1.7,2020,1,5,4,1,0,12.5,92,1.8,1.7,1.7,1.6857142857142857,0.1772810520855839,1.6866666666666668,-0.9749279121818236,-0.2225209339563146,0.49999999999999994,0.8660254037844387,0.06880242680231986,0.9976303053065857,1.6,1.7
2020-01-05,Mizoram,NER,23.71039899,92.72001461,1.6,2020,1,6,5,1,0,12.0,91,1.7,1.7,1.8,1.6714285714285713,0.1799470821684877,1.6800000000000002,-0.7818314824680299,0.6234898018587334,0.49999999999999994,0.8660254037844387,0.08596479873744647,0.9962981749346078,1.6,1.7
2020-01-13,Mizoram,NER,23.71039899,92.72001461,1.6,2020,1,0,13,0,0,11.2,81,1.6,1.8,1.8,1.6428571428571428,0.17182493859684522,1.6733333333333331,0.0,1.0,0.49999999999999994,0.8660254037844387,0.2219215130041655,0.9750645322571948,1.7,1.8
2020-01-14,Mizoram,NER,23.71039899,92.72001461,1.7,2020,1,1,14,0,0,11.2,82,1.6,1.7,1.7,1.6428571428571428,0.17182493859684522,1.6733333333333333,0.7818314824680298,0.6234898018587336,0.49999999999999994,0.8660254037844387,0.2386727660059501,0.9711000518829505,1.7,1.7
2020-01-15,Mizoram,NER,23.71039899,92.72001461,1.7,2020,1,2,15,0,0,11.7,79,1.7,1.8,1.7,1.6285714285714286,0.160356745147455,1.6733333333333333,0.9749279121818236,-0.22252093395631434,0.49999999999999994,0.8660254037844387,0.255353295116187,0.9668478136052775,1.7,1.7
2020-01-16,Mizoram,NER,23.71039899,92.72001461,1.7,2020,1,3,16,0,0,12.5,77,1.7,1.3,1.6,1.6857142857142857,0.0690065559342359,1.6766666666666665,0.43388373911755823,-0.900968867902419,0.49999999999999994,0.8660254037844387,0.2719581575341055,0.9623090774541486,1.7,1.4
2020-01-17,Mizoram,NER,23.71039899,92.72001461,1.7,2020,1,4,17,0,0,12.7,73,1.7,1.8,1.5,1.6714285714285713,0.04879500364742745,1.6833333333333333,-0.433883739117558,-0.9009688679024191,0.49999999999999994,0.8660254037844387,0.288482432880609,0.9574851883550393,1.7,1.8
2020-01-18,Mizoram,NER,23.71039899,92.72001461,1.7,2020,1,5,18,1,0,12.3,70,1.7,1.7,1.7,1.6714285714285713,0.04879500364742745,1.6833333333333333,-0.9749279121818236,-0.2225209339563146,0.49999999999999994,0.8660254037844387,0.30492122465628907,0.9523775757303974,1.7,1.6
2020-01-19,Mizoram,NER,23.71039899,92.72001461,1.7,2020,1,6,19,1,0,12.4,72,1.7,1.6,1.6,1.6857142857142857,0.03779644730092352,1.6866666666666668,-0.7818314824680299,0.6234898018587334,0.49999999999999994,0.8660254037844387,0.3212696616923644,0.9469877530760753,1.8,1.7
2020-01-20,Mizoram,NER,23.71039899,92.72001461,1.8,2020,1,0,20,0,0,12.1,84,1.7,1.6,1.5,1.7142857142857142,0.03779644730092277,1.6966666666666665,0.0,1.0,0.49999999999999994,0.8660254037844387,0.3375228995941133,0.9413173175128471,1.7,1.6
2020-01-21,Mizoram,NER,23.71039899,92.72001461,1.7,2020,1,1,21,0,0,12.3,78,1.8,1.7,1.6,1.7142857142857142,0.03779644730092277,1.7,0.7818314824680298,0.6234898018587336,0.49999999999999994,0.8660254037844387,0.3536761221763716,0.9353679493131483,1.7,1.5
2020-01-22,Mizoram,NER,23.71039899,92.72001461,1.7,2020,1,2,22,0,0,10.9,69,1.7,1.7,1.6,1.7142857142857142,0.03779644730092277,1.7033333333333331,0.9749279121818236,-0.22252093395631434,0.49999999999999994,0.8660254037844387,0.3697245428906731,0.9291414114031743,1.4,1.8
2020-01-23,Mizoram,NER,23.71039899,92.72001461,1.4,2020,1,3,23,0,0,11.0,73,1.7,1.7,1.8,1.6714285714285715,0.12535663410560174,1.6900000000000002,0.43388373911755823,-0.900968867902419,0.49999999999999994,0.8660254037844387,0.38566340624360707,0.9226395488404876,1.8,1.9
2020-01-24,Mizoram,NER,23.71039899,92.72001461,1.8,2020,1,4,24,0,0,10.6,67,1.4,1.7,1.8,1.6857142857142855,0.1345185418269099,1.6900000000000002,-0.433883739117558,-0.9009688679024191,0.49999999999999994,0.8660254037844387,0.401487989205973,0.9158642882672872,1.6,2.0
2020-01-25,Mizoram,NER,23.71039899,92.72001461,1.6,2020,1,5,25,1,0,9.2,72,1.8,1.7,1.6,1.6714285714285715,0.13801311186847084,1.6900000000000002,-0.9749279121818236,-0.2225209339563146,0.49999999999999994,0.8660254037844387,0.4171936026123168,0.9088176373395029,1.7,1.7
2020-01-26,Mizoram,NER,23.71039899,92.72001461,1.7,2020,1,6,26,1,1,9.3,73,1.6,1.7,1.6,1.6714285714285713,0.13801311186847084,1.6933333333333331,-0.7818314824680299,0.6234898018587334,0.49999999999999994,0.8660254037844387,0.4327755925504312,0.901501684131884,1.6,1.7
2020-01-27,Mizoram,NER,23.71039899,92.72001461,1.6,2020,1,0,27,0,0,9.7,71,1.7,1.8,1.6,1.6428571428571428,0.12724180205607033,1.6933333333333331,0.0,1.0,0.49999999999999994,0.8660254037844387,0.4482293417404106,0.893918596519257,1.5,1.7
2020-01-28,Mizoram,NER,23.71039899,92.72001461,1.5,2020,1,1,28,0,0,10.5,71,1.6,1.7,1.8,1.614285714285714,0.13451854182690984,1.6833333333333333,0.7818314824680298,0.6234898018587336,0.49999999999999994,0.8660254037844387,0.4635502709028509,0.886070621534138,1.8,1.6
2020-01-29,Mizoram,NER,23.71039899,92.72001461,1.8,2020,1,2,29,0,0,11.1,72,1.5,1.7,1.7,1.6285714285714286,0.1496026483086191,1.6866666666666668,0.9749279121818236,-0.22252093395631434,0.49999999999999994,0.8660254037844387,0.47873384011578846,0.8779600847008882,1.9,1.8
2020-01-30,Mizoram,NER,23.71039899,92.72001461,1.9,2020,1,3,30,0,0,12.5,72,1.8,1.4,1.7,1.7,0.14142135623730942,1.6933333333333331,0.43388373911755823,-0.900968867902419,0.49999999999999994,0.8660254037844387,0.49377555015997715,0.869589389346611,2.0,1.8
2020-01-31,Mizoram,NER,23.71039899,92.72001461,2.0,2020,1,4,31,0,0,11.9,88,1.9,1.8,1.7,1.7285714285714289,0.17994708216848737,1.7033333333333334,-0.433883739117558,-0.9009688679024191,0.49999999999999994,0.8660254037844387,0.5086709438521044,0.8609610158889943,1.7,1.7
2020-02-01,Mizoram,NER,23.71039899,92.72001461,1.7,2020,2,5,32,1,0,12.0,78,2.0,1.6,1.7,1.7428571428571427,0.17182493859684483,1.7033333333333331,-0.9749279121818236,-0.2225209339563146,0.8660254037844386,0.5000000000000001,0.5234156073655503,0.8520775211013093,1.7,1.7
2020-02-02,Mizoram,NER,23.71039899,92.72001461,1.7,2020,2,6,33,1,0,10.4,72,1.7,1.7,2.0,1.7428571428571427,0.17182493859684483,1.6933333333333331,-0.7818314824680299,0.6234898018587334,0.8660254037844386,0.5000000000000001,0.5380051715382996,0.8429415373547828,1.7,1.7
2020-02-03,Mizoram,NER,23.71039899,92.72001461,1.7,2020,2,0,34,0,0,10.0,66,1.7,1.6,1.7,1.7571428571428573,0.16183471874253735,1.6933333333333336,0.0,1.0,0.8660254037844386,0.5000000000000001,0.5524353131676196,0.8335557718385699,1.6,1.7
2020-02-04,Mizoram,NER,23.71039899,92.72001461,1.6,2020,2,1,35,0,0,9.8,69,1.7,1.5,1.7,1.7714285714285716,0.13801311186847076,1.6900000000000002,0.7818314824680298,0.6234898018587336,0.8660254037844386,0.5000000000000001,0.5667017562911176,0.8239230057575542,1.8,1.7
2020-02-05,Mizoram,NER,23.71039899,92.72001461,1.8,2020,2,2,36,0,0,12.1,66,1.6,1.8,1.8,1.7714285714285716,0.13801311186847076,1.6900000000000002,0.9749279121818236,-0.22252093395631434,0.8660254037844386,0.5000000000000001,0.5808002734538009,0.8140460935082178,1.8,1.5
2020-02-13,Mizoram,NER,23.71039899,92.72001461,1.8,2020,2,3,44,0,0,12.3,71,1.8,1.9,1.7,1.757142857142857,0.1272418020560703,1.6933333333333331,0.43388373911755823,-0.900968867902419,0.8660254037844386,0.5000000000000001,0.6870527672236669,0.7266075247685656,1.7,1.8
2020-02-14,Mizoram,NER,23.71039899,92.72001461,1.7,2020,2,4,45,0,0,12.6,69,1.8,2.0,1.8,1.7142857142857142,0.06900655593423545,1.6900000000000002,-0.433883739117558,-0.9009688679024191,0.8660254037844386,0.5000000000000001,0.699458327051647,0.7146733860429609,1.7,1.9
2020-02-15,Mizoram,NER,23.71039899,92.72001461,1.7,2020,2,5,46,1,0,13.8,71,1.7,1.7,1.3,1.7142857142857142,0.06900655593423545,1.7033333333333331,-0.9749279121818236,-0.2225209339563146,0.8660254037844386,0.5000000000000001,0.7116566222817746,0.7025274741691571,1.7,1.9
2020-02-16,Mizoram,NER,23.71039899,92.72001461,1.7,2020,2,6,47,1,0,14.5,68,1.7,1.7,1.8,1.7142857142857142,0.06900655593423545,1.7,-0.7818314824680299,0.6234898018587334,0.8660254037844386,0.5000000000000001,0.7236440382959124,0.6901733882429719,1.7,1.7
2020-02-17,Mizoram,NER,23.71039899,92.72001461,1.7,2020,2,0,48,0,0,13.9,71,1.7,1.7,1.7,1.7142857142857142,0.06900655593423545,1.7,0.0,1.0,0.8660254037844386,0.5000000000000001,0.7354170229639855,0.6776147890466889,1.7,1.8
2020-02-18,Mizoram,NER,23.71039899,92.72001461,1.7,2020,2,1,49,0,0,13.8,68,1.7,1.6,1.6,1.7285714285714284,0.0487950036474267,1.7033333333333331,0.7818314824680298,0.6234898018587336,0.8660254037844386,0.5000000000000001,0.7469720876965552,0.6648553979642865,1.5,1.6
2020-02-19,Mizoram,NER,23.71039899,92.72001461,1.5,2020,2,2,50,0,0,14.1,65,1.7,1.8,1.6,1.6857142857142855,0.08997354108424378,1.7,0.9749279121818236,-0.22252093395631434,0.8660254037844386,0.5000000000000001,0.7583058084785624,0.6518989958787126,1.8,1.6
2020-02-20,Mizoram,NER,23.71039899,92.72001461,1.8,2020,2,3,51,0,0,13.8,60,1.5,1.8,1.7,1.6857142857142857,0.08997354108424378,1.7033333333333334,0.43388373911755823,-0.900968867902419,0.8660254037844386,0.5000000000000001,0.7694148268839378,0.6387494220515272,1.9,1.8
2020-02-21,Mizoram,NER,23.71039899,92.72001461,1.9,2020,2,4,52,0,0,14.8,63,1.8,1.7,1.7,1.7142857142857142,0.1214985792587912,1.71,-0.433883739117558,-0.9009688679024191,0.8660254037844386,0.5000000000000001,0.7802958510707755,0.6254105729852463,1.9,1.6
2020-02-22,Mizoram,NER,23.71039899,92.72001461,1.9,2020,2,5,53,1,0,16.3,55,1.9,1.7,1.7,1.7428571428571427,0.13972762620115442,1.7166666666666666,-0.9749279121818236,-0.2225209339563146,0.8660254037844386,0.5000000000000001,0.7909456567567772,0.6118864012687243,1.7,1.7
2020-02-23,Mizoram,NER,23.71039899,92.72001461,1.7,2020,2,6,54,1,0,16.2,60,1.9,1.7,1.7,1.742857142857143,0.13972762620115442,1.7166666666666666,-0.7818314824680299,0.6234898018587334,0.8660254037844386,0.5000000000000001,0.8013610881746766,0.5981809144059165,1.8,1.8
2020-02-24,Mizoram,NER,23.71039899,92.72001461,1.8,2020,2,0,55,0,0,15.9,58,1.7,1.7,1.7,1.757142857142857,0.13972762620115445,1.72,0.0,1.0,0.8660254037844386,0.5000000000000001,0.8115390590073611,0.5842981736283684,1.6,1.7
2020-02-25,Mizoram,NER,23.71039899,92.72001461,1.6,2020,2,1,56,0,0,15.6,72,1.8,1.7,1.7,1.7428571428571427,0.1511857892036909,1.7166666666666666,0.7818314824680298,0.6234898018587336,0.8660254037844386,0.5000000000000001,0.8214765533024142,0.5702422926917871,1.6,1.8
2020-02-26,Mizoram,NER,23.71039899,92.72001461,1.6,2020,2,2,57,0,0,12.6,83,1.6,1.5,1.8,1.7571428571428573,0.1272418020560704,1.7100000000000002,0.9749279121818236,-0.22252093395631434,0.8660254037844386,0.5000000000000001,0.8311706263658079,0.5560174366570446,1.8,1.8
2020-02-27,Mizoram,NER,23.71039899,92.72001461,1.8,2020,2,3,58,0,0,12.6,74,1.6,1.8,1.7,1.757142857142857,0.1272418020560704,1.7133333333333334,0.43388373911755823,-0.900968867902419,0.8660254037844386,0.5000000000000001,0.8406184056344782,0.5416278206559814,1.6,1.6
2020-02-28,Mizoram,NER,23.71039899,92.72001461,1.6,2020,2,4,59,0,0,13.8,67,1.8,1.9,1.7,1.7142857142857142,0.12149857925879125,1.7100000000000002,-0.433883739117558,-0.9009688679024191,0.8660254037844386,0.5000000000000001,0.8498170915275278,0.5270777086423722,1.7,1.6
2020-02-29,Mizoram,NER,23.71039899,92.72001461,1.7,2020,2,5,60,1,0,15.1,64,1.6,1.9,1.4,1.6857142857142857,0.08997354108424392,1.7199999999999998,-0.9749279121818236,-0.2225209339563146,0.8660254037844386,0.5000000000000001,0.8587639582758029,0.5123714121284237,1.8,1.5
2020-03-01,Mizoram,NER,23.71039899,92.72001461,1.8,2020,3,6,61,1,0,15.9,61,1.7,1.7,1.8,1.7,0.10000000000000014,1.72,-0.7818314824680299,0.6234898018587334,1.0,6.123233995736766e-17,0.8674563547295969,0.49751328890718066,1.7,2.0
2020-03-02,Mizoram,NER,23.71039899,92.72001461,1.7,2020,3,0,62,0,0,16.4,61,1.8,1.8,1.6,1.6857142857142857,0.08997354108424392,1.7233333333333334,0.0,1.0,1.0,6.123233995736766e-17,0.8758917051442429,0.48250774176121847,1.8,1.7
2020-03-03,Mizoram,NER,23.71039899,92.72001461,1.8,2020,3,1,63,0,0,15.0,72,1.7,1.6,1.7,1.7142857142857142,0.08997354108424388,1.7266666666666666,0.7818314824680298,0.6234898018587336,1.0,6.123233995736766e-17,0.8840675099433636,0.4673592171580022,1.8,1.4
2020-03-04,Mizoram,NER,23.71039899,92.72001461,1.8,2020,3,2,64,0,0,15.1,74,1.8,1.6,1.6,1.7428571428571427,0.07867957924694449,1.7333333333333334,0.9749279121818236,-0.22252093395631434,1.0,6.123233995736766e-17,0.8919813464595485,0.45207220393230435,1.6,1.7
2020-03-05,Mizoram,NER,23.71039899,92.72001461,1.6,2020,3,3,65,0,0,15.6,73,1.8,1.8,1.5,1.7142857142857142,0.08997354108424388,1.7366666666666668,0.43388373911755823,-0.900968867902419,1.0,6.123233995736766e-17,0.8996308696522433,0.43665123195606403,1.6,1.8
2020-03-13,Mizoram,NER,23.71039899,92.72001461,1.6,2020,3,4,73,0,0,19.2,62,1.6,1.6,1.8,1.7142857142857142,0.08997354108424388,1.73,-0.433883739117558,-0.9009688679024191,1.0,6.123233995736766e-17,0.9510565162951535,0.30901699437494745,1.5,1.7
2020-03-14,Mizoram,NER,23.71039899,92.72001461,1.5,2020,3,5,74,1,0,20.0,60,1.6,1.7,1.9,1.6857142857142857,0.12149857925879129,1.7166666666666666,-0.9749279121818236,-0.2225209339563146,1.0,6.123233995736766e-17,0.9562348265919056,0.29260033563334836,2.0,1.7
2020-03-15,Mizoram,NER,23.71039899,92.72001461,2.0,2020,3,6,75,1,0,19.8,62,1.5,1.8,2.0,1.7142857142857142,0.1676163419695052,1.7166666666666666,-0.7818314824680299,0.6234898018587334,1.0,6.123233995736766e-17,0.9611297838723007,0.27609697309746883,1.7,1.5
2020-03-16,Mizoram,NER,23.71039899,92.72001461,1.7,2020,3,0,76,0,0,19.2,58,2.0,1.7,1.7,1.7142857142857142,0.1676163419695052,1.7166666666666666,0.0,1.0,1.0,6.123233995736766e-17,0.9657399376548549,0.2595117970697999,1.4,1.5
2020-03-17,Mizoram,NER,23.71039899,92.72001461,1.4,2020,3,1,77,0,0,18.3,55,1.7,1.8,1.7,1.657142857142857,0.19880595947760107,1.7066666666666668,0.7818314824680298,0.6234898018587336,1.0,6.123233995736766e-17,0.9700639218515071,0.2428497220959356,1.7,1.5
2020-03-18,Mizoram,NER,23.71039899,92.72001461,1.7,2020,3,2,78,0,0,17.5,59,1.4,1.8,1.7,1.6428571428571428,0.19023794624226847,1.7066666666666666,0.9749279121818236,-0.22252093395631434,1.0,6.123233995736766e-17,0.9741004551724205,0.22611568550828828,1.8,1.6
2020-03-19,Mizoram,NER,23.71039899,92.72001461,1.8,2020,3,3,79,0,0,18.2,54,1.7,1.6,1.6,1.6714285714285713,0.19760470401187086,1.7133333333333334,0.43388373911755823,-0.900968867902419,1.0,6.123233995736766e-17,0.9778483415056568,0.20931464596304847,1.7,1.6
2020-03-20,Mizoram,NER,23.71039899,92.72001461,1.7,2020,3,4,80,0,0,17.2,59,1.8,1.6,1.8,1.6857142857142855,0.19518001458970674,1.71,-0.433883739117558,-0.9009688679024191,1.0,6.123233995736766e-17,0.9813064702716093,0.19245158197082998,1.7,1.5
2020-03-21,Mizoram,NER,23.71039899,92.72001461,1.7,2020,3,5,81,1,0,17.6,61,1.7,1.5,1.8,1.7142857142857142,0.17728105208558376,1.7066666666666668,-0.9749279121818236,-0.2225209339563146,1.0,6.123233995736766e-17,0.9844738167520922,0.1755314904214282,1.5,1.5
2020-03-22,Mizoram,NER,23.71039899,92.72001461,1.5,2020,3,6,82,1,0,15.5,73,1.7,2.0,1.7,1.6428571428571428,0.13972762620115456,1.7,-0.7818314824680299,0.6234898018587334,1.0,6.123233995736766e-17,0.9873494423939864,0.15855938510313475,1.5,1.6
2020-03-23,Mizoram,NER,23.71039899,92.72001461,1.5,2020,3,0,83,0,0,16.3,71,1.5,1.7,1.7,1.6142857142857143,0.1463850109422802,1.6933333333333331,0.0,1.0,1.0,6.123233995736766e-17,0.989932495087353,0.141540295217043,1.5,1.6
2020-03-24,Mizoram,NER,23.71039899,92.72001461,1.5,2020,3,1,84,0,0,17.2,62,1.5,1.4,1.7,1.6285714285714286,0.12535663410560194,1.6866666666666668,0.7818314824680298,0.6234898018587336,1.0,6.123233995736766e-17,0.9922222094179323,0.12447926388678915,1.6,1.7
2020-03-25,Mizoram,NER,23.71039899,92.72001461,1.6,2020,3,2,85,0,0,18.3,59,1.5,1.7,1.7,1.6142857142857143,0.12149857925879143,1.6833333333333333,0.9749279121818236,-0.22252093395631434,1.0,6.123233995736766e-17,0.994217906893952,0.10738134666416309,1.6,1.7
2020-03-26,Mizoram,NER,23.71039899,92.72001461,1.6,2020,3,3,86,0,0,19.1,62,1.6,1.8,1.7,1.5857142857142856,0.08997354108424416,1.6800000000000002,0.43388373911755823,-0.900968867902419,1.0,6.123233995736766e-17,0.995918996147179,0.09025161003104117,1.5,2.0
2020-03-27,Mizoram,NER,23.71039899,92.72001461,1.5,2020,3,4,87,0,0,20.7,58,1.6,1.7,1.5,1.5571428571428572,0.07867957924694498,1.6800000000000002,-0.433883739117558,-0.9009688679024191,1.0,6.123233995736766e-17,0.9973249731081555,0.07309512989807777,1.5,2.0
2020-03-28,Mizoram,NER,23.71039899,92.72001461,1.5,2020,3,5,88,1,0,21.6,56,1.5,1.7,1.8,1.5285714285714285,0.04879500364742806,1.6700000000000002,-0.9749279121818236,-0.2225209339563146,1.0,6.123233995736766e-17,0.9984354211555643,0.055916990100603484,1.6,1.6
2020-03-29,Mizoram,NER,23.71039899,92.72001461,1.6,2020,3,6,89,1,0,21.7,56,1.5,1.5,1.9,1.5428571428571427,0.05345224838248597,1.66,-0.7818314824680299,0.6234898018587334,1.0,6.123233995736766e-17,0.9992500112396835,0.03872228089217446,1.6,1.6
2020-03-30,Mizoram,NER,23.71039899,92.72001461,1.6,2020,3,0,90,0,0,20.4,44,1.6,1.5,1.9,1.5571428571428572,0.05345224838248572,1.65,0.0,1.0,1.0,6.123233995736766e-17,0.9997685019798909,0.021516097436222254,1.7,1.8
2020-03-31,Mizoram,NER,23.71039899,92.72001461,1.7,2020,3,1,91,0,0,19.9,39,1.6,1.5,1.7,1.5857142857142856,0.0690065559342356,1.65,0.7818314824680298,0.6234898018587336,1.0,6.123233995736766e-17,0.9999907397361901,0.004303538296244289,1.7,1.7
2020-04-01,Mizoram,NER,23.71039899,92.72001461,1.7,2020,4,2,92,0,0,19.8,43,1.7,1.6,1.8,1.5999999999999999,0.08164965809277253,1.6466666666666667,0.9749279121818236,-0.22252093395631434,0.8660254037844387,-0.4999999999999998,0.9999166586547379,-0.01291029607500882,2.0,1.8
2020-04-02,Mizoram,NER,23.71039899,92.72001461,2.0,2020,4,3,93,0,1,20.6,50,1.7,1.6,1.6,1.6571428571428573,0.1718249385968445,1.66,0.43388373911755823,-0.900968867902419,0.8660254037844387,-0.4999999999999998,0.9995462806873573,-0.030120304846908114,2.0,1.7
2020-04-03,Mizoram,NER,23.71039899,92.72001461,2.0,2020,4,4,94,0,0,20.9,65,2.0,1.5,1.6,1.7285714285714289,0.19760470401186997,1.6733333333333331,-0.433883739117558,-0.9009688679024191,0.8660254037844387,-0.4999999999999998,0.9988797155850336,-0.04732138832243185,1.6,1.6
2020-04-04,Mizoram,NER,23.71039899,92.72001461,1.6,2020,4,5,95,1,0,20.8,67,2.0,1.5,1.8,1.742857142857143,0.18126539343499218,1.6666666666666667,-0.9749279121818236,-0.2225209339563146,0.8660254037844387,-0.4999999999999998,0.9979171608653922,-0.06450844944931623,1.6,1.4
2020-04-05,Mizoram,NER,23.71039899,92.72001461,1.6,2020,4,6,96,1,0,20.4,66,1.6,1.6,1.6,1.742857142857143,0.18126539343499218,1.6666666666666667,-0.7818314824680299,0.6234898018587334,0.8660254037844387,-0.4999999999999998,0.9966589017541702,-0.08167639533042241,1.8,2.0
2020-04-13,Mizoram,NER,23.71039899,92.72001461,1.8,2020,4,0,104,0,0,21.8,50,1.6,1.6,1.7,1.7714285714285716,0.17043362064926815,1.6699999999999997,0.0,1.0,0.8660254037844387,-0.4999999999999998,0.9760105506323683,-0.21772323039653177,1.7,1.9
2020-04-14,Mizoram,NER,23.71039899,92.72001461,1.7,2020,4,1,105,0,1,22.3,54,1.8,1.7,1.8,1.7714285714285716,0.17043362064926815,1.6666666666666667,0.7818314824680298,0.6234898018587336,0.8660254037844387,-0.4999999999999998,0.9721181966290613,-0.23449138957040985,1.8,1.8
2020-04-15,Mizoram,NER,23.71039899,92.72001461,1.8,2020,4,2,106,0,0,22.1,62,1.7,1.7,1.7,1.785714285714286,0.16761634196950387,1.6699999999999997,0.9749279121818236,-0.22252093395631434,0.8660254037844387,-0.4999999999999998,0.9679377830240642,-0.25119006388481935,1.7,2.0
2020-04-16,Mizoram,NER,23.71039899,92.72001461,1.7,2020,4,3,107,0,0,19.2,81,1.8,2.0,1.8,1.7428571428571427,0.13972762620115312,1.6666666666666667,0.43388373911755823,-0.900968867902419,0.8660254037844387,-0.4999999999999998,0.9634705485641488,-0.2678143051621742,1.6,1.8
2020-04-17,Mizoram,NER,23.71039899,92.72001461,1.6,2020,4,4,108,0,0,18.7,85,1.7,2.0,1.8,1.6857142857142855,0.08997354108424227,1.6600000000000001,-0.433883739117558,-0.9009688679024191,0.8660254037844387,-0.4999999999999998,0.9587178169872964,-0.2843591872810034,1.4,1.8
2020-04-18,Mizoram,NER,23.71039899,92.72001461,1.4,2020,4,5,109,1,0,19.6,79,1.6,1.6,1.6,1.657142857142857,0.13972762620115367,1.6533333333333333,-0.9749279121818236,-0.2225209339563146,0.8660254037844387,-0.4999999999999998,0.9536809966304457,-0.30081980763566735,2.0,1.7
2020-04-19,Mizoram,NER,23.71039899,92.72001461,2.0,2020,4,6,110,1,0,21.0,63,1.4,1.6,1.6,1.7142857142857142,0.18644544714716008,1.6666666666666667,-0.7818314824680299,0.6234898018587334,0.8660254037844387,-0.4999999999999998,0.9483615800121715,-0.3171912885891061,1.9,1.8
2020-04-20,Mizoram,NER,23.71039899,92.72001461,1.9,2020,4,0,111,0,0,21.4,65,2.0,1.8,1.5,1.7285714285714284,0.1976047040118699,1.68,0.0,1.0,0.8660254037844387,-0.4999999999999998,0.9427611433904207,-0.3334687789181868,1.8,1.9
2020-04-21,Mizoram,NER,23.71039899,92.72001461,1.8,2020,4,1,112,0,0,19.9,82,1.9,1.7,2.0,1.7428571428571427,0.19880595947760007,1.6733333333333333,0.7818314824680298,0.6234898018587336,0.8660254037844387,-0.4999999999999998,0.9368813462954315,-0.3496474552512284,2.0,1.7
2020-04-22,Mizoram,NER,23.71039899,92.72001461,2.0,2020,4,2,113,0,0,18.3,81,1.8,1.8,1.7,1.7714285714285711,0.22146697055682732,1.6833333333333333,0.9749279121818236,-0.22252093395631434,0.8660254037844387,-0.4999999999999998,0.9307239310379795,-0.36572252349726897,1.8,1.7
2020-04-23,Mizoram,NER,23.71039899,92.72001461,1.8,2020,4,3,114,0,0,19.2,77,2.0,1.7,1.4,1.7857142857142858,0.2193062655175124,1.6966666666666665,0.43388373911755823,-0.900968867902419,0.8660254037844387,-0.4999999999999998,0.9242907221930933,-0.3816892202666588,1.8,1.8
2020-04-24,Mizoram,NER,23.71039899,92.72001461,1.8,2020,4,4,115,0,0,18.4,84,1.8,1.6,1.7,1.8142857142857145,0.20354009783964175,1.7,-0.433883739117558,-0.9009688679024191,0.8660254037844387,-0.4999999999999998,0.9175836260593937,-0.39754281428255595,1.7,1.7
2020-04-25,Mizoram,NER,23.71039899,92.72001461,1.7,2020,4,5,116,1,0,18.5,83,1.8,1.4,1.8,1.8571428571428572,0.11338934190276564,1.6966666666666665,-0.9749279121818236,-0.2225209339563146,0.8660254037844387,-0.4999999999999998,0.9106046300942162,-0.4132786077829042,1.8,1.6
2020-04-26,Mizoram,NER,23.71039899,92.72001461,1.8,2020,4,6,117,1,0,17.9,86,1.7,2.0,1.7,1.8285714285714287,0.09511897312113142,1.7,-0.7818314824680299,0.6234898018587334,0.8660254037844387,-0.4999999999999998,0.9033558023246845,-0.4288919379124835,1.9,1.5
2020-04-27,Mizoram,NER,23.71039899,92.72001461,1.9,2020,4,0,118,0,0,18.5,87,1.8,1.9,1.7,1.8285714285714287,0.09511897312113142,1.7066666666666668,0.0,1.0,0.8660254037844387,-0.4999999999999998,0.895839290734909,-0.4443781781046132,1.7,1.5
2020-04-28,Mizoram,NER,23.71039899,92.72001461,1.7,2020,4,1,119,0,0,18.6,84,1.9,1.8,1.5,1.8142857142857145,0.10690449676496738,1.7133333333333334,0.7818314824680298,0.6234898018587336,0.8660254037844387,-0.4999999999999998,0.8880573226294932,-0.45973273945210397,1.7,1.3
2020-04-29,Mizoram,NER,23.71039899,92.72001461,1.7,2020,4,2,120,0,0,18.3,91,1.7,2.0,1.5,1.7714285714285711,0.07559289460184239,1.72,0.9749279121818236,-0.22252093395631434,0.8660254037844387,-0.4999999999999998,0.8800122039735357,-0.47495107206704995,1.8,1.6
2020-04-30,Mizoram,NER,23.71039899,92.72001461,1.8,2020,4,3,121,0,0,18.0,90,1.7,1.8,1.5,1.7714285714285716,0.07559289460184239,1.73,0.43388373911755823,-0.900968867902419,0.8660254037844387,-0.4999999999999998,0.8717063187093218,-0.4900286664290592,1.7,1.7
2020-05-01,Mizoram,NER,23.71039899,92.72001461,1.7,2020,5,4,122,0,0,19.0,82,1.8,1.8,1.6,1.757142857142857,0.07867957924694145,1.7333333333333334,-0.433883739117558,-0.9009688679024191,0.49999999999999994,-0.8660254037844387,0.8631421280499114,-0.5049610547215204,1.6,1.5
2020-05-02,Mizoram,NER,23.71039899,92.72001461,1.6,2020,5,5,123,1,0,18.8,84,1.7,1.7,1.6,1.7428571428571427,0.09759000729485102,1.7333333333333334,-0.9749279121818236,-0.2225209339563146,0.49999999999999994,-0.8660254037844387,0.854322169749827,-0.5197438121555155,1.5,1.7
2020-05-03,Mizoram,NER,23.71039899,92.72001461,1.5,2020,5,6,124,1,0,18.4,90,1.6,1.8,1.5,1.6999999999999997,0.1290994448735789,1.7333333333333334,-0.7818314824680299,0.6234898018587334,0.49999999999999994,-0.8660254037844387,0.8452490573530633,-0.5343725582809786,1.5,1.7
2020-05-04,Mizoram,NER,23.71039899,92.72001461,1.5,2020,5,0,125,0,0,19.4,87,1.5,1.9,1.5,1.6428571428571428,0.11338934190276644,1.7333333333333334,0.0,1.0,0.49999999999999994,-0.8660254037844387,0.8359254794186372,-0.548842958284719,1.3,1.7
2020-05-05,Mizoram,NER,23.71039899,92.72001461,1.3,2020,5,1,126,0,0,20.8,83,1.5,1.7,1.6,1.5857142857142856,0.16761634196950403,1.7233333333333334,0.7818314824680298,0.6234898018587336,0.49999999999999994,-0.8660254037844387,0.8263541987239096,-0.5631507242749186,1.6,1.8
2020-05-13,Mizoram,NER,23.71039899,92.72001461,1.6,2020,5,2,134,0,0,22.1,70,1.3,1.7,1.6,1.5714285714285714,0.1603567451474535,1.7233333333333334,0.9749279121818236,-0.22252093395631434,0.49999999999999994,-0.8660254037844387,0.7412220108485958,-0.6712599575675313,1.7,1.6
2020-05-14,Mizoram,NER,23.71039899,92.72001461,1.7,2020,5,3,135,0,0,22.2,71,1.6,1.8,1.7,1.5571428571428572,0.13972762620115306,1.7233333333333332,0.43388373911755823,-0.900968867902419,0.49999999999999994,-0.8660254037844387,0.7295575540864875,-0.6839194216246106,1.5,1.6
2020-05-15,Mizoram,NER,23.71039899,92.72001461,1.5,2020,5,4,136,0,0,21.8,75,1.7,1.7,1.7,1.5285714285714287,0.12535663410560036,1.7166666666666666,-0.433883739117558,-0.9009688679024191,0.49999999999999994,-0.8660254037844387,0.717676913675962,-0.6963762255968722,1.7,1.7
2020-05-16,Mizoram,NER,23.71039899,92.72001461,1.7,2020,5,5,137,1,0,22.7,70,1.5,1.6,2.0,1.542857142857143,0.1397276262011531,1.7066666666666668,-0.9749279121818236,-0.2225209339563146,0.49999999999999994,-0.8660254037844387,0.705583610107178,-0.7086266782644596,1.7,1.6
2020-05-17,Mizoram,NER,23.71039899,92.72001461,1.7,2020,5,6,138,1,0,23.3,65,1.7,1.5,2.0,1.5714285714285714,0.14960264830861786,1.6966666666666668,-0.7818314824680299,0.6234898018587334,0.49999999999999994,-0.8660254037844387,0.6932812268869777,-0.7206671495538609,1.7,1.6
2020-05-18,Mizoram,NER,23.71039899,92.72001461,1.7,2020,5,0,139,0,0,24.1,62,1.7,1.5,1.6,1.6,0.1527525231651934,1.7,0.0,1.0,0.49999999999999994,-0.8660254037844387,0.6807734094770161,-0.7324940716135789,1.8,1.7
2020-05-19,Mizoram,NER,23.71039899,92.72001461,1.8,2020,5,1,140,0,0,22.8,76,1.7,1.3,1.6,1.6714285714285713,0.09511897312113209,1.7066666666666668,0.7818314824680298,0.6234898018587336,0.49999999999999994,-0.8660254037844387,0.6680638642135335,-0.7441039398713607,1.6,1.7
2020-05-20,Mizoram,NER,23.71039899,92.72001461,1.6,2020,5,2,141,0,0,21.5,93,1.8,1.6,1.8,1.6714285714285715,0.09511897312113209,1.7,0.9749279121818236,-0.22252093395631434,0.49999999999999994,-0.8660254037844387,0.6551563572090853,-0.7554933140726803,1.6,1.8
2020-05-21,Mizoram,NER,23.71039899,92.72001461,1.6,2020,5,3,142,0,0,22.2,80,1.6,1.7,1.7,1.657142857142857,0.09759000729485127,1.6966666666666665,0.43388373911755823,-0.900968867902419,0.49999999999999994,-0.8660254037844387,0.6420547132365637,-0.766658819300159,1.7,1.8
