timestamp,node_id,region,latitude,longitude,consumption_mu,year,month,dayofweek,dayofyear,is_weekend,is_holiday,temperature_c,humidity,lag_1d,lag_7d,lag_30d,roll_mean_7d,roll_std_7d,roll_mean_30d,dow_sin,dow_cos,month_sin,month_cos,doy_sin,doy_cos,target_next_1d,target_next_7d
2019-02-02,J&K,NR,34.0837,74.7973,40.2,2019,2,5,33,1,0,-2.4,94,41.9,43.7,52.5,43.7,2.131509637166478,42.9622,-0.9749279121818236,-0.2225209339563146,0.8660254037844386,0.5000000000000001,0.5380051715382996,0.8429415373547828,43.5,43.3
2019-02-03,J&K,NR,34.0837,74.7973,43.5,2019,2,6,34,1,0,-3.8,85,40.2,43.1,53.465999999999994,43.75714285714286,2.118062906570698,42.63,-0.7818314824680299,0.6234898018587334,0.8660254037844386,0.5000000000000001,0.5524353131676196,0.8335557718385699,43.4,42.8
2019-02-04,J&K,NR,34.0837,74.7973,43.4,2019,2,0,35,0,0,-4.2,74,43.5,45.3,53.2,43.48571428571428,2.0061809252313565,42.303333333333335,0.0,1.0,0.8660254037844386,0.5000000000000001,0.5667017562911176,0.8239230057575542,43.2,44.2
2019-02-05,J&K,NR,34.0837,74.7973,43.2,2019,2,1,36,0,0,-2.3,77,43.4,46.2,51.5,43.05714285714286,1.6112698334514628,42.026666666666664,0.7818314824680298,0.6234898018587336,0.8660254037844386,0.5000000000000001,0.5808002734538009,0.8140460935082178,41.5,43.9
2019-02-06,J&K,NR,34.0837,74.7973,41.5,2019,2,2,37,0,0,-1.5,93,43.2,43.9,53.2,42.714285714285715,1.656732297253279,41.63666666666666,0.9749279121818236,-0.22252093395631434,0.8660254037844386,0.5000000000000001,0.5947266869607634,0.8039279618328213,41.3,42.2
2019-02-07,J&K,NR,34.0837,74.7973,41.3,2019,2,3,38,0,0,-1.9,96,41.5,45.3,53.3,42.142857142857146,1.2581165060746,41.23666666666667,0.43388373911755823,-0.900968867902419,0.8660254037844386,0.5000000000000001,0.6084768701151261,0.7935716089521474,42.9,48.5
2019-02-08,J&K,NR,34.0837,74.7973,42.9,2019,2,4,39,0,0,-1.1,87,41.3,41.9,51.2,42.285714285714285,1.2824827112917054,40.96,-0.433883739117558,-0.9009688679024191,0.8660254037844386,0.5000000000000001,0.6220467484408675,0.7829801036770629,43.3,48.9
2019-02-09,J&K,NR,34.0837,74.7973,43.3,2019,2,5,40,1,0,-2.3,67,42.9,40.2,37.9,42.728571428571435,0.9286446857550957,41.13999999999999,-0.9749279121818236,-0.2225209339563146,0.8660254037844386,0.5000000000000001,0.6354323008901774,0.7721565844991642,42.8,49.4
2019-02-10,J&K,NR,34.0837,74.7973,42.8,2019,2,6,41,1,0,-2.9,75,43.3,43.5,31.7,42.628571428571426,0.8673989580240333,41.510000000000005,-0.7818314824680299,0.6234898018587334,0.8660254037844386,0.5000000000000001,0.6486295610349814,0.7611042586607747,44.2,47.3
2019-02-11,J&K,NR,34.0837,74.7973,44.2,2019,2,0,42,0,0,-1.0,73,42.8,43.4,37.3,42.74285714285714,1.0244626930855207,41.739999999999995,0.0,1.0,0.8660254037844386,0.5000000000000001,0.6616346182422783,0.7498264012045686,43.9,42.9
2019-02-12,J&K,NR,34.0837,74.7973,43.9,2019,2,1,43,0,0,-0.9,78,44.2,43.2,34.6,42.84285714285714,1.1073348527842444,42.05,0.7818314824680298,0.6234898018587336,0.8660254037844386,0.5000000000000001,0.6744436188329455,0.7383263540031065,42.2,49.4
2019-02-13,J&K,NR,34.0837,74.7973,42.2,2019,2,2,44,0,0,-1.5,99,43.9,41.5,32.7,42.94285714285714,0.9913915184513991,42.36666666666667,0.9749279121818236,-0.22252093395631434,0.8660254037844386,0.5000000000000001,0.6870527672236669,0.7266075247685656,48.5,48.9
2019-02-14,J&K,NR,34.0837,74.7973,48.5,2019,2,3,45,0,0,-0.9,98,42.2,41.3,37.6,43.971428571428575,2.10848625457092,42.730000000000004,0.43388373911755823,-0.900968867902419,0.8660254037844386,0.5000000000000001,0.699458327051647,0.7146733860429609,48.9,46.7
2019-02-15,J&K,NR,34.0837,74.7973,48.9,2019,2,4,46,0,0,-0.2,92,48.5,42.9,39.5,44.82857142857143,2.728683617738504,43.04333333333333,-0.433883739117558,-0.9009688679024191,0.8660254037844386,0.5000000000000001,0.7116566222817746,0.7025274741691571,49.4,47.8
2019-02-16,J&K,NR,34.0837,74.7973,49.4,2019,2,5,47,1,0,0.6,78,48.9,43.3,41.8,45.699999999999996,3.1069813860616415,43.29666666666667,-0.9749279121818236,-0.2225209339563146,0.8660254037844386,0.5000000000000001,0.7236440382959124,0.6901733882429719,47.3,47.2
2019-02-17,J&K,NR,34.0837,74.7973,47.3,2019,2,6,48,1,0,-1.1,78,49.4,42.8,42.3,46.34285714285714,2.8628989636713764,43.46333333333333,-0.7818314824680299,0.6234898018587334,0.8660254037844386,0.5000000000000001,0.7354170229639855,0.6776147890466889,42.9,47.0
2019-02-18,J&K,NR,34.0837,74.7973,42.9,2019,2,0,49,0,0,-1.8,96,47.3,44.2,36.7,46.15714285714286,3.0604232511518146,43.67,0.0,1.0,0.8660254037844386,0.5000000000000001,0.7469720876965552,0.6648553979642865,49.4,47.4
2019-02-19,J&K,NR,34.0837,74.7973,49.4,2019,2,1,50,0,0,-0.5,90,42.9,43.9,38.5,46.94285714285714,3.0902303813023355,44.03333333333333,0.7818314824680298,0.6234898018587336,0.8660254037844386,0.5000000000000001,0.7583058084785624,0.6518989958787126,48.9,42.3
2019-02-20,J&K,NR,34.0837,74.7973,48.9,2019,2,2,51,0,0,-0.0,91,49.4,42.2,40.4,47.89999999999999,2.3173260452513302,44.31666666666667,0.9749279121818236,-0.22252093395631434,0.8660254037844386,0.5000000000000001,0.7694148268839378,0.6387494220515272,46.7,46.8
2019-02-21,J&K,NR,34.0837,74.7973,46.7,2019,2,3,52,0,0,-0.9,98,48.9,48.5,41.7,47.642857142857146,2.3394138460001708,44.483333333333334,0.43388373911755823,-0.900968867902419,0.8660254037844386,0.5000000000000001,0.7802958510707755,0.6254105729852463,47.8,51.2
2019-02-22,J&K,NR,34.0837,74.7973,47.8,2019,2,4,53,0,0,-0.0,94,46.7,48.9,42.5,47.48571428571428,2.27700722545232,44.66,-0.433883739117558,-0.9009688679024191,0.8660254037844386,0.5000000000000001,0.7909456567567772,0.6118864012687243,47.2,52.2
2019-02-23,J&K,NR,34.0837,74.7973,47.2,2019,2,5,54,1,0,-0.5,89,47.8,49.4,44.3,47.17142857142858,2.114800452142262,44.75666666666667,-0.9749279121818236,-0.2225209339563146,0.8660254037844386,0.5000000000000001,0.8013610881746766,0.5981809144059165,47.0,48.4
2019-02-24,J&K,NR,34.0837,74.7973,47.0,2019,2,6,55,1,0,0.5,74,47.2,47.3,43.9,47.12857142857143,2.114800452142262,44.86,-0.7818314824680299,0.6234898018587334,0.8660254037844386,0.5000000000000001,0.8115390590073611,0.5842981736283684,47.4,49.9
2019-02-25,J&K,NR,34.0837,74.7973,47.4,2019,2,0,56,0,0,0.2,80,47.0,42.9,43.7,47.771428571428565,1.011128553835331,44.983333333333334,0.0,1.0,0.8660254037844386,0.5000000000000001,0.8214765533024142,0.5702422926917871,42.3,51.3
2019-02-26,J&K,NR,34.0837,74.7973,42.3,2019,2,1,57,0,0,-1.0,84,47.4,49.4,43.1,46.75714285714286,2.0903405965353974,44.95666666666667,0.7818314824680298,0.6234898018587336,0.8660254037844386,0.5000000000000001,0.8311706263658079,0.5560174366570446,46.8,51.1
2019-02-27,J&K,NR,34.0837,74.7973,46.8,2019,2,2,58,0,0,-1.2,83,42.3,48.9,45.3,46.45714285714286,1.870701421799843,45.00666666666667,0.9749279121818236,-0.22252093395631434,0.8660254037844386,0.5000000000000001,0.8406184056344782,0.5416278206559814,51.2,49.5
2019-02-28,J&K,NR,34.0837,74.7973,51.2,2019,2,3,59,0,0,-1.4,68,46.8,46.7,46.2,47.1,2.5993588953176197,45.17333333333333,0.43388373911755823,-0.900968867902419,0.8660254037844386,0.5000000000000001,0.8498170915275278,0.5270777086423722,52.2,35.2
2019-03-02,J&K,NR,34.0837,74.7973,52.2,2019,3,5,61,1,0,-1.5,95,51.2,47.8,43.9,47.728571428571435,3.2479297435516994,45.45,-0.9749279121818236,-0.2225209339563146,1.0,6.123233995736766e-17,0.8674563547295969,0.49751328890718066,48.4,40.8
2019-03-03,J&K,NR,34.0837,74.7973,48.4,2019,3,6,62,1,0,-0.1,95,52.2,47.2,45.3,47.89999999999999,3.2470499431535584,45.55333333333333,-0.7818314824680299,0.6234898018587334,1.0,6.123233995736766e-17,0.8758917051442429,0.48250774176121847,49.9,41.6
2019-03-04,J&K,NR,34.0837,74.7973,49.9,2019,3,0,63,0,1,-0.3,92,48.4,47.0,41.9,48.31428571428571,3.29769038946383,45.82000000000001,0.0,1.0,1.0,6.123233995736766e-17,0.8840675099433636,0.4673592171580022,51.3,42.1
2019-03-05,J&K,NR,34.0837,74.7973,51.3,2019,3,1,64,0,0,0.7,86,49.9,47.4,40.2,48.871428571428574,3.4436967954580195,46.190000000000005,0.7818314824680298,0.6234898018587336,1.0,6.123233995736766e-17,0.8919813464595485,0.45207220393230435,51.1,39.7
2019-03-06,J&K,NR,34.0837,74.7973,51.1,2019,3,2,65,0,0,1.4,71,51.3,42.3,43.5,50.128571428571426,1.9093753653261911,46.443333333333335,0.9749279121818236,-0.22252093395631434,1.0,6.123233995736766e-17,0.8996308696522433,0.43665123195606403,49.5,41.7
2019-03-07,J&K,NR,34.0837,74.7973,49.5,2019,3,3,66,0,0,0.4,76,51.1,46.8,43.4,50.51428571428572,1.3005493344847847,46.64666666666666,0.43388373911755823,-0.900968867902419,1.0,6.123233995736766e-17,0.9070138128026359,0.4211008707960896,35.2,37.9
2019-03-08,J&K,NR,34.0837,74.7973,35.2,2019,3,4,67,0,0,0.9,76,49.5,51.2,43.2,48.22857142857142,5.8826621767457015,46.38,-0.433883739117558,-0.9009688679024191,1.0,6.123233995736766e-17,0.9141279881853337,0.40542572835999735,40.8,41.8
2019-03-09,J&K,NR,34.0837,74.7973,40.8,2019,3,5,68,1,0,1.2,72,35.2,52.2,41.5,46.6,6.170899448216618,46.35666666666667,-0.9749279121818236,-0.2225209339563146,1.0,6.123233995736766e-17,0.9209712877166346,0.38963044953078796,41.6,40.8
2019-03-10,J&K,NR,34.0837,74.7973,41.6,2019,3,6,69,1,0,0.9,67,40.8,48.4,41.3,45.62857142857143,6.372261316496241,46.36666666666667,-0.7818314824680299,0.6234898018587334,1.0,6.123233995736766e-17,0.9275416835791966,0.37371971479046906,42.1,41.5
2019-03-11,J&K,NR,34.0837,74.7973,42.1,2019,3,0,70,0,0,0.7,81,41.6,49.9,42.9,44.51428571428571,6.17992140495562,46.34,0.0,1.0,1.0,6.123233995736766e-17,0.9338372288229252,0.35769823883312546,39.7,41.8
2019-03-12,J&K,NR,34.0837,74.7973,39.7,2019,3,1,71,0,0,0.1,89,42.1,51.3,43.3,42.857142857142854,5.58356431647299,46.220000000000006,0.7818314824680298,0.6234898018587336,1.0,6.123233995736766e-17,0.9398560579418954,0.3415707691678556,41.7,41.2
2019-03-13,J&K,NR,34.0837,74.7973,41.7,2019,3,2,72,0,0,0.5,72,39.7,51.1,42.8,41.51428571428572,4.239272174728645,46.18333333333333,0.9749279121818236,-0.22252093395631434,1.0,6.123233995736766e-17,0.9455963874271426,0.3253420847119801,37.9,41.4
2019-03-14,J&K,NR,34.0837,74.7973,37.9,2019,3,3,73,0,0,0.3,93,41.7,49.5,44.2,39.857142857142854,2.5132032301806344,45.973333333333336,0.43388373911755823,-0.900968867902419,1.0,6.123233995736766e-17,0.9510565162951535,0.30901699437494745,41.8,38.3
2019-03-15,J&K,NR,34.0837,74.7973,41.8,2019,3,4,74,0,0,1.6,82,37.9,35.2,43.9,40.800000000000004,1.5143755588800534,45.90333333333333,-0.433883739117558,-0.9009688679024191,1.0,6.123233995736766e-17,0.9562348265919056,0.29260033563334836,40.8,44.5
2019-03-16,J&K,NR,34.0837,74.7973,40.8,2019,3,5,75,1,0,1.9,74,41.8,40.8,42.2,40.800000000000004,1.5143755588800534,45.85666666666667,-0.9749279121818236,-0.2225209339563146,1.0,6.123233995736766e-17,0.9611297838723007,0.27609697309746883,41.5,44.2
2019-03-17,J&K,NR,34.0837,74.7973,41.5,2019,3,6,76,1,0,2.8,71,40.8,41.6,48.5,40.785714285714285,1.5060196672338573,45.623333333333335,-0.7818314824680299,0.6234898018587334,1.0,6.123233995736766e-17,0.9657399376548549,0.2595117970697999,41.8,40.1
2019-03-18,J&K,NR,34.0837,74.7973,41.8,2019,3,0,77,0,0,3.0,69,41.5,42.1,48.9,40.74285714285714,1.4661254412647462,45.38666666666667,0.0,1.0,1.0,6.123233995736766e-17,0.9700639218515071,0.2428497220959356,41.2,37.9
2019-03-19,J&K,NR,34.0837,74.7973,41.2,2019,3,1,78,0,0,3.1,73,41.8,39.7,49.4,40.957142857142856,1.3962534904249158,45.11333333333334,0.7818314824680298,0.6234898018587336,1.0,6.123233995736766e-17,0.9741004551724205,0.22611568550828828,41.4,44.3
2019-03-20,J&K,NR,34.0837,74.7973,41.4,2019,3,2,79,0,0,-0.4,98,41.2,41.7,47.3,40.91428571428571,1.3740797786501284,44.916666666666664,0.9749279121818236,-0.22252093395631434,1.0,6.123233995736766e-17,0.9778483415056568,0.20931464596304847,38.3,44.1
2019-03-21,J&K,NR,34.0837,74.7973,38.3,2019,3,3,80,0,1,0.5,89,41.4,37.9,42.9,40.971428571428575,1.2284329933079667,44.76333333333333,0.43388373911755823,-0.900968867902419,1.0,6.123233995736766e-17,0.9813064702716093,0.19245158197082998,44.5,43.8
2019-03-22,J&K,NR,34.0837,74.7973,44.5,2019,3,4,81,0,0,1.7,81,38.3,41.8,49.4,41.357142857142854,1.8155413727564707,44.6,-0.433883739117558,-0.9009688679024191,1.0,6.123233995736766e-17,0.9844738167520922,0.1755314904214282,44.2,45.8
2019-03-23,J&K,NR,34.0837,74.7973,44.2,2019,3,5,82,1,0,2.9,75,44.5,40.8,48.9,41.84285714285714,2.077544337960198,44.443333333333335,-0.9749279121818236,-0.2225209339563146,1.0,6.123233995736766e-17,0.9873494423939864,0.15855938510313475,40.1,45.1
2019-03-24,J&K,NR,34.0837,74.7973,40.1,2019,3,6,83,1,0,3.2,77,44.2,41.5,46.7,41.642857142857146,2.1808692019904514,44.223333333333336,-0.7818314824680299,0.6234898018587334,1.0,6.123233995736766e-17,0.989932495087353,0.141540295217043,37.9,46.1
2019-03-25,J&K,NR,34.0837,74.7973,37.9,2019,3,0,84,0,0,3.3,75,40.1,41.8,47.8,41.08571428571429,2.5932145890307408,43.89333333333333,0.0,1.0,1.0,6.123233995736766e-17,0.9922222094179323,0.12447926388678915,44.3,44.4
2019-03-26,J&K,NR,34.0837,74.7973,44.3,2019,3,1,85,0,0,5.3,64,37.9,41.2,47.2,41.528571428571425,2.866306732663877,43.79666666666666,0.7818314824680298,0.6234898018587336,1.0,6.123233995736766e-17,0.994217906893952,0.10738134666416309,44.1,36.0
2019-03-27,J&K,NR,34.0837,74.7973,44.1,2019,3,2,86,0,0,4.5,68,44.3,41.4,47.0,41.91428571428571,3.023479547049818,43.7,0.9749279121818236,-0.22252093395631434,1.0,6.123233995736766e-17,0.995918996147179,0.09025161003104117,43.8,41.9
2019-03-28,J&K,NR,34.0837,74.7973,43.8,2019,3,3,87,0,0,4.6,70,44.1,38.3,47.4,42.699999999999996,2.6147020225384567,43.580000000000005,0.43388373911755823,-0.900968867902419,1.0,6.123233995736766e-17,0.9973249731081555,0.07309512989807777,45.8,41.6
2019-03-29,J&K,NR,34.0837,74.7973,45.8,2019,3,4,88,0,0,4.7,73,43.8,44.5,42.3,42.885714285714286,2.803229430156453,43.696666666666665,-0.433883739117558,-0.9009688679024191,1.0,6.123233995736766e-17,0.9984354211555643,0.055916990100603484,45.1,46.7
2019-03-30,J&K,NR,34.0837,74.7973,45.1,2019,3,5,89,1,0,4.3,85,45.8,44.2,46.8,43.01428571428572,2.892766018553053,43.64,-0.9749279121818236,-0.2225209339563146,1.0,6.123233995736766e-17,0.9992500112396835,0.03872228089217446,46.1,47.3
2019-03-31,J&K,NR,34.0837,74.7973,46.1,2019,3,6,90,1,0,3.5,88,45.1,40.1,51.2,43.87142857142857,2.7717108349142494,43.47,-0.7818314824680299,0.6234898018587334,1.0,6.123233995736766e-17,0.9997685019798909,0.021516097436222254,44.4,48.2
2019-04-02,J&K,NR,34.0837,74.7973,44.4,2019,4,1,92,0,0,6.4,63,46.1,37.9,52.2,44.800000000000004,0.8831760866328664,43.21000000000001,0.7818314824680298,0.6234898018587336,0.8660254037844387,-0.4999999999999998,0.9999166586547379,-0.01291029607500882,36.0,48.2
2019-04-03,J&K,NR,34.0837,74.7973,36.0,2019,4,2,93,0,0,8.2,50,44.4,44.3,48.4,43.614285714285714,3.464788868713646,42.79666666666667,0.9749279121818236,-0.22252093395631434,0.8660254037844387,-0.4999999999999998,0.9995462806873573,-0.030120304846908114,41.9,50.5
2019-04-04,J&K,NR,34.0837,74.7973,41.9,2019,4,3,94,0,0,9.4,51,36.0,44.1,49.9,43.300000000000004,3.5128336140500687,42.529999999999994,0.43388373911755823,-0.900968867902419,0.8660254037844387,-0.4999999999999998,0.9988797155850336,-0.04732138832243185,41.6,48.8
2019-04-05,J&K,NR,34.0837,74.7973,41.6,2019,4,4,95,0,0,10.1,53,41.9,43.8,51.3,42.98571428571429,3.5587584780035235,42.20666666666667,-0.433883739117558,-0.9009688679024191,0.8660254037844387,-0.4999999999999998,0.9979171608653922,-0.06450844944931623,46.7,46.0
2019-04-06,J&K,NR,34.0837,74.7973,46.7,2019,4,5,96,1,0,10.6,56,41.6,45.8,51.1,43.114285714285714,3.6911735132288173,42.059999999999995,-0.9749279121818236,-0.2225209339563146,0.8660254037844387,-0.4999999999999998,0.9966589017541702,-0.08167639533042241,47.3,48.5
2019-04-07,J&K,NR,34.0837,74.7973,47.3,2019,4,6,97,1,0,10.8,55,46.7,45.1,49.5,43.42857142857143,3.971445700545461,41.98666666666667,-0.7818314824680299,0.6234898018587334,0.8660254037844387,-0.4999999999999998,0.9951053111006976,-0.09882013873287143,48.2,44.8
2019-04-08,J&K,NR,34.0837,74.7973,48.2,2019,4,0,98,0,0,9.7,65,47.3,46.1,35.2,43.728571428571435,4.274620562386917,42.419999999999995,0.0,1.0,0.8660254037844387,-0.4999999999999998,0.9932568492674143,-0.11593459959550041,48.2,45.8
2019-04-09,J&K,NR,34.0837,74.7973,48.2,2019,4,1,99,0,0,11.0,59,48.2,44.4,40.8,44.271428571428565,4.602794182419458,42.666666666666664,0.7818314824680298,0.6234898018587336,0.8660254037844387,-0.4999999999999998,0.9911140639934547,-0.1330147065341959,50.5,46.0
2019-04-10,J&K,NR,34.0837,74.7973,50.5,2019,4,2,100,0,0,11.3,73,48.2,36.0,41.6,46.34285714285714,3.353037002906076,42.96333333333333,0.9749279121818236,-0.22252093395631434,0.8660254037844387,-0.4999999999999998,0.9886775902323405,-0.1500553983446526,48.8,48.8
2019-04-11,J&K,NR,34.0837,74.7973,48.8,2019,4,3,101,0,0,11.0,75,50.5,41.9,42.1,47.32857142857143,2.797447816441721,43.18666666666666,0.43388373911755823,-0.900968867902419,0.8660254037844387,-0.4999999999999998,0.9859481499638304,-0.16705162550211924,46.0,44.6
2019-04-12,J&K,NR,34.0837,74.7973,46.0,2019,4,4,102,0,0,11.6,82,48.8,41.6,39.7,47.957142857142856,1.479703960096109,43.39666666666666,-0.433883739117558,-0.9009688679024191,0.8660254037844387,-0.4999999999999998,0.9829265519799822,-0.18399835165768005,48.5,42.3
2019-04-13,J&K,NR,34.0837,74.7973,48.5,2019,4,5,103,1,1,10.3,85,46.0,46.7,41.7,48.214285714285715,1.377713772194918,43.62333333333333,-0.9749279121818236,-0.2225209339563146,0.8660254037844387,-0.4999999999999998,0.9796136916454901,-0.20089055513063506,44.8,48.4
2019-04-14,J&K,NR,34.0837,74.7973,44.8,2019,4,6,104,1,1,12.2,81,48.5,47.3,37.9,47.857142857142854,1.8849024226355706,43.85333333333334,-0.7818314824680299,0.6234898018587334,0.8660254037844387,-0.4999999999999998,0.9760105506323683,-0.21772323039653177,45.8,46.6
2019-04-15,J&K,NR,34.0837,74.7973,45.8,2019,4,0,105,0,0,14.0,72,44.8,48.2,41.8,47.51428571428571,2.0251984029790417,43.98666666666667,0.0,1.0,0.8660254037844387,-0.4999999999999998,0.9721181966290613,-0.23449138957040985,46.0,48.3
2019-04-16,J&K,NR,34.0837,74.7973,46.0,2019,4,1,106,0,0,11.7,85,45.8,48.2,40.8,47.199999999999996,2.0712315177208644,44.16,0.7818314824680298,0.6234898018587336,0.8660254037844387,-0.4999999999999998,0.9679377830240642,-0.25119006388481935,48.8,48.8
2019-04-17,J&K,NR,34.0837,74.7973,48.8,2019,4,2,107,0,1,10.1,90,46.0,50.5,41.5,46.957142857142856,1.683109367467666,44.40333333333333,0.9749279121818236,-0.22252093395631434,0.8660254037844387,-0.4999999999999998,0.9634705485641488,-0.2678143051621742,44.6,49.0
2019-04-18,J&K,NR,34.0837,74.7973,44.6,2019,4,3,108,0,0,11.7,75,48.8,48.8,41.8,46.357142857142854,1.665189821869381,44.49666666666666,0.43388373911755823,-0.900968867902419,0.8660254037844387,-0.4999999999999998,0.9587178169872964,-0.2843591872810034,42.3,42.7
2019-04-19,J&K,NR,34.0837,74.7973,42.3,2019,4,4,109,0,1,12.8,65,44.6,46.0,41.2,45.82857142857142,2.2735539622027527,44.53333333333333,-0.433883739117558,-0.9009688679024191,0.8660254037844387,-0.4999999999999998,0.9536809966304457,-0.30081980763566735,48.4,46.3
2019-04-20,J&K,NR,34.0837,74.7973,48.4,2019,4,5,110,1,0,13.6,72,42.3,48.5,41.4,45.81428571428571,2.2542024246790224,44.766666666666666,-0.9749279121818236,-0.2225209339563146,0.8660254037844387,-0.4999999999999998,0.9483615800121715,-0.3171912885891061,46.6,50.8
2019-04-21,J&K,NR,34.0837,74.7973,46.6,2019,4,6,111,1,0,14.4,72,48.4,44.8,38.3,46.07142857142857,2.2216467508842417,45.04333333333334,-0.7818314824680299,0.6234898018587334,0.8660254037844387,-0.4999999999999998,0.9427611433904207,-0.3334687789181868,48.3,51.4
2019-04-22,J&K,NR,34.0837,74.7973,48.3,2019,4,0,112,0,0,15.2,70,46.6,45.8,44.5,46.42857142857143,2.366934927787663,45.17,0.0,1.0,0.8660254037844387,-0.4999999999999998,0.9368813462954315,-0.3496474552512284,48.8,52.5
2019-04-23,J&K,NR,34.0837,74.7973,48.8,2019,4,1,113,0,0,15.5,70,48.3,46.0,44.2,46.82857142857143,2.514434519406144,45.32333333333334,0.7818314824680298,0.6234898018587336,0.8660254037844387,-0.4999999999999998,0.9307239310379795,-0.36572252349726897,49.0,52.4
2019-04-24,J&K,NR,34.0837,74.7973,49.0,2019,4,2,114,0,0,11.6,94,48.8,48.8,40.1,46.857142857142854,2.541559326382932,45.62,0.9749279121818236,-0.22252093395631434,0.8660254037844387,-0.4999999999999998,0.9242907221930933,-0.3816892202666588,42.7,52.5
2019-04-25,J&K,NR,34.0837,74.7973,42.7,2019,4,3,115,0,0,11.6,87,49.0,44.6,37.9,46.58571428571428,2.899096739462508,45.78,0.43388373911755823,-0.900968867902419,0.8660254037844387,-0.4999999999999998,0.9175836260593937,-0.39754281428255595,46.3,53.4
2019-04-26,J&K,NR,34.0837,74.7973,46.3,2019,4,4,116,0,0,12.8,80,42.7,42.3,44.3,47.15714285714285,2.2307376529280027,45.84666666666667,-0.433883739117558,-0.9009688679024191,0.8660254037844387,-0.4999999999999998,0.9106046300942162,-0.4132786077829042,50.8,52.7
2019-04-27,J&K,NR,34.0837,74.7973,50.8,2019,4,5,117,1,0,14.2,71,46.3,48.4,44.1,47.5,2.606402373643332,46.07,-0.9749279121818236,-0.2225209339563146,0.8660254037844387,-0.4999999999999998,0.9033558023246845,-0.4288919379124835,51.4,41.0
2019-04-28,J&K,NR,34.0837,74.7973,51.4,2019,4,6,118,1,0,15.6,59,50.8,46.6,43.8,48.185714285714276,2.9401975962105302,46.32333333333334,-0.7818314824680299,0.6234898018587334,0.8660254037844387,-0.4999999999999998,0.895839290734909,-0.4443781781046132,52.5,39.8
2019-04-29,J&K,NR,34.0837,74.7973,52.5,2019,4,0,119,0,0,15.7,60,51.4,48.3,45.8,48.785714285714285,3.3652283584865663,46.54666666666667,0.0,1.0,0.8660254037844387,-0.4999999999999998,0.8880573226294932,-0.45973273945210397,52.4,39.8
2019-04-30,J&K,NR,34.0837,74.7973,52.4,2019,4,1,120,0,0,12.6,82,52.5,48.8,45.1,49.300000000000004,3.632262839241349,46.78999999999999,0.7818314824680298,0.6234898018587336,0.8660254037844387,-0.4999999999999998,0.8800122039735357,-0.47495107206704995,52.5,41.3
2019-05-02,J&K,NR,34.0837,74.7973,52.5,2019,5,3,122,0,0,10.7,88,52.4,49.0,46.1,49.800000000000004,3.820122162095558,47.00333333333333,0.43388373911755823,-0.900968867902419,0.49999999999999994,-0.8660254037844387,0.8631421280499114,-0.5049610547215204,53.4,39.5
2019-05-03,J&K,NR,34.0837,74.7973,53.4,2019,5,4,123,0,0,9.9,84,52.5,42.7,44.4,51.32857142857143,2.371858824996681,47.30333333333333,-0.433883739117558,-0.9009688679024191,0.49999999999999994,-0.8660254037844387,0.854322169749827,-0.5197438121555155,52.7,30.368000000000002
2019-05-04,J&K,NR,34.0837,74.7973,52.7,2019,5,5,124,1,0,12.4,72,53.4,46.3,36.0,52.24285714285714,0.8657504314317067,47.86,-0.9749279121818236,-0.2225209339563146,0.49999999999999994,-0.8660254037844387,0.8452490573530633,-0.5343725582809786,41.0,34.5
2019-05-05,J&K,NR,34.0837,74.7973,41.0,2019,5,6,125,1,0,13.3,63,52.7,50.8,41.9,50.84285714285714,4.379823871214168,47.830000000000005,-0.7818314824680299,0.6234898018587334,0.49999999999999994,-0.8660254037844387,0.8359254794186372,-0.548842958284719,39.8,42.4
2019-05-06,J&K,NR,34.0837,74.7973,39.8,2019,5,0,126,0,0,14.6,57,41.0,51.4,41.6,49.18571428571429,6.020915924627154,47.769999999999996,0.0,1.0,0.49999999999999994,-0.8660254037844387,0.8263541987239096,-0.5631507242749186,39.8,42.8
2019-05-07,J&K,NR,34.0837,74.7973,39.8,2019,5,1,127,0,0,14.8,54,39.8,52.5,46.7,47.371428571428574,6.727732229539254,47.54,0.7818314824680298,0.6234898018587336,0.49999999999999994,-0.8660254037844387,0.8165380514459161,-0.5772916165517272,41.3,42.9
2019-05-08,J&K,NR,34.0837,74.7973,41.3,2019,5,2,128,0,0,15.5,60,39.8,52.4,47.3,45.785714285714285,6.652675795354491,47.339999999999996,0.9749279121818236,-0.22252093395631434,0.49999999999999994,-0.8660254037844387,0.8064799463209448,-0.5912614448635781,39.5,37.0
2019-05-09,J&K,NR,34.0837,74.7973,39.5,2019,5,3,129,0,0,16.1,62,41.3,52.5,48.2,43.92857142857143,6.269426950345187,47.05,0.43388373911755823,-0.900968867902419,0.49999999999999994,-0.8660254037844387,0.7961828637826158,-0.6050560696488488,30.368000000000002,42.5
2019-05-10,J&K,NR,34.0837,74.7973,30.368000000000002,2019,5,4,130,0,0,15.3,72,39.5,53.4,48.2,40.63828571428571,6.5093978655040585,46.455600000000004,-0.433883739117558,-0.9009688679024191,0.49999999999999994,-0.8660254037844387,0.7856498550787147,-0.6186714032625031,34.5,40.5
2019-05-11,J&K,NR,34.0837,74.7973,34.5,2019,5,5,131,1,0,13.8,81,30.368000000000002,52.7,50.5,38.03828571428572,4.06421709206444,45.92226666666667,-0.9749279121818236,-0.2225209339563146,0.49999999999999994,-0.8660254037844387,0.7748840413670407,-0.6321034111873487,42.4,37.3
2019-05-12,J&K,NR,34.0837,74.7973,42.4,2019,5,6,132,1,0,15.1,77,34.5,41.0,48.8,38.238285714285716,4.263800406299768,45.708933333333334,-0.7818314824680299,0.6234898018587334,0.49999999999999994,-0.8660254037844387,0.7638886127905428,-0.6453481132295501,42.8,44.2
2019-05-13,J&K,NR,34.0837,74.7973,42.8,2019,5,0,133,0,0,15.2,73,42.4,39.8,46.0,38.66685714285715,4.585566756268045,45.602266666666665,0.0,1.0,0.49999999999999994,-0.8660254037844387,0.7526668275320085,-0.6584015846980488,42.9,43.0
2019-05-14,J&K,NR,34.0837,74.7973,42.9,2019,5,1,134,0,0,14.2,84,42.8,39.8,48.5,39.10971428571429,4.85501739489799,45.415600000000005,0.7818314824680298,0.6234898018587336,0.49999999999999994,-0.8660254037844387,0.7412220108485958,-0.6712599575675313,37.0,33.7
2019-05-15,J&K,NR,34.0837,74.7973,37.0,2019,5,2,135,0,0,15.6,76,42.9,41.3,44.8,38.49542857142857,4.803458436624711,45.1556,0.9749279121818236,-0.22252093395631434,0.49999999999999994,-0.8660254037844387,0.7295575540864875,-0.6839194216246106,42.5,41.7
2019-05-16,J&K,NR,34.0837,74.7973,42.5,2019,5,3,136,0,0,13.7,86,37.0,39.5,45.8,38.92399999999999,5.036218687335452,45.0456,0.43388373911755823,-0.900968867902419,0.49999999999999994,-0.8660254037844387,0.717676913675962,-0.6963762255968722,40.5,42.6
2019-05-17,J&K,NR,34.0837,74.7973,40.5,2019,5,4,137,0,0,13.2,88,42.5,30.368000000000002,46.0,40.371428571428574,3.3365222841127733,44.86226666666666,-0.433883739117558,-0.9009688679024191,0.49999999999999994,-0.8660254037844387,0.705583610107178,-0.7086266782644596,37.3,46.3
2019-05-18,J&K,NR,34.0837,74.7973,37.3,2019,5,5,138,1,1,14.1,82,40.5,34.5,48.8,40.771428571428565,2.6023798631985144,44.47893333333333,-0.9749279121818236,-0.2225209339563146,0.49999999999999994,-0.8660254037844387,0.6932812268869777,-0.7206671495538609,44.2,44.2
2019-05-19,J&K,NR,34.0837,74.7973,44.2,2019,5,6,139,1,0,15.2,79,37.3,42.4,44.6,41.028571428571425,2.8657252053155973,44.4656,-0.7818314824680299,0.6234898018587334,0.49999999999999994,-0.8660254037844387,0.6807734094770161,-0.7324940716135789,43.0,45.6
2019-05-20,J&K,NR,34.0837,74.7973,43.0,2019,5,0,140,0,0,15.8,76,44.2,42.8,42.3,41.05714285714286,2.887246175197163,44.488933333333335,0.0,1.0,0.49999999999999994,-0.8660254037844387,0.6680638642135335,-0.7441039398713607,33.7,44.7
2019-05-21,J&K,NR,34.0837,74.7973,33.7,2019,5,1,141,0,0,16.3,70,43.0,42.9,48.4,39.74285714285714,3.843981071258109,43.99893333333333,0.7818314824680298,0.6234898018587336,0.49999999999999994,-0.8660254037844387,0.6551563572090853,-0.7554933140726803,41.7,42.8
2019-05-22,J&K,NR,34.0837,74.7973,41.7,2019,5,2,142,0,0,17.1,71,33.7,37.0,46.6,40.41428571428571,3.6925278475269585,43.83559999999999,0.9749279121818236,-0.22252093395631434,0.49999999999999994,-0.8660254037844387,0.6420547132365637,-0.766658819300159,42.6,44.6
2019-05-23,J&K,NR,34.0837,74.7973,42.6,2019,5,3,143,0,0,14.4,87,41.7,42.5,48.3,40.42857142857143,3.7021229430847455,43.645599999999995,0.43388373911755823,-0.900968867902419,0.49999999999999994,-0.8660254037844387,0.6287628145958344,-0.7775971469736269,46.3,43.2
2019-05-24,J&K,NR,34.0837,74.7973,46.3,2019,5,4,144,0,0,12.1,94,42.6,40.5,48.8,41.25714285714286,4.318509443028231,43.562266666666666,-0.433883739117558,-0.9009688679024191,0.49999999999999994,-0.8660254037844387,0.6152845999633276,-0.7883050558305255,44.2,42.9
2019-05-25,J&K,NR,34.0837,74.7973,44.2,2019,5,5,145,1,0,15.1,76,46.3,37.3,49.0,42.24285714285714,4.043454440144469,43.40226666666667,-0.9749279121818236,-0.2225209339563146,0.49999999999999994,-0.8660254037844387,0.6016240632249226,-0.7987793728863649,45.6,40.9
2019-05-26,J&K,NR,34.0837,74.7973,45.6,2019,5,6,146,1,0,14.3,80,44.2,44.2,42.7,42.44285714285714,4.188419408662098,43.498933333333326,-0.7818314824680299,0.6234898018587334,0.49999999999999994,-0.8660254037844387,0.5877852522924732,-0.8090169943749473,44.7,41.8
2019-05-27,J&K,NR,34.0837,74.7973,44.7,2019,5,0,147,0,0,15.5,75,45.6,43.0,46.3,42.68571428571429,4.274509161462727,43.4456,0.0,1.0,0.49999999999999994,-0.8660254037844387,0.5737722679043246,-0.8190148866680801,42.8,42.6
2019-05-28,J&K,NR,34.0837,74.7973,42.8,2019,5,1,148,0,0,16.3,62,44.7,33.7,50.8,43.98571428571429,1.6866421982039153,43.17893333333333,0.7818314824680298,0.6234898018587336,0.49999999999999994,-0.8660254037844387,0.5595892624101765,-0.8287700871745038,44.6,42.3
2019-05-29,J&K,NR,34.0837,74.7973,44.6,2019,5,2,149,0,0,17.2,62,42.8,41.7,51.4,44.4,1.3552367566838293,42.95226666666667,0.9749279121818236,-0.22252093395631434,0.49999999999999994,-0.8660254037844387,0.545240438540651,-0.8382797052177744,43.2,43.5
2019-05-30,J&K,NR,34.0837,74.7973,43.2,2019,5,3,150,0,0,17.8,62,44.6,42.6,52.5,44.48571428571429,1.2361614935337035,42.642266666666664,0.43388373911755823,-0.900968867902419,0.49999999999999994,-0.8660254037844387,0.5307300481619334,-0.8475409228928311,42.9,43.2
2019-05-31,J&K,NR,34.0837,74.7973,42.9,2019,5,4,151,0,0,18.4,65,43.2,46.3,52.4,44.0,1.059874206372418,42.3256,-0.433883739117558,-0.9009688679024191,0.49999999999999994,-0.8660254037844387,0.5160623910158528,-0.8565509959010036,40.9,42.6
2019-06-02,J&K,NR,34.0837,74.7973,40.9,2019,6,6,153,1,0,19.1,71,42.9,44.2,52.5,43.528571428571425,1.568135076786384,41.93893333333334,-0.7818314824680299,0.6234898018587334,1.2246467991473532e-16,-1.0,0.48627270710868997,-0.8738071036110808,41.8,43.1
2019-06-03,J&K,NR,34.0837,74.7973,41.8,2019,6,0,154,0,0,17.4,78,40.9,45.6,53.4,42.98571428571428,1.3777137721948798,41.55226666666667,0.0,1.0,1.2246467991473532e-16,-1.0,0.4711595076738638,-0.8820480249558537,42.6,43.1
2019-06-04,J&K,NR,34.0837,74.7973,42.6,2019,6,1,155,0,0,14.8,86,41.8,44.7,52.7,42.68571428571429,1.1524301445621055,41.215599999999995,0.7818314824680298,0.6234898018587336,1.2246467991473532e-16,-1.0,0.4559066935084588,-0.8900275764346767,42.3,41.1
2019-06-05,J&K,NR,34.0837,74.7973,42.3,2019,6,2,156,0,1,15.2,81,42.6,42.8,41.0,42.61428571428571,1.1596386957850713,41.25893333333333,0.9749279121818236,-0.22252093395631434,1.2246467991473532e-16,-1.0,0.440518784350495,-0.8977433935342337,43.5,45.3
2019-06-06,J&K,NR,34.0837,74.7973,43.5,2019,6,3,157,0,0,14.7,83,42.3,44.6,39.8,42.457142857142856,0.8885515232804468,41.38226666666666,0.43388373911755823,-0.900968867902419,1.2246467991473532e-16,-1.0,0.42500033996955416,-0.9051931898913974,43.2,45.4
2019-06-07,J&K,NR,34.0837,74.7973,43.2,2019,6,4,158,0,0,16.9,75,43.5,43.2,39.8,42.457142857142856,0.8885515232804468,41.495599999999996,-0.433883739117558,-0.9009688679024191,1.2246467991473532e-16,-1.0,0.4093559588156213,-0.9123747579707273,42.6,53.0
2019-06-08,J&K,NR,34.0837,74.7973,42.6,2019,6,5,159,1,0,17.1,75,43.2,42.9,41.3,42.41428571428571,0.8706866474773979,41.53893333333334,-0.9749279121818236,-0.2225209339563146,1.2246467991473532e-16,-1.0,0.39359027665646673,-0.9192859697186104,43.1,51.6
2019-06-09,J&K,NR,34.0837,74.7973,43.1,2019,6,6,160,1,0,18.5,71,42.6,40.9,39.5,42.728571428571435,0.582277956862367,41.65893333333334,-0.7818314824680299,0.6234898018587334,1.2246467991473532e-16,-1.0,0.3777079652039649,-0.9259247771938498,43.1,48.9
2019-06-10,J&K,NR,34.0837,74.7973,43.1,2019,6,0,161,0,0,19.0,69,43.1,41.8,30.368000000000002,42.91428571428571,0.42201331506888634,42.08333333333334,0.0,1.0,1.2246467991473532e-16,-1.0,0.36171373072976765,-0.9322892131745133,41.1,41.8
2019-06-11,J&K,NR,34.0837,74.7973,41.1,2019,6,1,162,0,0,15.0,89,43.1,42.6,34.5,42.7,0.8103497187429985,42.30333333333333,0.7818314824680298,0.6234898018587336,1.2246467991473532e-16,-1.0,0.3456123126707335,-0.9383773917408641,45.3,48.3
2019-06-12,J&K,NR,34.0837,74.7973,45.3,2019,6,2,163,0,0,12.3,93,41.1,42.3,42.4,43.128571428571426,1.2419263071459359,42.4,0.9749279121818236,-0.22252093395631434,1.2246467991473532e-16,-1.0,0.3294084822245304,-0.9441875088341993,45.4,48.1
2019-06-13,J&K,NR,34.0837,74.7973,45.4,2019,6,3,164,0,0,16.3,76,45.3,43.5,42.8,43.4,1.5143755588801355,42.48666666666667,0.43388373911755823,-0.900968867902419,1.2246467991473532e-16,-1.0,0.3131070409358269,-0.9497178427914316,53.0,48.7
2019-06-14,J&K,NR,34.0837,74.7973,53.0,2019,6,4,165,0,0,18.3,69,45.4,43.2,42.9,44.800000000000004,3.91918358845311,42.82333333333334,-0.433883739117558,-0.9009688679024191,1.2246467991473532e-16,-1.0,0.29671281927349075,-0.9549667548552551,51.6,43.5
2019-06-15,J&K,NR,34.0837,74.7973,51.6,2019,6,5,166,1,0,17.4,72,53.0,42.6,37.0,46.08571428571429,4.509038541798993,43.309999999999995,-0.9749279121818236,-0.2225209339563146,1.2246467991473532e-16,-1.0,0.28023067519921585,-0.9599326896597447,48.9,44.6
2019-06-16,J&K,NR,34.0837,74.7973,48.9,2019,6,6,167,1,0,17.7,74,51.6,43.1,42.5,46.91428571428571,4.4005410922706005,43.52333333333333,-0.7818314824680299,0.6234898018587334,1.2246467991473532e-16,-1.0,0.26366549272800704,-0.9646141756912435,41.8,46.4
2019-06-17,J&K,NR,34.0837,74.7973,41.8,2019,6,0,168,0,0,17.9,73,48.9,43.1,40.5,46.728571428571435,4.610753476282141,43.56666666666667,0.0,1.0,1.2246467991473532e-16,-1.0,0.24702218048093552,-0.9690098257244062,48.3,51.0
2019-06-18,J&K,NR,34.0837,74.7973,48.3,2019,6,1,169,0,0,17.3,77,41.8,41.1,37.3,47.75714285714285,3.893095230814514,43.93333333333333,0.7818314824680298,0.6234898018587336,1.2246467991473532e-16,-1.0,0.23030567023061221,-0.9731183372332619,48.1,51.3
2019-06-19,J&K,NR,34.0837,74.7973,48.1,2019,6,2,170,0,0,18.5,73,48.3,45.3,44.2,48.15714285714286,3.739365874430768,44.06333333333334,0.9749279121818236,-0.22252093395631434,1.2246467991473532e-16,-1.0,0.21352091543979612,-0.9769384927771817,48.7,49.8
2019-06-20,J&K,NR,34.0837,74.7973,48.7,2019,6,3,171,0,0,18.4,72,48.1,45.4,43.0,48.628571428571426,3.536341935632713,44.25333333333333,0.43388373911755823,-0.900968867902419,1.2246467991473532e-16,-1.0,0.19667288979357647,-0.980469160361632,43.5,50.6
2019-06-21,J&K,NR,34.0837,74.7973,43.5,2019,6,4,172,0,0,18.2,77,48.7,53.0,33.7,47.271428571428565,3.3993696894739944,44.58,-0.433883739117558,-0.9009688679024191,1.2246467991473532e-16,-1.0,0.1797665857255624,-0.9837092937736097,44.6,50.3
2019-06-22,J&K,NR,34.0837,74.7973,44.6,2019,6,5,173,1,0,19.1,74,43.5,51.6,41.7,46.271428571428565,2.9078710916604464,44.67666666666666,-0.9749279121818236,-0.2225209339563146,1.2246467991473532e-16,-1.0,0.16280701293851715,-0.986657932891657,46.4,50.9
2019-06-23,J&K,NR,34.0837,74.7973,46.4,2019,6,6,174,1,0,18.0,77,44.6,48.9,42.6,45.91428571428571,2.6754616869047982,44.80333333333333,-0.7818314824680299,0.6234898018587334,1.2246467991473532e-16,-1.0,0.1457991969198751,-0.9893142039703663,51.0,49.9
2019-06-24,J&K,NR,34.0837,74.7973,51.0,2019,6,0,175,0,0,16.3,91,46.4,41.8,46.3,47.22857142857142,2.5753409390566446,44.96,0.0,1.0,1.2246467991473532e-16,-1.0,0.12874817745258132,-0.99167731989929,51.3,34.8
2019-06-25,J&K,NR,34.0837,74.7973,51.3,2019,6,1,176,0,0,18.0,80,51.0,48.3,44.2,47.65714285714286,2.998253459853587,45.19666666666667,0.7818314824680298,0.6234898018587336,1.2246467991473532e-16,-1.0,0.11165900712169512,-0.993746580436178,49.8,41.0
2019-06-26,J&K,NR,34.0837,74.7973,49.8,2019,6,2,177,0,0,19.5,65,51.3,48.1,45.6,47.9,3.106981386061642,45.33666666666667,0.9749279121818236,-0.22252093395631434,1.2246467991473532e-16,-1.0,0.09453674981719912,-0.9955213724144752,50.6,41.2
2019-06-27,J&K,NR,34.0837,74.7973,50.6,2019,6,3,178,0,0,19.0,70,49.8,48.7,44.7,48.17142857142857,3.2673711582424287,45.53333333333333,0.43388373911755823,-0.900968867902419,1.2246467991473532e-16,-1.0,0.07738647923346301,-0.9970011699250151,50.3,41.8
2019-06-28,J&K,NR,34.0837,74.7973,50.3,2019,6,4,179,0,0,19.3,68,50.6,43.5,42.8,49.142857142857146,2.5870556899412325,45.78333333333333,-0.433883739117558,-0.9009688679024191,1.2246467991473532e-16,-1.0,0.06021327736579302,-0.9981855344718586,50.9,41.6
2019-06-29,J&K,NR,34.0837,74.7973,50.9,2019,6,5,180,1,0,20.2,69,50.3,44.6,44.6,50.04285714285714,1.6801360489130897,45.99333333333333,-0.9749279121818236,-0.2225209339563146,1.2246467991473532e-16,-1.0,0.04302223300453059,-0.99907411510223,49.9,42.5
2019-06-30,J&K,NR,34.0837,74.7973,49.9,2019,6,6,181,1,0,20.7,68,50.9,46.4,43.2,50.542857142857144,0.56820519432444,46.21666666666666,-0.7818314824680299,0.6234898018587334,1.2246467991473532e-16,-1.0,0.02581844022713308,-0.9996666485105112,34.8,39.5
2019-07-01,J&K,NR,34.0837,74.7973,34.8,2019,7,0,182,0,0,19.8,71,49.9,51.0,42.9,48.228571428571435,5.9452261761613805,45.94666666666667,0.0,1.0,-0.4999999999999997,-0.8660254037844388,0.008606996888688698,-0.9999629591162655,41.0,46.05
2019-07-02,J&K,NR,34.0837,74.7973,41.0,2019,7,1,183,0,0,21.2,67,34.8,51.3,40.9,46.75714285714286,6.321090924531199,45.95,0.7818314824680298,0.6234898018587336,-0.4999999999999997,-0.8660254037844388,-0.008606996888688009,-0.9999629591162655,41.2,43.15
2019-07-03,J&K,NR,34.0837,74.7973,41.2,2019,7,2,184,0,0,22.7,65,41.0,49.8,41.8,45.528571428571425,6.46521829631822,45.92999999999999,0.9749279121818236,-0.22252093395631434,-0.4999999999999997,-0.8660254037844388,-0.02581844022713239,-0.9996666485105112,41.8,44.25
2019-07-04,J&K,NR,34.0837,74.7973,41.8,2019,7,3,185,0,0,22.9,71,41.2,50.6,42.6,44.27142857142858,6.163255169609203,45.903333333333336,0.43388373911755823,-0.900968867902419,-0.4999999999999997,-0.8660254037844388,-0.04302223300453034,-0.99907411510223,41.6,42.45
2019-07-05,J&K,NR,34.0837,74.7973,41.6,2019,7,4,186,0,0,22.6,72,41.8,50.3,42.3,43.028571428571425,5.596044521419982,45.88,-0.433883739117558,-0.9009688679024191,-0.4999999999999997,-0.8660254037844388,-0.060213277365792774,-0.9981855344718586,42.5,43.7
2019-07-06,J&K,NR,34.0837,74.7973,42.5,2019,7,5,187,1,0,22.8,70,41.6,50.9,43.5,41.82857142857143,4.399512960057582,45.84666666666667,-0.9749279121818236,-0.2225209339563146,-0.4999999999999997,-0.8660254037844388,-0.07738647923346322,-0.9970011699250151,39.5,44.4
2019-07-07,J&K,NR,34.0837,74.7973,39.5,2019,7,6,188,1,0,22.7,72,42.5,49.9,43.2,40.34285714285714,2.612697930529067,45.723333333333336,-0.7818314824680299,0.6234898018587334,-0.4999999999999997,-0.8660254037844388,-0.09453674981719933,-0.9955213724144752,46.05,44.5
2019-07-08,J&K,NR,34.0837,74.7973,46.05,2019,7,0,189,0,0,24.4,68,39.5,34.8,42.6,41.949999999999996,2.0299835795724244,45.83833333333333,0.0,1.0,-0.4999999999999997,-0.8660254037844388,-0.11165900712169444,-0.9937465804361781,43.15,43.0
2019-07-09,J&K,NR,34.0837,74.7973,43.15,2019,7,1,190,0,0,23.6,77,46.05,41.0,43.1,42.25714285714286,2.0249338613538654,45.84,0.7818314824680298,0.6234898018587336,-0.4999999999999997,-0.8660254037844388,-0.12874817745258066,-0.99167731989929,44.25,43.7
2019-07-10,J&K,NR,34.0837,74.7973,44.25,2019,7,2,191,0,0,21.8,86,43.15,41.2,43.1,42.692857142857136,2.086749579974591,45.87833333333333,0.9749279121818236,-0.22252093395631434,-0.4999999999999997,-0.8660254037844388,-0.14579919691987442,-0.9893142039703664,42.45,46.2
2019-07-11,J&K,NR,34.0837,74.7973,42.45,2019,7,3,192,0,0,23.5,75,44.25,41.8,41.1,42.785714285714285,2.0546115378408865,45.92333333333333,0.43388373911755823,-0.900968867902419,-0.4999999999999997,-0.8660254037844388,-0.16280701293851646,-0.9866579328916572,43.7,46.3
2019-07-12,J&K,NR,34.0837,74.7973,43.7,2019,7,4,193,0,0,23.3,76,42.45,41.6,45.3,43.08571428571429,2.0053499872662846,45.87,-0.433883739117558,-0.9009688679024191,-0.4999999999999997,-0.8660254037844388,-0.17976658572556214,-0.9837092937736098,44.4,45.2
2019-07-13,J&K,NR,34.0837,74.7973,44.4,2019,7,5,194,1,0,22.9,76,43.7,42.5,45.4,43.357142857142854,2.0411248066178573,45.836666666666666,-0.9749279121818236,-0.2225209339563146,-0.4999999999999997,-0.8660254037844388,-0.19667288979357622,-0.9804691603616321,44.5,45.4
2019-07-14,J&K,NR,34.0837,74.7973,44.5,2019,7,6,195,1,0,22.6,76,44.4,39.5,53.0,44.07142857142857,1.1441361890299204,45.55333333333333,-0.7818314824680299,0.6234898018587334,-0.4999999999999997,-0.8660254037844388,-0.2135209154397959,-0.9769384927771817,43.0,40.9
2019-07-15,J&K,NR,34.0837,74.7973,43.0,2019,7,0,196,0,0,21.7,78,44.5,46.05,51.6,43.635714285714286,0.7914724072441672,45.266666666666666,0.0,1.0,-0.4999999999999997,-0.8660254037844388,-0.23030567023061196,-0.973118337233262,43.7,45.7
2019-07-16,J&K,NR,34.0837,74.7973,43.7,2019,7,1,197,0,0,22.6,72,43.0,43.15,48.9,43.714285714285715,0.7619680033279224,45.093333333333334,0.7818314824680298,0.6234898018587336,-0.4999999999999997,-0.8660254037844388,-0.24702218048093527,-0.9690098257244063,46.2,46.4
2019-07-17,J&K,NR,34.0837,74.7973,46.2,2019,7,2,198,0,0,24.6,63,43.7,44.25,41.8,43.99285714285715,1.2132698832181186,45.24,0.9749279121818236,-0.22252093395631434,-0.4999999999999997,-0.8660254037844388,-0.2636654927280072,-0.9646141756912435,46.3,47.8
2019-07-18,J&K,NR,34.0837,74.7973,46.3,2019,7,3,199,0,0,22.0,76,46.2,42.45,48.3,44.54285714285714,1.2686700948332048,45.17333333333333,0.43388373911755823,-0.900968867902419,-0.4999999999999997,-0.8660254037844388,-0.2802306751992161,-0.9599326896597445,45.2,47.9
2019-07-19,J&K,NR,34.0837,74.7973,45.2,2019,7,4,200,0,0,21.9,72,46.3,43.7,48.1,44.75714285714286,1.2286267983094334,45.07666666666667,-0.433883739117558,-0.9009688679024191,-0.4999999999999997,-0.8660254037844388,-0.2967128192734901,-0.9549667548552553,45.4,47.6
2019-07-20,J&K,NR,34.0837,74.7973,45.4,2019,7,5,201,1,0,24.0,59,45.2,44.4,48.7,44.9,1.2382783747338926,44.96666666666667,-0.9749279121818236,-0.2225209339563146,-0.4999999999999997,-0.8660254037844388,-0.3131070409358267,-0.9497178427914317,40.9,42.9
2019-07-21,J&K,NR,34.0837,74.7973,40.9,2019,7,6,202,1,0,25.4,56,45.4,44.5,43.5,44.38571428571429,1.9658997697650287,44.88,-0.7818314824680299,0.6234898018587334,-0.4999999999999997,-0.8660254037844388,-0.3294084822245302,-0.9441875088341994,45.7,43.0
2019-07-22,J&K,NR,34.0837,74.7973,45.7,2019,7,0,203,0,0,25.2,60,40.9,43.0,44.6,44.77142857142858,1.9128637220272389,44.916666666666664,0.0,1.0,-0.4999999999999997,-0.8660254037844388,-0.3456123126707333,-0.9383773917408642,46.4,43.4
2019-07-23,J&K,NR,34.0837,74.7973,46.4,2019,7,1,204,0,0,26.3,57,45.7,43.7,46.4,45.15714285714286,1.932922780710795,44.916666666666664,0.7818314824680298,0.6234898018587336,-0.4999999999999997,-0.8660254037844388,-0.3617137307297674,-0.9322892131745134,47.8,42.3
2019-07-24,J&K,NR,34.0837,74.7973,47.8,2019,7,2,205,0,0,26.7,58,46.4,46.2,51.0,45.385714285714286,2.1582620874433918,44.809999999999995,0.9749279121818236,-0.22252093395631434,-0.4999999999999997,-0.8660254037844388,-0.37770796520396466,-0.9259247771938499,47.9,49.3
2019-07-25,J&K,NR,34.0837,74.7973,47.9,2019,7,3,206,0,0,22.9,79,47.8,46.3,51.3,45.61428571428571,2.3476431950849848,44.69666666666667,0.43388373911755823,-0.900968867902419,-0.4999999999999997,-0.8660254037844388,-0.39359027665646645,-0.9192859697186105,47.6,44.9
2019-07-26,J&K,NR,34.0837,74.7973,47.6,2019,7,4,207,0,0,22.4,80,47.9,45.2,49.8,45.957142857142856,2.450072885213296,44.62333333333333,-0.433883739117558,-0.9009688679024191,-0.4999999999999997,-0.8660254037844388,-0.4093559588156211,-0.9123747579707274,42.9,45.9
2019-07-27,J&K,NR,34.0837,74.7973,42.9,2019,7,5,208,1,0,21.5,85,47.6,45.4,50.6,45.6,2.712931993250156,44.36666666666667,-0.9749279121818236,-0.2225209339563146,-0.4999999999999997,-0.8660254037844388,-0.42500033996955394,-0.9051931898913975,43.0,44.9
2019-07-28,J&K,NR,34.0837,74.7973,43.0,2019,7,6,209,1,0,19.5,93,42.9,40.9,50.3,45.89999999999999,2.16794833886794,44.123333333333335,-0.7818314824680299,0.6234898018587334,-0.4999999999999997,-0.8660254037844388,-0.4405187843504952,-0.8977433935342336,43.4,45.4
2019-07-29,J&K,NR,34.0837,74.7973,43.4,2019,7,0,210,0,0,21.1,82,43.0,45.7,50.9,45.57142857142857,2.368342800155391,43.873333333333335,0.0,1.0,-0.4999999999999997,-0.8660254037844388,-0.455906693508459,-0.8900275764346766,42.3,44.2
2019-07-30,J&K,NR,34.0837,74.7973,42.3,2019,7,1,211,0,0,24.0,74,43.4,46.4,49.9,44.98571428571428,2.622612292752304,43.620000000000005,0.7818314824680298,0.6234898018587336,-0.4999999999999997,-0.8660254037844388,-0.47115950767386394,-0.8820480249558535,49.3,41.0
2019-07-31,J&K,NR,34.0837,74.7973,49.3,2019,7,2,212,0,0,23.4,83,42.3,47.8,34.8,45.199999999999996,2.933712096758461,44.10333333333333,0.9749279121818236,-0.22252093395631434,-0.4999999999999997,-0.8660254037844388,-0.4862727071086902,-0.8738071036110807,44.9,43.0
2019-08-01,J&K,NR,34.0837,74.7973,44.9,2019,8,3,213,0,0,21.6,88,49.3,47.9,41.0,44.771428571428565,2.6818614715121303,44.233333333333334,0.43388373911755823,-0.900968867902419,-0.8660254037844385,-0.5000000000000004,-0.5012418134457756,-0.8653072543632061,45.9,43.3
2019-08-02,J&K,NR,34.0837,74.7973,45.9,2019,8,4,214,0,0,22.8,80,44.9,47.6,41.2,44.528571428571425,2.449975704447129,44.39,-0.433883739117558,-0.9009688679024191,-0.8660254037844385,-0.5000000000000004,-0.5160623910158526,-0.8565509959010037,44.9,44.2
2019-08-03,J&K,NR,34.0837,74.7973,44.9,2019,8,5,215,1,0,22.1,80,45.9,42.9,41.8,44.81428571428571,2.3426684012244445,44.49333333333333,-0.9749279121818236,-0.2225209339563146,-0.8660254037844385,-0.5000000000000004,-0.5307300481619331,-0.8475409228928312,45.4,45.3
2019-08-04,J&K,NR,34.0837,74.7973,45.4,2019,8,6,216,1,0,23.4,75,44.9,43.0,41.6,45.15714285714286,2.2044327636659906,44.62,-0.7818314824680299,0.6234898018587334,-0.8660254037844385,-0.5000000000000004,-0.5452404385406507,-0.8382797052177745,44.2,43.4
2019-08-05,J&K,NR,34.0837,74.7973,44.2,2019,8,0,217,0,0,24.3,71,45.4,43.4,42.5,45.271428571428565,2.1171634212741397,44.67666666666666,0.0,1.0,-0.8660254037844385,-0.5000000000000004,-0.5595892624101763,-0.828770087174504,41.0,44.9
2019-08-06,J&K,NR,34.0837,74.7973,41.0,2019,8,1,218,0,0,24.4,73,44.2,42.3,39.5,45.08571428571429,2.4518214803343326,44.72666666666667,0.7818314824680298,0.6234898018587336,-0.8660254037844385,-0.5000000000000004,-0.5737722679043243,-0.8190148866680802,43.0,41.2
2019-08-08,J&K,NR,34.0837,74.7973,43.0,2019,8,3,220,0,0,24.3,72,41.0,49.3,46.05,44.18571428571429,1.682684929340258,44.625,0.43388373911755823,-0.900968867902419,-0.8660254037844385,-0.5000000000000004,-0.6016240632249227,-0.7987793728863648,43.3,49.1
2019-08-09,J&K,NR,34.0837,74.7973,43.3,2019,8,4,221,0,0,22.7,84,43.0,44.9,43.15,43.957142857142856,1.6781509098381857,44.629999999999995,-0.433883739117558,-0.9009688679024191,-0.8660254037844385,-0.5000000000000004,-0.6152845999633277,-0.7883050558305253,44.2,48.8
2019-08-10,J&K,NR,34.0837,74.7973,44.2,2019,8,5,222,1,0,21.7,84,43.3,45.9,44.25,43.714285714285715,1.4587992453026184,44.62833333333333,-0.9749279121818236,-0.2225209339563146,-0.8660254037844385,-0.5000000000000004,-0.6287628145958345,-0.7775971469736268,45.3,51.6
2019-08-11,J&K,NR,34.0837,74.7973,45.3,2019,8,6,223,1,0,22.1,85,44.2,44.9,42.45,43.77142857142858,1.5195550727261813,44.72333333333333,-0.7818314824680299,0.6234898018587334,-0.8660254037844385,-0.5000000000000004,-0.6420547132365636,-0.7666588193001592,43.4,47.0
2019-08-12,J&K,NR,34.0837,74.7973,43.4,2019,8,0,224,0,1,23.5,81,45.3,45.4,43.7,43.48571428571428,1.3396872413970928,44.71333333333334,0.0,1.0,-0.8660254037844385,-0.5000000000000004,-0.655156357209085,-0.7554933140726804,44.9,50.2
2019-08-13,J&K,NR,34.0837,74.7973,44.9,2019,8,1,225,0,0,22.7,85,43.4,44.2,44.4,43.58571428571428,1.4252819269985915,44.730000000000004,0.7818314824680298,0.6234898018587336,-0.8660254037844385,-0.5000000000000004,-0.6680638642135333,-0.7441039398713608,41.2,49.5
2019-08-14,J&K,NR,34.0837,74.7973,41.2,2019,8,2,226,0,0,20.8,90,44.9,41.0,44.5,43.614285714285714,1.3655628527322172,44.62,0.9749279121818236,-0.22252093395631434,-0.8660254037844385,-0.5000000000000004,-0.6807734094770159,-0.7324940716135792,49.1,47.6
2019-08-15,J&K,NR,34.0837,74.7973,49.1,2019,8,3,227,0,1,22.0,81,41.2,43.0,43.0,44.48571428571428,2.4354524367001744,44.82333333333334,0.43388373911755823,-0.900968867902419,-0.8660254037844385,-0.5000000000000004,-0.6932812268869771,-0.7206671495538615,48.8,48.8
2019-08-16,J&K,NR,34.0837,74.7973,48.8,2019,8,4,228,0,0,22.4,79,49.1,43.3,43.7,45.271428571428565,2.8423665525487483,44.99333333333333,-0.433883739117558,-0.9009688679024191,-0.8660254037844385,-0.5000000000000004,-0.7055836101071774,-0.70862667826446,51.6,48.9
2019-08-17,J&K,NR,34.0837,74.7973,51.6,2019,8,5,229,1,0,20.1,84,48.8,44.2,46.2,46.32857142857143,3.6412975186117182,45.173333333333325,-0.9749279121818236,-0.2225209339563146,-0.8660254037844385,-0.5000000000000004,-0.7176769136759615,-0.6963762255968726,47.0,50.2
2019-08-18,J&K,NR,34.0837,74.7973,47.0,2019,8,6,230,1,0,20.8,79,51.6,45.3,46.3,46.57142857142857,3.6178788839661085,45.196666666666665,-0.7818314824680299,0.6234898018587334,-0.8660254037844385,-0.5000000000000004,-0.7295575540864876,-0.6839194216246105,50.2,48.1
2019-08-19,J&K,NR,34.0837,74.7973,50.2,2019,8,0,231,0,0,18.6,77,47.0,43.4,45.2,47.542857142857144,3.5364092631072443,45.36333333333333,0.0,1.0,-0.8660254037844385,-0.5000000000000004,-0.7412220108485957,-0.6712599575675315,49.5,50.9
2019-08-20,J&K,NR,34.0837,74.7973,49.5,2019,8,1,232,0,0,19.0,72,50.2,44.9,45.4,48.2,3.3877229323938107,45.5,0.7818314824680298,0.6234898018587336,-0.8660254037844385,-0.5000000000000004,-0.7526668275320083,-0.6584015846980489,47.6,48.0
2019-08-21,J&K,NR,34.0837,74.7973,47.6,2019,8,2,233,0,0,19.9,68,49.5,41.2,40.9,49.11428571428571,1.5475018270626286,45.723333333333336,0.9749279121818236,-0.22252093395631434,-0.8660254037844385,-0.5000000000000004,-0.7638886127905429,-0.64534811322955,48.8,50.6
2019-08-22,J&K,NR,34.0837,74.7973,48.8,2019,8,3,234,0,0,20.7,69,47.6,49.1,45.7,49.07142857142857,1.5521106980650214,45.82666666666667,0.43388373911755823,-0.900968867902419,-0.8660254037844385,-0.5000000000000004,-0.7748840413670406,-0.6321034111873488,48.9,39.7
2019-08-23,J&K,NR,34.0837,74.7973,48.9,2019,8,4,235,0,0,21.0,67,48.8,48.8,46.4,49.08571428571429,1.5496543393379185,45.91,-0.433883739117558,-0.9009688679024191,-0.8660254037844385,-0.5000000000000004,-0.7856498550787144,-0.6186714032625032,50.2,41.2
2019-08-24,J&K,NR,34.0837,74.7973,50.2,2019,8,5,236,1,1,21.9,68,48.9,51.6,47.8,48.885714285714286,1.2280452915489335,45.99,-0.9749279121818236,-0.2225209339563146,-0.8660254037844385,-0.5000000000000004,-0.7961828637826154,-0.6050560696488494,48.1,42.2
2019-08-25,J&K,NR,34.0837,74.7973,48.1,2019,8,6,237,1,0,22.5,69,50.2,47.0,47.9,49.04285714285714,0.9947481136066938,45.99666666666667,-0.7818314824680299,0.6234898018587334,-0.8660254037844385,-0.5000000000000004,-0.8064799463209447,-0.5912614448635782,50.9,39.1
2019-08-26,J&K,NR,34.0837,74.7973,50.9,2019,8,0,238,0,0,22.5,68,48.1,50.2,47.6,49.142857142857146,1.1530497862295768,46.10666666666667,0.0,1.0,-0.8660254037844385,-0.5000000000000004,-0.8165380514459157,-0.5772916165517278,48.0,42.7
2019-08-27,J&K,NR,34.0837,74.7973,48.0,2019,8,1,239,0,0,21.6,76,50.9,49.5,42.9,48.92857142857143,1.213417056242913,46.276666666666664,0.7818314824680298,0.6234898018587336,-0.8660254037844385,-0.5000000000000004,-0.8263541987239094,-0.5631507242749187,50.6,43.0
2019-08-28,J&K,NR,34.0837,74.7973,50.6,2019,8,2,240,0,0,21.6,80,48.0,47.6,43.0,49.357142857142854,1.195626952491483,46.53,0.9749279121818236,-0.22252093395631434,-0.8660254037844385,-0.5000000000000004,-0.8359254794186365,-0.5488429582847199,39.7,40.0
2019-08-29,J&K,NR,34.0837,74.7973,39.7,2019,8,3,241,0,0,22.6,73,50.6,48.8,43.4,48.057142857142864,3.866461406703042,46.40666666666666,0.43388373911755823,-0.900968867902419,-0.8660254037844385,-0.5000000000000004,-0.8452490573530634,-0.5343725582809785,41.2,42.6
2019-08-30,J&K,NR,34.0837,74.7973,41.2,2019,8,4,242,0,0,23.0,71,39.7,48.9,42.3,46.957142857142856,4.610443631169426,46.37,-0.433883739117558,-0.9009688679024191,-0.8660254037844385,-0.5000000000000004,-0.8543221697498269,-0.5197438121555157,42.2,43.1
2019-08-31,J&K,NR,34.0837,74.7973,42.2,2019,8,5,243,1,0,22.3,75,41.2,50.2,49.3,45.81428571428571,4.663842682963138,46.13333333333333,-0.9749279121818236,-0.2225209339563146,-0.8660254037844385,-0.5000000000000004,-0.8631421280499115,-0.5049610547215202,39.1,46.0
2019-09-01,J&K,NR,34.0837,74.7973,39.1,2019,9,6,244,1,0,23.3,67,42.2,48.1,44.9,44.52857142857143,5.144483869710791,45.93999999999999,-0.7818314824680299,0.6234898018587334,-1.0,-1.8369701987210297e-16,-0.8717063187093217,-0.4900286664290594,42.7,44.8
2019-09-02,J&K,NR,34.0837,74.7973,42.7,2019,9,0,245,0,0,23.0,65,39.1,50.9,45.9,43.357142857142854,4.3192812453220375,45.833333333333336,0.0,1.0,-1.0,-1.8369701987210297e-16,-0.8800122039735356,-0.4749510720670502,43.0,47.3
2019-09-03,J&K,NR,34.0837,74.7973,43.0,2019,9,1,246,0,0,23.4,62,42.7,48.0,44.9,42.642857142857146,3.8065107131760474,45.769999999999996,0.7818314824680298,0.6234898018587336,-1.0,-1.8369701987210297e-16,-0.888057322629493,-0.4597327394521046,40.0,47.7
2019-09-04,J&K,NR,34.0837,74.7973,40.0,2019,9,2,247,0,0,23.8,61,43.0,50.6,45.4,41.12857142857143,1.5574704766750733,45.59,0.9749279121818236,-0.22252093395631434,-1.0,-1.8369701987210297e-16,-0.8958392907349089,-0.4443781781046134,42.6,39.9
2019-09-05,J&K,NR,34.0837,74.7973,42.6,2019,9,3,248,0,0,23.2,61,40.0,39.7,44.2,41.542857142857144,1.4987296207757679,45.53666666666667,0.43388373911755823,-0.900968867902419,-1.0,-1.8369701987210297e-16,-0.9033558023246842,-0.4288919379124841,43.1,41.3
2019-09-06,J&K,NR,34.0837,74.7973,43.1,2019,9,4,249,0,0,22.9,60,42.6,41.2,41.0,41.81428571428571,1.5952309879017865,45.60666666666667,-0.433883739117558,-0.9009688679024191,-1.0,-1.8369701987210297e-16,-0.9106046300942162,-0.41327860778290443,46.0,43.0
2019-09-08,J&K,NR,34.0837,74.7973,46.0,2019,9,6,251,1,0,22.0,57,43.1,42.2,43.0,42.357142857142854,2.2574743578146546,45.70666666666667,-0.7818314824680299,0.6234898018587334,-1.0,-1.8369701987210297e-16,-0.9242907221930934,-0.3816892202666586,44.8,42.7
2019-09-09,J&K,NR,34.0837,74.7973,44.8,2019,9,0,252,0,0,22.2,52,46.0,39.1,43.3,43.17142857142857,1.883891615525647,45.75666666666667,0.0,1.0,-1.0,-1.8369701987210297e-16,-0.9307239310379793,-0.3657225234972692,47.3,41.5
2019-09-10,J&K,NR,34.0837,74.7973,47.3,2019,9,1,253,0,1,22.1,52,44.8,42.7,44.2,43.82857142857143,2.4184804359448164,45.86,0.7818314824680298,0.6234898018587336,-1.0,-1.8369701987210297e-16,-0.9368813462954315,-0.34964745525122826,47.7,43.1
2019-09-11,J&K,NR,34.0837,74.7973,47.7,2019,9,2,254,0,0,22.4,51,47.3,43.0,45.3,44.5,2.776088375154307,45.940000000000005,0.9749279121818236,-0.22252093395631434,-1.0,-1.8369701987210297e-16,-0.9427611433904206,-0.33346877891818705,39.9,40.5
2019-09-12,J&K,NR,34.0837,74.7973,39.9,2019,9,3,255,0,0,22.4,53,47.7,40.0,43.4,44.48571428571428,2.8032294301564855,45.82333333333334,0.43388373911755823,-0.900968867902419,-1.0,-1.8369701987210297e-16,-0.9483615800121716,-0.31719128858910595,41.3,41.6
2019-09-13,J&K,NR,34.0837,74.7973,41.3,2019,9,4,256,0,0,21.8,49,39.9,42.6,44.9,44.3,2.986078811194857,45.70333333333333,-0.433883739117558,-0.9009688679024191,-1.0,-1.8369701987210297e-16,-0.9536809966304455,-0.300819807635668,43.0,39.3
2019-09-14,J&K,NR,34.0837,74.7973,43.0,2019,9,5,257,1,0,21.6,51,41.3,43.1,41.2,44.285714285714285,2.9930077243628124,45.763333333333335,-0.9749279121818236,-0.2225209339563146,-1.0,-1.8369701987210297e-16,-0.9587178169872964,-0.2843591872810036,42.7,39.4
2019-09-15,J&K,NR,34.0837,74.7973,42.7,2019,9,6,258,1,0,21.7,48,43.0,46.0,49.1,43.814285714285724,2.937361952176726,45.55,-0.7818314824680299,0.6234898018587334,-1.0,-1.8369701987210297e-16,-0.9634705485641486,-0.26781430516217486,41.5,46.7
2019-09-16,J&K,NR,34.0837,74.7973,41.5,2019,9,0,259,0,0,20.7,54,42.7,44.8,48.8,43.34285714285714,3.016541696964266,45.306666666666665,0.0,1.0,-1.0,-1.8369701987210297e-16,-0.9679377830240642,-0.25119006388481957,43.1,44.7
2019-09-17,J&K,NR,34.0837,74.7973,43.1,2019,9,1,260,0,0,19.9,53,41.5,47.3,51.6,42.74285714285714,2.4656690389271785,45.02333333333333,0.7818314824680298,0.6234898018587336,-1.0,-1.8369701987210297e-16,-0.9721181966290612,-0.23449138957041052,40.5,44.7
2019-09-18,J&K,NR,34.0837,74.7973,40.5,2019,9,2,261,0,0,20.0,50,43.1,47.7,47.0,41.714285714285715,1.260196507730259,44.806666666666665,0.9749279121818236,-0.22252093395631434,-1.0,-1.8369701987210297e-16,-0.9760105506323682,-0.21772323039653224,41.6,43.0
2019-09-19,J&K,NR,34.0837,74.7973,41.6,2019,9,3,262,0,0,20.8,47,40.5,39.9,50.2,41.957142857142856,0.9863352081607122,44.52,0.43388373911755823,-0.900968867902419,-1.0,-1.8369701987210297e-16,-0.9796136916454901,-0.20089055513063528,39.3,40.8
2019-09-20,J&K,NR,34.0837,74.7973,39.3,2019,9,4,263,0,0,19.8,67,41.6,41.3,49.5,41.67142857142857,1.4079705083492555,44.18,-0.433883739117558,-0.9009688679024191,-1.0,-1.8369701987210297e-16,-0.9829265519799822,-0.18399835165767986,39.4,40.3
2019-09-21,J&K,NR,34.0837,74.7973,39.4,2019,9,5,264,1,0,18.8,73,39.3,43.0,47.6,41.15714285714285,1.4965038621814994,43.90666666666666,-0.9749279121818236,-0.2225209339563146,-1.0,-1.8369701987210297e-16,-0.9859481499638303,-0.1670516255021195,46.7,38.9
2019-09-22,J&K,NR,34.0837,74.7973,46.7,2019,9,6,265,1,0,20.4,60,39.4,42.7,48.8,41.728571428571435,2.5656151216387193,43.836666666666666,-0.7818314824680299,0.6234898018587334,-1.0,-1.8369701987210297e-16,-0.9886775902323404,-0.15005539834465262,44.7,41.3
2019-09-23,J&K,NR,34.0837,74.7973,44.7,2019,9,0,266,0,0,21.2,59,46.7,41.5,48.9,42.18571428571429,2.7931037523566604,43.69666666666667,0.0,1.0,-1.0,-1.8369701987210297e-16,-0.9911140639934546,-0.13301470653419636,44.7,30.5
2019-09-24,J&K,NR,34.0837,74.7973,44.7,2019,9,1,267,0,0,21.7,62,44.7,43.1,50.2,42.41428571428572,2.9418976706816604,43.513333333333335,0.7818314824680298,0.6234898018587336,-1.0,-1.8369701987210297e-16,-0.9932568492674143,-0.11593459959550066,43.0,39.9
2019-09-25,J&K,NR,34.0837,74.7973,43.0,2019,9,2,268,0,0,22.5,59,44.7,40.5,48.1,42.77142857142858,2.819996622760603,43.343333333333334,0.9749279121818236,-0.22252093395631434,-1.0,-1.8369701987210297e-16,-0.9951053111006974,-0.09882013873287211,40.8,40.0
2019-09-26,J&K,NR,34.0837,74.7973,40.8,2019,9,3,269,0,0,21.8,63,43.0,41.6,50.9,42.65714285714285,2.890707608214767,43.00666666666667,0.43388373911755823,-0.900968867902419,-1.0,-1.8369701987210297e-16,-0.99665890175417,-0.08167639533042288,40.3,50.2
2019-09-27,J&K,NR,34.0837,74.7973,40.3,2019,9,4,270,0,0,21.1,68,40.8,39.3,48.0,42.8,2.716615541441272,42.75,-0.433883739117558,-0.9009688679024191,-1.0,-1.8369701987210297e-16,-0.9979171608653922,-0.06450844944931625,38.9,52.5
2019-09-28,J&K,NR,34.0837,74.7973,38.9,2019,9,5,271,1,0,19.1,78,40.3,39.4,50.6,42.728571428571435,2.8253107709385197,42.36,-0.9749279121818236,-0.2225209339563146,-1.0,-1.8369701987210297e-16,-0.9988797155850335,-0.04732138832243232,41.3,48.5
2019-09-29,J&K,NR,34.0837,74.7973,41.3,2019,9,6,272,1,0,18.2,81,38.9,46.7,39.7,41.957142857142856,2.2359614955370133,42.413333333333334,-0.7818314824680299,0.6234898018587334,-1.0,-1.8369701987210297e-16,-0.9995462806873573,-0.03012030484690836,30.5,50.3
2019-09-30,J&K,NR,34.0837,74.7973,30.5,2019,9,0,273,0,0,17.9,77,41.3,44.7,41.2,39.92857142857143,4.5631547149292855,42.056666666666665,0.0,1.0,-1.0,-1.8369701987210297e-16,-0.9999166586547379,-0.012910296075008843,39.9,51.6
2019-10-01,J&K,NR,34.0837,74.7973,39.9,2019,10,1,274,0,0,15.6,77,30.5,44.7,42.2,39.24285714285714,4.059497975060988,41.980000000000004,0.7818314824680298,0.6234898018587336,-0.8660254037844386,0.5000000000000001,-0.9999907397361901,0.004303538296243821,40.0,50.4
2019-10-02,J&K,NR,34.0837,74.7973,40.0,2019,10,2,275,0,1,16.3,69,39.9,43.0,39.1,38.81428571428571,3.742739002134094,42.010000000000005,0.9749279121818236,-0.22252093395631434,-0.8660254037844386,0.5000000000000001,-0.9997685019798909,0.021516097436222233,50.2,49.0
2019-10-03,J&K,NR,34.0837,74.7973,50.2,2019,10,3,276,0,0,15.1,74,40.0,40.8,42.7,40.15714285714285,5.731741196430415,42.26,0.43388373911755823,-0.900968867902419,-0.8660254037844386,0.5000000000000001,-0.9992500112396835,0.03872228089217399,52.5,46.6
2019-10-04,J&K,NR,34.0837,74.7973,52.5,2019,10,4,277,0,0,11.1,93,50.2,40.3,43.0,41.9,7.395719482691794,42.57666666666667,-0.433883739117558,-0.9009688679024191,-0.8660254037844386,0.5000000000000001,-0.9984354211555643,0.05591699010060302,48.5,46.5
2019-10-05,J&K,NR,34.0837,74.7973,48.5,2019,10,5,278,1,0,13.4,75,52.5,38.9,40.0,43.271428571428565,7.632979821300536,42.86,-0.9749279121818236,-0.2225209339563146,-0.8660254037844386,0.5000000000000001,-0.9973249731081555,0.07309512989807776,50.3,45.9
2019-10-06,J&K,NR,34.0837,74.7973,50.3,2019,10,6,279,1,0,13.3,68,48.5,41.3,42.6,44.55714285714286,7.994968655943807,43.11666666666667,-0.7818314824680299,0.6234898018587334,-0.8660254037844386,0.5000000000000001,-0.9959189961471792,0.0902516100310407,51.6,46.0
2019-10-08,J&K,NR,34.0837,74.7973,51.6,2019,10,1,281,0,1,13.0,75,50.3,30.5,43.1,47.57142857142857,5.352791883903284,43.4,0.7818314824680298,0.6234898018587336,-0.8660254037844386,0.5000000000000001,-0.9922222094179324,0.12447926388678869,50.4,46.1
2019-10-09,J&K,NR,34.0837,74.7973,50.4,2019,10,2,282,0,0,13.3,71,51.6,39.9,46.0,49.07142857142857,4.189556176062182,43.54666666666667,0.9749279121818236,-0.22252093395631434,-0.8660254037844386,0.5000000000000001,-0.989932495087353,0.141540295217043,49.0,45.9
2019-10-10,J&K,NR,34.0837,74.7973,49.0,2019,10,3,283,0,0,13.1,66,50.4,40.0,44.8,50.357142857142854,1.3818552057012166,43.686666666666675,0.43388373911755823,-0.900968867902419,-0.8660254037844386,0.5000000000000001,-0.9873494423939864,0.15855938510313475,46.6,46.8
2019-10-11,J&K,NR,34.0837,74.7973,46.6,2019,10,4,284,0,0,13.5,60,49.0,50.2,47.3,49.84285714285715,1.987340889108756,43.663333333333334,-0.433883739117558,-0.9009688679024191,-0.8660254037844386,0.5000000000000001,-0.9844738167520923,0.17553149042142777,46.5,33.6
2019-10-12,J&K,NR,34.0837,74.7973,46.5,2019,10,5,285,1,0,14.1,65,46.6,52.5,47.7,48.98571428571429,1.9437322958923813,43.623333333333335,-0.9749279121818236,-0.2225209339563146,-0.8660254037844386,0.5000000000000001,-0.9813064702716093,0.19245158197082995,45.9,38.1
2019-10-13,J&K,NR,34.0837,74.7973,45.9,2019,10,6,286,1,0,14.1,65,46.5,48.5,39.9,48.614285714285714,2.27261125244987,43.82333333333334,-0.7818314824680299,0.6234898018587334,-0.8660254037844386,0.5000000000000001,-0.9778483415056567,0.20931464596304888,46.0,43.8
2019-10-14,J&K,NR,34.0837,74.7973,46.0,2019,10,0,287,0,0,14.9,60,45.9,50.3,41.3,48.0,2.321637353248761,43.980000000000004,0.0,1.0,-0.8660254037844386,0.5000000000000001,-0.9741004551724206,0.22611568550828803,46.1,42.2
2019-10-15,J&K,NR,34.0837,74.7973,46.1,2019,10,1,288,0,0,15.6,60,46.0,51.6,43.0,47.214285714285715,1.7639241966219936,44.083333333333336,0.7818314824680298,0.6234898018587336,-0.8660254037844386,0.5000000000000001,-0.970063921851507,0.2428497220959358,45.9,49.6
2019-10-16,J&K,NR,34.0837,74.7973,45.9,2019,10,2,289,0,0,15.7,61,46.1,50.4,42.7,46.57142857142857,1.1071198154284478,44.190000000000005,0.9749279121818236,-0.22252093395631434,-0.8660254037844386,0.5000000000000001,-0.965739937654855,0.25951179706979943,46.8,49.9
2019-10-17,J&K,NR,34.0837,74.7973,46.8,2019,10,3,290,0,0,14.1,73,45.9,49.0,41.5,46.25714285714286,0.3690399384762308,44.36666666666667,0.43388373911755823,-0.900968867902419,-0.8660254037844386,0.5000000000000001,-0.9611297838723007,0.27609697309746883,33.6,50.0
2019-10-18,J&K,NR,34.0837,74.7973,33.6,2019,10,4,291,0,0,11.1,83,46.8,46.6,43.1,44.39999999999999,4.774236413640779,44.05,-0.433883739117558,-0.9009688679024191,-0.8660254037844386,0.5000000000000001,-0.9562348265919058,0.2926003356333479,38.1,42.9
2019-10-19,J&K,NR,34.0837,74.7973,38.1,2019,10,5,292,1,0,10.4,80,33.6,46.5,40.5,43.199999999999996,5.195510882803891,43.970000000000006,-0.9749279121818236,-0.2225209339563146,-0.8660254037844386,0.5000000000000001,-0.9510565162951536,0.30901699437494723,43.8,38.7
2019-10-20,J&K,NR,34.0837,74.7973,43.8,2019,10,6,293,1,0,11.0,72,38.1,45.9,41.6,42.9,5.072803301265849,44.04333333333333,-0.7818314824680299,0.6234898018587334,-0.8660254037844386,0.5000000000000001,-0.9455963874271428,0.3253420847119795,42.2,35.7
2019-10-21,J&K,NR,34.0837,74.7973,42.2,2019,10,0,294,0,0,12.1,62,43.8,46.0,39.3,42.357142857142854,4.8856446667276385,44.14,0.0,1.0,-0.8660254037844386,0.5000000000000001,-0.9398560579418953,0.341570769167856,49.6,40.3
2019-10-22,J&K,NR,34.0837,74.7973,49.6,2019,10,1,295,0,0,12.0,59,42.2,46.1,39.4,42.857142857142854,5.4759647986625,44.480000000000004,0.7818314824680298,0.6234898018587336,-0.8660254037844386,0.5000000000000001,-0.9338372288229252,0.35769823883312546,49.9,38.5
2019-10-23,J&K,NR,34.0837,74.7973,49.9,2019,10,2,296,0,0,11.3,69,49.6,45.9,46.7,43.42857142857143,6.027358262045482,44.58666666666667,0.9749279121818236,-0.22252093395631434,-0.8660254037844386,0.5000000000000001,-0.9275416835791965,0.3737197147904692,50.0,33.5
2019-10-24,J&K,NR,34.0837,74.7973,50.0,2019,10,3,297,0,0,11.3,70,49.9,46.8,44.7,43.885714285714286,6.43335800636771,44.763333333333335,0.43388373911755823,-0.900968867902419,-0.8660254037844386,0.5000000000000001,-0.9209712877166347,0.38963044953078774,42.9,38.8
2019-10-25,J&K,NR,34.0837,74.7973,42.9,2019,10,4,298,0,0,11.1,65,50.0,33.6,44.7,45.214285714285715,4.6752641891229425,44.70333333333333,-0.433883739117558,-0.9009688679024191,-0.8660254037844386,0.5000000000000001,-0.9141279881853337,0.4054257283599973,38.7,40.7
2019-10-26,J&K,NR,34.0837,74.7973,38.7,2019,10,5,299,1,0,10.8,64,42.9,38.1,43.0,45.300000000000004,4.526219909225227,44.559999999999995,-0.9749279121818236,-0.2225209339563146,-0.8660254037844386,0.5000000000000001,-0.9070138128026362,0.42110087079608916,35.7,40.4
2019-10-27,J&K,NR,34.0837,74.7973,35.7,2019,10,6,300,1,1,11.0,58,38.7,43.8,40.8,44.142857142857146,5.823188457325079,44.39,-0.7818314824680299,0.6234898018587334,-0.8660254037844386,0.5000000000000001,-0.8996308696522434,0.4366512319560638,40.3,43.2
2019-10-28,J&K,NR,34.0837,74.7973,40.3,2019,10,0,301,0,0,12.7,59,35.7,42.2,40.3,43.871428571428574,5.971240598545209,44.39,0.0,1.0,-0.8660254037844386,0.5000000000000001,-0.8919813464595487,0.45207220393230374,38.5,40.7
2019-10-29,J&K,NR,34.0837,74.7973,38.5,2019,10,1,302,0,0,13.3,58,40.3,49.6,38.9,42.285714285714285,5.6622812162086165,44.376666666666665,0.7818314824680298,0.6234898018587336,-0.8660254037844386,0.5000000000000001,-0.8840675099433637,0.46735921715800205,33.5,42.9
2019-10-30,J&K,NR,34.0837,74.7973,33.5,2019,10,2,303,0,0,12.5,70,38.5,49.9,41.3,39.94285714285714,5.372106086957362,44.11666666666667,0.9749279121818236,-0.22252093395631434,-0.8660254037844386,0.5000000000000001,-0.8758917051442433,0.48250774176121763,38.8,39.7
2019-10-31,J&K,NR,34.0837,74.7973,38.8,2019,10,3,304,0,0,11.9,73,33.5,50.0,30.5,38.34285714285714,3.038561689822633,44.39333333333333,0.43388373911755823,-0.900968867902419,-0.8660254037844386,0.5000000000000001,-0.8674563547295971,0.4975132889071803,40.7,42.4
2019-11-01,J&K,NR,34.0837,74.7973,40.7,2019,11,4,305,0,0,12.2,66,38.8,42.9,39.9,38.028571428571425,2.5656151216387872,44.419999999999995,-0.433883739117558,-0.9009688679024191,-0.5000000000000004,0.8660254037844384,-0.858763958275803,0.5123714121284235,40.4,36.2
2019-11-02,J&K,NR,34.0837,74.7973,40.4,2019,11,5,306,1,0,11.1,82,40.7,38.7,40.0,38.27142857142858,2.715826630275749,44.43333333333333,-0.9749279121818236,-0.2225209339563146,-0.5000000000000004,0.8660254037844384,-0.8498170915275277,0.5270777086423724,43.2,38.1
2019-11-03,J&K,NR,34.0837,74.7973,43.2,2019,11,6,307,1,0,9.3,90,40.4,35.7,50.2,39.34285714285714,2.997141495301438,44.2,-0.7818314824680299,0.6234898018587334,-0.5000000000000004,0.8660254037844384,-0.8406184056344783,0.5416278206559811,40.7,39.3
2019-11-04,J&K,NR,34.0837,74.7973,40.7,2019,11,0,308,0,0,9.2,80,43.2,40.3,52.5,39.4,3.022140521771602,43.806666666666665,0.0,1.0,-0.5000000000000004,0.8660254037844384,-0.8311706263658079,0.5560174366570446,42.9,39.2
2019-11-05,J&K,NR,34.0837,74.7973,42.9,2019,11,1,309,0,0,9.4,68,40.7,38.5,48.5,40.028571428571425,3.252544791243955,43.620000000000005,0.7818314824680298,0.6234898018587336,-0.5000000000000004,0.8660254037844384,-0.8214765533024145,0.5702422926917867,39.7,38.8
2019-11-06,J&K,NR,34.0837,74.7973,39.7,2019,11,2,310,0,0,6.2,97,42.9,33.5,50.3,40.91428571428571,1.60564480446198,43.266666666666666,0.9749279121818236,-0.22252093395631434,-0.5000000000000004,0.8660254037844384,-0.8115390590073611,0.5842981736283683,42.4,41.8
2019-11-08,J&K,NR,34.0837,74.7973,42.4,2019,11,4,312,0,0,0.6,93,39.7,38.8,51.6,41.42857142857143,1.3756383799463552,42.96,-0.433883739117558,-0.9009688679024191,-0.5000000000000004,0.8660254037844384,-0.7909456567567774,0.6118864012687242,36.2,42.0
2019-11-09,J&K,NR,34.0837,74.7973,36.2,2019,11,5,313,1,0,0.9,82,42.4,40.7,50.4,40.785714285714285,2.4244783434990187,42.486666666666665,-0.9749279121818236,-0.2225209339563146,-0.5000000000000004,0.8660254037844384,-0.780295851070776,0.6254105729852457,38.1,45.8
2019-11-10,J&K,NR,34.0837,74.7973,38.1,2019,11,6,314,1,1,1.8,74,36.2,40.4,49.0,40.45714285714286,2.632398869762014,42.12333333333333,-0.7818314824680299,0.6234898018587334,-0.5000000000000004,0.8660254037844384,-0.7694148268839381,0.6387494220515268,39.3,45.5
2019-11-11,J&K,NR,34.0837,74.7973,39.3,2019,11,0,315,0,0,2.6,73,38.1,43.2,46.6,39.9,2.3530122538285285,41.88,0.0,1.0,-0.5000000000000004,0.8660254037844384,-0.7583058084785625,0.6518989958787125,39.2,47.3
2019-11-12,J&K,NR,34.0837,74.7973,39.2,2019,11,1,316,0,1,4.4,68,39.3,40.7,46.5,39.68571428571429,2.336256672135104,41.63666666666666,0.7818314824680298,0.6234898018587336,-0.5000000000000004,0.8660254037844384,-0.7469720876965551,0.6648553979642866,38.8,46.9
2019-11-13,J&K,NR,34.0837,74.7973,38.8,2019,11,2,317,0,0,6.3,73,39.2,42.9,45.9,39.1,1.8618986725026814,41.4,0.9749279121818236,-0.22252093395631434,-0.5000000000000004,0.8660254037844384,-0.7354170229639858,0.6776147890466887,41.8,45.8
2019-11-14,J&K,NR,34.0837,74.7973,41.8,2019,11,3,318,0,0,5.8,91,38.8,39.7,46.0,39.4,2.1252450839061443,41.26,0.43388373911755823,-0.900968867902419,-0.5000000000000004,0.8660254037844384,-0.7236440382959124,0.690173388242972,42.0,47.1
2019-11-15,J&K,NR,34.0837,74.7973,42.0,2019,11,4,319,0,0,5.8,97,41.8,42.4,46.1,39.34285714285714,2.0345819741471174,41.123333333333335,-0.433883739117558,-0.9009688679024191,-0.5000000000000004,0.8660254037844384,-0.711656622281775,0.7025274741691566,45.8,43.2
2019-11-16,J&K,NR,34.0837,74.7973,45.8,2019,11,5,320,1,0,6.1,94,42.0,36.2,45.9,40.714285714285715,2.6922286749263638,41.12,-0.9749279121818236,-0.2225209339563146,-0.5000000000000004,0.8660254037844384,-0.6994583270516471,0.7146733860429608,45.5,50.0
2019-11-17,J&K,NR,34.0837,74.7973,45.5,2019,11,6,321,1,0,7.2,82,45.8,38.1,46.8,41.771428571428565,2.93638910098465,41.07666666666667,-0.7818314824680299,0.6234898018587334,-0.5000000000000004,0.8660254037844384,-0.6870527672236675,0.7266075247685652,47.3,49.4
2019-11-18,J&K,NR,34.0837,74.7973,47.3,2019,11,0,322,0,0,6.8,66,45.5,39.3,33.6,42.91428571428571,3.342867317851898,41.53333333333333,0.0,1.0,-0.5000000000000004,0.8660254037844384,-0.6744436188329457,0.7383263540031063,46.9,46.9
2019-11-19,J&K,NR,34.0837,74.7973,46.9,2019,11,1,323,0,0,6.8,57,47.3,39.2,38.1,44.01428571428571,3.1798472559902886,41.82666666666667,0.7818314824680298,0.6234898018587336,-0.5000000000000004,0.8660254037844384,-0.661634618242279,0.749826401204568,45.8,46.7
2019-11-20,J&K,NR,34.0837,74.7973,45.8,2019,11,2,324,0,0,8.0,56,46.9,38.8,43.8,45.01428571428571,2.2236820601790743,41.89333333333333,0.9749279121818236,-0.22252093395631434,-0.5000000000000004,0.8660254037844384,-0.6486295610349818,0.7611042586607742,47.1,38.6
2019-11-21,J&K,NR,34.0837,74.7973,47.1,2019,11,3,325,0,0,6.5,75,45.8,41.8,42.2,45.771428571428565,1.8108140763336047,42.05666666666666,0.43388373911755823,-0.900968867902419,-0.5000000000000004,0.8660254037844384,-0.6354323008901775,0.7721565844991641,43.2,42.8
2019-11-22,J&K,NR,34.0837,74.7973,43.2,2019,11,4,326,0,0,5.1,98,47.1,42.0,49.6,45.942857142857136,1.4057704208692012,41.843333333333334,-0.433883739117558,-0.9009688679024191,-0.5000000000000004,0.8660254037844384,-0.622046748440868,0.7829801036770624,50.0,42.2
2019-11-23,J&K,NR,34.0837,74.7973,50.0,2019,11,5,327,1,0,5.4,91,43.2,45.8,49.9,46.542857142857144,2.072725374040358,41.846666666666664,-0.9749279121818236,-0.2225209339563146,-0.5000000000000004,0.8660254037844384,-0.6084768701151264,0.7935716089521472,49.4,47.7
2019-11-24,J&K,NR,34.0837,74.7973,49.4,2019,11,6,328,1,0,5.4,84,50.0,45.5,50.0,47.1,2.261268080819602,41.82666666666667,-0.7818314824680299,0.6234898018587334,-0.5000000000000004,0.8660254037844384,-0.594726686960764,0.8039279618328208,46.9,42.0
2019-11-25,J&K,NR,34.0837,74.7973,46.9,2019,11,0,329,0,0,6.4,64,49.4,47.3,42.9,47.042857142857144,2.260425581505404,41.96,0.0,1.0,-0.5000000000000004,0.8660254037844384,-0.5808002734538013,0.8140460935082175,46.7,41.0
2019-11-26,J&K,NR,34.0837,74.7973,46.7,2019,11,1,330,0,0,6.1,70,46.9,46.9,38.7,47.01428571428572,2.2637936974826443,42.22666666666667,0.7818314824680298,0.6234898018587336,-0.5000000000000004,0.8660254037844384,-0.5667017562911184,0.8239230057575536,38.6,48.3
2019-11-27,J&K,NR,34.0837,74.7973,38.6,2019,11,2,331,0,0,2.2,98,46.7,45.8,35.7,45.98571428571429,3.929982430592049,42.32333333333334,0.9749279121818236,-0.22252093395631434,-0.5000000000000004,0.8660254037844384,-0.5524353131676203,0.8335557718385695,42.8,48.9
2019-11-28,J&K,NR,34.0837,74.7973,42.8,2019,11,3,332,0,0,0.3,92,38.6,47.1,40.3,45.37142857142857,4.060670833624407,42.406666666666666,0.43388373911755823,-0.900968867902419,-0.5000000000000004,0.8660254037844384,-0.5380051715382992,0.8429415373547832,42.2,46.9
2019-11-29,J&K,NR,34.0837,74.7973,42.2,2019,11,4,333,0,0,1.2,81,42.8,43.2,38.5,45.228571428571435,4.166018997282011,42.53,-0.433883739117558,-0.9009688679024191,-0.5000000000000004,0.8660254037844384,-0.5234156073655503,0.8520775211013093,47.7,46.8
2019-11-30,J&K,NR,34.0837,74.7973,47.7,2019,11,5,334,1,0,1.3,75,42.2,50.0,33.5,44.9,3.8017539811689134,43.00333333333333,-0.9749279121818236,-0.2225209339563146,-0.5000000000000004,0.8660254037844384,-0.5086709438521042,0.8609610158889945,42.0,36.1
2019-12-01,J&K,NR,34.0837,74.7973,42.0,2019,12,6,335,1,0,0.1,61,47.7,49.4,38.8,43.84285714285715,3.3430809855866337,43.11,-0.7818314824680299,0.6234898018587334,-2.4492935982947064e-16,1.0,-0.49377555015997737,0.8695893893466109,41.0,40.4
2019-12-02,J&K,NR,34.0837,74.7973,41.0,2019,12,0,336,0,0,0.7,58,42.0,46.9,40.7,43.0,3.183813227352877,43.12,0.0,1.0,-2.4492935982947064e-16,1.0,-0.4787338401157883,0.8779600847008883,48.3,42.3
2019-12-03,J&K,NR,34.0837,74.7973,48.3,2019,12,1,337,0,0,-0.3,50,41.0,46.7,40.4,43.228571428571435,3.532097717464048,43.38333333333333,0.7818314824680298,0.6234898018587336,-2.4492935982947064e-16,1.0,-0.4635502709028512,0.8860706215341378,48.9,43.2
2019-12-04,J&K,NR,34.0837,74.7973,48.9,2019,12,2,338,0,0,-1.0,66,48.3,38.6,43.2,44.699999999999996,3.426368339802417,43.57333333333334,0.9749279121818236,-0.22252093395631434,-2.4492935982947064e-16,1.0,-0.4482293417404106,0.893918596519257,46.9,38.3
2019-12-05,J&K,NR,34.0837,74.7973,46.9,2019,12,3,339,0,0,-0.5,65,48.9,42.8,40.7,45.285714285714285,3.397758364681373,43.78,0.43388373911755823,-0.900968867902419,-2.4492935982947064e-16,1.0,-0.4327755925504317,0.9015016841318838,46.8,43.2
2019-12-06,J&K,NR,34.0837,74.7973,46.8,2019,12,4,340,0,0,0.3,51,46.9,42.2,42.9,45.942857142857136,3.136270153572677,43.91,-0.433883739117558,-0.9009688679024191,-2.4492935982947064e-16,1.0,-0.41719360261231697,0.9088176373395028,36.1,43.8
2019-12-08,J&K,NR,34.0837,74.7973,36.1,2019,12,6,342,1,0,0.8,46,46.8,47.7,39.7,44.285714285714285,4.718555065352347,43.78999999999999,-0.7818314824680299,0.6234898018587334,-2.4492935982947064e-16,1.0,-0.38566340624360745,0.9226395488404875,40.4,50.4
2019-12-09,J&K,NR,34.0837,74.7973,40.4,2019,12,0,343,0,0,0.9,48,36.1,42.0,42.4,44.05714285714286,4.883597425005895,43.723333333333336,0.0,1.0,-2.4492935982947064e-16,1.0,-0.3697245428906732,0.9291414114031743,42.3,53.0
2019-12-10,J&K,NR,34.0837,74.7973,42.3,2019,12,1,344,0,0,2.0,39,40.4,41.0,36.2,44.24285714285714,4.771392928295769,43.92666666666666,0.7818314824680298,0.6234898018587336,-2.4492935982947064e-16,1.0,-0.3536761221763721,0.935367949313148,43.2,51.8
2019-12-11,J&K,NR,34.0837,74.7973,43.2,2019,12,2,345,0,0,0.8,82,42.3,48.3,38.1,43.51428571428571,4.4254674221784,44.096666666666664,0.9749279121818236,-0.22252093395631434,-2.4492935982947064e-16,1.0,-0.33752289959411347,0.941317317512847,38.3,46.4
2019-12-12,J&K,NR,34.0837,74.7973,38.3,2019,12,3,346,0,0,0.8,88,43.2,48.9,39.3,42.0,4.075127809856664,44.063333333333325,0.43388373911755823,-0.900968867902419,-2.4492935982947064e-16,1.0,-0.32126966169236515,0.9469877530760751,43.2,48.3
2019-12-13,J&K,NR,34.0837,74.7973,43.2,2019,12,4,347,0,0,-1.1,99,38.3,46.9,39.2,41.471428571428575,3.53822662064602,44.196666666666665,-0.433883739117558,-0.9009688679024191,-2.4492935982947064e-16,1.0,-0.3049212246562894,0.9523775757303973,43.8,48.1
2019-12-14,J&K,NR,34.0837,74.7973,43.8,2019,12,5,348,1,0,-2.1,98,43.2,46.8,38.8,41.042857142857144,2.911389784311101,44.36333333333333,-0.9749279121818236,-0.2225209339563146,-2.4492935982947064e-16,1.0,-0.2884824328806098,0.9574851883550389,50.4,48.8
2019-12-15,J&K,NR,34.0837,74.7973,50.4,2019,12,6,349,1,0,-2.6,95,43.8,36.1,41.8,43.08571428571428,3.758735856387848,44.65,-0.7818314824680299,0.6234898018587334,-2.4492935982947064e-16,1.0,-0.27195815753410524,0.9623090774541487,53.0,46.0
2019-12-16,J&K,NR,34.0837,74.7973,53.0,2019,12,0,350,0,0,-3.6,90,50.4,40.4,42.0,44.885714285714286,5.052533546459201,45.016666666666666,0.0,1.0,-2.4492935982947064e-16,1.0,-0.2553532951161881,0.9668478136052773,51.8,47.2
2019-12-17,J&K,NR,34.0837,74.7973,51.8,2019,12,1,351,0,0,-6.6,77,53.0,42.3,45.8,46.24285714285714,5.498441337584445,45.21666666666667,0.7818314824680298,0.6234898018587336,-2.4492935982947064e-16,1.0,-0.23867276600594997,0.9711000518829505,46.4,46.9
2019-12-18,J&K,NR,34.0837,74.7973,46.4,2019,12,2,352,0,0,-8.2,79,51.8,43.2,45.5,46.699999999999996,5.33385414123786,45.24666666666667,0.9749279121818236,-0.22252093395631434,-2.4492935982947064e-16,1.0,-0.22192151300416674,0.9750645322571945,48.3,45.9
2019-12-19,J&K,NR,34.0837,74.7973,48.3,2019,12,3,353,0,0,-3.3,72,46.4,38.3,47.3,48.128571428571426,3.8387125818058436,45.28,0.43388373911755823,-0.900968867902419,-2.4492935982947064e-16,1.0,-0.20510449986861926,0.9787400799669153,48.1,38.9
2019-12-20,J&K,NR,34.0837,74.7973,48.1,2019,12,4,354,0,0,-3.0,83,48.3,43.2,46.9,48.82857142857143,3.1805210714149426,45.32,-0.433883739117558,-0.9009688679024191,-2.4492935982947064e-16,1.0,-0.1882267098432439,0.9821256058680006,48.8,44.2
2019-12-21,J&K,NR,34.0837,74.7973,48.8,2019,12,5,355,1,0,-1.9,93,48.1,43.8,45.8,49.54285714285714,2.303516979792119,45.419999999999995,-0.9749279121818236,-0.2225209339563146,-2.4492935982947064e-16,1.0,-0.1712931441814778,0.9852201067560606,46.0,47.7
2019-12-22,J&K,NR,34.0837,74.7973,46.0,2019,12,6,356,1,0,-2.7,83,48.8,50.4,47.1,48.91428571428571,2.6105098936342053,45.38333333333333,-0.7818314824680299,0.6234898018587334,-2.4492935982947064e-16,1.0,-0.154308820664281,0.9880226656636976,47.2,40.0
2019-12-23,J&K,NR,34.0837,74.7973,47.2,2019,12,0,357,0,0,-5.6,83,46.0,53.0,43.2,48.08571428571429,1.9291004565415415,45.516666666666666,0.0,1.0,-2.4492935982947064e-16,1.0,-0.13727877211326517,0.9905324521322227,46.9,42.8
2019-12-24,J&K,NR,34.0837,74.7973,46.9,2019,12,1,358,0,0,-6.7,80,47.2,51.8,50.0,47.385714285714286,1.0415190371578251,45.413333333333334,0.7818314824680298,0.6234898018587336,-2.4492935982947064e-16,1.0,-0.12020804489935275,0.9927487224577402,45.9,42.9
2019-12-25,J&K,NR,34.0837,74.7973,45.9,2019,12,2,359,0,1,-6.0,53,46.9,46.4,49.4,47.314285714285724,1.1334733807029473,45.29666666666666,0.9749279121818236,-0.22252093395631434,-2.4492935982947064e-16,1.0,-0.10310169744743544,0.9946708199115211,38.9,44.9
2019-12-26,J&K,NR,34.0837,74.7973,38.9,2019,12,3,360,0,0,-5.6,40,45.9,48.3,46.9,45.971428571428575,3.289232071327285,45.03,0.43388373911755823,-0.900968867902419,-2.4492935982947064e-16,1.0,-0.0859647987374467,0.9962981749346077,44.2,41.3
2019-12-27,J&K,NR,34.0837,74.7973,44.2,2019,12,4,361,0,0,-6.2,46,38.9,48.1,46.7,45.41428571428571,3.1976181611884664,44.94666666666667,-0.433883739117558,-0.9009688679024191,-2.4492935982947064e-16,1.0,-0.06880242680232064,0.9976303053065857,47.7,42.2
2019-12-28,J&K,NR,34.0837,74.7973,47.7,2019,12,5,362,1,0,-7.5,53,44.2,48.8,38.6,45.25714285714286,3.0259197735880075,45.25,-0.9749279121818236,-0.2225209339563146,-2.4492935982947064e-16,1.0,-0.05161966722325418,0.9986668162884759,40.0,39.7
2019-12-29,J&K,NR,34.0837,74.7973,40.0,2019,12,6,363,1,0,-5.6,51,47.7,46.0,42.8,44.39999999999999,3.579571668975747,45.156666666666666,-0.7818314824680299,0.6234898018587334,-2.4492935982947064e-16,1.0,-0.034421611622745804,0.9994074007397048,42.8,48.8
2019-12-30,J&K,NR,34.0837,74.7973,42.8,2019,12,0,364,0,0,-5.5,51,40.0,47.2,42.2,43.771428571428565,3.387090337204113,45.17666666666666,0.0,1.0,-2.4492935982947064e-16,1.0,-0.01721335615583528,0.9998518392091162,42.9,47.9
2019-12-31,J&K,NR,34.0837,74.7973,42.9,2019,12,1,365,0,0,-2.7,53,42.8,46.9,47.7,43.199999999999996,3.096234271928923,45.016666666666666,0.7818314824680298,0.6234898018587336,-2.4492935982947064e-16,1.0,6.432490598706546e-16,1.0,44.9,46.2
2020-01-01,J&K,NR,34.0837,74.7973,44.9,2020,1,2,1,0,0,-2.1,54,42.9,45.9,42.0,43.057142857142864,2.971451465113368,45.11333333333334,0.9749279121818236,-0.22252093395631434,0.49999999999999994,0.8660254037844387,0.017213356155834685,0.9998518392091162,41.3,41.4
2020-01-02,J&K,NR,34.0837,74.7973,41.3,2020,1,3,2,0,0,-3.2,65,44.9,38.9,41.0,43.4,2.5152865973219067,45.123333333333335,0.43388373911755823,-0.900968867902419,0.49999999999999994,0.8660254037844387,0.03442161162274574,0.9994074007397048,42.2,44.4
2020-01-03,J&K,NR,34.0837,74.7973,42.2,2020,1,4,3,0,0,-3.4,85,41.3,44.2,48.3,43.114285714285714,2.522847974960534,44.919999999999995,-0.433883739117558,-0.9009688679024191,0.49999999999999994,0.8660254037844387,0.051619667223253764,0.998666816288476,39.7,48.8
2020-01-04,J&K,NR,34.0837,74.7973,39.7,2020,1,5,4,1,0,-3.4,95,42.2,47.7,48.9,41.971428571428575,1.810814076333688,44.61333333333334,-0.9749279121818236,-0.2225209339563146,0.49999999999999994,0.8660254037844387,0.06880242680231986,0.9976303053065857,48.8,46.2
2020-01-05,J&K,NR,34.0837,74.7973,48.8,2020,1,6,5,1,0,-5.0,91,39.7,40.0,46.9,43.22857142857142,2.9255850045842418,44.67666666666666,-0.7818314824680299,0.6234898018587334,0.49999999999999994,0.8660254037844387,0.08596479873744647,0.9962981749346078,47.9,44.1
2020-01-13,J&K,NR,34.0837,74.7973,47.9,2020,1,0,13,0,0,0.4,96,48.8,42.8,46.8,43.957142857142856,3.3979685808128077,44.71333333333334,0.0,1.0,0.49999999999999994,0.8660254037844387,0.2219215130041655,0.9750645322571948,46.2,40.8
2020-01-14,J&K,NR,34.0837,74.7973,46.2,2020,1,1,14,0,0,-0.3,89,47.9,42.9,36.1,44.42857142857143,3.45529269658131,45.05,0.7818314824680298,0.6234898018587336,0.49999999999999994,0.8660254037844387,0.2386727660059501,0.9711000518829505,41.4,42.0
2020-01-15,J&K,NR,34.0837,74.7973,41.4,2020,1,2,15,0,0,-1.7,90,46.2,44.9,40.4,43.92857142857143,3.624782423683958,45.083333333333336,0.9749279121818236,-0.22252093395631434,0.49999999999999994,0.8660254037844387,0.255353295116187,0.9668478136052775,44.4,42.4
2020-01-16,J&K,NR,34.0837,74.7973,44.4,2020,1,3,16,0,0,-2.5,87,41.4,41.3,42.3,44.371428571428574,3.434488940980129,45.153333333333336,0.43388373911755823,-0.900968867902419,0.49999999999999994,0.8660254037844387,0.2719581575341055,0.9623090774541486,48.8,43.5
2020-01-17,J&K,NR,34.0837,74.7973,48.8,2020,1,4,17,0,0,-4.2,89,44.4,42.2,43.2,45.314285714285724,3.6388773779050414,45.34,-0.433883739117558,-0.9009688679024191,0.49999999999999994,0.8660254037844387,0.288482432880609,0.9574851883550393,46.2,40.1
2020-01-18,J&K,NR,34.0837,74.7973,46.2,2020,1,5,18,1,0,-4.1,78,48.8,39.7,38.3,46.24285714285714,2.666994027525676,45.60333333333334,-0.9749279121818236,-0.2225209339563146,0.49999999999999994,0.8660254037844387,0.30492122465628907,0.9523775757303974,44.1,40.7
2020-01-19,J&K,NR,34.0837,74.7973,44.1,2020,1,6,19,1,0,-4.8,67,46.2,48.8,43.2,45.57142857142857,2.5024749653855585,45.63333333333333,-0.7818314824680299,0.6234898018587334,0.49999999999999994,0.8660254037844387,0.3212696616923644,0.9469877530760753,40.8,41.3
2020-01-20,J&K,NR,34.0837,74.7973,40.8,2020,1,0,20,0,0,-4.5,76,44.1,47.9,43.8,44.55714285714286,2.820081052533363,45.53333333333333,0.0,1.0,0.49999999999999994,0.8660254037844387,0.3375228995941133,0.9413173175128471,42.0,43.9
2020-01-21,J&K,NR,34.0837,74.7973,42.0,2020,1,1,21,0,0,-4.7,94,40.8,46.2,50.4,43.957142857142856,2.8588209357806402,45.25333333333333,0.7818314824680298,0.6234898018587336,0.49999999999999994,0.8660254037844387,0.3536761221763716,0.9353679493131483,42.4,41.0
2020-01-22,J&K,NR,34.0837,74.7973,42.4,2020,1,2,22,0,0,-4.7,91,42.0,41.4,53.0,44.10000000000001,2.731910198621814,44.9,0.9749279121818236,-0.22252093395631434,0.49999999999999994,0.8660254037844387,0.3697245428906731,0.9291414114031743,43.5,45.9
2020-01-23,J&K,NR,34.0837,74.7973,43.5,2020,1,3,23,0,0,-3.0,65,42.4,44.4,51.8,43.97142857142857,2.7366124349363337,44.623333333333335,0.43388373911755823,-0.900968867902419,0.49999999999999994,0.8660254037844387,0.38566340624360707,0.9226395488404876,40.1,42.8
2020-01-24,J&K,NR,34.0837,74.7973,40.1,2020,1,4,24,0,0,-4.4,56,43.5,48.8,46.4,42.728571428571435,2.0734144831770145,44.41333333333333,-0.433883739117558,-0.9009688679024191,0.49999999999999994,0.8660254037844387,0.401487989205973,0.9158642882672872,40.7,42.2
2020-01-25,J&K,NR,34.0837,74.7973,40.7,2020,1,5,25,1,0,-3.5,74,40.1,46.2,48.3,41.942857142857136,1.5020620746796984,44.16,-0.9749279121818236,-0.2225209339563146,0.49999999999999994,0.8660254037844387,0.4171936026123168,0.9088176373395029,41.3,44.2
2020-01-26,J&K,NR,34.0837,74.7973,41.3,2020,1,6,26,1,1,-2.5,81,40.7,44.1,48.1,41.542857142857144,1.1674147261610843,43.93333333333333,-0.7818314824680299,0.6234898018587334,0.49999999999999994,0.8660254037844387,0.4327755925504312,0.901501684131884,43.9,38.8
2020-01-27,J&K,NR,34.0837,74.7973,43.9,2020,1,0,27,0,0,-2.6,66,41.3,40.8,48.8,41.98571428571428,1.402888177331264,43.77,0.0,1.0,0.49999999999999994,0.8660254037844387,0.4482293417404106,0.893918596519257,41.0,35.2
2020-01-28,J&K,NR,34.0837,74.7973,41.0,2020,1,1,28,0,0,-1.9,81,43.9,42.0,46.0,41.84285714285714,1.4512720200538143,43.60333333333334,0.7818314824680298,0.6234898018587336,0.49999999999999994,0.8660254037844387,0.4635502709028509,0.886070621534138,45.9,39.9
2020-01-29,J&K,NR,34.0837,74.7973,45.9,2020,1,2,29,0,0,-1.2,92,41.0,42.4,47.2,42.34285714285714,2.1227789513256115,43.559999999999995,0.9749279121818236,-0.22252093395631434,0.49999999999999994,0.8660254037844387,0.47873384011578846,0.8779600847008882,42.8,39.9
2020-01-30,J&K,NR,34.0837,74.7973,42.8,2020,1,3,30,0,0,-2.8,79,45.9,43.5,46.9,42.24285714285714,2.0751362548495615,43.42333333333333,0.43388373911755823,-0.900968867902419,0.49999999999999994,0.8660254037844387,0.49377555015997715,0.869589389346611,42.2,40.6
2020-01-31,J&K,NR,34.0837,74.7973,42.2,2020,1,4,31,0,0,-4.1,80,42.8,40.1,45.9,42.542857142857144,1.8536964358252022,43.3,-0.433883739117558,-0.9009688679024191,0.49999999999999994,0.8660254037844387,0.5086709438521044,0.8609610158889943,44.2,40.0
2020-02-01,J&K,NR,34.0837,74.7973,44.2,2020,2,5,32,1,0,-3.5,70,42.2,40.7,38.9,43.042857142857144,1.7424667790781676,43.47666666666667,-0.9749279121818236,-0.2225209339563146,0.8660254037844386,0.5000000000000001,0.5234156073655503,0.8520775211013093,38.8,38.6
2020-02-02,J&K,NR,34.0837,74.7973,38.8,2020,2,6,33,1,0,-4.6,57,44.2,41.3,44.2,42.68571428571429,2.3197906309469287,43.29666666666666,-0.7818314824680299,0.6234898018587334,0.8660254037844386,0.5000000000000001,0.5380051715382996,0.8429415373547828,35.2,45.8
2020-02-03,J&K,NR,34.0837,74.7973,35.2,2020,2,0,34,0,0,-5.3,57,38.8,43.9,47.7,41.44285714285714,3.559895664602792,42.879999999999995,0.0,1.0,0.8660254037844386,0.5000000000000001,0.5524353131676196,0.8335557718385699,39.9,51.3
2020-02-04,J&K,NR,34.0837,74.7973,39.9,2020,2,1,35,0,0,-2.9,45,35.2,41.0,40.0,41.285714285714285,3.6066737082935374,42.876666666666665,0.7818314824680298,0.6234898018587336,0.8660254037844386,0.5000000000000001,0.5667017562911176,0.8239230057575542,39.9,51.3
2020-02-05,J&K,NR,34.0837,74.7973,39.9,2020,2,2,36,0,0,-2.2,64,39.9,45.9,42.8,40.42857142857143,2.9870354789291667,42.779999999999994,0.9749279121818236,-0.22252093395631434,0.8660254037844386,0.5000000000000001,0.5808002734538009,0.8140460935082178,40.6,52.3
2020-02-13,J&K,NR,34.0837,74.7973,40.6,2020,2,3,44,0,0,1.9,94,39.9,42.8,42.9,40.114285714285714,2.806200617340563,42.70333333333334,0.43388373911755823,-0.900968867902419,0.8660254037844386,0.5000000000000001,0.6870527672236669,0.7266075247685656,40.0,53.0
2020-02-14,J&K,NR,34.0837,74.7973,40.0,2020,2,4,45,0,0,1.7,88,40.6,42.2,44.9,39.800000000000004,2.6526716092775837,42.54,-0.433883739117558,-0.9009688679024191,0.8660254037844386,0.5000000000000001,0.699458327051647,0.7146733860429609,38.6,53.465999999999994
2020-02-15,J&K,NR,34.0837,74.7973,38.6,2020,2,5,46,1,0,-0.6,84,40.0,44.2,41.3,39.0,1.8175074506955968,42.45,-0.9749279121818236,-0.2225209339563146,0.8660254037844386,0.5000000000000001,0.7116566222817746,0.7025274741691571,45.8,53.465999999999994
2020-02-16,J&K,NR,34.0837,74.7973,45.8,2020,2,6,47,1,0,1.3,67,38.6,38.8,42.2,40.0,3.136346069340454,42.57,-0.7818314824680299,0.6234898018587334,0.8660254037844386,0.5000000000000001,0.7236440382959124,0.6901733882429719,51.3,46.4
2020-02-17,J&K,NR,34.0837,74.7973,51.3,2020,2,0,48,0,0,1.8,60,45.8,35.2,39.7,42.300000000000004,4.594199241072078,42.95666666666667,0.0,1.0,0.8660254037844386,0.5000000000000001,0.7354170229639855,0.6776147890466889,51.3,45.0
2020-02-18,J&K,NR,34.0837,74.7973,51.3,2020,2,1,49,0,0,0.9,64,51.3,39.9,48.8,43.92857142857143,5.527420822805287,43.04,0.7818314824680298,0.6234898018587336,0.8660254037844386,0.5000000000000001,0.7469720876965552,0.6648553979642865,52.3,45.8
2020-02-19,J&K,NR,34.0837,74.7973,52.3,2020,2,2,50,0,0,1.2,69,51.3,39.9,47.9,45.699999999999996,5.988878581726892,43.18666666666666,0.9749279121818236,-0.22252093395631434,0.8660254037844386,0.5000000000000001,0.7583058084785624,0.6518989958787126,53.0,47.2
2020-02-20,J&K,NR,34.0837,74.7973,53.0,2020,2,3,51,0,0,0.3,95,52.3,40.6,46.2,47.47142857142857,6.062374200953067,43.413333333333334,0.43388373911755823,-0.900968867902419,0.8660254037844386,0.5000000000000001,0.7694148268839378,0.6387494220515272,53.465999999999994,46.4
2020-02-21,J&K,NR,34.0837,74.7973,53.465999999999994,2020,2,4,52,0,0,0.2,90,53.0,40.0,41.4,49.39514285714285,5.396328857923452,43.81553333333333,-0.433883739117558,-0.9009688679024191,0.8660254037844386,0.5000000000000001,0.7802958510707755,0.6254105729852463,53.465999999999994,43.4
2020-02-22,J&K,NR,34.0837,74.7973,53.465999999999994,2020,2,5,53,1,0,1.2,72,53.465999999999994,38.6,44.4,51.518857142857144,2.6829033669125404,44.117733333333334,-0.9749279121818236,-0.2225209339563146,0.8660254037844386,0.5000000000000001,0.7909456567567772,0.6118864012687243,46.4,46.5
2020-02-23,J&K,NR,34.0837,74.7973,46.4,2020,2,6,54,1,0,2.5,59,53.465999999999994,45.8,48.8,51.604571428571425,2.4709568225786094,44.03773333333333,-0.7818314824680299,0.6234898018587334,0.8660254037844386,0.5000000000000001,0.8013610881746766,0.5981809144059165,45.0,52.0
2020-02-24,J&K,NR,34.0837,74.7973,45.0,2020,2,0,55,0,0,2.8,53,46.4,51.3,46.2,50.70457142857142,3.523524885543994,43.99773333333333,0.0,1.0,0.8660254037844386,0.5000000000000001,0.8115390590073611,0.5842981736283684,45.8,49.9
2020-02-25,J&K,NR,34.0837,74.7973,45.8,2020,2,1,56,0,0,2.9,54,45.0,51.3,44.1,49.91885714285714,3.9553807835475685,44.0544,0.7818314824680298,0.6234898018587336,0.8660254037844386,0.5000000000000001,0.8214765533024142,0.5702422926917871,47.2,51.9
2020-02-26,J&K,NR,34.0837,74.7973,47.2,2020,2,2,57,0,0,3.2,45,45.8,52.3,40.8,49.190285714285714,3.913158388236904,44.26773333333333,0.9749279121818236,-0.22252093395631434,0.8660254037844386,0.5000000000000001,0.8311706263658079,0.5560174366570446,46.4,53.465999999999994
2020-02-27,J&K,NR,34.0837,74.7973,46.4,2020,2,3,58,0,0,3.9,52,47.2,53.0,42.0,48.247428571428564,3.626884928656354,44.4144,0.43388373911755823,-0.900968867902419,0.8660254037844386,0.5000000000000001,0.8406184056344782,0.5416278206559814,43.4,53.2
2020-02-28,J&K,NR,34.0837,74.7973,43.4,2020,2,4,59,0,0,1.5,80,46.4,53.465999999999994,42.4,46.80942857142857,3.181062026909885,44.44773333333333,-0.433883739117558,-0.9009688679024191,0.8660254037844386,0.5000000000000001,0.8498170915275278,0.5270777086423722,46.5,52.5
2020-02-29,J&K,NR,34.0837,74.7973,46.5,2020,2,5,60,1,0,0.7,93,43.4,53.465999999999994,43.5,45.81428571428571,1.2628388277062,44.54773333333333,-0.9749279121818236,-0.2225209339563146,0.8660254037844386,0.5000000000000001,0.8587639582758029,0.5123714121284237,52.0,47.6
2020-03-01,J&K,NR,34.0837,74.7973,52.0,2020,3,6,61,1,0,2.7,85,46.5,46.4,40.1,46.614285714285714,2.6773298709900604,44.9444,-0.7818314824680299,0.6234898018587334,1.0,6.123233995736766e-17,0.8674563547295969,0.49751328890718066,49.9,41.9
2020-03-02,J&K,NR,34.0837,74.7973,49.9,2020,3,0,62,0,0,3.7,67,52.0,45.0,40.7,47.31428571428571,2.8216003564340815,45.25106666666667,0.0,1.0,1.0,6.123233995736766e-17,0.8758917051442429,0.48250774176121847,51.9,41.0
2020-03-03,J&K,NR,34.0837,74.7973,51.9,2020,3,1,63,0,0,4.3,52,49.9,45.8,41.3,48.185714285714276,3.1934456685679704,45.604400000000005,0.7818314824680298,0.6234898018587336,1.0,6.123233995736766e-17,0.8840675099433636,0.4673592171580022,53.465999999999994,43.0
2020-03-04,J&K,NR,34.0837,74.7973,53.465999999999994,2020,3,2,64,0,0,3.0,57,51.9,47.2,43.9,49.08085714285714,3.707860813127163,45.92326666666666,0.9749279121818236,-0.22252093395631434,1.0,6.123233995736766e-17,0.8919813464595485,0.45207220393230435,53.2,44.1
2020-03-05,J&K,NR,34.0837,74.7973,53.2,2020,3,3,65,0,0,3.5,73,53.465999999999994,46.4,41.0,50.05228571428571,3.7785363001337857,46.32993333333333,0.43388373911755823,-0.900968867902419,1.0,6.123233995736766e-17,0.8996308696522433,0.43665123195606403,52.5,40.8
2020-03-13,J&K,NR,34.0837,74.7973,52.5,2020,3,4,73,0,0,1.5,94,53.2,43.4,45.9,51.35228571428571,2.4348997045933167,46.549933333333335,-0.433883739117558,-0.9009688679024191,1.0,6.123233995736766e-17,0.9510565162951535,0.30901699437494745,47.6,42.0
2020-03-14,J&K,NR,34.0837,74.7973,47.6,2020,3,5,74,1,0,2.2,91,52.5,46.5,42.8,51.509428571428565,2.0790435988007374,46.709933333333325,-0.9749279121818236,-0.2225209339563146,1.0,6.123233995736766e-17,0.9562348265919056,0.29260033563334836,41.9,42.4
2020-03-15,J&K,NR,34.0837,74.7973,41.9,2020,3,6,75,1,0,4.1,75,47.6,52.0,42.2,50.06657142857143,4.152552101103743,46.699933333333334,-0.7818314824680299,0.6234898018587334,1.0,6.123233995736766e-17,0.9611297838723007,0.27609697309746883,41.0,40.7
2020-03-16,J&K,NR,34.0837,74.7973,41.0,2020,3,0,76,0,0,5.5,60,41.9,49.9,44.2,48.795142857142864,5.390135911353016,46.593266666666665,0.0,1.0,1.0,6.123233995736766e-17,0.9657399376548549,0.2595117970697999,43.0,40.6
2020-03-17,J&K,NR,34.0837,74.7973,43.0,2020,3,1,77,0,0,6.8,56,41.0,51.9,38.8,47.52371428571429,5.5819533532712,46.733266666666665,0.7818314824680298,0.6234898018587336,1.0,6.123233995736766e-17,0.9700639218515071,0.2428497220959356,44.1,43.4
2020-03-18,J&K,NR,34.0837,74.7973,44.1,2020,3,2,78,0,0,7.1,54,43.0,53.465999999999994,35.2,46.18571428571429,5.013790506003987,47.02993333333333,0.9749279121818236,-0.22252093395631434,1.0,6.123233995736766e-17,0.9741004551724205,0.22611568550828828,40.8,42.9
2020-03-19,J&K,NR,34.0837,74.7973,40.8,2020,3,3,79,0,0,6.7,56,44.1,53.2,39.9,44.41428571428572,4.25575240955453,47.05993333333333,0.43388373911755823,-0.900968867902419,1.0,6.123233995736766e-17,0.9778483415056568,0.20931464596304847,42.0,41.2
2020-03-20,J&K,NR,34.0837,74.7973,42.0,2020,3,4,80,0,0,7.3,59,40.8,52.5,39.9,42.91428571428571,2.3582681296725583,47.12993333333334,-0.433883739117558,-0.9009688679024191,1.0,6.123233995736766e-17,0.9813064702716093,0.19245158197082998,42.4,41.7
2020-03-21,J&K,NR,34.0837,74.7973,42.4,2020,3,5,81,1,0,5.4,75,42.0,47.6,40.6,42.17142857142857,1.1412190641510238,47.18993333333333,-0.9749279121818236,-0.2225209339563146,1.0,6.123233995736766e-17,0.9844738167520922,0.1755314904214282,40.7,43.7
2020-03-22,J&K,NR,34.0837,74.7973,40.7,2020,3,6,82,1,0,7.0,76,42.4,41.9,40.0,42.0,1.271482074851023,47.21326666666666,-0.7818314824680299,0.6234898018587334,1.0,6.123233995736766e-17,0.9873494423939864,0.15855938510313475,40.6,43.6
2020-03-23,J&K,NR,34.0837,74.7973,40.6,2020,3,0,83,0,0,8.5,56,40.7,41.0,38.6,41.94285714285714,1.331486816629418,47.27993333333333,0.0,1.0,1.0,6.123233995736766e-17,0.989932495087353,0.141540295217043,43.4,43.3
2020-03-24,J&K,NR,34.0837,74.7973,43.4,2020,3,1,84,0,0,4.0,84,40.6,43.0,45.8,42.0,1.3916417163434922,47.199933333333334,0.7818314824680298,0.6234898018587336,1.0,6.123233995736766e-17,0.9922222094179323,0.12447926388678915,42.9,40.1
2020-03-25,J&K,NR,34.0837,74.7973,42.9,2020,3,2,85,0,0,5.9,83,43.4,44.1,51.3,41.82857142857143,1.1412190641510316,46.91993333333333,0.9749279121818236,-0.22252093395631434,1.0,6.123233995736766e-17,0.994217906893952,0.10738134666416309,41.2,30.368000000000002
2020-03-26,J&K,NR,34.0837,74.7973,41.2,2020,3,3,86,0,0,7.5,76,42.9,40.8,51.3,41.885714285714286,1.0899978156381949,46.58326666666666,0.43388373911755823,-0.900968867902419,1.0,6.123233995736766e-17,0.995918996147179,0.09025161003104117,41.7,30.368000000000002
2020-03-27,J&K,NR,34.0837,74.7973,41.7,2020,3,4,87,0,0,4.4,90,41.2,42.0,52.3,41.84285714285714,1.0906529280777688,46.22993333333333,-0.433883739117558,-0.9009688679024191,1.0,6.123233995736766e-17,0.9973249731081555,0.07309512989807777,43.7,30.368000000000002
2020-03-28,J&K,NR,34.0837,74.7973,43.7,2020,3,5,88,1,0,1.7,95,41.7,42.4,53.0,42.02857142857143,1.2932056883503638,45.91993333333333,-0.9749279121818236,-0.2225209339563146,1.0,6.123233995736766e-17,0.9984354211555643,0.055916990100603484,43.6,31.3
2020-03-29,J&K,NR,34.0837,74.7973,43.6,2020,3,6,89,1,0,5.3,80,43.7,40.7,53.465999999999994,42.44285714285714,1.2607631853463053,45.59106666666666,-0.7818314824680299,0.6234898018587334,1.0,6.123233995736766e-17,0.9992500112396835,0.03872228089217446,43.3,48.5
2020-03-30,J&K,NR,34.0837,74.7973,43.3,2020,3,0,90,0,0,7.1,63,43.6,40.6,53.465999999999994,42.82857142857142,0.9860937847799632,45.2522,0.0,1.0,1.0,6.123233995736766e-17,0.9997685019798909,0.021516097436222254,40.1,48.4
2020-03-31,J&K,NR,34.0837,74.7973,40.1,2020,3,1,91,0,0,6.2,79,43.3,43.4,46.4,42.357142857142854,1.378232131944605,45.0422,0.7818314824680298,0.6234898018587336,1.0,6.123233995736766e-17,0.9999907397361901,0.004303538296244289,30.368000000000002,46.9
2020-04-01,J&K,NR,34.0837,74.7973,30.368000000000002,2020,4,2,92,0,0,7.1,87,40.1,42.9,45.0,40.566857142857145,4.6976259049500815,44.55446666666667,0.9749279121818236,-0.22252093395631434,0.8660254037844387,-0.4999999999999998,0.9999166586547379,-0.01291029607500882,30.368000000000002,46.0
2020-04-02,J&K,NR,34.0837,74.7973,30.368000000000002,2020,4,3,93,0,1,6.8,79,30.368000000000002,41.2,45.8,39.01942857142858,6.045111051010454,44.04006666666667,0.43388373911755823,-0.900968867902419,0.8660254037844387,-0.4999999999999998,0.9995462806873573,-0.030120304846908114,30.368000000000002,47.9
2020-04-03,J&K,NR,34.0837,74.7973,30.368000000000002,2020,4,4,94,0,0,8.8,60,30.368000000000002,41.7,47.2,37.400571428571425,6.690504088062589,43.479000000000006,-0.433883739117558,-0.9009688679024191,0.8660254037844387,-0.4999999999999998,0.9988797155850336,-0.04732138832243185,31.3,46.4
2020-04-04,J&K,NR,34.0837,74.7973,31.3,2020,4,5,95,1,0,10.4,52,30.368000000000002,43.7,46.4,35.62914285714286,6.378943575770096,42.97566666666667,-0.9749279121818236,-0.2225209339563146,0.8660254037844387,-0.4999999999999998,0.9979171608653922,-0.06450844944931623,48.5,45.3
2020-04-05,J&K,NR,34.0837,74.7973,48.5,2020,4,6,96,1,0,10.6,59,31.3,43.6,43.4,36.32914285714286,7.559099669241382,43.14566666666666,-0.7818314824680299,0.6234898018587334,0.8660254037844387,-0.4999999999999998,0.9966589017541702,-0.08167639533042241,48.4,49.6
2020-04-13,J&K,NR,34.0837,74.7973,48.4,2020,4,0,104,0,0,14.3,58,48.5,43.3,46.5,37.05771428571428,8.526790676338695,43.208999999999996,0.0,1.0,0.8660254037844387,-0.4999999999999998,0.9760105506323683,-0.21772323039653177,46.9,50.8
2020-04-14,J&K,NR,34.0837,74.7973,46.9,2020,4,1,105,0,1,13.4,69,48.4,40.1,52.0,38.02914285714286,9.284811314337967,43.038999999999994,0.7818314824680298,0.6234898018587336,0.8660254037844387,-0.4999999999999998,0.9721181966290613,-0.23449138957040985,46.0,51.0
2020-04-15,J&K,NR,34.0837,74.7973,46.0,2020,4,2,106,0,0,10.9,90,46.9,30.368000000000002,49.9,40.26228571428572,9.010912749074286,42.909,0.9749279121818236,-0.22252093395631434,0.8660254037844387,-0.4999999999999998,0.9679377830240642,-0.25119006388481935,47.9,30.368000000000002
2020-04-16,J&K,NR,34.0837,74.7973,47.9,2020,4,3,107,0,0,11.3,78,46.0,30.368000000000002,51.9,42.76685714285714,8.202712304040526,42.775666666666666,0.43388373911755823,-0.900968867902419,0.8660254037844387,-0.4999999999999998,0.9634705485641488,-0.2678143051621742,46.4,35.9
2020-04-17,J&K,NR,34.0837,74.7973,46.4,2020,4,4,108,0,0,9.8,87,47.9,30.368000000000002,53.465999999999994,45.05714285714286,6.143521558752569,42.54013333333333,-0.433883739117558,-0.9009688679024191,0.8660254037844387,-0.4999999999999998,0.9587178169872964,-0.2843591872810034,45.3,42.8
2020-04-18,J&K,NR,34.0837,74.7973,45.3,2020,4,5,109,1,0,7.8,90,46.4,31.3,53.2,47.05714285714286,1.2421180068163398,42.2768,-0.9749279121818236,-0.2225209339563146,0.8660254037844387,-0.4999999999999998,0.9536809966304457,-0.30081980763566735,49.6,46.4
2020-04-19,J&K,NR,34.0837,74.7973,49.6,2020,4,6,110,1,0,10.2,82,45.3,48.5,52.5,47.214285714285715,1.4982529508604825,42.18013333333333,-0.7818314824680299,0.6234898018587334,0.8660254037844387,-0.4999999999999998,0.9483615800121715,-0.3171912885891061,50.8,42.6
2020-04-20,J&K,NR,34.0837,74.7973,50.8,2020,4,0,111,0,0,11.2,77,49.6,48.4,47.6,47.55714285714286,2.0040435315109,42.2868,0.0,1.0,0.8660254037844387,-0.4999999999999998,0.9427611433904207,-0.3334687789181868,51.0,42.4
2020-04-21,J&K,NR,34.0837,74.7973,51.0,2020,4,1,112,0,0,12.0,68,50.8,46.9,41.9,48.142857142857146,2.3493666826453374,42.590133333333334,0.7818314824680298,0.6234898018587336,0.8660254037844387,-0.4999999999999998,0.9368813462954315,-0.3496474552512284,30.368000000000002,47.6
2020-04-22,J&K,NR,34.0837,74.7973,30.368000000000002,2020,4,2,113,0,0,12.9,62,51.0,46.0,41.0,45.909714285714294,7.182877364823623,42.235733333333336,0.9749279121818236,-0.22252093395631434,0.8660254037844387,-0.4999999999999998,0.9307239310379795,-0.36572252349726897,35.9,47.5
2020-04-23,J&K,NR,34.0837,74.7973,35.9,2020,4,3,114,0,0,13.8,61,30.368000000000002,47.9,43.0,44.19542857142857,8.012740664241008,41.999066666666664,0.43388373911755823,-0.900968867902419,0.8660254037844387,-0.4999999999999998,0.9242907221930933,-0.3816892202666588,42.8,47.9
2020-04-24,J&K,NR,34.0837,74.7973,42.8,2020,4,4,115,0,0,14.8,54,35.9,46.4,44.1,43.68114285714286,7.963036845922813,41.955733333333335,-0.433883739117558,-0.9009688679024191,0.8660254037844387,-0.4999999999999998,0.9175836260593937,-0.39754281428255595,46.4,47.5
2020-04-25,J&K,NR,34.0837,74.7973,46.4,2020,4,5,116,1,0,14.9,65,42.8,45.3,40.8,43.83828571428571,8.011017033108994,42.142399999999995,-0.9749279121818236,-0.2225209339563146,0.8660254037844387,-0.4999999999999998,0.9106046300942162,-0.4132786077829042,42.6,46.0
2020-04-26,J&K,NR,34.0837,74.7973,42.6,2020,4,6,117,1,0,15.3,67,46.4,49.6,42.0,42.83828571428571,7.598183592462246,42.1624,-0.7818314824680299,0.6234898018587334,0.8660254037844387,-0.4999999999999998,0.9033558023246845,-0.4288919379124835,42.4,37.8
2020-04-27,J&K,NR,34.0837,74.7973,42.4,2020,4,0,118,0,0,15.3,72,42.6,50.8,42.4,41.63828571428571,6.746821022137951,42.162400000000005,0.0,1.0,0.8660254037844387,-0.4999999999999998,0.895839290734909,-0.4443781781046132,47.6,38.7
2020-04-28,J&K,NR,34.0837,74.7973,47.6,2020,4,1,119,0,0,14.7,77,42.4,51.0,40.7,41.15257142857143,6.046575859033635,42.392399999999995,0.7818314824680298,0.6234898018587336,0.8660254037844387,-0.4999999999999998,0.8880573226294932,-0.45973273945210397,47.5,40.7
2020-04-29,J&K,NR,34.0837,74.7973,47.5,2020,4,2,120,0,0,15.2,69,47.6,30.368000000000002,40.6,43.6,4.111366358442641,42.6224,0.9749279121818236,-0.22252093395631434,0.8660254037844387,-0.4999999999999998,0.8800122039735357,-0.47495107206704995,47.9,39.2
2020-04-30,J&K,NR,34.0837,74.7973,47.9,2020,4,3,121,0,0,16.3,70,47.5,35.9,43.4,45.314285714285724,2.583556057987199,42.7724,0.43388373911755823,-0.900968867902419,0.8660254037844387,-0.4999999999999998,0.8717063187093218,-0.4900286664290592,47.5,41.9
2020-05-01,J&K,NR,34.0837,74.7973,47.5,2020,5,4,122,0,0,16.4,65,47.9,42.8,42.9,45.98571428571428,2.427226518359786,42.92573333333333,-0.433883739117558,-0.9009688679024191,0.49999999999999994,-0.8660254037844387,0.8631421280499114,-0.5049610547215204,46.0,44.1
2020-05-02,J&K,NR,34.0837,74.7973,46.0,2020,5,5,123,1,0,15.1,82,47.5,46.4,41.2,45.92857142857143,2.4205469669163664,43.08573333333334,-0.9749279121818236,-0.2225209339563146,0.49999999999999994,-0.8660254037844387,0.854322169749827,-0.5197438121555155,37.8,42.9
2020-05-03,J&K,NR,34.0837,74.7973,37.8,2020,5,6,124,1,0,13.2,86,46.0,42.6,41.7,45.24285714285714,3.8047589248454288,42.955733333333335,-0.7818314824680299,0.6234898018587334,0.49999999999999994,-0.8660254037844387,0.8452490573530633,-0.5343725582809786,38.7,50.2
2020-05-04,J&K,NR,34.0837,74.7973,38.7,2020,5,0,125,0,0,14.0,78,37.8,42.4,43.7,44.714285714285715,4.465209428245861,42.78906666666667,0.0,1.0,0.49999999999999994,-0.8660254037844387,0.8359254794186372,-0.548842958284719,40.7,53.465999999999994
2020-05-05,J&K,NR,34.0837,74.7973,40.7,2020,5,1,126,0,0,13.2,82,38.7,47.6,43.6,43.728571428571435,4.483567881986567,42.692400000000006,0.7818314824680298,0.6234898018587336,0.49999999999999994,-0.8660254037844387,0.8263541987239096,-0.5631507242749186,39.2,50.2
2020-05-13,J&K,NR,34.0837,74.7973,39.2,2020,5,2,134,0,0,16.9,71,40.7,47.5,43.3,42.542857142857144,4.416958660608502,42.555733333333336,0.9749279121818236,-0.22252093395631434,0.49999999999999994,-0.8660254037844387,0.7412220108485958,-0.6712599575675313,41.9,49.7
2020-05-14,J&K,NR,34.0837,74.7973,41.9,2020,5,3,135,0,0,13.6,86,39.2,47.9,40.1,41.68571428571429,3.733375850098132,42.61573333333333,0.43388373911755823,-0.900968867902419,0.49999999999999994,-0.8660254037844387,0.7295575540864875,-0.6839194216246106,44.1,51.1
2020-05-15,J&K,NR,34.0837,74.7973,44.1,2020,5,4,136,0,0,14.7,77,41.9,47.5,30.368000000000002,41.199999999999996,3.000000000000124,43.073466666666675,-0.433883739117558,-0.9009688679024191,0.49999999999999994,-0.8660254037844387,0.717676913675962,-0.6963762255968722,42.9,50.7
2020-05-16,J&K,NR,34.0837,74.7973,42.9,2020,5,5,137,1,0,15.5,71,44.1,46.0,30.368000000000002,40.75714285714286,2.326554779681301,43.4912,-0.9749279121818236,-0.2225209339563146,0.49999999999999994,-0.8660254037844387,0.705583610107178,-0.7086266782644596,50.2,49.9
2020-05-17,J&K,NR,34.0837,74.7973,50.2,2020,5,6,138,1,0,14.4,71,42.9,37.8,30.368000000000002,42.528571428571425,3.8930340719951264,44.15226666666667,-0.7818314824680299,0.6234898018587334,0.49999999999999994,-0.8660254037844387,0.6932812268869777,-0.7206671495538609,53.465999999999994,44.3
2020-05-18,J&K,NR,34.0837,74.7973,53.465999999999994,2020,5,0,139,0,0,13.4,75,50.2,38.7,31.3,44.638,5.24016297456487,44.89113333333333,0.0,1.0,0.49999999999999994,-0.8660254037844387,0.6807734094770161,-0.7324940716135789,50.2,44.4
2020-05-19,J&K,NR,34.0837,74.7973,50.2,2020,5,1,140,0,0,13.8,75,53.465999999999994,40.7,48.5,45.99514285714286,5.280324971961887,44.9478,0.7818314824680298,0.6234898018587336,0.49999999999999994,-0.8660254037844387,0.6680638642135335,-0.7441039398713607,49.7,45.3
2020-05-20,J&K,NR,34.0837,74.7973,49.7,2020,5,2,141,0,0,15.9,60,50.2,39.2,48.4,47.49514285714285,4.455202779843389,44.99113333333333,0.9749279121818236,-0.22252093395631434,0.49999999999999994,-0.8660254037844387,0.6551563572090853,-0.7554933140726803,51.1,46.4
2020-05-21,J&K,NR,34.0837,74.7973,51.1,2020,5,3,142,0,0,17.1,61,49.7,41.9,46.9,48.80942857142857,3.844713550541143,45.13113333333333,0.43388373911755823,-0.900968867902419,0.49999999999999994,-0.8660254037844387,0.6420547132365637,-0.766658819300159,50.7,45.9
