timestamp,node_id,region,latitude,longitude,consumption_mu,year,month,dayofweek,dayofyear,is_weekend,is_holiday,temperature_c,humidity,lag_1d,lag_7d,lag_30d,roll_mean_7d,roll_std_7d,roll_mean_30d,dow_sin,dow_cos,month_sin,month_cos,doy_sin,doy_cos,target_next_1d,target_next_7d
2019-02-02,Punjab,NR,31.51997398,75.98000281,63.6,2019,2,5,33,1,0,11.9,77,63.368,134.3,119.9,107.3622857142857,41.15823953845407,146.14120000000003,-0.9749279121818236,-0.2225209339563146,0.8660254037844386,0.5000000000000001,0.5380051715382996,0.8429415373547828,63.5,110.1
2019-02-03,Punjab,NR,31.51997398,75.98000281,63.5,2019,2,6,34,1,0,12.4,80,63.6,135.9,121.9,97.01942857142856,41.8821366171671,144.19453333333334,-0.7818314824680299,0.6234898018587334,0.8660254037844386,0.5000000000000001,0.5524353131676196,0.8335557718385699,68.0,112.4
2019-02-04,Punjab,NR,31.51997398,75.98000281,68.0,2019,2,0,35,0,0,12.4,79,63.5,141.2,118.8,86.56228571428572,37.96801656532461,142.5012,0.0,1.0,0.8660254037844386,0.5000000000000001,0.5667017562911176,0.8239230057575542,72.1,111.3
2019-02-05,Punjab,NR,31.51997398,75.98000281,72.1,2019,2,1,36,0,0,13.2,81,68.0,144.5,121.0,76.21942857142858,28.145389811104945,140.8712,0.7818314824680298,0.6234898018587336,0.8660254037844386,0.5000000000000001,0.5808002734538009,0.8140460935082178,70.5,108.5
2019-02-06,Punjab,NR,31.51997398,75.98000281,70.5,2019,2,2,37,0,0,14.5,78,72.1,139.6,121.4,66.348,3.7964263898218933,139.17453333333333,0.9749279121818236,-0.22252093395631434,0.8660254037844386,0.5000000000000001,0.5947266869607634,0.8039279618328213,92.0,98.8
2019-02-07,Punjab,NR,31.51997398,75.98000281,92.0,2019,2,3,38,0,0,12.4,90,70.5,63.368,118.0,70.43828571428571,10.153068201522368,138.30786666666665,0.43388373911755823,-0.900968867902419,0.8660254037844386,0.5000000000000001,0.6084768701151261,0.7935716089521474,105.8,104.6
2019-02-08,Punjab,NR,31.51997398,75.98000281,105.8,2019,2,4,39,0,0,10.5,76,92.0,63.368,107.5,76.5,16.13360881307515,138.2512,-0.433883739117558,-0.9009688679024191,0.8660254037844386,0.5000000000000001,0.6220467484408675,0.7829801036770629,110.1,109.7
2019-02-09,Punjab,NR,31.51997398,75.98000281,110.1,2019,2,5,40,1,0,10.4,76,105.8,63.6,132.5,83.14285714285714,19.215519521371082,137.50453333333334,-0.9749279121818236,-0.2225209339563146,0.8660254037844386,0.5000000000000001,0.6354323008901774,0.7721565844991642,112.4,112.8
2019-02-10,Punjab,NR,31.51997398,75.98000281,112.4,2019,2,6,41,1,0,11.0,76,110.1,63.5,131.5,90.12857142857142,19.765096701484918,136.86786666666666,-0.7818314824680299,0.6234898018587334,0.8660254037844386,0.5000000000000001,0.6486295610349814,0.7611042586607747,111.3,110.7
2019-02-11,Punjab,NR,31.51997398,75.98000281,111.3,2019,2,0,42,0,0,12.9,74,112.4,68.0,130.3,96.31428571428572,18.414978375535245,136.23453333333333,0.0,1.0,0.8660254037844386,0.5000000000000001,0.6616346182422783,0.7498264012045686,108.5,109.5
2019-02-12,Punjab,NR,31.51997398,75.98000281,108.5,2019,2,1,43,0,0,14.0,81,111.3,72.1,137.9,101.5142857142857,15.31637778887131,135.25453333333334,0.7818314824680298,0.6234898018587336,0.8660254037844386,0.5000000000000001,0.6744436188329455,0.7383263540031065,98.8,106.7
2019-02-13,Punjab,NR,31.51997398,75.98000281,98.8,2019,2,2,44,0,0,14.8,84,108.5,70.5,135.8,105.55714285714285,7.512402443705486,134.0212,0.9749279121818236,-0.22252093395631434,0.8660254037844386,0.5000000000000001,0.6870527672236669,0.7266075247685656,104.6,101.5
2019-02-14,Punjab,NR,31.51997398,75.98000281,104.6,2019,2,3,45,0,0,14.6,86,98.8,92.0,139.3,107.35714285714286,4.709160272935301,132.86453333333333,0.43388373911755823,-0.900968867902419,0.8660254037844386,0.5000000000000001,0.699458327051647,0.7146733860429609,109.7,155.9
2019-02-15,Punjab,NR,31.51997398,75.98000281,109.7,2019,2,4,46,0,0,14.3,86,104.6,105.8,141.1,107.91428571428571,4.7249086662880035,131.81786666666667,-0.433883739117558,-0.9009688679024191,0.8660254037844386,0.5000000000000001,0.7116566222817746,0.7025274741691571,112.8,166.3
2019-02-16,Punjab,NR,31.51997398,75.98000281,112.8,2019,2,5,47,1,0,13.8,85,109.7,110.1,231.9,108.3,5.033222956847321,127.84786666666666,-0.9749279121818236,-0.2225209339563146,0.8660254037844386,0.5000000000000001,0.7236440382959124,0.6901733882429719,110.7,175.9
2019-02-17,Punjab,NR,31.51997398,75.98000281,110.7,2019,2,6,48,1,0,13.0,81,112.8,112.4,253.8,108.05714285714285,4.839716638694739,123.07786666666668,-0.7818314824680299,0.6234898018587334,0.8660254037844386,0.5000000000000001,0.7354170229639855,0.6776147890466889,109.5,183.6
2019-02-18,Punjab,NR,31.51997398,75.98000281,109.5,2019,2,0,49,0,0,13.1,83,110.7,111.3,236.4,107.79999999999998,4.6840153714523165,118.84786666666668,0.0,1.0,0.8660254037844386,0.5000000000000001,0.7469720876965552,0.6648553979642865,106.7,188.8
2019-02-19,Punjab,NR,31.51997398,75.98000281,106.7,2019,2,1,50,0,0,14.2,78,109.5,108.5,229.8,107.54285714285713,4.68858796897944,114.74453333333332,0.7818314824680298,0.6234898018587336,0.8660254037844386,0.5000000000000001,0.7583058084785624,0.6518989958787126,101.5,186.4
2019-02-20,Punjab,NR,31.51997398,75.98000281,101.5,2019,2,2,51,0,0,15.6,74,106.7,98.8,195.0,107.92857142857143,3.8930340719952405,111.62786666666666,0.9749279121818236,-0.22252093395631434,0.8660254037844386,0.5000000000000001,0.7694148268839378,0.6387494220515272,155.9,186.9
2019-02-21,Punjab,NR,31.51997398,75.98000281,155.9,2019,2,3,52,0,0,16.0,82,101.5,104.6,207.1,115.25714285714285,18.280942457730617,109.9212,0.43388373911755823,-0.900968867902419,0.8660254037844386,0.5000000000000001,0.7802958510707755,0.6254105729852463,166.3,107.5
2019-02-22,Punjab,NR,31.51997398,75.98000281,166.3,2019,2,4,53,0,0,14.8,81,155.9,109.7,218.9,123.34285714285716,26.210675760260813,108.16786666666667,-0.433883739117558,-0.9009688679024191,0.8660254037844386,0.5000000000000001,0.7909456567567772,0.6118864012687243,175.9,102.9
2019-02-23,Punjab,NR,31.51997398,75.98000281,175.9,2019,2,5,54,1,0,13.2,82,166.3,112.8,136.0,132.35714285714286,32.156640431013976,109.49786666666665,-0.9749279121818236,-0.2225209339563146,0.8660254037844386,0.5000000000000001,0.8013610881746766,0.5981809144059165,183.6,104.2
2019-02-24,Punjab,NR,31.51997398,75.98000281,183.6,2019,2,6,55,1,0,13.2,76,175.9,110.7,132.5,142.77142857142857,35.59469596656753,111.2012,-0.7818314824680299,0.6234898018587334,0.8660254037844386,0.5000000000000001,0.8115390590073611,0.5842981736283684,188.8,106.9
2019-02-25,Punjab,NR,31.51997398,75.98000281,188.8,2019,2,0,56,0,0,12.9,69,183.6,109.5,134.3,154.1,35.85893658954947,113.01786666666666,0.0,1.0,0.8660254037844386,0.5000000000000001,0.8214765533024142,0.5702422926917871,186.4,111.2
2019-02-26,Punjab,NR,31.51997398,75.98000281,186.4,2019,2,1,57,0,0,12.5,72,188.8,106.7,135.9,165.4857142857143,30.562145898230987,114.7012,0.7818314824680298,0.6234898018587336,0.8660254037844386,0.5000000000000001,0.8311706263658079,0.5560174366570446,186.9,111.6
2019-02-27,Punjab,NR,31.51997398,75.98000281,186.9,2019,2,2,58,0,0,10.6,84,186.4,101.5,141.2,177.68571428571428,12.428385329750455,116.22453333333333,0.9749279121818236,-0.22252093395631434,0.8660254037844386,0.5000000000000001,0.8406184056344782,0.5416278206559814,107.5,106.1
2019-02-28,Punjab,NR,31.51997398,75.98000281,107.5,2019,2,3,59,0,0,10.6,77,186.9,155.9,144.5,170.77142857142857,28.992971233600326,114.99119999999999,0.43388373911755823,-0.900968867902419,0.8660254037844386,0.5000000000000001,0.8498170915275278,0.5270777086423722,102.9,245.8
2019-03-02,Punjab,NR,31.51997398,75.98000281,102.9,2019,3,5,61,1,0,13.7,81,107.5,166.3,139.6,161.71428571428572,38.849857510310436,113.76786666666666,-0.9749279121818236,-0.2225209339563146,1.0,6.123233995736766e-17,0.8674563547295969,0.49751328890718066,104.2,256.7
2019-03-03,Punjab,NR,31.51997398,75.98000281,104.2,2019,3,6,62,1,0,14.6,78,102.9,175.9,63.368,151.47142857142856,43.642705166908605,115.12893333333334,-0.7818314824680299,0.6234898018587334,1.0,6.123233995736766e-17,0.8758917051442429,0.48250774176121847,106.9,265.3
2019-03-04,Punjab,NR,31.51997398,75.98000281,106.9,2019,3,0,63,0,1,14.5,80,104.2,183.6,63.368,140.51428571428573,43.85975484699035,116.58,0.0,1.0,1.0,6.123233995736766e-17,0.8840675099433636,0.4673592171580022,111.2,266.5
2019-03-05,Punjab,NR,31.51997398,75.98000281,111.2,2019,3,1,64,0,0,14.1,78,106.9,188.8,63.6,129.42857142857142,39.17829817155216,118.16666666666667,0.7818314824680298,0.6234898018587336,1.0,6.123233995736766e-17,0.8919813464595485,0.45207220393230435,111.6,257.9
2019-03-06,Punjab,NR,31.51997398,75.98000281,111.6,2019,3,2,65,0,0,14.6,73,111.2,186.4,63.5,118.74285714285715,30.22817985163608,119.77000000000001,0.9749279121818236,-0.22252093395631434,1.0,6.123233995736766e-17,0.8996308696522433,0.43665123195606403,106.1,260.3
2019-03-07,Punjab,NR,31.51997398,75.98000281,106.1,2019,3,3,66,0,0,14.7,68,111.6,186.9,68.0,107.2,3.272104317815651,121.04,0.43388373911755823,-0.900968867902419,1.0,6.123233995736766e-17,0.9070138128026359,0.4211008707960896,245.8,233.4
2019-03-08,Punjab,NR,31.51997398,75.98000281,245.8,2019,3,4,67,0,0,13.9,76,106.1,107.5,72.1,126.95714285714287,52.50666170886818,126.83,-0.433883739117558,-0.9009688679024191,1.0,6.123233995736766e-17,0.9141279881853337,0.40542572835999735,256.7,87.5
2019-03-09,Punjab,NR,31.51997398,75.98000281,256.7,2019,3,5,68,1,0,15.2,73,245.8,102.9,70.5,148.92857142857142,70.02018076444614,133.0366666666667,-0.9749279121818236,-0.2225209339563146,1.0,6.123233995736766e-17,0.9209712877166346,0.38963044953078796,265.3,81.5
2019-03-10,Punjab,NR,31.51997398,75.98000281,265.3,2019,3,6,69,1,0,15.8,71,256.7,104.2,92.0,171.94285714285715,78.7940534376983,138.81333333333336,-0.7818314824680299,0.6234898018587334,1.0,6.123233995736766e-17,0.9275416835791966,0.37371971479046906,266.5,89.6
2019-03-11,Punjab,NR,31.51997398,75.98000281,266.5,2019,3,0,70,0,0,15.1,76,265.3,106.9,105.8,194.74285714285716,79.91935220672684,144.17000000000002,0.0,1.0,1.0,6.123233995736766e-17,0.9338372288229252,0.35769823883312546,257.9,96.5
2019-03-12,Punjab,NR,31.51997398,75.98000281,257.9,2019,3,1,71,0,0,15.8,68,266.5,111.2,110.1,215.7,73.32305230962496,149.09666666666666,0.7818314824680298,0.6234898018587336,1.0,6.123233995736766e-17,0.9398560579418954,0.3415707691678556,260.3,103.4
2019-03-13,Punjab,NR,31.51997398,75.98000281,260.3,2019,3,2,72,0,0,14.5,79,257.9,111.6,112.4,236.94285714285712,58.09641001940529,154.02666666666667,0.9749279121818236,-0.22252093395631434,1.0,6.123233995736766e-17,0.9455963874271426,0.3253420847119801,233.4,109.0
2019-03-14,Punjab,NR,31.51997398,75.98000281,233.4,2019,3,3,73,0,0,15.6,76,260.3,106.1,111.3,255.12857142857143,11.753115088593018,158.09666666666666,0.43388373911755823,-0.900968867902419,1.0,6.123233995736766e-17,0.9510565162951535,0.30901699437494745,87.5,109.0
2019-03-15,Punjab,NR,31.51997398,75.98000281,87.5,2019,3,4,74,0,0,15.5,74,233.4,245.8,108.5,232.5142857142857,64.88616772398228,157.39666666666665,-0.433883739117558,-0.9009688679024191,1.0,6.123233995736766e-17,0.9562348265919056,0.29260033563334836,81.5,101.7
2019-03-16,Punjab,NR,31.51997398,75.98000281,81.5,2019,3,5,75,1,0,16.7,72,87.5,256.7,98.8,207.4857142857143,84.7512522733721,156.82,-0.9749279121818236,-0.2225209339563146,1.0,6.123233995736766e-17,0.9611297838723007,0.27609697309746883,89.6,100.3
2019-03-17,Punjab,NR,31.51997398,75.98000281,89.6,2019,3,6,76,1,0,18.1,71,81.5,265.3,104.6,182.38571428571427,90.59169256562524,156.32000000000002,-0.7818314824680299,0.6234898018587334,1.0,6.123233995736766e-17,0.9657399376548549,0.2595117970697999,96.5,98.0
2019-03-18,Punjab,NR,31.51997398,75.98000281,96.5,2019,3,0,77,0,0,18.5,70,89.6,266.5,109.7,158.09999999999997,86.99971264320357,155.88000000000002,0.0,1.0,1.0,6.123233995736766e-17,0.9700639218515071,0.2428497220959356,103.4,99.4
2019-03-19,Punjab,NR,31.51997398,75.98000281,103.4,2019,3,1,78,0,0,19.5,65,96.5,257.9,112.8,136.02857142857144,76.41521912738135,155.56666666666666,0.7818314824680298,0.6234898018587336,1.0,6.123233995736766e-17,0.9741004551724205,0.22611568550828828,109.0,102.8
2019-03-20,Punjab,NR,31.51997398,75.98000281,109.0,2019,3,2,79,0,0,19.4,56,103.4,260.3,110.7,114.41428571428571,53.31139429713646,155.51000000000002,0.9749279121818236,-0.22252093395631434,1.0,6.123233995736766e-17,0.9778483415056568,0.20931464596304847,109.0,101.4
2019-03-21,Punjab,NR,31.51997398,75.98000281,109.0,2019,3,3,80,0,1,19.3,55,109.0,233.4,109.5,96.64285714285714,10.905481365327933,155.49333333333334,0.43388373911755823,-0.900968867902419,1.0,6.123233995736766e-17,0.9813064702716093,0.19245158197082998,101.7,92.9
2019-03-22,Punjab,NR,31.51997398,75.98000281,101.7,2019,3,4,81,0,0,18.4,59,109.0,87.5,106.7,98.67142857142858,10.220520907421436,155.32666666666665,-0.433883739117558,-0.9009688679024191,1.0,6.123233995736766e-17,0.9844738167520922,0.1755314904214282,100.3,118.3
2019-03-23,Punjab,NR,31.51997398,75.98000281,100.3,2019,3,5,82,1,0,17.5,63,101.7,81.5,101.5,101.35714285714286,6.880614590488875,155.28666666666666,-0.9749279121818236,-0.2225209339563146,1.0,6.123233995736766e-17,0.9873494423939864,0.15855938510313475,98.0,123.5
2019-03-24,Punjab,NR,31.51997398,75.98000281,98.0,2019,3,6,83,1,0,17.4,70,100.3,89.6,155.9,102.55714285714285,4.950036074903742,153.35666666666665,-0.7818314824680299,0.6234898018587334,1.0,6.123233995736766e-17,0.989932495087353,0.141540295217043,99.4,126.9
2019-03-25,Punjab,NR,31.51997398,75.98000281,99.4,2019,3,0,84,0,0,17.9,74,98.0,96.5,166.3,102.97142857142856,4.455226999720546,151.12666666666667,0.0,1.0,1.0,6.123233995736766e-17,0.9922222094179323,0.12447926388678915,102.8,129.8
2019-03-26,Punjab,NR,31.51997398,75.98000281,102.8,2019,3,1,85,0,0,18.8,66,99.4,103.4,175.9,102.88571428571429,4.451377528895209,148.69,0.7818314824680298,0.6234898018587336,1.0,6.123233995736766e-17,0.994217906893952,0.10738134666416309,101.4,131.5
2019-03-27,Punjab,NR,31.51997398,75.98000281,101.4,2019,3,2,86,0,0,20.8,65,102.8,109.0,183.6,101.8,3.5463596358319243,145.95,0.9749279121818236,-0.22252093395631434,1.0,6.123233995736766e-17,0.995918996147179,0.09025161003104117,92.9,130.8
2019-03-28,Punjab,NR,31.51997398,75.98000281,92.9,2019,3,3,87,0,0,22.3,67,101.4,109.0,188.8,99.5,3.311595788537278,142.7533333333333,0.43388373911755823,-0.900968867902419,1.0,6.123233995736766e-17,0.9973249731081555,0.07309512989807777,118.3,121.4
2019-03-29,Punjab,NR,31.51997398,75.98000281,118.3,2019,3,4,88,0,0,23.7,64,92.9,101.7,186.4,101.87142857142858,7.9060555453212915,140.48333333333332,-0.433883739117558,-0.9009688679024191,1.0,6.123233995736766e-17,0.9984354211555643,0.055916990100603484,123.5,101.8
2019-03-30,Punjab,NR,31.51997398,75.98000281,123.5,2019,3,5,89,1,0,23.3,58,118.3,100.3,186.9,105.1857142857143,11.280281995799276,138.37,-0.9749279121818236,-0.2225209339563146,1.0,6.123233995736766e-17,0.9992500112396835,0.03872228089217446,126.9,100.3
2019-03-31,Punjab,NR,31.51997398,75.98000281,126.9,2019,3,6,90,1,0,21.7,55,123.5,98.0,107.5,109.31428571428572,13.316835030820455,139.01666666666668,-0.7818314824680299,0.6234898018587334,1.0,6.123233995736766e-17,0.9997685019798909,0.021516097436222254,129.8,101.6
2019-04-02,Punjab,NR,31.51997398,75.98000281,129.8,2019,4,1,92,0,0,21.9,57,126.9,99.4,102.9,113.65714285714284,14.453241521409039,139.91333333333333,0.7818314824680298,0.6234898018587336,0.8660254037844387,-0.4999999999999998,0.9999166586547379,-0.01291029607500882,131.5,101.6
2019-04-03,Punjab,NR,31.51997398,75.98000281,131.5,2019,4,2,93,0,0,23.2,55,129.8,102.8,104.2,117.75714285714285,14.923120444783514,140.82333333333332,0.9749279121818236,-0.22252093395631434,0.8660254037844387,-0.4999999999999998,0.9995462806873573,-0.030120304846908114,130.8,106.8
2019-04-04,Punjab,NR,31.51997398,75.98000281,130.8,2019,4,3,94,0,0,24.9,54,131.5,101.4,106.9,121.95714285714287,13.633764110087714,141.62,0.43388373911755823,-0.900968867902419,0.8660254037844387,-0.4999999999999998,0.9988797155850336,-0.04732138832243185,121.4,105.9
2019-04-05,Punjab,NR,31.51997398,75.98000281,121.4,2019,4,4,95,0,0,24.7,61,130.8,92.9,111.2,126.02857142857144,5.086490042492288,141.96,-0.433883739117558,-0.9009688679024191,0.8660254037844387,-0.4999999999999998,0.9979171608653922,-0.06450844944931623,101.8,93.1
2019-04-06,Punjab,NR,31.51997398,75.98000281,101.8,2019,4,5,96,1,0,24.8,56,121.4,118.3,111.6,123.67142857142858,10.357238094799843,141.63333333333333,-0.9749279121818236,-0.2225209339563146,0.8660254037844387,-0.4999999999999998,0.9966589017541702,-0.08167639533042241,100.3,249.8
2019-04-07,Punjab,NR,31.51997398,75.98000281,100.3,2019,4,6,97,1,0,25.4,48,101.8,123.5,106.1,120.35714285714286,13.61945387339433,141.44,-0.7818314824680299,0.6234898018587334,0.8660254037844387,-0.4999999999999998,0.9951053111006976,-0.09882013873287143,101.6,250.6
2019-04-08,Punjab,NR,31.51997398,75.98000281,101.6,2019,4,0,98,0,0,24.2,54,100.3,126.9,245.8,116.74285714285715,14.89136854499441,136.63333333333333,0.0,1.0,0.8660254037844387,-0.4999999999999998,0.9932568492674143,-0.11593459959550041,101.6,274.1
2019-04-09,Punjab,NR,31.51997398,75.98000281,101.6,2019,4,1,99,0,0,25.0,50,101.6,129.8,256.7,112.71428571428571,14.581544107926982,131.46333333333334,0.7818314824680298,0.6234898018587336,0.8660254037844387,-0.4999999999999998,0.9911140639934547,-0.1330147065341959,106.8,269.4
2019-04-10,Punjab,NR,31.51997398,75.98000281,106.8,2019,4,2,100,0,0,26.7,49,101.6,131.5,265.3,109.1857142857143,12.046082153052355,126.18,0.9749279121818236,-0.22252093395631434,0.8660254037844387,-0.4999999999999998,0.9886775902323405,-0.1500553983446526,105.9,281.89599999999996
2019-04-11,Punjab,NR,31.51997398,75.98000281,105.9,2019,4,3,101,0,0,25.7,50,106.8,130.8,266.5,105.62857142857142,7.3676577656926865,120.82666666666667,0.43388373911755823,-0.900968867902419,0.8660254037844387,-0.4999999999999998,0.9859481499638304,-0.16705162550211924,93.1,281.5
2019-04-12,Punjab,NR,31.51997398,75.98000281,93.1,2019,4,4,102,0,0,25.0,53,105.9,121.4,257.9,101.58571428571429,4.462969329727201,115.33333333333333,-0.433883739117558,-0.9009688679024191,0.8660254037844387,-0.4999999999999998,0.9829265519799822,-0.18399835165768005,249.8,281.89599999999996
2019-04-13,Punjab,NR,31.51997398,75.98000281,249.8,2019,4,5,103,1,1,25.2,58,93.1,101.8,260.3,122.72857142857141,56.21060737042763,114.98333333333333,-0.9749279121818236,-0.2225209339563146,0.8660254037844387,-0.4999999999999998,0.9796136916454901,-0.20089055513063506,250.6,121.8
2019-04-14,Punjab,NR,31.51997398,75.98000281,250.6,2019,4,6,104,1,1,25.5,55,249.8,100.3,233.4,144.2,72.54734086558004,115.55666666666666,-0.7818314824680299,0.6234898018587334,0.8660254037844387,-0.4999999999999998,0.9760105506323683,-0.21772323039653177,274.1,124.8
2019-04-15,Punjab,NR,31.51997398,75.98000281,274.1,2019,4,0,105,0,0,26.8,50,250.6,101.6,87.5,168.84285714285716,84.05063666510516,121.77666666666666,0.0,1.0,0.8660254037844387,-0.4999999999999998,0.9721181966290613,-0.23449138957040985,269.4,124.9
2019-04-16,Punjab,NR,31.51997398,75.98000281,269.4,2019,4,1,106,0,0,23.4,60,274.1,101.6,81.5,192.81428571428572,85.59087623828891,128.04,0.7818314824680298,0.6234898018587336,0.8660254037844387,-0.4999999999999998,0.9679377830240642,-0.25119006388481935,281.89599999999996,121.8
2019-04-17,Punjab,NR,31.51997398,75.98000281,281.89599999999996,2019,4,2,107,0,1,18.6,88,269.4,106.8,89.6,217.828,81.76397100597954,134.44986666666668,0.9749279121818236,-0.22252093395631434,0.8660254037844387,-0.4999999999999998,0.9634705485641488,-0.2678143051621742,281.5,113.0
2019-04-18,Punjab,NR,31.51997398,75.98000281,281.5,2019,4,3,108,0,0,20.0,77,281.89599999999996,105.9,96.5,242.9137142857143,67.37120638599816,140.61653333333334,0.43388373911755823,-0.900968867902419,0.8660254037844387,-0.4999999999999998,0.9587178169872964,-0.2843591872810034,281.89599999999996,96.9
2019-04-19,Punjab,NR,31.51997398,75.98000281,281.89599999999996,2019,4,4,109,0,1,21.9,66,281.5,93.1,103.4,269.8845714285714,14.240531156492953,146.56640000000002,-0.433883739117558,-0.9009688679024191,0.8660254037844387,-0.4999999999999998,0.9536809966304457,-0.30081980763566735,121.8,97.8
2019-04-20,Punjab,NR,31.51997398,75.98000281,121.8,2019,4,5,110,1,0,23.3,62,281.89599999999996,249.8,109.0,251.5988571428571,58.3121417071624,146.9930666666667,-0.9749279121818236,-0.2225209339563146,0.8660254037844387,-0.4999999999999998,0.9483615800121715,-0.3171912885891061,124.8,112.8
2019-04-21,Punjab,NR,31.51997398,75.98000281,124.8,2019,4,6,111,1,0,24.9,57,121.8,250.6,109.0,233.62742857142854,75.51818982394714,147.51973333333336,-0.7818314824680299,0.6234898018587334,0.8660254037844387,-0.4999999999999998,0.9427611433904207,-0.3334687789181868,124.9,118.6
2019-04-22,Punjab,NR,31.51997398,75.98000281,124.9,2019,4,0,112,0,0,26.6,51,124.8,274.1,101.7,212.31314285714285,82.88698653674685,148.29306666666668,0.0,1.0,0.8660254037844387,-0.4999999999999998,0.9368813462954315,-0.3496474552512284,121.8,121.2
2019-04-23,Punjab,NR,31.51997398,75.98000281,121.8,2019,4,1,113,0,0,28.0,48,124.9,269.4,100.3,191.22742857142856,84.69846866552967,149.00973333333334,0.7818314824680298,0.6234898018587336,0.8660254037844387,-0.4999999999999998,0.9307239310379795,-0.36572252349726897,113.0,123.3
2019-04-24,Punjab,NR,31.51997398,75.98000281,113.0,2019,4,2,114,0,0,28.6,45,121.8,281.89599999999996,98.0,167.09942857142855,78.38643761701199,149.50973333333334,0.9749279121818236,-0.22252093395631434,0.8660254037844387,-0.4999999999999998,0.9242907221930933,-0.3816892202666588,96.9,120.9
2019-04-25,Punjab,NR,31.51997398,75.98000281,96.9,2019,4,3,115,0,0,29.2,40,113.0,281.5,99.4,140.728,63.03293441791624,149.42639999999997,0.43388373911755823,-0.900968867902419,0.8660254037844387,-0.4999999999999998,0.9175836260593937,-0.39754281428255595,97.8,122.1
2019-04-26,Punjab,NR,31.51997398,75.98000281,97.8,2019,4,4,116,0,0,28.4,38,96.9,281.89599999999996,102.8,114.42857142857143,12.32676144082644,149.25973333333334,-0.433883739117558,-0.9009688679024191,0.8660254037844387,-0.4999999999999998,0.9106046300942162,-0.4132786077829042,112.8,113.8
2019-04-27,Punjab,NR,31.51997398,75.98000281,112.8,2019,4,5,117,1,0,28.3,34,97.8,121.8,101.4,113.14285714285714,11.891433491223351,149.63973333333334,-0.9749279121818236,-0.2225209339563146,0.8660254037844387,-0.4999999999999998,0.9033558023246845,-0.4288919379124835,118.6,213.9
2019-04-28,Punjab,NR,31.51997398,75.98000281,118.6,2019,4,6,118,1,0,29.1,29,112.8,124.8,92.9,112.25714285714285,11.081795453634232,150.4964,-0.7818314824680299,0.6234898018587334,0.8660254037844387,-0.4999999999999998,0.895839290734909,-0.4443781781046132,121.2,220.3
2019-04-29,Punjab,NR,31.51997398,75.98000281,121.2,2019,4,0,119,0,0,28.6,29,118.6,124.9,118.3,111.72857142857143,10.448399285012295,150.5930666666667,0.0,1.0,0.8660254037844387,-0.4999999999999998,0.8880573226294932,-0.45973273945210397,123.3,222.9
2019-04-30,Punjab,NR,31.51997398,75.98000281,123.3,2019,4,1,120,0,0,30.0,26,121.2,121.8,123.5,111.94285714285715,10.701691010124911,150.5864,0.7818314824680298,0.6234898018587336,0.8660254037844387,-0.4999999999999998,0.8800122039735357,-0.47495107206704995,120.9,219.3
2019-05-02,Punjab,NR,31.51997398,75.98000281,120.9,2019,5,3,122,0,0,28.9,29,123.3,113.0,126.9,113.07142857142857,11.23502177504397,150.38639999999998,0.43388373911755823,-0.900968867902419,0.49999999999999994,-0.8660254037844387,0.8631421280499114,-0.5049610547215204,122.1,197.7
2019-05-03,Punjab,NR,31.51997398,75.98000281,122.1,2019,5,4,123,0,0,27.9,29,120.9,96.9,129.8,116.67142857142856,9.005871100882596,150.12973333333332,-0.433883739117558,-0.9009688679024191,0.49999999999999994,-0.8660254037844387,0.854322169749827,-0.5197438121555155,113.8,165.1
2019-05-04,Punjab,NR,31.51997398,75.98000281,113.8,2019,5,5,124,1,0,26.8,31,122.1,97.8,131.5,118.95714285714287,4.126684360297242,149.53973333333334,-0.9749279121818236,-0.2225209339563146,0.49999999999999994,-0.8660254037844387,0.8452490573530633,-0.5343725582809786,213.9,122.6
2019-05-05,Punjab,NR,31.51997398,75.98000281,213.9,2019,5,6,125,1,0,28.8,25,113.8,112.8,130.8,133.4,35.6329435588286,152.30973333333336,-0.7818314824680299,0.6234898018587334,0.49999999999999994,-0.8660254037844387,0.8359254794186372,-0.548842958284719,220.3,245.9
2019-05-06,Punjab,NR,31.51997398,75.98000281,220.3,2019,5,0,126,0,0,28.9,24,213.9,118.6,121.4,147.92857142857142,47.387154176552734,155.60639999999998,0.0,1.0,0.49999999999999994,-0.8660254037844387,0.8263541987239096,-0.5631507242749186,222.9,253.7
2019-05-07,Punjab,NR,31.51997398,75.98000281,222.9,2019,5,1,127,0,0,28.8,24,220.3,121.2,101.8,162.45714285714286,53.07541355288267,159.64306666666667,0.7818314824680298,0.6234898018587336,0.49999999999999994,-0.8660254037844387,0.8165380514459161,-0.5772916165517272,219.3,264.8
2019-05-08,Punjab,NR,31.51997398,75.98000281,219.3,2019,5,2,128,0,0,30.3,24,222.9,123.3,100.3,176.17142857142858,53.67068455826121,163.60973333333334,0.9749279121818236,-0.22252093395631434,0.49999999999999994,-0.8660254037844387,0.8064799463209448,-0.5912614448635781,197.7,229.6
2019-05-09,Punjab,NR,31.51997398,75.98000281,197.7,2019,5,3,129,0,0,30.5,25,219.3,120.9,101.6,187.14285714285714,48.04372512419827,166.81306666666666,0.43388373911755823,-0.900968867902419,0.49999999999999994,-0.8660254037844387,0.7961828637826158,-0.6050560696488488,165.1,220.4
2019-05-10,Punjab,NR,31.51997398,75.98000281,165.1,2019,5,4,130,0,0,30.5,29,197.7,122.1,101.6,193.28571428571428,40.497671890757175,168.92973333333333,-0.433883739117558,-0.9009688679024191,0.49999999999999994,-0.8660254037844387,0.7856498550787147,-0.6186714032625031,122.6,206.3
2019-05-11,Punjab,NR,31.51997398,75.98000281,122.6,2019,5,5,131,1,0,30.1,32,165.1,113.8,106.8,194.54285714285717,37.655891842793814,169.4564,-0.9749279121818236,-0.2225209339563146,0.49999999999999994,-0.8660254037844387,0.7748840413670407,-0.6321034111873487,245.9,210.9
2019-05-12,Punjab,NR,31.51997398,75.98000281,245.9,2019,5,6,132,1,0,28.9,38,122.6,213.9,105.9,199.1142857142857,42.08002014303332,174.12306666666663,-0.7818314824680299,0.6234898018587334,0.49999999999999994,-0.8660254037844387,0.7638886127905428,-0.6453481132295501,253.7,122.1
2019-05-13,Punjab,NR,31.51997398,75.98000281,253.7,2019,5,0,133,0,0,29.5,36,245.9,220.3,93.1,203.8857142857143,46.53989072367298,179.4764,0.0,1.0,0.49999999999999994,-0.8660254037844387,0.7526668275320085,-0.6584015846980488,264.8,129.0
2019-05-14,Punjab,NR,31.51997398,75.98000281,264.8,2019,5,1,134,0,0,26.6,52,253.7,222.9,249.8,209.87142857142857,51.79120627692544,179.97639999999998,0.7818314824680298,0.6234898018587336,0.49999999999999994,-0.8660254037844387,0.7412220108485958,-0.6712599575675313,229.6,108.6
2019-05-15,Punjab,NR,31.51997398,75.98000281,229.6,2019,5,2,135,0,0,27.5,51,264.8,219.3,250.6,211.34285714285713,52.248025708883816,179.2764,0.9749279121818236,-0.22252093395631434,0.49999999999999994,-0.8660254037844387,0.7295575540864875,-0.6839194216246106,220.4,126.4
2019-05-16,Punjab,NR,31.51997398,75.98000281,220.4,2019,5,3,136,0,0,27.3,51,229.6,197.7,274.1,214.58571428571426,51.96381524905661,177.48639999999997,0.43388373911755823,-0.900968867902419,0.49999999999999994,-0.8660254037844387,0.717676913675962,-0.6963762255968722,206.3,132.7
2019-05-17,Punjab,NR,31.51997398,75.98000281,206.3,2019,5,4,137,0,0,25.2,66,220.4,165.1,269.4,220.47142857142856,47.57232088395211,175.38306666666665,-0.433883739117558,-0.9009688679024191,0.49999999999999994,-0.8660254037844387,0.705583610107178,-0.7086266782644596,210.9,133.3
2019-05-18,Punjab,NR,31.51997398,75.98000281,210.9,2019,5,5,138,1,1,26.0,62,206.3,122.6,281.89599999999996,233.08571428571426,22.277449627476454,173.01653333333334,-0.9749279121818236,-0.2225209339563146,0.49999999999999994,-0.8660254037844387,0.6932812268869777,-0.7206671495538609,122.1,126.3
2019-05-19,Punjab,NR,31.51997398,75.98000281,122.1,2019,5,6,139,1,0,27.4,53,210.9,245.9,281.5,215.4,46.4432269909545,167.70319999999998,-0.7818314824680299,0.6234898018587334,0.49999999999999994,-0.8660254037844387,0.6807734094770161,-0.7324940716135789,129.0,86.3
2019-05-20,Punjab,NR,31.51997398,75.98000281,129.0,2019,5,0,140,0,0,27.7,48,122.1,253.7,281.89599999999996,197.58571428571426,52.786470127973345,162.60666666666665,0.0,1.0,0.49999999999999994,-0.8660254037844387,0.6680638642135335,-0.7441039398713607,108.6,74.7
2019-05-21,Punjab,NR,31.51997398,75.98000281,108.6,2019,5,1,141,0,0,29.1,39,129.0,264.8,121.8,175.27142857142857,52.65243629329079,162.16666666666666,0.7818314824680298,0.6234898018587336,0.49999999999999994,-0.8660254037844387,0.6551563572090853,-0.7554933140726803,126.4,69.6
2019-05-22,Punjab,NR,31.51997398,75.98000281,126.4,2019,5,2,142,0,0,29.9,36,108.6,229.6,124.8,160.52857142857144,49.2426547580352,162.21999999999997,0.9749279121818236,-0.22252093395631434,0.49999999999999994,-0.8660254037844387,0.6420547132365637,-0.766658819300159,132.7,63.368
2019-05-23,Punjab,NR,31.51997398,75.98000281,132.7,2019,5,3,143,0,0,28.8,43,126.4,220.4,124.9,148.0,42.11120199345221,162.48,0.43388373911755823,-0.900968867902419,0.49999999999999994,-0.8660254037844387,0.6287628145958344,-0.7775971469736269,133.3,66.9
2019-05-24,Punjab,NR,31.51997398,75.98000281,133.3,2019,5,4,144,0,0,27.2,50,132.7,206.3,121.8,137.57142857142858,33.40667170320496,162.86333333333332,-0.433883739117558,-0.9009688679024191,0.49999999999999994,-0.8660254037844387,0.6152845999633276,-0.7883050558305255,126.3,63.368
2019-05-25,Punjab,NR,31.51997398,75.98000281,126.3,2019,5,5,145,1,0,26.7,54,133.3,210.9,113.0,125.48571428571428,8.401870540030304,163.30666666666667,-0.9749279121818236,-0.2225209339563146,0.49999999999999994,-0.8660254037844387,0.6016240632249226,-0.7987793728863649,86.3,63.368
2019-05-26,Punjab,NR,31.51997398,75.98000281,86.3,2019,5,6,146,1,0,27.6,50,126.3,122.1,96.9,120.37142857142855,17.148927496660395,162.95333333333335,-0.7818314824680299,0.6234898018587334,0.49999999999999994,-0.8660254037844387,0.5877852522924732,-0.8090169943749473,74.7,113.4
2019-05-27,Punjab,NR,31.51997398,75.98000281,74.7,2019,5,0,147,0,0,29.0,39,86.3,129.0,97.8,112.61428571428571,23.645748636307314,162.18333333333334,0.0,1.0,0.49999999999999994,-0.8660254037844387,0.5737722679043246,-0.8190148866680801,69.6,119.7
2019-05-28,Punjab,NR,31.51997398,75.98000281,69.6,2019,5,1,148,0,0,30.4,31,74.7,108.6,112.8,107.04285714285716,28.785288901500675,160.74333333333334,0.7818314824680298,0.6234898018587336,0.49999999999999994,-0.8660254037844387,0.5595892624101765,-0.8287700871745038,63.368,124.5
2019-05-29,Punjab,NR,31.51997398,75.98000281,63.368,2019,5,2,149,0,0,31.6,30,69.6,126.4,118.6,98.03828571428572,31.455723282704785,158.90226666666666,0.9749279121818236,-0.22252093395631434,0.49999999999999994,-0.8660254037844387,0.545240438540651,-0.8382797052177744,66.9,125.7
2019-05-30,Punjab,NR,31.51997398,75.98000281,66.9,2019,5,3,150,0,0,32.7,27,63.368,132.7,121.2,88.63828571428573,29.11589933189017,157.09226666666666,0.43388373911755823,-0.900968867902419,0.49999999999999994,-0.8660254037844387,0.5307300481619334,-0.8475409228928311,63.368,122.0
2019-05-31,Punjab,NR,31.51997398,75.98000281,63.368,2019,5,4,151,0,0,33.8,24,66.9,133.3,123.3,78.64800000000001,22.47847681672404,155.09453333333335,-0.433883739117558,-0.9009688679024191,0.49999999999999994,-0.8660254037844387,0.5160623910158528,-0.8565509959010036,63.368,117.0
2019-06-02,Punjab,NR,31.51997398,75.98000281,63.368,2019,6,6,153,1,0,32.8,33,63.368,126.3,120.9,69.65771428571428,8.452614540568417,153.17680000000001,-0.7818314824680299,0.6234898018587334,1.2246467991473532e-16,-1.0,0.48627270710868997,-0.8738071036110808,113.4,90.7
2019-06-03,Punjab,NR,31.51997398,75.98000281,113.4,2019,6,0,154,0,0,32.9,37,63.368,86.3,122.1,73.52914285714284,18.074781358092757,152.88680000000002,0.0,1.0,1.2246467991473532e-16,-1.0,0.4711595076738638,-0.8820480249558537,119.7,102.8
2019-06-04,Punjab,NR,31.51997398,75.98000281,119.7,2019,6,1,155,0,0,32.1,45,113.4,74.7,113.8,79.95771428571427,25.170345499643606,153.08346666666665,0.7818314824680298,0.6234898018587336,1.2246467991473532e-16,-1.0,0.4559066935084588,-0.8900275764346767,124.5,92.4
2019-06-05,Punjab,NR,31.51997398,75.98000281,124.5,2019,6,2,156,0,1,34.4,27,119.7,69.6,213.9,87.80057142857143,29.573180050270466,150.10346666666663,0.9749279121818236,-0.22252093395631434,1.2246467991473532e-16,-1.0,0.440518784350495,-0.8977433935342337,125.7,105.3
2019-06-06,Punjab,NR,31.51997398,75.98000281,125.7,2019,6,3,157,0,0,33.3,24,124.5,63.368,220.3,96.70514285714286,30.363943153179644,146.95013333333335,0.43388373911755823,-0.900968867902419,1.2246467991473532e-16,-1.0,0.42500033996955416,-0.9051931898913974,122.0,104.0
2019-06-07,Punjab,NR,31.51997398,75.98000281,122.0,2019,6,4,158,0,0,31.5,32,125.7,66.9,222.9,104.57657142857144,28.42997773980338,143.5868,-0.433883739117558,-0.9009688679024191,1.2246467991473532e-16,-1.0,0.4093559588156213,-0.9123747579707273,117.0,105.3
2019-06-08,Punjab,NR,31.51997398,75.98000281,117.0,2019,6,5,159,1,0,31.9,31,122.0,63.368,219.3,112.23828571428571,21.965366540035173,140.17680000000001,-0.9749279121818236,-0.2225209339563146,1.2246467991473532e-16,-1.0,0.39359027665646673,-0.9192859697186104,90.7,95.3
2019-06-09,Punjab,NR,31.51997398,75.98000281,90.7,2019,6,6,160,1,0,33.2,29,117.0,63.368,197.7,116.14285714285714,11.998174464317147,136.61013333333332,-0.7818314824680299,0.6234898018587334,1.2246467991473532e-16,-1.0,0.3777079652039649,-0.9259247771938498,102.8,97.9
2019-06-10,Punjab,NR,31.51997398,75.98000281,102.8,2019,6,0,161,0,0,33.9,27,90.7,113.4,165.1,114.62857142857145,13.026858701123967,134.53346666666667,0.0,1.0,1.2246467991473532e-16,-1.0,0.36171373072976765,-0.9322892131745133,92.4,146.2
2019-06-11,Punjab,NR,31.51997398,75.98000281,92.4,2019,6,1,162,0,0,34.7,24,102.8,119.7,122.6,110.72857142857143,15.166378856505235,133.5268,0.7818314824680298,0.6234898018587336,1.2246467991473532e-16,-1.0,0.3456123126707335,-0.9383773917408641,105.3,158.9
2019-06-12,Punjab,NR,31.51997398,75.98000281,105.3,2019,6,2,163,0,0,34.1,28,92.4,124.5,245.9,107.98571428571428,13.947930380696743,128.8401333333333,0.9749279121818236,-0.22252093395631434,1.2246467991473532e-16,-1.0,0.3294084822245304,-0.9441875088341993,104.0,169.5
2019-06-13,Punjab,NR,31.51997398,75.98000281,104.0,2019,6,3,164,0,0,34.0,33,105.3,125.7,253.7,104.88571428571427,11.562068524767948,123.85013333333333,0.43388373911755823,-0.900968867902419,1.2246467991473532e-16,-1.0,0.3131070409358269,-0.9497178427914316,105.3,161.7
2019-06-14,Punjab,NR,31.51997398,75.98000281,105.3,2019,6,4,165,0,0,33.1,26,104.0,122.0,264.8,102.5,8.846091415610303,118.53346666666667,-0.433883739117558,-0.9009688679024191,1.2246467991473532e-16,-1.0,0.29671281927349075,-0.9549667548552551,95.3,139.4
2019-06-15,Punjab,NR,31.51997398,75.98000281,95.3,2019,6,5,166,1,0,33.6,25,105.3,117.0,229.6,99.39999999999999,6.374950980203749,114.05680000000001,-0.9749279121818236,-0.2225209339563146,1.2246467991473532e-16,-1.0,0.28023067519921585,-0.9599326896597447,97.9,142.4
2019-06-16,Punjab,NR,31.51997398,75.98000281,97.9,2019,6,6,167,1,0,31.7,39,95.3,90.7,220.4,100.42857142857143,5.212073894882449,109.97346666666665,-0.7818314824680299,0.6234898018587334,1.2246467991473532e-16,-1.0,0.26366549272800704,-0.9646141756912435,146.2,150.2
2019-06-17,Punjab,NR,31.51997398,75.98000281,146.2,2019,6,0,168,0,0,30.5,48,97.9,102.8,206.3,106.62857142857142,18.181099552897837,107.97013333333334,0.0,1.0,1.2246467991473532e-16,-1.0,0.24702218048093552,-0.9690098257244062,158.9,105.1
2019-06-18,Punjab,NR,31.51997398,75.98000281,158.9,2019,6,1,169,0,0,27.9,60,146.2,92.4,210.9,116.12857142857142,25.434275711181215,106.2368,0.7818314824680298,0.6234898018587336,1.2246467991473532e-16,-1.0,0.23030567023061221,-0.9731183372332619,169.5,106.5
2019-06-19,Punjab,NR,31.51997398,75.98000281,169.5,2019,6,2,170,0,0,30.2,53,158.9,105.3,122.1,125.3,31.685590836635328,107.81680000000001,0.9749279121818236,-0.22252093395631434,1.2246467991473532e-16,-1.0,0.21352091543979612,-0.9769384927771817,161.7,111.2
2019-06-20,Punjab,NR,31.51997398,75.98000281,161.7,2019,6,3,171,0,0,30.2,53,169.5,104.0,129.0,133.54285714285714,32.70962432999692,108.9068,0.43388373911755823,-0.900968867902419,1.2246467991473532e-16,-1.0,0.19667288979357647,-0.980469160361632,139.4,111.0
2019-06-21,Punjab,NR,31.51997398,75.98000281,139.4,2019,6,4,172,0,0,30.3,53,161.7,105.3,108.6,138.4142857142857,30.24910073437057,109.93346666666666,-0.433883739117558,-0.9009688679024191,1.2246467991473532e-16,-1.0,0.1797665857255624,-0.9837092937736097,142.4,112.9
2019-06-22,Punjab,NR,31.51997398,75.98000281,142.4,2019,6,5,173,1,0,31.8,44,139.4,95.3,126.4,145.14285714285714,23.55906457840648,110.4668,-0.9749279121818236,-0.2225209339563146,1.2246467991473532e-16,-1.0,0.16280701293851715,-0.986657932891657,150.2,114.3
2019-06-23,Punjab,NR,31.51997398,75.98000281,150.2,2019,6,6,174,1,0,32.4,48,142.4,97.9,132.7,152.6142857142857,11.053721631412916,111.05013333333333,-0.7818314824680299,0.6234898018587334,1.2246467991473532e-16,-1.0,0.1457991969198751,-0.9893142039703663,105.1,99.3
2019-06-24,Punjab,NR,31.51997398,75.98000281,105.1,2019,6,0,175,0,0,29.8,65,150.2,146.2,133.3,146.74285714285716,21.245615794233732,110.11013333333334,0.0,1.0,1.2246467991473532e-16,-1.0,0.12874817745258132,-0.99167731989929,106.5,163.9
2019-06-25,Punjab,NR,31.51997398,75.98000281,106.5,2019,6,1,176,0,0,30.6,64,105.1,158.9,126.3,139.25714285714284,25.125342925875856,109.45013333333333,0.7818314824680298,0.6234898018587336,1.2246467991473532e-16,-1.0,0.11165900712169512,-0.993746580436178,111.2,192.4
2019-06-26,Punjab,NR,31.51997398,75.98000281,111.2,2019,6,2,177,0,0,32.6,44,106.5,169.5,86.3,130.92857142857142,23.00258784613265,110.28013333333334,0.9749279121818236,-0.22252093395631434,1.2246467991473532e-16,-1.0,0.09453674981719912,-0.9955213724144752,111.0,209.5
2019-06-27,Punjab,NR,31.51997398,75.98000281,111.0,2019,6,3,178,0,0,32.5,44,111.2,161.7,74.7,123.68571428571428,19.398318532923497,111.49013333333333,0.43388373911755823,-0.900968867902419,1.2246467991473532e-16,-1.0,0.07738647923346301,-0.9970011699250151,112.9,221.9
2019-06-28,Punjab,NR,31.51997398,75.98000281,112.9,2019,6,4,179,0,0,32.8,46,111.0,139.4,69.6,119.89999999999999,18.379517585254174,112.93346666666666,-0.433883739117558,-0.9009688679024191,1.2246467991473532e-16,-1.0,0.06021327736579302,-0.9981855344718586,114.3,239.1
2019-06-29,Punjab,NR,31.51997398,75.98000281,114.3,2019,6,5,180,1,0,33.7,44,112.9,142.4,63.368,115.88571428571429,15.487352751135212,114.6312,-0.9749279121818236,-0.2225209339563146,1.2246467991473532e-16,-1.0,0.04302223300453059,-0.99907411510223,99.3,245.6
2019-06-30,Punjab,NR,31.51997398,75.98000281,99.3,2019,6,6,181,1,0,32.9,46,114.3,150.2,66.9,108.61428571428571,5.270176648345035,115.7112,-0.7818314824680299,0.6234898018587334,1.2246467991473532e-16,-1.0,0.02581844022713308,-0.9996666485105112,163.9,239.4
2019-07-01,Punjab,NR,31.51997398,75.98000281,163.9,2019,7,0,182,0,0,33.0,49,99.3,105.1,63.368,117.01428571428572,21.279444586378716,119.06226666666666,0.0,1.0,-0.4999999999999997,-0.8660254037844388,0.008606996888688698,-0.9999629591162655,192.4,76.6
2019-07-02,Punjab,NR,31.51997398,75.98000281,192.4,2019,7,1,183,0,0,33.6,45,163.9,106.5,63.368,129.28571428571428,34.72565951240423,123.36333333333333,0.7818314824680298,0.6234898018587336,-0.4999999999999997,-0.8660254037844388,-0.008606996888688009,-0.9999629591162655,209.5,74.85
2019-07-03,Punjab,NR,31.51997398,75.98000281,209.5,2019,7,2,184,0,0,33.4,52,192.4,111.2,113.4,143.32857142857142,44.65059590067884,126.56666666666666,0.9749279121818236,-0.22252093395631434,-0.4999999999999997,-0.8660254037844388,-0.02581844022713239,-0.9996666485105112,221.9,87.35
2019-07-04,Punjab,NR,31.51997398,75.98000281,221.9,2019,7,3,185,0,0,32.2,62,209.5,111.0,119.7,159.17142857142858,50.55263640621577,129.97333333333333,0.43388373911755823,-0.900968867902419,-0.4999999999999997,-0.8660254037844388,-0.04302223300453034,-0.99907411510223,239.1,96.2
2019-07-05,Punjab,NR,31.51997398,75.98000281,239.1,2019,7,4,186,0,0,30.6,69,221.9,112.9,124.5,177.20000000000002,53.70558630161303,133.79333333333332,-0.433883739117558,-0.9009688679024191,-0.4999999999999997,-0.8660254037844388,-0.060213277365792774,-0.9981855344718586,245.6,102.65
2019-07-06,Punjab,NR,31.51997398,75.98000281,245.6,2019,7,5,187,1,0,30.7,70,239.1,114.3,125.7,195.95714285714286,50.93308869300517,137.79,-0.9749279121818236,-0.2225209339563146,-0.4999999999999997,-0.8660254037844388,-0.07738647923346322,-0.9970011699250151,239.4,104.4
2019-07-07,Punjab,NR,31.51997398,75.98000281,239.4,2019,7,6,188,1,0,30.3,71,245.6,99.3,122.0,215.9714285714286,29.737054005943328,141.70333333333335,-0.7818314824680299,0.6234898018587334,-0.4999999999999997,-0.8660254037844388,-0.09453674981719933,-0.9955213724144752,76.6,106.3
2019-07-08,Punjab,NR,31.51997398,75.98000281,76.6,2019,7,0,189,0,0,30.9,70,239.4,163.9,117.0,203.5,59.06205775848548,140.35666666666665,0.0,1.0,-0.4999999999999997,-0.8660254037844388,-0.11165900712169444,-0.9937465804361781,74.85,102.7
2019-07-09,Punjab,NR,31.51997398,75.98000281,74.85,2019,7,1,190,0,0,27.6,84,76.6,192.4,90.7,186.70714285714283,76.79363270356163,139.82833333333335,0.7818314824680298,0.6234898018587336,-0.4999999999999997,-0.8660254037844388,-0.12874817745258066,-0.99167731989929,87.35,98.9
2019-07-10,Punjab,NR,31.51997398,75.98000281,87.35,2019,7,2,191,0,0,28.4,83,74.85,209.5,102.8,169.25714285714284,84.26583149262137,139.31333333333333,0.9749279121818236,-0.22252093395631434,-0.4999999999999997,-0.8660254037844388,-0.14579919691987442,-0.9893142039703664,96.2,124.5
2019-07-11,Punjab,NR,31.51997398,75.98000281,96.2,2019,7,3,192,0,0,29.1,79,87.35,221.9,92.4,151.3,84.5707248402188,139.44,0.43388373911755823,-0.900968867902419,-0.4999999999999997,-0.8660254037844388,-0.16280701293851646,-0.9866579328916572,102.65,130.5
2019-07-12,Punjab,NR,31.51997398,75.98000281,102.65,2019,7,4,193,0,0,27.9,84,96.2,239.1,105.3,131.80714285714285,76.27955945386805,139.35166666666666,-0.433883739117558,-0.9009688679024191,-0.4999999999999997,-0.8660254037844388,-0.17976658572556214,-0.9837092937736098,104.4,124.2
2019-07-13,Punjab,NR,31.51997398,75.98000281,104.4,2019,7,5,194,1,0,27.5,83,102.65,245.6,104.0,111.63571428571429,57.54065022722134,139.36499999999998,-0.9749279121818236,-0.2225209339563146,-0.4999999999999997,-0.8660254037844388,-0.19667288979357622,-0.9804691603616321,106.3,115.1
2019-07-14,Punjab,NR,31.51997398,75.98000281,106.3,2019,7,6,195,1,0,26.3,85,104.4,239.4,105.3,92.62142857142858,13.162537025679294,139.39833333333334,-0.7818314824680299,0.6234898018587334,-0.4999999999999997,-0.8660254037844388,-0.2135209154397959,-0.9769384927771817,102.7,114.6
2019-07-15,Punjab,NR,31.51997398,75.98000281,102.7,2019,7,0,196,0,0,26.2,84,106.3,76.6,95.3,96.35000000000001,11.453456537948016,139.64499999999998,0.0,1.0,-0.4999999999999997,-0.8660254037844388,-0.23030567023061196,-0.973118337233262,98.9,119.6
2019-07-16,Punjab,NR,31.51997398,75.98000281,98.9,2019,7,1,197,0,0,25.5,86,102.7,74.85,97.9,99.78571428571429,6.4383431024417686,139.67833333333334,0.7818314824680298,0.6234898018587336,-0.4999999999999997,-0.8660254037844388,-0.24702218048093527,-0.9690098257244063,124.5,117.9
2019-07-17,Punjab,NR,31.51997398,75.98000281,124.5,2019,7,2,198,0,0,26.2,84,98.9,87.35,146.2,105.09285714285716,9.198751209241486,138.95499999999998,0.9749279121818236,-0.22252093395631434,-0.4999999999999997,-0.8660254037844388,-0.2636654927280072,-0.9646141756912435,130.5,96.6
2019-07-18,Punjab,NR,31.51997398,75.98000281,130.5,2019,7,3,199,0,0,27.6,82,124.5,96.2,158.9,109.99285714285715,12.28869495957655,138.00833333333333,0.43388373911755823,-0.900968867902419,-0.4999999999999997,-0.8660254037844388,-0.2802306751992161,-0.9599326896597445,124.2,96.3
2019-07-19,Punjab,NR,31.51997398,75.98000281,124.2,2019,7,4,200,0,0,27.7,82,130.5,102.65,169.5,113.07142857142858,12.830005752884375,136.49833333333333,-0.433883739117558,-0.9009688679024191,-0.4999999999999997,-0.8660254037844388,-0.2967128192734901,-0.9549667548552553,115.1,101.0
2019-07-20,Punjab,NR,31.51997398,75.98000281,115.1,2019,7,5,201,1,0,28.1,84,124.2,104.4,161.7,114.6,12.248945532847527,134.945,-0.9749279121818236,-0.2225209339563146,-0.4999999999999997,-0.8660254037844388,-0.3131070409358267,-0.9497178427914317,114.6,97.9
2019-07-21,Punjab,NR,31.51997398,75.98000281,114.6,2019,7,6,202,1,0,28.5,83,115.1,106.3,139.4,115.78571428571429,11.701058153208226,134.1183333333333,-0.7818314824680299,0.6234898018587334,-0.4999999999999997,-0.8660254037844388,-0.3294084822245302,-0.9441875088341994,119.6,102.1
2019-07-22,Punjab,NR,31.51997398,75.98000281,119.6,2019,7,0,203,0,0,29.2,81,114.6,102.7,142.4,118.2,10.198039027185523,133.35833333333332,0.0,1.0,-0.4999999999999997,-0.8660254037844388,-0.3456123126707333,-0.9383773917408642,117.9,102.4
2019-07-23,Punjab,NR,31.51997398,75.98000281,117.9,2019,7,1,204,0,0,30.0,79,119.6,98.9,150.2,120.91428571428571,5.773915070218349,132.28166666666667,0.7818314824680298,0.6234898018587336,-0.4999999999999997,-0.8660254037844388,-0.3617137307297674,-0.9322892131745134,96.6,98.4
2019-07-24,Punjab,NR,31.51997398,75.98000281,96.6,2019,7,2,205,0,0,29.9,81,117.9,124.5,105.1,116.92857142857143,10.544779796296357,131.99833333333333,0.9749279121818236,-0.22252093395631434,-0.4999999999999997,-0.8660254037844388,-0.37770796520396466,-0.9259247771938499,96.3,232.0
2019-07-25,Punjab,NR,31.51997398,75.98000281,96.3,2019,7,3,206,0,0,26.6,89,96.6,130.5,106.5,112.04285714285713,11.11618296941545,131.65833333333333,0.43388373911755823,-0.900968867902419,-0.4999999999999997,-0.8660254037844388,-0.39359027665646645,-0.9192859697186105,101.0,206.1
2019-07-26,Punjab,NR,31.51997398,75.98000281,101.0,2019,7,4,207,0,0,27.2,84,96.3,124.2,111.2,108.72857142857141,10.317253233574917,131.31833333333333,-0.433883739117558,-0.9009688679024191,-0.4999999999999997,-0.8660254037844388,-0.4093559588156211,-0.9123747579707274,97.9,246.5
2019-07-27,Punjab,NR,31.51997398,75.98000281,97.9,2019,7,5,208,1,0,26.2,91,101.0,115.1,111.0,106.27142857142859,10.591461071025332,130.88166666666666,-0.9749279121818236,-0.2225209339563146,-0.4999999999999997,-0.8660254037844388,-0.42500033996955394,-0.9051931898913975,102.1,228.4
2019-07-28,Punjab,NR,31.51997398,75.98000281,102.1,2019,7,6,209,1,0,28.0,84,97.9,114.6,112.9,104.48571428571428,9.989899661062292,130.52166666666668,-0.7818314824680299,0.6234898018587334,-0.4999999999999997,-0.8660254037844388,-0.4405187843504952,-0.8977433935342336,102.4,242.1
2019-07-29,Punjab,NR,31.51997398,75.98000281,102.4,2019,7,0,210,0,0,28.5,83,102.1,119.6,114.3,102.02857142857144,7.443501480198095,130.125,0.0,1.0,-0.4999999999999997,-0.8660254037844388,-0.455906693508459,-0.8900275764346766,98.4,263.8
2019-07-30,Punjab,NR,31.51997398,75.98000281,98.4,2019,7,1,211,0,0,28.2,85,102.4,117.9,99.3,99.24285714285715,2.56180739768892,130.095,0.7818314824680298,0.6234898018587336,-0.4999999999999997,-0.8660254037844388,-0.47115950767386394,-0.8820480249558535,232.0,259.3
2019-07-31,Punjab,NR,31.51997398,75.98000281,232.0,2019,7,2,212,0,0,26.4,86,98.4,96.6,163.9,118.58571428571429,50.06300791906895,132.365,0.9749279121818236,-0.22252093395631434,-0.4999999999999997,-0.8660254037844388,-0.4862727071086902,-0.8738071036110807,206.1,135.7
2019-08-01,Punjab,NR,31.51997398,75.98000281,206.1,2019,8,3,213,0,0,26.5,88,232.0,96.3,192.4,134.27142857142857,58.42036500758146,132.82166666666666,0.43388373911755823,-0.900968867902419,-0.8660254037844385,-0.5000000000000004,-0.5012418134457756,-0.8653072543632061,246.5,142.3
2019-08-02,Punjab,NR,31.51997398,75.98000281,246.5,2019,8,4,214,0,0,25.8,93,206.1,101.0,209.5,155.05714285714288,69.45211437009095,134.055,-0.433883739117558,-0.9009688679024191,-0.8660254037844385,-0.5000000000000004,-0.5160623910158526,-0.8565509959010037,228.4,143.6
2019-08-03,Punjab,NR,31.51997398,75.98000281,228.4,2019,8,5,215,1,0,27.5,87,246.5,97.9,221.9,173.7,69.06629665280555,134.27166666666668,-0.9749279121818236,-0.2225209339563146,-0.8660254037844385,-0.5000000000000004,-0.5307300481619331,-0.8475409228928312,242.1,145.4
2019-08-04,Punjab,NR,31.51997398,75.98000281,242.1,2019,8,6,216,1,0,28.6,86,228.4,102.1,239.1,193.70000000000002,65.0293779764193,134.37166666666667,-0.7818314824680299,0.6234898018587334,-0.8660254037844385,-0.5000000000000004,-0.5452404385406507,-0.8382797052177745,263.8,160.4
2019-08-05,Punjab,NR,31.51997398,75.98000281,263.8,2019,8,0,217,0,0,29.2,83,242.1,102.4,245.6,216.75714285714284,55.12080239930175,134.97833333333335,0.0,1.0,-0.8660254037844385,-0.5000000000000004,-0.5595892624101763,-0.828770087174504,259.3,168.2
2019-08-06,Punjab,NR,31.51997398,75.98000281,259.3,2019,8,1,218,0,0,28.2,87,263.8,98.4,239.4,239.74285714285716,19.718422616330333,135.64166666666668,0.7818314824680298,0.6234898018587336,-0.8660254037844385,-0.5000000000000004,-0.5737722679043243,-0.8190148866680802,135.7,171.0
2019-08-08,Punjab,NR,31.51997398,75.98000281,135.7,2019,8,3,220,0,0,29.7,77,259.3,232.0,76.6,225.9857142857143,44.29644186506153,137.61166666666668,0.43388373911755823,-0.900968867902419,-0.8660254037844385,-0.5000000000000004,-0.6016240632249227,-0.7987793728863648,142.3,130.8
2019-08-09,Punjab,NR,31.51997398,75.98000281,142.3,2019,8,4,221,0,0,27.1,88,135.7,206.1,74.85,216.87142857142857,54.46621932555131,139.86,-0.433883739117558,-0.9009688679024191,-0.8660254037844385,-0.5000000000000004,-0.6152845999633277,-0.7883050558305253,143.6,129.7
2019-08-10,Punjab,NR,31.51997398,75.98000281,143.6,2019,8,5,222,1,0,28.3,83,142.3,246.5,87.35,202.17142857142858,58.84674203062609,141.735,-0.9749279121818236,-0.2225209339563146,-0.8660254037844385,-0.5000000000000004,-0.6287628145958345,-0.7775971469736268,145.4,120.4
2019-08-11,Punjab,NR,31.51997398,75.98000281,145.4,2019,8,6,223,1,0,28.8,84,143.6,228.4,96.2,190.31428571428572,61.00348155560276,143.375,-0.7818314824680299,0.6234898018587334,-0.8660254037844385,-0.5000000000000004,-0.6420547132365636,-0.7666588193001592,160.4,110.3
2019-08-12,Punjab,NR,31.51997398,75.98000281,160.4,2019,8,0,224,0,1,27.8,88,145.4,242.1,102.65,178.64285714285714,57.13740331116613,145.3,0.0,1.0,-0.8660254037844385,-0.5000000000000004,-0.655156357209085,-0.7554933140726804,168.2,105.7
2019-08-13,Punjab,NR,31.51997398,75.98000281,168.2,2019,8,1,225,0,0,27.8,88,160.4,263.8,104.4,164.9857142857143,43.08864616777169,147.42666666666668,0.7818314824680298,0.6234898018587336,-0.8660254037844385,-0.5000000000000004,-0.6680638642135333,-0.7441039398713608,171.0,118.0
2019-08-14,Punjab,NR,31.51997398,75.98000281,171.0,2019,8,2,226,0,0,27.6,89,168.2,259.3,106.3,152.3714285714286,13.945933013572137,149.58333333333334,0.9749279121818236,-0.22252093395631434,-0.8660254037844385,-0.5000000000000004,-0.6807734094770159,-0.7324940716135792,130.8,114.3
2019-08-15,Punjab,NR,31.51997398,75.98000281,130.8,2019,8,3,227,0,1,28.0,85,171.0,135.7,102.7,151.67142857142858,15.004967431455523,150.52,0.43388373911755823,-0.900968867902419,-0.8660254037844385,-0.5000000000000004,-0.6932812268869771,-0.7206671495538615,129.7,103.0
2019-08-16,Punjab,NR,31.51997398,75.98000281,129.7,2019,8,4,228,0,0,27.0,89,130.8,142.3,98.9,149.8714285714286,16.946652991639397,151.54666666666665,-0.433883739117558,-0.9009688679024191,-0.8660254037844385,-0.5000000000000004,-0.7055836101071774,-0.70862667826446,120.4,105.0
2019-08-17,Punjab,NR,31.51997398,75.98000281,120.4,2019,8,5,229,1,0,25.6,92,129.7,143.6,124.5,146.55714285714288,20.31205365809956,151.41,-0.9749279121818236,-0.2225209339563146,-0.8660254037844385,-0.5000000000000004,-0.7176769136759615,-0.6963762255968726,110.3,109.4
2019-08-18,Punjab,NR,31.51997398,75.98000281,110.3,2019,8,6,230,1,0,25.9,83,120.4,145.4,130.5,141.54285714285714,24.538123885283373,150.73666666666665,-0.7818314824680299,0.6234898018587334,-0.8660254037844385,-0.5000000000000004,-0.7295575540864876,-0.6839194216246105,105.7,107.5
2019-08-19,Punjab,NR,31.51997398,75.98000281,105.7,2019,8,0,231,0,0,25.9,86,110.3,160.4,124.2,133.72857142857143,26.18649233769902,150.12,0.0,1.0,-0.8660254037844385,-0.5000000000000004,-0.7412220108485957,-0.6712599575675315,118.0,114.0
2019-08-20,Punjab,NR,31.51997398,75.98000281,118.0,2019,8,1,232,0,0,27.2,83,105.7,168.2,115.1,126.55714285714286,21.65447275913633,150.21666666666667,0.7818314824680298,0.6234898018587336,-0.8660254037844385,-0.5000000000000004,-0.7526668275320083,-0.6584015846980489,114.3,114.7
2019-08-21,Punjab,NR,31.51997398,75.98000281,114.3,2019,8,2,233,0,0,27.5,84,118.0,171.0,114.6,118.45714285714287,9.392347442262523,150.20666666666665,0.9749279121818236,-0.22252093395631434,-0.8660254037844385,-0.5000000000000004,-0.7638886127905429,-0.64534811322955,103.0,111.3
2019-08-22,Punjab,NR,31.51997398,75.98000281,103.0,2019,8,3,234,0,0,27.8,82,114.3,130.8,119.6,114.48571428571428,9.178494533677393,149.6533333333333,0.43388373911755823,-0.900968867902419,-0.8660254037844385,-0.5000000000000004,-0.7748840413670406,-0.6321034111873488,105.0,238.1
2019-08-23,Punjab,NR,31.51997398,75.98000281,105.0,2019,8,4,235,0,0,28.3,83,103.0,129.7,117.9,110.95714285714287,6.792362657880801,149.22333333333333,-0.433883739117558,-0.9009688679024191,-0.8660254037844385,-0.5000000000000004,-0.7856498550787144,-0.6186714032625032,109.4,239.6
2019-08-24,Punjab,NR,31.51997398,75.98000281,109.4,2019,8,5,236,1,1,28.3,85,105.0,120.4,96.6,109.38571428571427,5.366385677350996,149.65,-0.9749279121818236,-0.2225209339563146,-0.8660254037844385,-0.5000000000000004,-0.7961828637826154,-0.6050560696488494,107.5,243.0
2019-08-25,Punjab,NR,31.51997398,75.98000281,107.5,2019,8,6,237,1,0,27.4,85,109.4,110.3,96.3,108.98571428571428,5.3911744457719495,150.02333333333334,-0.7818314824680299,0.6234898018587334,-0.8660254037844385,-0.5000000000000004,-0.8064799463209447,-0.5912614448635782,114.0,224.0
2019-08-26,Punjab,NR,31.51997398,75.98000281,114.0,2019,8,0,238,0,0,28.0,81,107.5,105.7,101.0,110.17142857142858,5.4603767530910465,150.45666666666665,0.0,1.0,-0.8660254037844385,-0.5000000000000004,-0.8165380514459157,-0.5772916165517278,114.7,225.2
2019-08-27,Punjab,NR,31.51997398,75.98000281,114.7,2019,8,1,239,0,0,28.8,79,114.0,118.0,97.9,109.70000000000002,4.770744176748816,151.01666666666668,0.7818314824680298,0.6234898018587336,-0.8660254037844385,-0.5000000000000004,-0.8263541987239094,-0.5631507242749187,111.3,227.9
2019-08-28,Punjab,NR,31.51997398,75.98000281,111.3,2019,8,2,240,0,0,29.5,79,114.7,114.3,102.1,109.27142857142857,4.409729502554202,151.32333333333332,0.9749279121818236,-0.22252093395631434,-0.8660254037844385,-0.5000000000000004,-0.8359254794186365,-0.5488429582847199,238.1,216.8
2019-08-29,Punjab,NR,31.51997398,75.98000281,238.1,2019,8,3,241,0,0,28.9,84,111.3,103.0,102.4,128.57142857142858,48.41954544347115,155.84666666666666,0.43388373911755823,-0.900968867902419,-0.8660254037844385,-0.5000000000000004,-0.8452490573530634,-0.5343725582809785,239.6,95.3
2019-08-30,Punjab,NR,31.51997398,75.98000281,239.6,2019,8,4,242,0,0,27.7,85,238.1,105.0,98.4,147.79999999999998,62.249872824501885,160.55333333333334,-0.433883739117558,-0.9009688679024191,-0.8660254037844385,-0.5000000000000004,-0.8543221697498269,-0.5197438121555157,243.0,96.5
2019-08-31,Punjab,NR,31.51997398,75.98000281,243.0,2019,8,5,243,1,0,28.7,83,239.6,109.4,232.0,166.8857142857143,68.66453302279199,160.92000000000002,-0.9749279121818236,-0.2225209339563146,-0.8660254037844385,-0.5000000000000004,-0.8631421280499115,-0.5049610547215202,224.0,102.4
2019-09-01,Punjab,NR,31.51997398,75.98000281,224.0,2019,9,6,244,1,0,27.6,88,243.0,107.5,206.1,183.52857142857144,65.93607293648687,161.51666666666668,-0.7818314824680299,0.6234898018587334,-1.0,-1.8369701987210297e-16,-0.8717063187093217,-0.4900286664290594,225.2,103.9
2019-09-02,Punjab,NR,31.51997398,75.98000281,225.2,2019,9,0,245,0,0,27.6,85,224.0,114.0,246.5,199.41428571428574,59.47154581734669,160.80666666666667,0.0,1.0,-1.0,-1.8369701987210297e-16,-0.8800122039735356,-0.4749510720670502,227.9,105.6
2019-09-03,Punjab,NR,31.51997398,75.98000281,227.9,2019,9,1,246,0,0,28.8,84,225.2,114.7,228.4,215.58571428571426,46.59311210080416,160.79000000000002,0.7818314824680298,0.6234898018587336,-1.0,-1.8369701987210297e-16,-0.888057322629493,-0.4597327394521046,216.8,105.7
2019-09-04,Punjab,NR,31.51997398,75.98000281,216.8,2019,9,2,247,0,0,28.1,85,227.9,111.3,242.1,230.65714285714284,9.67330642246326,159.94666666666666,0.9749279121818236,-0.22252093395631434,-1.0,-1.8369701987210297e-16,-0.8958392907349089,-0.4443781781046134,95.3,166.0
2019-09-05,Punjab,NR,31.51997398,75.98000281,95.3,2019,9,3,248,0,0,26.9,88,216.8,238.1,263.8,210.2571428571429,51.50158111303829,154.32999999999998,0.43388373911755823,-0.900968867902419,-1.0,-1.8369701987210297e-16,-0.9033558023246842,-0.4288919379124841,96.5,133.7
2019-09-06,Punjab,NR,31.51997398,75.98000281,96.5,2019,9,4,249,0,0,27.8,85,95.3,239.6,259.3,189.81428571428572,64.63846709639259,148.9033333333333,-0.433883739117558,-0.9009688679024191,-1.0,-1.8369701987210297e-16,-0.9106046300942162,-0.41327860778290443,102.4,147.9
2019-09-08,Punjab,NR,31.51997398,75.98000281,102.4,2019,9,6,251,1,0,28.0,85,96.5,243.0,135.7,169.72857142857143,67.15315118656538,147.79333333333335,-0.7818314824680299,0.6234898018587334,-1.0,-1.8369701987210297e-16,-0.9242907221930934,-0.3816892202666586,103.9,177.2
2019-09-09,Punjab,NR,31.51997398,75.98000281,103.9,2019,9,0,252,0,0,28.3,83,102.4,224.0,142.3,152.57142857142858,66.3132896254768,146.51333333333332,0.0,1.0,-1.0,-1.8369701987210297e-16,-0.9307239310379793,-0.3657225234972692,105.6,192.9
2019-09-10,Punjab,NR,31.51997398,75.98000281,105.6,2019,9,1,253,0,1,28.5,82,103.9,225.2,143.6,135.4857142857143,59.54363745946954,145.2466666666667,0.7818314824680298,0.6234898018587336,-1.0,-1.8369701987210297e-16,-0.9368813462954315,-0.34964745525122826,105.7,206.0
2019-09-11,Punjab,NR,31.51997398,75.98000281,105.7,2019,9,2,254,0,0,29.0,80,105.6,227.9,145.4,118.02857142857142,43.753465168894806,143.92333333333332,0.9749279121818236,-0.22252093395631434,-1.0,-1.8369701987210297e-16,-0.9427611433904206,-0.33346877891818705,166.0,211.6
2019-09-12,Punjab,NR,31.51997398,75.98000281,166.0,2019,9,3,255,0,0,28.7,83,105.7,216.8,160.4,110.77142857142857,24.708278928711756,144.11,0.43388373911755823,-0.900968867902419,-1.0,-1.8369701987210297e-16,-0.9483615800121716,-0.31719128858910595,133.7,118.1
2019-09-13,Punjab,NR,31.51997398,75.98000281,133.7,2019,9,4,256,0,0,28.1,83,166.0,95.3,168.2,116.25714285714287,24.96229537675103,142.96,-0.433883739117558,-0.9009688679024191,-1.0,-1.8369701987210297e-16,-0.9536809966304455,-0.300819807635668,147.9,95.9
2019-09-14,Punjab,NR,31.51997398,75.98000281,147.9,2019,9,5,257,1,0,27.6,84,133.7,96.5,171.0,123.60000000000001,25.730008420778088,142.19,-0.9749279121818236,-0.2225209339563146,-1.0,-1.8369701987210297e-16,-0.9587178169872964,-0.2843591872810036,177.2,100.7
2019-09-15,Punjab,NR,31.51997398,75.98000281,177.2,2019,9,6,258,1,0,27.6,86,147.9,102.4,130.8,134.28571428571428,30.540761209211485,143.73666666666668,-0.7818314824680299,0.6234898018587334,-1.0,-1.8369701987210297e-16,-0.9634705485641486,-0.26781430516217486,192.9,98.6
2019-09-16,Punjab,NR,31.51997398,75.98000281,192.9,2019,9,0,259,0,0,27.1,83,177.2,103.9,129.7,147.0,34.10083087941778,145.84333333333333,0.0,1.0,-1.0,-1.8369701987210297e-16,-0.9679377830240642,-0.25119006388481957,206.0,104.6
2019-09-17,Punjab,NR,31.51997398,75.98000281,206.0,2019,9,1,260,0,0,27.4,80,192.9,105.6,120.4,161.34285714285713,34.890822916771604,148.69666666666666,0.7818314824680298,0.6234898018587336,-1.0,-1.8369701987210297e-16,-0.9721181966290612,-0.23449138957041052,211.6,112.8
2019-09-18,Punjab,NR,31.51997398,75.98000281,211.6,2019,9,2,261,0,0,26.1,81,206.0,105.7,110.3,176.47142857142856,29.24538221587088,152.07333333333335,0.9749279121818236,-0.22252093395631434,-1.0,-1.8369701987210297e-16,-0.9760105506323682,-0.21772323039653224,118.1,108.5
2019-09-19,Punjab,NR,31.51997398,75.98000281,118.1,2019,9,3,262,0,0,26.0,82,211.6,166.0,105.7,169.62857142857143,36.745871164241585,152.48666666666665,0.43388373911755823,-0.900968867902419,-1.0,-1.8369701987210297e-16,-0.9796136916454901,-0.20089055513063528,95.9,146.2
2019-09-20,Punjab,NR,31.51997398,75.98000281,95.9,2019,9,4,263,0,0,26.0,83,118.1,133.7,118.0,164.22857142857143,44.800435797199995,151.75,-0.433883739117558,-0.9009688679024191,-1.0,-1.8369701987210297e-16,-0.9829265519799822,-0.18399835165767986,100.7,151.2
2019-09-21,Punjab,NR,31.51997398,75.98000281,100.7,2019,9,5,264,1,0,25.9,83,95.9,147.9,114.3,157.4857142857143,50.81579244589964,151.29666666666668,-0.9749279121818236,-0.2225209339563146,-1.0,-1.8369701987210297e-16,-0.9859481499638303,-0.1670516255021195,98.6,141.5
2019-09-22,Punjab,NR,31.51997398,75.98000281,98.6,2019,9,6,265,1,0,26.3,78,100.7,177.2,103.0,146.25714285714284,54.2982153525894,151.15,-0.7818314824680299,0.6234898018587334,-1.0,-1.8369701987210297e-16,-0.9886775902323404,-0.15005539834465262,104.6,138.5
2019-09-23,Punjab,NR,31.51997398,75.98000281,104.6,2019,9,0,266,0,0,26.2,80,98.6,192.9,105.0,133.64285714285714,51.858295933657885,151.13666666666668,0.0,1.0,-1.0,-1.8369701987210297e-16,-0.9911140639934546,-0.13301470653419636,112.8,118.8
2019-09-24,Punjab,NR,31.51997398,75.98000281,112.8,2019,9,1,267,0,0,26.3,77,104.6,206.0,109.4,120.32857142857142,41.01559517572582,151.25,0.7818314824680298,0.6234898018587336,-1.0,-1.8369701987210297e-16,-0.9932568492674143,-0.11593459959550066,108.5,118.9
2019-09-25,Punjab,NR,31.51997398,75.98000281,108.5,2019,9,2,268,0,0,26.6,81,112.8,211.6,107.5,105.60000000000001,8.006247560497417,151.28333333333333,0.9749279121818236,-0.22252093395631434,-1.0,-1.8369701987210297e-16,-0.9951053111006974,-0.09882013873287211,146.2,110.9
2019-09-26,Punjab,NR,31.51997398,75.98000281,146.2,2019,9,3,269,0,0,26.1,82,108.5,118.1,114.0,109.61428571428571,17.14598384184279,152.35666666666665,0.43388373911755823,-0.900968867902419,-1.0,-1.8369701987210297e-16,-0.99665890175417,-0.08167639533042288,151.2,108.1
2019-09-27,Punjab,NR,31.51997398,75.98000281,151.2,2019,9,4,270,0,0,25.0,86,146.2,95.9,114.7,117.5142857142857,21.86446344881887,153.57333333333332,-0.433883739117558,-0.9009688679024191,-1.0,-1.8369701987210297e-16,-0.9979171608653922,-0.06450844944931625,141.5,116.9
2019-09-28,Punjab,NR,31.51997398,75.98000281,141.5,2019,9,5,271,1,0,24.6,88,151.2,100.7,111.3,123.34285714285714,22.072294635496487,154.57999999999998,-0.9749279121818236,-0.2225209339563146,-1.0,-1.8369701987210297e-16,-0.9988797155850335,-0.04732138832243232,138.5,118.0
2019-09-29,Punjab,NR,31.51997398,75.98000281,138.5,2019,9,6,272,1,0,24.3,83,141.5,98.6,238.1,129.04285714285714,19.635075514908742,151.26000000000002,-0.7818314824680299,0.6234898018587334,-1.0,-1.8369701987210297e-16,-0.9995462806873573,-0.03012030484690836,118.8,120.1
2019-09-30,Punjab,NR,31.51997398,75.98000281,118.8,2019,9,0,273,0,0,23.7,85,138.5,104.6,239.6,131.07142857142856,17.281368993389766,147.23333333333332,0.0,1.0,-1.0,-1.8369701987210297e-16,-0.9999166586547379,-0.012910296075008843,118.9,119.0
2019-10-01,Punjab,NR,31.51997398,75.98000281,118.9,2019,10,1,274,0,0,23.6,85,118.8,112.8,243.0,131.94285714285715,16.334305121721677,143.09666666666666,0.7818314824680298,0.6234898018587336,-0.8660254037844386,0.5000000000000001,-0.9999907397361901,0.004303538296243821,110.9,114.9
2019-10-02,Punjab,NR,31.51997398,75.98000281,110.9,2019,10,2,275,0,1,23.9,80,118.9,108.5,224.0,132.28571428571428,15.775870664976768,139.32666666666668,0.9749279121818236,-0.22252093395631434,-0.8660254037844386,0.5000000000000001,-0.9997685019798909,0.021516097436222233,108.1,109.1
2019-10-03,Punjab,NR,31.51997398,75.98000281,108.1,2019,10,3,276,0,0,23.8,82,110.9,146.2,225.2,126.84285714285714,16.71943551109013,135.42333333333335,0.43388373911755823,-0.900968867902419,-0.8660254037844386,0.5000000000000001,-0.9992500112396835,0.03872228089217399,116.9,156.3
2019-10-04,Punjab,NR,31.51997398,75.98000281,116.9,2019,10,4,277,0,0,22.8,86,108.1,151.2,227.9,121.94285714285715,13.004852574180424,131.72333333333333,-0.433883739117558,-0.9009688679024191,-0.8660254037844386,0.5000000000000001,-0.9984354211555643,0.05591699010060302,118.0,151.4
2019-10-05,Punjab,NR,31.51997398,75.98000281,118.0,2019,10,5,278,1,0,22.7,80,116.9,141.5,216.8,118.58571428571429,9.73762951500027,128.43,-0.9749279121818236,-0.2225209339563146,-0.8660254037844386,0.5000000000000001,-0.9973249731081555,0.07309512989807776,120.1,153.8
2019-10-06,Punjab,NR,31.51997398,75.98000281,120.1,2019,10,6,279,1,0,23.2,80,118.0,138.5,95.3,115.95714285714287,4.587612720813041,129.2566666666667,-0.7818314824680299,0.6234898018587334,-0.8660254037844386,0.5000000000000001,-0.9959189961471792,0.0902516100310407,119.0,151.1
2019-10-08,Punjab,NR,31.51997398,75.98000281,119.0,2019,10,1,281,0,1,22.6,78,120.1,118.8,96.5,115.9857142857143,4.608842432911299,130.0066666666667,0.7818314824680298,0.6234898018587336,-0.8660254037844386,0.5000000000000001,-0.9922222094179324,0.12447926388678869,114.9,137.9
2019-10-09,Punjab,NR,31.51997398,75.98000281,114.9,2019,10,2,282,0,0,23.0,77,119.0,118.9,102.4,115.41428571428571,4.431865134613596,130.42333333333335,0.9749279121818236,-0.22252093395631434,-0.8660254037844386,0.5000000000000001,-0.989932495087353,0.141540295217043,109.1,136.9
2019-10-10,Punjab,NR,31.51997398,75.98000281,109.1,2019,10,3,283,0,0,23.0,79,114.9,110.9,103.9,115.15714285714286,4.776280680909792,130.59666666666666,0.43388373911755823,-0.900968867902419,-0.8660254037844386,0.5000000000000001,-0.9873494423939864,0.15855938510313475,156.3,134.9
2019-10-11,Punjab,NR,31.51997398,75.98000281,156.3,2019,10,4,284,0,0,23.2,78,109.1,108.1,105.6,122.04285714285713,15.534462456406423,132.28666666666666,-0.433883739117558,-0.9009688679024191,-0.8660254037844386,0.5000000000000001,-0.9844738167520923,0.17553149042142777,151.4,96.1
2019-10-12,Punjab,NR,31.51997398,75.98000281,151.4,2019,10,5,285,1,0,23.3,76,156.3,116.9,105.7,126.97142857142856,18.767322157206106,133.81,-0.9749279121818236,-0.2225209339563146,-0.8660254037844386,0.5000000000000001,-0.9813064702716093,0.19245158197082995,153.8,105.4
2019-10-13,Punjab,NR,31.51997398,75.98000281,153.8,2019,10,6,286,1,0,23.4,79,151.4,118.0,166.0,132.0857142857143,20.69407552669946,133.40333333333334,-0.7818314824680299,0.6234898018587334,-0.8660254037844386,0.5000000000000001,-0.9778483415056567,0.20931464596304888,151.1,111.4
2019-10-14,Punjab,NR,31.51997398,75.98000281,151.1,2019,10,0,287,0,0,24.1,78,153.8,120.1,133.7,136.5142857142857,21.01613892317226,133.98333333333332,0.0,1.0,-0.8660254037844386,0.5000000000000001,-0.9741004551724206,0.22611568550828803,137.9,112.0
2019-10-15,Punjab,NR,31.51997398,75.98000281,137.9,2019,10,1,288,0,0,24.2,76,151.1,119.0,147.9,139.21428571428572,19.554234713689944,133.65,0.7818314824680298,0.6234898018587336,-0.8660254037844386,0.5000000000000001,-0.970063921851507,0.2428497220959358,136.9,111.6
2019-10-16,Punjab,NR,31.51997398,75.98000281,136.9,2019,10,2,289,0,0,23.9,76,137.9,114.9,177.2,142.35714285714286,16.5289500718035,132.30666666666667,0.9749279121818236,-0.22252093395631434,-0.8660254037844386,0.5000000000000001,-0.965739937654855,0.25951179706979943,134.9,110.4
2019-10-17,Punjab,NR,31.51997398,75.98000281,134.9,2019,10,3,290,0,0,23.5,77,136.9,109.1,192.9,146.04285714285714,9.071173599715406,130.37333333333333,0.43388373911755823,-0.900968867902419,-0.8660254037844386,0.5000000000000001,-0.9611297838723007,0.27609697309746883,96.1,104.6
2019-10-18,Punjab,NR,31.51997398,75.98000281,96.1,2019,10,4,291,0,0,22.9,71,134.9,156.3,206.0,137.44285714285715,19.85395486570635,126.71000000000001,-0.433883739117558,-0.9009688679024191,-0.8660254037844386,0.5000000000000001,-0.9562348265919058,0.2926003356333479,105.4,256.1
2019-10-19,Punjab,NR,31.51997398,75.98000281,105.4,2019,10,5,292,1,0,22.5,71,96.1,151.4,211.6,130.87142857142857,21.964874556566297,123.17,-0.9749279121818236,-0.2225209339563146,-0.8660254037844386,0.5000000000000001,-0.9510565162951536,0.30901699437494723,111.4,229.1
2019-10-20,Punjab,NR,31.51997398,75.98000281,111.4,2019,10,6,293,1,0,21.8,70,105.4,153.8,118.1,124.81428571428572,20.376982813248038,122.94666666666667,-0.7818314824680299,0.6234898018587334,-0.8660254037844386,0.5000000000000001,-0.9455963874271428,0.3253420847119795,112.0,233.8
2019-10-21,Punjab,NR,31.51997398,75.98000281,112.0,2019,10,0,294,0,0,20.7,73,111.4,151.1,95.9,119.22857142857144,17.059671185352805,123.48333333333333,0.0,1.0,-0.8660254037844386,0.5000000000000001,-0.9398560579418953,0.341570769167856,111.6,220.4
2019-10-22,Punjab,NR,31.51997398,75.98000281,111.6,2019,10,1,295,0,0,20.7,69,112.0,137.9,100.7,115.47142857142856,15.038585293139192,123.84666666666665,0.7818314824680298,0.6234898018587336,-0.8660254037844386,0.5000000000000001,-0.9338372288229252,0.35769823883312546,110.4,226.5
2019-10-23,Punjab,NR,31.51997398,75.98000281,110.4,2019,10,2,296,0,0,21.2,71,111.6,136.9,98.6,111.68571428571428,11.713016772152923,124.24,0.9749279121818236,-0.22252093395631434,-0.8660254037844386,0.5000000000000001,-0.9275416835791965,0.3737197147904692,104.6,176.1
2019-10-24,Punjab,NR,31.51997398,75.98000281,104.6,2019,10,3,297,0,0,21.8,71,110.4,134.9,104.6,107.35714285714286,5.821184628249052,124.24,0.43388373911755823,-0.900968867902419,-0.8660254037844386,0.5000000000000001,-0.9209712877166347,0.38963044953078774,256.1,124.2
2019-10-25,Punjab,NR,31.51997398,75.98000281,256.1,2019,10,4,298,0,0,21.8,71,104.6,96.1,112.8,130.21428571428572,55.5935976101392,129.01666666666668,-0.433883739117558,-0.9009688679024191,-0.8660254037844386,0.5000000000000001,-0.9141279881853337,0.4054257283599973,229.1,78.2
2019-10-26,Punjab,NR,31.51997398,75.98000281,229.1,2019,10,5,299,1,0,21.4,72,256.1,105.4,108.5,147.8857142857143,65.2183110425138,133.03666666666666,-0.9749279121818236,-0.2225209339563146,-0.8660254037844386,0.5000000000000001,-0.9070138128026362,0.42110087079608916,233.8,82.0
2019-10-27,Punjab,NR,31.51997398,75.98000281,233.8,2019,10,6,300,1,1,21.2,71,229.1,111.4,146.2,165.37142857142857,70.03615052922575,135.95666666666668,-0.7818314824680299,0.6234898018587334,-0.8660254037844386,0.5000000000000001,-0.8996308696522434,0.4366512319560638,220.4,88.1
2019-10-28,Punjab,NR,31.51997398,75.98000281,220.4,2019,10,0,301,0,0,21.5,73,233.8,112.0,151.2,180.85714285714286,68.22921801161274,138.26333333333335,0.0,1.0,-0.8660254037844386,0.5000000000000001,-0.8919813464595487,0.45207220393230374,226.5,84.5
2019-10-29,Punjab,NR,31.51997398,75.98000281,226.5,2019,10,1,302,0,0,21.9,76,220.4,111.6,141.5,197.27142857142857,62.35927395038401,141.0966666666667,0.7818314824680298,0.6234898018587336,-0.8660254037844386,0.5000000000000001,-0.8840675099433637,0.46735921715800205,176.1,85.4
2019-10-30,Punjab,NR,31.51997398,75.98000281,176.1,2019,10,2,303,0,0,22.4,77,226.5,110.4,138.5,206.65714285714284,51.01799869140484,142.35,0.9749279121818236,-0.22252093395631434,-0.8660254037844386,0.5000000000000001,-0.8758917051442433,0.48250774176121763,124.2,83.3
2019-10-31,Punjab,NR,31.51997398,75.98000281,124.2,2019,10,3,304,0,0,22.6,77,176.1,104.6,118.8,209.45714285714286,44.619982711144715,142.53,0.43388373911755823,-0.900968867902419,-0.8660254037844386,0.5000000000000001,-0.8674563547295971,0.4975132889071803,78.2,67.8
2019-11-01,Punjab,NR,31.51997398,75.98000281,78.2,2019,11,4,305,0,0,22.3,75,124.2,256.1,118.9,184.04285714285714,61.20639555751384,141.17333333333335,-0.433883739117558,-0.9009688679024191,-0.5000000000000004,0.8660254037844384,-0.858763958275803,0.5123714121284235,82.0,99.0
2019-11-02,Punjab,NR,31.51997398,75.98000281,82.0,2019,11,5,306,1,0,21.3,82,78.2,229.1,110.9,163.02857142857144,68.03030487181702,140.21,-0.9749279121818236,-0.2225209339563146,-0.5000000000000004,0.8660254037844384,-0.8498170915275277,0.5270777086423724,88.1,98.0
2019-11-03,Punjab,NR,31.51997398,75.98000281,88.1,2019,11,6,307,1,0,20.9,80,82.0,233.8,108.1,142.21428571428572,64.98947167481373,139.54333333333335,-0.7818314824680299,0.6234898018587334,-0.5000000000000004,0.8660254037844384,-0.8406184056344783,0.5416278206559811,84.5,102.6
2019-11-04,Punjab,NR,31.51997398,75.98000281,84.5,2019,11,0,308,0,0,20.1,73,88.1,220.4,116.9,122.79999999999998,57.62135020979624,138.4633333333333,0.0,1.0,-0.5000000000000004,0.8660254037844384,-0.8311706263658079,0.5560174366570446,85.4,104.0
2019-11-05,Punjab,NR,31.51997398,75.98000281,85.4,2019,11,1,309,0,0,19.4,71,84.5,226.5,118.0,102.64285714285714,35.87528662570062,137.37666666666667,0.7818314824680298,0.6234898018587336,-0.5000000000000004,0.8660254037844384,-0.8214765533024145,0.5702422926917867,83.3,101.8
2019-11-06,Punjab,NR,31.51997398,75.98000281,83.3,2019,11,2,310,0,0,20.8,60,85.4,176.1,120.1,89.38571428571429,15.65326681254568,136.15,0.9749279121818236,-0.22252093395631434,-0.5000000000000004,0.8660254037844384,-0.8115390590073611,0.5842981736283683,67.8,101.3
2019-11-08,Punjab,NR,31.51997398,75.98000281,67.8,2019,11,4,312,0,0,18.6,69,83.3,124.2,119.0,81.32857142857142,6.703659270803442,134.44333333333333,-0.433883739117558,-0.9009688679024191,-0.5000000000000004,0.8660254037844384,-0.7909456567567774,0.6118864012687242,99.0,93.0
2019-11-09,Punjab,NR,31.51997398,75.98000281,99.0,2019,11,5,313,1,0,18.1,73,67.8,78.2,114.9,84.3,9.222436409827658,133.91333333333333,-0.9749279121818236,-0.2225209339563146,-0.5000000000000004,0.8660254037844384,-0.780295851070776,0.6254105729852457,98.0,106.3
2019-11-10,Punjab,NR,31.51997398,75.98000281,98.0,2019,11,6,314,1,1,17.9,74,99.0,82.0,109.1,86.58571428571429,10.45744209824166,133.54333333333335,-0.7818314824680299,0.6234898018587334,-0.5000000000000004,0.8660254037844384,-0.7694148268839381,0.6387494220515268,102.6,110.6
2019-11-11,Punjab,NR,31.51997398,75.98000281,102.6,2019,11,0,315,0,0,17.6,76,98.0,88.1,156.3,88.65714285714284,12.112508292787215,131.75333333333336,0.0,1.0,-0.5000000000000004,0.8660254037844384,-0.7583058084785625,0.6518989958787125,104.0,111.8
2019-11-12,Punjab,NR,31.51997398,75.98000281,104.0,2019,11,1,316,0,1,16.8,84,102.6,84.5,151.4,91.44285714285714,13.191393298012128,130.17333333333335,0.7818314824680298,0.6234898018587336,-0.5000000000000004,0.8660254037844384,-0.7469720876965551,0.6648553979642866,101.8,107.5
2019-11-13,Punjab,NR,31.51997398,75.98000281,101.8,2019,11,2,317,0,0,16.9,88,104.0,85.4,153.8,93.78571428571429,13.39408184876481,128.44,0.9749279121818236,-0.22252093395631434,-0.5000000000000004,0.8660254037844384,-0.7354170229639858,0.6776147890466887,101.3,111.0
2019-11-14,Punjab,NR,31.51997398,75.98000281,101.3,2019,11,3,318,0,0,18.4,83,101.8,83.3,151.1,96.35714285714286,12.758246632779903,126.78,0.43388373911755823,-0.900968867902419,-0.5000000000000004,0.8660254037844384,-0.7236440382959124,0.690173388242972,93.0,116.5
2019-11-15,Punjab,NR,31.51997398,75.98000281,93.0,2019,11,4,319,0,0,19.2,70,101.3,67.8,137.9,99.95714285714284,3.6895605622946506,125.28333333333333,-0.433883739117558,-0.9009688679024191,-0.5000000000000004,0.8660254037844384,-0.711656622281775,0.7025274741691566,106.3,116.9
2019-11-16,Punjab,NR,31.51997398,75.98000281,106.3,2019,11,5,320,1,0,19.2,71,93.0,99.0,136.9,101.0,4.347029637194764,124.26333333333334,-0.9749279121818236,-0.2225209339563146,-0.5000000000000004,0.8660254037844384,-0.6994583270516471,0.7146733860429608,110.6,101.4
2019-11-17,Punjab,NR,31.51997398,75.98000281,110.6,2019,11,6,321,1,0,17.3,79,106.3,98.0,134.9,102.79999999999998,5.382997925566182,123.45333333333335,-0.7818314824680299,0.6234898018587334,-0.5000000000000004,0.8660254037844384,-0.6870527672236675,0.7266075247685652,111.8,105.8
2019-11-18,Punjab,NR,31.51997398,75.98000281,111.8,2019,11,0,322,0,0,16.6,79,110.6,102.6,96.1,104.11428571428573,6.360405797175615,123.97666666666666,0.0,1.0,-0.5000000000000004,0.8660254037844384,-0.6744436188329457,0.7383263540031063,107.5,104.8
2019-11-19,Punjab,NR,31.51997398,75.98000281,107.5,2019,11,1,323,0,0,16.0,77,111.8,104.0,105.4,104.61428571428571,6.486249191282424,124.04666666666667,0.7818314824680298,0.6234898018587336,-0.5000000000000004,0.8660254037844384,-0.661634618242279,0.749826401204568,111.0,102.9
2019-11-20,Punjab,NR,31.51997398,75.98000281,111.0,2019,11,2,324,0,0,16.2,83,107.5,101.8,111.4,105.92857142857143,6.747768590605668,124.03333333333333,0.9749279121818236,-0.22252093395631434,-0.5000000000000004,0.8660254037844384,-0.6486295610349818,0.7611042586607742,116.5,105.3
2019-11-21,Punjab,NR,31.51997398,75.98000281,116.5,2019,11,3,325,0,0,16.2,81,111.0,101.3,112.0,108.10000000000001,7.422039252567336,124.18333333333334,0.43388373911755823,-0.900968867902419,-0.5000000000000004,0.8660254037844384,-0.6354323008901775,0.7721565844991641,116.9,103.6
2019-11-22,Punjab,NR,31.51997398,75.98000281,116.9,2019,11,4,326,0,0,16.4,85,116.5,93.0,111.6,111.51428571428572,4.048632926237257,124.36,-0.433883739117558,-0.9009688679024191,-0.5000000000000004,0.8660254037844384,-0.622046748440868,0.7829801036770624,101.4,98.7
2019-11-23,Punjab,NR,31.51997398,75.98000281,101.4,2019,11,5,327,1,0,18.0,77,116.9,106.3,110.4,110.8142857142857,5.323353758494647,124.06,-0.9749279121818236,-0.2225209339563146,-0.5000000000000004,0.8660254037844384,-0.6084768701151264,0.7935716089521472,105.8,203.3
2019-11-24,Punjab,NR,31.51997398,75.98000281,105.8,2019,11,6,328,1,0,17.2,75,101.4,110.6,104.6,110.12857142857145,5.654412520533392,124.10000000000001,-0.7818314824680299,0.6234898018587334,-0.5000000000000004,0.8660254037844384,-0.594726686960764,0.8039279618328208,104.8,210.1
2019-11-25,Punjab,NR,31.51997398,75.98000281,104.8,2019,11,0,329,0,0,15.6,72,105.8,111.8,256.1,109.12857142857142,5.922193930661574,119.05666666666666,0.0,1.0,-0.5000000000000004,0.8660254037844384,-0.5808002734538013,0.8140460935082175,102.9,185.6
2019-11-26,Punjab,NR,31.51997398,75.98000281,102.9,2019,11,1,330,0,0,16.8,69,104.8,107.5,229.1,108.47142857142856,6.371215029518683,114.85,0.7818314824680298,0.6234898018587336,-0.5000000000000004,0.8660254037844384,-0.5667017562911184,0.8239230057575536,105.3,228.6
2019-11-27,Punjab,NR,31.51997398,75.98000281,105.3,2019,11,2,331,0,0,16.5,75,102.9,111.0,233.8,107.65714285714286,6.358421487248828,110.56666666666666,0.9749279121818236,-0.22252093395631434,-0.5000000000000004,0.8660254037844384,-0.5524353131676203,0.8335557718385695,103.6,256.0
2019-11-28,Punjab,NR,31.51997398,75.98000281,103.6,2019,11,3,332,0,0,16.0,80,105.3,116.5,220.4,105.8142857142857,5.116453384726473,106.67333333333335,0.43388373911755823,-0.900968867902419,-0.5000000000000004,0.8660254037844384,-0.5380051715382992,0.8429415373547832,98.7,240.2
2019-11-29,Punjab,NR,31.51997398,75.98000281,98.7,2019,11,4,333,0,0,15.7,80,103.6,116.9,226.5,103.21428571428571,2.4989521613559464,102.41333333333334,-0.433883739117558,-0.9009688679024191,-0.5000000000000004,0.8660254037844384,-0.5234156073655503,0.8520775211013093,203.3,237.6
2019-11-30,Punjab,NR,31.51997398,75.98000281,203.3,2019,11,5,334,1,0,14.9,80,98.7,101.4,176.1,117.77142857142859,37.7887864445574,103.32,-0.9749279121818236,-0.2225209339563146,-0.5000000000000004,0.8660254037844384,-0.5086709438521042,0.8609610158889945,210.1,110.1
2019-12-01,Punjab,NR,31.51997398,75.98000281,210.1,2019,12,6,335,1,0,14.4,80,203.3,105.8,124.2,132.67142857142855,50.654276367210095,106.18333333333334,-0.7818314824680299,0.6234898018587334,-2.4492935982947064e-16,1.0,-0.49377555015997737,0.8695893893466109,185.6,116.2
2019-12-02,Punjab,NR,31.51997398,75.98000281,185.6,2019,12,0,336,0,0,13.3,79,210.1,104.8,78.2,144.21428571428572,52.419920786262935,109.76333333333334,0.0,1.0,-2.4492935982947064e-16,1.0,-0.4787338401157883,0.8779600847008883,228.6,114.1
2019-12-03,Punjab,NR,31.51997398,75.98000281,228.6,2019,12,1,337,0,0,13.1,82,185.6,102.9,82.0,162.17142857142858,57.21881142554752,114.65,0.7818314824680298,0.6234898018587336,-2.4492935982947064e-16,1.0,-0.4635502709028512,0.8860706215341378,256.0,123.5
2019-12-04,Punjab,NR,31.51997398,75.98000281,256.0,2019,12,2,338,0,0,12.8,81,228.6,105.3,88.1,183.70000000000002,60.51038478366051,120.24666666666666,0.9749279121818236,-0.22252093395631434,-2.4492935982947064e-16,1.0,-0.4482293417404106,0.893918596519257,240.2,115.0
2019-12-05,Punjab,NR,31.51997398,75.98000281,240.2,2019,12,3,339,0,0,12.4,81,256.0,103.6,84.5,203.21428571428572,51.76811852132626,125.43666666666667,0.43388373911755823,-0.900968867902419,-2.4492935982947064e-16,1.0,-0.4327755925504317,0.9015016841318838,237.6,121.2
2019-12-06,Punjab,NR,31.51997398,75.98000281,237.6,2019,12,4,340,0,0,13.5,82,240.2,98.7,85.4,223.05714285714288,24.435619980051914,130.51000000000002,-0.433883739117558,-0.9009688679024191,-2.4492935982947064e-16,1.0,-0.41719360261231697,0.9088176373395028,110.1,129.8
2019-12-08,Punjab,NR,31.51997398,75.98000281,110.1,2019,12,6,342,1,0,12.7,78,237.6,203.3,83.3,209.7428571428571,49.51544732514805,131.40333333333334,-0.7818314824680299,0.6234898018587334,-2.4492935982947064e-16,1.0,-0.38566340624360745,0.9226395488404875,116.2,130.1
2019-12-09,Punjab,NR,31.51997398,75.98000281,116.2,2019,12,0,343,0,0,12.6,81,110.1,210.1,67.8,196.32857142857142,60.82928884141559,133.01666666666665,0.0,1.0,-2.4492935982947064e-16,1.0,-0.3697245428906732,0.9291414114031743,114.1,129.2
2019-12-10,Punjab,NR,31.51997398,75.98000281,114.1,2019,12,1,344,0,0,11.9,86,116.2,185.6,99.0,186.1142857142857,68.45598168583527,133.52,0.7818314824680298,0.6234898018587336,-2.4492935982947064e-16,1.0,-0.3536761221763721,0.935367949313148,123.5,134.2
2019-12-11,Punjab,NR,31.51997398,75.98000281,123.5,2019,12,2,345,0,0,12.4,82,114.1,228.6,98.0,171.1,69.10721139408426,134.37,0.9749279121818236,-0.22252093395631434,-2.4492935982947064e-16,1.0,-0.33752289959411347,0.941317317512847,115.0,131.3
2019-12-12,Punjab,NR,31.51997398,75.98000281,115.0,2019,12,3,346,0,0,12.3,92,123.5,256.0,102.6,150.95714285714286,60.21336665400386,134.78333333333333,0.43388373911755823,-0.900968867902419,-2.4492935982947064e-16,1.0,-0.32126966169236515,0.9469877530760751,121.2,131.4
2019-12-13,Punjab,NR,31.51997398,75.98000281,121.2,2019,12,4,347,0,0,12.2,91,115.0,240.2,104.0,133.95714285714286,45.92039696194748,135.35666666666665,-0.433883739117558,-0.9009688679024191,-2.4492935982947064e-16,1.0,-0.3049212246562894,0.9523775757303973,129.8,132.6
2019-12-14,Punjab,NR,31.51997398,75.98000281,129.8,2019,12,5,348,1,0,12.2,88,121.2,237.6,101.8,118.55714285714285,6.676041028146861,136.29000000000002,-0.9749279121818236,-0.2225209339563146,-2.4492935982947064e-16,1.0,-0.2884824328806098,0.9574851883550389,130.1,126.9
2019-12-15,Punjab,NR,31.51997398,75.98000281,130.1,2019,12,6,349,1,0,11.3,85,129.8,110.1,101.3,121.41428571428571,6.73286184110481,137.25,-0.7818314824680299,0.6234898018587334,-2.4492935982947064e-16,1.0,-0.27195815753410524,0.9623090774541487,129.2,110.7
2019-12-16,Punjab,NR,31.51997398,75.98000281,129.2,2019,12,0,350,0,0,10.9,87,130.1,116.2,93.0,123.27142857142859,6.846827558732913,138.45666666666665,0.0,1.0,-2.4492935982947064e-16,1.0,-0.2553532951161881,0.9668478136052773,134.2,114.1
2019-12-17,Punjab,NR,31.51997398,75.98000281,134.2,2019,12,1,351,0,0,10.1,87,129.2,114.1,106.3,126.14285714285714,6.568575985414772,139.38666666666666,0.7818314824680298,0.6234898018587336,-2.4492935982947064e-16,1.0,-0.23867276600594997,0.9711000518829505,131.3,110.8
2019-12-18,Punjab,NR,31.51997398,75.98000281,131.3,2019,12,2,352,0,0,9.3,84,134.2,123.5,110.6,127.25714285714285,6.705683445866481,140.07666666666668,0.9749279121818236,-0.22252093395631434,-2.4492935982947064e-16,1.0,-0.22192151300416674,0.9750645322571945,131.4,97.8
2019-12-19,Punjab,NR,31.51997398,75.98000281,131.4,2019,12,3,353,0,0,8.9,89,131.3,115.0,111.8,129.6,4.047633053194276,140.73,0.43388373911755823,-0.900968867902419,-2.4492935982947064e-16,1.0,-0.20510449986861926,0.9787400799669153,132.6,94.7
2019-12-20,Punjab,NR,31.51997398,75.98000281,132.6,2019,12,4,354,0,0,10.5,88,131.4,121.2,107.5,131.22857142857143,1.740415932765849,141.56666666666666,-0.433883739117558,-0.9009688679024191,-2.4492935982947064e-16,1.0,-0.1882267098432439,0.9821256058680006,126.9,103.7
2019-12-21,Punjab,NR,31.51997398,75.98000281,126.9,2019,12,5,355,1,0,11.4,90,132.6,129.8,111.0,130.81428571428572,2.3688454089294533,142.09666666666666,-0.9749279121818236,-0.2225209339563146,-2.4492935982947064e-16,1.0,-0.1712931441814778,0.9852201067560606,110.7,97.2
2019-12-22,Punjab,NR,31.51997398,75.98000281,110.7,2019,12,6,356,1,0,10.6,92,126.9,130.1,116.5,128.04285714285714,7.999761901217303,141.90333333333334,-0.7818314824680299,0.6234898018587334,-2.4492935982947064e-16,1.0,-0.154308820664281,0.9880226656636976,114.1,237.2
2019-12-23,Punjab,NR,31.51997398,75.98000281,114.1,2019,12,0,357,0,0,9.4,91,110.7,129.2,116.9,125.88571428571427,9.526004508960678,141.80999999999997,0.0,1.0,-2.4492935982947064e-16,1.0,-0.13727877211326517,0.9905324521322227,110.8,251.9
2019-12-24,Punjab,NR,31.51997398,75.98000281,110.8,2019,12,1,358,0,0,8.3,92,114.1,134.2,101.4,122.54285714285713,10.203734143742064,142.12333333333333,0.7818314824680298,0.6234898018587336,-2.4492935982947064e-16,1.0,-0.12020804489935275,0.9927487224577402,97.8,255.0
2019-12-25,Punjab,NR,31.51997398,75.98000281,97.8,2019,12,2,359,0,1,8.3,92,110.8,131.3,105.8,117.75714285714287,12.909280530281329,141.85666666666665,0.9749279121818236,-0.22252093395631434,-2.4492935982947064e-16,1.0,-0.10310169744743544,0.9946708199115211,94.7,264.6
2019-12-26,Punjab,NR,31.51997398,75.98000281,94.7,2019,12,3,360,0,0,7.6,88,97.8,131.4,104.8,112.5142857142857,13.862350518751796,141.51999999999998,0.43388373911755823,-0.900968867902419,-2.4492935982947064e-16,1.0,-0.0859647987374467,0.9962981749346077,103.7,259.7
2019-12-27,Punjab,NR,31.51997398,75.98000281,103.7,2019,12,4,361,0,0,6.0,93,94.7,132.6,102.9,108.38571428571429,10.862232516295682,141.54666666666665,-0.433883739117558,-0.9009688679024191,-2.4492935982947064e-16,1.0,-0.06880242680232064,0.9976303053065857,97.2,259.0
2019-12-28,Punjab,NR,31.51997398,75.98000281,97.2,2019,12,5,362,1,0,5.9,92,103.7,126.9,105.3,104.14285714285714,7.79163165258083,141.27666666666664,-0.9749279121818236,-0.2225209339563146,-2.4492935982947064e-16,1.0,-0.05161966722325418,0.9986668162884759,237.2,248.8
2019-12-29,Punjab,NR,31.51997398,75.98000281,237.2,2019,12,6,363,1,0,7.1,92,97.2,110.7,103.6,122.21428571428571,51.21755651373923,145.73000000000002,-0.7818314824680299,0.6234898018587334,-2.4492935982947064e-16,1.0,-0.034421611622745804,0.9994074007397048,251.9,92.2
2019-12-30,Punjab,NR,31.51997398,75.98000281,251.9,2019,12,0,364,0,0,6.6,93,237.2,114.1,98.7,141.9,70.45007688663875,150.83666666666664,0.0,1.0,-2.4492935982947064e-16,1.0,-0.01721335615583528,0.9998518392091162,255.0,69.5
2019-12-31,Punjab,NR,31.51997398,75.98000281,255.0,2019,12,1,365,0,0,7.3,92,251.9,110.8,203.3,162.5,80.24250743838942,152.56,0.7818314824680298,0.6234898018587336,-2.4492935982947064e-16,1.0,6.432490598706546e-16,1.0,264.6,78.1
2020-01-01,Punjab,NR,31.51997398,75.98000281,264.6,2020,1,2,1,0,0,9.2,85,255.0,97.8,210.1,186.32857142857145,82.55995224251102,154.37666666666667,0.9749279121818236,-0.22252093395631434,0.49999999999999994,0.8660254037844387,0.017213356155834685,0.9998518392091162,259.7,91.1
2020-01-02,Punjab,NR,31.51997398,75.98000281,259.7,2020,1,3,2,0,0,11.0,79,264.6,94.7,185.6,209.90000000000003,75.27190711015622,156.84666666666666,0.43388373911755823,-0.900968867902419,0.49999999999999994,0.8660254037844387,0.03442161162274574,0.9994074007397048,259.0,92.5
2020-01-03,Punjab,NR,31.51997398,75.98000281,259.0,2020,1,4,3,0,0,11.2,78,259.7,103.7,228.6,232.08571428571426,60.11390378748843,157.86,-0.433883739117558,-0.9009688679024191,0.49999999999999994,0.8660254037844387,0.051619667223253764,0.998666816288476,248.8,96.0
2020-01-04,Punjab,NR,31.51997398,75.98000281,248.8,2020,1,5,4,1,0,10.9,81,259.0,97.2,256.0,253.74285714285716,8.982178121675917,157.62,-0.9749279121818236,-0.2225209339563146,0.49999999999999994,0.8660254037844387,0.06880242680231986,0.9976303053065857,92.2,89.2
2020-01-05,Punjab,NR,31.51997398,75.98000281,92.2,2020,1,6,5,1,0,10.0,80,248.8,237.2,240.2,233.02857142857144,62.32032077061517,152.68666666666667,-0.7818314824680299,0.6234898018587334,0.49999999999999994,0.8660254037844387,0.08596479873744647,0.9962981749346078,69.5,281.89599999999996
2020-01-13,Punjab,NR,31.51997398,75.98000281,69.5,2020,1,0,13,0,0,11.8,85,92.2,251.9,237.6,206.9714285714286,86.54052450125528,147.08333333333334,0.0,1.0,0.49999999999999994,0.8660254037844387,0.2219215130041655,0.9750645322571948,78.1,268.9
2020-01-14,Punjab,NR,31.51997398,75.98000281,78.1,2020,1,1,14,0,0,11.0,87,69.5,255.0,110.1,181.70000000000002,95.53896238359151,146.01666666666668,0.7818314824680298,0.6234898018587336,0.49999999999999994,0.8660254037844387,0.2386727660059501,0.9711000518829505,91.1,262.6
2020-01-15,Punjab,NR,31.51997398,75.98000281,91.1,2020,1,2,15,0,0,10.3,88,78.1,264.6,116.2,156.91428571428568,92.9173365339935,145.17999999999998,0.9749279121818236,-0.22252093395631434,0.49999999999999994,0.8660254037844387,0.255353295116187,0.9668478136052775,92.5,244.6
2020-01-16,Punjab,NR,31.51997398,75.98000281,92.5,2020,1,3,16,0,0,10.7,91,91.1,259.7,114.1,133.02857142857144,83.05860810868644,144.46,0.43388373911755823,-0.900968867902419,0.49999999999999994,0.8660254037844387,0.2719581575341055,0.9623090774541486,96.0,234.5
2020-01-17,Punjab,NR,31.51997398,75.98000281,96.0,2020,1,4,17,0,0,11.7,86,92.5,259.0,123.5,109.74285714285715,62.047209368964836,143.54333333333335,-0.433883739117558,-0.9009688679024191,0.49999999999999994,0.8660254037844387,0.288482432880609,0.9574851883550393,89.2,215.0
2020-01-18,Punjab,NR,31.51997398,75.98000281,89.2,2020,1,5,18,1,0,10.8,87,96.0,248.8,115.0,86.94285714285715,9.533949364043933,142.68333333333334,-0.9749279121818236,-0.2225209339563146,0.49999999999999994,0.8660254037844387,0.30492122465628907,0.9523775757303974,281.89599999999996,174.4
2020-01-19,Punjab,NR,31.51997398,75.98000281,281.89599999999996,2020,1,6,19,1,0,10.0,85,89.2,92.2,121.2,114.04228571428571,74.59201733365795,148.03986666666665,-0.7818314824680299,0.6234898018587334,0.49999999999999994,0.8660254037844387,0.3212696616923644,0.9469877530760753,268.9,119.0
2020-01-20,Punjab,NR,31.51997398,75.98000281,268.9,2020,1,0,20,0,0,11.3,78,281.89599999999996,69.5,129.8,142.528,91.0134233030123,152.67653333333334,0.0,1.0,0.49999999999999994,0.8660254037844387,0.3375228995941133,0.9413173175128471,262.6,126.8
2020-01-21,Punjab,NR,31.51997398,75.98000281,262.6,2020,1,1,21,0,0,11.7,73,268.9,78.1,130.1,168.88514285714285,95.83326185868958,157.0932,0.7818314824680298,0.6234898018587336,0.49999999999999994,0.8660254037844387,0.3536761221763716,0.9353679493131483,244.6,125.9
2020-01-22,Punjab,NR,31.51997398,75.98000281,244.6,2020,1,2,22,0,0,10.8,78,262.6,91.1,129.2,190.81371428571427,92.57452844368913,160.93986666666666,0.9749279121818236,-0.22252093395631434,0.49999999999999994,0.8660254037844387,0.3697245428906731,0.9291414114031743,234.5,126.3
2020-01-23,Punjab,NR,31.51997398,75.98000281,234.5,2020,1,3,23,0,0,8.9,81,244.6,92.5,134.2,211.09942857142855,82.44452034925689,164.2832,0.43388373911755823,-0.900968867902419,0.49999999999999994,0.8660254037844387,0.38566340624360707,0.9226395488404876,215.0,126.1
2020-01-24,Punjab,NR,31.51997398,75.98000281,215.0,2020,1,4,24,0,0,9.2,80,234.5,96.0,131.3,228.09942857142855,65.22643841995645,167.07319999999999,-0.433883739117558,-0.9009688679024191,0.49999999999999994,0.8660254037844387,0.401487989205973,0.9158642882672872,174.4,123.5
2020-01-25,Punjab,NR,31.51997398,75.98000281,174.4,2020,1,5,25,1,0,10.7,76,215.0,89.2,131.4,240.27085714285712,36.69809547932312,168.50653333333335,-0.9749279121818236,-0.2225209339563146,0.49999999999999994,0.8660254037844387,0.4171936026123168,0.9088176373395029,119.0,114.7
2020-01-26,Punjab,NR,31.51997398,75.98000281,119.0,2020,1,6,26,1,1,10.8,83,174.4,281.89599999999996,132.6,217.0,53.6403765833163,168.0532,-0.7818314824680299,0.6234898018587334,0.49999999999999994,0.8660254037844387,0.4327755925504312,0.901501684131884,126.8,148.4
2020-01-27,Punjab,NR,31.51997398,75.98000281,126.8,2020,1,0,27,0,0,11.1,85,119.0,268.9,126.9,196.7,57.476864911022986,168.04986666666665,0.0,1.0,0.49999999999999994,0.8660254037844387,0.4482293417404106,0.893918596519257,125.9,133.1
2020-01-28,Punjab,NR,31.51997398,75.98000281,125.9,2020,1,1,28,0,0,11.9,89,126.8,262.6,110.7,177.17142857142858,54.50048055707731,168.55653333333333,0.7818314824680298,0.6234898018587336,0.49999999999999994,0.8660254037844387,0.4635502709028509,0.886070621534138,126.3,148.4
2020-01-29,Punjab,NR,31.51997398,75.98000281,126.3,2020,1,2,29,0,0,11.7,88,125.9,244.6,114.1,160.27142857142857,48.06910699835213,168.96320000000003,0.9749279121818236,-0.22252093395631434,0.49999999999999994,0.8660254037844387,0.47873384011578846,0.8779600847008882,126.1,154.6
2020-01-30,Punjab,NR,31.51997398,75.98000281,126.1,2020,1,3,30,0,0,10.2,84,126.3,234.5,110.8,144.78571428571428,36.15473360301161,169.4732,0.43388373911755823,-0.900968867902419,0.49999999999999994,0.8660254037844387,0.49377555015997715,0.869589389346611,123.5,155.3
2020-01-31,Punjab,NR,31.51997398,75.98000281,123.5,2020,1,4,31,0,0,10.4,86,126.1,215.0,97.8,131.71428571428572,19.01748568830102,170.32986666666665,-0.433883739117558,-0.9009688679024191,0.49999999999999994,0.8660254037844387,0.5086709438521044,0.8609610158889943,114.7,152.6
2020-02-01,Punjab,NR,31.51997398,75.98000281,114.7,2020,2,5,32,1,0,10.2,83,123.5,174.4,94.7,123.18571428571428,4.623284752719922,170.99653333333333,-0.9749279121818236,-0.2225209339563146,0.8660254037844386,0.5000000000000001,0.5234156073655503,0.8520775211013093,148.4,140.8
2020-02-02,Punjab,NR,31.51997398,75.98000281,148.4,2020,2,6,33,1,0,9.7,85,114.7,119.0,103.7,127.38571428571429,10.189934342513368,172.48653333333334,-0.7818314824680299,0.6234898018587334,0.8660254037844386,0.5000000000000001,0.5380051715382996,0.8429415373547828,133.1,108.1
2020-02-03,Punjab,NR,31.51997398,75.98000281,133.1,2020,2,0,34,0,0,9.8,82,148.4,126.8,97.2,128.28571428571428,10.405515936498945,173.6832,0.0,1.0,0.8660254037844386,0.5000000000000001,0.5524353131676196,0.8335557718385699,148.4,112.7
2020-02-04,Punjab,NR,31.51997398,75.98000281,148.4,2020,2,1,35,0,0,10.0,81,133.1,125.9,237.2,131.5,12.755521680170736,170.7232,0.7818314824680298,0.6234898018587336,0.8660254037844386,0.5000000000000001,0.5667017562911176,0.8239230057575542,154.6,113.5
2020-02-05,Punjab,NR,31.51997398,75.98000281,154.6,2020,2,2,36,0,0,10.5,83,148.4,126.3,251.9,135.54285714285714,15.101750135094617,167.47986666666665,0.9749279121818236,-0.22252093395631434,0.8660254037844386,0.5000000000000001,0.5808002734538009,0.8140460935082178,155.3,113.8
2020-02-13,Punjab,NR,31.51997398,75.98000281,155.3,2020,2,3,44,0,0,15.8,81,154.6,126.1,255.0,139.71428571428572,16.061073912975722,164.15653333333333,0.43388373911755823,-0.900968867902419,0.8660254037844386,0.5000000000000001,0.6870527672236669,0.7266075247685656,152.6,115.0
2020-02-14,Punjab,NR,31.51997398,75.98000281,152.6,2020,2,4,45,0,0,14.1,83,155.3,123.5,264.6,143.87142857142857,14.887994524191487,160.4232,-0.433883739117558,-0.9009688679024191,0.8660254037844386,0.5000000000000001,0.699458327051647,0.7146733860429609,140.8,112.8
2020-02-15,Punjab,NR,31.51997398,75.98000281,140.8,2020,2,5,46,1,0,14.0,79,152.6,114.7,259.7,147.6,8.073206715218076,156.45986666666667,-0.9749279121818236,-0.2225209339563146,0.8660254037844386,0.5000000000000001,0.7116566222817746,0.7025274741691571,108.1,107.4
2020-02-16,Punjab,NR,31.51997398,75.98000281,108.1,2020,2,6,47,1,0,14.2,74,140.8,148.4,259.0,141.84285714285713,16.924622806515703,151.42986666666667,-0.7818314824680299,0.6234898018587334,0.8660254037844386,0.5000000000000001,0.7236440382959124,0.6901733882429719,112.7,150.1
2020-02-17,Punjab,NR,31.51997398,75.98000281,112.7,2020,2,0,48,0,0,13.8,75,108.1,133.1,248.8,138.92857142857142,20.133199305765785,146.89319999999998,0.0,1.0,0.8660254037844386,0.5000000000000001,0.7354170229639855,0.6776147890466889,113.5,156.9
2020-02-18,Punjab,NR,31.51997398,75.98000281,113.5,2020,2,1,49,0,0,14.4,75,112.7,148.4,92.2,133.94285714285712,21.66016752342487,147.6032,0.7818314824680298,0.6234898018587336,0.8660254037844386,0.5000000000000001,0.7469720876965552,0.6648553979642865,113.8,169.9
2020-02-19,Punjab,NR,31.51997398,75.98000281,113.8,2020,2,2,50,0,0,16.1,69,113.5,154.6,69.5,128.11428571428573,20.640528786138198,149.07986666666665,0.9749279121818236,-0.22252093395631434,0.8660254037844386,0.5000000000000001,0.7583058084785624,0.6518989958787126,115.0,168.9
2020-02-20,Punjab,NR,31.51997398,75.98000281,115.0,2020,2,3,51,0,0,17.1,71,113.8,155.3,78.1,122.35714285714286,17.112846747677416,150.30986666666664,0.43388373911755823,-0.900968867902419,0.8660254037844386,0.5000000000000001,0.7694148268839378,0.6387494220515272,112.8,152.1
2020-02-21,Punjab,NR,31.51997398,75.98000281,112.8,2020,2,4,52,0,0,15.7,76,115.0,152.6,91.1,116.67142857142858,10.859053716554497,151.0332,-0.433883739117558,-0.9009688679024191,0.8660254037844386,0.5000000000000001,0.7802958510707755,0.6254105729852463,107.4,152.0
2020-02-22,Punjab,NR,31.51997398,75.98000281,107.4,2020,2,5,53,1,0,15.7,80,112.8,140.8,92.5,111.89999999999999,2.9416548630491075,151.52986666666666,-0.9749279121818236,-0.2225209339563146,0.8660254037844386,0.5000000000000001,0.7909456567567772,0.6118864012687243,150.1,162.4
2020-02-23,Punjab,NR,31.51997398,75.98000281,150.1,2020,2,6,54,1,0,16.0,80,107.4,108.1,96.0,117.89999999999999,14.40324037615501,153.3332,-0.7818314824680299,0.6234898018587334,0.8660254037844386,0.5000000000000001,0.8013610881746766,0.5981809144059165,156.9,108.2
2020-02-24,Punjab,NR,31.51997398,75.98000281,156.9,2020,2,0,55,0,0,16.2,78,150.1,112.7,89.2,124.21428571428571,20.24676340977488,155.58986666666667,0.0,1.0,0.8660254037844386,0.5000000000000001,0.8115390590073611,0.5842981736283684,169.9,112.0
2020-02-25,Punjab,NR,31.51997398,75.98000281,169.9,2020,2,1,56,0,0,16.2,75,156.9,113.5,281.89599999999996,132.27142857142857,25.7473438297174,151.85666666666665,0.7818314824680298,0.6234898018587336,0.8660254037844386,0.5000000000000001,0.8214765533024142,0.5702422926917871,168.9,112.6
2020-02-26,Punjab,NR,31.51997398,75.98000281,168.9,2020,2,2,57,0,0,16.6,72,169.9,113.8,268.9,140.14285714285714,27.520589694678264,148.52333333333334,0.9749279121818236,-0.22252093395631434,0.8660254037844386,0.5000000000000001,0.8311706263658079,0.5560174366570446,152.1,113.5
2020-02-27,Punjab,NR,31.51997398,75.98000281,152.1,2020,2,3,58,0,0,17.0,77,168.9,115.0,262.6,145.44285714285712,25.35901267418547,144.84,0.43388373911755823,-0.900968867902419,0.8660254037844386,0.5000000000000001,0.8406184056344782,0.5416278206559814,152.0,113.0
2020-02-28,Punjab,NR,31.51997398,75.98000281,152.0,2020,2,4,59,0,0,18.3,76,152.1,112.8,244.6,151.04285714285714,20.882197932118327,141.75333333333336,-0.433883739117558,-0.9009688679024191,0.8660254037844386,0.5000000000000001,0.8498170915275278,0.5270777086423722,162.4,111.8
2020-02-29,Punjab,NR,31.51997398,75.98000281,162.4,2020,2,5,60,1,0,17.5,81,152.0,107.4,234.5,158.9,8.251666498349167,139.35,-0.9749279121818236,-0.2225209339563146,0.8660254037844386,0.5000000000000001,0.8587639582758029,0.5123714121284237,108.2,103.6
2020-03-01,Punjab,NR,31.51997398,75.98000281,108.2,2020,3,6,61,1,0,17.2,76,162.4,150.1,215.0,152.91428571428574,21.01899367805395,135.79000000000002,-0.7818314824680299,0.6234898018587334,1.0,6.123233995736766e-17,0.8674563547295969,0.49751328890718066,112.0,281.89599999999996
2020-03-02,Punjab,NR,31.51997398,75.98000281,112.0,2020,3,0,62,0,0,17.1,77,108.2,156.9,174.4,146.5,25.88719116989408,133.71,0.0,1.0,1.0,6.123233995736766e-17,0.8758917051442429,0.48250774176121847,112.6,271.4
2020-03-03,Punjab,NR,31.51997398,75.98000281,112.6,2020,3,1,63,0,0,17.1,77,112.0,169.9,119.0,138.31428571428572,26.310608036266835,133.49666666666667,0.7818314824680298,0.6234898018587336,1.0,6.123233995736766e-17,0.8840675099433636,0.4673592171580022,113.5,270.0
2020-03-04,Punjab,NR,31.51997398,75.98000281,113.5,2020,3,2,64,0,0,17.6,74,112.6,168.9,126.8,130.4,23.788302447490985,133.05333333333334,0.9749279121818236,-0.22252093395631434,1.0,6.123233995736766e-17,0.8919813464595485,0.45207220393230435,113.0,281.89599999999996
2020-03-05,Punjab,NR,31.51997398,75.98000281,113.0,2020,3,3,65,0,0,16.6,70,113.5,152.1,125.9,124.81428571428572,22.39333446745705,132.62333333333333,0.43388373911755823,-0.900968867902419,1.0,6.123233995736766e-17,0.8996308696522433,0.43665123195606403,111.8,268.9
2020-03-13,Punjab,NR,31.51997398,75.98000281,111.8,2020,3,4,73,0,0,15.4,80,113.0,152.0,126.3,119.07142857142857,19.18425693858599,132.14000000000001,-0.433883739117558,-0.9009688679024191,1.0,6.123233995736766e-17,0.9510565162951535,0.30901699437494745,103.6,262.6
2020-03-14,Punjab,NR,31.51997398,75.98000281,103.6,2020,3,5,74,1,0,13.9,85,111.8,162.4,126.1,110.67142857142856,3.5659100220957725,131.39000000000001,-0.9749279121818236,-0.2225209339563146,1.0,6.123233995736766e-17,0.9562348265919056,0.29260033563334836,281.89599999999996,244.6
2020-03-15,Punjab,NR,31.51997398,75.98000281,281.89599999999996,2020,3,6,75,1,0,14.7,79,103.6,108.2,123.5,135.48514285714285,64.65033806415474,136.66986666666668,-0.7818314824680299,0.6234898018587334,1.0,6.123233995736766e-17,0.9611297838723007,0.27609697309746883,271.4,73.9
2020-03-16,Punjab,NR,31.51997398,75.98000281,271.4,2020,3,0,76,0,0,16.2,80,281.89599999999996,112.0,114.7,158.2565714285714,81.00362956241955,141.8932,0.0,1.0,1.0,6.123233995736766e-17,0.9657399376548549,0.2595117970697999,270.0,75.8
2020-03-17,Punjab,NR,31.51997398,75.98000281,270.0,2020,3,1,77,0,0,17.3,77,271.4,112.6,148.4,180.7422857142857,87.78035837572895,145.94653333333335,0.7818314824680298,0.6234898018587336,1.0,6.123233995736766e-17,0.9700639218515071,0.2428497220959356,281.89599999999996,69.6
2020-03-18,Punjab,NR,31.51997398,75.98000281,281.89599999999996,2020,3,2,78,0,0,17.8,78,270.0,113.5,133.1,204.79885714285712,89.34191478327986,150.9064,0.9749279121818236,-0.22252093395631434,1.0,6.123233995736766e-17,0.9741004551724205,0.22611568550828828,268.9,72.4
2020-03-19,Punjab,NR,31.51997398,75.98000281,268.9,2020,3,3,79,0,0,17.8,78,281.89599999999996,113.0,148.4,227.0702857142857,81.7533659362399,154.92306666666667,0.43388373911755823,-0.900968867902419,1.0,6.123233995736766e-17,0.9778483415056568,0.20931464596304847,262.6,74.0
2020-03-20,Punjab,NR,31.51997398,75.98000281,262.6,2020,3,4,80,0,0,19.1,72,268.9,111.8,154.6,248.61314285714283,64.32746435602901,158.52306666666667,-0.433883739117558,-0.9009688679024191,1.0,6.123233995736766e-17,0.9813064702716093,0.19245158197082998,244.6,75.9
2020-03-21,Punjab,NR,31.51997398,75.98000281,244.6,2020,3,5,81,1,0,19.2,71,262.6,103.6,155.3,268.756,12.749424039278379,161.4997333333333,-0.9749279121818236,-0.2225209339563146,1.0,6.123233995736766e-17,0.9844738167520922,0.1755314904214282,73.9,77.7
2020-03-22,Punjab,NR,31.51997398,75.98000281,73.9,2020,3,6,82,1,0,19.4,65,244.6,281.89599999999996,152.6,239.0422857142857,73.70114686967057,158.87640000000002,-0.7818314824680299,0.6234898018587334,1.0,6.123233995736766e-17,0.9873494423939864,0.15855938510313475,75.8,106.4
2020-03-23,Punjab,NR,31.51997398,75.98000281,75.8,2020,3,0,83,0,0,19.6,71,73.9,271.4,140.8,211.09942857142855,93.74304739882865,156.70973333333333,0.0,1.0,1.0,6.123233995736766e-17,0.989932495087353,0.141540295217043,69.6,106.4
2020-03-24,Punjab,NR,31.51997398,75.98000281,69.6,2020,3,1,84,0,0,19.2,74,75.8,270.0,108.1,182.47085714285714,102.90950625902435,155.42639999999997,0.7818314824680298,0.6234898018587336,1.0,6.123233995736766e-17,0.9922222094179323,0.12447926388678915,72.4,106.7
2020-03-25,Punjab,NR,31.51997398,75.98000281,72.4,2020,3,2,85,0,0,19.4,74,69.6,281.89599999999996,112.7,152.54285714285714,99.58466845090248,154.08306666666667,0.9749279121818236,-0.22252093395631434,1.0,6.123233995736766e-17,0.994217906893952,0.10738134666416309,74.0,95.3
2020-03-26,Punjab,NR,31.51997398,75.98000281,74.0,2020,3,3,86,0,0,20.2,76,72.4,268.9,113.5,124.7,88.22892571789207,152.7664,0.43388373911755823,-0.900968867902419,1.0,6.123233995736766e-17,0.995918996147179,0.09025161003104117,75.9,99.0
2020-03-27,Punjab,NR,31.51997398,75.98000281,75.9,2020,3,4,87,0,0,18.2,89,74.0,262.6,113.8,98.02857142857144,64.66778472278419,151.50306666666665,-0.433883739117558,-0.9009688679024191,1.0,6.123233995736766e-17,0.9973249731081555,0.07309512989807777,77.7,101.7
2020-03-28,Punjab,NR,31.51997398,75.98000281,77.7,2020,3,5,88,1,0,18.6,77,75.9,244.6,115.0,74.18571428571428,2.6529408659212907,150.25973333333332,-0.9749279121818236,-0.2225209339563146,1.0,6.123233995736766e-17,0.9984354211555643,0.055916990100603484,106.4,94.2
2020-03-29,Punjab,NR,31.51997398,75.98000281,106.4,2020,3,6,89,1,0,18.9,70,77.7,73.9,112.8,78.82857142857142,12.443299975717633,150.0464,-0.7818314824680299,0.6234898018587334,1.0,6.123233995736766e-17,0.9992500112396835,0.03872228089217446,106.4,99.2
2020-03-30,Punjab,NR,31.51997398,75.98000281,106.4,2020,3,0,90,0,0,17.9,76,106.4,75.8,107.4,83.2,16.053348560346535,150.01306666666667,0.0,1.0,1.0,6.123233995736766e-17,0.9997685019798909,0.021516097436222254,106.7,102.9
2020-03-31,Punjab,NR,31.51997398,75.98000281,106.7,2020,3,1,91,0,0,19.1,75,106.4,69.6,150.1,88.5,16.916067312863042,148.5664,0.7818314824680298,0.6234898018587336,1.0,6.123233995736766e-17,0.9999907397361901,0.004303538296244289,95.3,107.7
2020-04-01,Punjab,NR,31.51997398,75.98000281,95.3,2020,4,2,92,0,0,21.0,61,106.7,72.4,156.9,91.77142857142857,15.432834508033872,146.51306666666667,0.9749279121818236,-0.22252093395631434,0.8660254037844387,-0.4999999999999998,0.9999166586547379,-0.01291029607500882,99.0,112.8
2020-04-02,Punjab,NR,31.51997398,75.98000281,99.0,2020,4,3,93,0,1,19.9,61,95.3,74.0,169.9,95.34285714285714,13.39264190303158,144.14973333333333,0.43388373911755823,-0.900968867902419,0.8660254037844387,-0.4999999999999998,0.9995462806873573,-0.030120304846908114,101.7,114.1
2020-04-03,Punjab,NR,31.51997398,75.98000281,101.7,2020,4,4,94,0,0,18.8,61,99.0,75.9,168.9,99.02857142857144,10.355950670300363,141.90973333333332,-0.433883739117558,-0.9009688679024191,0.8660254037844387,-0.4999999999999998,0.9988797155850336,-0.04732138832243185,94.2,111.7
2020-04-04,Punjab,NR,31.51997398,75.98000281,94.2,2020,4,5,95,1,0,19.4,66,101.7,77.7,152.1,101.38571428571429,5.3694905318297055,139.97973333333331,-0.9749279121818236,-0.2225209339563146,0.8660254037844387,-0.4999999999999998,0.9979171608653922,-0.06450844944931623,99.2,112.3
2020-04-05,Punjab,NR,31.51997398,75.98000281,99.2,2020,4,6,96,1,0,20.9,63,94.2,106.4,152.0,100.35714285714286,4.9196399403652915,138.21973333333332,-0.7818314824680299,0.6234898018587334,0.8660254037844387,-0.4999999999999998,0.9966589017541702,-0.08167639533042241,102.9,102.8
2020-04-13,Punjab,NR,31.51997398,75.98000281,102.9,2020,4,0,104,0,0,25.0,61,99.2,106.4,162.4,99.85714285714286,4.3477416140839615,136.2364,0.0,1.0,0.8660254037844387,-0.4999999999999998,0.9760105506323683,-0.21772323039653177,107.7,105.2
2020-04-14,Punjab,NR,31.51997398,75.98000281,107.7,2020,4,1,105,0,1,26.4,60,102.9,106.7,108.2,100.0,4.6180804092877095,136.21973333333332,0.7818314824680298,0.6234898018587336,0.8660254037844387,-0.4999999999999998,0.9721181966290613,-0.23449138957040985,112.8,105.8
2020-04-15,Punjab,NR,31.51997398,75.98000281,112.8,2020,4,2,106,0,0,27.8,44,107.7,95.3,112.0,102.5,6.136774397024895,136.2464,0.9749279121818236,-0.22252093395631434,0.8660254037844387,-0.4999999999999998,0.9679377830240642,-0.25119006388481935,114.1,92.4
2020-04-16,Punjab,NR,31.51997398,75.98000281,114.1,2020,4,3,107,0,0,25.9,48,112.8,99.0,112.6,104.65714285714286,7.2537018463795935,136.2964,0.43388373911755823,-0.900968867902419,0.8660254037844387,-0.4999999999999998,0.9634705485641488,-0.2678143051621742,111.7,100.2
2020-04-17,Punjab,NR,31.51997398,75.98000281,111.7,2020,4,4,108,0,0,24.5,47,114.1,101.7,113.5,106.08571428571429,7.552798283069802,136.2364,-0.433883739117558,-0.9009688679024191,0.8660254037844387,-0.4999999999999998,0.9587178169872964,-0.2843591872810034,112.3,104.3
2020-04-18,Punjab,NR,31.51997398,75.98000281,112.3,2020,4,5,109,1,0,23.1,61,111.7,94.2,113.0,108.67142857142858,5.668837119347719,136.21306666666666,-0.9749279121818236,-0.2225209339563146,0.8660254037844387,-0.4999999999999998,0.9536809966304457,-0.30081980763566735,102.8,97.3
2020-04-19,Punjab,NR,31.51997398,75.98000281,102.8,2020,4,6,110,1,0,23.3,61,112.3,99.2,111.8,109.18571428571428,4.756198962554957,135.91306666666665,-0.7818314824680299,0.6234898018587334,0.8660254037844387,-0.4999999999999998,0.9483615800121715,-0.3171912885891061,105.2,181.3
2020-04-20,Punjab,NR,31.51997398,75.98000281,105.2,2020,4,0,111,0,0,21.8,64,102.8,102.9,103.6,109.51428571428572,4.307910774154398,135.9664,0.0,1.0,0.8660254037844387,-0.4999999999999998,0.9427611433904207,-0.3334687789181868,105.8,162.6
2020-04-21,Punjab,NR,31.51997398,75.98000281,105.8,2020,4,1,112,0,0,22.4,55,105.2,107.7,281.89599999999996,109.24285714285715,4.496983115694059,130.09653333333333,0.7818314824680298,0.6234898018587336,0.8660254037844387,-0.4999999999999998,0.9368813462954315,-0.3496474552512284,92.4,186.4
2020-04-22,Punjab,NR,31.51997398,75.98000281,92.4,2020,4,2,113,0,0,23.5,56,105.8,112.8,271.4,106.32857142857144,7.448873356803331,124.12986666666667,0.9749279121818236,-0.22252093395631434,0.8660254037844387,-0.4999999999999998,0.9307239310379795,-0.36572252349726897,100.2,198.8
2020-04-23,Punjab,NR,31.51997398,75.98000281,100.2,2020,4,3,114,0,0,25.0,50,92.4,114.1,270.0,104.34285714285714,6.861452019033876,118.46986666666666,0.43388373911755823,-0.900968867902419,0.8660254037844387,-0.4999999999999998,0.9242907221930933,-0.3816892202666588,104.3,186.0
2020-04-24,Punjab,NR,31.51997398,75.98000281,104.3,2020,4,4,115,0,0,25.8,46,100.2,111.7,281.89599999999996,103.28571428571429,6.062570569052546,112.55,-0.433883739117558,-0.9009688679024191,0.8660254037844387,-0.4999999999999998,0.9175836260593937,-0.39754281428255595,97.3,190.3
2020-04-25,Punjab,NR,31.51997398,75.98000281,97.3,2020,4,5,116,1,0,26.0,51,104.3,112.3,268.9,101.14285714285714,4.881207891103459,106.83,-0.9749279121818236,-0.2225209339563146,0.8660254037844387,-0.4999999999999998,0.9106046300942162,-0.4132786077829042,181.3,188.4
2020-04-26,Punjab,NR,31.51997398,75.98000281,181.3,2020,4,6,117,1,0,24.5,64,97.3,102.8,262.6,112.35714285714286,30.78164264313236,104.12000000000002,-0.7818314824680299,0.6234898018587334,0.8660254037844387,-0.4999999999999998,0.9033558023246845,-0.4288919379124835,162.6,88.2
2020-04-27,Punjab,NR,31.51997398,75.98000281,162.6,2020,4,0,118,0,0,21.3,80,181.3,105.2,244.6,120.55714285714285,35.7945460064729,101.38666666666667,0.0,1.0,0.8660254037844387,-0.4999999999999998,0.895839290734909,-0.4443781781046132,186.4,91.2
2020-04-28,Punjab,NR,31.51997398,75.98000281,186.4,2020,4,1,119,0,0,24.2,61,162.6,105.8,73.9,132.07142857142858,42.5772910632616,105.13666666666667,0.7818314824680298,0.6234898018587336,0.8660254037844387,-0.4999999999999998,0.8880573226294932,-0.45973273945210397,198.8,100.5
2020-04-29,Punjab,NR,31.51997398,75.98000281,198.8,2020,4,2,120,0,0,25.6,59,186.4,92.4,75.8,147.27142857142857,44.978799238667584,109.23666666666666,0.9749279121818236,-0.22252093395631434,0.8660254037844387,-0.4999999999999998,0.8800122039735357,-0.47495107206704995,186.0,105.4
2020-04-30,Punjab,NR,31.51997398,75.98000281,186.0,2020,4,3,121,0,0,26.3,57,198.8,100.2,69.6,159.52857142857144,41.57538190987985,113.11666666666666,0.43388373911755823,-0.900968867902419,0.8660254037844387,-0.4999999999999998,0.8717063187093218,-0.4900286664290592,190.3,112.9
2020-05-01,Punjab,NR,31.51997398,75.98000281,190.3,2020,5,4,122,0,0,27.7,51,186.0,104.3,72.4,171.81428571428572,34.66792122272037,117.04666666666667,-0.433883739117558,-0.9009688679024191,0.49999999999999994,-0.8660254037844387,0.8631421280499114,-0.5049610547215204,188.4,121.1
2020-05-02,Punjab,NR,31.51997398,75.98000281,188.4,2020,5,5,123,1,0,26.9,58,190.3,97.3,74.0,184.82857142857142,11.167619007008515,120.86,-0.9749279121818236,-0.2225209339563146,0.49999999999999994,-0.8660254037844387,0.854322169749827,-0.5197438121555155,88.2,129.2
2020-05-03,Punjab,NR,31.51997398,75.98000281,88.2,2020,5,6,124,1,0,26.6,56,188.4,181.3,75.9,171.52857142857144,38.37250379658632,121.27,-0.7818314824680299,0.6234898018587334,0.49999999999999994,-0.8660254037844387,0.8452490573530633,-0.5343725582809786,91.2,113.0
2020-05-04,Punjab,NR,31.51997398,75.98000281,91.2,2020,5,0,125,0,0,25.9,64,88.2,162.6,77.7,161.32857142857142,49.1246277097245,121.72000000000001,0.0,1.0,0.49999999999999994,-0.8660254037844387,0.8359254794186372,-0.548842958284719,100.5,120.2
2020-05-05,Punjab,NR,31.51997398,75.98000281,100.5,2020,5,1,126,0,0,25.9,50,91.2,186.4,106.4,149.05714285714288,52.435352487383696,121.52333333333334,0.7818314824680298,0.6234898018587336,0.49999999999999994,-0.8660254037844387,0.8263541987239096,-0.5631507242749186,105.4,120.5
2020-05-13,Punjab,NR,31.51997398,75.98000281,105.4,2020,5,2,134,0,0,27.0,57,100.5,198.8,106.4,135.71428571428572,49.46744480199155,121.49,0.9749279121818236,-0.22252093395631434,0.49999999999999994,-0.8660254037844387,0.7412220108485958,-0.6712599575675313,112.9,123.8
2020-05-14,Punjab,NR,31.51997398,75.98000281,112.9,2020,5,3,135,0,0,26.8,57,105.4,186.0,106.7,125.27142857142859,44.554525183035,121.69666666666667,0.43388373911755823,-0.900968867902419,0.49999999999999994,-0.8660254037844387,0.7295575540864875,-0.6839194216246106,121.1,126.0
2020-05-15,Punjab,NR,31.51997398,75.98000281,121.1,2020,5,4,136,0,0,27.5,47,112.9,190.3,95.3,115.38571428571429,34.19363627789164,122.55666666666666,-0.433883739117558,-0.9009688679024191,0.49999999999999994,-0.8660254037844387,0.717676913675962,-0.6963762255968722,129.2,127.2
2020-05-16,Punjab,NR,31.51997398,75.98000281,129.2,2020,5,5,137,1,0,28.0,45,121.1,188.4,99.0,106.92857142857143,15.134476566844544,123.56333333333333,-0.9749279121818236,-0.2225209339563146,0.49999999999999994,-0.8660254037844387,0.705583610107178,-0.7086266782644596,113.0,121.6
2020-05-17,Punjab,NR,31.51997398,75.98000281,113.0,2020,5,6,138,1,0,28.0,41,129.2,88.2,101.7,110.47142857142858,12.731550610682367,123.94000000000001,-0.7818314824680299,0.6234898018587334,0.49999999999999994,-0.8660254037844387,0.6932812268869777,-0.7206671495538609,120.2,100.2
2020-05-18,Punjab,NR,31.51997398,75.98000281,120.2,2020,5,0,139,0,0,27.9,33,113.0,91.2,94.2,114.61428571428571,9.79513970828122,124.80666666666666,0.0,1.0,0.49999999999999994,-0.8660254037844387,0.6807734094770161,-0.7324940716135789,120.5,102.1
2020-05-19,Punjab,NR,31.51997398,75.98000281,120.5,2020,5,1,140,0,0,27.4,32,120.2,100.5,99.2,117.47142857142856,7.680649774098968,125.51666666666667,0.7818314824680298,0.6234898018587336,0.49999999999999994,-0.8660254037844387,0.6680638642135335,-0.7441039398713607,123.8,107.9
2020-05-20,Punjab,NR,31.51997398,75.98000281,123.8,2020,5,2,141,0,0,27.8,36,120.5,105.4,102.9,120.10000000000001,5.772347875863477,126.21333333333334,0.9749279121818236,-0.22252093395631434,0.49999999999999994,-0.8660254037844387,0.6551563572090853,-0.7554933140726803,126.0,112.0
2020-05-21,Punjab,NR,31.51997398,75.98000281,126.0,2020,5,3,142,0,0,28.6,37,123.8,112.9,107.7,121.97142857142856,5.137675961531624,126.82333333333334,0.43388373911755823,-0.900968867902419,0.49999999999999994,-0.8660254037844387,0.6420547132365637,-0.766658819300159,127.2,114.0
