timestamp,node_id,region,latitude,longitude,consumption_mu,year,month,dayofweek,dayofyear,is_weekend,is_holiday,temperature_c,humidity,lag_1d,lag_7d,lag_30d,roll_mean_7d,roll_std_7d,roll_mean_30d,dow_sin,dow_cos,month_sin,month_cos,doy_sin,doy_cos,target_next_1d,target_next_7d
2019-02-02,Pondy,SR,11.93499371,79.83000037,4.2,2019,2,5,33,1,0,25.1,72,4.2,6.6,6.3,6.542857142857144,2.2352159797635833,7.366666666666666,-0.9749279121818236,-0.2225209339563146,0.8660254037844386,0.5000000000000001,0.5380051715382996,0.8429415373547828,4.2,6.0
2019-02-03,Pondy,SR,11.93499371,79.83000037,4.2,2019,2,6,34,1,0,25.4,74,4.2,7.4,6.5,6.085714285714286,2.354731811642656,7.29,-0.7818314824680299,0.6234898018587334,0.8660254037844386,0.5000000000000001,0.5524353131676196,0.8335557718385699,4.3,6.1
2019-02-04,Pondy,SR,11.93499371,79.83000037,4.3,2019,2,0,35,0,0,25.7,78,4.2,8.6,6.4,5.471428571428572,2.1406496566185114,7.220000000000001,0.0,1.0,0.8660254037844386,0.5000000000000001,0.5667017562911176,0.8239230057575542,4.3,6.4
2019-02-05,Pondy,SR,11.93499371,79.83000037,4.3,2019,2,1,36,0,0,26.0,76,4.3,8.8,6.6,4.828571428571428,1.575557346585947,7.143333333333333,0.7818314824680298,0.6234898018587336,0.8660254037844386,0.5000000000000001,0.5808002734538009,0.8140460935082178,4.3,6.8
2019-02-06,Pondy,SR,11.93499371,79.83000037,4.3,2019,2,2,37,0,0,25.6,77,4.3,8.4,7.2,4.242857142857143,0.053452248382446714,7.046666666666667,0.9749279121818236,-0.22252093395631434,0.8660254037844386,0.5000000000000001,0.5947266869607634,0.8039279618328213,5.5,6.3
2019-02-07,Pondy,SR,11.93499371,79.83000037,5.5,2019,2,3,38,0,0,25.6,79,4.3,4.2,7.0,4.428571428571429,0.47509397566616435,6.996666666666667,0.43388373911755823,-0.900968867902419,0.8660254037844386,0.5000000000000001,0.6084768701151261,0.7935716089521474,6.3,7.1
2019-02-08,Pondy,SR,11.93499371,79.83000037,6.3,2019,2,4,39,0,0,26.4,80,5.5,4.2,6.5,4.728571428571429,0.8340948901139981,6.989999999999999,-0.433883739117558,-0.9009688679024191,0.8660254037844386,0.5000000000000001,0.6220467484408675,0.7829801036770629,6.0,7.3
2019-02-09,Pondy,SR,11.93499371,79.83000037,6.0,2019,2,5,40,1,0,26.4,83,6.3,4.2,7.6,4.985714285714286,0.9172941575244926,6.9366666666666665,-0.9749279121818236,-0.2225209339563146,0.8660254037844386,0.5000000000000001,0.6354323008901774,0.7721565844991642,6.1,7.2
2019-02-10,Pondy,SR,11.93499371,79.83000037,6.1,2019,2,6,41,1,0,26.3,81,6.0,4.2,7.9,5.257142857142857,0.9271050693011054,6.876666666666667,-0.7818314824680299,0.6234898018587334,0.8660254037844386,0.5000000000000001,0.6486295610349814,0.7611042586607747,6.4,7.2
2019-02-11,Pondy,SR,11.93499371,79.83000037,6.4,2019,2,0,42,0,0,26.8,75,6.1,4.3,7.1,5.557142857142857,0.9052755434252092,6.8533333333333335,0.0,1.0,0.8660254037844386,0.5000000000000001,0.6616346182422783,0.7498264012045686,6.8,7.1
2019-02-12,Pondy,SR,11.93499371,79.83000037,6.8,2019,2,1,43,0,0,26.5,72,6.4,4.3,8.0,5.914285714285714,0.8153293228885509,6.8133333333333335,0.7818314824680298,0.6234898018587336,0.8660254037844386,0.5000000000000001,0.6744436188329455,0.7383263540031065,6.3,6.6
2019-02-13,Pondy,SR,11.93499371,79.83000037,6.3,2019,2,2,44,0,0,25.9,73,6.8,4.3,8.4,6.2,0.3999999999999973,6.743333333333334,0.9749279121818236,-0.22252093395631434,0.8660254037844386,0.5000000000000001,0.6870527672236669,0.7266075247685656,7.1,6.5
2019-02-14,Pondy,SR,11.93499371,79.83000037,7.1,2019,2,3,45,0,0,26.1,75,6.3,5.5,8.3,6.428571428571429,0.39036002917941054,6.703333333333333,0.43388373911755823,-0.900968867902419,0.8660254037844386,0.5000000000000001,0.699458327051647,0.7146733860429609,7.3,9.2
2019-02-15,Pondy,SR,11.93499371,79.83000037,7.3,2019,2,4,46,0,0,26.3,80,7.1,6.3,7.4,6.571428571428571,0.5023753102820144,6.7,-0.433883739117558,-0.9009688679024191,0.8660254037844386,0.5000000000000001,0.7116566222817746,0.7025274741691571,7.2,9.4
2019-02-16,Pondy,SR,11.93499371,79.83000037,7.2,2019,2,5,47,1,0,26.6,80,7.3,6.0,7.6,6.742857142857143,0.47908643220593056,6.6866666666666665,-0.9749279121818236,-0.2225209339563146,0.8660254037844386,0.5000000000000001,0.7236440382959124,0.6901733882429719,7.2,8.9
2019-02-17,Pondy,SR,11.93499371,79.83000037,7.2,2019,2,6,48,1,0,27.2,81,7.2,6.1,7.7,6.8999999999999995,0.4082482904638612,6.67,-0.7818314824680299,0.6234898018587334,0.8660254037844386,0.5000000000000001,0.7354170229639855,0.6776147890466889,7.1,9.3
2019-02-18,Pondy,SR,11.93499371,79.83000037,7.1,2019,2,0,49,0,0,27.4,85,7.2,6.4,8.2,7.0,0.3464101615137739,6.633333333333334,0.0,1.0,0.8660254037844386,0.5000000000000001,0.7469720876965552,0.6648553979642865,6.6,9.2
2019-02-19,Pondy,SR,11.93499371,79.83000037,6.6,2019,2,1,50,0,0,27.4,82,7.1,6.8,8.3,6.971428571428571,0.3728908942943202,6.576666666666667,0.7818314824680298,0.6234898018587336,0.8660254037844386,0.5000000000000001,0.7583058084785624,0.6518989958787126,6.5,8.6
2019-02-20,Pondy,SR,11.93499371,79.83000037,6.5,2019,2,2,51,0,0,27.5,74,6.6,6.3,8.3,7.0,0.3162277660168362,6.516666666666667,0.9749279121818236,-0.22252093395631434,0.8660254037844386,0.5000000000000001,0.7694148268839378,0.6387494220515272,9.2,8.2
2019-02-21,Pondy,SR,11.93499371,79.83000037,9.2,2019,2,3,52,0,0,26.6,75,6.5,7.1,8.0,7.299999999999999,0.8944271909999157,6.556666666666667,0.43388373911755823,-0.900968867902419,0.8660254037844386,0.5000000000000001,0.7802958510707755,0.6254105729852463,9.4,7.0
2019-02-22,Pondy,SR,11.93499371,79.83000037,9.4,2019,2,4,53,0,0,25.7,74,9.2,7.3,7.6,7.6000000000000005,1.19582607431014,6.616666666666666,-0.433883739117558,-0.9009688679024191,0.8660254037844386,0.5000000000000001,0.7909456567567772,0.6118864012687243,8.9,7.4
2019-02-23,Pondy,SR,11.93499371,79.83000037,8.9,2019,2,5,54,1,0,25.3,73,9.4,7.2,8.9,7.8428571428571425,1.2712948030218947,6.616666666666666,-0.9749279121818236,-0.2225209339563146,0.8660254037844386,0.5000000000000001,0.8013610881746766,0.5981809144059165,9.3,7.9
2019-02-24,Pondy,SR,11.93499371,79.83000037,9.3,2019,2,6,55,1,0,25.8,76,8.9,7.2,9.1,8.142857142857142,1.340220308826306,6.623333333333333,-0.7818314824680299,0.6234898018587334,0.8660254037844386,0.5000000000000001,0.8115390590073611,0.5842981736283684,9.2,7.4
2019-02-25,Pondy,SR,11.93499371,79.83000037,9.2,2019,2,0,56,0,0,26.0,77,9.3,7.1,6.6,8.442857142857143,1.3023787760058434,6.71,0.0,1.0,0.8660254037844386,0.5000000000000001,0.8214765533024142,0.5702422926917871,8.6,7.4
2019-02-26,Pondy,SR,11.93499371,79.83000037,8.6,2019,2,1,57,0,0,27.0,79,9.2,6.6,7.4,8.72857142857143,1.0193368525897715,6.75,0.7818314824680298,0.6234898018587336,0.8660254037844386,0.5000000000000001,0.8311706263658079,0.5560174366570446,8.2,7.6
2019-02-27,Pondy,SR,11.93499371,79.83000037,8.2,2019,2,2,58,0,0,27.5,79,8.6,6.5,8.6,8.971428571428572,0.43479606604432625,6.736666666666666,0.9749279121818236,-0.22252093395631434,0.8660254037844386,0.5000000000000001,0.8406184056344782,0.5416278206559814,7.0,6.7
2019-02-28,Pondy,SR,11.93499371,79.83000037,7.0,2019,2,3,59,0,0,27.7,80,8.2,9.2,8.8,8.657142857142857,0.8443086774735564,6.676666666666666,0.43388373911755823,-0.900968867902419,0.8660254037844386,0.5000000000000001,0.8498170915275278,0.5270777086423722,7.4,7.7
2019-03-02,Pondy,SR,11.93499371,79.83000037,7.4,2019,3,5,61,1,0,27.7,67,7.0,9.4,8.4,8.37142857142857,0.8882835240212563,6.6433333333333335,-0.9749279121818236,-0.2225209339563146,1.0,6.123233995736766e-17,0.8674563547295969,0.49751328890718066,7.9,8.2
2019-03-03,Pondy,SR,11.93499371,79.83000037,7.9,2019,3,6,62,1,0,27.5,70,7.4,8.9,4.2,8.22857142857143,0.8693182879212242,6.766666666666667,-0.7818314824680299,0.6234898018587334,1.0,6.123233995736766e-17,0.8758917051442429,0.48250774176121847,7.4,8.4
2019-03-04,Pondy,SR,11.93499371,79.83000037,7.4,2019,3,0,63,0,1,27.4,74,7.9,9.3,4.2,7.957142857142856,0.7699721701835364,6.873333333333334,0.0,1.0,1.0,6.123233995736766e-17,0.8840675099433636,0.4673592171580022,7.4,8.6
2019-03-05,Pondy,SR,11.93499371,79.83000037,7.4,2019,3,1,64,0,0,28.1,77,7.4,9.2,4.2,7.7,0.5567764362830038,6.9799999999999995,0.7818314824680298,0.6234898018587336,1.0,6.123233995736766e-17,0.8919813464595485,0.45207220393230435,7.6,8.5
2019-03-06,Pondy,SR,11.93499371,79.83000037,7.6,2019,3,2,65,0,0,28.5,79,7.4,8.6,4.2,7.557142857142857,0.39096949095440225,7.093333333333334,0.9749279121818236,-0.22252093395631434,1.0,6.123233995736766e-17,0.8996308696522433,0.43665123195606403,6.7,8.4
2019-03-07,Pondy,SR,11.93499371,79.83000037,6.7,2019,3,3,66,0,0,28.7,79,7.6,8.2,4.3,7.342857142857143,0.390969490954402,7.173333333333333,0.43388373911755823,-0.900968867902419,1.0,6.123233995736766e-17,0.9070138128026359,0.4211008707960896,7.7,7.4
2019-03-08,Pondy,SR,11.93499371,79.83000037,7.7,2019,3,4,67,0,0,28.6,81,6.7,7.0,4.3,7.442857142857143,0.3779644730092292,7.286666666666666,-0.433883739117558,-0.9009688679024191,1.0,6.123233995736766e-17,0.9141279881853337,0.40542572835999735,8.2,4.5
2019-03-09,Pondy,SR,11.93499371,79.83000037,8.2,2019,3,5,68,1,0,27.7,82,7.7,7.4,4.3,7.557142857142858,0.47207747548166756,7.416666666666667,-0.9749279121818236,-0.2225209339563146,1.0,6.123233995736766e-17,0.9209712877166346,0.38963044953078796,8.4,5.2
2019-03-10,Pondy,SR,11.93499371,79.83000037,8.4,2019,3,6,69,1,0,28.0,78,8.2,7.9,5.5,7.628571428571428,0.5618845839799198,7.513333333333334,-0.7818314824680299,0.6234898018587334,1.0,6.123233995736766e-17,0.9275416835791966,0.37371971479046906,8.6,5.4
2019-03-11,Pondy,SR,11.93499371,79.83000037,8.6,2019,3,0,70,0,0,27.6,76,8.4,7.4,6.3,7.8,0.6557438524302018,7.590000000000001,0.0,1.0,1.0,6.123233995736766e-17,0.9338372288229252,0.35769823883312546,8.5,5.4
2019-03-12,Pondy,SR,11.93499371,79.83000037,8.5,2019,3,1,71,0,0,27.2,75,8.6,7.4,6.0,7.957142857142857,0.6754187413675156,7.673333333333334,0.7818314824680298,0.6234898018587336,1.0,6.123233995736766e-17,0.9398560579418954,0.3415707691678556,8.4,5.7
2019-03-13,Pondy,SR,11.93499371,79.83000037,8.4,2019,3,2,72,0,0,26.9,74,8.5,7.6,6.1,8.071428571428571,0.6725927091345514,7.75,0.9749279121818236,-0.22252093395631434,1.0,6.123233995736766e-17,0.9455963874271426,0.3253420847119801,7.4,5.4
2019-03-14,Pondy,SR,11.93499371,79.83000037,7.4,2019,3,3,73,0,0,27.0,74,8.4,6.7,6.4,8.17142857142857,0.44986770542122195,7.783333333333333,0.43388373911755823,-0.900968867902419,1.0,6.123233995736766e-17,0.9510565162951535,0.30901699437494745,4.5,6.2
2019-03-15,Pondy,SR,11.93499371,79.83000037,4.5,2019,3,4,74,0,0,27.0,74,7.4,7.7,6.8,7.714285714285714,1.4724453260122228,7.706666666666666,-0.433883739117558,-0.9009688679024191,1.0,6.123233995736766e-17,0.9562348265919056,0.29260033563334836,5.2,6.8
2019-03-16,Pondy,SR,11.93499371,79.83000037,5.2,2019,3,5,75,1,0,27.4,72,4.5,8.2,6.3,7.285714285714286,1.7228160778490667,7.67,-0.9749279121818236,-0.2225209339563146,1.0,6.123233995736766e-17,0.9611297838723007,0.27609697309746883,5.4,7.0
2019-03-17,Pondy,SR,11.93499371,79.83000037,5.4,2019,3,6,76,1,0,27.3,71,5.2,8.4,7.1,6.857142857142857,1.771870144656152,7.613333333333333,-0.7818314824680299,0.6234898018587334,1.0,6.123233995736766e-17,0.9657399376548549,0.2595117970697999,5.4,7.2
2019-03-18,Pondy,SR,11.93499371,79.83000037,5.4,2019,3,0,77,0,0,27.4,74,5.4,8.6,7.3,6.3999999999999995,1.656301099840647,7.55,0.0,1.0,1.0,6.123233995736766e-17,0.9700639218515071,0.2428497220959356,5.7,7.1
2019-03-19,Pondy,SR,11.93499371,79.83000037,5.7,2019,3,1,78,0,0,27.8,75,5.4,8.5,7.2,6.0,1.3796134724383269,7.5,0.7818314824680298,0.6234898018587336,1.0,6.123233995736766e-17,0.9741004551724205,0.22611568550828828,5.4,7.3
2019-03-20,Pondy,SR,11.93499371,79.83000037,5.4,2019,3,2,79,0,0,27.9,75,5.7,8.4,7.2,5.571428571428571,0.8882835240212578,7.44,0.9749279121818236,-0.22252093395631434,1.0,6.123233995736766e-17,0.9778483415056568,0.20931464596304847,6.2,6.9
2019-03-21,Pondy,SR,11.93499371,79.83000037,6.2,2019,3,3,80,0,1,27.4,77,5.4,7.4,7.1,5.4,0.5131601439446941,7.41,0.43388373911755823,-0.900968867902419,1.0,6.123233995736766e-17,0.9813064702716093,0.19245158197082998,6.8,5.8
2019-03-22,Pondy,SR,11.93499371,79.83000037,6.8,2019,3,4,81,0,0,28.2,77,6.2,4.5,6.6,5.728571428571429,0.5736267244886903,7.416666666666667,-0.433883739117558,-0.9009688679024191,1.0,6.123233995736766e-17,0.9844738167520922,0.1755314904214282,7.0,8.5
2019-03-23,Pondy,SR,11.93499371,79.83000037,7.0,2019,3,5,82,1,0,28.5,76,6.8,5.2,6.5,5.985714285714286,0.6890296835129158,7.433333333333334,-0.9749279121818236,-0.2225209339563146,1.0,6.123233995736766e-17,0.9873494423939864,0.15855938510313475,7.2,8.4
2019-03-24,Pondy,SR,11.93499371,79.83000037,7.2,2019,3,6,83,1,0,28.3,78,7.0,5.4,9.2,6.242857142857143,0.765630770143468,7.366666666666666,-0.7818314824680299,0.6234898018587334,1.0,6.123233995736766e-17,0.989932495087353,0.141540295217043,7.1,8.4
2019-03-25,Pondy,SR,11.93499371,79.83000037,7.1,2019,3,0,84,0,0,27.9,77,7.2,5.4,9.4,6.485714285714287,0.7221001117771515,7.29,0.0,1.0,1.0,6.123233995736766e-17,0.9922222094179323,0.12447926388678915,7.3,8.5
2019-03-26,Pondy,SR,11.93499371,79.83000037,7.3,2019,3,1,85,0,0,28.1,75,7.1,5.7,8.9,6.714285714285714,0.6841748592978558,7.236666666666666,0.7818314824680298,0.6234898018587336,1.0,6.123233995736766e-17,0.994217906893952,0.10738134666416309,6.9,8.4
2019-03-27,Pondy,SR,11.93499371,79.83000037,6.9,2019,3,2,86,0,0,27.4,75,7.3,5.4,9.3,6.928571428571429,0.36384193323606173,7.156666666666667,0.9749279121818236,-0.22252093395631434,1.0,6.123233995736766e-17,0.995918996147179,0.09025161003104117,5.8,8.4
2019-03-28,Pondy,SR,11.93499371,79.83000037,5.8,2019,3,3,87,0,0,27.9,76,6.9,6.2,9.2,6.871428571428572,0.5023753102820192,7.043333333333333,0.43388373911755823,-0.900968867902419,1.0,6.123233995736766e-17,0.9973249731081555,0.07309512989807777,8.5,7.8
2019-03-29,Pondy,SR,11.93499371,79.83000037,8.5,2019,3,4,88,0,0,28.4,77,5.8,6.8,8.6,7.114285714285714,0.7904188160474842,7.04,-0.433883739117558,-0.9009688679024191,1.0,6.123233995736766e-17,0.9984354211555643,0.055916990100603484,8.4,7.6
2019-03-30,Pondy,SR,11.93499371,79.83000037,8.4,2019,3,5,89,1,0,28.6,78,8.5,7.0,8.2,7.314285714285715,0.9227288721117233,7.046666666666667,-0.9749279121818236,-0.2225209339563146,1.0,6.123233995736766e-17,0.9992500112396835,0.03872228089217446,8.4,7.7
2019-03-31,Pondy,SR,11.93499371,79.83000037,8.4,2019,3,6,90,1,0,29.3,74,8.4,7.2,7.0,7.485714285714286,1.0056980518170315,7.093333333333334,-0.7818314824680299,0.6234898018587334,1.0,6.123233995736766e-17,0.9997685019798909,0.021516097436222254,8.5,7.9
2019-04-02,Pondy,SR,11.93499371,79.83000037,8.5,2019,4,1,92,0,0,29.1,75,8.4,7.1,7.4,7.685714285714285,1.0542431272854342,7.13,0.7818314824680298,0.6234898018587336,0.8660254037844387,-0.4999999999999998,0.9999166586547379,-0.01291029607500882,8.4,8.1
2019-04-03,Pondy,SR,11.93499371,79.83000037,8.4,2019,4,2,93,0,0,28.5,76,8.5,7.3,7.9,7.8428571428571425,1.069044967649698,7.1466666666666665,0.9749279121818236,-0.22252093395631434,0.8660254037844387,-0.4999999999999998,0.9995462806873573,-0.030120304846908114,8.4,8.1
2019-04-04,Pondy,SR,11.93499371,79.83000037,8.4,2019,4,3,94,0,0,28.7,75,8.4,6.9,7.4,8.057142857142859,0.9964221709983896,7.179999999999999,0.43388373911755823,-0.900968867902419,0.8660254037844387,-0.4999999999999998,0.9988797155850336,-0.04732138832243185,7.8,7.8
2019-04-05,Pondy,SR,11.93499371,79.83000037,7.8,2019,4,4,95,0,0,28.5,80,8.4,5.8,7.4,8.342857142857143,0.24397501823713547,7.193333333333333,-0.433883739117558,-0.9009688679024191,0.8660254037844387,-0.4999999999999998,0.9979171608653922,-0.06450844944931623,7.6,7.4
2019-04-06,Pondy,SR,11.93499371,79.83000037,7.6,2019,4,5,96,1,0,28.8,79,7.8,8.5,7.6,8.214285714285715,0.35790395093549765,7.1933333333333325,-0.9749279121818236,-0.2225209339563146,0.8660254037844387,-0.4999999999999998,0.9966589017541702,-0.08167639533042241,7.7,8.4
2019-04-07,Pondy,SR,11.93499371,79.83000037,7.7,2019,4,6,97,1,0,29.1,75,7.6,8.4,6.7,8.114285714285714,0.39339789623472254,7.2266666666666675,-0.7818314824680299,0.6234898018587334,0.8660254037844387,-0.4999999999999998,0.9951053111006976,-0.09882013873287143,7.9,8.8
2019-04-08,Pondy,SR,11.93499371,79.83000037,7.9,2019,4,0,98,0,0,29.6,76,7.7,8.4,7.7,8.042857142857143,0.3779644730092281,7.233333333333333,0.0,1.0,0.8660254037844387,-0.4999999999999998,0.9932568492674143,-0.11593459959550041,8.1,8.6
2019-04-09,Pondy,SR,11.93499371,79.83000037,8.1,2019,4,1,99,0,0,29.6,77,7.9,8.5,8.2,7.985714285714286,0.3236694374850758,7.23,0.7818314824680298,0.6234898018587336,0.8660254037844387,-0.4999999999999998,0.9911140639934547,-0.1330147065341959,8.1,8.5
2019-04-10,Pondy,SR,11.93499371,79.83000037,8.1,2019,4,2,100,0,0,29.3,80,8.1,8.4,8.4,7.942857142857143,0.27602622373694274,7.22,0.9749279121818236,-0.22252093395631434,0.8660254037844387,-0.4999999999999998,0.9886775902323405,-0.1500553983446526,7.8,8.6
2019-04-11,Pondy,SR,11.93499371,79.83000037,7.8,2019,4,3,101,0,0,29.5,80,8.1,8.4,8.6,7.857142857142857,0.19023794624226992,7.1933333333333325,0.43388373911755823,-0.900968867902419,0.8660254037844387,-0.4999999999999998,0.9859481499638304,-0.16705162550211924,7.4,8.6
2019-04-12,Pondy,SR,11.93499371,79.83000037,7.4,2019,4,4,102,0,0,29.6,77,7.8,7.8,8.5,7.8,0.2581988897471623,7.156666666666666,-0.433883739117558,-0.9009688679024191,0.8660254037844387,-0.4999999999999998,0.9829265519799822,-0.18399835165768005,8.4,8.1
2019-04-13,Pondy,SR,11.93499371,79.83000037,8.4,2019,4,5,103,1,1,29.3,76,7.4,7.6,8.4,7.914285714285714,0.32366943748507565,7.156666666666666,-0.9749279121818236,-0.2225209339563146,0.8660254037844387,-0.4999999999999998,0.9796136916454901,-0.20089055513063506,8.8,7.5
2019-04-14,Pondy,SR,11.93499371,79.83000037,8.8,2019,4,6,104,1,1,29.4,76,8.4,7.7,7.4,8.071428571428571,0.4461475305855898,7.203333333333334,-0.7818314824680299,0.6234898018587334,0.8660254037844387,-0.4999999999999998,0.9760105506323683,-0.21772323039653177,8.6,7.9
2019-04-15,Pondy,SR,11.93499371,79.83000037,8.6,2019,4,0,105,0,0,29.1,75,8.8,7.9,4.5,8.17142857142857,0.47858919654294313,7.340000000000001,0.0,1.0,0.8660254037844387,-0.4999999999999998,0.9721181966290613,-0.23449138957040985,8.5,8.0
2019-04-16,Pondy,SR,11.93499371,79.83000037,8.5,2019,4,1,106,0,0,29.4,75,8.6,8.1,5.2,8.22857142857143,0.49232200070782245,7.45,0.7818314824680298,0.6234898018587336,0.8660254037844387,-0.4999999999999998,0.9679377830240642,-0.25119006388481935,8.6,7.9
2019-04-17,Pondy,SR,11.93499371,79.83000037,8.6,2019,4,2,107,0,1,30.2,70,8.5,8.1,5.4,8.3,0.5066228051190226,7.556666666666667,0.9749279121818236,-0.22252093395631434,0.8660254037844387,-0.4999999999999998,0.9634705485641488,-0.2678143051621742,8.6,7.8
2019-04-18,Pondy,SR,11.93499371,79.83000037,8.6,2019,4,3,108,0,0,30.4,76,8.6,7.8,5.4,8.414285714285715,0.4634241089562615,7.663333333333333,0.43388373911755823,-0.900968867902419,0.8660254037844387,-0.4999999999999998,0.9587178169872964,-0.2843591872810034,8.1,7.8
2019-04-19,Pondy,SR,11.93499371,79.83000037,8.1,2019,4,4,109,0,1,30.0,77,8.6,7.4,5.7,8.514285714285714,0.21930626551751398,7.743333333333334,-0.433883739117558,-0.9009688679024191,0.8660254037844387,-0.4999999999999998,0.9536809966304457,-0.30081980763566735,7.5,7.1
2019-04-20,Pondy,SR,11.93499371,79.83000037,7.5,2019,4,5,110,1,0,30.0,76,8.1,8.4,5.4,8.385714285714286,0.44507891221134976,7.813333333333333,-0.9749279121818236,-0.2225209339563146,0.8660254037844387,-0.4999999999999998,0.9483615800121715,-0.3171912885891061,7.9,6.8
2019-04-21,Pondy,SR,11.93499371,79.83000037,7.9,2019,4,6,111,1,0,29.8,77,7.5,8.8,6.2,8.257142857142858,0.4353433237386438,7.87,-0.7818314824680299,0.6234898018587334,0.8660254037844387,-0.4999999999999998,0.9427611433904207,-0.3334687789181868,8.0,6.7
2019-04-22,Pondy,SR,11.93499371,79.83000037,8.0,2019,4,0,112,0,0,30.4,75,7.9,8.6,6.8,8.171428571428573,0.41518785191880603,7.909999999999999,0.0,1.0,0.8660254037844387,-0.4999999999999998,0.9368813462954315,-0.3496474552512284,7.9,6.4
2019-04-23,Pondy,SR,11.93499371,79.83000037,7.9,2019,4,1,113,0,0,30.3,75,8.0,8.5,7.0,8.085714285714285,0.3976119189552017,7.9399999999999995,0.7818314824680298,0.6234898018587336,0.8660254037844387,-0.4999999999999998,0.9307239310379795,-0.36572252349726897,7.8,6.8
2019-04-24,Pondy,SR,11.93499371,79.83000037,7.8,2019,4,2,114,0,0,29.9,71,7.9,8.6,7.2,7.971428571428571,0.33523268393901007,7.96,0.9749279121818236,-0.22252093395631434,0.8660254037844387,-0.4999999999999998,0.9242907221930933,-0.3816892202666588,7.8,6.8
2019-04-25,Pondy,SR,11.93499371,79.83000037,7.8,2019,4,3,115,0,0,29.9,70,7.8,8.6,7.1,7.857142857142857,0.1902379462422684,7.983333333333333,0.43388373911755823,-0.900968867902419,0.8660254037844387,-0.4999999999999998,0.9175836260593937,-0.39754281428255595,7.1,6.7
2019-04-26,Pondy,SR,11.93499371,79.83000037,7.1,2019,4,4,116,0,0,30.3,73,7.8,8.1,7.3,7.714285714285714,0.3132015933791499,7.9766666666666675,-0.433883739117558,-0.9009688679024191,0.8660254037844387,-0.4999999999999998,0.9106046300942162,-0.4132786077829042,6.8,6.2
2019-04-27,Pondy,SR,11.93499371,79.83000037,6.8,2019,4,5,117,1,0,30.6,72,7.1,7.5,6.9,7.614285714285715,0.4670066788550656,7.973333333333333,-0.9749279121818236,-0.2225209339563146,0.8660254037844387,-0.4999999999999998,0.9033558023246845,-0.4288919379124835,6.7,7.6
2019-04-28,Pondy,SR,11.93499371,79.83000037,6.7,2019,4,6,118,1,0,30.5,74,6.8,7.9,5.8,7.442857142857142,0.556348640264187,8.003333333333334,-0.7818314824680299,0.6234898018587334,0.8660254037844387,-0.4999999999999998,0.895839290734909,-0.4443781781046132,6.4,7.5
2019-04-29,Pondy,SR,11.93499371,79.83000037,6.4,2019,4,0,119,0,0,30.7,76,6.7,8.0,8.5,7.214285714285714,0.6148944934663493,7.933333333333334,0.0,1.0,0.8660254037844387,-0.4999999999999998,0.8880573226294932,-0.45973273945210397,6.8,7.3
2019-04-30,Pondy,SR,11.93499371,79.83000037,6.8,2019,4,1,120,0,0,31.5,75,6.4,7.9,8.4,7.057142857142857,0.5472876844254854,7.88,0.7818314824680298,0.6234898018587336,0.8660254037844387,-0.4999999999999998,0.8800122039735357,-0.47495107206704995,6.8,7.4
2019-05-02,Pondy,SR,11.93499371,79.83000037,6.8,2019,5,3,122,0,0,32.3,64,6.8,7.8,8.4,6.9142857142857155,0.4413183712037206,7.826666666666667,0.43388373911755823,-0.900968867902419,0.49999999999999994,-0.8660254037844387,0.8631421280499114,-0.5049610547215204,6.7,7.7
2019-05-03,Pondy,SR,11.93499371,79.83000037,6.7,2019,5,4,123,0,0,32.0,65,6.8,7.8,8.5,6.757142857142857,0.20701966780270722,7.766666666666667,-0.433883739117558,-0.9009688679024191,0.49999999999999994,-0.8660254037844387,0.854322169749827,-0.5197438121555155,6.2,7.8
2019-05-04,Pondy,SR,11.93499371,79.83000037,6.2,2019,5,5,124,1,0,31.7,70,6.7,7.1,8.4,6.628571428571429,0.23603873774083448,7.6933333333333325,-0.9749279121818236,-0.2225209339563146,0.49999999999999994,-0.8660254037844387,0.8452490573530633,-0.5343725582809786,7.6,7.3
2019-05-05,Pondy,SR,11.93499371,79.83000037,7.6,2019,5,6,125,1,0,31.1,76,6.2,6.8,8.4,6.742857142857143,0.4391550328268403,7.666666666666667,-0.7818314824680299,0.6234898018587334,0.49999999999999994,-0.8660254037844387,0.8359254794186372,-0.548842958284719,7.5,7.7
2019-05-06,Pondy,SR,11.93499371,79.83000037,7.5,2019,5,0,126,0,0,31.2,74,7.6,6.7,7.8,6.857142857142857,0.5223572942509208,7.656666666666666,0.0,1.0,0.49999999999999994,-0.8660254037844387,0.8263541987239096,-0.5631507242749186,7.3,7.8
2019-05-07,Pondy,SR,11.93499371,79.83000037,7.3,2019,5,1,127,0,0,31.6,70,7.5,6.4,7.6,6.985714285714286,0.5014265364224071,7.6466666666666665,0.7818314824680298,0.6234898018587336,0.49999999999999994,-0.8660254037844387,0.8165380514459161,-0.5772916165517272,7.4,8.5
2019-05-08,Pondy,SR,11.93499371,79.83000037,7.4,2019,5,2,128,0,0,32.3,61,7.3,6.8,7.7,7.071428571428571,0.5154748157905349,7.636666666666667,0.9749279121818236,-0.22252093395631434,0.49999999999999994,-0.8660254037844387,0.8064799463209448,-0.5912614448635781,7.7,8.5
2019-05-09,Pondy,SR,11.93499371,79.83000037,7.7,2019,5,3,129,0,0,31.7,66,7.4,6.8,7.9,7.200000000000001,0.5477225575051664,7.629999999999999,0.43388373911755823,-0.900968867902419,0.49999999999999994,-0.8660254037844387,0.7961828637826158,-0.6050560696488488,7.8,8.4
2019-05-10,Pondy,SR,11.93499371,79.83000037,7.8,2019,5,4,130,0,0,31.5,70,7.7,6.7,8.1,7.357142857142857,0.53807416730764,7.62,-0.433883739117558,-0.9009688679024191,0.49999999999999994,-0.8660254037844387,0.7856498550787147,-0.6186714032625031,7.3,8.0
2019-05-11,Pondy,SR,11.93499371,79.83000037,7.3,2019,5,5,131,1,0,30.9,73,7.8,6.2,8.1,7.514285714285713,0.19518001458970952,7.593333333333334,-0.9749279121818236,-0.2225209339563146,0.49999999999999994,-0.8660254037844387,0.7748840413670407,-0.6321034111873487,7.7,7.4
2019-05-12,Pondy,SR,11.93499371,79.83000037,7.7,2019,5,6,132,1,0,30.4,77,7.3,7.6,7.8,7.528571428571429,0.205866345916358,7.590000000000001,-0.7818314824680299,0.6234898018587334,0.49999999999999994,-0.8660254037844387,0.7638886127905428,-0.6453481132295501,7.8,8.9
2019-05-13,Pondy,SR,11.93499371,79.83000037,7.8,2019,5,0,133,0,0,30.1,78,7.7,7.5,7.4,7.571428571428571,0.22886885410853453,7.603333333333334,0.0,1.0,0.49999999999999994,-0.8660254037844387,0.7526668275320085,-0.6584015846980488,8.5,9.0
2019-05-14,Pondy,SR,11.93499371,79.83000037,8.5,2019,5,1,134,0,0,30.6,78,7.8,7.3,8.4,7.742857142857143,0.38668308667927437,7.6066666666666665,0.7818314824680298,0.6234898018587336,0.49999999999999994,-0.8660254037844387,0.7412220108485958,-0.6712599575675313,8.5,8.9
2019-05-15,Pondy,SR,11.93499371,79.83000037,8.5,2019,5,2,135,0,0,30.7,79,8.5,7.4,8.8,7.8999999999999995,0.44347115652167124,7.596666666666666,0.9749279121818236,-0.22252093395631434,0.49999999999999994,-0.8660254037844387,0.7295575540864875,-0.6839194216246106,8.4,9.1
2019-05-16,Pondy,SR,11.93499371,79.83000037,8.4,2019,5,3,136,0,0,30.6,79,8.5,7.7,8.6,8.0,0.4690415759823453,7.59,0.43388373911755823,-0.900968867902419,0.49999999999999994,-0.8660254037844387,0.717676913675962,-0.6963762255968722,8.0,9.1
2019-05-17,Pondy,SR,11.93499371,79.83000037,8.0,2019,5,4,137,0,0,30.6,78,8.4,7.8,8.5,8.028571428571428,0.4608480795022961,7.573333333333333,-0.433883739117558,-0.9009688679024191,0.49999999999999994,-0.8660254037844387,0.705583610107178,-0.7086266782644596,7.4,9.1
2019-05-18,Pondy,SR,11.93499371,79.83000037,7.4,2019,5,5,138,1,1,30.4,79,8.0,7.3,8.6,8.042857142857143,0.43534332373864615,7.533333333333333,-0.9749279121818236,-0.2225209339563146,0.49999999999999994,-0.8660254037844387,0.6932812268869777,-0.7206671495538609,8.9,8.3
2019-05-19,Pondy,SR,11.93499371,79.83000037,8.9,2019,5,6,139,1,0,30.3,76,7.4,7.7,8.6,8.214285714285714,0.5080307452263506,7.543333333333334,-0.7818314824680299,0.6234898018587334,0.49999999999999994,-0.8660254037844387,0.6807734094770161,-0.7324940716135789,9.0,6.1
2019-05-20,Pondy,SR,11.93499371,79.83000037,9.0,2019,5,0,140,0,0,30.1,76,8.9,7.8,8.1,8.385714285714286,0.5459809869356645,7.573333333333333,0.0,1.0,0.49999999999999994,-0.8660254037844387,0.6680638642135335,-0.7441039398713607,8.9,7.0
2019-05-21,Pondy,SR,11.93499371,79.83000037,8.9,2019,5,1,141,0,0,30.1,77,9.0,8.5,7.5,8.442857142857145,0.5798193478924974,7.62,0.7818314824680298,0.6234898018587336,0.49999999999999994,-0.8660254037844387,0.6551563572090853,-0.7554933140726803,9.1,5.0
2019-05-22,Pondy,SR,11.93499371,79.83000037,9.1,2019,5,2,142,0,0,30.1,78,8.9,8.5,7.9,8.528571428571428,0.6317021600783271,7.66,0.9749279121818236,-0.22252093395631434,0.49999999999999994,-0.8660254037844387,0.6420547132365637,-0.766658819300159,9.1,4.2
2019-05-23,Pondy,SR,11.93499371,79.83000037,9.1,2019,5,3,143,0,0,30.3,77,9.1,8.4,8.0,8.628571428571428,0.6626066850308902,7.696666666666667,0.43388373911755823,-0.900968867902419,0.49999999999999994,-0.8660254037844387,0.6287628145958344,-0.7775971469736269,9.1,4.2
2019-05-24,Pondy,SR,11.93499371,79.83000037,9.1,2019,5,4,144,0,0,30.6,74,9.1,8.0,7.9,8.785714285714286,0.6175990377490715,7.736666666666666,-0.433883739117558,-0.9009688679024191,0.49999999999999994,-0.8660254037844387,0.6152845999633276,-0.7883050558305255,8.3,4.2
2019-05-25,Pondy,SR,11.93499371,79.83000037,8.3,2019,5,5,145,1,0,31.1,72,9.1,7.4,7.8,8.914285714285715,0.28535691936341845,7.753333333333333,-0.9749279121818236,-0.2225209339563146,0.49999999999999994,-0.8660254037844387,0.6016240632249226,-0.7987793728863649,6.1,4.2
2019-05-26,Pondy,SR,11.93499371,79.83000037,6.1,2019,5,6,146,1,0,31.3,72,8.3,8.9,7.8,8.514285714285714,1.1021623767675572,7.696666666666667,-0.7818314824680299,0.6234898018587334,0.49999999999999994,-0.8660254037844387,0.5877852522924732,-0.8090169943749473,7.0,7.0
2019-05-27,Pondy,SR,11.93499371,79.83000037,7.0,2019,5,0,147,0,0,30.8,76,6.1,9.0,7.1,8.22857142857143,1.2092894411103392,7.693333333333333,0.0,1.0,0.49999999999999994,-0.8660254037844387,0.5737722679043246,-0.8190148866680801,5.0,7.2
2019-05-28,Pondy,SR,11.93499371,79.83000037,5.0,2019,5,1,148,0,0,31.1,76,7.0,8.9,6.8,7.671428571428572,1.6620412005666265,7.633333333333334,0.7818314824680298,0.6234898018587336,0.49999999999999994,-0.8660254037844387,0.5595892624101765,-0.8287700871745038,4.2,7.3
2019-05-29,Pondy,SR,11.93499371,79.83000037,4.2,2019,5,2,149,0,0,30.9,75,5.0,9.1,6.7,6.971428571428572,1.9644458809159433,7.550000000000001,0.9749279121818236,-0.22252093395631434,0.49999999999999994,-0.8660254037844387,0.545240438540651,-0.8382797052177744,4.2,7.1
2019-05-30,Pondy,SR,11.93499371,79.83000037,4.2,2019,5,3,150,0,0,30.9,77,4.2,9.1,6.4,6.271428571428571,1.952531933767268,7.4766666666666675,0.43388373911755823,-0.900968867902419,0.49999999999999994,-0.8660254037844387,0.5307300481619334,-0.8475409228928311,4.2,7.7
2019-05-31,Pondy,SR,11.93499371,79.83000037,4.2,2019,5,4,151,0,0,30.6,73,4.2,9.1,6.8,5.571428571428571,1.6193767172529512,7.39,-0.433883739117558,-0.9009688679024191,0.49999999999999994,-0.8660254037844387,0.5160623910158528,-0.8565509959010036,4.2,7.0
2019-06-02,Pondy,SR,11.93499371,79.83000037,4.2,2019,6,6,153,1,0,31.8,68,4.2,8.3,6.8,4.985714285714287,1.1378760498234832,7.303333333333333,-0.7818314824680299,0.6234898018587334,1.2246467991473532e-16,-1.0,0.48627270710868997,-0.8738071036110808,7.0,5.3
2019-06-03,Pondy,SR,11.93499371,79.83000037,7.0,2019,6,0,154,0,0,30.9,72,4.2,6.1,6.7,5.114285714285714,1.3208943579112957,7.3133333333333335,0.0,1.0,1.2246467991473532e-16,-1.0,0.4711595076738638,-0.8820480249558537,7.2,6.9
2019-06-04,Pondy,SR,11.93499371,79.83000037,7.2,2019,6,1,155,0,0,30.8,75,7.0,7.0,6.2,5.142857142857143,1.3697410252272018,7.346666666666667,0.7818314824680298,0.6234898018587336,1.2246467991473532e-16,-1.0,0.4559066935084588,-0.8900275764346767,7.3,7.0
2019-06-05,Pondy,SR,11.93499371,79.83000037,7.3,2019,6,2,156,0,1,29.7,77,7.2,5.0,7.6,5.471428571428571,1.5882005390947775,7.336666666666668,0.9749279121818236,-0.22252093395631434,1.2246467991473532e-16,-1.0,0.440518784350495,-0.8977433935342337,7.1,7.0
2019-06-06,Pondy,SR,11.93499371,79.83000037,7.1,2019,6,3,157,0,0,30.1,77,7.3,4.2,7.5,5.885714285714285,1.5794815303642822,7.323333333333334,0.43388373911755823,-0.900968867902419,1.2246467991473532e-16,-1.0,0.42500033996955416,-0.9051931898913974,7.7,7.1
2019-06-07,Pondy,SR,11.93499371,79.83000037,7.7,2019,6,4,158,0,0,30.8,74,7.1,4.2,7.3,6.385714285714286,1.5093360255739041,7.336666666666667,-0.433883739117558,-0.9009688679024191,1.2246467991473532e-16,-1.0,0.4093559588156213,-0.9123747579707273,7.0,7.2
2019-06-08,Pondy,SR,11.93499371,79.83000037,7.0,2019,6,5,159,1,0,31.6,68,7.7,4.2,7.4,6.785714285714286,1.1653734328940357,7.323333333333333,-0.9749279121818236,-0.2225209339563146,1.2246467991473532e-16,-1.0,0.39359027665646673,-0.9192859697186104,5.3,6.4
2019-06-09,Pondy,SR,11.93499371,79.83000037,5.3,2019,6,6,160,1,0,33.1,56,7.0,4.2,7.7,6.942857142857142,0.763450812336417,7.243333333333334,-0.7818314824680299,0.6234898018587334,1.2246467991473532e-16,-1.0,0.3777079652039649,-0.9259247771938498,6.9,6.5
2019-06-10,Pondy,SR,11.93499371,79.83000037,6.9,2019,6,0,161,0,0,33.1,52,5.3,7.0,7.8,6.928571428571429,0.7631388814501228,7.213333333333334,0.0,1.0,1.2246467991473532e-16,-1.0,0.36171373072976765,-0.9322892131745133,7.0,8.8
2019-06-11,Pondy,SR,11.93499371,79.83000037,7.0,2019,6,1,162,0,0,32.9,54,6.9,7.2,7.3,6.8999999999999995,0.7549834435270697,7.203333333333334,0.7818314824680298,0.6234898018587336,1.2246467991473532e-16,-1.0,0.3456123126707335,-0.9383773917408641,7.0,9.1
2019-06-12,Pondy,SR,11.93499371,79.83000037,7.0,2019,6,2,163,0,0,33.0,54,7.0,7.3,7.7,6.857142857142857,0.7367883976130016,7.180000000000001,0.9749279121818236,-0.22252093395631434,1.2246467991473532e-16,-1.0,0.3294084822245304,-0.9441875088341993,7.1,8.8
2019-06-13,Pondy,SR,11.93499371,79.83000037,7.1,2019,6,3,164,0,0,31.3,63,7.0,7.1,7.8,6.857142857142857,0.7367883976130016,7.156666666666667,0.43388373911755823,-0.900968867902419,1.2246467991473532e-16,-1.0,0.3131070409358269,-0.9497178427914316,7.2,9.3
2019-06-14,Pondy,SR,11.93499371,79.83000037,7.2,2019,6,4,165,0,0,31.4,63,7.1,7.7,8.5,6.785714285714286,0.6618876325292907,7.113333333333332,-0.433883739117558,-0.9009688679024191,1.2246467991473532e-16,-1.0,0.29671281927349075,-0.9549667548552551,6.4,8.5
2019-06-15,Pondy,SR,11.93499371,79.83000037,6.4,2019,6,5,166,1,0,32.1,61,7.2,7.0,8.5,6.7,0.6683312551921073,7.043333333333333,-0.9749279121818236,-0.2225209339563146,1.2246467991473532e-16,-1.0,0.28023067519921585,-0.9599326896597447,6.5,9.0
2019-06-16,Pondy,SR,11.93499371,79.83000037,6.5,2019,6,6,167,1,0,32.3,60,6.4,5.3,8.4,6.871428571428572,0.30394235042347073,6.98,-0.7818314824680299,0.6234898018587334,1.2246467991473532e-16,-1.0,0.26366549272800704,-0.9646141756912435,8.8,8.5
2019-06-17,Pondy,SR,11.93499371,79.83000037,8.8,2019,6,0,168,0,0,32.6,58,6.5,6.9,8.0,7.142857142857143,0.791321980100685,7.006666666666667,0.0,1.0,1.2246467991473532e-16,-1.0,0.24702218048093552,-0.9690098257244062,9.1,6.9
2019-06-18,Pondy,SR,11.93499371,79.83000037,9.1,2019,6,1,169,0,0,32.3,58,8.8,7.0,7.4,7.442857142857143,1.0752629800148752,7.0633333333333335,0.7818314824680298,0.6234898018587336,1.2246467991473532e-16,-1.0,0.23030567023061221,-0.9731183372332619,8.8,6.9
2019-06-19,Pondy,SR,11.93499371,79.83000037,8.8,2019,6,2,170,0,0,32.4,55,9.1,7.0,8.9,7.7,1.163328557774341,7.0600000000000005,0.9749279121818236,-0.22252093395631434,1.2246467991473532e-16,-1.0,0.21352091543979612,-0.9769384927771817,9.3,7.0
2019-06-20,Pondy,SR,11.93499371,79.83000037,9.3,2019,6,3,171,0,0,32.6,59,8.8,7.1,9.0,8.014285714285714,1.2667919737517683,7.069999999999999,0.43388373911755823,-0.900968867902419,1.2246467991473532e-16,-1.0,0.19667288979357647,-0.980469160361632,8.5,7.1
2019-06-21,Pondy,SR,11.93499371,79.83000037,8.5,2019,6,4,172,0,0,32.4,55,9.3,7.2,8.9,8.2,1.222020185321556,7.056666666666667,-0.433883739117558,-0.9009688679024191,1.2246467991473532e-16,-1.0,0.1797665857255624,-0.9837092937736097,9.0,7.5
2019-06-22,Pondy,SR,11.93499371,79.83000037,9.0,2019,6,5,173,1,0,32.0,58,8.5,6.4,9.1,8.571428571428571,0.9481812163545618,7.053333333333333,-0.9749279121818236,-0.2225209339563146,1.2246467991473532e-16,-1.0,0.16280701293851715,-0.986657932891657,8.5,7.3
2019-06-23,Pondy,SR,11.93499371,79.83000037,8.5,2019,6,6,174,1,0,31.1,67,9.0,6.5,9.1,8.857142857142858,0.29920529661723416,7.033333333333333,-0.7818314824680299,0.6234898018587334,1.2246467991473532e-16,-1.0,0.1457991969198751,-0.9893142039703663,6.9,6.3
2019-06-24,Pondy,SR,11.93499371,79.83000037,6.9,2019,6,0,175,0,0,30.3,74,8.5,8.8,9.1,8.585714285714287,0.8008923594519854,6.96,0.0,1.0,1.2246467991473532e-16,-1.0,0.12874817745258132,-0.99167731989929,6.9,7.5
2019-06-25,Pondy,SR,11.93499371,79.83000037,6.9,2019,6,1,176,0,0,30.1,78,6.9,9.1,8.3,8.271428571428572,0.9776064063386055,6.913333333333333,0.7818314824680298,0.6234898018587336,1.2246467991473532e-16,-1.0,0.11165900712169512,-0.993746580436178,7.0,7.4
2019-06-26,Pondy,SR,11.93499371,79.83000037,7.0,2019,6,2,177,0,0,29.7,75,6.9,8.8,6.1,8.014285714285714,1.0494896719018099,6.943333333333333,0.9749279121818236,-0.22252093395631434,1.2246467991473532e-16,-1.0,0.09453674981719912,-0.9955213724144752,7.1,7.7
2019-06-27,Pondy,SR,11.93499371,79.83000037,7.1,2019,6,3,178,0,0,30.1,74,7.0,9.3,7.0,7.700000000000001,0.9219544457292871,6.946666666666667,0.43388373911755823,-0.900968867902419,1.2246467991473532e-16,-1.0,0.07738647923346301,-0.9970011699250151,7.5,7.4
2019-06-28,Pondy,SR,11.93499371,79.83000037,7.5,2019,6,4,179,0,0,31.2,59,7.1,8.5,5.0,7.557142857142858,0.8521681032463448,7.03,-0.433883739117558,-0.9009688679024191,1.2246467991473532e-16,-1.0,0.06021327736579302,-0.9981855344718586,7.3,7.5
2019-06-29,Pondy,SR,11.93499371,79.83000037,7.3,2019,6,5,180,1,0,32.0,54,7.5,9.0,4.2,7.314285714285715,0.566946709513838,7.133333333333334,-0.9749279121818236,-0.2225209339563146,1.2246467991473532e-16,-1.0,0.04302223300453059,-0.99907411510223,6.3,7.9
2019-06-30,Pondy,SR,11.93499371,79.83000037,6.3,2019,6,6,181,1,0,32.5,54,7.3,8.5,4.2,7.0,0.37859388972001373,7.203333333333333,-0.7818314824680299,0.6234898018587334,1.2246467991473532e-16,-1.0,0.02581844022713308,-0.9996666485105112,7.5,7.4
2019-07-01,Pondy,SR,11.93499371,79.83000037,7.5,2019,7,0,182,0,0,31.9,57,6.3,6.9,4.2,7.0857142857142845,0.41804533816549294,7.3133333333333335,0.0,1.0,-0.4999999999999997,-0.8660254037844388,0.008606996888688698,-0.9999629591162655,7.4,5.550000000000001
2019-07-02,Pondy,SR,11.93499371,79.83000037,7.4,2019,7,1,183,0,0,31.8,61,7.5,6.9,4.2,7.157142857142857,0.423702501200791,7.42,0.7818314824680298,0.6234898018587336,-0.4999999999999997,-0.8660254037844388,-0.008606996888688009,-0.9999629591162655,7.7,5.699999999999999
2019-07-03,Pondy,SR,11.93499371,79.83000037,7.7,2019,7,2,184,0,0,31.3,62,7.4,7.0,7.0,7.257142857142857,0.46136443605585786,7.4433333333333325,0.9749279121818236,-0.22252093395631434,-0.4999999999999997,-0.8660254037844388,-0.02581844022713239,-0.9996666485105112,7.4,5.75
2019-07-04,Pondy,SR,11.93499371,79.83000037,7.4,2019,7,3,185,0,0,31.8,61,7.7,7.1,7.2,7.3,0.4582575694955807,7.45,0.43388373911755823,-0.900968867902419,-0.4999999999999997,-0.8660254037844388,-0.04302223300453034,-0.99907411510223,7.5,6.4
2019-07-05,Pondy,SR,11.93499371,79.83000037,7.5,2019,7,4,186,0,0,31.4,62,7.4,7.5,7.3,7.299999999999999,0.4582575694955807,7.456666666666666,-0.433883739117558,-0.9009688679024191,-0.4999999999999997,-0.8660254037844388,-0.060213277365792774,-0.9981855344718586,7.9,7.4
2019-07-06,Pondy,SR,11.93499371,79.83000037,7.9,2019,7,5,187,1,0,32.4,51,7.5,7.3,7.1,7.385714285714286,0.5113008619478052,7.483333333333333,-0.9749279121818236,-0.2225209339563146,-0.4999999999999997,-0.8660254037844388,-0.07738647923346322,-0.9970011699250151,7.4,7.2
2019-07-07,Pondy,SR,11.93499371,79.83000037,7.4,2019,7,6,188,1,0,32.0,55,7.9,6.3,7.7,7.542857142857144,0.1902379462422612,7.473333333333334,-0.7818314824680299,0.6234898018587334,-0.4999999999999997,-0.8660254037844388,-0.09453674981719933,-0.9955213724144752,5.550000000000001,7.2
2019-07-08,Pondy,SR,11.93499371,79.83000037,5.550000000000001,2019,7,0,189,0,0,30.9,60,7.4,7.5,7.0,7.264285714285714,0.7792701102710803,7.425,0.0,1.0,-0.4999999999999997,-0.8660254037844388,-0.11165900712169444,-0.9937465804361781,5.699999999999999,6.9
2019-07-09,Pondy,SR,11.93499371,79.83000037,5.699999999999999,2019,7,1,190,0,0,30.6,63,5.550000000000001,7.4,5.3,7.021428571428572,0.9711921981329353,7.4383333333333335,0.7818314824680298,0.6234898018587336,-0.4999999999999997,-0.8660254037844388,-0.12874817745258066,-0.99167731989929,5.75,6.3
2019-07-10,Pondy,SR,11.93499371,79.83000037,5.75,2019,7,2,191,0,0,28.9,73,5.699999999999999,7.7,6.9,6.742857142857143,1.0224270843718586,7.4,0.9749279121818236,-0.22252093395631434,-0.4999999999999997,-0.8660254037844388,-0.14579919691987442,-0.9893142039703664,6.4,7.9
2019-07-11,Pondy,SR,11.93499371,79.83000037,6.4,2019,7,3,192,0,0,28.7,71,5.75,7.4,7.0,6.6000000000000005,0.9844626283748221,7.38,0.43388373911755823,-0.900968867902419,-0.4999999999999997,-0.8660254037844388,-0.16280701293851646,-0.9866579328916572,7.4,8.3
2019-07-12,Pondy,SR,11.93499371,79.83000037,7.4,2019,7,4,193,0,0,29.1,80,6.4,7.5,7.0,6.585714285714286,0.9698428935117454,7.393333333333333,-0.433883739117558,-0.9009688679024191,-0.4999999999999997,-0.8660254037844388,-0.17976658572556214,-0.9837092937736098,7.2,8.4
2019-07-13,Pondy,SR,11.93499371,79.83000037,7.2,2019,7,5,194,1,0,29.0,78,7.4,7.9,7.1,6.485714285714286,0.8390045121622218,7.3966666666666665,-0.9749279121818236,-0.2225209339563146,-0.4999999999999997,-0.8660254037844388,-0.19667288979357622,-0.9804691603616321,7.2,7.5
2019-07-14,Pondy,SR,11.93499371,79.83000037,7.2,2019,7,6,195,1,0,29.2,77,7.2,7.4,7.2,6.457142857142857,0.8054132331855943,7.3966666666666665,-0.7818314824680299,0.6234898018587334,-0.4999999999999997,-0.8660254037844388,-0.2135209154397959,-0.9769384927771817,6.9,8.2
2019-07-15,Pondy,SR,11.93499371,79.83000037,6.9,2019,7,0,196,0,0,29.0,79,7.2,5.550000000000001,6.4,6.65,0.7076957915187357,7.413333333333333,0.0,1.0,-0.4999999999999997,-0.8660254037844388,-0.23030567023061196,-0.973118337233262,6.3,8.7
2019-07-16,Pondy,SR,11.93499371,79.83000037,6.3,2019,7,1,197,0,0,29.3,78,6.9,5.699999999999999,6.5,6.735714285714286,0.6018819691284173,7.406666666666667,0.7818314824680298,0.6234898018587336,-0.4999999999999997,-0.8660254037844388,-0.24702218048093527,-0.9690098257244063,7.9,8.0
2019-07-17,Pondy,SR,11.93499371,79.83000037,7.9,2019,7,2,198,0,0,29.8,73,6.3,5.75,8.8,7.042857142857143,0.5623081683476351,7.376666666666667,0.9749279121818236,-0.22252093395631434,-0.4999999999999997,-0.8660254037844388,-0.2636654927280072,-0.9646141756912435,8.3,7.5
2019-07-18,Pondy,SR,11.93499371,79.83000037,8.3,2019,7,3,199,0,0,29.8,73,7.9,6.4,9.1,7.314285714285715,0.6517376042257351,7.35,0.43388373911755823,-0.900968867902419,-0.4999999999999997,-0.8660254037844388,-0.2802306751992161,-0.9599326896597445,8.4,7.8
2019-07-19,Pondy,SR,11.93499371,79.83000037,8.4,2019,7,4,200,0,0,28.5,80,8.3,7.4,8.8,7.457142857142857,0.7721337165222565,7.336666666666667,-0.433883739117558,-0.9009688679024191,-0.4999999999999997,-0.8660254037844388,-0.2967128192734901,-0.9549667548552553,7.5,7.7
2019-07-20,Pondy,SR,11.93499371,79.83000037,7.5,2019,7,5,201,1,0,29.1,74,8.4,7.2,9.3,7.5,0.7637626158259707,7.276666666666667,-0.9749279121818236,-0.2225209339563146,-0.4999999999999997,-0.8660254037844388,-0.3131070409358267,-0.9497178427914317,8.2,7.7
2019-07-21,Pondy,SR,11.93499371,79.83000037,8.2,2019,7,6,202,1,0,29.0,75,7.5,7.2,8.5,7.642857142857143,0.7913219801006869,7.266666666666667,-0.7818314824680299,0.6234898018587334,-0.4999999999999997,-0.8660254037844388,-0.3294084822245302,-0.9441875088341994,8.7,7.8
2019-07-22,Pondy,SR,11.93499371,79.83000037,8.7,2019,7,0,203,0,0,26.9,88,8.2,6.9,9.0,7.8999999999999995,0.8020806277010614,7.256666666666667,0.0,1.0,-0.4999999999999997,-0.8660254037844388,-0.3456123126707333,-0.9383773917408642,8.0,7.8
2019-07-23,Pondy,SR,11.93499371,79.83000037,8.0,2019,7,1,204,0,0,27.6,79,8.7,6.3,8.5,8.142857142857142,0.38668308667926543,7.24,0.7818314824680298,0.6234898018587336,-0.4999999999999997,-0.8660254037844388,-0.3617137307297674,-0.9322892131745134,7.5,7.2
2019-07-24,Pondy,SR,11.93499371,79.83000037,7.5,2019,7,2,205,0,0,28.7,77,8.0,7.9,6.9,8.085714285714285,0.4525062483125507,7.260000000000001,0.9749279121818236,-0.22252093395631434,-0.4999999999999997,-0.8660254037844388,-0.37770796520396466,-0.9259247771938499,7.8,8.9
2019-07-25,Pondy,SR,11.93499371,79.83000037,7.8,2019,7,3,206,0,0,28.5,81,7.5,8.3,6.9,8.014285714285714,0.45250624831255076,7.29,0.43388373911755823,-0.900968867902419,-0.4999999999999997,-0.8660254037844388,-0.39359027665646645,-0.9192859697186105,7.7,9.2
2019-07-26,Pondy,SR,11.93499371,79.83000037,7.7,2019,7,4,207,0,0,28.7,76,7.8,8.4,7.0,7.914285714285714,0.4298393941484422,7.3133333333333335,-0.433883739117558,-0.9009688679024191,-0.4999999999999997,-0.8660254037844388,-0.4093559588156211,-0.9123747579707274,7.7,9.0
2019-07-27,Pondy,SR,11.93499371,79.83000037,7.7,2019,7,5,208,1,0,28.7,78,7.7,7.5,7.1,7.942857142857143,0.40355562548072343,7.333333333333333,-0.9749279121818236,-0.2225209339563146,-0.4999999999999997,-0.8660254037844388,-0.42500033996955394,-0.9051931898913975,7.8,9.1
2019-07-28,Pondy,SR,11.93499371,79.83000037,7.8,2019,7,6,209,1,0,28.9,77,7.7,8.2,7.5,7.885714285714285,0.3891382420536005,7.343333333333334,-0.7818314824680299,0.6234898018587334,-0.4999999999999997,-0.8660254037844388,-0.4405187843504952,-0.8977433935342336,7.8,9.4
2019-07-29,Pondy,SR,11.93499371,79.83000037,7.8,2019,7,0,210,0,0,29.0,76,7.8,8.7,7.3,7.757142857142858,0.15118578920367604,7.359999999999999,0.0,1.0,-0.4999999999999997,-0.8660254037844388,-0.455906693508459,-0.8900275764346766,7.2,9.4
2019-07-30,Pondy,SR,11.93499371,79.83000037,7.2,2019,7,1,211,0,0,28.9,76,7.8,8.0,6.3,7.642857142857143,0.22253945610566517,7.390000000000001,0.7818314824680298,0.6234898018587336,-0.4999999999999997,-0.8660254037844388,-0.47115950767386394,-0.8820480249558535,8.9,8.7
2019-07-31,Pondy,SR,11.93499371,79.83000037,8.9,2019,7,2,212,0,0,29.4,73,7.2,7.5,7.5,7.842857142857143,0.51269595556932,7.436666666666667,0.9749279121818236,-0.22252093395631434,-0.4999999999999997,-0.8660254037844388,-0.4862727071086902,-0.8738071036110807,9.2,6.8
2019-08-01,Pondy,SR,11.93499371,79.83000037,9.2,2019,8,3,213,0,0,29.9,71,8.9,7.8,7.4,8.042857142857143,0.7230886134196398,7.496666666666667,0.43388373911755823,-0.900968867902419,-0.8660254037844385,-0.5000000000000004,-0.5012418134457756,-0.8653072543632061,9.0,7.0
2019-08-02,Pondy,SR,11.93499371,79.83000037,9.0,2019,8,4,214,0,0,29.4,70,9.2,7.7,7.7,8.22857142857143,0.784674636849108,7.540000000000001,-0.433883739117558,-0.9009688679024191,-0.8660254037844385,-0.5000000000000004,-0.5160623910158526,-0.8565509959010037,9.1,6.9
2019-08-03,Pondy,SR,11.93499371,79.83000037,9.1,2019,8,5,215,1,0,29.9,66,9.0,7.7,7.4,8.428571428571429,0.8056349167256917,7.596666666666667,-0.9749279121818236,-0.2225209339563146,-0.8660254037844385,-0.5000000000000004,-0.5307300481619331,-0.8475409228928312,9.4,7.7
2019-08-04,Pondy,SR,11.93499371,79.83000037,9.4,2019,8,6,216,1,0,30.2,65,9.1,7.8,7.5,8.657142857142857,0.824332341670398,7.66,-0.7818314824680299,0.6234898018587334,-0.8660254037844385,-0.5000000000000004,-0.5452404385406507,-0.8382797052177745,9.4,7.8
2019-08-05,Pondy,SR,11.93499371,79.83000037,9.4,2019,8,0,217,0,0,31.2,56,9.4,7.8,7.9,8.885714285714284,0.7668736780560603,7.71,0.0,1.0,-0.8660254037844385,-0.5000000000000004,-0.5595892624101763,-0.828770087174504,8.7,8.2
2019-08-06,Pondy,SR,11.93499371,79.83000037,8.7,2019,8,1,218,0,0,31.1,55,9.4,7.2,7.4,9.1,0.2581988897471454,7.753333333333333,0.7818314824680298,0.6234898018587336,-0.8660254037844385,-0.5000000000000004,-0.5737722679043243,-0.8190148866680802,6.8,8.1
2019-08-08,Pondy,SR,11.93499371,79.83000037,6.8,2019,8,3,220,0,0,30.1,64,8.7,8.9,5.550000000000001,8.799999999999999,0.9146948489341454,7.795000000000001,0.43388373911755823,-0.900968867902419,-0.8660254037844385,-0.5000000000000004,-0.6016240632249227,-0.7987793728863648,7.0,6.9
2019-08-09,Pondy,SR,11.93499371,79.83000037,7.0,2019,8,4,221,0,0,30.1,62,6.8,9.2,5.699999999999999,8.485714285714286,1.1111984092689737,7.838333333333334,-0.433883739117558,-0.9009688679024191,-0.8660254037844385,-0.5000000000000004,-0.6152845999633277,-0.7883050558305253,6.9,7.3
2019-08-10,Pondy,SR,11.93499371,79.83000037,6.9,2019,8,5,222,1,0,30.3,60,7.0,9.0,5.75,8.185714285714285,1.2266873704256915,7.876666666666666,-0.9749279121818236,-0.2225209339563146,-0.8660254037844385,-0.5000000000000004,-0.6287628145958345,-0.7775971469736268,7.7,7.5
2019-08-11,Pondy,SR,11.93499371,79.83000037,7.7,2019,8,6,223,1,0,30.6,62,6.9,9.1,6.4,7.985714285714286,1.1653734328940368,7.92,-0.7818314824680299,0.6234898018587334,-0.8660254037844385,-0.5000000000000004,-0.6420547132365636,-0.7666588193001592,7.8,7.5
2019-08-12,Pondy,SR,11.93499371,79.83000037,7.8,2019,8,0,224,0,1,31.0,58,7.7,9.4,7.4,7.757142857142857,0.9846440014156407,7.933333333333334,0.0,1.0,-0.8660254037844385,-0.5000000000000004,-0.655156357209085,-0.7554933140726804,8.2,7.7
2019-08-13,Pondy,SR,11.93499371,79.83000037,8.2,2019,8,1,225,0,0,30.0,67,7.8,9.4,7.2,7.585714285714286,0.7197883286739463,7.966666666666667,0.7818314824680298,0.6234898018587336,-0.8660254037844385,-0.5000000000000004,-0.6680638642135333,-0.7441039398713608,8.1,7.4
2019-08-14,Pondy,SR,11.93499371,79.83000037,8.1,2019,8,2,226,0,0,29.9,71,8.2,8.7,7.2,7.5,0.5887840577551859,7.996666666666667,0.9749279121818236,-0.22252093395631434,-0.8660254037844385,-0.5000000000000004,-0.6807734094770159,-0.7324940716135792,6.9,7.2
2019-08-15,Pondy,SR,11.93499371,79.83000037,6.9,2019,8,3,227,0,1,29.7,69,8.1,6.8,6.9,7.514285714285714,0.569878850951586,7.996666666666667,0.43388373911755823,-0.900968867902419,-0.8660254037844385,-0.5000000000000004,-0.6932812268869771,-0.7206671495538615,7.3,6.8
2019-08-16,Pondy,SR,11.93499371,79.83000037,7.3,2019,8,4,228,0,0,29.4,72,6.9,7.0,6.3,7.557142857142857,0.5349677337844511,8.03,-0.433883739117558,-0.9009688679024191,-0.8660254037844385,-0.5000000000000004,-0.7055836101071774,-0.70862667826446,7.5,7.0
2019-08-17,Pondy,SR,11.93499371,79.83000037,7.5,2019,8,5,229,1,0,27.3,82,7.3,6.9,7.9,7.642857142857143,0.4540820148282368,8.016666666666667,-0.9749279121818236,-0.2225209339563146,-0.8660254037844385,-0.5000000000000004,-0.7176769136759615,-0.6963762255968726,7.5,7.1
2019-08-18,Pondy,SR,11.93499371,79.83000037,7.5,2019,8,6,230,1,0,26.4,87,7.5,7.7,8.3,7.614285714285714,0.4561745697594651,7.989999999999999,-0.7818314824680299,0.6234898018587334,-0.8660254037844385,-0.5000000000000004,-0.7295575540864876,-0.6839194216246105,7.7,7.1
2019-08-19,Pondy,SR,11.93499371,79.83000037,7.7,2019,8,0,231,0,0,27.6,85,7.5,7.8,8.4,7.6000000000000005,0.450924975282284,7.966666666666667,0.0,1.0,-0.8660254037844385,-0.5000000000000004,-0.7412220108485957,-0.6712599575675315,7.4,7.1
2019-08-20,Pondy,SR,11.93499371,79.83000037,7.4,2019,8,1,232,0,0,27.6,86,7.7,8.2,7.5,7.485714285714286,0.3670993118515759,7.963333333333334,0.7818314824680298,0.6234898018587336,-0.8660254037844385,-0.5000000000000004,-0.7526668275320083,-0.6584015846980489,7.2,6.9
2019-08-21,Pondy,SR,11.93499371,79.83000037,7.2,2019,8,2,233,0,0,28.4,82,7.4,8.1,8.2,7.357142857142857,0.2572750982712335,7.930000000000001,0.9749279121818236,-0.22252093395631434,-0.8660254037844385,-0.5000000000000004,-0.7638886127905429,-0.64534811322955,6.8,6.3
2019-08-22,Pondy,SR,11.93499371,79.83000037,6.8,2019,8,3,234,0,0,27.6,84,7.2,6.9,8.7,7.3428571428571425,0.28784916685156436,7.866666666666666,0.43388373911755823,-0.900968867902419,-0.8660254037844385,-0.5000000000000004,-0.7748840413670406,-0.6321034111873488,7.0,7.4
2019-08-23,Pondy,SR,11.93499371,79.83000037,7.0,2019,8,4,235,0,0,28.0,81,6.8,7.3,8.0,7.3,0.3162277660168334,7.833333333333333,-0.433883739117558,-0.9009688679024191,-0.8660254037844385,-0.5000000000000004,-0.7856498550787144,-0.6186714032625032,7.1,6.9
2019-08-24,Pondy,SR,11.93499371,79.83000037,7.1,2019,8,5,236,1,1,28.4,78,7.0,7.5,7.5,7.242857142857143,0.3101458950082584,7.819999999999999,-0.9749279121818236,-0.2225209339563146,-0.8660254037844385,-0.5000000000000004,-0.7961828637826154,-0.6050560696488494,7.1,7.5
2019-08-25,Pondy,SR,11.93499371,79.83000037,7.1,2019,8,6,237,1,0,28.4,78,7.1,7.5,7.8,7.185714285714286,0.2911389784310965,7.796666666666667,-0.7818314824680299,0.6234898018587334,-0.8660254037844385,-0.5000000000000004,-0.8064799463209447,-0.5912614448635782,7.1,7.4
2019-08-26,Pondy,SR,11.93499371,79.83000037,7.1,2019,8,0,238,0,0,28.9,74,7.1,7.7,7.7,7.1000000000000005,0.18257418583505008,7.776666666666666,0.0,1.0,-0.8660254037844385,-0.5000000000000004,-0.8165380514459157,-0.5772916165517278,6.9,7.4
2019-08-27,Pondy,SR,11.93499371,79.83000037,6.9,2019,8,1,239,0,0,28.8,71,7.1,7.4,7.7,7.028571428571429,0.13801311186846502,7.75,0.7818314824680298,0.6234898018587336,-0.8660254037844385,-0.5000000000000004,-0.8263541987239094,-0.5631507242749187,6.3,7.5
2019-08-28,Pondy,SR,11.93499371,79.83000037,6.3,2019,8,2,240,0,0,28.6,76,6.9,7.2,7.8,6.8999999999999995,0.2886751345948113,7.7,0.9749279121818236,-0.22252093395631434,-0.8660254037844385,-0.5000000000000004,-0.8359254794186365,-0.5488429582847199,7.4,7.0
2019-08-29,Pondy,SR,11.93499371,79.83000037,7.4,2019,8,3,241,0,0,28.9,78,6.3,6.8,7.8,6.985714285714286,0.338765264987282,7.6866666666666665,0.43388373911755823,-0.900968867902419,-0.8660254037844385,-0.5000000000000004,-0.8452490573530634,-0.5343725582809785,6.9,8.0
2019-08-30,Pondy,SR,11.93499371,79.83000037,6.9,2019,8,4,242,0,0,28.8,77,7.4,7.0,7.2,6.971428571428572,0.3401680257083026,7.676666666666666,-0.433883739117558,-0.9009688679024191,-0.8660254037844385,-0.5000000000000004,-0.8543221697498269,-0.5197438121555157,7.5,8.3
2019-08-31,Pondy,SR,11.93499371,79.83000037,7.5,2019,8,5,243,1,0,28.7,75,6.9,7.1,8.9,7.028571428571429,0.3946064947695161,7.629999999999999,-0.9749279121818236,-0.2225209339563146,-0.8660254037844385,-0.5000000000000004,-0.8631421280499115,-0.5049610547215202,7.4,8.3
2019-09-01,Pondy,SR,11.93499371,79.83000037,7.4,2019,9,6,244,1,0,28.6,75,7.5,7.1,9.2,7.071428571428571,0.41918287860346104,7.569999999999999,-0.7818314824680299,0.6234898018587334,-1.0,-1.8369701987210297e-16,-0.8717063187093217,-0.4900286664290594,7.4,8.3
2019-09-02,Pondy,SR,11.93499371,79.83000037,7.4,2019,9,0,245,0,0,28.8,73,7.4,7.1,9.0,7.114285714285715,0.43752550946038493,7.516666666666667,0.0,1.0,-1.0,-1.8369701987210297e-16,-0.8800122039735356,-0.4749510720670502,7.5,8.5
2019-09-03,Pondy,SR,11.93499371,79.83000037,7.5,2019,9,1,246,0,0,28.4,77,7.4,6.9,9.1,7.2,0.44721359549995493,7.463333333333334,0.7818314824680298,0.6234898018587336,-1.0,-1.8369701987210297e-16,-0.888057322629493,-0.4597327394521046,7.0,8.3
2019-09-04,Pondy,SR,11.93499371,79.83000037,7.0,2019,9,2,247,0,0,29.1,74,7.5,6.3,9.4,7.3,0.2449489742783104,7.383333333333334,0.9749279121818236,-0.22252093395631434,-1.0,-1.8369701987210297e-16,-0.8958392907349089,-0.4443781781046134,8.0,7.6
2019-09-05,Pondy,SR,11.93499371,79.83000037,8.0,2019,9,3,248,0,0,29.3,69,7.0,7.4,9.4,7.385714285714286,0.36253078686998047,7.336666666666667,0.43388373911755823,-0.900968867902419,-1.0,-1.8369701987210297e-16,-0.9033558023246842,-0.4288919379124841,8.3,8.2
2019-09-06,Pondy,SR,11.93499371,79.83000037,8.3,2019,9,4,249,0,0,29.2,72,8.0,6.9,8.7,7.5857142857142845,0.4298393941484415,7.323333333333333,-0.433883739117558,-0.9009688679024191,-1.0,-1.8369701987210297e-16,-0.9106046300942162,-0.41327860778290443,8.3,8.4
2019-09-08,Pondy,SR,11.93499371,79.83000037,8.3,2019,9,6,251,1,0,28.6,72,8.3,7.5,6.8,7.7,0.5033222956847104,7.373333333333333,-0.7818314824680299,0.6234898018587334,-1.0,-1.8369701987210297e-16,-0.9242907221930934,-0.3816892202666586,8.3,8.3
2019-09-09,Pondy,SR,11.93499371,79.83000037,8.3,2019,9,0,252,0,0,28.9,74,8.3,7.4,7.0,7.828571428571428,0.5282495802625987,7.416666666666667,0.0,1.0,-1.0,-1.8369701987210297e-16,-0.9307239310379793,-0.3657225234972692,8.5,7.8
2019-09-10,Pondy,SR,11.93499371,79.83000037,8.5,2019,9,1,253,0,1,28.0,81,8.3,7.4,6.9,7.985714285714287,0.5429197958832372,7.470000000000001,0.7818314824680298,0.6234898018587336,-1.0,-1.8369701987210297e-16,-0.9368813462954315,-0.34964745525122826,8.3,7.9
2019-09-11,Pondy,SR,11.93499371,79.83000037,8.3,2019,9,2,254,0,0,28.1,80,8.5,7.5,7.7,8.1,0.5066228051190123,7.489999999999999,0.9749279121818236,-0.22252093395631434,-1.0,-1.8369701987210297e-16,-0.9427611433904206,-0.33346877891818705,7.6,6.5
2019-09-12,Pondy,SR,11.93499371,79.83000037,7.6,2019,9,3,255,0,0,28.2,83,8.3,7.0,7.8,8.185714285714287,0.29680841985231354,7.483333333333334,0.43388373911755823,-0.900968867902419,-1.0,-1.8369701987210297e-16,-0.9483615800121716,-0.31719128858910595,8.2,8.5
2019-09-13,Pondy,SR,11.93499371,79.83000037,8.2,2019,9,4,256,0,0,27.8,84,7.6,8.0,8.2,8.214285714285714,0.285356919363383,7.483333333333333,-0.433883739117558,-0.9009688679024191,-1.0,-1.8369701987210297e-16,-0.9536809966304455,-0.300819807635668,8.4,8.7
2019-09-14,Pondy,SR,11.93499371,79.83000037,8.4,2019,9,5,257,1,0,28.2,83,8.2,8.3,8.1,8.22857142857143,0.29277002188454065,7.493333333333334,-0.9749279121818236,-0.2225209339563146,-1.0,-1.8369701987210297e-16,-0.9587178169872964,-0.2843591872810036,8.3,8.7
2019-09-15,Pondy,SR,11.93499371,79.83000037,8.3,2019,9,6,258,1,0,27.9,85,8.4,8.3,6.9,8.22857142857143,0.29277002188454065,7.54,-0.7818314824680299,0.6234898018587334,-1.0,-1.8369701987210297e-16,-0.9634705485641486,-0.26781430516217486,7.8,7.2
2019-09-16,Pondy,SR,11.93499371,79.83000037,7.8,2019,9,0,259,0,0,27.9,82,8.3,8.3,7.3,8.157142857142857,0.3309438162646328,7.5566666666666675,0.0,1.0,-1.0,-1.8369701987210297e-16,-0.9679377830240642,-0.25119006388481957,7.9,8.7
2019-09-17,Pondy,SR,11.93499371,79.83000037,7.9,2019,9,1,260,0,0,27.4,83,7.8,8.5,7.5,8.071428571428571,0.3039423504234689,7.570000000000001,0.7818314824680298,0.6234898018587336,-1.0,-1.8369701987210297e-16,-0.9721181966290612,-0.23449138957041052,6.5,9.2
2019-09-18,Pondy,SR,11.93499371,79.83000037,6.5,2019,9,2,261,0,0,27.1,88,7.9,8.3,7.5,7.814285714285715,0.6466028441750246,7.536666666666667,0.9749279121818236,-0.22252093395631434,-1.0,-1.8369701987210297e-16,-0.9760105506323682,-0.21772323039653224,8.5,8.4
2019-09-19,Pondy,SR,11.93499371,79.83000037,8.5,2019,9,3,262,0,0,26.9,88,6.5,7.6,7.7,7.942857142857142,0.6852180744287187,7.5633333333333335,0.43388373911755823,-0.900968867902419,-1.0,-1.8369701987210297e-16,-0.9796136916454901,-0.20089055513063528,8.7,8.2
2019-09-20,Pondy,SR,11.93499371,79.83000037,8.7,2019,9,4,263,0,0,27.6,86,8.5,8.2,7.4,8.014285714285714,0.740334544712881,7.6066666666666665,-0.433883739117558,-0.9009688679024191,-1.0,-1.8369701987210297e-16,-0.9829265519799822,-0.18399835165767986,8.7,7.7
2019-09-21,Pondy,SR,11.93499371,79.83000037,8.7,2019,9,5,264,1,0,27.8,88,8.7,8.4,7.2,8.057142857142859,0.77428922859859,7.656666666666666,-0.9749279121818236,-0.2225209339563146,-1.0,-1.8369701987210297e-16,-0.9859481499638303,-0.1670516255021195,7.2,7.5
2019-09-22,Pondy,SR,11.93499371,79.83000037,7.2,2019,9,6,265,1,0,27.7,85,8.7,8.3,6.8,7.8999999999999995,0.8266397845091447,7.67,-0.7818314824680299,0.6234898018587334,-1.0,-1.8369701987210297e-16,-0.9886775902323404,-0.15005539834465262,8.7,7.4
2019-09-23,Pondy,SR,11.93499371,79.83000037,8.7,2019,9,0,266,0,0,27.3,87,7.2,7.8,7.0,8.028571428571428,0.8769536014223381,7.726666666666666,0.0,1.0,-1.0,-1.8369701987210297e-16,-0.9911140639934546,-0.13301470653419636,9.2,7.5
2019-09-24,Pondy,SR,11.93499371,79.83000037,9.2,2019,9,1,267,0,0,27.2,85,8.7,7.9,7.1,8.214285714285714,0.9771191865693214,7.796666666666667,0.7818314824680298,0.6234898018587336,-1.0,-1.8369701987210297e-16,-0.9932568492674143,-0.11593459959550066,8.4,6.9
2019-09-25,Pondy,SR,11.93499371,79.83000037,8.4,2019,9,2,268,0,0,27.1,85,9.2,6.5,7.1,8.485714285714284,0.6202917900165126,7.84,0.9749279121818236,-0.22252093395631434,-1.0,-1.8369701987210297e-16,-0.9951053111006974,-0.09882013873287211,8.2,6.6
2019-09-26,Pondy,SR,11.93499371,79.83000037,8.2,2019,9,3,269,0,0,27.6,83,8.4,8.5,7.1,8.442857142857141,0.6294366339755427,7.876666666666667,0.43388373911755823,-0.900968867902419,-1.0,-1.8369701987210297e-16,-0.99665890175417,-0.08167639533042288,7.7,7.4
2019-09-27,Pondy,SR,11.93499371,79.83000037,7.7,2019,9,4,270,0,0,27.5,84,8.2,8.7,6.9,8.299999999999999,0.6733003292241287,7.903333333333333,-0.433883739117558,-0.9009688679024191,-1.0,-1.8369701987210297e-16,-0.9979171608653922,-0.06450844944931625,7.5,6.5
2019-09-28,Pondy,SR,11.93499371,79.83000037,7.5,2019,9,5,271,1,0,27.5,83,7.7,8.7,6.3,8.128571428571428,0.7064330251677136,7.9433333333333325,-0.9749279121818236,-0.2225209339563146,-1.0,-1.8369701987210297e-16,-0.9988797155850335,-0.04732138832243232,7.4,6.0
2019-09-29,Pondy,SR,11.93499371,79.83000037,7.4,2019,9,6,272,1,0,27.7,80,7.5,7.2,7.4,8.157142857142857,0.6654751256486835,7.943333333333333,-0.7818314824680299,0.6234898018587334,-1.0,-1.8369701987210297e-16,-0.9995462806873573,-0.03012030484690836,7.5,6.0
2019-09-30,Pondy,SR,11.93499371,79.83000037,7.5,2019,9,0,273,0,0,27.1,82,7.4,8.7,6.9,7.985714285714287,0.6568322247184291,7.963333333333334,0.0,1.0,-1.0,-1.8369701987210297e-16,-0.9999166586547379,-0.012910296075008843,6.9,6.7
2019-10-01,Pondy,SR,11.93499371,79.83000037,6.9,2019,10,1,274,0,0,27.9,82,7.5,9.2,7.5,7.6571428571428575,0.5061526214398855,7.943333333333333,0.7818314824680298,0.6234898018587336,-0.8660254037844386,0.5000000000000001,-0.9999907397361901,0.004303538296243821,6.6,7.0
2019-10-02,Pondy,SR,11.93499371,79.83000037,6.6,2019,10,2,275,0,1,27.9,82,6.9,8.4,7.4,7.4,0.5228129047119313,7.916666666666667,0.9749279121818236,-0.22252093395631434,-0.8660254037844386,0.5000000000000001,-0.9997685019798909,0.021516097436222233,7.4,6.5
2019-10-03,Pondy,SR,11.93499371,79.83000037,7.4,2019,10,3,276,0,0,28.1,80,6.6,8.2,7.4,7.285714285714286,0.3891382420535998,7.916666666666667,0.43388373911755823,-0.900968867902419,-0.8660254037844386,0.5000000000000001,-0.9992500112396835,0.03872228089217399,6.5,9.0
2019-10-04,Pondy,SR,11.93499371,79.83000037,6.5,2019,10,4,277,0,0,28.2,81,7.4,7.7,7.5,7.114285714285715,0.43752550946038254,7.883333333333334,-0.433883739117558,-0.9009688679024191,-0.8660254037844386,0.5000000000000001,-0.9984354211555643,0.05591699010060302,6.0,8.9
2019-10-05,Pondy,SR,11.93499371,79.83000037,6.0,2019,10,5,278,1,0,27.8,82,6.5,7.5,7.0,6.9,0.5656854249492357,7.85,-0.9749279121818236,-0.2225209339563146,-0.8660254037844386,0.5000000000000001,-0.9973249731081555,0.07309512989807776,6.0,9.4
2019-10-06,Pondy,SR,11.93499371,79.83000037,6.0,2019,10,6,279,1,0,27.8,80,6.0,7.4,8.0,6.7,0.6055300708194972,7.783333333333333,-0.7818314824680299,0.6234898018587334,-0.8660254037844386,0.5000000000000001,-0.9959189961471792,0.0902516100310407,6.7,9.2
2019-10-08,Pondy,SR,11.93499371,79.83000037,6.7,2019,10,1,281,0,1,27.8,81,6.0,7.5,8.3,6.5857142857142845,0.4947341758580098,7.7299999999999995,0.7818314824680298,0.6234898018587336,-0.8660254037844386,0.5000000000000001,-0.9922222094179324,0.12447926388678869,7.0,9.2
2019-10-09,Pondy,SR,11.93499371,79.83000037,7.0,2019,10,2,282,0,0,28.1,80,6.7,6.9,8.3,6.6000000000000005,0.5066228051190214,7.6866666666666665,0.9749279121818236,-0.22252093395631434,-0.8660254037844386,0.5000000000000001,-0.989932495087353,0.141540295217043,6.5,9.0
2019-10-10,Pondy,SR,11.93499371,79.83000037,6.5,2019,10,3,283,0,0,28.2,79,7.0,6.6,8.3,6.5857142857142845,0.508030745226347,7.626666666666666,0.43388373911755823,-0.900968867902419,-0.8660254037844386,0.5000000000000001,-0.9873494423939864,0.15855938510313475,9.0,8.3
2019-10-11,Pondy,SR,11.93499371,79.83000037,9.0,2019,10,4,284,0,0,28.2,79,6.5,7.4,8.5,6.814285714285715,1.0286375640113652,7.643333333333333,-0.433883739117558,-0.9009688679024191,-0.8660254037844386,0.5000000000000001,-0.9844738167520923,0.17553149042142777,8.9,7.1
2019-10-12,Pondy,SR,11.93499371,79.83000037,8.9,2019,10,5,285,1,0,28.1,80,9.0,6.5,8.3,7.1571428571428575,1.2765280292746433,7.663333333333333,-0.9749279121818236,-0.2225209339563146,-0.8660254037844386,0.5000000000000001,-0.9813064702716093,0.19245158197082995,9.4,7.1
2019-10-13,Pondy,SR,11.93499371,79.83000037,9.4,2019,10,6,286,1,0,28.5,77,8.9,6.0,7.6,7.642857142857143,1.4033972386761346,7.723333333333333,-0.7818314824680299,0.6234898018587334,-0.8660254037844386,0.5000000000000001,-0.9778483415056567,0.20931464596304888,9.2,5.7
2019-10-14,Pondy,SR,11.93499371,79.83000037,9.2,2019,10,0,287,0,0,27.9,81,9.4,6.0,8.2,8.1,1.2961481396815666,7.756666666666666,0.0,1.0,-0.8660254037844386,0.5000000000000001,-0.9741004551724206,0.22611568550828803,9.2,5.2
2019-10-15,Pondy,SR,11.93499371,79.83000037,9.2,2019,10,1,288,0,0,26.6,87,9.2,6.7,8.4,8.457142857142857,1.1858290248558006,7.783333333333333,0.7818314824680298,0.6234898018587336,-0.8660254037844386,0.5000000000000001,-0.970063921851507,0.2428497220959358,9.0,5.4
2019-10-16,Pondy,SR,11.93499371,79.83000037,9.0,2019,10,2,289,0,0,26.4,87,9.2,7.0,8.3,8.742857142857144,1.0030904626156387,7.8066666666666675,0.9749279121818236,-0.22252093395631434,-0.8660254037844386,0.5000000000000001,-0.965739937654855,0.25951179706979943,8.3,6.1
2019-10-17,Pondy,SR,11.93499371,79.83000037,8.3,2019,10,3,290,0,0,26.1,87,9.0,6.5,7.8,9.0,0.35118845842839214,7.823333333333333,0.43388373911755823,-0.900968867902419,-0.8660254037844386,0.5000000000000001,-0.9611297838723007,0.27609697309746883,7.1,6.0
2019-10-18,Pondy,SR,11.93499371,79.83000037,7.1,2019,10,4,291,0,0,26.8,85,8.3,9.0,7.9,8.72857142857143,0.7994045402970891,7.796666666666666,-0.433883739117558,-0.9009688679024191,-0.8660254037844386,0.5000000000000001,-0.9562348265919058,0.2926003356333479,7.1,8.5
2019-10-19,Pondy,SR,11.93499371,79.83000037,7.1,2019,10,5,292,1,0,26.6,87,7.1,8.9,6.5,8.471428571428572,0.999523696091095,7.816666666666666,-0.9749279121818236,-0.2225209339563146,-0.8660254037844386,0.5000000000000001,-0.9510565162951536,0.30901699437494723,5.7,8.6
2019-10-20,Pondy,SR,11.93499371,79.83000037,5.7,2019,10,6,293,1,0,26.2,90,7.1,9.4,8.5,7.942857142857143,1.3451854182690954,7.723333333333333,-0.7818314824680299,0.6234898018587334,-0.8660254037844386,0.5000000000000001,-0.9455963874271428,0.3253420847119795,5.2,8.1
2019-10-21,Pondy,SR,11.93499371,79.83000037,5.2,2019,10,0,294,0,0,25.3,93,5.7,9.2,8.7,7.371428571428572,1.555328781656026,7.6066666666666665,0.0,1.0,-0.8660254037844386,0.5000000000000001,-0.9398560579418953,0.341570769167856,5.4,7.3
2019-10-22,Pondy,SR,11.93499371,79.83000037,5.4,2019,10,1,295,0,0,25.7,88,5.2,9.2,8.7,6.828571428571428,1.4716366011058206,7.496666666666667,0.7818314824680298,0.6234898018587336,-0.8660254037844386,0.5000000000000001,-0.9338372288229252,0.35769823883312546,6.1,7.0
2019-10-23,Pondy,SR,11.93499371,79.83000037,6.1,2019,10,2,296,0,0,27.0,87,5.4,9.0,7.2,6.414285714285714,1.1260973484096526,7.459999999999999,0.9749279121818236,-0.22252093395631434,-0.8660254037844386,0.5000000000000001,-0.9275416835791965,0.3737197147904692,6.0,6.9
2019-10-24,Pondy,SR,11.93499371,79.83000037,6.0,2019,10,3,297,0,0,26.4,88,6.1,8.3,8.7,6.0857142857142845,0.7603257447273866,7.37,0.43388373911755823,-0.900968867902419,-0.8660254037844386,0.5000000000000001,-0.9209712877166347,0.38963044953078774,8.5,6.5
2019-10-25,Pondy,SR,11.93499371,79.83000037,8.5,2019,10,4,298,0,0,27.4,83,6.0,7.1,9.2,6.285714285714286,1.1538754575033585,7.346666666666666,-0.433883739117558,-0.9009688679024191,-0.8660254037844386,0.5000000000000001,-0.9141279881853337,0.4054257283599973,8.6,4.5
2019-10-26,Pondy,SR,11.93499371,79.83000037,8.6,2019,10,5,299,1,0,27.0,87,8.5,7.1,8.4,6.5,1.4352700094407358,7.353333333333334,-0.9749279121818236,-0.2225209339563146,-0.8660254037844386,0.5000000000000001,-0.9070138128026362,0.42110087079608916,8.1,4.7
2019-10-27,Pondy,SR,11.93499371,79.83000037,8.1,2019,10,6,300,1,1,27.2,86,8.6,5.7,8.2,6.8428571428571425,1.4976171549689015,7.35,-0.7818314824680299,0.6234898018587334,-0.8660254037844386,0.5000000000000001,-0.8996308696522434,0.4366512319560638,7.3,4.8
2019-10-28,Pondy,SR,11.93499371,79.83000037,7.3,2019,10,0,301,0,0,26.6,87,8.1,5.2,7.7,7.142857142857143,1.3125765283811617,7.336666666666667,0.0,1.0,-0.8660254037844386,0.5000000000000001,-0.8919813464595487,0.45207220393230374,7.0,4.9
2019-10-29,Pondy,SR,11.93499371,79.83000037,7.0,2019,10,1,302,0,0,25.7,90,7.3,5.4,7.5,7.371428571428571,1.0765907388825224,7.319999999999999,0.7818314824680298,0.6234898018587336,-0.8660254037844386,0.5000000000000001,-0.8840675099433637,0.46735921715800205,6.9,5.1
2019-10-30,Pondy,SR,11.93499371,79.83000037,6.9,2019,10,2,303,0,0,25.4,91,7.0,6.1,7.4,7.485714285714286,0.9546876826630611,7.303333333333333,0.9749279121818236,-0.22252093395631434,-0.8660254037844386,0.5000000000000001,-0.8758917051442433,0.48250774176121763,6.5,5.2
2019-10-31,Pondy,SR,11.93499371,79.83000037,6.5,2019,10,3,304,0,0,26.1,87,6.9,6.0,7.5,7.557142857142857,0.8363753998796252,7.27,0.43388373911755823,-0.900968867902419,-0.8660254037844386,0.5000000000000001,-0.8674563547295971,0.4975132889071803,4.5,5.5
2019-11-01,Pondy,SR,11.93499371,79.83000037,4.5,2019,11,4,305,0,0,26.8,85,6.5,8.5,6.9,6.985714285714286,1.3145703625501528,7.1899999999999995,-0.433883739117558,-0.9009688679024191,-0.5000000000000004,0.8660254037844384,-0.858763958275803,0.5123714121284235,4.7,6.5
2019-11-02,Pondy,SR,11.93499371,79.83000037,4.7,2019,11,5,306,1,0,26.9,87,4.5,8.6,6.6,6.428571428571429,1.3425278218275263,7.126666666666667,-0.9749279121818236,-0.2225209339563146,-0.5000000000000004,0.8660254037844384,-0.8498170915275277,0.5270777086423724,4.8,7.6
2019-11-03,Pondy,SR,11.93499371,79.83000037,4.8,2019,11,6,307,1,0,27.1,85,4.7,8.1,7.4,5.957142857142856,1.23268966472662,7.04,-0.7818314824680299,0.6234898018587334,-0.5000000000000004,0.8660254037844384,-0.8406184056344783,0.5416278206559811,4.9,7.6
2019-11-04,Pondy,SR,11.93499371,79.83000037,4.9,2019,11,0,308,0,0,26.8,84,4.8,7.3,6.5,5.614285714285715,1.1260973484096568,6.986666666666666,0.0,1.0,-0.5000000000000004,0.8660254037844384,-0.8311706263658079,0.5560174366570446,5.1,7.6
2019-11-05,Pondy,SR,11.93499371,79.83000037,5.1,2019,11,1,309,0,0,26.7,83,4.9,7.0,6.0,5.3428571428571425,0.9519403742832331,6.956666666666666,0.7818314824680298,0.6234898018587336,-0.5000000000000004,0.8660254037844384,-0.8214765533024145,0.5702422926917867,5.2,7.4
2019-11-06,Pondy,SR,11.93499371,79.83000037,5.2,2019,11,2,310,0,0,27.0,81,5.1,6.9,6.0,5.1000000000000005,0.6608075867199887,6.930000000000001,0.9749279121818236,-0.22252093395631434,-0.5000000000000004,0.8660254037844384,-0.8115390590073611,0.5842981736283683,5.5,7.4
2019-11-08,Pondy,SR,11.93499371,79.83000037,5.5,2019,11,4,312,0,0,27.3,83,5.2,6.5,6.7,4.957142857142857,0.33594217189447007,6.890000000000001,-0.433883739117558,-0.9009688679024191,-0.5000000000000004,0.8660254037844384,-0.7909456567567774,0.6118864012687242,6.5,6.7
2019-11-09,Pondy,SR,11.93499371,79.83000037,6.5,2019,11,5,313,1,0,27.1,87,5.5,4.5,7.0,5.242857142857143,0.6160550377391916,6.873333333333334,-0.9749279121818236,-0.2225209339563146,-0.5000000000000004,0.8660254037844384,-0.780295851070776,0.6254105729852457,7.6,8.1
2019-11-10,Pondy,SR,11.93499371,79.83000037,7.6,2019,11,6,314,1,1,27.4,86,6.5,4.7,6.5,5.657142857142857,1.0277112805601087,6.91,-0.7818314824680299,0.6234898018587334,-0.5000000000000004,0.8660254037844384,-0.7694148268839381,0.6387494220515268,7.6,8.3
2019-11-11,Pondy,SR,11.93499371,79.83000037,7.6,2019,11,0,315,0,0,27.2,81,7.6,4.8,9.0,6.057142857142857,1.1731114508820095,6.863333333333333,0.0,1.0,-0.5000000000000004,0.8660254037844384,-0.7583058084785625,0.6518989958787125,7.6,8.2
2019-11-12,Pondy,SR,11.93499371,79.83000037,7.6,2019,11,1,316,0,1,27.0,80,7.6,4.9,8.9,6.442857142857143,1.1731114508820073,6.819999999999999,0.7818314824680298,0.6234898018587336,-0.5000000000000004,0.8660254037844384,-0.7469720876965551,0.6648553979642866,7.4,8.2
2019-11-13,Pondy,SR,11.93499371,79.83000037,7.4,2019,11,2,317,0,0,27.1,78,7.6,5.1,9.4,6.771428571428571,1.049943309127193,6.753333333333333,0.9749279121818236,-0.22252093395631434,-0.5000000000000004,0.8660254037844384,-0.7354170229639858,0.6776147890466887,7.4,8.7
2019-11-14,Pondy,SR,11.93499371,79.83000037,7.4,2019,11,3,318,0,0,26.3,88,7.4,5.2,9.2,7.085714285714286,0.8008923594519901,6.693333333333333,0.43388373911755823,-0.900968867902419,-0.5000000000000004,0.8660254037844384,-0.7236440382959124,0.690173388242972,6.7,8.1
2019-11-15,Pondy,SR,11.93499371,79.83000037,6.7,2019,11,4,319,0,0,26.2,88,7.4,5.5,9.2,7.257142857142857,0.46136443605586364,6.609999999999999,-0.433883739117558,-0.9009688679024191,-0.5000000000000004,0.8660254037844384,-0.711656622281775,0.7025274741691566,8.1,7.5
2019-11-16,Pondy,SR,11.93499371,79.83000037,8.1,2019,11,5,320,1,0,26.4,87,6.7,6.5,9.0,7.485714285714285,0.4180453381654961,6.579999999999999,-0.9749279121818236,-0.2225209339563146,-0.5000000000000004,0.8660254037844384,-0.6994583270516471,0.7146733860429608,8.3,7.1
2019-11-17,Pondy,SR,11.93499371,79.83000037,8.3,2019,11,6,321,1,0,26.6,86,8.1,7.6,8.3,7.585714285714286,0.5209880722517258,6.58,-0.7818314824680299,0.6234898018587334,-0.5000000000000004,0.8660254037844384,-0.6870527672236675,0.7266075247685652,8.2,7.4
2019-11-18,Pondy,SR,11.93499371,79.83000037,8.2,2019,11,0,322,0,0,26.8,88,8.3,7.6,7.1,7.671428571428572,0.5707138387268023,6.616666666666666,0.0,1.0,-0.5000000000000004,0.8660254037844384,-0.6744436188329457,0.7383263540031063,8.2,7.3
2019-11-19,Pondy,SR,11.93499371,79.83000037,8.2,2019,11,1,323,0,0,27.0,86,8.2,7.6,7.1,7.757142857142857,0.6023762469230824,6.653333333333333,0.7818314824680298,0.6234898018587336,-0.5000000000000004,0.8660254037844384,-0.661634618242279,0.749826401204568,8.7,7.4
2019-11-20,Pondy,SR,11.93499371,79.83000037,8.7,2019,11,2,324,0,0,26.2,88,8.2,7.4,5.7,7.942857142857142,0.6704653678780156,6.753333333333333,0.9749279121818236,-0.22252093395631434,-0.5000000000000004,0.8660254037844384,-0.6486295610349818,0.7611042586607742,8.1,7.5
2019-11-21,Pondy,SR,11.93499371,79.83000037,8.1,2019,11,3,325,0,0,25.9,89,8.7,7.4,5.2,8.042857142857143,0.6267831705280025,6.85,0.43388373911755823,-0.900968867902419,-0.5000000000000004,0.8660254037844384,-0.6354323008901775,0.7721565844991641,7.5,7.5
2019-11-22,Pondy,SR,11.93499371,79.83000037,7.5,2019,11,4,326,0,0,25.5,90,8.1,6.7,5.4,8.157142857142857,0.3552329886010969,6.92,-0.433883739117558,-0.9009688679024191,-0.5000000000000004,0.8660254037844384,-0.622046748440868,0.7829801036770624,7.1,6.9
2019-11-23,Pondy,SR,11.93499371,79.83000037,7.1,2019,11,5,327,1,0,25.8,86,7.5,8.1,6.1,8.014285714285714,0.536745040121686,6.953333333333334,-0.9749279121818236,-0.2225209339563146,-0.5000000000000004,0.8660254037844384,-0.6084768701151264,0.7935716089521472,7.4,8.7
2019-11-24,Pondy,SR,11.93499371,79.83000037,7.4,2019,11,6,328,1,0,26.1,82,7.1,8.3,6.0,7.885714285714285,0.5639993245521054,7.0,-0.7818314824680299,0.6234898018587334,-0.5000000000000004,0.8660254037844384,-0.594726686960764,0.8039279618328208,7.3,8.8
2019-11-25,Pondy,SR,11.93499371,79.83000037,7.3,2019,11,0,329,0,0,25.9,86,7.4,8.2,8.5,7.757142857142858,0.5826867164470148,6.96,0.0,1.0,-0.5000000000000004,0.8660254037844384,-0.5808002734538013,0.8140460935082175,7.4,9.2
2019-11-26,Pondy,SR,11.93499371,79.83000037,7.4,2019,11,1,330,0,0,25.9,84,7.3,8.2,8.6,7.642857142857143,0.5593363414414783,6.92,0.7818314824680298,0.6234898018587336,-0.5000000000000004,0.8660254037844384,-0.5667017562911184,0.8239230057575536,7.5,8.9
2019-11-27,Pondy,SR,11.93499371,79.83000037,7.5,2019,11,2,331,0,0,26.4,86,7.4,8.7,8.1,7.471428571428571,0.3093772546815334,6.9,0.9749279121818236,-0.22252093395631434,-0.5000000000000004,0.8660254037844384,-0.5524353131676203,0.8335557718385695,7.5,8.8
2019-11-28,Pondy,SR,11.93499371,79.83000037,7.5,2019,11,3,332,0,0,26.0,89,7.5,8.1,7.3,7.385714285714286,0.14638501094227066,6.906666666666667,0.43388373911755823,-0.900968867902419,-0.5000000000000004,0.8660254037844384,-0.5380051715382992,0.8429415373547832,6.9,9.1
2019-11-29,Pondy,SR,11.93499371,79.83000037,6.9,2019,11,4,333,0,0,26.1,88,7.5,7.5,7.0,7.3,0.22360679774997427,6.903333333333334,-0.433883739117558,-0.9009688679024191,-0.5000000000000004,0.8660254037844384,-0.5234156073655503,0.8520775211013093,8.7,8.5
2019-11-30,Pondy,SR,11.93499371,79.83000037,8.7,2019,11,5,334,1,0,25.6,91,6.9,7.1,6.9,7.528571428571429,0.5559205150447452,6.963333333333334,-0.9749279121818236,-0.2225209339563146,-0.5000000000000004,0.8660254037844384,-0.5086709438521042,0.8609610158889945,8.8,7.1
2019-12-01,Pondy,SR,11.93499371,79.83000037,8.8,2019,12,6,335,1,0,25.5,91,8.7,7.4,6.5,7.728571428571429,0.7273565968956447,7.04,-0.7818314824680299,0.6234898018587334,-2.4492935982947064e-16,1.0,-0.49377555015997737,0.8695893893466109,9.2,7.7
2019-12-02,Pondy,SR,11.93499371,79.83000037,9.2,2019,12,0,336,0,0,26.7,82,8.8,7.3,4.5,8.0,0.8793937305515233,7.196666666666667,0.0,1.0,-2.4492935982947064e-16,1.0,-0.4787338401157883,0.8779600847008883,8.9,7.0
2019-12-03,Pondy,SR,11.93499371,79.83000037,8.9,2019,12,1,337,0,0,26.9,81,9.2,7.4,4.7,8.214285714285714,0.8914941978285078,7.336666666666667,0.7818314824680298,0.6234898018587336,-2.4492935982947064e-16,1.0,-0.4635502709028512,0.8860706215341378,8.8,7.2
2019-12-04,Pondy,SR,11.93499371,79.83000037,8.8,2019,12,2,338,0,0,26.3,82,8.9,7.5,4.8,8.4,0.8524474568362876,7.47,0.9749279121818236,-0.22252093395631434,-2.4492935982947064e-16,1.0,-0.4482293417404106,0.893918596519257,9.1,7.3
2019-12-05,Pondy,SR,11.93499371,79.83000037,9.1,2019,12,3,339,0,0,26.5,72,8.8,7.5,4.9,8.628571428571428,0.7825477316949665,7.61,0.43388373911755823,-0.900968867902419,-2.4492935982947064e-16,1.0,-0.4327755925504317,0.9015016841318838,8.5,7.6
2019-12-06,Pondy,SR,11.93499371,79.83000037,8.5,2019,12,4,340,0,0,26.3,71,9.1,6.9,5.1,8.857142857142858,0.23704530408860425,7.723333333333333,-0.433883739117558,-0.9009688679024191,-2.4492935982947064e-16,1.0,-0.41719360261231697,0.9088176373395028,7.1,7.4
2019-12-08,Pondy,SR,11.93499371,79.83000037,7.1,2019,12,6,342,1,0,25.8,80,8.5,8.7,5.2,8.628571428571428,0.7111359122659121,7.786666666666666,-0.7818314824680299,0.6234898018587334,-2.4492935982947064e-16,1.0,-0.38566340624360745,0.9226395488404875,7.7,7.5
2019-12-09,Pondy,SR,11.93499371,79.83000037,7.7,2019,12,0,343,0,0,25.6,79,7.1,8.8,5.5,8.471428571428572,0.7846746368491034,7.859999999999999,0.0,1.0,-2.4492935982947064e-16,1.0,-0.3697245428906732,0.9291414114031743,7.0,7.4
2019-12-10,Pondy,SR,11.93499371,79.83000037,7.0,2019,12,1,344,0,0,25.3,79,7.7,9.2,6.5,8.157142857142857,0.8791229395580192,7.876666666666666,0.7818314824680298,0.6234898018587336,-2.4492935982947064e-16,1.0,-0.3536761221763721,0.935367949313148,7.2,7.7
2019-12-11,Pondy,SR,11.93499371,79.83000037,7.2,2019,12,2,345,0,0,25.1,80,7.0,8.9,7.6,7.914285714285714,0.8745066636463653,7.863333333333332,0.9749279121818236,-0.22252093395631434,-2.4492935982947064e-16,1.0,-0.33752289959411347,0.941317317512847,7.3,7.7
2019-12-12,Pondy,SR,11.93499371,79.83000037,7.3,2019,12,3,346,0,0,25.6,82,7.2,8.8,7.6,7.7,0.8020806277010608,7.8533333333333335,0.43388373911755823,-0.900968867902419,-2.4492935982947064e-16,1.0,-0.32126966169236515,0.9469877530760751,7.6,7.8
2019-12-13,Pondy,SR,11.93499371,79.83000037,7.6,2019,12,4,347,0,0,25.5,86,7.3,9.1,7.6,7.485714285714286,0.5145501965424769,7.8533333333333335,-0.433883739117558,-0.9009688679024191,-2.4492935982947064e-16,1.0,-0.3049212246562894,0.9523775757303973,7.4,7.6
2019-12-14,Pondy,SR,11.93499371,79.83000037,7.4,2019,12,5,348,1,0,25.6,85,7.6,8.5,7.4,7.328571428571428,0.25634797778465945,7.8533333333333335,-0.9749279121818236,-0.2225209339563146,-2.4492935982947064e-16,1.0,-0.2884824328806098,0.9574851883550389,7.5,6.8
2019-12-15,Pondy,SR,11.93499371,79.83000037,7.5,2019,12,6,349,1,0,25.8,77,7.4,7.1,7.4,7.385714285714285,0.24102953780654365,7.8566666666666665,-0.7818314824680299,0.6234898018587334,-2.4492935982947064e-16,1.0,-0.27195815753410524,0.9623090774541487,7.4,6.9
2019-12-16,Pondy,SR,11.93499371,79.83000037,7.4,2019,12,0,350,0,0,25.0,88,7.5,7.7,6.7,7.342857142857143,0.1988059594775968,7.88,0.0,1.0,-2.4492935982947064e-16,1.0,-0.2553532951161881,0.9668478136052773,7.7,7.2
2019-12-17,Pondy,SR,11.93499371,79.83000037,7.7,2019,12,1,351,0,0,25.8,78,7.4,7.0,8.1,7.442857142857143,0.1718249385968378,7.866666666666666,0.7818314824680298,0.6234898018587336,-2.4492935982947064e-16,1.0,-0.23867276600594997,0.9711000518829505,7.7,7.1
2019-12-18,Pondy,SR,11.93499371,79.83000037,7.7,2019,12,2,352,0,0,25.6,82,7.7,7.2,8.3,7.514285714285714,0.15735915849387896,7.846666666666667,0.9749279121818236,-0.22252093395631434,-2.4492935982947064e-16,1.0,-0.22192151300416674,0.9750645322571945,7.8,6.5
2019-12-19,Pondy,SR,11.93499371,79.83000037,7.8,2019,12,3,353,0,0,26.0,80,7.7,7.3,8.2,7.585714285714286,0.15735915849387702,7.833333333333333,0.43388373911755823,-0.900968867902419,-2.4492935982947064e-16,1.0,-0.20510449986861926,0.9787400799669153,7.6,7.3
2019-12-20,Pondy,SR,11.93499371,79.83000037,7.6,2019,12,4,354,0,0,25.9,76,7.8,7.6,8.2,7.585714285714286,0.15735915849387702,7.813333333333333,-0.433883739117558,-0.9009688679024191,-2.4492935982947064e-16,1.0,-0.1882267098432439,0.9821256058680006,6.8,6.8
2019-12-21,Pondy,SR,11.93499371,79.83000037,6.8,2019,12,5,355,1,0,25.7,78,7.6,7.4,8.7,7.5,0.336650164612065,7.75,-0.9749279121818236,-0.2225209339563146,-2.4492935982947064e-16,1.0,-0.1712931441814778,0.9852201067560606,6.9,6.1
2019-12-22,Pondy,SR,11.93499371,79.83000037,6.9,2019,12,6,356,1,0,25.6,74,6.8,7.5,8.1,7.4142857142857155,0.405908739450018,7.71,-0.7818314824680299,0.6234898018587334,-2.4492935982947064e-16,1.0,-0.154308820664281,0.9880226656636976,7.2,8.3
2019-12-23,Pondy,SR,11.93499371,79.83000037,7.2,2019,12,0,357,0,0,25.3,76,6.9,7.4,7.5,7.385714285714285,0.41403933560541023,7.7,0.0,1.0,-2.4492935982947064e-16,1.0,-0.13727877211326517,0.9905324521322227,7.1,8.8
2019-12-24,Pondy,SR,11.93499371,79.83000037,7.1,2019,12,1,358,0,0,25.0,89,7.2,7.7,7.1,7.3,0.3999999999999985,7.7,0.7818314824680298,0.6234898018587336,-2.4492935982947064e-16,1.0,-0.12020804489935275,0.9927487224577402,6.5,7.9
2019-12-25,Pondy,SR,11.93499371,79.83000037,6.5,2019,12,2,359,0,1,25.7,81,7.1,7.7,7.4,7.128571428571428,0.45355736761107274,7.670000000000001,0.9749279121818236,-0.22252093395631434,-2.4492935982947064e-16,1.0,-0.10310169744743544,0.9946708199115211,7.3,7.4
2019-12-26,Pondy,SR,11.93499371,79.83000037,7.3,2019,12,3,360,0,0,25.3,78,6.5,7.8,7.3,7.057142857142857,0.35989416433697574,7.67,0.43388373911755823,-0.900968867902419,-2.4492935982947064e-16,1.0,-0.0859647987374467,0.9962981749346077,6.8,7.3
2019-12-27,Pondy,SR,11.93499371,79.83000037,6.8,2019,12,4,361,0,0,25.6,73,7.3,7.6,7.4,6.942857142857143,0.2760262237369444,7.65,-0.433883739117558,-0.9009688679024191,-2.4492935982947064e-16,1.0,-0.06880242680232064,0.9976303053065857,6.1,7.4
2019-12-28,Pondy,SR,11.93499371,79.83000037,6.1,2019,12,5,362,1,0,25.7,75,6.8,6.8,7.5,6.842857142857143,0.42370250120079755,7.6033333333333335,-0.9749279121818236,-0.2225209339563146,-2.4492935982947064e-16,1.0,-0.05161966722325418,0.9986668162884759,8.3,6.8
2019-12-29,Pondy,SR,11.93499371,79.83000037,8.3,2019,12,6,363,1,0,25.3,82,6.1,6.9,7.5,7.042857142857143,0.6972736021035625,7.629999999999999,-0.7818314824680299,0.6234898018587334,-2.4492935982947064e-16,1.0,-0.034421611622745804,0.9994074007397048,8.8,7.7
2019-12-30,Pondy,SR,11.93499371,79.83000037,8.8,2019,12,0,364,0,0,24.5,87,8.3,7.2,6.9,7.271428571428572,0.9673232581274396,7.6933333333333325,0.0,1.0,-2.4492935982947064e-16,1.0,-0.01721335615583528,0.9998518392091162,7.9,7.1
2019-12-31,Pondy,SR,11.93499371,79.83000037,7.9,2019,12,1,365,0,0,25.1,86,8.8,7.1,8.7,7.385714285714286,0.990670768433474,7.666666666666667,0.7818314824680298,0.6234898018587336,-2.4492935982947064e-16,1.0,6.432490598706546e-16,1.0,7.4,7.9
2020-01-01,Pondy,SR,11.93499371,79.83000037,7.4,2020,1,2,1,0,0,25.2,90,7.9,6.5,8.8,7.514285714285714,0.9118270512704527,7.62,0.9749279121818236,-0.22252093395631434,0.49999999999999994,0.8660254037844387,0.017213356155834685,0.9998518392091162,7.3,8.4
2020-01-02,Pondy,SR,11.93499371,79.83000037,7.3,2020,1,3,2,0,0,26.0,87,7.4,7.3,9.2,7.514285714285714,0.9118270512704527,7.556666666666667,0.43388373911755823,-0.900968867902419,0.49999999999999994,0.8660254037844387,0.03442161162274574,0.9994074007397048,7.4,8.3
2020-01-03,Pondy,SR,11.93499371,79.83000037,7.4,2020,1,4,3,0,0,26.2,87,7.3,6.8,8.9,7.6000000000000005,0.8602325267042606,7.506666666666666,-0.433883739117558,-0.9009688679024191,0.49999999999999994,0.8660254037844387,0.051619667223253764,0.998666816288476,6.8,8.2
2020-01-04,Pondy,SR,11.93499371,79.83000037,6.8,2020,1,5,4,1,0,26.2,88,7.4,6.1,8.8,7.700000000000001,0.6782329983125236,7.44,-0.9749279121818236,-0.2225209339563146,0.49999999999999994,0.8660254037844387,0.06880242680231986,0.9976303053065857,7.7,7.6
2020-01-05,Pondy,SR,11.93499371,79.83000037,7.7,2020,1,6,5,1,0,26.5,84,6.8,8.3,9.1,7.614285714285715,0.6256425268702309,7.3933333333333335,-0.7818314824680299,0.6234898018587334,0.49999999999999994,0.8660254037844387,0.08596479873744647,0.9962981749346078,7.1,8.9
2020-01-13,Pondy,SR,11.93499371,79.83000037,7.1,2020,1,0,13,0,0,24.7,78,7.7,8.8,8.5,7.371428571428571,0.3638419332360554,7.346666666666667,0.0,1.0,0.49999999999999994,0.8660254037844387,0.2219215130041655,0.9750645322571948,7.9,8.3
2020-01-14,Pondy,SR,11.93499371,79.83000037,7.9,2020,1,1,14,0,0,24.3,71,7.1,7.9,7.1,7.371428571428572,0.3638419332360554,7.373333333333333,0.7818314824680298,0.6234898018587336,0.49999999999999994,0.8660254037844387,0.2386727660059501,0.9711000518829505,8.4,8.2
2020-01-15,Pondy,SR,11.93499371,79.83000037,8.4,2020,1,2,15,0,0,24.9,65,7.9,7.4,7.7,7.514285714285714,0.533630869386228,7.3966666666666665,0.9749279121818236,-0.22252093395631434,0.49999999999999994,0.8660254037844387,0.255353295116187,0.9668478136052775,8.3,8.1
2020-01-16,Pondy,SR,11.93499371,79.83000037,8.3,2020,1,3,16,0,0,25.3,70,8.4,7.3,7.0,7.657142857142858,0.5968169536721221,7.44,0.43388373911755823,-0.900968867902419,0.49999999999999994,0.8660254037844387,0.2719581575341055,0.9623090774541486,8.2,8.2
2020-01-17,Pondy,SR,11.93499371,79.83000037,8.2,2020,1,4,17,0,0,25.7,80,8.3,7.4,7.2,7.771428571428571,0.6156684327197666,7.473333333333333,-0.433883739117558,-0.9009688679024191,0.49999999999999994,0.8660254037844387,0.288482432880609,0.9574851883550393,7.6,7.6
2020-01-18,Pondy,SR,11.93499371,79.83000037,7.6,2020,1,5,18,1,0,25.8,84,8.2,6.8,7.3,7.885714285714286,0.4598136268408812,7.483333333333333,-0.9749279121818236,-0.2225209339563146,0.49999999999999994,0.8660254037844387,0.30492122465628907,0.9523775757303974,8.9,6.9
2020-01-19,Pondy,SR,11.93499371,79.83000037,8.9,2020,1,6,19,1,0,26.3,76,7.6,7.7,7.6,8.057142857142857,0.5855400437691135,7.526666666666667,-0.7818314824680299,0.6234898018587334,0.49999999999999994,0.8660254037844387,0.3212696616923644,0.9469877530760753,8.3,8.6
2020-01-20,Pondy,SR,11.93499371,79.83000037,8.3,2020,1,0,20,0,0,26.1,76,8.9,7.1,7.4,8.22857142857143,0.40708019567927495,7.5566666666666675,0.0,1.0,0.49999999999999994,0.8660254037844387,0.3375228995941133,0.9413173175128471,8.2,8.8
2020-01-21,Pondy,SR,11.93499371,79.83000037,8.2,2020,1,1,21,0,0,25.9,73,8.3,7.9,7.5,8.27142857142857,0.38172540616819906,7.58,0.7818314824680298,0.6234898018587336,0.49999999999999994,0.8660254037844387,0.3536761221763716,0.9353679493131483,8.1,8.9
2020-01-22,Pondy,SR,11.93499371,79.83000037,8.1,2020,1,2,22,0,0,25.9,74,8.2,8.4,7.4,8.22857142857143,0.38172540616819944,7.6033333333333335,0.9749279121818236,-0.22252093395631434,0.49999999999999994,0.8660254037844387,0.3697245428906731,0.9291414114031743,8.2,8.9
2020-01-23,Pondy,SR,11.93499371,79.83000037,8.2,2020,1,3,23,0,0,26.1,76,8.1,8.3,7.7,8.214285714285714,0.3804758924845252,7.620000000000001,0.43388373911755823,-0.900968867902419,0.49999999999999994,0.8660254037844387,0.38566340624360707,0.9226395488404876,7.6,8.9
2020-01-24,Pondy,SR,11.93499371,79.83000037,7.6,2020,1,4,24,0,0,25.2,77,8.2,8.2,7.7,8.128571428571428,0.4461475305855799,7.616666666666666,-0.433883739117558,-0.9009688679024191,0.49999999999999994,0.8660254037844387,0.401487989205973,0.9158642882672872,6.9,8.9
2020-01-25,Pondy,SR,11.93499371,79.83000037,6.9,2020,1,5,25,1,0,24.3,80,7.6,7.6,7.8,8.028571428571428,0.6264031867582929,7.586666666666668,-0.9749279121818236,-0.2225209339563146,0.49999999999999994,0.8660254037844387,0.4171936026123168,0.9088176373395029,8.6,8.1
2020-01-26,Pondy,SR,11.93499371,79.83000037,8.6,2020,1,6,26,1,1,24.1,79,6.9,8.9,7.6,7.985714285714286,0.563999324552105,7.62,-0.7818314824680299,0.6234898018587334,0.49999999999999994,0.8660254037844387,0.4327755925504312,0.901501684131884,8.8,6.8
2020-01-27,Pondy,SR,11.93499371,79.83000037,8.8,2020,1,0,27,0,0,24.7,78,8.6,8.3,6.8,8.057142857142855,0.6373307431706621,7.6866666666666665,0.0,1.0,0.49999999999999994,0.8660254037844387,0.4482293417404106,0.893918596519257,8.9,7.8
2020-01-28,Pondy,SR,11.93499371,79.83000037,8.9,2020,1,1,28,0,0,25.6,77,8.8,8.2,6.9,8.157142857142857,0.7138093649734508,7.753333333333333,0.7818314824680298,0.6234898018587336,0.49999999999999994,0.8660254037844387,0.4635502709028509,0.886070621534138,8.9,8.2
2020-01-29,Pondy,SR,11.93499371,79.83000037,8.9,2020,1,2,29,0,0,25.8,79,8.9,8.1,7.2,8.27142857142857,0.7653197277702156,7.8100000000000005,0.9749279121818236,-0.22252093395631434,0.49999999999999994,0.8660254037844387,0.47873384011578846,0.8779600847008882,8.9,8.2
2020-01-30,Pondy,SR,11.93499371,79.83000037,8.9,2020,1,3,30,0,0,25.5,79,8.9,8.2,7.1,8.371428571428572,0.799404540297095,7.87,0.43388373911755823,-0.900968867902419,0.49999999999999994,0.8660254037844387,0.49377555015997715,0.869589389346611,8.9,8.4
2020-01-31,Pondy,SR,11.93499371,79.83000037,8.9,2020,1,4,31,0,0,25.7,77,8.9,7.6,6.5,8.557142857142859,0.7390470053998361,7.950000000000001,-0.433883739117558,-0.9009688679024191,0.49999999999999994,0.8660254037844387,0.5086709438521044,0.8609610158889943,8.1,8.3
2020-02-01,Pondy,SR,11.93499371,79.83000037,8.1,2020,2,5,32,1,0,26.8,71,8.9,6.9,7.3,8.72857142857143,0.29840847683604294,7.9766666666666675,-0.9749279121818236,-0.2225209339563146,0.8660254037844386,0.5000000000000001,0.5234156073655503,0.8520775211013093,6.8,7.6
2020-02-02,Pondy,SR,11.93499371,79.83000037,6.8,2020,2,6,33,1,0,26.6,70,8.1,8.6,6.8,8.471428571428572,0.7931252228038201,7.976666666666666,-0.7818314824680299,0.6234898018587334,0.8660254037844386,0.5000000000000001,0.5380051715382996,0.8429415373547828,7.8,7.5
2020-02-03,Pondy,SR,11.93499371,79.83000037,7.8,2020,2,0,34,0,0,26.3,71,6.8,8.8,6.1,8.328571428571427,0.8138678961483515,8.033333333333333,0.0,1.0,0.8660254037844386,0.5000000000000001,0.5524353131676196,0.8335557718385699,8.2,7.2
2020-02-04,Pondy,SR,11.93499371,79.83000037,8.2,2020,2,1,35,0,0,26.1,75,7.8,8.9,8.3,8.228571428571428,0.7739816658342829,8.03,0.7818314824680298,0.6234898018587336,0.8660254037844386,0.5000000000000001,0.5667017562911176,0.8239230057575542,8.2,7.4
2020-02-05,Pondy,SR,11.93499371,79.83000037,8.2,2020,2,2,36,0,0,26.5,70,8.2,8.9,8.8,8.128571428571428,0.7158079018709879,8.01,0.9749279121818236,-0.22252093395631434,0.8660254037844386,0.5000000000000001,0.5808002734538009,0.8140460935082178,8.4,7.6
2020-02-13,Pondy,SR,11.93499371,79.83000037,8.4,2020,2,3,44,0,0,26.3,74,8.2,8.9,7.9,8.057142857142857,0.6477065767180411,8.026666666666667,0.43388373911755823,-0.900968867902419,0.8660254037844386,0.5000000000000001,0.6870527672236669,0.7266075247685656,8.3,7.6
2020-02-14,Pondy,SR,11.93499371,79.83000037,8.3,2020,2,4,45,0,0,25.8,74,8.4,8.9,7.4,7.971428571428572,0.5498917642417893,8.056666666666667,-0.433883739117558,-0.9009688679024191,0.8660254037844386,0.5000000000000001,0.699458327051647,0.7146733860429609,7.6,7.9
2020-02-15,Pondy,SR,11.93499371,79.83000037,7.6,2020,2,5,46,1,0,25.3,70,8.3,8.1,7.3,7.8999999999999995,0.5627314338711342,8.066666666666666,-0.9749279121818236,-0.2225209339563146,0.8660254037844386,0.5000000000000001,0.7116566222817746,0.7025274741691571,7.5,7.3
2020-02-16,Pondy,SR,11.93499371,79.83000037,7.5,2020,2,6,47,1,0,25.3,70,7.6,6.8,7.4,8.0,0.36055512754639185,8.07,-0.7818314824680299,0.6234898018587334,0.8660254037844386,0.5000000000000001,0.7236440382959124,0.6901733882429719,7.2,8.9
2020-02-17,Pondy,SR,11.93499371,79.83000037,7.2,2020,2,0,48,0,0,25.8,68,7.5,7.8,6.8,7.914285714285714,0.4705619740571559,8.083333333333334,0.0,1.0,0.8660254037844386,0.5000000000000001,0.7354170229639855,0.6776147890466889,7.4,8.7
2020-02-18,Pondy,SR,11.93499371,79.83000037,7.4,2020,2,1,49,0,0,25.5,65,7.2,8.2,7.7,7.8,0.486483983977545,8.073333333333334,0.7818314824680298,0.6234898018587336,0.8660254037844386,0.5000000000000001,0.7469720876965552,0.6648553979642865,7.6,8.4
2020-02-19,Pondy,SR,11.93499371,79.83000037,7.6,2020,2,2,50,0,0,25.7,64,7.4,8.2,7.1,7.714285714285714,0.45617456975946946,8.09,0.9749279121818236,-0.22252093395631434,0.8660254037844386,0.5000000000000001,0.7583058084785624,0.6518989958787126,7.6,8.1
2020-02-20,Pondy,SR,11.93499371,79.83000037,7.6,2020,2,3,51,0,0,26.0,65,7.6,8.4,7.9,7.6000000000000005,0.3415650255319875,8.08,0.43388373911755823,-0.900968867902419,0.8660254037844386,0.5000000000000001,0.7694148268839378,0.6387494220515272,7.9,8.7
2020-02-21,Pondy,SR,11.93499371,79.83000037,7.9,2020,2,4,52,0,0,26.3,72,7.6,8.3,8.4,7.542857142857143,0.21491969707422715,8.063333333333334,-0.433883739117558,-0.9009688679024191,0.8660254037844386,0.5000000000000001,0.7802958510707755,0.6254105729852463,7.3,8.9
2020-02-22,Pondy,SR,11.93499371,79.83000037,7.3,2020,2,5,53,1,0,26.9,76,7.9,7.6,8.3,7.5,0.2309401076758548,8.03,-0.9749279121818236,-0.2225209339563146,0.8660254037844386,0.5000000000000001,0.7909456567567772,0.6118864012687243,8.9,8.5
2020-02-23,Pondy,SR,11.93499371,79.83000037,8.9,2020,2,6,54,1,0,26.9,74,7.3,7.5,8.2,7.700000000000001,0.5773502691896248,8.053333333333333,-0.7818314824680299,0.6234898018587334,0.8660254037844386,0.5000000000000001,0.8013610881746766,0.5981809144059165,8.7,7.2
2020-02-24,Pondy,SR,11.93499371,79.83000037,8.7,2020,2,0,55,0,0,26.9,75,8.9,7.2,7.6,7.914285714285714,0.6362090102803478,8.09,0.0,1.0,0.8660254037844386,0.5000000000000001,0.8115390590073611,0.5842981736283684,8.4,7.4
2020-02-25,Pondy,SR,11.93499371,79.83000037,8.4,2020,2,1,56,0,0,26.8,77,8.7,7.4,8.9,8.057142857142859,0.6133436852128412,8.073333333333332,0.7818314824680298,0.6234898018587336,0.8660254037844386,0.5000000000000001,0.8214765533024142,0.5702422926917871,8.1,6.9
2020-02-26,Pondy,SR,11.93499371,79.83000037,8.1,2020,2,2,57,0,0,27.1,76,8.4,7.6,8.3,8.128571428571428,0.5794085654477996,8.066666666666666,0.9749279121818236,-0.22252093395631434,0.8660254037844386,0.5000000000000001,0.8311706263658079,0.5560174366570446,8.7,6.4
2020-02-27,Pondy,SR,11.93499371,79.83000037,8.7,2020,2,3,58,0,0,27.3,73,8.1,7.6,8.2,8.285714285714286,0.5610364558225194,8.083333333333334,0.43388373911755823,-0.900968867902419,0.8660254037844386,0.5000000000000001,0.8406184056344782,0.5416278206559814,8.9,7.3
2020-02-28,Pondy,SR,11.93499371,79.83000037,8.9,2020,2,4,59,0,0,27.2,72,8.7,7.9,8.1,8.428571428571429,0.5736267244886749,8.110000000000001,-0.433883739117558,-0.9009688679024191,0.8660254037844386,0.5000000000000001,0.8498170915275278,0.5270777086423722,8.5,7.2
2020-02-29,Pondy,SR,11.93499371,79.83000037,8.5,2020,2,5,60,1,0,27.1,70,8.9,7.3,8.2,8.6,0.2886751345947867,8.12,-0.9749279121818236,-0.2225209339563146,0.8660254037844386,0.5000000000000001,0.8587639582758029,0.5123714121284237,7.2,6.7
2020-03-01,Pondy,SR,11.93499371,79.83000037,7.2,2020,3,6,61,1,0,27.0,70,8.5,8.9,7.6,8.357142857142858,0.571130874835588,8.106666666666666,-0.7818314824680299,0.6234898018587334,1.0,6.123233995736766e-17,0.8674563547295969,0.49751328890718066,7.4,9.4
2020-03-02,Pondy,SR,11.93499371,79.83000037,7.4,2020,3,0,62,0,0,26.4,71,7.2,8.7,6.9,8.171428571428573,0.6473388749701424,8.123333333333333,0.0,1.0,1.0,6.123233995736766e-17,0.8758917051442429,0.48250774176121847,6.9,9.4
2020-03-03,Pondy,SR,11.93499371,79.83000037,6.9,2020,3,1,63,0,0,27.2,70,7.4,8.4,8.6,7.957142857142856,0.7913219801006854,8.066666666666666,0.7818314824680298,0.6234898018587336,1.0,6.123233995736766e-17,0.8840675099433636,0.4673592171580022,6.4,8.7
2020-03-04,Pondy,SR,11.93499371,79.83000037,6.4,2020,3,2,64,0,0,26.8,76,6.9,8.1,8.8,7.714285714285714,0.9788233947425012,7.986666666666667,0.9749279121818236,-0.22252093395631434,1.0,6.123233995736766e-17,0.8919813464595485,0.45207220393230435,7.3,8.9
2020-03-05,Pondy,SR,11.93499371,79.83000037,7.3,2020,3,3,65,0,0,27.2,75,6.4,8.7,8.9,7.514285714285714,0.8820970684087082,7.933333333333334,0.43388373911755823,-0.900968867902419,1.0,6.123233995736766e-17,0.8996308696522433,0.43665123195606403,7.2,8.3
2020-03-13,Pondy,SR,11.93499371,79.83000037,7.2,2020,3,4,73,0,0,27.5,72,7.3,8.9,8.9,7.271428571428571,0.6369570517030858,7.876666666666667,-0.433883739117558,-0.9009688679024191,1.0,6.123233995736766e-17,0.9510565162951535,0.30901699437494745,6.7,8.2
2020-03-14,Pondy,SR,11.93499371,79.83000037,6.7,2020,3,5,74,1,0,27.5,72,7.2,8.5,8.9,7.014285714285714,0.36253078686999307,7.803333333333333,-0.9749279121818236,-0.2225209339563146,1.0,6.123233995736766e-17,0.9562348265919056,0.29260033563334836,9.4,8.1
2020-03-15,Pondy,SR,11.93499371,79.83000037,9.4,2020,3,6,75,1,0,27.8,70,6.7,7.2,8.9,7.328571428571428,0.9793097666456821,7.819999999999999,-0.7818314824680299,0.6234898018587334,1.0,6.123233995736766e-17,0.9611297838723007,0.27609697309746883,9.4,4.4
2020-03-16,Pondy,SR,11.93499371,79.83000037,9.4,2020,3,0,76,0,0,28.1,73,9.4,7.4,8.1,7.614285714285714,1.2562226069034246,7.863333333333333,0.0,1.0,1.0,6.123233995736766e-17,0.9657399376548549,0.2595117970697999,8.7,4.5
2020-03-17,Pondy,SR,11.93499371,79.83000037,8.7,2020,3,1,77,0,0,28.1,73,9.4,6.9,6.8,7.871428571428572,1.2697956341006011,7.926666666666667,0.7818314824680298,0.6234898018587336,1.0,6.123233995736766e-17,0.9700639218515071,0.2428497220959356,8.9,4.6
2020-03-18,Pondy,SR,11.93499371,79.83000037,8.9,2020,3,2,78,0,0,27.7,76,8.7,6.4,7.8,8.22857142857143,1.130949874683936,7.963333333333334,0.9749279121818236,-0.22252093395631434,1.0,6.123233995736766e-17,0.9741004551724205,0.22611568550828828,8.3,4.7
2020-03-19,Pondy,SR,11.93499371,79.83000037,8.3,2020,3,3,79,0,0,27.6,78,8.9,7.3,8.2,8.371428571428572,1.0546947199929193,7.966666666666667,0.43388373911755823,-0.900968867902419,1.0,6.123233995736766e-17,0.9778483415056568,0.20931464596304847,8.2,4.6
2020-03-20,Pondy,SR,11.93499371,79.83000037,8.2,2020,3,4,80,0,0,27.5,79,8.3,7.2,8.2,8.514285714285714,0.9299257522845001,7.966666666666667,-0.433883739117558,-0.9009688679024191,1.0,6.123233995736766e-17,0.9813064702716093,0.19245158197082998,8.1,4.6
2020-03-21,Pondy,SR,11.93499371,79.83000037,8.1,2020,3,5,81,1,0,27.9,76,8.2,6.7,8.4,8.714285714285714,0.5459809869356491,7.956666666666666,-0.9749279121818236,-0.2225209339563146,1.0,6.123233995736766e-17,0.9844738167520922,0.1755314904214282,4.4,4.7
2020-03-22,Pondy,SR,11.93499371,79.83000037,4.4,2020,3,6,82,1,0,28.2,73,8.1,9.4,8.3,8.0,1.6512621435334425,7.826666666666667,-0.7818314824680299,0.6234898018587334,1.0,6.123233995736766e-17,0.9873494423939864,0.15855938510313475,4.5,6.9
2020-03-23,Pondy,SR,11.93499371,79.83000037,4.5,2020,3,0,83,0,0,27.8,73,4.4,9.4,7.6,7.299999999999999,1.9672315572905996,7.723333333333334,0.0,1.0,1.0,6.123233995736766e-17,0.989932495087353,0.141540295217043,4.6,7.1
2020-03-24,Pondy,SR,11.93499371,79.83000037,4.6,2020,3,1,84,0,0,27.7,72,4.5,8.7,7.5,6.714285714285714,2.087605144201183,7.626666666666667,0.7818314824680298,0.6234898018587336,1.0,6.123233995736766e-17,0.9922222094179323,0.12447926388678915,4.7,7.0
2020-03-25,Pondy,SR,11.93499371,79.83000037,4.7,2020,3,2,85,0,0,28.1,70,4.6,8.9,7.2,6.114285714285715,1.9539946873252354,7.543333333333333,0.9749279121818236,-0.22252093395631434,1.0,6.123233995736766e-17,0.994217906893952,0.10738134666416309,4.6,7.2
2020-03-26,Pondy,SR,11.93499371,79.83000037,4.6,2020,3,3,86,0,0,28.3,69,4.7,8.3,7.4,5.5857142857142845,1.7544501241401103,7.45,0.43388373911755823,-0.900968867902419,1.0,6.123233995736766e-17,0.995918996147179,0.09025161003104117,4.6,7.6
2020-03-27,Pondy,SR,11.93499371,79.83000037,4.6,2020,3,4,87,0,0,28.0,70,4.6,8.2,7.6,5.071428571428571,1.3387983240133547,7.35,-0.433883739117558,-0.9009688679024191,1.0,6.123233995736766e-17,0.9973249731081555,0.07309512989807777,4.7,7.6
2020-03-28,Pondy,SR,11.93499371,79.83000037,4.7,2020,3,5,88,1,0,27.6,72,4.6,8.1,7.6,4.585714285714286,0.10690449676506004,7.253333333333333,-0.9749279121818236,-0.2225209339563146,1.0,6.123233995736766e-17,0.9984354211555643,0.055916990100603484,6.9,7.0
2020-03-29,Pondy,SR,11.93499371,79.83000037,6.9,2020,3,6,89,1,0,27.1,74,4.7,4.4,7.9,4.942857142857143,0.8657504314314987,7.22,-0.7818314824680299,0.6234898018587334,1.0,6.123233995736766e-17,0.9992500112396835,0.03872228089217446,7.1,8.0
2020-03-30,Pondy,SR,11.93499371,79.83000037,7.1,2020,3,0,90,0,0,26.7,75,6.9,4.5,7.3,5.314285714285715,1.1538754575033585,7.213333333333334,0.0,1.0,1.0,6.123233995736766e-17,0.9997685019798909,0.021516097436222254,7.0,8.5
2020-03-31,Pondy,SR,11.93499371,79.83000037,7.0,2020,3,1,91,0,0,27.2,75,7.1,4.6,8.9,5.6571428571428575,1.2581165060745183,7.15,0.7818314824680298,0.6234898018587336,1.0,6.123233995736766e-17,0.9999907397361901,0.004303538296244289,7.2,8.0
2020-04-01,Pondy,SR,11.93499371,79.83000037,7.2,2020,4,2,92,0,0,28.2,74,7.0,4.7,8.7,6.014285714285713,1.2954131534360944,7.1,0.9749279121818236,-0.22252093395631434,0.8660254037844387,-0.4999999999999998,0.9999166586547379,-0.01291029607500882,7.6,8.4
2020-04-02,Pondy,SR,11.93499371,79.83000037,7.6,2020,4,3,93,0,1,28.2,78,7.2,4.6,8.4,6.442857142857143,1.2447987024108818,7.073333333333334,0.43388373911755823,-0.900968867902419,0.8660254037844387,-0.4999999999999998,0.9995462806873573,-0.030120304846908114,7.6,7.8
2020-04-03,Pondy,SR,11.93499371,79.83000037,7.6,2020,4,4,94,0,0,28.9,72,7.6,4.6,8.1,6.871428571428572,0.9961831921795079,7.056666666666667,-0.433883739117558,-0.9009688679024191,0.8660254037844387,-0.4999999999999998,0.9988797155850336,-0.04732138832243185,7.0,7.2
2020-04-04,Pondy,SR,11.93499371,79.83000037,7.0,2020,4,5,95,1,0,28.6,75,7.6,4.7,8.7,7.2,0.2886751345948125,7.0,-0.9749279121818236,-0.2225209339563146,0.8660254037844387,-0.4999999999999998,0.9979171608653922,-0.06450844944931623,8.0,7.4
2020-04-05,Pondy,SR,11.93499371,79.83000037,8.0,2020,4,6,96,1,0,29.1,79,7.0,6.9,8.9,7.357142857142857,0.3823486317361092,6.97,-0.7818314824680299,0.6234898018587334,0.8660254037844387,-0.4999999999999998,0.9966589017541702,-0.08167639533042241,8.5,7.0
2020-04-13,Pondy,SR,11.93499371,79.83000037,8.5,2020,4,0,104,0,0,28.1,76,8.0,7.1,8.5,7.557142857142857,0.553344807683666,6.97,0.0,1.0,0.8660254037844387,-0.4999999999999998,0.9760105506323683,-0.21772323039653177,8.0,7.2
2020-04-14,Pondy,SR,11.93499371,79.83000037,8.0,2020,4,1,105,0,1,28.4,76,8.5,7.0,7.2,7.7,0.5131601439446845,6.996666666666667,0.7818314824680298,0.6234898018587336,0.8660254037844387,-0.4999999999999998,0.9721181966290613,-0.23449138957040985,8.4,7.3
2020-04-15,Pondy,SR,11.93499371,79.83000037,8.4,2020,4,2,106,0,0,28.7,76,8.0,7.2,7.4,7.871428571428572,0.5186980037050591,7.03,0.9749279121818236,-0.22252093395631434,0.8660254037844387,-0.4999999999999998,0.9679377830240642,-0.25119006388481935,7.8,7.4
2020-04-16,Pondy,SR,11.93499371,79.83000037,7.8,2020,4,3,107,0,0,28.8,78,8.4,7.6,6.9,7.9,0.5066228051190165,7.06,0.43388373911755823,-0.900968867902419,0.8660254037844387,-0.4999999999999998,0.9634705485641488,-0.2678143051621742,7.2,7.6
2020-04-17,Pondy,SR,11.93499371,79.83000037,7.2,2020,4,4,108,0,0,29.4,77,7.8,7.6,6.4,7.8428571428571425,0.56526437135539,7.086666666666667,-0.433883739117558,-0.9009688679024191,0.8660254037844387,-0.4999999999999998,0.9587178169872964,-0.2843591872810034,7.4,7.4
2020-04-18,Pondy,SR,11.93499371,79.83000037,7.4,2020,4,5,109,1,0,29.4,77,7.2,7.0,7.3,7.8999999999999995,0.4795831523312658,7.090000000000001,-0.9749279121818236,-0.2225209339563146,0.8660254037844387,-0.4999999999999998,0.9536809966304457,-0.30081980763566735,7.0,6.7
2020-04-19,Pondy,SR,11.93499371,79.83000037,7.0,2020,4,6,110,1,0,29.7,75,7.4,8.0,7.2,7.757142857142857,0.5826867164470159,7.083333333333333,-0.7818314824680299,0.6234898018587334,0.8660254037844387,-0.4999999999999998,0.9483615800121715,-0.3171912885891061,7.2,9.0
2020-04-20,Pondy,SR,11.93499371,79.83000037,7.2,2020,4,0,111,0,0,29.5,75,7.0,8.5,6.7,7.571428571428571,0.5089672082242789,7.1,0.0,1.0,0.8660254037844387,-0.4999999999999998,0.9427611433904207,-0.3334687789181868,7.3,9.1
2020-04-21,Pondy,SR,11.93499371,79.83000037,7.3,2020,4,1,112,0,0,29.3,74,7.2,8.0,9.4,7.471428571428571,0.47858919654294063,7.03,0.7818314824680298,0.6234898018587336,0.8660254037844387,-0.4999999999999998,0.9368813462954315,-0.3496474552512284,7.4,8.8
2020-04-22,Pondy,SR,11.93499371,79.83000037,7.4,2020,4,2,113,0,0,29.4,78,7.3,8.4,9.4,7.328571428571429,0.24976179127511114,6.963333333333333,0.9749279121818236,-0.22252093395631434,0.8660254037844387,-0.4999999999999998,0.9307239310379795,-0.36572252349726897,7.6,9.0
2020-04-23,Pondy,SR,11.93499371,79.83000037,7.6,2020,4,3,114,0,0,29.6,78,7.4,7.8,8.7,7.299999999999999,0.19148542155126783,6.926666666666667,0.43388373911755823,-0.900968867902419,0.8660254037844387,-0.4999999999999998,0.9242907221930933,-0.3816892202666588,7.4,9.2
2020-04-24,Pondy,SR,11.93499371,79.83000037,7.4,2020,4,4,115,0,0,29.9,76,7.6,7.2,8.9,7.328571428571429,0.1889822365046131,6.876666666666666,-0.433883739117558,-0.9009688679024191,0.8660254037844387,-0.4999999999999998,0.9175836260593937,-0.39754281428255595,6.7,9.2
2020-04-25,Pondy,SR,11.93499371,79.83000037,6.7,2020,4,5,116,1,0,30.2,78,7.4,7.4,8.3,7.228571428571429,0.29840847683606414,6.823333333333334,-0.9749279121818236,-0.2225209339563146,0.8660254037844387,-0.4999999999999998,0.9106046300942162,-0.4132786077829042,9.0,8.2
2020-04-26,Pondy,SR,11.93499371,79.83000037,9.0,2020,4,6,117,1,0,29.7,78,6.7,7.0,8.2,7.514285714285713,0.7128079952520425,6.85,-0.7818314824680299,0.6234898018587334,0.8660254037844387,-0.4999999999999998,0.9033558023246845,-0.4288919379124835,9.1,5.8
2020-04-27,Pondy,SR,11.93499371,79.83000037,9.1,2020,4,0,118,0,0,30.2,77,9.0,7.2,8.1,7.785714285714286,0.9081640296564821,6.883333333333334,0.0,1.0,0.8660254037844387,-0.4999999999999998,0.895839290734909,-0.4443781781046132,8.8,6.4
2020-04-28,Pondy,SR,11.93499371,79.83000037,8.8,2020,4,1,119,0,0,29.9,76,9.1,7.3,4.4,8.000000000000002,0.9504384952922132,7.03,0.7818314824680298,0.6234898018587336,0.8660254037844387,-0.4999999999999998,0.8880573226294932,-0.45973273945210397,9.0,6.6
2020-04-29,Pondy,SR,11.93499371,79.83000037,9.0,2020,4,2,120,0,0,29.7,76,8.8,7.4,4.5,8.22857142857143,0.9741907508530402,7.180000000000001,0.9749279121818236,-0.22252093395631434,0.8660254037844387,-0.4999999999999998,0.8800122039735357,-0.47495107206704995,9.2,6.9
2020-04-30,Pondy,SR,11.93499371,79.83000037,9.2,2020,4,3,121,0,0,30.0,76,9.0,7.6,4.6,8.457142857142857,0.9897089519266751,7.333333333333333,0.43388373911755823,-0.900968867902419,0.8660254037844387,-0.4999999999999998,0.8717063187093218,-0.4900286664290592,9.2,7.3
2020-05-01,Pondy,SR,11.93499371,79.83000037,9.2,2020,5,4,122,0,0,30.3,76,9.2,7.4,4.7,8.714285714285714,0.8989411761039889,7.483333333333333,-0.433883739117558,-0.9009688679024191,0.49999999999999994,-0.8660254037844387,0.8631421280499114,-0.5049610547215204,8.2,7.4
2020-05-02,Pondy,SR,11.93499371,79.83000037,8.2,2020,5,5,123,1,0,30.5,76,9.2,6.7,4.6,8.928571428571429,0.34982989063391107,7.6033333333333335,-0.9749279121818236,-0.2225209339563146,0.49999999999999994,-0.8660254037844387,0.854322169749827,-0.5197438121555155,5.8,7.3
2020-05-03,Pondy,SR,11.93499371,79.83000037,5.8,2020,5,6,124,1,0,30.3,76,8.2,9.0,4.6,8.471428571428572,1.228432993307982,7.643333333333333,-0.7818314824680299,0.6234898018587334,0.49999999999999994,-0.8660254037844387,0.8452490573530633,-0.5343725582809786,6.4,7.2
2020-05-04,Pondy,SR,11.93499371,79.83000037,6.4,2020,5,0,125,0,0,29.8,75,5.8,9.1,4.7,8.085714285714285,1.4088157809883803,7.7,0.0,1.0,0.49999999999999994,-0.8660254037844387,0.8359254794186372,-0.548842958284719,6.6,7.3
2020-05-05,Pondy,SR,11.93499371,79.83000037,6.6,2020,5,1,126,0,0,30.0,73,6.4,8.8,6.9,7.771428571428571,1.4670995032311043,7.6899999999999995,0.7818314824680298,0.6234898018587336,0.49999999999999994,-0.8660254037844387,0.8263541987239096,-0.5631507242749186,6.9,7.5
2020-05-13,Pondy,SR,11.93499371,79.83000037,6.9,2020,5,2,134,0,0,29.8,76,6.6,9.0,7.1,7.471428571428571,1.3864995320521958,7.683333333333334,0.9749279121818236,-0.22252093395631434,0.49999999999999994,-0.8660254037844387,0.7412220108485958,-0.6712599575675313,7.3,7.5
2020-05-14,Pondy,SR,11.93499371,79.83000037,7.3,2020,5,3,135,0,0,29.9,77,6.9,9.2,7.0,7.2,1.159022576714252,7.693333333333333,0.43388373911755823,-0.900968867902419,0.49999999999999994,-0.8660254037844387,0.7295575540864875,-0.6839194216246106,7.4,7.5
2020-05-15,Pondy,SR,11.93499371,79.83000037,7.4,2020,5,4,136,0,0,30.0,78,7.3,9.2,7.2,6.942857142857142,0.7785823502947467,7.7,-0.433883739117558,-0.9009688679024191,0.49999999999999994,-0.8660254037844387,0.717676913675962,-0.6963762255968722,7.3,7.6
2020-05-16,Pondy,SR,11.93499371,79.83000037,7.3,2020,5,5,137,1,0,30.8,74,7.4,8.2,7.6,6.814285714285715,0.5871642911161429,7.6899999999999995,-0.9749279121818236,-0.2225209339563146,0.49999999999999994,-0.8660254037844387,0.705583610107178,-0.7086266782644596,7.2,6.9
2020-05-17,Pondy,SR,11.93499371,79.83000037,7.2,2020,5,6,138,1,0,30.9,72,7.3,5.8,7.6,7.014285714285713,0.389138242053625,7.676666666666667,-0.7818314824680299,0.6234898018587334,0.49999999999999994,-0.8660254037844387,0.6932812268869777,-0.7206671495538609,7.3,6.4
2020-05-18,Pondy,SR,11.93499371,79.83000037,7.3,2020,5,0,139,0,0,31.4,68,7.2,6.4,7.0,7.142857142857143,0.2878491668515904,7.6866666666666665,0.0,1.0,0.49999999999999994,-0.8660254037844387,0.6807734094770161,-0.7324940716135789,7.5,6.5
2020-05-19,Pondy,SR,11.93499371,79.83000037,7.5,2020,5,1,140,0,0,34.3,47,7.3,6.6,8.0,7.271428571428571,0.18898223650463816,7.67,0.7818314824680298,0.6234898018587336,0.49999999999999994,-0.8660254037844387,0.6680638642135335,-0.7441039398713607,7.5,6.5
2020-05-20,Pondy,SR,11.93499371,79.83000037,7.5,2020,5,2,141,0,0,33.3,55,7.5,6.9,8.5,7.357142857142857,0.11338934190280153,7.636666666666667,0.9749279121818236,-0.22252093395631434,0.49999999999999994,-0.8660254037844387,0.6551563572090853,-0.7554933140726803,7.5,6.7
2020-05-21,Pondy,SR,11.93499371,79.83000037,7.5,2020,5,3,142,0,0,32.6,61,7.5,7.3,8.0,7.385714285714286,0.12149857925881995,7.62,0.43388373911755823,-0.900968867902419,0.49999999999999994,-0.8660254037844387,0.6420547132365637,-0.766658819300159,7.6,6.6
