timestamp,node_id,region,latitude,longitude,consumption_mu,year,month,dayofweek,dayofyear,is_weekend,is_holiday,temperature_c,humidity,lag_1d,lag_7d,lag_30d,roll_mean_7d,roll_std_7d,roll_mean_30d,dow_sin,dow_cos,month_sin,month_cos,doy_sin,doy_cos,target_next_1d,target_next_7d
2019-02-02,Delhi,NR,28.6699929,77.23000403,43.701,2019,2,5,33,1,0,13.0,82,43.701,114.2,85.8,77.95757142857143,32.42209021051927,91.95343333333332,-0.9749279121818236,-0.2225209339563146,0.8660254037844386,0.5000000000000001,0.5380051715382996,0.8429415373547828,44.9,68.4
2019-02-03,Delhi,NR,28.6699929,77.23000403,44.9,2019,2,6,34,1,0,12.7,82,43.701,112.7,85.5,68.27185714285714,30.376051034922103,90.60009999999998,-0.7818314824680299,0.6234898018587334,0.8660254037844386,0.5000000000000001,0.5524353131676196,0.8335557718385699,43.8,67.6
2019-02-04,Delhi,NR,28.6699929,77.23000403,43.8,2019,2,0,35,0,0,14.0,76,44.9,105.0,83.5,59.529,26.61791162607117,89.27676666666666,0.0,1.0,0.8660254037844386,0.5000000000000001,0.5667017562911176,0.8239230057575542,43.701,69.0
2019-02-05,Delhi,NR,28.6699929,77.23000403,43.701,2019,2,1,36,0,0,15.5,78,43.8,100.5,79.2,51.414857142857144,19.841483726682128,88.09346666666667,0.7818314824680298,0.6234898018587336,0.8660254037844386,0.5000000000000001,0.5808002734538009,0.8140460935082178,44.1,64.8
2019-02-06,Delhi,NR,28.6699929,77.23000403,44.1,2019,2,2,37,0,0,17.0,85,43.701,96.4,76.6,43.94342857142857,0.4463185921685022,87.01013333333334,0.9749279121818236,-0.22252093395631434,0.8660254037844386,0.5000000000000001,0.5947266869607634,0.8039279618328213,60.3,61.2
2019-02-07,Delhi,NR,28.6699929,77.23000403,60.3,2019,2,3,38,0,0,15.7,90,44.1,43.701,71.1,46.31471428571428,6.182136731861372,86.65013333333334,0.43388373911755823,-0.900968867902419,0.8660254037844386,0.5000000000000001,0.6084768701151261,0.7935716089521474,63.2,71.8
2019-02-08,Delhi,NR,28.6699929,77.23000403,63.2,2019,2,4,39,0,0,12.8,74,60.3,43.701,69.0,49.10028571428571,8.691743222052548,86.4568,-0.433883739117558,-0.9009688679024191,0.8660254037844386,0.5000000000000001,0.6220467484408675,0.7829801036770629,68.4,71.7
2019-02-09,Delhi,NR,28.6699929,77.23000403,68.4,2019,2,5,40,1,0,12.5,72,63.2,43.701,89.2,52.62871428571429,10.873947684171402,85.76346666666667,-0.9749279121818236,-0.2225209339563146,0.8660254037844386,0.5000000000000001,0.6354323008901774,0.7721565844991642,67.6,72.7
2019-02-10,Delhi,NR,28.6699929,77.23000403,67.6,2019,2,6,41,1,0,12.2,76,68.4,44.9,92.8,55.87157142857143,11.548809056307453,84.92346666666667,-0.7818314824680299,0.6234898018587334,0.8660254037844386,0.5000000000000001,0.6486295610349814,0.7611042586607747,69.0,71.6
2019-02-11,Delhi,NR,28.6699929,77.23000403,69.0,2019,2,0,42,0,0,13.0,76,67.6,43.8,79.5,59.47157142857143,11.076722918762982,84.57346666666668,0.0,1.0,0.8660254037844386,0.5000000000000001,0.6616346182422783,0.7498264012045686,64.8,71.3
2019-02-12,Delhi,NR,28.6699929,77.23000403,64.8,2019,2,1,43,0,0,15.0,76,69.0,43.701,92.6,62.48571428571428,8.681863964884702,83.6468,0.7818314824680298,0.6234898018587336,0.8660254037844386,0.5000000000000001,0.6744436188329455,0.7383263540031065,61.2,69.2
2019-02-13,Delhi,NR,28.6699929,77.23000403,61.2,2019,2,2,44,0,0,16.4,75,64.8,44.1,89.4,64.92857142857143,3.5141211730743294,82.7068,0.9749279121818236,-0.22252093395631434,0.8660254037844386,0.5000000000000001,0.6870527672236669,0.7266075247685656,71.8,67.0
2019-02-14,Delhi,NR,28.6699929,77.23000403,71.8,2019,2,3,45,0,0,16.1,84,61.2,60.3,82.2,66.57142857142857,3.6741050092572665,82.36013333333334,0.43388373911755823,-0.900968867902419,0.8660254037844386,0.5000000000000001,0.699458327051647,0.7146733860429609,71.7,111.8
2019-02-15,Delhi,NR,28.6699929,77.23000403,71.7,2019,2,4,46,0,0,15.8,86,71.8,63.2,77.8,67.78571428571429,3.7773132300746544,82.1568,-0.433883739117558,-0.9009688679024191,0.8660254037844386,0.5000000000000001,0.7116566222817746,0.7025274741691571,72.7,114.9
2019-02-16,Delhi,NR,28.6699929,77.23000403,72.7,2019,2,5,47,1,0,14.3,86,71.7,68.4,111.8,68.39999999999999,4.217819341792843,80.85346666666666,-0.9749279121818236,-0.2225209339563146,0.8660254037844386,0.5000000000000001,0.7236440382959124,0.6901733882429719,71.6,121.6
2019-02-17,Delhi,NR,28.6699929,77.23000403,71.6,2019,2,6,48,1,0,14.5,80,72.7,67.6,115.6,68.97142857142858,4.359936653100531,79.38680000000001,-0.7818314824680299,0.6234898018587334,0.8660254037844386,0.5000000000000001,0.7354170229639855,0.6776147890466889,71.3,128.1
2019-02-18,Delhi,NR,28.6699929,77.23000403,71.3,2019,2,0,49,0,0,15.9,72,71.6,69.0,117.9,69.3,4.448220618030149,77.83346666666667,0.0,1.0,0.8660254037844386,0.5000000000000001,0.7469720876965552,0.6648553979642865,69.2,131.6
2019-02-19,Delhi,NR,28.6699929,77.23000403,69.2,2019,2,1,50,0,0,16.5,78,71.3,64.8,121.9,69.92857142857143,3.9940431835901355,76.0768,0.7818314824680298,0.6234898018587336,0.8660254037844386,0.5000000000000001,0.7583058084785624,0.6518989958787126,67.0,132.2
2019-02-20,Delhi,NR,28.6699929,77.23000403,67.0,2019,2,2,51,0,0,16.8,82,69.2,61.2,121.7,70.75714285714285,1.9704966741557948,74.25346666666668,0.9749279121818236,-0.22252093395631434,0.8660254037844386,0.5000000000000001,0.7694148268839378,0.6387494220515272,111.8,132.7
2019-02-21,Delhi,NR,28.6699929,77.23000403,111.8,2019,2,3,52,0,0,19.1,76,67.0,71.8,112.2,76.47142857142856,15.695828987952488,74.24013333333332,0.43388373911755823,-0.900968867902419,0.8660254037844386,0.5000000000000001,0.7802958510707755,0.6254105729852463,114.9,69.0
2019-02-22,Delhi,NR,28.6699929,77.23000403,114.9,2019,2,4,53,0,0,17.9,73,111.8,71.7,108.0,82.64285714285714,21.077385760008113,74.47013333333332,-0.433883739117558,-0.9009688679024191,0.8660254037844386,0.5000000000000001,0.7909456567567772,0.6118864012687243,121.6,72.1
2019-02-23,Delhi,NR,28.6699929,77.23000403,121.6,2019,2,5,54,1,0,14.8,67,114.9,72.7,109.3,89.62857142857142,24.975769209757086,74.88013333333333,-0.9749279121818236,-0.2225209339563146,0.8660254037844386,0.5000000000000001,0.8013610881746766,0.5981809144059165,128.1,71.8
2019-02-24,Delhi,NR,28.6699929,77.23000403,128.1,2019,2,6,55,1,0,15.1,68,121.6,71.6,111.9,97.69999999999997,27.208209545405026,75.42013333333333,-0.7818314824680299,0.6234898018587334,0.8660254037844386,0.5000000000000001,0.8115390590073611,0.5842981736283684,131.6,71.1
2019-02-25,Delhi,NR,28.6699929,77.23000403,131.6,2019,2,0,56,0,0,15.2,68,128.1,71.3,114.2,106.3142857142857,27.00163134401508,76.00013333333335,0.0,1.0,0.8660254037844386,0.5000000000000001,0.8214765533024142,0.5702422926917871,132.2,73.0
2019-02-26,Delhi,NR,28.6699929,77.23000403,132.2,2019,2,1,57,0,0,15.4,70,131.6,69.2,112.7,115.31428571428572,22.730774189149344,76.65013333333333,0.7818314824680298,0.6234898018587336,0.8660254037844386,0.5000000000000001,0.8311706263658079,0.5560174366570446,132.7,68.0
2019-02-27,Delhi,NR,28.6699929,77.23000403,132.7,2019,2,2,58,0,0,13.5,81,132.2,67.0,105.0,124.7,8.674483654181941,77.57346666666666,0.9749279121818236,-0.22252093395631434,0.8660254037844386,0.5000000000000001,0.8406184056344782,0.5416278206559814,69.0,67.3
2019-02-28,Delhi,NR,28.6699929,77.23000403,69.0,2019,2,3,59,0,0,12.9,72,132.7,111.8,100.5,118.58571428571427,22.824944583461704,76.52346666666666,0.43388373911755823,-0.900968867902419,0.8660254037844386,0.5000000000000001,0.8498170915275278,0.5270777086423722,72.1,111.7
2019-03-02,Delhi,NR,28.6699929,77.23000403,72.1,2019,3,5,61,1,0,15.1,76,69.0,114.9,96.4,112.47142857142856,28.90073322516893,75.71346666666665,-0.9749279121818236,-0.2225209339563146,1.0,6.123233995736766e-17,0.8674563547295969,0.49751328890718066,71.8,121.6
2019-03-03,Delhi,NR,28.6699929,77.23000403,71.8,2019,3,6,62,1,0,15.9,80,72.1,121.6,43.701,105.35714285714285,32.21815518941961,76.6501,-0.7818314824680299,0.6234898018587334,1.0,6.123233995736766e-17,0.8758917051442429,0.48250774176121847,71.1,128.0
2019-03-04,Delhi,NR,28.6699929,77.23000403,71.1,2019,3,0,63,0,1,16.7,81,71.8,128.1,43.701,97.2142857142857,32.711436765114684,77.56339999999999,0.0,1.0,1.0,6.123233995736766e-17,0.8840675099433636,0.4673592171580022,73.0,132.7
2019-03-05,Delhi,NR,28.6699929,77.23000403,73.0,2019,3,1,64,0,0,16.0,74,71.1,131.6,43.701,88.84285714285714,29.815032961179018,78.54003333333334,0.7818314824680298,0.6234898018587336,1.0,6.123233995736766e-17,0.8919813464595485,0.45207220393230435,68.0,132.6
2019-03-06,Delhi,NR,28.6699929,77.23000403,68.0,2019,3,2,65,0,0,16.4,67,73.0,132.2,44.9,79.67142857142856,23.449926388350306,79.31003333333334,0.9749279121818236,-0.22252093395631434,1.0,6.123233995736766e-17,0.8996308696522433,0.43665123195606403,67.3,129.7
2019-03-07,Delhi,NR,28.6699929,77.23000403,67.3,2019,3,3,66,0,0,16.6,68,68.0,132.7,43.8,70.32857142857144,2.213379230734624,80.09336666666667,0.43388373911755823,-0.900968867902419,1.0,6.123233995736766e-17,0.9070138128026359,0.4211008707960896,111.7,113.9
2019-03-08,Delhi,NR,28.6699929,77.23000403,111.7,2019,3,4,67,0,0,17.9,64,67.3,69.0,43.701,76.42857142857143,15.69901422443613,82.35999999999999,-0.433883739117558,-0.9009688679024191,1.0,6.123233995736766e-17,0.9141279881853337,0.40542572835999735,121.6,57.8
2019-03-09,Delhi,NR,28.6699929,77.23000403,121.6,2019,3,5,68,1,0,18.1,67,111.7,72.1,44.1,83.5,22.914478683429266,84.94333333333333,-0.9749279121818236,-0.2225209339563146,1.0,6.123233995736766e-17,0.9209712877166346,0.38963044953078796,128.0,51.2
2019-03-10,Delhi,NR,28.6699929,77.23000403,128.0,2019,3,6,69,1,0,17.3,60,121.6,71.8,60.3,91.52857142857144,27.515432898994145,87.2,-0.7818314824680299,0.6234898018587334,1.0,6.123233995736766e-17,0.9275416835791966,0.37371971479046906,132.7,58.4
2019-03-11,Delhi,NR,28.6699929,77.23000403,132.7,2019,3,0,70,0,0,19.6,59,128.0,71.1,63.2,100.32857142857142,29.65994573414428,89.51666666666667,0.0,1.0,1.0,6.123233995736766e-17,0.9338372288229252,0.35769823883312546,132.6,63.0
2019-03-12,Delhi,NR,28.6699929,77.23000403,132.6,2019,3,1,71,0,0,19.3,60,132.7,73.0,68.4,108.84285714285714,29.055742814049584,91.65666666666667,0.7818314824680298,0.6234898018587336,1.0,6.123233995736766e-17,0.9398560579418954,0.3415707691678556,129.7,66.1
2019-03-13,Delhi,NR,28.6699929,77.23000403,129.7,2019,3,2,72,0,0,18.0,67,132.6,68.0,67.6,117.65714285714286,23.411027112798685,93.72666666666666,0.9749279121818236,-0.22252093395631434,1.0,6.123233995736766e-17,0.9455963874271426,0.3253420847119801,113.9,69.6
2019-03-14,Delhi,NR,28.6699929,77.23000403,113.9,2019,3,3,73,0,0,17.1,74,129.7,67.3,69.0,124.3142857142857,8.722657961009787,95.22333333333333,0.43388373911755823,-0.900968867902419,1.0,6.123233995736766e-17,0.9510565162951535,0.30901699437494745,57.8,68.3
2019-03-15,Delhi,NR,28.6699929,77.23000403,57.8,2019,3,4,74,0,0,17.8,67,113.9,111.7,64.8,116.61428571428571,26.79088331077259,94.99,-0.433883739117558,-0.9009688679024191,1.0,6.123233995736766e-17,0.9562348265919056,0.29260033563334836,51.2,62.5
2019-03-16,Delhi,NR,28.6699929,77.23000403,51.2,2019,3,5,75,1,0,17.8,61,57.8,121.6,61.2,106.55714285714285,36.17701190640534,94.65666666666667,-0.9749279121818236,-0.2225209339563146,1.0,6.123233995736766e-17,0.9611297838723007,0.27609697309746883,58.4,63.5
2019-03-17,Delhi,NR,28.6699929,77.23000403,58.4,2019,3,6,76,1,0,19.6,54,51.2,128.0,71.8,96.61428571428571,38.77273219551034,94.21,-0.7818314824680299,0.6234898018587334,1.0,6.123233995736766e-17,0.9657399376548549,0.2595117970697999,63.0,62.6
2019-03-18,Delhi,NR,28.6699929,77.23000403,63.0,2019,3,0,77,0,0,19.9,55,58.4,132.7,71.7,86.65714285714284,36.86388734895157,93.92,0.0,1.0,1.0,6.123233995736766e-17,0.9700639218515071,0.2428497220959356,66.1,62.4
2019-03-19,Delhi,NR,28.6699929,77.23000403,66.1,2019,3,1,78,0,0,21.0,57,63.0,132.6,72.7,77.15714285714286,31.18166433140141,93.7,0.7818314824680298,0.6234898018587336,1.0,6.123233995736766e-17,0.9741004551724205,0.22611568550828828,69.6,63.5
2019-03-20,Delhi,NR,28.6699929,77.23000403,69.6,2019,3,2,79,0,0,22.7,51,66.1,129.7,71.6,68.57142857142857,20.873165730646793,93.63333333333331,0.9749279121818236,-0.22252093395631434,1.0,6.123233995736766e-17,0.9778483415056568,0.20931464596304847,68.3,60.4
2019-03-21,Delhi,NR,28.6699929,77.23000403,68.3,2019,3,3,80,0,1,22.4,51,69.6,113.9,71.3,62.05714285714286,6.614090298460532,93.53333333333333,0.43388373911755823,-0.900968867902419,1.0,6.123233995736766e-17,0.9813064702716093,0.19245158197082998,62.5,57.2
2019-03-22,Delhi,NR,28.6699929,77.23000403,62.5,2019,3,4,81,0,0,21.6,44,68.3,57.8,69.2,62.72857142857142,6.342900042754912,93.30999999999999,-0.433883739117558,-0.9009688679024191,1.0,6.123233995736766e-17,0.9844738167520922,0.1755314904214282,63.5,61.7
2019-03-23,Delhi,NR,28.6699929,77.23000403,63.5,2019,3,5,82,1,0,22.1,40,62.5,51.2,67.0,64.48571428571428,3.8181271898791875,93.19333333333333,-0.9749279121818236,-0.2225209339563146,1.0,6.123233995736766e-17,0.9873494423939864,0.15855938510313475,62.6,64.3
2019-03-24,Delhi,NR,28.6699929,77.23000403,62.6,2019,3,6,83,1,0,24.0,46,63.5,58.4,111.8,65.08571428571429,2.928838547631945,91.55333333333333,-0.7818314824680299,0.6234898018587334,1.0,6.123233995736766e-17,0.989932495087353,0.141540295217043,62.4,65.9
2019-03-25,Delhi,NR,28.6699929,77.23000403,62.4,2019,3,0,84,0,0,21.5,64,62.6,63.0,114.9,65.0,3.00776772152808,89.80333333333333,0.0,1.0,1.0,6.123233995736766e-17,0.9922222094179323,0.12447926388678915,63.5,67.4
2019-03-26,Delhi,NR,28.6699929,77.23000403,63.5,2019,3,1,85,0,0,21.8,61,62.4,66.1,121.6,64.62857142857142,3.0098251808115246,87.86666666666666,0.7818314824680298,0.6234898018587336,1.0,6.123233995736766e-17,0.994217906893952,0.10738134666416309,60.4,71.8
2019-03-27,Delhi,NR,28.6699929,77.23000403,60.4,2019,3,2,86,0,0,23.0,57,63.5,69.6,128.1,63.31428571428571,2.429971585175692,85.61,0.9749279121818236,-0.22252093395631434,1.0,6.123233995736766e-17,0.995918996147179,0.09025161003104117,57.2,73.9
2019-03-28,Delhi,NR,28.6699929,77.23000403,57.2,2019,3,3,87,0,0,25.3,58,60.4,68.3,131.6,61.728571428571435,2.249232673390368,83.12999999999998,0.43388373911755823,-0.900968867902419,1.0,6.123233995736766e-17,0.9973249731081555,0.07309512989807777,61.7,69.1
2019-03-29,Delhi,NR,28.6699929,77.23000403,61.7,2019,3,4,88,0,0,27.1,56,57.2,62.5,132.2,61.614285714285714,2.2236820601788048,80.78,-0.433883739117558,-0.9009688679024191,1.0,6.123233995736766e-17,0.9984354211555643,0.055916990100603484,64.3,61.4
2019-03-30,Delhi,NR,28.6699929,77.23000403,64.3,2019,3,5,89,1,0,26.0,59,61.7,63.5,132.7,61.728571428571435,2.3535181365451128,78.5,-0.9749279121818236,-0.2225209339563146,1.0,6.123233995736766e-17,0.9992500112396835,0.03872228089217446,65.9,64.1
2019-03-31,Delhi,NR,28.6699929,77.23000403,65.9,2019,3,6,90,1,0,25.9,44,64.3,62.6,69.0,62.199999999999996,2.837839553838899,78.39666666666668,-0.7818314824680299,0.6234898018587334,1.0,6.123233995736766e-17,0.9997685019798909,0.021516097436222254,67.4,66.1
2019-04-02,Delhi,NR,28.6699929,77.23000403,67.4,2019,4,1,92,0,0,24.4,45,65.9,62.4,72.1,62.91428571428572,3.4580478941296584,78.24000000000001,0.7818314824680298,0.6234898018587336,0.8660254037844387,-0.4999999999999998,0.9999166586547379,-0.01291029607500882,71.8,66.1
2019-04-03,Delhi,NR,28.6699929,77.23000403,71.8,2019,4,2,93,0,0,25.7,43,67.4,63.5,71.8,64.10000000000001,4.839421453025088,78.24,0.9749279121818236,-0.22252093395631434,0.8660254037844387,-0.4999999999999998,0.9995462806873573,-0.030120304846908114,73.9,65.4
2019-04-04,Delhi,NR,28.6699929,77.23000403,73.9,2019,4,3,94,0,0,27.6,44,71.8,60.4,71.1,66.02857142857142,5.727627282366929,78.33333333333333,0.43388373911755823,-0.900968867902419,0.8660254037844387,-0.4999999999999998,0.9988797155850336,-0.04732138832243185,69.1,63.0
2019-04-05,Delhi,NR,28.6699929,77.23000403,69.1,2019,4,4,95,0,0,28.4,47,73.9,57.2,73.0,67.72857142857143,4.244492229432651,78.20333333333333,-0.433883739117558,-0.9009688679024191,0.8660254037844387,-0.4999999999999998,0.9979171608653922,-0.06450844944931623,61.4,60.2
2019-04-06,Delhi,NR,28.6699929,77.23000403,61.4,2019,4,5,96,1,0,28.0,52,69.1,61.7,68.0,67.68571428571428,4.316413855439309,77.98333333333333,-0.9749279121818236,-0.2225209339563146,0.8660254037844387,-0.4999999999999998,0.9966589017541702,-0.08167639533042241,64.1,123.2
2019-04-07,Delhi,NR,28.6699929,77.23000403,64.1,2019,4,6,97,1,0,27.5,59,61.4,64.3,67.3,67.65714285714286,4.343139088592145,77.87666666666665,-0.7818314824680299,0.6234898018587334,0.8660254037844387,-0.4999999999999998,0.9951053111006976,-0.09882013873287143,66.1,126.1
2019-04-08,Delhi,NR,28.6699929,77.23000403,66.1,2019,4,0,98,0,0,26.3,57,64.1,65.9,111.7,67.68571428571428,4.330291973000025,76.35666666666667,0.0,1.0,0.8660254037844387,-0.4999999999999998,0.9932568492674143,-0.11593459959550041,66.1,135.1
2019-04-09,Delhi,NR,28.6699929,77.23000403,66.1,2019,4,1,99,0,0,27.8,50,66.1,67.4,121.6,67.5,4.37226104740631,74.50666666666667,0.7818314824680298,0.6234898018587336,0.8660254037844387,-0.4999999999999998,0.9911140639934547,-0.1330147065341959,65.4,135.2
2019-04-10,Delhi,NR,28.6699929,77.23000403,65.4,2019,4,2,100,0,0,28.9,46,66.1,71.8,128.0,66.58571428571427,3.9742624353157217,72.42,0.9749279121818236,-0.22252093395631434,0.8660254037844387,-0.4999999999999998,0.9886775902323405,-0.1500553983446526,63.0,133.5
2019-04-11,Delhi,NR,28.6699929,77.23000403,63.0,2019,4,3,101,0,0,29.8,40,65.4,73.9,132.7,65.02857142857142,2.48844950770163,70.09666666666666,0.43388373911755823,-0.900968867902419,0.8660254037844387,-0.4999999999999998,0.9859481499638304,-0.16705162550211924,60.2,136.29799999999997
2019-04-12,Delhi,NR,28.6699929,77.23000403,60.2,2019,4,4,102,0,0,29.2,39,63.0,69.1,132.6,63.75714285714285,2.3301338608593243,67.68333333333334,-0.433883739117558,-0.9009688679024191,0.8660254037844387,-0.4999999999999998,0.9829265519799822,-0.18399835165768005,123.2,136.0
2019-04-13,Delhi,NR,28.6699929,77.23000403,123.2,2019,4,5,103,1,1,29.5,40,60.2,61.4,129.7,72.58571428571429,22.41602318070928,67.46666666666667,-0.9749279121818236,-0.2225209339563146,0.8660254037844387,-0.4999999999999998,0.9796136916454901,-0.20089055513063506,126.1,63.9
2019-04-14,Delhi,NR,28.6699929,77.23000403,126.1,2019,4,6,104,1,1,30.2,36,123.2,64.1,113.9,81.44285714285714,29.601512187885355,67.87333333333332,-0.7818314824680299,0.6234898018587334,0.8660254037844387,-0.4999999999999998,0.9760105506323683,-0.21772323039653177,135.1,63.6
2019-04-15,Delhi,NR,28.6699929,77.23000403,135.1,2019,4,0,105,0,0,30.7,34,126.1,66.1,57.8,91.3,34.69159360229318,70.45,0.0,1.0,0.8660254037844387,-0.4999999999999998,0.9721181966290613,-0.23449138957040985,135.2,63.8
2019-04-16,Delhi,NR,28.6699929,77.23000403,135.2,2019,4,1,106,0,0,25.9,51,135.1,66.1,51.2,101.17142857142856,36.127307967137334,73.25,0.7818314824680298,0.6234898018587336,0.8660254037844387,-0.4999999999999998,0.9679377830240642,-0.25119006388481935,133.5,62.5
2019-04-17,Delhi,NR,28.6699929,77.23000403,133.5,2019,4,2,107,0,1,21.8,74,135.2,65.4,58.4,110.89999999999999,33.99539184458199,75.75333333333333,0.9749279121818236,-0.22252093395631434,0.8660254037844387,-0.4999999999999998,0.9634705485641488,-0.2678143051621742,136.29799999999997,63.8
2019-04-18,Delhi,NR,28.6699929,77.23000403,136.29799999999997,2019,4,3,108,0,0,22.6,67,133.5,63.0,63.0,121.37114285714286,27.438581641116155,78.1966,0.43388373911755823,-0.900968867902419,0.8660254037844387,-0.4999999999999998,0.9587178169872964,-0.2843591872810034,136.0,60.3
2019-04-19,Delhi,NR,28.6699929,77.23000403,136.0,2019,4,4,109,0,1,24.7,55,136.29799999999997,60.2,66.1,132.19971428571426,5.300056657379822,80.5266,-0.433883739117558,-0.9009688679024191,0.8660254037844387,-0.4999999999999998,0.9536809966304457,-0.30081980763566735,63.9,57.9
2019-04-20,Delhi,NR,28.6699929,77.23000403,63.9,2019,4,5,110,1,0,26.5,48,136.0,123.2,69.6,123.7282857142857,26.61467015084166,80.3366,-0.9749279121818236,-0.2225209339563146,0.8660254037844387,-0.4999999999999998,0.9483615800121715,-0.3171912885891061,63.6,74.2
2019-04-21,Delhi,NR,28.6699929,77.23000403,63.6,2019,4,6,111,1,0,28.5,42,63.9,126.1,68.3,114.79971428571427,34.885035004111735,80.17993333333334,-0.7818314824680299,0.6234898018587334,0.8660254037844387,-0.4999999999999998,0.9427611433904207,-0.3334687789181868,63.8,76.9
2019-04-22,Delhi,NR,28.6699929,77.23000403,63.8,2019,4,0,112,0,0,29.5,43,63.6,135.1,62.5,104.61399999999999,38.21958885179176,80.22326666666666,0.0,1.0,0.8660254037844387,-0.4999999999999998,0.9368813462954315,-0.3496474552512284,62.5,76.9
2019-04-23,Delhi,NR,28.6699929,77.23000403,62.5,2019,4,1,113,0,0,31.3,38,63.8,135.2,63.5,94.2282857142857,38.4002300414737,80.18993333333333,0.7818314824680298,0.6234898018587336,0.8660254037844387,-0.4999999999999998,0.9307239310379795,-0.36572252349726897,63.8,79.2
2019-04-24,Delhi,NR,28.6699929,77.23000403,63.8,2019,4,2,114,0,0,32.3,38,62.5,133.5,62.6,84.27114285714286,35.44259719334246,80.22993333333334,0.9749279121818236,-0.22252093395631434,0.8660254037844387,-0.4999999999999998,0.9242907221930933,-0.3816892202666588,60.3,82.0
2019-04-25,Delhi,NR,28.6699929,77.23000403,60.3,2019,4,3,115,0,0,32.4,38,63.8,136.29799999999997,62.4,73.41428571428571,27.627849993043217,80.15993333333333,0.43388373911755823,-0.900968867902419,0.8660254037844387,-0.4999999999999998,0.9175836260593937,-0.39754281428255595,57.9,80.4
2019-04-26,Delhi,NR,28.6699929,77.23000403,57.9,2019,4,4,116,0,0,32.6,35,60.3,136.0,63.5,62.25714285714286,2.3143445024871414,79.97326666666666,-0.433883739117558,-0.9009688679024191,0.8660254037844387,-0.4999999999999998,0.9106046300942162,-0.4132786077829042,74.2,78.0
2019-04-27,Delhi,NR,28.6699929,77.23000403,74.2,2019,4,5,117,1,0,33.4,22,57.9,63.9,60.4,63.728571428571435,5.113939865933414,80.43326666666667,-0.9749279121818236,-0.2225209339563146,0.8660254037844387,-0.4999999999999998,0.9033558023246845,-0.4288919379124835,76.9,98.5
2019-04-28,Delhi,NR,28.6699929,77.23000403,76.9,2019,4,6,118,1,0,33.2,20,74.2,63.6,57.2,65.62857142857142,7.131085538147979,81.08993333333333,-0.7818314824680299,0.6234898018587334,0.8660254037844387,-0.4999999999999998,0.895839290734909,-0.4443781781046132,76.9,99.3
2019-04-29,Delhi,NR,28.6699929,77.23000403,76.9,2019,4,0,119,0,0,33.4,20,76.9,63.8,61.7,67.5,8.208735184748974,81.5966,0.0,1.0,0.8660254037844387,-0.4999999999999998,0.8880573226294932,-0.45973273945210397,79.2,102.4
2019-04-30,Delhi,NR,28.6699929,77.23000403,79.2,2019,4,1,120,0,0,33.8,21,76.9,62.5,64.3,69.88571428571429,8.9101867865624,82.09326666666668,0.7818314824680298,0.6234898018587336,0.8660254037844387,-0.4999999999999998,0.8800122039735357,-0.47495107206704995,82.0,102.6
2019-05-02,Delhi,NR,28.6699929,77.23000403,82.0,2019,5,3,122,0,0,31.3,34,79.2,63.8,65.9,72.48571428571428,9.47583392485492,82.62993333333334,0.43388373911755823,-0.900968867902419,0.49999999999999994,-0.8660254037844387,0.8631421280499114,-0.5049610547215204,80.4,100.9
2019-05-03,Delhi,NR,28.6699929,77.23000403,80.4,2019,5,4,123,0,0,30.9,34,82.0,60.3,67.4,75.35714285714286,8.115593455987073,83.06326666666665,-0.433883739117558,-0.9009688679024191,0.49999999999999994,-0.8660254037844387,0.854322169749827,-0.5197438121555155,78.0,94.6
2019-05-04,Delhi,NR,28.6699929,77.23000403,78.0,2019,5,5,124,1,0,31.0,24,80.4,57.9,71.8,78.22857142857143,2.5721030861374095,83.26993333333333,-0.9749279121818236,-0.2225209339563146,0.49999999999999994,-0.8660254037844387,0.8452490573530633,-0.5343725582809786,98.5,84.7
2019-05-05,Delhi,NR,28.6699929,77.23000403,98.5,2019,5,6,125,1,0,31.0,21,78.0,74.2,73.9,81.7,7.638062581571562,84.08993333333333,-0.7818314824680299,0.6234898018587334,0.49999999999999994,-0.8660254037844387,0.8359254794186372,-0.548842958284719,99.3,116.6
2019-05-06,Delhi,NR,28.6699929,77.23000403,99.3,2019,5,0,126,0,0,31.8,23,98.5,76.9,69.1,84.9,9.70463806640948,85.09660000000001,0.0,1.0,0.49999999999999994,-0.8660254037844387,0.8263541987239096,-0.5631507242749186,102.4,129.0
2019-05-07,Delhi,NR,28.6699929,77.23000403,102.4,2019,5,1,127,0,0,32.0,22,99.3,76.9,61.4,88.54285714285716,10.912051005327157,86.46326666666667,0.7818314824680298,0.6234898018587336,0.49999999999999994,-0.8660254037844387,0.8165380514459161,-0.5772916165517272,102.6,130.4
2019-05-08,Delhi,NR,28.6699929,77.23000403,102.6,2019,5,2,128,0,0,33.7,19,102.4,79.2,64.1,91.88571428571429,11.154435376630822,87.7466,0.9749279121818236,-0.22252093395631434,0.49999999999999994,-0.8660254037844387,0.8064799463209448,-0.5912614448635781,100.9,115.2
2019-05-09,Delhi,NR,28.6699929,77.23000403,100.9,2019,5,3,129,0,0,34.0,20,102.6,82.0,66.1,94.58571428571429,10.638206078631558,88.9066,0.43388373911755823,-0.900968867902419,0.49999999999999994,-0.8660254037844387,0.7961828637826158,-0.6050560696488488,94.6,109.3
2019-05-10,Delhi,NR,28.6699929,77.23000403,94.6,2019,5,4,130,0,0,34.6,20,100.9,80.4,66.1,96.61428571428573,8.650516086999298,89.8566,-0.433883739117558,-0.9009688679024191,0.49999999999999994,-0.8660254037844387,0.7856498550787147,-0.6186714032625031,84.7,100.7
2019-05-11,Delhi,NR,28.6699929,77.23000403,84.7,2019,5,5,131,1,0,32.1,30,94.6,78.0,65.4,97.57142857142857,6.298601507667088,90.49993333333332,-0.9749279121818236,-0.2225209339563146,0.49999999999999994,-0.8660254037844387,0.7748840413670407,-0.6321034111873487,116.6,98.9
2019-05-12,Delhi,NR,28.6699929,77.23000403,116.6,2019,5,6,132,1,0,31.7,31,84.7,98.5,63.0,100.15714285714286,9.595633927792147,92.28659999999999,-0.7818314824680299,0.6234898018587334,0.49999999999999994,-0.8660254037844387,0.7638886127905428,-0.6453481132295501,129.0,91.9
2019-05-13,Delhi,NR,28.6699929,77.23000403,129.0,2019,5,0,133,0,0,32.1,31,116.6,99.3,60.2,104.39999999999999,14.47768397684308,94.57993333333334,0.0,1.0,0.49999999999999994,-0.8660254037844387,0.7526668275320085,-0.6584015846980488,130.4,99.3
2019-05-14,Delhi,NR,28.6699929,77.23000403,130.4,2019,5,1,134,0,0,29.9,44,129.0,102.4,123.2,108.39999999999999,17.405075887989472,94.81993333333334,0.7818314824680298,0.6234898018587336,0.49999999999999994,-0.8660254037844387,0.7412220108485958,-0.6712599575675313,115.2,106.7
2019-05-15,Delhi,NR,28.6699929,77.23000403,115.2,2019,5,2,135,0,0,30.3,46,130.4,102.6,126.1,110.2,17.35674700704808,94.4566,0.9749279121818236,-0.22252093395631434,0.49999999999999994,-0.8660254037844387,0.7295575540864875,-0.6839194216246106,109.3,111.4
2019-05-16,Delhi,NR,28.6699929,77.23000403,109.3,2019,5,3,136,0,0,30.1,47,115.2,100.9,135.1,111.39999999999999,16.89072723912954,93.5966,0.43388373911755823,-0.900968867902419,0.49999999999999994,-0.8660254037844387,0.717676913675962,-0.6963762255968722,100.7,109.7
2019-05-17,Delhi,NR,28.6699929,77.23000403,100.7,2019,5,4,137,0,0,28.2,59,109.3,94.6,135.2,112.27142857142857,16.014130664896765,92.4466,-0.433883739117558,-0.9009688679024191,0.49999999999999994,-0.8660254037844387,0.705583610107178,-0.7086266782644596,98.9,103.2
2019-05-18,Delhi,NR,28.6699929,77.23000403,98.9,2019,5,5,138,1,1,27.5,61,100.7,84.7,133.5,114.3,12.439989281882012,91.29326666666667,-0.9749279121818236,-0.2225209339563146,0.49999999999999994,-0.8660254037844387,0.6932812268869777,-0.7206671495538609,91.9,98.7
2019-05-19,Delhi,NR,28.6699929,77.23000403,91.9,2019,5,6,139,1,0,30.1,43,98.9,116.6,136.29799999999997,110.77142857142857,14.932259740320177,89.81333333333332,-0.7818314824680299,0.6234898018587334,0.49999999999999994,-0.8660254037844387,0.6807734094770161,-0.7324940716135789,99.3,46.1
2019-05-20,Delhi,NR,28.6699929,77.23000403,99.3,2019,5,0,140,0,0,31.7,36,91.9,129.0,136.0,106.52857142857144,12.981617039197646,88.58999999999999,0.0,1.0,0.49999999999999994,-0.8660254037844387,0.6680638642135335,-0.7441039398713607,106.7,48.7
2019-05-21,Delhi,NR,28.6699929,77.23000403,106.7,2019,5,1,141,0,0,32.7,31,99.3,130.4,63.9,103.14285714285714,7.757546249267828,90.01666666666667,0.7818314824680298,0.6234898018587336,0.49999999999999994,-0.8660254037844387,0.6551563572090853,-0.7554933140726803,111.4,46.0
2019-05-22,Delhi,NR,28.6699929,77.23000403,111.4,2019,5,2,142,0,0,32.9,35,106.7,115.2,63.6,102.60000000000001,6.853466276272578,91.60999999999999,0.9749279121818236,-0.22252093395631434,0.49999999999999994,-0.8660254037844387,0.6420547132365637,-0.766658819300159,109.7,46.1
2019-05-23,Delhi,NR,28.6699929,77.23000403,109.7,2019,5,3,143,0,0,33.1,38,111.4,109.3,63.8,102.65714285714286,6.9199848609802626,93.14000000000001,0.43388373911755823,-0.900968867902419,0.49999999999999994,-0.8660254037844387,0.6287628145958344,-0.7775971469736269,103.2,44.1
2019-05-24,Delhi,NR,28.6699929,77.23000403,103.2,2019,5,4,144,0,0,30.8,46,109.7,100.7,62.5,103.01428571428572,6.866447060751347,94.49666666666667,-0.433883739117558,-0.9009688679024191,0.49999999999999994,-0.8660254037844387,0.6152845999633276,-0.7883050558305255,98.7,44.4
2019-05-25,Delhi,NR,28.6699929,77.23000403,98.7,2019,5,5,145,1,0,31.1,40,103.2,98.9,63.8,102.9857142857143,6.886805880675078,95.66000000000001,-0.9749279121818236,-0.2225209339563146,0.49999999999999994,-0.8660254037844387,0.6016240632249226,-0.7987793728863649,46.1,43.701
2019-05-26,Delhi,NR,28.6699929,77.23000403,46.1,2019,5,6,146,1,0,31.5,34,98.7,91.9,60.3,96.44285714285715,22.722958811362187,95.18666666666668,-0.7818314824680299,0.6234898018587334,0.49999999999999994,-0.8660254037844387,0.5877852522924732,-0.8090169943749473,48.7,78.4
2019-05-27,Delhi,NR,28.6699929,77.23000403,48.7,2019,5,0,147,0,0,33.5,28,46.1,99.3,57.9,89.21428571428571,28.877466911730675,94.88000000000001,0.0,1.0,0.49999999999999994,-0.8660254037844387,0.5737722679043246,-0.8190148866680801,46.0,75.9
2019-05-28,Delhi,NR,28.6699929,77.23000403,46.0,2019,5,1,148,0,0,33.3,21,48.7,106.7,74.2,80.54285714285716,31.724903842400032,93.94,0.7818314824680298,0.6234898018587336,0.49999999999999994,-0.8660254037844387,0.5595892624101765,-0.8287700871745038,46.1,74.2
2019-05-29,Delhi,NR,28.6699929,77.23000403,46.1,2019,5,2,149,0,0,34.4,21,46.0,111.4,76.9,71.21428571428571,30.724063781311532,92.91333333333334,0.9749279121818236,-0.22252093395631434,0.49999999999999994,-0.8660254037844387,0.545240438540651,-0.8382797052177744,44.1,75.9
2019-05-30,Delhi,NR,28.6699929,77.23000403,44.1,2019,5,3,150,0,0,35.1,23,46.1,109.7,76.9,61.84285714285714,26.7802076879461,91.82000000000001,0.43388373911755823,-0.900968867902419,0.49999999999999994,-0.8660254037844387,0.5307300481619334,-0.8475409228928311,44.4,76.0
2019-05-31,Delhi,NR,28.6699929,77.23000403,44.4,2019,5,4,151,0,0,36.0,23,44.1,103.2,79.2,53.44285714285714,20.012484198857642,90.66,-0.433883739117558,-0.9009688679024191,0.49999999999999994,-0.8660254037844387,0.5160623910158528,-0.8565509959010036,43.701,69.1
2019-06-02,Delhi,NR,28.6699929,77.23000403,43.701,2019,6,6,153,1,0,35.1,42,44.4,98.7,82.0,45.585857142857144,1.7109841640198018,89.38336666666666,-0.7818314824680299,0.6234898018587334,1.2246467991473532e-16,-1.0,0.48627270710868997,-0.8738071036110808,78.4,60.8
2019-06-03,Delhi,NR,28.6699929,77.23000403,78.4,2019,6,0,154,0,0,34.0,48,43.701,46.1,80.4,50.20014285714285,12.55007968671355,89.31670000000001,0.0,1.0,1.2246467991473532e-16,-1.0,0.4711595076738638,-0.8820480249558537,75.9,67.9
2019-06-04,Delhi,NR,28.6699929,77.23000403,75.9,2019,6,1,155,0,0,34.4,44,78.4,48.7,78.0,54.085857142857144,15.798564285282179,89.2467,0.7818314824680298,0.6234898018587336,1.2246467991473532e-16,-1.0,0.4559066935084588,-0.8900275764346767,74.2,67.7
2019-06-05,Delhi,NR,28.6699929,77.23000403,74.2,2019,6,2,156,0,1,35.0,42,75.9,46.0,98.5,58.11442857142857,16.94677817813908,88.4367,0.9749279121818236,-0.22252093395631434,1.2246467991473532e-16,-1.0,0.440518784350495,-0.8977433935342337,75.9,70.8
2019-06-06,Delhi,NR,28.6699929,77.23000403,75.9,2019,6,3,157,0,0,35.2,39,74.2,46.1,99.3,62.371571428571436,17.16720198379411,87.6567,0.43388373911755823,-0.900968867902419,1.2246467991473532e-16,-1.0,0.42500033996955416,-0.9051931898913974,76.0,70.4
2019-06-07,Delhi,NR,28.6699929,77.23000403,76.0,2019,6,4,158,0,0,33.6,46,75.9,44.1,102.4,66.92871428571429,15.677945387436212,86.77669999999999,-0.433883739117558,-0.9009688679024191,1.2246467991473532e-16,-1.0,0.4093559588156213,-0.9123747579707273,69.1,72.5
2019-06-08,Delhi,NR,28.6699929,77.23000403,69.1,2019,6,5,159,1,0,34.9,38,76.0,44.4,102.6,70.4572857142857,12.14361031865864,85.66003333333333,-0.9749279121818236,-0.2225209339563146,1.2246467991473532e-16,-1.0,0.39359027665646673,-0.9192859697186104,60.8,58.6
2019-06-09,Delhi,NR,28.6699929,77.23000403,60.8,2019,6,6,160,1,0,35.9,28,69.1,43.701,100.9,72.9,6.060803027102713,84.32336666666667,-0.7818314824680299,0.6234898018587334,1.2246467991473532e-16,-1.0,0.3777079652039649,-0.9259247771938498,67.9,63.7
2019-06-10,Delhi,NR,28.6699929,77.23000403,67.9,2019,6,0,161,0,0,36.5,27,60.8,78.4,94.6,71.39999999999999,5.7648359329071415,83.43336666666667,0.0,1.0,1.2246467991473532e-16,-1.0,0.36171373072976765,-0.9322892131745133,67.7,102.8
2019-06-11,Delhi,NR,28.6699929,77.23000403,67.7,2019,6,1,162,0,0,36.8,27,67.9,75.9,84.7,70.22857142857143,5.526214583152884,82.86670000000001,0.7818314824680298,0.6234898018587336,1.2246467991473532e-16,-1.0,0.3456123126707335,-0.9383773917408641,70.8,110.8
2019-06-12,Delhi,NR,28.6699929,77.23000403,70.8,2019,6,2,163,0,0,34.4,48,67.7,74.2,116.6,69.74285714285715,5.2620835996331135,81.34003333333334,0.9749279121818236,-0.22252093395631434,1.2246467991473532e-16,-1.0,0.3294084822245304,-0.9441875088341993,70.4,114.0
2019-06-13,Delhi,NR,28.6699929,77.23000403,70.4,2019,6,3,164,0,0,35.4,39,70.8,75.9,129.0,68.95714285714286,4.5522364990036595,79.38669999999999,0.43388373911755823,-0.900968867902419,1.2246467991473532e-16,-1.0,0.3131070409358269,-0.9497178427914316,72.5,114.5
2019-06-14,Delhi,NR,28.6699929,77.23000403,72.5,2019,6,4,165,0,0,36.0,30,70.4,76.0,130.4,68.45714285714286,3.775737077206835,77.4567,-0.433883739117558,-0.9009688679024191,1.2246467991473532e-16,-1.0,0.29671281927349075,-0.9549667548552551,58.6,105.5
2019-06-15,Delhi,NR,28.6699929,77.23000403,58.6,2019,6,5,166,1,0,36.6,22,72.5,69.1,115.2,66.95714285714287,5.268414417658727,75.57003333333334,-0.9749279121818236,-0.2225209339563146,1.2246467991473532e-16,-1.0,0.28023067519921585,-0.9599326896597447,63.7,109.2
2019-06-16,Delhi,NR,28.6699929,77.23000403,63.7,2019,6,6,167,1,0,33.9,42,58.6,60.8,109.3,67.37142857142858,4.79642724178301,74.05003333333335,-0.7818314824680299,0.6234898018587334,1.2246467991473532e-16,-1.0,0.26366549272800704,-0.9646141756912435,102.8,99.9
2019-06-17,Delhi,NR,28.6699929,77.23000403,102.8,2019,6,0,168,0,0,33.8,46,63.7,67.9,100.7,72.35714285714286,14.253287006027568,74.12003333333334,0.0,1.0,1.2246467991473532e-16,-1.0,0.24702218048093552,-0.9690098257244062,110.8,77.7
2019-06-18,Delhi,NR,28.6699929,77.23000403,110.8,2019,6,1,169,0,0,30.6,54,102.8,67.7,98.9,78.51428571428572,20.040494718729683,74.51669999999999,0.7818314824680298,0.6234898018587336,1.2246467991473532e-16,-1.0,0.23030567023061221,-0.9731183372332619,114.0,75.9
2019-06-19,Delhi,NR,28.6699929,77.23000403,114.0,2019,6,2,170,0,0,31.1,54,110.8,70.8,91.9,84.6857142857143,23.603843512687337,75.25336666666666,0.9749279121818236,-0.22252093395631434,1.2246467991473532e-16,-1.0,0.21352091543979612,-0.9769384927771817,114.5,76.6
2019-06-20,Delhi,NR,28.6699929,77.23000403,114.5,2019,6,3,171,0,0,31.8,49,114.0,70.4,99.3,90.9857142857143,24.99942856489788,75.76003333333333,0.43388373911755823,-0.900968867902419,1.2246467991473532e-16,-1.0,0.19667288979357647,-0.980469160361632,105.5,75.0
2019-06-21,Delhi,NR,28.6699929,77.23000403,105.5,2019,6,4,172,0,0,33.4,48,114.5,72.5,106.7,95.70000000000002,24.02498699271247,75.72003333333333,-0.433883739117558,-0.9009688679024191,1.2246467991473532e-16,-1.0,0.1797665857255624,-0.9837092937736097,109.2,76.0
2019-06-22,Delhi,NR,28.6699929,77.23000403,109.2,2019,6,5,173,1,0,34.4,41,105.5,58.6,111.4,102.92857142857143,17.810457067475397,75.64670000000001,-0.9749279121818236,-0.2225209339563146,1.2246467991473532e-16,-1.0,0.16280701293851715,-0.986657932891657,99.9,71.4
2019-06-23,Delhi,NR,28.6699929,77.23000403,99.9,2019,6,6,174,1,0,33.9,50,109.2,63.7,109.7,108.10000000000001,5.5731499172374095,75.32003333333333,-0.7818314824680299,0.6234898018587334,1.2246467991473532e-16,-1.0,0.1457991969198751,-0.9893142039703663,77.7,60.3
2019-06-24,Delhi,NR,28.6699929,77.23000403,77.7,2019,6,0,175,0,0,31.5,60,99.9,102.8,103.2,104.51428571428572,12.860978263909995,74.47003333333333,0.0,1.0,1.2246467991473532e-16,-1.0,0.12874817745258132,-0.99167731989929,75.9,103.8
2019-06-25,Delhi,NR,28.6699929,77.23000403,75.9,2019,6,1,176,0,0,32.4,61,77.7,110.8,98.7,99.52857142857142,16.318161077535198,73.71003333333333,0.7818314824680298,0.6234898018587336,1.2246467991473532e-16,-1.0,0.11165900712169512,-0.993746580436178,76.6,110.9
2019-06-26,Delhi,NR,28.6699929,77.23000403,76.6,2019,6,2,177,0,0,34.3,50,75.9,114.0,46.1,94.18571428571428,16.90250756263005,74.7267,0.9749279121818236,-0.22252093395631434,1.2246467991473532e-16,-1.0,0.09453674981719912,-0.9955213724144752,75.0,117.8
2019-06-27,Delhi,NR,28.6699929,77.23000403,75.0,2019,6,3,178,0,0,34.6,40,76.6,114.5,48.7,88.54285714285713,15.527916488576144,75.60336666666667,0.43388373911755823,-0.900968867902419,1.2246467991473532e-16,-1.0,0.07738647923346301,-0.9970011699250151,76.0,115.7
2019-06-28,Delhi,NR,28.6699929,77.23000403,76.0,2019,6,4,179,0,0,35.5,38,75.0,105.5,46.0,84.32857142857142,14.0958284947138,76.60336666666667,-0.433883739117558,-0.9009688679024191,1.2246467991473532e-16,-1.0,0.06021327736579302,-0.9981855344718586,71.4,117.0
2019-06-29,Delhi,NR,28.6699929,77.23000403,71.4,2019,6,5,180,1,0,36.5,36,76.0,109.2,46.1,78.92857142857143,9.456869511227564,77.4467,-0.9749279121818236,-0.2225209339563146,1.2246467991473532e-16,-1.0,0.04302223300453059,-0.99907411510223,60.3,110.1
2019-06-30,Delhi,NR,28.6699929,77.23000403,60.3,2019,6,6,181,1,0,36.8,36,71.4,99.9,44.1,73.27142857142857,6.0524689964001865,77.98669999999998,-0.7818314824680299,0.6234898018587334,1.2246467991473532e-16,-1.0,0.02581844022713308,-0.9996666485105112,103.8,102.1
2019-07-01,Delhi,NR,28.6699929,77.23000403,103.8,2019,7,0,182,0,0,35.6,45,60.3,77.7,44.4,77.0,13.133037221704322,79.9667,0.0,1.0,-0.4999999999999997,-0.8660254037844388,0.008606996888688698,-0.9999629591162655,110.9,58.85
2019-07-02,Delhi,NR,28.6699929,77.23000403,110.9,2019,7,1,183,0,0,35.5,47,103.8,75.9,43.701,82.0,18.293259232114377,82.20666666666668,0.7818314824680298,0.6234898018587336,-0.4999999999999997,-0.8660254037844388,-0.008606996888688009,-0.9999629591162655,117.8,57.7
2019-07-03,Delhi,NR,28.6699929,77.23000403,117.8,2019,7,2,184,0,0,33.7,57,110.9,76.6,78.4,87.88571428571429,22.427098829424335,83.52,0.9749279121818236,-0.22252093395631434,-0.4999999999999997,-0.8660254037844388,-0.02581844022713239,-0.9996666485105112,115.7,59.7
2019-07-04,Delhi,NR,28.6699929,77.23000403,115.7,2019,7,3,185,0,0,33.2,60,117.8,75.0,75.9,93.7,23.765521244020814,84.84666666666666,0.43388373911755823,-0.900968867902419,-0.4999999999999997,-0.8660254037844388,-0.04302223300453034,-0.99907411510223,117.0,61.85
2019-07-05,Delhi,NR,28.6699929,77.23000403,117.0,2019,7,4,186,0,0,31.1,72,115.7,76.0,74.2,99.55714285714285,23.728524124834685,86.27333333333334,-0.433883739117558,-0.9009688679024191,-0.4999999999999997,-0.8660254037844388,-0.060213277365792774,-0.9981855344718586,110.1,63.1
2019-07-06,Delhi,NR,28.6699929,77.23000403,110.1,2019,7,5,187,1,0,30.9,71,117.0,71.4,75.9,105.08571428571429,20.34137233746615,87.41333333333334,-0.9749279121818236,-0.2225209339563146,-0.4999999999999997,-0.8660254037844388,-0.07738647923346322,-0.9970011699250151,102.1,63.4
2019-07-07,Delhi,NR,28.6699929,77.23000403,102.1,2019,7,6,188,1,0,31.3,69,110.1,60.3,76.0,111.05714285714285,6.273982558380406,88.28333333333333,-0.7818314824680299,0.6234898018587334,-0.4999999999999997,-0.8660254037844388,-0.09453674981719933,-0.9955213724144752,58.85,64.0
2019-07-08,Delhi,NR,28.6699929,77.23000403,58.85,2019,7,0,189,0,0,31.9,69,102.1,103.8,69.1,104.63571428571429,20.89837940857536,87.94166666666666,0.0,1.0,-0.4999999999999997,-0.8660254037844388,-0.11165900712169444,-0.9937465804361781,57.7,60.4
2019-07-09,Delhi,NR,28.6699929,77.23000403,57.7,2019,7,1,190,0,0,30.9,73,58.85,110.9,60.8,97.03571428571429,27.018060538056762,87.83833333333334,0.7818314824680298,0.6234898018587336,-0.4999999999999997,-0.8660254037844388,-0.12874817745258066,-0.99167731989929,59.7,58.0
2019-07-10,Delhi,NR,28.6699929,77.23000403,59.7,2019,7,2,191,0,0,31.1,75,57.7,117.8,67.9,88.73571428571428,28.461739146406714,87.565,0.9749279121818236,-0.22252093395631434,-0.4999999999999997,-0.8660254037844388,-0.14579919691987442,-0.9893142039703664,61.85,61.6
2019-07-11,Delhi,NR,28.6699929,77.23000403,61.85,2019,7,3,192,0,0,33.2,60,59.7,115.7,67.7,81.04285714285713,27.208859289017045,87.36999999999999,0.43388373911755823,-0.900968867902419,-0.4999999999999997,-0.8660254037844388,-0.16280701293851646,-0.9866579328916572,63.1,61.7
2019-07-12,Delhi,NR,28.6699929,77.23000403,63.1,2019,7,4,193,0,0,32.9,56,61.85,117.0,70.8,73.34285714285714,22.568163944138856,87.11333333333333,-0.433883739117558,-0.9009688679024191,-0.4999999999999997,-0.8660254037844388,-0.17976658572556214,-0.9837092937736098,63.4,60.1
2019-07-13,Delhi,NR,28.6699929,77.23000403,63.4,2019,7,5,194,1,0,34.0,49,63.1,110.1,70.4,66.67142857142858,15.769957121661838,86.87999999999998,-0.9749279121818236,-0.2225209339563146,-0.4999999999999997,-0.8660254037844388,-0.19667288979357622,-0.9804691603616321,64.0,46.1
2019-07-14,Delhi,NR,28.6699929,77.23000403,64.0,2019,7,6,195,1,0,32.7,55,63.4,102.1,72.5,61.228571428571435,2.4741761495603107,86.59666666666665,-0.7818314824680299,0.6234898018587334,-0.4999999999999997,-0.8660254037844388,-0.2135209154397959,-0.9769384927771817,60.4,54.4
2019-07-15,Delhi,NR,28.6699929,77.23000403,60.4,2019,7,0,196,0,0,29.5,75,64.0,58.85,58.6,61.45,2.2881943390671164,86.65666666666667,0.0,1.0,-0.4999999999999997,-0.8660254037844388,-0.23030567023061196,-0.973118337233262,58.0,57.9
2019-07-16,Delhi,NR,28.6699929,77.23000403,58.0,2019,7,1,197,0,0,26.5,89,60.4,57.7,63.7,61.49285714285714,2.2076436479187365,86.46666666666667,0.7818314824680298,0.6234898018587336,-0.4999999999999997,-0.8660254037844388,-0.24702218048093527,-0.9690098257244063,61.6,58.2
2019-07-17,Delhi,NR,28.6699929,77.23000403,61.6,2019,7,2,198,0,0,27.1,86,58.0,59.7,102.8,61.76428571428572,2.062505411249638,85.09333333333332,0.9749279121818236,-0.22252093395631434,-0.4999999999999997,-0.8660254037844388,-0.2636654927280072,-0.9646141756912435,61.7,64.2
2019-07-18,Delhi,NR,28.6699929,77.23000403,61.7,2019,7,3,199,0,0,27.4,84,61.6,61.85,110.8,61.74285714285714,2.062245655314277,83.45666666666668,0.43388373911755823,-0.900968867902419,-0.4999999999999997,-0.8660254037844388,-0.2802306751992161,-0.9599326896597445,60.1,65.0
2019-07-19,Delhi,NR,28.6699929,77.23000403,60.1,2019,7,4,200,0,0,29.3,81,61.7,63.1,114.0,61.31428571428571,2.0448541687450583,81.66000000000001,-0.433883739117558,-0.9009688679024191,-0.4999999999999997,-0.8660254037844388,-0.2967128192734901,-0.9549667548552553,46.1,65.3
2019-07-20,Delhi,NR,28.6699929,77.23000403,46.1,2019,7,5,201,1,0,30.1,81,60.1,63.4,114.5,58.84285714285714,5.908428201267176,79.38000000000001,-0.9749279121818236,-0.2225209339563146,-0.4999999999999997,-0.8660254037844388,-0.3131070409358267,-0.9497178427914317,54.4,65.0
2019-07-21,Delhi,NR,28.6699929,77.23000403,54.4,2019,7,6,202,1,0,29.9,81,46.1,64.0,105.5,57.47142857142857,5.618930587966577,77.67666666666668,-0.7818314824680299,0.6234898018587334,-0.4999999999999997,-0.8660254037844388,-0.3294084822245302,-0.9441875088341994,57.9,65.6
2019-07-22,Delhi,NR,28.6699929,77.23000403,57.9,2019,7,0,203,0,0,30.3,81,54.4,60.4,109.2,57.114285714285714,5.479485551104902,75.96666666666667,0.0,1.0,-0.4999999999999997,-0.8660254037844388,-0.3456123126707333,-0.9383773917408642,58.2,61.1
2019-07-23,Delhi,NR,28.6699929,77.23000403,58.2,2019,7,1,204,0,0,31.7,78,57.9,58.0,99.9,57.142857142857146,5.485391855604236,74.57666666666667,0.7818314824680298,0.6234898018587336,-0.4999999999999997,-0.8660254037844388,-0.3617137307297674,-0.9322892131745134,64.2,59.2
2019-07-24,Delhi,NR,28.6699929,77.23000403,64.2,2019,7,2,205,0,0,31.3,77,58.2,61.6,77.7,57.51428571428571,5.90915351282235,74.12666666666668,0.9749279121818236,-0.22252093395631434,-0.4999999999999997,-0.8660254037844388,-0.37770796520396466,-0.9259247771938499,65.0,114.8
2019-07-25,Delhi,NR,28.6699929,77.23000403,65.0,2019,7,3,206,0,0,27.8,86,64.2,61.7,75.9,57.98571428571428,6.409219549843858,73.76333333333334,0.43388373911755823,-0.900968867902419,-0.4999999999999997,-0.8660254037844388,-0.39359027665646645,-0.9192859697186105,65.3,99.3
2019-07-26,Delhi,NR,28.6699929,77.23000403,65.3,2019,7,4,207,0,0,27.3,88,65.0,60.1,76.6,58.728571428571435,6.971779850634969,73.38666666666667,-0.433883739117558,-0.9009688679024191,-0.4999999999999997,-0.8660254037844388,-0.4093559588156211,-0.9123747579707274,65.0,106.4
2019-07-27,Delhi,NR,28.6699929,77.23000403,65.0,2019,7,5,208,1,0,26.9,89,65.3,46.1,75.0,61.42857142857143,4.480593072989309,73.05333333333333,-0.9749279121818236,-0.2225209339563146,-0.4999999999999997,-0.8660254037844388,-0.42500033996955394,-0.9051931898913975,65.6,112.0
2019-07-28,Delhi,NR,28.6699929,77.23000403,65.6,2019,7,6,209,1,0,28.4,86,65.0,54.4,76.0,63.02857142857143,3.4286607131239717,72.70666666666666,-0.7818314824680299,0.6234898018587334,-0.4999999999999997,-0.8660254037844388,-0.4405187843504952,-0.8977433935342336,61.1,122.7
2019-07-29,Delhi,NR,28.6699929,77.23000403,61.1,2019,7,0,210,0,0,29.4,78,65.6,57.9,71.4,63.48571428571428,2.7835400550559237,72.36333333333333,0.0,1.0,-0.4999999999999997,-0.8660254037844388,-0.455906693508459,-0.8900275764346766,59.2,118.5
2019-07-30,Delhi,NR,28.6699929,77.23000403,59.2,2019,7,1,211,0,0,29.1,78,61.1,58.2,60.3,63.628571428571426,2.475691341636336,72.32666666666667,0.7818314824680298,0.6234898018587336,-0.4999999999999997,-0.8660254037844388,-0.47115950767386394,-0.8820480249558535,114.8,121.0
2019-07-31,Delhi,NR,28.6699929,77.23000403,114.8,2019,7,2,212,0,0,29.1,78,59.2,64.2,103.8,70.85714285714286,19.532866075997717,72.69333333333334,0.9749279121818236,-0.22252093395631434,-0.4999999999999997,-0.8660254037844388,-0.4862727071086902,-0.8738071036110807,99.3,75.7
2019-08-01,Delhi,NR,28.6699929,77.23000403,99.3,2019,8,3,213,0,0,29.4,82,114.8,65.0,110.9,75.75714285714285,21.96898246337767,72.30666666666666,0.43388373911755823,-0.900968867902419,-0.8660254037844385,-0.5000000000000004,-0.5012418134457756,-0.8653072543632061,106.4,78.7
2019-08-02,Delhi,NR,28.6699929,77.23000403,106.4,2019,8,4,214,0,0,28.8,85,99.3,65.3,117.8,81.62857142857142,24.097490483846084,71.92666666666668,-0.433883739117558,-0.9009688679024191,-0.8660254037844385,-0.5000000000000004,-0.5160623910158526,-0.8565509959010037,112.0,81.3
2019-08-03,Delhi,NR,28.6699929,77.23000403,112.0,2019,8,5,215,1,0,28.3,89,106.4,65.0,115.7,88.34285714285714,25.214007822561555,71.80333333333333,-0.9749279121818236,-0.2225209339563146,-0.8660254037844385,-0.5000000000000004,-0.5307300481619331,-0.8475409228928312,122.7,82.3
2019-08-04,Delhi,NR,28.6699929,77.23000403,122.7,2019,8,6,216,1,0,28.9,88,112.0,65.6,117.0,96.5,25.858203082709966,71.99333333333334,-0.7818314824680299,0.6234898018587334,-0.8660254037844385,-0.5000000000000004,-0.5452404385406507,-0.8382797052177745,118.5,84.8
2019-08-05,Delhi,NR,28.6699929,77.23000403,118.5,2019,8,0,217,0,0,29.4,86,122.7,61.1,110.1,104.7,21.49434034034706,72.27333333333334,0.0,1.0,-0.8660254037844385,-0.5000000000000004,-0.5595892624101763,-0.828770087174504,121.0,91.7
2019-08-06,Delhi,NR,28.6699929,77.23000403,121.0,2019,8,1,218,0,0,27.9,89,118.5,59.2,102.1,113.52857142857144,8.385247816992939,72.90333333333334,0.7818314824680298,0.6234898018587336,-0.8660254037844385,-0.5000000000000004,-0.5737722679043243,-0.8190148866680802,75.7,95.2
2019-08-08,Delhi,NR,28.6699929,77.23000403,75.7,2019,8,3,220,0,0,30.3,78,121.0,114.8,58.85,107.94285714285715,16.496752927253933,73.46499999999999,0.43388373911755823,-0.900968867902419,-0.8660254037844385,-0.5000000000000004,-0.6016240632249227,-0.7987793728863648,78.7,62.6
2019-08-09,Delhi,NR,28.6699929,77.23000403,78.7,2019,8,4,221,0,0,29.5,74,75.7,99.3,57.7,105.0,19.801851765260174,74.165,-0.433883739117558,-0.9009688679024191,-0.8660254037844385,-0.5000000000000004,-0.6152845999633277,-0.7883050558305253,81.3,64.0
2019-08-10,Delhi,NR,28.6699929,77.23000403,81.3,2019,8,5,222,1,0,28.8,80,78.7,106.4,59.7,101.41428571428571,21.688739672268483,74.88499999999999,-0.9749279121818236,-0.2225209339563146,-0.8660254037844385,-0.5000000000000004,-0.6287628145958345,-0.7775971469736268,82.3,65.1
2019-08-11,Delhi,NR,28.6699929,77.23000403,82.3,2019,8,6,223,1,0,29.6,80,81.3,112.0,61.85,97.17142857142858,22.172408851672355,75.56666666666666,-0.7818314824680299,0.6234898018587334,-0.8660254037844385,-0.5000000000000004,-0.6420547132365636,-0.7666588193001592,84.8,63.6
2019-08-12,Delhi,NR,28.6699929,77.23000403,84.8,2019,8,0,224,0,1,29.4,81,82.3,122.7,63.1,91.75714285714285,19.346994352513644,76.28999999999999,0.0,1.0,-0.8660254037844385,-0.5000000000000004,-0.655156357209085,-0.7554933140726804,91.7,64.3
2019-08-13,Delhi,NR,28.6699929,77.23000403,91.7,2019,8,1,225,0,0,29.0,84,84.8,118.5,63.4,87.92857142857143,15.427541852772661,77.23333333333333,0.7818314824680298,0.6234898018587336,-0.8660254037844385,-0.5000000000000004,-0.6680638642135333,-0.7441039398713608,95.2,60.7
2019-08-14,Delhi,NR,28.6699929,77.23000403,95.2,2019,8,2,226,0,0,28.5,88,91.7,121.0,64.0,84.24285714285713,6.977549030726698,78.27333333333333,0.9749279121818236,-0.22252093395631434,-0.8660254037844385,-0.5000000000000004,-0.6807734094770159,-0.7324940716135792,62.6,59.4
2019-08-15,Delhi,NR,28.6699929,77.23000403,62.6,2019,8,3,227,0,1,29.1,83,95.2,75.7,60.4,82.37142857142858,10.512169818154527,78.34666666666665,0.43388373911755823,-0.900968867902419,-0.8660254037844385,-0.5000000000000004,-0.6932812268869771,-0.7206671495538615,64.0,67.6
2019-08-16,Delhi,NR,28.6699929,77.23000403,64.0,2019,8,4,228,0,0,28.1,83,62.6,78.7,58.0,80.27142857142857,12.624013398508382,78.54666666666665,-0.433883739117558,-0.9009688679024191,-0.8660254037844385,-0.5000000000000004,-0.7055836101071774,-0.70862667826446,65.1,70.2
2019-08-17,Delhi,NR,28.6699929,77.23000403,65.1,2019,8,5,229,1,0,26.3,89,64.0,81.3,61.6,77.95714285714287,13.831227607947971,78.66333333333334,-0.9749279121818236,-0.2225209339563146,-0.8660254037844385,-0.5000000000000004,-0.7176769136759615,-0.6963762255968726,63.6,70.2
2019-08-18,Delhi,NR,28.6699929,77.23000403,63.6,2019,8,6,230,1,0,26.9,88,65.1,82.3,61.7,75.28571428571429,14.635166389149813,78.72666666666667,-0.7818314824680299,0.6234898018587334,-0.8660254037844385,-0.5000000000000004,-0.7295575540864876,-0.6839194216246105,64.3,73.2
2019-08-19,Delhi,NR,28.6699929,77.23000403,64.3,2019,8,0,231,0,0,28.1,85,63.6,84.8,60.1,72.35714285714286,14.464077012015979,78.86666666666666,0.0,1.0,-0.8660254037844385,-0.5000000000000004,-0.7412220108485957,-0.6712599575675315,60.7,74.8
2019-08-20,Delhi,NR,28.6699929,77.23000403,60.7,2019,8,1,232,0,0,28.5,83,64.3,91.7,46.1,67.92857142857143,12.108635250062374,79.35333333333332,0.7818314824680298,0.6234898018587336,-0.8660254037844385,-0.5000000000000004,-0.7526668275320083,-0.6584015846980489,59.4,70.7
2019-08-21,Delhi,NR,28.6699929,77.23000403,59.4,2019,8,2,233,0,0,29.3,79,60.7,95.2,54.4,62.81428571428571,2.06674347015642,79.52000000000001,0.9749279121818236,-0.22252093395631434,-0.8660254037844385,-0.5000000000000004,-0.7638886127905429,-0.64534811322955,67.6,70.0
2019-08-22,Delhi,NR,28.6699929,77.23000403,67.6,2019,8,3,234,0,0,28.6,86,59.4,62.6,57.9,63.52857142857143,2.736003341686533,79.84333333333333,0.43388373911755823,-0.900968867902419,-0.8660254037844385,-0.5000000000000004,-0.7748840413670406,-0.6321034111873488,70.2,124.6
2019-08-23,Delhi,NR,28.6699929,77.23000403,70.2,2019,8,4,235,0,0,29.3,84,67.6,64.0,58.2,64.41428571428573,3.7351611171988472,80.24333333333333,-0.433883739117558,-0.9009688679024191,-0.8660254037844385,-0.5000000000000004,-0.7856498550787144,-0.6186714032625032,70.2,125.1
2019-08-24,Delhi,NR,28.6699929,77.23000403,70.2,2019,8,5,236,1,1,29.2,84,70.2,65.1,64.2,65.14285714285714,4.339683991129158,80.44333333333334,-0.9749279121818236,-0.2225209339563146,-0.8660254037844385,-0.5000000000000004,-0.7961828637826154,-0.6050560696488494,73.2,121.0
2019-08-25,Delhi,NR,28.6699929,77.23000403,73.2,2019,8,6,237,1,0,27.6,88,70.2,63.6,65.0,66.5142857142857,5.202060031510029,80.71666666666667,-0.7818314824680299,0.6234898018587334,-0.8660254037844385,-0.5000000000000004,-0.8064799463209447,-0.5912614448635782,74.8,113.9
2019-08-26,Delhi,NR,28.6699929,77.23000403,74.8,2019,8,0,238,0,0,29.1,82,73.2,64.3,65.3,68.0142857142857,5.921269168973328,81.03333333333333,0.0,1.0,-0.8660254037844385,-0.5000000000000004,-0.8165380514459157,-0.5772916165517278,70.7,113.4
2019-08-27,Delhi,NR,28.6699929,77.23000403,70.7,2019,8,1,239,0,0,29.9,81,74.8,60.7,65.0,69.44285714285714,4.996617903762103,81.22333333333333,0.7818314824680298,0.6234898018587336,-0.8660254037844385,-0.5000000000000004,-0.8263541987239094,-0.5631507242749187,70.0,108.1
2019-08-28,Delhi,NR,28.6699929,77.23000403,70.0,2019,8,2,240,0,0,30.6,78,70.7,59.4,65.6,70.95714285714286,2.3522026151806386,81.36999999999999,0.9749279121818236,-0.22252093395631434,-0.8660254037844385,-0.5000000000000004,-0.8359254794186365,-0.5488429582847199,124.6,94.0
2019-08-29,Delhi,NR,28.6699929,77.23000403,124.6,2019,8,3,241,0,0,30.2,81,70.0,67.6,61.1,79.10000000000001,20.14671189052956,83.48666666666666,0.43388373911755823,-0.900968867902419,-0.8660254037844385,-0.5000000000000004,-0.8452490573530634,-0.5343725582809785,125.1,59.2
2019-08-30,Delhi,NR,28.6699929,77.23000403,125.1,2019,8,4,242,0,0,30.3,81,124.6,70.2,59.2,86.94285714285715,25.953667508521065,85.68333333333334,-0.433883739117558,-0.9009688679024191,-0.8660254037844385,-0.5000000000000004,-0.8543221697498269,-0.5197438121555157,121.0,60.2
2019-08-31,Delhi,NR,28.6699929,77.23000403,121.0,2019,8,5,243,1,0,30.4,79,125.1,70.2,114.8,94.20000000000002,27.545296029146936,85.89,-0.9749279121818236,-0.2225209339563146,-0.8660254037844385,-0.5000000000000004,-0.8631421280499115,-0.5049610547215202,113.9,60.7
2019-09-01,Delhi,NR,28.6699929,77.23000403,113.9,2019,9,6,244,1,0,28.6,87,121.0,73.2,99.3,100.01428571428572,26.654920031858403,86.37666666666665,-0.7818314824680299,0.6234898018587334,-1.0,-1.8369701987210297e-16,-0.8717063187093217,-0.4900286664290594,113.4,60.6
2019-09-02,Delhi,NR,28.6699929,77.23000403,113.4,2019,9,0,245,0,0,29.7,83,113.9,74.8,106.4,105.52857142857142,24.47268642696149,86.61,0.0,1.0,-1.0,-1.8369701987210297e-16,-0.8800122039735356,-0.4749510720670502,108.1,63.4
2019-09-03,Delhi,NR,28.6699929,77.23000403,108.1,2019,9,1,246,0,0,30.4,80,113.4,70.7,112.0,110.87142857142858,19.092905688214447,86.48,0.7818314824680298,0.6234898018587336,-1.0,-1.8369701987210297e-16,-0.888057322629493,-0.4597327394521046,94.0,59.1
2019-09-04,Delhi,NR,28.6699929,77.23000403,94.0,2019,9,2,247,0,0,29.0,85,108.1,70.0,122.7,114.3,10.947754716531474,85.52333333333333,0.9749279121818236,-0.22252093395631434,-1.0,-1.8369701987210297e-16,-0.8958392907349089,-0.4443781781046134,59.2,118.5
2019-09-05,Delhi,NR,28.6699929,77.23000403,59.2,2019,9,3,248,0,0,29.5,83,94.0,124.6,118.5,104.95714285714287,22.50191526239922,83.54666666666667,0.43388373911755823,-0.900968867902419,-1.0,-1.8369701987210297e-16,-0.9033558023246842,-0.4288919379124841,60.2,108.0
2019-09-06,Delhi,NR,28.6699929,77.23000403,60.2,2019,9,4,249,0,0,29.8,82,59.2,125.1,121.0,95.68571428571428,25.928647513990523,81.52,-0.433883739117558,-0.9009688679024191,-1.0,-1.8369701987210297e-16,-0.9106046300942162,-0.41327860778290443,60.7,91.6
2019-09-08,Delhi,NR,28.6699929,77.23000403,60.7,2019,9,6,251,1,0,29.2,84,60.2,121.0,75.7,87.07142857142857,26.132719866463447,81.02,-0.7818314824680299,0.6234898018587334,-1.0,-1.8369701987210297e-16,-0.9242907221930934,-0.3816892202666586,60.6,100.6
2019-09-09,Delhi,NR,28.6699929,77.23000403,60.6,2019,9,0,252,0,0,30.2,80,60.7,113.9,78.7,79.45714285714287,24.74077990840621,80.41666666666667,0.0,1.0,-1.0,-1.8369701987210297e-16,-0.9307239310379793,-0.3657225234972692,63.4,108.6
2019-09-10,Delhi,NR,28.6699929,77.23000403,63.4,2019,9,1,253,0,1,30.5,77,60.6,113.4,81.3,72.31428571428572,20.088174678271994,79.82,0.7818314824680298,0.6234898018587336,-1.0,-1.8369701987210297e-16,-0.9368813462954315,-0.34964745525122826,59.1,111.1
2019-09-11,Delhi,NR,28.6699929,77.23000403,59.1,2019,9,2,254,0,0,31.1,76,63.4,108.1,82.3,65.31428571428572,12.72928756469774,79.04666666666667,0.9749279121818236,-0.22252093395631434,-1.0,-1.8369701987210297e-16,-0.9427611433904206,-0.33346877891818705,118.5,105.6
2019-09-12,Delhi,NR,28.6699929,77.23000403,118.5,2019,9,3,255,0,0,30.1,81,59.1,94.0,84.8,68.81428571428572,21.955669622478723,80.17000000000002,0.43388373911755823,-0.900968867902419,-1.0,-1.8369701987210297e-16,-0.9483615800121716,-0.31719128858910595,108.0,97.2
2019-09-13,Delhi,NR,28.6699929,77.23000403,108.0,2019,9,4,256,0,0,29.9,77,118.5,59.2,91.7,75.78571428571429,25.804355483227404,80.71333333333334,-0.433883739117558,-0.9009688679024191,-1.0,-1.8369701987210297e-16,-0.9536809966304455,-0.300819807635668,91.6,89.2
2019-09-14,Delhi,NR,28.6699929,77.23000403,91.6,2019,9,5,257,1,0,28.7,79,108.0,60.2,95.2,80.27142857142857,25.36899119566484,80.59333333333333,-0.9749279121818236,-0.2225209339563146,-1.0,-1.8369701987210297e-16,-0.9587178169872964,-0.2843591872810036,100.6,73.7
2019-09-15,Delhi,NR,28.6699929,77.23000403,100.6,2019,9,6,258,1,0,28.2,83,91.6,60.7,62.6,85.97142857142856,24.712663035086287,81.86,-0.7818314824680299,0.6234898018587334,-1.0,-1.8369701987210297e-16,-0.9634705485641486,-0.26781430516217486,108.6,74.4
2019-09-16,Delhi,NR,28.6699929,77.23000403,108.6,2019,9,0,259,0,0,29.2,82,100.6,60.6,64.0,92.82857142857142,23.106616244827368,83.34666666666666,0.0,1.0,-1.0,-1.8369701987210297e-16,-0.9679377830240642,-0.25119006388481957,111.1,75.2
2019-09-17,Delhi,NR,28.6699929,77.23000403,111.1,2019,9,1,260,0,0,29.2,81,108.6,63.4,65.1,99.64285714285714,19.774803593028746,84.87999999999998,0.7818314824680298,0.6234898018587336,-1.0,-1.8369701987210297e-16,-0.9721181966290612,-0.23449138957041052,105.6,78.7
2019-09-18,Delhi,NR,28.6699929,77.23000403,105.6,2019,9,2,261,0,0,28.5,81,111.1,59.1,63.6,106.28571428571426,8.45703426571242,86.28,0.9749279121818236,-0.22252093395631434,-1.0,-1.8369701987210297e-16,-0.9760105506323682,-0.21772323039653224,97.2,79.2
2019-09-19,Delhi,NR,28.6699929,77.23000403,97.2,2019,9,3,262,0,0,27.0,80,105.6,118.5,64.3,103.24285714285715,7.04363948132374,87.37666666666668,0.43388373911755823,-0.900968867902419,-1.0,-1.8369701987210297e-16,-0.9796136916454901,-0.20089055513063528,89.2,85.8
2019-09-20,Delhi,NR,28.6699929,77.23000403,89.2,2019,9,4,263,0,0,27.0,84,97.2,108.0,60.7,100.55714285714286,8.384083560107365,88.32666666666665,-0.433883739117558,-0.9009688679024191,-1.0,-1.8369701987210297e-16,-0.9829265519799822,-0.18399835165767986,73.7,86.0
2019-09-21,Delhi,NR,28.6699929,77.23000403,73.7,2019,9,5,264,1,0,27.7,82,89.2,91.6,59.4,98.0,13.019600608313816,88.80333333333333,-0.9749279121818236,-0.2225209339563146,-1.0,-1.8369701987210297e-16,-0.9859481499638303,-0.1670516255021195,74.4,88.3
2019-09-22,Delhi,NR,28.6699929,77.23000403,74.4,2019,9,6,265,1,0,27.1,84,73.7,100.6,67.6,94.25714285714285,15.64820087026608,89.03,-0.7818314824680299,0.6234898018587334,-1.0,-1.8369701987210297e-16,-0.9886775902323404,-0.15005539834465262,75.2,87.9
2019-09-23,Delhi,NR,28.6699929,77.23000403,75.2,2019,9,0,266,0,0,26.7,83,74.4,108.6,70.2,89.48571428571428,15.638033611618221,89.19666666666667,0.0,1.0,-1.0,-1.8369701987210297e-16,-0.9911140639934546,-0.13301470653419636,78.7,86.4
2019-09-24,Delhi,NR,28.6699929,77.23000403,78.7,2019,9,1,267,0,0,27.0,82,75.2,111.1,70.2,84.85714285714286,12.691710830677254,89.47999999999999,0.7818314824680298,0.6234898018587336,-1.0,-1.8369701987210297e-16,-0.9932568492674143,-0.11593459959550066,79.2,80.7
2019-09-25,Delhi,NR,28.6699929,77.23000403,79.2,2019,9,2,268,0,0,27.1,82,78.7,105.6,73.2,81.08571428571429,8.837878435354392,89.68,0.9749279121818236,-0.22252093395631434,-1.0,-1.8369701987210297e-16,-0.9951053111006974,-0.09882013873287211,85.8,75.3
2019-09-26,Delhi,NR,28.6699929,77.23000403,85.8,2019,9,3,269,0,0,27.7,76,79.2,97.2,74.8,79.45714285714287,5.953110431491336,90.04666666666665,0.43388373911755823,-0.900968867902419,-1.0,-1.8369701987210297e-16,-0.99665890175417,-0.08167639533042288,86.0,68.9
2019-09-27,Delhi,NR,28.6699929,77.23000403,86.0,2019,9,4,270,0,0,26.7,78,85.8,89.2,70.7,79.0,5.1487862647431,90.55666666666666,-0.433883739117558,-0.9009688679024191,-1.0,-1.8369701987210297e-16,-0.9979171608653922,-0.06450844944931625,88.3,72.2
2019-09-28,Delhi,NR,28.6699929,77.23000403,88.3,2019,9,5,271,1,0,25.7,82,86.0,73.7,70.0,81.08571428571429,5.5828393527041555,91.16666666666667,-0.9749279121818236,-0.2225209339563146,-1.0,-1.8369701987210297e-16,-0.9988797155850335,-0.04732138832243232,87.9,72.3
2019-09-29,Delhi,NR,28.6699929,77.23000403,87.9,2019,9,6,272,1,0,25.0,83,88.3,74.4,124.6,83.01428571428572,5.207503743455391,89.94333333333334,-0.7818314824680299,0.6234898018587334,-1.0,-1.8369701987210297e-16,-0.9995462806873573,-0.03012030484690836,86.4,72.2
2019-09-30,Delhi,NR,28.6699929,77.23000403,86.4,2019,9,0,273,0,0,25.2,84,87.9,75.2,125.1,84.61428571428571,3.983059364956586,88.65333333333335,0.0,1.0,-1.0,-1.8369701987210297e-16,-0.9999166586547379,-0.012910296075008843,80.7,73.9
2019-10-01,Delhi,NR,28.6699929,77.23000403,80.7,2019,10,1,274,0,0,25.2,85,86.4,78.7,121.0,84.89999999999999,3.534590971150659,87.31,0.7818314824680298,0.6234898018587336,-0.8660254037844386,0.5000000000000001,-0.9999907397361901,0.004303538296243821,75.3,66.2
2019-10-02,Delhi,NR,28.6699929,77.23000403,75.3,2019,10,2,275,0,1,26.5,81,80.7,79.2,113.9,84.34285714285716,4.698530672050254,86.02333333333334,0.9749279121818236,-0.22252093395631434,-0.8660254037844386,0.5000000000000001,-0.9997685019798909,0.021516097436222233,68.9,64.6
2019-10-03,Delhi,NR,28.6699929,77.23000403,68.9,2019,10,3,276,0,0,27.7,74,75.3,85.8,113.4,81.92857142857143,7.393852014955029,84.53999999999999,0.43388373911755823,-0.900968867902419,-0.8660254037844386,0.5000000000000001,-0.9992500112396835,0.03872228089217399,72.2,110.5
2019-10-04,Delhi,NR,28.6699929,77.23000403,72.2,2019,10,4,277,0,0,26.4,72,68.9,86.0,108.1,79.95714285714287,7.946457731354123,83.34333333333333,-0.433883739117558,-0.9009688679024191,-0.8660254037844386,0.5000000000000001,-0.9984354211555643,0.05591699010060302,72.3,106.0
2019-10-05,Delhi,NR,28.6699929,77.23000403,72.3,2019,10,5,278,1,0,26.2,66,72.2,88.3,94.0,77.67142857142858,7.431176283226537,82.61999999999999,-0.9749279121818236,-0.2225209339563146,-0.8660254037844386,0.5000000000000001,-0.9973249731081555,0.07309512989807776,72.2,102.7
2019-10-06,Delhi,NR,28.6699929,77.23000403,72.2,2019,10,6,279,1,0,26.3,64,72.3,87.9,59.2,75.42857142857143,6.075007348614667,83.05333333333333,-0.7818314824680299,0.6234898018587334,-0.8660254037844386,0.5000000000000001,-0.9959189961471792,0.0902516100310407,73.9,101.8
2019-10-08,Delhi,NR,28.6699929,77.23000403,73.9,2019,10,1,281,0,1,26.4,57,72.2,86.4,60.2,73.64285714285714,3.6759838333247985,83.51,0.7818314824680298,0.6234898018587336,-0.8660254037844386,0.5000000000000001,-0.9922222094179324,0.12447926388678869,66.2,100.9
2019-10-09,Delhi,NR,28.6699929,77.23000403,66.2,2019,10,2,282,0,0,25.8,62,73.9,80.7,60.7,71.57142857142857,3.0723033084407527,83.69333333333334,0.9749279121818236,-0.22252093395631434,-0.8660254037844386,0.5000000000000001,-0.989932495087353,0.141540295217043,64.6,88.4
2019-10-10,Delhi,NR,28.6699929,77.23000403,64.6,2019,10,3,283,0,0,26.2,63,66.2,75.3,60.6,70.04285714285714,3.534995116856464,83.82666666666665,0.43388373911755823,-0.900968867902419,-0.8660254037844386,0.5000000000000001,-0.9873494423939864,0.15855938510313475,110.5,89.8
2019-10-11,Delhi,NR,28.6699929,77.23000403,110.5,2019,10,4,284,0,0,26.5,59,64.6,68.9,63.4,75.98571428571428,15.616383338386537,85.39666666666668,-0.433883739117558,-0.9009688679024191,-0.8660254037844386,0.5000000000000001,-0.9844738167520923,0.17553149042142777,106.0,74.9
2019-10-12,Delhi,NR,28.6699929,77.23000403,106.0,2019,10,5,285,1,0,26.9,61,110.5,72.2,59.1,80.81428571428572,19.08991256933278,86.96,-0.9749279121818236,-0.2225209339563146,-0.8660254037844386,0.5000000000000001,-0.9813064702716093,0.19245158197082995,102.7,74.9
2019-10-13,Delhi,NR,28.6699929,77.23000403,102.7,2019,10,6,286,1,0,27.4,56,106.0,72.3,118.5,85.15714285714286,20.25264239079758,86.43333333333334,-0.7818314824680299,0.6234898018587334,-0.8660254037844386,0.5000000000000001,-0.9778483415056567,0.20931464596304888,101.8,75.4
2019-10-14,Delhi,NR,28.6699929,77.23000403,101.8,2019,10,0,287,0,0,26.9,60,102.7,72.2,108.0,89.38571428571429,20.186416932468113,86.22666666666666,0.0,1.0,-0.8660254037844386,0.5000000000000001,-0.9741004551724206,0.22611568550828803,100.9,76.4
2019-10-15,Delhi,NR,28.6699929,77.23000403,100.9,2019,10,1,288,0,0,26.9,65,101.8,73.9,91.6,93.24285714285715,19.294114572658255,86.53666666666666,0.7818314824680298,0.6234898018587336,-0.8660254037844386,0.5000000000000001,-0.970063921851507,0.2428497220959358,88.4,77.3
2019-10-16,Delhi,NR,28.6699929,77.23000403,88.4,2019,10,2,289,0,0,27.3,62,100.9,66.2,100.6,96.41428571428571,15.574062686769786,86.13000000000001,0.9749279121818236,-0.22252093395631434,-0.8660254037844386,0.5000000000000001,-0.965739937654855,0.25951179706979943,89.8,73.3
2019-10-17,Delhi,NR,28.6699929,77.23000403,89.8,2019,10,3,290,0,0,26.8,63,88.4,64.6,108.6,100.0142857142857,8.125972469276185,85.50333333333333,0.43388373911755823,-0.900968867902419,-0.8660254037844386,0.5000000000000001,-0.9611297838723007,0.27609697309746883,74.9,71.7
2019-10-18,Delhi,NR,28.6699929,77.23000403,74.9,2019,10,4,291,0,0,26.4,66,89.8,110.5,111.1,94.92857142857143,11.07485354090009,84.29666666666667,-0.433883739117558,-0.9009688679024191,-0.8660254037844386,0.5000000000000001,-0.9562348265919058,0.2926003356333479,74.9,115.5
2019-10-19,Delhi,NR,28.6699929,77.23000403,74.9,2019,10,5,292,1,0,25.7,66,74.9,106.0,105.6,90.48571428571428,12.085173915647022,83.27333333333333,-0.9749279121818236,-0.2225209339563146,-0.8660254037844386,0.5000000000000001,-0.9510565162951536,0.30901699437494723,75.4,117.8
2019-10-20,Delhi,NR,28.6699929,77.23000403,75.4,2019,10,6,293,1,0,25.7,51,74.9,102.7,97.2,86.58571428571429,11.889971764955353,82.54666666666667,-0.7818314824680299,0.6234898018587334,-0.8660254037844386,0.5000000000000001,-0.9455963874271428,0.3253420847119795,76.4,113.9
2019-10-21,Delhi,NR,28.6699929,77.23000403,76.4,2019,10,0,294,0,0,24.9,53,75.4,101.8,89.2,82.95714285714287,10.233418643975456,82.12000000000002,0.0,1.0,-0.8660254037844386,0.5000000000000001,-0.9398560579418953,0.341570769167856,77.3,98.7
2019-10-22,Delhi,NR,28.6699929,77.23000403,77.3,2019,10,1,295,0,0,24.3,51,76.4,100.9,73.7,79.58571428571429,6.567959746991667,82.24,0.7818314824680298,0.6234898018587336,-0.8660254037844386,0.5000000000000001,-0.9338372288229252,0.35769823883312546,73.3,107.7
2019-10-23,Delhi,NR,28.6699929,77.23000403,73.3,2019,10,2,296,0,0,24.1,57,77.3,88.4,74.4,77.42857142857143,5.598724344502239,82.20333333333333,0.9749279121818236,-0.22252093395631434,-0.8660254037844386,0.5000000000000001,-0.9275416835791965,0.3737197147904692,71.7,99.2
2019-10-24,Delhi,NR,28.6699929,77.23000403,71.7,2019,10,3,297,0,0,23.9,68,73.3,89.8,75.2,74.84285714285714,1.872482436819743,82.08666666666666,0.43388373911755823,-0.900968867902419,-0.8660254037844386,0.5000000000000001,-0.9209712877166347,0.38963044953078774,115.5,89.1
2019-10-25,Delhi,NR,28.6699929,77.23000403,115.5,2019,10,4,298,0,0,24.0,66,71.7,74.9,78.7,80.64285714285714,15.484170103997542,83.31333333333333,-0.433883739117558,-0.9009688679024191,-0.8660254037844386,0.5000000000000001,-0.9141279881853337,0.4054257283599973,117.8,52.4
2019-10-26,Delhi,NR,28.6699929,77.23000403,117.8,2019,10,5,299,1,0,24.2,66,115.5,74.9,79.2,86.77142857142857,20.507373819004414,84.6,-0.9749279121818236,-0.2225209339563146,-0.8660254037844386,0.5000000000000001,-0.9070138128026362,0.42110087079608916,113.9,56.4
2019-10-27,Delhi,NR,28.6699929,77.23000403,113.9,2019,10,6,300,1,1,24.4,61,117.8,75.4,85.8,92.27142857142857,22.053776266640913,85.53666666666668,-0.7818314824680299,0.6234898018587334,-0.8660254037844386,0.5000000000000001,-0.8996308696522434,0.4366512319560638,98.7,60.8
2019-10-28,Delhi,NR,28.6699929,77.23000403,98.7,2019,10,0,301,0,0,23.8,64,113.9,76.4,86.0,95.45714285714287,20.962653866885823,85.96000000000001,0.0,1.0,-0.8660254037844386,0.5000000000000001,-0.8919813464595487,0.45207220393230374,107.7,62.8
2019-10-29,Delhi,NR,28.6699929,77.23000403,107.7,2019,10,1,302,0,0,24.1,71,98.7,77.3,88.3,99.8,19.684088328732397,86.60666666666667,0.7818314824680298,0.6234898018587336,-0.8660254037844386,0.5000000000000001,-0.8840675099433637,0.46735921715800205,99.2,63.0
2019-10-30,Delhi,NR,28.6699929,77.23000403,99.2,2019,10,2,303,0,0,25.0,70,107.7,73.3,87.9,103.5,15.953369550035667,86.98333333333333,0.9749279121818236,-0.22252093395631434,-0.8660254037844386,0.5000000000000001,-0.8758917051442433,0.48250774176121763,89.1,65.2
2019-10-31,Delhi,NR,28.6699929,77.23000403,89.1,2019,10,3,304,0,0,24.0,71,99.2,71.7,86.4,105.98571428571428,10.645253804932679,87.07333333333332,0.43388373911755823,-0.900968867902419,-0.8660254037844386,0.5000000000000001,-0.8674563547295971,0.4975132889071803,52.4,62.1
2019-11-01,Delhi,NR,28.6699929,77.23000403,52.4,2019,11,4,305,0,0,24.3,69,89.1,115.5,80.7,96.97142857142856,21.954628539005633,86.13000000000001,-0.433883739117558,-0.9009688679024191,-0.5000000000000004,0.8660254037844384,-0.858763958275803,0.5123714121284235,56.4,63.2
2019-11-02,Delhi,NR,28.6699929,77.23000403,56.4,2019,11,5,306,1,0,24.3,70,52.4,117.8,75.3,88.2,24.377858806712442,85.5,-0.9749279121818236,-0.2225209339563146,-0.5000000000000004,0.8660254037844384,-0.8498170915275277,0.5270777086423724,60.8,59.9
2019-11-03,Delhi,NR,28.6699929,77.23000403,60.8,2019,11,6,307,1,0,23.7,72,56.4,113.9,68.9,80.61428571428571,23.285004371299497,85.23,-0.7818314824680299,0.6234898018587334,-0.5000000000000004,0.8660254037844384,-0.8406184056344783,0.5416278206559811,62.8,62.0
2019-11-04,Delhi,NR,28.6699929,77.23000403,62.8,2019,11,0,308,0,0,23.6,64,60.8,98.7,72.2,75.48571428571428,22.580554213115256,84.91666666666667,0.0,1.0,-0.5000000000000004,0.8660254037844384,-0.8311706263658079,0.5560174366570446,63.0,63.2
2019-11-05,Delhi,NR,28.6699929,77.23000403,63.0,2019,11,1,309,0,0,22.9,58,62.8,107.7,72.3,69.1,17.757533612526515,84.60666666666667,0.7818314824680298,0.6234898018587336,-0.5000000000000004,0.8660254037844384,-0.8214765533024145,0.5702422926917867,65.2,60.6
2019-11-06,Delhi,NR,28.6699929,77.23000403,65.2,2019,11,2,310,0,0,23.1,61,63.0,99.2,72.2,64.24285714285715,11.80421635728239,84.37333333333332,0.9749279121818236,-0.22252093395631434,-0.5000000000000004,0.8660254037844384,-0.8115390590073611,0.5842981736283683,62.1,60.4
2019-11-08,Delhi,NR,28.6699929,77.23000403,62.1,2019,11,4,312,0,0,21.9,73,65.2,89.1,73.9,60.385714285714286,4.446132615892705,83.98,-0.433883739117558,-0.9009688679024191,-0.5000000000000004,0.8660254037844384,-0.7909456567567774,0.6118864012687242,63.2,58.5
2019-11-09,Delhi,NR,28.6699929,77.23000403,63.2,2019,11,5,313,1,0,21.8,61,62.1,52.4,66.2,61.92857142857143,2.7717108349159596,83.88000000000001,-0.9749279121818236,-0.2225209339563146,-0.5000000000000004,0.8660254037844384,-0.780295851070776,0.6254105729852457,59.9,61.2
2019-11-10,Delhi,NR,28.6699929,77.23000403,59.9,2019,11,6,314,1,1,20.7,62,63.2,56.4,64.6,62.42857142857143,1.7269571368133303,83.72333333333334,-0.7818314824680299,0.6234898018587334,-0.5000000000000004,0.8660254037844384,-0.7694148268839381,0.6387494220515268,62.0,61.4
2019-11-11,Delhi,NR,28.6699929,77.23000403,62.0,2019,11,0,315,0,0,19.9,62,59.9,60.8,110.5,62.60000000000001,1.5926916420563646,82.10666666666667,0.0,1.0,-0.5000000000000004,0.8660254037844384,-0.7583058084785625,0.6518989958787125,63.2,62.2
2019-11-12,Delhi,NR,28.6699929,77.23000403,63.2,2019,11,1,316,0,1,19.2,66,62.0,62.8,106.0,62.65714285714286,1.608163696953766,80.68,0.7818314824680298,0.6234898018587336,-0.5000000000000004,0.8660254037844384,-0.7469720876965551,0.6648553979642866,60.6,61.4
2019-11-13,Delhi,NR,28.6699929,77.23000403,60.6,2019,11,2,317,0,0,20.2,70,63.2,63.0,102.7,62.314285714285724,1.7705258836773503,79.27666666666666,0.9749279121818236,-0.22252093395631434,-0.5000000000000004,0.8660254037844384,-0.7354170229639858,0.6776147890466887,60.4,64.2
2019-11-14,Delhi,NR,28.6699929,77.23000403,60.4,2019,11,3,318,0,0,21.0,72,60.6,65.2,101.8,61.628571428571426,1.3450084085451792,77.89666666666668,0.43388373911755823,-0.900968867902419,-0.5000000000000004,0.8660254037844384,-0.7236440382959124,0.690173388242972,58.5,59.4
2019-11-15,Delhi,NR,28.6699929,77.23000403,58.5,2019,11,4,319,0,0,20.8,75,60.4,62.1,100.9,61.114285714285714,1.7591935381792336,76.48333333333333,-0.433883739117558,-0.9009688679024191,-0.5000000000000004,0.8660254037844384,-0.711656622281775,0.7025274741691566,61.2,57.5
2019-11-16,Delhi,NR,28.6699929,77.23000403,61.2,2019,11,5,320,1,0,21.8,65,58.5,63.2,88.4,60.82857142857143,1.5085470777287588,75.57666666666667,-0.9749279121818236,-0.2225209339563146,-0.5000000000000004,0.8660254037844384,-0.6994583270516471,0.7146733860429608,61.4,66.8
2019-11-17,Delhi,NR,28.6699929,77.23000403,61.4,2019,11,6,321,1,0,21.5,61,61.2,59.9,89.8,61.042857142857144,1.4604304649201252,74.63000000000001,-0.7818314824680299,0.6234898018587334,-0.5000000000000004,0.8660254037844384,-0.6870527672236675,0.7266075247685652,62.2,67.1
2019-11-18,Delhi,NR,28.6699929,77.23000403,62.2,2019,11,0,322,0,0,19.7,65,61.4,62.0,74.9,61.07142857142857,1.484042099264917,74.20666666666668,0.0,1.0,-0.5000000000000004,0.8660254037844384,-0.6744436188329457,0.7383263540031063,61.4,66.5
2019-11-19,Delhi,NR,28.6699929,77.23000403,61.4,2019,11,1,323,0,0,19.1,69,62.2,63.2,74.9,60.81428571428571,1.1781745363505904,73.75666666666667,0.7818314824680298,0.6234898018587336,-0.5000000000000004,0.8660254037844384,-0.661634618242279,0.749826401204568,64.2,67.0
2019-11-20,Delhi,NR,28.6699929,77.23000403,64.2,2019,11,2,324,0,0,18.6,69,61.4,60.6,75.4,61.32857142857142,1.726957136813361,73.38333333333334,0.9749279121818236,-0.22252093395631434,-0.5000000000000004,0.8660254037844384,-0.6486295610349818,0.7611042586607742,59.4,68.5
2019-11-21,Delhi,NR,28.6699929,77.23000403,59.4,2019,11,3,325,0,0,19.1,70,64.2,60.4,76.4,61.18571428571429,1.853311065302198,72.81666666666666,0.43388373911755823,-0.900968867902419,-0.5000000000000004,0.8660254037844384,-0.6354323008901775,0.7721565844991641,57.5,64.9
2019-11-22,Delhi,NR,28.6699929,77.23000403,57.5,2019,11,4,326,0,0,20.2,68,59.4,58.5,77.3,61.042857142857144,2.1149130343507796,72.15666666666668,-0.433883739117558,-0.9009688679024191,-0.5000000000000004,0.8660254037844384,-0.622046748440868,0.7829801036770624,66.8,61.6
2019-11-23,Delhi,NR,28.6699929,77.23000403,66.8,2019,11,5,327,1,0,20.4,64,57.5,61.2,73.3,61.84285714285714,3.0407549187989606,71.94,-0.9749279121818236,-0.2225209339563146,-0.5000000000000004,0.8660254037844384,-0.6084768701151264,0.7935716089521472,67.1,136.29799999999997
2019-11-24,Delhi,NR,28.6699929,77.23000403,67.1,2019,11,6,328,1,0,20.5,66,66.8,61.4,71.7,62.65714285714285,3.6119510622653777,71.78666666666668,-0.7818314824680299,0.6234898018587334,-0.5000000000000004,0.8660254037844384,-0.594726686960764,0.8039279618328208,66.5,136.29799999999997
2019-11-25,Delhi,NR,28.6699929,77.23000403,66.5,2019,11,0,329,0,0,19.9,67,67.1,62.2,115.5,63.271428571428565,3.8771614555484297,70.15333333333334,0.0,1.0,-0.5000000000000004,0.8660254037844384,-0.5808002734538013,0.8140460935082175,67.0,135.2
2019-11-26,Delhi,NR,28.6699929,77.23000403,67.0,2019,11,1,330,0,0,20.0,67,66.5,61.4,117.8,64.07142857142857,4.002380244186828,68.46000000000001,0.7818314824680298,0.6234898018587336,-0.5000000000000004,0.8660254037844384,-0.5667017562911184,0.8239230057575536,68.5,136.1
2019-11-27,Delhi,NR,28.6699929,77.23000403,68.5,2019,11,2,331,0,0,19.7,68,67.0,64.2,113.9,64.68571428571428,4.341055390659194,66.94666666666667,0.9749279121818236,-0.22252093395631434,-0.5000000000000004,0.8660254037844384,-0.5524353131676203,0.8335557718385695,64.9,134.7
2019-11-28,Delhi,NR,28.6699929,77.23000403,64.9,2019,11,3,332,0,0,18.3,83,68.5,59.4,98.7,65.47142857142856,3.6709282594084485,65.82000000000001,0.43388373911755823,-0.900968867902419,-0.5000000000000004,0.8660254037844384,-0.5380051715382992,0.8429415373547832,61.6,130.7
2019-11-29,Delhi,NR,28.6699929,77.23000403,61.6,2019,11,4,333,0,0,17.5,83,64.9,57.5,107.7,66.05714285714285,2.2322314268163,64.28333333333333,-0.433883739117558,-0.9009688679024191,-0.5000000000000004,0.8660254037844384,-0.5234156073655503,0.8520775211013093,136.29799999999997,117.9
2019-11-30,Delhi,NR,28.6699929,77.23000403,136.29799999999997,2019,11,5,334,1,0,16.8,80,61.6,66.8,99.2,75.98542857142857,26.686848564147134,65.51993333333333,-0.9749279121818236,-0.2225209339563146,-0.5000000000000004,0.8660254037844384,-0.5086709438521042,0.8609610158889945,136.29799999999997,69.4
2019-12-01,Delhi,NR,28.6699929,77.23000403,136.29799999999997,2019,12,6,335,1,0,15.4,76,136.29799999999997,67.1,89.1,85.87085714285715,34.515047111989624,67.0932,-0.7818314824680299,0.6234898018587334,-2.4492935982947064e-16,1.0,-0.49377555015997737,0.8695893893466109,135.2,67.7
2019-12-02,Delhi,NR,28.6699929,77.23000403,135.2,2019,12,0,336,0,0,15.2,72,136.29799999999997,66.5,52.4,95.68514285714285,37.70858360032716,69.8532,0.0,1.0,-2.4492935982947064e-16,1.0,-0.4787338401157883,0.8779600847008883,136.1,71.8
2019-12-03,Delhi,NR,28.6699929,77.23000403,136.1,2019,12,1,337,0,0,14.8,70,135.2,67.0,56.4,105.55657142857142,37.991295506809436,72.50986666666667,0.7818314824680298,0.6234898018587336,-2.4492935982947064e-16,1.0,-0.4635502709028512,0.8860706215341378,134.7,73.1
2019-12-04,Delhi,NR,28.6699929,77.23000403,134.7,2019,12,2,338,0,0,14.5,76,136.1,68.5,60.8,115.01371428571427,35.37918006264088,74.97319999999999,0.9749279121818236,-0.22252093395631434,-2.4492935982947064e-16,1.0,-0.4482293417404106,0.893918596519257,130.7,72.2
2019-12-05,Delhi,NR,28.6699929,77.23000403,130.7,2019,12,3,339,0,0,14.8,78,134.7,64.9,62.8,124.41371428571428,27.767707537799463,77.23653333333333,0.43388373911755823,-0.900968867902419,-2.4492935982947064e-16,1.0,-0.4327755925504317,0.9015016841318838,117.9,72.0
2019-12-06,Delhi,NR,28.6699929,77.23000403,117.9,2019,12,4,340,0,0,15.5,84,130.7,61.6,63.0,132.4565714285714,6.712257515350841,79.06653333333334,-0.433883739117558,-0.9009688679024191,-2.4492935982947064e-16,1.0,-0.41719360261231697,0.9088176373395028,69.4,73.3
2019-12-08,Delhi,NR,28.6699929,77.23000403,69.4,2019,12,6,342,1,0,15.5,80,117.9,136.29799999999997,65.2,122.89971428571427,24.468913623305095,79.20653333333333,-0.7818314824680299,0.6234898018587334,-2.4492935982947064e-16,1.0,-0.38566340624360745,0.9226395488404875,67.7,68.5
2019-12-09,Delhi,NR,28.6699929,77.23000403,67.7,2019,12,0,343,0,0,14.8,77,69.4,136.29799999999997,62.1,113.10000000000001,31.05806390188123,79.3932,0.0,1.0,-2.4492935982947064e-16,1.0,-0.3697245428906732,0.9291414114031743,71.8,69.5
2019-12-10,Delhi,NR,28.6699929,77.23000403,71.8,2019,12,1,344,0,0,14.6,75,67.7,135.2,63.2,104.04285714285713,32.738043982643944,79.67986666666667,0.7818314824680298,0.6234898018587336,-2.4492935982947064e-16,1.0,-0.3536761221763721,0.935367949313148,73.1,68.8
2019-12-11,Delhi,NR,28.6699929,77.23000403,73.1,2019,12,2,345,0,0,15.2,74,71.8,136.1,59.9,95.04285714285713,31.073775499760735,80.11986666666667,0.9749279121818236,-0.22252093395631434,-2.4492935982947064e-16,1.0,-0.33752289959411347,0.941317317512847,72.2,66.8
2019-12-12,Delhi,NR,28.6699929,77.23000403,72.2,2019,12,3,346,0,0,15.6,79,73.1,134.7,62.0,86.11428571428573,26.408800841855157,80.45986666666666,0.43388373911755823,-0.900968867902419,-2.4492935982947064e-16,1.0,-0.32126966169236515,0.9469877530760751,72.0,66.8
2019-12-13,Delhi,NR,28.6699929,77.23000403,72.0,2019,12,4,347,0,0,15.2,87,72.2,130.7,63.2,77.72857142857143,17.812141391544984,80.75319999999998,-0.433883739117558,-0.9009688679024191,-2.4492935982947064e-16,1.0,-0.3049212246562894,0.9523775757303973,73.3,62.6
2019-12-14,Delhi,NR,28.6699929,77.23000403,73.3,2019,12,5,348,1,0,13.0,84,72.0,117.9,60.6,71.35714285714286,2.0549591584425886,81.17653333333332,-0.9749279121818236,-0.2225209339563146,-2.4492935982947064e-16,1.0,-0.2884824328806098,0.9574851883550389,68.5,61.1
2019-12-15,Delhi,NR,28.6699929,77.23000403,68.5,2019,12,6,349,1,0,13.2,83,73.3,69.4,60.4,71.22857142857143,2.219395026966638,81.44653333333332,-0.7818314824680299,0.6234898018587334,-2.4492935982947064e-16,1.0,-0.27195815753410524,0.9623090774541487,69.5,62.8
2019-12-16,Delhi,NR,28.6699929,77.23000403,69.5,2019,12,0,350,0,0,12.4,83,68.5,67.7,58.5,71.48571428571428,1.8087090897760447,81.8132,0.0,1.0,-2.4492935982947064e-16,1.0,-0.2553532951161881,0.9668478136052773,68.8,62.9
2019-12-17,Delhi,NR,28.6699929,77.23000403,68.8,2019,12,1,351,0,0,11.8,83,69.5,71.8,61.2,71.05714285714286,2.059819686979209,82.06653333333334,0.7818314824680298,0.6234898018587336,-2.4492935982947064e-16,1.0,-0.23867276600594997,0.9711000518829505,66.8,65.4
2019-12-18,Delhi,NR,28.6699929,77.23000403,66.8,2019,12,2,352,0,0,11.9,81,68.8,73.1,61.4,70.15714285714286,2.371256448144583,82.24653333333332,0.9749279121818236,-0.22252093395631434,-2.4492935982947064e-16,1.0,-0.22192151300416674,0.9750645322571945,66.8,64.8
2019-12-19,Delhi,NR,28.6699929,77.23000403,66.8,2019,12,3,353,0,0,10.9,86,66.8,72.2,62.2,69.38571428571429,2.472130371044132,82.39986666666667,0.43388373911755823,-0.900968867902419,-2.4492935982947064e-16,1.0,-0.20510449986861926,0.9787400799669153,62.6,66.8
2019-12-20,Delhi,NR,28.6699929,77.23000403,62.6,2019,12,4,354,0,0,12.4,83,66.8,72.0,61.4,68.04285714285714,3.2469766156945994,82.43986666666666,-0.433883739117558,-0.9009688679024191,-2.4492935982947064e-16,1.0,-0.1882267098432439,0.9821256058680006,61.1,63.8
2019-12-21,Delhi,NR,28.6699929,77.23000403,61.1,2019,12,5,355,1,0,13.0,85,62.6,73.3,64.2,66.3,3.229034943551609,82.33653333333334,-0.9749279121818236,-0.2225209339563146,-2.4492935982947064e-16,1.0,-0.1712931441814778,0.9852201067560606,62.8,62.0
2019-12-22,Delhi,NR,28.6699929,77.23000403,62.8,2019,12,6,356,1,0,12.3,86,61.1,68.5,59.4,65.48571428571428,3.2997113870922163,82.44986666666667,-0.7818314824680299,0.6234898018587334,-2.4492935982947064e-16,1.0,-0.154308820664281,0.9880226656636976,62.9,128.5
2019-12-23,Delhi,NR,28.6699929,77.23000403,62.9,2019,12,0,357,0,0,11.8,84,62.8,69.5,57.5,64.54285714285714,2.8774161689847304,82.62986666666667,0.0,1.0,-2.4492935982947064e-16,1.0,-0.13727877211326517,0.9905324521322227,65.4,126.9
2019-12-24,Delhi,NR,28.6699929,77.23000403,65.4,2019,12,1,358,0,0,9.3,92,62.9,68.8,66.8,64.05714285714285,2.2596881369342805,82.58319999999999,0.7818314824680298,0.6234898018587336,-2.4492935982947064e-16,1.0,-0.12020804489935275,0.9927487224577402,64.8,134.9
2019-12-25,Delhi,NR,28.6699929,77.23000403,64.8,2019,12,2,359,0,1,8.6,90,65.4,66.8,67.1,63.77142857142858,1.9618989828884454,82.50653333333334,0.9749279121818236,-0.22252093395631434,-2.4492935982947064e-16,1.0,-0.10310169744743544,0.9946708199115211,66.8,136.29799999999997
2019-12-26,Delhi,NR,28.6699929,77.23000403,66.8,2019,12,3,360,0,0,8.3,87,64.8,66.8,66.5,63.771428571428565,1.9618989828884454,82.51653333333334,0.43388373911755823,-0.900968867902419,-2.4492935982947064e-16,1.0,-0.0859647987374467,0.9962981749346077,63.8,132.6
2019-12-27,Delhi,NR,28.6699929,77.23000403,63.8,2019,12,4,361,0,0,7.0,91,66.8,62.6,67.0,63.942857142857136,1.8937239704353805,82.40986666666666,-0.433883739117558,-0.9009688679024191,-2.4492935982947064e-16,1.0,-0.06880242680232064,0.9976303053065857,62.0,125.3
2019-12-28,Delhi,NR,28.6699929,77.23000403,62.0,2019,12,5,362,1,0,7.1,90,63.8,61.1,68.5,64.07142857142857,1.6879122071537562,82.19319999999999,-0.9749279121818236,-0.2225209339563146,-2.4492935982947064e-16,1.0,-0.05161966722325418,0.9986668162884759,128.5,116.2
2019-12-29,Delhi,NR,28.6699929,77.23000403,128.5,2019,12,6,363,1,0,7.5,89,62.0,62.8,64.9,73.45714285714287,24.323778293599858,84.3132,-0.7818314824680299,0.6234898018587334,-2.4492935982947064e-16,1.0,-0.034421611622745804,0.9994074007397048,126.9,58.0
2019-12-30,Delhi,NR,28.6699929,77.23000403,126.9,2019,12,0,364,0,0,7.0,90,128.5,62.9,61.6,82.6,30.847528264028018,86.48986666666666,0.0,1.0,-2.4492935982947064e-16,1.0,-0.01721335615583528,0.9998518392091162,134.9,45.6
2019-12-31,Delhi,NR,28.6699929,77.23000403,134.9,2019,12,1,365,0,0,7.5,82,126.9,65.4,136.29799999999997,92.52857142857144,35.258177031988666,86.44326666666667,0.7818314824680298,0.6234898018587336,-2.4492935982947064e-16,1.0,6.432490598706546e-16,1.0,136.29799999999997,53.3
2020-01-01,Delhi,NR,28.6699929,77.23000403,136.29799999999997,2020,1,2,1,0,0,9.8,82,134.9,64.8,136.29799999999997,102.74257142857142,36.229460658682875,86.44326666666666,0.9749279121818236,-0.22252093395631434,0.49999999999999994,0.8660254037844387,0.017213356155834685,0.9998518392091162,132.6,58.8
2020-01-02,Delhi,NR,28.6699929,77.23000403,132.6,2020,1,3,2,0,0,12.8,79,136.29799999999997,66.8,135.2,112.14257142857142,33.804636066951645,86.3566,0.43388373911755823,-0.900968867902419,0.49999999999999994,0.8660254037844387,0.03442161162274574,0.9994074007397048,125.3,61.1
2020-01-03,Delhi,NR,28.6699929,77.23000403,125.3,2020,1,4,3,0,0,13.9,80,132.6,63.8,136.1,120.9282857142857,26.306883774114336,85.9966,-0.433883739117558,-0.9009688679024191,0.49999999999999994,0.8660254037844387,0.051619667223253764,0.998666816288476,116.2,58.3
2020-01-04,Delhi,NR,28.6699929,77.23000403,116.2,2020,1,5,4,1,0,13.2,85,125.3,62.0,134.7,128.67114285714285,6.861289660808682,85.37993333333333,-0.9749279121818236,-0.2225209339563146,0.49999999999999994,0.8660254037844387,0.06880242680231986,0.9976303053065857,58.0,54.9
2020-01-05,Delhi,NR,28.6699929,77.23000403,58.0,2020,1,6,5,1,0,13.1,76,116.2,128.5,130.7,118.59971428571428,27.58867280675339,82.9566,-0.7818314824680299,0.6234898018587334,0.49999999999999994,0.8660254037844387,0.08596479873744647,0.9962981749346078,45.6,130.2
2020-01-13,Delhi,NR,28.6699929,77.23000403,45.6,2020,1,0,13,0,0,14.0,84,58.0,126.9,117.9,106.98542857142857,38.476467521751296,80.5466,0.0,1.0,0.49999999999999994,0.8660254037844387,0.2219215130041655,0.9750645322571948,53.3,113.4
2020-01-14,Delhi,NR,28.6699929,77.23000403,53.3,2020,1,1,14,0,0,14.1,87,45.6,134.9,69.4,95.32828571428571,40.894804893019106,80.00993333333332,0.7818314824680298,0.6234898018587336,0.49999999999999994,0.8660254037844387,0.2386727660059501,0.9711000518829505,58.8,127.8
2020-01-15,Delhi,NR,28.6699929,77.23000403,58.8,2020,1,2,15,0,0,12.5,84,53.3,136.29799999999997,67.7,84.25714285714287,38.366906622889616,79.71326666666667,0.9749279121818236,-0.22252093395631434,0.49999999999999994,0.8660254037844387,0.255353295116187,0.9668478136052775,61.1,135.5
2020-01-16,Delhi,NR,28.6699929,77.23000403,61.1,2020,1,3,16,0,0,12.5,90,58.8,132.6,71.8,74.04285714285713,32.406319195637344,79.3566,0.43388373911755823,-0.900968867902419,0.49999999999999994,0.8660254037844387,0.2719581575341055,0.9623090774541486,58.3,136.29799999999997
2020-01-17,Delhi,NR,28.6699929,77.23000403,58.3,2020,1,4,17,0,0,13.0,90,61.1,125.3,73.1,64.47142857142856,23.381881467332626,78.86326666666668,-0.433883739117558,-0.9009688679024191,0.49999999999999994,0.8660254037844387,0.288482432880609,0.9574851883550393,54.9,132.5
2020-01-18,Delhi,NR,28.6699929,77.23000403,54.9,2020,1,5,18,1,0,12.4,89,58.3,116.2,72.2,55.714285714285715,5.151513878279783,78.28659999999999,-0.9749279121818236,-0.2225209339563146,0.49999999999999994,0.8660254037844387,0.30492122465628907,0.9523775757303974,130.2,125.5
2020-01-19,Delhi,NR,28.6699929,77.23000403,130.2,2020,1,6,19,1,0,11.8,83,54.9,58.0,72.0,66.02857142857142,28.744374190770944,80.2266,-0.7818314824680299,0.6234898018587334,0.49999999999999994,0.8660254037844387,0.3212696616923644,0.9469877530760753,113.4,85.6
2020-01-20,Delhi,NR,28.6699929,77.23000403,113.4,2020,1,0,20,0,0,12.2,85,130.2,45.6,73.3,75.71428571428571,31.95692040708508,81.56326666666668,0.0,1.0,0.49999999999999994,0.8660254037844387,0.3375228995941133,0.9413173175128471,127.8,86.9
2020-01-21,Delhi,NR,28.6699929,77.23000403,127.8,2020,1,1,21,0,0,12.5,87,113.4,53.3,68.5,86.35714285714286,35.46147473634164,83.53993333333332,0.7818314824680298,0.6234898018587336,0.49999999999999994,0.8660254037844387,0.3536761221763716,0.9353679493131483,135.5,91.0
2020-01-22,Delhi,NR,28.6699929,77.23000403,135.5,2020,1,2,22,0,0,12.3,83,127.8,58.8,69.5,97.3142857142857,37.3280693567825,85.73993333333333,0.9749279121818236,-0.22252093395631434,0.49999999999999994,0.8660254037844387,0.3697245428906731,0.9291414114031743,136.29799999999997,94.4
2020-01-23,Delhi,NR,28.6699929,77.23000403,136.29799999999997,2020,1,3,23,0,0,12.3,68,135.5,61.1,68.8,108.05685714285714,35.964668251996855,87.98986666666666,0.43388373911755823,-0.900968867902419,0.49999999999999994,0.8660254037844387,0.38566340624360707,0.9226395488404876,132.5,94.8
2020-01-24,Delhi,NR,28.6699929,77.23000403,132.5,2020,1,4,24,0,0,12.6,63,136.29799999999997,58.3,66.8,118.65685714285713,29.143171226598767,90.17986666666667,-0.433883739117558,-0.9009688679024191,0.49999999999999994,0.8660254037844387,0.401487989205973,0.9158642882672872,125.5,90.0
2020-01-25,Delhi,NR,28.6699929,77.23000403,125.5,2020,1,5,25,1,0,11.4,78,132.5,54.9,66.8,128.74257142857144,7.807975812315825,92.13653333333333,-0.9749279121818236,-0.2225209339563146,0.49999999999999994,0.8660254037844387,0.4171936026123168,0.9088176373395029,85.6,85.5
2020-01-26,Delhi,NR,28.6699929,77.23000403,85.6,2020,1,6,26,1,1,13.0,83,125.5,130.2,62.6,122.37114285714286,17.98507981104117,92.9032,-0.7818314824680299,0.6234898018587334,0.49999999999999994,0.8660254037844387,0.4327755925504312,0.901501684131884,86.9,82.5
2020-01-27,Delhi,NR,28.6699929,77.23000403,86.9,2020,1,0,27,0,0,13.6,80,85.6,113.4,61.1,118.58542857142857,22.42832181905382,93.76320000000001,0.0,1.0,0.49999999999999994,0.8660254037844387,0.4482293417404106,0.893918596519257,91.0,73.1
2020-01-28,Delhi,NR,28.6699929,77.23000403,91.0,2020,1,1,28,0,0,14.2,84,86.9,127.8,62.8,113.32828571428571,24.15492497548747,94.7032,0.7818314824680298,0.6234898018587336,0.49999999999999994,0.8660254037844387,0.4635502709028509,0.886070621534138,94.4,82.8
2020-01-29,Delhi,NR,28.6699929,77.23000403,94.4,2020,1,2,29,0,0,13.3,84,91.0,135.5,62.9,107.45685714285715,22.82594202093002,95.75319999999998,0.9749279121818236,-0.22252093395631434,0.49999999999999994,0.8660254037844387,0.47873384011578846,0.8779600847008882,94.8,83.2
2020-01-30,Delhi,NR,28.6699929,77.23000403,94.8,2020,1,3,30,0,0,12.6,78,94.4,136.29799999999997,65.4,101.52857142857142,19.185560046183653,96.7332,0.43388373911755823,-0.900968867902419,0.49999999999999994,0.8660254037844387,0.49377555015997715,0.869589389346611,90.0,84.9
2020-01-31,Delhi,NR,28.6699929,77.23000403,90.0,2020,1,4,31,0,0,12.1,75,94.8,132.5,64.8,95.45714285714284,13.687933511291252,97.5732,-0.433883739117558,-0.9009688679024191,0.49999999999999994,0.8660254037844387,0.5086709438521044,0.8609610158889943,85.5,82.5
2020-02-01,Delhi,NR,28.6699929,77.23000403,85.5,2020,2,5,32,1,0,11.6,78,90.0,125.5,66.8,89.74285714285713,3.9191228367495983,98.19653333333332,-0.9749279121818236,-0.2225209339563146,0.8660254037844386,0.5000000000000001,0.5234156073655503,0.8520775211013093,82.5,80.2
2020-02-02,Delhi,NR,28.6699929,77.23000403,82.5,2020,2,6,33,1,0,11.6,79,85.5,85.6,63.8,89.29999999999998,4.584030250046558,98.81986666666667,-0.7818314824680299,0.6234898018587334,0.8660254037844386,0.5000000000000001,0.5380051715382996,0.8429415373547828,73.1,71.0
2020-02-03,Delhi,NR,28.6699929,77.23000403,73.1,2020,2,0,34,0,0,12.3,75,82.5,86.9,62.0,87.32857142857142,7.697989842748364,99.18986666666666,0.0,1.0,0.8660254037844386,0.5000000000000001,0.5524353131676196,0.8335557718385699,82.8,68.7
2020-02-04,Delhi,NR,28.6699929,77.23000403,82.8,2020,2,1,35,0,0,12.9,76,73.1,91.0,128.5,86.15714285714284,7.670040665441977,97.66653333333333,0.7818314824680298,0.6234898018587336,0.8660254037844386,0.5000000000000001,0.5667017562911176,0.8239230057575542,83.2,71.1
2020-02-05,Delhi,NR,28.6699929,77.23000403,83.2,2020,2,2,36,0,0,12.7,76,82.8,94.4,126.9,84.55714285714285,6.780574494554339,96.20986666666666,0.9749279121818236,-0.22252093395631434,0.8660254037844386,0.5000000000000001,0.5808002734538009,0.8140460935082178,84.9,71.0
2020-02-13,Delhi,NR,28.6699929,77.23000403,84.9,2020,2,3,44,0,0,19.0,60,83.2,94.8,134.9,83.14285714285714,5.116267240498819,94.5432,0.43388373911755823,-0.900968867902419,0.8660254037844386,0.5000000000000001,0.6870527672236669,0.7266075247685656,82.5,71.4
2020-02-14,Delhi,NR,28.6699929,77.23000403,82.5,2020,2,4,45,0,0,18.3,54,84.9,90.0,136.29799999999997,82.07142857142857,4.131470394309871,92.74993333333333,-0.433883739117558,-0.9009688679024191,0.8660254037844386,0.5000000000000001,0.699458327051647,0.7146733860429609,80.2,67.7
2020-02-15,Delhi,NR,28.6699929,77.23000403,80.2,2020,2,5,46,1,0,17.1,50,82.5,85.5,132.6,81.31428571428572,3.8761787761626194,91.00326666666666,-0.9749279121818236,-0.2225209339563146,0.8660254037844386,0.5000000000000001,0.7116566222817746,0.7025274741691571,71.0,65.4
2020-02-16,Delhi,NR,28.6699929,77.23000403,71.0,2020,2,6,47,1,0,16.6,65,80.2,82.5,125.3,79.67142857142858,5.4196292264686585,89.19326666666666,-0.7818314824680299,0.6234898018587334,0.8660254037844386,0.5000000000000001,0.7236440382959124,0.6901733882429719,68.7,106.7
2020-02-17,Delhi,NR,28.6699929,77.23000403,68.7,2020,2,0,48,0,0,16.7,61,71.0,73.1,116.2,79.04285714285716,6.463450353812818,87.60993333333334,0.0,1.0,0.8660254037844386,0.5000000000000001,0.7354170229639855,0.6776147890466889,71.1,110.7
2020-02-18,Delhi,NR,28.6699929,77.23000403,71.1,2020,2,1,49,0,0,16.7,52,68.7,82.8,58.0,77.37142857142858,6.8322066434689255,88.0466,0.7818314824680298,0.6234898018587336,0.8660254037844386,0.5000000000000001,0.7469720876965552,0.6648553979642865,71.0,114.5
2020-02-19,Delhi,NR,28.6699929,77.23000403,71.0,2020,2,2,50,0,0,17.3,62,71.1,83.2,45.6,75.62857142857142,6.6512440655159875,88.89326666666666,0.9749279121818236,-0.22252093395631434,0.8660254037844386,0.5000000000000001,0.7583058084785624,0.6518989958787126,71.4,117.1
2020-02-20,Delhi,NR,28.6699929,77.23000403,71.4,2020,2,3,51,0,0,20.0,63,71.0,84.9,53.3,73.7,5.343531915629224,89.4966,0.43388373911755823,-0.900968867902419,0.8660254037844386,0.5000000000000001,0.7694148268839378,0.6387494220515272,67.7,117.5
2020-02-21,Delhi,NR,28.6699929,77.23000403,67.7,2020,2,4,52,0,0,16.3,84,71.4,82.5,58.8,71.58571428571429,4.0535698552565,89.79326666666665,-0.433883739117558,-0.9009688679024191,0.8660254037844386,0.5000000000000001,0.7802958510707755,0.6254105729852463,65.4,110.5
2020-02-22,Delhi,NR,28.6699929,77.23000403,65.4,2020,2,5,53,1,0,17.7,80,67.7,80.2,61.1,69.47142857142858,2.2859821271678316,89.9366,-0.9749279121818236,-0.2225209339563146,0.8660254037844386,0.5000000000000001,0.7909456567567772,0.6118864012687243,106.7,99.6
2020-02-23,Delhi,NR,28.6699929,77.23000403,106.7,2020,2,6,54,1,0,17.4,84,65.4,71.0,58.3,74.57142857142857,14.334772906667506,91.54993333333331,-0.7818314824680299,0.6234898018587334,0.8660254037844386,0.5000000000000001,0.8013610881746766,0.5981809144059165,110.7,73.8
2020-02-24,Delhi,NR,28.6699929,77.23000403,110.7,2020,2,0,55,0,0,17.5,80,106.7,68.7,54.9,80.57142857142857,19.372292437544054,93.40993333333334,0.0,1.0,0.8660254037844386,0.5000000000000001,0.8115390590073611,0.5842981736283684,114.5,74.5
2020-02-25,Delhi,NR,28.6699929,77.23000403,114.5,2020,2,1,56,0,0,17.8,78,110.7,71.1,130.2,86.77142857142857,22.524336045391525,92.8866,0.7818314824680298,0.6234898018587336,0.8660254037844386,0.5000000000000001,0.8214765533024142,0.5702422926917871,117.1,74.7
2020-02-26,Delhi,NR,28.6699929,77.23000403,117.1,2020,2,2,57,0,0,17.9,79,114.5,71.0,113.4,93.35714285714286,23.84518519833436,93.00993333333332,0.9749279121818236,-0.22252093395631434,0.8660254037844386,0.5000000000000001,0.8311706263658079,0.5560174366570446,117.5,77.5
2020-02-27,Delhi,NR,28.6699929,77.23000403,117.5,2020,2,3,58,0,0,18.5,79,117.1,71.4,127.8,99.94285714285715,23.125444654669778,92.6666,0.43388373911755823,-0.900968867902419,0.8660254037844386,0.5000000000000001,0.8406184056344782,0.5416278206559814,110.5,79.7
2020-02-28,Delhi,NR,28.6699929,77.23000403,110.5,2020,2,4,59,0,0,20.0,76,117.5,67.7,135.5,106.05714285714285,18.34337820058034,91.83326666666667,-0.433883739117558,-0.9009688679024191,0.8660254037844386,0.5000000000000001,0.8498170915275278,0.5270777086423722,99.6,72.7
2020-02-29,Delhi,NR,28.6699929,77.23000403,99.6,2020,2,5,60,1,0,18.6,84,110.5,65.4,136.29799999999997,110.94285714285715,6.330839107853255,90.60999999999999,-0.9749279121818236,-0.2225209339563146,0.8660254037844386,0.5000000000000001,0.8587639582758029,0.5123714121284237,73.8,69.3
2020-03-01,Delhi,NR,28.6699929,77.23000403,73.8,2020,3,6,61,1,0,19.1,81,99.6,106.7,132.5,106.24285714285713,15.531887322844126,88.65333333333334,-0.7818314824680299,0.6234898018587334,1.0,6.123233995736766e-17,0.8674563547295969,0.49751328890718066,74.5,126.4
2020-03-02,Delhi,NR,28.6699929,77.23000403,74.5,2020,3,0,62,0,0,19.5,80,73.8,110.7,125.5,101.07142857142857,19.3561974817469,86.95333333333333,0.0,1.0,1.0,6.123233995736766e-17,0.8758917051442429,0.48250774176121847,74.7,122.3
2020-03-03,Delhi,NR,28.6699929,77.23000403,74.7,2020,3,1,63,0,0,19.3,72,74.5,114.5,85.6,95.38571428571429,20.562135797903746,86.58999999999999,0.7818314824680298,0.6234898018587336,1.0,6.123233995736766e-17,0.8840675099433636,0.4673592171580022,77.5,119.6
2020-03-04,Delhi,NR,28.6699929,77.23000403,77.5,2020,3,2,64,0,0,19.0,74,74.7,117.1,86.9,89.72857142857143,18.978822784507013,86.27666666666666,0.9749279121818236,-0.22252093395631434,1.0,6.123233995736766e-17,0.8919813464595485,0.45207220393230435,79.7,130.2
2020-03-05,Delhi,NR,28.6699929,77.23000403,79.7,2020,3,3,65,0,0,18.1,80,77.5,117.5,91.0,84.32857142857142,14.642257827456955,85.9,0.43388373911755823,-0.900968867902419,1.0,6.123233995736766e-17,0.8996308696522433,0.43665123195606403,72.7,113.4
2020-03-13,Delhi,NR,28.6699929,77.23000403,72.7,2020,3,4,73,0,0,18.7,66,79.7,110.5,94.4,78.92857142857143,9.421025118623044,85.17666666666668,-0.433883739117558,-0.9009688679024191,1.0,6.123233995736766e-17,0.9510565162951535,0.30901699437494745,69.3,127.8
2020-03-14,Delhi,NR,28.6699929,77.23000403,69.3,2020,3,5,74,1,0,16.4,82,72.7,99.6,94.8,74.6,3.336165463524493,84.32666666666667,-0.9749279121818236,-0.2225209339563146,1.0,6.123233995736766e-17,0.9562348265919056,0.29260033563334836,126.4,135.5
2020-03-15,Delhi,NR,28.6699929,77.23000403,126.4,2020,3,6,75,1,0,16.3,78,69.3,73.8,90.0,82.11428571428573,19.80794693815523,85.53999999999999,-0.7818314824680299,0.6234898018587334,1.0,6.123233995736766e-17,0.9611297838723007,0.27609697309746883,122.3,44.3
2020-03-16,Delhi,NR,28.6699929,77.23000403,122.3,2020,3,0,76,0,0,17.9,77,126.4,74.5,85.5,88.94285714285715,24.44257604692134,86.76666666666667,0.0,1.0,1.0,6.123233995736766e-17,0.9657399376548549,0.2595117970697999,119.6,45.8
2020-03-17,Delhi,NR,28.6699929,77.23000403,119.6,2020,3,1,77,0,0,18.9,72,122.3,74.7,82.5,95.35714285714286,25.928225105912365,88.00333333333333,0.7818314824680298,0.6234898018587336,1.0,6.123233995736766e-17,0.9700639218515071,0.2428497220959356,130.2,47.6
2020-03-18,Delhi,NR,28.6699929,77.23000403,130.2,2020,3,2,78,0,0,20.4,69,119.6,77.5,73.1,102.88571428571427,27.483414912235702,89.90666666666668,0.9749279121818236,-0.22252093395631434,1.0,6.123233995736766e-17,0.9741004551724205,0.22611568550828828,113.4,46.1
2020-03-19,Delhi,NR,28.6699929,77.23000403,113.4,2020,3,3,79,0,0,20.6,74,130.2,79.7,82.8,107.70000000000002,25.63448198553405,90.92666666666666,0.43388373911755823,-0.900968867902419,1.0,6.123233995736766e-17,0.9778483415056568,0.20931464596304847,127.8,47.5
2020-03-20,Delhi,NR,28.6699929,77.23000403,127.8,2020,3,4,80,0,0,20.7,73,113.4,72.7,83.2,115.57142857142857,21.16622421734799,92.41333333333334,-0.433883739117558,-0.9009688679024191,1.0,6.123233995736766e-17,0.9813064702716093,0.19245158197082998,135.5,48.4
2020-03-21,Delhi,NR,28.6699929,77.23000403,135.5,2020,3,5,81,1,0,21.3,74,127.8,69.3,84.9,125.02857142857144,7.28118907086696,94.1,-0.9749279121818236,-0.2225209339563146,1.0,6.123233995736766e-17,0.9844738167520922,0.1755314904214282,44.3,50.1
2020-03-22,Delhi,NR,28.6699929,77.23000403,44.3,2020,3,6,82,1,0,21.7,71,135.5,126.4,82.5,113.29999999999998,31.279386183235783,92.82666666666667,-0.7818314824680299,0.6234898018587334,1.0,6.123233995736766e-17,0.9873494423939864,0.15855938510313475,45.8,66.3
2020-03-23,Delhi,NR,28.6699929,77.23000403,45.8,2020,3,0,83,0,0,21.7,65,44.3,122.3,80.2,102.37142857142858,39.81125110173906,91.68,0.0,1.0,1.0,6.123233995736766e-17,0.989932495087353,0.141540295217043,47.6,66.4
2020-03-24,Delhi,NR,28.6699929,77.23000403,47.6,2020,3,1,84,0,0,23.2,68,45.8,119.6,71.0,92.08571428571429,43.72666724747538,90.9,0.7818314824680298,0.6234898018587336,1.0,6.123233995736766e-17,0.9922222094179323,0.12447926388678915,46.1,67.6
2020-03-25,Delhi,NR,28.6699929,77.23000403,46.1,2020,3,2,85,0,0,23.4,65,47.6,130.2,68.7,80.07142857142857,43.057547316961674,90.14666666666668,0.9749279121818236,-0.22252093395631434,1.0,6.123233995736766e-17,0.994217906893952,0.10738134666416309,47.5,65.5
2020-03-26,Delhi,NR,28.6699929,77.23000403,47.5,2020,3,3,86,0,0,23.2,64,46.1,113.4,71.1,70.65714285714286,41.74010290447552,89.36,0.43388373911755823,-0.900968867902419,1.0,6.123233995736766e-17,0.995918996147179,0.09025161003104117,48.4,64.9
2020-03-27,Delhi,NR,28.6699929,77.23000403,48.4,2020,3,4,87,0,0,21.2,75,47.5,127.8,71.0,59.31428571428571,33.62258311370668,88.60666666666665,-0.433883739117558,-0.9009688679024191,1.0,6.123233995736766e-17,0.9973249731081555,0.07309512989807777,50.1,61.4
2020-03-28,Delhi,NR,28.6699929,77.23000403,50.1,2020,3,5,88,1,0,21.1,71,48.4,135.5,71.4,47.114285714285714,1.8986210534975678,87.89666666666668,-0.9749279121818236,-0.2225209339563146,1.0,6.123233995736766e-17,0.9984354211555643,0.055916990100603484,66.3,59.6
2020-03-29,Delhi,NR,28.6699929,77.23000403,66.3,2020,3,6,89,1,0,21.8,60,50.1,44.3,67.7,50.25714285714285,7.21869266623432,87.85,-0.7818314824680299,0.6234898018587334,1.0,6.123233995736766e-17,0.9992500112396835,0.03872228089217446,66.4,62.0
2020-03-30,Delhi,NR,28.6699929,77.23000403,66.4,2020,3,0,90,0,0,21.6,57,66.3,45.8,65.4,53.2,9.062376435940362,87.88333333333334,0.0,1.0,1.0,6.123233995736766e-17,0.9997685019798909,0.021516097436222254,67.6,63.2
2020-03-31,Delhi,NR,28.6699929,77.23000403,67.6,2020,3,1,91,0,0,22.5,59,66.4,47.6,106.7,56.05714285714286,10.096345401986303,86.58,0.7818314824680298,0.6234898018587336,1.0,6.123233995736766e-17,0.9999907397361901,0.004303538296244289,65.5,63.8
2020-04-01,Delhi,NR,28.6699929,77.23000403,65.5,2020,4,2,92,0,0,23.7,59,67.6,46.1,110.7,58.82857142857142,9.555751197702854,85.07333333333332,0.9749279121818236,-0.22252093395631434,0.8660254037844387,-0.4999999999999998,0.9999166586547379,-0.01291029607500882,64.9,63.3
2020-04-02,Delhi,NR,28.6699929,77.23000403,64.9,2020,4,3,93,0,1,23.0,55,65.5,47.5,114.5,61.31428571428571,8.298077803811735,83.42,0.43388373911755823,-0.900968867902419,0.8660254037844387,-0.4999999999999998,0.9995462806873573,-0.030120304846908114,61.4,64.0
2020-04-03,Delhi,NR,28.6699929,77.23000403,61.4,2020,4,4,94,0,0,22.1,47,64.9,48.4,117.1,63.17142857142857,6.085971378429638,81.56333333333333,-0.433883739117558,-0.9009688679024191,0.8660254037844387,-0.4999999999999998,0.9988797155850336,-0.04732138832243185,59.6,59.8
2020-04-04,Delhi,NR,28.6699929,77.23000403,59.6,2020,4,5,95,1,0,22.8,51,61.4,50.1,117.5,64.52857142857142,2.922164885673681,79.63333333333334,-0.9749279121818236,-0.2225209339563146,0.8660254037844387,-0.4999999999999998,0.9979171608653922,-0.06450844944931623,62.0,58.1
2020-04-05,Delhi,NR,28.6699929,77.23000403,62.0,2020,4,6,96,1,0,23.5,56,59.6,66.3,110.5,63.91428571428571,2.9396306862334693,78.01666666666667,-0.7818314824680299,0.6234898018587334,0.8660254037844387,-0.4999999999999998,0.9966589017541702,-0.08167639533042241,63.2,69.1
2020-04-13,Delhi,NR,28.6699929,77.23000403,63.2,2020,4,0,104,0,0,28.6,45,62.0,66.4,99.6,63.457142857142856,2.729992150698275,76.80333333333333,0.0,1.0,0.8660254037844387,-0.4999999999999998,0.9760105506323683,-0.21772323039653177,63.8,69.4
2020-04-14,Delhi,NR,28.6699929,77.23000403,63.8,2020,4,1,105,0,1,29.1,46,63.2,67.6,73.8,62.91428571428572,2.065936891125308,76.47,0.7818314824680298,0.6234898018587336,0.8660254037844387,-0.4999999999999998,0.9721181966290613,-0.23449138957040985,63.3,69.1
2020-04-15,Delhi,NR,28.6699929,77.23000403,63.3,2020,4,2,106,0,0,29.4,46,63.8,65.5,74.5,62.6,1.7502380790483087,76.09666666666666,0.9749279121818236,-0.22252093395631434,0.8660254037844387,-0.4999999999999998,0.9679377830240642,-0.25119006388481935,64.0,68.7
2020-04-16,Delhi,NR,28.6699929,77.23000403,64.0,2020,4,3,107,0,0,29.5,42,63.3,64.9,74.7,62.471428571428575,1.5776715814975695,75.74000000000001,0.43388373911755823,-0.900968867902419,0.8660254037844387,-0.4999999999999998,0.9634705485641488,-0.2678143051621742,59.8,70.0
2020-04-17,Delhi,NR,28.6699929,77.23000403,59.8,2020,4,4,108,0,0,29.0,36,64.0,61.4,77.5,62.24285714285715,1.850997157266317,75.15,-0.433883739117558,-0.9009688679024191,0.8660254037844387,-0.4999999999999998,0.9587178169872964,-0.2843591872810034,58.1,65.8
2020-04-18,Delhi,NR,28.6699929,77.23000403,58.1,2020,4,5,109,1,0,28.6,40,59.8,59.6,79.7,62.028571428571425,2.2514545562958204,74.42999999999999,-0.9749279121818236,-0.2225209339563146,0.8660254037844387,-0.4999999999999998,0.9536809966304457,-0.30081980763566735,69.1,63.1
2020-04-19,Delhi,NR,28.6699929,77.23000403,69.1,2020,4,6,110,1,0,27.4,46,58.1,62.0,72.7,63.04285714285714,3.4932588141840206,74.31,-0.7818314824680299,0.6234898018587334,0.8660254037844387,-0.4999999999999998,0.9483615800121715,-0.3171912885891061,69.4,135.5
2020-04-20,Delhi,NR,28.6699929,77.23000403,69.4,2020,4,0,111,0,0,26.2,49,69.1,63.2,69.3,63.92857142857143,4.244884877009565,74.31333333333332,0.0,1.0,0.8660254037844387,-0.4999999999999998,0.9427611433904207,-0.3334687789181868,69.1,131.8
2020-04-21,Delhi,NR,28.6699929,77.23000403,69.1,2020,4,1,112,0,0,26.0,52,69.4,63.8,126.4,64.68571428571428,4.669556928101263,72.40333333333335,0.7818314824680298,0.6234898018587336,0.8660254037844387,-0.4999999999999998,0.9368813462954315,-0.3496474552512284,68.7,131.2
2020-04-22,Delhi,NR,28.6699929,77.23000403,68.7,2020,4,2,113,0,0,27.1,45,69.1,63.3,122.3,65.45714285714286,4.845223470203083,70.61666666666666,0.9749279121818236,-0.22252093395631434,0.8660254037844387,-0.4999999999999998,0.9307239310379795,-0.36572252349726897,70.0,134.4
2020-04-23,Delhi,NR,28.6699929,77.23000403,70.0,2020,4,3,114,0,0,28.4,41,68.7,64.0,119.6,66.31428571428572,5.069986381123514,68.96333333333334,0.43388373911755823,-0.900968867902419,0.8660254037844387,-0.4999999999999998,0.9242907221930933,-0.3816892202666588,65.8,129.2
2020-04-24,Delhi,NR,28.6699929,77.23000403,65.8,2020,4,4,115,0,0,28.6,44,70.0,59.8,130.2,67.17142857142856,4.221261377723879,66.81666666666666,-0.433883739117558,-0.9009688679024191,0.8660254037844387,-0.4999999999999998,0.9175836260593937,-0.39754281428255595,63.1,129.0
2020-04-25,Delhi,NR,28.6699929,77.23000403,63.1,2020,4,5,116,1,0,28.2,45,65.8,58.1,113.4,67.88571428571429,2.5042820471033163,65.14,-0.9749279121818236,-0.2225209339563146,0.8660254037844387,-0.4999999999999998,0.9106046300942162,-0.4132786077829042,135.5,123.8
2020-04-26,Delhi,NR,28.6699929,77.23000403,135.5,2020,4,6,117,1,0,26.6,61,63.1,69.1,127.8,77.37142857142858,25.7487678854554,65.39666666666668,-0.7818314824680299,0.6234898018587334,0.8660254037844387,-0.4999999999999998,0.9033558023246845,-0.4288919379124835,131.8,64.8
2020-04-27,Delhi,NR,28.6699929,77.23000403,131.8,2020,4,0,118,0,0,25.4,70,135.5,69.4,135.5,86.28571428571429,32.45681379779553,65.27333333333334,0.0,1.0,0.8660254037844387,-0.4999999999999998,0.895839290734909,-0.4443781781046132,131.2,61.2
2020-04-28,Delhi,NR,28.6699929,77.23000403,131.2,2020,4,1,119,0,0,26.4,65,131.8,69.1,44.3,95.15714285714284,35.33576361812768,68.17,0.7818314824680298,0.6234898018587336,0.8660254037844387,-0.4999999999999998,0.8880573226294932,-0.45973273945210397,134.4,65.8
2020-04-29,Delhi,NR,28.6699929,77.23000403,134.4,2020,4,2,120,0,0,28.3,58,131.2,68.7,45.8,104.54285714285716,35.85869755688559,71.12333333333335,0.9749279121818236,-0.22252093395631434,0.8660254037844387,-0.4999999999999998,0.8800122039735357,-0.47495107206704995,129.2,68.5
2020-04-30,Delhi,NR,28.6699929,77.23000403,129.2,2020,4,3,121,0,0,29.0,55,134.4,70.0,47.6,113.0,33.23948455276243,73.84333333333333,0.43388373911755823,-0.900968867902419,0.8660254037844387,-0.4999999999999998,0.8717063187093218,-0.4900286664290592,129.0,65.7
2020-05-01,Delhi,NR,28.6699929,77.23000403,129.0,2020,5,4,122,0,0,30.0,56,129.2,65.8,46.1,122.02857142857142,26.098321420205867,76.60666666666665,-0.433883739117558,-0.9009688679024191,0.49999999999999994,-0.8660254037844387,0.8631421280499114,-0.5049610547215204,123.8,71.8
2020-05-02,Delhi,NR,28.6699929,77.23000403,123.8,2020,5,5,123,1,0,29.0,58,129.0,63.1,47.5,130.7,3.8931563886721787,79.15,-0.9749279121818236,-0.2225209339563146,0.49999999999999994,-0.8660254037844387,0.854322169749827,-0.5197438121555155,64.8,75.0
2020-05-03,Delhi,NR,28.6699929,77.23000403,64.8,2020,5,6,124,1,0,27.8,64,123.8,135.5,48.4,120.60000000000001,24.82149606020278,79.69666666666667,-0.7818314824680299,0.6234898018587334,0.49999999999999994,-0.8660254037844387,0.8452490573530633,-0.5343725582809786,61.2,70.7
2020-05-04,Delhi,NR,28.6699929,77.23000403,61.2,2020,5,0,125,0,0,27.1,67,64.8,131.8,50.1,110.51428571428572,32.6279751425791,80.06666666666666,0.0,1.0,0.49999999999999994,-0.8660254037844387,0.8359254794186372,-0.548842958284719,65.8,69.8
2020-05-05,Delhi,NR,28.6699929,77.23000403,65.8,2020,5,1,126,0,0,28.6,52,61.2,131.2,66.3,101.17142857142858,34.99512891273653,80.05,0.7818314824680298,0.6234898018587336,0.49999999999999994,-0.8660254037844387,0.8263541987239096,-0.5631507242749186,68.5,71.7
2020-05-13,Delhi,NR,28.6699929,77.23000403,68.5,2020,5,2,134,0,0,29.6,57,65.8,134.4,66.4,91.75714285714285,33.39370485300376,80.11999999999999,0.9749279121818236,-0.22252093395631434,0.49999999999999994,-0.8660254037844387,0.7412220108485958,-0.6712599575675313,65.7,70.7
2020-05-14,Delhi,NR,28.6699929,77.23000403,65.7,2020,5,3,135,0,0,30.3,55,68.5,129.2,67.6,82.6857142857143,29.977237396143888,80.05666666666667,0.43388373911755823,-0.900968867902419,0.49999999999999994,-0.8660254037844387,0.7295575540864875,-0.6839194216246106,71.8,73.4
2020-05-15,Delhi,NR,28.6699929,77.23000403,71.8,2020,5,4,136,0,0,31.4,42,65.7,129.0,65.5,74.51428571428572,21.97683845714475,80.26666666666667,-0.433883739117558,-0.9009688679024191,0.49999999999999994,-0.8660254037844387,0.717676913675962,-0.6963762255968722,75.0,62.0
2020-05-16,Delhi,NR,28.6699929,77.23000403,75.0,2020,5,5,137,1,0,31.2,34,71.8,123.8,64.9,67.54285714285714,4.633881433837812,80.60333333333332,-0.9749279121818236,-0.2225209339563146,0.49999999999999994,-0.8660254037844387,0.705583610107178,-0.7086266782644596,70.7,72.1
2020-05-17,Delhi,NR,28.6699929,77.23000403,70.7,2020,5,6,138,1,0,31.5,35,75.0,64.8,61.4,68.38571428571429,4.58818358083436,80.91333333333334,-0.7818314824680299,0.6234898018587334,0.49999999999999994,-0.8660254037844387,0.6932812268869777,-0.7206671495538609,69.8,60.8
2020-05-18,Delhi,NR,28.6699929,77.23000403,69.8,2020,5,0,139,0,0,30.8,34,70.7,61.2,59.6,69.61428571428571,3.319351629174648,81.25333333333333,0.0,1.0,0.49999999999999994,-0.8660254037844387,0.6807734094770161,-0.7324940716135789,71.7,62.5
2020-05-19,Delhi,NR,28.6699929,77.23000403,71.7,2020,5,1,140,0,0,30.9,29,69.8,65.8,62.0,70.45714285714286,2.9136787416482224,81.57666666666667,0.7818314824680298,0.6234898018587336,0.49999999999999994,-0.8660254037844387,0.6680638642135335,-0.7441039398713607,70.7,62.6
2020-05-20,Delhi,NR,28.6699929,77.23000403,70.7,2020,5,2,141,0,0,30.5,28,71.7,68.5,63.2,70.77142857142857,2.783112337963233,81.82666666666667,0.9749279121818236,-0.22252093395631434,0.49999999999999994,-0.8660254037844387,0.6551563572090853,-0.7554933140726803,73.4,63.5
2020-05-21,Delhi,NR,28.6699929,77.23000403,73.4,2020,5,3,142,0,0,31.8,29,70.7,65.7,63.8,71.87142857142858,1.7885881636241052,82.14666666666668,0.43388373911755823,-0.900968867902419,0.49999999999999994,-0.8660254037844387,0.6420547132365637,-0.766658819300159,62.0,65.0
