timestamp,node_id,region,latitude,longitude,consumption_mu,year,month,dayofweek,dayofyear,is_weekend,is_holiday,temperature_c,humidity,lag_1d,lag_7d,lag_30d,roll_mean_7d,roll_std_7d,roll_mean_30d,dow_sin,dow_cos,month_sin,month_cos,doy_sin,doy_cos,target_next_1d,target_next_7d
2019-02-02,Telangana,SR,18.1124,79.0193,204.8,2019,2,5,33,1,0,21.5,63,203.2,160.9,204.2,182.84285714285716,20.684120893643428,176.43,-0.9749279121818236,-0.2225209339563146,0.8660254037844386,0.5000000000000001,0.5380051715382996,0.8429415373547828,200.5,145.8
2019-02-03,Telangana,SR,18.1124,79.0193,200.5,2019,2,6,34,1,0,21.6,64,204.8,165.2,204.5,187.8857142857143,19.95615431986069,176.29666666666668,-0.7818314824680299,0.6234898018587334,0.8660254037844386,0.5000000000000001,0.5524353131676196,0.8335557718385699,202.4,148.6
2019-02-04,Telangana,SR,18.1124,79.0193,202.4,2019,2,0,35,0,0,22.6,63,200.5,168.4,201.2,192.74285714285716,18.508183518186115,176.33666666666667,0.0,1.0,0.8660254037844386,0.5000000000000001,0.5667017562911176,0.8239230057575542,194.0,150.8
2019-02-05,Telangana,SR,18.1124,79.0193,194.0,2019,2,1,36,0,0,23.0,57,202.4,168.8,201.7,196.34285714285713,15.236563167028716,176.07999999999998,0.7818314824680298,0.6234898018587336,0.8660254037844386,0.5000000000000001,0.5808002734538009,0.8140460935082178,189.8,150.5
2019-02-06,Telangana,SR,18.1124,79.0193,189.8,2019,2,2,37,0,0,24.0,55,194.0,163.0,194.9,200.17142857142855,6.074184248581298,175.91,0.9749279121818236,-0.22252093395631434,0.8660254037844386,0.5000000000000001,0.5947266869607634,0.8039279618328213,144.5,147.6
2019-02-07,Telangana,SR,18.1124,79.0193,144.5,2019,2,3,38,0,0,25.3,53,189.8,206.5,191.9,191.3142857142857,21.336543657258414,174.33,0.43388373911755823,-0.900968867902419,0.8660254037844386,0.5000000000000001,0.6084768701151261,0.7935716089521474,145.3,141.7
2019-02-08,Telangana,SR,18.1124,79.0193,145.3,2019,2,4,39,0,0,23.3,59,144.5,203.2,190.8,183.04285714285717,26.547495622177298,172.81333333333336,-0.433883739117558,-0.9009688679024191,0.8660254037844386,0.5000000000000001,0.6220467484408675,0.7829801036770629,145.8,157.0
2019-02-09,Telangana,SR,18.1124,79.0193,145.8,2019,2,5,40,1,0,20.9,44,145.3,204.8,167.5,174.6142857142857,27.82381645110463,172.09000000000003,-0.9749279121818236,-0.2225209339563146,0.8660254037844386,0.5000000000000001,0.6354323008901774,0.7721565844991642,148.6,162.6
2019-02-10,Telangana,SR,18.1124,79.0193,148.6,2019,2,6,41,1,0,19.9,45,145.8,200.5,173.4,167.20000000000002,26.667270826489386,171.26333333333332,-0.7818314824680299,0.6234898018587334,0.8660254037844386,0.5000000000000001,0.6486295610349814,0.7611042586607747,150.8,166.8
2019-02-11,Telangana,SR,18.1124,79.0193,150.8,2019,2,0,42,0,0,23.4,58,148.6,202.4,166.7,159.82857142857142,22.046973661231736,170.73333333333332,0.0,1.0,0.8660254037844386,0.5000000000000001,0.6616346182422783,0.7498264012045686,150.5,167.8
2019-02-12,Telangana,SR,18.1124,79.0193,150.5,2019,2,1,43,0,0,24.1,65,150.8,194.0,173.2,153.6142857142857,16.152546607416433,169.97666666666666,0.7818314824680298,0.6234898018587336,0.8660254037844386,0.5000000000000001,0.6744436188329455,0.7383263540031065,147.6,169.7
2019-02-13,Telangana,SR,18.1124,79.0193,147.6,2019,2,2,44,0,0,24.0,58,150.5,189.8,176.9,147.58571428571426,2.5096006132636184,169.0,0.9749279121818236,-0.22252093395631434,0.8660254037844386,0.5000000000000001,0.6870527672236669,0.7266075247685656,141.7,172.1
2019-02-14,Telangana,SR,18.1124,79.0193,141.7,2019,2,3,45,0,0,25.1,56,147.6,144.5,177.0,147.18571428571428,3.2090645425253013,167.82333333333335,0.43388373911755823,-0.900968867902419,0.8660254037844386,0.5000000000000001,0.699458327051647,0.7146733860429609,157.0,176.0
2019-02-15,Telangana,SR,18.1124,79.0193,157.0,2019,2,4,46,0,0,26.3,47,141.7,145.3,174.3,148.85714285714286,4.743366295103278,167.2466666666667,-0.433883739117558,-0.9009688679024191,0.8660254037844386,0.5000000000000001,0.7116566222817746,0.7025274741691571,162.6,181.8
2019-02-16,Telangana,SR,18.1124,79.0193,162.6,2019,2,5,47,1,0,26.1,52,157.0,145.8,161.3,151.25714285714284,6.760142292106127,167.29,-0.9749279121818236,-0.2225209339563146,0.8660254037844386,0.5000000000000001,0.7236440382959124,0.6901733882429719,166.8,186.6
2019-02-17,Telangana,SR,18.1124,79.0193,166.8,2019,2,6,48,1,0,25.7,60,162.6,148.6,156.5,153.85714285714286,8.769237356208462,167.63333333333333,-0.7818314824680299,0.6234898018587334,0.8660254037844386,0.5000000000000001,0.7354170229639855,0.6776147890466889,167.8,177.5
2019-02-18,Telangana,SR,18.1124,79.0193,167.8,2019,2,0,49,0,0,25.4,59,166.8,150.8,169.4,156.28571428571428,10.042979068554644,167.58,0.0,1.0,0.8660254037844386,0.5000000000000001,0.7469720876965552,0.6648553979642865,169.7,181.2
2019-02-19,Telangana,SR,18.1124,79.0193,169.7,2019,2,1,50,0,0,26.7,54,167.8,150.5,171.8,159.02857142857144,10.793318038754917,167.51000000000002,0.7818314824680298,0.6234898018587336,0.8660254037844386,0.5000000000000001,0.7583058084785624,0.6518989958787126,172.1,170.9
2019-02-20,Telangana,SR,18.1124,79.0193,172.1,2019,2,2,51,0,0,27.1,61,169.7,147.6,152.0,162.52857142857144,10.436109473955264,168.18,0.9749279121818236,-0.22252093395631434,0.8660254037844386,0.5000000000000001,0.7694148268839378,0.6387494220515272,176.0,167.0
2019-02-21,Telangana,SR,18.1124,79.0193,176.0,2019,2,3,52,0,0,27.6,52,172.1,141.7,144.5,167.42857142857142,6.232365598420774,169.23000000000002,0.43388373911755823,-0.900968867902419,0.8660254037844386,0.5000000000000001,0.7802958510707755,0.6254105729852463,181.8,215.0
2019-02-22,Telangana,SR,18.1124,79.0193,181.8,2019,2,4,53,0,0,28.4,44,176.0,157.0,150.3,170.97142857142856,6.36362430425557,170.28,-0.433883739117558,-0.9009688679024191,0.8660254037844386,0.5000000000000001,0.7909456567567772,0.6118864012687243,186.6,218.5
2019-02-23,Telangana,SR,18.1124,79.0193,186.6,2019,2,5,54,1,0,28.6,41,181.8,162.6,175.0,174.4,7.470609078247771,170.66666666666666,-0.9749279121818236,-0.2225209339563146,0.8660254037844386,0.5000000000000001,0.8013610881746766,0.5981809144059165,177.5,219.7
2019-02-24,Telangana,SR,18.1124,79.0193,177.5,2019,2,6,55,1,0,29.4,33,186.6,166.8,177.3,175.92857142857142,6.712603639352302,170.67333333333332,-0.7818314824680299,0.6234898018587334,0.8660254037844386,0.5000000000000001,0.8115390590073611,0.5842981736283684,181.2,219.4
2019-02-25,Telangana,SR,18.1124,79.0193,181.2,2019,2,0,56,0,0,28.9,30,177.5,167.8,160.9,177.84285714285713,5.8653948837955925,171.35,0.0,1.0,0.8660254037844386,0.5000000000000001,0.8214765533024142,0.5702422926917871,170.9,224.4
2019-02-26,Telangana,SR,18.1124,79.0193,170.9,2019,2,1,57,0,0,26.1,47,181.2,169.7,165.2,178.01428571428573,5.599234641576197,171.54000000000002,0.7818314824680298,0.6234898018587336,0.8660254037844386,0.5000000000000001,0.8311706263658079,0.5560174366570446,167.0,210.8
2019-02-27,Telangana,SR,18.1124,79.0193,167.0,2019,2,2,58,0,0,25.7,64,170.9,172.1,168.4,177.28571428571428,6.71724858639509,171.49333333333334,0.9749279121818236,-0.22252093395631434,0.8660254037844386,0.5000000000000001,0.8406184056344782,0.5416278206559814,215.0,204.6
2019-02-28,Telangana,SR,18.1124,79.0193,215.0,2019,2,3,59,0,0,25.1,50,167.0,176.0,168.8,182.85714285714286,15.674592726538577,173.03333333333333,0.43388373911755823,-0.900968867902419,0.8660254037844386,0.5000000000000001,0.8498170915275278,0.5270777086423722,218.5,218.1
2019-03-02,Telangana,SR,18.1124,79.0193,218.5,2019,3,5,61,1,0,26.6,64,215.0,181.8,163.0,188.1,20.61973165037152,174.88333333333333,-0.9749279121818236,-0.2225209339563146,1.0,6.123233995736766e-17,0.8674563547295969,0.49751328890718066,219.7,225.4
2019-03-03,Telangana,SR,18.1124,79.0193,219.7,2019,3,6,62,1,0,27.5,59,218.5,186.6,206.5,192.82857142857145,23.772653356725826,175.32333333333332,-0.7818314824680299,0.6234898018587334,1.0,6.123233995736766e-17,0.8758917051442429,0.48250774176121847,219.4,235.2
2019-03-04,Telangana,SR,18.1124,79.0193,219.4,2019,3,0,63,0,1,28.6,50,219.7,177.5,203.2,198.81428571428572,24.532660446258767,175.86333333333332,0.0,1.0,1.0,6.123233995736766e-17,0.8840675099433636,0.4673592171580022,224.4,241.7
2019-03-05,Telangana,SR,18.1124,79.0193,224.4,2019,3,1,64,0,0,27.7,50,219.4,181.2,204.8,204.9857142857143,24.795391276836714,176.51666666666668,0.7818314824680298,0.6234898018587336,1.0,6.123233995736766e-17,0.8919813464595485,0.45207220393230435,210.8,239.4
2019-03-06,Telangana,SR,18.1124,79.0193,210.8,2019,3,2,65,0,0,26.1,36,224.4,170.9,200.5,210.68571428571428,19.72058388008405,176.85999999999999,0.9749279121818236,-0.22252093395631434,1.0,6.123233995736766e-17,0.8996308696522433,0.43665123195606403,204.6,205.2
2019-03-07,Telangana,SR,18.1124,79.0193,204.6,2019,3,3,66,0,0,26.0,37,210.8,167.0,202.4,216.05714285714285,6.583276069672831,176.93333333333334,0.43388373911755823,-0.900968867902419,1.0,6.123233995736766e-17,0.9070138128026359,0.4211008707960896,218.1,170.6
2019-03-08,Telangana,SR,18.1124,79.0193,218.1,2019,3,4,67,0,0,26.9,45,204.6,215.0,194.0,216.5,6.60454389038359,177.73666666666668,-0.433883739117558,-0.9009688679024191,1.0,6.123233995736766e-17,0.9141279881853337,0.40542572835999735,225.4,140.0
2019-03-09,Telangana,SR,18.1124,79.0193,225.4,2019,3,5,68,1,0,27.8,48,218.1,218.5,189.8,217.48571428571427,7.417643060395391,178.92333333333332,-0.9749279121818236,-0.2225209339563146,1.0,6.123233995736766e-17,0.9209712877166346,0.38963044953078796,235.2,137.0
2019-03-10,Telangana,SR,18.1124,79.0193,235.2,2019,3,6,69,1,0,28.8,53,225.4,219.7,144.5,219.7,10.039090264228967,181.94666666666666,-0.7818314824680299,0.6234898018587334,1.0,6.123233995736766e-17,0.9275416835791966,0.37371971479046906,241.7,137.0
2019-03-11,Telangana,SR,18.1124,79.0193,241.7,2019,3,0,70,0,0,29.0,51,235.2,219.4,145.3,222.8857142857143,13.022855366806684,185.15999999999997,0.0,1.0,1.0,6.123233995736766e-17,0.9338372288229252,0.35769823883312546,239.4,137.0
2019-03-12,Telangana,SR,18.1124,79.0193,239.4,2019,3,1,71,0,0,29.7,42,241.7,224.4,145.8,225.0285714285714,14.46751698181314,188.28000000000003,0.7818314824680298,0.6234898018587336,1.0,6.123233995736766e-17,0.9398560579418954,0.3415707691678556,205.2,140.2
2019-03-13,Telangana,SR,18.1124,79.0193,205.2,2019,3,2,72,0,0,29.8,37,239.4,210.8,148.6,224.22857142857143,15.503194755244856,190.16666666666666,0.9749279121818236,-0.22252093395631434,1.0,6.123233995736766e-17,0.9455963874271426,0.3253420847119801,170.6,137.0
2019-03-14,Telangana,SR,18.1124,79.0193,170.6,2019,3,3,73,0,0,30.0,30,205.2,204.6,150.8,219.3714285714286,25.05891154098779,190.82666666666668,0.43388373911755823,-0.900968867902419,1.0,6.123233995736766e-17,0.9510565162951535,0.30901699437494745,140.0,137.0
2019-03-15,Telangana,SR,18.1124,79.0193,140.0,2019,3,4,74,0,0,30.4,27,170.6,218.1,150.5,208.21428571428572,39.14615470990005,190.47666666666666,-0.433883739117558,-0.9009688679024191,1.0,6.123233995736766e-17,0.9562348265919056,0.29260033563334836,137.0,178.7
2019-03-16,Telangana,SR,18.1124,79.0193,137.0,2019,3,5,75,1,0,29.9,29,140.0,225.4,147.6,195.58571428571432,46.28586640186643,190.12333333333336,-0.9749279121818236,-0.2225209339563146,1.0,6.123233995736766e-17,0.9611297838723007,0.27609697309746883,137.0,180.8
2019-03-17,Telangana,SR,18.1124,79.0193,137.0,2019,3,6,76,1,0,29.0,41,137.0,235.2,141.7,181.55714285714288,47.15166512234239,189.96666666666667,-0.7818314824680299,0.6234898018587334,1.0,6.123233995736766e-17,0.9657399376548549,0.2595117970697999,137.0,170.8
2019-03-18,Telangana,SR,18.1124,79.0193,137.0,2019,3,0,77,0,0,27.9,41,137.0,241.7,157.0,166.6,41.11333927895738,189.3,0.0,1.0,1.0,6.123233995736766e-17,0.9700639218515071,0.2428497220959356,140.2,169.0
2019-03-19,Telangana,SR,18.1124,79.0193,140.2,2019,3,1,78,0,0,28.4,50,137.0,239.4,162.6,152.42857142857142,26.24612443045711,188.55333333333334,0.7818314824680298,0.6234898018587336,1.0,6.123233995736766e-17,0.9741004551724205,0.22611568550828828,137.0,168.6
2019-03-20,Telangana,SR,18.1124,79.0193,137.0,2019,3,2,79,0,0,28.6,54,140.2,205.2,166.8,142.68571428571428,12.395621346726289,187.56,0.9749279121818236,-0.22252093395631434,1.0,6.123233995736766e-17,0.9778483415056568,0.20931464596304847,137.0,167.3
2019-03-21,Telangana,SR,18.1124,79.0193,137.0,2019,3,3,80,0,1,28.5,54,137.0,170.6,167.8,137.8857142857143,1.5137465347326733,186.53333333333333,0.43388373911755823,-0.900968867902419,1.0,6.123233995736766e-17,0.9813064702716093,0.19245158197082998,178.7,159.2
2019-03-22,Telangana,SR,18.1124,79.0193,178.7,2019,3,4,81,0,0,28.9,51,137.0,140.0,169.7,143.4142857142857,15.605173134938829,186.83333333333334,-0.433883739117558,-0.9009688679024191,1.0,6.123233995736766e-17,0.9844738167520922,0.1755314904214282,180.8,223.9
2019-03-23,Telangana,SR,18.1124,79.0193,180.8,2019,3,5,82,1,0,29.6,53,178.7,137.0,172.1,149.67142857142858,20.589699227664887,187.12333333333333,-0.9749279121818236,-0.2225209339563146,1.0,6.123233995736766e-17,0.9873494423939864,0.15855938510313475,170.8,229.2
2019-03-24,Telangana,SR,18.1124,79.0193,170.8,2019,3,6,83,1,0,30.1,46,180.8,137.0,176.0,154.5,21.080243515354788,186.95,-0.7818314824680299,0.6234898018587334,1.0,6.123233995736766e-17,0.989932495087353,0.141540295217043,169.0,226.8
2019-03-25,Telangana,SR,18.1124,79.0193,169.0,2019,3,0,84,0,0,30.1,42,170.8,137.0,181.8,159.07142857142858,20.099644630831314,186.52333333333337,0.0,1.0,1.0,6.123233995736766e-17,0.9922222094179323,0.12447926388678915,168.6,225.6
2019-03-26,Telangana,SR,18.1124,79.0193,168.6,2019,3,1,85,0,0,30.8,39,169.0,140.2,186.6,163.12857142857143,18.454512933671264,185.92333333333332,0.7818314824680298,0.6234898018587336,1.0,6.123233995736766e-17,0.994217906893952,0.10738134666416309,167.3,227.8
2019-03-27,Telangana,SR,18.1124,79.0193,167.3,2019,3,2,86,0,0,30.7,41,168.6,137.0,177.5,167.45714285714286,14.416178081453616,185.58333333333334,0.9749279121818236,-0.22252093395631434,1.0,6.123233995736766e-17,0.995918996147179,0.09025161003104117,159.2,229.1
2019-03-28,Telangana,SR,18.1124,79.0193,159.2,2019,3,3,87,0,0,31.0,38,167.3,137.0,181.2,170.62857142857143,7.269735044624491,184.85,0.43388373911755823,-0.900968867902419,1.0,6.123233995736766e-17,0.9973249731081555,0.07309512989807777,223.9,219.1
2019-03-29,Telangana,SR,18.1124,79.0193,223.9,2019,3,4,88,0,0,30.5,37,159.2,178.7,170.9,177.08571428571432,21.59447680707786,186.61666666666667,-0.433883739117558,-0.9009688679024191,1.0,6.123233995736766e-17,0.9984354211555643,0.055916990100603484,229.2,217.3
2019-03-30,Telangana,SR,18.1124,79.0193,229.2,2019,3,5,89,1,0,31.5,36,223.9,180.8,167.0,184.0,29.341040654118984,188.69,-0.9749279121818236,-0.2225209339563146,1.0,6.123233995736766e-17,0.9992500112396835,0.03872228089217446,226.8,218.5
2019-03-31,Telangana,SR,18.1124,79.0193,226.8,2019,3,6,90,1,0,32.1,33,229.2,170.8,215.0,192.0,32.59596089497385,189.08333333333334,-0.7818314824680299,0.6234898018587334,1.0,6.123233995736766e-17,0.9997685019798909,0.021516097436222254,225.6,219.5
2019-04-02,Telangana,SR,18.1124,79.0193,225.6,2019,4,1,92,0,0,31.8,38,226.8,169.0,218.5,200.08571428571426,32.95777240507558,189.32,0.7818314824680298,0.6234898018587336,0.8660254037844387,-0.4999999999999998,0.9999166586547379,-0.01291029607500882,227.8,215.5
2019-04-03,Telangana,SR,18.1124,79.0193,227.8,2019,4,2,93,0,0,29.8,49,225.6,168.6,219.7,208.54285714285714,31.07345368332148,189.59,0.9749279121818236,-0.22252093395631434,0.8660254037844387,-0.4999999999999998,0.9995462806873573,-0.030120304846908114,229.1,218.9
2019-04-04,Telangana,SR,18.1124,79.0193,229.1,2019,4,3,94,0,0,30.1,45,227.8,167.3,219.4,217.3714285714286,25.72085498097573,189.91333333333336,0.43388373911755823,-0.900968867902419,0.8660254037844387,-0.4999999999999998,0.9988797155850336,-0.04732138832243185,219.1,214.6
2019-04-05,Telangana,SR,18.1124,79.0193,219.1,2019,4,4,95,0,0,30.4,41,229.1,159.2,224.4,225.92857142857142,3.5560813103357245,189.73666666666665,-0.433883739117558,-0.9009688679024191,0.8660254037844387,-0.4999999999999998,0.9979171608653922,-0.06450844944931623,217.3,218.4
2019-04-06,Telangana,SR,18.1124,79.0193,217.3,2019,4,5,96,1,0,31.8,31,219.1,223.9,210.8,224.98571428571427,4.8302617497846905,189.95333333333332,-0.9749279121818236,-0.2225209339563146,0.8660254037844387,-0.4999999999999998,0.9966589017541702,-0.08167639533042241,218.5,151.8
2019-04-07,Telangana,SR,18.1124,79.0193,218.5,2019,4,6,97,1,0,31.8,36,217.3,229.2,204.6,223.45714285714286,4.965500022776623,190.41666666666666,-0.7818314824680299,0.6234898018587334,0.8660254037844387,-0.4999999999999998,0.9951053111006976,-0.09882013873287143,219.5,156.6
2019-04-08,Telangana,SR,18.1124,79.0193,219.5,2019,4,0,98,0,0,30.5,46,218.5,226.8,218.1,222.41428571428568,4.912714311331958,190.4633333333333,0.0,1.0,0.8660254037844387,-0.4999999999999998,0.9932568492674143,-0.11593459959550041,215.5,162.2
2019-04-09,Telangana,SR,18.1124,79.0193,215.5,2019,4,1,99,0,0,30.1,53,219.5,225.6,225.4,220.97142857142856,5.289837516633628,190.13333333333333,0.7818314824680298,0.6234898018587336,0.8660254037844387,-0.4999999999999998,0.9911140639934547,-0.1330147065341959,218.9,165.6
2019-04-10,Telangana,SR,18.1124,79.0193,218.9,2019,4,2,100,0,0,30.2,51,215.5,227.8,235.2,219.70000000000002,4.363484845854681,189.59,0.9749279121818236,-0.22252093395631434,0.8660254037844387,-0.4999999999999998,0.9886775902323405,-0.1500553983446526,214.6,163.5
2019-04-11,Telangana,SR,18.1124,79.0193,214.6,2019,4,3,101,0,0,31.5,42,218.9,229.1,241.7,217.6285714285714,1.9085022799001679,188.68666666666667,0.43388373911755823,-0.900968867902419,0.8660254037844387,-0.4999999999999998,0.9859481499638304,-0.16705162550211924,218.4,147.0
2019-04-12,Telangana,SR,18.1124,79.0193,218.4,2019,4,4,102,0,0,32.2,36,214.6,219.1,239.4,217.52857142857144,1.8354965592587735,187.98666666666665,-0.433883739117558,-0.9009688679024191,0.8660254037844387,-0.4999999999999998,0.9829265519799822,-0.18399835165768005,151.8,137.0
2019-04-13,Telangana,SR,18.1124,79.0193,151.8,2019,4,5,103,1,1,31.7,35,218.4,217.3,205.2,208.17142857142858,24.92493492373416,186.20666666666665,-0.9749279121818236,-0.2225209339563146,0.8660254037844387,-0.4999999999999998,0.9796136916454901,-0.20089055513063506,156.6,254.3
2019-04-14,Telangana,SR,18.1124,79.0193,156.6,2019,4,6,104,1,1,32.5,32,151.8,218.5,170.6,199.32857142857145,30.911363298185048,185.73999999999998,-0.7818314824680299,0.6234898018587334,0.8660254037844387,-0.4999999999999998,0.9760105506323683,-0.21772323039653177,162.2,254.3
2019-04-15,Telangana,SR,18.1124,79.0193,162.2,2019,4,0,105,0,0,32.4,30,156.6,219.5,140.0,191.14285714285714,32.2378585487548,186.48,0.0,1.0,0.8660254037844387,-0.4999999999999998,0.9721181966290613,-0.23449138957040985,165.6,253.3
2019-04-16,Telangana,SR,18.1124,79.0193,165.6,2019,4,1,106,0,0,31.6,29,162.2,215.5,137.0,184.01428571428573,31.46195737561095,187.43333333333334,0.7818314824680298,0.6234898018587336,0.8660254037844387,-0.4999999999999998,0.9679377830240642,-0.25119006388481935,163.5,249.7
2019-04-17,Telangana,SR,18.1124,79.0193,163.5,2019,4,2,107,0,1,30.9,38,165.6,218.9,137.0,176.1,28.0014880556968,188.31666666666666,0.9749279121818236,-0.22252093395631434,0.8660254037844387,-0.4999999999999998,0.9634705485641488,-0.2678143051621742,147.0,254.0
2019-04-18,Telangana,SR,18.1124,79.0193,147.0,2019,4,3,108,0,0,31.3,46,163.5,214.6,137.0,166.44285714285715,23.86153509610924,188.65,0.43388373911755823,-0.900968867902419,0.8660254037844387,-0.4999999999999998,0.9587178169872964,-0.2843591872810034,137.0,254.3
2019-04-19,Telangana,SR,18.1124,79.0193,137.0,2019,4,4,109,0,1,30.3,57,147.0,218.4,140.2,154.81428571428572,10.303790333566033,188.54333333333335,-0.433883739117558,-0.9009688679024191,0.8660254037844387,-0.4999999999999998,0.9536809966304457,-0.30081980763566735,254.3,247.7
2019-04-20,Telangana,SR,18.1124,79.0193,254.3,2019,4,5,110,1,0,30.5,56,137.0,151.8,137.0,169.45714285714286,38.782378178018604,192.45333333333332,-0.9749279121818236,-0.2225209339563146,0.8660254037844387,-0.4999999999999998,0.9483615800121715,-0.3171912885891061,254.3,218.6
2019-04-21,Telangana,SR,18.1124,79.0193,254.3,2019,4,6,111,1,0,31.2,49,254.3,156.6,137.0,183.41428571428568,49.48708345186073,196.36333333333332,-0.7818314824680299,0.6234898018587334,0.8660254037844387,-0.4999999999999998,0.9427611433904207,-0.3334687789181868,253.3,223.4
2019-04-22,Telangana,SR,18.1124,79.0193,253.3,2019,4,0,112,0,0,30.7,46,254.3,162.2,178.7,196.42857142857142,54.684236433232904,198.85,0.0,1.0,0.8660254037844387,-0.4999999999999998,0.9368813462954315,-0.3496474552512284,249.7,225.7
2019-04-23,Telangana,SR,18.1124,79.0193,249.7,2019,4,1,113,0,0,31.1,43,253.3,165.6,180.8,208.44285714285712,56.004816969699384,201.14666666666665,0.7818314824680298,0.6234898018587336,0.8660254037844387,-0.4999999999999998,0.9307239310379795,-0.36572252349726897,254.0,222.7
2019-04-24,Telangana,SR,18.1124,79.0193,254.0,2019,4,2,114,0,0,31.7,44,249.7,163.5,170.8,221.37142857142857,54.32125778752784,203.92,0.9749279121818236,-0.22252093395631434,0.8660254037844387,-0.4999999999999998,0.9242907221930933,-0.3816892202666588,254.3,225.7
2019-04-25,Telangana,SR,18.1124,79.0193,254.3,2019,4,3,115,0,0,33.0,34,254.0,147.0,169.0,236.7,43.99473453342656,206.76333333333332,0.43388373911755823,-0.900968867902419,0.8660254037844387,-0.4999999999999998,0.9175836260593937,-0.39754281428255595,247.7,208.3
2019-04-26,Telangana,SR,18.1124,79.0193,247.7,2019,4,4,116,0,0,33.6,34,254.3,137.0,168.6,252.5142857142857,2.6922286749283963,209.4,-0.433883739117558,-0.9009688679024191,0.8660254037844387,-0.4999999999999998,0.9106046300942162,-0.4132786077829042,218.6,204.8
2019-04-27,Telangana,SR,18.1124,79.0193,218.6,2019,4,5,117,1,0,33.6,36,247.7,254.3,167.3,247.41428571428574,12.96410796152616,211.11,-0.9749279121818236,-0.2225209339563146,0.8660254037844387,-0.4999999999999998,0.9033558023246845,-0.4288919379124835,223.4,179.5
2019-04-28,Telangana,SR,18.1124,79.0193,223.4,2019,4,6,118,1,0,34.2,37,218.6,254.3,159.2,243.0,15.282233693628584,213.25,-0.7818314824680299,0.6234898018587334,0.8660254037844387,-0.4999999999999998,0.895839290734909,-0.4443781781046132,225.7,169.4
2019-04-29,Telangana,SR,18.1124,79.0193,225.7,2019,4,0,119,0,0,34.3,36,223.4,253.3,223.9,239.05714285714288,15.735613232713028,213.30999999999997,0.0,1.0,0.8660254037844387,-0.4999999999999998,0.8880573226294932,-0.45973273945210397,222.7,153.7
2019-04-30,Telangana,SR,18.1124,79.0193,222.7,2019,4,1,120,0,0,34.2,39,225.7,249.7,229.2,235.20000000000002,15.998958299422988,213.09333333333333,0.7818314824680298,0.6234898018587336,0.8660254037844387,-0.4999999999999998,0.8800122039735357,-0.47495107206704995,225.7,154.1
2019-05-02,Telangana,SR,18.1124,79.0193,225.7,2019,5,3,122,0,0,34.5,27,222.7,254.0,226.8,231.15714285714284,13.893626493571272,213.05666666666667,0.43388373911755823,-0.900968867902419,0.49999999999999994,-0.8660254037844387,0.8631421280499114,-0.5049610547215204,208.3,148.7
2019-05-03,Telangana,SR,18.1124,79.0193,208.3,2019,5,4,123,0,0,33.7,23,225.7,254.3,225.6,224.58571428571432,11.851642441933349,212.48000000000002,-0.433883739117558,-0.9009688679024191,0.49999999999999994,-0.8660254037844387,0.854322169749827,-0.5197438121555155,204.8,160.2
2019-05-04,Telangana,SR,18.1124,79.0193,204.8,2019,5,5,124,1,0,33.5,23,208.3,247.7,227.8,218.45714285714286,8.534802700875026,211.7133333333333,-0.9749279121818236,-0.2225209339563146,0.49999999999999994,-0.8660254037844387,0.8452490573530633,-0.5343725582809786,179.5,166.3
2019-05-05,Telangana,SR,18.1124,79.0193,179.5,2019,5,6,125,1,0,33.7,25,204.8,218.6,229.1,212.87142857142857,17.011242780948926,210.05999999999997,-0.7818314824680299,0.6234898018587334,0.49999999999999994,-0.8660254037844387,0.8359254794186372,-0.548842958284719,169.4,184.1
2019-05-06,Telangana,SR,18.1124,79.0193,169.4,2019,5,0,126,0,0,33.8,23,179.5,223.4,219.1,205.15714285714284,22.72530580233254,208.40333333333334,0.0,1.0,0.49999999999999994,-0.8660254037844387,0.8263541987239096,-0.5631507242749186,153.7,191.1
2019-05-07,Telangana,SR,18.1124,79.0193,153.7,2019,5,1,127,0,0,34.3,24,169.4,225.7,217.3,194.87142857142857,27.640231202947373,206.28333333333333,0.7818314824680298,0.6234898018587336,0.49999999999999994,-0.8660254037844387,0.8165380514459161,-0.5772916165517272,154.1,198.7
2019-05-08,Telangana,SR,18.1124,79.0193,154.1,2019,5,2,128,0,0,34.6,27,153.7,222.7,218.5,185.07142857142858,28.282781233211807,204.13666666666668,0.9749279121818236,-0.22252093395631434,0.49999999999999994,-0.8660254037844387,0.8064799463209448,-0.5912614448635781,148.7,199.0
2019-05-09,Telangana,SR,18.1124,79.0193,148.7,2019,5,3,129,0,0,34.2,24,154.1,225.7,219.5,174.07142857142858,24.578765515902486,201.77666666666667,0.43388373911755823,-0.900968867902419,0.49999999999999994,-0.8660254037844387,0.7961828637826158,-0.6050560696488488,160.2,174.1
2019-05-10,Telangana,SR,18.1124,79.0193,160.2,2019,5,4,130,0,0,34.9,24,148.7,208.3,215.5,167.20000000000002,19.64264069144817,199.93333333333334,-0.433883739117558,-0.9009688679024191,0.49999999999999994,-0.8660254037844387,0.7856498550787147,-0.6186714032625031,166.3,167.8
2019-05-11,Telangana,SR,18.1124,79.0193,166.3,2019,5,5,131,1,0,34.2,37,160.2,204.8,218.9,161.7,10.7261363034413,198.18,-0.9749279121818236,-0.2225209339563146,0.49999999999999994,-0.8660254037844387,0.7748840413670407,-0.6321034111873487,184.1,161.1
2019-05-12,Telangana,SR,18.1124,79.0193,184.1,2019,5,6,132,1,0,33.9,37,166.3,179.5,214.6,162.35714285714286,12.056790222782839,197.16333333333333,-0.7818314824680299,0.6234898018587334,0.49999999999999994,-0.8660254037844387,0.7638886127905428,-0.6453481132295501,191.1,161.6
2019-05-13,Telangana,SR,18.1124,79.0193,191.1,2019,5,0,133,0,0,33.7,40,184.1,169.4,218.4,165.45714285714286,16.235132392731675,196.25333333333336,0.0,1.0,0.49999999999999994,-0.8660254037844387,0.7526668275320085,-0.6584015846980488,198.7,164.1
2019-05-14,Telangana,SR,18.1124,79.0193,198.7,2019,5,1,134,0,0,33.6,35,191.1,153.7,151.8,171.88571428571427,19.403816512173506,197.81666666666666,0.7818314824680298,0.6234898018587336,0.49999999999999994,-0.8660254037844387,0.7412220108485958,-0.6712599575675313,199.0,171.1
2019-05-15,Telangana,SR,18.1124,79.0193,199.0,2019,5,2,135,0,0,33.7,39,198.7,154.1,156.6,178.29999999999998,19.957872298085007,199.23,0.9749279121818236,-0.22252093395631434,0.49999999999999994,-0.8660254037844387,0.7295575540864875,-0.6839194216246106,174.1,176.0
2019-05-16,Telangana,SR,18.1124,79.0193,174.1,2019,5,3,136,0,0,34.0,37,199.0,148.7,162.2,181.92857142857142,15.48770633822355,199.62666666666667,0.43388373911755823,-0.900968867902419,0.49999999999999994,-0.8660254037844387,0.717676913675962,-0.6963762255968722,167.8,176.9
2019-05-17,Telangana,SR,18.1124,79.0193,167.8,2019,5,4,137,0,0,33.8,37,174.1,160.2,165.6,183.0142857142857,13.895134468754309,199.7,-0.433883739117558,-0.9009688679024191,0.49999999999999994,-0.8660254037844387,0.705583610107178,-0.7086266782644596,161.1,176.9
2019-05-18,Telangana,SR,18.1124,79.0193,161.1,2019,5,5,138,1,1,34.6,29,167.8,166.3,163.5,182.27142857142854,15.03027104276732,199.61999999999998,-0.9749279121818236,-0.2225209339563146,0.49999999999999994,-0.8660254037844387,0.6932812268869777,-0.7206671495538609,161.6,171.1
2019-05-19,Telangana,SR,18.1124,79.0193,161.6,2019,5,6,139,1,0,34.8,29,161.1,184.1,147.0,179.05714285714288,16.86760772831146,200.10666666666665,-0.7818314824680299,0.6234898018587334,0.49999999999999994,-0.8660254037844387,0.6807734094770161,-0.7324940716135789,164.1,219.7
2019-05-20,Telangana,SR,18.1124,79.0193,164.1,2019,5,0,140,0,0,34.0,36,161.6,191.1,137.0,175.2,16.74136593391755,201.00999999999996,0.0,1.0,0.49999999999999994,-0.8660254037844387,0.6680638642135335,-0.7441039398713607,171.1,224.9
2019-05-21,Telangana,SR,18.1124,79.0193,171.1,2019,5,1,141,0,0,34.2,38,164.1,198.7,254.3,171.2571428571429,13.14899959982477,198.23666666666668,0.7818314824680298,0.6234898018587336,0.49999999999999994,-0.8660254037844387,0.6551563572090853,-0.7554933140726803,176.0,210.7
2019-05-22,Telangana,SR,18.1124,79.0193,176.0,2019,5,2,142,0,0,34.6,37,171.1,199.0,254.3,167.97142857142856,5.981001667980232,195.62666666666667,0.9749279121818236,-0.22252093395631434,0.49999999999999994,-0.8660254037844387,0.6420547132365637,-0.766658819300159,176.9,207.4
2019-05-23,Telangana,SR,18.1124,79.0193,176.9,2019,5,3,143,0,0,34.6,42,176.0,174.1,253.3,168.3714285714286,6.527815940449175,193.07999999999998,0.43388373911755823,-0.900968867902419,0.49999999999999994,-0.8660254037844387,0.6287628145958344,-0.7775971469736269,176.9,202.5
2019-05-24,Telangana,SR,18.1124,79.0193,176.9,2019,5,4,144,0,0,34.8,39,176.9,167.8,249.7,169.67142857142858,7.260099697597067,190.65333333333334,-0.433883739117558,-0.9009688679024191,0.49999999999999994,-0.8660254037844387,0.6152845999633276,-0.7883050558305255,171.1,202.7
2019-05-25,Telangana,SR,18.1124,79.0193,171.1,2019,5,5,145,1,0,35.2,34,176.9,161.1,254.0,171.1,6.1986557682561045,187.89,-0.9749279121818236,-0.2225209339563146,0.49999999999999994,-0.8660254037844387,0.6016240632249226,-0.7987793728863649,219.7,208.6
2019-05-26,Telangana,SR,18.1124,79.0193,219.7,2019,5,6,146,1,0,35.8,28,171.1,161.6,254.3,179.4,18.348569426524797,186.73666666666668,-0.7818314824680299,0.6234898018587334,0.49999999999999994,-0.8660254037844387,0.5877852522924732,-0.8090169943749473,224.9,143.2
2019-05-27,Telangana,SR,18.1124,79.0193,224.9,2019,5,0,147,0,0,36.3,26,219.7,164.1,247.7,188.08571428571426,23.551675706230085,185.97666666666666,0.0,1.0,0.49999999999999994,-0.8660254037844387,0.5737722679043246,-0.8190148866680801,210.7,146.8
2019-05-28,Telangana,SR,18.1124,79.0193,210.7,2019,5,1,148,0,0,35.9,33,224.9,171.1,218.6,193.74285714285716,23.547672011110915,185.7133333333333,0.7818314824680298,0.6234898018587336,0.49999999999999994,-0.8660254037844387,0.5595892624101765,-0.8287700871745038,207.4,146.2
2019-05-29,Telangana,SR,18.1124,79.0193,207.4,2019,5,2,149,0,0,35.6,39,210.7,176.0,223.4,198.22857142857143,22.575112719224972,185.18,0.9749279121818236,-0.22252093395631434,0.49999999999999994,-0.8660254037844387,0.545240438540651,-0.8382797052177744,202.5,145.2
2019-05-30,Telangana,SR,18.1124,79.0193,202.5,2019,5,3,150,0,0,34.6,44,207.4,176.9,225.7,201.8857142857143,20.52449175752619,184.4066666666667,0.43388373911755823,-0.900968867902419,0.49999999999999994,-0.8660254037844387,0.5307300481619334,-0.8475409228928311,202.7,149.4
2019-05-31,Telangana,SR,18.1124,79.0193,202.7,2019,5,4,151,0,0,34.4,48,202.5,176.9,222.7,205.57142857142858,17.36286403848876,183.73999999999998,-0.433883739117558,-0.9009688679024191,0.49999999999999994,-0.8660254037844387,0.5160623910158528,-0.8565509959010036,208.6,149.4
2019-06-02,Telangana,SR,18.1124,79.0193,208.6,2019,6,6,153,1,0,35.0,39,202.7,171.1,225.7,210.92857142857142,8.453936811867353,183.17,-0.7818314824680299,0.6234898018587334,1.2246467991473532e-16,-1.0,0.48627270710868997,-0.8738071036110808,143.2,141.9
2019-06-03,Telangana,SR,18.1124,79.0193,143.2,2019,6,0,154,0,0,33.8,45,208.6,219.7,208.3,200.0,26.15020713748426,181.0,0.0,1.0,1.2246467991473532e-16,-1.0,0.4711595076738638,-0.8820480249558537,146.8,181.9
2019-06-04,Telangana,SR,18.1124,79.0193,146.8,2019,6,1,155,0,0,33.8,47,143.2,224.9,204.8,188.84285714285713,30.116045399025914,179.06666666666666,0.7818314824680298,0.6234898018587336,1.2246467991473532e-16,-1.0,0.4559066935084588,-0.8900275764346767,146.2,184.4
2019-06-05,Telangana,SR,18.1124,79.0193,146.2,2019,6,2,156,0,1,35.0,41,146.8,210.7,179.5,179.62857142857143,32.11493496208652,177.95666666666668,0.9749279121818236,-0.22252093395631434,1.2246467991473532e-16,-1.0,0.440518784350495,-0.8977433935342337,145.2,185.8
2019-06-06,Telangana,SR,18.1124,79.0193,145.2,2019,6,3,157,0,0,34.6,43,146.2,207.4,169.4,170.7428571428571,31.753207562011596,177.15,0.43388373911755823,-0.900968867902419,1.2246467991473532e-16,-1.0,0.42500033996955416,-0.9051931898913974,149.4,184.0
2019-06-07,Telangana,SR,18.1124,79.0193,149.4,2019,6,4,158,0,0,33.8,46,145.2,202.5,153.7,163.15714285714284,29.137024392964186,177.00666666666666,-0.433883739117558,-0.9009688679024191,1.2246467991473532e-16,-1.0,0.4093559588156213,-0.9123747579707273,149.4,176.9
2019-06-08,Telangana,SR,18.1124,79.0193,149.4,2019,6,5,159,1,0,32.8,49,149.4,202.7,154.1,155.54285714285714,23.50027355463882,176.85,-0.9749279121818236,-0.2225209339563146,1.2246467991473532e-16,-1.0,0.39359027665646673,-0.9192859697186104,141.9,157.7
2019-06-09,Telangana,SR,18.1124,79.0193,141.9,2019,6,6,160,1,0,34.0,44,149.4,208.6,148.7,146.0142857142857,2.8603196624552503,176.62333333333333,-0.7818314824680299,0.6234898018587334,1.2246467991473532e-16,-1.0,0.3777079652039649,-0.9259247771938498,181.9,140.1
2019-06-10,Telangana,SR,18.1124,79.0193,181.9,2019,6,0,161,0,0,33.5,46,141.9,143.2,160.2,151.54285714285717,13.632052565290996,177.34666666666666,0.0,1.0,1.2246467991473532e-16,-1.0,0.36171373072976765,-0.9322892131745133,184.4,172.2
2019-06-11,Telangana,SR,18.1124,79.0193,184.4,2019,6,1,162,0,0,34.1,42,181.9,146.8,166.3,156.91428571428574,18.12056185400336,177.95,0.7818314824680298,0.6234898018587336,1.2246467991473532e-16,-1.0,0.3456123126707335,-0.9383773917408641,185.8,173.0
2019-06-12,Telangana,SR,18.1124,79.0193,185.8,2019,6,2,163,0,0,33.3,45,184.4,146.2,184.1,162.57142857142858,20.271878245960526,178.0066666666667,0.9749279121818236,-0.22252093395631434,1.2246467991473532e-16,-1.0,0.3294084822245304,-0.9441875088341993,184.0,171.3
2019-06-13,Telangana,SR,18.1124,79.0193,184.0,2019,6,3,164,0,0,32.5,48,185.8,145.2,191.1,168.1142857142857,20.033507645228497,177.77,0.43388373911755823,-0.900968867902419,1.2246467991473532e-16,-1.0,0.3131070409358269,-0.9497178427914316,176.9,175.1
2019-06-14,Telangana,SR,18.1124,79.0193,176.9,2019,6,4,165,0,0,32.4,49,184.0,149.4,198.7,172.04285714285714,18.38013938493188,177.04333333333335,-0.433883739117558,-0.9009688679024191,1.2246467991473532e-16,-1.0,0.29671281927349075,-0.9549667548552551,157.7,172.5
2019-06-15,Telangana,SR,18.1124,79.0193,157.7,2019,6,5,166,1,0,33.4,41,176.9,149.4,199.0,173.22857142857146,16.882704590370427,175.66666666666666,-0.9749279121818236,-0.2225209339563146,1.2246467991473532e-16,-1.0,0.28023067519921585,-0.9599326896597447,140.1,172.6
2019-06-16,Telangana,SR,18.1124,79.0193,140.1,2019,6,6,167,1,0,33.8,40,157.7,141.9,174.1,172.97142857142856,17.4437872689882,174.53333333333333,-0.7818314824680299,0.6234898018587334,1.2246467991473532e-16,-1.0,0.26366549272800704,-0.9646141756912435,172.2,171.1
2019-06-17,Telangana,SR,18.1124,79.0193,172.2,2019,6,0,168,0,0,32.7,44,140.1,181.9,167.8,171.58571428571432,16.99582581806767,174.67999999999998,0.0,1.0,1.2246467991473532e-16,-1.0,0.24702218048093552,-0.9690098257244062,173.0,211.8
2019-06-18,Telangana,SR,18.1124,79.0193,173.0,2019,6,1,169,0,0,33.2,40,172.2,184.4,161.1,169.95714285714286,16.08507145801734,175.07666666666668,0.7818314824680298,0.6234898018587336,1.2246467991473532e-16,-1.0,0.23030567023061221,-0.9731183372332619,171.3,216.6
2019-06-19,Telangana,SR,18.1124,79.0193,171.3,2019,6,2,170,0,0,33.7,40,173.0,185.8,161.6,167.8857142857143,14.56679197941086,175.4,0.9749279121818236,-0.22252093395631434,1.2246467991473532e-16,-1.0,0.21352091543979612,-0.9769384927771817,175.1,216.3
2019-06-20,Telangana,SR,18.1124,79.0193,175.1,2019,6,3,171,0,0,31.5,57,171.3,184.0,164.1,166.6142857142857,13.255241550851819,175.76666666666668,0.43388373911755823,-0.900968867902419,1.2246467991473532e-16,-1.0,0.19667288979357647,-0.980469160361632,172.5,218.9
2019-06-21,Telangana,SR,18.1124,79.0193,172.5,2019,6,4,172,0,0,28.4,74,175.1,176.9,171.1,165.9857142857143,12.782074501872867,175.81333333333333,-0.433883739117558,-0.9009688679024191,1.2246467991473532e-16,-1.0,0.1797665857255624,-0.9837092937736097,172.6,217.2
2019-06-22,Telangana,SR,18.1124,79.0193,172.6,2019,6,5,173,1,0,27.4,76,172.5,157.7,176.0,168.1142857142857,12.407447840098376,175.7,-0.9749279121818236,-0.2225209339563146,1.2246467991473532e-16,-1.0,0.16280701293851715,-0.986657932891657,171.1,213.6
2019-06-23,Telangana,SR,18.1124,79.0193,171.1,2019,6,6,174,1,0,28.3,73,172.6,140.1,176.9,172.54285714285714,1.3226956602045385,175.5066666666667,-0.7818314824680299,0.6234898018587334,1.2246467991473532e-16,-1.0,0.1457991969198751,-0.9893142039703663,211.8,208.0
2019-06-24,Telangana,SR,18.1124,79.0193,211.8,2019,6,0,175,0,0,28.6,72,171.1,172.2,176.9,178.20000000000002,14.874362731447265,176.67,0.0,1.0,1.2246467991473532e-16,-1.0,0.12874817745258132,-0.99167731989929,216.6,217.8
2019-06-25,Telangana,SR,18.1124,79.0193,216.6,2019,6,1,176,0,0,29.3,69,211.8,173.0,171.1,184.42857142857142,20.426430124205474,178.18666666666667,0.7818314824680298,0.6234898018587336,1.2246467991473532e-16,-1.0,0.11165900712169512,-0.993746580436178,216.3,217.9
2019-06-26,Telangana,SR,18.1124,79.0193,216.3,2019,6,2,177,0,0,29.7,68,216.6,171.3,219.7,190.85714285714286,22.574237317707823,178.07333333333332,0.9749279121818236,-0.22252093395631434,1.2246467991473532e-16,-1.0,0.09453674981719912,-0.9955213724144752,218.9,217.8
2019-06-27,Telangana,SR,18.1124,79.0193,218.9,2019,6,3,178,0,0,30.9,59,216.3,175.1,224.9,197.11428571428573,23.52880706505888,177.87333333333333,0.43388373911755823,-0.900968867902419,1.2246467991473532e-16,-1.0,0.07738647923346301,-0.9970011699250151,217.2,204.2
2019-06-28,Telangana,SR,18.1124,79.0193,217.2,2019,6,4,179,0,0,29.6,65,218.9,172.5,210.7,203.5,21.73231081439195,178.09,-0.433883739117558,-0.9009688679024191,1.2246467991473532e-16,-1.0,0.06021327736579302,-0.9981855344718586,213.6,193.4
2019-06-29,Telangana,SR,18.1124,79.0193,213.6,2019,6,5,180,1,0,25.8,84,217.2,172.6,207.4,209.35714285714286,17.033384586634437,178.29666666666665,-0.9749279121818236,-0.2225209339563146,1.2246467991473532e-16,-1.0,0.04302223300453059,-0.99907411510223,208.0,210.6
2019-06-30,Telangana,SR,18.1124,79.0193,208.0,2019,6,6,181,1,0,25.2,84,213.6,171.1,202.5,214.62857142857143,3.753538013535184,178.48,-0.7818314824680299,0.6234898018587334,1.2246467991473532e-16,-1.0,0.02581844022713308,-0.9996666485105112,217.8,212.1
2019-07-01,Telangana,SR,18.1124,79.0193,217.8,2019,7,0,182,0,0,25.4,84,208.0,211.8,202.7,215.48571428571427,3.6843943742178467,178.98333333333332,0.0,1.0,-0.4999999999999997,-0.8660254037844388,0.008606996888688698,-0.9999629591162655,217.9,144.45
2019-07-02,Telangana,SR,18.1124,79.0193,217.9,2019,7,1,183,0,0,26.3,79,217.8,216.6,208.6,215.67142857142858,3.781408152931111,179.29333333333335,0.7818314824680298,0.6234898018587336,-0.4999999999999997,-0.8660254037844388,-0.008606996888688009,-0.9999629591162655,217.8,142.65
2019-07-03,Telangana,SR,18.1124,79.0193,217.8,2019,7,2,184,0,0,26.5,75,217.9,216.3,143.2,215.8857142857143,3.864551966886744,181.78,0.9749279121818236,-0.22252093395631434,-0.4999999999999997,-0.8660254037844388,-0.02581844022713239,-0.9996666485105112,204.2,145.45
2019-07-04,Telangana,SR,18.1124,79.0193,204.2,2019,7,3,185,0,0,28.5,68,217.8,218.9,146.8,213.78571428571428,5.570885199388678,183.69333333333333,0.43388373911755823,-0.900968867902419,-0.4999999999999997,-0.8660254037844388,-0.04302223300453034,-0.99907411510223,193.4,166.2
2019-07-05,Telangana,SR,18.1124,79.0193,193.4,2019,7,4,186,0,0,27.8,71,204.2,217.2,146.2,210.3857142857143,9.212388139787661,185.26666666666668,-0.433883739117558,-0.9009688679024191,-0.4999999999999997,-0.8660254037844388,-0.060213277365792774,-0.9981855344718586,210.6,192.7
2019-07-06,Telangana,SR,18.1124,79.0193,210.6,2019,7,5,187,1,0,27.6,68,193.4,213.6,145.2,209.95714285714286,9.107113912185838,187.44666666666666,-0.9749279121818236,-0.2225209339563146,-0.4999999999999997,-0.8660254037844388,-0.07738647923346322,-0.9970011699250151,212.1,197.2
2019-07-07,Telangana,SR,18.1124,79.0193,212.1,2019,7,6,188,1,0,28.2,67,210.6,208.0,149.4,210.54285714285714,9.092094944301651,189.5366666666667,-0.7818314824680299,0.6234898018587334,-0.4999999999999997,-0.8660254037844388,-0.09453674981719933,-0.9955213724144752,144.45,190.4
2019-07-08,Telangana,SR,18.1124,79.0193,144.45,2019,7,0,189,0,0,28.9,65,212.1,217.8,149.4,200.06428571428572,25.958279255466156,189.37166666666664,0.0,1.0,-0.4999999999999997,-0.8660254037844388,-0.11165900712169444,-0.9937465804361781,142.65,177.5
2019-07-09,Telangana,SR,18.1124,79.0193,142.65,2019,7,1,190,0,0,28.0,68,144.45,217.9,141.9,189.3142857142857,32.17748584395765,189.39666666666665,0.7818314824680298,0.6234898018587336,-0.4999999999999997,-0.8660254037844388,-0.12874817745258066,-0.99167731989929,145.45,174.0
2019-07-10,Telangana,SR,18.1124,79.0193,145.45,2019,7,2,191,0,0,28.7,64,142.65,217.8,181.9,178.97857142857143,33.10889680462103,188.1816666666667,0.9749279121818236,-0.22252093395631434,-0.4999999999999997,-0.8660254037844388,-0.14579919691987442,-0.9893142039703664,166.2,225.2
2019-07-11,Telangana,SR,18.1124,79.0193,166.2,2019,7,3,192,0,0,27.5,71,145.45,204.2,184.4,173.54999999999998,31.3530434461047,187.575,0.43388373911755823,-0.900968867902419,-0.4999999999999997,-0.8660254037844388,-0.16280701293851646,-0.9866579328916572,192.7,229.8
2019-07-12,Telangana,SR,18.1124,79.0193,192.7,2019,7,4,193,0,0,28.1,68,166.2,193.4,185.8,173.45,31.280212062367195,187.80499999999998,-0.433883739117558,-0.9009688679024191,-0.4999999999999997,-0.8660254037844388,-0.17976658572556214,-0.9837092937736098,197.2,231.2
2019-07-13,Telangana,SR,18.1124,79.0193,197.2,2019,7,5,194,1,0,28.4,67,192.7,210.6,184.0,171.53571428571428,28.951104099350395,188.24499999999998,-0.9749279121818236,-0.2225209339563146,-0.4999999999999997,-0.8660254037844388,-0.19667288979357622,-0.9804691603616321,190.4,218.0
2019-07-14,Telangana,SR,18.1124,79.0193,190.4,2019,7,6,195,1,0,28.5,68,197.2,212.1,176.9,168.43571428571428,24.73906684924519,188.69500000000002,-0.7818314824680299,0.6234898018587334,-0.4999999999999997,-0.8660254037844388,-0.2135209154397959,-0.9769384927771817,177.5,225.6
2019-07-15,Telangana,SR,18.1124,79.0193,177.5,2019,7,0,196,0,0,29.0,65,190.4,144.45,157.7,173.15714285714284,22.4459801258381,189.35500000000002,0.0,1.0,-0.4999999999999997,-0.8660254037844388,-0.23030567023061196,-0.973118337233262,174.0,224.6
2019-07-16,Telangana,SR,18.1124,79.0193,174.0,2019,7,1,197,0,0,30.0,59,177.5,142.65,140.1,177.63571428571427,18.039556403584104,190.485,0.7818314824680298,0.6234898018587336,-0.4999999999999997,-0.8660254037844388,-0.24702218048093527,-0.9690098257244063,225.2,222.0
2019-07-17,Telangana,SR,18.1124,79.0193,225.2,2019,7,2,198,0,0,30.6,56,174.0,145.45,172.2,189.02857142857144,19.452567464280435,192.25166666666667,0.9749279121818236,-0.22252093395631434,-0.4999999999999997,-0.8660254037844388,-0.2636654927280072,-0.9646141756912435,229.8,195.8
2019-07-18,Telangana,SR,18.1124,79.0193,229.8,2019,7,3,199,0,0,29.6,63,225.2,166.2,173.0,198.1142857142857,21.73219030006178,194.145,0.43388373911755823,-0.900968867902419,-0.4999999999999997,-0.8660254037844388,-0.2802306751992161,-0.9599326896597445,231.2,203.3
2019-07-19,Telangana,SR,18.1124,79.0193,231.2,2019,7,4,200,0,0,27.1,79,229.8,192.7,171.3,203.6142857142857,24.79021504353619,196.14166666666668,-0.433883739117558,-0.9009688679024191,-0.4999999999999997,-0.8660254037844388,-0.2967128192734901,-0.9549667548552553,218.0,205.3
2019-07-20,Telangana,SR,18.1124,79.0193,218.0,2019,7,5,201,1,0,26.5,84,231.2,197.2,175.1,206.58571428571426,25.137384415211187,197.5716666666667,-0.9749279121818236,-0.2225209339563146,-0.4999999999999997,-0.8660254037844388,-0.3131070409358267,-0.9497178427914317,225.6,205.5
2019-07-21,Telangana,SR,18.1124,79.0193,225.6,2019,7,6,202,1,0,28.1,72,218.0,190.4,172.5,211.6142857142857,24.879337382081488,199.34166666666667,-0.7818314824680299,0.6234898018587334,-0.4999999999999997,-0.8660254037844388,-0.3294084822245302,-0.9441875088341994,224.6,212.4
2019-07-22,Telangana,SR,18.1124,79.0193,224.6,2019,7,0,203,0,0,28.1,74,225.6,177.5,172.6,218.34285714285716,20.007569995950742,201.075,0.0,1.0,-0.4999999999999997,-0.8660254037844388,-0.3456123126707333,-0.9383773917408642,222.0,211.4
2019-07-23,Telangana,SR,18.1124,79.0193,222.0,2019,7,1,204,0,0,27.9,76,224.6,174.0,171.1,225.20000000000002,4.467661580739269,202.77166666666665,0.7818314824680298,0.6234898018587336,-0.4999999999999997,-0.8660254037844388,-0.3617137307297674,-0.9322892131745134,195.8,209.9
2019-07-24,Telangana,SR,18.1124,79.0193,195.8,2019,7,2,205,0,0,28.8,68,222.0,225.2,211.8,221.0,11.9766439372644,202.23833333333334,0.9749279121818236,-0.22252093395631434,-0.4999999999999997,-0.8660254037844388,-0.37770796520396466,-0.9259247771938499,203.3,166.1
2019-07-25,Telangana,SR,18.1124,79.0193,203.3,2019,7,3,206,0,0,28.2,71,195.8,229.8,216.6,217.21428571428572,12.88518898728715,201.79500000000002,0.43388373911755823,-0.900968867902419,-0.4999999999999997,-0.8660254037844388,-0.39359027665646645,-0.9192859697186105,205.3,171.0
2019-07-26,Telangana,SR,18.1124,79.0193,205.3,2019,7,4,207,0,0,24.8,89,203.3,231.2,216.3,213.5142857142857,11.879173452087127,201.4283333333333,-0.433883739117558,-0.9009688679024191,-0.4999999999999997,-0.8660254037844388,-0.4093559588156211,-0.9123747579707274,205.5,172.7
2019-07-27,Telangana,SR,18.1124,79.0193,205.5,2019,7,5,208,1,0,25.0,84,205.3,218.0,218.9,211.72857142857143,12.031031305990501,200.98166666666665,-0.9749279121818236,-0.2225209339563146,-0.4999999999999997,-0.8660254037844388,-0.42500033996955394,-0.9051931898913975,212.4,170.2
2019-07-28,Telangana,SR,18.1124,79.0193,212.4,2019,7,6,209,1,0,24.3,88,205.5,225.6,217.2,209.84285714285716,10.421269459277305,200.8216666666667,-0.7818314824680299,0.6234898018587334,-0.4999999999999997,-0.8660254037844388,-0.4405187843504952,-0.8977433935342336,211.4,149.4
2019-07-29,Telangana,SR,18.1124,79.0193,211.4,2019,7,0,210,0,0,24.2,88,212.4,224.6,213.6,207.95714285714286,8.280269146764825,200.74833333333333,0.0,1.0,-0.4999999999999997,-0.8660254037844388,-0.455906693508459,-0.8900275764346766,209.9,149.4
2019-07-30,Telangana,SR,18.1124,79.0193,209.9,2019,7,1,211,0,0,24.8,84,211.4,222.0,208.0,206.22857142857143,5.730536416344938,200.81166666666667,0.7818314824680298,0.6234898018587336,-0.4999999999999997,-0.8660254037844388,-0.47115950767386394,-0.8820480249558535,166.1,144.8
2019-07-31,Telangana,SR,18.1124,79.0193,166.1,2019,7,2,212,0,0,25.8,79,209.9,195.8,217.8,201.9857142857143,16.189340996617762,199.0883333333333,0.9749279121818236,-0.22252093395631434,-0.4999999999999997,-0.8660254037844388,-0.4862727071086902,-0.8738071036110807,171.0,144.2
2019-08-01,Telangana,SR,18.1124,79.0193,171.0,2019,8,3,213,0,0,25.8,79,166.1,203.3,217.9,197.3714285714286,19.924500352222626,197.525,0.43388373911755823,-0.900968867902419,-0.8660254037844385,-0.5000000000000004,-0.5012418134457756,-0.8653072543632061,172.7,149.5
2019-08-02,Telangana,SR,18.1124,79.0193,172.7,2019,8,4,214,0,0,23.7,89,171.0,205.3,217.8,192.71428571428572,21.50933352225104,196.02166666666665,-0.433883739117558,-0.9009688679024191,-0.8660254037844385,-0.5000000000000004,-0.5160623910158526,-0.8565509959010037,170.2,151.3
2019-08-03,Telangana,SR,18.1124,79.0193,170.2,2019,8,5,215,1,0,23.9,87,172.7,205.5,204.2,187.67142857142858,22.140890849716275,194.88833333333335,-0.9749279121818236,-0.2225209339563146,-0.8660254037844385,-0.5000000000000004,-0.5307300481619331,-0.8475409228928312,149.4,159.8
2019-08-04,Telangana,SR,18.1124,79.0193,149.4,2019,8,6,216,1,0,25.1,81,170.2,212.4,193.4,178.67142857142858,23.19308189135387,193.42166666666665,-0.7818314824680299,0.6234898018587334,-0.8660254037844385,-0.5000000000000004,-0.5452404385406507,-0.8382797052177745,149.4,166.9
2019-08-05,Telangana,SR,18.1124,79.0193,149.4,2019,8,0,217,0,0,26.1,79,149.4,211.4,210.6,169.8142857142857,20.265029695794297,191.38166666666666,0.0,1.0,-0.8660254037844385,-0.5000000000000004,-0.5595892624101763,-0.828770087174504,144.8,173.3
2019-08-06,Telangana,SR,18.1124,79.0193,144.8,2019,8,1,218,0,0,24.9,87,149.4,209.9,212.1,160.51428571428573,12.093032232298954,189.13833333333332,0.7818314824680298,0.6234898018587336,-0.8660254037844385,-0.5000000000000004,-0.5737722679043243,-0.8190148866680802,144.2,168.1
2019-08-08,Telangana,SR,18.1124,79.0193,144.2,2019,8,3,220,0,0,25.4,82,144.8,166.1,144.45,157.3857142857143,13.19020199130477,189.13,0.43388373911755823,-0.900968867902419,-0.8660254037844385,-0.5000000000000004,-0.6016240632249227,-0.7987793728863648,149.5,247.4
2019-08-09,Telangana,SR,18.1124,79.0193,149.5,2019,8,4,221,0,0,27.2,72,144.2,171.0,142.65,154.31428571428572,11.93516213706734,189.35833333333332,-0.433883739117558,-0.9009688679024191,-0.8660254037844385,-0.5000000000000004,-0.6152845999633277,-0.7883050558305253,151.3,252.5
2019-08-10,Telangana,SR,18.1124,79.0193,151.3,2019,8,5,222,1,0,27.3,72,149.5,172.7,145.45,151.25714285714284,8.75896819320137,189.5533333333333,-0.9749279121818236,-0.2225209339563146,-0.8660254037844385,-0.5000000000000004,-0.6287628145958345,-0.7775971469736268,159.8,254.3
2019-08-11,Telangana,SR,18.1124,79.0193,159.8,2019,8,6,223,1,0,27.2,71,151.3,170.2,166.2,149.77142857142857,5.1480463238368355,189.34,-0.7818314824680299,0.6234898018587334,-0.8660254037844385,-0.5000000000000004,-0.6420547132365636,-0.7666588193001592,166.9,250.3
2019-08-12,Telangana,SR,18.1124,79.0193,166.9,2019,8,0,224,0,1,27.0,76,159.8,149.4,192.7,152.27142857142857,8.251406806460588,188.48,0.0,1.0,-0.8660254037844385,-0.5000000000000004,-0.655156357209085,-0.7554933140726804,173.3,254.3
2019-08-13,Telangana,SR,18.1124,79.0193,173.3,2019,8,1,225,0,0,26.3,83,166.9,149.4,197.2,155.68571428571428,11.261058057368306,187.68333333333334,0.7818314824680298,0.6234898018587336,-0.8660254037844385,-0.5000000000000004,-0.6680638642135333,-0.7441039398713608,168.1,252.2
2019-08-14,Telangana,SR,18.1124,79.0193,168.1,2019,8,2,226,0,0,26.0,85,173.3,144.8,190.4,159.01428571428573,10.946297482318888,186.94,0.9749279121818236,-0.22252093395631434,-0.8660254037844385,-0.5000000000000004,-0.6807734094770159,-0.7324940716135792,247.4,249.5
2019-08-15,Telangana,SR,18.1124,79.0193,247.4,2019,8,3,227,0,1,27.0,78,168.1,144.2,177.5,173.75714285714284,33.64034567513917,189.26999999999998,0.43388373911755823,-0.900968867902419,-0.8660254037844385,-0.5000000000000004,-0.6932812268869771,-0.7206671495538615,252.5,204.5
2019-08-16,Telangana,SR,18.1124,79.0193,252.5,2019,8,4,228,0,0,27.9,74,247.4,149.5,174.0,188.47142857142856,42.59595889618776,191.88666666666666,-0.433883739117558,-0.9009688679024191,-0.8660254037844385,-0.5000000000000004,-0.7055836101071774,-0.70862667826446,254.3,208.6
2019-08-17,Telangana,SR,18.1124,79.0193,254.3,2019,8,5,229,1,0,27.8,72,252.5,151.3,225.2,203.1857142857143,45.31851823745017,192.85666666666665,-0.9749279121818236,-0.2225209339563146,-0.8660254037844385,-0.5000000000000004,-0.7176769136759615,-0.6963762255968726,250.3,211.7
2019-08-18,Telangana,SR,18.1124,79.0193,250.3,2019,8,6,230,1,0,26.6,80,254.3,159.8,229.8,216.11428571428573,43.76072929661298,193.54,-0.7818314824680299,0.6234898018587334,-0.8660254037844385,-0.5000000000000004,-0.7295575540864876,-0.6839194216246105,254.3,215.6
2019-08-19,Telangana,SR,18.1124,79.0193,254.3,2019,8,0,231,0,0,26.9,80,250.3,166.9,231.2,228.6,39.654465910748115,194.31,0.0,1.0,-0.8660254037844385,-0.5000000000000004,-0.7412220108485957,-0.6712599575675315,252.2,214.2
2019-08-20,Telangana,SR,18.1124,79.0193,252.2,2019,8,1,232,0,0,26.6,82,254.3,173.3,218.0,239.8714285714286,31.739602722031712,195.45,0.7818314824680298,0.6234898018587336,-0.8660254037844385,-0.5000000000000004,-0.7526668275320083,-0.6584015846980489,249.5,216.1
2019-08-21,Telangana,SR,18.1124,79.0193,249.5,2019,8,2,233,0,0,25.8,85,252.2,168.1,225.6,251.5,2.5632011236002574,196.2466666666667,0.9749279121818236,-0.22252093395631434,-0.8660254037844385,-0.5000000000000004,-0.7638886127905429,-0.64534811322955,204.5,216.4
2019-08-22,Telangana,SR,18.1124,79.0193,204.5,2019,8,3,234,0,0,25.8,84,249.5,247.4,224.6,245.3714285714286,18.113964620859175,195.57666666666668,0.43388373911755823,-0.900968867902419,-0.8660254037844385,-0.5000000000000004,-0.7748840413670406,-0.6321034111873488,208.6,199.8
2019-08-23,Telangana,SR,18.1124,79.0193,208.6,2019,8,4,235,0,0,24.6,89,204.5,252.5,222.0,239.1,22.34091910971185,195.13,-0.433883739117558,-0.9009688679024191,-0.8660254037844385,-0.5000000000000004,-0.7856498550787144,-0.6186714032625032,211.7,194.5
2019-08-24,Telangana,SR,18.1124,79.0193,211.7,2019,8,5,236,1,1,26.5,75,208.6,254.3,195.8,233.01428571428573,23.29223250867367,195.66,-0.9749279121818236,-0.2225209339563146,-0.8660254037844385,-0.5000000000000004,-0.7961828637826154,-0.6050560696488494,215.6,161.5
2019-08-25,Telangana,SR,18.1124,79.0193,215.6,2019,8,6,237,1,0,26.4,75,211.7,250.3,203.3,228.05714285714285,22.684859645650768,196.07,-0.7818314824680299,0.6234898018587334,-0.8660254037844385,-0.5000000000000004,-0.8064799463209447,-0.5912614448635782,214.2,167.1
2019-08-26,Telangana,SR,18.1124,79.0193,214.2,2019,8,0,238,0,0,26.7,70,215.6,254.3,205.3,222.32857142857142,19.837818620480004,196.36666666666667,0.0,1.0,-0.8660254037844385,-0.5000000000000004,-0.8165380514459157,-0.5772916165517278,216.1,165.1
2019-08-27,Telangana,SR,18.1124,79.0193,216.1,2019,8,1,239,0,0,26.9,66,214.2,252.2,205.5,217.17142857142855,14.841126898556642,196.72,0.7818314824680298,0.6234898018587336,-0.8660254037844385,-0.5000000000000004,-0.8263541987239094,-0.5631507242749187,216.4,167.0
2019-08-28,Telangana,SR,18.1124,79.0193,216.4,2019,8,2,240,0,0,27.6,64,216.1,249.5,212.4,212.44285714285712,4.481390090459564,196.85333333333332,0.9749279121818236,-0.22252093395631434,-0.8660254037844385,-0.5000000000000004,-0.8359254794186365,-0.5488429582847199,199.8,169.4
2019-08-29,Telangana,SR,18.1124,79.0193,199.8,2019,8,3,241,0,0,27.5,73,216.4,204.5,211.4,211.77142857142854,5.973473106358869,196.46666666666667,0.43388373911755823,-0.900968867902419,-0.8660254037844385,-0.5000000000000004,-0.8452490573530634,-0.5343725582809785,194.5,241.2
2019-08-30,Telangana,SR,18.1124,79.0193,194.5,2019,8,4,242,0,0,26.7,81,199.8,208.6,209.9,209.75714285714284,8.88760506601946,195.95333333333332,-0.433883739117558,-0.9009688679024191,-0.8660254037844385,-0.5000000000000004,-0.8543221697498269,-0.5197438121555157,161.5,247.4
2019-08-31,Telangana,SR,18.1124,79.0193,161.5,2019,8,5,243,1,0,25.9,83,194.5,211.7,166.1,202.58571428571426,20.16146725575225,195.8,-0.9749279121818236,-0.2225209339563146,-0.8660254037844385,-0.5000000000000004,-0.8631421280499115,-0.5049610547215202,167.1,254.3
2019-09-01,Telangana,SR,18.1124,79.0193,167.1,2019,9,6,244,1,0,25.1,86,161.5,215.6,171.0,195.65714285714287,23.06778830193442,195.67000000000002,-0.7818314824680299,0.6234898018587334,-1.0,-1.8369701987210297e-16,-0.8717063187093217,-0.4900286664290594,165.1,247.4
2019-09-02,Telangana,SR,18.1124,79.0193,165.1,2019,9,0,245,0,0,24.5,85,167.1,214.2,172.7,188.64285714285714,23.938243958350967,195.41666666666666,0.0,1.0,-1.0,-1.8369701987210297e-16,-0.8800122039735356,-0.4749510720670502,167.0,236.7
2019-09-03,Telangana,SR,18.1124,79.0193,167.0,2019,9,1,246,0,0,25.1,86,165.1,216.1,170.2,181.62857142857143,21.634672348317352,195.30999999999997,0.7818314824680298,0.6234898018587336,-1.0,-1.8369701987210297e-16,-0.888057322629493,-0.4597327394521046,169.4,236.8
2019-09-04,Telangana,SR,18.1124,79.0193,169.4,2019,9,2,247,0,0,25.3,86,167.0,216.4,149.4,174.91428571428574,15.455681649092428,195.97666666666666,0.9749279121818236,-0.22252093395631434,-1.0,-1.8369701987210297e-16,-0.8958392907349089,-0.4443781781046134,241.2,174.7
2019-09-05,Telangana,SR,18.1124,79.0193,241.2,2019,9,3,248,0,0,26.4,80,169.4,199.8,149.4,180.82857142857142,28.76025696951229,199.0366666666667,0.43388373911755823,-0.900968867902419,-1.0,-1.8369701987210297e-16,-0.9033558023246842,-0.4288919379124841,247.4,182.5
2019-09-06,Telangana,SR,18.1124,79.0193,247.4,2019,9,4,249,0,0,25.3,84,241.2,194.5,144.8,188.3857142857143,38.314463264387484,202.45666666666665,-0.433883739117558,-0.9009688679024191,-1.0,-1.8369701987210297e-16,-0.9106046300942162,-0.41327860778290443,254.3,185.7
2019-09-08,Telangana,SR,18.1124,79.0193,254.3,2019,9,6,251,1,0,25.9,82,247.4,161.5,144.2,201.64285714285714,43.20412237826616,206.12666666666667,-0.7818314824680299,0.6234898018587334,-1.0,-1.8369701987210297e-16,-0.9242907221930934,-0.3816892202666586,247.4,183.3
2019-09-09,Telangana,SR,18.1124,79.0193,247.4,2019,9,0,252,0,0,27.0,75,254.3,167.1,149.5,213.1142857142857,43.164276455244504,209.39000000000001,0.0,1.0,-1.0,-1.8369701987210297e-16,-0.9307239310379793,-0.3657225234972692,236.7,182.0
2019-09-10,Telangana,SR,18.1124,79.0193,236.7,2019,9,1,253,0,1,27.3,72,247.4,165.1,151.3,223.34285714285716,38.073344006135585,212.23666666666668,0.7818314824680298,0.6234898018587336,-1.0,-1.8369701987210297e-16,-0.9368813462954315,-0.34964745525122826,236.8,165.9
2019-09-11,Telangana,SR,18.1124,79.0193,236.8,2019,9,2,254,0,0,27.1,73,236.7,167.0,159.8,233.31428571428572,28.89073834128824,214.80333333333334,0.9749279121818236,-0.22252093395631434,-1.0,-1.8369701987210297e-16,-0.9427611433904206,-0.33346877891818705,174.7,170.3
2019-09-12,Telangana,SR,18.1124,79.0193,174.7,2019,9,3,255,0,0,26.1,76,236.8,169.4,166.9,234.07142857142858,26.940162971897596,215.06333333333336,0.43388373911755823,-0.900968867902419,-1.0,-1.8369701987210297e-16,-0.9483615800121716,-0.31719128858910595,182.5,195.2
2019-09-13,Telangana,SR,18.1124,79.0193,182.5,2019,9,4,256,0,0,26.6,76,174.7,241.2,173.3,225.6857142857143,32.84100224675622,215.37,-0.433883739117558,-0.9009688679024191,-1.0,-1.8369701987210297e-16,-0.9536809966304455,-0.300819807635668,185.7,193.8
2019-09-14,Telangana,SR,18.1124,79.0193,185.7,2019,9,5,257,1,0,26.8,76,182.5,247.4,168.1,216.87142857142857,34.289683302013685,215.95666666666665,-0.9749279121818236,-0.2225209339563146,-1.0,-1.8369701987210297e-16,-0.9587178169872964,-0.2843591872810036,183.3,189.0
2019-09-15,Telangana,SR,18.1124,79.0193,183.3,2019,9,6,258,1,0,26.7,80,185.7,254.3,247.4,206.72857142857146,31.782317635530074,213.82000000000002,-0.7818314824680299,0.6234898018587334,-1.0,-1.8369701987210297e-16,-0.9634705485641486,-0.26781430516217486,182.0,186.3
2019-09-16,Telangana,SR,18.1124,79.0193,182.0,2019,9,0,259,0,0,26.8,80,183.3,247.4,252.5,197.3857142857143,27.101686821514207,211.47,0.0,1.0,-1.0,-1.8369701987210297e-16,-0.9679377830240642,-0.25119006388481957,165.9,173.3
2019-09-17,Telangana,SR,18.1124,79.0193,165.9,2019,9,1,260,0,0,26.2,85,182.0,236.7,254.3,187.27142857142854,22.864289061453867,208.52333333333334,0.7818314824680298,0.6234898018587336,-1.0,-1.8369701987210297e-16,-0.9721181966290612,-0.23449138957041052,170.3,167.9
2019-09-18,Telangana,SR,18.1124,79.0193,170.3,2019,9,2,261,0,0,25.6,89,165.9,236.8,250.3,177.77142857142857,7.5261132699675475,205.85666666666665,0.9749279121818236,-0.22252093395631434,-1.0,-1.8369701987210297e-16,-0.9760105506323682,-0.21772323039653224,195.2,164.6
2019-09-19,Telangana,SR,18.1124,79.0193,195.2,2019,9,3,262,0,0,25.5,88,170.3,174.7,254.3,180.7,9.782126558167288,203.88666666666666,0.43388373911755823,-0.900968867902419,-1.0,-1.8369701987210297e-16,-0.9796136916454901,-0.20089055513063528,193.8,175.4
2019-09-20,Telangana,SR,18.1124,79.0193,193.8,2019,9,4,263,0,0,25.5,87,195.2,182.5,252.2,182.3142857142857,10.986875286969957,201.94,-0.433883739117558,-0.9009688679024191,-1.0,-1.8369701987210297e-16,-0.9829265519799822,-0.18399835165767986,189.0,179.7
2019-09-21,Telangana,SR,18.1124,79.0193,189.0,2019,9,5,264,1,0,25.5,88,193.8,185.7,249.5,182.78571428571428,11.22459035205434,199.92333333333332,-0.9749279121818236,-0.2225209339563146,-1.0,-1.8369701987210297e-16,-0.9859481499638303,-0.1670516255021195,186.3,180.8
2019-09-22,Telangana,SR,18.1124,79.0193,186.3,2019,9,6,265,1,0,25.8,88,189.0,183.3,204.5,183.21428571428572,11.304487098998857,199.31666666666666,-0.7818314824680299,0.6234898018587334,-1.0,-1.8369701987210297e-16,-0.9886775902323404,-0.15005539834465262,173.3,173.4
2019-09-23,Telangana,SR,18.1124,79.0193,173.3,2019,9,0,266,0,0,26.0,87,186.3,182.0,208.6,181.97142857142856,11.92164897510897,198.14000000000001,0.0,1.0,-1.0,-1.8369701987210297e-16,-0.9911140639934546,-0.13301470653419636,167.9,163.4
2019-09-24,Telangana,SR,18.1124,79.0193,167.9,2019,9,1,267,0,0,25.0,90,173.3,165.9,211.7,182.2571428571429,11.488379221755336,196.67999999999998,0.7818314824680298,0.6234898018587336,-1.0,-1.8369701987210297e-16,-0.9932568492674143,-0.11593459959550066,164.6,147.6
2019-09-25,Telangana,SR,18.1124,79.0193,164.6,2019,9,2,268,0,0,25.0,86,167.9,170.3,215.6,181.44285714285712,12.623108061918009,194.98000000000002,0.9749279121818236,-0.22252093395631434,-1.0,-1.8369701987210297e-16,-0.9951053111006974,-0.09882013873287211,175.4,142.9
2019-09-26,Telangana,SR,18.1124,79.0193,175.4,2019,9,3,269,0,0,25.3,85,164.6,195.2,214.2,178.61428571428573,11.160261133657656,193.68666666666667,0.43388373911755823,-0.900968867902419,-1.0,-1.8369701987210297e-16,-0.99665890175417,-0.08167639533042288,179.7,179.7
2019-09-27,Telangana,SR,18.1124,79.0193,179.7,2019,9,4,270,0,0,25.4,85,175.4,193.8,216.1,176.59999999999997,9.032164746061717,192.47333333333333,-0.433883739117558,-0.9009688679024191,-1.0,-1.8369701987210297e-16,-0.9979171608653922,-0.06450844944931625,180.8,171.6
2019-09-28,Telangana,SR,18.1124,79.0193,180.8,2019,9,5,271,1,0,26.1,85,179.7,189.0,216.4,175.42857142857142,7.569173069258004,191.2866666666667,-0.9749279121818236,-0.2225209339563146,-1.0,-1.8369701987210297e-16,-0.9988797155850335,-0.04732138832243232,173.4,174.0
2019-09-29,Telangana,SR,18.1124,79.0193,173.4,2019,9,6,272,1,0,26.0,83,180.8,186.3,199.8,173.58571428571426,5.858164835346824,190.40666666666667,-0.7818314824680299,0.6234898018587334,-1.0,-1.8369701987210297e-16,-0.9995462806873573,-0.03012030484690836,163.4,178.2
2019-09-30,Telangana,SR,18.1124,79.0193,163.4,2019,9,0,273,0,0,26.1,82,173.4,173.3,194.5,172.17142857142858,7.018716474710966,189.37,0.0,1.0,-1.0,-1.8369701987210297e-16,-0.9999166586547379,-0.012910296075008843,147.6,182.1
2019-10-01,Telangana,SR,18.1124,79.0193,147.6,2019,10,1,274,0,0,25.8,84,163.4,167.9,161.5,169.27142857142854,11.706225449977937,188.90666666666667,0.7818314824680298,0.6234898018587336,-0.8660254037844386,0.5000000000000001,-0.9999907397361901,0.004303538296243821,142.9,182.5
2019-10-02,Telangana,SR,18.1124,79.0193,142.9,2019,10,2,275,0,1,26.2,83,147.6,164.6,167.1,166.17142857142858,15.430350426536325,188.1,0.9749279121818236,-0.22252093395631434,-0.8660254037844386,0.5000000000000001,-0.9997685019798909,0.021516097436222233,179.7,181.2
2019-10-03,Telangana,SR,18.1124,79.0193,179.7,2019,10,3,276,0,0,25.7,83,142.9,175.4,165.1,166.78571428571428,15.936271894792634,188.58666666666667,0.43388373911755823,-0.900968867902419,-0.8660254037844386,0.5000000000000001,-0.9992500112396835,0.03872228089217399,171.6,167.1
2019-10-04,Telangana,SR,18.1124,79.0193,171.6,2019,10,4,277,0,0,25.6,84,179.7,179.7,167.0,165.62857142857143,15.115192609392803,188.74000000000004,-0.433883739117558,-0.9009688679024191,-0.8660254037844386,0.5000000000000001,-0.9984354211555643,0.05591699010060302,174.0,169.7
2019-10-05,Telangana,SR,18.1124,79.0193,174.0,2019,10,5,278,1,0,25.8,83,171.6,180.8,169.4,164.65714285714284,14.16637534714456,188.89333333333335,-0.9749279121818236,-0.2225209339563146,-0.8660254037844386,0.5000000000000001,-0.9973249731081555,0.07309512989807776,178.2,170.1
2019-10-06,Telangana,SR,18.1124,79.0193,178.2,2019,10,6,279,1,0,25.4,83,174.0,173.4,241.2,165.34285714285713,14.76367808089114,186.79333333333335,-0.7818314824680299,0.6234898018587334,-0.8660254037844386,0.5000000000000001,-0.9959189961471792,0.0902516100310407,182.1,170.1
2019-10-08,Telangana,SR,18.1124,79.0193,182.1,2019,10,1,281,0,1,25.5,85,178.2,163.4,247.4,168.0142857142857,15.994106057277003,184.61666666666667,0.7818314824680298,0.6234898018587336,-0.8660254037844386,0.5000000000000001,-0.9922222094179324,0.12447926388678869,182.5,175.9
2019-10-09,Telangana,SR,18.1124,79.0193,182.5,2019,10,2,282,0,0,24.9,87,182.1,147.6,254.3,173.0,13.868189018998322,182.22333333333333,0.9749279121818236,-0.22252093395631434,-0.8660254037844386,0.5000000000000001,-0.989932495087353,0.141540295217043,181.2,173.4
2019-10-10,Telangana,SR,18.1124,79.0193,181.2,2019,10,3,283,0,0,24.8,87,182.5,142.9,247.4,178.47142857142856,4.195916382116814,180.01666666666668,0.43388373911755823,-0.900968867902419,-0.8660254037844386,0.5000000000000001,-0.9873494423939864,0.15855938510313475,167.1,166.2
2019-10-11,Telangana,SR,18.1124,79.0193,167.1,2019,10,4,284,0,0,24.0,90,181.2,179.7,236.7,176.67142857142855,5.92669505590724,177.69666666666666,-0.433883739117558,-0.9009688679024191,-0.8660254037844386,0.5000000000000001,-0.9844738167520923,0.17553149042142777,169.7,211.0
2019-10-12,Telangana,SR,18.1124,79.0193,169.7,2019,10,5,285,1,0,25.2,85,167.1,171.6,236.8,176.4,6.233244206136501,175.45999999999998,-0.9749279121818236,-0.2225209339563146,-0.8660254037844386,0.5000000000000001,-0.9813064702716093,0.19245158197082995,170.1,211.4
2019-10-13,Telangana,SR,18.1124,79.0193,170.1,2019,10,6,286,1,0,25.9,82,169.7,174.0,174.7,175.84285714285713,6.644259964525101,175.30666666666667,-0.7818314824680299,0.6234898018587334,-0.8660254037844386,0.5000000000000001,-0.9778483415056567,0.20931464596304888,170.1,201.5
2019-10-14,Telangana,SR,18.1124,79.0193,170.1,2019,10,0,287,0,0,26.5,78,170.1,178.2,182.5,174.68571428571428,6.8669324960102704,174.89333333333335,0.0,1.0,-0.8660254037844386,0.5000000000000001,-0.9741004551724206,0.22611568550828803,175.9,200.8
2019-10-15,Telangana,SR,18.1124,79.0193,175.9,2019,10,1,288,0,0,25.9,81,170.1,182.1,185.7,173.79999999999998,6.109282554713995,174.56666666666666,0.7818314824680298,0.6234898018587336,-0.8660254037844386,0.5000000000000001,-0.970063921851507,0.2428497220959358,173.4,209.8
2019-10-16,Telangana,SR,18.1124,79.0193,173.4,2019,10,2,289,0,0,25.0,86,175.9,182.5,183.3,172.5,4.77109351546708,174.23666666666665,0.9749279121818236,-0.22252093395631434,-0.8660254037844386,0.5000000000000001,-0.965739937654855,0.25951179706979943,166.2,209.8
2019-10-17,Telangana,SR,18.1124,79.0193,166.2,2019,10,3,290,0,0,24.3,89,173.4,181.2,182.0,170.35714285714286,3.3773052092145788,173.71,0.43388373911755823,-0.900968867902419,-0.8660254037844386,0.5000000000000001,-0.9611297838723007,0.27609697309746883,211.0,208.6
2019-10-18,Telangana,SR,18.1124,79.0193,211.0,2019,10,4,291,0,0,24.7,87,166.2,167.1,165.9,176.62857142857143,15.46153445228024,175.21333333333334,-0.433883739117558,-0.9009688679024191,-0.8660254037844386,0.5000000000000001,-0.9562348265919058,0.2926003356333479,211.4,196.4
2019-10-19,Telangana,SR,18.1124,79.0193,211.4,2019,10,5,292,1,0,24.6,87,211.0,169.7,170.3,182.58571428571426,19.7778856783218,176.58333333333334,-0.9749279121818236,-0.2225209339563146,-0.8660254037844386,0.5000000000000001,-0.9510565162951536,0.30901699437494723,201.5,191.9
2019-10-20,Telangana,SR,18.1124,79.0193,201.5,2019,10,6,293,1,0,24.0,91,211.4,170.1,195.2,187.07142857142858,20.033281831801503,176.79333333333335,-0.7818314824680299,0.6234898018587334,-0.8660254037844386,0.5000000000000001,-0.9455963874271428,0.3253420847119795,200.8,200.8
2019-10-21,Telangana,SR,18.1124,79.0193,200.8,2019,10,0,294,0,0,24.4,87,201.5,170.1,193.8,191.45714285714286,19.034167273866576,177.02666666666667,0.0,1.0,-0.8660254037844386,0.5000000000000001,-0.9398560579418953,0.341570769167856,209.8,190.6
2019-10-22,Telangana,SR,18.1124,79.0193,209.8,2019,10,1,295,0,0,24.1,89,200.8,175.9,189.0,196.3,18.726362878751416,177.72,0.7818314824680298,0.6234898018587336,-0.8660254037844386,0.5000000000000001,-0.9338372288229252,0.35769823883312546,209.8,213.1
2019-10-23,Telangana,SR,18.1124,79.0193,209.8,2019,10,2,296,0,0,24.4,89,209.8,173.4,186.3,201.5,16.18960571889719,178.5033333333333,0.9749279121818236,-0.22252093395631434,-0.8660254037844386,0.5000000000000001,-0.9275416835791965,0.3737197147904692,208.6,218.9
2019-10-24,Telangana,SR,18.1124,79.0193,208.6,2019,10,3,297,0,0,25.1,84,209.8,166.2,173.3,207.55714285714288,4.474318250811201,179.67999999999998,0.43388373911755823,-0.900968867902419,-0.8660254037844386,0.5000000000000001,-0.9209712877166347,0.38963044953078774,196.4,217.0
2019-10-25,Telangana,SR,18.1124,79.0193,196.4,2019,10,4,298,0,0,24.3,89,208.6,211.0,167.9,205.47142857142856,5.806523425056643,180.63,-0.433883739117558,-0.9009688679024191,-0.8660254037844386,0.5000000000000001,-0.9141279881853337,0.4054257283599973,191.9,167.8
2019-10-26,Telangana,SR,18.1124,79.0193,191.9,2019,10,5,299,1,0,24.6,88,196.4,211.4,164.6,202.6857142857143,7.035725163154419,181.54,-0.9749279121818236,-0.2225209339563146,-0.8660254037844386,0.5000000000000001,-0.9070138128026362,0.42110087079608916,200.8,164.6
2019-10-27,Telangana,SR,18.1124,79.0193,200.8,2019,10,6,300,1,1,24.9,88,191.9,201.5,175.4,202.58571428571432,7.06031835246194,182.38666666666668,-0.7818314824680299,0.6234898018587334,-0.8660254037844386,0.5000000000000001,-0.8996308696522434,0.4366512319560638,190.6,167.4
2019-10-28,Telangana,SR,18.1124,79.0193,190.6,2019,10,0,301,0,0,25.2,86,200.8,200.8,179.7,201.1285714285714,8.41322654826291,182.75,0.0,1.0,-0.8660254037844386,0.5000000000000001,-0.8919813464595487,0.45207220393230374,213.1,159.7
2019-10-29,Telangana,SR,18.1124,79.0193,213.1,2019,10,1,302,0,0,24.8,88,190.6,209.8,180.8,201.6,9.04857263145308,183.82666666666668,0.7818314824680298,0.6234898018587336,-0.8660254037844386,0.5000000000000001,-0.8840675099433637,0.46735921715800205,218.9,157.8
2019-10-30,Telangana,SR,18.1124,79.0193,218.9,2019,10,2,303,0,0,24.7,86,213.1,209.8,173.4,202.9,10.88944443027355,185.34333333333333,0.9749279121818236,-0.22252093395631434,-0.8660254037844386,0.5000000000000001,-0.8758917051442433,0.48250774176121763,217.0,157.7
2019-10-31,Telangana,SR,18.1124,79.0193,217.0,2019,10,3,304,0,0,24.7,85,218.9,208.6,163.4,204.09999999999997,12.025805586322116,187.13,0.43388373911755823,-0.900968867902419,-0.8660254037844386,0.5000000000000001,-0.8674563547295971,0.4975132889071803,167.8,152.7
2019-11-01,Telangana,SR,18.1124,79.0193,167.8,2019,11,4,305,0,0,25.3,85,217.0,196.4,147.6,200.01428571428573,18.299674730390958,187.80333333333334,-0.433883739117558,-0.9009688679024191,-0.5000000000000004,0.8660254037844384,-0.858763958275803,0.5123714121284235,164.6,160.5
2019-11-02,Telangana,SR,18.1124,79.0193,164.6,2019,11,5,306,1,0,25.1,86,167.8,191.9,142.9,196.1142857142857,22.697755290735415,188.52666666666667,-0.9749279121818236,-0.2225209339563146,-0.5000000000000004,0.8660254037844384,-0.8498170915275277,0.5270777086423724,167.4,174.7
2019-11-03,Telangana,SR,18.1124,79.0193,167.4,2019,11,6,307,1,0,24.6,88,164.6,200.8,179.7,191.34285714285716,24.947669038934286,188.11666666666667,-0.7818314824680299,0.6234898018587334,-0.5000000000000004,0.8660254037844384,-0.8406184056344783,0.5416278206559811,159.7,176.6
2019-11-04,Telangana,SR,18.1124,79.0193,159.7,2019,11,0,308,0,0,25.7,77,167.4,190.6,171.6,186.92857142857142,27.6846355876153,187.71999999999997,0.0,1.0,-0.5000000000000004,0.8660254037844384,-0.8311706263658079,0.5560174366570446,157.8,183.5
2019-11-05,Telangana,SR,18.1124,79.0193,157.8,2019,11,1,309,0,0,25.6,74,159.7,213.1,174.0,179.02857142857144,26.849252893747064,187.17999999999998,0.7818314824680298,0.6234898018587336,-0.5000000000000004,0.8660254037844384,-0.8214765533024145,0.5702422926917867,157.7,194.0
2019-11-06,Telangana,SR,18.1124,79.0193,157.7,2019,11,2,310,0,0,25.1,79,157.8,218.9,178.2,170.28571428571428,21.03730247056631,186.49666666666664,0.9749279121818236,-0.22252093395631434,-0.5000000000000004,0.8660254037844384,-0.8115390590073611,0.5842981736283683,152.7,192.5
2019-11-08,Telangana,SR,18.1124,79.0193,152.7,2019,11,4,312,0,0,25.4,72,157.7,217.0,182.1,161.1,5.653907203577236,185.51666666666668,-0.433883739117558,-0.9009688679024191,-0.5000000000000004,0.8660254037844384,-0.7909456567567774,0.6118864012687242,160.5,189.2
2019-11-09,Telangana,SR,18.1124,79.0193,160.5,2019,11,5,313,1,0,24.8,76,152.7,167.8,182.5,160.05714285714288,4.82454044196811,184.78333333333333,-0.9749279121818236,-0.2225209339563146,-0.5000000000000004,0.8660254037844384,-0.780295851070776,0.6254105729852457,174.7,223.7
2019-11-10,Telangana,SR,18.1124,79.0193,174.7,2019,11,6,314,1,1,24.0,73,160.5,164.6,181.2,161.5,7.289947416362435,184.56666666666666,-0.7818314824680299,0.6234898018587334,-0.5000000000000004,0.8660254037844384,-0.7694148268839381,0.6387494220515268,176.6,220.4
2019-11-11,Telangana,SR,18.1124,79.0193,176.6,2019,11,0,315,0,0,24.6,73,174.7,167.4,167.1,162.81428571428572,9.128422384951948,184.88333333333333,0.0,1.0,-0.5000000000000004,0.8660254037844384,-0.7583058084785625,0.6518989958787125,183.5,220.9
2019-11-12,Telangana,SR,18.1124,79.0193,183.5,2019,11,1,316,0,1,24.7,68,176.6,159.7,169.7,166.21428571428572,11.812765492103306,185.34333333333333,0.7818314824680298,0.6234898018587336,-0.5000000000000004,0.8660254037844384,-0.7469720876965551,0.6648553979642866,194.0,228.0
2019-11-13,Telangana,SR,18.1124,79.0193,194.0,2019,11,2,317,0,0,24.0,66,183.5,157.8,170.1,171.3857142857143,15.007157022726265,186.14,0.9749279121818236,-0.22252093395631434,-0.5000000000000004,0.8660254037844384,-0.7354170229639858,0.6776147890466887,192.5,229.3
2019-11-14,Telangana,SR,18.1124,79.0193,192.5,2019,11,3,318,0,0,24.0,70,194.0,157.7,170.1,176.35714285714286,15.474695165856831,186.88666666666666,0.43388373911755823,-0.900968867902419,-0.5000000000000004,0.8660254037844384,-0.7236440382959124,0.690173388242972,189.2,229.4
2019-11-15,Telangana,SR,18.1124,79.0193,189.2,2019,11,4,319,0,0,24.7,66,192.5,152.7,175.9,181.57142857142858,11.914656840171764,187.32999999999998,-0.433883739117558,-0.9009688679024191,-0.5000000000000004,0.8660254037844384,-0.711656622281775,0.7025274741691566,223.7,224.4
2019-11-16,Telangana,SR,18.1124,79.0193,223.7,2019,11,5,320,1,0,24.7,66,189.2,160.5,173.4,190.59999999999997,16.39085110663896,189.0066666666667,-0.9749279121818236,-0.2225209339563146,-0.5000000000000004,0.8660254037844384,-0.6994583270516471,0.7146733860429608,220.4,190.9
2019-11-17,Telangana,SR,18.1124,79.0193,220.4,2019,11,6,321,1,0,24.9,68,223.7,174.7,166.2,197.12857142857143,18.022367055570818,190.81333333333333,-0.7818314824680299,0.6234898018587334,-0.5000000000000004,0.8660254037844384,-0.6870527672236675,0.7266075247685652,220.9,193.1
2019-11-18,Telangana,SR,18.1124,79.0193,220.9,2019,11,0,322,0,0,24.2,67,220.4,176.6,211.0,203.45714285714283,17.378804824925954,191.14333333333332,0.0,1.0,-0.5000000000000004,0.8660254037844384,-0.6744436188329457,0.7383263540031063,228.0,192.6
2019-11-19,Telangana,SR,18.1124,79.0193,228.0,2019,11,1,323,0,0,24.7,66,220.9,183.5,211.4,209.8142857142857,16.996610306316285,191.69666666666666,0.7818314824680298,0.6234898018587336,-0.5000000000000004,0.8660254037844384,-0.661634618242279,0.749826401204568,229.3,194.7
2019-11-20,Telangana,SR,18.1124,79.0193,229.3,2019,11,2,324,0,0,24.3,71,228.0,194.0,201.5,214.85714285714286,16.75757113892725,192.62333333333333,0.9749279121818236,-0.22252093395631434,-0.5000000000000004,0.8660254037844384,-0.6486295610349818,0.7611042586607742,229.4,192.1
2019-11-21,Telangana,SR,18.1124,79.0193,229.4,2019,11,3,325,0,0,24.4,72,229.3,192.5,200.8,220.1285714285714,14.154117691296292,193.57666666666668,0.43388373911755823,-0.900968867902419,-0.5000000000000004,0.8660254037844384,-0.6354323008901775,0.7721565844991641,224.4,189.8
2019-11-22,Telangana,SR,18.1124,79.0193,224.4,2019,11,4,326,0,0,23.6,71,229.4,189.2,209.8,225.15714285714284,3.801252926279009,194.06333333333333,-0.433883739117558,-0.9009688679024191,-0.5000000000000004,0.8660254037844384,-0.622046748440868,0.7829801036770624,190.9,194.5
2019-11-23,Telangana,SR,18.1124,79.0193,190.9,2019,11,5,327,1,0,23.1,64,224.4,223.7,209.8,220.4714285714286,13.56732770122399,193.43333333333334,-0.9749279121818236,-0.2225209339563146,-0.5000000000000004,0.8660254037844384,-0.6084768701151264,0.7935716089521472,193.1,165.1
2019-11-24,Telangana,SR,18.1124,79.0193,193.1,2019,11,6,328,1,0,23.9,60,190.9,220.4,208.6,216.57142857142858,17.064359963162936,192.91666666666666,-0.7818314824680299,0.6234898018587334,-0.5000000000000004,0.8660254037844384,-0.594726686960764,0.8039279618328208,192.6,169.3
2019-11-25,Telangana,SR,18.1124,79.0193,192.6,2019,11,0,329,0,0,23.5,70,193.1,220.9,196.4,212.5285714285714,19.099015182788786,192.79000000000002,0.0,1.0,-0.5000000000000004,0.8660254037844384,-0.5808002734538013,0.8140460935082175,194.7,169.2
2019-11-26,Telangana,SR,18.1124,79.0193,194.7,2019,11,1,330,0,0,23.7,71,192.6,228.0,191.9,207.77142857142854,18.747063262079063,192.88333333333333,0.7818314824680298,0.6234898018587336,-0.5000000000000004,0.8660254037844384,-0.5667017562911184,0.8239230057575536,192.1,168.5
2019-11-27,Telangana,SR,18.1124,79.0193,192.1,2019,11,2,331,0,0,23.3,72,194.7,229.3,200.8,202.45714285714283,16.798497665253738,192.5933333333333,0.9749279121818236,-0.22252093395631434,-0.5000000000000004,0.8660254037844384,-0.5524353131676203,0.8335557718385695,189.8,169.8
2019-11-28,Telangana,SR,18.1124,79.0193,189.8,2019,11,3,332,0,0,23.8,71,192.1,229.4,190.6,196.8,12.270560976038372,192.56666666666666,0.43388373911755823,-0.900968867902419,-0.5000000000000004,0.8660254037844384,-0.5380051715382992,0.8429415373547832,194.5,168.4
2019-11-29,Telangana,SR,18.1124,79.0193,194.5,2019,11,4,333,0,0,24.3,72,189.8,224.4,213.1,192.52857142857144,1.7895197546795667,191.94666666666666,-0.433883739117558,-0.9009688679024191,-0.5000000000000004,0.8660254037844384,-0.5234156073655503,0.8520775211013093,165.1,166.4
2019-11-30,Telangana,SR,18.1124,79.0193,165.1,2019,11,5,334,1,0,24.3,73,194.5,190.9,218.9,188.84285714285713,10.597146965553037,190.15333333333334,-0.9749279121818236,-0.2225209339563146,-0.5000000000000004,0.8660254037844384,-0.5086709438521042,0.8609610158889945,169.3,139.9
2019-12-01,Telangana,SR,18.1124,79.0193,169.3,2019,12,6,335,1,0,24.6,71,165.1,193.1,217.0,185.44285714285712,12.62720042116206,188.56333333333336,-0.7818314824680299,0.6234898018587334,-2.4492935982947064e-16,1.0,-0.49377555015997737,0.8695893893466109,169.2,142.8
2019-12-02,Telangana,SR,18.1124,79.0193,169.2,2019,12,0,336,0,0,22.3,88,169.3,192.6,167.8,182.1,13.48492986015637,188.61,0.0,1.0,-2.4492935982947064e-16,1.0,-0.4787338401157883,0.8779600847008883,168.5,147.5
2019-12-03,Telangana,SR,18.1124,79.0193,168.5,2019,12,1,337,0,0,23.0,80,169.2,194.7,164.6,178.35714285714286,13.033272439268375,188.73999999999998,0.7818314824680298,0.6234898018587336,-2.4492935982947064e-16,1.0,-0.4635502709028512,0.8860706215341378,169.8,150.8
2019-12-04,Telangana,SR,18.1124,79.0193,169.8,2019,12,2,338,0,0,22.9,78,168.5,192.1,167.4,175.17142857142858,11.779320054756209,188.82000000000002,0.9749279121818236,-0.22252093395631434,-2.4492935982947064e-16,1.0,-0.4482293417404106,0.893918596519257,168.4,154.9
2019-12-05,Telangana,SR,18.1124,79.0193,168.4,2019,12,3,339,0,0,22.6,76,169.8,189.8,159.7,172.1142857142857,9.991234253322336,189.11,0.43388373911755823,-0.900968867902419,-2.4492935982947064e-16,1.0,-0.4327755925504317,0.9015016841318838,166.4,156.8
2019-12-06,Telangana,SR,18.1124,79.0193,166.4,2019,12,4,340,0,0,21.7,75,168.4,194.5,157.8,168.1,1.7165857586106352,189.39666666666665,-0.433883739117558,-0.9009688679024191,-2.4492935982947064e-16,1.0,-0.41719360261231697,0.9088176373395028,139.9,152.8
2019-12-08,Telangana,SR,18.1124,79.0193,139.9,2019,12,6,342,1,0,22.0,77,166.4,165.1,157.7,164.5,10.902599078507086,188.80333333333334,-0.7818314824680299,0.6234898018587334,-2.4492935982947064e-16,1.0,-0.38566340624360745,0.9226395488404875,142.8,192.4
2019-12-09,Telangana,SR,18.1124,79.0193,142.8,2019,12,0,343,0,0,22.4,78,139.9,169.3,152.7,160.71428571428572,13.296168442002028,188.47333333333336,0.0,1.0,-2.4492935982947064e-16,1.0,-0.3697245428906732,0.9291414114031743,147.5,210.8
2019-12-10,Telangana,SR,18.1124,79.0193,147.5,2019,12,1,344,0,0,22.4,74,142.8,169.2,160.5,157.61428571428573,13.51584607925414,188.04000000000002,0.7818314824680298,0.6234898018587336,-2.4492935982947064e-16,1.0,-0.3536761221763721,0.935367949313148,150.8,216.8
2019-12-11,Telangana,SR,18.1124,79.0193,150.8,2019,12,2,345,0,0,21.7,74,147.5,168.5,174.7,155.08571428571432,12.775292373878907,187.2433333333333,0.9749279121818236,-0.22252093395631434,-2.4492935982947064e-16,1.0,-0.33752289959411347,0.941317317512847,154.9,223.0
2019-12-12,Telangana,SR,18.1124,79.0193,154.9,2019,12,3,346,0,0,21.5,72,150.8,169.8,176.6,152.95714285714286,11.03824520215281,186.52,0.43388373911755823,-0.900968867902419,-2.4492935982947064e-16,1.0,-0.32126966169236515,0.9469877530760751,156.8,225.7
2019-12-13,Telangana,SR,18.1124,79.0193,156.8,2019,12,4,347,0,0,22.8,72,154.9,168.4,183.5,151.3,9.019608269394245,185.63000000000002,-0.433883739117558,-0.9009688679024191,-2.4492935982947064e-16,1.0,-0.3049212246562894,0.9523775757303973,152.8,236.2
2019-12-14,Telangana,SR,18.1124,79.0193,152.8,2019,12,5,348,1,0,23.4,74,156.8,166.4,194.0,149.35714285714286,6.27079398025864,184.25666666666666,-0.9749279121818236,-0.2225209339563146,-2.4492935982947064e-16,1.0,-0.2884824328806098,0.9574851883550389,192.4,235.6
2019-12-15,Telangana,SR,18.1124,79.0193,192.4,2019,12,6,349,1,0,22.7,75,152.8,139.9,192.5,156.85714285714286,16.35765439000505,184.25333333333336,-0.7818314824680299,0.6234898018587334,-2.4492935982947064e-16,1.0,-0.27195815753410524,0.9623090774541487,210.8,182.7
2019-12-16,Telangana,SR,18.1124,79.0193,210.8,2019,12,0,350,0,0,22.2,73,192.4,142.8,189.2,166.57142857142858,24.688372046080996,184.97333333333336,0.0,1.0,-2.4492935982947064e-16,1.0,-0.2553532951161881,0.9668478136052773,216.8,187.2
2019-12-17,Telangana,SR,18.1124,79.0193,216.8,2019,12,1,351,0,0,22.4,72,210.8,147.5,223.7,176.4714285714286,29.240993729449734,184.7433333333333,0.7818314824680298,0.6234898018587336,-2.4492935982947064e-16,1.0,-0.23867276600594997,0.9711000518829505,223.0,192.7
2019-12-18,Telangana,SR,18.1124,79.0193,223.0,2019,12,2,352,0,0,21.9,74,216.8,150.8,220.4,186.78571428571428,31.33530642217239,184.82999999999998,0.9749279121818236,-0.22252093395631434,-2.4492935982947064e-16,1.0,-0.22192151300416674,0.9750645322571945,225.7,197.3
2019-12-19,Telangana,SR,18.1124,79.0193,225.7,2019,12,3,353,0,0,21.5,71,223.0,154.9,220.9,196.9,30.748821115613755,184.99000000000004,0.43388373911755823,-0.900968867902419,-2.4492935982947064e-16,1.0,-0.20510449986861926,0.9787400799669153,236.2,199.6
2019-12-20,Telangana,SR,18.1124,79.0193,236.2,2019,12,4,354,0,0,21.7,68,225.7,156.8,228.0,208.24285714285716,28.01427357276185,185.26333333333335,-0.433883739117558,-0.9009688679024191,-2.4492935982947064e-16,1.0,-0.1882267098432439,0.9821256058680006,235.6,200.1
2019-12-21,Telangana,SR,18.1124,79.0193,235.6,2019,12,5,355,1,0,21.5,71,236.2,152.8,229.3,220.07142857142858,15.296482633350891,185.47333333333333,-0.9749279121818236,-0.2225209339563146,-2.4492935982947064e-16,1.0,-0.1712931441814778,0.9852201067560606,182.7,199.6
2019-12-22,Telangana,SR,18.1124,79.0193,182.7,2019,12,6,356,1,0,22.5,72,235.6,192.4,229.4,218.68571428571428,18.354693184708534,183.91666666666666,-0.7818314824680299,0.6234898018587334,-2.4492935982947064e-16,1.0,-0.154308820664281,0.9880226656636976,187.2,200.5
2019-12-23,Telangana,SR,18.1124,79.0193,187.2,2019,12,0,357,0,0,21.5,75,182.7,210.8,224.4,215.31428571428572,21.87452312405426,182.67666666666668,0.0,1.0,-2.4492935982947064e-16,1.0,-0.13727877211326517,0.9905324521322227,192.7,205.9
2019-12-24,Telangana,SR,18.1124,79.0193,192.7,2019,12,1,358,0,0,21.8,72,187.2,216.8,190.9,211.8714285714286,23.442107007528183,182.73666666666668,0.7818314824680298,0.6234898018587336,-2.4492935982947064e-16,1.0,-0.12020804489935275,0.9927487224577402,197.3,206.8
2019-12-25,Telangana,SR,18.1124,79.0193,197.3,2019,12,2,359,0,1,22.7,71,192.7,223.0,193.1,208.2,23.421215453800695,182.87666666666667,0.9749279121818236,-0.22252093395631434,-2.4492935982947064e-16,1.0,-0.10310169744743544,0.9946708199115211,199.6,199.1
2019-12-26,Telangana,SR,18.1124,79.0193,199.6,2019,12,3,360,0,0,22.6,75,197.3,225.7,192.6,204.47142857142856,22.21753918909709,183.10999999999999,0.43388373911755823,-0.900968867902419,-2.4492935982947064e-16,1.0,-0.0859647987374467,0.9962981749346077,200.1,199.1
2019-12-27,Telangana,SR,18.1124,79.0193,200.1,2019,12,4,361,0,0,21.3,82,199.6,236.2,194.7,199.31428571428572,17.262428235084528,183.29,-0.433883739117558,-0.9009688679024191,-2.4492935982947064e-16,1.0,-0.06880242680232064,0.9976303053065857,199.6,199.8
2019-12-28,Telangana,SR,18.1124,79.0193,199.6,2019,12,5,362,1,0,19.6,63,200.1,235.6,192.1,194.17142857142858,6.906932335395111,183.54000000000002,-0.9749279121818236,-0.2225209339563146,-2.4492935982947064e-16,1.0,-0.05161966722325418,0.9986668162884759,200.5,189.3
2019-12-29,Telangana,SR,18.1124,79.0193,200.5,2019,12,6,363,1,0,19.0,62,199.6,182.7,189.8,196.71428571428572,4.990467102864763,183.89666666666668,-0.7818314824680299,0.6234898018587334,-2.4492935982947064e-16,1.0,-0.034421611622745804,0.9994074007397048,205.9,220.8
2019-12-30,Telangana,SR,18.1124,79.0193,205.9,2019,12,0,364,0,0,21.1,68,200.5,187.2,194.5,199.3857142857143,3.943952573849833,184.27666666666667,0.0,1.0,-2.4492935982947064e-16,1.0,-0.01721335615583528,0.9998518392091162,206.8,222.6
2019-12-31,Telangana,SR,18.1124,79.0193,206.8,2019,12,1,365,0,0,21.8,75,205.9,192.7,165.1,201.4,3.540244812629371,185.66666666666666,0.7818314824680298,0.6234898018587336,-2.4492935982947064e-16,1.0,6.432490598706546e-16,1.0,199.1,234.2
2020-01-01,Telangana,SR,18.1124,79.0193,199.1,2020,1,2,1,0,0,22.6,76,206.8,197.3,169.3,201.65714285714284,3.245949857315493,186.65999999999997,0.9749279121818236,-0.22252093395631434,0.49999999999999994,0.8660254037844387,0.017213356155834685,0.9998518392091162,199.1,235.4
2020-01-02,Telangana,SR,18.1124,79.0193,199.1,2020,1,3,2,0,0,22.9,83,199.1,199.6,169.2,201.58571428571432,3.3037496734434733,187.65666666666667,0.43388373911755823,-0.900968867902419,0.49999999999999994,0.8660254037844387,0.03442161162274574,0.9994074007397048,199.8,233.4
2020-01-03,Telangana,SR,18.1124,79.0193,199.8,2020,1,4,3,0,0,21.9,90,199.1,200.1,168.5,201.54285714285714,3.328091115971197,188.7,-0.433883739117558,-0.9009688679024191,0.49999999999999994,0.8660254037844387,0.051619667223253764,0.998666816288476,189.3,235.9
2020-01-04,Telangana,SR,18.1124,79.0193,189.3,2020,1,5,4,1,0,20.6,86,199.8,199.6,169.8,200.07142857142858,5.736059706139415,189.35,-0.9749279121818236,-0.2225209339563146,0.49999999999999994,0.8660254037844387,0.06880242680231986,0.9976303053065857,220.8,234.4
2020-01-05,Telangana,SR,18.1124,79.0193,220.8,2020,1,6,5,1,0,20.2,76,189.3,200.5,168.4,202.97142857142856,9.729973327424775,191.09666666666666,-0.7818314824680299,0.6234898018587334,0.49999999999999994,0.8660254037844387,0.08596479873744647,0.9962981749346078,222.6,155.9
2020-01-13,Telangana,SR,18.1124,79.0193,222.6,2020,1,0,13,0,0,20.4,54,220.8,205.9,166.4,205.35714285714286,12.280724346560673,192.97,0.0,1.0,0.49999999999999994,0.8660254037844387,0.2219215130041655,0.9750645322571948,234.2,164.2
2020-01-14,Telangana,SR,18.1124,79.0193,234.2,2020,1,1,14,0,0,22.0,62,222.6,206.8,139.9,209.27142857142857,16.469538982185675,196.11333333333332,0.7818314824680298,0.6234898018587336,0.49999999999999994,0.8660254037844387,0.2386727660059501,0.9711000518829505,235.4,166.6
2020-01-15,Telangana,SR,18.1124,79.0193,235.4,2020,1,2,15,0,0,21.9,68,234.2,199.1,142.8,214.45714285714286,18.341560924383693,199.2,0.9749279121818236,-0.22252093395631434,0.49999999999999994,0.8660254037844387,0.255353295116187,0.9668478136052775,233.4,163.8
2020-01-16,Telangana,SR,18.1124,79.0193,233.4,2020,1,3,16,0,0,22.1,67,235.4,199.1,147.5,219.35714285714286,18.135587219870985,202.06333333333333,0.43388373911755823,-0.900968867902419,0.49999999999999994,0.8660254037844387,0.2719581575341055,0.9623090774541486,235.9,169.9
2020-01-17,Telangana,SR,18.1124,79.0193,235.9,2020,1,4,17,0,0,22.5,72,233.4,199.8,150.8,224.5142857142857,16.72527314888424,204.9,-0.433883739117558,-0.9009688679024191,0.49999999999999994,0.8660254037844387,0.288482432880609,0.9574851883550393,234.4,166.9
2020-01-18,Telangana,SR,18.1124,79.0193,234.4,2020,1,5,18,1,0,23.6,70,235.9,189.3,154.9,230.95714285714286,6.39683701602229,207.55,-0.9749279121818236,-0.2225209339563146,0.49999999999999994,0.8660254037844387,0.30492122465628907,0.9523775757303974,155.9,170.2
2020-01-19,Telangana,SR,18.1124,79.0193,155.9,2020,1,6,19,1,0,23.6,71,234.4,220.8,156.8,221.6857142857143,29.366104529510217,207.51999999999998,-0.7818314824680299,0.6234898018587334,0.49999999999999994,0.8660254037844387,0.3212696616923644,0.9469877530760753,164.2,204.0
2020-01-20,Telangana,SR,18.1124,79.0193,164.2,2020,1,0,20,0,0,22.6,76,155.9,222.6,152.8,213.34285714285713,36.493737231789225,207.9,0.0,1.0,0.49999999999999994,0.8660254037844387,0.3375228995941133,0.9413173175128471,166.6,206.7
2020-01-21,Telangana,SR,18.1124,79.0193,166.6,2020,1,1,21,0,0,23.6,69,164.2,234.2,192.4,203.68571428571428,38.91830882637091,207.04,0.7818314824680298,0.6234898018587336,0.49999999999999994,0.8660254037844387,0.3536761221763716,0.9353679493131483,163.8,205.5
2020-01-22,Telangana,SR,18.1124,79.0193,163.8,2020,1,2,22,0,0,23.3,69,166.6,235.4,210.8,193.45714285714286,38.60163455705216,205.47333333333333,0.9749279121818236,-0.22252093395631434,0.49999999999999994,0.8660254037844387,0.3697245428906731,0.9291414114031743,169.9,192.6
2020-01-23,Telangana,SR,18.1124,79.0193,169.9,2020,1,3,23,0,0,22.8,70,163.8,233.4,216.8,184.3857142857143,34.93801313619265,203.90999999999997,0.43388373911755823,-0.900968867902419,0.49999999999999994,0.8660254037844387,0.38566340624360707,0.9226395488404876,166.9,190.1
2020-01-24,Telangana,SR,18.1124,79.0193,166.9,2020,1,4,24,0,0,23.1,67,169.9,235.9,223.0,174.52857142857144,26.757784804035087,202.04,-0.433883739117558,-0.9009688679024191,0.49999999999999994,0.8660254037844387,0.401487989205973,0.9158642882672872,170.2,187.4
2020-01-25,Telangana,SR,18.1124,79.0193,170.2,2020,1,5,25,1,0,24.0,59,166.9,234.4,225.7,165.35714285714286,4.8514111839947125,200.19,-0.9749279121818236,-0.2225209339563146,0.49999999999999994,0.8660254037844387,0.4171936026123168,0.9088176373395029,204.0,198.2
2020-01-26,Telangana,SR,18.1124,79.0193,204.0,2020,1,6,26,1,1,24.2,59,170.2,155.9,236.2,172.22857142857143,14.227521954029205,199.11666666666667,-0.7818314824680299,0.6234898018587334,0.49999999999999994,0.8660254037844387,0.4327755925504312,0.901501684131884,206.7,176.0
2020-01-27,Telangana,SR,18.1124,79.0193,206.7,2020,1,0,27,0,0,24.4,57,204.0,164.2,235.6,178.29999999999998,18.62041889969195,198.15333333333334,0.0,1.0,0.49999999999999994,0.8660254037844387,0.4482293417404106,0.893918596519257,205.5,164.0
2020-01-28,Telangana,SR,18.1124,79.0193,205.5,2020,1,1,28,0,0,25.1,62,206.7,166.6,182.7,183.85714285714286,20.277644270054278,198.91333333333333,0.7818314824680298,0.6234898018587336,0.49999999999999994,0.8660254037844387,0.4635502709028509,0.886070621534138,192.6,166.7
2020-01-29,Telangana,SR,18.1124,79.0193,192.6,2020,1,2,29,0,0,25.0,65,205.5,163.8,187.2,187.97142857142856,18.360983478172525,199.09333333333333,0.9749279121818236,-0.22252093395631434,0.49999999999999994,0.8660254037844387,0.47873384011578846,0.8779600847008882,190.1,168.6
2020-01-30,Telangana,SR,18.1124,79.0193,190.1,2020,1,3,30,0,0,23.4,66,192.6,169.9,192.7,190.85714285714286,16.54497478016217,199.00666666666666,0.43388373911755823,-0.900968867902419,0.49999999999999994,0.8660254037844387,0.49377555015997715,0.869589389346611,187.4,165.9
2020-01-31,Telangana,SR,18.1124,79.0193,187.4,2020,1,4,31,0,0,22.6,61,190.1,166.9,197.3,193.78571428571428,13.040888079604672,198.67666666666668,-0.433883739117558,-0.9009688679024191,0.49999999999999994,0.8660254037844387,0.5086709438521044,0.8609610158889943,198.2,160.2
2020-02-01,Telangana,SR,18.1124,79.0193,198.2,2020,2,5,32,1,0,23.9,67,187.4,170.2,199.6,197.78571428571428,7.869652379326804,198.63000000000002,-0.9749279121818236,-0.2225209339563146,0.8660254037844386,0.5000000000000001,0.5234156073655503,0.8520775211013093,176.0,163.9
2020-02-02,Telangana,SR,18.1124,79.0193,176.0,2020,2,6,33,1,0,22.4,71,198.2,204.0,200.1,193.78571428571428,10.767145795030446,197.82666666666668,-0.7818314824680299,0.6234898018587334,0.8660254037844386,0.5000000000000001,0.5380051715382996,0.8429415373547828,164.0,179.9
2020-02-03,Telangana,SR,18.1124,79.0193,164.0,2020,2,0,34,0,0,23.8,69,176.0,206.7,199.6,187.68571428571428,13.877611294387274,196.64,0.0,1.0,0.8660254037844386,0.5000000000000001,0.5524353131676196,0.8335557718385699,166.7,182.0
2020-02-04,Telangana,SR,18.1124,79.0193,166.7,2020,2,1,35,0,0,24.5,64,164.0,205.5,200.5,182.14285714285714,13.313634257514524,195.51333333333332,0.7818314824680298,0.6234898018587336,0.8660254037844386,0.5000000000000001,0.5667017562911176,0.8239230057575542,168.6,180.5
2020-02-05,Telangana,SR,18.1124,79.0193,168.6,2020,2,2,36,0,0,24.3,65,166.7,192.6,205.9,178.71428571428572,13.262029579647072,194.27,0.9749279121818236,-0.22252093395631434,0.8660254037844386,0.5000000000000001,0.5808002734538009,0.8140460935082178,165.9,182.2
2020-02-13,Telangana,SR,18.1124,79.0193,165.9,2020,2,3,44,0,0,22.6,65,168.6,190.1,206.8,175.25714285714284,12.949885088661102,192.90666666666667,0.43388373911755823,-0.900968867902419,0.8660254037844386,0.5000000000000001,0.6870527672236669,0.7266075247685656,160.2,183.5
2020-02-14,Telangana,SR,18.1124,79.0193,160.2,2020,2,4,45,0,0,22.8,54,165.9,187.4,199.1,171.37142857142857,12.778721152201237,191.61,-0.433883739117558,-0.9009688679024191,0.8660254037844386,0.5000000000000001,0.699458327051647,0.7146733860429609,163.9,179.3
2020-02-15,Telangana,SR,18.1124,79.0193,163.9,2020,2,5,46,1,0,23.1,56,160.2,198.2,199.1,166.47142857142856,4.962430280186558,190.43666666666667,-0.9749279121818236,-0.2225209339563146,0.8660254037844386,0.5000000000000001,0.7116566222817746,0.7025274741691571,179.9,178.7
2020-02-16,Telangana,SR,18.1124,79.0193,179.9,2020,2,6,47,1,0,24.2,53,163.9,176.0,199.8,167.02857142857144,6.259849382030915,189.77333333333334,-0.7818314824680299,0.6234898018587334,0.8660254037844386,0.5000000000000001,0.7236440382959124,0.6901733882429719,182.0,169.7
2020-02-17,Telangana,SR,18.1124,79.0193,182.0,2020,2,0,48,0,0,24.4,50,179.9,164.0,189.3,169.6,8.203657720797482,189.53,0.0,1.0,0.8660254037844386,0.5000000000000001,0.7354170229639855,0.6776147890466889,180.5,174.8
2020-02-18,Telangana,SR,18.1124,79.0193,180.5,2020,2,1,49,0,0,23.4,47,182.0,166.7,220.8,171.57142857142858,9.009201645302188,188.18666666666667,0.7818314824680298,0.6234898018587336,0.8660254037844386,0.5000000000000001,0.7469720876965552,0.6648553979642865,182.2,174.5
2020-02-19,Telangana,SR,18.1124,79.0193,182.2,2020,2,2,50,0,0,23.4,56,180.5,168.6,222.6,173.51428571428573,9.701448100056906,186.84,0.9749279121818236,-0.22252093395631434,0.8660254037844386,0.5000000000000001,0.7583058084785624,0.6518989958787126,183.5,172.5
2020-02-20,Telangana,SR,18.1124,79.0193,183.5,2020,2,3,51,0,0,24.2,68,182.2,165.9,234.2,176.02857142857144,9.679826838278242,185.15,0.43388373911755823,-0.900968867902419,0.8660254037844386,0.5000000000000001,0.7694148268839378,0.6387494220515272,179.3,175.0
2020-02-21,Telangana,SR,18.1124,79.0193,179.3,2020,2,4,52,0,0,23.5,65,183.5,160.2,235.4,178.75714285714284,6.7111492167533875,183.28,-0.433883739117558,-0.9009688679024191,0.8660254037844386,0.5000000000000001,0.7802958510707755,0.6254105729852463,178.7,167.0
2020-02-22,Telangana,SR,18.1124,79.0193,178.7,2020,2,5,53,1,0,24.0,57,179.3,163.9,233.4,180.8714285714286,1.7423301310949881,181.45666666666665,-0.9749279121818236,-0.2225209339563146,0.8660254037844386,0.5000000000000001,0.7909456567567772,0.6118864012687243,169.7,154.8
2020-02-23,Telangana,SR,18.1124,79.0193,169.7,2020,2,6,54,1,0,24.2,60,178.7,179.9,235.9,179.41428571428574,4.60450090361972,179.25,-0.7818314824680299,0.6234898018587334,0.8660254037844386,0.5000000000000001,0.8013610881746766,0.5981809144059165,174.8,201.0
2020-02-24,Telangana,SR,18.1124,79.0193,174.8,2020,2,0,55,0,0,25.2,58,169.7,182.0,234.4,178.3857142857143,4.733014744476731,177.26333333333332,0.0,1.0,0.8660254037844386,0.5000000000000001,0.8115390590073611,0.5842981736283684,174.5,209.3
2020-02-25,Telangana,SR,18.1124,79.0193,174.5,2020,2,1,56,0,0,24.6,65,174.8,180.5,155.9,177.52857142857144,4.828634826296073,177.88333333333333,0.7818314824680298,0.6234898018587336,0.8660254037844386,0.5000000000000001,0.8214765533024142,0.5702422926917871,172.5,209.4
2020-02-26,Telangana,SR,18.1124,79.0193,172.5,2020,2,2,57,0,0,23.2,59,174.5,182.2,164.2,176.14285714285714,4.653263064008021,178.16,0.9749279121818236,-0.22252093395631434,0.8660254037844386,0.5000000000000001,0.8311706263658079,0.5560174366570446,175.0,212.1
2020-02-27,Telangana,SR,18.1124,79.0193,175.0,2020,2,3,58,0,0,23.4,43,172.5,183.5,166.6,174.92857142857142,3.3360227246005185,178.44,0.43388373911755823,-0.900968867902419,0.8660254037844386,0.5000000000000001,0.8406184056344782,0.5416278206559814,167.0,210.3
2020-02-28,Telangana,SR,18.1124,79.0193,167.0,2020,2,4,59,0,0,24.1,55,175.0,179.3,163.8,173.17142857142858,3.849551612727127,178.54666666666665,-0.433883739117558,-0.9009688679024191,0.8660254037844386,0.5000000000000001,0.8498170915275278,0.5270777086423722,154.8,212.3
2020-02-29,Telangana,SR,18.1124,79.0193,154.8,2020,2,5,60,1,0,24.3,65,167.0,178.7,169.9,169.75714285714284,7.237139661232944,178.04333333333335,-0.9749279121818236,-0.2225209339563146,0.8660254037844386,0.5000000000000001,0.8587639582758029,0.5123714121284237,201.0,210.1
2020-03-01,Telangana,SR,18.1124,79.0193,201.0,2020,3,6,61,1,0,24.5,64,154.8,169.7,166.9,174.22857142857146,13.846866587272276,179.17999999999998,-0.7818314824680299,0.6234898018587334,1.0,6.123233995736766e-17,0.8674563547295969,0.49751328890718066,209.3,152.5
2020-03-02,Telangana,SR,18.1124,79.0193,209.3,2020,3,0,62,0,0,24.7,64,201.0,174.8,170.2,179.15714285714287,19.192260344807313,180.48333333333332,0.0,1.0,1.0,6.123233995736766e-17,0.8758917051442429,0.48250774176121847,209.4,150.4
2020-03-03,Telangana,SR,18.1124,79.0193,209.4,2020,3,1,63,0,0,25.8,61,209.3,174.5,204.0,184.14285714285714,22.094483258863498,180.66333333333333,0.7818314824680298,0.6234898018587336,1.0,6.123233995736766e-17,0.8840675099433636,0.4673592171580022,212.1,147.3
2020-03-04,Telangana,SR,18.1124,79.0193,212.1,2020,3,2,64,0,0,26.7,51,209.4,172.5,206.7,189.8,23.632675120124368,180.84333333333333,0.9749279121818236,-0.22252093395631434,1.0,6.123233995736766e-17,0.8919813464595485,0.45207220393230435,210.3,155.9
2020-03-05,Telangana,SR,18.1124,79.0193,210.3,2020,3,3,65,0,0,25.9,55,212.1,175.0,205.5,194.84285714285716,23.714331612118837,181.00333333333336,0.43388373911755823,-0.900968867902419,1.0,6.123233995736766e-17,0.8996308696522433,0.43665123195606403,212.3,164.2
2020-03-13,Telangana,SR,18.1124,79.0193,212.3,2020,3,4,73,0,0,26.8,62,210.3,167.0,192.6,201.31428571428572,20.8590051353873,181.65999999999997,-0.433883739117558,-0.9009688679024191,1.0,6.123233995736766e-17,0.9510565162951535,0.30901699437494745,210.1,166.6
2020-03-14,Telangana,SR,18.1124,79.0193,210.1,2020,3,5,74,1,0,26.4,60,212.3,154.8,190.1,209.21428571428572,3.8150703669506285,182.32666666666668,-0.9749279121818236,-0.2225209339563146,1.0,6.123233995736766e-17,0.9562348265919056,0.29260033563334836,152.5,163.8
2020-03-15,Telangana,SR,18.1124,79.0193,152.5,2020,3,6,75,1,0,26.5,58,210.1,201.0,187.4,202.28571428571428,21.98608867529909,181.16333333333333,-0.7818314824680299,0.6234898018587334,1.0,6.123233995736766e-17,0.9611297838723007,0.27609697309746883,150.4,188.2
2020-03-16,Telangana,SR,18.1124,79.0193,150.4,2020,3,0,76,0,0,26.6,62,152.5,209.3,198.2,193.87142857142857,29.004753305031393,179.57,0.0,1.0,1.0,6.123233995736766e-17,0.9657399376548549,0.2595117970697999,147.3,179.5
2020-03-17,Telangana,SR,18.1124,79.0193,147.3,2020,3,1,77,0,0,27.7,52,150.4,209.4,176.0,185.0,32.72231654391252,178.61333333333332,0.7818314824680298,0.6234898018587336,1.0,6.123233995736766e-17,0.9700639218515071,0.2428497220959356,155.9,164.2
2020-03-18,Telangana,SR,18.1124,79.0193,155.9,2020,3,2,78,0,0,27.8,48,147.3,212.1,164.0,176.97142857142856,31.8478002529592,178.34333333333333,0.9749279121818236,-0.22252093395631434,1.0,6.123233995736766e-17,0.9741004551724205,0.22611568550828828,164.2,165.4
2020-03-19,Telangana,SR,18.1124,79.0193,164.2,2020,3,3,79,0,0,26.7,58,155.9,210.3,166.7,170.3857142857143,28.385467442069114,178.26000000000002,0.43388373911755823,-0.900968867902419,1.0,6.123233995736766e-17,0.9778483415056568,0.20931464596304847,166.6,167.8
2020-03-20,Telangana,SR,18.1124,79.0193,166.6,2020,3,4,80,0,0,27.8,52,164.2,212.3,168.6,163.85714285714286,21.57767806035188,178.1933333333333,-0.433883739117558,-0.9009688679024191,1.0,6.123233995736766e-17,0.9813064702716093,0.19245158197082998,163.8,165.5
2020-03-21,Telangana,SR,18.1124,79.0193,163.8,2020,3,5,81,1,0,27.0,62,166.6,210.1,165.9,157.24285714285716,7.626020618657381,178.12333333333333,-0.9749279121818236,-0.2225209339563146,1.0,6.123233995736766e-17,0.9844738167520922,0.1755314904214282,188.2,168.9
2020-03-22,Telangana,SR,18.1124,79.0193,188.2,2020,3,6,82,1,0,27.4,57,163.8,152.5,160.2,162.34285714285716,13.556776551827872,179.05666666666667,-0.7818314824680299,0.6234898018587334,1.0,6.123233995736766e-17,0.9873494423939864,0.15855938510313475,179.5,156.4
2020-03-23,Telangana,SR,18.1124,79.0193,179.5,2020,3,0,83,0,0,27.3,59,188.2,150.4,163.9,166.5,13.74457468724787,179.57666666666665,0.0,1.0,1.0,6.123233995736766e-17,0.989932495087353,0.141540295217043,164.2,159.5
2020-03-24,Telangana,SR,18.1124,79.0193,164.2,2020,3,1,84,0,0,27.7,56,179.5,147.3,179.9,168.91428571428574,11.025187613132243,179.05333333333334,0.7818314824680298,0.6234898018587336,1.0,6.123233995736766e-17,0.9922222094179323,0.12447926388678915,165.4,162.4
2020-03-25,Telangana,SR,18.1124,79.0193,165.4,2020,3,2,85,0,0,28.2,54,164.2,155.9,182.0,170.27142857142854,9.655864243335119,178.5,0.9749279121818236,-0.22252093395631434,1.0,6.123233995736766e-17,0.994217906893952,0.10738134666416309,167.8,159.2
2020-03-26,Telangana,SR,18.1124,79.0193,167.8,2020,3,3,86,0,0,27.8,56,165.4,164.2,180.5,170.78571428571428,9.370241649575116,178.07666666666668,0.43388373911755823,-0.900968867902419,1.0,6.123233995736766e-17,0.995918996147179,0.09025161003104117,165.5,161.8
2020-03-27,Telangana,SR,18.1124,79.0193,165.5,2020,3,4,87,0,0,28.7,47,167.8,166.6,182.2,170.62857142857143,9.460922133653314,177.52,-0.433883739117558,-0.9009688679024191,1.0,6.123233995736766e-17,0.9973249731081555,0.07309512989807777,168.9,157.3
2020-03-28,Telangana,SR,18.1124,79.0193,168.9,2020,3,5,88,1,0,28.8,46,165.5,163.8,183.5,171.35714285714286,9.034167945981213,177.03333333333333,-0.9749279121818236,-0.2225209339563146,1.0,6.123233995736766e-17,0.9984354211555643,0.055916990100603484,156.4,155.8
2020-03-29,Telangana,SR,18.1124,79.0193,156.4,2020,3,6,89,1,0,29.4,47,168.9,188.2,179.3,166.81428571428572,6.895270981242424,176.27,-0.7818314824680299,0.6234898018587334,1.0,6.123233995736766e-17,0.9992500112396835,0.03872228089217446,159.5,220.9
2020-03-30,Telangana,SR,18.1124,79.0193,159.5,2020,3,0,90,0,0,29.3,51,156.4,179.5,178.7,163.95714285714286,4.485107632620547,175.63000000000002,0.0,1.0,1.0,6.123233995736766e-17,0.9997685019798909,0.021516097436222254,162.4,225.7
2020-03-31,Telangana,SR,18.1124,79.0193,162.4,2020,3,1,91,0,0,29.4,51,159.5,164.2,169.7,163.70000000000002,4.520324472129609,175.38666666666668,0.7818314824680298,0.6234898018587336,1.0,6.123233995736766e-17,0.9999907397361901,0.004303538296244289,159.2,218.5
2020-04-01,Telangana,SR,18.1124,79.0193,159.2,2020,4,2,92,0,0,29.6,50,162.4,165.4,174.8,162.81428571428572,4.734071035739605,174.86666666666667,0.9749279121818236,-0.22252093395631434,0.8660254037844387,-0.4999999999999998,0.9999166586547379,-0.01291029607500882,161.8,218.7
2020-04-02,Telangana,SR,18.1124,79.0193,161.8,2020,4,3,93,0,1,30.4,43,159.2,167.8,174.5,161.95714285714286,4.193191760801884,174.44333333333333,0.43388373911755823,-0.900968867902419,0.8660254037844387,-0.4999999999999998,0.9995462806873573,-0.030120304846908114,157.3,223.4
2020-04-03,Telangana,SR,18.1124,79.0193,157.3,2020,4,4,94,0,0,29.9,44,161.8,165.5,172.5,160.78571428571428,4.183869250438049,173.93666666666667,-0.433883739117558,-0.9009688679024191,0.8660254037844387,-0.4999999999999998,0.9988797155850336,-0.04732138832243185,155.8,215.9
2020-04-04,Telangana,SR,18.1124,79.0193,155.8,2020,4,5,95,1,0,28.1,51,157.3,168.9,175.0,158.91428571428574,2.566728508840294,173.29666666666668,-0.9749279121818236,-0.2225209339563146,0.8660254037844387,-0.4999999999999998,0.9979171608653922,-0.06450844944931623,220.9,220.5
2020-04-05,Telangana,SR,18.1124,79.0193,220.9,2020,4,6,96,1,0,28.9,48,155.8,156.4,167.0,168.12857142857143,23.384875046755838,175.09333333333333,-0.7818314824680299,0.6234898018587334,0.8660254037844387,-0.4999999999999998,0.9966589017541702,-0.08167639533042241,225.7,174.0
2020-04-13,Telangana,SR,18.1124,79.0193,225.7,2020,4,0,104,0,0,30.0,38,220.9,159.5,154.8,177.58571428571426,31.345038340564145,177.45666666666665,0.0,1.0,0.8660254037844387,-0.4999999999999998,0.9760105506323683,-0.21772323039653177,218.5,180.0
2020-04-14,Telangana,SR,18.1124,79.0193,218.5,2020,4,1,105,0,1,30.6,35,225.7,162.4,201.0,185.6,33.88421461388786,178.04,0.7818314824680298,0.6234898018587336,0.8660254037844387,-0.4999999999999998,0.9721181966290613,-0.23449138957040985,218.7,183.6
2020-04-15,Telangana,SR,18.1124,79.0193,218.7,2020,4,2,106,0,0,30.8,37,218.5,159.2,209.3,194.1,33.61978584107901,178.35333333333335,0.9749279121818236,-0.22252093395631434,0.8660254037844387,-0.4999999999999998,0.9679377830240642,-0.25119006388481935,223.4,187.4
2020-04-16,Telangana,SR,18.1124,79.0193,223.4,2020,4,3,107,0,0,31.2,35,218.7,161.8,209.4,202.90000000000003,31.767016437389188,178.82000000000002,0.43388373911755823,-0.900968867902419,0.8660254037844387,-0.4999999999999998,0.9634705485641488,-0.2678143051621742,215.9,188.7
2020-04-17,Telangana,SR,18.1124,79.0193,215.9,2020,4,4,108,0,0,31.4,41,223.4,157.3,212.1,211.27142857142854,24.67770345107246,178.94666666666666,-0.433883739117558,-0.9009688679024191,0.8660254037844387,-0.4999999999999998,0.9587178169872964,-0.2843591872810034,220.5,185.4
2020-04-18,Telangana,SR,18.1124,79.0193,220.5,2020,4,5,109,1,0,30.8,49,215.9,155.8,210.3,220.5142857142857,3.2662050208347866,179.28666666666666,-0.9749279121818236,-0.2225209339563146,0.8660254037844387,-0.4999999999999998,0.9536809966304457,-0.30081980763566735,174.0,182.5
2020-04-19,Telangana,SR,18.1124,79.0193,174.0,2020,4,6,110,1,0,30.4,50,220.5,220.9,212.3,213.8142857142857,17.85687809327607,178.01000000000002,-0.7818314824680299,0.6234898018587334,0.8660254037844387,-0.4999999999999998,0.9483615800121715,-0.3171912885891061,180.0,154.4
2020-04-20,Telangana,SR,18.1124,79.0193,180.0,2020,4,0,111,0,0,30.6,49,174.0,225.7,210.1,207.28571428571428,20.884557977242093,177.00666666666666,0.0,1.0,0.8660254037844387,-0.4999999999999998,0.9427611433904207,-0.3334687789181868,183.6,154.8
2020-04-21,Telangana,SR,18.1124,79.0193,183.6,2020,4,1,112,0,0,31.5,45,180.0,218.5,152.5,202.3,21.902206890327026,178.04333333333335,0.7818314824680298,0.6234898018587336,0.8660254037844387,-0.4999999999999998,0.9368813462954315,-0.3496474552512284,187.4,168.2
2020-04-22,Telangana,SR,18.1124,79.0193,187.4,2020,4,2,113,0,0,31.2,47,183.6,218.7,150.4,197.82857142857142,21.179133936158344,179.27666666666667,0.9749279121818236,-0.22252093395631434,0.8660254037844387,-0.4999999999999998,0.9307239310379795,-0.36572252349726897,188.7,160.9
2020-04-23,Telangana,SR,18.1124,79.0193,188.7,2020,4,3,114,0,0,31.5,51,187.4,223.4,147.3,192.87142857142857,18.02199714106064,180.6566666666667,0.43388373911755823,-0.900968867902419,0.8660254037844387,-0.4999999999999998,0.9242907221930933,-0.3816892202666588,185.4,159.9
2020-04-24,Telangana,SR,18.1124,79.0193,185.4,2020,4,4,115,0,0,30.4,60,188.7,215.9,155.9,188.51428571428573,14.951970725340615,181.64,-0.433883739117558,-0.9009688679024191,0.8660254037844387,-0.4999999999999998,0.9175836260593937,-0.39754281428255595,182.5,144.0
2020-04-25,Telangana,SR,18.1124,79.0193,182.5,2020,4,5,116,1,0,31.5,52,185.4,220.5,164.2,183.08571428571432,4.969382447022239,182.25,-0.9749279121818236,-0.2225209339563146,0.8660254037844387,-0.4999999999999998,0.9106046300942162,-0.4132786077829042,154.4,156.0
2020-04-26,Telangana,SR,18.1124,79.0193,154.4,2020,4,6,117,1,0,30.9,57,182.5,174.0,166.6,180.28571428571428,11.787059086335791,181.84333333333333,-0.7818314824680299,0.6234898018587334,0.8660254037844387,-0.4999999999999998,0.9033558023246845,-0.4288919379124835,154.8,141.8
2020-04-27,Telangana,SR,18.1124,79.0193,154.8,2020,4,0,118,0,0,29.6,64,154.4,180.0,163.8,176.6857142857143,15.233343753252898,181.54333333333335,0.0,1.0,0.8660254037844387,-0.4999999999999998,0.895839290734909,-0.4443781781046132,168.2,144.6
2020-04-28,Telangana,SR,18.1124,79.0193,168.2,2020,4,1,119,0,0,29.8,58,154.8,183.6,188.2,174.48571428571427,15.180297380862955,180.87666666666667,0.7818314824680298,0.6234898018587336,0.8660254037844387,-0.4999999999999998,0.8880573226294932,-0.45973273945210397,160.9,146.9
2020-04-29,Telangana,SR,18.1124,79.0193,160.9,2020,4,2,120,0,0,30.1,56,168.2,187.4,179.5,170.70000000000002,14.720280794423415,180.2566666666667,0.9749279121818236,-0.22252093395631434,0.8660254037844387,-0.4999999999999998,0.8800122039735357,-0.47495107206704995,159.9,146.1
2020-04-30,Telangana,SR,18.1124,79.0193,159.9,2020,4,3,121,0,0,31.4,46,160.9,188.7,164.2,166.58571428571426,12.742766388743751,180.11333333333332,0.43388373911755823,-0.900968867902419,0.8660254037844387,-0.4999999999999998,0.8717063187093218,-0.4900286664290592,144.0,141.8
2020-05-01,Telangana,SR,18.1124,79.0193,144.0,2020,5,4,122,0,0,31.7,47,159.9,185.4,165.4,160.67142857142858,12.148760469791986,179.4,-0.433883739117558,-0.9009688679024191,0.49999999999999994,-0.8660254037844387,0.8631421280499114,-0.5049610547215204,156.0,145.4
2020-05-02,Telangana,SR,18.1124,79.0193,156.0,2020,5,5,123,1,0,31.6,42,144.0,182.5,167.8,156.8857142857143,7.422584583873709,179.00666666666666,-0.9749279121818236,-0.2225209339563146,0.49999999999999994,-0.8660254037844387,0.854322169749827,-0.5197438121555155,141.8,147.8
2020-05-03,Telangana,SR,18.1124,79.0193,141.8,2020,5,6,124,1,0,32.5,37,156.0,154.4,165.5,155.08571428571426,9.392271392201078,178.21666666666667,-0.7818314824680299,0.6234898018587334,0.49999999999999994,-0.8660254037844387,0.8452490573530633,-0.5343725582809786,144.6,208.6
2020-05-04,Telangana,SR,18.1124,79.0193,144.6,2020,5,0,125,0,0,33.2,42,141.8,154.8,168.9,153.62857142857143,10.200443501095618,177.4066666666667,0.0,1.0,0.49999999999999994,-0.8660254037844387,0.8359254794186372,-0.548842958284719,146.9,215.2
2020-05-05,Telangana,SR,18.1124,79.0193,146.9,2020,5,1,126,0,0,32.7,48,144.6,168.2,156.4,150.58571428571426,8.08732105859269,177.09,0.7818314824680298,0.6234898018587336,0.49999999999999994,-0.8660254037844387,0.8263541987239096,-0.5631507242749186,146.1,228.9
2020-05-13,Telangana,SR,18.1124,79.0193,146.1,2020,5,2,134,0,0,31.5,49,146.9,160.9,159.5,148.47142857142856,6.768484391086003,176.64333333333335,0.9749279121818236,-0.22252093395631434,0.49999999999999994,-0.8660254037844387,0.7412220108485958,-0.6712599575675313,141.8,226.2
2020-05-14,Telangana,SR,18.1124,79.0193,141.8,2020,5,3,135,0,0,32.4,47,146.1,159.9,162.4,145.8857142857143,4.864301447425043,175.95666666666665,0.43388373911755823,-0.900968867902419,0.49999999999999994,-0.8660254037844387,0.7295575540864875,-0.6839194216246106,145.4,226.7
2020-05-15,Telangana,SR,18.1124,79.0193,145.4,2020,5,4,136,0,0,32.1,49,141.8,144.0,159.2,146.0857142857143,4.802231624091184,175.4966666666667,-0.433883739117558,-0.9009688679024191,0.49999999999999994,-0.8660254037844387,0.717676913675962,-0.6963762255968722,147.8,220.6
2020-05-16,Telangana,SR,18.1124,79.0193,147.8,2020,5,5,137,1,0,31.5,55,145.4,156.0,161.8,144.91428571428574,2.359681172973941,175.03000000000003,-0.9749279121818236,-0.2225209339563146,0.49999999999999994,-0.8660254037844387,0.705583610107178,-0.7086266782644596,208.6,192.9
2020-05-17,Telangana,SR,18.1124,79.0193,208.6,2020,5,6,138,1,0,32.1,52,147.8,141.8,157.3,154.45714285714286,23.95174712784407,176.73999999999998,-0.7818314824680299,0.6234898018587334,0.49999999999999994,-0.8660254037844387,0.6932812268869777,-0.7206671495538609,215.2,157.3
2020-05-18,Telangana,SR,18.1124,79.0193,215.2,2020,5,0,139,0,0,32.0,49,208.6,144.6,155.8,164.54285714285714,32.46176505484861,178.71999999999997,0.0,1.0,0.49999999999999994,-0.8660254037844387,0.6807734094770161,-0.7324940716135789,228.9,156.0
2020-05-19,Telangana,SR,18.1124,79.0193,228.9,2020,5,1,140,0,0,32.2,40,215.2,146.9,220.9,176.25714285714284,39.14204291819129,178.98666666666668,0.7818314824680298,0.6234898018587336,0.49999999999999994,-0.8660254037844387,0.6680638642135335,-0.7441039398713607,226.2,165.9
2020-05-20,Telangana,SR,18.1124,79.0193,226.2,2020,5,2,141,0,0,33.2,28,228.9,146.1,225.7,187.70000000000002,40.53981581934822,179.00333333333336,0.9749279121818236,-0.22252093395631434,0.49999999999999994,-0.8660254037844387,0.6551563572090853,-0.7554933140726803,226.7,172.5
2020-05-21,Telangana,SR,18.1124,79.0193,226.7,2020,5,3,142,0,0,33.5,24,226.2,141.8,218.5,199.82857142857145,37.070505539477026,179.27666666666667,0.43388373911755823,-0.900968867902419,0.49999999999999994,-0.8660254037844387,0.6420547132365637,-0.766658819300159,220.6,181.5
