timestamp,node_id,region,latitude,longitude,consumption_mu,year,month,dayofweek,dayofyear,is_weekend,is_holiday,temperature_c,humidity,lag_1d,lag_7d,lag_30d,roll_mean_7d,roll_std_7d,roll_mean_30d,dow_sin,dow_cos,month_sin,month_cos,doy_sin,doy_cos,target_next_1d,target_next_7d
2019-02-02,Maharashtra,WR,19.25023195,73.16017493,344.3,2019,2,5,33,1,0,24.2,49,345.2,456.0,428.6,424.2857142857143,73.34869752471026,408.5448333333333,-0.9749279121818236,-0.2225209339563146,0.8660254037844386,0.5000000000000001,0.5380051715382996,0.8429415373547828,353.3,350.4
2019-02-03,Maharashtra,WR,19.25023195,73.16017493,353.3,2019,2,6,34,1,0,25.2,50,344.3,485.9,419.6,405.3428571428571,71.8923004023578,406.33483333333334,-0.7818314824680299,0.6234898018587334,0.8660254037844386,0.5000000000000001,0.5524353131676196,0.8335557718385699,369.8,360.6
2019-02-04,Maharashtra,WR,19.25023195,73.16017493,369.8,2019,2,0,35,0,0,26.2,51,353.3,485.2,395.8,388.85714285714283,63.238565689586764,405.46816666666666,0.0,1.0,0.8660254037844386,0.5000000000000001,0.5667017562911176,0.8239230057575542,376.0,362.2
2019-02-05,Maharashtra,WR,19.25023195,73.16017493,376.0,2019,2,1,36,0,0,25.8,57,369.8,485.1,411.1,373.2714285714286,46.8986749736674,404.29816666666665,0.7818314824680298,0.6234898018587336,0.8660254037844386,0.5000000000000001,0.5808002734538009,0.8140460935082178,378.0,360.6
2019-02-06,Maharashtra,WR,19.25023195,73.16017493,378.0,2019,2,2,37,0,0,24.7,58,376.0,475.9,408.6,359.2857142857143,14.818055267299377,403.27816666666666,0.9749279121818236,-0.22252093395631434,0.8660254037844386,0.5000000000000001,0.5947266869607634,0.8039279618328213,339.845,357.5
2019-02-07,Maharashtra,WR,19.25023195,73.16017493,339.845,2019,2,3,38,0,0,21.9,62,378.0,348.4,408.1,358.0635714285714,16.15774187871015,401.003,0.43388373911755823,-0.900968867902419,0.8660254037844386,0.5000000000000001,0.6084768701151261,0.7935716089521474,339.845,394.1
2019-02-08,Maharashtra,WR,19.25023195,73.16017493,339.845,2019,2,4,39,0,0,19.6,55,339.845,345.2,398.2,357.29857142857145,16.974412290828315,399.05783333333335,-0.433883739117558,-0.9009688679024191,0.8660254037844386,0.5000000000000001,0.6220467484408675,0.7829801036770629,350.4,399.5
2019-02-09,Maharashtra,WR,19.25023195,73.16017493,350.4,2019,2,5,40,1,0,20.4,32,339.845,344.3,400.9,358.17,16.340622948140915,397.3745,-0.9749279121818236,-0.2225209339563146,0.8660254037844386,0.5000000000000001,0.6354323008901774,0.7721565844991642,360.6,405.3
2019-02-10,Maharashtra,WR,19.25023195,73.16017493,360.6,2019,2,6,41,1,0,22.6,34,350.4,353.3,409.7,359.21285714285716,16.210443613388062,395.73783333333336,-0.7818314824680299,0.6234898018587334,0.8660254037844386,0.5000000000000001,0.6486295610349814,0.7611042586607747,362.2,403.4
2019-02-11,Maharashtra,WR,19.25023195,73.16017493,362.2,2019,2,0,42,0,0,25.5,38,360.6,369.8,405.2,358.1271428571428,15.627192608063035,394.3045,0.0,1.0,0.8660254037844386,0.5000000000000001,0.6616346182422783,0.7498264012045686,360.6,399.3
2019-02-12,Maharashtra,WR,19.25023195,73.16017493,360.6,2019,2,1,43,0,0,27.5,41,362.2,376.0,421.8,355.9271428571429,13.65070750826366,392.2645,0.7818314824680298,0.6234898018587336,0.8660254037844386,0.5000000000000001,0.6744436188329455,0.7383263540031065,357.5,403.5
2019-02-13,Maharashtra,WR,19.25023195,73.16017493,357.5,2019,2,2,44,0,0,27.7,42,360.6,378.0,408.3,352.99857142857144,9.774780779418466,390.57116666666667,0.9749279121818236,-0.22252093395631434,0.8660254037844386,0.5000000000000001,0.6870527672236669,0.7266075247685656,394.1,392.4
2019-02-14,Maharashtra,WR,19.25023195,73.16017493,394.1,2019,2,3,45,0,0,26.8,44,357.5,339.845,406.3,360.74928571428575,16.678699097094054,390.1645,0.43388373911755823,-0.900968867902419,0.8660254037844386,0.5000000000000001,0.699458327051647,0.7146733860429609,399.5,509.5
2019-02-15,Maharashtra,WR,19.25023195,73.16017493,399.5,2019,2,4,46,0,0,24.9,46,394.1,339.845,392.1,369.2714285714286,19.258393346426764,390.4111666666667,-0.433883739117558,-0.9009688679024191,0.8660254037844386,0.5000000000000001,0.7116566222817746,0.7025274741691571,405.3,513.399
2019-02-16,Maharashtra,WR,19.25023195,73.16017493,405.3,2019,2,5,47,1,0,23.5,50,399.5,350.4,377.1,377.11428571428576,21.356765405168716,391.35116666666664,-0.9749279121818236,-0.2225209339563146,0.8660254037844386,0.5000000000000001,0.7236440382959124,0.6901733882429719,403.4,513.399
2019-02-17,Maharashtra,WR,19.25023195,73.16017493,403.4,2019,2,6,48,1,0,23.4,50,405.3,360.6,368.4,383.2285714285714,21.959031117493144,392.5178333333334,-0.7818314824680299,0.6234898018587334,0.8660254037844386,0.5000000000000001,0.7354170229639855,0.6776147890466889,399.3,509.6
2019-02-18,Maharashtra,WR,19.25023195,73.16017493,399.3,2019,2,0,49,0,0,24.8,48,403.4,362.2,360.8,388.52857142857147,20.46401022003509,393.8011666666667,0.0,1.0,0.8660254037844386,0.5000000000000001,0.7469720876965552,0.6648553979642865,403.5,505.9
2019-02-19,Maharashtra,WR,19.25023195,73.16017493,403.5,2019,2,1,50,0,0,26.0,44,399.3,360.6,371.2,394.65714285714284,16.802168227429625,394.87783333333334,0.7818314824680298,0.6234898018587336,0.8660254037844386,0.5000000000000001,0.7583058084785624,0.6518989958787126,392.4,500.6
2019-02-20,Maharashtra,WR,19.25023195,73.16017493,392.4,2019,2,2,51,0,0,26.6,55,403.5,357.5,362.4,399.64285714285717,4.904371228082874,395.8778333333333,0.9749279121818236,-0.22252093395631434,0.8660254037844386,0.5000000000000001,0.7694148268839378,0.6387494220515272,509.5,489.6
2019-02-21,Maharashtra,WR,19.25023195,73.16017493,509.5,2019,2,3,52,0,0,26.4,67,392.4,394.1,356.6,416.12857142857143,41.391895917184605,400.97450000000003,0.43388373911755823,-0.900968867902419,0.8660254037844386,0.5000000000000001,0.7802958510707755,0.6254105729852463,513.399,454.7
2019-02-22,Maharashtra,WR,19.25023195,73.16017493,513.399,2019,2,4,53,0,0,27.9,52,509.5,399.5,339.845,432.3998571428571,54.17791370545928,406.75963333333334,-0.433883739117558,-0.9009688679024191,0.8660254037844386,0.5000000000000001,0.7909456567567772,0.6118864012687243,513.399,467.0
2019-02-23,Maharashtra,WR,19.25023195,73.16017493,513.399,2019,2,5,54,1,0,28.7,44,513.399,405.3,499.4,447.8425714285714,60.233704457048425,407.2262666666667,-0.9749279121818236,-0.2225209339563146,0.8660254037844386,0.5000000000000001,0.8013610881746766,0.5981809144059165,509.6,461.9
2019-02-24,Maharashtra,WR,19.25023195,73.16017493,509.6,2019,2,6,55,1,0,27.2,39,513.399,403.4,508.9,463.014,60.54781448023824,407.24960000000004,-0.7818314824680299,0.6234898018587334,0.8660254037844386,0.5000000000000001,0.8115390590073611,0.5842981736283684,505.9,454.7
2019-02-25,Maharashtra,WR,19.25023195,73.16017493,505.9,2019,2,0,56,0,0,26.7,34,509.6,399.3,456.0,478.2425714285714,55.0039339740265,408.91293333333334,0.0,1.0,0.8660254037844386,0.5000000000000001,0.8214765533024142,0.5702422926917871,500.6,448.3
2019-02-26,Maharashtra,WR,19.25023195,73.16017493,500.6,2019,2,1,57,0,0,25.1,54,505.9,403.5,485.9,492.114,44.19480254132484,409.4029333333334,0.7818314824680298,0.6234898018587336,0.8660254037844386,0.5000000000000001,0.8311706263658079,0.5560174366570446,489.6,443.4
2019-02-27,Maharashtra,WR,19.25023195,73.16017493,489.6,2019,2,2,58,0,0,23.9,61,500.6,392.4,485.2,505.9997142857143,8.49343277115481,409.5496,0.9749279121818236,-0.22252093395631434,0.8660254037844386,0.5000000000000001,0.8406184056344782,0.5416278206559814,454.7,435.6
2019-02-28,Maharashtra,WR,19.25023195,73.16017493,454.7,2019,2,3,59,0,0,24.3,53,489.6,509.5,485.1,498.17114285714285,20.90946106772925,408.5362666666667,0.43388373911755823,-0.900968867902419,0.8660254037844386,0.5000000000000001,0.8498170915275278,0.5270777086423722,467.0,423.5
2019-03-02,Maharashtra,WR,19.25023195,73.16017493,467.0,2019,3,5,61,1,0,25.7,55,454.7,513.399,475.9,491.5427142857143,22.566322361093473,408.2396,-0.9749279121818236,-0.2225209339563146,1.0,6.123233995736766e-17,0.8674563547295969,0.49751328890718066,461.9,429.0
2019-03-03,Maharashtra,WR,19.25023195,73.16017493,461.9,2019,3,6,62,1,0,24.8,74,467.0,513.399,348.4,484.1857142857143,22.647842323382257,412.02293333333336,-0.7818314824680299,0.6234898018587334,1.0,6.123233995736766e-17,0.8758917051442429,0.48250774176121847,454.7,439.3
2019-03-04,Maharashtra,WR,19.25023195,73.16017493,454.7,2019,3,0,63,0,1,24.9,73,461.9,509.6,345.2,476.3428571428571,21.872727092802357,415.67293333333333,0.0,1.0,1.0,6.123233995736766e-17,0.8840675099433636,0.4673592171580022,448.3,449.4
2019-03-05,Maharashtra,WR,19.25023195,73.16017493,448.3,2019,3,1,64,0,0,24.9,71,454.7,505.9,344.3,468.11428571428576,19.618480111995915,419.13960000000003,0.7818314824680298,0.6234898018587336,1.0,6.123233995736766e-17,0.8919813464595485,0.45207220393230435,443.4,431.4
2019-03-06,Maharashtra,WR,19.25023195,73.16017493,443.4,2019,3,2,65,0,0,24.2,66,448.3,500.6,353.3,459.9428571428571,15.260936749629916,422.1429333333333,0.9749279121818236,-0.22252093395631434,1.0,6.123233995736766e-17,0.8996308696522433,0.43665123195606403,435.6,402.8
2019-03-07,Maharashtra,WR,19.25023195,73.16017493,435.6,2019,3,3,66,0,0,24.8,60,443.4,489.6,369.8,452.2285714285714,10.753559764982903,424.33626666666663,0.43388373911755823,-0.900968867902419,1.0,6.123233995736766e-17,0.9070138128026359,0.4211008707960896,423.5,374.7
2019-03-08,Maharashtra,WR,19.25023195,73.16017493,423.5,2019,3,4,67,0,0,27.0,47,435.6,454.7,376.0,447.7714285714286,15.132714482836766,425.9196,-0.433883739117558,-0.9009688679024191,1.0,6.123233995736766e-17,0.9141279881853337,0.40542572835999735,429.0,404.6
2019-03-09,Maharashtra,WR,19.25023195,73.16017493,429.0,2019,3,5,68,1,0,27.9,41,423.5,467.0,378.0,442.34285714285716,13.846402317673181,427.6196,-0.9749279121818236,-0.2225209339563146,1.0,6.123233995736766e-17,0.9209712877166346,0.38963044953078796,439.3,405.7
2019-03-10,Maharashtra,WR,19.25023195,73.16017493,439.3,2019,3,6,69,1,0,27.7,38,429.0,461.9,339.845,439.11428571428576,10.833194138300222,430.9347666666667,-0.7818314824680299,0.6234898018587334,1.0,6.123233995736766e-17,0.9275416835791966,0.37371971479046906,449.4,408.1
2019-03-11,Maharashtra,WR,19.25023195,73.16017493,449.4,2019,3,0,70,0,0,26.0,58,439.3,454.7,339.845,438.35714285714283,9.686908200050064,434.5866,0.0,1.0,1.0,6.123233995736766e-17,0.9338372288229252,0.35769823883312546,431.4,408.8
2019-03-12,Maharashtra,WR,19.25023195,73.16017493,431.4,2019,3,1,71,0,0,26.2,62,449.4,448.3,350.4,435.9428571428571,8.867141054262984,437.2866,0.7818314824680298,0.6234898018587336,1.0,6.123233995736766e-17,0.9398560579418954,0.3415707691678556,402.8,405.1
2019-03-13,Maharashtra,WR,19.25023195,73.16017493,402.8,2019,3,2,72,0,0,25.5,60,431.4,443.4,360.6,430.14285714285717,14.600896906566845,438.6932666666666,0.9749279121818236,-0.22252093395631434,1.0,6.123233995736766e-17,0.9455963874271426,0.3253420847119801,374.7,400.2
2019-03-14,Maharashtra,WR,19.25023195,73.16017493,374.7,2019,3,3,73,0,0,26.4,49,402.8,435.6,362.2,421.4428571428571,25.14430731748619,439.10993333333334,0.43388373911755823,-0.900968867902419,1.0,6.123233995736766e-17,0.9510565162951535,0.30901699437494745,404.6,409.9
2019-03-15,Maharashtra,WR,19.25023195,73.16017493,404.6,2019,3,4,74,0,0,27.7,32,374.7,423.5,360.6,418.74285714285713,25.890272120551153,440.57660000000004,-0.433883739117558,-0.9009688679024191,1.0,6.123233995736766e-17,0.9562348265919056,0.29260033563334836,405.7,438.0
2019-03-16,Maharashtra,WR,19.25023195,73.16017493,405.7,2019,3,5,75,1,0,28.4,35,404.6,429.0,357.5,415.4142857142857,25.849527950005044,442.18326666666667,-0.9749279121818236,-0.2225209339563146,1.0,6.123233995736766e-17,0.9611297838723007,0.27609697309746883,408.1,442.3
2019-03-17,Maharashtra,WR,19.25023195,73.16017493,408.1,2019,3,6,76,1,0,27.3,50,405.7,439.3,394.1,410.9571428571429,23.639998388526138,442.6499333333333,-0.7818314824680299,0.6234898018587334,1.0,6.123233995736766e-17,0.9657399376548549,0.2595117970697999,408.8,441.0
2019-03-18,Maharashtra,WR,19.25023195,73.16017493,408.8,2019,3,0,77,0,0,27.7,44,408.1,449.4,399.5,405.1571428571429,16.555045267516377,442.95993333333337,0.0,1.0,1.0,6.123233995736766e-17,0.9700639218515071,0.2428497220959356,405.1,443.7
2019-03-19,Maharashtra,WR,19.25023195,73.16017493,405.1,2019,3,1,78,0,0,27.8,44,408.8,431.4,405.3,401.40000000000003,11.950732195141486,442.95326666666665,0.7818314824680298,0.6234898018587336,1.0,6.123233995736766e-17,0.9741004551724205,0.22611568550828828,400.2,443.7
2019-03-20,Maharashtra,WR,19.25023195,73.16017493,400.2,2019,3,2,79,0,0,26.8,58,405.1,402.8,403.4,401.0285714285714,11.940367705911406,442.84659999999997,0.9749279121818236,-0.22252093395631434,1.0,6.123233995736766e-17,0.9778483415056568,0.20931464596304847,409.9,445.0
2019-03-21,Maharashtra,WR,19.25023195,73.16017493,409.9,2019,3,3,80,0,1,26.4,64,400.2,374.7,399.3,406.0571428571429,3.2643820971484874,443.1999333333333,0.43388373911755823,-0.900968867902419,1.0,6.123233995736766e-17,0.9813064702716093,0.19245158197082998,438.0,424.4
2019-03-22,Maharashtra,WR,19.25023195,73.16017493,438.0,2019,3,4,81,0,0,26.9,60,409.9,404.6,403.5,410.8285714285715,12.401574400818765,444.3499333333333,-0.433883739117558,-0.9009688679024191,1.0,6.123233995736766e-17,0.9844738167520922,0.1755314904214282,442.3,471.3
2019-03-23,Maharashtra,WR,19.25023195,73.16017493,442.3,2019,3,5,82,1,0,29.7,37,438.0,405.7,392.4,416.0571428571428,16.81059756451832,446.0132666666667,-0.9749279121818236,-0.2225209339563146,1.0,6.123233995736766e-17,0.9873494423939864,0.15855938510313475,441.0,484.0
2019-03-24,Maharashtra,WR,19.25023195,73.16017493,441.0,2019,3,6,83,1,0,31.5,28,442.3,408.1,509.5,420.75714285714287,18.707294222919007,443.72993333333335,-0.7818314824680299,0.6234898018587334,1.0,6.123233995736766e-17,0.989932495087353,0.141540295217043,443.7,489.6
2019-03-25,Maharashtra,WR,19.25023195,73.16017493,443.7,2019,3,0,84,0,0,32.2,28,441.0,408.8,513.399,425.74285714285713,19.617921835476412,441.4066333333333,0.0,1.0,1.0,6.123233995736766e-17,0.9922222094179323,0.12447926388678915,443.7,487.7
2019-03-26,Maharashtra,WR,19.25023195,73.16017493,443.7,2019,3,1,85,0,0,32.0,28,443.7,405.1,513.399,431.2571428571428,18.22387236043791,439.0833333333333,0.7818314824680298,0.6234898018587336,1.0,6.123233995736766e-17,0.994217906893952,0.10738134666416309,445.0,483.3
2019-03-27,Maharashtra,WR,19.25023195,73.16017493,445.0,2019,3,2,86,0,0,29.7,55,443.7,400.2,509.6,437.65714285714284,12.451620663306048,436.93,0.9749279121818236,-0.22252093395631434,1.0,6.123233995736766e-17,0.995918996147179,0.09025161003104117,424.4,484.0
2019-03-28,Maharashtra,WR,19.25023195,73.16017493,424.4,2019,3,3,87,0,0,29.7,56,445.0,409.9,505.9,439.7285714285714,7.135758377289828,434.2133333333333,0.43388373911755823,-0.900968867902419,1.0,6.123233995736766e-17,0.9973249731081555,0.07309512989807777,471.3,462.0
2019-03-29,Maharashtra,WR,19.25023195,73.16017493,471.3,2019,3,4,88,0,0,30.3,51,424.4,438.0,500.6,444.4857142857143,13.789298818459907,433.2366666666666,-0.433883739117558,-0.9009688679024191,1.0,6.123233995736766e-17,0.9984354211555643,0.055916990100603484,484.0,439.4
2019-03-30,Maharashtra,WR,19.25023195,73.16017493,484.0,2019,3,5,89,1,0,29.9,57,471.3,442.3,489.6,450.4428571428572,20.203370770151516,433.05,-0.9749279121818236,-0.2225209339563146,1.0,6.123233995736766e-17,0.9992500112396835,0.03872228089217446,489.6,433.9
2019-03-31,Maharashtra,WR,19.25023195,73.16017493,489.6,2019,3,6,90,1,0,29.3,60,484.0,441.0,454.7,457.3857142857143,24.343885513713488,434.2133333333333,-0.7818314824680299,0.6234898018587334,1.0,6.123233995736766e-17,0.9997685019798909,0.021516097436222254,487.7,432.9
2019-04-02,Maharashtra,WR,19.25023195,73.16017493,487.7,2019,4,1,92,0,0,28.3,66,489.6,443.7,467.0,463.6714285714285,25.854832835514777,434.90333333333336,0.7818314824680298,0.6234898018587336,0.8660254037844387,-0.4999999999999998,0.9999166586547379,-0.01291029607500882,483.3,432.9
2019-04-03,Maharashtra,WR,19.25023195,73.16017493,483.3,2019,4,2,93,0,0,29.8,63,487.7,443.7,461.9,469.3285714285715,25.077328026574474,435.6166666666667,0.9749279121818236,-0.22252093395631434,0.8660254037844387,-0.4999999999999998,0.9995462806873573,-0.030120304846908114,484.0,420.9
2019-04-04,Maharashtra,WR,19.25023195,73.16017493,484.0,2019,4,3,94,0,0,29.5,67,483.3,445.0,454.7,474.90000000000003,23.01926729213395,436.5933333333333,0.43388373911755823,-0.900968867902419,0.8660254037844387,-0.4999999999999998,0.9988797155850336,-0.04732138832243185,462.0,431.1
2019-04-05,Maharashtra,WR,19.25023195,73.16017493,462.0,2019,4,4,95,0,0,29.5,63,484.0,424.4,448.3,480.2714285714286,9.945805528919857,437.05,-0.433883739117558,-0.9009688679024191,0.8660254037844387,-0.4999999999999998,0.9979171608653922,-0.06450844944931623,439.4,419.7
2019-04-06,Maharashtra,WR,19.25023195,73.16017493,439.4,2019,4,5,96,1,0,29.2,61,462.0,471.3,443.4,475.7142857142857,18.43062926864238,436.9166666666667,-0.9749279121818236,-0.2225209339563146,0.8660254037844387,-0.4999999999999998,0.9966589017541702,-0.08167639533042241,433.9,436.2
2019-04-07,Maharashtra,WR,19.25023195,73.16017493,433.9,2019,4,6,97,1,0,29.5,59,439.4,484.0,435.6,468.5571428571428,23.66198478170333,436.86,-0.7818314824680299,0.6234898018587334,0.8660254037844387,-0.4999999999999998,0.9951053111006976,-0.09882013873287143,432.9,451.0
2019-04-08,Maharashtra,WR,19.25023195,73.16017493,432.9,2019,4,0,98,0,0,29.5,65,433.9,489.6,423.5,460.45714285714286,24.92888934167651,437.17333333333335,0.0,1.0,0.8660254037844387,-0.4999999999999998,0.9932568492674143,-0.11593459959550041,432.9,458.8
2019-04-09,Maharashtra,WR,19.25023195,73.16017493,432.9,2019,4,1,99,0,0,29.2,65,432.9,487.7,429.0,452.62857142857143,23.512104278840486,437.30333333333334,0.7818314824680298,0.6234898018587336,0.8660254037844387,-0.4999999999999998,0.9911140639934547,-0.1330147065341959,420.9,448.7
2019-04-10,Maharashtra,WR,19.25023195,73.16017493,420.9,2019,4,2,100,0,0,29.7,67,432.9,483.3,439.3,443.7142857142857,21.704947866898323,436.68999999999994,0.9749279121818236,-0.22252093395631434,0.8660254037844387,-0.4999999999999998,0.9886775902323405,-0.1500553983446526,431.1,407.6
2019-04-11,Maharashtra,WR,19.25023195,73.16017493,431.1,2019,4,3,101,0,0,30.0,64,420.9,484.0,449.4,436.15714285714284,12.669103775571296,436.08,0.43388373911755823,-0.900968867902419,0.8660254037844387,-0.4999999999999998,0.9859481499638304,-0.16705162550211924,419.7,388.5
2019-04-12,Maharashtra,WR,19.25023195,73.16017493,419.7,2019,4,4,102,0,0,30.9,57,431.1,462.0,431.4,430.1142857142857,7.192688086158087,435.69,-0.433883739117558,-0.9009688679024191,0.8660254037844387,-0.4999999999999998,0.9829265519799822,-0.18399835165768005,436.2,371.1
2019-04-13,Maharashtra,WR,19.25023195,73.16017493,436.2,2019,4,5,103,1,1,32.1,47,419.7,439.4,402.8,429.65714285714284,6.579730780423721,436.80333333333334,-0.9749279121818236,-0.2225209339563146,0.8660254037844387,-0.4999999999999998,0.9796136916454901,-0.20089055513063506,451.0,495.9
2019-04-14,Maharashtra,WR,19.25023195,73.16017493,451.0,2019,4,6,104,1,1,32.5,47,436.2,433.9,374.7,432.1,10.452272480183456,439.34666666666664,-0.7818314824680299,0.6234898018587334,0.8660254037844387,-0.4999999999999998,0.9760105506323683,-0.21772323039653177,458.8,494.2
2019-04-15,Maharashtra,WR,19.25023195,73.16017493,458.8,2019,4,0,105,0,0,31.7,57,451.0,432.9,404.6,435.8,14.559761902815252,441.15333333333336,0.0,1.0,0.8660254037844387,-0.4999999999999998,0.9721181966290613,-0.23449138957040985,448.7,491.4
2019-04-16,Maharashtra,WR,19.25023195,73.16017493,448.7,2019,4,1,106,0,0,30.5,65,458.8,432.9,405.7,438.0571428571429,15.243890267126568,442.5866666666667,0.7818314824680298,0.6234898018587336,0.8660254037844387,-0.4999999999999998,0.9679377830240642,-0.25119006388481935,407.6,493.4
2019-04-17,Maharashtra,WR,19.25023195,73.16017493,407.6,2019,4,2,107,0,1,29.1,51,448.7,420.9,408.1,436.15714285714284,18.267718078882417,442.57,0.9749279121818236,-0.22252093395631434,0.8660254037844387,-0.4999999999999998,0.9634705485641488,-0.2678143051621742,388.5,492.9
2019-04-18,Maharashtra,WR,19.25023195,73.16017493,388.5,2019,4,3,108,0,0,28.8,50,407.6,431.1,408.8,430.07142857142856,25.783180194700183,441.8933333333333,0.43388373911755823,-0.900968867902419,0.8660254037844387,-0.4999999999999998,0.9587178169872964,-0.2843591872810034,371.1,484.8
2019-04-19,Maharashtra,WR,19.25023195,73.16017493,371.1,2019,4,4,109,0,1,30.3,49,388.5,419.7,405.1,423.12857142857143,34.20836711905983,440.76000000000005,-0.433883739117558,-0.9009688679024191,0.8660254037844387,-0.4999999999999998,0.9536809966304457,-0.30081980763566735,495.9,456.8
2019-04-20,Maharashtra,WR,19.25023195,73.16017493,495.9,2019,4,5,110,1,0,29.7,57,371.1,436.2,400.2,431.65714285714284,44.039635827394434,443.95,-0.9749279121818236,-0.2225209339563146,0.8660254037844387,-0.4999999999999998,0.9483615800121715,-0.3171912885891061,494.2,447.6
2019-04-21,Maharashtra,WR,19.25023195,73.16017493,494.2,2019,4,6,111,1,0,29.6,60,495.9,451.0,409.9,437.82857142857137,49.84608691715314,446.76000000000005,-0.7818314824680299,0.6234898018587334,0.8660254037844387,-0.4999999999999998,0.9427611433904207,-0.3334687789181868,491.4,456.7
2019-04-22,Maharashtra,WR,19.25023195,73.16017493,491.4,2019,4,0,112,0,0,30.4,55,494.2,458.8,438.0,442.4857142857143,53.51957363343592,448.54,0.0,1.0,0.8660254037844387,-0.4999999999999998,0.9368813462954315,-0.3496474552512284,493.4,447.8
2019-04-23,Maharashtra,WR,19.25023195,73.16017493,493.4,2019,4,1,113,0,0,30.8,54,491.4,448.7,442.3,448.87142857142857,56.941891851422184,450.2433333333333,0.7818314824680298,0.6234898018587336,0.8660254037844387,-0.4999999999999998,0.9307239310379795,-0.36572252349726897,492.9,427.8
2019-04-24,Maharashtra,WR,19.25023195,73.16017493,492.9,2019,4,2,114,0,0,31.0,56,493.4,407.6,441.0,461.0571428571428,55.75245456906999,451.9733333333333,0.9749279121818236,-0.22252093395631434,0.8660254037844387,-0.4999999999999998,0.9242907221930933,-0.3816892202666588,484.8,428.5
2019-04-25,Maharashtra,WR,19.25023195,73.16017493,484.8,2019,4,3,115,0,0,31.9,51,492.9,388.5,443.7,474.8142857142857,45.870085697595925,453.34333333333336,0.43388373911755823,-0.900968867902419,0.8660254037844387,-0.4999999999999998,0.9175836260593937,-0.39754281428255595,456.8,425.5
2019-04-26,Maharashtra,WR,19.25023195,73.16017493,456.8,2019,4,4,116,0,0,32.5,50,484.8,371.1,443.7,487.0571428571429,13.802397997313083,453.78,-0.433883739117558,-0.9009688679024191,0.8660254037844387,-0.4999999999999998,0.9106046300942162,-0.4132786077829042,447.6,415.3
2019-04-27,Maharashtra,WR,19.25023195,73.16017493,447.6,2019,4,5,117,1,0,34.2,45,456.8,495.9,445.0,480.15714285714284,19.52962340845893,453.8666666666667,-0.9749279121818236,-0.2225209339563146,0.8660254037844387,-0.4999999999999998,0.9033558023246845,-0.4288919379124835,456.7,409.6
2019-04-28,Maharashtra,WR,19.25023195,73.16017493,456.7,2019,4,6,118,1,0,33.6,47,447.6,494.2,424.4,474.8,20.168374583326404,454.9433333333333,-0.7818314824680299,0.6234898018587334,0.8660254037844387,-0.4999999999999998,0.895839290734909,-0.4443781781046132,447.8,403.0
2019-04-29,Maharashtra,WR,19.25023195,73.16017493,447.8,2019,4,0,119,0,0,31.8,58,456.7,491.4,471.3,468.57142857142856,20.90635583466769,454.16,0.0,1.0,0.8660254037844387,-0.4999999999999998,0.8880573226294932,-0.45973273945210397,427.8,391.5
2019-04-30,Maharashtra,WR,19.25023195,73.16017493,427.8,2019,4,1,120,0,0,30.3,65,447.8,493.4,484.0,459.2,22.559329186244824,452.2866666666667,0.7818314824680298,0.6234898018587336,0.8660254037844387,-0.4999999999999998,0.8800122039735357,-0.47495107206704995,428.5,385.4
2019-05-02,Maharashtra,WR,19.25023195,73.16017493,428.5,2019,5,3,122,0,0,29.5,62,427.8,492.9,489.6,450.0,19.44162201738028,450.25,0.43388373911755823,-0.900968867902419,0.49999999999999994,-0.8660254037844387,0.8631421280499114,-0.5049610547215204,425.5,379.7
2019-05-03,Maharashtra,WR,19.25023195,73.16017493,425.5,2019,5,4,123,0,0,29.2,62,428.5,484.8,487.7,441.52857142857147,13.87272074801457,448.1766666666666,-0.433883739117558,-0.9009688679024191,0.49999999999999994,-0.8660254037844387,0.854322169749827,-0.5197438121555155,415.3,385.6
2019-05-04,Maharashtra,WR,19.25023195,73.16017493,415.3,2019,5,5,124,1,0,29.6,62,425.5,456.8,483.3,435.59999999999997,15.074260623106603,445.91,-0.9749279121818236,-0.2225209339563146,0.49999999999999994,-0.8660254037844387,0.8452490573530633,-0.5343725582809786,409.6,380.7
2019-05-05,Maharashtra,WR,19.25023195,73.16017493,409.6,2019,5,6,125,1,0,30.0,65,415.3,447.6,484.0,430.1714285714285,16.77852936401319,443.43,-0.7818314824680299,0.6234898018587334,0.49999999999999994,-0.8660254037844387,0.8359254794186372,-0.548842958284719,403.0,441.2
2019-05-06,Maharashtra,WR,19.25023195,73.16017493,403.0,2019,5,0,126,0,0,30.8,61,409.6,456.7,462.0,422.5,14.785578559303438,441.4633333333333,0.0,1.0,0.49999999999999994,-0.8660254037844387,0.8263541987239096,-0.5631507242749186,391.5,451.4
2019-05-07,Maharashtra,WR,19.25023195,73.16017493,391.5,2019,5,1,127,0,0,30.1,67,403.0,447.8,439.4,414.45714285714286,14.022464969095793,439.8666666666667,0.7818314824680298,0.6234898018587336,0.49999999999999994,-0.8660254037844387,0.8165380514459161,-0.5772916165517272,385.4,446.0
2019-05-08,Maharashtra,WR,19.25023195,73.16017493,385.4,2019,5,2,128,0,0,30.2,63,391.5,427.8,433.9,408.4,16.27492959534155,438.25,0.9749279121818236,-0.22252093395631434,0.49999999999999994,-0.8660254037844387,0.8064799463209448,-0.5912614448635781,379.7,423.8
2019-05-09,Maharashtra,WR,19.25023195,73.16017493,379.7,2019,5,3,129,0,0,29.7,61,385.4,428.5,432.9,401.42857142857144,16.676901619276688,436.47666666666663,0.43388373911755823,-0.900968867902419,0.49999999999999994,-0.8660254037844387,0.7961828637826158,-0.6050560696488488,385.6,400.5
2019-05-10,Maharashtra,WR,19.25023195,73.16017493,385.6,2019,5,4,130,0,0,30.1,61,379.7,425.5,432.9,395.7285714285714,13.616131889014186,434.9,-0.433883739117558,-0.9009688679024191,0.49999999999999994,-0.8660254037844387,0.7856498550787147,-0.6186714032625031,380.7,374.0
2019-05-11,Maharashtra,WR,19.25023195,73.16017493,380.7,2019,5,5,131,1,0,30.2,62,385.6,415.3,420.9,390.7857142857143,11.432326763965111,433.56000000000006,-0.9749279121818236,-0.2225209339563146,0.49999999999999994,-0.8660254037844387,0.7748840413670407,-0.6321034111873487,441.2,364.8
2019-05-12,Maharashtra,WR,19.25023195,73.16017493,441.2,2019,5,6,132,1,0,30.2,65,380.7,409.6,431.1,395.3,21.714664783658247,433.89666666666665,-0.7818314824680299,0.6234898018587334,0.49999999999999994,-0.8660254037844387,0.7638886127905428,-0.6453481132295501,451.4,495.0
2019-05-13,Maharashtra,WR,19.25023195,73.16017493,451.4,2019,5,0,133,0,0,30.8,64,441.2,403.0,419.7,402.2142857142857,30.502536974893538,434.95333333333326,0.0,1.0,0.49999999999999994,-0.8660254037844387,0.7526668275320085,-0.6584015846980488,446.0,494.5
2019-05-14,Maharashtra,WR,19.25023195,73.16017493,446.0,2019,5,1,134,0,0,30.6,65,451.4,391.5,436.2,410.0,34.05999608533925,435.28,0.7818314824680298,0.6234898018587336,0.49999999999999994,-0.8660254037844387,0.7412220108485958,-0.6712599575675313,423.8,500.6
2019-05-15,Maharashtra,WR,19.25023195,73.16017493,423.8,2019,5,2,135,0,0,30.5,63,446.0,385.4,451.0,415.4857142857143,32.49391884498941,434.37333333333333,0.9749279121818236,-0.22252093395631434,0.49999999999999994,-0.8660254037844387,0.7295575540864875,-0.6839194216246106,400.5,513.1
2019-05-16,Maharashtra,WR,19.25023195,73.16017493,400.5,2019,5,3,136,0,0,30.3,64,423.8,379.7,458.8,418.45714285714286,29.48806861217242,432.43,0.43388373911755823,-0.900968867902419,0.49999999999999994,-0.8660254037844387,0.717676913675962,-0.6963762255968722,374.0,511.8
2019-05-17,Maharashtra,WR,19.25023195,73.16017493,374.0,2019,5,4,137,0,0,30.5,66,400.5,385.6,448.7,416.8,31.871878932166265,429.94,-0.433883739117558,-0.9009688679024191,0.49999999999999994,-0.8660254037844387,0.705583610107178,-0.7086266782644596,364.8,513.3
2019-05-18,Maharashtra,WR,19.25023195,73.16017493,364.8,2019,5,5,138,1,1,31.4,62,374.0,380.7,407.6,414.52857142857147,35.25992599187322,428.5133333333333,-0.9749279121818236,-0.2225209339563146,0.49999999999999994,-0.8660254037844387,0.6932812268869777,-0.7206671495538609,495.0,504.1
2019-05-19,Maharashtra,WR,19.25023195,73.16017493,495.0,2019,5,6,139,1,0,31.9,59,364.8,441.2,388.5,422.2142857142857,46.206724927995374,432.06333333333333,-0.7818314824680299,0.6234898018587334,0.49999999999999994,-0.8660254037844387,0.6807734094770161,-0.7324940716135789,494.5,395.6
2019-05-20,Maharashtra,WR,19.25023195,73.16017493,494.5,2019,5,0,140,0,0,31.9,61,495.0,451.4,371.1,428.3714285714286,53.10118373714205,436.1766666666666,0.0,1.0,0.49999999999999994,-0.8660254037844387,0.6680638642135335,-0.7441039398713607,500.6,403.6
2019-05-21,Maharashtra,WR,19.25023195,73.16017493,500.6,2019,5,1,141,0,0,32.3,65,494.5,446.0,495.9,436.17142857142863,59.719810065720445,436.3333333333333,0.7818314824680298,0.6234898018587336,0.49999999999999994,-0.8660254037844387,0.6551563572090853,-0.7554933140726803,513.1,394.4
2019-05-22,Maharashtra,WR,19.25023195,73.16017493,513.1,2019,5,2,142,0,0,31.5,67,500.6,423.8,494.2,448.92857142857144,65.85903416352535,436.9633333333333,0.9749279121818236,-0.22252093395631434,0.49999999999999994,-0.8660254037844387,0.6420547132365637,-0.766658819300159,511.8,357.9
2019-05-23,Maharashtra,WR,19.25023195,73.16017493,511.8,2019,5,3,143,0,0,31.4,67,513.1,400.5,491.4,464.8285714285715,65.65350242715472,437.6433333333333,0.43388373911755823,-0.900968867902419,0.49999999999999994,-0.8660254037844387,0.6287628145958344,-0.7775971469736269,513.3,339.845
2019-05-24,Maharashtra,WR,19.25023195,73.16017493,513.3,2019,5,4,144,0,0,31.6,65,511.8,374.0,493.4,484.7285714285714,53.525499041289564,438.3066666666667,-0.433883739117558,-0.9009688679024191,0.49999999999999994,-0.8660254037844387,0.6152845999633276,-0.7883050558305255,504.1,348.2
2019-05-25,Maharashtra,WR,19.25023195,73.16017493,504.1,2019,5,5,145,1,0,31.4,65,513.3,364.8,492.9,504.6285714285714,8.268356202158273,438.68,-0.9749279121818236,-0.2225209339563146,0.49999999999999994,-0.8660254037844387,0.6016240632249226,-0.7987793728863649,395.6,351.0
2019-05-26,Maharashtra,WR,19.25023195,73.16017493,395.6,2019,5,6,146,1,0,31.0,65,504.1,495.0,484.8,490.42857142857144,42.4131156713631,435.70666666666665,-0.7818314824680299,0.6234898018587334,0.49999999999999994,-0.8660254037844387,0.5877852522924732,-0.8090169943749473,403.6,357.7
2019-05-27,Maharashtra,WR,19.25023195,73.16017493,403.6,2019,5,0,147,0,0,31.7,64,395.6,494.5,456.8,477.4428571428571,53.44071036026336,433.93333333333334,0.0,1.0,0.49999999999999994,-0.8660254037844387,0.5737722679043246,-0.8190148866680801,394.4,383.7
2019-05-28,Maharashtra,WR,19.25023195,73.16017493,394.4,2019,5,1,148,0,0,31.4,66,403.6,500.6,447.6,462.27142857142854,60.393314041807685,432.15999999999997,0.7818314824680298,0.6234898018587336,0.49999999999999994,-0.8660254037844387,0.5595892624101765,-0.8287700871745038,357.9,387.9
2019-05-29,Maharashtra,WR,19.25023195,73.16017493,357.9,2019,5,2,149,0,0,31.5,65,394.4,513.1,456.7,440.09999999999997,66.77444621010851,428.8666666666667,0.9749279121818236,-0.22252093395631434,0.49999999999999994,-0.8660254037844387,0.545240438540651,-0.8382797052177744,339.845,383.7
2019-05-30,Maharashtra,WR,19.25023195,73.16017493,339.845,2019,5,3,150,0,0,31.3,66,357.9,511.8,447.8,415.53499999999997,67.62526703582512,425.2681666666667,0.43388373911755823,-0.900968867902419,0.49999999999999994,-0.8660254037844387,0.5307300481619334,-0.8475409228928311,348.2,363.2
2019-05-31,Maharashtra,WR,19.25023195,73.16017493,348.2,2019,5,4,151,0,0,31.4,64,339.845,513.3,427.8,391.94928571428574,55.55937667851156,422.6148333333333,-0.433883739117558,-0.9009688679024191,0.49999999999999994,-0.8660254037844387,0.5160623910158528,-0.8565509959010036,351.0,347.4
2019-06-02,Maharashtra,WR,19.25023195,73.16017493,351.0,2019,6,6,153,1,0,31.8,63,348.2,504.1,428.5,370.07785714285717,26.682115086254775,420.0315,-0.7818314824680299,0.6234898018587334,1.2246467991473532e-16,-1.0,0.48627270710868997,-0.8738071036110808,357.7,339.845
2019-06-03,Maharashtra,WR,19.25023195,73.16017493,357.7,2019,6,0,154,0,0,31.4,65,351.0,395.6,425.5,364.66357142857134,24.386614278171745,417.7715,0.0,1.0,1.2246467991473532e-16,-1.0,0.4711595076738638,-0.8820480249558537,383.7,412.4
2019-06-04,Maharashtra,WR,19.25023195,73.16017493,383.7,2019,6,1,155,0,0,31.0,65,357.7,403.6,415.3,361.82071428571425,19.824265524134166,416.7181666666666,0.7818314824680298,0.6234898018587336,1.2246467991473532e-16,-1.0,0.4559066935084588,-0.8900275764346767,387.9,417.1
2019-06-05,Maharashtra,WR,19.25023195,73.16017493,387.9,2019,6,2,156,0,1,31.6,65,383.7,394.4,409.6,360.8921428571429,18.123155505488985,415.99483333333336,0.9749279121818236,-0.22252093395631434,1.2246467991473532e-16,-1.0,0.440518784350495,-0.8977433935342337,383.7,417.4
2019-06-06,Maharashtra,WR,19.25023195,73.16017493,383.7,2019,6,3,157,0,0,32.0,64,387.9,357.9,403.0,364.57785714285717,19.9451188383559,415.3515,0.43388373911755823,-0.900968867902419,1.2246467991473532e-16,-1.0,0.42500033996955416,-0.9051931898913974,363.2,413.3
2019-06-07,Maharashtra,WR,19.25023195,73.16017493,363.2,2019,6,4,158,0,0,32.0,64,383.7,339.845,391.5,367.91428571428565,16.82809442286067,414.4081666666667,-0.433883739117558,-0.9009688679024191,1.2246467991473532e-16,-1.0,0.4093559588156213,-0.9123747579707273,347.4,397.6
2019-06-08,Maharashtra,WR,19.25023195,73.16017493,347.4,2019,6,5,159,1,0,32.9,64,363.2,348.2,385.4,367.8,16.98626896446909,413.14149999999995,-0.9749279121818236,-0.2225209339563146,1.2246467991473532e-16,-1.0,0.39359027665646673,-0.9192859697186104,339.845,351.6
2019-06-09,Maharashtra,WR,19.25023195,73.16017493,339.845,2019,6,6,160,1,0,32.1,67,347.4,351.0,379.7,366.2064285714286,19.203583587939985,411.813,-0.7818314824680299,0.6234898018587334,1.2246467991473532e-16,-1.0,0.3777079652039649,-0.9259247771938498,412.4,361.6
2019-06-10,Maharashtra,WR,19.25023195,73.16017493,412.4,2019,6,0,161,0,0,31.5,69,339.845,357.7,385.6,374.02071428571423,25.320317999017856,412.70633333333336,0.0,1.0,1.2246467991473532e-16,-1.0,0.36171373072976765,-0.9322892131745133,417.1,507.0
2019-06-11,Maharashtra,WR,19.25023195,73.16017493,417.1,2019,6,1,162,0,0,31.5,66,412.4,383.7,380.7,378.7921428571429,30.137135433594587,413.9196666666666,0.7818314824680298,0.6234898018587336,1.2246467991473532e-16,-1.0,0.3456123126707335,-0.9383773917408641,417.4,513.399
2019-06-12,Maharashtra,WR,19.25023195,73.16017493,417.4,2019,6,2,163,0,0,29.4,72,417.1,387.9,441.2,383.0064285714285,33.49819332370556,413.1263333333334,0.9749279121818236,-0.22252093395631434,1.2246467991473532e-16,-1.0,0.3294084822245304,-0.9441875088341993,413.3,513.399
2019-06-13,Maharashtra,WR,19.25023195,73.16017493,413.3,2019,6,3,164,0,0,27.8,82,417.4,383.7,451.4,387.235,35.41380957103189,411.85633333333334,0.43388373911755823,-0.900968867902419,1.2246467991473532e-16,-1.0,0.3131070409358269,-0.9497178427914316,397.6,513.399
2019-06-14,Maharashtra,WR,19.25023195,73.16017493,397.6,2019,6,4,165,0,0,28.2,80,413.3,363.2,446.0,392.1492857142857,33.876068301551946,410.24300000000005,-0.433883739117558,-0.9009688679024191,1.2246467991473532e-16,-1.0,0.29671281927349075,-0.9549667548552551,351.6,505.3
2019-06-15,Maharashtra,WR,19.25023195,73.16017493,351.6,2019,6,5,166,1,0,27.8,83,397.6,347.4,423.8,392.7492857142857,32.97664330357795,407.83633333333336,-0.9749279121818236,-0.2225209339563146,1.2246467991473532e-16,-1.0,0.28023067519921585,-0.9599326896597447,361.6,503.3
2019-06-16,Maharashtra,WR,19.25023195,73.16017493,361.6,2019,6,6,167,1,0,28.7,80,351.6,339.845,400.5,395.85714285714283,27.774560131101612,406.5396666666666,-0.7818314824680299,0.6234898018587334,1.2246467991473532e-16,-1.0,0.26366549272800704,-0.9646141756912435,507.0,487.5
2019-06-17,Maharashtra,WR,19.25023195,73.16017493,507.0,2019,6,0,168,0,0,28.2,81,361.6,412.4,374.0,409.3714285714286,50.710245982632095,410.97299999999996,0.0,1.0,1.2246467991473532e-16,-1.0,0.24702218048093552,-0.9690098257244062,513.399,445.9
2019-06-18,Maharashtra,WR,19.25023195,73.16017493,513.399,2019,6,1,169,0,0,27.9,83,507.0,417.1,364.8,423.12842857142857,64.3770064330871,415.9263,0.7818314824680298,0.6234898018587336,1.2246467991473532e-16,-1.0,0.23030567023061221,-0.9731183372332619,513.399,457.6
2019-06-19,Maharashtra,WR,19.25023195,73.16017493,513.399,2019,6,2,170,0,0,28.0,83,513.399,417.4,495.0,436.84257142857143,72.64733410538264,416.5396,0.9749279121818236,-0.22252093395631434,1.2246467991473532e-16,-1.0,0.21352091543979612,-0.9769384927771817,513.399,460.2
2019-06-20,Maharashtra,WR,19.25023195,73.16017493,513.399,2019,6,3,171,0,0,28.8,79,513.399,413.3,494.5,451.14242857142864,76.96432463779854,417.16956666666664,0.43388373911755823,-0.900968867902419,1.2246467991473532e-16,-1.0,0.19667288979357647,-0.980469160361632,505.3,464.3
2019-06-21,Maharashtra,WR,19.25023195,73.16017493,505.3,2019,6,4,172,0,0,28.9,79,513.399,397.6,500.6,466.5281428571429,75.22217432253342,417.32623333333333,-0.433883739117558,-0.9009688679024191,1.2246467991473532e-16,-1.0,0.1797665857255624,-0.9837092937736097,503.3,466.0
2019-06-22,Maharashtra,WR,19.25023195,73.16017493,503.3,2019,6,5,173,1,0,29.1,78,505.3,351.6,513.1,488.1995714285714,55.98569579472209,416.9995666666666,-0.9749279121818236,-0.2225209339563146,1.2246467991473532e-16,-1.0,0.16280701293851715,-0.986657932891657,487.5,464.7
2019-06-23,Maharashtra,WR,19.25023195,73.16017493,487.5,2019,6,6,174,1,0,28.7,79,503.3,361.6,511.8,506.1852857142857,9.264855525311937,416.1895666666667,-0.7818314824680299,0.6234898018587334,1.2246467991473532e-16,-1.0,0.1457991969198751,-0.9893142039703663,445.9,424.1
2019-06-24,Maharashtra,WR,19.25023195,73.16017493,445.9,2019,6,0,175,0,0,27.8,85,487.5,507.0,513.3,497.4567142857143,24.547102637681924,413.94289999999995,0.0,1.0,1.2246467991473532e-16,-1.0,0.12874817745258132,-0.99167731989929,457.6,424.5
2019-06-25,Maharashtra,WR,19.25023195,73.16017493,457.6,2019,6,1,176,0,0,28.2,84,445.9,513.399,504.1,489.4854285714286,27.4012557976059,412.3929,0.7818314824680298,0.6234898018587336,1.2246467991473532e-16,-1.0,0.11165900712169512,-0.993746580436178,460.2,433.7
2019-06-26,Maharashtra,WR,19.25023195,73.16017493,460.2,2019,6,2,177,0,0,27.9,87,457.6,513.399,395.6,481.88557142857144,27.038384886783074,414.54623333333336,0.9749279121818236,-0.22252093395631434,1.2246467991473532e-16,-1.0,0.09453674981719912,-0.9955213724144752,464.3,431.6
2019-06-27,Maharashtra,WR,19.25023195,73.16017493,464.3,2019,6,3,178,0,0,27.2,89,460.2,513.399,403.6,474.8714285714286,23.65802994656306,416.5695666666667,0.43388373911755823,-0.900968867902419,1.2246467991473532e-16,-1.0,0.07738647923346301,-0.9970011699250151,466.0,426.7
2019-06-28,Maharashtra,WR,19.25023195,73.16017493,466.0,2019,6,4,179,0,0,26.2,93,464.3,505.3,394.4,469.25714285714287,19.537899677539766,418.95623333333333,-0.433883739117558,-0.9009688679024191,1.2246467991473532e-16,-1.0,0.06021327736579302,-0.9981855344718586,464.7,426.8
2019-06-29,Maharashtra,WR,19.25023195,73.16017493,464.7,2019,6,5,180,1,0,25.5,95,466.0,503.3,357.9,463.74285714285713,12.512508027687058,422.5162333333334,-0.9749279121818236,-0.2225209339563146,1.2246467991473532e-16,-1.0,0.04302223300453059,-0.99907411510223,424.1,424.0
2019-06-30,Maharashtra,WR,19.25023195,73.16017493,424.1,2019,6,6,181,1,0,25.3,95,464.7,487.5,339.845,454.68571428571425,15.12342868658288,425.3247333333333,-0.7818314824680299,0.6234898018587334,1.2246467991473532e-16,-1.0,0.02581844022713308,-0.9996666485105112,424.5,414.1
2019-07-01,Maharashtra,WR,19.25023195,73.16017493,424.5,2019,7,0,182,0,0,25.1,95,424.1,445.9,348.2,451.6285714285714,18.88947804870318,427.8680666666667,0.0,1.0,-0.4999999999999997,-0.8660254037844388,0.008606996888688698,-0.9999629591162655,433.7,384.55
2019-07-02,Maharashtra,WR,19.25023195,73.16017493,433.7,2019,7,1,183,0,0,25.6,93,424.5,457.6,351.0,448.2142857142857,19.769709875753914,430.6247333333333,0.7818314824680298,0.6234898018587336,-0.4999999999999997,-0.8660254037844388,-0.008606996888688009,-0.9999629591162655,431.6,402.4
2019-07-03,Maharashtra,WR,19.25023195,73.16017493,431.6,2019,7,2,184,0,0,25.7,94,433.7,460.2,357.7,444.12857142857143,19.83504594446645,433.08806666666663,0.9749279121818236,-0.22252093395631434,-0.4999999999999997,-0.8660254037844388,-0.02581844022713239,-0.9996666485105112,426.7,411.45
2019-07-04,Maharashtra,WR,19.25023195,73.16017493,426.7,2019,7,3,185,0,0,26.4,92,431.6,464.3,383.7,438.7571428571428,18.50890390621669,434.5214,0.43388373911755823,-0.900968867902419,-0.4999999999999997,-0.8660254037844388,-0.04302223300453034,-0.99907411510223,426.8,413.15
2019-07-05,Maharashtra,WR,19.25023195,73.16017493,426.8,2019,7,4,186,0,0,26.0,92,426.7,466.0,387.9,433.15714285714284,14.357095474928839,435.81806666666665,-0.433883739117558,-0.9009688679024191,-0.4999999999999997,-0.8660254037844388,-0.060213277365792774,-0.9981855344718586,424.0,430.55
2019-07-06,Maharashtra,WR,19.25023195,73.16017493,424.0,2019,7,5,187,1,0,25.5,93,426.8,464.7,383.7,427.34285714285716,3.8517775735644713,437.1614,-0.9749279121818236,-0.2225209339563146,-0.4999999999999997,-0.8660254037844388,-0.07738647923346322,-0.9970011699250151,414.1,433.4
2019-07-07,Maharashtra,WR,19.25023195,73.16017493,414.1,2019,7,6,188,1,0,25.8,93,424.0,424.1,363.2,425.9142857142857,6.319131947621471,438.8580666666667,-0.7818314824680299,0.6234898018587334,-0.4999999999999997,-0.8660254037844388,-0.09453674981719933,-0.9955213724144752,384.55,429.8
2019-07-08,Maharashtra,WR,19.25023195,73.16017493,384.55,2019,7,0,189,0,0,26.3,91,414.1,424.5,347.4,420.2071428571429,16.93414766508404,440.0964,0.0,1.0,-0.4999999999999997,-0.8660254037844388,-0.11165900712169444,-0.9937465804361781,402.4,431.0
2019-07-09,Maharashtra,WR,19.25023195,73.16017493,402.4,2019,7,1,190,0,0,26.2,91,384.55,433.7,339.845,415.7357142857143,16.909925938279674,442.1815666666667,0.7818314824680298,0.6234898018587336,-0.4999999999999997,-0.8660254037844388,-0.12874817745258066,-0.99167731989929,411.45,417.1
2019-07-10,Maharashtra,WR,19.25023195,73.16017493,411.45,2019,7,2,191,0,0,25.9,92,402.4,431.6,412.4,412.85714285714283,15.407585484954973,442.1499,0.9749279121818236,-0.22252093395631434,-0.4999999999999997,-0.8660254037844388,-0.14579919691987442,-0.9893142039703664,413.15,457.5
2019-07-11,Maharashtra,WR,19.25023195,73.16017493,413.15,2019,7,3,192,0,0,25.6,93,411.45,426.7,417.1,410.92142857142863,14.180939588724366,442.01823333333334,0.43388373911755823,-0.900968867902419,-0.4999999999999997,-0.8660254037844388,-0.16280701293851646,-0.9866579328916572,430.55,466.3
2019-07-12,Maharashtra,WR,19.25023195,73.16017493,430.55,2019,7,4,193,0,0,26.4,89,413.15,426.8,417.4,411.45714285714286,14.931717599666607,442.4565666666667,-0.433883739117558,-0.9009688679024191,-0.4999999999999997,-0.8660254037844388,-0.17976658572556214,-0.9837092937736098,433.4,462.2
2019-07-13,Maharashtra,WR,19.25023195,73.16017493,433.4,2019,7,5,194,1,0,26.4,89,430.55,424.0,413.3,412.8,16.579505420850307,443.1265666666667,-0.9749279121818236,-0.2225209339563146,-0.4999999999999997,-0.8660254037844388,-0.19667288979357622,-0.9804691603616321,429.8,406.8
2019-07-14,Maharashtra,WR,19.25023195,73.16017493,429.8,2019,7,6,195,1,0,26.4,90,433.4,414.1,397.6,415.04285714285714,17.801578314188834,444.19989999999996,-0.7818314824680299,0.6234898018587334,-0.4999999999999997,-0.8660254037844388,-0.2135209154397959,-0.9769384927771817,431.0,439.2
2019-07-15,Maharashtra,WR,19.25023195,73.16017493,431.0,2019,7,0,196,0,0,26.6,89,429.8,384.55,351.6,421.67857142857144,12.369076263774284,446.84656666666666,0.0,1.0,-0.4999999999999997,-0.8660254037844388,-0.23030567023061196,-0.973118337233262,417.1,460.8
2019-07-16,Maharashtra,WR,19.25023195,73.16017493,417.1,2019,7,1,197,0,0,26.4,90,431.0,402.4,361.6,423.7785714285714,9.455106959684125,448.6965666666667,0.7818314824680298,0.6234898018587336,-0.4999999999999997,-0.8660254037844388,-0.24702218048093527,-0.9690098257244063,457.5,452.0
2019-07-17,Maharashtra,WR,19.25023195,73.16017493,457.5,2019,7,2,198,0,0,26.3,90,417.1,411.45,507.0,430.35714285714283,14.25126978469705,447.0465666666667,0.9749279121818236,-0.22252093395631434,-0.4999999999999997,-0.8660254037844388,-0.2636654927280072,-0.9646141756912435,466.3,419.4
2019-07-18,Maharashtra,WR,19.25023195,73.16017493,466.3,2019,7,3,199,0,0,27.1,88,457.5,413.15,513.399,437.95,17.372559780682067,445.47659999999996,0.43388373911755823,-0.900968867902419,-0.4999999999999997,-0.8660254037844388,-0.2802306751992161,-0.9599326896597445,462.2,425.1
2019-07-19,Maharashtra,WR,19.25023195,73.16017493,462.2,2019,7,4,200,0,0,27.3,87,466.3,430.55,513.399,442.4714285714286,19.153042777039175,443.7699666666667,-0.433883739117558,-0.9009688679024191,-0.4999999999999997,-0.8660254037844388,-0.2967128192734901,-0.9549667548552553,406.8,436.2
2019-07-20,Maharashtra,WR,19.25023195,73.16017493,406.8,2019,7,5,201,1,0,27.1,91,462.2,433.4,513.399,438.67142857142863,23.416925096015923,440.21666666666664,-0.9749279121818236,-0.2225209339563146,-0.4999999999999997,-0.8660254037844388,-0.3131070409358267,-0.9497178427914317,439.2,442.4
2019-07-21,Maharashtra,WR,19.25023195,73.16017493,439.2,2019,7,6,202,1,0,27.0,89,406.8,429.8,505.3,440.0142857142857,23.09064951962453,438.0133333333333,-0.7818314824680299,0.6234898018587334,-0.4999999999999997,-0.8660254037844388,-0.3294084822245302,-0.9441875088341994,460.8,443.5
2019-07-22,Maharashtra,WR,19.25023195,73.16017493,460.8,2019,7,0,203,0,0,27.8,86,439.2,431.0,503.3,444.2714285714286,23.88512188830308,436.59666666666664,0.0,1.0,-0.4999999999999997,-0.8660254037844388,-0.3456123126707333,-0.9383773917408642,452.0,441.3
2019-07-23,Maharashtra,WR,19.25023195,73.16017493,452.0,2019,7,1,204,0,0,27.6,86,460.8,417.1,487.5,449.25714285714287,20.697975516369834,435.4133333333333,0.7818314824680298,0.6234898018587336,-0.4999999999999997,-0.8660254037844388,-0.3617137307297674,-0.9322892131745134,419.4,424.4
2019-07-24,Maharashtra,WR,19.25023195,73.16017493,419.4,2019,7,2,205,0,0,26.0,94,452.0,457.5,445.9,443.8142857142857,23.045493310077116,434.53000000000003,0.9749279121818236,-0.22252093395631434,-0.4999999999999997,-0.8660254037844388,-0.37770796520396466,-0.9259247771938499,425.1,473.9
2019-07-25,Maharashtra,WR,19.25023195,73.16017493,425.1,2019,7,3,206,0,0,26.2,92,419.4,466.3,457.6,437.92857142857144,21.55881214149842,433.44666666666666,0.43388373911755823,-0.900968867902419,-0.4999999999999997,-0.8660254037844388,-0.39359027665646645,-0.9192859697186105,436.2,476.8
2019-07-26,Maharashtra,WR,19.25023195,73.16017493,436.2,2019,7,4,207,0,0,25.7,93,425.1,462.2,460.2,434.2142857142857,18.735032120908212,432.64666666666665,-0.433883739117558,-0.9009688679024191,-0.4999999999999997,-0.8660254037844388,-0.4093559588156211,-0.9123747579707274,442.4,473.8
2019-07-27,Maharashtra,WR,19.25023195,73.16017493,442.4,2019,7,5,208,1,0,25.4,94,436.2,406.8,464.3,439.3,14.378340191646178,431.9166666666667,-0.9749279121818236,-0.2225209339563146,-0.4999999999999997,-0.8660254037844388,-0.42500033996955394,-0.9051931898913975,443.5,479.4
2019-07-28,Maharashtra,WR,19.25023195,73.16017493,443.5,2019,7,6,209,1,0,25.7,92,442.4,439.2,466.0,439.9142857142857,14.464949426278821,431.1666666666667,-0.7818314824680299,0.6234898018587334,-0.4999999999999997,-0.8660254037844388,-0.4405187843504952,-0.8977433935342336,441.3,474.3
2019-07-29,Maharashtra,WR,19.25023195,73.16017493,441.3,2019,7,0,210,0,0,25.1,94,443.5,460.8,464.7,437.1285714285714,11.304824086162755,430.38666666666666,0.0,1.0,-0.4999999999999997,-0.8660254037844388,-0.455906693508459,-0.8900275764346766,424.4,463.8
2019-07-30,Maharashtra,WR,19.25023195,73.16017493,424.4,2019,7,1,211,0,0,25.1,94,441.3,452.0,424.1,433.18571428571425,9.990233325843512,430.39666666666665,0.7818314824680298,0.6234898018587336,-0.4999999999999997,-0.8660254037844388,-0.47115950767386394,-0.8820480249558535,473.9,429.1
2019-07-31,Maharashtra,WR,19.25023195,73.16017493,473.9,2019,7,2,212,0,0,25.2,94,424.4,419.4,424.5,440.9714285714286,16.543449286220714,432.0433333333333,0.9749279121818236,-0.22252093395631434,-0.4999999999999997,-0.8660254037844388,-0.4862727071086902,-0.8738071036110807,476.8,404.9
2019-08-01,Maharashtra,WR,19.25023195,73.16017493,476.8,2019,8,3,213,0,0,25.6,92,473.9,425.1,433.7,448.35714285714283,19.545063924417754,433.47999999999996,0.43388373911755823,-0.900968867902419,-0.8660254037844385,-0.5000000000000004,-0.5012418134457756,-0.8653072543632061,473.8,418.3
2019-08-02,Maharashtra,WR,19.25023195,73.16017493,473.8,2019,8,4,214,0,0,25.8,92,476.8,436.2,431.6,453.7285714285714,20.7751224854578,434.88666666666666,-0.433883739117558,-0.9009688679024191,-0.8660254037844385,-0.5000000000000004,-0.5160623910158526,-0.8565509959010037,479.4,420.9
2019-08-03,Maharashtra,WR,19.25023195,73.16017493,479.4,2019,8,5,215,1,0,25.2,94,473.8,442.4,426.7,459.0142857142857,22.07845318943703,436.6433333333333,-0.9749279121818236,-0.2225209339563146,-0.8660254037844385,-0.5000000000000004,-0.5307300481619331,-0.8475409228928312,474.3,426.2
2019-08-04,Maharashtra,WR,19.25023195,73.16017493,474.3,2019,8,6,216,1,0,25.5,93,479.4,443.5,426.8,463.41428571428565,21.533650299895015,438.22666666666663,-0.7818314824680299,0.6234898018587334,-0.8660254037844385,-0.5000000000000004,-0.5452404385406507,-0.8382797052177745,463.8,434.5
2019-08-05,Maharashtra,WR,19.25023195,73.16017493,463.8,2019,8,0,217,0,0,25.4,94,474.3,441.3,424.0,466.62857142857143,19.239604490541353,439.55333333333334,0.0,1.0,-0.8660254037844385,-0.5000000000000004,-0.5595892624101763,-0.828770087174504,429.1,442.1
2019-08-06,Maharashtra,WR,19.25023195,73.16017493,429.1,2019,8,1,218,0,0,25.6,93,463.8,424.4,414.1,467.3,17.52598071435885,440.05333333333334,0.7818314824680298,0.6234898018587336,-0.8660254037844385,-0.5000000000000004,-0.5737722679043243,-0.8190148866680802,404.9,443.5
2019-08-08,Maharashtra,WR,19.25023195,73.16017493,404.9,2019,8,3,220,0,0,25.8,93,429.1,473.9,384.55,457.4428571428571,28.90506628850594,440.7316666666667,0.43388373911755823,-0.900968867902419,-0.8660254037844385,-0.5000000000000004,-0.6016240632249227,-0.7987793728863648,418.3,484.7
2019-08-09,Maharashtra,WR,19.25023195,73.16017493,418.3,2019,8,4,221,0,0,26.0,91,404.9,476.8,402.4,449.08571428571435,30.772250950677655,441.26166666666666,-0.433883739117558,-0.9009688679024191,-0.8660254037844385,-0.5000000000000004,-0.6152845999633277,-0.7883050558305253,420.9,493.9
2019-08-10,Maharashtra,WR,19.25023195,73.16017493,420.9,2019,8,5,222,1,0,25.9,90,418.3,473.8,411.45,441.5285714285714,30.181269814557012,441.57666666666665,-0.9749279121818236,-0.2225209339563146,-0.8660254037844385,-0.5000000000000004,-0.6287628145958345,-0.7775971469736268,426.2,497.9
2019-08-11,Maharashtra,WR,19.25023195,73.16017493,426.2,2019,8,6,223,1,0,25.7,90,420.9,479.4,413.15,433.92857142857144,25.370108020117176,442.01166666666666,-0.7818314824680299,0.6234898018587334,-0.8660254037844385,-0.5000000000000004,-0.6420547132365636,-0.7666588193001592,434.5,499.8
2019-08-12,Maharashtra,WR,19.25023195,73.16017493,434.5,2019,8,0,224,0,1,26.4,88,426.2,474.3,430.55,428.24285714285713,18.2849534811973,442.1433333333333,0.0,1.0,-0.8660254037844385,-0.5000000000000004,-0.655156357209085,-0.7554933140726804,442.1,491.7
2019-08-13,Maharashtra,WR,19.25023195,73.16017493,442.1,2019,8,1,225,0,0,26.1,91,434.5,463.8,433.4,425.14285714285717,12.01719006851763,442.43333333333334,0.7818314824680298,0.6234898018587336,-0.8660254037844385,-0.5000000000000004,-0.6680638642135333,-0.7441039398713608,443.5,489.1
2019-08-14,Maharashtra,WR,19.25023195,73.16017493,443.5,2019,8,2,226,0,0,26.0,92,442.1,429.1,429.8,427.2,13.893523671121894,442.89000000000004,0.9749279121818236,-0.22252093395631434,-0.8660254037844385,-0.5000000000000004,-0.6807734094770159,-0.7324940716135792,484.7,477.6
2019-08-15,Maharashtra,WR,19.25023195,73.16017493,484.7,2019,8,3,227,0,1,25.9,92,443.5,404.9,431.0,438.59999999999997,22.57365721366476,444.68,0.43388373911755823,-0.900968867902419,-0.8660254037844385,-0.5000000000000004,-0.6932812268869771,-0.7206671495538615,493.9,434.9
2019-08-16,Maharashtra,WR,19.25023195,73.16017493,493.9,2019,8,4,228,0,0,26.2,90,484.7,418.3,417.1,449.4,28.539271189013448,447.24,-0.433883739117558,-0.9009688679024191,-0.8660254037844385,-0.5000000000000004,-0.7055836101071774,-0.70862667826446,497.9,445.4
2019-08-17,Maharashtra,WR,19.25023195,73.16017493,497.9,2019,8,5,229,1,0,26.5,87,493.9,420.9,457.5,460.4,30.495737407055234,448.5866666666667,-0.9749279121818236,-0.2225209339563146,-0.8660254037844385,-0.5000000000000004,-0.7176769136759615,-0.6963762255968726,499.8,444.6
2019-08-18,Maharashtra,WR,19.25023195,73.16017493,499.8,2019,8,6,230,1,0,26.5,88,497.9,426.2,466.3,470.9142857142857,29.407506330382905,449.7033333333333,-0.7818314824680299,0.6234898018587334,-0.8660254037844385,-0.5000000000000004,-0.7295575540864876,-0.6839194216246105,491.7,444.1
2019-08-19,Maharashtra,WR,19.25023195,73.16017493,491.7,2019,8,0,231,0,0,26.5,88,499.8,434.5,462.2,479.0857142857143,25.256842542926623,450.68666666666667,0.0,1.0,-0.8660254037844385,-0.5000000000000004,-0.7412220108485957,-0.6712599575675315,489.1,443.7
2019-08-20,Maharashtra,WR,19.25023195,73.16017493,489.1,2019,8,1,232,0,0,26.8,87,491.7,442.1,406.8,485.8,19.340027576680672,453.43000000000006,0.7818314824680298,0.6234898018587336,-0.8660254037844385,-0.5000000000000004,-0.7526668275320083,-0.6584015846980489,477.6,443.6
2019-08-21,Maharashtra,WR,19.25023195,73.16017493,477.6,2019,8,2,233,0,0,26.1,90,489.1,443.5,439.2,490.6714285714285,7.7034006096326975,454.71,0.9749279121818236,-0.22252093395631434,-0.8660254037844385,-0.5000000000000004,-0.7638886127905429,-0.64534811322955,434.9,431.0
2019-08-22,Maharashtra,WR,19.25023195,73.16017493,434.9,2019,8,3,234,0,0,25.9,90,477.6,484.7,460.8,483.5571428571429,22.64419404195308,453.8466666666667,0.43388373911755823,-0.900968867902419,-0.8660254037844385,-0.5000000000000004,-0.7748840413670406,-0.6321034111873488,445.4,407.9
2019-08-23,Maharashtra,WR,19.25023195,73.16017493,445.4,2019,8,4,235,0,0,26.0,88,434.9,493.9,452.0,476.62857142857143,26.107196599516488,453.6266666666667,-0.433883739117558,-0.9009688679024191,-0.8660254037844385,-0.5000000000000004,-0.7856498550787144,-0.6186714032625032,444.6,412.2
2019-08-24,Maharashtra,WR,19.25023195,73.16017493,444.6,2019,8,5,236,1,1,26.0,89,445.4,497.9,419.4,469.0142857142857,26.636530590616392,454.46666666666664,-0.9749279121818236,-0.2225209339563146,-0.8660254037844385,-0.5000000000000004,-0.7961828637826154,-0.6050560696488494,444.1,399.2
2019-08-25,Maharashtra,WR,19.25023195,73.16017493,444.1,2019,8,6,237,1,0,26.1,87,444.6,499.8,425.1,461.0571428571428,24.106628213202992,455.1,-0.7818314824680299,0.6234898018587334,-0.8660254037844385,-0.5000000000000004,-0.8064799463209447,-0.5912614448635782,443.7,386.2
2019-08-26,Maharashtra,WR,19.25023195,73.16017493,443.7,2019,8,0,238,0,0,25.9,88,444.1,491.7,436.2,454.2,20.49357622931461,455.35,0.0,1.0,-0.8660254037844385,-0.5000000000000004,-0.8165380514459157,-0.5772916165517278,443.6,383.2
2019-08-27,Maharashtra,WR,19.25023195,73.16017493,443.6,2019,8,1,239,0,0,25.6,90,443.7,489.1,442.4,447.7,13.653570961475747,455.39000000000004,0.7818314824680298,0.6234898018587336,-0.8660254037844385,-0.5000000000000004,-0.8263541987239094,-0.5631507242749187,431.0,389.6
2019-08-28,Maharashtra,WR,19.25023195,73.16017493,431.0,2019,8,2,240,0,0,26.3,88,443.6,477.6,443.5,441.04285714285714,5.674168703540284,454.97333333333336,0.9749279121818236,-0.22252093395631434,-0.8660254037844385,-0.5000000000000004,-0.8359254794186365,-0.5488429582847199,407.9,386.6
2019-08-29,Maharashtra,WR,19.25023195,73.16017493,407.9,2019,8,3,241,0,0,26.9,86,431.0,434.9,441.3,437.1857142857143,13.84285959998162,453.85999999999996,0.43388373911755823,-0.900968867902419,-0.8660254037844385,-0.5000000000000004,-0.8452490573530634,-0.5343725582809785,412.2,490.5
2019-08-30,Maharashtra,WR,19.25023195,73.16017493,412.2,2019,8,4,242,0,0,26.6,89,407.9,445.4,424.4,432.4428571428571,16.068069490231032,453.4533333333333,-0.433883739117558,-0.9009688679024191,-0.8660254037844385,-0.5000000000000004,-0.8543221697498269,-0.5197438121555157,399.2,499.3
2019-08-31,Maharashtra,WR,19.25023195,73.16017493,399.2,2019,8,5,243,1,0,25.9,92,412.2,444.6,473.9,425.9571428571429,19.200421622355577,450.9633333333333,-0.9749279121818236,-0.2225209339563146,-0.8660254037844385,-0.5000000000000004,-0.8631421280499115,-0.5049610547215202,386.2,479.6
2019-09-01,Maharashtra,WR,19.25023195,73.16017493,386.2,2019,9,6,244,1,0,25.9,91,399.2,444.1,476.8,417.6857142857143,22.302797176694735,447.9433333333334,-0.7818314824680299,0.6234898018587334,-1.0,-1.8369701987210297e-16,-0.8717063187093217,-0.4900286664290594,383.2,479.0
2019-09-02,Maharashtra,WR,19.25023195,73.16017493,383.2,2019,9,0,245,0,0,26.1,90,386.2,443.7,473.8,409.0428571428571,22.264011104834704,444.9233333333333,0.0,1.0,-1.0,-1.8369701987210297e-16,-0.8800122039735356,-0.4749510720670502,389.6,478.2
2019-09-03,Maharashtra,WR,19.25023195,73.16017493,389.6,2019,9,1,246,0,0,25.8,92,383.2,443.6,479.4,401.3285714285715,17.036110108209925,441.93,0.7818314824680298,0.6234898018587336,-1.0,-1.8369701987210297e-16,-0.888057322629493,-0.4597327394521046,386.6,468.2
2019-09-04,Maharashtra,WR,19.25023195,73.16017493,386.6,2019,9,2,247,0,0,25.1,96,389.6,431.0,474.3,394.9857142857143,11.520189317227416,439.0066666666667,0.9749279121818236,-0.22252093395631434,-1.0,-1.8369701987210297e-16,-0.8958392907349089,-0.4443781781046134,490.5,432.0
2019-09-05,Maharashtra,WR,19.25023195,73.16017493,490.5,2019,9,3,248,0,0,25.9,92,386.6,407.9,463.8,406.7857142857143,38.24876593091737,439.89666666666665,0.43388373911755823,-0.900968867902419,-1.0,-1.8369701987210297e-16,-0.9033558023246842,-0.4288919379124841,499.3,444.6
2019-09-06,Maharashtra,WR,19.25023195,73.16017493,499.3,2019,9,4,249,0,0,25.8,92,490.5,412.2,429.1,419.22857142857146,51.999381864458115,442.2366666666666,-0.433883739117558,-0.9009688679024191,-1.0,-1.8369701987210297e-16,-0.9106046300942162,-0.41327860778290443,479.6,457.9
2019-09-08,Maharashtra,WR,19.25023195,73.16017493,479.6,2019,9,6,251,1,0,25.8,93,499.3,399.2,404.9,430.7142857142857,55.593357773851544,444.72666666666663,-0.7818314824680299,0.6234898018587334,-1.0,-1.8369701987210297e-16,-0.9242907221930934,-0.3816892202666586,479.0,460.0
2019-09-09,Maharashtra,WR,19.25023195,73.16017493,479.0,2019,9,0,252,0,0,26.2,92,479.6,386.2,418.3,443.9714285714286,54.257801721218755,446.75,0.0,1.0,-1.0,-1.8369701987210297e-16,-0.9307239310379793,-0.3657225234972692,478.2,449.2
2019-09-10,Maharashtra,WR,19.25023195,73.16017493,478.2,2019,9,1,253,0,1,26.0,93,479.0,383.2,420.9,457.54285714285714,48.04962216788225,448.66,0.7818314824680298,0.6234898018587336,-1.0,-1.8369701987210297e-16,-0.9368813462954315,-0.34964745525122826,468.2,430.9
2019-09-11,Maharashtra,WR,19.25023195,73.16017493,468.2,2019,9,2,254,0,0,25.8,92,478.2,389.6,426.2,468.77142857142854,37.56632864173858,450.06,0.9749279121818236,-0.22252093395631434,-1.0,-1.8369701987210297e-16,-0.9427611433904206,-0.33346877891818705,432.0,405.6
2019-09-12,Maharashtra,WR,19.25023195,73.16017493,432.0,2019,9,3,255,0,0,25.1,94,468.2,386.6,434.5,475.25714285714287,21.497740745085814,449.97666666666663,0.43388373911755823,-0.900968867902419,-1.0,-1.8369701987210297e-16,-0.9483615800121716,-0.31719128858910595,444.6,483.8
2019-09-13,Maharashtra,WR,19.25023195,73.16017493,444.6,2019,9,4,256,0,0,24.8,93,432.0,490.5,442.1,468.7,23.019774108363023,450.06,-0.433883739117558,-0.9009688679024191,-1.0,-1.8369701987210297e-16,-0.9536809966304455,-0.300819807635668,457.9,478.3
2019-09-14,Maharashtra,WR,19.25023195,73.16017493,457.9,2019,9,5,257,1,0,25.5,93,444.6,499.3,443.5,462.7857142857143,18.774488769910228,450.53999999999996,-0.9749279121818236,-0.2225209339563146,-1.0,-1.8369701987210297e-16,-0.9587178169872964,-0.2843591872810036,460.0,470.4
2019-09-15,Maharashtra,WR,19.25023195,73.16017493,460.0,2019,9,6,258,1,0,25.6,93,457.9,479.6,484.7,459.9857142857142,17.248422978294272,449.71666666666664,-0.7818314824680299,0.6234898018587334,-1.0,-1.8369701987210297e-16,-0.9634705485641486,-0.26781430516217486,449.2,482.3
2019-09-16,Maharashtra,WR,19.25023195,73.16017493,449.2,2019,9,0,259,0,0,25.9,92,460.0,479.0,493.9,455.7285714285714,15.345869616472243,448.22666666666663,0.0,1.0,-1.0,-1.8369701987210297e-16,-0.9679377830240642,-0.25119006388481957,430.9,477.8
2019-09-17,Maharashtra,WR,19.25023195,73.16017493,430.9,2019,9,1,260,0,0,26.4,90,449.2,478.2,497.9,448.9714285714286,14.170710907329049,445.9933333333333,0.7818314824680298,0.6234898018587336,-1.0,-1.8369701987210297e-16,-0.9721181966290612,-0.23449138957041052,405.6,487.4
2019-09-18,Maharashtra,WR,19.25023195,73.16017493,405.6,2019,9,2,261,0,0,26.0,93,430.9,468.2,499.8,440.02857142857147,18.957734946078197,442.85333333333335,0.9749279121818236,-0.22252093395631434,-1.0,-1.8369701987210297e-16,-0.9760105506323682,-0.21772323039653224,483.8,468.5
2019-09-19,Maharashtra,WR,19.25023195,73.16017493,483.8,2019,9,3,262,0,0,26.0,91,405.6,432.0,491.7,447.42857142857144,24.57822303623866,442.59,0.43388373911755823,-0.900968867902419,-1.0,-1.8369701987210297e-16,-0.9796136916454901,-0.20089055513063528,478.3,438.4
2019-09-20,Maharashtra,WR,19.25023195,73.16017493,478.3,2019,9,4,263,0,0,26.2,89,483.8,444.6,489.1,452.24285714285713,27.102697107045245,442.22999999999996,-0.433883739117558,-0.9009688679024191,-1.0,-1.8369701987210297e-16,-0.9829265519799822,-0.18399835165767986,470.4,446.6
2019-09-21,Maharashtra,WR,19.25023195,73.16017493,470.4,2019,9,5,264,1,0,27.1,83,478.3,457.9,477.6,454.02857142857147,27.936518172798426,441.99,-0.9749279121818236,-0.2225209339563146,-1.0,-1.8369701987210297e-16,-0.9859481499638303,-0.1670516255021195,482.3,452.7
2019-09-22,Maharashtra,WR,19.25023195,73.16017493,482.3,2019,9,6,265,1,0,27.3,84,470.4,460.0,434.9,457.2142857142857,29.93122274879772,443.56999999999994,-0.7818314824680299,0.6234898018587334,-1.0,-1.8369701987210297e-16,-0.9886775902323404,-0.15005539834465262,477.8,458.8
2019-09-23,Maharashtra,WR,19.25023195,73.16017493,477.8,2019,9,0,266,0,0,27.1,88,482.3,449.2,445.4,461.3,30.599455332844073,444.65,0.0,1.0,-1.0,-1.8369701987210297e-16,-0.9911140639934546,-0.13301470653419636,487.4,441.8
2019-09-24,Maharashtra,WR,19.25023195,73.16017493,487.4,2019,9,1,267,0,0,26.6,92,477.8,430.9,444.6,469.37142857142857,28.63265701291279,446.07666666666665,0.7818314824680298,0.6234898018587336,-1.0,-1.8369701987210297e-16,-0.9932568492674143,-0.11593459959550066,468.5,400.0
2019-09-25,Maharashtra,WR,19.25023195,73.16017493,468.5,2019,9,2,268,0,0,26.2,91,487.4,405.6,444.1,478.35714285714283,6.9250408284898315,446.89000000000004,0.9749279121818236,-0.22252093395631434,-1.0,-1.8369701987210297e-16,-0.9951053111006974,-0.09882013873287211,438.4,368.4
2019-09-26,Maharashtra,WR,19.25023195,73.16017493,438.4,2019,9,3,269,0,0,26.6,89,468.5,483.8,443.7,471.87142857142857,16.125726266407515,446.7133333333333,0.43388373911755823,-0.900968867902419,-1.0,-1.8369701987210297e-16,-0.99665890175417,-0.08167639533042288,446.6,414.6
2019-09-27,Maharashtra,WR,19.25023195,73.16017493,446.6,2019,9,4,270,0,0,26.2,86,438.4,478.3,443.6,467.34285714285716,18.32119511593732,446.81333333333333,-0.433883739117558,-0.9009688679024191,-1.0,-1.8369701987210297e-16,-0.9979171608653922,-0.06450844944931625,452.7,418.4
2019-09-28,Maharashtra,WR,19.25023195,73.16017493,452.7,2019,9,5,271,1,0,26.7,84,446.6,470.4,431.0,464.8142857142857,19.03640622346602,447.5366666666667,-0.9749279121818236,-0.2225209339563146,-1.0,-1.8369701987210297e-16,-0.9988797155850335,-0.04732138832243232,458.8,421.8
2019-09-29,Maharashtra,WR,19.25023195,73.16017493,458.8,2019,9,6,272,1,0,27.0,84,452.7,482.3,407.9,461.45714285714286,17.444374178406136,449.23333333333335,-0.7818314824680299,0.6234898018587334,-1.0,-1.8369701987210297e-16,-0.9995462806873573,-0.03012030484690836,441.8,421.0
2019-09-30,Maharashtra,WR,19.25023195,73.16017493,441.8,2019,9,0,273,0,0,26.3,90,458.8,477.8,412.2,456.3142857142857,17.127018476804746,450.21999999999997,0.0,1.0,-1.0,-1.8369701987210297e-16,-0.9999166586547379,-0.012910296075008843,400.0,413.7
2019-10-01,Maharashtra,WR,19.25023195,73.16017493,400.0,2019,10,1,274,0,0,26.3,90,441.8,487.4,399.2,443.8285714285715,21.885056871887645,450.24666666666667,0.7818314824680298,0.6234898018587336,-0.8660254037844386,0.5000000000000001,-0.9999907397361901,0.004303538296243821,368.4,413.1
2019-10-02,Maharashtra,WR,19.25023195,73.16017493,368.4,2019,10,2,275,0,1,26.7,87,400.0,468.5,386.2,429.5285714285714,32.97244881643485,449.65333333333336,0.9749279121818236,-0.22252093395631434,-0.8660254037844386,0.5000000000000001,-0.9997685019798909,0.021516097436222233,414.6,403.2
2019-10-03,Maharashtra,WR,19.25023195,73.16017493,414.6,2019,10,3,276,0,0,27.0,87,368.4,438.4,383.2,426.1285714285714,33.13189371213807,450.7,0.43388373911755823,-0.900968867902419,-0.8660254037844386,0.5000000000000001,-0.9992500112396835,0.03872228089217399,418.4,499.8
2019-10-04,Maharashtra,WR,19.25023195,73.16017493,418.4,2019,10,4,277,0,0,26.4,89,414.6,446.6,389.6,422.09999999999997,31.920160818308823,451.66,-0.433883739117558,-0.9009688679024191,-0.8660254037844386,0.5000000000000001,-0.9984354211555643,0.05591699010060302,421.8,500.6
2019-10-05,Maharashtra,WR,19.25023195,73.16017493,421.8,2019,10,5,278,1,0,26.6,88,418.4,452.7,386.6,417.6857142857143,28.984790757190645,452.8333333333333,-0.9749279121818236,-0.2225209339563146,-0.8660254037844386,0.5000000000000001,-0.9973249731081555,0.07309512989807776,421.0,497.9
2019-10-06,Maharashtra,WR,19.25023195,73.16017493,421.0,2019,10,6,279,1,0,26.8,88,421.8,458.8,490.5,412.2857142857143,22.939008157244324,450.51666666666665,-0.7818314824680299,0.6234898018587334,-0.8660254037844386,0.5000000000000001,-0.9959189961471792,0.0902516100310407,413.7,495.2
2019-10-08,Maharashtra,WR,19.25023195,73.16017493,413.7,2019,10,1,281,0,1,27.6,87,421.0,441.8,499.3,408.27142857142854,19.0407207746732,447.66333333333336,0.7818314824680298,0.6234898018587336,-0.8660254037844386,0.5000000000000001,-0.9922222094179324,0.12447926388678869,413.1,495.1
2019-10-09,Maharashtra,WR,19.25023195,73.16017493,413.1,2019,10,2,282,0,0,27.5,87,413.7,400.0,479.6,410.14285714285717,18.733557870202223,445.44666666666666,0.9749279121818236,-0.22252093395631434,-0.8660254037844386,0.5000000000000001,-0.989932495087353,0.141540295217043,403.2,496.7
2019-10-10,Maharashtra,WR,19.25023195,73.16017493,403.2,2019,10,3,283,0,0,28.0,84,413.1,368.4,479.0,415.11428571428576,6.30355153106483,442.92,0.43388373911755823,-0.900968867902419,-0.8660254037844386,0.5000000000000001,-0.9873494423939864,0.15855938510313475,499.8,481.3
2019-10-11,Maharashtra,WR,19.25023195,73.16017493,499.8,2019,10,4,284,0,0,27.5,83,403.2,414.6,478.2,427.2857142857143,32.59040904782876,443.64,-0.433883739117558,-0.9009688679024191,-0.8660254037844386,0.5000000000000001,-0.9844738167520923,0.17553149042142777,500.6,445.4
2019-10-12,Maharashtra,WR,19.25023195,73.16017493,500.6,2019,10,5,285,1,0,27.3,87,499.8,418.4,468.2,439.02857142857147,42.236584232381915,444.72,-0.9749279121818236,-0.2225209339563146,-0.8660254037844386,0.5000000000000001,-0.9813064702716093,0.19245158197082995,497.9,452.7
2019-10-13,Maharashtra,WR,19.25023195,73.16017493,497.9,2019,10,6,286,1,0,27.7,86,500.6,421.8,432.0,449.90000000000003,46.628460550755754,446.9166666666667,-0.7818314824680299,0.6234898018587334,-0.8660254037844386,0.5000000000000001,-0.9778483415056567,0.20931464596304888,495.2,441.2
2019-10-14,Maharashtra,WR,19.25023195,73.16017493,495.2,2019,10,0,287,0,0,28.8,76,497.9,421.0,444.6,460.5,47.39134942159867,448.60333333333335,0.0,1.0,-0.8660254037844386,0.5000000000000001,-0.9741004551724206,0.22611568550828803,495.1,438.8
2019-10-15,Maharashtra,WR,19.25023195,73.16017493,495.1,2019,10,1,288,0,0,28.6,66,495.2,413.7,457.9,472.12857142857143,43.84821221310835,449.84333333333336,0.7818314824680298,0.6234898018587336,-0.8660254037844386,0.5000000000000001,-0.970063921851507,0.2428497220959358,496.7,431.4
2019-10-16,Maharashtra,WR,19.25023195,73.16017493,496.7,2019,10,2,289,0,0,28.3,61,495.1,413.1,460.0,484.07142857142856,35.723368368886035,451.06666666666666,0.9749279121818236,-0.22252093395631434,-0.8660254037844386,0.5000000000000001,-0.965739937654855,0.25951179706979943,481.3,431.8
2019-10-17,Maharashtra,WR,19.25023195,73.16017493,481.3,2019,10,3,290,0,0,28.2,63,496.7,403.2,449.2,495.2285714285714,6.494539831207154,452.13666666666666,0.43388373911755823,-0.900968867902419,-0.8660254037844386,0.5000000000000001,-0.9611297838723007,0.27609697309746883,445.4,426.8
2019-10-18,Maharashtra,WR,19.25023195,73.16017493,445.4,2019,10,4,291,0,0,27.6,73,481.3,499.8,430.9,487.4571428571429,19.546087173897668,452.62,-0.433883739117558,-0.9009688679024191,-0.8660254037844386,0.5000000000000001,-0.9562348265919058,0.2926003356333479,452.7,379.0
2019-10-19,Maharashtra,WR,19.25023195,73.16017493,452.7,2019,10,5,292,1,0,25.8,90,445.4,500.6,405.6,480.6142857142857,22.36011542691225,454.19,-0.9749279121818236,-0.2225209339563146,-0.8660254037844386,0.5000000000000001,-0.9510565162951536,0.30901699437494723,441.2,396.2
2019-10-20,Maharashtra,WR,19.25023195,73.16017493,441.2,2019,10,6,293,1,0,25.2,93,452.7,497.9,483.8,472.5142857142857,25.15044257870689,452.77000000000004,-0.7818314824680299,0.6234898018587334,-0.8660254037844386,0.5000000000000001,-0.9455963874271428,0.3253420847119795,438.8,399.4
2019-10-21,Maharashtra,WR,19.25023195,73.16017493,438.8,2019,10,0,294,0,0,26.4,87,441.2,495.2,478.3,464.45714285714286,25.699731330818494,451.4533333333333,0.0,1.0,-0.8660254037844386,0.5000000000000001,-0.9398560579418953,0.341570769167856,431.4,344.5
2019-10-22,Maharashtra,WR,19.25023195,73.16017493,431.4,2019,10,1,295,0,0,26.0,91,438.8,495.1,470.4,455.35714285714283,24.2795426331767,450.15333333333336,0.7818314824680298,0.6234898018587336,-0.8660254037844386,0.5000000000000001,-0.9338372288229252,0.35769823883312546,431.8,378.1
2019-10-23,Maharashtra,WR,19.25023195,73.16017493,431.8,2019,10,2,296,0,0,25.3,92,431.4,496.7,482.3,446.08571428571435,17.228699754715702,448.47,0.9749279121818236,-0.22252093395631434,-0.8660254037844386,0.5000000000000001,-0.9275416835791965,0.3737197147904692,426.8,399.9
2019-10-24,Maharashtra,WR,19.25023195,73.16017493,426.8,2019,10,3,297,0,0,26.3,89,431.8,481.3,477.8,438.3,9.023487869630646,446.77000000000004,0.43388373911755823,-0.900968867902419,-0.8660254037844386,0.5000000000000001,-0.9209712877166347,0.38963044953078774,379.0,399.2
2019-10-25,Maharashtra,WR,19.25023195,73.16017493,379.0,2019,10,4,298,0,0,26.2,83,426.8,445.4,487.4,428.8142857142857,23.53992555719166,443.1566666666667,-0.433883739117558,-0.9009688679024191,-0.8660254037844386,0.5000000000000001,-0.9141279881853337,0.4054257283599973,396.2,392.2
2019-10-26,Maharashtra,WR,19.25023195,73.16017493,396.2,2019,10,5,299,1,0,25.9,88,379.0,452.7,468.5,420.7428571428572,23.67099893279145,440.74666666666667,-0.9749279121818236,-0.2225209339563146,-0.8660254037844386,0.5000000000000001,-0.9070138128026362,0.42110087079608916,399.4,391.7
2019-10-27,Maharashtra,WR,19.25023195,73.16017493,399.4,2019,10,6,300,1,1,26.6,81,396.2,441.2,438.4,414.77142857142854,22.91038442029581,439.44666666666666,-0.7818314824680299,0.6234898018587334,-0.8660254037844386,0.5000000000000001,-0.8996308696522434,0.4366512319560638,344.5,392.2
2019-10-28,Maharashtra,WR,19.25023195,73.16017493,344.5,2019,10,0,301,0,0,26.7,82,399.4,438.8,446.6,401.3,32.24815240185615,436.0433333333333,0.0,1.0,-0.8660254037844386,0.5000000000000001,-0.8919813464595487,0.45207220393230374,378.1,395.0
2019-10-29,Maharashtra,WR,19.25023195,73.16017493,378.1,2019,10,1,302,0,0,27.3,85,344.5,431.4,452.7,393.6857142857143,30.182910648877076,433.5566666666666,0.7818314824680298,0.6234898018587336,-0.8660254037844386,0.5000000000000001,-0.8840675099433637,0.46735921715800205,399.9,402.2
2019-10-30,Maharashtra,WR,19.25023195,73.16017493,399.9,2019,10,2,303,0,0,27.5,84,378.1,431.8,458.8,389.1285714285714,25.51664256165074,431.5933333333333,0.9749279121818236,-0.22252093395631434,-0.8660254037844386,0.5000000000000001,-0.8758917051442433,0.48250774176121763,399.2,401.9
2019-10-31,Maharashtra,WR,19.25023195,73.16017493,399.2,2019,10,3,304,0,0,28.0,73,399.9,426.8,441.8,385.1857142857143,20.33088197557492,430.17333333333335,0.43388373911755823,-0.900968867902419,-0.8660254037844386,0.5000000000000001,-0.8674563547295971,0.4975132889071803,392.2,400.2
2019-11-01,Maharashtra,WR,19.25023195,73.16017493,392.2,2019,11,4,305,0,0,27.5,78,399.2,379.0,400.0,387.07142857142856,20.273604702150134,429.91333333333336,-0.433883739117558,-0.9009688679024191,-0.5000000000000004,0.8660254037844384,-0.858763958275803,0.5123714121284235,391.7,402.5
2019-11-02,Maharashtra,WR,19.25023195,73.16017493,391.7,2019,11,5,306,1,0,26.6,83,392.2,396.2,368.4,386.42857142857144,20.005475440964744,430.68999999999994,-0.9749279121818236,-0.2225209339563146,-0.5000000000000004,0.8660254037844384,-0.8498170915275277,0.5270777086423724,392.2,408.4
2019-11-03,Maharashtra,WR,19.25023195,73.16017493,392.2,2019,11,6,307,1,0,26.6,84,391.7,399.4,414.6,385.40000000000003,19.40343612181432,429.9433333333334,-0.7818314824680299,0.6234898018587334,-0.5000000000000004,0.8660254037844384,-0.8406184056344783,0.5416278206559811,395.0,414.3
2019-11-04,Maharashtra,WR,19.25023195,73.16017493,395.0,2019,11,0,308,0,0,26.9,84,392.2,344.5,418.4,392.61428571428576,7.234046486678689,429.1633333333333,0.0,1.0,-0.5000000000000004,0.8660254037844384,-0.8311706263658079,0.5560174366570446,402.2,409.9
2019-11-05,Maharashtra,WR,19.25023195,73.16017493,402.2,2019,11,1,309,0,0,27.2,83,395.0,378.1,421.8,396.0571428571428,4.325065372476131,428.51,0.7818314824680298,0.6234898018587336,-0.5000000000000004,0.8660254037844384,-0.8214765533024145,0.5702422926917867,401.9,410.3
2019-11-06,Maharashtra,WR,19.25023195,73.16017493,401.9,2019,11,2,310,0,0,26.8,84,402.2,399.9,421.0,396.34285714285716,4.673277630263964,427.87333333333333,0.9749279121818236,-0.22252093395631434,-0.5000000000000004,0.8660254037844384,-0.8115390590073611,0.5842981736283683,400.2,416.2
2019-11-08,Maharashtra,WR,19.25023195,73.16017493,400.2,2019,11,4,312,0,0,25.7,85,401.9,399.2,413.7,396.4857142857142,4.789025151819909,427.4233333333333,-0.433883739117558,-0.9009688679024191,-0.5000000000000004,0.8660254037844384,-0.7909456567567774,0.6118864012687242,402.5,406.7
2019-11-09,Maharashtra,WR,19.25023195,73.16017493,402.5,2019,11,5,313,1,0,25.7,84,400.2,392.2,413.1,397.95714285714286,4.834893016002833,427.07,-0.9749279121818236,-0.2225209339563146,-0.5000000000000004,0.8660254037844384,-0.780295851070776,0.6254105729852457,408.4,449.1
2019-11-10,Maharashtra,WR,19.25023195,73.16017493,408.4,2019,11,6,314,1,1,26.3,82,402.5,391.7,403.2,400.34285714285716,5.327869224764649,427.2433333333333,-0.7818314824680299,0.6234898018587334,-0.5000000000000004,0.8660254037844384,-0.7694148268839381,0.6387494220515268,414.3,463.7
2019-11-11,Maharashtra,WR,19.25023195,73.16017493,414.3,2019,11,0,315,0,0,26.9,78,408.4,392.2,499.8,403.5,6.178457196852542,424.3933333333334,0.0,1.0,-0.5000000000000004,0.8660254037844384,-0.7583058084785625,0.6518989958787125,409.9,459.1
2019-11-12,Maharashtra,WR,19.25023195,73.16017493,409.9,2019,11,1,316,0,1,27.1,75,414.3,395.0,500.6,405.6285714285714,5.260454443523647,421.37,0.7818314824680298,0.6234898018587336,-0.5000000000000004,0.8660254037844384,-0.7469720876965551,0.6648553979642866,410.3,452.8
2019-11-13,Maharashtra,WR,19.25023195,73.16017493,410.3,2019,11,2,317,0,0,27.1,72,409.9,402.2,497.9,406.7857142857143,5.271441476304419,418.45,0.9749279121818236,-0.22252093395631434,-0.5000000000000004,0.8660254037844384,-0.7354170229639858,0.6776147890466887,416.2,448.9
2019-11-14,Maharashtra,WR,19.25023195,73.16017493,416.2,2019,11,3,318,0,0,26.1,66,410.3,401.9,495.2,408.8285714285715,5.806236384473939,415.81666666666666,0.43388373911755823,-0.900968867902419,-0.5000000000000004,0.8660254037844384,-0.7236440382959124,0.690173388242972,406.7,451.2
2019-11-15,Maharashtra,WR,19.25023195,73.16017493,406.7,2019,11,4,319,0,0,26.2,73,416.2,400.2,495.1,409.75714285714287,4.588339257603512,412.86999999999995,-0.433883739117558,-0.9009688679024191,-0.5000000000000004,0.8660254037844384,-0.711656622281775,0.7025274741691566,449.1,439.0
2019-11-16,Maharashtra,WR,19.25023195,73.16017493,449.1,2019,11,5,320,1,0,27.2,75,406.7,402.5,496.7,416.4142857142857,14.783372255277433,411.28333333333336,-0.9749279121818236,-0.2225209339563146,-0.5000000000000004,0.8660254037844384,-0.6994583270516471,0.7146733860429608,463.7,403.7
2019-11-17,Maharashtra,WR,19.25023195,73.16017493,463.7,2019,11,6,321,1,0,28.1,68,449.1,408.4,481.3,424.3142857142857,22.531935008740593,410.69666666666666,-0.7818314824680299,0.6234898018587334,-0.5000000000000004,0.8660254037844384,-0.6870527672236675,0.7266075247685652,459.1,420.1
2019-11-18,Maharashtra,WR,19.25023195,73.16017493,459.1,2019,11,0,322,0,0,26.8,65,463.7,414.3,445.4,430.7142857142857,25.394121929522317,411.15333333333336,0.0,1.0,-0.5000000000000004,0.8660254037844384,-0.6744436188329457,0.7383263540031063,452.8,428.0
2019-11-19,Maharashtra,WR,19.25023195,73.16017493,452.8,2019,11,1,323,0,0,26.2,68,459.1,409.9,452.7,436.84285714285716,24.700867538264255,411.15666666666664,0.7818314824680298,0.6234898018587336,-0.5000000000000004,0.8660254037844384,-0.661634618242279,0.749826401204568,448.9,431.0
2019-11-20,Maharashtra,WR,19.25023195,73.16017493,448.9,2019,11,2,324,0,0,26.5,70,452.8,410.3,441.2,442.35714285714283,21.942337853478882,411.4133333333333,0.9749279121818236,-0.22252093395631434,-0.5000000000000004,0.8660254037844384,-0.6486295610349818,0.7611042586607742,451.2,418.4
2019-11-21,Maharashtra,WR,19.25023195,73.16017493,451.2,2019,11,3,325,0,0,27.2,71,448.9,416.2,438.8,447.35714285714283,18.742985989685497,411.82666666666665,0.43388373911755823,-0.900968867902419,-0.5000000000000004,0.8660254037844384,-0.6354323008901775,0.7721565844991641,439.0,413.0
2019-11-22,Maharashtra,WR,19.25023195,73.16017493,439.0,2019,11,4,326,0,0,27.4,67,451.2,406.7,431.4,451.9714285714286,7.911955991982771,412.08,-0.433883739117558,-0.9009688679024191,-0.5000000000000004,0.8660254037844384,-0.622046748440868,0.7829801036770624,403.7,404.0
2019-11-23,Maharashtra,WR,19.25023195,73.16017493,403.7,2019,11,5,327,1,0,27.0,68,439.0,449.1,431.8,445.4857142857143,20.012615069120386,411.1433333333333,-0.9749279121818236,-0.2225209339563146,-0.5000000000000004,0.8660254037844384,-0.6084768701151264,0.7935716089521472,420.1,459.6
2019-11-24,Maharashtra,WR,19.25023195,73.16017493,420.1,2019,11,6,328,1,0,26.9,66,403.7,463.7,426.8,439.2571428571428,20.18306692443472,410.91999999999996,-0.7818314824680299,0.6234898018587334,-0.5000000000000004,0.8660254037844384,-0.594726686960764,0.8039279618328208,428.0,471.4
2019-11-25,Maharashtra,WR,19.25023195,73.16017493,428.0,2019,11,0,329,0,0,26.4,66,420.1,459.1,379.0,434.8142857142857,18.434336492121986,412.5533333333333,0.0,1.0,-0.5000000000000004,0.8660254037844384,-0.5808002734538013,0.8140460935082175,431.0,463.4
2019-11-26,Maharashtra,WR,19.25023195,73.16017493,431.0,2019,11,1,330,0,0,26.4,65,428.0,452.8,396.2,431.7,16.64391780801676,413.7133333333333,0.7818314824680298,0.6234898018587336,-0.5000000000000004,0.8660254037844384,-0.5667017562911184,0.8239230057575536,418.4,457.8
2019-11-27,Maharashtra,WR,19.25023195,73.16017493,418.4,2019,11,2,331,0,0,26.7,65,431.0,448.9,399.4,427.34285714285716,15.331216209949128,414.34666666666664,0.9749279121818236,-0.22252093395631434,-0.5000000000000004,0.8660254037844384,-0.5524353131676203,0.8335557718385695,413.0,460.8
2019-11-28,Maharashtra,WR,19.25023195,73.16017493,413.0,2019,11,3,332,0,0,27.1,64,418.4,451.2,344.5,421.88571428571424,11.820663908516753,416.63,0.43388373911755823,-0.900968867902419,-0.5000000000000004,0.8660254037844384,-0.5380051715382992,0.8429415373547832,404.0,464.0
2019-11-29,Maharashtra,WR,19.25023195,73.16017493,404.0,2019,11,4,333,0,0,27.4,66,413.0,439.0,378.1,416.88571428571424,10.726669034301496,417.4933333333333,-0.433883739117558,-0.9009688679024191,-0.5000000000000004,0.8660254037844384,-0.5234156073655503,0.8520775211013093,459.6,455.8
2019-11-30,Maharashtra,WR,19.25023195,73.16017493,459.6,2019,11,5,334,1,0,27.8,67,404.0,403.7,399.9,424.87142857142857,17.76989160403248,419.48333333333335,-0.9749279121818236,-0.2225209339563146,-0.5000000000000004,0.8660254037844384,-0.5086709438521042,0.8609610158889945,471.4,407.7
2019-12-01,Maharashtra,WR,19.25023195,73.16017493,471.4,2019,12,6,335,1,0,27.7,66,459.6,420.1,399.2,432.2,24.700877177407115,421.89,-0.7818314824680299,0.6234898018587334,-2.4492935982947064e-16,1.0,-0.49377555015997737,0.8695893893466109,463.4,392.5
2019-12-02,Maharashtra,WR,19.25023195,73.16017493,463.4,2019,12,0,336,0,0,27.9,62,471.4,428.0,392.2,437.25714285714287,27.19551783798591,424.2633333333333,0.0,1.0,-2.4492935982947064e-16,1.0,-0.4787338401157883,0.8779600847008883,457.8,425.7
2019-12-03,Maharashtra,WR,19.25023195,73.16017493,457.8,2019,12,1,337,0,0,27.4,66,463.4,431.0,391.7,441.0857142857143,28.041126259563512,426.46666666666664,0.7818314824680298,0.6234898018587336,-2.4492935982947064e-16,1.0,-0.4635502709028512,0.8860706215341378,460.8,421.3
2019-12-04,Maharashtra,WR,19.25023195,73.16017493,460.8,2019,12,2,338,0,0,27.6,67,457.8,418.4,392.2,447.14285714285717,26.879413258902787,428.7533333333333,0.9749279121818236,-0.22252093395631434,-2.4492935982947064e-16,1.0,-0.4482293417404106,0.893918596519257,464.0,411.2
2019-12-05,Maharashtra,WR,19.25023195,73.16017493,464.0,2019,12,3,339,0,0,27.0,76,460.8,413.0,395.0,454.42857142857144,22.663753314174095,431.0533333333333,0.43388373911755823,-0.900968867902419,-2.4492935982947064e-16,1.0,-0.4327755925504317,0.9015016841318838,455.8,405.5
2019-12-06,Maharashtra,WR,19.25023195,73.16017493,455.8,2019,12,4,340,0,0,28.1,55,464.0,404.0,402.2,461.8285714285715,5.121755651376267,432.84000000000003,-0.433883739117558,-0.9009688679024191,-2.4492935982947064e-16,1.0,-0.41719360261231697,0.9088176373395028,407.7,405.1
2019-12-08,Maharashtra,WR,19.25023195,73.16017493,407.7,2019,12,6,342,1,0,26.3,58,455.8,459.6,401.9,454.4142857142857,21.203492524537513,433.03333333333325,-0.7818314824680299,0.6234898018587334,-2.4492935982947064e-16,1.0,-0.38566340624360745,0.9226395488404875,392.5,457.1
2019-12-09,Maharashtra,WR,19.25023195,73.16017493,392.5,2019,12,0,343,0,0,27.0,63,407.7,471.4,400.2,443.14285714285717,29.869374345800164,432.77666666666664,0.0,1.0,-2.4492935982947064e-16,1.0,-0.3697245428906732,0.9291414114031743,425.7,471.1
2019-12-10,Maharashtra,WR,19.25023195,73.16017493,425.7,2019,12,1,344,0,0,27.4,67,392.5,463.4,402.5,437.7571428571428,28.994071643634506,433.55,0.7818314824680298,0.6234898018587336,-2.4492935982947064e-16,1.0,-0.3536761221763721,0.935367949313148,421.3,476.8
2019-12-11,Maharashtra,WR,19.25023195,73.16017493,421.3,2019,12,2,345,0,0,27.0,68,425.7,457.8,408.4,432.54285714285714,28.0557098848501,433.97999999999996,0.9749279121818236,-0.22252093395631434,-2.4492935982947064e-16,1.0,-0.33752289959411347,0.941317317512847,411.2,475.8
2019-12-12,Maharashtra,WR,19.25023195,73.16017493,411.2,2019,12,3,346,0,0,25.8,67,421.3,460.8,414.3,425.45714285714286,25.911185303060538,433.87666666666667,0.43388373911755823,-0.900968867902419,-2.4492935982947064e-16,1.0,-0.32126966169236515,0.9469877530760751,405.5,474.7
2019-12-13,Maharashtra,WR,19.25023195,73.16017493,405.5,2019,12,4,347,0,0,24.8,70,411.2,464.0,409.9,417.09999999999997,20.216247591150065,433.72999999999996,-0.433883739117558,-0.9009688679024191,-2.4492935982947064e-16,1.0,-0.3049212246562894,0.9523775757303973,405.1,474.5
2019-12-14,Maharashtra,WR,19.25023195,73.16017493,405.1,2019,12,5,348,1,0,23.7,65,405.5,455.8,410.3,409.85714285714283,11.0399059692343,433.5566666666667,-0.9749279121818236,-0.2225209339563146,-2.4492935982947064e-16,1.0,-0.2884824328806098,0.9574851883550389,457.1,461.2
2019-12-15,Maharashtra,WR,19.25023195,73.16017493,457.1,2019,12,6,349,1,0,24.6,61,405.1,407.7,416.2,416.9142857142857,20.85620839393973,434.92,-0.7818314824680299,0.6234898018587334,-2.4492935982947064e-16,1.0,-0.27195815753410524,0.9623090774541487,471.1,442.9
2019-12-16,Maharashtra,WR,19.25023195,73.16017493,471.1,2019,12,0,350,0,0,25.3,66,457.1,392.5,406.7,428.14285714285717,26.03637565297587,437.06666666666666,0.0,1.0,-2.4492935982947064e-16,1.0,-0.2553532951161881,0.9668478136052773,476.8,454.0
2019-12-17,Maharashtra,WR,19.25023195,73.16017493,476.8,2019,12,1,351,0,0,26.0,64,471.1,425.7,449.1,435.4428571428572,31.769684561589166,437.99,0.7818314824680298,0.6234898018587336,-2.4492935982947064e-16,1.0,-0.23867276600594997,0.9711000518829505,475.8,455.5
2019-12-18,Maharashtra,WR,19.25023195,73.16017493,475.8,2019,12,2,352,0,0,26.1,60,476.8,421.3,463.7,443.2285714285714,34.3031443789886,438.3933333333333,0.9749279121818236,-0.22252093395631434,-2.4492935982947064e-16,1.0,-0.22192151300416674,0.9750645322571945,474.7,451.3
2019-12-19,Maharashtra,WR,19.25023195,73.16017493,474.7,2019,12,3,353,0,0,25.4,63,475.8,411.2,459.1,452.30000000000007,32.78419334577807,438.9133333333333,0.43388373911755823,-0.900968867902419,-2.4492935982947064e-16,1.0,-0.20510449986861926,0.9787400799669153,474.5,438.7
2019-12-20,Maharashtra,WR,19.25023195,73.16017493,474.5,2019,12,4,354,0,0,25.6,65,474.7,405.5,452.8,462.1571428571429,26.048919180576767,439.63666666666666,-0.433883739117558,-0.9009688679024191,-2.4492935982947064e-16,1.0,-0.1882267098432439,0.9821256058680006,461.2,435.7
2019-12-21,Maharashtra,WR,19.25023195,73.16017493,461.2,2019,12,5,355,1,0,26.0,63,474.5,405.1,448.9,470.1714285714285,7.82170362638992,440.04666666666674,-0.9749279121818236,-0.2225209339563146,-2.4492935982947064e-16,1.0,-0.1712931441814778,0.9852201067560606,442.9,422.9
2019-12-22,Maharashtra,WR,19.25023195,73.16017493,442.9,2019,12,6,356,1,0,26.5,62,461.2,457.1,451.2,468.14285714285717,12.322994379460837,439.77000000000004,-0.7818314824680299,0.6234898018587334,-2.4492935982947064e-16,1.0,-0.154308820664281,0.9880226656636976,454.0,395.1
2019-12-23,Maharashtra,WR,19.25023195,73.16017493,454.0,2019,12,0,357,0,0,27.0,65,442.9,471.1,439.0,465.7,13.295613311666557,440.27000000000004,0.0,1.0,-2.4492935982947064e-16,1.0,-0.13727877211326517,0.9905324521322227,455.5,395.6
2019-12-24,Maharashtra,WR,19.25023195,73.16017493,455.5,2019,12,1,358,0,0,26.8,69,454.0,476.8,403.7,462.65714285714284,12.758377266573536,441.9966666666667,0.7818314824680298,0.6234898018587336,-2.4492935982947064e-16,1.0,-0.12020804489935275,0.9927487224577402,451.3,400.3
2019-12-25,Maharashtra,WR,19.25023195,73.16017493,451.3,2019,12,2,359,0,1,27.4,66,455.5,475.8,420.1,459.15714285714284,11.882460062751523,443.0366666666667,0.9749279121818236,-0.22252093395631434,-2.4492935982947064e-16,1.0,-0.10310169744743544,0.9946708199115211,438.7,377.8
2019-12-26,Maharashtra,WR,19.25023195,73.16017493,438.7,2019,12,3,360,0,0,26.5,60,451.3,474.7,428.0,454.0142857142857,11.824611138276534,443.3933333333334,0.43388373911755823,-0.900968867902419,-2.4492935982947064e-16,1.0,-0.0859647987374467,0.9962981749346077,435.7,383.5
2019-12-27,Maharashtra,WR,19.25023195,73.16017493,435.7,2019,12,4,361,0,0,24.3,64,438.7,474.5,431.0,448.47142857142853,9.483444220626586,443.55,-0.433883739117558,-0.9009688679024191,-2.4492935982947064e-16,1.0,-0.06880242680232064,0.9976303053065857,422.9,390.7
2019-12-28,Maharashtra,WR,19.25023195,73.16017493,422.9,2019,12,5,362,1,0,25.2,61,435.7,461.2,418.4,443.0,11.704272724096025,443.7,-0.9749279121818236,-0.2225209339563146,-2.4492935982947064e-16,1.0,-0.05161966722325418,0.9986668162884759,395.1,382.4
2019-12-29,Maharashtra,WR,19.25023195,73.16017493,395.1,2019,12,6,363,1,0,25.3,64,422.9,442.9,413.0,436.1714285714285,21.563604699100306,443.10333333333335,-0.7818314824680299,0.6234898018587334,-2.4492935982947064e-16,1.0,-0.034421611622745804,0.9994074007397048,395.6,487.6
2019-12-30,Maharashtra,WR,19.25023195,73.16017493,395.6,2019,12,0,364,0,0,24.7,67,395.1,454.0,404.0,427.82857142857137,24.59977738962399,442.8233333333334,0.0,1.0,-2.4492935982947064e-16,1.0,-0.01721335615583528,0.9998518392091162,400.3,430.1
2019-12-31,Maharashtra,WR,19.25023195,73.16017493,400.3,2019,12,1,365,0,0,22.2,66,395.6,455.5,459.6,419.9428571428571,23.04964621151905,440.8466666666667,0.7818314824680298,0.6234898018587336,-2.4492935982947064e-16,1.0,6.432490598706546e-16,1.0,377.8,465.5
2020-01-01,Maharashtra,WR,19.25023195,73.16017493,377.8,2020,1,2,1,0,0,20.9,68,400.3,451.3,471.4,409.4428571428572,23.125444654669668,437.7266666666667,0.9749279121818236,-0.22252093395631434,0.49999999999999994,0.8660254037844387,0.017213356155834685,0.9998518392091162,383.5,482.4
2020-01-02,Maharashtra,WR,19.25023195,73.16017493,383.5,2020,1,3,2,0,0,21.9,73,377.8,438.7,463.4,401.5571428571429,20.77850308554941,435.06333333333333,0.43388373911755823,-0.900968867902419,0.49999999999999994,0.8660254037844387,0.03442161162274574,0.9994074007397048,390.7,482.7
2020-01-03,Maharashtra,WR,19.25023195,73.16017493,390.7,2020,1,4,3,0,0,22.0,74,383.5,435.7,457.8,395.12857142857143,14.452994417041776,432.82666666666665,-0.433883739117558,-0.9009688679024191,0.49999999999999994,0.8660254037844387,0.051619667223253764,0.998666816288476,382.4,476.3
2020-01-04,Maharashtra,WR,19.25023195,73.16017493,382.4,2020,1,5,4,1,0,21.7,65,390.7,422.9,460.8,389.34285714285716,8.264150922882626,430.21333333333337,-0.9749279121818236,-0.2225209339563146,0.49999999999999994,0.8660254037844387,0.06880242680231986,0.9976303053065857,487.6,466.7
2020-01-05,Maharashtra,WR,19.25023195,73.16017493,487.6,2020,1,6,5,1,0,23.2,63,382.4,395.1,464.0,402.5571428571429,38.31617835600937,431.0,-0.7818314824680299,0.6234898018587334,0.49999999999999994,0.8660254037844387,0.08596479873744647,0.9962981749346078,430.1,392.3
2020-01-13,Maharashtra,WR,19.25023195,73.16017493,430.1,2020,1,0,13,0,0,24.4,76,487.6,395.6,455.8,407.4857142857143,39.47351131123369,430.1433333333333,0.0,1.0,0.49999999999999994,0.8660254037844387,0.2219215130041655,0.9750645322571948,465.5,402.8
2020-01-14,Maharashtra,WR,19.25023195,73.16017493,465.5,2020,1,1,14,0,0,23.7,72,430.1,400.3,407.7,416.8,44.824993028443444,432.07,0.7818314824680298,0.6234898018587336,0.49999999999999994,0.8660254037844387,0.2386727660059501,0.9711000518829505,482.4,403.7
2020-01-15,Maharashtra,WR,19.25023195,73.16017493,482.4,2020,1,2,15,0,0,22.3,58,465.5,377.8,392.5,431.74285714285713,47.03724967664317,435.06666666666666,0.9749279121818236,-0.22252093395631434,0.49999999999999994,0.8660254037844387,0.255353295116187,0.9668478136052775,482.7,403.8
2020-01-16,Maharashtra,WR,19.25023195,73.16017493,482.7,2020,1,3,16,0,0,20.1,59,482.4,383.5,425.7,445.91428571428565,44.978640433411435,436.96666666666664,0.43388373911755823,-0.900968867902419,0.49999999999999994,0.8660254037844387,0.2719581575341055,0.9623090774541486,476.3,407.6
2020-01-17,Maharashtra,WR,19.25023195,73.16017493,476.3,2020,1,4,17,0,0,18.7,53,482.7,390.7,421.3,458.14285714285717,38.65742089788474,438.8,-0.433883739117558,-0.9009688679024191,0.49999999999999994,0.8660254037844387,0.288482432880609,0.9574851883550393,466.7,415.0
2020-01-18,Maharashtra,WR,19.25023195,73.16017493,466.7,2020,1,5,18,1,0,21.3,62,476.3,382.4,411.2,470.18571428571425,19.525233978234265,440.65,-0.9749279121818236,-0.2225209339563146,0.49999999999999994,0.8660254037844387,0.30492122465628907,0.9523775757303974,392.3,404.8
2020-01-19,Maharashtra,WR,19.25023195,73.16017493,392.3,2020,1,6,19,1,0,24.1,60,466.7,487.6,405.5,456.57142857142856,33.54820980249772,440.21,-0.7818314824680299,0.6234898018587334,0.49999999999999994,0.8660254037844387,0.3212696616923644,0.9469877530760753,402.8,497.4
2020-01-20,Maharashtra,WR,19.25023195,73.16017493,402.8,2020,1,0,20,0,0,25.2,61,392.3,430.1,405.1,452.67142857142863,38.377628652020725,440.1333333333333,0.0,1.0,0.49999999999999994,0.8660254037844387,0.3375228995941133,0.9413173175128471,403.7,499.9
2020-01-21,Maharashtra,WR,19.25023195,73.16017493,403.7,2020,1,1,21,0,0,25.4,60,402.8,465.5,457.1,443.84285714285716,41.882926399781816,438.3533333333333,0.7818314824680298,0.6234898018587336,0.49999999999999994,0.8660254037844387,0.3536761221763716,0.9353679493131483,403.8,500.8
2020-01-22,Maharashtra,WR,19.25023195,73.16017493,403.8,2020,1,2,22,0,0,25.5,61,403.7,482.4,471.1,432.61428571428576,40.33048592861368,436.11,0.9749279121818236,-0.22252093395631434,0.49999999999999994,0.8660254037844387,0.3697245428906731,0.9291414114031743,407.6,502.7
2020-01-23,Maharashtra,WR,19.25023195,73.16017493,407.6,2020,1,3,23,0,0,26.8,55,403.8,482.7,476.8,421.8857142857143,34.32858034599499,433.80333333333334,0.43388373911755823,-0.900968867902419,0.49999999999999994,0.8660254037844387,0.38566340624360707,0.9226395488404876,415.0,501.4
2020-01-24,Maharashtra,WR,19.25023195,73.16017493,415.0,2020,1,4,24,0,0,26.6,57,407.6,476.3,475.8,413.12857142857143,24.56418220944974,431.7766666666667,-0.433883739117558,-0.9009688679024191,0.49999999999999994,0.8660254037844387,0.401487989205973,0.9158642882672872,404.8,489.9
2020-01-25,Maharashtra,WR,19.25023195,73.16017493,404.8,2020,1,5,25,1,0,26.6,55,415.0,466.7,474.7,404.2857142857143,6.7390475517507085,429.44666666666666,-0.9749279121818236,-0.2225209339563146,0.49999999999999994,0.8660254037844387,0.4171936026123168,0.9088176373395029,497.4,468.4
2020-01-26,Maharashtra,WR,19.25023195,73.16017493,497.4,2020,1,6,26,1,1,26.6,58,404.8,392.3,474.5,419.3,34.691737729128924,430.21,-0.7818314824680299,0.6234898018587334,0.49999999999999994,0.8660254037844387,0.4327755925504312,0.901501684131884,499.9,408.9
2020-01-27,Maharashtra,WR,19.25023195,73.16017493,499.9,2020,1,0,27,0,0,24.4,66,497.4,402.8,461.2,433.1714285714285,44.904146589734744,431.5,0.0,1.0,0.49999999999999994,0.8660254037844387,0.4482293417404106,0.893918596519257,500.8,371.3
2020-01-28,Maharashtra,WR,19.25023195,73.16017493,500.8,2020,1,1,28,0,0,22.6,77,499.9,403.7,442.9,447.04285714285714,49.085702505680835,433.43,0.7818314824680298,0.6234898018587336,0.49999999999999994,0.8660254037844387,0.4635502709028509,0.886070621534138,502.7,401.5
2020-01-29,Maharashtra,WR,19.25023195,73.16017493,502.7,2020,1,2,29,0,0,22.1,60,500.8,403.8,454.0,461.1714285714285,48.79701883946462,435.0533333333333,0.9749279121818236,-0.22252093395631434,0.49999999999999994,0.8660254037844387,0.47873384011578846,0.8779600847008882,501.4,418.3
2020-01-30,Maharashtra,WR,19.25023195,73.16017493,501.4,2020,1,3,30,0,0,20.9,59,502.7,407.6,455.5,474.57142857142856,44.30653504415655,436.5833333333333,0.43388373911755823,-0.900968867902419,0.49999999999999994,0.8660254037844387,0.49377555015997715,0.869589389346611,489.9,414.9
2020-01-31,Maharashtra,WR,19.25023195,73.16017493,489.9,2020,1,4,31,0,0,21.8,58,501.4,415.0,451.3,485.27142857142854,35.737921702570766,437.87,-0.433883739117558,-0.9009688679024191,0.49999999999999994,0.8660254037844387,0.5086709438521044,0.8609610158889943,468.4,420.2
2020-02-01,Maharashtra,WR,19.25023195,73.16017493,468.4,2020,2,5,32,1,0,23.1,58,489.9,404.8,438.7,494.3571428571428,12.208857050364175,438.85999999999996,-0.9749279121818236,-0.2225209339563146,0.8660254037844386,0.5000000000000001,0.5234156073655503,0.8520775211013093,408.9,413.6
2020-02-02,Maharashtra,WR,19.25023195,73.16017493,408.9,2020,2,6,33,1,0,24.1,64,468.4,497.4,435.7,481.7142857142857,34.3246960934076,437.96666666666664,-0.7818314824680299,0.6234898018587334,0.8660254037844386,0.5000000000000001,0.5380051715382996,0.8429415373547828,371.3,409.0
2020-02-03,Maharashtra,WR,19.25023195,73.16017493,371.3,2020,2,0,34,0,0,23.4,72,408.9,499.9,422.9,463.34285714285716,52.54702202608194,436.2466666666667,0.0,1.0,0.8660254037844386,0.5000000000000001,0.5524353131676196,0.8335557718385699,401.5,415.4
2020-02-04,Maharashtra,WR,19.25023195,73.16017493,401.5,2020,2,1,35,0,0,24.0,63,371.3,500.8,395.1,449.15714285714284,54.12947001227271,436.46000000000004,0.7818314824680298,0.6234898018587336,0.8660254037844386,0.5000000000000001,0.5667017562911176,0.8239230057575542,418.3,415.3
2020-02-05,Maharashtra,WR,19.25023195,73.16017493,418.3,2020,2,2,36,0,0,23.7,48,401.5,502.7,395.6,437.09999999999997,49.40934459526186,437.21666666666664,0.9749279121818236,-0.22252093395631434,0.8660254037844386,0.5000000000000001,0.5808002734538009,0.8140460935082178,414.9,414.9
2020-02-13,Maharashtra,WR,19.25023195,73.16017493,414.9,2020,2,3,44,0,0,29.2,47,418.3,501.4,400.3,424.74285714285713,40.696349432631536,437.7033333333333,0.43388373911755823,-0.900968867902419,0.8660254037844386,0.5000000000000001,0.6870527672236669,0.7266075247685656,420.2,410.9
2020-02-14,Maharashtra,WR,19.25023195,73.16017493,420.2,2020,2,4,45,0,0,28.2,40,414.9,489.9,377.8,414.7857142857143,28.92037508812917,439.1166666666667,-0.433883739117558,-0.9009688679024191,0.8660254037844386,0.5000000000000001,0.699458327051647,0.7146733860429609,413.6,412.5
2020-02-15,Maharashtra,WR,19.25023195,73.16017493,413.6,2020,2,5,46,1,0,26.8,41,420.2,468.4,383.5,406.9571428571429,16.912703030843623,440.12,-0.9749279121818236,-0.2225209339563146,0.8660254037844386,0.5000000000000001,0.7116566222817746,0.7025274741691571,409.0,401.3
2020-02-16,Maharashtra,WR,19.25023195,73.16017493,409.0,2020,2,6,47,1,0,27.0,43,413.6,408.9,390.7,406.9714285714286,16.914659744898728,440.7300000000001,-0.7818314824680299,0.6234898018587334,0.8660254037844386,0.5000000000000001,0.7236440382959124,0.6901733882429719,415.4,497.2
2020-02-17,Maharashtra,WR,19.25023195,73.16017493,415.4,2020,2,0,48,0,0,28.8,48,409.0,371.3,382.4,413.27142857142854,6.290128320288932,441.83,0.0,1.0,0.8660254037844386,0.5000000000000001,0.7354170229639855,0.6776147890466889,415.3,504.1
2020-02-18,Maharashtra,WR,19.25023195,73.16017493,415.3,2020,2,1,49,0,0,29.1,46,415.4,401.5,487.6,415.24285714285713,3.55286604628502,439.41999999999996,0.7818314824680298,0.6234898018587336,0.8660254037844386,0.5000000000000001,0.7469720876965552,0.6648553979642865,414.9,501.8
2020-02-19,Maharashtra,WR,19.25023195,73.16017493,414.9,2020,2,2,50,0,0,28.0,51,415.3,418.3,430.1,414.75714285714287,3.2877840271999736,438.9133333333333,0.9749279121818236,-0.22252093395631434,0.8660254037844386,0.5000000000000001,0.7583058084785624,0.6518989958787126,410.9,496.2
2020-02-20,Maharashtra,WR,19.25023195,73.16017493,410.9,2020,2,3,51,0,0,27.2,55,414.9,414.9,465.5,414.1857142857143,3.592319850006266,437.09333333333336,0.43388373911755823,-0.900968867902419,0.8660254037844386,0.5000000000000001,0.7694148268839378,0.6387494220515272,412.5,492.4
2020-02-21,Maharashtra,WR,19.25023195,73.16017493,412.5,2020,2,4,52,0,0,26.9,50,410.9,420.2,482.4,413.08571428571435,2.4368207234184798,434.7633333333334,-0.433883739117558,-0.9009688679024191,0.8660254037844386,0.5000000000000001,0.7802958510707755,0.6254105729852463,401.3,491.6
2020-02-22,Maharashtra,WR,19.25023195,73.16017493,401.3,2020,2,5,53,1,0,27.6,44,412.5,413.6,482.7,411.32857142857137,5.044044106901372,432.05,-0.9749279121818236,-0.2225209339563146,0.8660254037844386,0.5000000000000001,0.7909456567567772,0.6118864012687243,497.2,479.3
2020-02-23,Maharashtra,WR,19.25023195,73.16017493,497.2,2020,2,6,54,1,0,28.5,39,401.3,409.0,476.3,423.92857142857144,32.68489530275984,432.7466666666667,-0.7818314824680299,0.6234898018587334,0.8660254037844386,0.5000000000000001,0.8013610881746766,0.5981809144059165,504.1,422.9
2020-02-24,Maharashtra,WR,19.25023195,73.16017493,504.1,2020,2,0,55,0,0,27.5,41,497.2,415.4,466.7,436.6,44.046528429226576,433.9933333333333,0.0,1.0,0.8660254037844386,0.5000000000000001,0.8115390590073611,0.5842981736283684,501.8,437.2
2020-02-25,Maharashtra,WR,19.25023195,73.16017493,501.8,2020,2,1,56,0,0,27.8,31,504.1,415.3,392.3,448.95714285714286,48.93709762347506,437.6433333333334,0.7818314824680298,0.6234898018587336,0.8660254037844386,0.5000000000000001,0.8214765533024142,0.5702422926917871,496.2,436.9
2020-02-26,Maharashtra,WR,19.25023195,73.16017493,496.2,2020,2,2,57,0,0,28.6,27,501.8,414.9,402.8,460.57142857142856,49.15416951747218,440.7566666666666,0.9749279121818236,-0.22252093395631434,0.8660254037844386,0.5000000000000001,0.8311706263658079,0.5560174366570446,492.4,428.4
2020-02-27,Maharashtra,WR,19.25023195,73.16017493,492.4,2020,2,3,58,0,0,28.1,33,496.2,410.9,403.7,472.2142857142857,44.89563559231687,443.71333333333337,0.43388373911755823,-0.900968867902419,0.8660254037844386,0.5000000000000001,0.8406184056344782,0.5416278206559814,491.6,427.0
2020-02-28,Maharashtra,WR,19.25023195,73.16017493,491.6,2020,2,4,59,0,0,27.8,39,492.4,412.5,403.8,483.5142857142858,36.53739767103628,446.64,-0.433883739117558,-0.9009688679024191,0.8660254037844386,0.5000000000000001,0.8498170915275278,0.5270777086423722,479.3,434.1
2020-02-29,Maharashtra,WR,19.25023195,73.16017493,479.3,2020,2,5,60,1,0,27.6,40,491.6,401.3,407.6,494.65714285714284,8.157993450774537,449.03,-0.9749279121818236,-0.2225209339563146,0.8660254037844386,0.5000000000000001,0.8587639582758029,0.5123714121284237,422.9,425.1
2020-03-01,Maharashtra,WR,19.25023195,73.16017493,422.9,2020,3,6,61,1,0,27.1,45,479.3,497.2,415.0,484.0428571428571,28.146335293892342,449.2933333333333,-0.7818314824680299,0.6234898018587334,1.0,6.123233995736766e-17,0.8674563547295969,0.49751328890718066,437.2,386.3
2020-03-02,Maharashtra,WR,19.25023195,73.16017493,437.2,2020,3,0,62,0,0,26.2,56,422.9,504.1,404.8,474.4857142857142,31.373791003077358,450.37333333333333,0.0,1.0,1.0,6.123233995736766e-17,0.8758917051442429,0.48250774176121847,436.9,382.6
2020-03-03,Maharashtra,WR,19.25023195,73.16017493,436.9,2020,3,1,63,0,0,25.0,72,437.2,501.8,497.4,465.2142857142857,31.545703805295602,448.3566666666667,0.7818314824680298,0.6234898018587336,1.0,6.123233995736766e-17,0.8840675099433636,0.4673592171580022,428.4,367.1
2020-03-04,Maharashtra,WR,19.25023195,73.16017493,428.4,2020,3,2,64,0,0,24.8,70,436.9,496.2,499.9,455.5285714285714,30.847134620345603,445.9733333333333,0.9749279121818236,-0.22252093395631434,1.0,6.123233995736766e-17,0.8919813464595485,0.45207220393230435,427.0,392.3
2020-03-05,Maharashtra,WR,19.25023195,73.16017493,427.0,2020,3,3,65,0,0,25.0,68,428.4,492.4,500.8,446.1857142857143,27.54580600693028,443.5133333333333,0.43388373911755823,-0.900968867902419,1.0,6.123233995736766e-17,0.8996308696522433,0.43665123195606403,434.1,402.8
2020-03-13,Maharashtra,WR,19.25023195,73.16017493,434.1,2020,3,4,73,0,0,23.8,47,427.0,491.6,502.7,437.97142857142853,18.99084992706716,441.2266666666667,-0.433883739117558,-0.9009688679024191,1.0,6.123233995736766e-17,0.9510565162951535,0.30901699437494745,425.1,403.7
2020-03-14,Maharashtra,WR,19.25023195,73.16017493,425.1,2020,3,5,74,1,0,25.4,32,434.1,479.3,501.4,430.22857142857146,5.800492589920095,438.68333333333334,-0.9749279121818236,-0.2225209339563146,1.0,6.123233995736766e-17,0.9562348265919056,0.29260033563334836,386.3,403.8
2020-03-15,Maharashtra,WR,19.25023195,73.16017493,386.3,2020,3,6,75,1,0,27.7,32,425.1,422.9,489.9,425.0,17.731892172016014,435.22999999999996,-0.7818314824680299,0.6234898018587334,1.0,6.123233995736766e-17,0.9611297838723007,0.27609697309746883,382.6,376.6
2020-03-16,Maharashtra,WR,19.25023195,73.16017493,382.6,2020,3,0,76,0,0,29.5,35,386.3,437.2,468.4,417.2,22.765324508998358,432.37,0.0,1.0,1.0,6.123233995736766e-17,0.9657399376548549,0.2595117970697999,367.1,377.2
2020-03-17,Maharashtra,WR,19.25023195,73.16017493,367.1,2020,3,1,77,0,0,30.2,34,382.6,436.9,408.9,407.22857142857146,27.4938607865898,430.9766666666667,0.7818314824680298,0.6234898018587336,1.0,6.123233995736766e-17,0.9700639218515071,0.2428497220959356,392.3,381.2
2020-03-18,Maharashtra,WR,19.25023195,73.16017493,392.3,2020,3,2,78,0,0,29.9,40,367.1,428.4,371.3,402.07142857142856,26.216833923118546,431.6766666666666,0.9749279121818236,-0.22252093395631434,1.0,6.123233995736766e-17,0.9741004551724205,0.22611568550828828,402.8,378.2
2020-03-19,Maharashtra,WR,19.25023195,73.16017493,402.8,2020,3,3,79,0,0,27.8,46,392.3,427.0,401.5,398.61428571428576,23.87246870151388,431.71999999999997,0.43388373911755823,-0.900968867902419,1.0,6.123233995736766e-17,0.9778483415056568,0.20931464596304847,403.7,383.2
2020-03-20,Maharashtra,WR,19.25023195,73.16017493,403.7,2020,3,4,80,0,0,26.7,57,402.8,434.1,418.3,394.2714285714286,18.502136298791136,431.23333333333335,-0.433883739117558,-0.9009688679024191,1.0,6.123233995736766e-17,0.9813064702716093,0.19245158197082998,403.8,383.1
2020-03-21,Maharashtra,WR,19.25023195,73.16017493,403.8,2020,3,5,81,1,0,26.1,68,403.7,425.1,414.9,391.22857142857146,13.720752443617792,430.86333333333334,-0.9749279121818236,-0.2225209339563146,1.0,6.123233995736766e-17,0.9844738167520922,0.1755314904214282,376.6,387.1
2020-03-22,Maharashtra,WR,19.25023195,73.16017493,376.6,2020,3,6,82,1,0,28.0,60,403.8,386.3,420.2,389.84285714285716,14.752497770756857,429.40999999999997,-0.7818314824680299,0.6234898018587334,1.0,6.123233995736766e-17,0.9873494423939864,0.15855938510313475,377.2,388.4
2020-03-23,Maharashtra,WR,19.25023195,73.16017493,377.2,2020,3,0,83,0,0,29.7,51,376.6,382.6,413.6,389.07142857142856,15.324459129739072,428.19666666666666,0.0,1.0,1.0,6.123233995736766e-17,0.989932495087353,0.141540295217043,381.2,395.1
2020-03-24,Maharashtra,WR,19.25023195,73.16017493,381.2,2020,3,1,84,0,0,31.1,44,377.2,367.1,409.0,391.0857142857143,12.648112978020002,427.2699999999999,0.7818314824680298,0.6234898018587336,1.0,6.123233995736766e-17,0.9922222094179323,0.12447926388678915,378.2,400.2
2020-03-25,Maharashtra,WR,19.25023195,73.16017493,378.2,2020,3,2,85,0,0,30.6,59,381.2,392.3,415.4,389.07142857142856,13.515511370978281,426.03,0.9749279121818236,-0.22252093395631434,1.0,6.123233995736766e-17,0.994217906893952,0.10738134666416309,383.2,397.7
2020-03-26,Maharashtra,WR,19.25023195,73.16017493,383.2,2020,3,3,86,0,0,30.0,63,378.2,402.8,415.3,386.2714285714286,12.159593508243152,424.96000000000004,0.43388373911755823,-0.900968867902419,1.0,6.123233995736766e-17,0.995918996147179,0.09025161003104117,383.1,387.1
2020-03-27,Maharashtra,WR,19.25023195,73.16017493,383.1,2020,3,4,87,0,0,30.8,51,383.2,403.7,414.9,383.3285714285715,9.42350152291465,423.9,-0.433883739117558,-0.9009688679024191,1.0,6.123233995736766e-17,0.9973249731081555,0.07309512989807777,387.1,389.0
2020-03-28,Maharashtra,WR,19.25023195,73.16017493,387.1,2020,3,5,88,1,0,31.0,41,383.1,403.8,410.9,380.9428571428571,3.832256577551086,423.1066666666666,-0.9749279121818236,-0.2225209339563146,1.0,6.123233995736766e-17,0.9984354211555643,0.055916990100603484,388.4,378.3
2020-03-29,Maharashtra,WR,19.25023195,73.16017493,388.4,2020,3,6,89,1,0,30.8,40,387.1,376.6,412.5,382.62857142857143,4.182787860471512,422.3033333333333,-0.7818314824680299,0.6234898018587334,1.0,6.123233995736766e-17,0.9992500112396835,0.03872228089217446,395.1,435.0
2020-03-30,Maharashtra,WR,19.25023195,73.16017493,395.1,2020,3,0,90,0,0,30.8,39,388.4,377.2,401.3,385.18571428571425,5.556806208433908,422.09666666666664,0.0,1.0,1.0,6.123233995736766e-17,0.9997685019798909,0.021516097436222254,400.2,443.0
2020-03-31,Maharashtra,WR,19.25023195,73.16017493,400.2,2020,3,1,91,0,0,30.1,44,395.1,381.2,497.2,387.90000000000003,7.563508885871809,418.86333333333334,0.7818314824680298,0.6234898018587336,1.0,6.123233995736766e-17,0.9999907397361901,0.004303538296244289,397.7,441.4
2020-04-01,Maharashtra,WR,19.25023195,73.16017493,397.7,2020,4,2,92,0,0,30.1,49,400.2,378.2,504.1,390.6857142857143,6.962621290727442,415.31666666666666,0.9749279121818236,-0.22252093395631434,0.8660254037844387,-0.4999999999999998,0.9999166586547379,-0.01291029607500882,387.1,443.0
2020-04-02,Maharashtra,WR,19.25023195,73.16017493,387.1,2020,4,3,93,0,1,30.5,42,397.7,383.2,501.8,391.24285714285713,6.396837016019691,411.4933333333333,0.43388373911755823,-0.900968867902419,0.8660254037844387,-0.4999999999999998,0.9995462806873573,-0.030120304846908114,389.0,439.5
2020-04-03,Maharashtra,WR,19.25023195,73.16017493,389.0,2020,4,4,94,0,0,30.8,48,387.1,383.1,496.2,392.0857142857143,5.466085915725379,407.92,-0.433883739117558,-0.9009688679024191,0.8660254037844387,-0.4999999999999998,0.9988797155850336,-0.04732138832243185,378.3,442.2
2020-04-04,Maharashtra,WR,19.25023195,73.16017493,378.3,2020,4,5,95,1,0,30.4,49,389.0,387.1,492.4,390.8285714285715,7.454241362185047,404.1166666666667,-0.9749279121818236,-0.2225209339563146,0.8660254037844387,-0.4999999999999998,0.9979171608653922,-0.06450844944931623,435.0,429.6
2020-04-05,Maharashtra,WR,19.25023195,73.16017493,435.0,2020,4,6,96,1,0,29.7,56,378.3,388.4,491.6,397.4857142857143,18.11255812702219,402.2300000000001,-0.7818314824680299,0.6234898018587334,0.8660254037844387,-0.4999999999999998,0.9966589017541702,-0.08167639533042241,443.0,408.3
2020-04-13,Maharashtra,WR,19.25023195,73.16017493,443.0,2020,4,0,104,0,0,31.3,62,435.0,395.1,479.3,404.3285714285715,24.85449082732755,401.02000000000004,0.0,1.0,0.8660254037844387,-0.4999999999999998,0.9760105506323683,-0.21772323039653177,441.4,421.6
2020-04-14,Maharashtra,WR,19.25023195,73.16017493,441.4,2020,4,1,105,0,1,31.9,58,443.0,400.2,422.9,410.2142857142857,28.34674752485882,401.63666666666666,0.7818314824680298,0.6234898018587336,0.8660254037844387,-0.4999999999999998,0.9721181966290613,-0.23449138957040985,443.0,424.1
2020-04-15,Maharashtra,WR,19.25023195,73.16017493,443.0,2020,4,2,106,0,0,32.1,57,441.4,397.7,437.2,416.6857142857143,30.128526270597593,401.83,0.9749279121818236,-0.22252093395631434,0.8660254037844387,-0.4999999999999998,0.9679377830240642,-0.25119006388481935,439.5,414.1
2020-04-16,Maharashtra,WR,19.25023195,73.16017493,439.5,2020,4,3,107,0,0,31.1,66,443.0,387.1,436.9,424.1714285714285,27.98599139365458,401.9166666666667,0.43388373911755823,-0.900968867902419,0.8660254037844387,-0.4999999999999998,0.9634705485641488,-0.2678143051621742,442.2,400.0
2020-04-17,Maharashtra,WR,19.25023195,73.16017493,442.2,2020,4,4,108,0,0,31.1,66,439.5,389.0,428.4,431.7714285714286,23.745084704398113,402.37666666666667,-0.433883739117558,-0.9009688679024191,0.8660254037844387,-0.4999999999999998,0.9587178169872964,-0.2843591872810034,429.6,389.6
2020-04-18,Maharashtra,WR,19.25023195,73.16017493,429.6,2020,4,5,109,1,0,31.9,62,442.2,378.3,427.0,439.09999999999997,5.04215562367193,402.4633333333333,-0.9749279121818236,-0.2225209339563146,0.8660254037844387,-0.4999999999999998,0.9536809966304457,-0.30081980763566735,408.3,381.5
2020-04-19,Maharashtra,WR,19.25023195,73.16017493,408.3,2020,4,6,110,1,0,32.7,53,429.6,435.0,434.1,435.2857142857143,12.796669953732316,401.60333333333335,-0.7818314824680299,0.6234898018587334,0.8660254037844387,-0.4999999999999998,0.9483615800121715,-0.3171912885891061,421.6,500.4
2020-04-20,Maharashtra,WR,19.25023195,73.16017493,421.6,2020,4,0,111,0,0,33.0,37,408.3,443.0,425.1,432.2285714285714,13.196554384347506,401.4866666666666,0.0,1.0,0.8660254037844387,-0.4999999999999998,0.9427611433904207,-0.3334687789181868,424.1,495.4
2020-04-21,Maharashtra,WR,19.25023195,73.16017493,424.1,2020,4,1,112,0,0,30.8,49,421.6,441.4,386.3,429.7571428571428,12.806880591158196,402.74666666666667,0.7818314824680298,0.6234898018587336,0.8660254037844387,-0.4999999999999998,0.9368813462954315,-0.3496474552512284,414.1,492.8
2020-04-22,Maharashtra,WR,19.25023195,73.16017493,414.1,2020,4,2,113,0,0,30.6,63,424.1,443.0,382.6,425.6285714285715,12.480346454287323,403.7966666666667,0.9749279121818236,-0.22252093395631434,0.8660254037844387,-0.4999999999999998,0.9307239310379795,-0.36572252349726897,400.0,494.2
2020-04-23,Maharashtra,WR,19.25023195,73.16017493,400.0,2020,4,3,114,0,0,31.0,64,414.1,439.5,367.1,419.9857142857144,14.000408157315405,404.8933333333333,0.43388373911755823,-0.900968867902419,0.8660254037844387,-0.4999999999999998,0.9242907221930933,-0.3816892202666588,389.6,485.7
2020-04-24,Maharashtra,WR,19.25023195,73.16017493,389.6,2020,4,4,115,0,0,30.7,65,400.0,442.2,392.3,412.4714285714286,14.204660536330195,404.80333333333334,-0.433883739117558,-0.9009688679024191,0.8660254037844387,-0.4999999999999998,0.9175836260593937,-0.39754281428255595,381.5,472.7
2020-04-25,Maharashtra,WR,19.25023195,73.16017493,381.5,2020,4,5,116,1,0,30.5,65,389.6,429.6,402.8,405.6,16.051791177310886,404.09333333333336,-0.9749279121818236,-0.2225209339563146,0.8660254037844387,-0.4999999999999998,0.9106046300942162,-0.4132786077829042,500.4,461.6
2020-04-26,Maharashtra,WR,19.25023195,73.16017493,500.4,2020,4,6,117,1,0,29.9,64,381.5,408.3,403.7,418.75714285714287,39.399528641125286,407.31666666666666,-0.7818314824680299,0.6234898018587334,0.8660254037844387,-0.4999999999999998,0.9033558023246845,-0.4288919379124835,495.4,414.1
2020-04-27,Maharashtra,WR,19.25023195,73.16017493,495.4,2020,4,0,118,0,0,30.0,67,500.4,421.6,403.8,429.3,48.993060733128246,410.37,0.0,1.0,0.8660254037844387,-0.4999999999999998,0.895839290734909,-0.4443781781046132,492.8,416.5
2020-04-28,Maharashtra,WR,19.25023195,73.16017493,492.8,2020,4,1,119,0,0,31.6,59,495.4,424.1,376.6,439.11428571428576,54.364339677507544,414.2433333333334,0.7818314824680298,0.6234898018587336,0.8660254037844387,-0.4999999999999998,0.8880573226294932,-0.45973273945210397,494.2,421.3
2020-04-29,Maharashtra,WR,19.25023195,73.16017493,494.2,2020,4,2,120,0,0,32.0,57,492.8,414.1,377.2,450.5571428571428,56.60541367345396,418.1433333333333,0.9749279121818236,-0.22252093395631434,0.8660254037844387,-0.4999999999999998,0.8800122039735357,-0.47495107206704995,485.7,431.5
2020-04-30,Maharashtra,WR,19.25023195,73.16017493,485.7,2020,4,3,121,0,0,31.6,68,494.2,400.0,381.2,462.8,53.00128929249418,421.6266666666667,0.43388373911755823,-0.900968867902419,0.8660254037844387,-0.4999999999999998,0.8717063187093218,-0.4900286664290592,472.7,427.2
2020-05-01,Maharashtra,WR,19.25023195,73.16017493,472.7,2020,5,4,122,0,0,31.5,68,485.7,389.6,378.2,474.6714285714285,42.047739308461914,424.77666666666664,-0.433883739117558,-0.9009688679024191,0.49999999999999994,-0.8660254037844387,0.8631421280499114,-0.5049610547215204,461.6,428.6
2020-05-02,Maharashtra,WR,19.25023195,73.16017493,461.6,2020,5,5,123,1,0,31.4,69,472.7,381.5,383.2,486.1142857142857,14.032394494101393,427.39,-0.9749279121818236,-0.2225209339563146,0.49999999999999994,-0.8660254037844387,0.854322169749827,-0.5197438121555155,414.1,432.1
2020-05-03,Maharashtra,WR,19.25023195,73.16017493,414.1,2020,5,6,124,1,0,31.7,66,461.6,500.4,383.1,473.7857142857143,29.153240447185627,428.42333333333335,-0.7818314824680299,0.6234898018587334,0.49999999999999994,-0.8660254037844387,0.8452490573530633,-0.5343725582809786,416.5,459.1
2020-05-04,Maharashtra,WR,19.25023195,73.16017493,416.5,2020,5,0,125,0,0,31.0,68,414.1,495.4,387.1,462.5142857142858,34.21653735507759,429.40333333333336,0.0,1.0,0.49999999999999994,-0.8660254037844387,0.8359254794186372,-0.548842958284719,421.3,464.5
2020-05-05,Maharashtra,WR,19.25023195,73.16017493,421.3,2020,5,1,126,0,0,31.6,66,416.5,492.8,388.4,452.3,34.34069500364437,430.50000000000006,0.7818314824680298,0.6234898018587336,0.49999999999999994,-0.8660254037844387,0.8263541987239096,-0.5631507242749186,431.5,464.8
2020-05-13,Maharashtra,WR,19.25023195,73.16017493,431.5,2020,5,2,134,0,0,31.1,68,421.3,494.2,395.1,443.34285714285716,29.41404750244656,431.71333333333337,0.9749279121818236,-0.22252093395631434,0.49999999999999994,-0.8660254037844387,0.7412220108485958,-0.6712599575675313,427.2,463.7
2020-05-14,Maharashtra,WR,19.25023195,73.16017493,427.2,2020,5,3,135,0,0,32.4,63,431.5,485.7,400.2,434.9857142857142,22.980747635896332,432.61333333333334,0.43388373911755823,-0.900968867902419,0.49999999999999994,-0.8660254037844387,0.7295575540864875,-0.6839194216246106,428.6,452.7
2020-05-15,Maharashtra,WR,19.25023195,73.16017493,428.6,2020,5,4,136,0,0,32.4,61,427.2,472.7,397.7,428.6857142857143,15.860162732606357,433.6433333333334,-0.433883739117558,-0.9009688679024191,0.49999999999999994,-0.8660254037844387,0.717676913675962,-0.6963762255968722,432.1,449.6
2020-05-16,Maharashtra,WR,19.25023195,73.16017493,432.1,2020,5,5,137,1,0,32.2,62,428.6,461.6,387.1,424.4714285714286,7.225582856700307,435.1433333333334,-0.9749279121818236,-0.2225209339563146,0.49999999999999994,-0.8660254037844387,0.705583610107178,-0.7086266782644596,459.1,428.1
2020-05-17,Maharashtra,WR,19.25023195,73.16017493,459.1,2020,5,6,138,1,0,31.7,65,432.1,414.1,389.0,430.9,13.635370670917856,437.4800000000001,-0.7818314824680299,0.6234898018587334,0.49999999999999994,-0.8660254037844387,0.6932812268869777,-0.7206671495538609,464.5,437.4
2020-05-18,Maharashtra,WR,19.25023195,73.16017493,464.5,2020,5,0,139,0,0,31.7,64,459.1,416.5,378.3,437.75714285714287,16.872053534652597,440.35333333333335,0.0,1.0,0.49999999999999994,-0.8660254037844387,0.6807734094770161,-0.7324940716135789,464.8,439.8
2020-05-19,Maharashtra,WR,19.25023195,73.16017493,464.8,2020,5,1,140,0,0,31.2,66,464.5,421.3,435.0,443.9714285714286,17.786484970871552,441.34666666666664,0.7818314824680298,0.6234898018587336,0.49999999999999994,-0.8660254037844387,0.6680638642135335,-0.7441039398713607,463.7,445.8
2020-05-20,Maharashtra,WR,19.25023195,73.16017493,463.7,2020,5,2,141,0,0,31.2,64,464.8,431.5,443.0,448.57142857142856,18.18293286626332,442.0366666666667,0.9749279121818236,-0.22252093395631434,0.49999999999999994,-0.8660254037844387,0.6551563572090853,-0.7554933140726803,452.7,449.6
2020-05-21,Maharashtra,WR,19.25023195,73.16017493,452.7,2020,5,3,142,0,0,31.5,63,463.7,427.2,441.4,452.2142857142858,15.551680356307248,442.4133333333333,0.43388373911755823,-0.900968867902419,0.49999999999999994,-0.8660254037844387,0.6420547132365637,-0.766658819300159,449.6,441.9
