timestamp,node_id,region,latitude,longitude,consumption_mu,year,month,dayofweek,dayofyear,is_weekend,is_holiday,temperature_c,humidity,lag_1d,lag_7d,lag_30d,roll_mean_7d,roll_std_7d,roll_mean_30d,dow_sin,dow_cos,month_sin,month_cos,doy_sin,doy_cos,target_next_1d,target_next_7d
2019-02-02,Chhattisgarh,WR,22.09042035,82.15998734,72.6,2019,2,5,33,1,0,19.9,55,67.8,103.7,78.7,86.55714285714285,15.29649819870082,85.19443333333334,-0.9749279121818236,-0.2225209339563146,0.8660254037844386,0.5000000000000001,0.5380051715382996,0.8429415373547828,73.4,74.0
2019-02-03,Chhattisgarh,WR,22.09042035,82.15998734,73.4,2019,2,6,34,1,0,20.6,51,72.6,105.8,78.8,81.92857142857143,13.271236351060676,85.01443333333333,-0.7818314824680299,0.6234898018587334,0.8660254037844386,0.5000000000000001,0.5524353131676196,0.8335557718385699,75.7,75.1
2019-02-04,Chhattisgarh,WR,22.09042035,82.15998734,75.7,2019,2,0,35,0,0,21.5,50,73.4,98.3,74.8,78.7,11.214276615100943,85.04443333333332,0.0,1.0,0.8660254037844386,0.5000000000000001,0.5667017562911176,0.8239230057575542,75.4,74.3
2019-02-05,Chhattisgarh,WR,22.09042035,82.15998734,75.4,2019,2,1,36,0,0,22.1,49,75.7,94.8,69.0,75.92857142857143,8.68403022521114,85.25776666666665,0.7818314824680298,0.6234898018587336,0.8660254037844386,0.5000000000000001,0.5808002734538009,0.8140460935082178,70.8,74.1
2019-02-06,Chhattisgarh,WR,22.09042035,82.15998734,70.8,2019,2,2,37,0,0,22.6,48,75.4,94.7,68.1,72.51428571428572,2.7327815935589697,85.34776666666667,0.9749279121818236,-0.22252093395631434,0.8660254037844386,0.5000000000000001,0.5947266869607634,0.8039279618328213,67.467,74.4
2019-02-07,Chhattisgarh,WR,22.09042035,82.15998734,67.467,2019,2,3,38,0,0,23.1,49,70.8,71.9,73.1,71.881,3.3441232533106158,85.16000000000001,0.43388373911755823,-0.900968867902419,0.8660254037844386,0.5000000000000001,0.6084768701151261,0.7935716089521474,71.2,73.7
2019-02-08,Chhattisgarh,WR,22.09042035,82.15998734,71.2,2019,2,4,39,0,0,20.9,76,67.467,67.8,74.2,72.36671428571428,2.86521475136298,85.06,-0.433883739117558,-0.9009688679024191,0.8660254037844386,0.5000000000000001,0.6220467484408675,0.7829801036770629,74.0,75.1
2019-02-09,Chhattisgarh,WR,22.09042035,82.15998734,74.0,2019,2,5,40,1,0,19.0,52,71.2,72.6,77.2,72.56671428571428,2.9322895897395087,84.95333333333333,-0.9749279121818236,-0.2225209339563146,0.8660254037844386,0.5000000000000001,0.6354323008901774,0.7721565844991642,75.1,76.1
2019-02-10,Chhattisgarh,WR,22.09042035,82.15998734,75.1,2019,2,6,41,1,0,17.5,45,74.0,73.4,79.0,72.80957142857143,3.0795088275644034,84.82333333333332,-0.7818314824680299,0.6234898018587334,0.8660254037844386,0.5000000000000001,0.6486295610349814,0.7611042586607747,74.3,78.4
2019-02-11,Chhattisgarh,WR,22.09042035,82.15998734,74.3,2019,2,0,42,0,0,18.4,52,75.1,75.7,80.7,72.60957142857143,2.900777129043251,84.61,0.0,1.0,0.8660254037844386,0.5000000000000001,0.6616346182422783,0.7498264012045686,74.1,78.8
2019-02-12,Chhattisgarh,WR,22.09042035,82.15998734,74.1,2019,2,1,43,0,0,20.8,50,74.3,75.4,85.2,72.42385714285714,2.7288735422373898,84.24,0.7818314824680298,0.6234898018587336,0.8660254037844386,0.5000000000000001,0.6744436188329455,0.7383263540031065,74.4,78.1
2019-02-13,Chhattisgarh,WR,22.09042035,82.15998734,74.4,2019,2,2,44,0,0,21.8,52,74.1,70.8,87.6,72.93814285714286,2.7110054978777276,83.8,0.9749279121818236,-0.22252093395631434,0.8660254037844386,0.5000000000000001,0.6870527672236669,0.7266075247685656,73.7,79.0
2019-02-14,Chhattisgarh,WR,22.09042035,82.15998734,73.7,2019,2,3,45,0,0,22.9,50,74.4,67.467,89.6,73.82857142857142,1.2378937564995012,83.27,0.43388373911755823,-0.900968867902419,0.8660254037844386,0.5000000000000001,0.699458327051647,0.7146733860429609,75.1,94.3
2019-02-15,Chhattisgarh,WR,22.09042035,82.15998734,75.1,2019,2,4,46,0,0,23.0,52,73.7,71.2,88.0,74.38571428571429,0.5367450401212517,82.83999999999999,-0.433883739117558,-0.9009688679024191,0.8660254037844386,0.5000000000000001,0.7116566222817746,0.7025274741691571,76.1,89.0
2019-02-16,Chhattisgarh,WR,22.09042035,82.15998734,76.1,2019,2,5,47,1,0,21.5,73,75.1,74.0,89.2,74.68571428571428,0.8050436249637554,82.40333333333335,-0.9749279121818236,-0.2225209339563146,0.8660254037844386,0.5000000000000001,0.7236440382959124,0.6901733882429719,78.4,85.0
2019-02-17,Chhattisgarh,WR,22.09042035,82.15998734,78.4,2019,2,6,48,1,0,21.2,49,76.1,75.1,83.5,75.15714285714284,1.6308046509387302,82.23333333333333,-0.7818314824680299,0.6234898018587334,0.8660254037844386,0.5000000000000001,0.7354170229639855,0.6776147890466889,78.8,88.6
2019-02-18,Chhattisgarh,WR,22.09042035,82.15998734,78.8,2019,2,0,49,0,0,20.5,50,78.4,74.3,82.2,75.8,2.0655911179771977,82.11999999999999,0.0,1.0,0.8660254037844386,0.5000000000000001,0.7469720876965552,0.6648553979642865,78.1,86.2
2019-02-19,Chhattisgarh,WR,22.09042035,82.15998734,78.1,2019,2,1,50,0,0,23.5,51,78.8,74.1,86.8,76.37142857142858,2.07019667802698,81.83,0.7818314824680298,0.6234898018587336,0.8660254037844386,0.5000000000000001,0.7583058084785624,0.6518989958787126,79.0,67.467
2019-02-20,Chhattisgarh,WR,22.09042035,82.15998734,79.0,2019,2,2,51,0,0,25.7,47,78.1,74.4,90.0,77.02857142857144,2.070196678026993,81.46333333333334,0.9749279121818236,-0.22252093395631434,0.8660254037844386,0.5000000000000001,0.7694148268839378,0.6387494220515272,94.3,88.5
2019-02-21,Chhattisgarh,WR,22.09042035,82.15998734,94.3,2019,2,3,52,0,0,26.3,45,79.0,73.7,87.5,79.97142857142856,6.484780717370545,81.69000000000001,0.43388373911755823,-0.900968867902419,0.8660254037844386,0.5000000000000001,0.7802958510707755,0.6254105729852463,89.0,82.3
2019-02-22,Chhattisgarh,WR,22.09042035,82.15998734,89.0,2019,2,4,53,0,0,28.0,47,94.3,75.1,90.2,81.95714285714287,6.861694917646597,81.65,-0.433883739117558,-0.9009688679024191,0.8660254037844386,0.5000000000000001,0.7909456567567772,0.6118864012687243,85.0,80.8
2019-02-23,Chhattisgarh,WR,22.09042035,82.15998734,85.0,2019,2,5,54,1,0,27.2,48,89.0,76.1,105.7,83.22857142857141,6.404871657760289,80.96000000000001,-0.9749279121818236,-0.2225209339563146,0.8660254037844386,0.5000000000000001,0.8013610881746766,0.5981809144059165,88.6,80.8
2019-02-24,Chhattisgarh,WR,22.09042035,82.15998734,88.6,2019,2,6,55,1,0,26.1,50,85.0,78.4,105.833,84.68571428571428,6.282363825670671,80.38556666666666,-0.7818314824680299,0.6234898018587334,0.8660254037844386,0.5000000000000001,0.8115390590073611,0.5842981736283684,86.2,83.2
2019-02-25,Chhattisgarh,WR,22.09042035,82.15998734,86.2,2019,2,0,56,0,0,24.5,54,88.6,78.8,103.7,85.74285714285715,5.72475826064799,79.80223333333333,0.0,1.0,0.8660254037844386,0.5000000000000001,0.8214765533024142,0.5702422926917871,67.467,81.9
2019-02-26,Chhattisgarh,WR,22.09042035,82.15998734,67.467,2019,2,1,57,0,0,24.4,47,86.2,78.1,105.8,84.22385714285714,8.718555928374295,78.52446666666667,0.7818314824680298,0.6234898018587336,0.8660254037844386,0.5000000000000001,0.8311706263658079,0.5560174366570446,88.5,80.8
2019-02-27,Chhattisgarh,WR,22.09042035,82.15998734,88.5,2019,2,2,58,0,0,24.4,48,67.467,79.0,98.3,85.581,8.506695029994525,78.19779999999999,0.9749279121818236,-0.22252093395631434,0.8660254037844386,0.5000000000000001,0.8406184056344782,0.5416278206559814,82.3,81.6
2019-02-28,Chhattisgarh,WR,22.09042035,82.15998734,82.3,2019,2,3,59,0,0,22.4,43,88.5,94.3,94.8,83.86671428571428,7.61966461891611,77.78113333333334,0.43388373911755823,-0.900968867902419,0.8660254037844386,0.5000000000000001,0.8498170915275278,0.5270777086423722,80.8,88.7
2019-03-02,Chhattisgarh,WR,22.09042035,82.15998734,80.8,2019,3,5,61,1,0,23.6,45,82.3,89.0,94.7,82.6952857142857,7.323525260289281,77.31779999999999,-0.9749279121818236,-0.2225209339563146,1.0,6.123233995736766e-17,0.8674563547295969,0.49751328890718066,80.8,87.7
2019-03-03,Chhattisgarh,WR,22.09042035,82.15998734,80.8,2019,3,6,62,1,0,24.7,55,80.8,85.0,71.9,82.09528571428572,7.275123520469952,77.61446666666667,-0.7818314824680299,0.6234898018587334,1.0,6.123233995736766e-17,0.8758917051442429,0.48250774176121847,83.2,93.2
2019-03-04,Chhattisgarh,WR,22.09042035,82.15998734,83.2,2019,3,0,63,0,1,25.8,60,80.8,88.6,67.8,81.32385714285714,6.73681310483849,78.1278,0.0,1.0,1.0,6.123233995736766e-17,0.8840675099433636,0.4673592171580022,81.9,96.3
2019-03-05,Chhattisgarh,WR,22.09042035,82.15998734,81.9,2019,3,1,64,0,0,26.0,49,83.2,86.2,72.6,80.70957142857142,6.4060082177370035,78.4378,0.7818314824680298,0.6234898018587336,1.0,6.123233995736766e-17,0.8919813464595485,0.45207220393230435,80.8,96.4
2019-03-06,Chhattisgarh,WR,22.09042035,82.15998734,80.8,2019,3,2,65,0,0,24.7,42,81.9,67.467,73.4,82.61428571428571,2.7528340375139173,78.68446666666667,0.9749279121818236,-0.22252093395631434,1.0,6.123233995736766e-17,0.8996308696522433,0.43665123195606403,81.6,97.0
2019-03-07,Chhattisgarh,WR,22.09042035,82.15998734,81.6,2019,3,3,66,0,0,23.5,37,80.8,88.5,75.7,81.62857142857142,0.91781313587287,78.88113333333334,0.43388373911755823,-0.900968867902419,1.0,6.123233995736766e-17,0.9070138128026359,0.4211008707960896,88.7,95.7
2019-03-08,Chhattisgarh,WR,22.09042035,82.15998734,88.7,2019,3,4,67,0,0,24.3,34,81.6,82.3,75.4,82.54285714285713,2.850647378437117,79.32446666666667,-0.433883739117558,-0.9009688679024191,1.0,6.123233995736766e-17,0.9141279881853337,0.40542572835999735,87.7,67.7
2019-03-09,Chhattisgarh,WR,22.09042035,82.15998734,87.7,2019,3,5,68,1,0,25.7,34,88.7,80.8,70.8,83.52857142857144,3.3043982234361,79.8878,-0.9749279121818236,-0.2225209339563146,1.0,6.123233995736766e-17,0.9209712877166346,0.38963044953078796,93.2,67.467
2019-03-10,Chhattisgarh,WR,22.09042035,82.15998734,93.2,2019,3,6,69,1,0,27.0,36,87.7,80.8,67.467,85.3,4.6482971792546675,80.74556666666666,-0.7818314824680299,0.6234898018587334,1.0,6.123233995736766e-17,0.9275416835791966,0.37371971479046906,96.3,67.5
2019-03-11,Chhattisgarh,WR,22.09042035,82.15998734,96.3,2019,3,0,70,0,0,27.7,37,93.2,83.2,71.2,87.17142857142856,6.0788470084697295,81.58223333333333,0.0,1.0,1.0,6.123233995736766e-17,0.9338372288229252,0.35769823883312546,96.4,68.2
2019-03-12,Chhattisgarh,WR,22.09042035,82.15998734,96.4,2019,3,1,71,0,0,28.0,45,96.3,81.9,74.0,89.24285714285715,6.442788511935225,82.3289,0.7818314824680298,0.6234898018587336,1.0,6.123233995736766e-17,0.9398560579418954,0.3415707691678556,97.0,70.9
2019-03-13,Chhattisgarh,WR,22.09042035,82.15998734,97.0,2019,3,2,72,0,0,29.0,49,96.4,80.8,75.1,91.55714285714286,5.780097214539285,83.05890000000001,0.9749279121818236,-0.22252093395631434,1.0,6.123233995736766e-17,0.9455963874271426,0.3253420847119801,95.7,73.0
2019-03-14,Chhattisgarh,WR,22.09042035,82.15998734,95.7,2019,3,3,73,0,0,27.8,53,97.0,81.6,74.3,93.57142857142857,3.874581390599782,83.77223333333333,0.43388373911755823,-0.900968867902419,1.0,6.123233995736766e-17,0.9510565162951535,0.30901699437494745,67.7,74.7
2019-03-15,Chhattisgarh,WR,22.09042035,82.15998734,67.7,2019,3,4,74,0,0,26.7,59,95.7,88.7,74.1,90.57142857142857,10.588313413966446,83.5589,-0.433883739117558,-0.9009688679024191,1.0,6.123233995736766e-17,0.9562348265919056,0.29260033563334836,67.467,71.6
2019-03-16,Chhattisgarh,WR,22.09042035,82.15998734,67.467,2019,3,5,75,1,0,26.7,57,67.7,87.7,74.4,87.68100000000001,13.782608376743033,83.3278,-0.9749279121818236,-0.2225209339563146,1.0,6.123233995736766e-17,0.9611297838723007,0.27609697309746883,67.5,72.8
2019-03-17,Chhattisgarh,WR,22.09042035,82.15998734,67.5,2019,3,6,76,1,0,25.3,60,67.467,93.2,73.7,84.00957142857143,15.395992160917976,83.12113333333333,-0.7818314824680299,0.6234898018587334,1.0,6.123233995736766e-17,0.9657399376548549,0.2595117970697999,68.2,71.5
2019-03-18,Chhattisgarh,WR,22.09042035,82.15998734,68.2,2019,3,0,77,0,0,23.2,72,67.5,96.3,75.1,79.99528571428571,15.3204978891493,82.89113333333334,0.0,1.0,1.0,6.123233995736766e-17,0.9700639218515071,0.2428497220959356,70.9,71.4
2019-03-19,Chhattisgarh,WR,22.09042035,82.15998734,70.9,2019,3,1,78,0,0,24.6,71,68.2,96.4,76.1,76.35242857142858,13.717523146899127,82.71779999999998,0.7818314824680298,0.6234898018587336,1.0,6.123233995736766e-17,0.9741004551724205,0.22611568550828828,73.0,71.9
2019-03-20,Chhattisgarh,WR,22.09042035,82.15998734,73.0,2019,3,2,79,0,0,25.3,63,70.9,97.0,78.4,72.92385714285714,10.260389083404965,82.5378,0.9749279121818236,-0.22252093395631434,1.0,6.123233995736766e-17,0.9778483415056568,0.20931464596304847,74.7,71.7
2019-03-21,Chhattisgarh,WR,22.09042035,82.15998734,74.7,2019,3,3,80,0,1,25.6,70,73.0,95.7,78.8,69.92385714285714,2.973648288358152,82.40113333333333,0.43388373911755823,-0.900968867902419,1.0,6.123233995736766e-17,0.9813064702716093,0.19245158197082998,71.6,70.5
2019-03-22,Chhattisgarh,WR,22.09042035,82.15998734,71.6,2019,3,4,81,0,0,27.7,58,74.7,67.7,78.1,70.481,2.850338050126386,82.18446666666667,-0.433883739117558,-0.9009688679024191,1.0,6.123233995736766e-17,0.9844738167520922,0.1755314904214282,72.8,94.2
2019-03-23,Chhattisgarh,WR,22.09042035,82.15998734,72.8,2019,3,5,82,1,0,26.8,38,71.6,67.467,79.0,71.24285714285715,2.6133357628751384,81.97780000000002,-0.9749279121818236,-0.2225209339563146,1.0,6.123233995736766e-17,0.9873494423939864,0.15855938510313475,71.5,96.0
2019-03-24,Chhattisgarh,WR,22.09042035,82.15998734,71.5,2019,3,6,83,1,0,26.2,37,72.8,67.5,94.3,71.81428571428572,2.030950985317063,81.2178,-0.7818314824680299,0.6234898018587334,1.0,6.123233995736766e-17,0.989932495087353,0.141540295217043,71.4,98.1
2019-03-25,Chhattisgarh,WR,22.09042035,82.15998734,71.4,2019,3,0,84,0,0,27.4,39,71.5,68.2,89.0,72.27142857142857,1.3161994348803894,80.63113333333332,0.0,1.0,1.0,6.123233995736766e-17,0.9922222094179323,0.12447926388678915,71.9,97.2
2019-03-26,Chhattisgarh,WR,22.09042035,82.15998734,71.9,2019,3,1,85,0,0,28.7,38,71.4,70.9,85.0,72.41428571428571,1.1908380402446688,80.19446666666666,0.7818314824680298,0.6234898018587336,1.0,6.123233995736766e-17,0.994217906893952,0.10738134666416309,71.7,97.6
2019-03-27,Chhattisgarh,WR,22.09042035,82.15998734,71.7,2019,3,2,86,0,0,28.3,38,71.9,73.0,88.6,72.22857142857143,1.185628224070591,79.63113333333334,0.9749279121818236,-0.22252093395631434,1.0,6.123233995736766e-17,0.995918996147179,0.09025161003104117,70.5,102.9
2019-03-28,Chhattisgarh,WR,22.09042035,82.15998734,70.5,2019,3,3,87,0,0,28.2,33,71.7,74.7,86.2,71.62857142857142,0.6824326235700529,79.10780000000001,0.43388373911755823,-0.900968867902419,1.0,6.123233995736766e-17,0.9973249731081555,0.07309512989807777,94.2,97.8
2019-03-29,Chhattisgarh,WR,22.09042035,82.15998734,94.2,2019,3,4,88,0,0,29.9,32,70.5,71.6,67.467,74.85714285714286,8.556645982871403,79.9989,-0.433883739117558,-0.9009688679024191,1.0,6.123233995736766e-17,0.9984354211555643,0.055916990100603484,96.0,82.4
2019-03-30,Chhattisgarh,WR,22.09042035,82.15998734,96.0,2019,3,5,89,1,0,31.5,30,94.2,72.8,88.5,78.17142857142858,11.584431260059638,80.2489,-0.9749279121818236,-0.2225209339563146,1.0,6.123233995736766e-17,0.9992500112396835,0.03872228089217446,98.1,89.8
2019-03-31,Chhattisgarh,WR,22.09042035,82.15998734,98.1,2019,3,6,90,1,0,31.8,26,96.0,71.5,82.3,81.97142857142858,13.271236351060672,80.77556666666666,-0.7818314824680299,0.6234898018587334,1.0,6.123233995736766e-17,0.9997685019798909,0.021516097436222254,97.2,92.1
2019-04-02,Chhattisgarh,WR,22.09042035,82.15998734,97.2,2019,4,1,92,0,0,29.9,25,98.1,71.4,80.8,85.65714285714286,13.427689940673254,81.32223333333334,0.7818314824680298,0.6234898018587336,0.8660254037844387,-0.4999999999999998,0.9999166586547379,-0.01291029607500882,97.6,92.1
2019-04-03,Chhattisgarh,WR,22.09042035,82.15998734,97.6,2019,4,2,93,0,0,30.3,27,97.2,71.9,80.8,89.32857142857142,12.522208842121882,81.88223333333333,0.9749279121818236,-0.22252093395631434,0.8660254037844387,-0.4999999999999998,0.9995462806873573,-0.030120304846908114,102.9,92.3
2019-04-04,Chhattisgarh,WR,22.09042035,82.15998734,102.9,2019,4,3,94,0,0,31.2,30,97.6,71.7,83.2,93.78571428571429,10.608083171404274,82.53890000000001,0.43388373911755823,-0.900968867902419,0.8660254037844387,-0.4999999999999998,0.9988797155850336,-0.04732138832243185,97.8,92.3
2019-04-05,Chhattisgarh,WR,22.09042035,82.15998734,97.8,2019,4,4,95,0,0,32.0,32,102.9,70.5,81.9,97.68571428571428,2.664850572064274,83.0689,-0.433883739117558,-0.9009688679024191,0.8660254037844387,-0.4999999999999998,0.9979171608653922,-0.06450844944931623,82.4,90.0
2019-04-06,Chhattisgarh,WR,22.09042035,82.15998734,82.4,2019,4,5,96,1,0,32.0,28,97.8,94.2,80.8,96.0,6.379916404886171,83.12223333333333,-0.9749279121818236,-0.2225209339563146,0.8660254037844387,-0.4999999999999998,0.9966589017541702,-0.08167639533042241,89.8,85.2
2019-04-07,Chhattisgarh,WR,22.09042035,82.15998734,89.8,2019,4,6,97,1,0,31.1,31,82.4,96.0,81.6,95.11428571428573,6.7966728555054114,83.39556666666667,-0.7818314824680299,0.6234898018587334,0.8660254037844387,-0.4999999999999998,0.9951053111006976,-0.09882013873287143,92.1,91.1
2019-04-08,Chhattisgarh,WR,22.09042035,82.15998734,92.1,2019,4,0,98,0,0,30.4,36,89.8,98.1,88.7,94.25714285714285,6.735442856723862,83.50890000000001,0.0,1.0,0.8660254037844387,-0.4999999999999998,0.9932568492674143,-0.11593459959550041,92.1,90.5
2019-04-09,Chhattisgarh,WR,22.09042035,82.15998734,92.1,2019,4,1,99,0,0,29.9,42,92.1,97.2,87.7,93.52857142857142,6.639205345449822,83.65556666666666,0.7818314824680298,0.6234898018587336,0.8660254037844387,-0.4999999999999998,0.9911140639934547,-0.1330147065341959,92.3,89.6
2019-04-10,Chhattisgarh,WR,22.09042035,82.15998734,92.3,2019,4,2,100,0,0,31.8,35,92.1,97.6,93.2,92.77142857142857,6.395236322376942,83.62556666666667,0.9749279121818236,-0.22252093395631434,0.8660254037844387,-0.4999999999999998,0.9886775902323405,-0.1500553983446526,92.3,87.3
2019-04-11,Chhattisgarh,WR,22.09042035,82.15998734,92.3,2019,4,3,101,0,0,31.7,30,92.3,102.9,96.3,91.25714285714285,4.600310548523713,83.49223333333333,0.43388373911755823,-0.900968867902419,0.8660254037844387,-0.4999999999999998,0.9859481499638304,-0.16705162550211924,90.0,89.7
2019-04-12,Chhattisgarh,WR,22.09042035,82.15998734,90.0,2019,4,4,102,0,0,31.5,31,92.3,97.8,96.4,90.14285714285714,3.5836932266669126,83.2789,-0.433883739117558,-0.9009688679024191,0.8660254037844387,-0.4999999999999998,0.9829265519799822,-0.18399835165768005,85.2,86.3
2019-04-13,Chhattisgarh,WR,22.09042035,82.15998734,85.2,2019,4,5,103,1,1,32.4,29,90.0,82.4,97.0,90.54285714285716,2.5954172065761854,82.88556666666666,-0.9749279121818236,-0.2225209339563146,0.8660254037844387,-0.4999999999999998,0.9796136916454901,-0.20089055513063506,91.1,75.8
2019-04-14,Chhattisgarh,WR,22.09042035,82.15998734,91.1,2019,4,6,104,1,1,33.1,26,85.2,89.8,95.7,90.72857142857141,2.5798671062121743,82.73223333333334,-0.7818314824680299,0.6234898018587334,0.8660254037844387,-0.4999999999999998,0.9760105506323683,-0.21772323039653177,90.5,72.2
2019-04-15,Chhattisgarh,WR,22.09042035,82.15998734,90.5,2019,4,0,105,0,0,33.9,26,91.1,92.1,67.7,90.5,2.507987240797138,83.49223333333335,0.0,1.0,0.8660254037844387,-0.4999999999999998,0.9721181966290613,-0.23449138957040985,89.6,77.2
2019-04-16,Chhattisgarh,WR,22.09042035,82.15998734,89.6,2019,4,1,106,0,0,31.0,36,90.5,92.1,67.467,90.14285714285714,2.418578882220916,84.23,0.7818314824680298,0.6234898018587336,0.8660254037844387,-0.4999999999999998,0.9679377830240642,-0.25119006388481935,87.3,79.2
2019-04-17,Chhattisgarh,WR,22.09042035,82.15998734,87.3,2019,4,2,107,0,1,29.2,45,89.6,92.3,67.5,89.42857142857143,2.4136516496204026,84.89,0.9749279121818236,-0.22252093395631434,0.8660254037844387,-0.4999999999999998,0.9634705485641488,-0.2678143051621742,89.7,81.9
2019-04-18,Chhattisgarh,WR,22.09042035,82.15998734,89.7,2019,4,3,108,0,0,29.8,46,87.3,92.3,68.2,89.05714285714285,2.074332939250126,85.60666666666665,0.43388373911755823,-0.900968867902419,0.8660254037844387,-0.4999999999999998,0.9587178169872964,-0.2843591872810034,86.3,83.7
2019-04-19,Chhattisgarh,WR,22.09042035,82.15998734,86.3,2019,4,4,109,0,1,28.3,56,89.7,90.0,70.9,88.52857142857144,2.257368885608885,86.12000000000002,-0.433883739117558,-0.9009688679024191,0.8660254037844387,-0.4999999999999998,0.9536809966304457,-0.30081980763566735,75.8,85.1
2019-04-20,Chhattisgarh,WR,22.09042035,82.15998734,75.8,2019,4,5,110,1,0,28.6,55,86.3,85.2,73.0,87.18571428571428,5.3054778520031345,86.21333333333334,-0.9749279121818236,-0.2225209339563146,0.8660254037844387,-0.4999999999999998,0.9483615800121715,-0.3171912885891061,72.2,78.0
2019-04-21,Chhattisgarh,WR,22.09042035,82.15998734,72.2,2019,4,6,111,1,0,28.7,52,75.8,91.1,74.7,84.4857142857143,7.383636992573188,86.12999999999998,-0.7818314824680299,0.6234898018587334,0.8660254037844387,-0.4999999999999998,0.9427611433904207,-0.3334687789181868,77.2,78.2
2019-04-22,Chhattisgarh,WR,22.09042035,82.15998734,77.2,2019,4,0,112,0,0,29.6,43,72.2,90.5,71.6,82.58571428571429,7.288673535339712,86.31666666666666,0.0,1.0,0.8660254037844387,-0.4999999999999998,0.9368813462954315,-0.3496474552512284,79.2,78.6
2019-04-23,Chhattisgarh,WR,22.09042035,82.15998734,79.2,2019,4,1,113,0,0,31.5,31,77.2,89.6,72.8,81.10000000000001,6.652818951391909,86.52999999999999,0.7818314824680298,0.6234898018587336,0.8660254037844387,-0.4999999999999998,0.9307239310379795,-0.36572252349726897,81.9,74.5
2019-04-24,Chhattisgarh,WR,22.09042035,82.15998734,81.9,2019,4,2,114,0,0,32.1,31,79.2,87.3,71.5,80.32857142857142,6.10456503657005,86.87666666666665,0.9749279121818236,-0.22252093395631434,0.8660254037844387,-0.4999999999999998,0.9242907221930933,-0.3816892202666588,83.7,75.3
2019-04-25,Chhattisgarh,WR,22.09042035,82.15998734,83.7,2019,4,3,115,0,0,34.0,29,81.9,89.7,71.4,79.47142857142858,4.864741954689204,87.28666666666668,0.43388373911755823,-0.900968867902419,0.8660254037844387,-0.4999999999999998,0.9175836260593937,-0.39754281428255595,85.1,75.8
2019-04-26,Chhattisgarh,WR,22.09042035,82.15998734,85.1,2019,4,4,116,0,0,34.5,28,83.7,86.3,71.9,79.3,4.597825573028952,87.72666666666667,-0.433883739117558,-0.9009688679024191,0.8660254037844387,-0.4999999999999998,0.9106046300942162,-0.4132786077829042,78.0,77.2
2019-04-27,Chhattisgarh,WR,22.09042035,82.15998734,78.0,2019,4,5,117,1,0,36.0,22,85.1,75.8,71.7,79.61428571428571,4.389164146481759,87.93666666666667,-0.9749279121818236,-0.2225209339563146,0.8660254037844387,-0.4999999999999998,0.9033558023246845,-0.4288919379124835,78.2,103.5
2019-04-28,Chhattisgarh,WR,22.09042035,82.15998734,78.2,2019,4,6,118,1,0,36.1,21,78.0,72.2,70.5,80.47142857142856,3.095003654124948,88.19333333333333,-0.7818314824680299,0.6234898018587334,0.8660254037844387,-0.4999999999999998,0.895839290734909,-0.4443781781046132,78.6,98.6
2019-04-29,Chhattisgarh,WR,22.09042035,82.15998734,78.6,2019,4,0,119,0,0,35.2,23,78.2,77.2,94.2,80.67142857142858,2.886586384014888,87.67333333333333,0.0,1.0,0.8660254037844387,-0.4999999999999998,0.8880573226294932,-0.45973273945210397,74.5,86.6
2019-04-30,Chhattisgarh,WR,22.09042035,82.15998734,74.5,2019,4,1,120,0,0,36.3,26,78.6,79.2,96.0,80.0,3.713937712634993,86.95666666666666,0.7818314824680298,0.6234898018587336,0.8660254037844387,-0.4999999999999998,0.8800122039735357,-0.47495107206704995,75.3,84.2
2019-05-02,Chhattisgarh,WR,22.09042035,82.15998734,75.3,2019,5,3,122,0,0,33.1,46,74.5,81.9,98.1,79.05714285714285,3.979471130211834,86.19666666666667,0.43388373911755823,-0.900968867902419,0.49999999999999994,-0.8660254037844387,0.8631421280499114,-0.5049610547215204,75.8,81.3
2019-05-03,Chhattisgarh,WR,22.09042035,82.15998734,75.8,2019,5,4,123,0,0,32.9,46,75.3,83.7,97.2,77.92857142857143,3.5391685867888647,85.48333333333333,-0.433883739117558,-0.9009688679024191,0.49999999999999994,-0.8660254037844387,0.854322169749827,-0.5197438121555155,77.2,80.8
2019-05-04,Chhattisgarh,WR,22.09042035,82.15998734,77.2,2019,5,5,124,1,0,31.9,45,75.8,85.1,97.6,76.8,1.5989579940277674,84.80333333333333,-0.9749279121818236,-0.2225209339563146,0.49999999999999994,-0.8660254037844387,0.8452490573530633,-0.5343725582809786,103.5,76.2
2019-05-05,Chhattisgarh,WR,22.09042035,82.15998734,103.5,2019,5,6,125,1,0,32.3,42,77.2,78.0,102.9,80.44285714285715,10.278595420071904,84.82333333333332,-0.7818314824680299,0.6234898018587334,0.49999999999999994,-0.8660254037844387,0.8359254794186372,-0.548842958284719,98.6,105.833
2019-05-06,Chhattisgarh,WR,22.09042035,82.15998734,98.6,2019,5,0,126,0,0,33.3,25,103.5,78.2,97.8,83.35714285714286,12.241304007724162,84.85,0.0,1.0,0.49999999999999994,-0.8660254037844387,0.8263541987239096,-0.5631507242749186,86.6,105.833
2019-05-07,Chhattisgarh,WR,22.09042035,82.15998734,86.6,2019,5,1,127,0,0,34.9,20,98.6,78.6,82.4,84.5,12.095729273866322,84.99,0.7818314824680298,0.6234898018587336,0.49999999999999994,-0.8660254037844387,0.8165380514459161,-0.5772916165517272,84.2,105.833
2019-05-08,Chhattisgarh,WR,22.09042035,82.15998734,84.2,2019,5,2,128,0,0,35.3,20,86.6,74.5,89.8,85.88571428571427,11.287814753297566,84.80333333333333,0.9749279121818236,-0.22252093395631434,0.49999999999999994,-0.8660254037844387,0.8064799463209448,-0.5912614448635781,81.3,100.1
2019-05-09,Chhattisgarh,WR,22.09042035,82.15998734,81.3,2019,5,3,129,0,0,35.9,16,84.2,75.3,92.1,86.74285714285715,10.553965627961412,84.44333333333333,0.43388373911755823,-0.900968867902419,0.49999999999999994,-0.8660254037844387,0.7961828637826158,-0.6050560696488488,80.8,96.7
2019-05-10,Chhattisgarh,WR,22.09042035,82.15998734,80.8,2019,5,4,130,0,0,36.2,15,81.3,75.8,92.1,87.45714285714287,9.834608472609593,84.06666666666666,-0.433883739117558,-0.9009688679024191,0.49999999999999994,-0.8660254037844387,0.7856498550787147,-0.6186714032625031,76.2,91.7
2019-05-11,Chhattisgarh,WR,22.09042035,82.15998734,76.2,2019,5,5,131,1,0,35.0,23,80.8,77.2,92.3,87.31428571428572,10.014061542222974,83.52999999999999,-0.9749279121818236,-0.2225209339563146,0.49999999999999994,-0.8660254037844387,0.7748840413670407,-0.6321034111873487,105.833,93.7
2019-05-12,Chhattisgarh,WR,22.09042035,82.15998734,105.833,2019,5,6,132,1,0,35.1,23,76.2,103.5,92.3,87.64757142857142,10.660491293512143,83.9811,-0.7818314824680299,0.6234898018587334,0.49999999999999994,-0.8660254037844387,0.7638886127905428,-0.6453481132295501,105.833,99.9
2019-05-13,Chhattisgarh,WR,22.09042035,82.15998734,105.833,2019,5,0,133,0,0,34.3,24,105.833,98.6,90.0,88.68085714285714,12.146033734359182,84.50886666666666,0.0,1.0,0.49999999999999994,-0.8660254037844387,0.7526668275320085,-0.6584015846980488,105.833,100.5
2019-05-14,Chhattisgarh,WR,22.09042035,82.15998734,105.833,2019,5,1,134,0,0,34.1,26,105.833,86.6,85.2,91.42842857142855,13.675883942877286,85.19663333333332,0.7818314824680298,0.6234898018587336,0.49999999999999994,-0.8660254037844387,0.7412220108485958,-0.6712599575675313,100.1,102.6
2019-05-15,Chhattisgarh,WR,22.09042035,82.15998734,100.1,2019,5,2,135,0,0,35.1,24,105.833,84.2,91.1,93.69985714285714,13.595397915331201,85.49663333333334,0.9749279121818236,-0.22252093395631434,0.49999999999999994,-0.8660254037844387,0.7295575540864875,-0.6839194216246106,96.7,103.9
2019-05-16,Chhattisgarh,WR,22.09042035,82.15998734,96.7,2019,5,3,136,0,0,34.8,29,100.1,81.3,90.5,95.89985714285714,12.452399145393318,85.70329999999998,0.43388373911755823,-0.900968867902419,0.49999999999999994,-0.8660254037844387,0.717676913675962,-0.6963762255968722,91.7,105.5
2019-05-17,Chhattisgarh,WR,22.09042035,82.15998734,91.7,2019,5,4,137,0,0,35.7,26,96.7,80.8,89.6,97.457,10.82461488152513,85.7733,-0.433883739117558,-0.9009688679024191,0.49999999999999994,-0.8660254037844387,0.705583610107178,-0.7086266782644596,93.7,104.0
2019-05-18,Chhattisgarh,WR,22.09042035,82.15998734,93.7,2019,5,5,138,1,1,35.7,22,91.7,76.2,87.3,99.957,6.076439801945629,85.98663333333334,-0.9749279121818236,-0.2225209339563146,0.49999999999999994,-0.8660254037844387,0.6932812268869777,-0.7206671495538609,99.9,104.1
2019-05-19,Chhattisgarh,WR,22.09042035,82.15998734,99.9,2019,5,6,139,1,0,35.0,23,93.7,105.833,89.7,99.10942857142857,5.507358043476914,86.32663333333333,-0.7818314824680299,0.6234898018587334,0.49999999999999994,-0.8660254037844387,0.6807734094770161,-0.7324940716135789,100.5,81.6
2019-05-20,Chhattisgarh,WR,22.09042035,82.15998734,100.5,2019,5,0,140,0,0,35.3,26,99.9,105.833,86.3,98.34757142857143,4.737267984016007,86.79996666666666,0.0,1.0,0.49999999999999994,-0.8660254037844387,0.6680638642135335,-0.7441039398713607,102.6,86.4
2019-05-21,Chhattisgarh,WR,22.09042035,82.15998734,102.6,2019,5,1,141,0,0,36.1,24,100.5,105.833,75.8,97.88571428571429,3.983477781800383,87.6933,0.7818314824680298,0.6234898018587336,0.49999999999999994,-0.8660254037844387,0.6551563572090853,-0.7554933140726803,103.9,80.8
2019-05-22,Chhattisgarh,WR,22.09042035,82.15998734,103.9,2019,5,2,142,0,0,35.5,33,102.6,100.1,72.2,98.42857142857143,4.553648458732452,88.74996666666668,0.9749279121818236,-0.22252093395631434,0.49999999999999994,-0.8660254037844387,0.6420547132365637,-0.766658819300159,105.5,75.2
2019-05-23,Chhattisgarh,WR,22.09042035,82.15998734,105.5,2019,5,3,143,0,0,37.0,28,103.9,96.7,77.2,99.68571428571428,5.169922169442937,89.6933,0.43388373911755823,-0.900968867902419,0.49999999999999994,-0.8660254037844387,0.6287628145958344,-0.7775971469736269,104.0,73.4
2019-05-24,Chhattisgarh,WR,22.09042035,82.15998734,104.0,2019,5,4,144,0,0,38.3,24,105.5,91.7,79.2,101.44285714285715,3.949623249061408,90.51996666666668,-0.433883739117558,-0.9009688679024191,0.49999999999999994,-0.8660254037844387,0.6152845999633276,-0.7883050558305255,104.1,77.0
2019-05-25,Chhattisgarh,WR,22.09042035,82.15998734,104.1,2019,5,5,145,1,0,37.1,23,104.0,93.7,81.9,102.92857142857143,2.0515963587047086,91.25996666666667,-0.9749279121818236,-0.2225209339563146,0.49999999999999994,-0.8660254037844387,0.6016240632249226,-0.7987793728863649,81.6,73.6
2019-05-26,Chhattisgarh,WR,22.09042035,82.15998734,81.6,2019,5,6,146,1,0,36.0,27,104.1,99.9,83.7,100.31428571428572,8.397902232389015,91.18996666666665,-0.7818314824680299,0.6234898018587334,0.49999999999999994,-0.8660254037844387,0.5877852522924732,-0.8090169943749473,86.4,74.1
2019-05-27,Chhattisgarh,WR,22.09042035,82.15998734,86.4,2019,5,0,147,0,0,36.7,26,81.6,100.5,85.1,98.3,9.902188310335022,91.2333,0.0,1.0,0.49999999999999994,-0.8660254037844387,0.5737722679043246,-0.8190148866680801,80.8,76.7
2019-05-28,Chhattisgarh,WR,22.09042035,82.15998734,80.8,2019,5,1,148,0,0,35.4,33,86.4,102.6,78.0,95.18571428571428,11.605950854544284,91.32663333333333,0.7818314824680298,0.6234898018587336,0.49999999999999994,-0.8660254037844387,0.5595892624101765,-0.8287700871745038,75.2,75.7
2019-05-29,Chhattisgarh,WR,22.09042035,82.15998734,75.2,2019,5,2,149,0,0,33.5,44,80.8,103.9,78.2,91.08571428571429,13.000054944938887,91.22663333333334,0.9749279121818236,-0.22252093395631434,0.49999999999999994,-0.8660254037844387,0.545240438540651,-0.8382797052177744,73.4,72.8
2019-05-30,Chhattisgarh,WR,22.09042035,82.15998734,73.4,2019,5,3,150,0,0,35.5,33,75.2,105.5,78.6,86.5,12.72674349549015,91.05330000000001,0.43388373911755823,-0.900968867902419,0.49999999999999994,-0.8660254037844387,0.5307300481619334,-0.8475409228928311,77.0,73.9
2019-05-31,Chhattisgarh,WR,22.09042035,82.15998734,77.0,2019,5,4,151,0,0,34.8,38,73.4,104.0,74.5,82.64285714285714,10.42174923622985,91.13663333333334,-0.433883739117558,-0.9009688679024191,0.49999999999999994,-0.8660254037844387,0.5160623910158528,-0.8565509959010036,73.6,73.5
2019-06-02,Chhattisgarh,WR,22.09042035,82.15998734,73.6,2019,6,6,153,1,0,35.4,40,77.0,104.1,75.3,78.28571428571429,4.8330213363997405,91.07996666666666,-0.7818314824680299,0.6234898018587334,1.2246467991473532e-16,-1.0,0.48627270710868997,-0.8738071036110808,74.1,68.5
2019-06-03,Chhattisgarh,WR,22.09042035,82.15998734,74.1,2019,6,0,154,0,0,34.9,44,73.6,81.6,75.8,77.21428571428571,4.8070880206311,91.0233,0.0,1.0,1.2246467991473532e-16,-1.0,0.4711595076738638,-0.8820480249558537,76.7,80.8
2019-06-04,Chhattisgarh,WR,22.09042035,82.15998734,76.7,2019,6,1,155,0,0,35.4,42,74.1,86.4,77.2,75.82857142857142,2.617068516307365,91.00663333333334,0.7818314824680298,0.6234898018587336,1.2246467991473532e-16,-1.0,0.4559066935084588,-0.8900275764346767,75.7,79.9
2019-06-05,Chhattisgarh,WR,22.09042035,82.15998734,75.7,2019,6,2,156,0,1,36.7,35,76.7,80.8,103.5,75.10000000000001,1.4537308324902753,90.07996666666666,0.9749279121818236,-0.22252093395631434,1.2246467991473532e-16,-1.0,0.440518784350495,-0.8977433935342337,72.8,82.7
2019-06-06,Chhattisgarh,WR,22.09042035,82.15998734,72.8,2019,6,3,157,0,0,36.2,37,75.7,75.2,98.6,74.75714285714285,1.6900267678915544,89.21996666666668,0.43388373911755823,-0.900968867902419,1.2246467991473532e-16,-1.0,0.42500033996955416,-0.9051931898913974,73.9,80.8
2019-06-07,Chhattisgarh,WR,22.09042035,82.15998734,73.9,2019,6,4,158,0,0,34.6,48,72.8,73.4,86.6,74.82857142857144,1.6327015298926475,88.79663333333335,-0.433883739117558,-0.9009688679024191,1.2246467991473532e-16,-1.0,0.4093559588156213,-0.9123747579707273,73.5,79.2
2019-06-08,Chhattisgarh,WR,22.09042035,82.15998734,73.5,2019,6,5,159,1,0,34.2,52,73.9,77.0,84.2,74.32857142857144,1.3719988893510089,88.43996666666666,-0.9749279121818236,-0.2225209339563146,1.2246467991473532e-16,-1.0,0.39359027665646673,-0.9192859697186104,68.5,67.467
2019-06-09,Chhattisgarh,WR,22.09042035,82.15998734,68.5,2019,6,6,160,1,0,35.2,40,73.5,73.6,81.3,73.60000000000001,2.61470202253833,88.01330000000002,-0.7818314824680299,0.6234898018587334,1.2246467991473532e-16,-1.0,0.3777079652039649,-0.9259247771938498,80.8,69.2
2019-06-10,Chhattisgarh,WR,22.09042035,82.15998734,80.8,2019,6,0,161,0,0,36.3,33,68.5,74.1,80.8,74.55714285714285,3.790275778382089,88.0133,0.0,1.0,1.2246467991473532e-16,-1.0,0.36171373072976765,-0.9322892131745133,79.9,92.2
2019-06-11,Chhattisgarh,WR,22.09042035,82.15998734,79.9,2019,6,1,162,0,0,38.0,30,80.8,76.7,76.2,75.01428571428572,4.256144018329436,88.13663333333334,0.7818314824680298,0.6234898018587336,1.2246467991473532e-16,-1.0,0.3456123126707335,-0.9383773917408641,82.7,92.3
2019-06-12,Chhattisgarh,WR,22.09042035,82.15998734,82.7,2019,6,2,163,0,0,37.7,32,79.9,75.7,105.833,76.01428571428572,5.168632498520433,87.36553333333333,0.9749279121818236,-0.22252093395631434,1.2246467991473532e-16,-1.0,0.3294084822245304,-0.9441875088341993,80.8,88.9
2019-06-13,Chhattisgarh,WR,22.09042035,82.15998734,80.8,2019,6,3,164,0,0,35.2,43,82.7,72.8,105.833,77.15714285714286,5.2236185232260475,86.5311,0.43388373911755823,-0.900968867902419,1.2246467991473532e-16,-1.0,0.3131070409358269,-0.9497178427914316,79.2,92.3
2019-06-14,Chhattisgarh,WR,22.09042035,82.15998734,79.2,2019,6,4,165,0,0,34.3,52,80.8,73.9,105.833,77.91428571428571,5.054182614900436,85.64333333333333,-0.433883739117558,-0.9009688679024191,1.2246467991473532e-16,-1.0,0.29671281927349075,-0.9549667548552551,67.467,93.5
2019-06-15,Chhattisgarh,WR,22.09042035,82.15998734,67.467,2019,6,5,166,1,0,34.9,46,79.2,73.5,100.1,77.05242857142856,6.294559128250956,84.55556666666666,-0.9749279121818236,-0.2225209339563146,1.2246467991473532e-16,-1.0,0.28023067519921585,-0.9599326896597447,69.2,92.1
2019-06-16,Chhattisgarh,WR,22.09042035,82.15998734,69.2,2019,6,6,167,1,0,32.5,60,67.467,68.5,96.7,77.15242857142857,6.13969933729501,83.6389,-0.7818314824680299,0.6234898018587334,1.2246467991473532e-16,-1.0,0.26366549272800704,-0.9646141756912435,92.2,92.8
2019-06-17,Chhattisgarh,WR,22.09042035,82.15998734,92.2,2019,6,0,168,0,0,32.3,58,69.2,80.8,91.7,78.78099999999999,8.37391149145169,83.65556666666666,0.0,1.0,1.2246467991473532e-16,-1.0,0.24702218048093552,-0.9690098257244062,92.3,78.7
2019-06-18,Chhattisgarh,WR,22.09042035,82.15998734,92.3,2019,6,1,169,0,0,32.7,55,92.2,79.9,93.7,80.55242857142858,9.834292447979218,83.6089,0.7818314824680298,0.6234898018587336,1.2246467991473532e-16,-1.0,0.23030567023061221,-0.9731183372332619,88.9,79.8
2019-06-19,Chhattisgarh,WR,22.09042035,82.15998734,88.9,2019,6,2,170,0,0,32.9,54,92.3,82.7,99.9,81.43814285714286,10.326812228830542,83.24223333333333,0.9749279121818236,-0.22252093395631434,1.2246467991473532e-16,-1.0,0.21352091543979612,-0.9769384927771817,92.3,77.1
2019-06-20,Chhattisgarh,WR,22.09042035,82.15998734,92.3,2019,6,3,171,0,0,33.0,57,88.9,80.8,100.5,83.081,11.094579472276857,82.9689,0.43388373911755823,-0.900968867902419,1.2246467991473532e-16,-1.0,0.19667288979357647,-0.980469160361632,93.5,80.8
2019-06-21,Chhattisgarh,WR,22.09042035,82.15998734,93.5,2019,6,4,172,0,0,30.9,66,92.3,79.2,102.6,85.12385714285713,11.56732974701556,82.66556666666666,-0.433883739117558,-0.9009688679024191,1.2246467991473532e-16,-1.0,0.1797665857255624,-0.9837092937736097,92.1,82.2
2019-06-22,Chhattisgarh,WR,22.09042035,82.15998734,92.1,2019,6,5,173,1,0,26.9,89,93.5,67.467,103.9,88.64285714285714,8.689429813065496,82.27223333333333,-0.9749279121818236,-0.2225209339563146,1.2246467991473532e-16,-1.0,0.16280701293851715,-0.986657932891657,92.8,83.7
2019-06-23,Chhattisgarh,WR,22.09042035,82.15998734,92.8,2019,6,6,174,1,0,26.8,87,92.1,69.2,105.5,92.0142857142857,1.4565124686833053,81.8489,-0.7818314824680299,0.6234898018587334,1.2246467991473532e-16,-1.0,0.1457991969198751,-0.9893142039703663,78.7,80.0
2019-06-24,Chhattisgarh,WR,22.09042035,82.15998734,78.7,2019,6,0,175,0,0,28.9,79,92.8,92.2,104.0,90.08571428571429,5.226990393278886,81.00556666666667,0.0,1.0,1.2246467991473532e-16,-1.0,0.12874817745258132,-0.99167731989929,79.8,94.5
2019-06-25,Chhattisgarh,WR,22.09042035,82.15998734,79.8,2019,6,1,176,0,0,31.3,66,78.7,92.3,104.1,88.29999999999998,6.357410374253633,80.19556666666668,0.7818314824680298,0.6234898018587336,1.2246467991473532e-16,-1.0,0.11165900712169512,-0.993746580436178,77.1,94.0
2019-06-26,Chhattisgarh,WR,22.09042035,82.15998734,77.1,2019,6,2,177,0,0,31.9,64,79.8,88.9,81.6,86.61428571428571,7.612364628556372,80.04556666666667,0.9749279121818236,-0.22252093395631434,1.2246467991473532e-16,-1.0,0.09453674981719912,-0.9955213724144752,80.8,94.2
2019-06-27,Chhattisgarh,WR,22.09042035,82.15998734,80.8,2019,6,3,178,0,0,30.8,71,77.1,92.3,86.4,84.97142857142856,7.419279903448523,79.85889999999999,0.43388373911755823,-0.900968867902419,1.2246467991473532e-16,-1.0,0.07738647923346301,-0.9970011699250151,82.2,96.9
2019-06-28,Chhattisgarh,WR,22.09042035,82.15998734,82.2,2019,6,4,179,0,0,29.6,74,80.8,93.5,80.8,83.35714285714286,6.415828640390719,79.90556666666666,-0.433883739117558,-0.9009688679024191,1.2246467991473532e-16,-1.0,0.06021327736579302,-0.9981855344718586,83.7,97.5
2019-06-29,Chhattisgarh,WR,22.09042035,82.15998734,83.7,2019,6,5,180,1,0,29.6,75,82.2,92.1,75.2,82.15714285714286,5.173283013991959,80.1889,-0.9749279121818236,-0.2225209339563146,1.2246467991473532e-16,-1.0,0.04302223300453059,-0.99907411510223,80.0,95.0
2019-06-30,Chhattisgarh,WR,22.09042035,82.15998734,80.0,2019,6,6,181,1,0,29.8,75,83.7,92.8,73.4,80.32857142857142,2.18152415046179,80.40889999999999,-0.7818314824680299,0.6234898018587334,1.2246467991473532e-16,-1.0,0.02581844022713308,-0.9996666485105112,94.5,90.8
2019-07-01,Chhattisgarh,WR,22.09042035,82.15998734,94.5,2019,7,0,182,0,0,28.5,84,80.0,78.7,77.0,82.58571428571429,5.643116329189272,80.99223333333333,0.0,1.0,-0.4999999999999997,-0.8660254037844388,0.008606996888688698,-0.9999629591162655,94.0,77.2
2019-07-02,Chhattisgarh,WR,22.09042035,82.15998734,94.0,2019,7,1,183,0,0,26.0,95,94.5,79.8,73.6,84.61428571428571,6.889467461623058,81.67223333333332,0.7818314824680298,0.6234898018587336,-0.4999999999999997,-0.8660254037844388,-0.008606996888688009,-0.9999629591162655,94.2,72.85
2019-07-03,Chhattisgarh,WR,22.09042035,82.15998734,94.2,2019,7,2,184,0,0,27.2,85,94.0,77.1,74.1,87.05714285714285,6.8122089278142175,82.34223333333334,0.9749279121818236,-0.22252093395631434,-0.4999999999999997,-0.8660254037844388,-0.02581844022713239,-0.9996666485105112,96.9,74.85
2019-07-04,Chhattisgarh,WR,22.09042035,82.15998734,96.9,2019,7,3,185,0,0,26.6,87,94.2,80.8,76.7,89.35714285714286,7.060891620481936,83.01556666666667,0.43388373911755823,-0.900968867902419,-0.4999999999999997,-0.8660254037844388,-0.04302223300453034,-0.99907411510223,97.5,71.65
2019-07-05,Chhattisgarh,WR,22.09042035,82.15998734,97.5,2019,7,4,186,0,0,27.2,84,96.9,82.2,75.7,91.54285714285713,6.840774113811411,83.74223333333335,-0.433883739117558,-0.9009688679024191,-0.4999999999999997,-0.8660254037844388,-0.060213277365792774,-0.9981855344718586,95.0,70.9
2019-07-06,Chhattisgarh,WR,22.09042035,82.15998734,95.0,2019,7,5,187,1,0,26.2,88,97.5,83.7,72.8,93.15714285714286,5.9578679471932325,84.48223333333334,-0.9749279121818236,-0.2225209339563146,-0.4999999999999997,-0.8660254037844388,-0.07738647923346322,-0.9970011699250151,90.8,71.6
2019-07-07,Chhattisgarh,WR,22.09042035,82.15998734,90.8,2019,7,6,188,1,0,27.2,82,95.0,80.0,73.9,94.70000000000002,2.18936824982358,85.04556666666666,-0.7818314824680299,0.6234898018587334,-0.4999999999999997,-0.8660254037844388,-0.09453674981719933,-0.9955213724144752,77.2,72.3
2019-07-08,Chhattisgarh,WR,22.09042035,82.15998734,77.2,2019,7,0,189,0,0,26.4,88,90.8,94.5,73.5,92.22857142857143,6.978709117908757,85.1689,0.0,1.0,-0.4999999999999997,-0.8660254037844388,-0.11165900712169444,-0.9937465804361781,72.85,71.2
2019-07-09,Chhattisgarh,WR,22.09042035,82.15998734,72.85,2019,7,1,190,0,0,27.4,84,77.2,94.0,68.5,89.20714285714287,10.005849479655653,85.3139,0.7818314824680298,0.6234898018587336,-0.4999999999999997,-0.8660254037844388,-0.12874817745258066,-0.99167731989929,74.85,70.8
2019-07-10,Chhattisgarh,WR,22.09042035,82.15998734,74.85,2019,7,2,191,0,0,28.0,83,72.85,94.2,80.8,86.44285714285715,11.018258655954893,85.11556666666667,0.9749279121818236,-0.22252093395631434,-0.4999999999999997,-0.8660254037844388,-0.14579919691987442,-0.9893142039703664,71.65,81.1
2019-07-11,Chhattisgarh,WR,22.09042035,82.15998734,71.65,2019,7,3,192,0,0,28.3,78,74.85,96.9,79.9,82.83571428571429,11.156527024038251,84.84056666666667,0.43388373911755823,-0.900968867902419,-0.4999999999999997,-0.8660254037844388,-0.16280701293851646,-0.9866579328916572,70.9,93.1
2019-07-12,Chhattisgarh,WR,22.09042035,82.15998734,70.9,2019,7,4,193,0,0,29.0,75,71.65,97.5,82.7,79.03571428571429,9.773676989995218,84.44723333333334,-0.433883739117558,-0.9009688679024191,-0.4999999999999997,-0.8660254037844388,-0.17976658572556214,-0.9837092937736098,71.6,87.0
2019-07-13,Chhattisgarh,WR,22.09042035,82.15998734,71.6,2019,7,5,194,1,0,29.7,70,70.9,95.0,80.8,75.69285714285715,7.0161378604037,84.14056666666667,-0.9749279121818236,-0.2225209339563146,-0.4999999999999997,-0.8660254037844388,-0.19667288979357622,-0.9804691603616321,72.3,69.9
2019-07-14,Chhattisgarh,WR,22.09042035,82.15998734,72.3,2019,7,6,195,1,0,30.0,65,71.6,90.8,79.2,73.05,2.226731535981105,83.91056666666667,-0.7818314824680299,0.6234898018587334,-0.4999999999999997,-0.8660254037844388,-0.2135209154397959,-0.9769384927771817,71.2,79.3
2019-07-15,Chhattisgarh,WR,22.09042035,82.15998734,71.2,2019,7,0,196,0,0,29.2,72,72.3,77.2,67.467,72.19285714285715,1.3420843774479363,84.03500000000001,0.0,1.0,-0.4999999999999997,-0.8660254037844388,-0.23030567023061196,-0.973118337233262,70.8,87.3
2019-07-16,Chhattisgarh,WR,22.09042035,82.15998734,70.8,2019,7,1,197,0,0,29.7,71,71.2,72.85,69.2,71.89999999999999,1.3973188612479635,84.08833333333332,0.7818314824680298,0.6234898018587336,-0.4999999999999997,-0.8660254037844388,-0.24702218048093527,-0.9690098257244063,81.1,91.3
2019-07-17,Chhattisgarh,WR,22.09042035,82.15998734,81.1,2019,7,2,198,0,0,30.2,70,70.8,74.85,92.2,72.79285714285714,3.6984713702001106,83.71833333333333,0.9749279121818236,-0.22252093395631434,-0.4999999999999997,-0.8660254037844388,-0.2636654927280072,-0.9646141756912435,93.1,84.3
2019-07-18,Chhattisgarh,WR,22.09042035,82.15998734,93.1,2019,7,3,199,0,0,29.2,78,81.1,71.65,92.3,75.85714285714286,8.440153462834092,83.74499999999999,0.43388373911755823,-0.900968867902419,-0.4999999999999997,-0.8660254037844388,-0.2802306751992161,-0.9599326896597445,87.0,84.5
2019-07-19,Chhattisgarh,WR,22.09042035,82.15998734,87.0,2019,7,4,200,0,0,29.0,84,93.1,70.9,88.9,78.15714285714286,9.036750364088705,83.68166666666667,-0.433883739117558,-0.9009688679024191,-0.4999999999999997,-0.8660254037844388,-0.2967128192734901,-0.9549667548552553,69.9,88.5
2019-07-20,Chhattisgarh,WR,22.09042035,82.15998734,69.9,2019,7,5,201,1,0,28.5,82,87.0,71.6,92.3,77.91428571428571,9.262366251203238,82.935,-0.9749279121818236,-0.2225209339563146,-0.4999999999999997,-0.8660254037844388,-0.3131070409358267,-0.9497178427914317,79.3,91.1
2019-07-21,Chhattisgarh,WR,22.09042035,82.15998734,79.3,2019,7,6,202,1,0,29.1,80,69.9,72.3,93.5,78.91428571428571,8.927005576979825,82.46166666666666,-0.7818314824680299,0.6234898018587334,-0.4999999999999997,-0.8660254037844388,-0.3294084822245302,-0.9441875088341994,87.3,92.1
2019-07-22,Chhattisgarh,WR,22.09042035,82.15998734,87.3,2019,7,0,203,0,0,29.0,81,79.3,71.2,92.1,81.21428571428571,8.678791884325218,82.30166666666668,0.0,1.0,-0.4999999999999997,-0.8660254037844388,-0.3456123126707333,-0.9383773917408642,91.3,92.2
2019-07-23,Chhattisgarh,WR,22.09042035,82.15998734,91.3,2019,7,1,204,0,0,29.2,80,87.3,70.8,92.8,84.14285714285714,8.012044504548037,82.25166666666665,0.7818314824680298,0.6234898018587336,-0.4999999999999997,-0.8660254037844388,-0.3617137307297674,-0.9322892131745134,84.3,92.7
2019-07-24,Chhattisgarh,WR,22.09042035,82.15998734,84.3,2019,7,2,205,0,0,28.7,83,91.3,81.1,78.7,84.60000000000001,7.900000000000086,82.43833333333333,0.9749279121818236,-0.22252093395631434,-0.4999999999999997,-0.8660254037844388,-0.37770796520396466,-0.9259247771938499,84.5,83.8
2019-07-25,Chhattisgarh,WR,22.09042035,82.15998734,84.5,2019,7,3,206,0,0,27.5,88,84.3,93.1,79.8,83.37142857142855,6.9720189055286355,82.595,0.43388373911755823,-0.900968867902419,-0.4999999999999997,-0.8660254037844388,-0.39359027665646645,-0.9192859697186105,88.5,87.9
2019-07-26,Chhattisgarh,WR,22.09042035,82.15998734,88.5,2019,7,4,207,0,0,26.8,87,84.5,87.0,77.1,83.58571428571427,7.123535772687819,82.975,-0.433883739117558,-0.9009688679024191,-0.4999999999999997,-0.8660254037844388,-0.4093559588156211,-0.9123747579707274,91.1,89.6
2019-07-27,Chhattisgarh,WR,22.09042035,82.15998734,91.1,2019,7,5,208,1,0,27.0,86,88.5,69.9,80.8,86.61428571428571,4.2706082983688605,83.31833333333333,-0.9749279121818236,-0.2225209339563146,-0.4999999999999997,-0.8660254037844388,-0.42500033996955394,-0.9051931898913975,92.1,88.9
2019-07-28,Chhattisgarh,WR,22.09042035,82.15998734,92.1,2019,7,6,209,1,0,26.8,88,91.1,79.3,82.2,88.44285714285715,3.230509321483622,83.64833333333333,-0.7818314824680299,0.6234898018587334,-0.4999999999999997,-0.8660254037844388,-0.4405187843504952,-0.8977433935342336,92.2,85.9
2019-07-29,Chhattisgarh,WR,22.09042035,82.15998734,92.2,2019,7,0,210,0,0,26.0,92,92.1,87.3,83.7,89.14285714285714,3.4640328822812947,83.93166666666667,0.0,1.0,-0.4999999999999997,-0.8660254037844388,-0.455906693508459,-0.8900275764346766,92.7,75.1
2019-07-30,Chhattisgarh,WR,22.09042035,82.15998734,92.7,2019,7,1,211,0,0,25.1,89,92.2,91.3,80.0,89.34285714285714,3.645022698995545,84.355,0.7818314824680298,0.6234898018587336,-0.4999999999999997,-0.8660254037844388,-0.47115950767386394,-0.8820480249558535,83.8,76.7
2019-07-31,Chhattisgarh,WR,22.09042035,82.15998734,83.8,2019,7,2,212,0,0,25.9,82,92.7,84.3,94.5,89.27142857142857,3.763293896626097,83.99833333333335,0.9749279121818236,-0.22252093395631434,-0.4999999999999997,-0.8660254037844388,-0.4862727071086902,-0.8738071036110807,87.9,75.7
2019-08-01,Chhattisgarh,WR,22.09042035,82.15998734,87.9,2019,8,3,213,0,0,26.6,83,83.8,84.5,94.0,89.75714285714287,3.225862749125084,83.795,0.43388373911755823,-0.900968867902419,-0.8660254037844385,-0.5000000000000004,-0.5012418134457756,-0.8653072543632061,89.6,76.3
2019-08-02,Chhattisgarh,WR,22.09042035,82.15998734,89.6,2019,8,4,214,0,0,26.6,88,87.9,88.5,94.2,89.91428571428571,3.1808953516419938,83.64166666666667,-0.433883739117558,-0.9009688679024191,-0.8660254037844385,-0.5000000000000004,-0.5160623910158526,-0.8565509959010037,88.9,76.2
2019-08-03,Chhattisgarh,WR,22.09042035,82.15998734,88.9,2019,8,5,215,1,0,26.5,86,89.6,91.1,96.9,89.60000000000001,3.15277655408726,83.37499999999999,-0.9749279121818236,-0.2225209339563146,-0.8660254037844385,-0.5000000000000004,-0.5307300481619331,-0.8475409228928312,85.9,74.8
2019-08-04,Chhattisgarh,WR,22.09042035,82.15998734,85.9,2019,8,6,216,1,0,26.9,82,88.9,92.1,97.5,88.71428571428571,3.203866711454153,82.98833333333332,-0.7818314824680299,0.6234898018587334,-0.8660254037844385,-0.5000000000000004,-0.5452404385406507,-0.8382797052177745,75.1,78.0
2019-08-05,Chhattisgarh,WR,22.09042035,82.15998734,75.1,2019,8,0,217,0,0,28.0,82,85.9,92.2,95.0,86.27142857142857,5.671776407709427,82.32499999999999,0.0,1.0,-0.8660254037844385,-0.5000000000000004,-0.5595892624101763,-0.828770087174504,76.7,79.2
2019-08-06,Chhattisgarh,WR,22.09042035,82.15998734,76.7,2019,8,1,218,0,0,27.7,88,75.1,92.7,90.8,83.9857142857143,5.869817876626413,81.855,0.7818314824680298,0.6234898018587336,-0.8660254037844385,-0.5000000000000004,-0.5737722679043243,-0.8190148866680802,75.7,79.4
2019-08-08,Chhattisgarh,WR,22.09042035,82.15998734,75.7,2019,8,3,220,0,0,25.2,92,76.7,83.8,77.2,82.82857142857144,6.658006279589144,81.80499999999999,0.43388373911755823,-0.900968867902419,-0.8660254037844385,-0.5000000000000004,-0.6016240632249227,-0.7987793728863648,76.3,85.3
2019-08-09,Chhattisgarh,WR,22.09042035,82.15998734,76.3,2019,8,4,221,0,0,26.5,84,75.7,87.9,72.85,81.17142857142858,6.628904958768186,81.92,-0.433883739117558,-0.9009688679024191,-0.8660254037844385,-0.5000000000000004,-0.6152845999633277,-0.7883050558305253,76.2,86.9
2019-08-10,Chhattisgarh,WR,22.09042035,82.15998734,76.2,2019,8,5,222,1,0,27.5,83,76.3,89.6,74.85,79.25714285714287,5.652096113495469,81.96499999999999,-0.9749279121818236,-0.2225209339563146,-0.8660254037844385,-0.5000000000000004,-0.6287628145958345,-0.7775971469736268,74.8,86.5
2019-08-11,Chhattisgarh,WR,22.09042035,82.15998734,74.8,2019,8,6,223,1,0,27.7,84,76.2,88.9,71.65,77.24285714285715,3.8763630475214956,82.07,-0.7818314824680299,0.6234898018587334,-0.8660254037844385,-0.5000000000000004,-0.6420547132365636,-0.7666588193001592,78.0,88.6
2019-08-12,Chhattisgarh,WR,22.09042035,82.15998734,78.0,2019,8,0,224,0,1,27.5,85,74.8,85.9,70.9,76.11428571428571,1.0699354675686255,82.30666666666666,0.0,1.0,-0.8660254037844385,-0.5000000000000004,-0.655156357209085,-0.7554933140726804,79.2,88.7
2019-08-13,Chhattisgarh,WR,22.09042035,82.15998734,79.2,2019,8,1,225,0,0,26.7,90,78.0,75.1,71.6,76.7,1.4696938456697448,82.55999999999999,0.7818314824680298,0.6234898018587336,-0.8660254037844385,-0.5000000000000004,-0.6680638642135333,-0.7441039398713608,79.4,88.1
2019-08-14,Chhattisgarh,WR,22.09042035,82.15998734,79.4,2019,8,2,226,0,0,25.4,93,79.2,76.7,72.3,77.08571428571429,1.789253635298301,82.79666666666667,0.9749279121818236,-0.22252093395631434,-0.8660254037844385,-0.5000000000000004,-0.6807734094770159,-0.7324940716135792,85.3,86.0
2019-08-15,Chhattisgarh,WR,22.09042035,82.15998734,85.3,2019,8,3,227,0,1,27.4,82,79.4,75.7,71.2,78.45714285714287,3.4543967842239947,83.26666666666667,0.43388373911755823,-0.900968867902419,-0.8660254037844385,-0.5000000000000004,-0.6932812268869771,-0.7206671495538615,86.9,72.7
2019-08-16,Chhattisgarh,WR,22.09042035,82.15998734,86.9,2019,8,4,228,0,0,28.2,79,85.3,76.3,70.8,79.97142857142856,4.5124694960056235,83.80333333333334,-0.433883739117558,-0.9009688679024191,-0.8660254037844385,-0.5000000000000004,-0.7055836101071774,-0.70862667826446,86.5,75.8
2019-08-17,Chhattisgarh,WR,22.09042035,82.15998734,86.5,2019,8,5,229,1,0,28.4,79,86.9,76.2,81.1,81.44285714285715,4.7507392908393165,83.98333333333333,-0.9749279121818236,-0.2225209339563146,-0.8660254037844385,-0.5000000000000004,-0.7176769136759615,-0.6963762255968726,88.6,76.2
2019-08-18,Chhattisgarh,WR,22.09042035,82.15998734,88.6,2019,8,6,230,1,0,27.3,86,86.5,74.8,93.1,83.41428571428571,4.383844800867884,83.83333333333333,-0.7818314824680299,0.6234898018587334,-0.8660254037844385,-0.5000000000000004,-0.7295575540864876,-0.6839194216246105,88.7,76.8
2019-08-19,Chhattisgarh,WR,22.09042035,82.15998734,88.7,2019,8,0,231,0,0,26.7,90,88.6,78.0,87.0,84.94285714285715,4.032723291134502,83.89,0.0,1.0,-0.8660254037844385,-0.5000000000000004,-0.7412220108485957,-0.6712599575675315,88.1,77.9
2019-08-20,Chhattisgarh,WR,22.09042035,82.15998734,88.1,2019,8,1,232,0,0,26.7,89,88.7,79.2,69.9,86.21428571428571,3.246756623375154,84.49666666666667,0.7818314824680298,0.6234898018587336,-0.8660254037844385,-0.5000000000000004,-0.7526668275320083,-0.6584015846980489,86.0,77.0
2019-08-21,Chhattisgarh,WR,22.09042035,82.15998734,86.0,2019,8,2,233,0,0,27.0,87,88.1,79.4,79.3,87.15714285714286,1.331486816629908,84.72,0.9749279121818236,-0.22252093395631434,-0.8660254037844385,-0.5000000000000004,-0.7638886127905429,-0.64534811322955,72.7,79.7
2019-08-22,Chhattisgarh,WR,22.09042035,82.15998734,72.7,2019,8,3,234,0,0,27.3,87,86.0,85.3,87.3,85.35714285714286,5.679159897630884,84.23333333333333,0.43388373911755823,-0.900968867902419,-0.8660254037844385,-0.5000000000000004,-0.7748840413670406,-0.6321034111873488,75.8,97.0
2019-08-23,Chhattisgarh,WR,22.09042035,82.15998734,75.8,2019,8,4,235,0,0,27.3,87,72.7,86.9,91.3,83.77142857142857,6.644224129702098,83.71666666666667,-0.433883739117558,-0.9009688679024191,-0.8660254037844385,-0.5000000000000004,-0.7856498550787144,-0.6186714032625032,76.2,89.8
2019-08-24,Chhattisgarh,WR,22.09042035,82.15998734,76.2,2019,8,5,236,1,1,26.2,91,75.8,86.5,84.3,82.3,7.066352194260792,83.44666666666667,-0.9749279121818236,-0.2225209339563146,-0.8660254037844385,-0.5000000000000004,-0.7961828637826154,-0.6050560696488494,76.8,90.6
2019-08-25,Chhattisgarh,WR,22.09042035,82.15998734,76.8,2019,8,6,237,1,0,25.9,91,76.2,88.6,84.5,80.61428571428571,6.71153945863112,83.19,-0.7818314824680299,0.6234898018587334,-0.8660254037844385,-0.5000000000000004,-0.8064799463209447,-0.5912614448635782,77.9,95.8
2019-08-26,Chhattisgarh,WR,22.09042035,82.15998734,77.9,2019,8,0,238,0,0,25.8,91,76.8,88.7,88.5,79.07142857142857,5.709557567714668,82.83666666666666,0.0,1.0,-0.8660254037844385,-0.5000000000000004,-0.8165380514459157,-0.5772916165517278,77.0,100.0
2019-08-27,Chhattisgarh,WR,22.09042035,82.15998734,77.0,2019,8,1,239,0,0,26.5,84,77.9,88.1,91.1,77.48571428571428,4.098141274378151,82.36666666666666,0.7818314824680298,0.6234898018587336,-0.8660254037844385,-0.5000000000000004,-0.8263541987239094,-0.5631507242749187,79.7,101.4
2019-08-28,Chhattisgarh,WR,22.09042035,82.15998734,79.7,2019,8,2,240,0,0,26.4,87,77.0,86.0,92.1,76.58571428571429,2.1412057128546897,81.95333333333335,0.9749279121818236,-0.22252093395631434,-0.8660254037844385,-0.5000000000000004,-0.8359254794186365,-0.5488429582847199,97.0,103.6
2019-08-29,Chhattisgarh,WR,22.09042035,82.15998734,97.0,2019,8,3,241,0,0,26.7,88,79.7,72.7,92.2,80.05714285714285,7.580645782266238,82.11333333333332,0.43388373911755823,-0.900968867902419,-0.8660254037844385,-0.5000000000000004,-0.8452490573530634,-0.5343725582809785,89.8,85.1
2019-08-30,Chhattisgarh,WR,22.09042035,82.15998734,89.8,2019,8,4,242,0,0,27.1,87,97.0,75.8,92.7,82.05714285714285,8.099353295759153,82.01666666666667,-0.433883739117558,-0.9009688679024191,-0.8660254037844385,-0.5000000000000004,-0.8543221697498269,-0.5197438121555157,90.6,89.8
2019-08-31,Chhattisgarh,WR,22.09042035,82.15998734,90.6,2019,8,5,243,1,0,27.3,88,89.8,76.2,83.8,84.11428571428571,8.191953078362726,82.24333333333333,-0.9749279121818236,-0.2225209339563146,-0.8660254037844385,-0.5000000000000004,-0.8631421280499115,-0.5049610547215202,95.8,89.1
2019-09-01,Chhattisgarh,WR,22.09042035,82.15998734,95.8,2019,9,6,244,1,0,27.5,89,90.6,76.8,87.9,86.82857142857142,8.50621621437618,82.50666666666667,-0.7818314824680299,0.6234898018587334,-1.0,-1.8369701987210297e-16,-0.8717063187093217,-0.4900286664290594,100.0,83.7
2019-09-02,Chhattisgarh,WR,22.09042035,82.15998734,100.0,2019,9,0,245,0,0,26.3,91,95.8,77.9,89.6,89.9857142857143,8.738121188491528,82.85333333333332,0.0,1.0,-1.0,-1.8369701987210297e-16,-0.8800122039735356,-0.4749510720670502,101.4,83.6
2019-09-03,Chhattisgarh,WR,22.09042035,82.15998734,101.4,2019,9,1,246,0,0,26.7,89,100.0,77.0,88.9,93.47142857142858,7.469206625810481,83.27000000000001,0.7818314824680298,0.6234898018587336,-1.0,-1.8369701987210297e-16,-0.888057322629493,-0.4597327394521046,103.6,84.4
2019-09-04,Chhattisgarh,WR,22.09042035,82.15998734,103.6,2019,9,2,247,0,0,26.9,89,101.4,79.7,85.9,96.88571428571429,5.2609975516150635,83.86,0.9749279121818236,-0.22252093395631434,-1.0,-1.8369701987210297e-16,-0.8958392907349089,-0.4443781781046134,85.1,104.7
2019-09-05,Chhattisgarh,WR,22.09042035,82.15998734,85.1,2019,9,3,248,0,0,27.2,86,103.6,97.0,75.1,95.18571428571428,6.888741677894877,84.19333333333334,0.43388373911755823,-0.900968867902419,-1.0,-1.8369701987210297e-16,-0.9033558023246842,-0.4288919379124841,89.8,105.6
2019-09-06,Chhattisgarh,WR,22.09042035,82.15998734,89.8,2019,9,4,249,0,0,27.0,89,85.1,89.8,76.7,95.1857142857143,6.888741677894877,84.63000000000001,-0.433883739117558,-0.9009688679024191,-1.0,-1.8369701987210297e-16,-0.9106046300942162,-0.41327860778290443,89.1,105.8
2019-09-08,Chhattisgarh,WR,22.09042035,82.15998734,89.1,2019,9,6,251,1,0,25.8,92,89.8,90.6,75.7,94.97142857142856,7.075948531402102,85.07666666666667,-0.7818314824680299,0.6234898018587334,-1.0,-1.8369701987210297e-16,-0.9242907221930934,-0.3816892202666586,83.7,102.1
2019-09-09,Chhattisgarh,WR,22.09042035,82.15998734,83.7,2019,9,0,252,0,0,26.5,88,89.1,95.8,76.3,93.24285714285715,8.224527776283608,85.32333333333332,0.0,1.0,-1.0,-1.8369701987210297e-16,-0.9307239310379793,-0.3657225234972692,83.6,98.7
2019-09-10,Chhattisgarh,WR,22.09042035,82.15998734,83.6,2019,9,1,253,0,1,26.5,89,83.7,100.0,76.2,90.9,8.314244804350508,85.57,0.7818314824680298,0.6234898018587336,-1.0,-1.8369701987210297e-16,-0.9368813462954315,-0.34964745525122826,84.4,101.8
2019-09-11,Chhattisgarh,WR,22.09042035,82.15998734,84.4,2019,9,2,254,0,0,26.2,90,83.6,101.4,74.8,88.47142857142856,7.135291231083916,85.89,0.9749279121818236,-0.22252093395631434,-1.0,-1.8369701987210297e-16,-0.9427611433904206,-0.33346877891818705,104.7,105.833
2019-09-12,Chhattisgarh,WR,22.09042035,82.15998734,104.7,2019,9,3,255,0,0,25.7,93,84.4,103.6,78.0,88.62857142857145,7.525448887101892,86.78,0.43388373911755823,-0.900968867902419,-1.0,-1.8369701987210297e-16,-0.9483615800121716,-0.31719128858910595,105.6,102.1
2019-09-13,Chhattisgarh,WR,22.09042035,82.15998734,105.6,2019,9,4,256,0,0,26.8,85,104.7,85.1,79.2,91.55714285714285,9.620612791095654,87.66000000000001,-0.433883739117558,-0.9009688679024191,-1.0,-1.8369701987210297e-16,-0.9536809966304455,-0.300819807635668,105.8,100.0
2019-09-14,Chhattisgarh,WR,22.09042035,82.15998734,105.8,2019,9,5,257,1,0,27.0,84,105.6,89.8,79.4,93.84285714285714,10.943317160541124,88.53999999999999,-0.9749279121818236,-0.2225209339563146,-1.0,-1.8369701987210297e-16,-0.9587178169872964,-0.2843591872810036,102.1,99.6
2019-09-15,Chhattisgarh,WR,22.09042035,82.15998734,102.1,2019,9,6,258,1,0,27.0,85,105.8,89.1,85.3,95.70000000000002,11.106154449973694,89.1,-0.7818314824680299,0.6234898018587334,-1.0,-1.8369701987210297e-16,-0.9634705485641486,-0.26781430516217486,98.7,101.8
2019-09-16,Chhattisgarh,WR,22.09042035,82.15998734,98.7,2019,9,0,259,0,0,27.1,87,102.1,83.7,86.9,97.84285714285714,9.771874119611253,89.49333333333334,0.0,1.0,-1.0,-1.8369701987210297e-16,-0.9679377830240642,-0.25119006388481957,101.8,93.6
2019-09-17,Chhattisgarh,WR,22.09042035,82.15998734,101.8,2019,9,1,260,0,0,27.1,89,98.7,83.6,86.5,100.44285714285714,7.5101835625277555,90.00333333333334,0.7818314824680298,0.6234898018587336,-1.0,-1.8369701987210297e-16,-0.9721181966290612,-0.23449138957041052,105.833,95.6
2019-09-18,Chhattisgarh,WR,22.09042035,82.15998734,105.833,2019,9,2,261,0,0,27.3,83,101.8,84.4,88.6,103.50471428571429,2.7225213016799104,90.57776666666665,0.9749279121818236,-0.22252093395631434,-1.0,-1.8369701987210297e-16,-0.9760105506323682,-0.21772323039653224,102.1,95.9
2019-09-19,Chhattisgarh,WR,22.09042035,82.15998734,102.1,2019,9,3,262,0,0,27.2,84,105.833,104.7,88.7,103.13328571428572,2.709598169120432,91.02443333333333,0.43388373911755823,-0.900968867902419,-1.0,-1.8369701987210297e-16,-0.9796136916454901,-0.20089055513063528,100.0,87.8
2019-09-20,Chhattisgarh,WR,22.09042035,82.15998734,100.0,2019,9,4,263,0,0,26.8,87,102.1,105.6,88.1,102.33328571428572,2.6865198500601646,91.42110000000001,-0.433883739117558,-0.9009688679024191,-1.0,-1.8369701987210297e-16,-0.9829265519799822,-0.18399835165767986,99.6,87.1
2019-09-21,Chhattisgarh,WR,22.09042035,82.15998734,99.6,2019,9,5,264,1,0,27.6,85,100.0,105.8,86.0,101.44757142857142,2.3546283398984276,91.87443333333334,-0.9749279121818236,-0.2225209339563146,-1.0,-1.8369701987210297e-16,-0.9859481499638303,-0.1670516255021195,101.8,86.8
2019-09-22,Chhattisgarh,WR,22.09042035,82.15998734,101.8,2019,9,6,265,1,0,27.9,78,99.6,102.1,72.7,101.40471428571428,2.3434779505613244,92.84443333333333,-0.7818314824680299,0.6234898018587334,-1.0,-1.8369701987210297e-16,-0.9886775902323404,-0.15005539834465262,93.6,89.5
2019-09-23,Chhattisgarh,WR,22.09042035,82.15998734,93.6,2019,9,0,266,0,0,27.0,85,101.8,98.7,75.8,100.67614285714285,3.715591134152887,93.43776666666668,0.0,1.0,-1.0,-1.8369701987210297e-16,-0.9911140639934546,-0.13301470653419636,95.6,83.1
2019-09-24,Chhattisgarh,WR,22.09042035,82.15998734,95.6,2019,9,1,267,0,0,26.1,89,93.6,101.8,76.2,99.79042857142858,4.120000965095254,94.08443333333334,0.7818314824680298,0.6234898018587336,-1.0,-1.8369701987210297e-16,-0.9932568492674143,-0.11593459959550066,95.9,78.2
2019-09-25,Chhattisgarh,WR,22.09042035,82.15998734,95.9,2019,9,2,268,0,0,24.2,95,95.6,105.833,76.8,98.37142857142855,3.3260157775310533,94.7211,0.9749279121818236,-0.22252093395631434,-1.0,-1.8369701987210297e-16,-0.9951053111006974,-0.09882013873287211,87.8,75.7
2019-09-26,Chhattisgarh,WR,22.09042035,82.15998734,87.8,2019,9,3,269,0,0,25.0,92,95.9,102.1,77.9,96.32857142857144,4.743667458031291,95.05109999999999,0.43388373911755823,-0.900968867902419,-1.0,-1.8369701987210297e-16,-0.99665890175417,-0.08167639533042288,87.1,81.2
2019-09-27,Chhattisgarh,WR,22.09042035,82.15998734,87.1,2019,9,4,270,0,0,24.8,93,87.8,100.0,77.0,94.48571428571427,5.521602596900555,95.38776666666666,-0.433883739117558,-0.9009688679024191,-1.0,-1.8369701987210297e-16,-0.9979171608653922,-0.06450844944931625,86.8,80.1
2019-09-28,Chhattisgarh,WR,22.09042035,82.15998734,86.8,2019,9,5,271,1,0,24.5,93,87.1,99.6,79.7,92.65714285714286,5.663290310663976,95.62443333333334,-0.9749279121818236,-0.2225209339563146,-1.0,-1.8369701987210297e-16,-0.9988797155850335,-0.04732138832243232,89.5,79.5
2019-09-29,Chhattisgarh,WR,22.09042035,82.15998734,89.5,2019,9,6,272,1,0,24.2,95,86.8,101.8,97.0,90.89999999999999,4.0249223594999854,95.37443333333334,-0.7818314824680299,0.6234898018587334,-1.0,-1.8369701987210297e-16,-0.9995462806873573,-0.03012030484690836,83.1,77.8
2019-09-30,Chhattisgarh,WR,22.09042035,82.15998734,83.1,2019,9,0,273,0,0,25.2,90,89.5,93.6,89.8,89.4,4.74341649025284,95.1511,0.0,1.0,-1.0,-1.8369701987210297e-16,-0.9999166586547379,-0.012910296075008843,78.2,82.9
2019-10-01,Chhattisgarh,WR,22.09042035,82.15998734,78.2,2019,10,1,274,0,0,25.9,88,83.1,95.6,90.6,86.91428571428571,5.458152487007902,94.73776666666667,0.7818314824680298,0.6234898018587336,-0.8660254037844386,0.5000000000000001,-0.9999907397361901,0.004303538296243821,75.7,83.3
2019-10-02,Chhattisgarh,WR,22.09042035,82.15998734,75.7,2019,10,2,275,0,1,26.4,85,78.2,95.9,95.8,84.02857142857144,5.251575727250714,94.06776666666666,0.9749279121818236,-0.22252093395631434,-0.8660254037844386,0.5000000000000001,-0.9997685019798909,0.021516097436222233,81.2,84.7
2019-10-03,Chhattisgarh,WR,22.09042035,82.15998734,81.2,2019,10,3,276,0,0,26.0,80,75.7,87.8,100.0,83.08571428571427,5.0502239460011,93.44109999999999,0.43388373911755823,-0.900968867902419,-0.8660254037844386,0.5000000000000001,-0.9992500112396835,0.03872228089217399,80.1,91.9
2019-10-04,Chhattisgarh,WR,22.09042035,82.15998734,80.1,2019,10,4,277,0,0,26.4,79,81.2,87.1,101.4,82.08571428571429,4.810207400736065,92.7311,-0.433883739117558,-0.9009688679024191,-0.8660254037844386,0.5000000000000001,-0.9984354211555643,0.05591699010060302,79.5,90.3
2019-10-05,Chhattisgarh,WR,22.09042035,82.15998734,79.5,2019,10,5,278,1,0,26.3,83,80.1,86.8,103.6,81.04285714285713,4.390845454980659,91.92776666666667,-0.9749279121818236,-0.2225209339563146,-0.8660254037844386,0.5000000000000001,-0.9973249731081555,0.07309512989807776,77.8,87.4
2019-10-06,Chhattisgarh,WR,22.09042035,82.15998734,77.8,2019,10,6,279,1,0,26.3,85,79.5,89.5,85.1,79.37142857142858,2.419169475745966,91.68443333333333,-0.7818314824680299,0.6234898018587334,-0.8660254037844386,0.5000000000000001,-0.9959189961471792,0.0902516100310407,82.9,90.4
2019-10-08,Chhattisgarh,WR,22.09042035,82.15998734,82.9,2019,10,1,281,0,1,25.9,86,77.8,83.1,89.8,79.34285714285714,2.3684433304438324,91.45443333333333,0.7818314824680298,0.6234898018587336,-0.8660254037844386,0.5000000000000001,-0.9922222094179324,0.12447926388678869,83.3,94.1
2019-10-09,Chhattisgarh,WR,22.09042035,82.15998734,83.3,2019,10,2,282,0,0,25.4,86,82.9,78.2,89.1,80.07142857142857,2.7170537264436283,91.2611,0.9749279121818236,-0.22252093395631434,-0.8660254037844386,0.5000000000000001,-0.989932495087353,0.141540295217043,84.7,91.0
2019-10-10,Chhattisgarh,WR,22.09042035,82.15998734,84.7,2019,10,3,283,0,0,26.1,82,83.3,75.7,83.7,81.35714285714286,2.4165106681999995,91.29443333333333,0.43388373911755823,-0.900968867902419,-0.8660254037844386,0.5000000000000001,-0.9873494423939864,0.15855938510313475,91.9,91.8
2019-10-11,Chhattisgarh,WR,22.09042035,82.15998734,91.9,2019,10,4,284,0,0,26.0,80,84.7,81.2,83.6,82.88571428571429,4.651318297511243,91.57110000000002,-0.433883739117558,-0.9009688679024191,-0.8660254037844386,0.5000000000000001,-0.9844738167520923,0.17553149042142777,90.3,77.0
2019-10-12,Chhattisgarh,WR,22.09042035,82.15998734,90.3,2019,10,5,285,1,0,26.0,80,91.9,80.1,84.4,84.34285714285714,5.198671991594757,91.76776666666666,-0.9749279121818236,-0.2225209339563146,-0.8660254037844386,0.5000000000000001,-0.9813064702716093,0.19245158197082995,87.4,78.4
2019-10-13,Chhattisgarh,WR,22.09042035,82.15998734,87.4,2019,10,6,286,1,0,25.8,77,90.3,79.5,104.7,85.47142857142856,4.815500765138473,91.19109999999999,-0.7818314824680299,0.6234898018587334,-0.8660254037844386,0.5000000000000001,-0.9778483415056567,0.20931464596304888,90.4,77.8
2019-10-14,Chhattisgarh,WR,22.09042035,82.15998734,90.4,2019,10,0,287,0,0,25.9,73,87.4,77.8,105.6,87.27142857142859,3.6944617495718743,90.68443333333333,0.0,1.0,-0.8660254037844386,0.5000000000000001,-0.9741004551724206,0.22611568550828803,94.1,78.8
2019-10-15,Chhattisgarh,WR,22.09042035,82.15998734,94.1,2019,10,1,288,0,0,25.3,71,90.4,82.9,105.8,88.87142857142858,3.9050028961641092,90.29443333333333,0.7818314824680298,0.6234898018587336,-0.8660254037844386,0.5000000000000001,-0.970063921851507,0.2428497220959358,91.0,79.3
2019-10-16,Chhattisgarh,WR,22.09042035,82.15998734,91.0,2019,10,2,289,0,0,25.1,72,94.1,83.3,102.1,89.97142857142856,3.06904669548222,89.92443333333333,0.9749279121818236,-0.22252093395631434,-0.8660254037844386,0.5000000000000001,-0.965739937654855,0.25951179706979943,91.8,72.5
2019-10-17,Chhattisgarh,WR,22.09042035,82.15998734,91.8,2019,10,3,290,0,0,25.3,77,91.0,84.7,98.7,90.9857142857143,2.0358688328978514,89.69443333333334,0.43388373911755823,-0.900968867902419,-0.8660254037844386,0.5000000000000001,-0.9611297838723007,0.27609697309746883,77.0,78.7
2019-10-18,Chhattisgarh,WR,22.09042035,82.15998734,77.0,2019,10,4,291,0,0,24.8,89,91.8,91.9,101.8,88.85714285714286,5.596384887543589,88.86776666666667,-0.433883739117558,-0.9009688679024191,-0.8660254037844386,0.5000000000000001,-0.9562348265919058,0.2926003356333479,78.4,92.7
2019-10-19,Chhattisgarh,WR,22.09042035,82.15998734,78.4,2019,10,5,292,1,0,25.4,87,77.0,90.3,105.833,87.15714285714286,6.769504448347203,87.95333333333335,-0.9749279121818236,-0.2225209339563146,-0.8660254037844386,0.5000000000000001,-0.9510565162951536,0.30901699437494723,77.8,87.9
2019-10-20,Chhattisgarh,WR,22.09042035,82.15998734,77.8,2019,10,6,293,1,0,25.0,86,78.4,87.4,102.1,85.78571428571429,7.629859887623344,87.14333333333333,-0.7818314824680299,0.6234898018587334,-0.8660254037844386,0.5000000000000001,-0.9455963874271428,0.3253420847119795,78.8,80.5
2019-10-21,Chhattisgarh,WR,22.09042035,82.15998734,78.8,2019,10,0,294,0,0,24.7,88,77.8,90.4,100.0,84.12857142857142,7.719826052814644,86.43666666666667,0.0,1.0,-0.8660254037844386,0.5000000000000001,-0.9398560579418953,0.341570769167856,79.3,80.3
2019-10-22,Chhattisgarh,WR,22.09042035,82.15998734,79.3,2019,10,1,295,0,0,24.9,84,78.8,94.1,99.6,82.0142857142857,6.457148124734548,85.75999999999999,0.7818314824680298,0.6234898018587336,-0.8660254037844386,0.5000000000000001,-0.9338372288229252,0.35769823883312546,72.5,88.3
2019-10-23,Chhattisgarh,WR,22.09042035,82.15998734,72.5,2019,10,2,296,0,0,24.3,84,79.3,91.0,101.8,79.37142857142855,5.930911758382067,84.78333333333333,0.9749279121818236,-0.22252093395631434,-0.8660254037844386,0.5000000000000001,-0.9275416835791965,0.3737197147904692,78.7,97.4
2019-10-24,Chhattisgarh,WR,22.09042035,82.15998734,78.7,2019,10,3,297,0,0,23.2,92,72.5,91.8,93.6,77.5,2.328089345364553,84.28666666666666,0.43388373911755823,-0.900968867902419,-0.8660254037844386,0.5000000000000001,-0.9209712877166347,0.38963044953078774,92.7,96.0
2019-10-25,Chhattisgarh,WR,22.09042035,82.15998734,92.7,2019,10,4,298,0,0,23.9,85,78.7,77.0,95.6,79.74285714285715,6.165727084147575,84.19,-0.433883739117558,-0.9009688679024191,-0.8660254037844386,0.5000000000000001,-0.9141279881853337,0.4054257283599973,87.9,78.2
2019-10-26,Chhattisgarh,WR,22.09042035,82.15998734,87.9,2019,10,5,299,1,0,24.0,84,92.7,78.4,95.9,81.10000000000001,6.830568546370607,83.92333333333333,-0.9749279121818236,-0.2225209339563146,-0.8660254037844386,0.5000000000000001,-0.9070138128026362,0.42110087079608916,80.5,78.3
2019-10-27,Chhattisgarh,WR,22.09042035,82.15998734,80.5,2019,10,6,300,1,1,24.7,84,87.9,77.8,87.8,81.4857142857143,6.687906640952467,83.68,-0.7818314824680299,0.6234898018587334,-0.8660254037844386,0.5000000000000001,-0.8996308696522434,0.4366512319560638,80.3,78.9
2019-10-28,Chhattisgarh,WR,22.09042035,82.15998734,80.3,2019,10,0,301,0,0,25.7,79,80.5,78.8,87.1,81.7,6.611101774036426,83.45333333333335,0.0,1.0,-0.8660254037844386,0.5000000000000001,-0.8919813464595487,0.45207220393230374,88.3,77.5
2019-10-29,Chhattisgarh,WR,22.09042035,82.15998734,88.3,2019,10,1,302,0,0,25.3,82,80.3,79.3,86.8,82.98571428571428,6.9338369780444395,83.50333333333333,0.7818314824680298,0.6234898018587336,-0.8660254037844386,0.5000000000000001,-0.8840675099433637,0.46735921715800205,97.4,78.3
2019-10-30,Chhattisgarh,WR,22.09042035,82.15998734,97.4,2019,10,2,303,0,0,25.4,81,88.3,72.5,89.5,86.54285714285713,7.044112705623466,83.76666666666667,0.9749279121818236,-0.22252093395631434,-0.8660254037844386,0.5000000000000001,-0.8758917051442433,0.48250774176121763,96.0,83.4
2019-10-31,Chhattisgarh,WR,22.09042035,82.15998734,96.0,2019,10,3,304,0,0,25.0,72,97.4,78.7,83.1,89.0142857142857,6.866447060751144,84.19666666666667,0.43388373911755823,-0.900968867902419,-0.8660254037844386,0.5000000000000001,-0.8674563547295971,0.4975132889071803,78.2,79.5
2019-11-01,Chhattisgarh,WR,22.09042035,82.15998734,78.2,2019,11,4,305,0,0,24.6,77,96.0,92.7,78.2,86.94285714285715,7.7051621533570644,84.19666666666666,-0.433883739117558,-0.9009688679024191,-0.5000000000000004,0.8660254037844384,-0.858763958275803,0.5123714121284235,78.3,72.1
2019-11-02,Chhattisgarh,WR,22.09042035,82.15998734,78.3,2019,11,5,306,1,0,25.4,76,78.2,87.9,75.7,85.57142857142857,8.335009355266667,84.28333333333333,-0.9749279121818236,-0.2225209339563146,-0.5000000000000004,0.8660254037844384,-0.8498170915275277,0.5270777086423724,78.9,71.7
2019-11-03,Chhattisgarh,WR,22.09042035,82.15998734,78.9,2019,11,6,307,1,0,25.7,70,78.3,80.5,81.2,85.34285714285716,8.517209469236915,84.20666666666668,-0.7818314824680299,0.6234898018587334,-0.5000000000000004,0.8660254037844384,-0.8406184056344783,0.5416278206559811,77.5,70.8
2019-11-04,Chhattisgarh,WR,22.09042035,82.15998734,77.5,2019,11,0,308,0,0,25.5,73,78.9,80.3,80.1,84.94285714285715,8.852656313758347,84.11999999999999,0.0,1.0,-0.5000000000000004,0.8660254037844384,-0.8311706263658079,0.5560174366570446,78.3,71.2
2019-11-05,Chhattisgarh,WR,22.09042035,82.15998734,78.3,2019,11,1,309,0,0,25.1,72,77.5,88.3,79.5,83.51428571428572,9.025783174038873,84.07999999999998,0.7818314824680298,0.6234898018587336,-0.5000000000000004,0.8660254037844384,-0.8214765533024145,0.5702422926917867,83.4,71.2
2019-11-06,Chhattisgarh,WR,22.09042035,82.15998734,83.4,2019,11,2,310,0,0,24.1,70,78.3,97.4,77.8,81.51428571428572,6.683170049068228,84.26666666666667,0.9749279121818236,-0.22252093395631434,-0.5000000000000004,0.8660254037844384,-0.8115390590073611,0.5842981736283683,79.5,70.8
2019-11-08,Chhattisgarh,WR,22.09042035,82.15998734,79.5,2019,11,4,312,0,0,22.7,69,83.4,96.0,82.9,79.15714285714286,1.971342303150448,84.15333333333334,-0.433883739117558,-0.9009688679024191,-0.5000000000000004,0.8660254037844384,-0.7909456567567774,0.6118864012687242,72.1,70.8
2019-11-09,Chhattisgarh,WR,22.09042035,82.15998734,72.1,2019,11,5,313,1,0,24.1,74,79.5,78.2,83.3,78.28571428571429,3.3388763436364393,83.77999999999999,-0.9749279121818236,-0.2225209339563146,-0.5000000000000004,0.8660254037844384,-0.780295851070776,0.6254105729852457,71.7,96.9
2019-11-10,Chhattisgarh,WR,22.09042035,82.15998734,71.7,2019,11,6,314,1,1,24.8,73,72.1,78.3,84.7,77.34285714285714,4.164075384707069,83.34666666666666,-0.7818314824680299,0.6234898018587334,-0.5000000000000004,0.8660254037844384,-0.7694148268839381,0.6387494220515268,70.8,95.5
2019-11-11,Chhattisgarh,WR,22.09042035,82.15998734,70.8,2019,11,0,315,0,0,23.6,69,71.7,78.9,91.9,76.1857142857143,4.744269726532674,82.64333333333333,0.0,1.0,-0.5000000000000004,0.8660254037844384,-0.7583058084785625,0.6518989958787125,71.2,96.3
2019-11-12,Chhattisgarh,WR,22.09042035,82.15998734,71.2,2019,11,1,316,0,1,23.0,66,70.8,77.5,90.3,75.28571428571429,5.041636166771074,82.00666666666667,0.7818314824680298,0.6234898018587336,-0.5000000000000004,0.8660254037844384,-0.7469720876965551,0.6648553979642866,71.2,94.5
2019-11-13,Chhattisgarh,WR,22.09042035,82.15998734,71.2,2019,11,2,317,0,0,22.8,67,71.2,78.3,87.4,74.27142857142857,5.048337774526667,81.46666666666667,0.9749279121818236,-0.22252093395631434,-0.5000000000000004,0.8660254037844384,-0.7354170229639858,0.6776147890466887,70.8,97.5
2019-11-14,Chhattisgarh,WR,22.09042035,82.15998734,70.8,2019,11,3,318,0,0,22.6,68,71.2,83.4,90.4,72.47142857142856,3.1345995415223666,80.81333333333333,0.43388373911755823,-0.900968867902419,-0.5000000000000004,0.8660254037844384,-0.7236440382959124,0.690173388242972,70.8,94.2
2019-11-15,Chhattisgarh,WR,22.09042035,82.15998734,70.8,2019,11,4,319,0,0,22.6,66,70.8,79.5,94.1,71.22857142857143,0.5056820005811905,80.03666666666666,-0.433883739117558,-0.9009688679024191,-0.5000000000000004,0.8660254037844384,-0.711656622281775,0.7025274741691566,96.9,91.9
2019-11-16,Chhattisgarh,WR,22.09042035,82.15998734,96.9,2019,11,5,320,1,0,22.4,65,70.8,72.1,91.0,74.77142857142857,9.763318132293941,80.23333333333333,-0.9749279121818236,-0.2225209339563146,-0.5000000000000004,0.8660254037844384,-0.6994583270516471,0.7146733860429608,95.5,85.4
2019-11-17,Chhattisgarh,WR,22.09042035,82.15998734,95.5,2019,11,6,321,1,0,23.2,65,96.9,71.7,91.8,78.17142857142856,12.323786523861656,80.35666666666665,-0.7818314824680299,0.6234898018587334,-0.5000000000000004,0.8660254037844384,-0.6870527672236675,0.7266075247685652,96.3,86.6
2019-11-18,Chhattisgarh,WR,22.09042035,82.15998734,96.3,2019,11,0,322,0,0,23.2,60,95.5,70.8,77.0,81.81428571428572,13.49486674893197,81.0,0.0,1.0,-0.5000000000000004,0.8660254037844384,-0.6744436188329457,0.7383263540031063,94.5,82.8
2019-11-19,Chhattisgarh,WR,22.09042035,82.15998734,94.5,2019,11,1,323,0,0,22.4,62,96.3,71.2,78.4,85.14285714285714,13.312757934009248,81.53666666666666,0.7818314824680298,0.6234898018587336,-0.5000000000000004,0.8660254037844384,-0.661634618242279,0.749826401204568,97.5,89.0
2019-11-20,Chhattisgarh,WR,22.09042035,82.15998734,97.5,2019,11,2,324,0,0,22.6,63,94.5,71.2,77.8,88.9,12.40201596515678,82.19333333333334,0.9749279121818236,-0.22252093395631434,-0.5000000000000004,0.8660254037844384,-0.6486295610349818,0.7611042586607742,94.2,85.9
2019-11-21,Chhattisgarh,WR,22.09042035,82.15998734,94.2,2019,11,3,325,0,0,22.4,67,97.5,70.8,78.8,92.24285714285713,9.531676512705515,82.70666666666666,0.43388373911755823,-0.900968867902419,-0.5000000000000004,0.8660254037844384,-0.6354323008901775,0.7721565844991641,91.9,70.7
2019-11-22,Chhattisgarh,WR,22.09042035,82.15998734,91.9,2019,11,4,326,0,0,22.5,68,94.2,70.8,79.3,95.25714285714287,1.9077536029397673,83.12666666666668,-0.433883739117558,-0.9009688679024191,-0.5000000000000004,0.8660254037844384,-0.622046748440868,0.7829801036770624,85.4,82.1
2019-11-23,Chhattisgarh,WR,22.09042035,82.15998734,85.4,2019,11,5,327,1,0,22.7,62,91.9,96.9,72.5,93.61428571428573,4.0292383777541865,83.55666666666667,-0.9749279121818236,-0.2225209339563146,-0.5000000000000004,0.8660254037844384,-0.6084768701151264,0.7935716089521472,86.6,92.4
2019-11-24,Chhattisgarh,WR,22.09042035,82.15998734,86.6,2019,11,6,328,1,0,22.2,59,85.4,95.5,78.7,92.34285714285716,4.685743321629489,83.82,-0.7818314824680299,0.6234898018587334,-0.5000000000000004,0.8660254037844384,-0.594726686960764,0.8039279618328208,82.8,91.5
2019-11-25,Chhattisgarh,WR,22.09042035,82.15998734,82.8,2019,11,0,329,0,0,22.9,64,86.6,96.3,92.7,90.41428571428571,5.494066063014364,83.49000000000001,0.0,1.0,-0.5000000000000004,0.8660254037844384,-0.5808002734538013,0.8140460935082175,89.0,92.2
2019-11-26,Chhattisgarh,WR,22.09042035,82.15998734,89.0,2019,11,1,330,0,0,22.7,67,82.8,94.5,87.9,89.62857142857142,5.197664310603202,83.52666666666667,0.7818314824680298,0.6234898018587336,-0.5000000000000004,0.8660254037844384,-0.5667017562911184,0.8239230057575536,85.9,92.1
2019-11-27,Chhattisgarh,WR,22.09042035,82.15998734,85.9,2019,11,2,331,0,0,23.3,68,89.0,97.5,80.5,87.97142857142856,3.9752208683775474,83.70666666666666,0.9749279121818236,-0.22252093395631434,-0.5000000000000004,0.8660254037844384,-0.5524353131676203,0.8335557718385695,70.7,92.8
2019-11-28,Chhattisgarh,WR,22.09042035,82.15998734,70.7,2019,11,3,332,0,0,22.8,73,85.9,94.2,80.3,84.61428571428573,6.775305299745839,83.38666666666667,0.43388373911755823,-0.900968867902419,-0.5000000000000004,0.8660254037844384,-0.5380051715382992,0.8429415373547832,82.1,89.6
2019-11-29,Chhattisgarh,WR,22.09042035,82.15998734,82.1,2019,11,4,333,0,0,22.9,73,70.7,91.9,88.3,83.21428571428571,5.9853790109535705,83.18,-0.433883739117558,-0.9009688679024191,-0.5000000000000004,0.8660254037844384,-0.5234156073655503,0.8520775211013093,92.4,86.9
2019-11-30,Chhattisgarh,WR,22.09042035,82.15998734,92.4,2019,11,5,334,1,0,23.2,69,82.1,85.4,97.4,84.21428571428571,6.9227712590236505,83.01333333333334,-0.9749279121818236,-0.2225209339563146,-0.5000000000000004,0.8660254037844384,-0.5086709438521042,0.8609610158889945,91.5,69.2
2019-12-01,Chhattisgarh,WR,22.09042035,82.15998734,91.5,2019,12,6,335,1,0,22.5,66,92.4,86.6,96.0,84.91428571428571,7.433130469151663,82.86333333333333,-0.7818314824680299,0.6234898018587334,-2.4492935982947064e-16,1.0,-0.49377555015997737,0.8695893893466109,92.2,72.9
2019-12-02,Chhattisgarh,WR,22.09042035,82.15998734,92.2,2019,12,0,336,0,0,22.4,66,91.5,82.8,78.2,86.25714285714285,7.826207498496735,83.33,0.0,1.0,-2.4492935982947064e-16,1.0,-0.4787338401157883,0.8779600847008883,92.1,75.4
2019-12-03,Chhattisgarh,WR,22.09042035,82.15998734,92.1,2019,12,1,337,0,0,22.2,67,92.2,89.0,78.3,86.7,8.090529442914692,83.78999999999999,0.7818314824680298,0.6234898018587336,-2.4492935982947064e-16,1.0,-0.4635502709028512,0.8860706215341378,92.8,75.0
2019-12-04,Chhattisgarh,WR,22.09042035,82.15998734,92.8,2019,12,2,338,0,0,21.4,55,92.1,85.9,78.9,87.6857142857143,8.391549036864316,84.25333333333333,0.9749279121818236,-0.22252093395631434,-2.4492935982947064e-16,1.0,-0.4482293417404106,0.893918596519257,89.6,78.7
2019-12-05,Chhattisgarh,WR,22.09042035,82.15998734,89.6,2019,12,3,339,0,0,19.5,57,92.8,70.7,77.5,90.38571428571427,3.7997493651686254,84.65666666666667,0.43388373911755823,-0.900968867902419,-2.4492935982947064e-16,1.0,-0.4327755925504317,0.9015016841318838,86.9,79.4
2019-12-06,Chhattisgarh,WR,22.09042035,82.15998734,86.9,2019,12,4,340,0,0,19.9,58,89.6,82.1,78.3,91.07142857142857,2.1148004521432484,84.94333333333334,-0.433883739117558,-0.9009688679024191,-2.4492935982947064e-16,1.0,-0.41719360261231697,0.9088176373395028,69.2,76.5
2019-12-08,Chhattisgarh,WR,22.09042035,82.15998734,69.2,2019,12,6,342,1,0,20.3,68,86.9,92.4,83.4,87.75714285714285,8.431460360431467,84.47,-0.7818314824680299,0.6234898018587334,-2.4492935982947064e-16,1.0,-0.38566340624360745,0.9226395488404875,72.9,73.7
2019-12-09,Chhattisgarh,WR,22.09042035,82.15998734,72.9,2019,12,0,343,0,0,20.5,70,69.2,91.5,79.5,85.10000000000001,9.864414157296375,84.25,0.0,1.0,-2.4492935982947064e-16,1.0,-0.3697245428906732,0.9291414114031743,75.4,73.7
2019-12-10,Chhattisgarh,WR,22.09042035,82.15998734,75.4,2019,12,1,344,0,0,20.7,68,72.9,92.2,72.1,82.7,9.892758294159846,84.36,0.7818314824680298,0.6234898018587336,-2.4492935982947064e-16,1.0,-0.3536761221763721,0.935367949313148,75.0,78.7
2019-12-11,Chhattisgarh,WR,22.09042035,82.15998734,75.0,2019,12,2,345,0,0,20.6,68,75.4,92.1,71.7,80.25714285714285,9.276827249093564,84.47,0.9749279121818236,-0.22252093395631434,-2.4492935982947064e-16,1.0,-0.33752289959411347,0.941317317512847,78.7,80.9
2019-12-12,Chhattisgarh,WR,22.09042035,82.15998734,78.7,2019,12,3,346,0,0,21.4,64,75.0,92.8,70.8,78.24285714285715,7.450471381699567,84.73333333333333,0.43388373911755823,-0.900968867902419,-2.4492935982947064e-16,1.0,-0.32126966169236515,0.9469877530760751,79.4,82.6
2019-12-13,Chhattisgarh,WR,22.09042035,82.15998734,79.4,2019,12,4,347,0,0,20.5,70,78.7,89.6,71.2,76.78571428571429,5.635432125231861,85.00666666666666,-0.433883739117558,-0.9009688679024191,-2.4492935982947064e-16,1.0,-0.3049212246562894,0.9523775757303973,76.5,83.8
2019-12-14,Chhattisgarh,WR,22.09042035,82.15998734,76.5,2019,12,5,348,1,0,21.5,77,79.4,86.9,71.2,75.3,3.485206832695338,85.18333333333334,-0.9749279121818236,-0.2225209339563146,-2.4492935982947064e-16,1.0,-0.2884824328806098,0.9574851883550389,73.7,83.8
2019-12-15,Chhattisgarh,WR,22.09042035,82.15998734,73.7,2019,12,6,349,1,0,21.1,79,76.5,69.2,70.8,75.94285714285715,2.4268341124855675,85.28,-0.7818314824680299,0.6234898018587334,-2.4492935982947064e-16,1.0,-0.27195815753410524,0.9623090774541487,73.7,73.5
2019-12-16,Chhattisgarh,WR,22.09042035,82.15998734,73.7,2019,12,0,350,0,0,20.4,80,73.7,72.9,70.8,76.05714285714285,2.2736586836030708,85.37666666666668,0.0,1.0,-2.4492935982947064e-16,1.0,-0.2553532951161881,0.9668478136052773,78.7,74.4
2019-12-17,Chhattisgarh,WR,22.09042035,82.15998734,78.7,2019,12,1,351,0,0,20.3,72,73.7,75.4,96.9,76.52857142857144,2.4499757044470716,84.77000000000001,0.7818314824680298,0.6234898018587336,-2.4492935982947064e-16,1.0,-0.23867276600594997,0.9711000518829505,80.9,76.2
2019-12-18,Chhattisgarh,WR,22.09042035,82.15998734,80.9,2019,12,2,352,0,0,18.2,70,78.7,75.0,95.5,77.37142857142858,2.822950162338654,84.28333333333333,0.9749279121818236,-0.22252093395631434,-2.4492935982947064e-16,1.0,-0.22192151300416674,0.9750645322571945,82.6,76.9
2019-12-19,Chhattisgarh,WR,22.09042035,82.15998734,82.6,2019,12,3,353,0,0,18.1,67,80.9,78.7,96.3,77.92857142857143,3.445148417564615,83.82666666666667,0.43388373911755823,-0.900968867902419,-2.4492935982947064e-16,1.0,-0.20510449986861926,0.9787400799669153,83.8,75.8
2019-12-20,Chhattisgarh,WR,22.09042035,82.15998734,83.8,2019,12,4,354,0,0,17.8,61,82.6,79.4,94.5,78.55714285714285,4.097908874396509,83.47,-0.433883739117558,-0.9009688679024191,-2.4492935982947064e-16,1.0,-0.1882267098432439,0.9821256058680006,83.8,75.8
2019-12-21,Chhattisgarh,WR,22.09042035,82.15998734,83.8,2019,12,5,355,1,0,18.9,60,83.8,76.5,97.5,79.60000000000001,4.40454310910914,83.01333333333334,-0.9749279121818236,-0.2225209339563146,-2.4492935982947064e-16,1.0,-0.1712931441814778,0.9852201067560606,73.5,74.2
2019-12-22,Chhattisgarh,WR,22.09042035,82.15998734,73.5,2019,12,6,356,1,0,19.9,63,83.8,73.7,94.2,79.57142857142857,4.449612075119406,82.32333333333334,-0.7818314824680299,0.6234898018587334,-2.4492935982947064e-16,1.0,-0.154308820664281,0.9880226656636976,74.4,78.9
2019-12-23,Chhattisgarh,WR,22.09042035,82.15998734,74.4,2019,12,0,357,0,0,20.4,61,73.5,73.7,91.9,79.67142857142858,4.30105192005961,81.74,0.0,1.0,-2.4492935982947064e-16,1.0,-0.13727877211326517,0.9905324521322227,76.2,83.8
2019-12-24,Chhattisgarh,WR,22.09042035,82.15998734,76.2,2019,12,1,358,0,0,20.2,67,74.4,78.7,85.4,79.31428571428572,4.494599934524686,81.43333333333334,0.7818314824680298,0.6234898018587336,-2.4492935982947064e-16,1.0,-0.12020804489935275,0.9927487224577402,76.9,86.5
2019-12-25,Chhattisgarh,WR,22.09042035,82.15998734,76.9,2019,12,2,359,0,1,21.7,67,76.2,80.9,86.6,78.74285714285715,4.5136301513147625,81.11,0.9749279121818236,-0.22252093395631434,-2.4492935982947064e-16,1.0,-0.10310169744743544,0.9946708199115211,75.8,84.7
2019-12-26,Chhattisgarh,WR,22.09042035,82.15998734,75.8,2019,12,3,360,0,0,19.4,85,76.9,82.6,82.8,77.77142857142857,4.270329528937392,80.87666666666665,0.43388373911755823,-0.900968867902419,-2.4492935982947064e-16,1.0,-0.0859647987374467,0.9962981749346077,75.8,85.4
2019-12-27,Chhattisgarh,WR,22.09042035,82.15998734,75.8,2019,12,4,361,0,0,16.2,54,75.8,83.8,89.0,76.62857142857142,3.3619013894492884,80.43666666666667,-0.433883739117558,-0.9009688679024191,-2.4492935982947064e-16,1.0,-0.06880242680232064,0.9976303053065857,74.2,89.1
2019-12-28,Chhattisgarh,WR,22.09042035,82.15998734,74.2,2019,12,5,362,1,0,14.3,55,75.8,83.8,85.9,75.25714285714287,1.2326896647265357,80.04666666666667,-0.9749279121818236,-0.2225209339563146,-2.4492935982947064e-16,1.0,-0.05161966722325418,0.9986668162884759,78.9,93.9
2019-12-29,Chhattisgarh,WR,22.09042035,82.15998734,78.9,2019,12,6,363,1,0,15.2,62,74.2,73.5,70.7,76.02857142857144,1.5882005390947727,80.32,-0.7818314824680299,0.6234898018587334,-2.4492935982947064e-16,1.0,-0.034421611622745804,0.9994074007397048,83.8,82.7
2019-12-30,Chhattisgarh,WR,22.09042035,82.15998734,83.8,2019,12,0,364,0,0,16.3,56,78.9,74.4,82.1,77.37142857142858,3.168971592233228,80.37666666666668,0.0,1.0,-2.4492935982947064e-16,1.0,-0.01721335615583528,0.9998518392091162,86.5,69.6
2019-12-31,Chhattisgarh,WR,22.09042035,82.15998734,86.5,2019,12,1,365,0,0,17.1,58,83.8,76.2,92.4,78.84285714285714,4.601759497865031,80.18,0.7818314824680298,0.6234898018587336,-2.4492935982947064e-16,1.0,6.432490598706546e-16,1.0,84.7,72.7
2020-01-01,Chhattisgarh,WR,22.09042035,82.15998734,84.7,2020,1,2,1,0,0,17.2,70,86.5,76.9,91.5,79.95714285714287,4.981585136900829,79.95333333333333,0.9749279121818236,-0.22252093395631434,0.49999999999999994,0.8660254037844387,0.017213356155834685,0.9998518392091162,85.4,81.3
2020-01-02,Chhattisgarh,WR,22.09042035,82.15998734,85.4,2020,1,3,2,0,0,17.2,79,84.7,75.8,92.2,81.32857142857144,4.967801084891453,79.72666666666667,0.43388373911755823,-0.900968867902419,0.49999999999999994,0.8660254037844387,0.03442161162274574,0.9994074007397048,89.1,77.5
2020-01-03,Chhattisgarh,WR,22.09042035,82.15998734,89.1,2020,1,4,3,0,0,18.1,84,85.4,75.8,92.1,83.22857142857143,5.043713673380866,79.62666666666668,-0.433883739117558,-0.9009688679024191,0.49999999999999994,0.8660254037844387,0.051619667223253764,0.998666816288476,93.9,77.6
2020-01-04,Chhattisgarh,WR,22.09042035,82.15998734,93.9,2020,1,5,4,1,0,17.7,87,89.1,74.2,92.8,86.04285714285713,4.646811502832808,79.66333333333334,-0.9749279121818236,-0.2225209339563146,0.49999999999999994,0.8660254037844387,0.06880242680231986,0.9976303053065857,82.7,80.5
2020-01-05,Chhattisgarh,WR,22.09042035,82.15998734,82.7,2020,1,6,5,1,0,15.8,75,93.9,78.9,89.6,86.58571428571429,3.8220537984305674,79.43333333333334,-0.7818314824680299,0.6234898018587334,0.49999999999999994,0.8660254037844387,0.08596479873744647,0.9962981749346078,69.6,82.5
2020-01-13,Chhattisgarh,WR,22.09042035,82.15998734,69.6,2020,1,0,13,0,0,17.0,73,82.7,83.8,86.9,84.55714285714286,7.523265501730325,78.85666666666667,0.0,1.0,0.49999999999999994,0.8660254037844387,0.2219215130041655,0.9750645322571948,72.7,83.4
2020-01-14,Chhattisgarh,WR,22.09042035,82.15998734,72.7,2020,1,1,14,0,0,18.7,74,69.6,86.5,69.2,82.58571428571429,8.652635161504069,78.97333333333334,0.7818314824680298,0.6234898018587336,0.49999999999999994,0.8660254037844387,0.2386727660059501,0.9711000518829505,81.3,87.3
2020-01-15,Chhattisgarh,WR,22.09042035,82.15998734,81.3,2020,1,2,15,0,0,18.8,75,72.7,84.7,72.9,82.10000000000001,8.609490886999911,79.25333333333334,0.9749279121818236,-0.22252093395631434,0.49999999999999994,0.8660254037844387,0.255353295116187,0.9668478136052775,77.5,91.8
2020-01-16,Chhattisgarh,WR,22.09042035,82.15998734,77.5,2020,1,3,16,0,0,19.7,74,81.3,85.4,75.4,80.97142857142858,8.622589380171625,79.32333333333334,0.43388373911755823,-0.900968867902419,0.49999999999999994,0.8660254037844387,0.2719581575341055,0.9623090774541486,77.6,96.0
2020-01-17,Chhattisgarh,WR,22.09042035,82.15998734,77.6,2020,1,4,17,0,0,18.9,76,77.5,89.1,75.0,79.32857142857142,7.879237333167558,79.41000000000001,-0.433883739117558,-0.9009688679024191,0.49999999999999994,0.8660254037844387,0.288482432880609,0.9574851883550393,80.5,99.2
2020-01-18,Chhattisgarh,WR,22.09042035,82.15998734,80.5,2020,1,5,18,1,0,20.2,78,77.6,93.9,78.7,77.41428571428571,4.759001495912262,79.47000000000001,-0.9749279121818236,-0.2225209339563146,0.49999999999999994,0.8660254037844387,0.30492122465628907,0.9523775757303974,82.5,102.8
2020-01-19,Chhattisgarh,WR,22.09042035,82.15998734,82.5,2020,1,6,19,1,0,19.4,78,80.5,82.7,79.4,77.38571428571427,4.72243883723532,79.57333333333334,-0.7818314824680299,0.6234898018587334,0.49999999999999994,0.8660254037844387,0.3212696616923644,0.9469877530760753,83.4,102.8
2020-01-20,Chhattisgarh,WR,22.09042035,82.15998734,83.4,2020,1,0,20,0,0,16.8,74,82.5,69.6,76.5,79.35714285714286,3.7003860802432,79.80333333333334,0.0,1.0,0.49999999999999994,0.8660254037844387,0.3375228995941133,0.9413173175128471,87.3,101.7
2020-01-21,Chhattisgarh,WR,22.09042035,82.15998734,87.3,2020,1,1,21,0,0,17.9,77,83.4,72.7,73.7,81.44285714285714,3.4272715789956822,80.25666666666666,0.7818314824680298,0.6234898018587336,0.49999999999999994,0.8660254037844387,0.3536761221763716,0.9353679493131483,91.8,100.4
2020-01-22,Chhattisgarh,WR,22.09042035,82.15998734,91.8,2020,1,2,22,0,0,20.4,75,87.3,81.3,73.7,82.94285714285715,5.195785838176163,80.86,0.9749279121818236,-0.22252093395631434,0.49999999999999994,0.8660254037844387,0.3697245428906731,0.9291414114031743,96.0,100.5
2020-01-23,Chhattisgarh,WR,22.09042035,82.15998734,96.0,2020,1,3,23,0,0,20.6,74,91.8,77.5,78.7,85.58571428571429,6.5057483739201105,81.43666666666668,0.43388373911755823,-0.900968867902419,0.49999999999999994,0.8660254037844387,0.38566340624360707,0.9226395488404876,99.2,100.5
2020-01-24,Chhattisgarh,WR,22.09042035,82.15998734,99.2,2020,1,4,24,0,0,17.4,55,96.0,77.6,80.9,88.67142857142858,7.174890077140612,82.04666666666667,-0.433883739117558,-0.9009688679024191,0.49999999999999994,0.8660254037844387,0.401487989205973,0.9158642882672872,102.8,101.6
2020-01-25,Chhattisgarh,WR,22.09042035,82.15998734,102.8,2020,1,5,25,1,0,17.4,64,99.2,80.5,82.6,91.85714285714286,7.859995153276369,82.72000000000001,-0.9749279121818236,-0.2225209339563146,0.49999999999999994,0.8660254037844387,0.4171936026123168,0.9088176373395029,102.8,102.5
2020-01-26,Chhattisgarh,WR,22.09042035,82.15998734,102.8,2020,1,6,26,1,1,17.9,61,102.8,82.5,83.8,94.75714285714285,7.571846349660187,83.35333333333332,-0.7818314824680299,0.6234898018587334,0.49999999999999994,0.8660254037844387,0.4327755925504312,0.901501684131884,101.7,82.8
2020-01-27,Chhattisgarh,WR,22.09042035,82.15998734,101.7,2020,1,0,27,0,0,18.1,63,102.8,83.4,83.8,97.37142857142858,5.991303220979584,83.95,0.0,1.0,0.49999999999999994,0.8660254037844387,0.4482293417404106,0.893918596519257,100.4,79.6
2020-01-28,Chhattisgarh,WR,22.09042035,82.15998734,100.4,2020,1,1,28,0,0,20.5,65,101.7,87.3,73.5,99.24285714285713,4.053746062947683,84.84666666666666,0.7818314824680298,0.6234898018587336,0.49999999999999994,0.8660254037844387,0.4635502709028509,0.886070621534138,100.5,83.7
2020-01-29,Chhattisgarh,WR,22.09042035,82.15998734,100.5,2020,1,2,29,0,0,21.8,72,100.4,91.8,74.4,100.48571428571428,2.379375668412979,85.71666666666667,0.9749279121818236,-0.22252093395631434,0.49999999999999994,0.8660254037844387,0.47873384011578846,0.8779600847008882,100.5,87.5
2020-01-30,Chhattisgarh,WR,22.09042035,82.15998734,100.5,2020,1,3,30,0,0,20.3,53,100.5,96.0,76.2,101.12857142857142,1.3511899517542552,86.52666666666667,0.43388373911755823,-0.900968867902419,0.49999999999999994,0.8660254037844387,0.49377555015997715,0.869589389346611,101.6,88.3
2020-01-31,Chhattisgarh,WR,22.09042035,82.15998734,101.6,2020,1,4,31,0,0,16.5,54,100.5,99.2,76.9,101.47142857142858,1.0515294982651657,87.35,-0.433883739117558,-0.9009688679024191,0.49999999999999994,0.8660254037844387,0.5086709438521044,0.8609610158889943,102.5,86.9
2020-02-01,Chhattisgarh,WR,22.09042035,82.15998734,102.5,2020,2,5,32,1,0,17.5,59,101.6,102.8,75.8,101.42857142857143,0.9928314487977176,88.24000000000001,-0.9749279121818236,-0.2225209339563146,0.8660254037844386,0.5000000000000001,0.5234156073655503,0.8520775211013093,82.8,87.7
2020-02-02,Chhattisgarh,WR,22.09042035,82.15998734,82.8,2020,2,6,33,1,0,18.0,52,102.5,102.8,75.8,98.57142857142857,6.998979517452586,88.47333333333333,-0.7818314824680299,0.6234898018587334,0.8660254037844386,0.5000000000000001,0.5380051715382996,0.8429415373547828,79.6,79.1
2020-02-03,Chhattisgarh,WR,22.09042035,82.15998734,79.6,2020,2,0,34,0,0,18.8,55,82.8,101.7,74.2,95.41428571428571,9.783221788932012,88.65333333333335,0.0,1.0,0.8660254037844386,0.5000000000000001,0.5524353131676196,0.8335557718385699,83.7,79.0
2020-02-04,Chhattisgarh,WR,22.09042035,82.15998734,83.7,2020,2,1,35,0,0,17.2,83,79.6,100.4,78.9,93.02857142857144,10.382632017896631,88.81333333333333,0.7818314824680298,0.6234898018587336,0.8660254037844386,0.5000000000000001,0.5667017562911176,0.8239230057575542,87.5,80.0
2020-02-05,Chhattisgarh,WR,22.09042035,82.15998734,87.5,2020,2,2,36,0,0,19.0,77,83.7,100.5,83.8,91.17142857142858,9.9782620874438,88.93666666666667,0.9749279121818236,-0.22252093395631434,0.8660254037844386,0.5000000000000001,0.5808002734538009,0.8140460935082178,88.3,84.2
2020-02-13,Chhattisgarh,WR,22.09042035,82.15998734,88.3,2020,2,3,44,0,0,20.0,55,87.5,100.5,86.5,89.42857142857143,9.104525300771279,88.99666666666666,0.43388373911755823,-0.900968867902419,0.8660254037844386,0.5000000000000001,0.6870527672236669,0.7266075247685656,86.9,81.3
2020-02-14,Chhattisgarh,WR,22.09042035,82.15998734,86.9,2020,2,4,45,0,0,21.4,53,88.3,101.6,84.7,87.32857142857142,7.3567914849058775,89.07,-0.433883739117558,-0.9009688679024191,0.8660254037844386,0.5000000000000001,0.699458327051647,0.7146733860429609,87.7,79.3
2020-02-15,Chhattisgarh,WR,22.09042035,82.15998734,87.7,2020,2,5,46,1,0,21.1,55,86.9,102.5,85.4,85.21428571428571,3.250860691893329,89.14666666666668,-0.9749279121818236,-0.2225209339563146,0.8660254037844386,0.5000000000000001,0.7116566222817746,0.7025274741691571,79.1,81.8
2020-02-16,Chhattisgarh,WR,22.09042035,82.15998734,79.1,2020,2,6,47,1,0,20.7,52,87.7,82.8,89.1,84.6857142857143,3.9371853615787913,88.81333333333333,-0.7818314824680299,0.6234898018587334,0.8660254037844386,0.5000000000000001,0.7236440382959124,0.6901733882429719,79.0,96.3
2020-02-17,Chhattisgarh,WR,22.09042035,82.15998734,79.0,2020,2,0,48,0,0,21.3,40,79.1,79.6,93.9,84.60000000000001,4.070626487409733,88.31666666666666,0.0,1.0,0.8660254037844386,0.5000000000000001,0.7354170229639855,0.6776147890466889,80.0,95.4
2020-02-18,Chhattisgarh,WR,22.09042035,82.15998734,80.0,2020,2,1,49,0,0,21.1,41,79.0,83.7,82.7,84.07142857142857,4.431220405905782,88.22666666666667,0.7818314824680298,0.6234898018587336,0.8660254037844386,0.5000000000000001,0.7469720876965552,0.6648553979642865,84.2,95.2
2020-02-19,Chhattisgarh,WR,22.09042035,82.15998734,84.2,2020,2,2,50,0,0,20.7,49,80.0,87.5,69.6,83.60000000000001,4.173727350942001,88.71333333333332,0.9749279121818236,-0.22252093395631434,0.8660254037844386,0.5000000000000001,0.7583058084785624,0.6518989958787126,81.3,97.0
2020-02-20,Chhattisgarh,WR,22.09042035,82.15998734,81.3,2020,2,3,51,0,0,22.2,50,84.2,88.3,72.7,82.60000000000001,3.6678785875945104,89.0,0.43388373911755823,-0.900968867902419,0.8660254037844386,0.5000000000000001,0.7694148268839378,0.6387494220515272,79.3,95.4
2020-02-21,Chhattisgarh,WR,22.09042035,82.15998734,79.3,2020,2,4,52,0,0,23.1,59,81.3,86.9,81.3,81.51428571428572,3.288073687043694,88.93333333333334,-0.433883739117558,-0.9009688679024191,0.8660254037844386,0.5000000000000001,0.7802958510707755,0.6254105729852463,81.8,95.0
2020-02-22,Chhattisgarh,WR,22.09042035,82.15998734,81.8,2020,2,5,53,1,0,23.6,58,79.3,87.7,77.5,80.67142857142856,1.9023794624227377,89.07666666666665,-0.9749279121818236,-0.2225209339563146,0.8660254037844386,0.5000000000000001,0.7909456567567772,0.6118864012687243,96.3,94.1
2020-02-23,Chhattisgarh,WR,22.09042035,82.15998734,96.3,2020,2,6,54,1,0,23.5,65,81.8,79.1,77.6,83.12857142857142,6.072263247948173,89.7,-0.7818314824680299,0.6234898018587334,0.8660254037844386,0.5000000000000001,0.8013610881746766,0.5981809144059165,95.4,75.2
2020-02-24,Chhattisgarh,WR,22.09042035,82.15998734,95.4,2020,2,0,55,0,0,21.0,83,96.3,79.0,80.5,85.47142857142856,7.261247433169892,90.19666666666666,0.0,1.0,0.8660254037844386,0.5000000000000001,0.8115390590073611,0.5842981736283684,95.2,75.8
2020-02-25,Chhattisgarh,WR,22.09042035,82.15998734,95.2,2020,2,1,56,0,0,19.8,87,95.4,80.0,82.5,87.64285714285714,7.616398348926263,90.61999999999999,0.7818314824680298,0.6234898018587336,0.8660254037844386,0.5000000000000001,0.8214765533024142,0.5702422926917871,97.0,74.2
2020-02-26,Chhattisgarh,WR,22.09042035,82.15998734,97.0,2020,2,2,57,0,0,19.9,66,95.2,84.2,83.4,89.47142857142856,8.16858092239514,91.07333333333332,0.9749279121818236,-0.22252093395631434,0.8660254037844386,0.5000000000000001,0.8311706263658079,0.5560174366570446,95.4,69.7
2020-02-27,Chhattisgarh,WR,22.09042035,82.15998734,95.4,2020,2,3,58,0,0,19.9,63,97.0,81.3,87.3,91.48571428571428,7.531362995596006,91.34333333333333,0.43388373911755823,-0.900968867902419,0.8660254037844386,0.5000000000000001,0.8406184056344782,0.5416278206559814,95.0,67.7
2020-02-28,Chhattisgarh,WR,22.09042035,82.15998734,95.0,2020,2,4,59,0,0,20.7,61,95.4,79.3,91.8,93.72857142857141,5.306823998625353,91.45,-0.433883739117558,-0.9009688679024191,0.8660254037844386,0.5000000000000001,0.8498170915275278,0.5270777086423722,94.1,72.9
2020-02-29,Chhattisgarh,WR,22.09042035,82.15998734,94.1,2020,2,5,60,1,0,21.9,66,95.0,81.8,96.0,95.48571428571428,0.9317162862700437,91.38666666666667,-0.9749279121818236,-0.2225209339563146,0.8660254037844386,0.5000000000000001,0.8587639582758029,0.5123714121284237,75.2,74.7
2020-03-01,Chhattisgarh,WR,22.09042035,82.15998734,75.2,2020,3,6,61,1,0,23.1,66,94.1,96.3,99.2,92.47142857142858,7.664357830398153,90.58666666666666,-0.7818314824680299,0.6234898018587334,1.0,6.123233995736766e-17,0.8674563547295969,0.49751328890718066,75.8,81.1
2020-03-02,Chhattisgarh,WR,22.09042035,82.15998734,75.8,2020,3,0,62,0,0,23.1,65,75.2,95.4,102.8,89.67142857142858,9.720547701598461,89.68666666666667,0.0,1.0,1.0,6.123233995736766e-17,0.8758917051442429,0.48250774176121847,74.2,77.9
2020-03-03,Chhattisgarh,WR,22.09042035,82.15998734,74.2,2020,3,1,63,0,0,23.1,74,75.8,95.2,102.8,86.67142857142858,10.89903883923027,88.73333333333333,0.7818314824680298,0.6234898018587336,1.0,6.123233995736766e-17,0.8840675099433636,0.4673592171580022,69.7,79.0
2020-03-04,Chhattisgarh,WR,22.09042035,82.15998734,69.7,2020,3,2,64,0,0,23.0,75,74.2,97.0,101.7,82.77142857142857,11.457270513479568,87.66666666666667,0.9749279121818236,-0.22252093395631434,1.0,6.123233995736766e-17,0.8919813464595485,0.45207220393230435,67.7,82.5
2020-03-05,Chhattisgarh,WR,22.09042035,82.15998734,67.7,2020,3,3,65,0,0,23.0,74,69.7,95.4,100.4,78.81428571428572,11.148008577234519,86.57666666666665,0.43388373911755823,-0.900968867902419,1.0,6.123233995736766e-17,0.8996308696522433,0.43665123195606403,72.9,83.4
2020-03-13,Chhattisgarh,WR,22.09042035,82.15998734,72.9,2020,3,4,73,0,0,24.6,81,67.7,95.0,100.5,75.65714285714286,8.64963527995189,85.65666666666667,-0.433883739117558,-0.9009688679024191,1.0,6.123233995736766e-17,0.9510565162951535,0.30901699437494745,74.7,87.3
2020-03-14,Chhattisgarh,WR,22.09042035,82.15998734,74.7,2020,3,5,74,1,0,22.3,85,72.9,94.1,100.5,72.88571428571429,3.0525555258000012,84.79666666666665,-0.9749279121818236,-0.2225209339563146,1.0,6.123233995736766e-17,0.9562348265919056,0.29260033563334836,81.1,91.8
2020-03-15,Chhattisgarh,WR,22.09042035,82.15998734,81.1,2020,3,6,75,1,0,23.3,80,74.7,75.2,101.6,73.72857142857143,4.340781145413591,84.11333333333333,-0.7818314824680299,0.6234898018587334,1.0,6.123233995736766e-17,0.9611297838723007,0.27609697309746883,77.9,70.5
2020-03-16,Chhattisgarh,WR,22.09042035,82.15998734,77.9,2020,3,0,76,0,0,24.0,75,81.1,75.8,102.5,74.02857142857144,4.574098922452185,83.29333333333332,0.0,1.0,1.0,6.123233995736766e-17,0.9657399376548549,0.2595117970697999,79.0,73.8
2020-03-17,Chhattisgarh,WR,22.09042035,82.15998734,79.0,2020,3,1,77,0,0,23.8,70,77.9,74.2,82.8,74.71428571428571,4.948544759633155,83.16666666666667,0.7818314824680298,0.6234898018587336,1.0,6.123233995736766e-17,0.9700639218515071,0.2428497220959356,82.5,74.2
2020-03-18,Chhattisgarh,WR,22.09042035,82.15998734,82.5,2020,3,2,78,0,0,24.1,70,79.0,69.7,79.6,76.54285714285713,5.147768818577809,83.26333333333332,0.9749279121818236,-0.22252093395631434,1.0,6.123233995736766e-17,0.9741004551724205,0.22611568550828828,83.4,72.4
2020-03-19,Chhattisgarh,WR,22.09042035,82.15998734,83.4,2020,3,3,79,0,0,21.7,84,82.5,67.7,83.7,78.78571428571429,3.928709954267548,83.25333333333333,0.43388373911755823,-0.900968867902419,1.0,6.123233995736766e-17,0.9778483415056568,0.20931464596304847,87.3,77.2
2020-03-20,Chhattisgarh,WR,22.09042035,82.15998734,87.3,2020,3,4,80,0,0,23.1,75,83.4,72.9,87.5,80.84285714285716,4.099535397601814,83.24666666666667,-0.433883739117558,-0.9009688679024191,1.0,6.123233995736766e-17,0.9813064702716093,0.19245158197082998,91.8,75.1
2020-03-21,Chhattisgarh,WR,22.09042035,82.15998734,91.8,2020,3,5,81,1,0,22.7,73,87.3,74.7,88.3,83.28571428571429,4.854354942189808,83.36333333333333,-0.9749279121818236,-0.2225209339563146,1.0,6.123233995736766e-17,0.9844738167520922,0.1755314904214282,70.5,76.0
2020-03-22,Chhattisgarh,WR,22.09042035,82.15998734,70.5,2020,3,6,82,1,0,23.9,71,91.8,81.1,86.9,81.77142857142857,6.880337754721619,82.81666666666666,-0.7818314824680299,0.6234898018587334,1.0,6.123233995736766e-17,0.9873494423939864,0.15855938510313475,73.8,75.7
2020-03-23,Chhattisgarh,WR,22.09042035,82.15998734,73.8,2020,3,0,83,0,0,24.2,72,70.5,77.9,87.7,81.18571428571428,7.4183170983335875,82.35333333333332,0.0,1.0,1.0,6.123233995736766e-17,0.989932495087353,0.141540295217043,74.2,75.0
2020-03-24,Chhattisgarh,WR,22.09042035,82.15998734,74.2,2020,3,1,84,0,0,25.2,71,73.8,79.0,79.1,80.5,7.862569554541289,82.19,0.7818314824680298,0.6234898018587336,1.0,6.123233995736766e-17,0.9922222094179323,0.12447926388678915,72.4,75.9
2020-03-25,Chhattisgarh,WR,22.09042035,82.15998734,72.4,2020,3,2,85,0,0,26.9,58,74.2,82.5,79.0,79.05714285714285,8.346228118708645,81.97,0.9749279121818236,-0.22252093395631434,1.0,6.123233995736766e-17,0.994217906893952,0.10738134666416309,77.2,74.8
2020-03-26,Chhattisgarh,WR,22.09042035,82.15998734,77.2,2020,3,3,86,0,0,27.1,55,72.4,83.4,80.0,78.17142857142858,8.134845682968605,81.87666666666668,0.43388373911755823,-0.900968867902419,1.0,6.123233995736766e-17,0.995918996147179,0.09025161003104117,75.1,73.8
2020-03-27,Chhattisgarh,WR,22.09042035,82.15998734,75.1,2020,3,4,87,0,0,28.2,58,77.2,87.3,84.2,76.42857142857143,7.093357053307855,81.57333333333334,-0.433883739117558,-0.9009688679024191,1.0,6.123233995736766e-17,0.9973249731081555,0.07309512989807777,76.0,70.9
2020-03-28,Chhattisgarh,WR,22.09042035,82.15998734,76.0,2020,3,5,88,1,0,27.6,63,75.1,91.8,81.3,74.17142857142858,2.241066922779886,81.39666666666668,-0.9749279121818236,-0.2225209339563146,1.0,6.123233995736766e-17,0.9984354211555643,0.055916990100603484,75.7,72.5
2020-03-29,Chhattisgarh,WR,22.09042035,82.15998734,75.7,2020,3,6,89,1,0,27.7,58,76.0,70.5,79.3,74.91428571428571,1.5879006805924625,81.27666666666667,-0.7818314824680299,0.6234898018587334,1.0,6.123233995736766e-17,0.9992500112396835,0.03872228089217446,75.0,89.5
2020-03-30,Chhattisgarh,WR,22.09042035,82.15998734,75.0,2020,3,0,90,0,0,27.8,56,75.7,73.8,81.8,75.08571428571429,1.5104398602480236,81.05,0.0,1.0,1.0,6.123233995736766e-17,0.9997685019798909,0.021516097436222254,75.9,93.2
2020-03-31,Chhattisgarh,WR,22.09042035,82.15998734,75.9,2020,3,1,91,0,0,27.9,61,75.0,74.2,96.3,75.32857142857142,1.4806690894249623,80.36999999999999,0.7818314824680298,0.6234898018587336,1.0,6.123233995736766e-17,0.9999907397361901,0.004303538296244289,74.8,93.0
2020-04-01,Chhattisgarh,WR,22.09042035,82.15998734,74.8,2020,4,2,92,0,0,29.1,50,75.9,72.4,95.4,75.67142857142858,0.8199883855145046,79.68333333333334,0.9749279121818236,-0.22252093395631434,0.8660254037844387,-0.4999999999999998,0.9999166586547379,-0.01291029607500882,73.8,94.4
2020-04-02,Chhattisgarh,WR,22.09042035,82.15998734,73.8,2020,4,3,93,0,1,28.4,44,74.8,77.2,95.2,75.18571428571428,0.7690439333523885,78.97,0.43388373911755823,-0.900968867902419,0.8660254037844387,-0.4999999999999998,0.9995462806873573,-0.030120304846908114,70.9,95.0
2020-04-03,Chhattisgarh,WR,22.09042035,82.15998734,70.9,2020,4,4,94,0,0,28.5,42,73.8,75.1,97.0,74.58571428571429,1.7976174708279486,78.1,-0.433883739117558,-0.9009688679024191,0.8660254037844387,-0.4999999999999998,0.9988797155850336,-0.04732138832243185,72.5,92.2
2020-04-04,Chhattisgarh,WR,22.09042035,82.15998734,72.5,2020,4,5,95,1,0,27.1,57,70.9,76.0,95.4,74.08571428571429,1.8252201432774289,77.33666666666666,-0.9749279121818236,-0.2225209339563146,0.8660254037844387,-0.4999999999999998,0.9979171608653922,-0.06450844944931623,89.5,94.0
2020-04-05,Chhattisgarh,WR,22.09042035,82.15998734,89.5,2020,4,6,96,1,0,28.5,55,72.5,75.7,95.0,76.05714285714285,6.161400582891447,77.15333333333334,-0.7818314824680299,0.6234898018587334,0.8660254037844387,-0.4999999999999998,0.9966589017541702,-0.08167639533042241,93.2,81.3
2020-04-13,Chhattisgarh,WR,22.09042035,82.15998734,93.2,2020,4,0,104,0,0,30.3,38,89.5,75.0,94.1,78.65714285714286,8.880851525024099,77.12333333333332,0.0,1.0,0.8660254037844387,-0.4999999999999998,0.9760105506323683,-0.21772323039653177,93.0,82.3
2020-04-14,Chhattisgarh,WR,22.09042035,82.15998734,93.0,2020,4,1,105,0,1,30.6,41,93.2,75.9,75.2,81.10000000000001,10.243371840691267,77.71666666666667,0.7818314824680298,0.6234898018587336,0.8660254037844387,-0.4999999999999998,0.9721181966290613,-0.23449138957040985,94.4,81.0
2020-04-15,Chhattisgarh,WR,22.09042035,82.15998734,94.4,2020,4,2,106,0,0,30.8,37,93.0,74.8,75.8,83.9,10.892505068471074,78.33666666666666,0.9749279121818236,-0.22252093395631434,0.8660254037844387,-0.4999999999999998,0.9679377830240642,-0.25119006388481935,95.0,83.4
2020-04-16,Chhattisgarh,WR,22.09042035,82.15998734,95.0,2020,4,3,107,0,0,30.5,40,94.4,73.8,74.2,86.92857142857143,10.55836387036601,79.03,0.43388373911755823,-0.900968867902419,0.8660254037844387,-0.4999999999999998,0.9634705485641488,-0.2678143051621742,92.2,83.0
2020-04-17,Chhattisgarh,WR,22.09042035,82.15998734,92.2,2020,4,4,108,0,0,31.8,35,95.0,70.9,69.7,89.97142857142856,7.905001430679925,79.78,-0.433883739117558,-0.9009688679024191,0.8660254037844387,-0.4999999999999998,0.9587178169872964,-0.2843591872810034,94.0,80.7
2020-04-18,Chhattisgarh,WR,22.09042035,82.15998734,94.0,2020,4,5,109,1,0,30.6,38,92.2,72.5,67.7,93.04285714285713,1.820125584365669,80.65666666666668,-0.9749279121818236,-0.2225209339563146,0.8660254037844387,-0.4999999999999998,0.9536809966304457,-0.30081980763566735,81.3,82.0
2020-04-19,Chhattisgarh,WR,22.09042035,82.15998734,81.3,2020,4,6,110,1,0,30.7,41,94.0,89.5,72.9,91.87142857142858,4.754196141555984,80.93666666666667,-0.7818314824680299,0.6234898018587334,0.8660254037844387,-0.4999999999999998,0.9483615800121715,-0.3171912885891061,82.3,85.5
2020-04-20,Chhattisgarh,WR,22.09042035,82.15998734,82.3,2020,4,0,111,0,0,30.9,45,81.3,93.2,74.7,90.31428571428572,5.894751499266059,81.19000000000001,0.0,1.0,0.8660254037844387,-0.4999999999999998,0.9427611433904207,-0.3334687789181868,81.0,90.6
2020-04-21,Chhattisgarh,WR,22.09042035,82.15998734,81.0,2020,4,1,112,0,0,29.7,53,82.3,93.0,81.1,88.60000000000001,6.676575968763489,81.18666666666667,0.7818314824680298,0.6234898018587336,0.8660254037844387,-0.4999999999999998,0.9368813462954315,-0.3496474552512284,83.4,92.1
2020-04-22,Chhattisgarh,WR,22.09042035,82.15998734,83.4,2020,4,2,113,0,0,28.7,60,81.0,94.4,77.9,87.02857142857142,6.371476617371912,81.37000000000002,0.9749279121818236,-0.22252093395631434,0.8660254037844387,-0.4999999999999998,0.9307239310379795,-0.36572252349726897,83.0,89.6
2020-04-23,Chhattisgarh,WR,22.09042035,82.15998734,83.0,2020,4,3,114,0,0,28.2,64,83.4,95.0,79.0,85.3142857142857,5.411231705575963,81.50333333333334,0.43388373911755823,-0.900968867902419,0.8660254037844387,-0.4999999999999998,0.9242907221930933,-0.3816892202666588,80.7,85.1
2020-04-24,Chhattisgarh,WR,22.09042035,82.15998734,80.7,2020,4,4,115,0,0,27.8,72,83.0,92.2,82.5,83.67142857142858,4.666802719105321,81.44333333333334,-0.433883739117558,-0.9009688679024191,0.8660254037844387,-0.4999999999999998,0.9175836260593937,-0.39754281428255595,82.0,85.6
2020-04-25,Chhattisgarh,WR,22.09042035,82.15998734,82.0,2020,4,5,116,1,0,28.3,69,80.7,94.0,83.4,81.95714285714287,1.0179344164487463,81.39666666666668,-0.9749279121818236,-0.2225209339563146,0.8660254037844387,-0.4999999999999998,0.9106046300942162,-0.4132786077829042,85.5,90.0
2020-04-26,Chhattisgarh,WR,22.09042035,82.15998734,85.5,2020,4,6,117,1,0,28.4,66,82.0,81.3,87.3,82.55714285714286,1.6236349578002818,81.33666666666666,-0.7818314824680299,0.6234898018587334,0.8660254037844387,-0.4999999999999998,0.9033558023246845,-0.4288919379124835,90.6,77.3
2020-04-27,Chhattisgarh,WR,22.09042035,82.15998734,90.6,2020,4,0,118,0,0,27.5,71,85.5,82.3,91.8,83.74285714285715,3.4301881109046537,81.29666666666667,0.0,1.0,0.8660254037844387,-0.4999999999999998,0.895839290734909,-0.4443781781046132,92.1,72.1
2020-04-28,Chhattisgarh,WR,22.09042035,82.15998734,92.1,2020,4,1,119,0,0,27.8,64,90.6,81.0,70.5,85.32857142857142,4.383953423458041,82.01666666666667,0.7818314824680298,0.6234898018587336,0.8660254037844387,-0.4999999999999998,0.8880573226294932,-0.45973273945210397,89.6,70.8
2020-04-29,Chhattisgarh,WR,22.09042035,82.15998734,89.6,2020,4,2,120,0,0,28.6,57,92.1,83.4,73.8,86.21428571428571,4.552445705855717,82.54333333333334,0.9749279121818236,-0.22252093395631434,0.8660254037844387,-0.4999999999999998,0.8800122039735357,-0.47495107206704995,85.1,70.8
2020-04-30,Chhattisgarh,WR,22.09042035,82.15998734,85.1,2020,4,3,121,0,0,29.8,50,89.6,83.0,74.2,86.51428571428572,4.370899438875743,82.90666666666668,0.43388373911755823,-0.900968867902419,0.8660254037844387,-0.4999999999999998,0.8717063187093218,-0.4900286664290592,85.6,67.467
2020-05-01,Chhattisgarh,WR,22.09042035,82.15998734,85.6,2020,5,4,122,0,0,30.8,45,85.1,80.7,72.4,87.21428571428571,3.610830269909948,83.34666666666666,-0.433883739117558,-0.9009688679024191,0.49999999999999994,-0.8660254037844387,0.8631421280499114,-0.5049610547215204,90.0,68.2
2020-05-02,Chhattisgarh,WR,22.09042035,82.15998734,90.0,2020,5,5,123,1,0,31.4,45,85.6,82.0,77.2,88.35714285714286,2.8768368873110775,83.77333333333333,-0.9749279121818236,-0.2225209339563146,0.49999999999999994,-0.8660254037844387,0.854322169749827,-0.5197438121555155,77.3,67.9
2020-05-03,Chhattisgarh,WR,22.09042035,82.15998734,77.3,2020,5,6,124,1,0,32.0,46,90.0,85.5,75.1,87.18571428571428,5.068671282637224,83.84666666666666,-0.7818314824680299,0.6234898018587334,0.49999999999999994,-0.8660254037844387,0.8452490573530633,-0.5343725582809786,72.1,80.9
2020-05-04,Chhattisgarh,WR,22.09042035,82.15998734,72.1,2020,5,0,125,0,0,32.3,51,77.3,90.6,76.0,84.54285714285713,7.316387346875874,83.71666666666667,0.0,1.0,0.49999999999999994,-0.8660254037844387,0.8359254794186372,-0.548842958284719,70.8,77.7
2020-05-05,Chhattisgarh,WR,22.09042035,82.15998734,70.8,2020,5,1,126,0,0,31.2,55,72.1,92.1,75.7,81.5,8.042802165083197,83.55333333333333,0.7818314824680298,0.6234898018587336,0.49999999999999994,-0.8660254037844387,0.8263541987239096,-0.5631507242749186,70.8,74.1
2020-05-13,Chhattisgarh,WR,22.09042035,82.15998734,70.8,2020,5,2,134,0,0,31.2,53,70.8,89.6,75.0,78.8142857142857,8.026088414545058,83.41333333333334,0.9749279121818236,-0.22252093395631434,0.49999999999999994,-0.8660254037844387,0.7412220108485958,-0.6712599575675313,67.467,75.6
2020-05-14,Chhattisgarh,WR,22.09042035,82.15998734,67.467,2020,5,3,135,0,0,32.3,49,70.8,85.1,75.9,76.29528571428571,8.478814121370977,83.13223333333333,0.43388373911755823,-0.900968867902419,0.49999999999999994,-0.8660254037844387,0.7295575540864875,-0.6839194216246106,68.2,71.8
2020-05-15,Chhattisgarh,WR,22.09042035,82.15998734,68.2,2020,5,4,136,0,0,32.6,49,67.467,85.6,74.8,73.80957142857142,7.821404900594549,82.91223333333332,-0.433883739117558,-0.9009688679024191,0.49999999999999994,-0.8660254037844387,0.717676913675962,-0.6963762255968722,67.9,72.8
2020-05-16,Chhattisgarh,WR,22.09042035,82.15998734,67.9,2020,5,5,137,1,0,32.9,46,68.2,90.0,73.8,70.65242857142856,3.417271029009777,82.71556666666667,-0.9749279121818236,-0.2225209339563146,0.49999999999999994,-0.8660254037844387,0.705583610107178,-0.7086266782644596,80.9,69.3
2020-05-17,Chhattisgarh,WR,22.09042035,82.15998734,80.9,2020,5,6,138,1,0,32.2,50,67.9,77.3,70.9,71.16671428571429,4.637483754302983,83.0489,-0.7818314824680299,0.6234898018587334,0.49999999999999994,-0.8660254037844387,0.6932812268869777,-0.7206671495538609,77.7,71.7
2020-05-18,Chhattisgarh,WR,22.09042035,82.15998734,77.7,2020,5,0,139,0,0,32.4,50,80.9,72.1,72.5,71.96671428571429,5.265775242522019,83.22223333333334,0.0,1.0,0.49999999999999994,-0.8660254037844387,0.6807734094770161,-0.7324940716135789,74.1,71.9
2020-05-19,Chhattisgarh,WR,22.09042035,82.15998734,74.1,2020,5,1,140,0,0,32.9,35,77.7,70.8,89.5,72.43814285714286,5.291570416822083,82.7089,0.7818314824680298,0.6234898018587336,0.49999999999999994,-0.8660254037844387,0.6680638642135335,-0.7441039398713607,75.6,71.5
2020-05-20,Chhattisgarh,WR,22.09042035,82.15998734,75.6,2020,5,2,141,0,0,32.1,27,74.1,70.8,93.2,73.12385714285715,5.354541761550373,82.12223333333334,0.9749279121818236,-0.22252093395631434,0.49999999999999994,-0.8660254037844387,0.6551563572090853,-0.7554933140726803,71.8,73.1
2020-05-21,Chhattisgarh,WR,22.09042035,82.15998734,71.8,2020,5,3,142,0,0,31.8,34,75.6,67.467,93.0,73.74285714285713,4.814857956664346,81.41556666666666,0.43388373911755823,-0.900968867902419,0.49999999999999994,-0.8660254037844387,0.6420547132365637,-0.766658819300159,72.8,72.8
