timestamp,node_id,region,latitude,longitude,consumption_mu,year,month,dayofweek,dayofyear,is_weekend,is_holiday,temperature_c,humidity,lag_1d,lag_7d,lag_30d,roll_mean_7d,roll_std_7d,roll_mean_30d,dow_sin,dow_cos,month_sin,month_cos,doy_sin,doy_cos,target_next_1d,target_next_7d
2019-02-02,Odisha,ER,19.82042971,85.90001746,77.3,2019,2,5,33,1,0,20.6,69,76.1,97.1,70.2,72.08614285714285,10.895413869736986,80.4201,-0.9749279121818236,-0.2225209339563146,0.8660254037844386,0.5000000000000001,0.5380051715382996,0.8429415373547828,73.2,80.1
2019-02-03,Odisha,ER,19.82042971,85.90001746,73.2,2019,2,6,34,1,0,21.8,65,77.3,87.7,67.9,70.01471428571429,8.560302651664557,80.59676666666668,-0.7818314824680299,0.6234898018587334,0.8660254037844386,0.5000000000000001,0.5524353131676196,0.8335557718385699,72.8,78.3
2019-02-04,Odisha,ER,19.82042971,85.90001746,72.8,2019,2,0,35,0,0,21.7,65,73.2,60.7015,66.3,71.74307142857143,7.5253351665588655,80.81343333333332,0.0,1.0,0.8660254037844386,0.5000000000000001,0.5667017562911176,0.8239230057575542,70.7,83.3
2019-02-05,Odisha,ER,19.82042971,85.90001746,70.7,2019,2,1,36,0,0,22.1,73,72.8,60.7015,65.8,73.17142857142856,5.840580532137269,80.97676666666668,0.7818314824680298,0.6234898018587336,0.8660254037844386,0.5000000000000001,0.5808002734538009,0.8140460935082178,70.3,84.1
2019-02-06,Odisha,ER,19.82042971,85.90001746,70.3,2019,2,2,37,0,0,23.3,70,70.7,62.0,62.9,74.35714285714286,3.611951062264045,81.22343333333333,0.9749279121818236,-0.22252093395631434,0.8660254037844386,0.5000000000000001,0.5947266869607634,0.8039279618328213,76.6,84.0
2019-02-07,Odisha,ER,19.82042971,85.90001746,76.6,2019,2,3,38,0,0,23.6,76,70.3,80.1,64.0,73.85714285714286,2.8453805503289664,81.64343333333333,0.43388373911755823,-0.900968867902419,0.8660254037844386,0.5000000000000001,0.6084768701151261,0.7935716089521474,77.4,82.3
2019-02-08,Odisha,ER,19.82042971,85.90001746,77.4,2019,2,4,39,0,0,24.0,80,76.6,76.1,63.6,74.04285714285713,3.051151226918082,82.10343333333334,-0.433883739117558,-0.9009688679024191,0.8660254037844386,0.5000000000000001,0.6220467484408675,0.7829801036770629,80.1,80.3
2019-02-09,Odisha,ER,19.82042971,85.90001746,80.1,2019,2,5,40,1,0,23.7,83,77.4,77.3,86.6,74.44285714285715,3.6700849866895067,81.88676666666666,-0.9749279121818236,-0.2225209339563146,0.8660254037844386,0.5000000000000001,0.6354323008901774,0.7721565844991642,78.3,76.4
2019-02-10,Odisha,ER,19.82042971,85.90001746,78.3,2019,2,6,41,1,0,22.6,64,80.1,73.2,78.8,75.17142857142856,3.882316441556622,81.87010000000001,-0.7818314824680299,0.6234898018587334,0.8660254037844386,0.5000000000000001,0.6486295610349814,0.7611042586607747,83.3,75.6
2019-02-11,Odisha,ER,19.82042971,85.90001746,83.3,2019,2,0,42,0,0,21.4,66,78.3,72.8,78.4,76.67142857142858,4.745775063399116,82.03343333333333,0.0,1.0,0.8660254037844386,0.5000000000000001,0.6616346182422783,0.7498264012045686,84.1,73.5
2019-02-12,Odisha,ER,19.82042971,85.90001746,84.1,2019,2,1,43,0,0,21.4,68,83.3,70.7,82.4,78.58571428571427,4.636963292007878,82.09009999999999,0.7818314824680298,0.6234898018587336,0.8660254037844386,0.5000000000000001,0.6744436188329455,0.7383263540031065,84.0,74.4
2019-02-13,Odisha,ER,19.82042971,85.90001746,84.0,2019,2,2,44,0,0,22.1,70,84.1,70.3,84.3,80.54285714285713,3.236694374850749,82.0801,0.9749279121818236,-0.22252093395631434,0.8660254037844386,0.5000000000000001,0.6870527672236669,0.7266075247685656,82.3,73.3
2019-02-14,Odisha,ER,19.82042971,85.90001746,82.3,2019,2,3,45,0,0,23.0,76,84.0,76.6,85.7,81.35714285714286,2.7615558071837865,81.96676666666666,0.43388373911755823,-0.900968867902419,0.8660254037844386,0.5000000000000001,0.699458327051647,0.7146733860429609,80.3,96.5
2019-02-15,Odisha,ER,19.82042971,85.90001746,80.3,2019,2,4,46,0,0,22.8,83,82.3,77.4,82.1,81.77142857142857,2.2366003112717725,81.90676666666667,-0.433883739117558,-0.9009688679024191,0.8660254037844386,0.5000000000000001,0.7116566222817746,0.7025274741691571,76.4,89.5
2019-02-16,Odisha,ER,19.82042971,85.90001746,76.4,2019,2,5,47,1,0,23.6,71,80.3,80.1,82.6,81.24285714285715,3.003252205447258,81.7001,-0.9749279121818236,-0.2225209339563146,0.8660254037844386,0.5000000000000001,0.7236440382959124,0.6901733882429719,75.6,86.6
2019-02-17,Odisha,ER,19.82042971,85.90001746,75.6,2019,2,6,48,1,0,25.0,79,76.4,78.3,85.9,80.85714285714286,3.56504190852279,81.35676666666667,-0.7818314824680299,0.6234898018587334,0.8660254037844386,0.5000000000000001,0.7354170229639855,0.6776147890466889,73.5,91.6
2019-02-18,Odisha,ER,19.82042971,85.90001746,73.5,2019,2,0,49,0,0,24.4,80,75.6,83.3,89.1,79.45714285714287,4.295290887649378,80.83676666666666,0.0,1.0,0.8660254037844386,0.5000000000000001,0.7469720876965552,0.6648553979642865,74.4,96.6
2019-02-19,Odisha,ER,19.82042971,85.90001746,74.4,2019,2,1,50,0,0,24.9,86,73.5,84.1,98.1,78.07142857142857,4.108411812251485,80.04676666666667,0.7818314824680298,0.6234898018587336,0.8660254037844386,0.5000000000000001,0.7583058084785624,0.6518989958787126,73.3,96.8
2019-02-20,Odisha,ER,19.82042971,85.90001746,73.3,2019,2,2,51,0,0,25.6,86,74.4,84.0,96.5,76.54285714285713,3.4769992535983767,79.27343333333333,0.9749279121818236,-0.22252093395631434,0.8660254037844386,0.5000000000000001,0.7694148268839378,0.6387494220515272,96.5,85.8
2019-02-21,Odisha,ER,19.82042971,85.90001746,96.5,2019,2,3,52,0,0,25.5,84,73.3,82.3,97.6,78.57142857142857,8.255041749483416,79.23676666666665,0.43388373911755823,-0.900968867902419,0.8660254037844386,0.5000000000000001,0.7802958510707755,0.6254105729852463,89.5,70.1
2019-02-22,Odisha,ER,19.82042971,85.90001746,89.5,2019,2,4,53,0,0,26.5,78,96.5,80.3,97.2,79.88571428571429,9.248680729601126,78.9801,-0.433883739117558,-0.9009688679024191,0.8660254037844386,0.5000000000000001,0.7909456567567772,0.6118864012687243,86.6,71.0
2019-02-23,Odisha,ER,19.82042971,85.90001746,86.6,2019,2,5,54,1,0,27.6,71,89.5,76.4,97.1,81.34285714285714,9.410075653761973,78.63010000000001,-0.9749279121818236,-0.2225209339563146,0.8660254037844386,0.5000000000000001,0.8013610881746766,0.5981809144059165,91.6,71.5
2019-02-24,Odisha,ER,19.82042971,85.90001746,91.6,2019,2,6,55,1,0,27.1,77,86.6,75.6,98.0,83.62857142857142,9.720719158188915,78.41676666666667,-0.7818314824680299,0.6234898018587334,0.8660254037844386,0.5000000000000001,0.8115390590073611,0.5842981736283684,96.6,71.2
2019-02-25,Odisha,ER,19.82042971,85.90001746,96.6,2019,2,0,56,0,0,26.8,79,91.6,73.5,97.1,86.92857142857143,9.629765363308756,78.40010000000001,0.0,1.0,0.8660254037844386,0.5000000000000001,0.8214765533024142,0.5702422926917871,96.8,70.1
2019-02-26,Odisha,ER,19.82042971,85.90001746,96.8,2019,2,1,57,0,0,26.4,78,96.6,74.4,87.7,90.12857142857142,8.41817761072516,78.70343333333334,0.7818314824680298,0.6234898018587336,0.8660254037844386,0.5000000000000001,0.8311706263658079,0.5560174366570446,85.8,70.1
2019-02-27,Odisha,ER,19.82042971,85.90001746,85.8,2019,2,2,58,0,0,26.4,74,96.8,73.3,60.7015,91.91428571428571,4.802925695666682,79.54005000000001,0.9749279121818236,-0.22252093395631434,0.8660254037844386,0.5000000000000001,0.8406184056344782,0.5416278206559814,70.1,75.1
2019-02-28,Odisha,ER,19.82042971,85.90001746,70.1,2019,2,3,59,0,0,25.1,81,85.8,96.5,60.7015,88.14285714285714,9.070806127876608,79.85333333333332,0.43388373911755823,-0.900968867902419,0.8660254037844386,0.5000000000000001,0.8498170915275278,0.5270777086423722,71.0,87.6
2019-03-02,Odisha,ER,19.82042971,85.90001746,71.0,2019,3,5,61,1,0,23.4,75,70.1,89.5,62.0,85.5,11.081666541334533,80.15333333333334,-0.9749279121818236,-0.2225209339563146,1.0,6.123233995736766e-17,0.8674563547295969,0.49751328890718066,71.5,88.5
2019-03-03,Odisha,ER,19.82042971,85.90001746,71.5,2019,3,6,62,1,0,24.8,78,71.0,86.6,80.1,83.34285714285714,12.240895547692729,79.86666666666666,-0.7818314824680299,0.6234898018587334,1.0,6.123233995736766e-17,0.8758917051442429,0.48250774176121847,71.2,84.8
2019-03-04,Odisha,ER,19.82042971,85.90001746,71.2,2019,3,0,63,0,1,26.4,81,71.5,91.6,76.1,80.42857142857143,12.375070947367565,79.70333333333333,0.0,1.0,1.0,6.123233995736766e-17,0.8840675099433636,0.4673592171580022,70.1,89.2
2019-03-05,Odisha,ER,19.82042971,85.90001746,70.1,2019,3,1,64,0,0,27.1,83,71.2,96.6,77.3,76.64285714285714,10.517423186132154,79.46333333333334,0.7818314824680298,0.6234898018587336,1.0,6.123233995736766e-17,0.8919813464595485,0.45207220393230435,70.1,94.8
2019-03-06,Odisha,ER,19.82042971,85.90001746,70.1,2019,3,2,65,0,0,26.6,84,70.1,96.8,73.2,72.82857142857142,5.749699785123329,79.35999999999999,0.9749279121818236,-0.22252093395631434,1.0,6.123233995736766e-17,0.8996308696522433,0.43665123195606403,75.1,95.7
2019-03-07,Odisha,ER,19.82042971,85.90001746,75.1,2019,3,3,66,0,0,25.8,77,70.1,85.8,72.8,71.3,1.7748239349297599,79.43666666666667,0.43388373911755823,-0.900968867902419,1.0,6.123233995736766e-17,0.9070138128026359,0.4211008707960896,87.6,96.9
2019-03-08,Odisha,ER,19.82042971,85.90001746,87.6,2019,3,4,67,0,0,24.7,80,75.1,70.1,70.7,73.8,6.316644678941472,79.99999999999999,-0.433883739117558,-0.9009688679024191,1.0,6.123233995736766e-17,0.9141279881853337,0.40542572835999735,88.5,60.7015
2019-03-09,Odisha,ER,19.82042971,85.90001746,88.5,2019,3,5,68,1,0,25.7,84,87.6,71.0,70.3,76.3,8.204673464962903,80.60666666666665,-0.9749279121818236,-0.2225209339563146,1.0,6.123233995736766e-17,0.9209712877166346,0.38963044953078796,84.8,63.0
2019-03-10,Odisha,ER,19.82042971,85.90001746,84.8,2019,3,6,69,1,0,26.7,84,88.5,71.5,76.6,78.2,8.444327484570126,80.88000000000001,-0.7818314824680299,0.6234898018587334,1.0,6.123233995736766e-17,0.9275416835791966,0.37371971479046906,89.2,66.1
2019-03-11,Odisha,ER,19.82042971,85.90001746,89.2,2019,3,0,70,0,0,27.2,85,84.8,71.2,77.4,80.77142857142857,8.69438789981105,81.27333333333333,0.0,1.0,1.0,6.123233995736766e-17,0.9338372288229252,0.35769823883312546,94.8,65.5
2019-03-12,Odisha,ER,19.82042971,85.90001746,94.8,2019,3,1,71,0,0,27.1,87,89.2,70.1,80.1,84.3,8.653708261009648,81.76333333333334,0.7818314824680298,0.6234898018587336,1.0,6.123233995736766e-17,0.9398560579418954,0.3415707691678556,95.7,67.5
2019-03-13,Odisha,ER,19.82042971,85.90001746,95.7,2019,3,2,72,0,0,28.1,83,94.8,70.1,78.3,87.95714285714284,6.880130120585698,82.34333333333332,0.9749279121818236,-0.22252093395631434,1.0,6.123233995736766e-17,0.9455963874271426,0.3253420847119801,96.9,67.4
2019-03-14,Odisha,ER,19.82042971,85.90001746,96.9,2019,3,3,73,0,0,28.0,80,95.7,75.1,83.3,91.07142857142857,4.668945022063102,82.79666666666665,0.43388373911755823,-0.900968867902419,1.0,6.123233995736766e-17,0.9510565162951535,0.30901699437494745,60.7015,70.2
2019-03-15,Odisha,ER,19.82042971,85.90001746,60.7015,2019,3,4,74,0,0,27.4,86,96.9,87.6,84.1,87.2287857142857,12.501431264249781,82.01671666666667,-0.433883739117558,-0.9009688679024191,1.0,6.123233995736766e-17,0.9562348265919056,0.29260033563334836,63.0,72.1
2019-03-16,Odisha,ER,19.82042971,85.90001746,63.0,2019,3,5,75,1,0,26.9,83,60.7015,88.5,84.0,83.58592857142857,15.439343229847811,81.31671666666666,-0.9749279121818236,-0.2225209339563146,1.0,6.123233995736766e-17,0.9611297838723007,0.27609697309746883,66.1,74.4
2019-03-17,Odisha,ER,19.82042971,85.90001746,66.1,2019,3,6,76,1,0,27.4,81,63.0,84.8,82.3,80.9145,16.75593392652286,80.77671666666667,-0.7818314824680299,0.6234898018587334,1.0,6.123233995736766e-17,0.9657399376548549,0.2595117970697999,65.5,73.8
2019-03-18,Odisha,ER,19.82042971,85.90001746,65.5,2019,3,0,77,0,0,26.2,67,66.1,89.2,80.3,77.52878571428572,17.19148918277379,80.28338333333333,0.0,1.0,1.0,6.123233995736766e-17,0.9700639218515071,0.2428497220959356,67.5,74.5
2019-03-19,Odisha,ER,19.82042971,85.90001746,67.5,2019,3,1,78,0,0,27.2,75,65.5,94.8,76.4,73.62878571428573,15.647659579676066,79.98671666666665,0.7818314824680298,0.6234898018587336,1.0,6.123233995736766e-17,0.9741004551724205,0.22611568550828828,67.4,74.9
2019-03-20,Odisha,ER,19.82042971,85.90001746,67.4,2019,3,2,79,0,0,27.7,81,67.5,95.7,75.6,69.58592857142857,12.29052423762769,79.71338333333333,0.9749279121818236,-0.22252093395631434,1.0,6.123233995736766e-17,0.9778483415056568,0.20931464596304847,70.2,77.5
2019-03-21,Odisha,ER,19.82042971,85.90001746,70.2,2019,3,3,80,0,1,27.9,80,67.4,96.9,73.5,65.77164285714285,3.1310028573695647,79.60338333333333,0.43388373911755823,-0.900968867902419,1.0,6.123233995736766e-17,0.9813064702716093,0.19245158197082998,72.1,83.8
2019-03-22,Odisha,ER,19.82042971,85.90001746,72.1,2019,3,4,81,0,0,28.2,79,70.2,60.7015,74.4,67.4,3.0166206257995563,79.52671666666667,-0.433883739117558,-0.9009688679024191,1.0,6.123233995736766e-17,0.9844738167520922,0.1755314904214282,74.4,87.1
2019-03-23,Odisha,ER,19.82042971,85.90001746,74.4,2019,3,5,82,1,0,28.5,81,72.1,63.0,73.3,69.02857142857142,3.308430789016702,79.56338333333333,-0.9749279121818236,-0.2225209339563146,1.0,6.123233995736766e-17,0.9873494423939864,0.15855938510313475,73.8,98.4
2019-03-24,Odisha,ER,19.82042971,85.90001746,73.8,2019,3,6,83,1,0,28.1,83,74.4,66.1,96.5,70.12857142857143,3.449499618647179,78.80671666666667,-0.7818314824680299,0.6234898018587334,1.0,6.123233995736766e-17,0.989932495087353,0.141540295217043,74.5,98.7
2019-03-25,Odisha,ER,19.82042971,85.90001746,74.5,2019,3,0,84,0,0,27.7,83,73.8,65.5,89.5,71.41428571428571,3.09592666333706,78.30671666666667,0.0,1.0,1.0,6.123233995736766e-17,0.9922222094179323,0.12447926388678915,74.9,90.5
2019-03-26,Odisha,ER,19.82042971,85.90001746,74.9,2019,3,1,85,0,0,27.8,83,74.5,67.5,86.6,72.47142857142856,2.784309780247234,77.91671666666666,0.7818314824680298,0.6234898018587336,1.0,6.123233995736766e-17,0.994217906893952,0.10738134666416309,77.5,90.8
2019-03-27,Odisha,ER,19.82042971,85.90001746,77.5,2019,3,2,86,0,0,27.8,78,74.9,67.4,91.6,73.91428571428571,2.2915995661170894,77.44671666666666,0.9749279121818236,-0.22252093395631434,1.0,6.123233995736766e-17,0.995918996147179,0.09025161003104117,83.8,91.3
2019-03-28,Odisha,ER,19.82042971,85.90001746,83.8,2019,3,3,87,0,0,28.2,78,77.5,70.2,96.6,75.85714285714286,3.8517775735613204,77.02005,0.43388373911755823,-0.900968867902419,1.0,6.123233995736766e-17,0.9973249731081555,0.07309512989807777,87.1,83.1
2019-03-29,Odisha,ER,19.82042971,85.90001746,87.1,2019,3,4,88,0,0,28.2,78,83.8,72.1,96.8,78.0,5.309739478857014,76.69671666666667,-0.433883739117558,-0.9009688679024191,1.0,6.123233995736766e-17,0.9984354211555643,0.055916990100603484,98.4,76.4
2019-03-30,Odisha,ER,19.82042971,85.90001746,98.4,2019,3,5,89,1,0,28.4,82,87.1,74.4,85.8,81.42857142857143,9.037646132652412,77.11671666666666,-0.9749279121818236,-0.2225209339563146,1.0,6.123233995736766e-17,0.9992500112396835,0.03872228089217446,98.7,75.0
2019-03-31,Odisha,ER,19.82042971,85.90001746,98.7,2019,3,6,90,1,0,28.9,82,98.4,73.8,70.1,84.98571428571428,10.340926549626072,78.07005000000001,-0.7818314824680299,0.6234898018587334,1.0,6.123233995736766e-17,0.9997685019798909,0.021516097436222254,90.5,77.4
2019-04-02,Odisha,ER,19.82042971,85.90001746,90.5,2019,4,1,92,0,0,28.8,79,98.7,74.5,71.0,87.27142857142857,9.358545878093473,78.72005,0.7818314824680298,0.6234898018587336,0.8660254037844387,-0.4999999999999998,0.9999166586547379,-0.01291029607500882,90.8,75.9
2019-04-03,Odisha,ER,19.82042971,85.90001746,90.8,2019,4,2,93,0,0,28.3,83,90.5,74.9,71.5,89.54285714285716,7.624272018332188,79.36338333333333,0.9749279121818236,-0.22252093395631434,0.8660254037844387,-0.4999999999999998,0.9995462806873573,-0.030120304846908114,91.3,75.3
2019-04-04,Odisha,ER,19.82042971,85.90001746,91.3,2019,4,3,94,0,0,28.3,82,90.8,77.5,71.2,91.51428571428572,5.471571551034913,80.03338333333333,0.43388373911755823,-0.900968867902419,0.8660254037844387,-0.4999999999999998,0.9988797155850336,-0.04732138832243185,83.1,86.2
2019-04-05,Odisha,ER,19.82042971,85.90001746,83.1,2019,4,4,95,0,0,28.7,80,91.3,83.8,70.1,91.41428571428571,5.639866597544183,80.46671666666666,-0.433883739117558,-0.9009688679024191,0.8660254037844387,-0.4999999999999998,0.9979171608653922,-0.06450844944931623,76.4,86.8
2019-04-06,Odisha,ER,19.82042971,85.90001746,76.4,2019,4,5,96,1,0,28.7,82,83.1,87.1,70.1,89.88571428571429,7.971914987719565,80.67671666666666,-0.9749279121818236,-0.2225209339563146,0.8660254037844387,-0.4999999999999998,0.9966589017541702,-0.08167639533042241,75.0,91.1
2019-04-07,Odisha,ER,19.82042971,85.90001746,75.0,2019,4,6,97,1,0,28.3,83,76.4,98.4,75.1,86.54285714285713,8.68117832686648,80.67338333333333,-0.7818314824680299,0.6234898018587334,0.8660254037844387,-0.4999999999999998,0.9951053111006976,-0.09882013873287143,77.4,92.9
2019-04-08,Odisha,ER,19.82042971,85.90001746,77.4,2019,4,0,98,0,0,28.4,82,75.0,98.7,87.6,83.5,7.338937252763444,80.33338333333334,0.0,1.0,0.8660254037844387,-0.4999999999999998,0.9932568492674143,-0.11593459959550041,75.9,97.7
2019-04-09,Odisha,ER,19.82042971,85.90001746,75.9,2019,4,1,99,0,0,28.6,83,77.4,90.5,88.5,81.41428571428573,7.088353962998805,79.91338333333334,0.7818314824680298,0.6234898018587336,0.8660254037844387,-0.4999999999999998,0.9911140639934547,-0.1330147065341959,75.3,96.4
2019-04-10,Odisha,ER,19.82042971,85.90001746,75.3,2019,4,2,100,0,0,28.6,85,75.9,90.8,84.8,79.2,6.006108002136843,79.59671666666667,0.9749279121818236,-0.22252093395631434,0.8660254037844387,-0.4999999999999998,0.9886775902323405,-0.1500553983446526,86.2,88.4
2019-04-11,Odisha,ER,19.82042971,85.90001746,86.2,2019,4,3,101,0,0,28.5,84,75.3,91.3,89.2,78.47142857142856,4.383953423457702,79.49671666666669,0.43388373911755823,-0.900968867902419,0.8660254037844387,-0.4999999999999998,0.9859481499638304,-0.16705162550211924,86.8,90.4
2019-04-12,Odisha,ER,19.82042971,85.90001746,86.8,2019,4,4,102,0,0,28.6,86,86.2,83.1,94.8,79.0,5.184914014073159,79.23004999999999,-0.433883739117558,-0.9009688679024191,0.8660254037844387,-0.4999999999999998,0.9829265519799822,-0.18399835165768005,91.1,88.4
2019-04-13,Odisha,ER,19.82042971,85.90001746,91.1,2019,4,5,103,1,1,28.7,86,86.8,76.4,95.7,81.10000000000001,6.709197666884791,79.07671666666667,-0.9749279121818236,-0.2225209339563146,0.8660254037844387,-0.4999999999999998,0.9796136916454901,-0.20089055513063506,92.9,70.3
2019-04-14,Odisha,ER,19.82042971,85.90001746,92.9,2019,4,6,104,1,1,29.1,82,91.1,75.0,96.9,83.65714285714286,7.374925342640623,78.94338333333333,-0.7818314824680299,0.6234898018587334,0.8660254037844387,-0.4999999999999998,0.9760105506323683,-0.21772323039653177,97.7,71.7
2019-04-15,Odisha,ER,19.82042971,85.90001746,97.7,2019,4,0,105,0,0,29.5,78,92.9,77.4,60.7015,86.55714285714286,8.421373035884528,80.17666666666668,0.0,1.0,0.8660254037844387,-0.4999999999999998,0.9721181966290613,-0.23449138957040985,96.4,70.0
2019-04-16,Odisha,ER,19.82042971,85.90001746,96.4,2019,4,1,106,0,0,29.8,73,97.7,75.9,63.0,89.48571428571428,7.624396931654846,81.28999999999999,0.7818314824680298,0.6234898018587336,0.8660254037844387,-0.4999999999999998,0.9679377830240642,-0.25119006388481935,88.4,67.5
2019-04-17,Odisha,ER,19.82042971,85.90001746,88.4,2019,4,2,107,0,1,29.6,70,96.4,75.3,66.1,91.35714285714286,4.550039246298476,82.03333333333333,0.9749279121818236,-0.22252093395631434,0.8660254037844387,-0.4999999999999998,0.9634705485641488,-0.2678143051621742,90.4,69.5
2019-04-18,Odisha,ER,19.82042971,85.90001746,90.4,2019,4,3,108,0,0,28.3,80,88.4,86.2,65.5,91.95714285714284,4.000357126914597,82.86333333333333,0.43388373911755823,-0.900968867902419,0.8660254037844387,-0.4999999999999998,0.9587178169872964,-0.2843591872810034,88.4,69.2
2019-04-19,Odisha,ER,19.82042971,85.90001746,88.4,2019,4,4,109,0,1,28.6,80,90.4,86.8,67.5,92.18571428571428,3.6902703475618828,83.56,-0.433883739117558,-0.9009688679024191,0.8660254037844387,-0.4999999999999998,0.9536809966304457,-0.30081980763566735,70.3,67.4
2019-04-20,Odisha,ER,19.82042971,85.90001746,70.3,2019,4,5,110,1,0,28.6,79,88.4,91.1,67.4,89.21428571428571,9.107767485582167,83.65666666666667,-0.9749279121818236,-0.2225209339563146,0.8660254037844387,-0.4999999999999998,0.9483615800121715,-0.3171912885891061,71.7,65.7
2019-04-21,Odisha,ER,19.82042971,85.90001746,71.7,2019,4,6,111,1,0,29.1,82,70.3,92.9,70.2,86.18571428571428,11.00506376953026,83.70666666666668,-0.7818314824680299,0.6234898018587334,0.8660254037844387,-0.4999999999999998,0.9427611433904207,-0.3334687789181868,70.0,66.9
2019-04-22,Odisha,ER,19.82042971,85.90001746,70.0,2019,4,0,112,0,0,28.8,81,71.7,97.7,72.1,82.22857142857143,11.153880383931256,83.63666666666667,0.0,1.0,0.8660254037844387,-0.4999999999999998,0.9368813462954315,-0.3496474552512284,67.5,65.6
2019-04-23,Odisha,ER,19.82042971,85.90001746,67.5,2019,4,1,113,0,0,29.1,83,70.0,96.4,74.4,78.10000000000001,10.354065224184426,83.40666666666668,0.7818314824680298,0.6234898018587336,0.8660254037844387,-0.4999999999999998,0.9307239310379795,-0.36572252349726897,69.5,65.3
2019-04-24,Odisha,ER,19.82042971,85.90001746,69.5,2019,4,2,114,0,0,29.2,81,67.5,88.4,73.8,75.39999999999999,9.661607871708785,83.26333333333334,0.9749279121818236,-0.22252093395631434,0.8660254037844387,-0.4999999999999998,0.9242907221930933,-0.3816892202666588,69.2,66.2
2019-04-25,Odisha,ER,19.82042971,85.90001746,69.2,2019,4,3,115,0,0,29.4,81,69.5,90.4,74.5,72.37142857142858,7.179998673563893,83.08666666666666,0.43388373911755823,-0.900968867902419,0.8660254037844387,-0.4999999999999998,0.9175836260593937,-0.39754281428255595,67.4,70.3
2019-04-26,Odisha,ER,19.82042971,85.90001746,67.4,2019,4,4,116,0,0,29.4,80,69.2,88.4,74.9,69.37142857142858,1.5337473561115216,82.83666666666666,-0.433883739117558,-0.9009688679024191,0.8660254037844387,-0.4999999999999998,0.9106046300942162,-0.4132786077829042,65.7,71.6
2019-04-27,Odisha,ER,19.82042971,85.90001746,65.7,2019,4,5,117,1,0,29.6,82,67.4,70.3,77.5,68.71428571428571,1.9878200550921772,82.44333333333334,-0.9749279121818236,-0.2225209339563146,0.8660254037844387,-0.4999999999999998,0.9033558023246845,-0.4288919379124835,66.9,89.7
2019-04-28,Odisha,ER,19.82042971,85.90001746,66.9,2019,4,6,118,1,0,29.6,81,65.7,71.7,83.8,68.02857142857144,1.57025930524622,81.88000000000001,-0.7818314824680299,0.6234898018587334,0.8660254037844387,-0.4999999999999998,0.895839290734909,-0.4443781781046132,65.6,95.0
2019-04-29,Odisha,ER,19.82042971,85.90001746,65.6,2019,4,0,119,0,0,29.4,80,66.9,70.0,87.1,67.4,1.529705854077191,81.16333333333333,0.0,1.0,0.8660254037844387,-0.4999999999999998,0.8880573226294932,-0.45973273945210397,65.3,89.4
2019-04-30,Odisha,ER,19.82042971,85.90001746,65.3,2019,4,1,120,0,0,29.1,78,65.6,67.5,98.4,67.08571428571429,1.7199114041407053,80.06,0.7818314824680298,0.6234898018587336,0.8660254037844387,-0.4999999999999998,0.8800122039735357,-0.47495107206704995,66.2,87.6
2019-05-02,Odisha,ER,19.82042971,85.90001746,66.2,2019,5,3,122,0,0,28.0,85,65.3,69.5,98.7,66.61428571428571,1.3631196712296494,78.97666666666667,0.43388373911755823,-0.900968867902419,0.49999999999999994,-0.8660254037844387,0.8631421280499114,-0.5049610547215204,70.3,84.1
2019-05-03,Odisha,ER,19.82042971,85.90001746,70.3,2019,5,4,123,0,0,27.0,86,66.2,69.2,90.5,66.77142857142857,1.725991778382973,78.30333333333333,-0.433883739117558,-0.9009688679024191,0.49999999999999994,-0.8660254037844387,0.854322169749827,-0.5197438121555155,71.6,83.2
2019-05-04,Odisha,ER,19.82042971,85.90001746,71.6,2019,5,5,124,1,0,29.2,89,70.3,67.4,90.8,67.37142857142857,2.525677655411643,77.66333333333334,-0.9749279121818236,-0.2225209339563146,0.49999999999999994,-0.8660254037844387,0.8452490573530633,-0.5343725582809786,89.7,78.9
2019-05-05,Odisha,ER,19.82042971,85.90001746,89.7,2019,5,6,125,1,0,28.9,88,71.6,65.7,91.3,70.8,8.677173118783077,77.61,-0.7818314824680299,0.6234898018587334,0.49999999999999994,-0.8660254037844387,0.8359254794186372,-0.548842958284719,95.0,98.7
2019-05-06,Odisha,ER,19.82042971,85.90001746,95.0,2019,5,0,126,0,0,29.0,90,89.7,66.9,83.1,74.81428571428572,12.31116411655537,78.00666666666667,0.0,1.0,0.49999999999999994,-0.8660254037844387,0.8263541987239096,-0.5631507242749186,89.4,102.5
2019-05-07,Odisha,ER,19.82042971,85.90001746,89.4,2019,5,1,127,0,0,29.0,88,95.0,65.6,76.4,78.21428571428571,12.624767796072959,78.44,0.7818314824680298,0.6234898018587336,0.49999999999999994,-0.8660254037844387,0.8165380514459161,-0.5772916165517272,87.6,97.4
2019-05-08,Odisha,ER,19.82042971,85.90001746,87.6,2019,5,2,128,0,0,29.2,87,89.4,65.3,75.0,81.39999999999999,11.59439519768061,78.86,0.9749279121818236,-0.22252093395631434,0.49999999999999994,-0.8660254037844387,0.8064799463209448,-0.5912614448635781,84.1,86.9
2019-05-09,Odisha,ER,19.82042971,85.90001746,84.1,2019,5,3,129,0,0,29.3,87,87.6,66.2,77.4,83.95714285714287,9.460947299796317,79.08333333333333,0.43388373911755823,-0.900968867902419,0.49999999999999994,-0.8660254037844387,0.7961828637826158,-0.6050560696488488,83.2,86.2
2019-05-10,Odisha,ER,19.82042971,85.90001746,83.2,2019,5,4,130,0,0,29.3,87,84.1,70.3,75.9,85.8,7.386248483950849,79.32666666666665,-0.433883739117558,-0.9009688679024191,0.49999999999999994,-0.8660254037844387,0.7856498550787147,-0.6186714032625031,78.9,87.9
2019-05-11,Odisha,ER,19.82042971,85.90001746,78.9,2019,5,5,131,1,0,29.3,87,83.2,71.6,75.3,86.84285714285714,5.255110890950833,79.44666666666667,-0.9749279121818236,-0.2225209339563146,0.49999999999999994,-0.8660254037844387,0.7748840413670407,-0.6321034111873487,98.7,89.0
2019-05-12,Odisha,ER,19.82042971,85.90001746,98.7,2019,5,6,132,1,0,29.2,87,78.9,89.7,86.2,88.12857142857142,6.910792112272463,79.86333333333332,-0.7818314824680299,0.6234898018587334,0.49999999999999994,-0.8660254037844387,0.7638886127905428,-0.6453481132295501,102.5,79.9
2019-05-13,Odisha,ER,19.82042971,85.90001746,102.5,2019,5,0,133,0,0,29.3,87,98.7,95.0,86.8,89.2,8.542443054146341,80.38666666666668,0.0,1.0,0.49999999999999994,-0.8660254037844387,0.7526668275320085,-0.6584015846980488,97.4,90.8
2019-05-14,Odisha,ER,19.82042971,85.90001746,97.4,2019,5,1,134,0,0,29.3,85,102.5,89.4,91.1,90.34285714285714,9.091178350990791,80.59666666666666,0.7818314824680298,0.6234898018587336,0.49999999999999994,-0.8660254037844387,0.7412220108485958,-0.6712599575675313,86.9,92.0
2019-05-15,Odisha,ER,19.82042971,85.90001746,86.9,2019,5,2,135,0,0,29.3,85,97.4,87.6,92.9,90.24285714285715,9.130143690518985,80.39666666666668,0.9749279121818236,-0.22252093395631434,0.49999999999999994,-0.8660254037844387,0.7295575540864875,-0.6839194216246106,86.2,95.4
2019-05-16,Odisha,ER,19.82042971,85.90001746,86.2,2019,5,3,136,0,0,29.2,85,86.9,84.1,97.7,90.54285714285716,8.926898890965644,80.01333333333334,0.43388373911755823,-0.900968867902419,0.49999999999999994,-0.8660254037844387,0.717676913675962,-0.6963762255968722,87.9,96.5
2019-05-17,Odisha,ER,19.82042971,85.90001746,87.9,2019,5,4,137,0,0,29.5,85,86.2,83.2,96.4,91.21428571428571,8.446385532961921,79.73,-0.433883739117558,-0.9009688679024191,0.49999999999999994,-0.8660254037844387,0.705583610107178,-0.7086266782644596,89.0,96.5
2019-05-18,Odisha,ER,19.82042971,85.90001746,89.0,2019,5,5,138,1,1,29.7,86,87.9,78.9,88.4,92.65714285714286,6.667547560849524,79.75,-0.9749279121818236,-0.2225209339563146,0.49999999999999994,-0.8660254037844387,0.6932812268869777,-0.7206671495538609,79.9,94.6
2019-05-19,Odisha,ER,19.82042971,85.90001746,79.9,2019,5,6,139,1,0,29.6,87,89.0,98.7,90.4,89.97142857142858,7.555067677992526,79.4,-0.7818314824680299,0.6234898018587334,0.49999999999999994,-0.8660254037844387,0.6807734094770161,-0.7324940716135789,90.8,66.5
2019-05-20,Odisha,ER,19.82042971,85.90001746,90.8,2019,5,0,140,0,0,29.4,87,79.9,102.5,88.4,88.3,5.27004111305908,79.48,0.0,1.0,0.49999999999999994,-0.8660254037844387,0.6680638642135335,-0.7441039398713607,92.0,69.1
2019-05-21,Odisha,ER,19.82042971,85.90001746,92.0,2019,5,1,141,0,0,29.5,85,90.8,97.4,70.3,87.52857142857144,3.944495863738129,80.20333333333335,0.7818314824680298,0.6234898018587336,0.49999999999999994,-0.8660254037844387,0.6551563572090853,-0.7554933140726803,95.4,74.7
2019-05-22,Odisha,ER,19.82042971,85.90001746,95.4,2019,5,2,142,0,0,29.6,84,92.0,86.9,71.7,88.74285714285713,4.909126583163597,80.99333333333334,0.9749279121818236,-0.22252093395631434,0.49999999999999994,-0.8660254037844387,0.6420547132365637,-0.766658819300159,96.5,79.1
2019-05-23,Odisha,ER,19.82042971,85.90001746,96.5,2019,5,3,143,0,0,29.5,83,95.4,86.2,70.0,90.21428571428571,5.52492189128151,81.87666666666668,0.43388373911755823,-0.900968867902419,0.49999999999999994,-0.8660254037844387,0.6287628145958344,-0.7775971469736269,96.5,82.7
2019-05-24,Odisha,ER,19.82042971,85.90001746,96.5,2019,5,4,144,0,0,29.6,82,96.5,87.9,67.5,91.44285714285715,5.869939563248526,82.84333333333333,-0.433883739117558,-0.9009688679024191,0.49999999999999994,-0.8660254037844387,0.6152845999633276,-0.7883050558305255,94.6,80.7
2019-05-25,Odisha,ER,19.82042971,85.90001746,94.6,2019,5,5,145,1,0,29.7,83,96.5,89.0,69.5,92.24285714285715,5.863121223050937,83.68,-0.9749279121818236,-0.2225209339563146,0.49999999999999994,-0.8660254037844387,0.6016240632249226,-0.7987793728863649,66.5,82.8
2019-05-26,Odisha,ER,19.82042971,85.90001746,66.5,2019,5,6,146,1,0,29.8,86,94.6,79.9,69.2,90.32857142857142,10.731218366012659,83.59,-0.7818314824680299,0.6234898018587334,0.49999999999999994,-0.8660254037844387,0.5877852522924732,-0.8090169943749473,69.1,83.8
2019-05-27,Odisha,ER,19.82042971,85.90001746,69.1,2019,5,0,147,0,0,29.7,86,66.5,90.8,67.4,87.22857142857143,13.379799984269095,83.64666666666668,0.0,1.0,0.49999999999999994,-0.8660254037844387,0.5737722679043246,-0.8190148866680801,74.7,85.8
2019-05-28,Odisha,ER,19.82042971,85.90001746,74.7,2019,5,1,148,0,0,29.7,86,69.1,92.0,65.7,84.75714285714285,13.93770152534209,83.94666666666667,0.7818314824680298,0.6234898018587336,0.49999999999999994,-0.8660254037844387,0.5595892624101765,-0.8287700871745038,79.1,79.8
2019-05-29,Odisha,ER,19.82042971,85.90001746,79.1,2019,5,2,149,0,0,29.6,84,74.7,95.4,66.9,82.42857142857143,13.205644536297608,84.35333333333334,0.9749279121818236,-0.22252093395631434,0.49999999999999994,-0.8660254037844387,0.545240438540651,-0.8382797052177744,82.7,70.8
2019-05-30,Odisha,ER,19.82042971,85.90001746,82.7,2019,5,3,150,0,0,29.7,84,79.1,96.5,65.6,80.45714285714287,11.698982454734665,84.92333333333335,0.43388373911755823,-0.900968867902419,0.49999999999999994,-0.8660254037844387,0.5307300481619334,-0.8475409228928311,80.7,70.5
2019-05-31,Odisha,ER,19.82042971,85.90001746,80.7,2019,5,4,151,0,0,29.5,84,82.7,96.5,65.3,78.2,9.382785656012052,85.43666666666667,-0.433883739117558,-0.9009688679024191,0.49999999999999994,-0.8660254037844387,0.5160623910158528,-0.8565509959010036,82.8,73.9
2019-06-02,Odisha,ER,19.82042971,85.90001746,82.8,2019,6,6,153,1,0,29.7,85,80.7,94.6,66.2,76.51428571428572,6.589493802366554,85.99000000000001,-0.7818314824680299,0.6234898018587334,1.2246467991473532e-16,-1.0,0.48627270710868997,-0.8738071036110808,83.8,76.1
2019-06-03,Odisha,ER,19.82042971,85.90001746,83.8,2019,6,0,154,0,0,29.7,84,82.8,66.5,70.3,78.98571428571428,5.331800374929106,86.44000000000001,0.0,1.0,1.2246467991473532e-16,-1.0,0.4711595076738638,-0.8820480249558537,85.8,67.6
2019-06-04,Odisha,ER,19.82042971,85.90001746,85.8,2019,6,1,155,0,0,29.7,82,83.8,69.1,71.6,81.37142857142855,3.638550208399874,86.91333333333334,0.7818314824680298,0.6234898018587336,1.2246467991473532e-16,-1.0,0.4559066935084588,-0.8900275764346767,79.8,81.9
2019-06-05,Odisha,ER,19.82042971,85.90001746,79.8,2019,6,2,156,0,1,30.0,82,85.8,74.7,89.7,82.1,2.369247419188754,86.58333333333333,0.9749279121818236,-0.22252093395631434,1.2246467991473532e-16,-1.0,0.440518784350495,-0.8977433935342337,70.8,81.8
2019-06-06,Odisha,ER,19.82042971,85.90001746,70.8,2019,6,3,157,0,0,29.7,84,79.8,79.1,95.0,80.91428571428571,4.873885709037603,85.77666666666666,0.43388373911755823,-0.900968867902419,1.2246467991473532e-16,-1.0,0.42500033996955416,-0.9051931898913974,70.5,73.5
2019-06-07,Odisha,ER,19.82042971,85.90001746,70.5,2019,6,4,158,0,0,29.3,86,70.8,82.7,89.4,79.17142857142856,6.144567868102126,85.14666666666668,-0.433883739117558,-0.9009688679024191,1.2246467991473532e-16,-1.0,0.4093559588156213,-0.9123747579707273,73.9,75.4
2019-06-08,Odisha,ER,19.82042971,85.90001746,73.9,2019,6,5,159,1,0,29.5,87,70.5,80.7,87.6,78.2,6.395050169206284,84.69,-0.9749279121818236,-0.2225209339563146,1.2246467991473532e-16,-1.0,0.39359027665646673,-0.9192859697186104,76.1,84.1
2019-06-09,Odisha,ER,19.82042971,85.90001746,76.1,2019,6,6,160,1,0,30.0,86,73.9,82.8,84.1,77.24285714285715,6.085736642033483,84.42333333333333,-0.7818314824680299,0.6234898018587334,1.2246467991473532e-16,-1.0,0.3777079652039649,-0.9259247771938498,67.6,82.2
2019-06-10,Odisha,ER,19.82042971,85.90001746,67.6,2019,6,0,161,0,0,30.7,82,76.1,83.8,83.2,74.92857142857143,6.254522173519395,83.90333333333335,0.0,1.0,1.2246467991473532e-16,-1.0,0.36171373072976765,-0.9322892131745133,81.9,93.9
2019-06-11,Odisha,ER,19.82042971,85.90001746,81.9,2019,6,1,162,0,0,30.7,78,67.6,85.8,78.9,74.37142857142858,5.211434314950703,84.00333333333333,0.7818314824680298,0.6234898018587336,1.2246467991473532e-16,-1.0,0.3456123126707335,-0.9383773917408641,81.8,85.0
2019-06-12,Odisha,ER,19.82042971,85.90001746,81.8,2019,6,2,163,0,0,30.9,79,81.9,79.8,98.7,74.65714285714286,5.599064547718835,83.44000000000001,0.9749279121818236,-0.22252093395631434,1.2246467991473532e-16,-1.0,0.3294084822245304,-0.9441875088341993,73.5,81.5
2019-06-13,Odisha,ER,19.82042971,85.90001746,73.5,2019,6,3,164,0,0,29.8,78,81.8,70.8,102.5,75.04285714285716,5.377687589431164,82.47333333333334,0.43388373911755823,-0.900968867902419,1.2246467991473532e-16,-1.0,0.3131070409358269,-0.9497178427914316,75.4,94.3
2019-06-14,Odisha,ER,19.82042971,85.90001746,75.4,2019,6,4,165,0,0,31.3,72,73.5,70.5,97.4,75.74285714285715,4.992947407045467,81.74000000000001,-0.433883739117558,-0.9009688679024191,1.2246467991473532e-16,-1.0,0.29671281927349075,-0.9549667548552551,84.1,92.0
2019-06-15,Odisha,ER,19.82042971,85.90001746,84.1,2019,6,5,166,1,0,30.8,81,75.4,73.9,86.9,77.2,5.790221642274592,81.64666666666668,-0.9749279121818236,-0.2225209339563146,1.2246467991473532e-16,-1.0,0.28023067519921585,-0.9599326896597447,82.2,91.0
2019-06-16,Odisha,ER,19.82042971,85.90001746,82.2,2019,6,6,167,1,0,30.2,81,84.1,76.1,86.2,78.07142857142857,6.0502656376156585,81.51333333333334,-0.7818314824680299,0.6234898018587334,1.2246467991473532e-16,-1.0,0.26366549272800704,-0.9646141756912435,93.9,90.7
2019-06-17,Odisha,ER,19.82042971,85.90001746,93.9,2019,6,0,168,0,0,30.2,79,82.2,67.6,87.9,81.82857142857142,6.604471789556421,81.71333333333334,0.0,1.0,1.2246467991473532e-16,-1.0,0.24702218048093552,-0.9690098257244062,85.0,69.0
2019-06-18,Odisha,ER,19.82042971,85.90001746,85.0,2019,6,1,169,0,0,31.2,75,93.9,81.9,89.0,82.27142857142859,6.713100199290438,81.58,0.7818314824680298,0.6234898018587336,1.2246467991473532e-16,-1.0,0.23030567023061221,-0.9731183372332619,81.5,68.4
2019-06-19,Odisha,ER,19.82042971,85.90001746,81.5,2019,6,2,170,0,0,30.8,78,85.0,81.8,79.9,82.22857142857143,6.717567586985137,81.63333333333334,0.9749279121818236,-0.22252093395631434,1.2246467991473532e-16,-1.0,0.21352091543979612,-0.9769384927771817,94.3,70.3
2019-06-20,Odisha,ER,19.82042971,85.90001746,94.3,2019,6,3,171,0,0,29.2,85,81.5,73.5,90.8,85.2,6.812733176437542,81.75,0.43388373911755823,-0.900968867902419,1.2246467991473532e-16,-1.0,0.19667288979357647,-0.980469160361632,92.0,71.0
2019-06-21,Odisha,ER,19.82042971,85.90001746,92.0,2019,6,4,172,0,0,27.7,89,94.3,75.4,92.0,87.57142857142857,5.617150607948899,81.75,-0.433883739117558,-0.9009688679024191,1.2246467991473532e-16,-1.0,0.1797665857255624,-0.9837092937736097,91.0,69.5
2019-06-22,Odisha,ER,19.82042971,85.90001746,91.0,2019,6,5,173,1,0,28.4,84,92.0,84.1,95.4,88.55714285714285,5.510855088779206,81.60333333333334,-0.9749279121818236,-0.2225209339563146,1.2246467991473532e-16,-1.0,0.16280701293851715,-0.986657932891657,90.7,70.4
2019-06-23,Odisha,ER,19.82042971,85.90001746,90.7,2019,6,6,174,1,0,28.5,86,91.0,82.2,96.5,89.77142857142857,4.762252368265212,81.41000000000001,-0.7818314824680299,0.6234898018587334,1.2246467991473532e-16,-1.0,0.1457991969198751,-0.9893142039703663,69.0,70.1
2019-06-24,Odisha,ER,19.82042971,85.90001746,69.0,2019,6,0,175,0,0,29.3,84,90.7,93.9,96.5,86.21428571428571,8.774096073371974,80.49333333333334,0.0,1.0,1.2246467991473532e-16,-1.0,0.12874817745258132,-0.99167731989929,68.4,89.8
2019-06-25,Odisha,ER,19.82042971,85.90001746,68.4,2019,6,1,176,0,0,29.5,83,69.0,85.0,94.6,83.84285714285714,11.093670439017156,79.61999999999999,0.7818314824680298,0.6234898018587336,1.2246467991473532e-16,-1.0,0.11165900712169512,-0.993746580436178,70.3,96.4
2019-06-26,Odisha,ER,19.82042971,85.90001746,70.3,2019,6,2,177,0,0,29.6,82,68.4,81.5,66.5,82.24285714285715,12.236673995665226,79.74666666666667,0.9749279121818236,-0.22252093395631434,1.2246467991473532e-16,-1.0,0.09453674981719912,-0.9955213724144752,71.0,105.39899999999999
2019-06-27,Odisha,ER,19.82042971,85.90001746,71.0,2019,6,3,178,0,0,29.9,83,70.3,94.3,69.1,78.91428571428571,11.560626939664388,79.81,0.43388373911755823,-0.900968867902419,1.2246467991473532e-16,-1.0,0.07738647923346301,-0.9970011699250151,69.5,99.8
2019-06-28,Odisha,ER,19.82042971,85.90001746,69.5,2019,6,4,179,0,0,30.2,85,71.0,92.0,74.7,75.7,10.383961992739815,79.63666666666668,-0.433883739117558,-0.9009688679024191,1.2246467991473532e-16,-1.0,0.06021327736579302,-0.9981855344718586,70.4,95.2
2019-06-29,Odisha,ER,19.82042971,85.90001746,70.4,2019,6,5,180,1,0,30.4,82,69.5,91.0,79.1,72.75714285714285,7.961753814928078,79.34666666666666,-0.9749279121818236,-0.2225209339563146,1.2246467991473532e-16,-1.0,0.04302223300453059,-0.99907411510223,70.1,94.0
2019-06-30,Odisha,ER,19.82042971,85.90001746,70.1,2019,6,6,181,1,0,28.4,88,70.4,90.7,82.7,69.81428571428572,0.8970852271436927,78.92666666666668,-0.7818314824680299,0.6234898018587334,1.2246467991473532e-16,-1.0,0.02581844022713308,-0.9996666485105112,89.8,87.8
2019-07-01,Odisha,ER,19.82042971,85.90001746,89.8,2019,7,0,182,0,0,27.1,91,70.1,69.0,80.7,72.78571428571429,7.547500374611445,79.23,0.0,1.0,-0.4999999999999997,-0.8660254037844388,0.008606996888688698,-0.9999629591162655,96.4,73.95
2019-07-02,Odisha,ER,19.82042971,85.90001746,96.4,2019,7,1,183,0,0,28.2,86,89.8,68.4,82.8,76.78571428571429,11.315097373484118,79.68333333333334,0.7818314824680298,0.6234898018587336,-0.4999999999999997,-0.8660254037844388,-0.008606996888688009,-0.9999629591162655,105.39899999999999,64.15
2019-07-03,Odisha,ER,19.82042971,85.90001746,105.39899999999999,2019,7,2,184,0,0,29.4,82,96.4,70.3,83.8,81.79985714285715,15.104374646975284,80.4033,0.9749279121818236,-0.22252093395631434,-0.4999999999999997,-0.8660254037844388,-0.02581844022713239,-0.9996666485105112,99.8,61.9
2019-07-04,Odisha,ER,19.82042971,85.90001746,99.8,2019,7,3,185,0,0,29.4,83,105.39899999999999,71.0,85.8,85.91414285714286,15.58701169166785,80.86996666666667,0.43388373911755823,-0.900968867902419,-0.4999999999999997,-0.8660254037844388,-0.04302223300453034,-0.99907411510223,95.2,60.85
2019-07-05,Odisha,ER,19.82042971,85.90001746,95.2,2019,7,4,186,0,0,28.2,87,99.8,69.5,79.8,89.58557142857144,14.024840722293948,81.38329999999999,-0.433883739117558,-0.9009688679024191,-0.4999999999999997,-0.8660254037844388,-0.060213277365792774,-0.9981855344718586,94.0,74.25
2019-07-06,Odisha,ER,19.82042971,85.90001746,94.0,2019,7,5,187,1,0,27.7,86,95.2,70.4,70.8,92.95700000000001,11.195328326285665,82.15663333333333,-0.9749279121818236,-0.2225209339563146,-0.4999999999999997,-0.8660254037844388,-0.07738647923346322,-0.9970011699250151,87.8,74.8
2019-07-07,Odisha,ER,19.82042971,85.90001746,87.8,2019,7,6,188,1,0,28.9,81,94.0,70.1,70.5,95.48557142857143,5.935890044386665,82.73330000000001,-0.7818314824680299,0.6234898018587334,-0.4999999999999997,-0.8660254037844388,-0.09453674981719933,-0.9955213724144752,73.95,74.1
2019-07-08,Odisha,ER,19.82042971,85.90001746,73.95,2019,7,0,189,0,0,29.2,82,87.8,89.8,73.9,93.22128571428571,10.057956464316998,82.73496666666666,0.0,1.0,-0.4999999999999997,-0.8660254037844388,-0.11165900712169444,-0.9937465804361781,64.15,73.8
2019-07-09,Odisha,ER,19.82042971,85.90001746,64.15,2019,7,1,190,0,0,29.3,82,73.95,96.4,76.1,88.61414285714285,14.682359034212592,82.33663333333334,0.7818314824680298,0.6234898018587336,-0.4999999999999997,-0.8660254037844388,-0.12874817745258066,-0.99167731989929,61.9,72.1
2019-07-10,Odisha,ER,19.82042971,85.90001746,61.9,2019,7,2,191,0,0,29.0,84,64.15,105.39899999999999,67.6,82.39999999999999,15.572598798316642,82.14663333333334,0.9749279121818236,-0.22252093395631434,-0.4999999999999997,-0.8660254037844388,-0.14579919691987442,-0.9893142039703664,60.85,75.7
2019-07-11,Odisha,ER,19.82042971,85.90001746,60.85,2019,7,3,192,0,0,29.0,84,61.9,99.8,81.9,76.83571428571429,15.274971748083885,81.44496666666667,0.43388373911755823,-0.900968867902419,-0.4999999999999997,-0.8660254037844388,-0.16280701293851646,-0.9866579328916572,74.25,85.3
2019-07-12,Odisha,ER,19.82042971,85.90001746,74.25,2019,7,4,193,0,0,29.0,84,60.85,95.2,81.8,73.84285714285714,12.953037886001455,81.1933,-0.433883739117558,-0.9009688679024191,-0.4999999999999997,-0.8660254037844388,-0.17976658572556214,-0.9837092937736098,74.8,85.1
2019-07-13,Odisha,ER,19.82042971,85.90001746,74.8,2019,7,5,194,1,0,29.0,85,74.25,94.0,73.5,71.10000000000001,9.562339323268734,81.23663333333334,-0.9749279121818236,-0.2225209339563146,-0.4999999999999997,-0.8660254037844388,-0.19667288979357622,-0.9804691603616321,74.1,81.6
2019-07-14,Odisha,ER,19.82042971,85.90001746,74.1,2019,7,6,195,1,0,29.3,83,74.8,87.8,75.4,69.14285714285714,6.47980378891638,81.1933,-0.7818314824680299,0.6234898018587334,-0.4999999999999997,-0.8660254037844388,-0.2135209154397959,-0.9769384927771817,73.8,80.0
2019-07-15,Odisha,ER,19.82042971,85.90001746,73.8,2019,7,0,196,0,0,29.4,83,74.1,73.95,84.1,69.12142857142858,6.461479264511509,80.84996666666666,0.0,1.0,-0.4999999999999997,-0.8660254037844388,-0.23030567023061196,-0.973118337233262,72.1,83.3
2019-07-16,Odisha,ER,19.82042971,85.90001746,72.1,2019,7,1,197,0,0,29.6,83,73.8,64.15,82.2,70.25714285714285,6.132320697978476,80.51330000000002,0.7818314824680298,0.6234898018587336,-0.4999999999999997,-0.8660254037844388,-0.24702218048093527,-0.9690098257244063,75.7,84.9
2019-07-17,Odisha,ER,19.82042971,85.90001746,75.7,2019,7,2,198,0,0,28.7,88,72.1,61.9,93.9,72.22857142857143,5.134998956739196,79.90663333333333,0.9749279121818236,-0.22252093395631434,-0.4999999999999997,-0.8660254037844388,-0.2636654927280072,-0.9646141756912435,85.3,74.6
2019-07-18,Odisha,ER,19.82042971,85.90001746,85.3,2019,7,3,199,0,0,28.7,87,75.7,60.85,85.0,75.72142857142856,4.362707219802072,79.91663333333334,0.43388373911755823,-0.900968867902419,-0.4999999999999997,-0.8660254037844388,-0.2802306751992161,-0.9599326896597445,85.1,76.8
2019-07-19,Odisha,ER,19.82042971,85.90001746,85.1,2019,7,4,200,0,0,28.3,86,85.3,74.25,81.5,77.27142857142857,5.52530973059852,80.03663333333334,-0.433883739117558,-0.9009688679024191,-0.4999999999999997,-0.8660254037844388,-0.2967128192734901,-0.9549667548552553,81.6,77.0
2019-07-20,Odisha,ER,19.82042971,85.90001746,81.6,2019,7,5,201,1,0,28.6,84,85.1,74.8,94.3,78.24285714285715,5.615412464178956,79.6133,-0.9749279121818236,-0.2225209339563146,-0.4999999999999997,-0.8660254037844388,-0.3131070409358267,-0.9497178427914317,80.0,78.0
2019-07-21,Odisha,ER,19.82042971,85.90001746,80.0,2019,7,6,202,1,0,29.0,82,81.6,74.1,92.0,79.08571428571429,5.325231942187551,79.21329999999999,-0.7818314824680299,0.6234898018587334,-0.4999999999999997,-0.8660254037844388,-0.3294084822245302,-0.9441875088341994,83.3,80.6
2019-07-22,Odisha,ER,19.82042971,85.90001746,83.3,2019,7,0,203,0,0,29.1,82,80.0,73.8,91.0,80.44285714285714,4.95104606551552,78.95663333333331,0.0,1.0,-0.4999999999999997,-0.8660254037844388,-0.3456123126707333,-0.9383773917408642,84.9,83.1
2019-07-23,Odisha,ER,19.82042971,85.90001746,84.9,2019,7,1,204,0,0,29.2,80,83.3,72.1,90.7,82.27142857142857,3.5103249069538904,78.7633,0.7818314824680298,0.6234898018587336,-0.4999999999999997,-0.8660254037844388,-0.3617137307297674,-0.9322892131745134,74.6,82.0
2019-07-24,Odisha,ER,19.82042971,85.90001746,74.6,2019,7,2,205,0,0,29.5,82,84.9,75.7,69.0,82.11428571428571,3.860668582611279,78.94996666666665,0.9749279121818236,-0.22252093395631434,-0.4999999999999997,-0.8660254037844388,-0.37770796520396466,-0.9259247771938499,76.8,87.4
2019-07-25,Odisha,ER,19.82042971,85.90001746,76.8,2019,7,3,206,0,0,28.3,90,74.6,85.3,68.4,80.89999999999999,4.024922359499584,79.22996666666667,0.43388373911755823,-0.900968867902419,-0.4999999999999997,-0.8660254037844388,-0.39359027665646645,-0.9192859697186105,77.0,82.8
2019-07-26,Odisha,ER,19.82042971,85.90001746,77.0,2019,7,4,207,0,0,27.8,88,76.8,85.1,70.3,79.74285714285713,3.7726459074311083,79.4533,-0.433883739117558,-0.9009688679024191,-0.4999999999999997,-0.8660254037844388,-0.4093559588156211,-0.9123747579707274,78.0,92.9
2019-07-27,Odisha,ER,19.82042971,85.90001746,78.0,2019,7,5,208,1,0,26.9,90,77.0,81.6,71.0,79.22857142857143,3.722326461463822,79.68663333333333,-0.9749279121818236,-0.2225209339563146,-0.4999999999999997,-0.8660254037844388,-0.42500033996955394,-0.9051931898913975,80.6,102.3
2019-07-28,Odisha,ER,19.82042971,85.90001746,80.6,2019,7,6,209,1,0,27.1,89,78.0,80.0,69.5,79.31428571428572,3.7498571401358833,80.05663333333334,-0.7818314824680299,0.6234898018587334,-0.4999999999999997,-0.8660254037844388,-0.4405187843504952,-0.8977433935342336,83.1,82.2
2019-07-29,Odisha,ER,19.82042971,85.90001746,83.1,2019,7,0,210,0,0,28.1,81,80.6,83.3,70.4,79.28571428571429,3.7150273984760958,80.47996666666667,0.0,1.0,-0.4999999999999997,-0.8660254037844388,-0.455906693508459,-0.8900275764346766,82.0,79.8
2019-07-30,Odisha,ER,19.82042971,85.90001746,82.0,2019,7,1,211,0,0,28.7,79,83.1,84.9,70.1,78.87142857142858,3.0944651049436183,80.87663333333333,0.7818314824680298,0.6234898018587336,-0.4999999999999997,-0.8660254037844388,-0.47115950767386394,-0.8820480249558535,87.4,84.3
2019-07-31,Odisha,ER,19.82042971,85.90001746,87.4,2019,7,2,212,0,0,28.8,82,82.0,74.6,89.8,80.7,3.8414407019588737,80.79663333333333,0.9749279121818236,-0.22252093395631434,-0.4999999999999997,-0.8660254037844388,-0.4862727071086902,-0.8738071036110807,82.8,81.3
2019-08-01,Odisha,ER,19.82042971,85.90001746,82.8,2019,8,3,213,0,0,28.4,85,87.4,76.8,96.4,81.55714285714285,3.4784369779433266,80.3433,0.43388373911755823,-0.900968867902419,-0.8660254037844385,-0.5000000000000004,-0.5012418134457756,-0.8653072543632061,92.9,83.4
2019-08-02,Odisha,ER,19.82042971,85.90001746,92.9,2019,8,4,214,0,0,28.2,85,82.8,77.0,105.39899999999999,83.82857142857142,4.9053420831151895,79.92666666666668,-0.433883739117558,-0.9009688679024191,-0.8660254037844385,-0.5000000000000004,-0.5160623910158526,-0.8565509959010037,102.3,74.2
2019-08-03,Odisha,ER,19.82042971,85.90001746,102.3,2019,8,5,215,1,0,27.4,86,92.9,78.0,99.8,87.3,7.823468966300491,80.00999999999999,-0.9749279121818236,-0.2225209339563146,-0.8660254037844385,-0.5000000000000004,-0.5307300481619331,-0.8475409228928312,82.2,60.7015
2019-08-04,Odisha,ER,19.82042971,85.90001746,82.2,2019,8,6,216,1,0,28.1,84,102.3,80.6,95.2,87.52857142857142,7.615710578734452,79.57666666666667,-0.7818314824680299,0.6234898018587334,-0.8660254037844385,-0.5000000000000004,-0.5452404385406507,-0.8382797052177745,79.8,70.0
2019-08-05,Odisha,ER,19.82042971,85.90001746,79.8,2019,8,0,217,0,0,27.8,87,82.2,83.1,94.0,87.05714285714286,8.026592706509446,79.10333333333332,0.0,1.0,-0.8660254037844385,-0.5000000000000004,-0.5595892624101763,-0.828770087174504,84.3,77.2
2019-08-06,Odisha,ER,19.82042971,85.90001746,84.3,2019,8,1,218,0,0,27.0,93,79.8,82.0,87.8,87.38571428571429,7.829735749357197,78.98666666666666,0.7818314824680298,0.6234898018587336,-0.8660254037844385,-0.5000000000000004,-0.5737722679043243,-0.8190148866680802,81.3,84.5
2019-08-08,Odisha,ER,19.82042971,85.90001746,81.3,2019,8,3,220,0,0,27.9,84,84.3,87.4,73.95,86.5142857142857,8.160357135041867,79.23166666666665,0.43388373911755823,-0.900968867902419,-0.8660254037844385,-0.5000000000000004,-0.6016240632249227,-0.7987793728863648,83.4,71.6
2019-08-09,Odisha,ER,19.82042971,85.90001746,83.4,2019,8,4,221,0,0,28.4,84,81.3,82.8,64.15,86.60000000000001,8.117881497040969,79.87333333333332,-0.433883739117558,-0.9009688679024191,-0.8660254037844385,-0.5000000000000004,-0.6152845999633277,-0.7883050558305253,74.2,71.1
2019-08-10,Odisha,ER,19.82042971,85.90001746,74.2,2019,8,5,222,1,0,28.8,86,83.4,92.9,61.9,83.92857142857143,8.751326430074137,80.28333333333333,-0.9749279121818236,-0.2225209339563146,-0.8660254037844385,-0.5000000000000004,-0.6287628145958345,-0.7775971469736268,60.7015,73.3
2019-08-11,Odisha,ER,19.82042971,85.90001746,60.7015,2019,8,6,223,1,0,29.0,87,74.2,102.3,60.85,77.98592857142857,8.30960003263576,80.27838333333332,-0.7818314824680299,0.6234898018587334,-0.8660254037844385,-0.5000000000000004,-0.6420547132365636,-0.7666588193001592,70.0,74.6
2019-08-12,Odisha,ER,19.82042971,85.90001746,70.0,2019,8,0,224,0,1,27.0,93,60.7015,82.2,74.25,76.24307142857143,8.554243744230893,80.13671666666666,0.0,1.0,-0.8660254037844385,-0.5000000000000004,-0.655156357209085,-0.7554933140726804,77.2,71.5
2019-08-13,Odisha,ER,19.82042971,85.90001746,77.2,2019,8,1,225,0,0,27.5,89,70.0,79.8,74.8,75.87164285714286,8.429598382654786,80.21671666666666,0.7818314824680298,0.6234898018587336,-0.8660254037844385,-0.5000000000000004,-0.6680638642135333,-0.7441039398713608,84.5,71.6
2019-08-14,Odisha,ER,19.82042971,85.90001746,84.5,2019,8,2,226,0,0,28.9,83,77.2,84.3,74.1,75.90021428571428,8.463198783838235,80.56338333333333,0.9749279121818236,-0.22252093395631434,-0.8660254037844385,-0.5000000000000004,-0.6807734094770159,-0.7324940716135792,71.6,70.6
2019-08-15,Odisha,ER,19.82042971,85.90001746,71.6,2019,8,3,227,0,1,28.9,84,84.5,81.3,73.8,74.5145,8.222399593995188,80.49005000000001,0.43388373911755823,-0.900968867902419,-0.8660254037844385,-0.5000000000000004,-0.6932812268869771,-0.7206671495538615,71.1,68.4
2019-08-16,Odisha,ER,19.82042971,85.90001746,71.1,2019,8,4,228,0,0,28.9,87,71.6,83.4,72.1,72.75735714285715,7.265683878767995,80.45671666666667,-0.433883739117558,-0.9009688679024191,-0.8660254037844385,-0.5000000000000004,-0.7055836101071774,-0.70862667826446,73.3,68.9
2019-08-17,Odisha,ER,19.82042971,85.90001746,73.3,2019,8,5,229,1,0,28.7,90,71.1,74.2,75.7,72.62878571428571,7.243830730681147,80.37671666666667,-0.9749279121818236,-0.2225209339563146,-0.8660254037844385,-0.5000000000000004,-0.7176769136759615,-0.6963762255968726,74.6,69.3
2019-08-18,Odisha,ER,19.82042971,85.90001746,74.6,2019,8,6,230,1,0,27.8,90,73.3,60.7015,85.3,74.61428571428571,4.9811071632145705,80.02005000000001,-0.7818314824680299,0.6234898018587334,-0.8660254037844385,-0.5000000000000004,-0.7295575540864876,-0.6839194216246105,71.5,66.7
2019-08-19,Odisha,ER,19.82042971,85.90001746,71.5,2019,8,0,231,0,0,28.9,86,74.6,70.0,85.1,74.82857142857142,4.7776264280198015,79.56671666666666,0.0,1.0,-0.8660254037844385,-0.5000000000000004,-0.7412220108485957,-0.6712599575675315,71.6,67.0
2019-08-20,Odisha,ER,19.82042971,85.90001746,71.6,2019,8,1,232,0,0,29.0,87,71.5,77.2,81.6,74.02857142857142,4.7832047435842115,79.23338333333332,0.7818314824680298,0.6234898018587336,-0.8660254037844385,-0.5000000000000004,-0.7526668275320083,-0.6584015846980489,70.6,65.8
2019-08-21,Odisha,ER,19.82042971,85.90001746,70.6,2019,8,2,233,0,0,28.6,89,71.6,84.5,80.0,72.04285714285713,1.401020036564716,78.92004999999999,0.9749279121818236,-0.22252093395631434,-0.8660254037844385,-0.5000000000000004,-0.7638886127905429,-0.64534811322955,68.4,66.4
2019-08-22,Odisha,ER,19.82042971,85.90001746,68.4,2019,8,3,234,0,0,28.6,88,70.6,71.6,83.3,71.58571428571429,1.9743594500733217,78.42338333333333,0.43388373911755823,-0.900968867902419,-0.8660254037844385,-0.5000000000000004,-0.7748840413670406,-0.6321034111873488,68.9,105.3
2019-08-23,Odisha,ER,19.82042971,85.90001746,68.9,2019,8,4,235,0,0,28.2,87,68.4,71.1,84.9,71.27142857142857,2.2238961949049756,77.89005,-0.433883739117558,-0.9009688679024191,-0.8660254037844385,-0.5000000000000004,-0.7856498550787144,-0.6186714032625032,69.3,103.0
2019-08-24,Odisha,ER,19.82042971,85.90001746,69.3,2019,8,5,236,1,1,27.6,90,68.9,73.3,74.6,70.7,2.127596452964034,77.71338333333334,-0.9749279121818236,-0.2225209339563146,-0.8660254037844385,-0.5000000000000004,-0.7961828637826154,-0.6050560696488494,66.7,105.39899999999999
2019-08-25,Odisha,ER,19.82042971,85.90001746,66.7,2019,8,6,237,1,0,26.9,90,69.3,74.6,76.8,69.57142857142857,1.781117894014682,77.37671666666667,-0.7818314824680299,0.6234898018587334,-0.8660254037844385,-0.5000000000000004,-0.8064799463209447,-0.5912614448635782,67.0,105.39899999999999
2019-08-26,Odisha,ER,19.82042971,85.90001746,67.0,2019,8,0,238,0,0,27.6,86,66.7,71.5,77.0,68.92857142857143,1.7811178940146613,77.04338333333334,0.0,1.0,-0.8660254037844385,-0.5000000000000004,-0.8165380514459157,-0.5772916165517278,65.8,105.0
2019-08-27,Odisha,ER,19.82042971,85.90001746,65.8,2019,8,1,239,0,0,28.5,82,67.0,71.6,78.0,68.1,1.6772994167206687,76.63671666666667,0.7818314824680298,0.6234898018587336,-0.8660254037844385,-0.5000000000000004,-0.8263541987239094,-0.5631507242749187,66.4,93.3
2019-08-28,Odisha,ER,19.82042971,85.90001746,66.4,2019,8,2,240,0,0,28.1,86,65.8,70.6,80.6,67.5,1.354006400771952,76.16338333333333,0.9749279121818236,-0.22252093395631434,-0.8660254037844385,-0.5000000000000004,-0.8359254794186365,-0.5488429582847199,105.3,86.8
2019-08-29,Odisha,ER,19.82042971,85.90001746,105.3,2019,8,3,241,0,0,28.0,88,66.4,68.4,83.1,72.77142857142857,14.402050118613197,76.90338333333334,0.43388373911755823,-0.900968867902419,-0.8660254037844385,-0.5000000000000004,-0.8452490573530634,-0.5343725582809785,103.0,79.4
2019-08-30,Odisha,ER,19.82042971,85.90001746,103.0,2019,8,4,242,0,0,28.6,88,105.3,68.9,82.0,77.64285714285714,18.15294807488644,77.60338333333334,-0.433883739117558,-0.9009688679024191,-0.8660254037844385,-0.5000000000000004,-0.8543221697498269,-0.5197438121555157,105.39899999999999,79.6
2019-08-31,Odisha,ER,19.82042971,85.90001746,105.39899999999999,2019,8,5,243,1,0,28.2,87,103.0,69.3,87.4,82.79985714285714,20.378971191145148,78.20335,-0.9749279121818236,-0.2225209339563146,-0.8660254037844385,-0.5000000000000004,-0.8631421280499115,-0.5049610547215202,105.39899999999999,80.3
2019-09-01,Odisha,ER,19.82042971,85.90001746,105.39899999999999,2019,9,6,244,1,0,27.7,90,105.39899999999999,66.7,82.8,88.3282857142857,20.532031890960752,78.95665,-0.7818314824680299,0.6234898018587334,-1.0,-1.8369701987210297e-16,-0.8717063187093217,-0.4900286664290594,105.0,69.3
2019-09-02,Odisha,ER,19.82042971,85.90001746,105.0,2019,9,0,245,0,0,27.7,88,105.39899999999999,67.0,92.9,93.75685714285714,18.912740735886455,79.35998333333332,0.0,1.0,-1.0,-1.8369701987210297e-16,-0.8800122039735356,-0.4749510720670502,93.3,64.8
2019-09-03,Odisha,ER,19.82042971,85.90001746,93.3,2019,9,1,246,0,0,27.0,90,105.0,65.8,102.3,97.68542857142857,14.472604670631453,79.05998333333334,0.7818314824680298,0.6234898018587336,-1.0,-1.8369701987210297e-16,-0.888057322629493,-0.4597327394521046,86.8,71.6
2019-09-04,Odisha,ER,19.82042971,85.90001746,86.8,2019,9,2,247,0,0,27.3,88,93.3,66.4,82.2,100.59971428571428,7.494451296665965,79.21331666666667,0.9749279121818236,-0.22252093395631434,-1.0,-1.8369701987210297e-16,-0.8958392907349089,-0.4443781781046134,79.4,105.39899999999999
2019-09-05,Odisha,ER,19.82042971,85.90001746,79.4,2019,9,3,248,0,0,26.5,91,86.8,105.3,79.8,96.89971428571427,10.555456735961934,79.19998333333334,0.43388373911755823,-0.900968867902419,-1.0,-1.8369701987210297e-16,-0.9033558023246842,-0.4288919379124841,79.6,103.0
2019-09-06,Odisha,ER,19.82042971,85.90001746,79.6,2019,9,4,249,0,0,26.8,92,79.4,103.0,84.3,93.55685714285714,11.918821060666703,79.04331666666667,-0.433883739117558,-0.9009688679024191,-1.0,-1.8369701987210297e-16,-0.9106046300942162,-0.41327860778290443,80.3,91.6
2019-09-08,Odisha,ER,19.82042971,85.90001746,80.3,2019,9,6,251,1,0,29.0,84,79.6,105.39899999999999,81.3,89.97128571428571,11.531575704911122,79.00998333333334,-0.7818314824680299,0.6234898018587334,-1.0,-1.8369701987210297e-16,-0.9242907221930934,-0.3816892202666586,69.3,101.1
2019-09-09,Odisha,ER,19.82042971,85.90001746,69.3,2019,9,0,252,0,0,29.1,85,80.3,105.39899999999999,83.4,84.81428571428572,11.554137580888314,78.53998333333334,0.0,1.0,-1.0,-1.8369701987210297e-16,-0.9307239310379793,-0.3657225234972692,64.8,96.0
2019-09-10,Odisha,ER,19.82042971,85.90001746,64.8,2019,9,1,253,0,1,28.8,86,69.3,105.0,74.2,79.07142857142857,9.688776029632455,78.22664999999999,0.7818314824680298,0.6234898018587336,-1.0,-1.8369701987210297e-16,-0.9368813462954315,-0.34964745525122826,71.6,95.5
2019-09-11,Odisha,ER,19.82042971,85.90001746,71.6,2019,9,2,254,0,0,28.0,88,64.8,93.3,60.7015,75.97142857142856,7.630359162738014,78.58993333333335,0.9749279121818236,-0.22252093395631434,-1.0,-1.8369701987210297e-16,-0.9427611433904206,-0.33346877891818705,105.39899999999999,95.3
2019-09-12,Odisha,ER,19.82042971,85.90001746,105.39899999999999,2019,9,3,255,0,0,28.1,85,71.6,86.8,70.0,78.62842857142857,13.220191272659925,79.7699,0.43388373911755823,-0.900968867902419,-1.0,-1.8369701987210297e-16,-0.9483615800121716,-0.31719128858910595,103.0,95.1
2019-09-13,Odisha,ER,19.82042971,85.90001746,103.0,2019,9,4,256,0,0,28.3,84,105.39899999999999,79.4,77.2,81.99985714285715,16.137188937653416,80.62989999999999,-0.433883739117558,-0.9009688679024191,-1.0,-1.8369701987210297e-16,-0.9536809966304455,-0.300819807635668,91.6,93.8
2019-09-14,Odisha,ER,19.82042971,85.90001746,91.6,2019,9,5,257,1,0,28.3,86,103.0,79.6,84.5,83.71414285714286,16.473641577062555,80.86656666666666,-0.9749279121818236,-0.2225209339563146,-1.0,-1.8369701987210297e-16,-0.9587178169872964,-0.2843591872810036,101.1,90.5
2019-09-15,Odisha,ER,19.82042971,85.90001746,101.1,2019,9,6,258,1,0,28.3,88,91.6,80.3,71.6,86.68557142857142,17.593043813366926,81.84989999999999,-0.7818314824680299,0.6234898018587334,-1.0,-1.8369701987210297e-16,-0.9634705485641486,-0.26781430516217486,96.0,91.2
2019-09-16,Odisha,ER,19.82042971,85.90001746,96.0,2019,9,0,259,0,0,28.4,87,101.1,69.3,71.1,90.49985714285715,16.01952038845707,82.6799,0.0,1.0,-1.0,-1.8369701987210297e-16,-0.9679377830240642,-0.25119006388481957,95.5,80.7
2019-09-17,Odisha,ER,19.82042971,85.90001746,95.5,2019,9,1,260,0,0,28.3,85,96.0,64.8,73.3,94.88557142857142,11.32569014611102,83.4199,0.7818314824680298,0.6234898018587336,-1.0,-1.8369701987210297e-16,-0.9721181966290612,-0.23449138957041052,95.3,79.9
2019-09-18,Odisha,ER,19.82042971,85.90001746,95.3,2019,9,2,261,0,0,27.7,88,95.5,71.6,74.6,98.27128571428571,4.955468854854315,84.1099,0.9749279121818236,-0.22252093395631434,-1.0,-1.8369701987210297e-16,-0.9760105506323682,-0.21772323039653224,95.1,80.9
2019-09-19,Odisha,ER,19.82042971,85.90001746,95.1,2019,9,3,262,0,0,27.6,88,95.3,105.39899999999999,71.5,96.8,3.9038442591889266,84.89656666666666,0.43388373911755823,-0.900968867902419,-1.0,-1.8369701987210297e-16,-0.9796136916454901,-0.20089055513063528,93.8,89.9
2019-09-20,Odisha,ER,19.82042971,85.90001746,93.8,2019,9,4,263,0,0,27.6,88,95.1,103.0,71.6,95.48571428571428,2.8841108227835752,85.63656666666667,-0.433883739117558,-0.9009688679024191,-1.0,-1.8369701987210297e-16,-0.9829265519799822,-0.18399835165767986,90.5,84.4
2019-09-21,Odisha,ER,19.82042971,85.90001746,90.5,2019,9,5,264,1,0,28.1,85,93.8,91.6,70.6,95.32857142857142,3.148922718282613,86.29990000000001,-0.9749279121818236,-0.2225209339563146,-1.0,-1.8369701987210297e-16,-0.9859481499638303,-0.1670516255021195,91.2,80.8
2019-09-22,Odisha,ER,19.82042971,85.90001746,91.2,2019,9,6,265,1,0,27.8,87,90.5,101.1,68.4,93.91428571428571,2.207131299091742,87.0599,-0.7818314824680299,0.6234898018587334,-1.0,-1.8369701987210297e-16,-0.9886775902323404,-0.15005539834465262,80.7,81.5
2019-09-23,Odisha,ER,19.82042971,85.90001746,80.7,2019,9,0,266,0,0,26.9,91,91.2,96.0,68.9,91.72857142857141,5.260771263390542,87.45323333333333,0.0,1.0,-1.0,-1.8369701987210297e-16,-0.9911140639934546,-0.13301470653419636,79.9,81.7
2019-09-24,Odisha,ER,19.82042971,85.90001746,79.9,2019,9,1,267,0,0,26.3,91,80.7,95.5,69.3,89.5,6.544463308782549,87.80656666666665,0.7818314824680298,0.6234898018587336,-1.0,-1.8369701987210297e-16,-0.9932568492674143,-0.11593459959550066,80.9,88.0
2019-09-25,Odisha,ER,19.82042971,85.90001746,80.9,2019,9,2,268,0,0,26.3,90,79.9,95.3,66.7,87.44285714285715,6.679285676092751,88.2799,0.9749279121818236,-0.22252093395631434,-1.0,-1.8369701987210297e-16,-0.9951053111006974,-0.09882013873287211,89.9,90.4
2019-09-26,Odisha,ER,19.82042971,85.90001746,89.9,2019,9,3,269,0,0,26.5,89,80.9,95.1,67.0,86.7,5.933239699635763,89.04323333333333,0.43388373911755823,-0.900968867902419,-1.0,-1.8369701987210297e-16,-0.99665890175417,-0.08167639533042288,84.4,71.5
2019-09-27,Odisha,ER,19.82042971,85.90001746,84.4,2019,9,4,270,0,0,26.8,89,89.9,93.8,65.8,85.35714285714286,5.057620370245685,89.66323333333334,-0.433883739117558,-0.9009688679024191,-1.0,-1.8369701987210297e-16,-0.9979171608653922,-0.06450844944931625,80.8,71.9
2019-09-28,Odisha,ER,19.82042971,85.90001746,80.8,2019,9,5,271,1,0,26.7,88,84.4,90.5,66.4,83.97142857142858,4.732058849209398,90.14323333333333,-0.9749279121818236,-0.2225209339563146,-1.0,-1.8369701987210297e-16,-0.9988797155850335,-0.04732138832243232,81.5,73.8
2019-09-29,Odisha,ER,19.82042971,85.90001746,81.5,2019,9,6,272,1,0,27.3,85,80.8,91.2,105.3,82.58571428571429,3.5300748676803315,89.34989999999999,-0.7818314824680299,0.6234898018587334,-1.0,-1.8369701987210297e-16,-0.9995462806873573,-0.03012030484690836,81.7,71.8
2019-09-30,Odisha,ER,19.82042971,85.90001746,81.7,2019,9,0,273,0,0,28.2,83,81.5,80.7,103.0,82.72857142857143,3.4605944988851336,88.6399,0.0,1.0,-1.0,-1.8369701987210297e-16,-0.9999166586547379,-0.012910296075008843,88.0,72.8
2019-10-01,Odisha,ER,19.82042971,85.90001746,88.0,2019,10,1,274,0,0,28.4,85,81.7,79.9,105.39899999999999,83.88571428571429,3.7028946206216253,88.05993333333335,0.7818314824680298,0.6234898018587336,-0.8660254037844386,0.5000000000000001,-0.9999907397361901,0.004303538296243821,90.4,74.0
2019-10-02,Odisha,ER,19.82042971,85.90001746,90.4,2019,10,2,275,0,1,28.4,86,88.0,80.9,105.39899999999999,85.24285714285715,4.141198354283948,87.55996666666667,0.9749279121818236,-0.22252093395631434,-0.8660254037844386,0.5000000000000001,-0.9997685019798909,0.021516097436222233,71.5,73.3
2019-10-03,Odisha,ER,19.82042971,85.90001746,71.5,2019,10,3,276,0,0,28.1,87,90.4,89.9,105.0,82.61428571428573,6.078768672307601,86.4433,0.43388373911755823,-0.900968867902419,-0.8660254037844386,0.5000000000000001,-0.9992500112396835,0.03872228089217399,71.9,91.0
2019-10-04,Odisha,ER,19.82042971,85.90001746,71.9,2019,10,4,277,0,0,28.7,84,71.5,84.4,93.3,80.82857142857142,7.199470880028636,85.72996666666667,-0.433883739117558,-0.9009688679024191,-0.8660254037844386,0.5000000000000001,-0.9984354211555643,0.05591699010060302,73.8,81.6
2019-10-05,Odisha,ER,19.82042971,85.90001746,73.8,2019,10,5,278,1,0,28.8,84,71.9,80.8,86.8,79.82857142857142,7.674571494164789,85.29663333333333,-0.9749279121818236,-0.2225209339563146,-0.8660254037844386,0.5000000000000001,-0.9973249731081555,0.07309512989807776,71.8,81.0
2019-10-06,Odisha,ER,19.82042971,85.90001746,71.8,2019,10,6,279,1,0,28.1,86,73.8,81.5,79.4,78.44285714285715,8.181454056351434,85.0433,-0.7818314824680299,0.6234898018587334,-0.8660254037844386,0.5000000000000001,-0.9959189961471792,0.0902516100310407,72.8,82.2
2019-10-08,Odisha,ER,19.82042971,85.90001746,72.8,2019,10,1,281,0,1,26.4,89,71.8,81.7,79.6,77.17142857142858,8.281850494849941,84.81663333333333,0.7818314824680298,0.6234898018587336,-0.8660254037844386,0.5000000000000001,-0.9922222094179324,0.12447926388678869,74.0,90.0
2019-10-09,Odisha,ER,19.82042971,85.90001746,74.0,2019,10,2,282,0,0,26.6,86,72.8,88.0,80.3,75.17142857142858,6.786436051839909,84.60663333333333,0.9749279121818236,-0.22252093395631434,-0.8660254037844386,0.5000000000000001,-0.989932495087353,0.141540295217043,73.3,94.9
2019-10-10,Odisha,ER,19.82042971,85.90001746,73.3,2019,10,3,283,0,0,27.0,86,74.0,90.4,69.3,72.72857142857143,1.0127755356997445,84.73996666666667,0.43388373911755823,-0.900968867902419,-0.8660254037844386,0.5000000000000001,-0.9873494423939864,0.15855938510313475,91.0,92.6
2019-10-11,Odisha,ER,19.82042971,85.90001746,91.0,2019,10,4,284,0,0,26.9,87,73.3,71.5,64.8,75.51428571428572,6.8819640053858695,85.61330000000001,-0.433883739117558,-0.9009688679024191,-0.8660254037844386,0.5000000000000001,-0.9844738167520923,0.17553149042142777,81.6,66.2
2019-10-12,Odisha,ER,19.82042971,85.90001746,81.6,2019,10,5,285,1,0,26.7,89,91.0,71.9,71.6,76.89999999999999,7.008328378912126,85.94663333333332,-0.9749279121818236,-0.2225209339563146,-0.8660254037844386,0.5000000000000001,-0.9813064702716093,0.19245158197082995,81.0,68.2
2019-10-13,Odisha,ER,19.82042971,85.90001746,81.0,2019,10,6,286,1,0,27.1,86,81.6,73.8,105.39899999999999,77.92857142857143,7.005881882559794,85.13333333333334,-0.7818314824680299,0.6234898018587334,-0.8660254037844386,0.5000000000000001,-0.9778483415056567,0.20931464596304888,82.2,67.8
2019-10-14,Odisha,ER,19.82042971,85.90001746,82.2,2019,10,0,287,0,0,26.5,89,81.0,71.8,103.0,79.41428571428571,6.579368908800761,84.44,0.0,1.0,-0.8660254037844386,0.5000000000000001,-0.9741004551724206,0.22611568550828803,90.0,65.6
2019-10-15,Odisha,ER,19.82042971,85.90001746,90.0,2019,10,1,288,0,0,27.1,84,82.2,72.8,91.6,81.87142857142858,6.901380124224937,84.38666666666667,0.7818314824680298,0.6234898018587336,-0.8660254037844386,0.5000000000000001,-0.970063921851507,0.2428497220959358,94.9,67.9
2019-10-16,Odisha,ER,19.82042971,85.90001746,94.9,2019,10,2,289,0,0,26.3,90,90.0,74.0,101.1,84.85714285714286,7.42918953472431,84.18,0.9749279121818236,-0.22252093395631434,-0.8660254037844386,0.5000000000000001,-0.965739937654855,0.25951179706979943,92.6,68.4
2019-10-17,Odisha,ER,19.82042971,85.90001746,92.6,2019,10,3,290,0,0,27.0,88,94.9,73.3,96.0,87.61428571428573,5.83564580014608,84.06666666666666,0.43388373911755823,-0.900968867902419,-0.8660254037844386,0.5000000000000001,-0.9611297838723007,0.27609697309746883,66.2,68.4
2019-10-18,Odisha,ER,19.82042971,85.90001746,66.2,2019,10,4,291,0,0,27.1,88,92.6,91.0,95.5,84.07142857142857,9.691699934430876,83.09,-0.433883739117558,-0.9009688679024191,-0.8660254037844386,0.5000000000000001,-0.9562348265919058,0.2926003356333479,68.2,94.1
2019-10-19,Odisha,ER,19.82042971,85.90001746,68.2,2019,10,5,292,1,0,27.3,86,66.2,81.6,95.3,82.15714285714286,11.428889876515706,82.18666666666667,-0.9749279121818236,-0.2225209339563146,-0.8660254037844386,0.5000000000000001,-0.9510565162951536,0.30901699437494723,67.8,91.3
2019-10-20,Odisha,ER,19.82042971,85.90001746,67.8,2019,10,6,293,1,0,27.3,88,68.2,81.0,95.1,80.27142857142859,12.67289946903943,81.27666666666667,-0.7818314824680299,0.6234898018587334,-0.8660254037844386,0.5000000000000001,-0.9455963874271428,0.3253420847119795,65.6,93.9
2019-10-21,Odisha,ER,19.82042971,85.90001746,65.6,2019,10,0,294,0,0,27.5,85,67.8,82.2,93.8,77.89999999999999,13.758512516499199,80.33666666666666,0.0,1.0,-0.8660254037844386,0.5000000000000001,-0.9398560579418953,0.341570769167856,67.9,96.6
2019-10-22,Odisha,ER,19.82042971,85.90001746,67.9,2019,10,1,295,0,0,27.9,83,65.6,90.0,90.5,74.74285714285715,13.035829745085461,79.58333333333334,0.7818314824680298,0.6234898018587336,-0.8660254037844386,0.5000000000000001,-0.9338372288229252,0.35769823883312546,68.4,103.9
2019-10-23,Odisha,ER,19.82042971,85.90001746,68.4,2019,10,2,296,0,0,26.0,91,67.9,94.9,91.2,70.95714285714287,9.6020583110873,78.82333333333332,0.9749279121818236,-0.22252093395631434,-0.8660254037844386,0.5000000000000001,-0.9275416835791965,0.3737197147904692,68.4,104.5
2019-10-24,Odisha,ER,19.82042971,85.90001746,68.4,2019,10,3,297,0,0,26.0,92,68.4,92.6,80.7,67.5,1.1298967504435427,78.41333333333334,0.43388373911755823,-0.900968867902419,-0.8660254037844386,0.5000000000000001,-0.9209712877166347,0.38963044953078774,94.1,89.8
2019-10-25,Odisha,ER,19.82042971,85.90001746,94.1,2019,10,4,298,0,0,26.3,90,68.4,66.2,79.9,71.48571428571428,10.019385971110815,78.88666666666667,-0.433883739117558,-0.9009688679024191,-0.8660254037844386,0.5000000000000001,-0.9141279881853337,0.4054257283599973,91.3,72.8
2019-10-26,Odisha,ER,19.82042971,85.90001746,91.3,2019,10,5,299,1,0,26.2,90,94.1,68.2,80.9,74.78571428571429,12.30114202983174,79.23333333333333,-0.9749279121818236,-0.2225209339563146,-0.8660254037844386,0.5000000000000001,-0.9070138128026362,0.42110087079608916,93.9,74.8
2019-10-27,Odisha,ER,19.82042971,85.90001746,93.9,2019,10,6,300,1,1,26.4,88,91.3,67.8,89.9,78.51428571428572,13.70613348972254,79.36666666666666,-0.7818314824680299,0.6234898018587334,-0.8660254037844386,0.5000000000000001,-0.8996308696522434,0.4366512319560638,96.6,78.5
2019-10-28,Odisha,ER,19.82042971,85.90001746,96.6,2019,10,0,301,0,0,26.4,87,93.9,65.6,84.4,82.94285714285715,13.84543933850385,79.77333333333333,0.0,1.0,-0.8660254037844386,0.5000000000000001,-0.8919813464595487,0.45207220393230374,103.9,77.8
2019-10-29,Odisha,ER,19.82042971,85.90001746,103.9,2019,10,1,302,0,0,26.5,81,96.6,67.9,80.8,88.08571428571429,14.01159383884512,80.54333333333334,0.7818314824680298,0.6234898018587336,-0.8660254037844386,0.5000000000000001,-0.8840675099433637,0.46735921715800205,104.5,76.2
2019-10-30,Odisha,ER,19.82042971,85.90001746,104.5,2019,10,2,303,0,0,26.8,82,103.9,68.4,81.5,93.24285714285715,12.067015254107327,81.31,0.9749279121818236,-0.22252093395631434,-0.8660254037844386,0.5000000000000001,-0.8758917051442433,0.48250774176121763,89.8,77.9
2019-10-31,Odisha,ER,19.82042971,85.90001746,89.8,2019,10,3,304,0,0,26.8,87,104.5,68.4,81.7,96.29999999999998,5.815783122962535,81.57999999999998,0.43388373911755823,-0.900968867902419,-0.8660254037844386,0.5000000000000001,-0.8674563547295971,0.4975132889071803,72.8,69.4
2019-11-01,Odisha,ER,19.82042971,85.90001746,72.8,2019,11,4,305,0,0,27.3,85,89.8,94.1,88.0,93.25714285714287,10.689068737555786,81.07333333333332,-0.433883739117558,-0.9009688679024191,-0.5000000000000004,0.8660254037844384,-0.858763958275803,0.5123714121284235,74.8,73.3
2019-11-02,Odisha,ER,19.82042971,85.90001746,74.8,2019,11,5,306,1,0,26.9,84,72.8,91.3,90.4,90.89999999999999,12.802864262864576,80.55333333333334,-0.9749279121818236,-0.2225209339563146,-0.5000000000000004,0.8660254037844384,-0.8498170915275277,0.5270777086423724,78.5,78.4
2019-11-03,Odisha,ER,19.82042971,85.90001746,78.5,2019,11,6,307,1,0,26.9,82,74.8,93.9,71.5,88.7,13.50530759861968,80.78666666666668,-0.7818314824680299,0.6234898018587334,-0.5000000000000004,0.8660254037844384,-0.8406184056344783,0.5416278206559811,77.8,70.4
2019-11-04,Odisha,ER,19.82042971,85.90001746,77.8,2019,11,0,308,0,0,27.6,78,78.5,96.6,71.9,86.0142857142857,13.54171684972389,80.98333333333333,0.0,1.0,-0.5000000000000004,0.8660254037844384,-0.8311706263658079,0.5560174366570446,76.2,65.0
2019-11-05,Odisha,ER,19.82042971,85.90001746,76.2,2019,11,1,309,0,0,26.6,83,77.8,103.9,73.8,82.05714285714285,11.306908970898741,81.06333333333333,0.7818314824680298,0.6234898018587336,-0.5000000000000004,0.8660254037844384,-0.8214765533024145,0.5702422926917867,77.9,65.2
2019-11-06,Odisha,ER,19.82042971,85.90001746,77.9,2019,11,2,310,0,0,26.1,79,76.2,104.5,71.8,78.25714285714285,5.471092865493729,81.26666666666667,0.9749279121818236,-0.22252093395631434,-0.5000000000000004,0.8660254037844384,-0.8115390590073611,0.5842981736283683,69.4,66.7
2019-11-08,Odisha,ER,19.82042971,85.90001746,69.4,2019,11,4,312,0,0,24.0,79,77.9,89.8,72.8,75.34285714285716,3.3004328720420704,81.15333333333334,-0.433883739117558,-0.9009688679024191,-0.5000000000000004,0.8660254037844384,-0.7909456567567774,0.6118864012687242,73.3,64.2
2019-11-09,Odisha,ER,19.82042971,85.90001746,73.3,2019,11,5,313,1,0,25.4,74,69.4,72.8,74.0,75.41428571428571,3.2411050437714364,81.13000000000001,-0.9749279121818236,-0.2225209339563146,-0.5000000000000004,0.8660254037844384,-0.780295851070776,0.6254105729852457,78.4,88.4
2019-11-10,Odisha,ER,19.82042971,85.90001746,78.4,2019,11,6,314,1,1,26.2,78,73.3,74.8,73.3,75.92857142857143,3.408672412985215,81.3,-0.7818314824680299,0.6234898018587334,-0.5000000000000004,0.8660254037844384,-0.7694148268839381,0.6387494220515268,70.4,88.8
2019-11-11,Odisha,ER,19.82042971,85.90001746,70.4,2019,11,0,315,0,0,25.9,82,78.4,78.5,91.0,74.77142857142857,3.748205920043114,80.61333333333332,0.0,1.0,-0.5000000000000004,0.8660254037844384,-0.7583058084785625,0.6518989958787125,65.0,86.2
2019-11-12,Odisha,ER,19.82042971,85.90001746,65.0,2019,11,1,316,0,1,25.7,84,70.4,77.8,81.6,72.94285714285715,4.9530654288890075,80.05999999999999,0.7818314824680298,0.6234898018587336,-0.5000000000000004,0.8660254037844384,-0.7469720876965551,0.6648553979642866,65.2,86.0
2019-11-13,Odisha,ER,19.82042971,85.90001746,65.2,2019,11,2,317,0,0,24.6,81,65.0,76.2,81.0,71.37142857142858,5.46586811821437,79.53333333333333,0.9749279121818236,-0.22252093395631434,-0.5000000000000004,0.8660254037844384,-0.7354170229639858,0.6776147890466887,66.7,85.5
2019-11-14,Odisha,ER,19.82042971,85.90001746,66.7,2019,11,3,318,0,0,24.0,80,65.2,77.9,82.2,69.77142857142857,4.839667442333066,79.01666666666667,0.43388373911755823,-0.900968867902419,-0.5000000000000004,0.8660254037844384,-0.7236440382959124,0.690173388242972,64.2,84.3
2019-11-15,Odisha,ER,19.82042971,85.90001746,64.2,2019,11,4,319,0,0,24.3,83,66.7,69.4,90.0,69.02857142857144,5.284793999679195,78.15666666666668,-0.433883739117558,-0.9009688679024191,-0.5000000000000004,0.8660254037844384,-0.711656622281775,0.7025274741691566,88.4,81.3
2019-11-16,Odisha,ER,19.82042971,85.90001746,88.4,2019,11,5,320,1,0,25.0,83,64.2,73.3,94.9,71.18571428571428,9.055464017455236,77.94,-0.9749279121818236,-0.2225209339563146,-0.5000000000000004,0.8660254037844384,-0.6994583270516471,0.7146733860429608,88.8,72.0
2019-11-17,Odisha,ER,19.82042971,85.90001746,88.8,2019,11,6,321,1,0,25.3,85,88.4,78.4,92.6,72.67142857142858,11.06627222475478,77.81333333333333,-0.7818314824680299,0.6234898018587334,-0.5000000000000004,0.8660254037844384,-0.6870527672236675,0.7266075247685652,86.2,73.7
2019-11-18,Odisha,ER,19.82042971,85.90001746,86.2,2019,11,0,322,0,0,25.1,86,88.8,70.4,66.2,74.92857142857143,12.089763477933696,78.47999999999999,0.0,1.0,-0.5000000000000004,0.8660254037844384,-0.6744436188329457,0.7383263540031063,86.0,74.1
2019-11-19,Odisha,ER,19.82042971,85.90001746,86.0,2019,11,1,323,0,0,24.7,85,86.2,65.0,68.2,77.92857142857143,11.817883945630026,79.07333333333332,0.7818314824680298,0.6234898018587336,-0.5000000000000004,0.8660254037844384,-0.661634618242279,0.749826401204568,85.5,83.9
2019-11-20,Odisha,ER,19.82042971,85.90001746,85.5,2019,11,2,324,0,0,24.0,83,86.0,65.2,67.8,80.82857142857142,10.601998913053158,79.66333333333333,0.9749279121818236,-0.22252093395631434,-0.5000000000000004,0.8660254037844384,-0.6486295610349818,0.7611042586607742,84.3,83.6
2019-11-21,Odisha,ER,19.82042971,85.90001746,84.3,2019,11,3,325,0,0,23.9,80,85.5,66.7,65.6,83.34285714285714,8.58872461289744,80.28666666666666,0.43388373911755823,-0.900968867902419,-0.5000000000000004,0.8660254037844384,-0.6354323008901775,0.7721565844991641,81.3,68.2
2019-11-22,Odisha,ER,19.82042971,85.90001746,81.3,2019,11,4,326,0,0,24.0,78,84.3,64.2,67.9,85.78571428571429,2.5347114046301527,80.73333333333333,-0.433883739117558,-0.9009688679024191,-0.5000000000000004,0.8660254037844384,-0.622046748440868,0.7829801036770624,72.0,74.9
2019-11-23,Odisha,ER,19.82042971,85.90001746,72.0,2019,11,5,327,1,0,23.8,82,81.3,88.4,68.4,83.44285714285715,5.527765414359613,80.85333333333334,-0.9749279121818236,-0.2225209339563146,-0.5000000000000004,0.8660254037844384,-0.6084768701151264,0.7935716089521472,73.7,94.2
2019-11-24,Odisha,ER,19.82042971,85.90001746,73.7,2019,11,6,328,1,0,23.8,84,72.0,88.8,68.4,81.28571428571429,6.0137144848056545,81.03,-0.7818314824680299,0.6234898018587334,-0.5000000000000004,0.8660254037844384,-0.594726686960764,0.8039279618328208,74.1,105.39899999999999
2019-11-25,Odisha,ER,19.82042971,85.90001746,74.1,2019,11,0,329,0,0,23.7,85,73.7,86.2,94.1,79.55714285714285,6.104057978879536,80.36333333333333,0.0,1.0,-0.5000000000000004,0.8660254037844384,-0.5808002734538013,0.8140460935082175,83.9,102.9
2019-11-26,Odisha,ER,19.82042971,85.90001746,83.9,2019,11,1,330,0,0,24.1,82,74.1,86.0,91.3,79.25714285714285,5.777501519646956,80.11666666666666,0.7818314824680298,0.6234898018587336,-0.5000000000000004,0.8660254037844384,-0.5667017562911184,0.8239230057575536,83.6,82.2
2019-11-27,Odisha,ER,19.82042971,85.90001746,83.6,2019,11,2,331,0,0,23.5,84,83.9,85.5,93.9,78.98571428571428,5.47187614730337,79.77333333333333,0.9749279121818236,-0.22252093395631434,-0.5000000000000004,0.8660254037844384,-0.5524353131676203,0.8335557718385695,68.2,92.3
2019-11-28,Odisha,ER,19.82042971,85.90001746,68.2,2019,11,3,332,0,0,23.6,86,83.6,84.3,96.6,76.68571428571428,6.200921590491779,78.82666666666667,0.43388373911755823,-0.900968867902419,-0.5000000000000004,0.8660254037844384,-0.5380051715382992,0.8429415373547832,74.9,87.1
2019-11-29,Odisha,ER,19.82042971,85.90001746,74.9,2019,11,4,333,0,0,24.0,85,68.2,81.3,103.9,75.77142857142859,5.8701829289252965,77.86,-0.433883739117558,-0.9009688679024191,-0.5000000000000004,0.8660254037844384,-0.5234156073655503,0.8520775211013093,94.2,77.4
2019-11-30,Odisha,ER,19.82042971,85.90001746,94.2,2019,11,5,334,1,0,24.5,83,74.9,72.0,104.5,78.94285714285715,8.772467752929584,77.51666666666667,-0.9749279121818236,-0.2225209339563146,-0.5000000000000004,0.8660254037844384,-0.5086709438521042,0.8609610158889945,105.39899999999999,74.9
2019-12-01,Odisha,ER,19.82042971,85.90001746,105.39899999999999,2019,12,6,335,1,0,24.1,81,94.2,73.7,89.8,83.47128571428571,12.849321833132992,78.03663333333334,-0.7818314824680299,0.6234898018587334,-2.4492935982947064e-16,1.0,-0.49377555015997737,0.8695893893466109,102.9,76.9
2019-12-02,Odisha,ER,19.82042971,85.90001746,102.9,2019,12,0,336,0,0,23.5,81,105.39899999999999,74.1,72.8,87.58557142857144,13.915177227966398,79.03996666666667,0.0,1.0,-2.4492935982947064e-16,1.0,-0.4787338401157883,0.8779600847008883,82.2,80.4
2019-12-03,Odisha,ER,19.82042971,85.90001746,82.2,2019,12,1,337,0,0,24.1,74,102.9,83.9,74.8,87.34271428571428,14.00476722065605,79.28663333333333,0.7818314824680298,0.6234898018587336,-2.4492935982947064e-16,1.0,-0.4635502709028512,0.8860706215341378,92.3,80.4
2019-12-04,Odisha,ER,19.82042971,85.90001746,92.3,2019,12,2,338,0,0,23.7,72,82.2,83.6,78.5,88.58557142857144,14.003302846794684,79.74663333333334,0.9749279121818236,-0.22252093395631434,-2.4492935982947064e-16,1.0,-0.4482293417404106,0.893918596519257,87.1,81.9
2019-12-05,Odisha,ER,19.82042971,85.90001746,87.1,2019,12,3,339,0,0,22.3,66,92.3,68.2,77.8,91.28557142857143,10.894649632688909,80.05663333333334,0.43388373911755823,-0.900968867902419,-2.4492935982947064e-16,1.0,-0.4327755925504317,0.9015016841318838,77.4,81.2
2019-12-06,Odisha,ER,19.82042971,85.90001746,77.4,2019,12,4,340,0,0,21.9,74,87.1,74.9,76.2,91.64271428571429,10.292308045563098,80.09663333333333,-0.433883739117558,-0.9009688679024191,-2.4492935982947064e-16,1.0,-0.41719360261231697,0.9088176373395028,74.9,81.3
2019-12-08,Odisha,ER,19.82042971,85.90001746,74.9,2019,12,6,342,1,0,23.9,81,77.4,94.2,77.9,88.88557142857142,11.945400395928464,79.99663333333335,-0.7818314824680299,0.6234898018587334,-2.4492935982947064e-16,1.0,-0.38566340624360745,0.9226395488404875,76.9,80.6
2019-12-09,Odisha,ER,19.82042971,85.90001746,76.9,2019,12,0,343,0,0,23.9,77,74.9,105.39899999999999,69.4,84.8142857142857,10.091981729972296,80.24663333333335,0.0,1.0,-2.4492935982947064e-16,1.0,-0.3697245428906732,0.9291414114031743,80.4,80.0
2019-12-10,Odisha,ER,19.82042971,85.90001746,80.4,2019,12,1,344,0,0,23.3,80,76.9,102.9,73.3,81.60000000000001,6.206985312264344,80.4833,0.7818314824680298,0.6234898018587336,-2.4492935982947064e-16,1.0,-0.3536761221763721,0.935367949313148,80.4,77.8
2019-12-11,Odisha,ER,19.82042971,85.90001746,80.4,2019,12,2,345,0,0,23.4,79,80.4,82.2,78.4,81.34285714285714,6.215265385285038,80.54996666666666,0.9749279121818236,-0.22252093395631434,-2.4492935982947064e-16,1.0,-0.33752289959411347,0.941317317512847,81.9,78.5
2019-12-12,Odisha,ER,19.82042971,85.90001746,81.9,2019,12,3,346,0,0,23.7,77,80.4,92.3,70.4,79.85714285714286,4.0120057921429595,80.9333,0.43388373911755823,-0.900968867902419,-2.4492935982947064e-16,1.0,-0.32126966169236515,0.9469877530760751,81.2,73.6
2019-12-13,Odisha,ER,19.82042971,85.90001746,81.2,2019,12,4,347,0,0,24.2,76,81.9,87.1,65.0,79.01428571428572,2.6124245261365715,81.47330000000001,-0.433883739117558,-0.9009688679024191,-2.4492935982947064e-16,1.0,-0.3049212246562894,0.9523775757303973,81.3,71.2
2019-12-14,Odisha,ER,19.82042971,85.90001746,81.3,2019,12,5,348,1,0,23.5,80,81.2,77.4,65.2,79.57142857142857,2.6266038184404117,82.00996666666667,-0.9749279121818236,-0.2225209339563146,-2.4492935982947064e-16,1.0,-0.2884824328806098,0.9574851883550389,80.6,71.1
2019-12-15,Odisha,ER,19.82042971,85.90001746,80.6,2019,12,6,349,1,0,23.2,81,81.3,74.9,66.7,80.38571428571429,1.6324098458292466,82.47330000000001,-0.7818314824680299,0.6234898018587334,-2.4492935982947064e-16,1.0,-0.27195815753410524,0.9623090774541487,80.0,75.1
2019-12-16,Odisha,ER,19.82042971,85.90001746,80.0,2019,12,0,350,0,0,23.0,82,80.6,76.9,64.2,80.82857142857144,0.6600865744073064,82.99996666666667,0.0,1.0,-2.4492935982947064e-16,1.0,-0.2553532951161881,0.9668478136052773,77.8,76.7
2019-12-17,Odisha,ER,19.82042971,85.90001746,77.8,2019,12,1,351,0,0,23.3,80,80.0,80.4,88.4,80.45714285714287,1.3314868166285136,82.64663333333334,0.7818314824680298,0.6234898018587336,-2.4492935982947064e-16,1.0,-0.23867276600594997,0.9711000518829505,78.5,76.5
2019-12-18,Odisha,ER,19.82042971,85.90001746,78.5,2019,12,2,352,0,0,22.9,73,77.8,80.4,88.8,80.1857142857143,1.5247169916939405,82.30330000000001,0.9749279121818236,-0.22252093395631434,-2.4492935982947064e-16,1.0,-0.22192151300416674,0.9750645322571945,73.6,76.4
2019-12-19,Odisha,ER,19.82042971,85.90001746,73.6,2019,12,3,353,0,0,21.4,74,78.5,81.9,86.2,79.0,2.724579478255559,81.8833,0.43388373911755823,-0.900968867902419,-2.4492935982947064e-16,1.0,-0.20510449986861926,0.9787400799669153,71.2,76.2
2019-12-20,Odisha,ER,19.82042971,85.90001746,71.2,2019,12,4,354,0,0,21.2,76,73.6,81.2,86.0,77.57142857142857,3.7915319180658225,81.38996666666667,-0.433883739117558,-0.9009688679024191,-2.4492935982947064e-16,1.0,-0.1882267098432439,0.9821256058680006,71.1,79.8
2019-12-21,Odisha,ER,19.82042971,85.90001746,71.1,2019,12,5,355,1,0,22.0,79,71.2,81.3,85.5,76.11428571428571,4.069573512227762,80.90996666666668,-0.9749279121818236,-0.2225209339563146,-2.4492935982947064e-16,1.0,-0.1712931441814778,0.9852201067560606,75.1,75.8
2019-12-22,Odisha,ER,19.82042971,85.90001746,75.1,2019,12,6,356,1,0,21.8,80,71.1,80.6,84.3,75.32857142857142,3.557955539216959,80.6033,-0.7818314824680299,0.6234898018587334,-2.4492935982947064e-16,1.0,-0.154308820664281,0.9880226656636976,76.7,95.7
2019-12-23,Odisha,ER,19.82042971,85.90001746,76.7,2019,12,0,357,0,0,22.1,79,75.1,80.0,81.3,74.85714285714286,3.0126716509084366,80.44996666666665,0.0,1.0,-2.4492935982947064e-16,1.0,-0.13727877211326517,0.9905324521322227,76.5,99.2
2019-12-24,Odisha,ER,19.82042971,85.90001746,76.5,2019,12,1,358,0,0,21.3,73,76.7,77.8,72.0,74.67142857142858,2.83590919325316,80.59996666666666,0.7818314824680298,0.6234898018587336,-2.4492935982947064e-16,1.0,-0.12020804489935275,0.9927487224577402,76.4,98.5
2019-12-25,Odisha,ER,19.82042971,85.90001746,76.4,2019,12,2,359,0,1,21.3,77,76.5,78.5,73.7,74.37142857142858,2.447934017161759,80.68996666666666,0.9749279121818236,-0.22252093395631434,-2.4492935982947064e-16,1.0,-0.10310169744743544,0.9946708199115211,76.2,96.5
2019-12-26,Odisha,ER,19.82042971,85.90001746,76.2,2019,12,3,360,0,0,22.9,81,76.4,73.6,74.1,74.74285714285715,2.5078923042109826,80.75996666666667,0.43388373911755823,-0.900968867902419,-2.4492935982947064e-16,1.0,-0.0859647987374467,0.9962981749346077,79.8,98.9
2019-12-27,Odisha,ER,19.82042971,85.90001746,79.8,2019,12,4,361,0,0,21.2,87,76.2,71.2,83.9,75.97142857142856,2.5882518461395594,80.6233,-0.433883739117558,-0.9009688679024191,-2.4492935982947064e-16,1.0,-0.06880242680232064,0.9976303053065857,75.8,100.1
2019-12-28,Odisha,ER,19.82042971,85.90001746,75.8,2019,12,5,362,1,0,18.9,57,79.8,71.1,83.6,76.64285714285714,1.4909249286448154,80.36330000000001,-0.9749279121818236,-0.2225209339563146,-2.4492935982947064e-16,1.0,-0.05161966722325418,0.9986668162884759,95.7,102.8
2019-12-29,Odisha,ER,19.82042971,85.90001746,95.7,2019,12,6,363,1,0,18.4,60,75.8,75.1,68.2,79.58571428571429,7.228514963076909,81.27996666666667,-0.7818314824680299,0.6234898018587334,-2.4492935982947064e-16,1.0,-0.034421611622745804,0.9994074007397048,99.2,73.1
2019-12-30,Odisha,ER,19.82042971,85.90001746,99.2,2019,12,0,364,0,0,18.8,67,95.7,76.7,74.9,82.8,10.14544232648331,82.08996666666667,0.0,1.0,-2.4492935982947064e-16,1.0,-0.01721335615583528,0.9998518392091162,98.5,72.4
2019-12-31,Odisha,ER,19.82042971,85.90001746,98.5,2019,12,1,365,0,0,19.1,71,99.2,76.5,94.2,85.94285714285715,11.219307337926754,82.2333,0.7818314824680298,0.6234898018587336,-2.4492935982947064e-16,1.0,6.432490598706546e-16,1.0,96.5,74.9
2020-01-01,Odisha,ER,19.82042971,85.90001746,96.5,2020,1,2,1,0,0,20.5,70,98.5,76.4,105.39899999999999,88.81428571428572,10.938529543381476,81.93666666666667,0.9749279121818236,-0.22252093395631434,0.49999999999999994,0.8660254037844387,0.017213356155834685,0.9998518392091162,98.9,75.8
2020-01-02,Odisha,ER,19.82042971,85.90001746,98.9,2020,1,3,2,0,0,21.8,70,96.5,76.2,102.9,92.05714285714285,9.890206796432128,81.80333333333333,0.43388373911755823,-0.900968867902419,0.49999999999999994,0.8660254037844387,0.03442161162274574,0.9994074007397048,100.1,76.4
2020-01-03,Odisha,ER,19.82042971,85.90001746,100.1,2020,1,4,3,0,0,20.4,91,98.9,79.8,82.2,94.95714285714287,8.587560216743356,82.4,-0.433883739117558,-0.9009688679024191,0.49999999999999994,0.8660254037844387,0.051619667223253764,0.998666816288476,102.8,78.1
2020-01-04,Odisha,ER,19.82042971,85.90001746,102.8,2020,1,5,4,1,0,19.3,91,100.1,75.8,92.3,98.8142857142857,2.3398209129687384,82.75,-0.9749279121818236,-0.2225209339563146,0.49999999999999994,0.8660254037844387,0.06880242680231986,0.9976303053065857,73.1,75.4
2020-01-05,Odisha,ER,19.82042971,85.90001746,73.1,2020,1,6,5,1,0,20.5,82,102.8,95.7,87.1,95.58571428571429,10.094623745907102,82.28333333333333,-0.7818314824680299,0.6234898018587334,0.49999999999999994,0.8660254037844387,0.08596479873744647,0.9962981749346078,72.4,84.0
2020-01-13,Odisha,ER,19.82042971,85.90001746,72.4,2020,1,0,13,0,0,19.4,70,73.1,99.2,77.4,91.75714285714285,13.123243646657084,82.11666666666666,0.0,1.0,0.49999999999999994,0.8660254037844387,0.2219215130041655,0.9750645322571948,74.9,85.1
2020-01-14,Odisha,ER,19.82042971,85.90001746,74.9,2020,1,1,14,0,0,20.2,79,72.4,98.5,74.9,88.38571428571429,14.09756817935027,82.11666666666666,0.7818314824680298,0.6234898018587336,0.49999999999999994,0.8660254037844387,0.2386727660059501,0.9711000518829505,75.8,89.5
2020-01-15,Odisha,ER,19.82042971,85.90001746,75.8,2020,1,2,15,0,0,21.0,84,74.9,96.5,76.9,85.42857142857143,14.281656566579178,82.08,0.9749279121818236,-0.22252093395631434,0.49999999999999994,0.8660254037844387,0.255353295116187,0.9668478136052775,76.4,88.3
2020-01-16,Odisha,ER,19.82042971,85.90001746,76.4,2020,1,3,16,0,0,21.2,85,75.8,98.9,80.4,82.21428571428571,13.23825625116191,81.94666666666667,0.43388373911755823,-0.900968867902419,0.49999999999999994,0.8660254037844387,0.2719581575341055,0.9623090774541486,78.1,89.7
2020-01-17,Odisha,ER,19.82042971,85.90001746,78.1,2020,1,4,17,0,0,21.4,85,76.4,100.1,80.4,79.07142857142857,10.641070479626514,81.86999999999999,-0.433883739117558,-0.9009688679024191,0.49999999999999994,0.8660254037844387,0.288482432880609,0.9574851883550393,75.4,90.6
2020-01-18,Odisha,ER,19.82042971,85.90001746,75.4,2020,1,5,18,1,0,22.2,83,78.1,102.8,81.9,75.15714285714286,1.9398085325242527,81.65333333333334,-0.9749279121818236,-0.2225209339563146,0.49999999999999994,0.8660254037844387,0.30492122465628907,0.9523775757303974,84.0,92.4
2020-01-19,Odisha,ER,19.82042971,85.90001746,84.0,2020,1,6,19,1,0,22.4,83,75.4,73.1,81.2,76.71428571428571,3.6416244412934407,81.74666666666667,-0.7818314824680299,0.6234898018587334,0.49999999999999994,0.8660254037844387,0.3212696616923644,0.9469877530760753,85.1,85.9
2020-01-20,Odisha,ER,19.82042971,85.90001746,85.1,2020,1,0,20,0,0,22.3,82,84.0,72.4,81.3,78.52857142857144,4.247240000170146,81.87333333333332,0.0,1.0,0.49999999999999994,0.8660254037844387,0.3375228995941133,0.9413173175128471,89.5,83.2
2020-01-21,Odisha,ER,19.82042971,85.90001746,89.5,2020,1,1,21,0,0,22.0,83,85.1,74.9,80.6,80.61428571428571,5.552605565986731,82.17,0.7818314824680298,0.6234898018587336,0.49999999999999994,0.8660254037844387,0.3536761221763716,0.9353679493131483,88.3,89.0
2020-01-22,Odisha,ER,19.82042971,85.90001746,88.3,2020,1,2,22,0,0,22.1,83,89.5,75.8,80.0,82.39999999999999,5.752680534614457,82.44666666666667,0.9749279121818236,-0.22252093395631434,0.49999999999999994,0.8660254037844387,0.3697245428906731,0.9291414114031743,89.7,89.5
2020-01-23,Odisha,ER,19.82042971,85.90001746,89.7,2020,1,3,23,0,0,22.9,83,88.3,76.4,77.8,84.3,5.635896852616504,82.84333333333332,0.43388373911755823,-0.900968867902419,0.49999999999999994,0.8660254037844387,0.38566340624360707,0.9226395488404876,90.6,89.3
2020-01-24,Odisha,ER,19.82042971,85.90001746,90.6,2020,1,4,24,0,0,23.0,79,89.7,78.1,78.5,86.08571428571429,5.315207293363854,83.24666666666667,-0.433883739117558,-0.9009688679024191,0.49999999999999994,0.8660254037844387,0.401487989205973,0.9158642882672872,92.4,91.4
2020-01-25,Odisha,ER,19.82042971,85.90001746,92.4,2020,1,5,25,1,0,21.6,76,90.6,75.4,73.6,88.51428571428572,2.9974592415514696,83.87333333333332,-0.9749279121818236,-0.2225209339563146,0.49999999999999994,0.8660254037844387,0.4171936026123168,0.9088176373395029,85.9,93.6
2020-01-26,Odisha,ER,19.82042971,85.90001746,85.9,2020,1,6,26,1,1,22.6,83,92.4,84.0,71.2,88.78571428571429,2.5770969270535873,84.36333333333333,-0.7818314824680299,0.6234898018587334,0.49999999999999994,0.8660254037844387,0.4327755925504312,0.901501684131884,83.2,79.7
2020-01-27,Odisha,ER,19.82042971,85.90001746,83.2,2020,1,0,27,0,0,21.2,73,85.9,85.1,71.1,88.51428571428572,3.080816218379305,84.76666666666668,0.0,1.0,0.49999999999999994,0.8660254037844387,0.4482293417404106,0.893918596519257,89.0,77.2
2020-01-28,Odisha,ER,19.82042971,85.90001746,89.0,2020,1,1,28,0,0,23.6,77,83.2,89.5,75.1,88.44285714285715,3.059878615706433,85.23,0.7818314824680298,0.6234898018587336,0.49999999999999994,0.8660254037844387,0.4635502709028509,0.886070621534138,89.5,76.7
2020-01-29,Odisha,ER,19.82042971,85.90001746,89.5,2020,1,2,29,0,0,24.9,86,89.0,88.3,76.7,88.61428571428573,3.084060403336645,85.65666666666668,0.9749279121818236,-0.22252093395631434,0.49999999999999994,0.8660254037844387,0.47873384011578846,0.8779600847008882,89.3,78.3
2020-01-30,Odisha,ER,19.82042971,85.90001746,89.3,2020,1,3,30,0,0,24.5,86,89.5,89.7,76.5,88.55714285714285,3.064232988779445,86.08333333333333,0.43388373911755823,-0.900968867902419,0.49999999999999994,0.8660254037844387,0.49377555015997715,0.869589389346611,91.4,90.7
2020-01-31,Odisha,ER,19.82042971,85.90001746,91.4,2020,1,4,31,0,0,22.7,80,89.3,90.6,76.4,88.67142857142858,3.1663408353673375,86.58333333333333,-0.433883739117558,-0.9009688679024191,0.49999999999999994,0.8660254037844387,0.5086709438521044,0.8609610158889943,93.6,86.2
2020-02-01,Odisha,ER,19.82042971,85.90001746,93.6,2020,2,5,32,1,0,22.3,80,91.4,92.4,76.2,88.84285714285714,3.423865818465675,87.16333333333334,-0.9749279121818236,-0.2225209339563146,0.8660254037844386,0.5000000000000001,0.5234156073655503,0.8520775211013093,79.7,87.6
2020-02-02,Odisha,ER,19.82042971,85.90001746,79.7,2020,2,6,33,1,0,22.3,80,93.6,85.9,79.8,87.95714285714287,4.826612733189881,87.16000000000001,-0.7818314824680299,0.6234898018587334,0.8660254037844386,0.5000000000000001,0.5380051715382996,0.8429415373547828,77.2,71.6
2020-02-03,Odisha,ER,19.82042971,85.90001746,77.2,2020,2,0,34,0,0,21.7,75,79.7,83.2,75.8,87.10000000000001,6.160627673649274,87.20666666666666,0.0,1.0,0.8660254037844386,0.5000000000000001,0.5524353131676196,0.8335557718385699,76.7,70.4
2020-02-04,Odisha,ER,19.82042971,85.90001746,76.7,2020,2,1,35,0,0,22.2,74,77.2,89.0,95.7,85.34285714285714,7.1955674186397465,86.57333333333332,0.7818314824680298,0.6234898018587336,0.8660254037844386,0.5000000000000001,0.5667017562911176,0.8239230057575542,78.3,68.9
2020-02-05,Odisha,ER,19.82042971,85.90001746,78.3,2020,2,2,36,0,0,22.1,85,76.7,89.5,99.2,83.74285714285715,7.360447708950142,85.87666666666668,0.9749279121818236,-0.22252093395631434,0.8660254037844386,0.5000000000000001,0.5808002734538009,0.8140460935082178,90.7,68.3
2020-02-13,Odisha,ER,19.82042971,85.90001746,90.7,2020,2,3,44,0,0,22.5,73,78.3,89.3,98.5,83.94285714285715,7.553113517584837,85.61666666666666,0.43388373911755823,-0.900968867902419,0.8660254037844386,0.5000000000000001,0.6870527672236669,0.7266075247685656,86.2,70.8
2020-02-14,Odisha,ER,19.82042971,85.90001746,86.2,2020,2,4,45,0,0,23.8,77,90.7,91.4,96.5,83.2,6.92724091299454,85.27333333333334,-0.433883739117558,-0.9009688679024191,0.8660254037844386,0.5000000000000001,0.699458327051647,0.7146733860429609,87.6,71.2
2020-02-15,Odisha,ER,19.82042971,85.90001746,87.6,2020,2,5,46,1,0,24.6,78,86.2,93.6,98.9,82.34285714285714,5.685905715848824,84.89666666666668,-0.9749279121818236,-0.2225209339563146,0.8660254037844386,0.5000000000000001,0.7116566222817746,0.7025274741691571,71.6,68.3
2020-02-16,Odisha,ER,19.82042971,85.90001746,71.6,2020,2,6,47,1,0,24.1,86,87.6,79.7,100.1,81.18571428571428,6.988425805436692,83.94666666666667,-0.7818314824680299,0.6234898018587334,0.8660254037844386,0.5000000000000001,0.7236440382959124,0.6901733882429719,70.4,66.7
2020-02-17,Odisha,ER,19.82042971,85.90001746,70.4,2020,2,0,48,0,0,24.0,87,71.6,77.2,102.8,80.21428571428571,8.029825355391809,82.86666666666666,0.0,1.0,0.8660254037844386,0.5000000000000001,0.7354170229639855,0.6776147890466889,68.9,74.0
2020-02-18,Odisha,ER,19.82042971,85.90001746,68.9,2020,2,1,49,0,0,24.2,80,70.4,76.7,73.1,79.10000000000001,9.072302170158592,82.72666666666667,0.7818314824680298,0.6234898018587336,0.8660254037844386,0.5000000000000001,0.7469720876965552,0.6648553979642865,68.3,80.3
2020-02-19,Odisha,ER,19.82042971,85.90001746,68.3,2020,2,2,50,0,0,24.3,82,68.9,78.3,72.4,77.67142857142858,9.962883499220737,82.58999999999999,0.9749279121818236,-0.22252093395631434,0.8660254037844386,0.5000000000000001,0.7583058084785624,0.6518989958787126,70.8,82.2
2020-02-20,Odisha,ER,19.82042971,85.90001746,70.8,2020,2,3,51,0,0,24.4,75,68.3,90.7,74.9,74.82857142857142,8.331209253106302,82.45333333333333,0.43388373911755823,-0.900968867902419,0.8660254037844386,0.5000000000000001,0.7694148268839378,0.6387494220515272,71.2,83.3
2020-02-21,Odisha,ER,19.82042971,85.90001746,71.2,2020,2,4,52,0,0,23.6,74,70.8,86.2,75.8,72.68571428571428,6.685414116175431,82.3,-0.433883739117558,-0.9009688679024191,0.8660254037844386,0.5000000000000001,0.7802958510707755,0.6254105729852463,68.3,87.7
2020-02-22,Odisha,ER,19.82042971,85.90001746,68.3,2020,2,5,53,1,0,23.4,74,71.2,87.6,76.4,69.92857142857143,1.3996598226150188,82.03,-0.9749279121818236,-0.2225209339563146,0.8660254037844386,0.5000000000000001,0.7909456567567772,0.6118864012687243,66.7,83.5
2020-02-23,Odisha,ER,19.82042971,85.90001746,66.7,2020,2,6,54,1,0,23.4,76,68.3,71.6,78.1,69.22857142857143,1.6306586457755334,81.65,-0.7818314824680299,0.6234898018587334,0.8660254037844386,0.5000000000000001,0.8013610881746766,0.5981809144059165,74.0,64.2
2020-02-24,Odisha,ER,19.82042971,85.90001746,74.0,2020,2,0,55,0,0,24.5,75,66.7,70.4,75.4,69.74285714285715,2.432322033815732,81.60333333333332,0.0,1.0,0.8660254037844386,0.5000000000000001,0.8115390590073611,0.5842981736283684,80.3,66.0
2020-02-25,Odisha,ER,19.82042971,85.90001746,80.3,2020,2,1,56,0,0,22.8,82,74.0,68.9,84.0,71.37142857142857,4.612921809335503,81.48,0.7818314824680298,0.6234898018587336,0.8660254037844386,0.5000000000000001,0.8214765533024142,0.5702422926917871,82.2,64.6
2020-02-26,Odisha,ER,19.82042971,85.90001746,82.2,2020,2,2,57,0,0,22.0,87,80.3,68.3,85.1,73.35714285714286,5.886384612775478,81.38333333333334,0.9749279121818236,-0.22252093395631434,0.8660254037844386,0.5000000000000001,0.8311706263658079,0.5560174366570446,83.3,65.2
2020-02-27,Odisha,ER,19.82042971,85.90001746,83.3,2020,2,3,58,0,0,23.0,79,82.2,70.8,89.5,75.14285714285714,6.805599935067229,81.17666666666668,0.43388373911755823,-0.900968867902419,0.8660254037844386,0.5000000000000001,0.8406184056344782,0.5416278206559814,87.7,65.4
2020-02-28,Odisha,ER,19.82042971,85.90001746,87.7,2020,2,4,59,0,0,23.2,78,83.3,71.2,88.3,77.5,7.97015265433044,81.15666666666667,-0.433883739117558,-0.9009688679024191,0.8660254037844386,0.5000000000000001,0.8498170915275278,0.5270777086423722,83.5,65.2
2020-02-29,Odisha,ER,19.82042971,85.90001746,83.5,2020,2,5,60,1,0,23.4,79,87.7,68.3,89.7,79.67142857142858,7.065105398061099,80.95,-0.9749279121818236,-0.2225209339563146,0.8660254037844386,0.5000000000000001,0.8587639582758029,0.5123714121284237,64.2,65.0
2020-03-01,Odisha,ER,19.82042971,85.90001746,64.2,2020,3,6,61,1,0,24.4,76,83.5,66.7,90.6,79.31428571428572,7.849719436903011,80.07,-0.7818314824680299,0.6234898018587334,1.0,6.123233995736766e-17,0.8674563547295969,0.49751328890718066,66.0,81.0
2020-03-02,Odisha,ER,19.82042971,85.90001746,66.0,2020,3,0,62,0,0,24.5,81,64.2,74.0,92.4,78.17142857142858,9.215876569940503,79.19000000000001,0.0,1.0,1.0,6.123233995736766e-17,0.8758917051442429,0.48250774176121847,64.6,79.7
2020-03-03,Odisha,ER,19.82042971,85.90001746,64.6,2020,3,1,63,0,0,25.1,81,66.0,80.3,85.9,75.92857142857143,10.440580169976723,78.48,0.7818314824680298,0.6234898018587336,1.0,6.123233995736766e-17,0.8840675099433636,0.4673592171580022,65.2,80.6
2020-03-04,Odisha,ER,19.82042971,85.90001746,65.2,2020,3,2,64,0,0,25.3,81,64.6,82.2,83.2,73.5,10.712298228360227,77.87999999999998,0.9749279121818236,-0.22252093395631434,1.0,6.123233995736766e-17,0.8919813464595485,0.45207220393230435,65.4,84.0
2020-03-05,Odisha,ER,19.82042971,85.90001746,65.4,2020,3,3,65,0,0,25.3,80,65.2,83.3,89.0,70.94285714285715,10.102121417942513,77.09333333333332,0.43388373911755823,-0.900968867902419,1.0,6.123233995736766e-17,0.8996308696522433,0.43665123195606403,65.2,85.1
2020-03-13,Odisha,ER,19.82042971,85.90001746,65.2,2020,3,4,73,0,0,26.4,85,65.4,87.7,89.5,67.72857142857143,6.978231458307269,76.28333333333333,-0.433883739117558,-0.9009688679024191,1.0,6.123233995736766e-17,0.9510565162951535,0.30901699437494745,65.0,89.5
2020-03-14,Odisha,ER,19.82042971,85.90001746,65.0,2020,3,5,74,1,0,26.0,84,65.2,83.5,89.3,65.08571428571429,0.5756983336981695,75.47333333333334,-0.9749279121818236,-0.2225209339563146,1.0,6.123233995736766e-17,0.9562348265919056,0.29260033563334836,81.0,88.3
2020-03-15,Odisha,ER,19.82042971,85.90001746,81.0,2020,3,6,75,1,0,25.5,79,65.0,64.2,91.4,67.48571428571428,5.974230374820122,75.12666666666668,-0.7818314824680299,0.6234898018587334,1.0,6.123233995736766e-17,0.9611297838723007,0.27609697309746883,79.7,69.1
2020-03-16,Odisha,ER,19.82042971,85.90001746,79.7,2020,3,0,76,0,0,26.5,79,81.0,66.0,93.6,69.44285714285714,7.464551145884058,74.66333333333334,0.0,1.0,1.0,6.123233995736766e-17,0.9657399376548549,0.2595117970697999,80.6,71.4
2020-03-17,Odisha,ER,19.82042971,85.90001746,80.6,2020,3,1,77,0,0,27.0,81,79.7,64.6,79.7,71.72857142857143,8.152446317049657,74.69333333333333,0.7818314824680298,0.6234898018587336,1.0,6.123233995736766e-17,0.9700639218515071,0.2428497220959356,84.0,69.4
2020-03-18,Odisha,ER,19.82042971,85.90001746,84.0,2020,3,2,78,0,0,27.1,84,80.6,65.2,77.2,74.41428571428571,8.720173654889253,74.92,0.9749279121818236,-0.22252093395631434,1.0,6.123233995736766e-17,0.9741004551724205,0.22611568550828828,85.1,63.8
2020-03-19,Odisha,ER,19.82042971,85.90001746,85.1,2020,3,3,79,0,0,26.9,83,84.0,65.4,76.7,77.22857142857143,8.502296608507855,75.2,0.43388373911755823,-0.900968867902419,1.0,6.123233995736766e-17,0.9778483415056568,0.20931464596304847,89.5,63.0
2020-03-20,Odisha,ER,19.82042971,85.90001746,89.5,2020,3,4,80,0,0,26.0,83,85.1,65.2,78.3,80.7,7.695020034628278,75.57333333333332,-0.433883739117558,-0.9009688679024191,1.0,6.123233995736766e-17,0.9813064702716093,0.19245158197082998,88.3,69.4
2020-03-21,Odisha,ER,19.82042971,85.90001746,88.3,2020,3,5,81,1,0,26.3,86,89.5,65.0,90.7,84.02857142857144,3.8512830267819598,75.49333333333334,-0.9749279121818236,-0.2225209339563146,1.0,6.123233995736766e-17,0.9844738167520922,0.1755314904214282,69.1,70.5
2020-03-22,Odisha,ER,19.82042971,85.90001746,69.1,2020,3,6,82,1,0,26.7,82,88.3,81.0,86.2,82.32857142857142,6.8611744100927705,74.92333333333333,-0.7818314824680299,0.6234898018587334,1.0,6.123233995736766e-17,0.9873494423939864,0.15855938510313475,71.4,78.9
2020-03-23,Odisha,ER,19.82042971,85.90001746,71.4,2020,3,0,83,0,0,26.7,84,69.1,79.7,87.6,81.14285714285714,8.011836481701382,74.38333333333334,0.0,1.0,1.0,6.123233995736766e-17,0.989932495087353,0.141540295217043,69.4,75.9
2020-03-24,Odisha,ER,19.82042971,85.90001746,69.4,2020,3,1,84,0,0,27.0,84,71.4,80.6,71.6,79.54285714285713,9.172578180434744,74.31,0.7818314824680298,0.6234898018587336,1.0,6.123233995736766e-17,0.9922222094179323,0.12447926388678915,63.8,74.4
2020-03-25,Odisha,ER,19.82042971,85.90001746,63.8,2020,3,2,85,0,0,27.2,86,69.4,84.0,70.4,76.65714285714286,10.60265016286905,74.08999999999999,0.9749279121818236,-0.22252093395631434,1.0,6.123233995736766e-17,0.994217906893952,0.10738134666416309,63.0,71.2
2020-03-26,Odisha,ER,19.82042971,85.90001746,63.0,2020,3,3,86,0,0,28.0,81,63.8,85.1,68.9,73.5,10.954146855567048,73.89333333333333,0.43388373911755823,-0.900968867902419,1.0,6.123233995736766e-17,0.995918996147179,0.09025161003104117,69.4,66.3
2020-03-27,Odisha,ER,19.82042971,85.90001746,69.4,2020,3,4,87,0,0,27.8,83,63.0,89.5,68.3,70.62857142857143,8.396966572461944,73.93,-0.433883739117558,-0.9009688679024191,1.0,6.123233995736766e-17,0.9973249731081555,0.07309512989807777,70.5,60.7015
2020-03-28,Odisha,ER,19.82042971,85.90001746,70.5,2020,3,5,88,1,0,28.5,79,69.4,88.3,70.8,68.08571428571429,3.304758473992288,73.92,-0.9749279121818236,-0.2225209339563146,1.0,6.123233995736766e-17,0.9984354211555643,0.055916990100603484,78.9,72.0
2020-03-29,Odisha,ER,19.82042971,85.90001746,78.9,2020,3,6,89,1,0,29.3,79,70.5,69.1,71.2,69.48571428571428,5.287226295966289,74.17666666666668,-0.7818314824680299,0.6234898018587334,1.0,6.123233995736766e-17,0.9992500112396835,0.03872228089217446,75.9,88.8
2020-03-30,Odisha,ER,19.82042971,85.90001746,75.9,2020,3,0,90,0,0,28.4,76,78.9,71.4,68.3,70.12857142857143,5.806810451447783,74.43,0.0,1.0,1.0,6.123233995736766e-17,0.9997685019798909,0.021516097436222254,74.4,81.4
2020-03-31,Odisha,ER,19.82042971,85.90001746,74.4,2020,3,1,91,0,0,28.4,85,75.9,69.4,66.7,70.84285714285714,6.006345850530599,74.68666666666668,0.7818314824680298,0.6234898018587336,1.0,6.123233995736766e-17,0.9999907397361901,0.004303538296244289,71.2,79.0
2020-04-01,Odisha,ER,19.82042971,85.90001746,71.2,2020,4,2,92,0,0,29.2,80,74.4,63.8,74.0,71.9,5.150404514857298,74.59333333333333,0.9749279121818236,-0.22252093395631434,0.8660254037844387,-0.4999999999999998,0.9999166586547379,-0.01291029607500882,66.3,78.6
2020-04-02,Odisha,ER,19.82042971,85.90001746,66.3,2020,4,3,93,0,1,29.0,80,71.2,63.0,80.3,72.37142857142858,4.276959311517561,74.12666666666668,0.43388373911755823,-0.900968867902419,0.8660254037844387,-0.4999999999999998,0.9995462806873573,-0.030120304846908114,60.7015,80.9
2020-04-03,Odisha,ER,19.82042971,85.90001746,60.7015,2020,4,4,94,0,0,29.0,80,66.3,69.4,82.2,71.12878571428571,6.141430369880535,73.41005,-0.433883739117558,-0.9009688679024191,0.8660254037844387,-0.4999999999999998,0.9988797155850336,-0.04732138832243185,72.0,85.1
2020-04-04,Odisha,ER,19.82042971,85.90001746,72.0,2020,4,5,95,1,0,28.5,84,60.7015,70.5,83.3,71.34307142857143,6.1420031506322665,73.03338333333333,-0.9749279121818236,-0.2225209339563146,0.8660254037844387,-0.4999999999999998,0.9979171608653922,-0.06450844944931623,88.8,83.3
2020-04-05,Odisha,ER,19.82042971,85.90001746,88.8,2020,4,6,96,1,0,28.5,82,72.0,78.9,87.7,72.75735714285715,8.755769272857732,73.07005000000001,-0.7818314824680299,0.6234898018587334,0.8660254037844387,-0.4999999999999998,0.9966589017541702,-0.08167639533042241,81.4,74.2
2020-04-13,Odisha,ER,19.82042971,85.90001746,81.4,2020,4,0,104,0,0,28.8,81,88.8,75.9,83.5,73.54307142857144,9.313776679506018,73.00005000000002,0.0,1.0,0.8660254037844387,-0.4999999999999998,0.9760105506323683,-0.21772323039653177,79.0,72.9
2020-04-14,Odisha,ER,19.82042971,85.90001746,79.0,2020,4,1,105,0,1,28.9,81,81.4,74.4,64.2,74.2002142857143,9.543754519130534,73.49338333333334,0.7818314824680298,0.6234898018587336,0.8660254037844387,-0.4999999999999998,0.9721181966290613,-0.23449138957040985,78.6,74.8
2020-04-15,Odisha,ER,19.82042971,85.90001746,78.6,2020,4,2,106,0,0,29.0,79,79.0,71.2,66.0,75.25735714285713,9.565854843810518,73.91338333333333,0.9749279121818236,-0.22252093395631434,0.8660254037844387,-0.4999999999999998,0.9679377830240642,-0.25119006388481935,80.9,73.6
2020-04-16,Odisha,ER,19.82042971,85.90001746,80.9,2020,4,3,107,0,0,29.0,77,78.6,66.3,64.6,77.34307142857143,8.852374598700086,74.45671666666667,0.43388373911755823,-0.900968867902419,0.8660254037844387,-0.4999999999999998,0.9634705485641488,-0.2678143051621742,85.1,74.9
2020-04-17,Odisha,ER,19.82042971,85.90001746,85.1,2020,4,4,108,0,0,28.7,82,80.9,60.7015,65.2,80.82857142857142,5.297393788683027,75.12005,-0.433883739117558,-0.9009688679024191,0.8660254037844387,-0.4999999999999998,0.9587178169872964,-0.2843591872810034,83.3,72.4
2020-04-18,Odisha,ER,19.82042971,85.90001746,83.3,2020,4,5,109,1,0,28.7,83,85.1,72.0,65.4,82.44285714285715,3.612412463924981,75.71671666666667,-0.9749279121818236,-0.2225209339563146,0.8660254037844387,-0.4999999999999998,0.9536809966304457,-0.30081980763566735,74.2,72.1
2020-04-19,Odisha,ER,19.82042971,85.90001746,74.2,2020,4,6,110,1,0,28.6,85,83.3,88.8,65.2,80.35714285714286,3.5444121011605896,76.01671666666667,-0.7818314824680299,0.6234898018587334,0.8660254037844387,-0.4999999999999998,0.9483615800121715,-0.3171912885891061,72.9,80.5
2020-04-20,Odisha,ER,19.82042971,85.90001746,72.9,2020,4,0,111,0,0,28.6,86,74.2,81.4,65.0,79.14285714285714,4.464249523662416,76.28005,0.0,1.0,0.8660254037844387,-0.4999999999999998,0.9427611433904207,-0.3334687789181868,74.8,88.1
2020-04-21,Odisha,ER,19.82042971,85.90001746,74.8,2020,4,1,112,0,0,28.4,82,72.9,79.0,81.0,78.54285714285713,4.759151585053794,76.07338333333333,0.7818314824680298,0.6234898018587336,0.8660254037844387,-0.4999999999999998,0.9368813462954315,-0.3496474552512284,73.6,89.1
2020-04-22,Odisha,ER,19.82042971,85.90001746,73.6,2020,4,2,113,0,0,28.2,78,74.8,78.6,79.7,77.82857142857142,5.111331948299821,75.87005,0.9749279121818236,-0.22252093395631434,0.8660254037844387,-0.4999999999999998,0.9307239310379795,-0.36572252349726897,74.9,81.3
2020-04-23,Odisha,ER,19.82042971,85.90001746,74.9,2020,4,3,114,0,0,28.8,85,73.6,80.9,80.6,76.97142857142856,5.0125556641009315,75.68005,0.43388373911755823,-0.900968867902419,0.8660254037844387,-0.4999999999999998,0.9242907221930933,-0.3816892202666588,72.4,89.4
2020-04-24,Odisha,ER,19.82042971,85.90001746,72.4,2020,4,4,115,0,0,28.9,84,74.9,85.1,84.0,75.15714285714286,3.7089338732560733,75.29338333333334,-0.433883739117558,-0.9009688679024191,0.8660254037844387,-0.4999999999999998,0.9175836260593937,-0.39754281428255595,72.1,88.0
2020-04-25,Odisha,ER,19.82042971,85.90001746,72.1,2020,4,5,116,1,0,27.8,87,72.4,83.3,85.1,73.55714285714286,1.129686007785398,74.86005,-0.9749279121818236,-0.2225209339563146,0.8660254037844387,-0.4999999999999998,0.9106046300942162,-0.4132786077829042,80.5,91.6
2020-04-26,Odisha,ER,19.82042971,85.90001746,80.5,2020,4,6,117,1,0,27.5,86,72.1,74.2,89.5,74.45714285714287,2.8803108297866404,74.56005,-0.7818314824680299,0.6234898018587334,0.8660254037844387,-0.4999999999999998,0.9033558023246845,-0.4288919379124835,88.1,78.2
2020-04-27,Odisha,ER,19.82042971,85.90001746,88.1,2020,4,0,118,0,0,27.3,82,80.5,72.9,88.3,76.62857142857142,5.780344362784704,74.55338333333334,0.0,1.0,0.8660254037844387,-0.4999999999999998,0.895839290734909,-0.4443781781046132,89.1,76.2
2020-04-28,Odisha,ER,19.82042971,85.90001746,89.1,2020,4,1,119,0,0,28.2,76,88.1,74.8,69.1,78.67142857142858,7.342278094640911,75.22005,0.7818314824680298,0.6234898018587336,0.8660254037844387,-0.4999999999999998,0.8880573226294932,-0.45973273945210397,81.3,80.6
2020-04-29,Odisha,ER,19.82042971,85.90001746,81.3,2020,4,2,120,0,0,28.5,81,89.1,73.6,71.4,79.77142857142857,7.0258366727655455,75.55005,0.9749279121818236,-0.22252093395631434,0.8660254037844387,-0.4999999999999998,0.8800122039735357,-0.47495107206704995,89.4,69.7
2020-04-30,Odisha,ER,19.82042971,85.90001746,89.4,2020,4,3,121,0,0,28.6,82,81.3,74.9,69.4,81.84285714285714,7.473476911241092,76.21671666666666,0.43388373911755823,-0.900968867902419,0.8660254037844387,-0.4999999999999998,0.8717063187093218,-0.4900286664290592,88.0,72.6
2020-05-01,Odisha,ER,19.82042971,85.90001746,88.0,2020,5,4,122,0,0,28.9,85,89.4,72.4,63.8,84.07142857142857,6.443268913037167,77.02338333333334,-0.433883739117558,-0.9009688679024191,0.49999999999999994,-0.8660254037844387,0.8631421280499114,-0.5049610547215204,91.6,73.6
2020-05-02,Odisha,ER,19.82042971,85.90001746,91.6,2020,5,5,123,1,0,28.8,83,88.0,72.1,63.0,86.85714285714286,4.245333572624693,77.97671666666666,-0.9749279121818236,-0.2225209339563146,0.49999999999999994,-0.8660254037844387,0.854322169749827,-0.5197438121555155,78.2,74.7
2020-05-03,Odisha,ER,19.82042971,85.90001746,78.2,2020,5,6,124,1,0,29.2,84,91.6,80.5,69.4,86.52857142857144,4.863371356618583,78.27005000000001,-0.7818314824680299,0.6234898018587334,0.49999999999999994,-0.8660254037844387,0.8452490573530633,-0.5343725582809786,76.2,76.0
2020-05-04,Odisha,ER,19.82042971,85.90001746,76.2,2020,5,0,125,0,0,29.0,85,78.2,88.1,70.5,84.82857142857142,6.135881975644944,78.46005,0.0,1.0,0.49999999999999994,-0.8660254037844387,0.8359254794186372,-0.548842958284719,80.6,69.9
2020-05-05,Odisha,ER,19.82042971,85.90001746,80.6,2020,5,1,126,0,0,29.0,83,76.2,89.1,78.9,83.61428571428571,5.988997849230866,78.51671666666667,0.7818314824680298,0.6234898018587336,0.49999999999999994,-0.8660254037844387,0.8263541987239096,-0.5631507242749186,69.7,68.9
2020-05-13,Odisha,ER,19.82042971,85.90001746,69.7,2020,5,2,134,0,0,28.7,81,80.6,81.3,75.9,81.95714285714287,8.002469856832965,78.31005,0.9749279121818236,-0.22252093395631434,0.49999999999999994,-0.8660254037844387,0.7412220108485958,-0.6712599575675313,72.6,71.0
2020-05-14,Odisha,ER,19.82042971,85.90001746,72.6,2020,5,3,135,0,0,29.2,81,69.7,89.4,74.4,79.55714285714285,7.917040091443253,78.25005,0.43388373911755823,-0.900968867902419,0.49999999999999994,-0.8660254037844387,0.7295575540864875,-0.6839194216246106,73.6,72.0
2020-05-15,Odisha,ER,19.82042971,85.90001746,73.6,2020,5,4,136,0,0,29.3,81,72.6,88.0,71.2,77.5,7.195600507717356,78.33005,-0.433883739117558,-0.9009688679024191,0.49999999999999994,-0.8660254037844387,0.717676913675962,-0.6963762255968722,74.7,77.0
2020-05-16,Odisha,ER,19.82042971,85.90001746,74.7,2020,5,5,137,1,0,29.7,80,73.6,91.6,66.3,75.08571428571429,3.6260302312708865,78.61005,-0.9749279121818236,-0.2225209339563146,0.49999999999999994,-0.8660254037844387,0.705583610107178,-0.7086266782644596,76.0,84.3
2020-05-17,Odisha,ER,19.82042971,85.90001746,76.0,2020,5,6,138,1,0,29.3,79,74.7,78.2,60.7015,74.77142857142857,3.3993696894732386,79.12000000000002,-0.7818314824680299,0.6234898018587334,0.49999999999999994,-0.8660254037844387,0.6932812268869777,-0.7206671495538609,69.9,85.4
2020-05-18,Odisha,ER,19.82042971,85.90001746,69.9,2020,5,0,139,0,0,29.6,79,76.0,76.2,72.0,73.87142857142858,3.7716991244940545,79.05,0.0,1.0,0.49999999999999994,-0.8660254037844387,0.6807734094770161,-0.7324940716135789,68.9,86.0
2020-05-19,Odisha,ER,19.82042971,85.90001746,68.9,2020,5,1,140,0,0,27.6,86,69.9,80.6,88.8,72.2,2.7459060435482225,78.38666666666667,0.7818314824680298,0.6234898018587336,0.49999999999999994,-0.8660254037844387,0.6680638642135335,-0.7441039398713607,71.0,79.4
2020-05-20,Odisha,ER,19.82042971,85.90001746,71.0,2020,5,2,141,0,0,24.9,75,68.9,69.7,81.4,72.38571428571429,2.5880678580921948,78.03999999999999,0.9749279121818236,-0.22252093395631434,0.49999999999999994,-0.8660254037844387,0.6551563572090853,-0.7554933140726803,72.0,75.1
2020-05-21,Odisha,ER,19.82042971,85.90001746,72.0,2020,5,3,142,0,0,29.0,82,71.0,72.6,79.0,72.3,2.589723279939642,77.80666666666666,0.43388373911755823,-0.900968867902419,0.49999999999999994,-0.8660254037844387,0.6420547132365637,-0.766658819300159,77.0,75.8
