timestamp,node_id,region,latitude,longitude,consumption_mu,year,month,dayofweek,dayofyear,is_weekend,is_holiday,temperature_c,humidity,lag_1d,lag_7d,lag_30d,roll_mean_7d,roll_std_7d,roll_mean_30d,dow_sin,dow_cos,month_sin,month_cos,doy_sin,doy_cos,target_next_1d,target_next_7d
2019-02-02,Jharkhand,ER,23.80039349,86.41998572,23.4,2019,2,5,33,1,0,19.2,49,22.8,23.2,24.8,22.428571428571427,2.0336455654106205,23.573333333333334,-0.9749279121818236,-0.2225209339563146,0.8660254037844386,0.5000000000000001,0.5380051715382996,0.8429415373547828,23.0,22.7
2019-02-03,Jharkhand,ER,23.80039349,86.41998572,23.0,2019,2,6,34,1,0,19.8,50,23.4,25.0,25.6,22.142857142857142,1.729987613498183,23.486666666666668,-0.7818314824680299,0.6234898018587334,0.8660254037844386,0.5000000000000001,0.5524353131676196,0.8335557718385699,23.3,23.8
2019-02-04,Jharkhand,ER,23.80039349,86.41998572,23.3,2019,2,0,35,0,0,19.5,53,23.0,21.4,26.3,22.414285714285715,1.7430132638896454,23.386666666666663,0.0,1.0,0.8660254037844386,0.5000000000000001,0.5667017562911176,0.8239230057575542,24.0,24.4
2019-02-05,Jharkhand,ER,23.80039349,86.41998572,24.0,2019,2,1,36,0,0,19.8,55,23.3,18.7,23.0,23.17142857142857,0.6993193970194251,23.419999999999998,0.7818314824680298,0.6234898018587336,0.8660254037844386,0.5000000000000001,0.5808002734538009,0.8140460935082178,24.1,23.9
2019-02-06,Jharkhand,ER,23.80039349,86.41998572,24.1,2019,2,2,37,0,0,21.5,57,24.0,23.8,22.6,23.214285714285715,0.7515064236331569,23.470000000000002,0.9749279121818236,-0.22252093395631434,0.8660254037844386,0.5000000000000001,0.5947266869607634,0.8039279618328213,24.3,23.6
2019-02-07,Jharkhand,ER,23.80039349,86.41998572,24.3,2019,2,3,38,0,0,23.4,49,24.1,21.9,23.9,23.557142857142857,0.5798193478924843,23.483333333333334,0.43388373911755823,-0.900968867902419,0.8660254037844386,0.5000000000000001,0.6084768701151261,0.7935716089521474,23.6,21.6
2019-02-08,Jharkhand,ER,23.80039349,86.41998572,23.6,2019,2,4,39,0,0,19.8,70,24.3,22.8,23.3,23.671428571428574,0.4750939756661565,23.493333333333332,-0.433883739117558,-0.9009688679024191,0.8660254037844386,0.5000000000000001,0.6220467484408675,0.7829801036770629,22.7,23.9
2019-02-09,Jharkhand,ER,23.80039349,86.41998572,22.7,2019,2,5,40,1,0,18.5,72,23.6,23.4,19.2,23.571428571428573,0.5992058236095575,23.61,-0.9749279121818236,-0.2225209339563146,0.8660254037844386,0.5000000000000001,0.6354323008901774,0.7721565844991642,23.8,24.3
2019-02-10,Jharkhand,ER,23.80039349,86.41998572,23.8,2019,2,6,41,1,0,17.0,50,22.7,23.0,21.8,23.685714285714287,0.5459809869356506,23.676666666666666,-0.7818314824680299,0.6234898018587334,0.8660254037844386,0.5000000000000001,0.6486295610349814,0.7611042586607747,24.4,25.0
2019-02-11,Jharkhand,ER,23.80039349,86.41998572,24.4,2019,2,0,42,0,0,16.9,60,23.8,23.3,23.3,23.842857142857145,0.5740416444159764,23.713333333333335,0.0,1.0,0.8660254037844386,0.5000000000000001,0.6616346182422783,0.7498264012045686,23.9,24.8
2019-02-12,Jharkhand,ER,23.80039349,86.41998572,23.9,2019,2,1,43,0,0,18.7,61,24.4,24.0,24.3,23.82857142857143,0.5707138387267952,23.7,0.7818314824680298,0.6234898018587336,0.8660254037844386,0.5000000000000001,0.6744436188329455,0.7383263540031065,23.6,24.4
2019-02-13,Jharkhand,ER,23.80039349,86.41998572,23.6,2019,2,2,44,0,0,20.4,60,23.9,24.1,24.8,23.75714285714286,0.5623081683476284,23.660000000000004,0.9749279121818236,-0.22252093395631434,0.8660254037844386,0.5000000000000001,0.6870527672236669,0.7266075247685656,21.6,23.4
2019-02-14,Jharkhand,ER,23.80039349,86.41998572,21.6,2019,2,3,45,0,0,21.2,59,23.6,24.3,24.8,23.37142857142857,0.9322272357357999,23.55333333333333,0.43388373911755823,-0.900968867902419,0.8660254037844386,0.5000000000000001,0.699458327051647,0.7146733860429609,23.9,28.2
2019-02-15,Jharkhand,ER,23.80039349,86.41998572,23.9,2019,2,4,46,0,0,22.0,58,21.6,23.6,24.8,23.414285714285715,0.9511897312113371,23.523333333333333,-0.433883739117558,-0.9009688679024191,0.8660254037844386,0.5000000000000001,0.7116566222817746,0.7025274741691571,24.3,28.432999999999996
2019-02-16,Jharkhand,ER,23.80039349,86.41998572,24.3,2019,2,5,47,1,0,20.1,75,23.9,22.7,22.1,23.642857142857142,0.9431456989902453,23.596666666666668,-0.9749279121818236,-0.2225209339563146,0.8660254037844386,0.5000000000000001,0.7236440382959124,0.6901733882429719,25.0,28.2
2019-02-17,Jharkhand,ER,23.80039349,86.41998572,25.0,2019,2,6,48,1,0,19.8,58,24.3,23.8,22.3,23.814285714285713,1.0761483346152731,23.686666666666667,-0.7818314824680299,0.6234898018587334,0.8660254037844386,0.5000000000000001,0.7354170229639855,0.6776147890466889,24.8,26.3
2019-02-18,Jharkhand,ER,23.80039349,86.41998572,24.8,2019,2,0,49,0,0,18.5,58,25.0,24.4,24.1,23.87142857142857,1.122072911645053,23.709999999999997,0.0,1.0,0.8660254037844386,0.5000000000000001,0.7469720876965552,0.6648553979642865,24.4,24.8
2019-02-19,Jharkhand,ER,23.80039349,86.41998572,24.4,2019,2,1,50,0,0,21.2,54,24.8,23.9,23.8,23.942857142857143,1.1399665826346825,23.730000000000004,0.7818314824680298,0.6234898018587336,0.8660254037844386,0.5000000000000001,0.7583058084785624,0.6518989958787126,23.4,25.3
2019-02-20,Jharkhand,ER,23.80039349,86.41998572,23.4,2019,2,2,51,0,0,22.9,49,24.4,23.6,25.0,23.91428571428571,1.1524301445620146,23.67666666666667,0.9749279121818236,-0.22252093395631434,0.8660254037844386,0.5000000000000001,0.7694148268839378,0.6387494220515272,28.2,25.1
2019-02-21,Jharkhand,ER,23.80039349,86.41998572,28.2,2019,2,3,52,0,0,23.6,56,23.4,21.6,24.8,24.857142857142858,1.5682869028094921,23.79,0.43388373911755823,-0.900968867902419,0.8660254037844386,0.5000000000000001,0.7802958510707755,0.6254105729852463,28.432999999999996,26.3
2019-02-22,Jharkhand,ER,23.80039349,86.41998572,28.432999999999996,2019,2,4,53,0,0,24.9,60,28.2,23.9,23.8,25.504714285714282,1.9871392095409939,23.944433333333336,-0.433883739117558,-0.9009688679024191,0.8660254037844386,0.5000000000000001,0.7909456567567772,0.6118864012687243,28.2,26.3
2019-02-23,Jharkhand,ER,23.80039349,86.41998572,28.2,2019,2,5,54,1,0,24.8,57,28.432999999999996,24.3,27.5,26.061857142857143,2.134350207797158,23.967766666666666,-0.9749279121818236,-0.2225209339563146,0.8660254037844386,0.5000000000000001,0.8013610881746766,0.5981809144059165,26.3,24.2
2019-02-24,Jharkhand,ER,23.80039349,86.41998572,26.3,2019,2,6,55,1,0,23.4,43,28.2,25.0,25.9,26.24757142857143,2.0824844022739395,23.9811,-0.7818314824680299,0.6234898018587334,0.8660254037844386,0.5000000000000001,0.8115390590073611,0.5842981736283684,24.8,26.1
2019-02-25,Jharkhand,ER,23.80039349,86.41998572,24.8,2019,2,0,56,0,0,21.3,67,26.3,24.8,23.2,26.24757142857143,2.0824844022739395,24.034433333333332,0.0,1.0,0.8660254037844386,0.5000000000000001,0.8214765533024142,0.5702422926917871,25.3,25.6
2019-02-26,Jharkhand,ER,23.80039349,86.41998572,25.3,2019,2,1,57,0,0,21.6,75,24.8,24.4,25.0,26.376142857142856,1.9743819647821699,24.044433333333334,0.7818314824680298,0.6234898018587336,0.8660254037844386,0.5000000000000001,0.8311706263658079,0.5560174366570446,25.1,24.1
2019-02-27,Jharkhand,ER,23.80039349,86.41998572,25.1,2019,2,2,58,0,0,21.6,81,25.3,23.4,21.4,26.619000000000003,1.6200494848409062,24.16776666666667,0.9749279121818236,-0.22252093395631434,0.8660254037844386,0.5000000000000001,0.8406184056344782,0.5416278206559814,26.3,24.7
2019-02-28,Jharkhand,ER,23.80039349,86.41998572,26.3,2019,2,3,59,0,0,19.7,65,25.1,28.2,18.7,26.347571428571428,1.4625233738465768,24.421100000000003,0.43388373911755823,-0.900968867902419,0.8660254037844386,0.5000000000000001,0.8498170915275278,0.5270777086423722,26.3,23.9
2019-03-02,Jharkhand,ER,23.80039349,86.41998572,26.3,2019,3,5,61,1,0,19.5,48,26.3,28.432999999999996,23.8,26.042857142857144,1.1428869043743723,24.504433333333335,-0.9749279121818236,-0.2225209339563146,1.0,6.123233995736766e-17,0.8674563547295969,0.49751328890718066,24.2,24.8
2019-03-03,Jharkhand,ER,23.80039349,86.41998572,24.2,2019,3,6,62,1,0,20.5,54,26.3,28.2,21.9,25.47142857142857,0.8459989868281463,24.581100000000003,-0.7818314824680299,0.6234898018587334,1.0,6.123233995736766e-17,0.8758917051442429,0.48250774176121847,26.1,25.3
2019-03-04,Jharkhand,ER,23.80039349,86.41998572,26.1,2019,3,0,63,0,1,22.2,64,24.2,26.3,22.8,25.442857142857143,0.8162049229148528,24.6911,0.0,1.0,1.0,6.123233995736766e-17,0.8840675099433636,0.4673592171580022,25.6,24.9
2019-03-05,Jharkhand,ER,23.80039349,86.41998572,25.6,2019,3,1,64,0,0,22.6,65,26.1,24.8,23.4,25.557142857142857,0.7656307701434419,24.764433333333333,0.7818314824680298,0.6234898018587336,1.0,6.123233995736766e-17,0.8919813464595485,0.45207220393230435,24.1,27.8
2019-03-06,Jharkhand,ER,23.80039349,86.41998572,24.1,2019,3,2,65,0,0,23.3,48,25.6,25.3,23.0,25.38571428571429,0.9459185508075575,24.8011,0.9749279121818236,-0.22252093395631434,1.0,6.123233995736766e-17,0.8996308696522433,0.43665123195606403,24.7,27.0
2019-03-07,Jharkhand,ER,23.80039349,86.41998572,24.7,2019,3,3,66,0,0,21.8,38,24.1,25.1,23.3,25.32857142857143,0.9776064063385895,24.84776666666667,0.43388373911755823,-0.900968867902419,1.0,6.123233995736766e-17,0.9070138128026359,0.4211008707960896,23.9,25.9
2019-03-08,Jharkhand,ER,23.80039349,86.41998572,23.9,2019,3,4,67,0,0,22.0,36,24.7,26.3,24.0,24.985714285714288,1.0007140307942828,24.844433333333335,-0.433883739117558,-0.9009688679024191,1.0,6.123233995736766e-17,0.9141279881853337,0.40542572835999735,24.8,20.4
2019-03-09,Jharkhand,ER,23.80039349,86.41998572,24.8,2019,3,5,68,1,0,23.8,34,23.9,26.3,24.1,24.771428571428572,0.8159131606453334,24.867766666666668,-0.9749279121818236,-0.2225209339563146,1.0,6.123233995736766e-17,0.9209712877166346,0.38963044953078796,25.3,20.4
2019-03-10,Jharkhand,ER,23.80039349,86.41998572,25.3,2019,3,6,69,1,0,25.5,41,24.8,24.2,24.3,24.928571428571427,0.7931252228038077,24.9011,-0.7818314824680299,0.6234898018587334,1.0,6.123233995736766e-17,0.9275416835791966,0.37371971479046906,24.9,20.3
2019-03-11,Jharkhand,ER,23.80039349,86.41998572,24.9,2019,3,0,70,0,0,26.3,40,25.3,26.1,23.6,24.75714285714286,0.6051367417290464,24.944433333333333,0.0,1.0,1.0,6.123233995736766e-17,0.9338372288229252,0.35769823883312546,27.8,21.4
2019-03-12,Jharkhand,ER,23.80039349,86.41998572,27.8,2019,3,1,71,0,0,27.3,39,24.9,25.6,22.7,25.071428571428573,1.2944938337876528,25.114433333333334,0.7818314824680298,0.6234898018587336,1.0,6.123233995736766e-17,0.9398560579418954,0.3415707691678556,27.0,22.5
2019-03-13,Jharkhand,ER,23.80039349,86.41998572,27.0,2019,3,2,72,0,0,28.0,39,27.8,24.1,23.8,25.485714285714288,1.3921548901236553,25.2211,0.9749279121818236,-0.22252093395631434,1.0,6.123233995736766e-17,0.9455963874271426,0.3253420847119801,25.9,21.8
2019-03-14,Jharkhand,ER,23.80039349,86.41998572,25.9,2019,3,3,73,0,0,28.2,43,27.0,24.7,24.4,25.657142857142855,1.3525989093311357,25.271099999999997,0.43388373911755823,-0.900968867902419,1.0,6.123233995736766e-17,0.9510565162951535,0.30901699437494745,20.4,22.0
2019-03-15,Jharkhand,ER,23.80039349,86.41998572,20.4,2019,3,4,74,0,0,27.3,54,25.9,23.9,23.9,25.157142857142855,2.372661756239979,25.154433333333333,-0.433883739117558,-0.9009688679024191,1.0,6.123233995736766e-17,0.9562348265919056,0.29260033563334836,20.4,24.4
2019-03-16,Jharkhand,ER,23.80039349,86.41998572,20.4,2019,3,5,75,1,0,26.7,53,20.4,24.8,23.6,24.52857142857143,2.9864774599932264,25.047766666666668,-0.9749279121818236,-0.2225209339563146,1.0,6.123233995736766e-17,0.9611297838723007,0.27609697309746883,20.3,24.7
2019-03-17,Jharkhand,ER,23.80039349,86.41998572,20.3,2019,3,6,76,1,0,25.3,46,20.4,25.3,21.6,23.814285714285713,3.3473514761318204,25.004433333333335,-0.7818314824680299,0.6234898018587334,1.0,6.123233995736766e-17,0.9657399376548549,0.2595117970697999,21.4,24.2
2019-03-18,Jharkhand,ER,23.80039349,86.41998572,21.4,2019,3,0,77,0,0,24.5,55,20.3,24.9,23.9,23.314285714285713,3.4187856379268955,24.9211,0.0,1.0,1.0,6.123233995736766e-17,0.9700639218515071,0.2428497220959356,22.5,24.1
2019-03-19,Jharkhand,ER,23.80039349,86.41998572,22.5,2019,3,1,78,0,0,25.6,46,21.4,27.8,24.3,22.557142857142853,2.7885821623524825,24.8611,0.7818314824680298,0.6234898018587336,1.0,6.123233995736766e-17,0.9741004551724205,0.22611568550828828,21.8,24.3
2019-03-20,Jharkhand,ER,23.80039349,86.41998572,21.8,2019,3,2,79,0,0,26.1,29,22.5,27.0,25.0,21.814285714285713,1.98446346353245,24.754433333333335,0.9749279121818236,-0.22252093395631434,1.0,6.123233995736766e-17,0.9778483415056568,0.20931464596304847,22.0,24.5
2019-03-21,Jharkhand,ER,23.80039349,86.41998572,22.0,2019,3,3,80,0,1,27.6,30,21.8,25.9,24.8,21.257142857142856,0.8941609528064731,24.6611,0.43388373911755823,-0.900968867902419,1.0,6.123233995736766e-17,0.9813064702716093,0.19245158197082998,24.4,23.6
2019-03-22,Jharkhand,ER,23.80039349,86.41998572,24.4,2019,3,4,81,0,0,27.5,43,22.0,20.4,24.4,21.828571428571426,1.3936932777268187,24.661099999999998,-0.433883739117558,-0.9009688679024191,1.0,6.123233995736766e-17,0.9844738167520922,0.1755314904214282,24.7,24.7
2019-03-23,Jharkhand,ER,23.80039349,86.41998572,24.7,2019,3,5,82,1,0,27.9,25,24.4,20.4,23.4,22.442857142857147,1.5925421426732953,24.704433333333334,-0.9749279121818236,-0.2225209339563146,1.0,6.123233995736766e-17,0.9873494423939864,0.15855938510313475,24.2,23.1
2019-03-24,Jharkhand,ER,23.80039349,86.41998572,24.2,2019,3,6,83,1,0,26.5,25,24.7,20.3,28.2,23.0,1.386842937514307,24.5711,-0.7818314824680299,0.6234898018587334,1.0,6.123233995736766e-17,0.989932495087353,0.141540295217043,24.1,23.9
2019-03-25,Jharkhand,ER,23.80039349,86.41998572,24.1,2019,3,0,84,0,0,27.9,31,24.2,21.4,28.432999999999996,23.385714285714283,1.2348124978157156,24.42666666666667,0.0,1.0,1.0,6.123233995736766e-17,0.9922222094179323,0.12447926388678915,24.3,23.8
2019-03-26,Jharkhand,ER,23.80039349,86.41998572,24.3,2019,3,1,85,0,0,26.2,47,24.1,22.5,28.2,23.642857142857142,1.2067271755415385,24.296666666666667,0.7818314824680298,0.6234898018587336,1.0,6.123233995736766e-17,0.994217906893952,0.10738134666416309,24.5,23.8
2019-03-27,Jharkhand,ER,23.80039349,86.41998572,24.5,2019,3,2,86,0,0,26.6,47,24.3,21.8,26.3,24.028571428571432,0.9159954252329008,24.236666666666665,0.9749279121818236,-0.22252093395631434,1.0,6.123233995736766e-17,0.995918996147179,0.09025161003104117,23.6,23.8
2019-03-28,Jharkhand,ER,23.80039349,86.41998572,23.6,2019,3,3,87,0,0,27.2,39,24.5,22.0,24.8,24.25714285714286,0.3505098327538416,24.196666666666665,0.43388373911755823,-0.900968867902419,1.0,6.123233995736766e-17,0.9973249731081555,0.07309512989807777,24.7,24.0
2019-03-29,Jharkhand,ER,23.80039349,86.41998572,24.7,2019,3,4,88,0,0,28.6,44,23.6,24.4,25.3,24.3,0.3872983346207198,24.17666666666667,-0.433883739117558,-0.9009688679024191,1.0,6.123233995736766e-17,0.9984354211555643,0.055916990100603484,23.1,18.7
2019-03-30,Jharkhand,ER,23.80039349,86.41998572,23.1,2019,3,5,89,1,0,29.5,54,24.7,24.7,25.1,24.071428571428573,0.5498917642417784,24.110000000000003,-0.9749279121818236,-0.2225209339563146,1.0,6.123233995736766e-17,0.9992500112396835,0.03872228089217446,23.9,21.1
2019-03-31,Jharkhand,ER,23.80039349,86.41998572,23.9,2019,3,6,90,1,0,29.5,52,23.1,24.2,26.3,24.02857142857143,0.5498917642417785,24.029999999999998,-0.7818314824680299,0.6234898018587334,1.0,6.123233995736766e-17,0.9997685019798909,0.021516097436222254,23.8,21.1
2019-04-02,Jharkhand,ER,23.80039349,86.41998572,23.8,2019,4,1,92,0,0,28.7,49,23.9,24.1,26.3,23.985714285714288,0.5550632739564214,23.946666666666665,0.7818314824680298,0.6234898018587336,0.8660254037844387,-0.4999999999999998,0.9999166586547379,-0.01291029607500882,23.8,20.7
2019-04-03,Jharkhand,ER,23.80039349,86.41998572,23.8,2019,4,2,93,0,0,29.0,45,23.8,24.3,24.2,23.914285714285715,0.5398412465054464,23.933333333333334,0.9749279121818236,-0.22252093395631434,0.8660254037844387,-0.4999999999999998,0.9995462806873573,-0.030120304846908114,23.8,21.0
2019-04-04,Jharkhand,ER,23.80039349,86.41998572,23.8,2019,4,3,94,0,0,29.9,53,23.8,24.5,26.1,23.814285714285713,0.4740906081772625,23.85666666666667,0.43388373911755823,-0.900968867902419,0.8660254037844387,-0.4999999999999998,0.9988797155850336,-0.04732138832243185,24.0,23.3
2019-04-05,Jharkhand,ER,23.80039349,86.41998572,24.0,2019,4,4,95,0,0,28.2,65,23.8,23.6,25.6,23.87142857142857,0.46802523334495727,23.803333333333335,-0.433883739117558,-0.9009688679024191,0.8660254037844387,-0.4999999999999998,0.9979171608653922,-0.06450844944931623,18.7,22.9
2019-04-06,Jharkhand,ER,23.80039349,86.41998572,18.7,2019,4,5,96,1,0,25.7,73,24.0,24.7,24.1,23.014285714285716,1.9247758063634006,23.623333333333335,-0.9749279121818236,-0.2225209339563146,0.8660254037844387,-0.4999999999999998,0.9966589017541702,-0.08167639533042241,21.1,25.3
2019-04-07,Jharkhand,ER,23.80039349,86.41998572,21.1,2019,4,6,97,1,0,26.2,66,18.7,23.1,24.7,22.728571428571428,2.0540320394403757,23.50333333333333,-0.7818314824680299,0.6234898018587334,0.8660254037844387,-0.4999999999999998,0.9951053111006976,-0.09882013873287143,21.1,25.6
2019-04-08,Jharkhand,ER,23.80039349,86.41998572,21.1,2019,4,0,98,0,0,26.9,63,21.1,23.9,23.9,22.32857142857143,2.0605131122403106,23.41,0.0,1.0,0.8660254037844387,-0.4999999999999998,0.9932568492674143,-0.11593459959550041,20.7,24.3
2019-04-09,Jharkhand,ER,23.80039349,86.41998572,20.7,2019,4,1,99,0,0,28.0,61,21.1,23.8,24.8,21.885714285714283,2.0243752710639398,23.273333333333333,0.7818314824680298,0.6234898018587336,0.8660254037844387,-0.4999999999999998,0.9911140639934547,-0.1330147065341959,21.0,21.6
2019-04-10,Jharkhand,ER,23.80039349,86.41998572,21.0,2019,4,2,100,0,0,27.1,67,20.7,23.8,25.3,21.485714285714284,1.852411555629183,23.13,0.9749279121818236,-0.22252093395631434,0.8660254037844387,-0.4999999999999998,0.9886775902323405,-0.1500553983446526,23.3,25.2
2019-04-11,Jharkhand,ER,23.80039349,86.41998572,23.3,2019,4,3,101,0,0,27.2,71,21.0,23.8,24.9,21.414285714285715,1.7553998323540223,23.076666666666664,0.43388373911755823,-0.900968867902419,0.8660254037844387,-0.4999999999999998,0.9859481499638304,-0.16705162550211924,22.9,25.3
2019-04-12,Jharkhand,ER,23.80039349,86.41998572,22.9,2019,4,4,102,0,0,30.3,57,23.3,24.0,27.8,21.25714285714286,1.5186146569128167,22.913333333333334,-0.433883739117558,-0.9009688679024191,0.8660254037844387,-0.4999999999999998,0.9829265519799822,-0.18399835165768005,25.3,25.7
2019-04-13,Jharkhand,ER,23.80039349,86.41998572,25.3,2019,4,5,103,1,1,31.2,52,22.9,18.7,27.0,22.199999999999996,1.7039170558842616,22.85666666666667,-0.9749279121818236,-0.2225209339563146,0.8660254037844387,-0.4999999999999998,0.9796136916454901,-0.20089055513063506,25.6,22.2
2019-04-14,Jharkhand,ER,23.80039349,86.41998572,25.6,2019,4,6,104,1,1,32.1,51,25.3,21.1,25.9,22.842857142857145,2.0362196532276267,22.84666666666667,-0.7818314824680299,0.6234898018587334,0.8660254037844387,-0.4999999999999998,0.9760105506323683,-0.21772323039653177,24.3,21.0
2019-04-15,Jharkhand,ER,23.80039349,86.41998572,24.3,2019,4,0,105,0,0,33.1,46,25.6,21.1,20.4,23.3,1.9364916731036985,22.976666666666667,0.0,1.0,0.8660254037844387,-0.4999999999999998,0.9721181966290613,-0.23449138957040985,21.6,22.1
2019-04-16,Jharkhand,ER,23.80039349,86.41998572,21.6,2019,4,1,106,0,0,31.5,51,24.3,20.7,20.4,23.428571428571427,1.7566201313073484,23.016666666666666,0.7818314824680298,0.6234898018587336,0.8660254037844387,-0.4999999999999998,0.9679377830240642,-0.25119006388481935,25.2,22.3
2019-04-17,Jharkhand,ER,23.80039349,86.41998572,25.2,2019,4,2,107,0,1,28.9,45,21.6,21.0,20.3,24.02857142857143,1.4851647335276457,23.18,0.9749279121818236,-0.22252093395631434,0.8660254037844387,-0.4999999999999998,0.9634705485641488,-0.2678143051621742,25.3,23.8
2019-04-18,Jharkhand,ER,23.80039349,86.41998572,25.3,2019,4,3,108,0,0,28.5,47,25.2,23.3,21.4,24.314285714285717,1.5137465347370824,23.310000000000002,0.43388373911755823,-0.900968867902419,0.8660254037844387,-0.4999999999999998,0.9587178169872964,-0.2843591872810034,25.7,24.1
2019-04-19,Jharkhand,ER,23.80039349,86.41998572,25.7,2019,4,4,109,0,1,29.0,48,25.3,22.9,22.5,24.714285714285715,1.4461772268392687,23.416666666666668,-0.433883739117558,-0.9009688679024191,0.8660254037844387,-0.4999999999999998,0.9536809966304457,-0.30081980763566735,22.2,23.9
2019-04-20,Jharkhand,ER,23.80039349,86.41998572,22.2,2019,4,5,110,1,0,29.2,44,25.7,25.3,21.8,24.27142857142857,1.6908718517520993,23.43,-0.9749279121818236,-0.2225209339563146,0.8660254037844387,-0.4999999999999998,0.9483615800121715,-0.3171912885891061,21.0,25.9
2019-04-21,Jharkhand,ER,23.80039349,86.41998572,21.0,2019,4,6,111,1,0,27.9,50,22.2,25.6,22.0,23.61428571428571,1.960806442452153,23.396666666666665,-0.7818314824680299,0.6234898018587334,0.8660254037844387,-0.4999999999999998,0.9427611433904207,-0.3334687789181868,22.1,24.1
2019-04-22,Jharkhand,ER,23.80039349,86.41998572,22.1,2019,4,0,112,0,0,27.8,58,21.0,24.3,24.4,23.300000000000004,2.0083160441856007,23.32,0.0,1.0,0.8660254037844387,-0.4999999999999998,0.9368813462954315,-0.3496474552512284,22.3,25.1
2019-04-23,Jharkhand,ER,23.80039349,86.41998572,22.3,2019,4,1,113,0,0,28.3,64,22.1,21.6,24.7,23.4,1.9252705437591446,23.240000000000002,0.7818314824680298,0.6234898018587336,0.8660254037844387,-0.4999999999999998,0.9307239310379795,-0.36572252349726897,23.8,24.0
2019-04-24,Jharkhand,ER,23.80039349,86.41998572,23.8,2019,4,2,114,0,0,29.7,59,22.3,25.2,24.2,23.2,1.773884626086668,23.22666666666667,0.9749279121818236,-0.22252093395631434,0.8660254037844387,-0.4999999999999998,0.9242907221930933,-0.3816892202666588,24.1,25.1
2019-04-25,Jharkhand,ER,23.80039349,86.41998572,24.1,2019,4,3,115,0,0,30.9,61,23.8,25.3,24.1,23.02857142857143,1.585049195571206,23.226666666666667,0.43388373911755823,-0.900968867902419,0.8660254037844387,-0.4999999999999998,0.9175836260593937,-0.39754281428255595,23.9,24.5
2019-04-26,Jharkhand,ER,23.80039349,86.41998572,23.9,2019,4,4,116,0,0,32.7,54,24.1,25.7,24.3,22.771428571428572,1.1714866419985055,23.213333333333335,-0.433883739117558,-0.9009688679024191,0.8660254037844387,-0.4999999999999998,0.9106046300942162,-0.4132786077829042,25.9,25.2
2019-04-27,Jharkhand,ER,23.80039349,86.41998572,25.9,2019,4,5,117,1,0,33.2,51,23.9,22.2,24.5,23.300000000000004,1.6196707484341684,23.26,-0.9749279121818236,-0.2225209339563146,0.8660254037844387,-0.4999999999999998,0.9033558023246845,-0.4288919379124835,24.1,26.6
2019-04-28,Jharkhand,ER,23.80039349,86.41998572,24.1,2019,4,6,118,1,0,33.3,40,25.9,21.0,23.6,23.742857142857144,1.2726051271010042,23.276666666666667,-0.7818314824680299,0.6234898018587334,0.8660254037844387,-0.4999999999999998,0.895839290734909,-0.4443781781046132,25.1,24.1
2019-04-29,Jharkhand,ER,23.80039349,86.41998572,25.1,2019,4,0,119,0,0,33.5,24,24.1,22.1,24.7,24.17142857142857,1.1235572759681172,23.29,0.0,1.0,0.8660254037844387,-0.4999999999999998,0.8880573226294932,-0.45973273945210397,24.0,22.4
2019-04-30,Jharkhand,ER,23.80039349,86.41998572,24.0,2019,4,1,120,0,0,33.7,38,25.1,22.3,23.1,24.414285714285715,0.7840675383931178,23.319999999999997,0.7818314824680298,0.6234898018587336,0.8660254037844387,-0.4999999999999998,0.8800122039735357,-0.47495107206704995,25.1,21.8
2019-05-02,Jharkhand,ER,23.80039349,86.41998572,25.1,2019,5,3,122,0,0,31.0,60,24.0,23.8,23.9,24.599999999999998,0.7681145747868179,23.36,0.43388373911755823,-0.900968867902419,0.49999999999999994,-0.8660254037844387,0.8631421280499114,-0.5049610547215204,24.5,22.1
2019-05-03,Jharkhand,ER,23.80039349,86.41998572,24.5,2019,5,4,123,0,0,26.6,85,25.1,24.1,23.8,24.657142857142855,0.7390470053997977,23.383333333333333,-0.433883739117558,-0.9009688679024191,0.49999999999999994,-0.8660254037844387,0.854322169749827,-0.5197438121555155,25.2,20.1
2019-05-04,Jharkhand,ER,23.80039349,86.41998572,25.2,2019,5,5,124,1,0,25.9,79,24.5,23.9,23.8,24.842857142857145,0.6778818551368202,23.43,-0.9749279121818236,-0.2225209339563146,0.49999999999999994,-0.8660254037844387,0.8452490573530633,-0.5343725582809786,26.6,19.0
2019-05-05,Jharkhand,ER,23.80039349,86.41998572,26.6,2019,5,6,125,1,0,28.9,65,25.2,25.9,23.8,24.942857142857143,0.8810167286666027,23.523333333333333,-0.7818314824680299,0.6234898018587334,0.49999999999999994,-0.8660254037844387,0.8359254794186372,-0.548842958284719,24.1,27.1
2019-05-06,Jharkhand,ER,23.80039349,86.41998572,24.1,2019,5,0,126,0,0,29.3,53,26.6,24.1,24.0,24.942857142857143,0.8810167286666027,23.526666666666664,0.0,1.0,0.49999999999999994,-0.8660254037844387,0.8263541987239096,-0.5631507242749186,22.4,24.8
2019-05-07,Jharkhand,ER,23.80039349,86.41998572,22.4,2019,5,1,127,0,0,29.6,42,24.1,25.1,18.7,24.557142857142857,1.2946777499402748,23.65,0.7818314824680298,0.6234898018587336,0.49999999999999994,-0.8660254037844387,0.8165380514459161,-0.5772916165517272,21.8,22.5
2019-05-08,Jharkhand,ER,23.80039349,86.41998572,21.8,2019,5,2,128,0,0,30.0,48,22.4,24.0,21.1,24.242857142857144,1.6661904081438053,23.673333333333336,0.9749279121818236,-0.22252093395631434,0.49999999999999994,-0.8660254037844387,0.8064799463209448,-0.5912614448635781,22.1,22.7
2019-05-09,Jharkhand,ER,23.80039349,86.41998572,22.1,2019,5,3,129,0,0,31.0,38,21.8,25.1,21.1,23.814285714285717,1.7901848800506215,23.706666666666667,0.43388373911755823,-0.900968867902419,0.49999999999999994,-0.8660254037844387,0.7961828637826158,-0.6050560696488488,20.1,23.2
2019-05-10,Jharkhand,ER,23.80039349,86.41998572,20.1,2019,5,4,130,0,0,31.2,38,22.1,24.5,20.7,23.185714285714287,2.2281745678384066,23.686666666666667,-0.433883739117558,-0.9009688679024191,0.49999999999999994,-0.8660254037844387,0.7856498550787147,-0.6186714032625031,19.0,22.2
2019-05-11,Jharkhand,ER,23.80039349,86.41998572,19.0,2019,5,5,131,1,0,31.0,42,20.1,25.2,21.0,22.3,2.5086516962969,23.62,-0.9749279121818236,-0.2225209339563146,0.49999999999999994,-0.8660254037844387,0.7748840413670407,-0.6321034111873487,27.1,21.8
2019-05-12,Jharkhand,ER,23.80039349,86.41998572,27.1,2019,5,6,132,1,0,31.4,48,19.0,26.6,23.3,22.37142857142857,2.6543764400917715,23.746666666666666,-0.7818314824680299,0.6234898018587334,0.49999999999999994,-0.8660254037844387,0.7638886127905428,-0.6453481132295501,24.8,23.4
2019-05-13,Jharkhand,ER,23.80039349,86.41998572,24.8,2019,5,0,133,0,0,31.1,53,27.1,24.1,22.9,22.47142857142857,2.7420881858626642,23.810000000000002,0.0,1.0,0.49999999999999994,-0.8660254037844387,0.7526668275320085,-0.6584015846980488,22.5,24.1
2019-05-14,Jharkhand,ER,23.80039349,86.41998572,22.5,2019,5,1,134,0,0,29.8,64,24.8,22.4,25.3,22.485714285714288,2.741914520566828,23.716666666666665,0.7818314824680298,0.6234898018587336,0.49999999999999994,-0.8660254037844387,0.7412220108485958,-0.6712599575675313,22.7,25.1
2019-05-15,Jharkhand,ER,23.80039349,86.41998572,22.7,2019,5,2,135,0,0,29.7,67,22.5,21.8,25.6,22.61428571428571,2.7254532170072587,23.619999999999997,0.9749279121818236,-0.22252093395631434,0.49999999999999994,-0.8660254037844387,0.7295575540864875,-0.6839194216246106,23.2,26.5
2019-05-16,Jharkhand,ER,23.80039349,86.41998572,23.2,2019,5,3,136,0,0,31.2,57,22.7,22.1,24.3,22.771428571428572,2.7225688149945686,23.583333333333332,0.43388373911755823,-0.900968867902419,0.49999999999999994,-0.8660254037844387,0.717676913675962,-0.6963762255968722,22.2,27.4
2019-05-17,Jharkhand,ER,23.80039349,86.41998572,22.2,2019,5,4,137,0,0,32.5,47,23.2,20.1,21.6,23.071428571428573,2.4844276911153864,23.603333333333335,-0.433883739117558,-0.9009688679024191,0.49999999999999994,-0.8660254037844387,0.705583610107178,-0.7086266782644596,21.8,27.4
2019-05-18,Jharkhand,ER,23.80039349,86.41998572,21.8,2019,5,5,138,1,1,32.9,46,22.2,19.0,25.2,23.47142857142857,1.8687913078727996,23.490000000000002,-0.9749279121818236,-0.2225209339563146,0.49999999999999994,-0.8660254037844387,0.6932812268869777,-0.7206671495538609,23.4,26.5
2019-05-19,Jharkhand,ER,23.80039349,86.41998572,23.4,2019,5,6,139,1,0,33.1,35,21.8,27.1,25.3,22.942857142857147,0.9863352081605509,23.426666666666666,-0.7818314824680299,0.6234898018587334,0.49999999999999994,-0.8660254037844387,0.6807734094770161,-0.7324940716135789,24.1,21.5
2019-05-20,Jharkhand,ER,23.80039349,86.41998572,24.1,2019,5,0,140,0,0,32.6,50,23.4,24.8,25.7,22.842857142857145,0.7807200583588104,23.373333333333335,0.0,1.0,0.49999999999999994,-0.8660254037844387,0.6680638642135335,-0.7441039398713607,25.1,23.2
2019-05-21,Jharkhand,ER,23.80039349,86.41998572,25.1,2019,5,1,141,0,0,33.6,49,24.1,22.5,22.2,23.214285714285715,1.1305287427107793,23.470000000000002,0.7818314824680298,0.6234898018587336,0.49999999999999994,-0.8660254037844387,0.6551563572090853,-0.7554933140726803,26.5,23.9
2019-05-22,Jharkhand,ER,23.80039349,86.41998572,26.5,2019,5,2,142,0,0,34.1,46,25.1,22.7,21.0,23.75714285714286,1.6399767710317696,23.653333333333332,0.9749279121818236,-0.22252093395631434,0.49999999999999994,-0.8660254037844387,0.6420547132365637,-0.766658819300159,27.4,24.2
2019-05-23,Jharkhand,ER,23.80039349,86.41998572,27.4,2019,5,3,143,0,0,32.4,58,26.5,23.2,22.1,24.357142857142858,2.104643392483342,23.83,0.43388373911755823,-0.900968867902419,0.49999999999999994,-0.8660254037844387,0.6287628145958344,-0.7775971469736269,27.4,23.2
2019-05-24,Jharkhand,ER,23.80039349,86.41998572,27.4,2019,5,4,144,0,0,33.1,54,27.4,22.2,22.3,25.099999999999998,2.1338541031038933,24.0,-0.433883739117558,-0.9009688679024191,0.49999999999999994,-0.8660254037844387,0.6152845999633276,-0.7883050558305255,26.5,23.7
2019-05-25,Jharkhand,ER,23.80039349,86.41998572,26.5,2019,5,5,145,1,0,32.1,64,27.4,21.8,23.8,25.77142857142857,1.593438928559114,24.089999999999996,-0.9749279121818236,-0.2225209339563146,0.49999999999999994,-0.8660254037844387,0.6016240632249226,-0.7987793728863649,21.5,23.0
2019-05-26,Jharkhand,ER,23.80039349,86.41998572,21.5,2019,5,6,146,1,0,33.8,45,26.5,23.4,24.1,25.5,2.134635019544714,24.003333333333334,-0.7818314824680299,0.6234898018587334,0.49999999999999994,-0.8660254037844387,0.5877852522924732,-0.8090169943749473,23.2,22.4
2019-05-27,Jharkhand,ER,23.80039349,86.41998572,23.2,2019,5,0,147,0,0,33.6,43,21.5,24.1,23.9,25.37142857142857,2.2566304421373355,23.98,0.0,1.0,0.49999999999999994,-0.8660254037844387,0.5737722679043246,-0.8190148866680801,23.9,23.9
2019-05-28,Jharkhand,ER,23.80039349,86.41998572,23.9,2019,5,1,148,0,0,34.3,38,23.2,25.1,25.9,25.2,2.3252240035460368,23.913333333333334,0.7818314824680298,0.6234898018587336,0.49999999999999994,-0.8660254037844387,0.5595892624101765,-0.8287700871745038,24.2,23.6
2019-05-29,Jharkhand,ER,23.80039349,86.41998572,24.2,2019,5,2,149,0,0,34.3,46,23.9,26.5,24.1,24.87142857142857,2.272820777297294,23.916666666666668,0.9749279121818236,-0.22252093395631434,0.49999999999999994,-0.8660254037844387,0.545240438540651,-0.8382797052177744,23.2,20.0
2019-05-30,Jharkhand,ER,23.80039349,86.41998572,23.2,2019,5,3,150,0,0,34.3,51,24.2,27.4,25.1,24.27142857142857,2.0361027198337203,23.853333333333335,0.43388373911755823,-0.900968867902419,0.49999999999999994,-0.8660254037844387,0.5307300481619334,-0.8475409228928311,23.7,19.9
2019-05-31,Jharkhand,ER,23.80039349,86.41998572,23.7,2019,5,4,151,0,0,32.3,63,23.2,27.4,24.0,23.742857142857144,1.497617154968895,23.843333333333337,-0.433883739117558,-0.9009688679024191,0.49999999999999994,-0.8660254037844387,0.5160623910158528,-0.8565509959010036,23.0,22.9
2019-06-02,Jharkhand,ER,23.80039349,86.41998572,23.0,2019,6,6,153,1,0,30.4,73,23.7,26.5,25.1,23.24285714285714,0.8810167286666346,23.773333333333333,-0.7818314824680299,0.6234898018587334,1.2246467991473532e-16,-1.0,0.48627270710868997,-0.8738071036110808,22.4,24.5
2019-06-03,Jharkhand,ER,23.80039349,86.41998572,22.4,2019,6,0,154,0,0,30.4,66,23.0,21.5,24.5,23.371428571428567,0.6074928962939424,23.703333333333333,0.0,1.0,1.2246467991473532e-16,-1.0,0.4711595076738638,-0.8820480249558537,23.9,22.8
2019-06-04,Jharkhand,ER,23.80039349,86.41998572,23.9,2019,6,1,155,0,0,29.9,71,22.4,23.2,25.2,23.471428571428568,0.6317021600783098,23.66,0.7818314824680298,0.6234898018587336,1.2246467991473532e-16,-1.0,0.4559066935084588,-0.8900275764346767,23.6,24.5
2019-06-05,Jharkhand,ER,23.80039349,86.41998572,23.6,2019,6,2,156,0,1,28.9,80,23.9,23.9,26.6,23.428571428571427,0.6074928962939427,23.56,0.9749279121818236,-0.22252093395631434,1.2246467991473532e-16,-1.0,0.440518784350495,-0.8977433935342337,20.0,24.5
2019-06-06,Jharkhand,ER,23.80039349,86.41998572,20.0,2019,6,3,157,0,0,29.8,72,23.6,24.2,24.1,22.82857142857143,1.345008408541597,23.423333333333336,0.43388373911755823,-0.900968867902419,1.2246467991473532e-16,-1.0,0.42500033996955416,-0.9051931898913974,19.9,24.6
2019-06-07,Jharkhand,ER,23.80039349,86.41998572,19.9,2019,6,4,158,0,0,30.4,67,20.0,23.2,22.4,22.357142857142858,1.7193575765937854,23.339999999999996,-0.433883739117558,-0.9009688679024191,1.2246467991473532e-16,-1.0,0.4093559588156213,-0.9123747579707273,22.9,22.7
2019-06-08,Jharkhand,ER,23.80039349,86.41998572,22.9,2019,6,5,159,1,0,31.0,67,19.9,23.7,21.8,22.24285714285714,1.639976771031769,23.376666666666665,-0.9749279121818236,-0.2225209339563146,1.2246467991473532e-16,-1.0,0.39359027665646673,-0.9192859697186104,24.5,23.5
2019-06-09,Jharkhand,ER,23.80039349,86.41998572,24.5,2019,6,6,160,1,0,32.9,59,22.9,23.0,22.1,22.457142857142856,1.841065943828137,23.456666666666663,-0.7818314824680299,0.6234898018587334,1.2246467991473532e-16,-1.0,0.3777079652039649,-0.9259247771938498,22.8,22.3
2019-06-10,Jharkhand,ER,23.80039349,86.41998572,22.8,2019,6,0,161,0,0,33.7,61,24.5,22.4,20.1,22.514285714285716,1.8451996923807148,23.546666666666667,0.0,1.0,1.2246467991473532e-16,-1.0,0.36171373072976765,-0.9322892131745133,24.5,28.4
2019-06-11,Jharkhand,ER,23.80039349,86.41998572,24.5,2019,6,1,162,0,0,33.6,62,22.8,23.9,19.0,22.6,1.9321835661585869,23.73,0.7818314824680298,0.6234898018587336,1.2246467991473532e-16,-1.0,0.3456123126707335,-0.9383773917408641,24.5,28.432999999999996
2019-06-12,Jharkhand,ER,23.80039349,86.41998572,24.5,2019,6,2,163,0,0,32.1,72,24.5,23.6,27.1,22.72857142857143,2.036921112622578,23.643333333333334,0.9749279121818236,-0.22252093395631434,1.2246467991473532e-16,-1.0,0.3294084822245304,-0.9441875088341993,24.6,27.5
2019-06-13,Jharkhand,ER,23.80039349,86.41998572,24.6,2019,6,3,164,0,0,32.1,71,24.5,20.0,24.8,23.38571428571429,1.7286107827082493,23.636666666666667,0.43388373911755823,-0.900968867902419,1.2246467991473532e-16,-1.0,0.3131070409358269,-0.9497178427914316,22.7,25.2
2019-06-14,Jharkhand,ER,23.80039349,86.41998572,22.7,2019,6,4,165,0,0,34.2,56,24.6,19.9,22.5,23.785714285714285,0.9245333443212821,23.64333333333333,-0.433883739117558,-0.9009688679024191,1.2246467991473532e-16,-1.0,0.29671281927349075,-0.9549667548552551,23.5,26.0
2019-06-15,Jharkhand,ER,23.80039349,86.41998572,23.5,2019,6,5,166,1,0,36.7,41,22.7,22.9,22.7,23.87142857142857,0.853842853836471,23.67,-0.9749279121818236,-0.2225209339563146,1.2246467991473532e-16,-1.0,0.28023067519921585,-0.9599326896597447,22.3,26.0
2019-06-16,Jharkhand,ER,23.80039349,86.41998572,22.3,2019,6,6,167,1,0,37.5,36,23.5,24.5,23.2,23.557142857142857,0.9795528620364492,23.64,-0.7818314824680299,0.6234898018587334,1.2246467991473532e-16,-1.0,0.26366549272800704,-0.9646141756912435,28.4,26.2
2019-06-17,Jharkhand,ER,23.80039349,86.41998572,28.4,2019,6,0,168,0,0,36.1,40,22.3,22.8,22.2,24.357142857142858,2.0065369361640126,23.846666666666668,0.0,1.0,1.2246467991473532e-16,-1.0,0.24702218048093552,-0.9690098257244062,28.432999999999996,25.3
2019-06-18,Jharkhand,ER,23.80039349,86.41998572,28.432999999999996,2019,6,1,169,0,0,34.3,47,28.4,24.5,21.8,24.919,2.534415185665781,24.067766666666667,0.7818314824680298,0.6234898018587336,1.2246467991473532e-16,-1.0,0.23030567023061221,-0.9731183372332619,27.5,26.2
2019-06-19,Jharkhand,ER,23.80039349,86.41998572,27.5,2019,6,2,170,0,0,33.2,56,28.432999999999996,24.5,23.4,25.347571428571428,2.699995299819539,24.204433333333334,0.9749279121818236,-0.22252093395631434,1.2246467991473532e-16,-1.0,0.21352091543979612,-0.9769384927771817,25.2,25.9
2019-06-20,Jharkhand,ER,23.80039349,86.41998572,25.2,2019,6,3,171,0,0,31.3,68,27.5,24.6,24.1,25.433285714285713,2.6817697337321653,24.2411,0.43388373911755823,-0.900968867902419,1.2246467991473532e-16,-1.0,0.19667288979357647,-0.980469160361632,26.0,25.6
2019-06-21,Jharkhand,ER,23.80039349,86.41998572,26.0,2019,6,4,172,0,0,29.0,82,25.2,22.7,25.1,25.904714285714284,2.3960360816903172,24.271099999999997,-0.433883739117558,-0.9009688679024191,1.2246467991473532e-16,-1.0,0.1797665857255624,-0.9837092937736097,26.0,26.0
2019-06-22,Jharkhand,ER,23.80039349,86.41998572,26.0,2019,6,5,173,1,0,27.7,85,26.0,23.5,26.5,26.261857142857142,2.151724303016179,24.25443333333333,-0.9749279121818236,-0.2225209339563146,1.2246467991473532e-16,-1.0,0.16280701293851715,-0.986657932891657,26.2,26.4
2019-06-23,Jharkhand,ER,23.80039349,86.41998572,26.2,2019,6,6,174,1,0,29.3,77,26.0,22.3,27.4,26.819,1.2854416880330748,24.214433333333332,-0.7818314824680299,0.6234898018587334,1.2246467991473532e-16,-1.0,0.1457991969198751,-0.9893142039703663,25.3,26.6
2019-06-24,Jharkhand,ER,23.80039349,86.41998572,25.3,2019,6,0,175,0,0,30.6,71,26.2,28.4,27.4,26.376142857142856,1.1796259899605737,24.144433333333332,0.0,1.0,1.2246467991473532e-16,-1.0,0.12874817745258132,-0.99167731989929,26.2,22.1
2019-06-25,Jharkhand,ER,23.80039349,86.41998572,26.2,2019,6,1,176,0,0,32.6,60,25.3,28.432999999999996,26.5,26.057142857142853,0.7568732673685415,24.134433333333334,0.7818314824680298,0.6234898018587336,1.2246467991473532e-16,-1.0,0.11165900712169512,-0.993746580436178,25.9,24.2
2019-06-26,Jharkhand,ER,23.80039349,86.41998572,25.9,2019,6,2,177,0,0,32.0,66,26.2,27.5,21.5,25.828571428571426,0.41115400891589,24.2811,0.9749279121818236,-0.22252093395631434,1.2246467991473532e-16,-1.0,0.09453674981719912,-0.9955213724144752,25.6,26.2
2019-06-27,Jharkhand,ER,23.80039349,86.41998572,25.6,2019,6,3,178,0,0,30.5,74,25.9,25.2,23.2,25.885714285714283,0.3287784027201702,24.3611,0.43388373911755823,-0.900968867902419,1.2246467991473532e-16,-1.0,0.07738647923346301,-0.9970011699250151,26.0,25.8
2019-06-28,Jharkhand,ER,23.80039349,86.41998572,26.0,2019,6,4,179,0,0,31.4,72,25.6,26.0,23.9,25.885714285714283,0.3287784027201702,24.4311,-0.433883739117558,-0.9009688679024191,1.2246467991473532e-16,-1.0,0.06021327736579302,-0.9981855344718586,26.4,24.8
2019-06-29,Jharkhand,ER,23.80039349,86.41998572,26.4,2019,6,5,180,1,0,30.4,71,26.0,26.0,24.2,25.942857142857143,0.38234863173609535,24.50443333333333,-0.9749279121818236,-0.2225209339563146,1.2246467991473532e-16,-1.0,0.04302223300453059,-0.99907411510223,26.6,24.7
2019-06-30,Jharkhand,ER,23.80039349,86.41998572,26.6,2019,6,6,181,1,0,30.4,75,26.4,26.2,23.2,26.0,0.4509249752822767,24.617766666666668,-0.7818314824680299,0.6234898018587334,1.2246467991473532e-16,-1.0,0.02581844022713308,-0.9996666485105112,22.1,23.0
2019-07-01,Jharkhand,ER,23.80039349,86.41998572,22.1,2019,7,0,182,0,0,29.5,79,26.6,25.3,23.7,25.542857142857144,1.5533374207998503,24.564433333333334,0.0,1.0,-0.4999999999999997,-0.8660254037844388,0.008606996888688698,-0.9999629591162655,24.2,23.5
2019-07-02,Jharkhand,ER,23.80039349,86.41998572,24.2,2019,7,1,183,0,0,27.8,85,22.1,26.2,23.0,25.25714285714286,1.5956786882673049,24.60443333333333,0.7818314824680298,0.6234898018587336,-0.4999999999999997,-0.8660254037844388,-0.008606996888688009,-0.9999629591162655,26.2,19.700000000000003
2019-07-03,Jharkhand,ER,23.80039349,86.41998572,26.2,2019,7,2,184,0,0,28.2,84,24.2,25.9,22.4,25.300000000000004,1.6196707484341761,24.7311,0.9749279121818236,-0.22252093395631434,-0.4999999999999997,-0.8660254037844388,-0.02581844022713239,-0.9996666485105112,25.8,20.05
2019-07-04,Jharkhand,ER,23.80039349,86.41998572,25.8,2019,7,3,185,0,0,29.2,79,26.2,25.6,23.9,25.328571428571426,1.6275895118387835,24.794433333333334,0.43388373911755823,-0.900968867902419,-0.4999999999999997,-0.8660254037844388,-0.04302223300453034,-0.99907411510223,24.8,23.05
2019-07-05,Jharkhand,ER,23.80039349,86.41998572,24.8,2019,7,4,186,0,0,29.0,79,25.8,26.0,23.6,25.157142857142862,1.6081636969508009,24.834433333333333,-0.433883739117558,-0.9009688679024191,-0.4999999999999997,-0.8660254037844388,-0.060213277365792774,-0.9981855344718586,24.7,24.0
2019-07-06,Jharkhand,ER,23.80039349,86.41998572,24.7,2019,7,5,187,1,0,27.3,86,24.8,26.4,20.0,24.914285714285715,1.5148471555777163,24.9911,-0.9749279121818236,-0.2225209339563146,-0.4999999999999997,-0.8660254037844388,-0.07738647923346322,-0.9970011699250151,23.0,24.3
2019-07-07,Jharkhand,ER,23.80039349,86.41998572,23.0,2019,7,6,188,1,0,27.7,86,24.7,26.6,19.9,24.400000000000002,1.4571661996262915,25.09443333333333,-0.7818314824680299,0.6234898018587334,-0.4999999999999997,-0.8660254037844388,-0.09453674981719933,-0.9955213724144752,23.5,24.2
2019-07-08,Jharkhand,ER,23.80039349,86.41998572,23.5,2019,7,0,189,0,0,28.1,83,23.0,22.1,22.9,24.599999999999998,1.1532562594670779,25.114433333333334,0.0,1.0,-0.4999999999999997,-0.8660254037844388,-0.11165900712169444,-0.9937465804361781,19.700000000000003,24.6
2019-07-09,Jharkhand,ER,23.80039349,86.41998572,19.700000000000003,2019,7,1,190,0,0,27.9,86,23.5,24.2,24.5,23.95714285714286,2.1961004400657855,24.954433333333334,0.7818314824680298,0.6234898018587336,-0.4999999999999997,-0.8660254037844388,-0.12874817745258066,-0.99167731989929,20.05,24.1
2019-07-10,Jharkhand,ER,23.80039349,86.41998572,20.05,2019,7,2,191,0,0,28.5,82,19.700000000000003,26.2,22.8,23.078571428571426,2.372385779276693,24.862766666666666,0.9749279121818236,-0.22252093395631434,-0.4999999999999997,-0.8660254037844388,-0.14579919691987442,-0.9893142039703664,23.05,20.6
2019-07-11,Jharkhand,ER,23.80039349,86.41998572,23.05,2019,7,3,192,0,0,28.9,81,20.05,25.8,24.5,22.685714285714287,2.0527855639176167,24.814433333333334,0.43388373911755823,-0.900968867902419,-0.4999999999999997,-0.8660254037844388,-0.16280701293851646,-0.9866579328916572,24.0,22.4
2019-07-12,Jharkhand,ER,23.80039349,86.41998572,24.0,2019,7,4,193,0,0,29.1,79,23.05,24.8,24.5,22.571428571428573,1.9343080465757296,24.797766666666668,-0.433883739117558,-0.9009688679024191,-0.4999999999999997,-0.8660254037844388,-0.17976658572556214,-0.9837092937736098,24.3,23.6
2019-07-13,Jharkhand,ER,23.80039349,86.41998572,24.3,2019,7,5,194,1,0,30.4,69,24.0,24.7,24.6,22.514285714285716,1.8656353443519542,24.787766666666663,-0.9749279121818236,-0.2225209339563146,-0.4999999999999997,-0.8660254037844388,-0.19667288979357622,-0.9804691603616321,24.2,21.9
2019-07-14,Jharkhand,ER,23.80039349,86.41998572,24.2,2019,7,6,195,1,0,31.0,66,24.3,23.0,22.7,22.685714285714287,1.9699226477441274,24.837766666666667,-0.7818314824680299,0.6234898018587334,-0.4999999999999997,-0.8660254037844388,-0.2135209154397959,-0.9769384927771817,24.6,21.2
2019-07-15,Jharkhand,ER,23.80039349,86.41998572,24.6,2019,7,0,196,0,0,30.7,68,24.2,23.5,23.5,22.842857142857145,2.0861504762417797,24.874433333333336,0.0,1.0,-0.4999999999999997,-0.8660254037844388,-0.23030567023061196,-0.973118337233262,24.1,22.6
2019-07-16,Jharkhand,ER,23.80039349,86.41998572,24.1,2019,7,1,197,0,0,30.4,71,24.6,19.700000000000003,22.3,23.471428571428568,1.5837342850725569,24.93443333333333,0.7818314824680298,0.6234898018587336,-0.4999999999999997,-0.8660254037844388,-0.24702218048093527,-0.9690098257244063,20.6,22.9
2019-07-17,Jharkhand,ER,23.80039349,86.41998572,20.6,2019,7,2,198,0,0,29.8,76,24.1,20.05,28.4,23.550000000000004,1.3871433475552062,24.674433333333333,0.9749279121818236,-0.22252093395631434,-0.4999999999999997,-0.8660254037844388,-0.2636654927280072,-0.9646141756912435,22.4,22.0
2019-07-18,Jharkhand,ER,23.80039349,86.41998572,22.4,2019,7,3,199,0,0,30.4,75,20.6,23.05,28.432999999999996,23.457142857142856,1.4466710555123234,24.473333333333333,0.43388373911755823,-0.900968867902419,-0.4999999999999997,-0.8660254037844388,-0.2802306751992161,-0.9599326896597445,23.6,22.9
2019-07-19,Jharkhand,ER,23.80039349,86.41998572,23.6,2019,7,4,200,0,0,30.3,75,22.4,24.0,27.5,23.400000000000002,1.4294521094927701,24.34333333333333,-0.433883739117558,-0.9009688679024191,-0.4999999999999997,-0.8660254037844388,-0.2967128192734901,-0.9549667548552553,21.9,22.1
2019-07-20,Jharkhand,ER,23.80039349,86.41998572,21.9,2019,7,5,201,1,0,30.1,72,23.6,24.3,25.2,23.057142857142853,1.4649882170824695,24.233333333333334,-0.9749279121818236,-0.2225209339563146,-0.4999999999999997,-0.8660254037844388,-0.3131070409358267,-0.9497178427914317,21.2,23.0
2019-07-21,Jharkhand,ER,23.80039349,86.41998572,21.2,2019,7,6,202,1,0,30.9,67,21.9,24.2,26.0,22.62857142857143,1.5129598867939682,24.073333333333334,-0.7818314824680299,0.6234898018587334,-0.4999999999999997,-0.8660254037844388,-0.3294084822245302,-0.9441875088341994,22.6,22.3
2019-07-22,Jharkhand,ER,23.80039349,86.41998572,22.6,2019,7,0,203,0,0,30.3,74,21.2,24.6,26.0,22.342857142857145,1.2434590770067482,23.96,0.0,1.0,-0.4999999999999997,-0.8660254037844388,-0.3456123126707333,-0.9383773917408642,22.9,22.9
2019-07-23,Jharkhand,ER,23.80039349,86.41998572,22.9,2019,7,1,204,0,0,29.6,78,22.6,24.1,26.2,22.171428571428574,1.024230256850293,23.85,0.7818314824680298,0.6234898018587336,-0.4999999999999997,-0.8660254037844388,-0.3617137307297674,-0.9322892131745134,22.0,23.7
2019-07-24,Jharkhand,ER,23.80039349,86.41998572,22.0,2019,7,2,205,0,0,28.1,88,22.9,20.6,25.3,22.37142857142857,0.7718252948137182,23.740000000000002,0.9749279121818236,-0.22252093395631434,-0.4999999999999997,-0.8660254037844388,-0.37770796520396466,-0.9259247771938499,22.9,27.2
2019-07-25,Jharkhand,ER,23.80039349,86.41998572,22.9,2019,7,3,206,0,0,27.5,89,22.0,22.4,26.2,22.442857142857147,0.797615493950859,23.63,0.43388373911755823,-0.900968867902419,-0.4999999999999997,-0.8660254037844388,-0.39359027665646645,-0.9192859697186105,22.1,27.3
2019-07-26,Jharkhand,ER,23.80039349,86.41998572,22.1,2019,7,4,207,0,0,26.9,91,22.9,23.6,25.9,22.228571428571428,0.6156684327197688,23.503333333333334,-0.433883739117558,-0.9009688679024191,-0.4999999999999997,-0.8660254037844388,-0.4093559588156211,-0.9123747579707274,23.0,26.6
2019-07-27,Jharkhand,ER,23.80039349,86.41998572,23.0,2019,7,5,208,1,0,26.3,91,22.1,21.9,25.6,22.38571428571429,0.6568322247184339,23.416666666666668,-0.9749279121818236,-0.2225209339563146,-0.4999999999999997,-0.8660254037844388,-0.42500033996955394,-0.9051931898913975,22.3,25.6
2019-07-28,Jharkhand,ER,23.80039349,86.41998572,22.3,2019,7,6,209,1,0,26.9,89,23.0,21.2,26.0,22.54285714285714,0.4117326918327028,23.293333333333333,-0.7818314824680299,0.6234898018587334,-0.4999999999999997,-0.8660254037844388,-0.4405187843504952,-0.8977433935342336,22.9,22.8
2019-07-29,Jharkhand,ER,23.80039349,86.41998572,22.9,2019,7,0,210,0,0,26.7,88,22.3,22.6,26.4,22.585714285714285,0.4336994790119437,23.17666666666667,0.0,1.0,-0.4999999999999997,-0.8660254037844388,-0.455906693508459,-0.8900275764346766,23.7,21.0
2019-07-30,Jharkhand,ER,23.80039349,86.41998572,23.7,2019,7,1,211,0,0,27.3,82,22.9,22.9,26.6,22.699999999999996,0.6027713773341644,23.08,0.7818314824680298,0.6234898018587336,-0.4999999999999997,-0.8660254037844388,-0.47115950767386394,-0.8820480249558535,27.2,24.0
2019-07-31,Jharkhand,ER,23.80039349,86.41998572,27.2,2019,7,2,212,0,0,28.1,77,23.7,22.0,22.1,23.442857142857143,1.7357583768650315,23.25,0.9749279121818236,-0.22252093395631434,-0.4999999999999997,-0.8660254037844388,-0.4862727071086902,-0.8738071036110807,27.3,26.3
2019-08-01,Jharkhand,ER,23.80039349,86.41998572,27.3,2019,8,3,213,0,0,28.0,78,27.2,22.9,24.2,24.071428571428573,2.2321247618314106,23.353333333333335,0.43388373911755823,-0.900968867902419,-0.8660254037844385,-0.5000000000000004,-0.5012418134457756,-0.8653072543632061,26.6,26.9
2019-08-02,Jharkhand,ER,23.80039349,86.41998572,26.6,2019,8,4,214,0,0,28.1,84,27.3,22.1,26.2,24.714285714285715,2.2176778932241743,23.366666666666667,-0.433883739117558,-0.9009688679024191,-0.8660254037844385,-0.5000000000000004,-0.5160623910158526,-0.8565509959010037,25.6,26.5
2019-08-03,Jharkhand,ER,23.80039349,86.41998572,25.6,2019,8,5,215,1,0,27.8,86,26.6,23.0,25.8,25.085714285714285,2.0971636173878303,23.360000000000003,-0.9749279121818236,-0.2225209339563146,-0.8660254037844385,-0.5000000000000004,-0.5307300481619331,-0.8475409228928312,22.8,19.3
2019-08-04,Jharkhand,ER,23.80039349,86.41998572,22.8,2019,8,6,216,1,0,28.6,85,25.6,22.3,24.8,25.157142857142862,1.9923663843590065,23.293333333333333,-0.7818314824680299,0.6234898018587334,-0.8660254037844385,-0.5000000000000004,-0.5452404385406507,-0.8382797052177745,21.0,18.7
2019-08-05,Jharkhand,ER,23.80039349,86.41998572,21.0,2019,8,0,217,0,0,28.8,85,22.8,22.9,24.7,24.88571428571429,2.4320283519650587,23.17,0.0,1.0,-0.8660254037844385,-0.5000000000000004,-0.5595892624101763,-0.828770087174504,24.0,23.5
2019-08-06,Jharkhand,ER,23.80039349,86.41998572,24.0,2019,8,1,218,0,0,28.3,87,21.0,23.7,23.0,24.928571428571427,2.410196593443695,23.203333333333333,0.7818314824680298,0.6234898018587336,-0.8660254037844385,-0.5000000000000004,-0.5737722679043243,-0.8190148866680802,26.3,27.3
2019-08-08,Jharkhand,ER,23.80039349,86.41998572,26.3,2019,8,3,220,0,0,26.3,93,24.0,27.2,23.5,24.8,2.289832599412741,23.29666666666667,0.43388373911755823,-0.900968867902419,-0.8660254037844385,-0.5000000000000004,-0.6016240632249227,-0.7987793728863648,26.9,24.0
2019-08-09,Jharkhand,ER,23.80039349,86.41998572,26.9,2019,8,4,221,0,0,27.2,89,26.3,27.3,19.700000000000003,24.742857142857144,2.2210036341386568,23.53666666666667,-0.433883739117558,-0.9009688679024191,-0.8660254037844385,-0.5000000000000004,-0.6152845999633277,-0.7883050558305253,26.5,23.9
2019-08-10,Jharkhand,ER,23.80039349,86.41998572,26.5,2019,8,5,222,1,0,28.9,82,26.9,26.6,20.05,24.728571428571428,2.207347039407471,23.75166666666667,-0.9749279121818236,-0.2225209339563146,-0.8660254037844385,-0.5000000000000004,-0.6287628145958345,-0.7775971469736268,19.3,23.6
2019-08-11,Jharkhand,ER,23.80039349,86.41998572,19.3,2019,8,6,223,1,0,28.3,87,26.5,25.6,23.05,23.82857142857143,2.9516742625806383,23.626666666666665,-0.7818314824680299,0.6234898018587334,-0.8660254037844385,-0.5000000000000004,-0.6420547132365636,-0.7666588193001592,18.7,23.7
2019-08-12,Jharkhand,ER,23.80039349,86.41998572,18.7,2019,8,0,224,0,1,28.1,86,19.3,22.8,24.0,23.24285714285714,3.5382939122582564,23.45,0.0,1.0,-0.8660254037844385,-0.5000000000000004,-0.655156357209085,-0.7554933140726804,23.5,24.5
2019-08-13,Jharkhand,ER,23.80039349,86.41998572,23.5,2019,8,1,225,0,0,27.1,90,18.7,21.0,24.3,23.599999999999998,3.39754813554324,23.423333333333336,0.7818314824680298,0.6234898018587336,-0.8660254037844385,-0.5000000000000004,-0.6680638642135333,-0.7441039398713608,27.3,24.3
2019-08-14,Jharkhand,ER,23.80039349,86.41998572,27.3,2019,8,2,226,0,0,26.4,92,23.5,24.0,24.2,24.071428571428573,3.6795444852654815,23.526666666666664,0.9749279121818236,-0.22252093395631434,-0.8660254037844385,-0.5000000000000004,-0.6807734094770159,-0.7324940716135792,24.0,23.6
2019-08-15,Jharkhand,ER,23.80039349,86.41998572,24.0,2019,8,3,227,0,1,27.7,84,27.3,26.3,24.6,23.742857142857144,3.5477021402860873,23.506666666666664,0.43388373911755823,-0.900968867902419,-0.8660254037844385,-0.5000000000000004,-0.6932812268869771,-0.7206671495538615,23.9,22.4
2019-08-16,Jharkhand,ER,23.80039349,86.41998572,23.9,2019,8,4,228,0,0,27.9,84,24.0,26.9,24.1,23.314285714285713,3.2733410920284385,23.5,-0.433883739117558,-0.9009688679024191,-0.8660254037844385,-0.5000000000000004,-0.7055836101071774,-0.70862667826446,23.6,24.2
2019-08-17,Jharkhand,ER,23.80039349,86.41998572,23.6,2019,8,5,229,1,0,27.5,90,23.9,26.5,20.6,22.900000000000002,2.9726531359488795,23.6,-0.9749279121818236,-0.2225209339563146,-0.8660254037844385,-0.5000000000000004,-0.7176769136759615,-0.6963762255968726,23.7,23.9
2019-08-18,Jharkhand,ER,23.80039349,86.41998572,23.7,2019,8,6,230,1,0,26.3,92,23.6,19.3,22.4,23.52857142857143,2.514434519406098,23.643333333333334,-0.7818314824680299,0.6234898018587334,-0.8660254037844385,-0.5000000000000004,-0.7295575540864876,-0.6839194216246105,24.5,24.0
2019-08-19,Jharkhand,ER,23.80039349,86.41998572,24.5,2019,8,0,231,0,0,26.6,90,23.7,18.7,23.6,24.357142857142858,1.3389761547007262,23.673333333333336,0.0,1.0,-0.8660254037844385,-0.5000000000000004,-0.7412220108485957,-0.6712599575675315,24.3,24.6
2019-08-20,Jharkhand,ER,23.80039349,86.41998572,24.3,2019,8,1,232,0,0,28.1,85,24.5,23.5,21.9,24.47142857142857,1.2867456181057244,23.753333333333334,0.7818314824680298,0.6234898018587336,-0.8660254037844385,-0.5000000000000004,-0.7526668275320083,-0.6584015846980489,23.6,25.2
2019-08-21,Jharkhand,ER,23.80039349,86.41998572,23.6,2019,8,2,233,0,0,27.8,89,24.3,27.3,21.2,23.942857142857143,0.35050983275388015,23.833333333333332,0.9749279121818236,-0.22252093395631434,-0.8660254037844385,-0.5000000000000004,-0.7638886127905429,-0.64534811322955,22.4,25.3
2019-08-22,Jharkhand,ER,23.80039349,86.41998572,22.4,2019,8,3,234,0,0,28.7,83,23.6,24.0,22.6,23.714285714285715,0.6768273325562832,23.826666666666664,0.43388373911755823,-0.900968867902419,-0.8660254037844385,-0.5000000000000004,-0.7748840413670406,-0.6321034111873488,24.2,25.1
2019-08-23,Jharkhand,ER,23.80039349,86.41998572,24.2,2019,8,4,235,0,0,27.6,88,22.4,23.9,22.9,23.75714285714286,0.6996597812678845,23.87,-0.433883739117558,-0.9009688679024191,-0.8660254037844385,-0.5000000000000004,-0.7856498550787144,-0.6186714032625032,23.9,25.1
2019-08-24,Jharkhand,ER,23.80039349,86.41998572,23.9,2019,8,5,236,1,1,26.6,91,24.2,23.6,22.0,23.8,0.6976149845485546,23.933333333333334,-0.9749279121818236,-0.2225209339563146,-0.8660254037844385,-0.5000000000000004,-0.7961828637826154,-0.6050560696488494,24.0,25.4
2019-08-25,Jharkhand,ER,23.80039349,86.41998572,24.0,2019,8,6,237,1,0,25.9,91,23.9,23.7,22.9,23.842857142857145,0.6996597812678829,23.970000000000002,-0.7818314824680299,0.6234898018587334,-0.8660254037844385,-0.5000000000000004,-0.8064799463209447,-0.5912614448635782,24.6,26.2
2019-08-26,Jharkhand,ER,23.80039349,86.41998572,24.6,2019,8,0,238,0,0,26.6,90,24.0,24.5,22.1,23.857142857142858,0.7161404491139673,24.053333333333335,0.0,1.0,-0.8660254037844385,-0.5000000000000004,-0.8165380514459157,-0.5772916165517278,25.2,26.6
2019-08-27,Jharkhand,ER,23.80039349,86.41998572,25.2,2019,8,1,239,0,0,27.2,87,24.6,24.3,23.0,23.985714285714284,0.8725987459471731,24.126666666666665,0.7818314824680298,0.6234898018587336,-0.8660254037844385,-0.5000000000000004,-0.8263541987239094,-0.5631507242749187,25.3,25.7
2019-08-28,Jharkhand,ER,23.80039349,86.41998572,25.3,2019,8,2,240,0,0,27.5,87,25.2,23.6,22.3,24.228571428571428,0.9776064063386075,24.22666666666667,0.9749279121818236,-0.22252093395631434,-0.8660254037844385,-0.5000000000000004,-0.8359254794186365,-0.5488429582847199,25.1,26.4
2019-08-29,Jharkhand,ER,23.80039349,86.41998572,25.1,2019,8,3,241,0,0,27.6,88,25.3,22.4,22.9,24.61428571428571,0.5928141120356021,24.3,0.43388373911755823,-0.900968867902419,-0.8660254037844385,-0.5000000000000004,-0.8452490573530634,-0.5343725582809785,25.1,23.7
2019-08-30,Jharkhand,ER,23.80039349,86.41998572,25.1,2019,8,4,242,0,0,28.4,83,25.1,24.2,23.7,24.74285714285714,0.585540043769106,24.34666666666667,-0.433883739117558,-0.9009688679024191,-0.8660254037844385,-0.5000000000000004,-0.8543221697498269,-0.5197438121555157,25.4,24.5
2019-08-31,Jharkhand,ER,23.80039349,86.41998572,25.4,2019,8,5,243,1,0,28.2,83,25.1,23.9,27.2,24.957142857142856,0.4928053803045562,24.28666666666667,-0.9749279121818236,-0.2225209339563146,-0.8660254037844385,-0.5000000000000004,-0.8631421280499115,-0.5049610547215202,26.2,24.4
2019-09-01,Jharkhand,ER,23.80039349,86.41998572,26.2,2019,9,6,244,1,0,28.3,86,25.4,24.0,27.3,25.271428571428572,0.4820590756130581,24.25,-0.7818314824680299,0.6234898018587334,-1.0,-1.8369701987210297e-16,-0.8717063187093217,-0.4900286664290594,26.6,23.9
2019-09-02,Jharkhand,ER,23.80039349,86.41998572,26.6,2019,9,0,245,0,0,27.7,88,26.2,24.6,26.6,25.557142857142857,0.5968169536720879,24.25,0.0,1.0,-1.0,-1.8369701987210297e-16,-0.8800122039735356,-0.4749510720670502,25.7,22.9
2019-09-03,Jharkhand,ER,23.80039349,86.41998572,25.7,2019,9,1,246,0,0,27.6,87,26.6,25.2,25.6,25.62857142857143,0.5765248931146901,24.253333333333334,0.7818314824680298,0.6234898018587336,-1.0,-1.8369701987210297e-16,-0.888057322629493,-0.4597327394521046,26.4,23.3
2019-09-04,Jharkhand,ER,23.80039349,86.41998572,26.4,2019,9,2,247,0,0,27.0,89,25.7,25.3,22.8,25.785714285714285,0.6202917900164828,24.373333333333335,0.9749279121818236,-0.22252093395631434,-1.0,-1.8369701987210297e-16,-0.8958392907349089,-0.4443781781046134,23.7,26.4
2019-09-05,Jharkhand,ER,23.80039349,86.41998572,23.7,2019,9,3,248,0,0,27.4,89,26.4,25.1,21.0,25.585714285714285,0.9923517041663504,24.46333333333333,0.43388373911755823,-0.900968867902419,-1.0,-1.8369701987210297e-16,-0.9033558023246842,-0.4288919379124841,24.5,26.5
2019-09-06,Jharkhand,ER,23.80039349,86.41998572,24.5,2019,9,4,249,0,0,27.2,90,23.7,25.1,24.0,25.5,1.0645812948447344,24.48,-0.433883739117558,-0.9009688679024191,-1.0,-1.8369701987210297e-16,-0.9106046300942162,-0.41327860778290443,24.4,25.6
2019-09-08,Jharkhand,ER,23.80039349,86.41998572,24.4,2019,9,6,251,1,0,27.0,91,24.5,25.4,26.3,25.357142857142858,1.1443442705426428,24.416666666666668,-0.7818314824680299,0.6234898018587334,-1.0,-1.8369701987210297e-16,-0.9242907221930934,-0.3816892202666586,23.9,25.8
2019-09-09,Jharkhand,ER,23.80039349,86.41998572,23.9,2019,9,0,252,0,0,28.1,84,24.4,26.2,26.9,25.02857142857143,1.1912378515844744,24.316666666666666,0.0,1.0,-1.0,-1.8369701987210297e-16,-0.9307239310379793,-0.3657225234972692,22.9,26.1
2019-09-10,Jharkhand,ER,23.80039349,86.41998572,22.9,2019,9,1,253,0,1,27.9,87,23.9,26.6,26.5,24.5,1.1986103064243439,24.196666666666665,0.7818314824680298,0.6234898018587336,-1.0,-1.8369701987210297e-16,-0.9368813462954315,-0.34964745525122826,23.3,26.9
2019-09-11,Jharkhand,ER,23.80039349,86.41998572,23.3,2019,9,2,254,0,0,27.5,90,22.9,25.7,19.3,24.157142857142855,1.1399665826346905,24.33,0.9749279121818236,-0.22252093395631434,-1.0,-1.8369701987210297e-16,-0.9427611433904206,-0.33346877891818705,26.4,27.4
2019-09-12,Jharkhand,ER,23.80039349,86.41998572,26.4,2019,9,3,255,0,0,25.7,94,23.3,26.4,18.7,24.157142857142855,1.1399665826346905,24.586666666666666,0.43388373911755823,-0.900968867902419,-1.0,-1.8369701987210297e-16,-0.9483615800121716,-0.31719128858910595,26.5,24.6
2019-09-13,Jharkhand,ER,23.80039349,86.41998572,26.5,2019,9,4,256,0,0,26.5,92,26.4,23.7,23.5,24.557142857142857,1.4116859221714766,24.686666666666667,-0.433883739117558,-0.9009688679024191,-1.0,-1.8369701987210297e-16,-0.9536809966304455,-0.300819807635668,25.6,26.6
2019-09-14,Jharkhand,ER,23.80039349,86.41998572,25.6,2019,9,5,257,1,0,27.3,90,26.5,24.5,27.3,24.714285714285715,1.4645005649578589,24.63,-0.9749279121818236,-0.2225209339563146,-1.0,-1.8369701987210297e-16,-0.9587178169872964,-0.2843591872810036,25.8,22.6
2019-09-15,Jharkhand,ER,23.80039349,86.41998572,25.8,2019,9,6,258,1,0,28.0,86,25.6,24.4,24.0,24.914285714285715,1.5093360255738988,24.69,-0.7818314824680299,0.6234898018587334,-1.0,-1.8369701987210297e-16,-0.9634705485641486,-0.26781430516217486,26.1,23.5
2019-09-16,Jharkhand,ER,23.80039349,86.41998572,26.1,2019,9,0,259,0,0,27.7,88,25.8,23.9,23.9,25.228571428571428,1.4918827989202932,24.763333333333335,0.0,1.0,-1.0,-1.8369701987210297e-16,-0.9679377830240642,-0.25119006388481957,26.9,19.7
2019-09-17,Jharkhand,ER,23.80039349,86.41998572,26.9,2019,9,1,260,0,0,27.8,87,26.1,22.9,23.6,25.8,1.1860297916437863,24.873333333333335,0.7818314824680298,0.6234898018587336,-1.0,-1.8369701987210297e-16,-0.9721181966290612,-0.23449138957041052,27.4,22.6
2019-09-18,Jharkhand,ER,23.80039349,86.41998572,27.4,2019,9,2,261,0,0,27.2,85,26.9,23.3,23.7,26.38571428571429,0.6256425268701623,24.996666666666666,0.9749279121818236,-0.22252093395631434,-1.0,-1.8369701987210297e-16,-0.9760105506323682,-0.21772323039653224,24.6,21.1
2019-09-19,Jharkhand,ER,23.80039349,86.41998572,24.6,2019,9,3,262,0,0,27.2,86,27.4,26.4,24.5,26.12857142857143,0.9196272536817328,25.0,0.43388373911755823,-0.900968867902419,-1.0,-1.8369701987210297e-16,-0.9796136916454901,-0.20089055513063528,26.6,24.2
2019-09-20,Jharkhand,ER,23.80039349,86.41998572,26.6,2019,9,4,263,0,0,27.6,85,24.6,26.5,24.3,26.142857142857142,0.9271050693010636,25.076666666666668,-0.433883739117558,-0.9009688679024191,-1.0,-1.8369701987210297e-16,-0.9829265519799822,-0.18399835165767986,22.6,24.1
2019-09-21,Jharkhand,ER,23.80039349,86.41998572,22.6,2019,9,5,264,1,0,28.2,79,26.6,25.6,23.6,25.714285714285715,1.6395411669412796,25.043333333333333,-0.9749279121818236,-0.2225209339563146,-1.0,-1.8369701987210297e-16,-0.9859481499638303,-0.1670516255021195,23.5,24.0
2019-09-22,Jharkhand,ER,23.80039349,86.41998572,23.5,2019,9,6,265,1,0,27.2,84,22.6,25.8,22.4,25.385714285714283,1.8379595311364132,25.08,-0.7818314824680299,0.6234898018587334,-1.0,-1.8369701987210297e-16,-0.9886775902323404,-0.15005539834465262,19.7,24.7
2019-09-23,Jharkhand,ER,23.80039349,86.41998572,19.7,2019,9,0,266,0,0,26.4,90,23.5,26.1,24.2,24.47142857142857,2.7759168369593246,24.93,0.0,1.0,-1.0,-1.8369701987210297e-16,-0.9911140639934546,-0.13301470653419636,22.6,25.5
2019-09-24,Jharkhand,ER,23.80039349,86.41998572,22.6,2019,9,1,267,0,0,25.5,92,19.7,26.9,23.9,23.857142857142858,2.6203416716509462,24.886666666666667,0.7818314824680298,0.6234898018587336,-1.0,-1.8369701987210297e-16,-0.9932568492674143,-0.11593459959550066,21.1,24.4
2019-09-25,Jharkhand,ER,23.80039349,86.41998572,21.1,2019,9,2,268,0,0,24.3,96,22.6,27.4,24.0,22.957142857142856,2.257474357814614,24.790000000000003,0.9749279121818236,-0.22252093395631434,-1.0,-1.8369701987210297e-16,-0.9951053111006974,-0.09882013873287211,24.2,22.3
2019-09-26,Jharkhand,ER,23.80039349,86.41998572,24.2,2019,9,3,269,0,0,24.3,96,21.1,24.6,24.6,22.900000000000002,2.213594362117872,24.776666666666664,0.43388373911755823,-0.900968867902419,-1.0,-1.8369701987210297e-16,-0.99665890175417,-0.08167639533042288,24.1,24.8
2019-09-27,Jharkhand,ER,23.80039349,86.41998572,24.1,2019,9,4,270,0,0,24.4,95,24.2,26.6,25.2,22.542857142857144,1.6460631244043624,24.740000000000002,-0.433883739117558,-0.9009688679024191,-1.0,-1.8369701987210297e-16,-0.9979171608653922,-0.06450844944931625,24.0,21.4
2019-09-28,Jharkhand,ER,23.80039349,86.41998572,24.0,2019,9,5,271,1,0,23.9,96,24.1,22.6,25.3,22.742857142857144,1.7367183065167797,24.696666666666665,-0.9749279121818236,-0.2225209339563146,-1.0,-1.8369701987210297e-16,-0.9988797155850335,-0.04732138832243232,24.7,22.8
2019-09-29,Jharkhand,ER,23.80039349,86.41998572,24.7,2019,9,6,272,1,0,24.3,95,24.0,23.5,25.1,22.914285714285715,1.8774349269047736,24.683333333333334,-0.7818314824680299,0.6234898018587334,-1.0,-1.8369701987210297e-16,-0.9995462806873573,-0.03012030484690836,25.5,22.4
2019-09-30,Jharkhand,ER,23.80039349,86.41998572,25.5,2019,9,0,273,0,0,25.1,89,24.7,19.7,25.1,23.74285714285714,1.454713193791297,24.69666666666667,0.0,1.0,-1.0,-1.8369701987210297e-16,-0.9999166586547379,-0.012910296075008843,24.4,21.7
2019-10-01,Jharkhand,ER,23.80039349,86.41998572,24.4,2019,10,1,274,0,0,25.6,87,25.5,22.6,25.4,24.0,1.3759844960366827,24.663333333333334,0.7818314824680298,0.6234898018587336,-0.8660254037844386,0.5000000000000001,-0.9999907397361901,0.004303538296243821,22.3,21.7
2019-10-02,Jharkhand,ER,23.80039349,86.41998572,22.3,2019,10,2,275,0,1,25.9,89,24.4,21.1,26.2,24.171428571428574,0.9690446940402725,24.533333333333335,0.9749279121818236,-0.22252093395631434,-0.8660254037844386,0.5000000000000001,-0.9997685019798909,0.021516097436222233,24.8,23.2
2019-10-03,Jharkhand,ER,23.80039349,86.41998572,24.8,2019,10,3,276,0,0,26.3,88,22.3,24.2,26.6,24.257142857142856,0.9980934205726736,24.473333333333336,0.43388373911755823,-0.900968867902419,-0.8660254037844386,0.5000000000000001,-0.9992500112396835,0.03872228089217399,21.4,26.5
2019-10-04,Jharkhand,ER,23.80039349,86.41998572,21.4,2019,10,4,277,0,0,26.6,86,24.8,24.1,25.7,23.87142857142857,1.4761597539045752,24.33,-0.433883739117558,-0.9009688679024191,-0.8660254037844386,0.5000000000000001,-0.9984354211555643,0.05591699010060302,22.8,23.7
2019-10-05,Jharkhand,ER,23.80039349,86.41998572,22.8,2019,10,5,278,1,0,26.1,86,21.4,24.0,26.4,23.7,1.5275252316519474,24.209999999999997,-0.9749279121818236,-0.2225209339563146,-0.8660254037844386,0.5000000000000001,-0.9973249731081555,0.07309512989807776,22.4,25.5
2019-10-06,Jharkhand,ER,23.80039349,86.41998572,22.4,2019,10,6,279,1,0,25.9,87,22.8,24.7,23.7,23.37142857142857,1.523936006655452,24.166666666666668,-0.7818314824680299,0.6234898018587334,-0.8660254037844386,0.5000000000000001,-0.9959189961471792,0.0902516100310407,21.7,26.3
2019-10-08,Jharkhand,ER,23.80039349,86.41998572,21.7,2019,10,1,281,0,1,24.9,92,22.4,25.5,24.5,22.82857142857143,1.2996336480130266,24.073333333333334,0.7818314824680298,0.6234898018587336,-0.8660254037844386,0.5000000000000001,-0.9922222094179324,0.12447926388678869,21.7,28.432999999999996
2019-10-09,Jharkhand,ER,23.80039349,86.41998572,21.7,2019,10,2,282,0,0,24.3,91,21.7,24.4,24.4,22.442857142857143,1.1472534489773898,23.983333333333334,0.9749279121818236,-0.22252093395631434,-0.8660254037844386,0.5000000000000001,-0.989932495087353,0.141540295217043,23.2,28.432999999999996
2019-10-10,Jharkhand,ER,23.80039349,86.41998572,23.2,2019,10,3,283,0,0,25.5,86,21.7,22.3,23.9,22.571428571428573,1.1785786435565746,23.959999999999997,0.43388373911755823,-0.900968867902419,-0.8660254037844386,0.5000000000000001,-0.9873494423939864,0.15855938510313475,26.5,27.8
2019-10-11,Jharkhand,ER,23.80039349,86.41998572,26.5,2019,10,4,284,0,0,26.4,80,23.2,24.8,22.9,22.814285714285713,1.7506461392188695,24.08,-0.433883739117558,-0.9009688679024191,-0.8660254037844386,0.5000000000000001,-0.9844738167520923,0.17553149042142777,23.7,24.6
2019-10-12,Jharkhand,ER,23.80039349,86.41998572,23.7,2019,10,5,285,1,0,25.8,83,26.5,21.4,23.3,23.142857142857142,1.65414342672892,24.093333333333337,-0.9749279121818236,-0.2225209339563146,-0.8660254037844386,0.5000000000000001,-0.9813064702716093,0.19245158197082995,25.5,24.8
2019-10-13,Jharkhand,ER,23.80039349,86.41998572,25.5,2019,10,6,286,1,0,25.1,77,23.7,22.8,26.4,23.52857142857143,1.8625379510355282,24.063333333333333,-0.7818314824680299,0.6234898018587334,-0.8660254037844386,0.5000000000000001,-0.9778483415056567,0.20931464596304888,26.3,24.9
2019-10-14,Jharkhand,ER,23.80039349,86.41998572,26.3,2019,10,0,287,0,0,25.3,74,25.5,22.4,26.5,24.08571428571429,2.0432234103890576,24.056666666666665,0.0,1.0,-0.8660254037844386,0.5000000000000001,-0.9741004551724206,0.22611568550828803,28.432999999999996,25.4
2019-10-15,Jharkhand,ER,23.80039349,86.41998572,28.432999999999996,2019,10,1,288,0,0,25.1,75,26.3,21.7,25.6,25.047571428571427,2.301436063066038,24.1511,0.7818314824680298,0.6234898018587336,-0.8660254037844386,0.5000000000000001,-0.970063921851507,0.2428497220959358,28.432999999999996,25.2
2019-10-16,Jharkhand,ER,23.80039349,86.41998572,28.432999999999996,2019,10,2,289,0,0,25.0,78,28.432999999999996,21.7,25.8,26.009428571428572,2.0639103547346416,24.238866666666663,0.9749279121818236,-0.22252093395631434,-0.8660254037844386,0.5000000000000001,-0.965739937654855,0.25951179706979943,27.8,24.3
2019-10-17,Jharkhand,ER,23.80039349,86.41998572,27.8,2019,10,3,290,0,0,25.7,81,28.432999999999996,23.2,26.1,26.666571428571423,1.7247587132835493,24.29553333333333,0.43388373911755823,-0.900968867902419,-0.8660254037844386,0.5000000000000001,-0.9611297838723007,0.27609697309746883,24.6,24.0
2019-10-18,Jharkhand,ER,23.80039349,86.41998572,24.6,2019,10,4,291,0,0,26.1,82,27.8,26.5,26.9,26.39514285714286,1.8963127755876805,24.218866666666667,-0.433883739117558,-0.9009688679024191,-0.8660254037844386,0.5000000000000001,-0.9562348265919058,0.2926003356333479,24.8,24.5
2019-10-19,Jharkhand,ER,23.80039349,86.41998572,24.8,2019,10,5,292,1,0,25.7,87,24.6,23.7,27.4,26.552285714285713,1.6675251836464555,24.1322,-0.9749279121818236,-0.2225209339563146,-0.8660254037844386,0.5000000000000001,-0.9510565162951536,0.30901699437494723,24.9,22.9
2019-10-20,Jharkhand,ER,23.80039349,86.41998572,24.9,2019,10,6,293,1,0,25.4,87,24.8,25.5,24.6,26.466571428571427,1.74428379353271,24.1422,-0.7818314824680299,0.6234898018587334,-0.8660254037844386,0.5000000000000001,-0.9455963874271428,0.3253420847119795,25.4,23.2
2019-10-21,Jharkhand,ER,23.80039349,86.41998572,25.4,2019,10,0,294,0,0,24.7,88,24.9,26.3,26.6,26.338,1.7911481420213626,24.102199999999996,0.0,1.0,-0.8660254037844386,0.5000000000000001,-0.9398560579418953,0.341570769167856,25.2,24.5
2019-10-22,Jharkhand,ER,23.80039349,86.41998572,25.2,2019,10,1,295,0,0,25.8,78,25.4,28.432999999999996,22.6,25.876142857142856,1.5632287557670717,24.18886666666667,0.7818314824680298,0.6234898018587336,-0.8660254037844386,0.5000000000000001,-0.9338372288229252,0.35769823883312546,24.3,25.2
2019-10-23,Jharkhand,ER,23.80039349,86.41998572,24.3,2019,10,2,296,0,0,24.5,80,25.2,28.432999999999996,23.5,25.285714285714285,1.1668027131561323,24.215533333333333,0.9749279121818236,-0.22252093395631434,-0.8660254037844386,0.5000000000000001,-0.9275416835791965,0.3737197147904692,24.0,24.4
2019-10-24,Jharkhand,ER,23.80039349,86.41998572,24.0,2019,10,3,297,0,0,20.6,93,24.3,27.8,19.7,24.742857142857144,0.48941169737120205,24.358866666666664,0.43388373911755823,-0.900968867902419,-0.8660254037844386,0.5000000000000001,-0.9209712877166347,0.38963044953078774,24.5,21.8
2019-10-25,Jharkhand,ER,23.80039349,86.41998572,24.5,2019,10,4,298,0,0,19.3,93,24.0,24.6,22.6,24.728571428571428,0.4956957592255936,24.422199999999997,-0.433883739117558,-0.9009688679024191,-0.8660254037844386,0.5000000000000001,-0.9141279881853337,0.4054257283599973,22.9,22.7
2019-10-26,Jharkhand,ER,23.80039349,86.41998572,22.9,2019,10,5,299,1,0,22.0,89,24.5,24.8,21.1,24.457142857142856,0.8462803768199019,24.482199999999995,-0.9749279121818236,-0.2225209339563146,-0.8660254037844386,0.5000000000000001,-0.9070138128026362,0.42110087079608916,23.2,24.8
2019-10-27,Jharkhand,ER,23.80039349,86.41998572,23.2,2019,10,6,300,1,1,22.9,86,22.9,24.9,24.2,24.214285714285715,0.9370673604897368,24.448866666666667,-0.7818314824680299,0.6234898018587334,-0.8660254037844386,0.5000000000000001,-0.8996308696522434,0.4366512319560638,24.5,23.5
2019-10-28,Jharkhand,ER,23.80039349,86.41998572,24.5,2019,10,0,301,0,0,23.1,81,23.2,25.4,24.1,24.085714285714285,0.7988086367179599,24.4622,0.0,1.0,-0.8660254037844386,0.5000000000000001,-0.8919813464595487,0.45207220393230374,25.2,21.8
2019-10-29,Jharkhand,ER,23.80039349,86.41998572,25.2,2019,10,1,302,0,0,23.5,77,24.5,25.2,24.0,24.085714285714285,0.7988086367179599,24.502200000000002,0.7818314824680298,0.6234898018587336,-0.8660254037844386,0.5000000000000001,-0.8840675099433637,0.46735921715800205,24.4,23.5
2019-10-30,Jharkhand,ER,23.80039349,86.41998572,24.4,2019,10,2,303,0,0,23.6,79,25.2,24.3,24.7,24.099999999999998,0.8041558721209675,24.4922,0.9749279121818236,-0.22252093395631434,-0.8660254037844386,0.5000000000000001,-0.8758917051442433,0.48250774176121763,21.8,24.6
2019-10-31,Jharkhand,ER,23.80039349,86.41998572,21.8,2019,10,3,304,0,0,24.0,79,24.4,24.0,25.5,23.785714285714285,1.1880355935023759,24.368866666666666,0.43388373911755823,-0.900968867902419,-0.8660254037844386,0.5000000000000001,-0.8674563547295971,0.4975132889071803,22.7,24.4
2019-11-01,Jharkhand,ER,23.80039349,86.41998572,22.7,2019,11,4,305,0,0,24.1,79,21.8,24.5,24.4,23.52857142857143,1.2023785950000363,24.3122,-0.433883739117558,-0.9009688679024191,-0.5000000000000004,0.8660254037844384,-0.858763958275803,0.5123714121284235,24.8,23.9
2019-11-02,Jharkhand,ER,23.80039349,86.41998572,24.8,2019,11,5,306,1,0,23.8,81,22.7,22.9,22.3,23.800000000000004,1.2503332889007255,24.395533333333333,-0.9749279121818236,-0.2225209339563146,-0.5000000000000004,0.8660254037844384,-0.8498170915275277,0.5270777086423724,23.5,23.6
2019-11-03,Jharkhand,ER,23.80039349,86.41998572,23.5,2019,11,6,307,1,0,24.5,81,24.8,23.2,24.8,23.842857142857145,1.2313368654395302,24.352199999999996,-0.7818314824680299,0.6234898018587334,-0.5000000000000004,0.8660254037844384,-0.8406184056344783,0.5416278206559811,21.8,23.9
2019-11-04,Jharkhand,ER,23.80039349,86.41998572,21.8,2019,11,0,308,0,0,24.5,79,23.5,24.5,21.4,23.457142857142856,1.4022091413874225,24.365533333333335,0.0,1.0,-0.5000000000000004,0.8660254037844384,-0.8311706263658079,0.5560174366570446,23.5,24.7
2019-11-05,Jharkhand,ER,23.80039349,86.41998572,23.5,2019,11,1,309,0,0,23.9,76,21.8,25.2,22.8,23.214285714285715,1.1795883059053067,24.38886666666667,0.7818314824680298,0.6234898018587336,-0.5000000000000004,0.8660254037844384,-0.8214765533024145,0.5702422926917867,24.6,24.7
2019-11-06,Jharkhand,ER,23.80039349,86.41998572,24.6,2019,11,2,310,0,0,22.4,70,23.5,24.4,22.4,23.24285714285714,1.214985792587904,24.4622,0.9749279121818236,-0.22252093395631434,-0.5000000000000004,0.8660254037844384,-0.8115390590073611,0.5842981736283683,24.4,23.8
2019-11-08,Jharkhand,ER,23.80039349,86.41998572,24.4,2019,11,4,312,0,0,23.1,77,24.6,21.8,21.7,23.61428571428571,1.0915257997081649,24.552200000000003,-0.433883739117558,-0.9009688679024191,-0.5000000000000004,0.8660254037844384,-0.7909456567567774,0.6118864012687242,23.9,23.9
2019-11-09,Jharkhand,ER,23.80039349,86.41998572,23.9,2019,11,5,313,1,0,23.2,83,24.4,22.7,21.7,23.785714285714285,1.0155927192672007,24.625533333333333,-0.9749279121818236,-0.2225209339563146,-0.5000000000000004,0.8660254037844384,-0.780295851070776,0.6254105729852457,23.6,23.9
2019-11-10,Jharkhand,ER,23.80039349,86.41998572,23.6,2019,11,6,314,1,1,23.7,78,23.9,24.8,23.2,23.61428571428571,0.9118270512704414,24.63886666666667,-0.7818314824680299,0.6234898018587334,-0.5000000000000004,0.8660254037844384,-0.7694148268839381,0.6387494220515268,23.9,24.7
2019-11-11,Jharkhand,ER,23.80039349,86.41998572,23.9,2019,11,0,315,0,0,23.6,74,23.6,23.5,26.5,23.67142857142857,0.9159954252328967,24.552200000000003,0.0,1.0,-0.5000000000000004,0.8660254037844384,-0.7583058084785625,0.6518989958787125,24.7,24.1
2019-11-12,Jharkhand,ER,23.80039349,86.41998572,24.7,2019,11,1,316,0,1,22.1,70,23.9,21.8,23.7,24.085714285714285,0.48107023544233607,24.58553333333333,0.7818314824680298,0.6234898018587336,-0.5000000000000004,0.8660254037844384,-0.7469720876965551,0.6648553979642866,24.7,22.1
2019-11-13,Jharkhand,ER,23.80039349,86.41998572,24.7,2019,11,2,317,0,0,21.6,74,24.7,23.5,25.5,24.25714285714286,0.4503966505838101,24.558866666666667,0.9749279121818236,-0.22252093395631434,-0.5000000000000004,0.8660254037844384,-0.7354170229639858,0.6776147890466887,23.8,20.0
2019-11-14,Jharkhand,ER,23.80039349,86.41998572,23.8,2019,11,3,318,0,0,21.8,74,24.7,24.6,26.3,24.14285714285714,0.4503966505838106,24.47553333333333,0.43388373911755823,-0.900968867902419,-0.5000000000000004,0.8660254037844384,-0.7236440382959124,0.690173388242972,23.9,20.8
2019-11-15,Jharkhand,ER,23.80039349,86.41998572,23.9,2019,11,4,319,0,0,22.1,76,23.8,24.4,28.432999999999996,24.071428571428573,0.44239607334859893,24.324433333333335,-0.433883739117558,-0.9009688679024191,-0.5000000000000004,0.8660254037844384,-0.711656622281775,0.7025274741691566,23.9,20.1
2019-11-16,Jharkhand,ER,23.80039349,86.41998572,23.9,2019,11,5,320,1,0,21.7,74,23.9,23.9,28.432999999999996,24.071428571428573,0.44239607334859893,24.173333333333336,-0.9749279121818236,-0.2225209339563146,-0.5000000000000004,0.8660254037844384,-0.6994583270516471,0.7146733860429608,24.7,23.8
2019-11-17,Jharkhand,ER,23.80039349,86.41998572,24.7,2019,11,6,321,1,0,21.4,75,23.9,23.6,27.8,24.228571428571428,0.4423960733485969,24.069999999999997,-0.7818314824680299,0.6234898018587334,-0.5000000000000004,0.8660254037844384,-0.6870527672236675,0.7266075247685652,24.1,24.2
2019-11-18,Jharkhand,ER,23.80039349,86.41998572,24.1,2019,11,0,322,0,0,21.5,74,24.7,23.9,24.6,24.25714285714286,0.42370250120076025,24.05333333333333,0.0,1.0,-0.5000000000000004,0.8660254037844384,-0.6744436188329457,0.7383263540031063,22.1,23.8
2019-11-19,Jharkhand,ER,23.80039349,86.41998572,22.1,2019,11,1,323,0,0,20.8,66,24.1,24.7,24.8,23.88571428571429,0.8725987459471548,23.96333333333333,0.7818314824680298,0.6234898018587336,-0.5000000000000004,0.8660254037844384,-0.661634618242279,0.749826401204568,20.0,23.9
2019-11-20,Jharkhand,ER,23.80039349,86.41998572,20.0,2019,11,2,324,0,0,21.0,67,22.1,24.7,24.9,23.214285714285715,1.6252472339396724,23.8,0.9749279121818236,-0.22252093395631434,-0.5000000000000004,0.8660254037844384,-0.6486295610349818,0.7611042586607742,20.8,22.2
2019-11-21,Jharkhand,ER,23.80039349,86.41998572,20.8,2019,11,3,325,0,0,21.2,70,20.0,23.8,25.4,22.785714285714285,1.8279574862202235,23.646666666666665,0.43388373911755823,-0.900968867902419,-0.5000000000000004,0.8660254037844384,-0.6354323008901775,0.7721565844991641,20.1,19.5
2019-11-22,Jharkhand,ER,23.80039349,86.41998572,20.1,2019,11,4,326,0,0,21.0,69,20.8,23.9,25.2,22.242857142857144,1.9982134878078295,23.476666666666667,-0.433883739117558,-0.9009688679024191,-0.5000000000000004,0.8660254037844384,-0.622046748440868,0.7829801036770624,23.8,22.4
2019-11-23,Jharkhand,ER,23.80039349,86.41998572,23.8,2019,11,5,327,1,0,21.2,74,20.1,23.9,24.3,22.228571428571428,1.9847034083327433,23.46,-0.9749279121818236,-0.2225209339563146,-0.5000000000000004,0.8660254037844384,-0.6084768701151264,0.7935716089521472,24.2,27.3
2019-11-24,Jharkhand,ER,23.80039349,86.41998572,24.2,2019,11,6,328,1,0,21.2,75,23.8,24.7,24.0,22.157142857142862,1.8875532159007151,23.466666666666665,-0.7818314824680299,0.6234898018587334,-0.5000000000000004,0.8660254037844384,-0.594726686960764,0.8039279618328208,23.8,27.2
2019-11-25,Jharkhand,ER,23.80039349,86.41998572,23.8,2019,11,0,329,0,0,21.3,76,24.2,24.1,24.5,22.11428571428571,1.8388661102507056,23.443333333333335,0.0,1.0,-0.5000000000000004,0.8660254037844384,-0.5808002734538013,0.8140460935082175,23.9,24.6
2019-11-26,Jharkhand,ER,23.80039349,86.41998572,23.9,2019,11,1,330,0,0,22.1,79,23.8,22.1,22.9,22.37142857142857,1.958497966737334,23.47666666666667,0.7818314824680298,0.6234898018587336,-0.5000000000000004,0.8660254037844384,-0.5667017562911184,0.8239230057575536,22.2,23.1
2019-11-27,Jharkhand,ER,23.80039349,86.41998572,22.2,2019,11,2,331,0,0,22.3,79,23.9,20.0,23.2,22.685714285714283,1.6697590359375876,23.44333333333333,0.9749279121818236,-0.22252093395631434,-0.5000000000000004,0.8660254037844384,-0.5524353131676203,0.8335557718385695,19.5,26.8
2019-11-28,Jharkhand,ER,23.80039349,86.41998572,19.5,2019,11,3,332,0,0,22.6,77,22.2,20.8,24.5,22.5,1.9612920911140828,23.276666666666664,0.43388373911755823,-0.900968867902419,-0.5000000000000004,0.8660254037844384,-0.5380051715382992,0.8429415373547832,22.4,27.3
2019-11-29,Jharkhand,ER,23.80039349,86.41998572,22.4,2019,11,4,333,0,0,22.3,78,19.5,20.1,25.2,22.828571428571426,1.662041200566622,23.183333333333334,-0.433883739117558,-0.9009688679024191,-0.5000000000000004,0.8660254037844384,-0.5234156073655503,0.8520775211013093,27.3,26.4
2019-11-30,Jharkhand,ER,23.80039349,86.41998572,27.3,2019,11,5,334,1,0,22.3,67,22.4,23.8,24.4,23.32857142857143,2.376071187004774,23.279999999999998,-0.9749279121818236,-0.2225209339563146,-0.5000000000000004,0.8660254037844384,-0.5086709438521042,0.8609610158889945,27.2,20.5
2019-12-01,Jharkhand,ER,23.80039349,86.41998572,27.2,2019,12,6,335,1,0,21.3,67,27.3,24.2,21.8,23.757142857142856,2.793359472545046,23.46,-0.7818314824680299,0.6234898018587334,-2.4492935982947064e-16,1.0,-0.49377555015997737,0.8695893893466109,24.6,20.3
2019-12-02,Jharkhand,ER,23.80039349,86.41998572,24.6,2019,12,0,336,0,0,20.3,69,27.2,23.8,22.7,23.87142857142857,2.8117102065672204,23.52333333333333,0.0,1.0,-2.4492935982947064e-16,1.0,-0.4787338401157883,0.8779600847008883,23.1,22.6
2019-12-03,Jharkhand,ER,23.80039349,86.41998572,23.1,2019,12,1,337,0,0,20.1,69,24.6,23.9,24.8,23.75714285714286,2.826574571725254,23.466666666666665,0.7818314824680298,0.6234898018587336,-2.4492935982947064e-16,1.0,-0.4635502709028512,0.8860706215341378,26.8,23.6
2019-12-04,Jharkhand,ER,23.80039349,86.41998572,26.8,2019,12,2,338,0,0,18.6,64,23.1,22.2,23.5,24.414285714285715,2.9367944948126525,23.576666666666668,0.9749279121818236,-0.22252093395631434,-2.4492935982947064e-16,1.0,-0.4482293417404106,0.893918596519257,27.3,22.3
2019-12-05,Jharkhand,ER,23.80039349,86.41998572,27.3,2019,12,3,339,0,0,19.2,63,26.8,19.5,21.8,25.528571428571432,2.130504076280453,23.759999999999998,0.43388373911755823,-0.900968867902419,-2.4492935982947064e-16,1.0,-0.4327755925504317,0.9015016841318838,26.4,23.2
2019-12-06,Jharkhand,ER,23.80039349,86.41998572,26.4,2019,12,4,340,0,0,20.2,66,27.3,22.4,23.5,26.1,1.6289055630494182,23.856666666666666,-0.433883739117558,-0.9009688679024191,-2.4492935982947064e-16,1.0,-0.41719360261231697,0.9088176373395028,20.5,25.9
2019-12-08,Jharkhand,ER,23.80039349,86.41998572,20.5,2019,12,6,342,1,0,21.2,68,26.4,27.3,24.6,25.12857142857143,2.5571561585182128,23.719999999999995,-0.7818314824680299,0.6234898018587334,-2.4492935982947064e-16,1.0,-0.38566340624360745,0.9226395488404875,20.3,25.9
2019-12-09,Jharkhand,ER,23.80039349,86.41998572,20.3,2019,12,0,343,0,0,20.7,70,20.5,27.2,24.4,24.142857142857142,2.9285133559863574,23.583333333333332,0.0,1.0,-2.4492935982947064e-16,1.0,-0.3697245428906732,0.9291414114031743,22.6,25.2
2019-12-10,Jharkhand,ER,23.80039349,86.41998572,22.6,2019,12,1,344,0,0,20.4,66,20.3,24.6,23.9,23.857142857142858,2.973694191213539,23.540000000000003,0.7818314824680298,0.6234898018587336,-2.4492935982947064e-16,1.0,-0.3536761221763721,0.935367949313148,23.6,24.9
2019-12-11,Jharkhand,ER,23.80039349,86.41998572,23.6,2019,12,2,345,0,0,20.2,66,22.6,23.1,23.6,23.928571428571427,2.958442318582695,23.54,0.9749279121818236,-0.22252093395631434,-2.4492935982947064e-16,1.0,-0.33752289959411347,0.941317317512847,22.3,24.6
2019-12-12,Jharkhand,ER,23.80039349,86.41998572,22.3,2019,12,3,346,0,0,19.6,80,23.6,26.8,23.9,23.285714285714285,2.7088918837958893,23.486666666666668,0.43388373911755823,-0.900968867902419,-2.4492935982947064e-16,1.0,-0.32126966169236515,0.9469877530760751,23.2,23.0
2019-12-13,Jharkhand,ER,23.80039349,86.41998572,23.2,2019,12,4,347,0,0,19.7,83,22.3,27.3,24.7,22.7,2.062361106434404,23.436666666666667,-0.433883739117558,-0.9009688679024191,-2.4492935982947064e-16,1.0,-0.3049212246562894,0.9523775757303973,25.9,23.5
2019-12-14,Jharkhand,ER,23.80039349,86.41998572,25.9,2019,12,5,348,1,0,20.0,85,23.2,26.4,24.7,22.628571428571426,1.916345728823732,23.476666666666667,-0.9749279121818236,-0.2225209339563146,-2.4492935982947064e-16,1.0,-0.2884824328806098,0.9574851883550389,25.9,23.5
2019-12-15,Jharkhand,ER,23.80039349,86.41998572,25.9,2019,12,6,349,1,0,19.1,88,25.9,20.5,23.8,23.4,2.0016659728003248,23.54666666666667,-0.7818314824680299,0.6234898018587334,-2.4492935982947064e-16,1.0,-0.27195815753410524,0.9623090774541487,25.2,24.4
2019-12-16,Jharkhand,ER,23.80039349,86.41998572,25.2,2019,12,0,350,0,0,19.5,83,25.9,20.3,23.9,24.1,1.54056266777218,23.589999999999996,0.0,1.0,-2.4492935982947064e-16,1.0,-0.2553532951161881,0.9668478136052773,24.9,24.5
2019-12-17,Jharkhand,ER,23.80039349,86.41998572,24.9,2019,12,1,351,0,0,18.7,75,25.2,22.6,23.9,24.428571428571427,1.4067862734074503,23.62333333333333,0.7818314824680298,0.6234898018587336,-2.4492935982947064e-16,1.0,-0.23867276600594997,0.9711000518829505,24.6,24.8
2019-12-18,Jharkhand,ER,23.80039349,86.41998572,24.6,2019,12,2,352,0,0,15.3,74,24.9,23.6,24.7,24.571428571428573,1.3585706774821424,23.62,0.9749279121818236,-0.22252093395631434,-2.4492935982947064e-16,1.0,-0.22192151300416674,0.9750645322571945,23.0,24.5
2019-12-19,Jharkhand,ER,23.80039349,86.41998572,23.0,2019,12,3,353,0,0,13.9,76,24.6,22.3,24.1,24.671428571428574,1.1771636613972962,23.583333333333332,0.43388373911755823,-0.900968867902419,-2.4492935982947064e-16,1.0,-0.20510449986861926,0.9787400799669153,23.5,24.0
2019-12-20,Jharkhand,ER,23.80039349,86.41998572,23.5,2019,12,4,354,0,0,14.0,75,23.0,23.2,22.1,24.714285714285715,1.1186726828829663,23.63,-0.433883739117558,-0.9009688679024191,-2.4492935982947064e-16,1.0,-0.1882267098432439,0.9821256058680006,23.5,23.2
2019-12-21,Jharkhand,ER,23.80039349,86.41998572,23.5,2019,12,5,355,1,0,14.9,75,23.5,25.9,20.0,24.371428571428574,1.0609968358644113,23.746666666666666,-0.9749279121818236,-0.2225209339563146,-2.4492935982947064e-16,1.0,-0.1712931441814778,0.9852201067560606,24.4,21.8
2019-12-22,Jharkhand,ER,23.80039349,86.41998572,24.4,2019,12,6,356,1,0,16.2,74,23.5,25.9,20.8,24.157142857142855,0.8263517065131247,23.866666666666667,-0.7818314824680299,0.6234898018587334,-2.4492935982947064e-16,1.0,-0.154308820664281,0.9880226656636976,24.5,25.3
2019-12-23,Jharkhand,ER,23.80039349,86.41998572,24.5,2019,12,0,357,0,0,16.9,80,24.4,25.2,20.1,24.057142857142853,0.7138093649734651,24.013333333333332,0.0,1.0,-2.4492935982947064e-16,1.0,-0.13727877211326517,0.9905324521322227,24.8,23.6
2019-12-24,Jharkhand,ER,23.80039349,86.41998572,24.8,2019,12,1,358,0,0,17.0,81,24.5,24.9,23.8,24.042857142857144,0.6948792289723125,24.046666666666667,0.7818314824680298,0.6234898018587336,-2.4492935982947064e-16,1.0,-0.12020804489935275,0.9927487224577402,24.5,25.5
2019-12-25,Jharkhand,ER,23.80039349,86.41998572,24.5,2019,12,2,359,0,1,17.3,85,24.8,24.6,24.2,24.02857142857143,0.6824326235712198,24.05666666666667,0.9749279121818236,-0.22252093395631434,-2.4492935982947064e-16,1.0,-0.10310169744743544,0.9946708199115211,24.0,23.4
2019-12-26,Jharkhand,ER,23.80039349,86.41998572,24.0,2019,12,3,360,0,0,16.5,86,24.5,23.0,23.8,24.17142857142857,0.5154748157905443,24.063333333333333,0.43388373911755823,-0.900968867902419,-2.4492935982947064e-16,1.0,-0.0859647987374467,0.9962981749346077,23.2,24.9
2019-12-27,Jharkhand,ER,23.80039349,86.41998572,23.2,2019,12,4,361,0,0,14.4,74,24.0,23.5,23.9,24.128571428571426,0.5879747322073434,24.04,-0.433883739117558,-0.9009688679024191,-2.4492935982947064e-16,1.0,-0.06880242680232064,0.9976303053065857,21.8,25.8
2019-12-28,Jharkhand,ER,23.80039349,86.41998572,21.8,2019,12,5,362,1,0,13.2,70,23.2,23.5,22.2,23.885714285714283,1.0558228567150476,24.026666666666667,-0.9749279121818236,-0.2225209339563146,-2.4492935982947064e-16,1.0,-0.05161966722325418,0.9986668162884759,25.3,26.2
2019-12-29,Jharkhand,ER,23.80039349,86.41998572,25.3,2019,12,6,363,1,0,13.5,69,21.8,24.4,19.5,24.014285714285716,1.1767590682726519,24.220000000000002,-0.7818314824680299,0.6234898018587334,-2.4492935982947064e-16,1.0,-0.034421611622745804,0.9994074007397048,23.6,23.6
2019-12-30,Jharkhand,ER,23.80039349,86.41998572,23.6,2019,12,0,364,0,0,13.4,73,25.3,24.5,22.4,23.88571428571429,1.1639423975274397,24.259999999999998,0.0,1.0,-2.4492935982947064e-16,1.0,-0.01721335615583528,0.9998518392091162,25.5,23.9
2019-12-31,Jharkhand,ER,23.80039349,86.41998572,25.5,2019,12,1,365,0,0,14.5,75,23.6,24.8,27.3,23.985714285714288,1.2798809468443753,24.2,0.7818314824680298,0.6234898018587336,-2.4492935982947064e-16,1.0,6.432490598706546e-16,1.0,23.4,22.8
2020-01-01,Jharkhand,ER,23.80039349,86.41998572,23.4,2020,1,2,1,0,0,16.0,81,25.5,24.5,27.2,23.82857142857143,1.2737271891503978,24.07333333333333,0.9749279121818236,-0.22252093395631434,0.49999999999999994,0.8660254037844387,0.017213356155834685,0.9998518392091162,24.9,22.2
2020-01-02,Jharkhand,ER,23.80039349,86.41998572,24.9,2020,1,3,2,0,0,17.8,78,23.4,24.0,24.6,23.957142857142856,1.3377308434523842,24.083333333333332,0.43388373911755823,-0.900968867902419,0.49999999999999994,0.8660254037844387,0.03442161162274574,0.9994074007397048,25.8,23.3
2020-01-03,Jharkhand,ER,23.80039349,86.41998572,25.8,2020,1,4,3,0,0,17.1,88,24.9,23.2,23.1,24.32857142857143,1.4488090347066553,24.173333333333336,-0.433883739117558,-0.9009688679024191,0.49999999999999994,0.8660254037844387,0.051619667223253764,0.998666816288476,26.2,18.7
2020-01-04,Jharkhand,ER,23.80039349,86.41998572,26.2,2020,1,5,4,1,0,17.0,87,25.8,21.8,26.8,24.957142857142856,1.075262980014879,24.15333333333333,-0.9749279121818236,-0.2225209339563146,0.49999999999999994,0.8660254037844387,0.06880242680231986,0.9976303053065857,23.6,21.0
2020-01-05,Jharkhand,ER,23.80039349,86.41998572,23.6,2020,1,6,5,1,0,16.8,75,26.2,25.3,27.3,24.714285714285715,1.1725024114098481,24.029999999999998,-0.7818314824680299,0.6234898018587334,0.49999999999999994,0.8660254037844387,0.08596479873744647,0.9962981749346078,23.9,23.5
2020-01-13,Jharkhand,ER,23.80039349,86.41998572,23.9,2020,1,0,13,0,0,14.5,77,23.6,23.6,26.4,24.757142857142856,1.1296860077873325,23.946666666666665,0.0,1.0,0.49999999999999994,0.8660254037844387,0.2219215130041655,0.9750645322571948,22.8,23.2
2020-01-14,Jharkhand,ER,23.80039349,86.41998572,22.8,2020,1,1,14,0,0,16.0,75,23.9,25.5,20.5,24.37142857142857,1.2841524905740862,24.023333333333333,0.7818314824680298,0.6234898018587336,0.49999999999999994,0.8660254037844387,0.2386727660059501,0.9711000518829505,22.2,22.8
2020-01-15,Jharkhand,ER,23.80039349,86.41998572,22.2,2020,1,2,15,0,0,17.3,77,22.8,23.4,20.3,24.199999999999996,1.497776129244068,24.086666666666662,0.9749279121818236,-0.22252093395631434,0.49999999999999994,0.8660254037844387,0.255353295116187,0.9668478136052775,23.3,22.6
2020-01-16,Jharkhand,ER,23.80039349,86.41998572,23.3,2020,1,3,16,0,0,19.0,79,22.2,24.9,22.6,23.97142857142857,1.495230512567978,24.110000000000003,0.43388373911755823,-0.900968867902419,0.49999999999999994,0.8660254037844387,0.2719581575341055,0.9623090774541486,18.7,23.9
2020-01-17,Jharkhand,ER,23.80039349,86.41998572,18.7,2020,1,4,17,0,0,19.8,72,23.3,25.8,23.6,22.957142857142856,2.2604255815053573,23.946666666666665,-0.433883739117558,-0.9009688679024191,0.49999999999999994,0.8660254037844387,0.288482432880609,0.9574851883550393,21.0,25.2
2020-01-18,Jharkhand,ER,23.80039349,86.41998572,21.0,2020,1,5,18,1,0,19.7,80,18.7,26.2,22.3,22.214285714285715,1.830690736150867,23.90333333333333,-0.9749279121818236,-0.2225209339563146,0.49999999999999994,0.8660254037844387,0.30492122465628907,0.9523775757303974,23.5,25.2
2020-01-19,Jharkhand,ER,23.80039349,86.41998572,23.5,2020,1,6,19,1,0,17.9,85,21.0,23.6,23.2,22.199999999999996,1.8184242262647896,23.913333333333334,-0.7818314824680299,0.6234898018587334,0.49999999999999994,0.8660254037844387,0.3212696616923644,0.9469877530760753,23.2,18.7
2020-01-20,Jharkhand,ER,23.80039349,86.41998572,23.2,2020,1,0,20,0,0,15.5,71,23.5,23.9,25.9,22.1,1.7262676501632164,23.823333333333334,0.0,1.0,0.49999999999999994,0.8660254037844387,0.3375228995941133,0.9413173175128471,22.8,20.9
2020-01-21,Jharkhand,ER,23.80039349,86.41998572,22.8,2020,1,1,21,0,0,15.6,74,23.2,22.8,25.9,22.099999999999998,1.7262676501632164,23.719999999999995,0.7818314824680298,0.6234898018587336,0.49999999999999994,0.8660254037844387,0.3536761221763716,0.9353679493131483,22.6,22.5
2020-01-22,Jharkhand,ER,23.80039349,86.41998572,22.6,2020,1,2,22,0,0,17.2,74,22.8,22.2,25.2,22.157142857142862,1.736718306516779,23.633333333333333,0.9749279121818236,-0.22252093395631434,0.49999999999999994,0.8660254037844387,0.3697245428906731,0.9291414114031743,23.9,22.9
2020-01-23,Jharkhand,ER,23.80039349,86.41998572,23.9,2020,1,3,23,0,0,17.9,70,22.6,23.3,24.9,22.24285714285714,1.8155413727564862,23.6,0.43388373911755823,-0.900968867902419,0.49999999999999994,0.8660254037844387,0.38566340624360707,0.9226395488404876,25.2,23.9
2020-01-24,Jharkhand,ER,23.80039349,86.41998572,25.2,2020,1,4,24,0,0,15.3,60,23.9,18.7,24.6,23.171428571428574,1.2867456181057322,23.62,-0.433883739117558,-0.9009688679024191,0.49999999999999994,0.8660254037844387,0.401487989205973,0.9158642882672872,25.2,20.7
2020-01-25,Jharkhand,ER,23.80039349,86.41998572,25.2,2020,1,5,25,1,0,14.9,64,25.2,21.0,23.0,23.771428571428572,1.0656989658033325,23.693333333333335,-0.9749279121818236,-0.2225209339563146,0.49999999999999994,0.8660254037844387,0.4171936026123168,0.9088176373395029,18.7,24.3
2020-01-26,Jharkhand,ER,23.80039349,86.41998572,18.7,2020,1,6,26,1,1,15.4,68,25.2,23.5,23.5,23.08571428571429,2.20486475127809,23.533333333333335,-0.7818314824680299,0.6234898018587334,0.49999999999999994,0.8660254037844387,0.4327755925504312,0.901501684131884,20.9,23.2
2020-01-27,Jharkhand,ER,23.80039349,86.41998572,20.9,2020,1,0,27,0,0,16.4,66,18.7,23.2,23.5,22.757142857142856,2.3514939526870657,23.446666666666665,0.0,1.0,0.49999999999999994,0.8660254037844387,0.4482293417404106,0.893918596519257,22.5,20.5
2020-01-28,Jharkhand,ER,23.80039349,86.41998572,22.5,2020,1,1,28,0,0,18.6,63,20.9,22.8,24.4,22.714285714285715,2.3533157965082525,23.383333333333333,0.7818314824680298,0.6234898018587336,0.49999999999999994,0.8660254037844387,0.4635502709028509,0.886070621534138,22.9,20.9
2020-01-29,Jharkhand,ER,23.80039349,86.41998572,22.9,2020,1,2,29,0,0,19.8,80,22.5,22.6,24.5,22.757142857142856,2.3536193000406502,23.330000000000002,0.9749279121818236,-0.22252093395631434,0.49999999999999994,0.8660254037844387,0.47873384011578846,0.8779600847008882,23.9,23.2
2020-01-30,Jharkhand,ER,23.80039349,86.41998572,23.9,2020,1,3,30,0,0,18.9,79,22.9,23.9,24.8,22.75714285714286,2.3536193000406502,23.3,0.43388373911755823,-0.900968867902419,0.49999999999999994,0.8660254037844387,0.49377555015997715,0.869589389346611,20.7,23.8
2020-01-31,Jharkhand,ER,23.80039349,86.41998572,20.7,2020,1,4,31,0,0,16.9,56,23.9,25.2,24.5,22.11428571428571,2.1835968579605716,23.173333333333332,-0.433883739117558,-0.9009688679024191,0.49999999999999994,0.8660254037844387,0.5086709438521044,0.8609610158889943,24.3,22.2
2020-02-01,Jharkhand,ER,23.80039349,86.41998572,24.3,2020,2,5,32,1,0,16.2,60,20.7,25.2,24.0,21.985714285714288,1.9894962272131311,23.183333333333334,-0.9749279121818236,-0.2225209339563146,0.8660254037844386,0.5000000000000001,0.5234156073655503,0.8520775211013093,23.2,24.3
2020-02-02,Jharkhand,ER,23.80039349,86.41998572,23.2,2020,2,6,33,1,0,15.8,52,24.3,18.7,23.2,22.628571428571426,1.386499532052204,23.183333333333334,-0.7818314824680299,0.6234898018587334,0.8660254037844386,0.5000000000000001,0.5380051715382996,0.8429415373547828,20.5,23.0
2020-02-03,Jharkhand,ER,23.80039349,86.41998572,20.5,2020,2,0,34,0,0,15.4,56,23.2,20.9,21.8,22.571428571428573,1.475030266033316,23.139999999999997,0.0,1.0,0.8660254037844386,0.5000000000000001,0.5524353131676196,0.8335557718385699,20.9,24.6
2020-02-04,Jharkhand,ER,23.80039349,86.41998572,20.9,2020,2,1,35,0,0,17.2,60,20.5,22.5,25.3,22.342857142857145,1.606089601959942,22.993333333333336,0.7818314824680298,0.6234898018587336,0.8660254037844386,0.5000000000000001,0.5667017562911176,0.8239230057575542,23.2,24.4
2020-02-05,Jharkhand,ER,23.80039349,86.41998572,23.2,2020,2,2,36,0,0,19.4,57,20.9,22.9,23.6,22.385714285714283,1.627296911474754,22.98,0.9749279121818236,-0.22252093395631434,0.8660254037844386,0.5000000000000001,0.5808002734538009,0.8140460935082178,23.8,24.8
2020-02-13,Jharkhand,ER,23.80039349,86.41998572,23.8,2020,2,3,44,0,0,18.6,60,23.2,23.9,25.5,22.37142857142857,1.612156201814097,22.923333333333336,0.43388373911755823,-0.900968867902419,0.8660254037844386,0.5000000000000001,0.6870527672236669,0.7266075247685656,22.2,24.4
2020-02-14,Jharkhand,ER,23.80039349,86.41998572,22.2,2020,2,4,45,0,0,20.7,56,23.8,20.7,23.4,22.585714285714285,1.4438704598273127,22.883333333333333,-0.433883739117558,-0.9009688679024191,0.8660254037844386,0.5000000000000001,0.699458327051647,0.7146733860429609,24.3,24.6
2020-02-15,Jharkhand,ER,23.80039349,86.41998572,24.3,2020,2,5,46,1,0,20.5,48,22.2,24.3,24.9,22.585714285714285,1.4438704598273127,22.863333333333337,-0.9749279121818236,-0.2225209339563146,0.8660254037844386,0.5000000000000001,0.7116566222817746,0.7025274741691571,23.0,24.8
2020-02-16,Jharkhand,ER,23.80039349,86.41998572,23.0,2020,2,6,47,1,0,19.6,50,24.3,23.2,25.8,22.557142857142857,1.431615803741996,22.77,-0.7818314824680299,0.6234898018587334,0.8660254037844386,0.5000000000000001,0.7236440382959124,0.6901733882429719,24.6,25.3
2020-02-17,Jharkhand,ER,23.80039349,86.41998572,24.6,2020,2,0,48,0,0,20.0,55,23.0,20.5,26.2,23.142857142857142,1.2804389128434934,22.716666666666665,0.0,1.0,0.8660254037844386,0.5000000000000001,0.7354170229639855,0.6776147890466889,24.4,26.7
2020-02-18,Jharkhand,ER,23.80039349,86.41998572,24.4,2020,2,1,49,0,0,20.9,49,24.6,20.9,23.6,23.642857142857142,0.879122939558027,22.743333333333336,0.7818314824680298,0.6234898018587336,0.8660254037844386,0.5000000000000001,0.7469720876965552,0.6648553979642865,24.8,26.7
2020-02-19,Jharkhand,ER,23.80039349,86.41998572,24.8,2020,2,2,50,0,0,20.4,44,24.4,23.2,23.9,23.871428571428574,0.9499373412920195,22.773333333333333,0.9749279121818236,-0.22252093395631434,0.8660254037844386,0.5000000000000001,0.7583058084785624,0.6518989958787126,24.4,27.5
2020-02-20,Jharkhand,ER,23.80039349,86.41998572,24.4,2020,2,3,51,0,0,21.5,51,24.8,23.8,22.8,23.957142857142856,0.9692903638868003,22.826666666666664,0.43388373911755823,-0.900968867902419,0.8660254037844386,0.5000000000000001,0.7694148268839378,0.6387494220515272,24.6,27.4
2020-02-21,Jharkhand,ER,23.80039349,86.41998572,24.6,2020,2,4,52,0,0,22.8,59,24.4,22.2,22.2,24.300000000000004,0.5972157622389545,22.90666666666667,-0.433883739117558,-0.9009688679024191,0.8660254037844386,0.5000000000000001,0.7802958510707755,0.6254105729852463,24.8,26.8
2020-02-22,Jharkhand,ER,23.80039349,86.41998572,24.8,2020,2,5,53,1,0,23.2,59,24.6,24.3,23.3,24.37142857142857,0.6264031867582893,22.956666666666663,-0.9749279121818236,-0.2225209339563146,0.8660254037844386,0.5000000000000001,0.7909456567567772,0.6118864012687243,25.3,28.432999999999996
2020-02-23,Jharkhand,ER,23.80039349,86.41998572,25.3,2020,2,6,54,1,0,22.6,63,24.8,23.0,18.7,24.7,0.31091263510293293,23.17666666666667,-0.7818314824680299,0.6234898018587334,0.8660254037844386,0.5000000000000001,0.8013610881746766,0.5981809144059165,26.7,24.6
2020-02-24,Jharkhand,ER,23.80039349,86.41998572,26.7,2020,2,0,55,0,0,21.8,69,25.3,24.6,21.0,25.0,0.8103497187428672,23.366666666666667,0.0,1.0,0.8660254037844386,0.5000000000000001,0.8115390590073611,0.5842981736283684,26.7,24.2
2020-02-25,Jharkhand,ER,23.80039349,86.41998572,26.7,2020,2,1,56,0,0,19.6,79,26.7,24.4,23.5,25.32857142857143,0.9759000729485182,23.473333333333336,0.7818314824680298,0.6234898018587336,0.8660254037844386,0.5000000000000001,0.8214765533024142,0.5702422926917871,27.5,25.6
2020-02-26,Jharkhand,ER,23.80039349,86.41998572,27.5,2020,2,2,57,0,0,18.5,83,26.7,24.8,23.2,25.714285714285715,1.2321100754783243,23.616666666666667,0.9749279121818236,-0.22252093395631434,0.8660254037844386,0.5000000000000001,0.8311706263658079,0.5560174366570446,27.4,23.9
2020-02-27,Jharkhand,ER,23.80039349,86.41998572,27.4,2020,2,3,58,0,0,19.6,69,27.5,24.4,22.8,26.142857142857142,1.2204604907672199,23.77,0.43388373911755823,-0.900968867902419,0.8660254037844386,0.5000000000000001,0.8406184056344782,0.5416278206559814,26.8,24.4
2020-02-28,Jharkhand,ER,23.80039349,86.41998572,26.8,2020,2,4,59,0,0,20.4,68,27.4,24.6,22.6,26.457142857142856,1.024462693085383,23.910000000000004,-0.433883739117558,-0.9009688679024191,0.8660254037844386,0.5000000000000001,0.8498170915275278,0.5270777086423722,28.432999999999996,24.6
2020-02-29,Jharkhand,ER,23.80039349,86.41998572,28.432999999999996,2020,2,5,60,1,0,21.5,64,26.8,24.8,23.9,26.976142857142857,0.9634577362415746,24.061100000000003,-0.9749279121818236,-0.2225209339563146,0.8660254037844386,0.5000000000000001,0.8587639582758029,0.5123714121284237,24.6,24.0
2020-03-01,Jharkhand,ER,23.80039349,86.41998572,24.6,2020,3,6,61,1,0,23.1,61,28.432999999999996,25.3,25.2,26.876142857142856,1.1787072620136607,24.041099999999997,-0.7818314824680299,0.6234898018587334,1.0,6.123233995736766e-17,0.8674563547295969,0.49751328890718066,24.2,23.4
2020-03-02,Jharkhand,ER,23.80039349,86.41998572,24.2,2020,3,0,62,0,0,22.3,68,24.6,26.7,25.2,26.519000000000002,1.5585229118195876,24.007766666666665,0.0,1.0,1.0,6.123233995736766e-17,0.8758917051442429,0.48250774176121847,25.6,22.6
2020-03-03,Jharkhand,ER,23.80039349,86.41998572,25.6,2020,3,1,63,0,0,23.2,65,24.2,26.7,18.7,26.36185714285714,1.5923203643918784,24.23776666666667,0.7818314824680298,0.6234898018587336,1.0,6.123233995736766e-17,0.8840675099433636,0.4673592171580022,23.9,21.5
2020-03-04,Jharkhand,ER,23.80039349,86.41998572,23.9,2020,3,2,64,0,0,22.3,67,25.6,27.5,20.9,25.84757142857143,1.7381430567459741,24.337766666666667,0.9749279121818236,-0.22252093395631434,1.0,6.123233995736766e-17,0.8919813464595485,0.45207220393230435,24.4,23.5
2020-03-05,Jharkhand,ER,23.80039349,86.41998572,24.4,2020,3,3,65,0,0,23.0,68,23.9,27.4,22.5,25.419,1.6596466491394979,24.4011,0.43388373911755823,-0.900968867902419,1.0,6.123233995736766e-17,0.8996308696522433,0.43665123195606403,24.6,23.2
2020-03-13,Jharkhand,ER,23.80039349,86.41998572,24.6,2020,3,4,73,0,0,24.1,71,24.4,26.8,22.9,25.104714285714287,1.5598468636680995,24.457766666666664,-0.433883739117558,-0.9009688679024191,1.0,6.123233995736766e-17,0.9510565162951535,0.30901699437494745,24.0,22.8
2020-03-14,Jharkhand,ER,23.80039349,86.41998572,24.0,2020,3,5,74,1,0,20.9,87,24.6,28.432999999999996,23.9,24.47142857142857,0.56778600932124,24.4611,-0.9749279121818236,-0.2225209339563146,1.0,6.123233995736766e-17,0.9562348265919056,0.29260033563334836,23.4,22.6
2020-03-15,Jharkhand,ER,23.80039349,86.41998572,23.4,2020,3,6,75,1,0,21.3,85,24.0,24.6,20.7,24.3,0.6904105059069268,24.5511,-0.7818314824680299,0.6234898018587334,1.0,6.123233995736766e-17,0.9611297838723007,0.27609697309746883,22.6,22.7
2020-03-16,Jharkhand,ER,23.80039349,86.41998572,22.6,2020,3,0,76,0,0,22.9,71,23.4,24.2,24.3,24.071428571428573,0.9464218328601064,24.494433333333333,0.0,1.0,1.0,6.123233995736766e-17,0.9657399376548549,0.2595117970697999,21.5,22.7
2020-03-17,Jharkhand,ER,23.80039349,86.41998572,21.5,2020,3,1,77,0,0,23.1,63,22.6,25.6,23.2,23.485714285714288,1.0991338581334174,24.43776666666667,0.7818314824680298,0.6234898018587336,1.0,6.123233995736766e-17,0.9700639218515071,0.2428497220959356,23.5,22.9
2020-03-18,Jharkhand,ER,23.80039349,86.41998572,23.5,2020,3,2,78,0,0,22.4,63,21.5,23.9,20.5,23.428571428571427,1.0843035948083457,24.537766666666666,0.9749279121818236,-0.22252093395631434,1.0,6.123233995736766e-17,0.9741004551724205,0.22611568550828828,23.2,20.5
2020-03-19,Jharkhand,ER,23.80039349,86.41998572,23.2,2020,3,3,79,0,0,22.7,64,23.5,24.4,20.9,23.25714285714286,0.9964221709983994,24.614433333333334,0.43388373911755823,-0.900968867902419,1.0,6.123233995736766e-17,0.9778483415056568,0.20931464596304847,22.8,21.0
2020-03-20,Jharkhand,ER,23.80039349,86.41998572,22.8,2020,3,4,80,0,0,23.1,57,23.2,24.6,23.2,23.0,0.8062257748298711,24.6011,-0.433883739117558,-0.9009688679024191,1.0,6.123233995736766e-17,0.9813064702716093,0.19245158197082998,22.6,22.3
2020-03-21,Jharkhand,ER,23.80039349,86.41998572,22.6,2020,3,5,81,1,0,23.3,57,22.8,24.0,23.8,22.8,0.6806859285554273,24.5611,-0.9749279121818236,-0.2225209339563146,1.0,6.123233995736766e-17,0.9844738167520922,0.1755314904214282,22.7,22.6
2020-03-22,Jharkhand,ER,23.80039349,86.41998572,22.7,2020,3,6,82,1,0,22.9,69,22.6,23.4,22.2,22.7,0.627162924074253,24.577766666666665,-0.7818314824680299,0.6234898018587334,1.0,6.123233995736766e-17,0.9873494423939864,0.15855938510313475,22.7,23.6
2020-03-23,Jharkhand,ER,23.80039349,86.41998572,22.7,2020,3,0,83,0,0,23.7,67,22.7,22.6,24.3,22.714285714285715,0.6256425268702608,24.52443333333333,0.0,1.0,1.0,6.123233995736766e-17,0.989932495087353,0.141540295217043,22.9,24.0
2020-03-24,Jharkhand,ER,23.80039349,86.41998572,22.9,2020,3,1,84,0,0,24.7,60,22.7,21.5,23.0,22.91428571428571,0.3236694374851189,24.521099999999997,0.7818314824680298,0.6234898018587336,1.0,6.123233995736766e-17,0.9922222094179323,0.12447926388678915,20.5,24.0
2020-03-25,Jharkhand,ER,23.80039349,86.41998572,20.5,2020,3,2,85,0,0,25.4,59,22.9,23.5,24.6,22.485714285714284,0.8970852271450831,24.384433333333334,0.9749279121818236,-0.22252093395631434,1.0,6.123233995736766e-17,0.994217906893952,0.10738134666416309,21.0,23.7
2020-03-26,Jharkhand,ER,23.80039349,86.41998572,21.0,2020,3,3,86,0,0,26.6,49,20.5,23.2,24.4,22.17142857142857,0.9860937847796235,24.271099999999997,0.43388373911755823,-0.900968867902419,1.0,6.123233995736766e-17,0.995918996147179,0.09025161003104117,22.3,23.9
2020-03-27,Jharkhand,ER,23.80039349,86.41998572,22.3,2020,3,4,87,0,0,28.2,45,21.0,22.8,24.8,22.099999999999998,0.9504384952922443,24.18776666666667,-0.433883739117558,-0.9009688679024191,1.0,6.123233995736766e-17,0.9973249731081555,0.07309512989807777,22.6,23.4
2020-03-28,Jharkhand,ER,23.80039349,86.41998572,22.6,2020,3,5,88,1,0,28.6,51,22.3,22.6,24.4,22.099999999999998,0.9504384952922443,24.127766666666666,-0.9749279121818236,-0.2225209339563146,1.0,6.123233995736766e-17,0.9984354211555643,0.055916990100603484,23.6,23.4
2020-03-29,Jharkhand,ER,23.80039349,86.41998572,23.6,2020,3,6,89,1,0,27.8,43,22.6,22.7,24.6,22.22857142857143,1.0950103282835588,24.09443333333333,-0.7818314824680299,0.6234898018587334,1.0,6.123233995736766e-17,0.9992500112396835,0.03872228089217446,24.0,22.8
2020-03-30,Jharkhand,ER,23.80039349,86.41998572,24.0,2020,3,0,90,0,0,27.7,36,23.6,22.7,24.8,22.41428571428571,1.2824827112916357,24.067766666666667,0.0,1.0,1.0,6.123233995736766e-17,0.9997685019798909,0.021516097436222254,24.0,23.7
2020-03-31,Jharkhand,ER,23.80039349,86.41998572,24.0,2020,3,1,91,0,0,27.4,38,24.0,22.9,25.3,22.571428571428573,1.412697520955679,24.02443333333333,0.7818314824680298,0.6234898018587336,1.0,6.123233995736766e-17,0.9999907397361901,0.004303538296244289,23.7,23.5
2020-04-01,Jharkhand,ER,23.80039349,86.41998572,23.7,2020,4,2,92,0,0,27.4,47,24.0,20.5,26.7,23.028571428571432,1.1176079898817994,23.924433333333337,0.9749279121818236,-0.22252093395631434,0.8660254037844387,-0.4999999999999998,0.9999166586547379,-0.01291029607500882,23.9,23.9
2020-04-02,Jharkhand,ER,23.80039349,86.41998572,23.9,2020,4,3,93,0,1,28.7,39,23.7,21.0,26.7,23.442857142857147,0.699659781267874,23.8311,0.43388373911755823,-0.900968867902419,0.8660254037844387,-0.4999999999999998,0.9995462806873573,-0.030120304846908114,23.4,23.5
2020-04-03,Jharkhand,ER,23.80039349,86.41998572,23.4,2020,4,4,94,0,0,28.3,34,23.9,22.3,27.5,23.599999999999998,0.4932882862316183,23.694433333333333,-0.433883739117558,-0.9009688679024191,0.8660254037844387,-0.4999999999999998,0.9988797155850336,-0.04732138832243185,23.4,23.6
2020-04-04,Jharkhand,ER,23.80039349,86.41998572,23.4,2020,4,5,95,1,0,27.5,34,23.4,22.6,27.4,23.714285714285715,0.26095064302512755,23.5611,-0.9749279121818236,-0.2225209339563146,0.8660254037844387,-0.4999999999999998,0.9979171608653922,-0.06450844944931623,22.8,23.6
2020-04-05,Jharkhand,ER,23.80039349,86.41998572,22.8,2020,4,6,96,1,0,28.6,28,23.4,23.6,26.8,23.599999999999998,0.43588989435406095,23.427766666666667,-0.7818314824680299,0.6234898018587334,0.8660254037844387,-0.4999999999999998,0.9966589017541702,-0.08167639533042241,23.7,22.8
2020-04-13,Jharkhand,ER,23.80039349,86.41998572,23.7,2020,4,0,104,0,0,29.9,57,22.8,24.0,28.432999999999996,23.557142857142853,0.40355562548072493,23.269999999999996,0.0,1.0,0.8660254037844387,-0.4999999999999998,0.9760105506323683,-0.21772323039653177,23.5,23.6
2020-04-14,Jharkhand,ER,23.80039349,86.41998572,23.5,2020,4,1,105,0,1,30.8,55,23.7,24.0,24.6,23.485714285714284,0.35321651258386066,23.233333333333334,0.7818314824680298,0.6234898018587336,0.8660254037844387,-0.4999999999999998,0.9721181966290613,-0.23449138957040985,23.9,23.7
2020-04-15,Jharkhand,ER,23.80039349,86.41998572,23.9,2020,4,2,106,0,0,28.1,69,23.5,23.7,24.2,23.514285714285712,0.3804758924845343,23.223333333333336,0.9749279121818236,-0.22252093395631434,0.8660254037844387,-0.4999999999999998,0.9679377830240642,-0.25119006388481935,23.5,23.6
2020-04-16,Jharkhand,ER,23.80039349,86.41998572,23.5,2020,4,3,107,0,0,29.0,59,23.9,23.9,25.6,23.457142857142856,0.34086724129854085,23.153333333333332,0.43388373911755823,-0.900968867902419,0.8660254037844387,-0.4999999999999998,0.9634705485641488,-0.2678143051621742,23.6,20.8
2020-04-17,Jharkhand,ER,23.80039349,86.41998572,23.6,2020,4,4,108,0,0,29.5,62,23.5,23.4,23.9,23.485714285714288,0.3436498771936898,23.14333333333333,-0.433883739117558,-0.9009688679024191,0.8660254037844387,-0.4999999999999998,0.9587178169872964,-0.2843591872810034,23.6,20.0
2020-04-18,Jharkhand,ER,23.80039349,86.41998572,23.6,2020,4,5,109,1,0,28.9,61,23.6,23.4,24.4,23.514285714285712,0.3436498771936875,23.116666666666667,-0.9749279121818236,-0.2225209339563146,0.8660254037844387,-0.4999999999999998,0.9536809966304457,-0.30081980763566735,22.8,22.1
2020-04-19,Jharkhand,ER,23.80039349,86.41998572,22.8,2020,4,6,110,1,0,30.1,46,23.6,22.8,24.6,23.514285714285712,0.3436498771936875,23.05666666666667,-0.7818314824680299,0.6234898018587334,0.8660254037844387,-0.4999999999999998,0.9483615800121715,-0.3171912885891061,23.6,19.6
2020-04-20,Jharkhand,ER,23.80039349,86.41998572,23.6,2020,4,0,111,0,0,29.4,56,22.8,23.7,24.0,23.5,0.3366501646120682,23.043333333333333,0.0,1.0,0.8660254037844387,-0.4999999999999998,0.9427611433904207,-0.3334687789181868,23.7,24.8
2020-04-21,Jharkhand,ER,23.80039349,86.41998572,23.7,2020,4,1,112,0,0,25.7,77,23.6,23.5,23.4,23.528571428571432,0.34503277967117396,23.053333333333335,0.7818314824680298,0.6234898018587336,0.8660254037844387,-0.4999999999999998,0.9368813462954315,-0.3496474552512284,23.6,26.7
2020-04-22,Jharkhand,ER,23.80039349,86.41998572,23.6,2020,4,2,113,0,0,25.4,78,23.7,23.9,22.6,23.485714285714288,0.3078342163598857,23.086666666666666,0.9749279121818236,-0.22252093395631434,0.8660254037844387,-0.4999999999999998,0.9307239310379795,-0.36572252349726897,20.8,27.5
2020-04-23,Jharkhand,ER,23.80039349,86.41998572,20.8,2020,4,3,114,0,0,25.8,81,23.6,23.5,21.5,23.099999999999998,1.0598742063723177,23.063333333333333,0.43388373911755823,-0.900968867902419,0.8660254037844387,-0.4999999999999998,0.9242907221930933,-0.3816892202666588,20.0,25.8
2020-04-24,Jharkhand,ER,23.80039349,86.41998572,20.0,2020,4,4,115,0,0,26.1,81,20.8,23.6,23.5,22.58571428571429,1.5410262505103354,22.946666666666665,-0.433883739117558,-0.9009688679024191,0.8660254037844387,-0.4999999999999998,0.9175836260593937,-0.39754281428255595,22.1,26.8
2020-04-25,Jharkhand,ER,23.80039349,86.41998572,22.1,2020,4,5,116,1,0,25.8,81,20.0,23.6,23.2,22.371428571428574,1.479543043999621,22.91,-0.9749279121818236,-0.2225209339563146,0.8660254037844387,-0.4999999999999998,0.9106046300942162,-0.4132786077829042,19.6,27.0
2020-04-26,Jharkhand,ER,23.80039349,86.41998572,19.6,2020,4,6,117,1,0,23.8,88,22.1,22.8,22.8,21.914285714285715,1.7873896902360058,22.803333333333335,-0.7818314824680299,0.6234898018587334,0.8660254037844387,-0.4999999999999998,0.9033558023246845,-0.4288919379124835,24.8,23.7
2020-04-27,Jharkhand,ER,23.80039349,86.41998572,24.8,2020,4,0,118,0,0,24.2,85,19.6,23.6,22.6,22.08571428571429,2.0186039494566437,22.876666666666665,0.0,1.0,0.8660254037844387,-0.4999999999999998,0.895839290734909,-0.4443781781046132,26.7,23.5
2020-04-28,Jharkhand,ER,23.80039349,86.41998572,26.7,2020,4,1,119,0,0,24.2,86,24.8,23.7,22.7,22.514285714285712,2.6409774525281247,23.01,0.7818314824680298,0.6234898018587336,0.8660254037844387,-0.4999999999999998,0.8880573226294932,-0.45973273945210397,27.5,22.6
2020-04-29,Jharkhand,ER,23.80039349,86.41998572,27.5,2020,4,2,120,0,0,24.4,86,26.7,23.6,22.7,23.071428571428573,3.249468821061011,23.17,0.9749279121818236,-0.22252093395631434,0.8660254037844387,-0.4999999999999998,0.8800122039735357,-0.47495107206704995,25.8,18.7
2020-04-30,Jharkhand,ER,23.80039349,86.41998572,25.8,2020,4,3,121,0,0,25.5,81,27.5,20.8,22.9,23.785714285714285,3.2163273939016066,23.266666666666666,0.43388373911755823,-0.900968867902419,0.8660254037844387,-0.4999999999999998,0.8717063187093218,-0.4900286664290592,26.8,21.5
2020-05-01,Jharkhand,ER,23.80039349,86.41998572,26.8,2020,5,4,122,0,0,25.3,85,25.8,20.0,20.5,24.757142857142856,2.893012929373765,23.47666666666667,-0.433883739117558,-0.9009688679024191,0.49999999999999994,-0.8660254037844387,0.8631421280499114,-0.5049610547215204,27.0,22.9
2020-05-02,Jharkhand,ER,23.80039349,86.41998572,27.0,2020,5,5,123,1,0,24.7,86,26.8,22.1,21.0,25.457142857142856,2.7312128824981317,23.67666666666667,-0.9749279121818236,-0.2225209339563146,0.49999999999999994,-0.8660254037844387,0.854322169749827,-0.5197438121555155,23.7,22.8
2020-05-03,Jharkhand,ER,23.80039349,86.41998572,23.7,2020,5,6,124,1,0,26.0,76,27.0,19.6,22.3,26.042857142857144,1.3624208146495707,23.723333333333333,-0.7818314824680299,0.6234898018587334,0.49999999999999994,-0.8660254037844387,0.8452490573530633,-0.5343725582809786,23.5,25.8
2020-05-04,Jharkhand,ER,23.80039349,86.41998572,23.5,2020,5,0,125,0,0,27.5,77,23.7,24.8,22.6,25.857142857142858,1.6236349578000613,23.753333333333334,0.0,1.0,0.49999999999999994,-0.8660254037844387,0.8359254794186372,-0.548842958284719,22.6,25.2
2020-05-05,Jharkhand,ER,23.80039349,86.41998572,22.6,2020,5,1,126,0,0,27.4,81,23.5,26.7,23.6,25.271428571428572,1.9712215212183117,23.720000000000002,0.7818314824680298,0.6234898018587336,0.49999999999999994,-0.8660254037844387,0.8263541987239096,-0.5631507242749186,18.7,25.2
2020-05-13,Jharkhand,ER,23.80039349,86.41998572,18.7,2020,5,2,134,0,0,29.0,69,22.6,27.5,24.0,24.014285714285712,2.9002462949598886,23.543333333333337,0.9749279121818236,-0.22252093395631434,0.49999999999999994,-0.8660254037844387,0.7412220108485958,-0.6712599575675313,21.5,25.1
2020-05-14,Jharkhand,ER,23.80039349,86.41998572,21.5,2020,5,3,135,0,0,29.1,71,18.7,25.8,24.0,23.4,2.9143323992525874,23.46,0.43388373911755823,-0.900968867902419,0.49999999999999994,-0.8660254037844387,0.7295575540864875,-0.6839194216246106,22.9,25.7
2020-05-15,Jharkhand,ER,23.80039349,86.41998572,22.9,2020,5,4,136,0,0,30.2,68,21.5,26.8,23.7,22.842857142857145,2.4992379791029307,23.433333333333334,-0.433883739117558,-0.9009688679024191,0.49999999999999994,-0.8660254037844387,0.717676913675962,-0.6963762255968722,22.8,25.4
2020-05-16,Jharkhand,ER,23.80039349,86.41998572,22.8,2020,5,5,137,1,0,31.4,59,22.9,27.0,23.9,22.242857142857144,1.7164470502146343,23.396666666666665,-0.9749279121818236,-0.2225209339563146,0.49999999999999994,-0.8660254037844387,0.705583610107178,-0.7086266782644596,25.8,25.4
2020-05-17,Jharkhand,ER,23.80039349,86.41998572,25.8,2020,5,6,138,1,0,31.9,52,22.8,23.7,23.4,22.54285714285714,2.143872775187583,23.47666666666667,-0.7818314824680299,0.6234898018587334,0.49999999999999994,-0.8660254037844387,0.6932812268869777,-0.7206671495538609,25.2,23.7
2020-05-18,Jharkhand,ER,23.80039349,86.41998572,25.2,2020,5,0,139,0,0,31.0,59,25.8,23.5,23.4,22.785714285714285,2.3561469757696774,23.53666666666667,0.0,1.0,0.49999999999999994,-0.8660254037844387,0.6807734094770161,-0.7324940716135789,25.2,23.6
2020-05-19,Jharkhand,ER,23.80039349,86.41998572,25.2,2020,5,1,140,0,0,28.6,72,25.2,22.6,22.8,23.157142857142855,2.5211486422245097,23.616666666666667,0.7818314824680298,0.6234898018587336,0.49999999999999994,-0.8660254037844387,0.6680638642135335,-0.7441039398713607,25.1,23.8
2020-05-20,Jharkhand,ER,23.80039349,86.41998572,25.1,2020,5,2,141,0,0,23.4,88,25.2,18.7,23.7,24.071428571428573,1.6428778466604286,23.663333333333338,0.9749279121818236,-0.22252093395631434,0.49999999999999994,-0.8660254037844387,0.6551563572090853,-0.7554933140726803,25.7,24.4
2020-05-21,Jharkhand,ER,23.80039349,86.41998572,25.7,2020,5,3,142,0,0,25.2,76,25.1,21.5,23.5,24.671428571428574,1.2724180205606919,23.736666666666668,0.43388373911755823,-0.900968867902419,0.49999999999999994,-0.8660254037844387,0.6420547132365637,-0.766658819300159,25.4,23.8
