timestamp,node_id,region,latitude,longitude,consumption_mu,year,month,dayofweek,dayofyear,is_weekend,is_holiday,temperature_c,humidity,lag_1d,lag_7d,lag_30d,roll_mean_7d,roll_std_7d,roll_mean_30d,dow_sin,dow_cos,month_sin,month_cos,doy_sin,doy_cos,target_next_1d,target_next_7d
2019-02-02,Tamil Nadu,SR,12.92038576,79.15004187,245.2,2019,2,5,33,1,0,23.2,66,244.1,298.4,268.3,297.90000000000003,50.90828354338154,300.4866666666667,-0.9749279121818236,-0.2225209339563146,0.8660254037844386,0.5000000000000001,0.5380051715382996,0.8429415373547828,243.9,221.8
2019-02-03,Tamil Nadu,SR,12.92038576,79.15004187,243.9,2019,2,6,34,1,0,23.9,67,245.2,330.0,285.2,285.6,52.243787509457384,299.10999999999996,-0.7818314824680299,0.6234898018587334,0.8660254037844386,0.5000000000000001,0.5524353131676196,0.8335557718385699,246.5,230.7
2019-02-04,Tamil Nadu,SR,12.92038576,79.15004187,246.5,2019,2,0,35,0,0,24.2,68,243.9,347.2,270.3,271.2142857142857,45.93852517482578,298.31666666666666,0.0,1.0,0.8660254037844386,0.5000000000000001,0.5667017562911176,0.8239230057575542,250.2,245.8
2019-02-05,Tamil Nadu,SR,12.92038576,79.15004187,250.2,2019,2,1,36,0,0,24.3,67,246.5,346.6,286.8,257.4428571428571,31.867217070361416,297.09666666666664,0.7818314824680298,0.6234898018587336,0.8660254037844386,0.5000000000000001,0.5808002734538009,0.8140460935082178,250.6,253.6
2019-02-06,Tamil Nadu,SR,12.92038576,79.15004187,250.6,2019,2,2,37,0,0,24.5,62,250.2,329.5,298.3,246.17142857142858,3.1196764178989915,295.5066666666667,0.9749279121818236,-0.22252093395631434,0.8660254037844386,0.5000000000000001,0.5947266869607634,0.8039279618328213,220.744,243.0
2019-02-07,Tamil Nadu,SR,12.92038576,79.15004187,220.744,2019,2,3,38,0,0,24.5,66,250.6,242.7,294.2,243.03485714285713,10.198292592857833,293.0581333333333,0.43388373911755823,-0.900968867902419,0.8660254037844386,0.5000000000000001,0.6084768701151261,0.7935716089521474,220.744,295.0
2019-02-08,Tamil Nadu,SR,12.92038576,79.15004187,220.744,2019,2,4,39,0,0,26.1,65,220.744,244.1,279.2,239.69828571428573,13.177315428598424,291.1096,-0.433883739117558,-0.9009688679024191,0.8660254037844386,0.5000000000000001,0.6220467484408675,0.7829801036770629,221.8,297.2
2019-02-09,Tamil Nadu,SR,12.92038576,79.15004187,221.8,2019,2,5,40,1,0,26.5,67,220.744,245.2,280.4,236.35542857142858,14.455141909336788,289.1562666666666,-0.9749279121818236,-0.2225209339563146,0.8660254037844386,0.5000000000000001,0.6354323008901774,0.7721565844991642,230.7,304.7
2019-02-10,Tamil Nadu,SR,12.92038576,79.15004187,230.7,2019,2,6,41,1,0,26.0,71,221.8,243.9,290.8,234.46971428571428,14.164972358066208,287.15293333333335,-0.7818314824680299,0.6234898018587334,0.8660254037844386,0.5000000000000001,0.6486295610349814,0.7611042586607747,245.8,301.5
2019-02-11,Tamil Nadu,SR,12.92038576,79.15004187,245.8,2019,2,0,42,0,0,25.5,67,230.7,246.5,270.5,234.36971428571428,14.068026700220368,286.32959999999997,0.0,1.0,0.8660254037844386,0.5000000000000001,0.6616346182422783,0.7498264012045686,253.6,302.2
2019-02-12,Tamil Nadu,SR,12.92038576,79.15004187,253.6,2019,2,1,43,0,0,24.7,67,245.8,250.2,298.4,234.85542857142855,14.747942035610665,284.83626666666663,0.7818314824680298,0.6234898018587336,0.8660254037844386,0.5000000000000001,0.6744436188329455,0.7383263540031065,243.0,294.6
2019-02-13,Tamil Nadu,SR,12.92038576,79.15004187,243.0,2019,2,2,44,0,0,24.1,65,253.6,250.6,314.1,233.7697142857143,13.633303900306538,282.4662666666666,0.9749279121818236,-0.22252093395631434,0.8660254037844386,0.5000000000000001,0.6870527672236669,0.7266075247685656,295.0,282.4
2019-02-14,Tamil Nadu,SR,12.92038576,79.15004187,295.0,2019,2,3,45,0,0,24.6,67,243.0,220.744,305.9,244.3777142857143,25.517878893789533,282.10293333333334,0.43388373911755823,-0.900968867902419,0.8660254037844386,0.5000000000000001,0.699458327051647,0.7146733860429609,297.2,345.5
2019-02-15,Tamil Nadu,SR,12.92038576,79.15004187,297.2,2019,2,4,46,0,0,25.6,67,295.0,220.744,288.7,255.29999999999998,29.730848177160084,282.38626666666664,-0.433883739117558,-0.9009688679024191,0.8660254037844386,0.5000000000000001,0.7116566222817746,0.7025274741691571,304.7,356.2
2019-02-16,Tamil Nadu,SR,12.92038576,79.15004187,304.7,2019,2,5,47,1,0,26.8,63,297.2,221.8,301.4,267.14285714285717,30.659085501846427,282.49626666666666,-0.9749279121818236,-0.2225209339563146,0.8660254037844386,0.5000000000000001,0.7236440382959124,0.6901733882429719,301.5,345.2
2019-02-17,Tamil Nadu,SR,12.92038576,79.15004187,301.5,2019,2,6,48,1,0,27.3,66,304.7,230.7,313.9,277.25714285714287,28.213817958750752,282.0829333333333,-0.7818314824680299,0.6234898018587334,0.8660254037844386,0.5000000000000001,0.7354170229639855,0.6776147890466889,302.2,349.5
2019-02-18,Tamil Nadu,SR,12.92038576,79.15004187,302.2,2019,2,0,49,0,0,26.9,71,301.5,245.8,321.5,285.3142857142857,25.671932051135066,281.4396,0.0,1.0,0.8660254037844386,0.5000000000000001,0.7469720876965552,0.6648553979642865,294.6,343.0
2019-02-19,Tamil Nadu,SR,12.92038576,79.15004187,294.6,2019,2,1,50,0,0,27.0,71,302.2,253.6,325.8,291.1714285714286,21.581528698226652,280.39959999999996,0.7818314824680298,0.6234898018587336,0.8660254037844386,0.5000000000000001,0.7583058084785624,0.6518989958787126,282.4,336.8
2019-02-20,Tamil Nadu,SR,12.92038576,79.15004187,282.4,2019,2,2,51,0,0,26.5,65,294.6,243.0,325.4,296.8,7.407878688711466,278.9662666666667,0.9749279121818236,-0.22252093395631434,0.8660254037844386,0.5000000000000001,0.7694148268839378,0.6387494220515272,345.5,313.7
2019-02-21,Tamil Nadu,SR,12.92038576,79.15004187,345.5,2019,2,3,52,0,0,25.8,62,282.4,295.0,311.5,304.0142857142857,19.720499365839945,280.09960000000007,0.43388373911755823,-0.900968867902419,0.8660254037844386,0.5000000000000001,0.7802958510707755,0.6254105729852463,356.2,296.7
2019-02-22,Tamil Nadu,SR,12.92038576,79.15004187,356.2,2019,2,4,53,0,0,25.7,51,345.5,297.2,295.3,312.4428571428571,27.425709176054525,282.12960000000004,-0.433883739117558,-0.9009688679024191,0.8660254037844386,0.5000000000000001,0.7909456567567772,0.6118864012687243,345.2,307.0
2019-02-23,Tamil Nadu,SR,12.92038576,79.15004187,345.2,2019,2,5,54,1,0,26.1,35,356.2,304.7,340.6,318.2285714285714,29.697851453470133,282.2829333333333,-0.9749279121818236,-0.2225209339563146,0.8660254037844386,0.5000000000000001,0.8013610881746766,0.5981809144059165,349.5,302.4
2019-02-24,Tamil Nadu,SR,12.92038576,79.15004187,349.5,2019,2,6,55,1,0,26.5,43,345.2,301.5,332.7,325.0857142857143,30.71560019335601,282.84293333333335,-0.7818314824680299,0.6234898018587334,0.8660254037844386,0.5000000000000001,0.8115390590073611,0.5842981736283684,343.0,308.0
2019-02-25,Tamil Nadu,SR,12.92038576,79.15004187,343.0,2019,2,0,56,0,0,25.8,55,349.5,302.2,298.4,330.9142857142857,29.49589963432359,284.3296,0.0,1.0,0.8660254037844386,0.5000000000000001,0.8214765533024142,0.5702422926917871,336.8,314.3
2019-02-26,Tamil Nadu,SR,12.92038576,79.15004187,336.8,2019,2,1,57,0,0,26.2,62,343.0,294.6,330.0,336.9428571428571,24.770806550107572,284.55626666666666,0.7818314824680298,0.6234898018587336,0.8660254037844386,0.5000000000000001,0.8311706263658079,0.5560174366570446,313.7,306.3
2019-02-27,Tamil Nadu,SR,12.92038576,79.15004187,313.7,2019,2,2,58,0,0,27.6,66,336.8,282.4,347.2,341.41428571428565,13.58251677358641,283.4396,0.9749279121818236,-0.22252093395631434,0.8660254037844386,0.5000000000000001,0.8406184056344782,0.5416278206559814,296.7,282.7
2019-02-28,Tamil Nadu,SR,12.92038576,79.15004187,296.7,2019,2,3,59,0,0,27.8,66,313.7,345.5,346.6,334.4428571428571,21.40629635900425,281.7762666666667,0.43388373911755823,-0.900968867902419,0.8660254037844386,0.5000000000000001,0.8498170915275278,0.5270777086423722,307.0,284.8
2019-03-02,Tamil Nadu,SR,12.92038576,79.15004187,307.0,2019,3,5,61,1,0,26.8,62,296.7,356.2,329.5,327.4142857142857,21.147531658283217,281.0262666666667,-0.9749279121818236,-0.2225209339563146,1.0,6.123233995736766e-17,0.8674563547295969,0.49751328890718066,302.4,302.4
2019-03-03,Tamil Nadu,SR,12.92038576,79.15004187,302.4,2019,3,6,62,1,0,26.5,59,307.0,345.2,242.7,321.3,21.334635376932578,283.01626666666664,-0.7818314824680299,0.6234898018587334,1.0,6.123233995736766e-17,0.8758917051442429,0.48250774176121847,308.0,312.0
2019-03-04,Tamil Nadu,SR,12.92038576,79.15004187,308.0,2019,3,0,63,0,1,27.3,62,302.4,349.5,244.1,315.37142857142857,17.638094595289413,285.14626666666663,0.0,1.0,1.0,6.123233995736766e-17,0.8840675099433636,0.4673592171580022,314.3,310.8
2019-03-05,Tamil Nadu,SR,12.92038576,79.15004187,314.3,2019,3,1,64,0,0,28.8,58,308.0,343.0,245.2,311.2714285714286,12.824158748980153,287.4496,0.7818314824680298,0.6234898018587336,1.0,6.123233995736766e-17,0.8919813464595485,0.45207220393230435,306.3,307.0
2019-03-06,Tamil Nadu,SR,12.92038576,79.15004187,306.3,2019,3,2,65,0,0,29.9,55,314.3,336.8,243.9,306.9142857142857,6.149099817975381,289.5296,0.9749279121818236,-0.22252093395631434,1.0,6.123233995736766e-17,0.8996308696522433,0.43665123195606403,282.7,303.6
2019-03-07,Tamil Nadu,SR,12.92038576,79.15004187,282.7,2019,3,3,66,0,0,30.0,56,306.3,313.7,246.5,302.4857142857143,10.245881867271915,290.73626666666667,0.43388373911755823,-0.900968867902419,1.0,6.123233995736766e-17,0.9070138128026359,0.4211008707960896,284.8,278.7
2019-03-08,Tamil Nadu,SR,12.92038576,79.15004187,284.8,2019,3,4,67,0,0,29.0,60,282.7,296.7,250.2,300.7857142857143,12.172021000560724,291.88960000000003,-0.433883739117558,-0.9009688679024191,1.0,6.123233995736766e-17,0.9141279881853337,0.40542572835999735,302.4,228.7
2019-03-09,Tamil Nadu,SR,12.92038576,79.15004187,302.4,2019,3,5,68,1,0,28.4,65,284.8,307.0,250.6,300.12857142857143,11.901780579072065,293.61626666666666,-0.9749279121818236,-0.2225209339563146,1.0,6.123233995736766e-17,0.9209712877166346,0.38963044953078796,312.0,230.9
2019-03-10,Tamil Nadu,SR,12.92038576,79.15004187,312.0,2019,3,6,69,1,0,28.4,63,302.4,302.4,220.744,301.5,12.731326194339015,296.65813333333335,-0.7818314824680299,0.6234898018587334,1.0,6.123233995736766e-17,0.9275416835791966,0.37371971479046906,310.8,236.3
2019-03-11,Tamil Nadu,SR,12.92038576,79.15004187,310.8,2019,3,0,70,0,0,27.9,58,312.0,308.0,220.744,301.90000000000003,13.010508573200719,299.65999999999997,0.0,1.0,1.0,6.123233995736766e-17,0.9338372288229252,0.35769823883312546,307.0,221.8
2019-03-12,Tamil Nadu,SR,12.92038576,79.15004187,307.0,2019,3,1,71,0,0,27.7,50,310.8,314.3,221.8,300.85714285714283,12.112508292787801,302.5,0.7818314824680298,0.6234898018587336,1.0,6.123233995736766e-17,0.9398560579418954,0.3415707691678556,303.6,228.8
2019-03-13,Tamil Nadu,SR,12.92038576,79.15004187,303.6,2019,3,2,72,0,0,27.2,48,307.0,306.3,230.7,300.4714285714286,11.952226331763905,304.93,0.9749279121818236,-0.22252093395631434,1.0,6.123233995736766e-17,0.9455963874271426,0.3253420847119801,278.7,234.4
2019-03-14,Tamil Nadu,SR,12.92038576,79.15004187,278.7,2019,3,3,73,0,0,27.5,45,303.6,282.7,245.8,299.90000000000003,12.993716430131245,306.0266666666667,0.43388373911755823,-0.900968867902419,1.0,6.123233995736766e-17,0.9510565162951535,0.30901699437494745,228.7,245.3
2019-03-15,Tamil Nadu,SR,12.92038576,79.15004187,228.7,2019,3,4,74,0,0,27.7,34,278.7,284.8,253.6,291.88571428571424,30.01346523209359,305.19666666666666,-0.433883739117558,-0.9009688679024191,1.0,6.123233995736766e-17,0.9562348265919056,0.29260033563334836,230.9,269.1
2019-03-16,Tamil Nadu,SR,12.92038576,79.15004187,230.9,2019,3,5,75,1,0,26.5,55,228.7,302.4,243.0,281.6714285714286,37.155605870703305,304.79333333333335,-0.9749279121818236,-0.2225209339563146,1.0,6.123233995736766e-17,0.9611297838723007,0.27609697309746883,236.3,280.8
2019-03-17,Tamil Nadu,SR,12.92038576,79.15004187,236.3,2019,3,6,76,1,0,26.4,58,230.9,312.0,295.0,270.85714285714283,37.86673373568833,302.8366666666667,-0.7818314824680299,0.6234898018587334,1.0,6.123233995736766e-17,0.9657399376548549,0.2595117970697999,221.8,280.3
2019-03-18,Tamil Nadu,SR,12.92038576,79.15004187,221.8,2019,3,0,77,0,0,27.3,59,236.3,310.8,297.2,258.14285714285717,37.15493942680456,300.3233333333333,0.0,1.0,1.0,6.123233995736766e-17,0.9700639218515071,0.2428497220959356,228.8,265.8
2019-03-19,Tamil Nadu,SR,12.92038576,79.15004187,228.8,2019,3,1,78,0,0,28.1,58,221.8,307.0,304.7,246.97142857142856,31.313773023262023,297.79333333333335,0.7818314824680298,0.6234898018587336,1.0,6.123233995736766e-17,0.9741004551724205,0.22611568550828828,234.4,264.7
2019-03-20,Tamil Nadu,SR,12.92038576,79.15004187,234.4,2019,3,2,79,0,0,27.7,59,228.8,303.6,301.5,237.08571428571426,18.93175714431756,295.5566666666667,0.9749279121818236,-0.22252093395631434,1.0,6.123233995736766e-17,0.9778483415056568,0.20931464596304847,245.3,250.0
2019-03-21,Tamil Nadu,SR,12.92038576,79.15004187,245.3,2019,3,3,80,0,1,27.9,56,234.4,278.7,302.2,232.31428571428572,7.380476175113568,293.65999999999997,0.43388373911755823,-0.900968867902419,1.0,6.123233995736766e-17,0.9813064702716093,0.19245158197082998,269.1,220.744
2019-03-22,Tamil Nadu,SR,12.92038576,79.15004187,269.1,2019,3,4,81,0,0,28.7,59,245.3,228.7,294.6,238.08571428571426,15.458485110280145,292.81,-0.433883739117558,-0.9009688679024191,1.0,6.123233995736766e-17,0.9844738167520922,0.1755314904214282,280.8,345.9
2019-03-23,Tamil Nadu,SR,12.92038576,79.15004187,280.8,2019,3,5,82,1,0,29.6,57,269.1,230.9,282.4,245.21428571428572,21.798121369468674,292.7566666666667,-0.9749279121818236,-0.2225209339563146,1.0,6.123233995736766e-17,0.9873494423939864,0.15855938510313475,280.3,341.9
2019-03-24,Tamil Nadu,SR,12.92038576,79.15004187,280.3,2019,3,6,83,1,0,29.2,56,280.8,236.3,345.5,251.50000000000003,24.919604063200094,290.5833333333333,-0.7818314824680299,0.6234898018587334,1.0,6.123233995736766e-17,0.989932495087353,0.141540295217043,265.8,350.1
2019-03-25,Tamil Nadu,SR,12.92038576,79.15004187,265.8,2019,3,0,84,0,0,29.1,55,280.3,221.8,356.2,257.7857142857143,21.49321044511702,287.56999999999994,0.0,1.0,1.0,6.123233995736766e-17,0.9922222094179323,0.12447926388678915,264.7,346.0
2019-03-26,Tamil Nadu,SR,12.92038576,79.15004187,264.7,2019,3,1,85,0,0,28.4,56,265.8,228.8,345.2,262.9142857142857,17.297729000404093,284.88666666666666,0.7818314824680298,0.6234898018587336,1.0,6.123233995736766e-17,0.994217906893952,0.10738134666416309,250.0,351.1
2019-03-27,Tamil Nadu,SR,12.92038576,79.15004187,250.0,2019,3,2,86,0,0,28.5,49,264.7,234.4,349.5,265.14285714285717,13.627283556998785,281.57,0.9749279121818236,-0.22252093395631434,1.0,6.123233995736766e-17,0.995918996147179,0.09025161003104117,220.744,349.3
2019-03-28,Tamil Nadu,SR,12.92038576,79.15004187,220.744,2019,3,3,87,0,0,29.2,50,250.0,245.3,343.0,261.63485714285713,20.839042807740714,277.49480000000005,0.43388373911755823,-0.900968867902419,1.0,6.123233995736766e-17,0.9973249731081555,0.07309512989807777,345.9,327.0
2019-03-29,Tamil Nadu,SR,12.92038576,79.15004187,345.9,2019,3,4,88,0,0,29.6,46,220.744,269.1,336.8,272.6062857142857,38.31421507184272,277.79813333333334,-0.433883739117558,-0.9009688679024191,1.0,6.123233995736766e-17,0.9984354211555643,0.055916990100603484,341.9,318.5
2019-03-30,Tamil Nadu,SR,12.92038576,79.15004187,341.9,2019,3,5,89,1,0,29.8,39,345.9,280.8,313.7,281.3348571428571,46.56364932515684,278.73813333333334,-0.9749279121818236,-0.2225209339563146,1.0,6.123233995736766e-17,0.9992500112396835,0.03872228089217446,350.1,327.6
2019-03-31,Tamil Nadu,SR,12.92038576,79.15004187,350.1,2019,3,6,90,1,0,30.5,43,341.9,280.3,296.7,291.3062857142857,53.292602456358004,280.5181333333333,-0.7818314824680299,0.6234898018587334,1.0,6.123233995736766e-17,0.9997685019798909,0.021516097436222254,346.0,332.8
2019-04-02,Tamil Nadu,SR,12.92038576,79.15004187,346.0,2019,4,1,92,0,0,29.6,53,350.1,265.8,307.0,302.76342857142856,55.47158097277408,281.8181333333333,0.7818314824680298,0.6234898018587336,0.8660254037844387,-0.4999999999999998,0.9999166586547379,-0.01291029607500882,351.1,335.5
2019-04-03,Tamil Nadu,SR,12.92038576,79.15004187,351.1,2019,4,2,93,0,0,28.8,57,346.0,264.7,302.4,315.10628571428566,55.20228627425446,283.4414666666667,0.9749279121818236,-0.22252093395631434,0.8660254037844387,-0.4999999999999998,0.9995462806873573,-0.030120304846908114,349.3,340.9
2019-04-04,Tamil Nadu,SR,12.92038576,79.15004187,349.3,2019,4,3,94,0,0,28.3,57,351.1,250.0,308.0,329.292,47.96786196333239,284.8181333333333,0.43388373911755823,-0.900968867902419,0.8660254037844387,-0.4999999999999998,0.9988797155850336,-0.04732138832243185,327.0,334.6
2019-04-05,Tamil Nadu,SR,12.92038576,79.15004187,327.0,2019,4,4,95,0,0,29.1,54,349.3,220.744,314.3,344.47142857142853,8.31839613661722,285.24146666666667,-0.433883739117558,-0.9009688679024191,0.8660254037844387,-0.4999999999999998,0.9979171608653922,-0.06450844944931623,318.5,312.9
2019-04-06,Tamil Nadu,SR,12.92038576,79.15004187,318.5,2019,4,5,96,1,0,29.4,53,327.0,345.9,306.3,340.5571428571429,12.782782318787191,285.6481333333333,-0.9749279121818236,-0.2225209339563146,0.8660254037844387,-0.4999999999999998,0.9966589017541702,-0.08167639533042241,327.6,329.9
2019-04-07,Tamil Nadu,SR,12.92038576,79.15004187,327.6,2019,4,6,97,1,0,29.8,51,318.5,341.9,282.7,338.5142857142857,13.645930842980391,287.14480000000003,-0.7818314824680299,0.6234898018587334,0.8660254037844387,-0.4999999999999998,0.9951053111006976,-0.09882013873287143,332.8,347.7
2019-04-08,Tamil Nadu,SR,12.92038576,79.15004187,332.8,2019,4,0,98,0,0,29.9,56,327.6,350.1,284.8,336.04285714285714,12.734056324524632,288.7448,0.0,1.0,0.8660254037844387,-0.4999999999999998,0.9932568492674143,-0.11593459959550041,335.5,330.3
2019-04-09,Tamil Nadu,SR,12.92038576,79.15004187,335.5,2019,4,1,99,0,0,30.3,57,332.8,346.0,302.4,334.54285714285714,11.960609954185696,289.8481333333333,0.7818314824680298,0.6234898018587336,0.8660254037844387,-0.4999999999999998,0.9911140639934547,-0.1330147065341959,340.9,334.0
2019-04-10,Tamil Nadu,SR,12.92038576,79.15004187,340.9,2019,4,2,100,0,0,30.3,56,335.5,351.1,312.0,333.0857142857143,10.080910767621017,290.8114666666667,0.9749279121818236,-0.22252093395631434,0.8660254037844387,-0.4999999999999998,0.9886775902323405,-0.1500553983446526,334.6,337.3
2019-04-11,Tamil Nadu,SR,12.92038576,79.15004187,334.6,2019,4,3,101,0,0,30.5,56,340.9,349.3,310.8,330.9857142857143,7.283183500690999,291.6048,0.43388373911755823,-0.900968867902419,0.8660254037844387,-0.4999999999999998,0.9859481499638304,-0.16705162550211924,312.9,339.7
2019-04-12,Tamil Nadu,SR,12.92038576,79.15004187,312.9,2019,4,4,102,0,0,30.5,52,334.6,327.0,307.0,328.9714285714286,10.008948377278381,291.8014666666667,-0.433883739117558,-0.9009688679024191,0.8660254037844387,-0.4999999999999998,0.9829265519799822,-0.18399835165768005,329.9,319.5
2019-04-13,Tamil Nadu,SR,12.92038576,79.15004187,329.9,2019,4,5,103,1,1,29.7,53,312.9,318.5,303.6,330.59999999999997,8.885568824409,292.6781333333334,-0.9749279121818236,-0.2225209339563146,0.8660254037844387,-0.4999999999999998,0.9796136916454901,-0.20089055513063506,347.7,311.6
2019-04-14,Tamil Nadu,SR,12.92038576,79.15004187,347.7,2019,4,6,104,1,1,29.7,51,329.9,327.6,278.7,333.47142857142853,10.79671466785259,294.9781333333333,-0.7818314824680299,0.6234898018587334,0.8660254037844387,-0.4999999999999998,0.9760105506323683,-0.21772323039653177,330.3,323.8
2019-04-15,Tamil Nadu,SR,12.92038576,79.15004187,330.3,2019,4,0,105,0,0,29.7,47,347.7,332.8,228.7,333.11428571428576,10.863766776372008,298.36480000000006,0.0,1.0,0.8660254037844387,-0.4999999999999998,0.9721181966290613,-0.23449138957040985,334.0,325.6
2019-04-16,Tamil Nadu,SR,12.92038576,79.15004187,334.0,2019,4,1,106,0,0,30.0,49,330.3,335.5,230.9,332.90000000000003,10.823585357910554,301.80146666666667,0.7818314824680298,0.6234898018587336,0.8660254037844387,-0.4999999999999998,0.9679377830240642,-0.25119006388481935,337.3,328.3
2019-04-17,Tamil Nadu,SR,12.92038576,79.15004187,337.3,2019,4,2,107,0,1,30.9,54,334.0,340.9,236.3,332.38571428571424,10.45951378274365,305.16813333333334,0.9749279121818236,-0.22252093395631434,0.8660254037844387,-0.4999999999999998,0.9634705485641488,-0.2678143051621742,339.7,329.1
2019-04-18,Tamil Nadu,SR,12.92038576,79.15004187,339.7,2019,4,3,108,0,0,30.9,56,337.3,334.6,221.8,333.11428571428576,10.81117147081685,309.09813333333335,0.43388373911755823,-0.900968867902419,0.8660254037844387,-0.4999999999999998,0.9587178169872964,-0.2843591872810034,319.5,326.4
2019-04-19,Tamil Nadu,SR,12.92038576,79.15004187,319.5,2019,4,4,109,0,1,30.5,60,339.7,312.9,228.8,334.0571428571428,8.867516966030143,312.12146666666666,-0.433883739117558,-0.9009688679024191,0.8660254037844387,-0.4999999999999998,0.9536809966304457,-0.30081980763566735,311.6,302.8
2019-04-20,Tamil Nadu,SR,12.92038576,79.15004187,311.6,2019,4,5,110,1,0,28.8,67,319.5,329.9,234.4,331.4428571428571,12.322047603496474,314.69480000000004,-0.9749279121818236,-0.2225209339563146,0.8660254037844387,-0.4999999999999998,0.9483615800121715,-0.3171912885891061,323.8,277.7
2019-04-21,Tamil Nadu,SR,12.92038576,79.15004187,323.8,2019,4,6,111,1,0,30.2,59,311.6,347.7,245.3,328.0285714285714,10.194069237503978,317.3114666666667,-0.7818314824680299,0.6234898018587334,0.8660254037844387,-0.4999999999999998,0.9427611433904207,-0.3334687789181868,325.6,285.9
2019-04-22,Tamil Nadu,SR,12.92038576,79.15004187,325.6,2019,4,0,112,0,0,29.8,65,323.8,330.3,269.1,327.35714285714283,10.174290662064262,319.19480000000004,0.0,1.0,0.8660254037844387,-0.4999999999999998,0.9368813462954315,-0.3496474552512284,328.3,261.1
2019-04-23,Tamil Nadu,SR,12.92038576,79.15004187,328.3,2019,4,1,113,0,0,28.8,67,325.6,334.0,280.8,326.54285714285714,9.774261633298366,320.7781333333333,0.7818314824680298,0.6234898018587336,0.8660254037844387,-0.4999999999999998,0.9307239310379795,-0.36572252349726897,329.1,272.4
2019-04-24,Tamil Nadu,SR,12.92038576,79.15004187,329.1,2019,4,2,114,0,0,30.3,58,328.3,337.3,280.3,325.3714285714286,8.702818372172661,322.4048,0.9749279121818236,-0.22252093395631434,0.8660254037844387,-0.4999999999999998,0.9242907221930933,-0.3816892202666588,326.4,271.4
2019-04-25,Tamil Nadu,SR,12.92038576,79.15004187,326.4,2019,4,3,115,0,0,29.8,55,329.1,339.7,265.8,323.4714285714286,6.122557822160089,324.4248,0.43388373911755823,-0.900968867902419,0.8660254037844387,-0.4999999999999998,0.9175836260593937,-0.39754281428255595,302.8,276.3
2019-04-26,Tamil Nadu,SR,12.92038576,79.15004187,302.8,2019,4,4,116,0,0,30.9,53,326.4,319.5,264.7,321.0857142857143,9.97169804520485,325.69480000000004,-0.433883739117558,-0.9009688679024191,0.8660254037844387,-0.4999999999999998,0.9106046300942162,-0.4132786077829042,277.7,259.2
2019-04-27,Tamil Nadu,SR,12.92038576,79.15004187,277.7,2019,4,5,117,1,0,30.9,58,302.8,311.6,250.0,316.2428571428572,19.256068925826288,326.61813333333333,-0.9749279121818236,-0.2225209339563146,0.8660254037844387,-0.4999999999999998,0.9033558023246845,-0.4288919379124835,285.9,280.4
2019-04-28,Tamil Nadu,SR,12.92038576,79.15004187,285.9,2019,4,6,118,1,0,30.2,60,277.7,323.8,220.744,310.8285714285715,21.920896749122715,328.78999999999996,-0.7818314824680299,0.6234898018587334,0.8660254037844387,-0.4999999999999998,0.895839290734909,-0.4443781781046132,261.1,282.4
2019-04-29,Tamil Nadu,SR,12.92038576,79.15004187,261.1,2019,4,0,119,0,0,30.8,59,285.9,325.6,345.9,301.61428571428576,27.518383465810924,325.9633333333333,0.0,1.0,0.8660254037844387,-0.4999999999999998,0.8880573226294932,-0.45973273945210397,272.4,282.3
2019-04-30,Tamil Nadu,SR,12.92038576,79.15004187,272.4,2019,4,1,120,0,0,31.6,54,261.1,328.3,341.9,293.6285714285714,26.57854487399636,323.64666666666665,0.7818314824680298,0.6234898018587336,0.8660254037844387,-0.4999999999999998,0.8800122039735357,-0.47495107206704995,271.4,280.9
2019-05-02,Tamil Nadu,SR,12.92038576,79.15004187,271.4,2019,5,3,122,0,0,33.2,39,272.4,329.1,350.1,285.38571428571424,22.3561645914072,321.02333333333337,0.43388373911755823,-0.900968867902419,0.49999999999999994,-0.8660254037844387,0.8631421280499114,-0.5049610547215204,276.3,293.5
2019-05-03,Tamil Nadu,SR,12.92038576,79.15004187,276.3,2019,5,4,123,0,0,33.4,38,271.4,326.4,346.0,278.2285714285714,13.169372838232588,318.7,-0.433883739117558,-0.9009688679024191,0.49999999999999994,-0.8660254037844387,0.854322169749827,-0.5197438121555155,259.2,291.6
2019-05-04,Tamil Nadu,SR,12.92038576,79.15004187,259.2,2019,5,5,124,1,0,32.6,43,276.3,302.8,351.1,272.0,9.375144443331706,315.63666666666666,-0.9749279121818236,-0.2225209339563146,0.49999999999999994,-0.8660254037844387,0.8452490573530633,-0.5343725582809786,280.4,274.7
2019-05-05,Tamil Nadu,SR,12.92038576,79.15004187,280.4,2019,5,6,125,1,0,32.6,48,259.2,277.7,349.3,272.3857142857143,9.698698980005606,313.34000000000003,-0.7818314824680299,0.6234898018587334,0.49999999999999994,-0.8660254037844387,0.8359254794186372,-0.548842958284719,282.4,297.9
2019-05-06,Tamil Nadu,SR,12.92038576,79.15004187,282.4,2019,5,0,126,0,0,32.6,48,280.4,285.9,327.0,271.88571428571424,8.946960111573949,311.85333333333335,0.0,1.0,0.49999999999999994,-0.8660254037844387,0.8263541987239096,-0.5631507242749186,282.3,299.0
2019-05-07,Tamil Nadu,SR,12.92038576,79.15004187,282.3,2019,5,1,127,0,0,32.2,50,282.4,261.1,318.5,274.9142857142857,8.248318732006,310.64666666666665,0.7818314824680298,0.6234898018587336,0.49999999999999994,-0.8660254037844387,0.8165380514459161,-0.5772916165517272,280.9,312.3
2019-05-08,Tamil Nadu,SR,12.92038576,79.15004187,280.9,2019,5,2,128,0,0,32.1,46,282.3,272.4,327.6,276.12857142857143,8.439927781230095,309.09000000000003,0.9749279121818236,-0.22252093395631434,0.49999999999999994,-0.8660254037844387,0.8064799463209448,-0.5912614448635781,293.5,312.5
2019-05-09,Tamil Nadu,SR,12.92038576,79.15004187,293.5,2019,5,3,129,0,0,32.8,42,280.9,271.4,332.8,279.2857142857143,10.303952085070366,307.78000000000003,0.43388373911755823,-0.900968867902419,0.49999999999999994,-0.8660254037844387,0.7961828637826158,-0.6050560696488488,291.6,300.7
2019-05-10,Tamil Nadu,SR,12.92038576,79.15004187,291.6,2019,5,4,130,0,0,33.3,40,293.5,276.3,335.5,281.4714285714286,11.15283436108108,306.31666666666666,-0.433883739117558,-0.9009688679024191,0.49999999999999994,-0.8660254037844387,0.7856498550787147,-0.6186714032625031,274.7,305.3
2019-05-11,Tamil Nadu,SR,12.92038576,79.15004187,274.7,2019,5,5,131,1,0,33.1,48,291.6,259.2,340.9,283.68571428571425,6.605913656572477,304.10999999999996,-0.9749279121818236,-0.2225209339563146,0.49999999999999994,-0.8660254037844387,0.7748840413670407,-0.6321034111873487,297.9,284.4
2019-05-12,Tamil Nadu,SR,12.92038576,79.15004187,297.9,2019,5,6,132,1,0,32.2,52,274.7,280.4,334.6,286.18571428571425,8.259626418393436,302.88666666666666,-0.7818314824680299,0.6234898018587334,0.49999999999999994,-0.8660254037844387,0.7638886127905428,-0.6453481132295501,299.0,324.7
2019-05-13,Tamil Nadu,SR,12.92038576,79.15004187,299.0,2019,5,0,133,0,0,31.7,53,297.9,282.4,312.9,288.5571428571429,9.30803544307374,302.4233333333333,0.0,1.0,0.49999999999999994,-0.8660254037844387,0.7526668275320085,-0.6584015846980488,312.3,323.2
2019-05-14,Tamil Nadu,SR,12.92038576,79.15004187,312.3,2019,5,1,134,0,0,32.3,48,299.0,282.3,329.9,292.84285714285716,12.354736897624118,301.8366666666667,0.7818314824680298,0.6234898018587336,0.49999999999999994,-0.8660254037844387,0.7412220108485958,-0.6712599575675313,312.5,337.7
2019-05-15,Tamil Nadu,SR,12.92038576,79.15004187,312.5,2019,5,2,135,0,0,31.8,54,312.3,280.9,347.7,297.35714285714283,13.018942243625084,300.66333333333336,0.9749279121818236,-0.22252093395631434,0.49999999999999994,-0.8660254037844387,0.7295575540864875,-0.6839194216246106,300.7,342.2
2019-05-16,Tamil Nadu,SR,12.92038576,79.15004187,300.7,2019,5,3,136,0,0,31.7,55,312.5,293.5,330.3,298.38571428571424,12.947641815072608,299.6766666666666,0.43388373911755823,-0.900968867902419,0.49999999999999994,-0.8660254037844387,0.717676913675962,-0.6963762255968722,305.3,352.2
2019-05-17,Tamil Nadu,SR,12.92038576,79.15004187,305.3,2019,5,4,137,0,0,31.6,58,300.7,291.6,334.0,300.34285714285716,12.785389727191653,298.72,-0.433883739117558,-0.9009688679024191,0.49999999999999994,-0.8660254037844387,0.705583610107178,-0.7086266782644596,284.4,352.2
2019-05-18,Tamil Nadu,SR,12.92038576,79.15004187,284.4,2019,5,5,138,1,1,32.0,56,305.3,274.7,337.3,301.7285714285714,9.695138693474226,296.9566666666667,-0.9749279121818236,-0.2225209339563146,0.49999999999999994,-0.8660254037844387,0.6932812268869777,-0.7206671495538609,324.7,325.7
2019-05-19,Tamil Nadu,SR,12.92038576,79.15004187,324.7,2019,5,6,139,1,0,32.2,50,284.4,297.9,339.7,305.5571428571429,12.743607174168103,296.45666666666665,-0.7818314824680299,0.6234898018587334,0.49999999999999994,-0.8660254037844387,0.6807734094770161,-0.7324940716135789,323.2,276.5
2019-05-20,Tamil Nadu,SR,12.92038576,79.15004187,323.2,2019,5,0,140,0,0,31.6,48,324.7,299.0,319.5,309.0142857142857,13.89849255272235,296.58,0.0,1.0,0.49999999999999994,-0.8660254037844387,0.6680638642135335,-0.7441039398713607,337.7,302.6
2019-05-21,Tamil Nadu,SR,12.92038576,79.15004187,337.7,2019,5,1,141,0,0,31.3,51,323.2,312.3,311.6,312.64285714285717,17.696125483925538,297.45,0.7818314824680298,0.6234898018587336,0.49999999999999994,-0.8660254037844387,0.6551563572090853,-0.7554933140726803,342.2,290.7
2019-05-22,Tamil Nadu,SR,12.92038576,79.15004187,342.2,2019,5,2,142,0,0,31.2,54,337.7,312.5,323.8,316.88571428571424,20.922510092515388,298.06333333333333,0.9749279121818236,-0.22252093395631434,0.49999999999999994,-0.8660254037844387,0.6420547132365637,-0.766658819300159,352.2,256.3
2019-05-23,Tamil Nadu,SR,12.92038576,79.15004187,352.2,2019,5,3,143,0,0,31.4,56,342.2,300.7,325.6,324.24285714285713,23.211840164224384,298.95,0.43388373911755823,-0.900968867902419,0.49999999999999994,-0.8660254037844387,0.6287628145958344,-0.7775971469736269,352.2,245.9
2019-05-24,Tamil Nadu,SR,12.92038576,79.15004187,352.2,2019,5,4,144,0,0,31.8,56,352.2,305.3,328.3,330.9428571428571,23.59829493436968,299.74666666666667,-0.433883739117558,-0.9009688679024191,0.49999999999999994,-0.8660254037844387,0.6152845999633276,-0.7883050558305255,325.7,244.7
2019-05-25,Tamil Nadu,SR,12.92038576,79.15004187,325.7,2019,5,5,145,1,0,33.1,49,352.2,284.4,329.1,336.8428571428571,12.641579165970342,299.6333333333333,-0.9749279121818236,-0.2225209339563146,0.49999999999999994,-0.8660254037844387,0.6016240632249226,-0.7987793728863649,276.5,244.5
2019-05-26,Tamil Nadu,SR,12.92038576,79.15004187,276.5,2019,5,6,146,1,0,33.4,46,325.7,324.7,326.4,329.95714285714286,26.20679664659845,297.97,-0.7818314824680299,0.6234898018587334,0.49999999999999994,-0.8660254037844387,0.5877852522924732,-0.8090169943749473,302.6,253.7
2019-05-27,Tamil Nadu,SR,12.92038576,79.15004187,302.6,2019,5,0,147,0,0,33.0,49,276.5,323.2,302.8,327.0142857142857,28.174777643098963,297.9633333333333,0.0,1.0,0.49999999999999994,-0.8660254037844387,0.5737722679043246,-0.8190148866680801,290.7,257.5
2019-05-28,Tamil Nadu,SR,12.92038576,79.15004187,290.7,2019,5,1,148,0,0,32.7,53,302.6,337.7,277.7,320.3,30.691692687109583,298.39666666666665,0.7818314824680298,0.6234898018587336,0.49999999999999994,-0.8660254037844387,0.5595892624101765,-0.8287700871745038,256.3,262.0
2019-05-29,Tamil Nadu,SR,12.92038576,79.15004187,256.3,2019,5,2,149,0,0,33.0,50,290.7,342.2,285.9,308.0285714285714,37.000347488715484,297.41,0.9749279121818236,-0.22252093395631434,0.49999999999999994,-0.8660254037844387,0.545240438540651,-0.8382797052177744,245.9,259.4
2019-05-30,Tamil Nadu,SR,12.92038576,79.15004187,245.9,2019,5,3,150,0,0,32.5,52,256.3,352.2,261.1,292.84285714285716,37.65801628440054,296.90333333333336,0.43388373911755823,-0.900968867902419,0.49999999999999994,-0.8660254037844387,0.5307300481619334,-0.8475409228928311,244.7,266.0
2019-05-31,Tamil Nadu,SR,12.92038576,79.15004187,244.7,2019,5,4,151,0,0,31.5,56,245.9,352.2,272.4,277.4857142857143,30.69291061311642,295.97999999999996,-0.433883739117558,-0.9009688679024191,0.49999999999999994,-0.8660254037844387,0.5160623910158528,-0.8565509959010036,244.5,241.5
2019-06-02,Tamil Nadu,SR,12.92038576,79.15004187,244.5,2019,6,6,153,1,0,30.5,62,244.7,325.7,271.4,265.8857142857143,24.061894395594894,295.08333333333326,-0.7818314824680299,0.6234898018587334,1.2246467991473532e-16,-1.0,0.48627270710868997,-0.8738071036110808,253.7,220.744
2019-06-03,Tamil Nadu,SR,12.92038576,79.15004187,253.7,2019,6,0,154,0,0,30.9,57,244.5,276.5,276.3,262.62857142857143,23.928415067008697,294.33,0.0,1.0,1.2246467991473532e-16,-1.0,0.4711595076738638,-0.8820480249558537,257.5,278.2
2019-06-04,Tamil Nadu,SR,12.92038576,79.15004187,257.5,2019,6,1,155,0,0,30.7,57,253.7,302.6,259.2,256.1857142857143,16.193767172529665,294.2733333333333,0.7818314824680298,0.6234898018587336,1.2246467991473532e-16,-1.0,0.4559066935084588,-0.8900275764346767,262.0,281.6
2019-06-05,Tamil Nadu,SR,12.92038576,79.15004187,262.0,2019,6,2,156,0,1,30.1,63,257.5,290.7,280.4,252.08571428571426,7.051342324085166,293.65999999999997,0.9749279121818236,-0.22252093395631434,1.2246467991473532e-16,-1.0,0.440518784350495,-0.8977433935342337,259.4,289.8
2019-06-06,Tamil Nadu,SR,12.92038576,79.15004187,259.4,2019,6,3,157,0,0,30.8,62,262.0,256.3,282.4,252.5285714285714,7.446411727741999,292.8933333333333,0.43388373911755823,-0.900968867902419,1.2246467991473532e-16,-1.0,0.42500033996955416,-0.9051931898913974,266.0,294.9
2019-06-07,Tamil Nadu,SR,12.92038576,79.15004187,266.0,2019,6,4,158,0,0,31.5,58,259.4,245.9,282.3,255.4,8.291762981015442,292.35,-0.433883739117558,-0.9009688679024191,1.2246467991473532e-16,-1.0,0.4093559588156213,-0.9123747579707273,241.5,298.9
2019-06-08,Tamil Nadu,SR,12.92038576,79.15004187,241.5,2019,6,5,159,1,0,31.4,56,266.0,244.7,280.9,254.94285714285712,9.034905855045132,291.03666666666663,-0.9749279121818236,-0.2225209339563146,1.2246467991473532e-16,-1.0,0.39359027665646673,-0.9192859697186104,220.744,283.2
2019-06-09,Tamil Nadu,SR,12.92038576,79.15004187,220.744,2019,6,6,160,1,0,32.2,52,241.5,244.5,293.5,251.54914285714284,15.65069024493373,288.6114666666666,-0.7818314824680299,0.6234898018587334,1.2246467991473532e-16,-1.0,0.3777079652039649,-0.9259247771938498,278.2,272.9
2019-06-10,Tamil Nadu,SR,12.92038576,79.15004187,278.2,2019,6,0,161,0,0,31.6,49,220.744,253.7,291.6,255.04914285714284,18.66171049170454,288.16479999999996,0.0,1.0,1.2246467991473532e-16,-1.0,0.36171373072976765,-0.9322892131745133,281.6,348.9
2019-06-11,Tamil Nadu,SR,12.92038576,79.15004187,281.6,2019,6,1,162,0,0,32.0,47,278.2,257.5,274.7,258.492,21.234896938765758,288.3948,0.7818314824680298,0.6234898018587336,1.2246467991473532e-16,-1.0,0.3456123126707335,-0.9383773917408641,289.8,359.7
2019-06-12,Tamil Nadu,SR,12.92038576,79.15004187,289.8,2019,6,2,163,0,0,31.7,48,281.6,262.0,297.9,262.4634285714286,24.368710038744,288.1248,0.9749279121818236,-0.22252093395631434,1.2246467991473532e-16,-1.0,0.3294084822245304,-0.9441875088341993,294.9,362.1
2019-06-13,Tamil Nadu,SR,12.92038576,79.15004187,294.9,2019,6,3,164,0,0,31.6,48,289.8,259.4,299.0,267.5348571428571,27.15914527023121,287.98813333333334,0.43388373911755823,-0.900968867902419,1.2246467991473532e-16,-1.0,0.3131070409358269,-0.9497178427914316,298.9,362.1
2019-06-14,Tamil Nadu,SR,12.92038576,79.15004187,298.9,2019,6,4,165,0,0,31.9,47,294.9,266.0,312.3,272.23485714285715,29.587445059397286,287.5414666666666,-0.433883739117558,-0.9009688679024191,1.2246467991473532e-16,-1.0,0.29671281927349075,-0.9549667548552551,283.2,355.5
2019-06-15,Tamil Nadu,SR,12.92038576,79.15004187,283.2,2019,6,5,166,1,0,32.8,43,298.9,241.5,312.5,278.192,26.393469798417797,286.5648,-0.9749279121818236,-0.2225209339563146,1.2246467991473532e-16,-1.0,0.28023067519921585,-0.9599326896597447,272.9,351.6
2019-06-16,Tamil Nadu,SR,12.92038576,79.15004187,272.9,2019,6,6,167,1,0,33.2,40,283.2,220.744,300.7,285.64285714285717,9.298899064379201,285.6381333333333,-0.7818314824680299,0.6234898018587334,1.2246467991473532e-16,-1.0,0.26366549272800704,-0.9646141756912435,348.9,328.3
2019-06-17,Tamil Nadu,SR,12.92038576,79.15004187,348.9,2019,6,0,168,0,0,32.8,39,272.9,278.2,305.3,295.74285714285713,25.00272366115686,287.09146666666663,0.0,1.0,1.2246467991473532e-16,-1.0,0.24702218048093552,-0.9690098257244062,359.7,283.0
2019-06-18,Tamil Nadu,SR,12.92038576,79.15004187,359.7,2019,6,1,169,0,0,32.8,39,348.9,281.6,284.4,306.90000000000003,33.59052445755068,289.6014666666667,0.7818314824680298,0.6234898018587336,1.2246467991473532e-16,-1.0,0.23030567023061221,-0.9731183372332619,362.1,294.0
2019-06-19,Tamil Nadu,SR,12.92038576,79.15004187,362.1,2019,6,2,170,0,0,32.7,43,359.7,289.8,324.7,317.2285714285714,38.24877838074074,290.8481333333333,0.9749279121818236,-0.22252093395631434,1.2246467991473532e-16,-1.0,0.21352091543979612,-0.9769384927771817,362.1,297.4
2019-06-20,Tamil Nadu,SR,12.92038576,79.15004187,362.1,2019,6,3,171,0,0,32.0,46,362.1,294.9,323.2,326.8285714285715,40.098990605986785,292.1448,0.43388373911755823,-0.900968867902419,1.2246467991473532e-16,-1.0,0.19667288979357647,-0.980469160361632,355.5,302.3
2019-06-21,Tamil Nadu,SR,12.92038576,79.15004187,355.5,2019,6,4,172,0,0,31.4,45,362.1,298.9,337.7,334.9142857142857,39.22577505380096,292.73813333333334,-0.433883739117558,-0.9009688679024191,1.2246467991473532e-16,-1.0,0.1797665857255624,-0.9837092937736097,351.6,300.3
2019-06-22,Tamil Nadu,SR,12.92038576,79.15004187,351.6,2019,6,5,173,1,0,30.4,52,355.5,283.2,342.2,344.6857142857143,32.06152567441839,293.05146666666667,-0.9749279121818236,-0.2225209339563146,1.2246467991473532e-16,-1.0,0.16280701293851715,-0.986657932891657,328.3,299.5
2019-06-23,Tamil Nadu,SR,12.92038576,79.15004187,328.3,2019,6,6,174,1,0,30.2,57,351.6,272.9,352.2,352.59999999999997,11.86381051770286,292.2548,-0.7818314824680299,0.6234898018587334,1.2246467991473532e-16,-1.0,0.1457991969198751,-0.9893142039703663,283.0,270.3
2019-06-24,Tamil Nadu,SR,12.92038576,79.15004187,283.0,2019,6,0,175,0,0,29.5,63,328.3,348.9,352.2,343.1857142857143,29.024611887810952,289.9481333333333,0.0,1.0,1.2246467991473532e-16,-1.0,0.12874817745258132,-0.99167731989929,294.0,282.0
2019-06-25,Tamil Nadu,SR,12.92038576,79.15004187,294.0,2019,6,1,176,0,0,29.2,63,283.0,359.7,325.7,333.80000000000007,33.12712886240871,288.89146666666664,0.7818314824680298,0.6234898018587336,1.2246467991473532e-16,-1.0,0.11165900712169512,-0.993746580436178,297.4,281.3
2019-06-26,Tamil Nadu,SR,12.92038576,79.15004187,297.4,2019,6,2,177,0,0,27.8,69,294.0,362.1,276.5,324.5571428571429,32.940595883238466,289.58813333333336,0.9749279121818236,-0.22252093395631434,1.2246467991473532e-16,-1.0,0.09453674981719912,-0.9955213724144752,302.3,283.3
2019-06-27,Tamil Nadu,SR,12.92038576,79.15004187,302.3,2019,6,3,178,0,0,29.3,62,297.4,362.1,302.6,316.0142857142857,29.11342351169649,289.5781333333333,0.43388373911755823,-0.900968867902419,1.2246467991473532e-16,-1.0,0.07738647923346301,-0.9970011699250151,300.3,279.8
2019-06-28,Tamil Nadu,SR,12.92038576,79.15004187,300.3,2019,6,4,179,0,0,31.6,43,302.3,355.5,290.7,308.12857142857143,23.586981881658602,289.8981333333333,-0.433883739117558,-0.9009688679024191,1.2246467991473532e-16,-1.0,0.06021327736579302,-0.9981855344718586,299.5,284.2
2019-06-29,Tamil Nadu,SR,12.92038576,79.15004187,299.5,2019,6,5,180,1,0,31.6,44,300.3,351.6,256.3,300.6857142857143,13.753718112013985,291.33813333333336,-0.9749279121818236,-0.2225209339563146,1.2246467991473532e-16,-1.0,0.04302223300453059,-0.99907411510223,270.3,284.2
2019-06-30,Tamil Nadu,SR,12.92038576,79.15004187,270.3,2019,6,6,181,1,0,31.0,46,299.5,328.3,245.9,292.4,11.655899793666,292.15146666666664,-0.7818314824680299,0.6234898018587334,1.2246467991473532e-16,-1.0,0.02581844022713308,-0.9996666485105112,282.0,261.3
2019-07-01,Tamil Nadu,SR,12.92038576,79.15004187,282.0,2019,7,0,182,0,0,31.8,43,270.3,283.0,244.7,292.25714285714287,11.795600471200002,293.39480000000003,0.0,1.0,-0.4999999999999997,-0.8660254037844388,0.008606996888688698,-0.9999629591162655,281.3,254.65
2019-07-02,Tamil Nadu,SR,12.92038576,79.15004187,281.3,2019,7,1,183,0,0,31.9,44,282.0,294.0,244.5,290.4428571428571,12.44184567536135,294.62146666666666,0.7818314824680298,0.6234898018587336,-0.4999999999999997,-0.8660254037844388,-0.008606996888688009,-0.9999629591162655,283.3,257.75
2019-07-03,Tamil Nadu,SR,12.92038576,79.15004187,283.3,2019,7,2,184,0,0,31.7,45,281.3,297.4,253.7,288.42857142857144,12.26794118637541,295.60813333333334,0.9749279121818236,-0.22252093395631434,-0.4999999999999997,-0.8660254037844388,-0.02581844022713239,-0.9996666485105112,279.8,261.25
2019-07-04,Tamil Nadu,SR,12.92038576,79.15004187,279.8,2019,7,3,185,0,0,31.7,46,283.3,302.3,257.5,285.2142857142857,10.89899514808967,296.3514666666667,0.43388373911755823,-0.900968867902419,-0.4999999999999997,-0.8660254037844388,-0.04302223300453034,-0.99907411510223,284.2,270.9
2019-07-05,Tamil Nadu,SR,12.92038576,79.15004187,284.2,2019,7,4,186,0,0,31.1,47,279.8,300.3,262.0,282.9142857142857,8.652057283564607,297.0914666666667,-0.433883739117558,-0.9009688679024191,-0.4999999999999997,-0.8660254037844388,-0.060213277365792774,-0.9981855344718586,284.2,290.79999999999995
2019-07-06,Tamil Nadu,SR,12.92038576,79.15004187,284.2,2019,7,5,187,1,0,30.9,46,284.2,299.5,259.4,280.7285714285714,4.869536009967504,297.91813333333334,-0.9749279121818236,-0.2225209339563146,-0.4999999999999997,-0.8660254037844388,-0.07738647923346322,-0.9970011699250151,261.3,279.1
2019-07-07,Tamil Nadu,SR,12.92038576,79.15004187,261.3,2019,7,6,188,1,0,32.0,43,284.2,270.3,266.0,279.4428571428572,8.159014879843872,297.7614666666667,-0.7818314824680299,0.6234898018587334,-0.4999999999999997,-0.8660254037844388,-0.09453674981719933,-0.9955213724144752,254.65,273.6
2019-07-08,Tamil Nadu,SR,12.92038576,79.15004187,254.65,2019,7,0,189,0,0,31.8,42,261.3,282.0,241.5,275.5357142857143,12.252234975903514,298.19980000000004,0.0,1.0,-0.4999999999999997,-0.8660254037844388,-0.11165900712169444,-0.9937465804361781,257.75,267.5
2019-07-09,Tamil Nadu,SR,12.92038576,79.15004187,257.75,2019,7,1,190,0,0,31.1,45,254.65,281.3,220.744,272.1714285714285,13.568218291988087,299.43333333333334,0.7818314824680298,0.6234898018587336,-0.4999999999999997,-0.8660254037844388,-0.12874817745258066,-0.99167731989929,261.25,244.6
2019-07-10,Tamil Nadu,SR,12.92038576,79.15004187,261.25,2019,7,2,191,0,0,30.8,48,257.75,283.3,278.2,269.0214285714286,13.105687605732143,298.8683333333333,0.9749279121818236,-0.22252093395631434,-0.4999999999999997,-0.8660254037844388,-0.14579919691987442,-0.9893142039703664,270.9,338.2
2019-07-11,Tamil Nadu,SR,12.92038576,79.15004187,270.9,2019,7,3,192,0,0,29.2,58,261.25,279.8,281.6,267.75,12.292206202847687,298.51166666666666,0.43388373911755823,-0.900968867902419,-0.4999999999999997,-0.8660254037844388,-0.16280701293851646,-0.9866579328916572,290.79999999999995,348.0
2019-07-12,Tamil Nadu,SR,12.92038576,79.15004187,290.79999999999995,2019,7,4,193,0,0,29.9,55,270.9,284.2,289.8,268.6928571428571,13.910829970788367,298.54499999999996,-0.433883739117558,-0.9009688679024191,-0.4999999999999997,-0.8660254037844388,-0.17976658572556214,-0.9837092937736098,279.1,349.7
2019-07-13,Tamil Nadu,SR,12.92038576,79.15004187,279.1,2019,7,5,194,1,0,29.8,57,290.79999999999995,284.2,294.9,267.9642857142857,13.071524850022493,298.0183333333333,-0.9749279121818236,-0.2225209339563146,-0.4999999999999997,-0.8660254037844388,-0.19667288979357622,-0.9804691603616321,273.6,339.8
2019-07-14,Tamil Nadu,SR,12.92038576,79.15004187,273.6,2019,7,6,195,1,0,29.4,57,279.1,261.3,298.9,269.7214285714286,12.851227475188539,297.175,-0.7818314824680299,0.6234898018587334,-0.4999999999999997,-0.8660254037844388,-0.2135209154397959,-0.9769384927771817,267.5,347.6
2019-07-15,Tamil Nadu,SR,12.92038576,79.15004187,267.5,2019,7,0,196,0,0,28.7,65,273.6,254.65,283.2,271.5571428571429,11.143923178554154,296.65166666666664,0.0,1.0,-0.4999999999999997,-0.8660254037844388,-0.23030567023061196,-0.973118337233262,244.6,349.2
2019-07-16,Tamil Nadu,SR,12.92038576,79.15004187,244.6,2019,7,1,197,0,0,29.1,61,267.5,257.75,272.9,269.67857142857144,14.471058966746037,295.7083333333333,0.7818314824680298,0.6234898018587336,-0.4999999999999997,-0.8660254037844388,-0.24702218048093527,-0.9690098257244063,338.2,328.1
2019-07-17,Tamil Nadu,SR,12.92038576,79.15004187,338.2,2019,7,2,198,0,0,29.1,58,244.6,261.25,348.9,280.6714285714286,28.967551633147,295.35166666666663,0.9749279121818236,-0.22252093395631434,-0.4999999999999997,-0.8660254037844388,-0.2636654927280072,-0.9646141756912435,348.0,319.7
2019-07-18,Tamil Nadu,SR,12.92038576,79.15004187,348.0,2019,7,3,199,0,0,28.0,71,338.2,270.9,359.7,291.68571428571425,37.91035164575434,294.96166666666664,0.43388373911755823,-0.900968867902419,-0.4999999999999997,-0.8660254037844388,-0.2802306751992161,-0.9599326896597445,349.7,330.9
2019-07-19,Tamil Nadu,SR,12.92038576,79.15004187,349.7,2019,7,4,200,0,0,27.6,69,348.0,290.79999999999995,362.1,300.09999999999997,43.765359208701256,294.54833333333335,-0.433883739117558,-0.9009688679024191,-0.4999999999999997,-0.8660254037844388,-0.2967128192734901,-0.9549667548552553,339.8,326.0
2019-07-20,Tamil Nadu,SR,12.92038576,79.15004187,339.8,2019,7,5,201,1,0,28.4,63,349.7,279.1,362.1,308.7714285714286,44.9094909896824,293.80500000000006,-0.9749279121818236,-0.2225209339563146,-0.4999999999999997,-0.8660254037844388,-0.3131070409358267,-0.9497178427914317,347.6,323.0
2019-07-21,Tamil Nadu,SR,12.92038576,79.15004187,347.6,2019,7,6,202,1,0,28.0,66,339.8,273.6,355.5,319.34285714285716,43.94981445326218,293.5416666666667,-0.7818314824680299,0.6234898018587334,-0.4999999999999997,-0.8660254037844388,-0.3294084822245302,-0.9441875088341994,349.2,321.0
2019-07-22,Tamil Nadu,SR,12.92038576,79.15004187,349.2,2019,7,0,203,0,0,26.0,78,347.6,267.5,351.6,331.0142857142857,38.383435167244684,293.4616666666667,0.0,1.0,-0.4999999999999997,-0.8660254037844388,-0.3456123126707333,-0.9383773917408642,328.1,318.7
2019-07-23,Tamil Nadu,SR,12.92038576,79.15004187,328.1,2019,7,1,204,0,0,26.5,69,349.2,244.6,328.3,342.9428571428571,8.007883020884412,293.455,0.7818314824680298,0.6234898018587336,-0.4999999999999997,-0.8660254037844388,-0.3617137307297674,-0.9322892131745134,319.7,294.7
2019-07-24,Tamil Nadu,SR,12.92038576,79.15004187,319.7,2019,7,2,205,0,0,28.1,66,328.1,338.2,283.0,340.3,11.927559124424656,294.67833333333334,0.9749279121818236,-0.22252093395631434,-0.4999999999999997,-0.8660254037844388,-0.37770796520396466,-0.9259247771938499,330.9,347.5
2019-07-25,Tamil Nadu,SR,12.92038576,79.15004187,330.9,2019,7,3,206,0,0,27.6,72,319.7,348.0,294.0,337.85714285714283,11.838476414197219,295.90833333333336,0.43388373911755823,-0.900968867902419,-0.4999999999999997,-0.8660254037844388,-0.39359027665646645,-0.9192859697186105,326.0,354.1
2019-07-26,Tamil Nadu,SR,12.92038576,79.15004187,326.0,2019,7,4,207,0,0,27.5,65,330.9,349.7,297.4,334.4714285714286,11.261988321444935,296.8616666666666,-0.433883739117558,-0.9009688679024191,-0.4999999999999997,-0.8660254037844388,-0.4093559588156211,-0.9123747579707274,323.0,355.5
2019-07-27,Tamil Nadu,SR,12.92038576,79.15004187,323.0,2019,7,5,208,1,0,28.5,57,326.0,339.8,302.3,332.07142857142856,11.718036565583967,297.5516666666666,-0.9749279121818236,-0.2225209339563146,-0.4999999999999997,-0.8660254037844388,-0.42500033996955394,-0.9051931898913975,321.0,348.5
2019-07-28,Tamil Nadu,SR,12.92038576,79.15004187,321.0,2019,7,6,209,1,0,28.7,55,323.0,347.6,300.3,328.2714285714286,10.035223678907085,298.2416666666667,-0.7818314824680299,0.6234898018587334,-0.4999999999999997,-0.8660254037844388,-0.4405187843504952,-0.8977433935342336,318.7,336.7
2019-07-29,Tamil Nadu,SR,12.92038576,79.15004187,318.7,2019,7,0,210,0,0,28.7,54,321.0,349.2,299.5,323.9142857142857,4.563415596321113,298.8816666666667,0.0,1.0,-0.4999999999999997,-0.8660254037844388,-0.455906693508459,-0.8900275764346766,294.7,336.7
2019-07-30,Tamil Nadu,SR,12.92038576,79.15004187,294.7,2019,7,1,211,0,0,29.6,50,318.7,328.1,270.3,319.14285714285717,11.558093433153703,299.695,0.7818314824680298,0.6234898018587336,-0.4999999999999997,-0.8660254037844388,-0.47115950767386394,-0.8820480249558535,347.5,310.1
2019-07-31,Tamil Nadu,SR,12.92038576,79.15004187,347.5,2019,7,2,212,0,0,30.5,47,294.7,319.7,282.0,323.11428571428576,15.784742482475925,301.87833333333333,0.9749279121818236,-0.22252093395631434,-0.4999999999999997,-0.8660254037844388,-0.4862727071086902,-0.8738071036110807,354.1,277.3
2019-08-01,Tamil Nadu,SR,12.92038576,79.15004187,354.1,2019,8,3,213,0,0,30.6,46,347.5,330.9,281.3,326.42857142857144,19.653474186998874,304.30500000000006,0.43388373911755823,-0.900968867902419,-0.8660254037844385,-0.5000000000000004,-0.5012418134457756,-0.8653072543632061,355.5,270.5
2019-08-02,Tamil Nadu,SR,12.92038576,79.15004187,355.5,2019,8,4,214,0,0,30.0,45,354.1,326.0,283.3,330.64285714285717,22.50258186244795,306.71166666666664,-0.433883739117558,-0.9009688679024191,-0.8660254037844385,-0.5000000000000004,-0.5160623910158526,-0.8565509959010037,348.5,274.7
2019-08-03,Tamil Nadu,SR,12.92038576,79.15004187,348.5,2019,8,5,215,1,0,30.2,46,355.5,323.0,279.8,334.2857142857143,23.11481693426839,309.00166666666667,-0.9749279121818236,-0.2225209339563146,-0.8660254037844385,-0.5000000000000004,-0.5307300481619331,-0.8475409228928312,336.7,296.7
2019-08-04,Tamil Nadu,SR,12.92038576,79.15004187,336.7,2019,8,6,216,1,0,31.2,45,348.5,321.0,284.2,336.5285714285714,22.360211260608093,310.75166666666667,-0.7818314824680299,0.6234898018587334,-0.8660254037844385,-0.5000000000000004,-0.5452404385406507,-0.8382797052177745,336.7,302.2
2019-08-05,Tamil Nadu,SR,12.92038576,79.15004187,336.7,2019,8,0,217,0,0,26.7,66,336.7,318.7,284.2,339.09999999999997,20.959325688898222,312.5016666666667,0.0,1.0,-0.8660254037844385,-0.5000000000000004,-0.5595892624101763,-0.828770087174504,310.1,306.5
2019-08-06,Tamil Nadu,SR,12.92038576,79.15004187,310.1,2019,8,1,218,0,0,28.4,56,336.7,294.7,261.3,341.30000000000007,15.660566188146163,314.1283333333333,0.7818314824680298,0.6234898018587336,-0.8660254037844385,-0.5000000000000004,-0.5737722679043243,-0.8190148866680802,277.3,311.9
2019-08-08,Tamil Nadu,SR,12.92038576,79.15004187,277.3,2019,8,3,220,0,0,29.3,55,310.1,347.5,254.65,331.2714285714286,28.358050843085586,314.8833333333333,0.43388373911755823,-0.900968867902419,-0.8660254037844385,-0.5000000000000004,-0.6016240632249227,-0.7987793728863648,270.5,311.3
2019-08-09,Tamil Nadu,SR,12.92038576,79.15004187,270.5,2019,8,4,221,0,0,29.1,55,277.3,354.1,257.75,319.3285714285715,34.15326798837413,315.30833333333334,-0.433883739117558,-0.9009688679024191,-0.8660254037844385,-0.5000000000000004,-0.6152845999633277,-0.7883050558305253,274.7,317.5
2019-08-10,Tamil Nadu,SR,12.92038576,79.15004187,274.7,2019,8,5,222,1,0,29.2,56,270.5,355.5,261.25,307.7857142857143,33.53940113614765,315.7566666666667,-0.9749279121818236,-0.2225209339563146,-0.8660254037844385,-0.5000000000000004,-0.6287628145958345,-0.7775971469736268,296.7,321.5
2019-08-11,Tamil Nadu,SR,12.92038576,79.15004187,296.7,2019,8,6,223,1,0,30.4,49,274.7,348.5,270.9,300.38571428571424,28.37624761259719,316.6166666666667,-0.7818314824680299,0.6234898018587334,-0.8660254037844385,-0.5000000000000004,-0.6420547132365636,-0.7666588193001592,302.2,319.1
2019-08-12,Tamil Nadu,SR,12.92038576,79.15004187,302.2,2019,8,0,224,0,1,30.7,48,296.7,336.7,290.79999999999995,295.45714285714286,23.614251145078896,316.9966666666667,0.0,1.0,-0.8660254037844385,-0.5000000000000004,-0.655156357209085,-0.7554933140726804,306.5,314.8
2019-08-13,Tamil Nadu,SR,12.92038576,79.15004187,306.5,2019,8,1,225,0,0,29.1,62,302.2,336.7,279.1,291.14285714285717,16.5150292302556,317.91,0.7818314824680298,0.6234898018587336,-0.8660254037844385,-0.5000000000000004,-0.6680638642135333,-0.7441039398713608,311.9,316.4
2019-08-14,Tamil Nadu,SR,12.92038576,79.15004187,311.9,2019,8,2,226,0,0,29.1,61,306.5,310.1,273.6,291.4,16.869597900760386,319.18666666666667,0.9749279121818236,-0.22252093395631434,-0.8660254037844385,-0.5000000000000004,-0.6807734094770159,-0.7324940716135792,311.3,291.0
2019-08-15,Tamil Nadu,SR,12.92038576,79.15004187,311.3,2019,8,3,227,0,1,28.5,63,311.9,277.3,267.5,296.25714285714287,17.027219105778638,320.64666666666665,0.43388373911755823,-0.900968867902419,-0.8660254037844385,-0.5000000000000004,-0.6932812268869771,-0.7206671495538615,317.5,255.2
2019-08-16,Tamil Nadu,SR,12.92038576,79.15004187,317.5,2019,8,4,228,0,0,28.4,63,311.3,270.5,244.6,302.9714285714286,14.211581460873576,323.07666666666665,-0.433883739117558,-0.9009688679024191,-0.8660254037844385,-0.5000000000000004,-0.7055836101071774,-0.70862667826446,321.5,266.2
2019-08-17,Tamil Nadu,SR,12.92038576,79.15004187,321.5,2019,8,5,229,1,0,25.7,80,317.5,274.7,338.2,309.65714285714284,8.592216854583203,322.5199999999999,-0.9749279121818236,-0.2225209339563146,-0.8660254037844385,-0.5000000000000004,-0.7176769136759615,-0.6963762255968726,319.1,270.6
2019-08-18,Tamil Nadu,SR,12.92038576,79.15004187,319.1,2019,8,6,230,1,0,25.7,84,321.5,296.7,348.0,312.85714285714283,6.98280200274323,321.5566666666666,-0.7818314824680299,0.6234898018587334,-0.8660254037844385,-0.5000000000000004,-0.7295575540864876,-0.6839194216246105,314.8,274.3
2019-08-19,Tamil Nadu,SR,12.92038576,79.15004187,314.8,2019,8,0,231,0,0,26.5,79,319.1,302.2,349.7,314.6571428571429,5.165222532429117,320.3933333333333,0.0,1.0,-0.8660254037844385,-0.5000000000000004,-0.7412220108485957,-0.6712599575675315,316.4,281.8
2019-08-20,Tamil Nadu,SR,12.92038576,79.15004187,316.4,2019,8,1,232,0,0,25.7,82,314.8,306.5,339.8,316.07142857142856,3.7097683151875556,319.6133333333334,0.7818314824680298,0.6234898018587336,-0.8660254037844385,-0.5000000000000004,-0.7526668275320083,-0.6584015846980489,291.0,268.8
2019-08-21,Tamil Nadu,SR,12.92038576,79.15004187,291.0,2019,8,2,233,0,0,26.4,76,316.4,311.9,347.6,313.0857142857143,10.25791216109559,317.7266666666667,0.9749279121818236,-0.22252093395631434,-0.8660254037844385,-0.5000000000000004,-0.7638886127905429,-0.64534811322955,255.2,254.8
2019-08-22,Tamil Nadu,SR,12.92038576,79.15004187,255.2,2019,8,3,234,0,0,25.7,77,291.0,311.3,349.2,305.07142857142856,24.253227571171738,314.5933333333333,0.43388373911755823,-0.900968867902419,-0.8660254037844385,-0.5000000000000004,-0.7748840413670406,-0.6321034111873488,266.2,276.8
2019-08-23,Tamil Nadu,SR,12.92038576,79.15004187,266.2,2019,8,4,235,0,0,26.2,73,255.2,317.5,328.1,297.74285714285713,27.416166589736676,312.53,-0.433883739117558,-0.9009688679024191,-0.8660254037844385,-0.5000000000000004,-0.7856498550787144,-0.6186714032625032,270.6,274.6
2019-08-24,Tamil Nadu,SR,12.92038576,79.15004187,270.6,2019,8,5,236,1,1,26.7,70,266.2,321.5,319.7,290.4714285714286,26.80825210550642,310.8933333333334,-0.9749279121818236,-0.2225209339563146,-0.8660254037844385,-0.5000000000000004,-0.7961828637826154,-0.6050560696488494,274.3,282.1
2019-08-25,Tamil Nadu,SR,12.92038576,79.15004187,274.3,2019,8,6,237,1,0,27.3,67,270.6,319.1,330.9,284.07142857142856,24.039184282175494,309.0066666666667,-0.7818314824680299,0.6234898018587334,-0.8660254037844385,-0.5000000000000004,-0.8064799463209447,-0.5912614448635782,281.8,277.0
2019-08-26,Tamil Nadu,SR,12.92038576,79.15004187,281.8,2019,8,0,238,0,0,28.2,61,274.3,314.8,326.0,279.35714285714283,19.885661261560777,307.53333333333336,0.0,1.0,-0.8660254037844385,-0.5000000000000004,-0.8165380514459157,-0.5772916165517278,268.8,287.2
2019-08-27,Tamil Nadu,SR,12.92038576,79.15004187,268.8,2019,8,1,239,0,0,28.1,63,281.8,316.4,323.0,272.5571428571428,11.461799908516841,305.7266666666667,0.7818314824680298,0.6234898018587336,-0.8660254037844385,-0.5000000000000004,-0.8263541987239094,-0.5631507242749187,254.8,282.9
2019-08-28,Tamil Nadu,SR,12.92038576,79.15004187,254.8,2019,8,2,240,0,0,27.7,65,268.8,291.0,321.0,267.3857142857143,9.799732746600002,303.5199999999999,0.9749279121818236,-0.22252093395631434,-0.8660254037844385,-0.5000000000000004,-0.8359254794186365,-0.5488429582847199,276.8,264.6
2019-08-29,Tamil Nadu,SR,12.92038576,79.15004187,276.8,2019,8,3,241,0,0,27.9,67,254.8,255.2,318.7,270.4714285714286,8.657311800961562,302.12333333333333,0.43388373911755823,-0.900968867902419,-0.8660254037844385,-0.5000000000000004,-0.8452490573530634,-0.5343725582809785,274.6,337.6
2019-08-30,Tamil Nadu,SR,12.92038576,79.15004187,274.6,2019,8,4,242,0,0,27.9,67,276.8,266.2,294.7,271.6714285714286,8.548043496559176,301.4533333333333,-0.433883739117558,-0.9009688679024191,-0.8660254037844385,-0.5000000000000004,-0.8543221697498269,-0.5197438121555157,282.1,346.2
2019-08-31,Tamil Nadu,SR,12.92038576,79.15004187,282.1,2019,8,5,243,1,0,28.0,60,274.6,270.6,347.5,273.31428571428575,9.373087106433035,299.2733333333333,-0.9749279121818236,-0.2225209339563146,-0.8660254037844385,-0.5000000000000004,-0.8631421280499115,-0.5049610547215202,277.0,347.2
2019-09-01,Tamil Nadu,SR,12.92038576,79.15004187,277.0,2019,9,6,244,1,0,27.3,65,282.1,274.3,354.1,273.7,9.475406763477357,296.70333333333326,-0.7818314824680299,0.6234898018587334,-1.0,-1.8369701987210297e-16,-0.8717063187093217,-0.4900286664290594,287.2,345.6
2019-09-02,Tamil Nadu,SR,12.92038576,79.15004187,287.2,2019,9,0,245,0,0,27.0,68,277.0,281.8,355.5,274.4714285714286,10.41772756502426,294.4266666666666,0.0,1.0,-1.0,-1.8369701987210297e-16,-0.8800122039735356,-0.4749510720670502,282.9,348.3
2019-09-03,Tamil Nadu,SR,12.92038576,79.15004187,282.9,2019,9,1,246,0,0,28.4,59,287.2,268.8,348.5,276.4857142857143,10.50117907212232,292.23999999999995,0.7818314824680298,0.6234898018587336,-1.0,-1.8369701987210297e-16,-0.888057322629493,-0.4597327394521046,264.6,339.8
2019-09-04,Tamil Nadu,SR,12.92038576,79.15004187,264.6,2019,9,2,247,0,0,28.1,60,282.9,254.8,336.7,277.88571428571424,7.290731232515662,289.8366666666667,0.9749279121818236,-0.22252093395631434,-1.0,-1.8369701987210297e-16,-0.8958392907349089,-0.4443781781046134,337.6,303.6
2019-09-05,Tamil Nadu,SR,12.92038576,79.15004187,337.6,2019,9,3,248,0,0,29.1,55,264.6,276.8,336.7,286.57142857142856,23.648306090551067,289.8666666666667,0.43388373911755823,-0.900968867902419,-1.0,-1.8369701987210297e-16,-0.9033558023246842,-0.4288919379124841,346.2,312.7
2019-09-06,Tamil Nadu,SR,12.92038576,79.15004187,346.2,2019,9,4,249,0,0,29.7,52,337.6,274.6,310.1,296.8,31.715768948584696,291.07,-0.433883739117558,-0.9009688679024191,-1.0,-1.8369701987210297e-16,-0.9106046300942162,-0.41327860778290443,347.2,324.5
2019-09-08,Tamil Nadu,SR,12.92038576,79.15004187,347.2,2019,9,6,251,1,0,30.0,50,346.2,282.1,277.3,306.09999999999997,35.948991640934864,293.4,-0.7818314824680299,0.6234898018587334,-1.0,-1.8369701987210297e-16,-0.9242907221930934,-0.3816892202666586,345.6,318.3
2019-09-09,Tamil Nadu,SR,12.92038576,79.15004187,345.6,2019,9,0,252,0,0,29.5,54,347.2,277.0,270.5,315.90000000000003,36.04427832541526,295.90333333333336,0.0,1.0,-1.0,-1.8369701987210297e-16,-0.9307239310379793,-0.3657225234972692,348.3,308.9
2019-09-10,Tamil Nadu,SR,12.92038576,79.15004187,348.3,2019,9,1,253,0,1,28.7,63,345.6,287.2,274.7,324.62857142857143,35.32679409389391,298.3566666666667,0.7818314824680298,0.6234898018587336,-1.0,-1.8369701987210297e-16,-0.9368813462954315,-0.34964745525122826,339.8,291.4
2019-09-11,Tamil Nadu,SR,12.92038576,79.15004187,339.8,2019,9,2,254,0,0,27.7,67,348.3,282.9,296.7,332.75714285714287,30.31577461448385,299.79333333333335,0.9749279121818236,-0.22252093395631434,-1.0,-1.8369701987210297e-16,-0.9427611433904206,-0.33346877891818705,303.6,282.4
2019-09-12,Tamil Nadu,SR,12.92038576,79.15004187,303.6,2019,9,3,255,0,0,27.0,73,339.8,264.6,302.2,338.3285714285715,15.82052614861587,299.84,0.43388373911755823,-0.900968867902419,-1.0,-1.8369701987210297e-16,-0.9483615800121716,-0.31719128858910595,312.7,352.6
2019-09-13,Tamil Nadu,SR,12.92038576,79.15004187,312.7,2019,9,4,256,0,0,26.5,75,303.6,337.6,306.5,334.7714285714286,18.57172710382749,300.0466666666667,-0.433883739117558,-0.9009688679024191,-1.0,-1.8369701987210297e-16,-0.9536809966304455,-0.300819807635668,324.5,362.1
2019-09-14,Tamil Nadu,SR,12.92038576,79.15004187,324.5,2019,9,5,257,1,0,27.4,71,312.7,346.2,311.9,331.6714285714285,18.152475890422657,300.46666666666664,-0.9749279121818236,-0.2225209339563146,-1.0,-1.8369701987210297e-16,-0.9587178169872964,-0.2843591872810036,318.3,360.3
2019-09-15,Tamil Nadu,SR,12.92038576,79.15004187,318.3,2019,9,6,258,1,0,27.2,72,324.5,347.2,311.3,327.54285714285714,17.298444741542163,300.7,-0.7818314824680299,0.6234898018587334,-1.0,-1.8369701987210297e-16,-0.9634705485641486,-0.26781430516217486,308.9,306.4
2019-09-16,Tamil Nadu,SR,12.92038576,79.15004187,308.9,2019,9,0,259,0,0,26.9,72,318.3,345.6,317.5,322.3,16.454482671904334,300.41333333333336,0.0,1.0,-1.0,-1.8369701987210297e-16,-0.9679377830240642,-0.25119006388481957,291.4,329.0
2019-09-17,Tamil Nadu,SR,12.92038576,79.15004187,291.4,2019,9,1,260,0,0,25.9,77,308.9,348.3,321.5,314.1714285714285,15.49620537268351,299.41,0.7818314824680298,0.6234898018587336,-1.0,-1.8369701987210297e-16,-0.9721181966290612,-0.23449138957041052,282.4,330.5
2019-09-18,Tamil Nadu,SR,12.92038576,79.15004187,282.4,2019,9,2,261,0,0,25.7,83,291.4,339.8,319.1,305.97142857142853,14.847638901602835,298.18666666666667,0.9749279121818236,-0.22252093395631434,-1.0,-1.8369701987210297e-16,-0.9760105506323682,-0.21772323039653224,352.6,304.2
2019-09-19,Tamil Nadu,SR,12.92038576,79.15004187,352.6,2019,9,3,262,0,0,24.9,86,282.4,303.6,314.8,312.9714285714286,22.906746770745354,299.44666666666666,0.43388373911755823,-0.900968867902419,-1.0,-1.8369701987210297e-16,-0.9796136916454901,-0.20089055513063528,362.1,301.2
2019-09-20,Tamil Nadu,SR,12.92038576,79.15004187,362.1,2019,9,4,263,0,0,25.8,82,352.6,312.7,316.4,320.0285714285714,29.476641276651293,300.97,-0.433883739117558,-0.9009688679024191,-1.0,-1.8369701987210297e-16,-0.9829265519799822,-0.18399835165767986,360.3,292.1
2019-09-21,Tamil Nadu,SR,12.92038576,79.15004187,360.3,2019,9,5,264,1,0,25.9,84,362.1,324.5,291.0,325.14285714285717,33.24639615270889,303.28,-0.9749279121818236,-0.2225209339563146,-1.0,-1.8369701987210297e-16,-0.9859481499638303,-0.1670516255021195,306.4,282.1
2019-09-22,Tamil Nadu,SR,12.92038576,79.15004187,306.4,2019,9,6,265,1,0,25.5,85,360.3,318.3,255.2,323.4428571428571,33.951379802243544,304.9866666666667,-0.7818314824680299,0.6234898018587334,-1.0,-1.8369701987210297e-16,-0.9886775902323404,-0.15005539834465262,329.0,266.3
2019-09-23,Tamil Nadu,SR,12.92038576,79.15004187,329.0,2019,9,0,266,0,0,25.2,87,306.4,308.9,266.2,326.3142857142857,33.361276383027686,307.08,0.0,1.0,-1.0,-1.8369701987210297e-16,-0.9911140639934546,-0.13301470653419636,330.5,276.9
2019-09-24,Tamil Nadu,SR,12.92038576,79.15004187,330.5,2019,9,1,267,0,0,24.9,87,329.0,291.4,270.6,331.90000000000003,29.602815181442853,309.07666666666665,0.7818314824680298,0.6234898018587336,-1.0,-1.8369701987210297e-16,-0.9932568492674143,-0.11593459959550066,304.2,264.2
2019-09-25,Tamil Nadu,SR,12.92038576,79.15004187,304.2,2019,9,2,268,0,0,24.5,87,330.5,282.4,274.3,335.0142857142857,24.176809037548587,310.0733333333334,0.9749279121818236,-0.22252093395631434,-1.0,-1.8369701987210297e-16,-0.9951053111006974,-0.09882013873287211,301.2,249.8
2019-09-26,Tamil Nadu,SR,12.92038576,79.15004187,301.2,2019,9,3,269,0,0,25.2,84,304.2,352.6,281.8,327.6714285714285,25.702899595552374,310.72,0.43388373911755823,-0.900968867902419,-1.0,-1.8369701987210297e-16,-0.99665890175417,-0.08167639533042288,292.1,275.1
2019-09-27,Tamil Nadu,SR,12.92038576,79.15004187,292.1,2019,9,4,270,0,0,25.6,81,301.2,362.1,268.8,317.67142857142863,23.607323318955842,311.49666666666667,-0.433883739117558,-0.9009688679024191,-1.0,-1.8369701987210297e-16,-0.9979171608653922,-0.06450844944931625,282.1,240.3
2019-09-28,Tamil Nadu,SR,12.92038576,79.15004187,282.1,2019,9,5,271,1,0,25.3,80,292.1,360.3,254.8,306.5,17.880902288941492,312.4066666666667,-0.9749279121818236,-0.2225209339563146,-1.0,-1.8369701987210297e-16,-0.9988797155850335,-0.04732138832243232,266.3,227.9
2019-09-29,Tamil Nadu,SR,12.92038576,79.15004187,266.3,2019,9,6,272,1,0,25.2,82,282.1,306.4,276.8,300.7714285714286,23.468682272745024,312.0566666666666,-0.7818314824680299,0.6234898018587334,-1.0,-1.8369701987210297e-16,-0.9995462806873573,-0.03012030484690836,276.9,238.1
2019-09-30,Tamil Nadu,SR,12.92038576,79.15004187,276.9,2019,9,0,273,0,0,25.1,84,266.3,329.0,274.6,293.3285714285715,21.173467223998212,312.1333333333333,0.0,1.0,-1.0,-1.8369701987210297e-16,-0.9999166586547379,-0.012910296075008843,264.2,265.1
2019-10-01,Tamil Nadu,SR,12.92038576,79.15004187,264.2,2019,10,1,274,0,0,26.0,82,276.9,330.5,282.1,283.85714285714283,15.961918968058747,311.5366666666667,0.7818314824680298,0.6234898018587336,-0.8660254037844386,0.5000000000000001,-0.9999907397361901,0.004303538296243821,249.8,268.0
2019-10-02,Tamil Nadu,SR,12.92038576,79.15004187,249.8,2019,10,2,275,0,1,26.4,77,264.2,304.2,277.0,276.0857142857143,17.56885772908365,310.63000000000005,0.9749279121818236,-0.22252093395631434,-0.8660254037844386,0.5000000000000001,-0.9997685019798909,0.021516097436222233,275.1,264.6
2019-10-03,Tamil Nadu,SR,12.92038576,79.15004187,275.1,2019,10,3,276,0,0,26.7,75,249.8,301.2,287.2,272.35714285714283,13.692559675831724,310.22666666666663,0.43388373911755823,-0.900968867902419,-0.8660254037844386,0.5000000000000001,-0.9992500112396835,0.03872228089217399,240.3,341.5
2019-10-04,Tamil Nadu,SR,12.92038576,79.15004187,240.3,2019,10,4,277,0,0,26.3,78,275.1,292.1,282.9,264.95714285714286,15.16287760099918,308.8066666666667,-0.433883739117558,-0.9009688679024191,-0.8660254037844386,0.5000000000000001,-0.9984354211555643,0.05591699010060302,227.9,344.4
2019-10-05,Tamil Nadu,SR,12.92038576,79.15004187,227.9,2019,10,5,278,1,0,25.8,80,240.3,282.1,264.6,257.2142857142857,18.435330986219284,307.5833333333333,-0.9749279121818236,-0.2225209339563146,-0.8660254037844386,0.5000000000000001,-0.9973249731081555,0.07309512989807776,238.1,339.4
2019-10-06,Tamil Nadu,SR,12.92038576,79.15004187,238.1,2019,10,6,279,1,0,26.0,77,227.9,266.3,337.6,253.18571428571428,19.184927119263673,304.26666666666665,-0.7818314824680299,0.6234898018587334,-0.8660254037844386,0.5000000000000001,-0.9959189961471792,0.0902516100310407,265.1,343.8
2019-10-08,Tamil Nadu,SR,12.92038576,79.15004187,265.1,2019,10,1,281,0,1,25.7,79,238.1,276.9,346.2,251.50000000000003,17.16614885950538,301.5633333333334,0.7818314824680298,0.6234898018587336,-0.8660254037844386,0.5000000000000001,-0.9922222094179324,0.12447926388678869,268.0,348.3
2019-10-09,Tamil Nadu,SR,12.92038576,79.15004187,268.0,2019,10,2,282,0,0,26.0,79,265.1,264.2,347.2,252.04285714285717,17.686893183264875,298.92333333333335,0.9749279121818236,-0.22252093395631434,-0.8660254037844386,0.5000000000000001,-0.989932495087353,0.141540295217043,264.6,335.7
2019-10-10,Tamil Nadu,SR,12.92038576,79.15004187,264.6,2019,10,3,283,0,0,26.1,77,268.0,249.8,345.6,254.15714285714284,18.24973581022167,296.2233333333333,0.43388373911755823,-0.900968867902419,-0.8660254037844386,0.5000000000000001,-0.9873494423939864,0.15855938510313475,341.5,320.9
2019-10-11,Tamil Nadu,SR,12.92038576,79.15004187,341.5,2019,10,4,284,0,0,26.4,75,264.6,275.1,348.3,263.64285714285717,37.76823432210658,295.99666666666667,-0.433883739117558,-0.9009688679024191,-0.8660254037844386,0.5000000000000001,-0.9844738167520923,0.17553149042142777,344.4,294.7
2019-10-12,Tamil Nadu,SR,12.92038576,79.15004187,344.4,2019,10,5,285,1,0,26.0,79,341.5,240.3,339.8,278.51428571428573,46.52481160884066,296.15,-0.9749279121818236,-0.2225209339563146,-0.8660254037844386,0.5000000000000001,-0.9813064702716093,0.19245158197082995,339.4,287.0
2019-10-13,Tamil Nadu,SR,12.92038576,79.15004187,339.4,2019,10,6,286,1,0,25.8,83,344.4,227.9,303.6,294.4428571428571,45.38093789036907,297.34333333333336,-0.7818314824680299,0.6234898018587334,-0.8660254037844386,0.5000000000000001,-0.9778483415056567,0.20931464596304888,343.8,238.5
2019-10-14,Tamil Nadu,SR,12.92038576,79.15004187,343.8,2019,10,0,287,0,0,25.8,81,339.4,238.1,312.7,309.54285714285714,40.86995054000997,298.38,0.0,1.0,-0.8660254037844386,0.5000000000000001,-0.9741004551724206,0.22611568550828803,348.3,227.2
2019-10-15,Tamil Nadu,SR,12.92038576,79.15004187,348.3,2019,10,1,288,0,0,25.0,85,343.8,265.1,324.5,321.42857142857144,37.77162578293013,299.17333333333335,0.7818314824680298,0.6234898018587336,-0.8660254037844386,0.5000000000000001,-0.970063921851507,0.2428497220959358,335.7,246.6
2019-10-16,Tamil Nadu,SR,12.92038576,79.15004187,335.7,2019,10,2,289,0,0,24.1,90,348.3,268.0,318.3,331.09999999999997,29.593017194376433,299.75333333333333,0.9749279121818236,-0.22252093395631434,-0.8660254037844386,0.5000000000000001,-0.965739937654855,0.25951179706979943,320.9,262.1
2019-10-17,Tamil Nadu,SR,12.92038576,79.15004187,320.9,2019,10,3,290,0,0,23.5,90,335.7,264.6,308.9,339.14285714285717,8.97642414751994,300.1533333333333,0.43388373911755823,-0.900968867902419,-0.8660254037844386,0.5000000000000001,-0.9611297838723007,0.27609697309746883,294.7,246.7
2019-10-18,Tamil Nadu,SR,12.92038576,79.15004187,294.7,2019,10,4,291,0,0,23.8,89,320.9,341.5,291.4,332.45714285714286,18.886402263961838,300.2633333333333,-0.433883739117558,-0.9009688679024191,-0.8660254037844386,0.5000000000000001,-0.9562348265919058,0.2926003356333479,287.0,306.7
2019-10-19,Tamil Nadu,SR,12.92038576,79.15004187,287.0,2019,10,5,292,1,0,24.3,90,294.7,344.4,282.4,324.2571428571428,24.47181079956121,300.4166666666667,-0.9749279121818236,-0.2225209339563146,-0.8660254037844386,0.5000000000000001,-0.9510565162951536,0.30901699437494723,238.5,312.4
2019-10-20,Tamil Nadu,SR,12.92038576,79.15004187,238.5,2019,10,6,293,1,0,23.9,90,287.0,339.4,352.6,309.84285714285716,39.29333519155883,296.61333333333334,-0.7818314824680299,0.6234898018587334,-0.8660254037844386,0.5000000000000001,-0.9455963874271428,0.3253420847119795,227.2,306.8
2019-10-21,Tamil Nadu,SR,12.92038576,79.15004187,227.2,2019,10,0,294,0,0,23.6,93,238.5,343.8,362.1,293.18571428571425,46.54447437922261,292.1166666666667,0.0,1.0,-0.8660254037844386,0.5000000000000001,-0.9398560579418953,0.341570769167856,246.6,286.0
2019-10-22,Tamil Nadu,SR,12.92038576,79.15004187,246.6,2019,10,1,295,0,0,23.4,92,227.2,348.3,360.3,278.65714285714284,42.13750732790855,288.32666666666665,0.7818314824680298,0.6234898018587336,-0.8660254037844386,0.5000000000000001,-0.9338372288229252,0.35769823883312546,262.1,301.6
2019-10-23,Tamil Nadu,SR,12.92038576,79.15004187,262.1,2019,10,2,296,0,0,24.9,86,246.6,335.7,306.4,268.14285714285717,33.91120056573568,286.85,0.9749279121818236,-0.22252093395631434,-0.8660254037844386,0.5000000000000001,-0.9275416835791965,0.3737197147904692,246.7,272.1
2019-10-24,Tamil Nadu,SR,12.92038576,79.15004187,246.7,2019,10,3,297,0,0,24.0,90,262.1,320.9,329.0,257.54285714285714,25.132240724009456,284.1066666666667,0.43388373911755823,-0.900968867902419,-0.8660254037844386,0.5000000000000001,-0.9209712877166347,0.38963044953078774,306.7,260.2
2019-10-25,Tamil Nadu,SR,12.92038576,79.15004187,306.7,2019,10,4,298,0,0,24.5,84,246.7,294.7,330.5,259.25714285714287,28.298931495898533,283.31333333333333,-0.433883739117558,-0.9009688679024191,-0.8660254037844386,0.5000000000000001,-0.9141279881853337,0.4054257283599973,312.4,228.2
2019-10-26,Tamil Nadu,SR,12.92038576,79.15004187,312.4,2019,10,5,299,1,0,24.2,90,306.7,287.0,304.2,262.88571428571424,33.58399562149794,283.5866666666667,-0.9749279121818236,-0.2225209339563146,-0.8660254037844386,0.5000000000000001,-0.9070138128026362,0.42110087079608916,306.8,239.1
2019-10-27,Tamil Nadu,SR,12.92038576,79.15004187,306.8,2019,10,6,300,1,1,24.6,88,312.4,238.5,301.2,272.64285714285717,35.20108223444579,283.77333333333337,-0.7818314824680299,0.6234898018587334,-0.8660254037844386,0.5000000000000001,-0.8996308696522434,0.4366512319560638,286.0,243.8
2019-10-28,Tamil Nadu,SR,12.92038576,79.15004187,286.0,2019,10,0,301,0,0,24.1,90,306.8,227.2,292.1,281.04285714285714,29.023373175360042,283.57,0.0,1.0,-0.8660254037844386,0.5000000000000001,-0.8919813464595487,0.45207220393230374,301.6,248.2
2019-10-29,Tamil Nadu,SR,12.92038576,79.15004187,301.6,2019,10,1,302,0,0,22.7,94,286.0,246.6,282.1,288.9,25.358364826358155,284.22,0.7818314824680298,0.6234898018587336,-0.8660254037844386,0.5000000000000001,-0.8840675099433637,0.46735921715800205,272.1,252.5
2019-10-30,Tamil Nadu,SR,12.92038576,79.15004187,272.1,2019,10,2,303,0,0,22.2,97,301.6,262.1,266.3,290.3285714285714,23.832730595109286,284.41333333333336,0.9749279121818236,-0.22252093395631434,-0.8660254037844386,0.5000000000000001,-0.8758917051442433,0.48250774176121763,260.2,254.9
2019-10-31,Tamil Nadu,SR,12.92038576,79.15004187,260.2,2019,10,3,304,0,0,23.5,89,272.1,246.7,276.9,292.25714285714287,19.942572313425348,283.8566666666666,0.43388373911755823,-0.900968867902419,-0.8660254037844386,0.5000000000000001,-0.8674563547295971,0.4975132889071803,228.2,259.0
2019-11-01,Tamil Nadu,SR,12.92038576,79.15004187,228.2,2019,11,4,305,0,0,23.9,88,260.2,306.7,264.2,281.04285714285714,30.001769789067612,282.6566666666667,-0.433883739117558,-0.9009688679024191,-0.5000000000000004,0.8660254037844384,-0.858763958275803,0.5123714121284235,239.1,286.3
2019-11-02,Tamil Nadu,SR,12.92038576,79.15004187,239.1,2019,11,5,306,1,0,24.4,86,228.2,312.4,249.8,270.5714285714286,30.025029241491346,282.3,-0.9749279121818236,-0.2225209339563146,-0.5000000000000004,0.8660254037844384,-0.8498170915275277,0.5270777086423724,243.8,293.5
2019-11-03,Tamil Nadu,SR,12.92038576,79.15004187,243.8,2019,11,6,307,1,0,24.8,82,239.1,306.8,275.1,261.57142857142856,26.602676199067233,281.2566666666667,-0.7818314824680299,0.6234898018587334,-0.5000000000000004,0.8660254037844384,-0.8406184056344783,0.5416278206559811,248.2,295.1
2019-11-04,Tamil Nadu,SR,12.92038576,79.15004187,248.2,2019,11,0,308,0,0,24.4,80,243.8,286.0,240.3,256.1714285714286,24.5768667846905,281.52000000000004,0.0,1.0,-0.5000000000000004,0.8660254037844384,-0.8311706263658079,0.5560174366570446,252.5,297.1
2019-11-05,Tamil Nadu,SR,12.92038576,79.15004187,252.5,2019,11,1,309,0,0,25.3,75,248.2,301.6,227.9,249.15714285714287,14.314661148960957,282.34000000000003,0.7818314824680298,0.6234898018587336,-0.5000000000000004,0.8660254037844384,-0.8214765533024145,0.5702422926917867,254.9,288.3
2019-11-06,Tamil Nadu,SR,12.92038576,79.15004187,254.9,2019,11,2,310,0,0,25.3,77,252.5,272.1,238.1,246.7,10.753294068953196,282.9,0.9749279121818236,-0.22252093395631434,-0.5000000000000004,0.8660254037844384,-0.8115390590073611,0.5842981736283683,259.0,273.6
2019-11-08,Tamil Nadu,SR,12.92038576,79.15004187,259.0,2019,11,4,312,0,0,25.8,77,254.9,260.2,265.1,246.5285714285714,10.508998411794456,282.69666666666666,-0.433883739117558,-0.9009688679024191,-0.5000000000000004,0.8660254037844384,-0.7909456567567774,0.6118864012687242,286.3,260.2
2019-11-09,Tamil Nadu,SR,12.92038576,79.15004187,286.3,2019,11,5,313,1,0,25.6,79,259.0,228.2,268.0,254.82857142857145,15.417707815552754,283.3066666666666,-0.9749279121818236,-0.2225209339563146,-0.5000000000000004,0.8660254037844384,-0.780295851070776,0.6254105729852457,293.5,340.7
2019-11-10,Tamil Nadu,SR,12.92038576,79.15004187,293.5,2019,11,6,314,1,1,25.5,78,286.3,239.1,264.6,262.59999999999997,19.371628738958282,284.27000000000004,-0.7818314824680299,0.6234898018587334,-0.5000000000000004,0.8660254037844384,-0.7694148268839381,0.6387494220515268,295.1,343.0
2019-11-11,Tamil Nadu,SR,12.92038576,79.15004187,295.1,2019,11,0,315,0,0,24.9,75,293.5,243.8,341.5,269.92857142857144,20.730067879429193,282.72333333333336,0.0,1.0,-0.5000000000000004,0.8660254037844384,-0.7583058084785625,0.6518989958787125,297.1,340.0
2019-11-12,Tamil Nadu,SR,12.92038576,79.15004187,297.1,2019,11,1,316,0,1,24.7,77,295.1,248.2,344.4,276.9142857142857,20.424530069782506,281.14666666666665,0.7818314824680298,0.6234898018587336,-0.5000000000000004,0.8660254037844384,-0.7469720876965551,0.6648553979642866,288.3,341.4
2019-11-13,Tamil Nadu,SR,12.92038576,79.15004187,288.3,2019,11,2,317,0,0,24.1,79,297.1,252.5,339.4,282.0285714285714,17.575808590760886,279.4433333333333,0.9749279121818236,-0.22252093395631434,-0.5000000000000004,0.8660254037844384,-0.7354170229639858,0.6776147890466887,273.6,340.8
2019-11-14,Tamil Nadu,SR,12.92038576,79.15004187,273.6,2019,11,3,318,0,0,23.7,85,288.3,254.9,343.8,284.7,13.775461274793937,277.10333333333335,0.43388373911755823,-0.900968867902419,-0.5000000000000004,0.8660254037844384,-0.7236440382959124,0.690173388242972,260.2,339.5
2019-11-15,Tamil Nadu,SR,12.92038576,79.15004187,260.2,2019,11,4,319,0,0,23.9,88,273.6,259.0,348.3,284.87142857142857,13.404814344818867,274.1666666666667,-0.433883739117558,-0.9009688679024191,-0.5000000000000004,0.8660254037844384,-0.711656622281775,0.7025274741691566,340.7,313.3
2019-11-16,Tamil Nadu,SR,12.92038576,79.15004187,340.7,2019,11,5,320,1,0,24.4,85,260.2,286.3,335.7,292.64285714285717,25.067100426844963,274.3333333333333,-0.9749279121818236,-0.2225209339563146,-0.5000000000000004,0.8660254037844384,-0.6994583270516471,0.7146733860429608,343.0,301.7
2019-11-17,Tamil Nadu,SR,12.92038576,79.15004187,343.0,2019,11,6,321,1,0,24.5,81,340.7,293.5,320.9,299.7142857142857,31.50457260840235,275.07,-0.7818314824680299,0.6234898018587334,-0.5000000000000004,0.8660254037844384,-0.6870527672236675,0.7266075247685652,340.0,309.9
2019-11-18,Tamil Nadu,SR,12.92038576,79.15004187,340.0,2019,11,0,322,0,0,24.4,87,343.0,295.1,294.7,306.12857142857143,34.80630758381363,276.58,0.0,1.0,-0.5000000000000004,0.8660254037844384,-0.6744436188329457,0.7383263540031063,341.4,310.6
2019-11-19,Tamil Nadu,SR,12.92038576,79.15004187,341.4,2019,11,1,323,0,0,24.7,84,340.0,297.1,287.0,312.4571428571429,36.85800940288075,278.3933333333333,0.7818314824680298,0.6234898018587336,-0.5000000000000004,0.8660254037844384,-0.661634618242279,0.749826401204568,340.8,313.9
2019-11-20,Tamil Nadu,SR,12.92038576,79.15004187,340.8,2019,11,2,324,0,0,23.2,90,341.4,288.3,238.5,319.95714285714286,36.46248561388594,281.80333333333334,0.9749279121818236,-0.22252093395631434,-0.5000000000000004,0.8660254037844384,-0.6486295610349818,0.7611042586607742,339.5,321.4
2019-11-21,Tamil Nadu,SR,12.92038576,79.15004187,339.5,2019,11,3,325,0,0,23.5,88,340.8,273.6,227.2,329.37142857142857,30.52216212774505,285.5466666666667,0.43388373911755823,-0.900968867902419,-0.5000000000000004,0.8660254037844384,-0.6354323008901775,0.7721565844991641,313.3,315.8
2019-11-22,Tamil Nadu,SR,12.92038576,79.15004187,313.3,2019,11,4,326,0,0,23.5,83,339.5,260.2,246.6,336.95714285714286,10.491402375730807,287.77000000000004,-0.433883739117558,-0.9009688679024191,-0.5000000000000004,0.8660254037844384,-0.622046748440868,0.7829801036770624,301.7,301.0
2019-11-23,Tamil Nadu,SR,12.92038576,79.15004187,301.7,2019,11,5,327,1,0,23.3,80,313.3,340.7,262.1,331.38571428571424,16.69425335970636,289.09000000000003,-0.9749279121818236,-0.2225209339563146,-0.5000000000000004,0.8660254037844384,-0.6084768701151264,0.7935716089521472,309.9,327.3
2019-11-24,Tamil Nadu,SR,12.92038576,79.15004187,309.9,2019,11,6,328,1,0,23.6,77,301.7,343.0,246.7,326.65714285714284,17.52339932232044,291.19666666666666,-0.7818314824680299,0.6234898018587334,-0.5000000000000004,0.8660254037844384,-0.594726686960764,0.8039279618328208,310.6,332.0
2019-11-25,Tamil Nadu,SR,12.92038576,79.15004187,310.6,2019,11,0,329,0,0,23.3,78,309.9,340.0,306.7,322.45714285714286,17.31443108535492,291.3266666666667,0.0,1.0,-0.5000000000000004,0.8660254037844384,-0.5808002734538013,0.8140460935082175,313.9,337.6
2019-11-26,Tamil Nadu,SR,12.92038576,79.15004187,313.9,2019,11,1,330,0,0,23.5,78,310.6,341.4,312.4,318.5285714285714,15.303018687578152,291.37666666666667,0.7818314824680298,0.6234898018587336,-0.5000000000000004,0.8660254037844384,-0.5667017562911184,0.8239230057575536,321.4,338.7
2019-11-27,Tamil Nadu,SR,12.92038576,79.15004187,321.4,2019,11,2,331,0,0,23.7,87,313.9,340.8,306.8,315.7571428571428,11.996924208987002,291.86333333333334,0.9749279121818236,-0.22252093395631434,-0.5000000000000004,0.8660254037844384,-0.5524353131676203,0.8335557718385695,315.8,339.2
2019-11-28,Tamil Nadu,SR,12.92038576,79.15004187,315.8,2019,11,3,332,0,0,23.0,92,321.4,339.5,286.0,312.37142857142857,6.049714672531156,292.8566666666667,0.43388373911755823,-0.900968867902419,-0.5000000000000004,0.8660254037844384,-0.5380051715382992,0.8429415373547832,301.0,332.9
2019-11-29,Tamil Nadu,SR,12.92038576,79.15004187,301.0,2019,11,4,333,0,0,23.8,88,315.8,313.3,301.6,310.6142857142857,7.375958371951049,292.8366666666667,-0.433883739117558,-0.9009688679024191,-0.5000000000000004,0.8660254037844384,-0.5234156073655503,0.8520775211013093,327.3,330.6
2019-11-30,Tamil Nadu,SR,12.92038576,79.15004187,327.3,2019,11,5,334,1,0,22.7,94,301.0,301.7,272.1,314.2714285714286,8.48286788881193,294.6766666666666,-0.9749279121818236,-0.2225209339563146,-0.5000000000000004,0.8660254037844384,-0.5086709438521042,0.8609610158889945,332.0,289.3
2019-12-01,Tamil Nadu,SR,12.92038576,79.15004187,332.0,2019,12,6,335,1,0,22.0,97,327.3,309.9,260.2,317.42857142857144,10.465612625118178,297.07,-0.7818314824680299,0.6234898018587334,-2.4492935982947064e-16,1.0,-0.49377555015997737,0.8695893893466109,337.6,303.8
2019-12-02,Tamil Nadu,SR,12.92038576,79.15004187,337.6,2019,12,0,336,0,0,23.5,86,332.0,310.6,228.2,321.2857142857143,12.337534676941868,300.71666666666664,0.0,1.0,-2.4492935982947064e-16,1.0,-0.4787338401157883,0.8779600847008883,338.7,296.7
2019-12-03,Tamil Nadu,SR,12.92038576,79.15004187,338.7,2019,12,1,337,0,0,23.5,84,337.6,313.9,239.1,324.8285714285715,13.379924549576419,304.03666666666663,0.7818314824680298,0.6234898018587336,-2.4492935982947064e-16,1.0,-0.4635502709028512,0.8860706215341378,339.2,296.1
2019-12-04,Tamil Nadu,SR,12.92038576,79.15004187,339.2,2019,12,2,338,0,0,22.9,82,338.7,321.4,243.8,327.37142857142857,14.280839644515115,307.21666666666664,0.9749279121818236,-0.22252093395631434,-2.4492935982947064e-16,1.0,-0.4482293417404106,0.893918596519257,332.9,302.7
2019-12-05,Tamil Nadu,SR,12.92038576,79.15004187,332.9,2019,12,3,339,0,0,22.4,82,339.2,315.8,248.2,329.8142857142857,13.40738957582967,310.03999999999996,0.43388373911755823,-0.900968867902419,-2.4492935982947064e-16,1.0,-0.4327755925504317,0.9015016841318838,330.6,303.5
2019-12-06,Tamil Nadu,SR,12.92038576,79.15004187,330.6,2019,12,4,340,0,0,22.4,76,332.9,301.0,252.5,334.04285714285714,4.5412396042075525,312.6433333333333,-0.433883739117558,-0.9009688679024191,-2.4492935982947064e-16,1.0,-0.41719360261231697,0.9088176373395028,289.3,296.5
2019-12-08,Tamil Nadu,SR,12.92038576,79.15004187,289.3,2019,12,6,342,1,0,22.7,85,330.6,327.3,254.9,328.61428571428576,17.672523737091637,313.78999999999996,-0.7818314824680299,0.6234898018587334,-2.4492935982947064e-16,1.0,-0.38566340624360745,0.9226395488404875,303.8,304.3
2019-12-09,Tamil Nadu,SR,12.92038576,79.15004187,303.8,2019,12,0,343,0,0,22.3,82,289.3,332.0,259.0,324.5857142857143,19.851904070846004,315.28333333333336,0.0,1.0,-2.4492935982947064e-16,1.0,-0.3697245428906732,0.9291414114031743,296.7,310.0
2019-12-10,Tamil Nadu,SR,12.92038576,79.15004187,296.7,2019,12,1,344,0,0,22.3,81,303.8,337.6,286.3,318.7428571428572,21.345792492733572,315.63,0.7818314824680298,0.6234898018587336,-2.4492935982947064e-16,1.0,-0.3536761221763721,0.935367949313148,296.1,311.9
2019-12-11,Tamil Nadu,SR,12.92038576,79.15004187,296.1,2019,12,2,345,0,0,22.4,77,296.7,338.7,293.5,312.65714285714284,20.772646849711954,315.71666666666664,0.9749279121818236,-0.22252093395631434,-2.4492935982947064e-16,1.0,-0.33752289959411347,0.941317317512847,302.7,315.1
2019-12-12,Tamil Nadu,SR,12.92038576,79.15004187,302.7,2019,12,3,346,0,0,22.2,80,296.1,339.2,295.1,307.4428571428571,17.288325265224145,315.97,0.43388373911755823,-0.900968867902419,-2.4492935982947064e-16,1.0,-0.32126966169236515,0.9469877530760751,303.5,324.0
2019-12-13,Tamil Nadu,SR,12.92038576,79.15004187,303.5,2019,12,4,347,0,0,22.6,85,302.7,332.9,297.1,303.24285714285713,13.148619337260946,316.18333333333334,-0.433883739117558,-0.9009688679024191,-2.4492935982947064e-16,1.0,-0.3049212246562894,0.9523775757303973,296.5,307.8
2019-12-14,Tamil Nadu,SR,12.92038576,79.15004187,296.5,2019,12,5,348,1,0,22.2,93,303.5,330.6,288.3,298.37142857142857,5.295505731503683,316.4566666666667,-0.9749279121818236,-0.2225209339563146,-2.4492935982947064e-16,1.0,-0.2884824328806098,0.9574851883550389,304.3,296.6
2019-12-15,Tamil Nadu,SR,12.92038576,79.15004187,304.3,2019,12,6,349,1,0,22.4,84,296.5,289.3,273.6,300.5142857142857,3.8507265857368074,317.47999999999996,-0.7818314824680299,0.6234898018587334,-2.4492935982947064e-16,1.0,-0.27195815753410524,0.9623090774541487,310.0,258.0
2019-12-16,Tamil Nadu,SR,12.92038576,79.15004187,310.0,2019,12,0,350,0,0,22.0,89,304.3,303.8,260.2,301.4,5.2067264187783096,319.14,0.0,1.0,-2.4492935982947064e-16,1.0,-0.2553532951161881,0.9668478136052773,311.9,274.8
2019-12-17,Tamil Nadu,SR,12.92038576,79.15004187,311.9,2019,12,1,351,0,0,22.5,82,310.0,296.7,340.7,303.57142857142856,6.025145720427214,318.18,0.7818314824680298,0.6234898018587336,-2.4492935982947064e-16,1.0,-0.23867276600594997,0.9711000518829505,315.1,278.4
2019-12-18,Tamil Nadu,SR,12.92038576,79.15004187,315.1,2019,12,2,352,0,0,22.2,83,311.9,296.1,343.0,306.2857142857143,6.368262078837549,317.25,0.9749279121818236,-0.22252093395631434,-2.4492935982947064e-16,1.0,-0.22192151300416674,0.9750645322571945,324.0,287.5
2019-12-19,Tamil Nadu,SR,12.92038576,79.15004187,324.0,2019,12,3,353,0,0,22.6,81,315.1,302.7,340.0,309.3285714285715,8.939186071396128,316.71666666666664,0.43388373911755823,-0.900968867902419,-2.4492935982947064e-16,1.0,-0.20510449986861926,0.9787400799669153,307.8,283.2
2019-12-20,Tamil Nadu,SR,12.92038576,79.15004187,307.8,2019,12,4,354,0,0,22.2,82,324.0,303.5,341.4,309.9428571428572,8.61372105864734,315.5966666666667,-0.433883739117558,-0.9009688679024191,-2.4492935982947064e-16,1.0,-0.1882267098432439,0.9821256058680006,296.6,256.1
2019-12-21,Tamil Nadu,SR,12.92038576,79.15004187,296.6,2019,12,5,355,1,0,22.9,81,307.8,296.5,340.8,309.9571428571429,8.587754293732322,314.1233333333333,-0.9749279121818236,-0.2225209339563146,-2.4492935982947064e-16,1.0,-0.1712931441814778,0.9852201067560606,258.0,223.8
2019-12-22,Tamil Nadu,SR,12.92038576,79.15004187,258.0,2019,12,6,356,1,0,22.2,81,296.6,304.3,339.5,303.34285714285716,21.617111828584456,311.40666666666664,-0.7818314824680299,0.6234898018587334,-2.4492935982947064e-16,1.0,-0.154308820664281,0.9880226656636976,274.8,318.2
2019-12-23,Tamil Nadu,SR,12.92038576,79.15004187,274.8,2019,12,0,357,0,0,21.8,78,258.0,310.0,313.3,298.3142857142857,23.794847381413685,310.12333333333333,0.0,1.0,-2.4492935982947064e-16,1.0,-0.13727877211326517,0.9905324521322227,278.4,329.9
2019-12-24,Tamil Nadu,SR,12.92038576,79.15004187,278.4,2019,12,1,358,0,0,21.9,85,274.8,311.9,301.7,293.52857142857147,23.975175653560104,309.34666666666664,0.7818314824680298,0.6234898018587336,-2.4492935982947064e-16,1.0,-0.12020804489935275,0.9927487224577402,287.5,313.2
2019-12-25,Tamil Nadu,SR,12.92038576,79.15004187,287.5,2019,12,2,359,0,1,23.0,80,278.4,315.1,309.9,289.5857142857143,22.026682952836538,308.6,0.9749279121818236,-0.22252093395631434,-2.4492935982947064e-16,1.0,-0.10310169744743544,0.9946708199115211,283.2,289.2
2019-12-26,Tamil Nadu,SR,12.92038576,79.15004187,283.2,2019,12,3,360,0,0,22.6,79,287.5,324.0,310.6,283.75714285714287,15.967034492234784,307.68666666666667,0.43388373911755823,-0.900968867902419,-2.4492935982947064e-16,1.0,-0.0859647987374467,0.9962981749346077,256.1,291.4
2019-12-27,Tamil Nadu,SR,12.92038576,79.15004187,256.1,2019,12,4,361,0,0,22.7,77,283.2,307.8,313.9,276.37142857142857,14.914725864697662,305.76,-0.433883739117558,-0.9009688679024191,-2.4492935982947064e-16,1.0,-0.06880242680232064,0.9976303053065857,223.8,288.8
2019-12-28,Tamil Nadu,SR,12.92038576,79.15004187,223.8,2019,12,5,362,1,0,22.1,78,256.1,296.6,321.4,265.9714285714286,22.106312393049528,302.5066666666667,-0.9749279121818236,-0.2225209339563146,-2.4492935982947064e-16,1.0,-0.05161966722325418,0.9986668162884759,318.2,262.3
2019-12-29,Tamil Nadu,SR,12.92038576,79.15004187,318.2,2019,12,6,363,1,0,22.5,78,223.8,258.0,315.8,274.57142857142856,29.093797408022954,302.58666666666664,-0.7818314824680299,0.6234898018587334,-2.4492935982947064e-16,1.0,-0.034421611622745804,0.9994074007397048,329.9,328.5
2019-12-30,Tamil Nadu,SR,12.92038576,79.15004187,329.9,2019,12,0,364,0,0,22.0,86,318.2,274.8,301.0,282.4428571428571,35.83800855436698,303.55,0.0,1.0,-2.4492935982947064e-16,1.0,-0.01721335615583528,0.9998518392091162,313.2,326.4
2019-12-31,Tamil Nadu,SR,12.92038576,79.15004187,313.2,2019,12,1,365,0,0,22.4,85,329.9,278.4,327.3,287.4142857142857,37.556243536480665,303.08,0.7818314824680298,0.6234898018587336,-2.4492935982947064e-16,1.0,6.432490598706546e-16,1.0,289.2,333.6
2020-01-01,Tamil Nadu,SR,12.92038576,79.15004187,289.2,2020,1,2,1,0,0,22.7,89,313.2,287.5,332.0,287.65714285714284,37.562386201396656,301.65333333333336,0.9749279121818236,-0.22252093395631434,0.49999999999999994,0.8660254037844387,0.017213356155834685,0.9998518392091162,291.4,340.6
2020-01-02,Tamil Nadu,SR,12.92038576,79.15004187,291.4,2020,1,3,2,0,0,23.5,89,289.2,283.2,337.6,288.8285714285714,37.52806568803847,300.11333333333334,0.43388373911755823,-0.900968867902419,0.49999999999999994,0.8660254037844387,0.03442161162274574,0.9994074007397048,288.8,341.5
2020-01-03,Tamil Nadu,SR,12.92038576,79.15004187,288.8,2020,1,4,3,0,0,24.1,85,291.4,256.1,338.7,293.5,34.704034347608776,298.45,-0.433883739117558,-0.9009688679024191,0.49999999999999994,0.8660254037844387,0.051619667223253764,0.998666816288476,262.3,339.2
2020-01-04,Tamil Nadu,SR,12.92038576,79.15004187,262.3,2020,1,5,4,1,0,24.5,82,288.8,223.8,339.2,299.0,22.83936659950685,295.88666666666666,-0.9749279121818236,-0.2225209339563146,0.49999999999999994,0.8660254037844387,0.06880242680231986,0.9976303053065857,328.5,311.7
2020-01-05,Tamil Nadu,SR,12.92038576,79.15004187,328.5,2020,1,6,5,1,0,23.5,87,262.3,318.2,332.9,300.4714285714286,24.5502012405679,295.74,-0.7818314824680299,0.6234898018587334,0.49999999999999994,0.8660254037844387,0.08596479873744647,0.9962981749346078,326.4,336.8
2020-01-13,Tamil Nadu,SR,12.92038576,79.15004187,326.4,2020,1,0,13,0,0,22.4,77,328.5,329.9,330.6,299.9714285714286,23.877375224656685,295.6,0.0,1.0,0.49999999999999994,0.8660254037844387,0.2219215130041655,0.9750645322571948,333.6,338.4
2020-01-14,Tamil Nadu,SR,12.92038576,79.15004187,333.6,2020,1,1,14,0,0,21.3,75,326.4,313.2,289.3,302.88571428571424,26.82414512905789,297.0766666666667,0.7818314824680298,0.6234898018587336,0.49999999999999994,0.8660254037844387,0.2386727660059501,0.9711000518829505,340.6,327.8
2020-01-15,Tamil Nadu,SR,12.92038576,79.15004187,340.6,2020,1,2,15,0,0,21.0,72,333.6,289.2,303.8,310.22857142857146,29.367936840808266,298.30333333333334,0.9749279121818236,-0.22252093395631434,0.49999999999999994,0.8660254037844387,0.255353295116187,0.9668478136052775,341.5,327.2
2020-01-16,Tamil Nadu,SR,12.92038576,79.15004187,341.5,2020,1,3,16,0,0,21.8,71,340.6,291.4,296.7,317.38571428571424,30.10998885040326,299.79666666666674,0.43388373911755823,-0.900968867902419,0.49999999999999994,0.8660254037844387,0.2719581575341055,0.9623090774541486,339.2,334.7
2020-01-17,Tamil Nadu,SR,12.92038576,79.15004187,339.2,2020,1,4,17,0,0,22.4,78,341.5,288.8,296.1,324.5857142857143,28.093619000965322,301.23333333333335,-0.433883739117558,-0.9009688679024191,0.49999999999999994,0.8660254037844387,0.288482432880609,0.9574851883550393,311.7,322.9
2020-01-18,Tamil Nadu,SR,12.92038576,79.15004187,311.7,2020,1,5,18,1,0,23.0,88,339.2,262.3,302.7,331.64285714285717,10.59415831843916,301.53333333333336,-0.9749279121818236,-0.2225209339563146,0.49999999999999994,0.8660254037844387,0.30492122465628907,0.9523775757303974,336.8,294.6
2020-01-19,Tamil Nadu,SR,12.92038576,79.15004187,336.8,2020,1,6,19,1,0,23.6,78,311.7,328.5,303.5,332.82857142857137,10.64811631004952,302.6433333333333,-0.7818314824680299,0.6234898018587334,0.49999999999999994,0.8660254037844387,0.3212696616923644,0.9469877530760753,338.4,349.6
2020-01-20,Tamil Nadu,SR,12.92038576,79.15004187,338.4,2020,1,0,20,0,0,23.7,75,336.8,326.4,296.5,334.54285714285714,10.40382255757388,304.03999999999996,0.0,1.0,0.49999999999999994,0.8660254037844387,0.3375228995941133,0.9413173175128471,327.8,359.6
2020-01-21,Tamil Nadu,SR,12.92038576,79.15004187,327.8,2020,1,1,21,0,0,23.0,75,338.4,333.6,304.3,333.7142857142857,10.717653438978871,304.8233333333334,0.7818314824680298,0.6234898018587336,0.49999999999999994,0.8660254037844387,0.3536761221763716,0.9353679493131483,327.2,362.1
2020-01-22,Tamil Nadu,SR,12.92038576,79.15004187,327.2,2020,1,2,22,0,0,22.9,75,327.8,340.6,310.0,331.8,10.476799765830034,305.39666666666665,0.9749279121818236,-0.22252093395631434,0.49999999999999994,0.8660254037844387,0.3697245428906731,0.9291414114031743,334.7,362.1
2020-01-23,Tamil Nadu,SR,12.92038576,79.15004187,334.7,2020,1,3,23,0,0,23.4,73,327.2,341.5,311.9,330.8285714285715,9.71505949299052,306.1566666666667,0.43388373911755823,-0.900968867902419,0.49999999999999994,0.8660254037844387,0.38566340624360707,0.9226395488404876,322.9,362.1
2020-01-24,Tamil Nadu,SR,12.92038576,79.15004187,322.9,2020,1,4,24,0,0,22.5,69,334.7,339.2,315.1,328.5,9.31951357814884,306.4166666666667,-0.433883739117558,-0.9009688679024191,0.49999999999999994,0.8660254037844387,0.401487989205973,0.9158642882672872,294.6,361.5
2020-01-25,Tamil Nadu,SR,12.92038576,79.15004187,294.6,2020,1,5,25,1,0,21.4,69,322.9,311.7,324.0,326.0571428571429,14.979525709319374,305.43666666666667,-0.9749279121818236,-0.2225209339563146,0.49999999999999994,0.8660254037844387,0.4171936026123168,0.9088176373395029,349.6,332.8
2020-01-26,Tamil Nadu,SR,12.92038576,79.15004187,349.6,2020,1,6,26,1,1,22.3,70,294.6,336.8,307.8,327.88571428571424,17.135579804548865,306.83,-0.7818314824680299,0.6234898018587334,0.49999999999999994,0.8660254037844387,0.4327755925504312,0.901501684131884,359.6,268.8
2020-01-27,Tamil Nadu,SR,12.92038576,79.15004187,359.6,2020,1,0,27,0,0,22.5,71,349.6,338.4,296.6,330.9142857142857,20.78785130562383,308.93000000000006,0.0,1.0,0.49999999999999994,0.8660254037844387,0.4482293417404106,0.893918596519257,362.1,288.2
2020-01-28,Tamil Nadu,SR,12.92038576,79.15004187,362.1,2020,1,1,28,0,0,23.6,72,359.6,327.8,258.0,335.8142857142857,23.76127301383607,312.4,0.7818314824680298,0.6234898018587336,0.49999999999999994,0.8660254037844387,0.4635502709028509,0.886070621534138,362.1,312.9
2020-01-29,Tamil Nadu,SR,12.92038576,79.15004187,362.1,2020,1,2,29,0,0,24.3,72,362.1,327.2,274.8,340.80000000000007,25.266314861226206,315.31,0.9749279121818236,-0.22252093395631434,0.49999999999999994,0.8660254037844387,0.47873384011578846,0.8779600847008882,362.1,318.7
2020-01-30,Tamil Nadu,SR,12.92038576,79.15004187,362.1,2020,1,3,30,0,0,24.1,70,362.1,334.7,278.4,344.7142857142858,26.266418901416905,318.1,0.43388373911755823,-0.900968867902419,0.49999999999999994,0.8660254037844387,0.49377555015997715,0.869589389346611,361.5,323.6
2020-01-31,Tamil Nadu,SR,12.92038576,79.15004187,361.5,2020,1,4,31,0,0,24.0,72,362.1,322.9,287.5,350.22857142857146,24.941913471483915,320.56666666666666,-0.433883739117558,-0.9009688679024191,0.49999999999999994,0.8660254037844387,0.5086709438521044,0.8609610158889943,332.8,320.9
2020-02-01,Tamil Nadu,SR,12.92038576,79.15004187,332.8,2020,2,5,32,1,0,24.3,72,361.5,294.6,283.2,355.68571428571425,11.055530828716426,322.21999999999997,-0.9749279121818236,-0.2225209339563146,0.8660254037844386,0.5000000000000001,0.5234156073655503,0.8520775211013093,268.8,284.9
2020-02-02,Tamil Nadu,SR,12.92038576,79.15004187,268.8,2020,2,6,33,1,0,23.9,70,332.8,349.6,256.1,344.14285714285717,34.91126165689433,322.6433333333334,-0.7818314824680299,0.6234898018587334,0.8660254037844386,0.5000000000000001,0.5380051715382996,0.8429415373547828,288.2,285.0
2020-02-03,Tamil Nadu,SR,12.92038576,79.15004187,288.2,2020,2,0,34,0,0,23.4,70,268.8,359.6,223.8,333.9428571428571,39.73910153081159,324.78999999999996,0.0,1.0,0.8660254037844386,0.5000000000000001,0.5524353131676196,0.8335557718385699,312.9,296.5
2020-02-04,Tamil Nadu,SR,12.92038576,79.15004187,312.9,2020,2,1,35,0,0,23.0,76,288.2,362.1,318.2,326.9142857142857,38.25212101184366,324.6133333333334,0.7818314824680298,0.6234898018587336,0.8660254037844386,0.5000000000000001,0.5667017562911176,0.8239230057575542,318.7,296.1
2020-02-05,Tamil Nadu,SR,12.92038576,79.15004187,318.7,2020,2,2,36,0,0,23.6,70,312.9,362.1,329.9,320.7142857142857,34.97548801524774,324.23999999999995,0.9749279121818236,-0.22252093395631434,0.8660254037844386,0.5000000000000001,0.5808002734538009,0.8140460935082178,323.6,293.2
2020-02-13,Tamil Nadu,SR,12.92038576,79.15004187,323.6,2020,2,3,44,0,0,24.5,67,318.7,362.1,313.2,315.2142857142857,30.065230669962908,324.5866666666667,0.43388373911755823,-0.900968867902419,0.8660254037844386,0.5000000000000001,0.6870527672236669,0.7266075247685656,320.9,295.2
2020-02-14,Tamil Nadu,SR,12.92038576,79.15004187,320.9,2020,2,4,45,0,0,24.2,64,323.6,361.5,289.2,309.4142857142857,22.649461257126745,325.6433333333333,-0.433883739117558,-0.9009688679024191,0.8660254037844386,0.5000000000000001,0.699458327051647,0.7146733860429609,284.9,290.2
2020-02-15,Tamil Nadu,SR,12.92038576,79.15004187,284.9,2020,2,5,46,1,0,23.5,60,320.9,332.8,291.4,302.57142857142856,21.618951122083747,325.4266666666666,-0.9749279121818236,-0.2225209339563146,0.8660254037844386,0.5000000000000001,0.7116566222817746,0.7025274741691571,285.0,275.1
2020-02-16,Tamil Nadu,SR,12.92038576,79.15004187,285.0,2020,2,6,47,1,0,22.9,63,284.9,268.8,288.8,304.88571428571424,17.95841757797044,325.3,-0.7818314824680299,0.6234898018587334,0.8660254037844386,0.5000000000000001,0.7236440382959124,0.6901733882429719,296.5,349.6
2020-02-17,Tamil Nadu,SR,12.92038576,79.15004187,296.5,2020,2,0,48,0,0,23.0,64,285.0,288.2,262.3,306.07142857142856,16.9169258718118,326.43999999999994,0.0,1.0,0.8660254037844386,0.5000000000000001,0.7354170229639855,0.6776147890466889,296.1,343.7
2020-02-18,Tamil Nadu,SR,12.92038576,79.15004187,296.1,2020,2,1,49,0,0,23.0,64,296.5,312.9,328.5,303.6714285714285,16.978291461521618,325.35999999999996,0.7818314824680298,0.6234898018587336,0.8660254037844386,0.5000000000000001,0.7469720876965552,0.6648553979642865,293.2,330.9
2020-02-19,Tamil Nadu,SR,12.92038576,79.15004187,293.2,2020,2,2,50,0,0,23.1,67,296.1,318.7,326.4,300.0285714285714,15.918931526719431,324.25333333333333,0.9749279121818236,-0.22252093395631434,0.8660254037844386,0.5000000000000001,0.7583058084785624,0.6518989958787126,295.2,332.9
2020-02-20,Tamil Nadu,SR,12.92038576,79.15004187,295.2,2020,2,3,51,0,0,22.9,67,293.2,323.6,333.6,295.9714285714286,12.062022257995782,322.9733333333333,0.43388373911755823,-0.900968867902419,0.8660254037844386,0.5000000000000001,0.7694148268839378,0.6387494220515272,290.2,342.2
2020-02-21,Tamil Nadu,SR,12.92038576,79.15004187,290.2,2020,2,4,52,0,0,23.5,68,295.2,320.9,340.6,291.5857142857143,5.003141870009069,321.2933333333333,-0.433883739117558,-0.9009688679024191,0.8660254037844386,0.5000000000000001,0.7802958510707755,0.6254105729852463,275.1,352.7
2020-02-22,Tamil Nadu,SR,12.92038576,79.15004187,275.1,2020,2,5,53,1,0,24.6,72,290.2,284.9,341.5,290.18571428571425,7.7840496254481355,319.08,-0.9749279121818236,-0.2225209339563146,0.8660254037844386,0.5000000000000001,0.7909456567567772,0.6118864012687243,349.6,326.3
2020-02-23,Tamil Nadu,SR,12.92038576,79.15004187,349.6,2020,2,6,54,1,0,24.7,71,275.1,285.0,339.2,299.4142857142857,23.34719316259299,319.4266666666667,-0.7818314824680299,0.6234898018587334,0.8660254037844386,0.5000000000000001,0.8013610881746766,0.5981809144059165,343.7,290.7
2020-02-24,Tamil Nadu,SR,12.92038576,79.15004187,343.7,2020,2,0,55,0,0,24.6,72,349.6,296.5,311.7,306.1571428571429,28.592006875048998,320.4933333333333,0.0,1.0,0.8660254037844386,0.5000000000000001,0.8115390590073611,0.5842981736283684,330.9,291.7
2020-02-25,Tamil Nadu,SR,12.92038576,79.15004187,330.9,2020,2,1,56,0,0,25.6,69,343.7,296.1,336.8,311.12857142857143,29.560881486953335,320.2966666666667,0.7818314824680298,0.6234898018587336,0.8660254037844386,0.5000000000000001,0.8214765533024142,0.5702422926917871,332.9,298.3
2020-02-26,Tamil Nadu,SR,12.92038576,79.15004187,332.9,2020,2,2,57,0,0,25.7,69,330.9,293.2,338.4,316.8,29.355521910990547,320.1133333333334,0.9749279121818236,-0.22252093395631434,0.8660254037844386,0.5000000000000001,0.8311706263658079,0.5560174366570446,342.2,298.3
2020-02-27,Tamil Nadu,SR,12.92038576,79.15004187,342.2,2020,2,3,58,0,0,25.5,70,332.9,295.2,327.8,323.5142857142857,28.96408284821163,320.5933333333333,0.43388373911755823,-0.900968867902419,0.8660254037844386,0.5000000000000001,0.8406184056344782,0.5416278206559814,352.7,298.5
2020-02-28,Tamil Nadu,SR,12.92038576,79.15004187,352.7,2020,2,4,59,0,0,25.1,69,342.2,290.2,327.2,332.4428571428571,26.51237806150463,321.4433333333334,-0.433883739117558,-0.9009688679024191,0.8660254037844386,0.5000000000000001,0.8498170915275278,0.5270777086423722,326.3,298.1
2020-02-29,Tamil Nadu,SR,12.92038576,79.15004187,326.3,2020,2,5,60,1,0,25.2,69,352.7,275.1,334.7,339.75714285714287,9.937111777379986,321.1633333333333,-0.9749279121818236,-0.2225209339563146,0.8660254037844386,0.5000000000000001,0.8587639582758029,0.5123714121284237,290.7,279.3
2020-03-01,Tamil Nadu,SR,12.92038576,79.15004187,290.7,2020,3,6,61,1,0,25.4,68,326.3,349.6,322.9,331.34285714285716,20.027469231270494,320.09000000000003,-0.7818314824680299,0.6234898018587334,1.0,6.123233995736766e-17,0.8674563547295969,0.49751328890718066,291.7,347.2
2020-03-02,Tamil Nadu,SR,12.92038576,79.15004187,291.7,2020,3,0,62,0,0,25.2,65,290.7,343.7,294.6,323.9142857142857,23.94148620918786,319.9933333333333,0.0,1.0,1.0,6.123233995736766e-17,0.8758917051442429,0.48250774176121847,298.3,336.3
2020-03-03,Tamil Nadu,SR,12.92038576,79.15004187,298.3,2020,3,1,63,0,0,26.3,60,291.7,330.9,349.6,319.2571428571428,25.47756249086961,318.28333333333336,0.7818314824680298,0.6234898018587336,1.0,6.123233995736766e-17,0.8840675099433636,0.4673592171580022,298.3,317.2
2020-03-04,Tamil Nadu,SR,12.92038576,79.15004187,298.3,2020,3,2,64,0,0,26.8,61,298.3,332.9,359.6,314.3142857142857,25.74454172385691,316.23999999999995,0.9749279121818236,-0.22252093395631434,1.0,6.123233995736766e-17,0.8919813464595485,0.45207220393230435,298.5,336.8
2020-03-05,Tamil Nadu,SR,12.92038576,79.15004187,298.5,2020,3,3,65,0,0,26.3,67,298.3,342.2,362.1,308.07142857142856,23.00852843952364,314.12,0.43388373911755823,-0.900968867902419,1.0,6.123233995736766e-17,0.8996308696522433,0.43665123195606403,298.1,338.4
2020-03-13,Tamil Nadu,SR,12.92038576,79.15004187,298.1,2020,3,4,73,0,0,26.2,66,298.5,352.7,362.1,300.2714285714286,11.959614582099887,311.9866666666667,-0.433883739117558,-0.9009688679024191,1.0,6.123233995736766e-17,0.9510565162951535,0.30901699437494745,279.3,327.8
2020-03-14,Tamil Nadu,SR,12.92038576,79.15004187,279.3,2020,3,5,74,1,0,26.3,65,298.1,326.3,362.1,293.5571428571429,7.129015159393273,309.22666666666663,-0.9749279121818236,-0.2225209339563146,1.0,6.123233995736766e-17,0.9562348265919056,0.29260033563334836,347.2,327.2
2020-03-15,Tamil Nadu,SR,12.92038576,79.15004187,347.2,2020,3,6,75,1,0,26.6,65,279.3,290.7,361.5,301.62857142857143,21.28494885168958,308.75,-0.7818314824680299,0.6234898018587334,1.0,6.123233995736766e-17,0.9611297838723007,0.27609697309746883,336.3,245.5
2020-03-16,Tamil Nadu,SR,12.92038576,79.15004187,336.3,2020,3,0,76,0,0,26.0,73,347.2,291.7,332.8,308.0,24.281886252925,308.8666666666667,0.0,1.0,1.0,6.123233995736766e-17,0.9657399376548549,0.2595117970697999,317.2,247.0
2020-03-17,Tamil Nadu,SR,12.92038576,79.15004187,317.2,2020,3,1,77,0,0,27.0,63,336.3,298.3,268.8,310.7,24.073429336095543,310.47999999999996,0.7818314824680298,0.6234898018587336,1.0,6.123233995736766e-17,0.9700639218515071,0.2428497220959356,336.8,235.1
2020-03-18,Tamil Nadu,SR,12.92038576,79.15004187,336.8,2020,3,2,78,0,0,26.8,65,317.2,298.3,288.2,316.2,25.142527054109884,312.1,0.9749279121818236,-0.22252093395631434,1.0,6.123233995736766e-17,0.9741004551724205,0.22611568550828828,338.4,237.5
2020-03-19,Tamil Nadu,SR,12.92038576,79.15004187,338.4,2020,3,3,79,0,0,27.3,62,336.8,298.5,312.9,321.90000000000003,24.983327774070496,312.95,0.43388373911755823,-0.900968867902419,1.0,6.123233995736766e-17,0.9778483415056568,0.20931464596304847,327.8,224.4
2020-03-20,Tamil Nadu,SR,12.92038576,79.15004187,327.8,2020,3,4,80,0,0,27.7,55,338.4,298.1,318.7,326.14285714285717,22.683904509794953,313.25333333333333,-0.433883739117558,-0.9009688679024191,1.0,6.123233995736766e-17,0.9813064702716093,0.19245158197082998,327.2,220.744
2020-03-21,Tamil Nadu,SR,12.92038576,79.15004187,327.2,2020,3,5,81,1,0,27.7,63,327.8,279.3,323.6,332.9857142857142,9.716382826857984,313.37333333333333,-0.9749279121818236,-0.2225209339563146,1.0,6.123233995736766e-17,0.9844738167520922,0.1755314904214282,245.5,222.7
2020-03-22,Tamil Nadu,SR,12.92038576,79.15004187,245.5,2020,3,6,82,1,0,27.8,62,327.2,347.2,320.9,318.45714285714286,33.01665524866964,310.86,-0.7818314824680299,0.6234898018587334,1.0,6.123233995736766e-17,0.9873494423939864,0.15855938510313475,247.0,264.6
2020-03-23,Tamil Nadu,SR,12.92038576,79.15004187,247.0,2020,3,0,83,0,0,28.0,60,245.5,336.3,284.9,305.69999999999993,41.2091009365649,309.5966666666667,0.0,1.0,1.0,6.123233995736766e-17,0.989932495087353,0.141540295217043,235.1,283.1
2020-03-24,Tamil Nadu,SR,12.92038576,79.15004187,235.1,2020,3,1,84,0,0,27.1,62,247.0,317.2,285.0,293.9714285714286,48.439540126007124,307.93333333333334,0.7818314824680298,0.6234898018587336,1.0,6.123233995736766e-17,0.9922222094179323,0.12447926388678915,237.5,295.3
2020-03-25,Tamil Nadu,SR,12.92038576,79.15004187,237.5,2020,3,2,85,0,0,27.1,62,235.1,336.8,296.5,279.7857142857143,48.34671407556861,305.96666666666664,0.9749279121818236,-0.22252093395631434,1.0,6.123233995736766e-17,0.994217906893952,0.10738134666416309,224.4,295.0
2020-03-26,Tamil Nadu,SR,12.92038576,79.15004187,224.4,2020,3,3,86,0,0,27.5,63,237.5,338.4,296.1,263.5,44.346739827560874,303.5766666666667,0.43388373911755823,-0.900968867902419,1.0,6.123233995736766e-17,0.995918996147179,0.09025161003104117,220.744,289.9
2020-03-27,Tamil Nadu,SR,12.92038576,79.15004187,220.744,2020,3,4,87,0,0,27.6,58,224.4,327.8,293.2,248.2062857142857,36.18494544104613,301.1614666666666,-0.433883739117558,-0.9009688679024191,1.0,6.123233995736766e-17,0.9973249731081555,0.07309512989807777,222.7,281.2
2020-03-28,Tamil Nadu,SR,12.92038576,79.15004187,222.7,2020,3,5,88,1,0,27.3,55,220.744,327.2,295.2,233.27771428571427,10.852262893278736,298.74480000000005,-0.9749279121818236,-0.2225209339563146,1.0,6.123233995736766e-17,0.9984354211555643,0.055916990100603484,264.6,262.4
2020-03-29,Tamil Nadu,SR,12.92038576,79.15004187,264.6,2020,3,6,89,1,0,27.6,56,222.7,245.5,290.2,236.0062857142857,15.7385686527767,297.8914666666667,-0.7818314824680299,0.6234898018587334,1.0,6.123233995736766e-17,0.9992500112396835,0.03872228089217446,283.1,334.5
2020-03-30,Tamil Nadu,SR,12.92038576,79.15004187,283.1,2020,3,0,90,0,0,27.5,52,264.6,247.0,275.1,241.16342857142857,23.79425201498139,298.1581333333333,0.0,1.0,1.0,6.123233995736766e-17,0.9997685019798909,0.021516097436222254,295.3,343.9
2020-03-31,Tamil Nadu,SR,12.92038576,79.15004187,295.3,2020,3,1,91,0,0,27.6,52,283.1,235.1,349.6,249.7634285714286,31.019568484304184,296.3481333333333,0.7818314824680298,0.6234898018587336,1.0,6.123233995736766e-17,0.9999907397361901,0.004303538296244289,295.0,344.3
2020-04-01,Tamil Nadu,SR,12.92038576,79.15004187,295.0,2020,4,2,92,0,0,28.3,54,295.3,237.5,343.7,257.9777142857143,34.63359654879651,294.7248,0.9749279121818236,-0.22252093395631434,0.8660254037844387,-0.4999999999999998,0.9999166586547379,-0.01291029607500882,289.9,347.7
2020-04-02,Tamil Nadu,SR,12.92038576,79.15004187,289.9,2020,4,3,93,0,1,28.8,52,295.0,224.4,330.9,267.3348571428572,32.85217555164693,293.35813333333334,0.43388373911755823,-0.900968867902419,0.8660254037844387,-0.4999999999999998,0.9995462806873573,-0.030120304846908114,281.2,349.0
2020-04-03,Tamil Nadu,SR,12.92038576,79.15004187,281.2,2020,4,4,94,0,0,28.5,60,289.9,220.744,332.9,275.9714285714286,25.73905685177833,291.6348,-0.433883739117558,-0.9009688679024191,0.8660254037844387,-0.4999999999999998,0.9988797155850336,-0.04732138832243185,262.4,344.7
2020-04-04,Tamil Nadu,SR,12.92038576,79.15004187,262.4,2020,4,5,95,1,0,28.4,60,281.2,222.7,342.2,281.64285714285717,13.516515470941998,288.9748,-0.9749279121818236,-0.2225209339563146,0.8660254037844387,-0.4999999999999998,0.9979171608653922,-0.06450844944931623,334.5,319.5
2020-04-05,Tamil Nadu,SR,12.92038576,79.15004187,334.5,2020,4,6,96,1,0,29.4,63,262.4,264.6,352.7,291.62857142857143,21.99088555786379,288.36813333333333,-0.7818314824680299,0.6234898018587334,0.8660254037844387,-0.4999999999999998,0.9966589017541702,-0.08167639533042241,343.9,296.5
2020-04-13,Tamil Nadu,SR,12.92038576,79.15004187,343.9,2020,4,0,104,0,0,28.2,56,334.5,283.1,326.3,300.3142857142857,28.96281688483992,288.95480000000003,0.0,1.0,0.8660254037844387,-0.4999999999999998,0.9760105506323683,-0.21772323039653177,344.3,303.4
2020-04-14,Tamil Nadu,SR,12.92038576,79.15004187,344.3,2020,4,1,105,0,1,27.8,59,343.9,295.3,290.7,307.3142857142857,33.165415147481,290.7414666666666,0.7818314824680298,0.6234898018587336,0.8660254037844387,-0.4999999999999998,0.9721181966290613,-0.23449138957040985,347.7,310.3
2020-04-15,Tamil Nadu,SR,12.92038576,79.15004187,347.7,2020,4,2,106,0,0,28.6,57,344.3,295.0,291.7,314.84285714285716,35.78239125337374,292.60813333333334,0.9749279121818236,-0.22252093395631434,0.8660254037844387,-0.4999999999999998,0.9679377830240642,-0.25119006388481935,349.0,311.4
2020-04-16,Tamil Nadu,SR,12.92038576,79.15004187,349.0,2020,4,3,107,0,0,28.8,57,347.7,289.9,298.3,323.2857142857143,35.88841171239096,294.29813333333334,0.43388373911755823,-0.900968867902419,0.8660254037844387,-0.4999999999999998,0.9634705485641488,-0.2678143051621742,344.7,318.9
2020-04-17,Tamil Nadu,SR,12.92038576,79.15004187,344.7,2020,4,4,108,0,0,29.3,61,349.0,281.2,298.3,332.35714285714283,31.196145976859075,295.8448,-0.433883739117558,-0.9009688679024191,0.8660254037844387,-0.4999999999999998,0.9587178169872964,-0.2843591872810034,319.5,313.6
2020-04-18,Tamil Nadu,SR,12.92038576,79.15004187,319.5,2020,4,5,109,1,0,29.6,61,344.7,262.4,298.5,340.5142857142857,10.366038872430057,296.5448,-0.9749279121818236,-0.2225209339563146,0.8660254037844387,-0.4999999999999998,0.9536809966304457,-0.30081980763566735,296.5,291.0
2020-04-19,Tamil Nadu,SR,12.92038576,79.15004187,296.5,2020,4,6,110,1,0,29.4,62,319.5,334.5,298.1,335.0857142857143,19.746428248455533,296.49146666666667,-0.7818314824680299,0.6234898018587334,0.8660254037844387,-0.4999999999999998,0.9483615800121715,-0.3171912885891061,303.4,328.4
2020-04-20,Tamil Nadu,SR,12.92038576,79.15004187,303.4,2020,4,0,111,0,0,29.3,60,296.5,343.9,279.3,329.3,22.47776679298857,297.2948,0.0,1.0,0.8660254037844387,-0.4999999999999998,0.9427611433904207,-0.3334687789181868,310.3,343.5
2020-04-21,Tamil Nadu,SR,12.92038576,79.15004187,310.3,2020,4,1,112,0,0,29.0,57,303.4,344.3,347.2,324.4428571428571,22.369462602906697,296.0648,0.7818314824680298,0.6234898018587336,0.8660254037844387,-0.4999999999999998,0.9368813462954315,-0.3496474552512284,311.4,324.2
2020-04-22,Tamil Nadu,SR,12.92038576,79.15004187,311.4,2020,4,2,113,0,0,29.6,57,310.3,347.7,336.3,319.25714285714287,20.17976355517691,295.2348,0.9749279121818236,-0.22252093395631434,0.8660254037844387,-0.4999999999999998,0.9307239310379795,-0.36572252349726897,318.9,331.6
2020-04-23,Tamil Nadu,SR,12.92038576,79.15004187,318.9,2020,4,3,114,0,0,29.9,61,311.4,349.0,317.2,314.95714285714286,15.434793718830521,295.2914666666667,0.43388373911755823,-0.900968867902419,0.8660254037844387,-0.4999999999999998,0.9242907221930933,-0.3816892202666588,313.6,339.9
2020-04-24,Tamil Nadu,SR,12.92038576,79.15004187,313.6,2020,4,4,115,0,0,30.7,58,318.9,344.7,336.8,310.5142857142857,8.250541107795643,294.5181333333333,-0.433883739117558,-0.9009688679024191,0.8660254037844387,-0.4999999999999998,0.9175836260593937,-0.39754281428255595,291.0,337.3
2020-04-25,Tamil Nadu,SR,12.92038576,79.15004187,291.0,2020,4,5,116,1,0,30.7,57,313.6,319.5,338.4,306.4428571428571,9.936944054529963,292.93813333333327,-0.9749279121818236,-0.2225209339563146,0.8660254037844387,-0.4999999999999998,0.9106046300942162,-0.4132786077829042,328.4,312.0
2020-04-26,Tamil Nadu,SR,12.92038576,79.15004187,328.4,2020,4,6,117,1,0,29.4,66,291.0,296.5,327.8,311.0,11.76392791545395,292.95813333333336,-0.7818314824680299,0.6234898018587334,0.8660254037844387,-0.4999999999999998,0.9033558023246845,-0.4288919379124835,343.5,250.0
2020-04-27,Tamil Nadu,SR,12.92038576,79.15004187,343.5,2020,4,0,118,0,0,28.9,70,328.4,303.4,327.2,316.7285714285714,16.32541110107305,293.50146666666666,0.0,1.0,0.8660254037844387,-0.4999999999999998,0.895839290734909,-0.4443781781046132,324.2,263.3
2020-04-28,Tamil Nadu,SR,12.92038576,79.15004187,324.2,2020,4,1,119,0,0,28.5,74,343.5,310.3,245.5,318.7142857142857,16.25837513113632,296.12479999999994,0.7818314824680298,0.6234898018587336,0.8660254037844387,-0.4999999999999998,0.8880573226294932,-0.45973273945210397,331.6,271.8
2020-04-29,Tamil Nadu,SR,12.92038576,79.15004187,331.6,2020,4,2,120,0,0,27.0,74,324.2,311.4,247.0,321.59999999999997,16.534106164732773,298.9448,0.9749279121818236,-0.22252093395631434,0.8660254037844387,-0.4999999999999998,0.8800122039735357,-0.47495107206704995,339.9,279.6
2020-04-30,Tamil Nadu,SR,12.92038576,79.15004187,339.9,2020,4,3,121,0,0,28.7,67,331.6,318.9,235.1,324.59999999999997,17.81787492005294,302.4381333333333,0.43388373911755823,-0.900968867902419,0.8660254037844387,-0.4999999999999998,0.8717063187093218,-0.4900286664290592,337.3,281.7
2020-05-01,Tamil Nadu,SR,12.92038576,79.15004187,337.3,2020,5,4,122,0,0,29.6,62,339.9,313.6,237.5,327.9857142857143,17.630033897814197,305.76480000000004,-0.433883739117558,-0.9009688679024191,0.49999999999999994,-0.8660254037844387,0.8631421280499114,-0.5049610547215204,312.0,288.1
2020-05-02,Tamil Nadu,SR,12.92038576,79.15004187,312.0,2020,5,5,123,1,0,29.9,63,337.3,291.0,224.4,330.9857142857143,10.719985785348568,308.6848,-0.9749279121818236,-0.2225209339563146,0.49999999999999994,-0.8660254037844387,0.854322169749827,-0.5197438121555155,250.0,292.4
2020-05-03,Tamil Nadu,SR,12.92038576,79.15004187,250.0,2020,5,6,124,1,0,29.9,59,312.0,328.4,220.744,319.7857142857143,32.5664156543427,309.66,-0.7818314824680299,0.6234898018587334,0.49999999999999994,-0.8660254037844387,0.8452490573530633,-0.5343725582809786,263.3,298.9
2020-05-04,Tamil Nadu,SR,12.92038576,79.15004187,263.3,2020,5,0,125,0,0,29.7,60,250.0,343.5,222.7,308.3285714285715,36.68068130436481,311.0133333333333,0.0,1.0,0.49999999999999994,-0.8660254037844387,0.8359254794186372,-0.548842958284719,271.8,311.3
2020-05-05,Tamil Nadu,SR,12.92038576,79.15004187,271.8,2020,5,1,126,0,0,29.7,56,263.3,324.2,264.6,300.84285714285716,38.21652596904722,311.2533333333333,0.7818314824680298,0.6234898018587336,0.49999999999999994,-0.8660254037844387,0.8263541987239096,-0.5631507242749186,279.6,311.0
2020-05-13,Tamil Nadu,SR,12.92038576,79.15004187,279.6,2020,5,2,134,0,0,29.3,64,271.8,331.6,283.1,293.4142857142857,36.24451354211794,311.13666666666666,0.9749279121818236,-0.22252093395631434,0.49999999999999994,-0.8660254037844387,0.7412220108485958,-0.6712599575675313,281.7,312.9
2020-05-14,Tamil Nadu,SR,12.92038576,79.15004187,281.7,2020,5,3,135,0,0,29.9,62,279.6,339.9,295.3,285.1,29.92880440868547,310.68333333333334,0.43388373911755823,-0.900968867902419,0.49999999999999994,-0.8660254037844387,0.7295575540864875,-0.6839194216246106,288.1,314.7
2020-05-15,Tamil Nadu,SR,12.92038576,79.15004187,288.1,2020,5,4,136,0,0,30.0,60,281.7,337.3,295.0,278.07142857142856,19.633111002056495,310.4533333333333,-0.433883739117558,-0.9009688679024191,0.49999999999999994,-0.8660254037844387,0.717676913675962,-0.6963762255968722,292.4,314.6
2020-05-16,Tamil Nadu,SR,12.92038576,79.15004187,292.4,2020,5,5,137,1,0,30.9,58,288.1,312.0,289.9,275.2714285714286,14.787575222206238,310.5366666666667,-0.9749279121818236,-0.2225209339563146,0.49999999999999994,-0.8660254037844387,0.705583610107178,-0.7086266782644596,298.9,295.9
2020-05-17,Tamil Nadu,SR,12.92038576,79.15004187,298.9,2020,5,6,138,1,0,30.8,57,292.4,250.0,281.2,282.25714285714287,12.179881929211952,311.12666666666667,-0.7818314824680299,0.6234898018587334,0.49999999999999994,-0.8660254037844387,0.6932812268869777,-0.7206671495538609,311.3,230.6
2020-05-18,Tamil Nadu,SR,12.92038576,79.15004187,311.3,2020,5,0,139,0,0,30.5,58,298.9,263.3,262.4,289.11428571428576,13.197654914344026,312.7566666666666,0.0,1.0,0.49999999999999994,-0.8660254037844387,0.6807734094770161,-0.7324940716135789,311.0,242.5
2020-05-19,Tamil Nadu,SR,12.92038576,79.15004187,311.0,2020,5,1,140,0,0,32.3,46,311.3,271.8,334.5,294.7142857142857,12.94056008208702,311.9733333333333,0.7818314824680298,0.6234898018587336,0.49999999999999994,-0.8660254037844387,0.6680638642135335,-0.7441039398713607,312.9,251.7
2020-05-20,Tamil Nadu,SR,12.92038576,79.15004187,312.9,2020,5,2,141,0,0,32.5,41,311.0,279.6,343.9,299.4714285714286,12.573876926087085,310.94,0.9749279121818236,-0.22252093395631434,0.49999999999999994,-0.8660254037844387,0.6551563572090853,-0.7554933140726803,314.7,254.2
2020-05-21,Tamil Nadu,SR,12.92038576,79.15004187,314.7,2020,5,3,142,0,0,32.4,41,312.9,281.7,344.3,304.18571428571425,10.87143482885744,309.9533333333333,0.43388373911755823,-0.900968867902419,0.49999999999999994,-0.8660254037844387,0.6420547132365637,-0.766658819300159,314.6,257.7
