timestamp,node_id,region,latitude,longitude,consumption_mu,year,month,dayofweek,dayofyear,is_weekend,is_holiday,temperature_c,humidity,lag_1d,lag_7d,lag_30d,roll_mean_7d,roll_std_7d,roll_mean_30d,dow_sin,dow_cos,month_sin,month_cos,doy_sin,doy_cos,target_next_1d,target_next_7d
2019-02-02,Nagaland,NER,25.6669979,94.11657019,2.0,2019,2,5,33,1,0,11.0,61,2.1,2.1,2.2,2.057142857142857,0.15118578920369138,2.1733333333333333,-0.9749279121818236,-0.2225209339563146,0.8660254037844386,0.5000000000000001,0.5380051715382996,0.8429415373547828,2.0,2.0
2019-02-03,Nagaland,NER,25.6669979,94.11657019,2.0,2019,2,6,34,1,0,10.2,70,2.0,2.2,2.2,2.0285714285714285,0.1380131118684715,2.1666666666666665,-0.7818314824680299,0.6234898018587334,0.8660254037844386,0.5000000000000001,0.5524353131676196,0.8335557718385699,2.0,2.0
2019-02-04,Nagaland,NER,25.6669979,94.11657019,2.0,2019,2,0,35,0,0,10.5,69,2.0,2.3,2.2,1.9857142857142855,0.06900655593423746,2.1599999999999997,0.0,1.0,0.8660254037844386,0.5000000000000001,0.5667017562911176,0.8239230057575542,2.1,2.3
2019-02-05,Nagaland,NER,25.6669979,94.11657019,2.1,2019,2,1,36,0,0,11.5,70,2.0,2.0,2.3,2.0,0.08164965809277418,2.1533333333333338,0.7818314824680298,0.6234898018587336,0.8660254037844386,0.5000000000000001,0.5808002734538009,0.8140460935082178,2.0,2.1
2019-02-06,Nagaland,NER,25.6669979,94.11657019,2.0,2019,2,2,37,0,0,10.8,60,2.1,1.9,2.3,2.0142857142857147,0.06900655593423706,2.143333333333333,0.9749279121818236,-0.22252093395631434,0.8660254037844386,0.5000000000000001,0.5947266869607634,0.8039279618328213,2.4,2.3
2019-02-07,Nagaland,NER,25.6669979,94.11657019,2.4,2019,2,3,38,0,0,11.6,64,2.0,1.9,2.3,2.085714285714286,0.14638501094228035,2.146666666666667,0.43388373911755823,-0.900968867902419,0.8660254037844386,0.5000000000000001,0.6084768701151261,0.7935716089521474,2.0,2.1
2019-02-08,Nagaland,NER,25.6669979,94.11657019,2.0,2019,2,4,39,0,0,12.7,71,2.4,2.1,2.1,2.0714285714285716,0.14960264830861952,2.143333333333333,-0.433883739117558,-0.9009688679024191,0.8660254037844386,0.5000000000000001,0.6220467484408675,0.7829801036770629,2.0,2.2
2019-02-09,Nagaland,NER,25.6669979,94.11657019,2.0,2019,2,5,40,1,0,12.5,83,2.0,2.0,2.4,2.0714285714285716,0.14960264830861952,2.13,-0.9749279121818236,-0.2225209339563146,0.8660254037844386,0.5000000000000001,0.6354323008901774,0.7721565844991642,2.0,2.1
2019-02-10,Nagaland,NER,25.6669979,94.11657019,2.0,2019,2,6,41,1,0,10.5,94,2.0,2.0,2.1,2.0714285714285716,0.14960264830861952,2.1266666666666665,-0.7818314824680299,0.6234898018587334,0.8660254037844386,0.5000000000000001,0.6486295610349814,0.7611042586607747,2.3,2.2
2019-02-11,Nagaland,NER,25.6669979,94.11657019,2.3,2019,2,0,42,0,0,10.9,74,2.0,2.0,2.1,2.1142857142857143,0.16761634196950534,2.1333333333333333,0.0,1.0,0.8660254037844386,0.5000000000000001,0.6616346182422783,0.7498264012045686,2.1,2.2
2019-02-12,Nagaland,NER,25.6669979,94.11657019,2.1,2019,2,1,43,0,0,12.5,74,2.3,2.1,2.0,2.1142857142857143,0.16761634196950534,2.1366666666666663,0.7818314824680298,0.6234898018587336,0.8660254037844386,0.5000000000000001,0.6744436188329455,0.7383263540031065,2.3,2.2
2019-02-13,Nagaland,NER,25.6669979,94.11657019,2.3,2019,2,2,44,0,0,13.0,74,2.1,2.0,2.2,2.157142857142857,0.17182493859684494,2.14,0.9749279121818236,-0.22252093395631434,0.8660254037844386,0.5000000000000001,0.6870527672236669,0.7266075247685656,2.1,2.2
2019-02-14,Nagaland,NER,25.6669979,94.11657019,2.1,2019,2,3,45,0,0,13.0,67,2.3,2.4,2.1,2.1142857142857143,0.13451854182691006,2.14,0.43388373911755823,-0.900968867902419,0.8660254037844386,0.5000000000000001,0.699458327051647,0.7146733860429609,2.2,2.2
2019-02-15,Nagaland,NER,25.6669979,94.11657019,2.2,2019,2,4,46,0,0,13.2,70,2.1,2.0,2.2,2.142857142857143,0.12724180205607047,2.14,-0.433883739117558,-0.9009688679024191,0.8660254037844386,0.5000000000000001,0.7116566222817746,0.7025274741691571,2.1,2.0
2019-02-16,Nagaland,NER,25.6669979,94.11657019,2.1,2019,2,5,47,1,0,12.1,80,2.2,2.0,2.2,2.1571428571428575,0.11338934190276824,2.136666666666667,-0.9749279121818236,-0.2225209339563146,0.8660254037844386,0.5000000000000001,0.7236440382959124,0.6901733882429719,2.2,2.1
2019-02-17,Nagaland,NER,25.6669979,94.11657019,2.2,2019,2,6,48,1,0,10.1,80,2.1,2.0,2.2,2.185714285714286,0.08997354108424373,2.1366666666666663,-0.7818314824680299,0.6234898018587334,0.8660254037844386,0.5000000000000001,0.7354170229639855,0.6776147890466889,2.2,2.2
2019-02-18,Nagaland,NER,25.6669979,94.11657019,2.2,2019,2,0,49,0,0,9.3,81,2.2,2.3,2.3,2.1714285714285717,0.07559289460184555,2.1333333333333333,0.0,1.0,0.8660254037844386,0.5000000000000001,0.7469720876965552,0.6648553979642865,2.2,2.1
2019-02-19,Nagaland,NER,25.6669979,94.11657019,2.2,2019,2,1,50,0,0,10.4,83,2.2,2.1,2.2,2.185714285714286,0.0690065559342355,2.1333333333333333,0.7818314824680298,0.6234898018587336,0.8660254037844386,0.5000000000000001,0.7583058084785624,0.6518989958787126,2.2,2.2
2019-02-20,Nagaland,NER,25.6669979,94.11657019,2.2,2019,2,2,51,0,0,11.3,83,2.2,2.3,2.2,2.1714285714285717,0.04879500364742695,2.1333333333333333,0.9749279121818236,-0.22252093395631434,0.8660254037844386,0.5000000000000001,0.7694148268839378,0.6387494220515272,2.2,2.5
2019-02-21,Nagaland,NER,25.6669979,94.11657019,2.2,2019,2,3,52,0,0,10.6,92,2.2,2.1,2.3,2.185714285714286,0.03779644730092304,2.13,0.43388373911755823,-0.900968867902419,0.8660254037844386,0.5000000000000001,0.7802958510707755,0.6254105729852463,2.0,2.3
2019-02-22,Nagaland,NER,25.6669979,94.11657019,2.0,2019,2,4,53,0,0,11.7,86,2.2,2.2,2.4,2.1571428571428575,0.07867957924694456,2.1166666666666667,-0.433883739117558,-0.9009688679024191,0.8660254037844386,0.5000000000000001,0.7909456567567772,0.6118864012687243,2.1,2.4
2019-02-23,Nagaland,NER,25.6669979,94.11657019,2.1,2019,2,5,54,1,0,12.9,82,2.0,2.1,2.2,2.1571428571428575,0.07867957924694456,2.1133333333333333,-0.9749279121818236,-0.2225209339563146,0.8660254037844386,0.5000000000000001,0.8013610881746766,0.5981809144059165,2.2,2.2
2019-02-24,Nagaland,NER,25.6669979,94.11657019,2.2,2019,2,6,55,1,0,13.5,71,2.1,2.2,2.2,2.1571428571428575,0.07867957924694456,2.1133333333333337,-0.7818314824680299,0.6234898018587334,0.8660254037844386,0.5000000000000001,0.8115390590073611,0.5842981736283684,2.1,2.1
2019-02-25,Nagaland,NER,25.6669979,94.11657019,2.1,2019,2,0,56,0,0,11.2,81,2.2,2.2,2.1,2.142857142857143,0.0786795792469446,2.1133333333333337,0.0,1.0,0.8660254037844386,0.5000000000000001,0.8214765533024142,0.5702422926917871,2.2,2.1
2019-02-26,Nagaland,NER,25.6669979,94.11657019,2.2,2019,2,1,57,0,0,12.0,75,2.1,2.2,2.2,2.1428571428571432,0.0786795792469446,2.1133333333333333,0.7818314824680298,0.6234898018587336,0.8660254037844386,0.5000000000000001,0.8311706263658079,0.5560174366570446,2.5,2.1
2019-02-27,Nagaland,NER,25.6669979,94.11657019,2.5,2019,2,2,58,0,0,12.4,78,2.2,2.2,2.3,2.185714285714286,0.15735915849388868,2.12,0.9749279121818236,-0.22252093395631434,0.8660254037844386,0.5000000000000001,0.8406184056344782,0.5416278206559814,2.3,2.2
2019-02-28,Nagaland,NER,25.6669979,94.11657019,2.3,2019,2,3,59,0,0,11.5,85,2.5,2.2,2.0,2.2,0.16329931618554522,2.1300000000000003,0.43388373911755823,-0.900968867902419,0.8660254037844386,0.5000000000000001,0.8498170915275278,0.5270777086423722,2.4,2.3
2019-03-02,Nagaland,NER,25.6669979,94.11657019,2.4,2019,3,5,61,1,0,10.7,77,2.3,2.0,1.9,2.257142857142857,0.15118578920369086,2.146666666666667,-0.9749279121818236,-0.2225209339563146,1.0,6.123233995736766e-17,0.8674563547295969,0.49751328890718066,2.2,2.3
2019-03-03,Nagaland,NER,25.6669979,94.11657019,2.2,2019,3,6,62,1,0,11.2,73,2.4,2.1,1.9,2.2714285714285714,0.1380131118684708,2.1566666666666667,-0.7818314824680299,0.6234898018587334,1.0,6.123233995736766e-17,0.8758917051442429,0.48250774176121847,2.1,2.4
2019-03-04,Nagaland,NER,25.6669979,94.11657019,2.1,2019,3,0,63,0,1,10.6,80,2.2,2.2,2.1,2.257142857142857,0.15118578920369086,2.1566666666666667,0.0,1.0,1.0,6.123233995736766e-17,0.8840675099433636,0.4673592171580022,2.1,2.4
2019-03-05,Nagaland,NER,25.6669979,94.11657019,2.1,2019,3,1,64,0,0,12.1,88,2.1,2.1,2.0,2.257142857142857,0.15118578920369086,2.1600000000000006,0.7818314824680298,0.6234898018587336,1.0,6.123233995736766e-17,0.8919813464595485,0.45207220393230435,2.1,2.2
2019-03-06,Nagaland,NER,25.6669979,94.11657019,2.1,2019,3,2,65,0,0,11.6,88,2.1,2.2,2.0,2.242857142857143,0.16183471874253738,2.1633333333333336,0.9749279121818236,-0.22252093395631434,1.0,6.123233995736766e-17,0.8996308696522433,0.43665123195606403,2.2,2.1
2019-03-07,Nagaland,NER,25.6669979,94.11657019,2.2,2019,3,3,66,0,0,11.3,86,2.1,2.5,2.0,2.2,0.11547005383792512,2.1700000000000004,0.43388373911755823,-0.900968867902419,1.0,6.123233995736766e-17,0.9070138128026359,0.4211008707960896,2.3,2.1
2019-03-08,Nagaland,NER,25.6669979,94.11657019,2.3,2019,3,4,67,0,0,11.1,90,2.2,2.3,2.1,2.2,0.11547005383792512,2.1766666666666667,-0.433883739117558,-0.9009688679024191,1.0,6.123233995736766e-17,0.9141279881853337,0.40542572835999735,2.3,2.0
2019-03-09,Nagaland,NER,25.6669979,94.11657019,2.3,2019,3,5,68,1,0,10.6,76,2.3,2.4,2.0,2.185714285714286,0.08997354108424373,2.186666666666667,-0.9749279121818236,-0.2225209339563146,1.0,6.123233995736766e-17,0.9209712877166346,0.38963044953078796,2.4,2.0
2019-03-10,Nagaland,NER,25.6669979,94.11657019,2.4,2019,3,6,69,1,0,11.9,73,2.3,2.2,2.4,2.2142857142857144,0.12149857925879108,2.186666666666667,-0.7818314824680299,0.6234898018587334,1.0,6.123233995736766e-17,0.9275416835791966,0.37371971479046906,2.4,2.1
2019-03-11,Nagaland,NER,25.6669979,94.11657019,2.4,2019,3,0,70,0,0,12.8,83,2.4,2.1,2.0,2.257142857142857,0.12724180205607025,2.2,0.0,1.0,1.0,6.123233995736766e-17,0.9338372288229252,0.35769823883312546,2.2,2.0
2019-03-12,Nagaland,NER,25.6669979,94.11657019,2.2,2019,3,1,71,0,0,13.9,80,2.4,2.1,2.0,2.2714285714285714,0.11126972805283723,2.2066666666666666,0.7818314824680298,0.6234898018587336,1.0,6.123233995736766e-17,0.9398560579418954,0.3415707691678556,2.1,1.8
2019-03-13,Nagaland,NER,25.6669979,94.11657019,2.1,2019,3,2,72,0,0,14.7,74,2.2,2.1,2.0,2.2714285714285714,0.11126972805283723,2.2100000000000004,0.9749279121818236,-0.22252093395631434,1.0,6.123233995736766e-17,0.9455963874271426,0.3253420847119801,2.1,1.9
2019-03-14,Nagaland,NER,25.6669979,94.11657019,2.1,2019,3,3,73,0,0,15.3,84,2.1,2.2,2.3,2.257142857142857,0.12724180205607025,2.2033333333333336,0.43388373911755823,-0.900968867902419,1.0,6.123233995736766e-17,0.9510565162951535,0.30901699437494745,2.0,1.8
2019-03-15,Nagaland,NER,25.6669979,94.11657019,2.0,2019,3,4,74,0,0,15.9,75,2.1,2.3,2.1,2.2142857142857144,0.15735915849388857,2.2,-0.433883739117558,-0.9009688679024191,1.0,6.123233995736766e-17,0.9562348265919056,0.29260033563334836,2.0,2.1
2019-03-16,Nagaland,NER,25.6669979,94.11657019,2.0,2019,3,5,75,1,0,16.3,67,2.0,2.3,2.3,2.1714285714285713,0.17043362064926937,2.19,-0.9749279121818236,-0.2225209339563146,1.0,6.123233995736766e-17,0.9611297838723007,0.27609697309746883,2.1,2.1
2019-03-17,Nagaland,NER,25.6669979,94.11657019,2.1,2019,3,6,76,1,0,15.7,71,2.0,2.4,2.1,2.128571428571429,0.138013111868471,2.19,-0.7818314824680299,0.6234898018587334,1.0,6.123233995736766e-17,0.9657399376548549,0.2595117970697999,2.0,2.2
2019-03-18,Nagaland,NER,25.6669979,94.11657019,2.0,2019,3,0,77,0,0,15.2,77,2.1,2.4,2.2,2.0714285714285716,0.07559289460184625,2.183333333333333,0.0,1.0,1.0,6.123233995736766e-17,0.9700639218515071,0.2428497220959356,1.8,2.2
2019-03-19,Nagaland,NER,25.6669979,94.11657019,1.8,2019,3,1,78,0,0,13.5,81,2.0,2.2,2.1,2.0142857142857142,0.1069044967649707,2.1733333333333333,0.7818314824680298,0.6234898018587336,1.0,6.123233995736766e-17,0.9741004551724205,0.22611568550828828,1.9,2.2
2019-03-20,Nagaland,NER,25.6669979,94.11657019,1.9,2019,3,2,79,0,0,13.5,78,1.8,2.1,2.2,1.9857142857142858,0.10690449676497094,2.1633333333333336,0.9749279121818236,-0.22252093395631434,1.0,6.123233995736766e-17,0.9778483415056568,0.20931464596304847,1.8,2.2
2019-03-21,Nagaland,NER,25.6669979,94.11657019,1.8,2019,3,3,80,0,1,13.9,77,1.9,2.1,2.2,1.942857142857143,0.11338934190276956,2.15,0.43388373911755823,-0.900968867902419,1.0,6.123233995736766e-17,0.9813064702716093,0.19245158197082998,2.1,2.1
2019-03-22,Nagaland,NER,25.6669979,94.11657019,2.1,2019,3,4,81,0,0,15.2,76,1.8,2.0,2.2,1.9571428571428573,0.12724180205607155,2.146666666666667,-0.433883739117558,-0.9009688679024191,1.0,6.123233995736766e-17,0.9844738167520922,0.1755314904214282,2.1,2.5
2019-03-23,Nagaland,NER,25.6669979,94.11657019,2.1,2019,3,5,82,1,0,15.3,76,2.1,2.0,2.2,1.9714285714285715,0.1380131118684719,2.143333333333333,-0.9749279121818236,-0.2225209339563146,1.0,6.123233995736766e-17,0.9873494423939864,0.15855938510313475,2.2,2.5
2019-03-24,Nagaland,NER,25.6669979,94.11657019,2.2,2019,3,6,83,1,0,14.3,79,2.1,2.1,2.2,1.9857142857142855,0.1573591584938895,2.143333333333333,-0.7818314824680299,0.6234898018587334,1.0,6.123233995736766e-17,0.989932495087353,0.141540295217043,2.2,2.1
2019-03-25,Nagaland,NER,25.6669979,94.11657019,2.2,2019,3,0,84,0,0,15.1,69,2.2,2.0,2.0,2.0142857142857142,0.1772810520855844,2.15,0.0,1.0,1.0,6.123233995736766e-17,0.9922222094179323,0.12447926388678915,2.2,2.2
2019-03-26,Nagaland,NER,25.6669979,94.11657019,2.2,2019,3,1,85,0,0,15.4,68,2.2,1.8,2.1,2.0714285714285716,0.16035674514745538,2.1533333333333338,0.7818314824680298,0.6234898018587336,1.0,6.123233995736766e-17,0.994217906893952,0.10738134666416309,2.2,2.1
2019-03-27,Nagaland,NER,25.6669979,94.11657019,2.2,2019,3,2,86,0,0,14.5,81,2.2,1.9,2.2,2.1142857142857143,0.14638501094228074,2.1533333333333333,0.9749279121818236,-0.22252093395631434,1.0,6.123233995736766e-17,0.995918996147179,0.09025161003104117,2.1,2.3
2019-03-28,Nagaland,NER,25.6669979,94.11657019,2.1,2019,3,3,87,0,0,14.3,73,2.2,1.8,2.1,2.157142857142857,0.05345224838248703,2.1533333333333333,0.43388373911755823,-0.900968867902419,1.0,6.123233995736766e-17,0.9973249731081555,0.07309512989807777,2.5,1.8
2019-03-29,Nagaland,NER,25.6669979,94.11657019,2.5,2019,3,4,88,0,0,15.7,74,2.1,2.1,2.2,2.2142857142857144,0.1345185418269108,2.1633333333333336,-0.433883739117558,-0.9009688679024191,1.0,6.123233995736766e-17,0.9984354211555643,0.055916990100603484,2.5,2.1
2019-03-30,Nagaland,NER,25.6669979,94.11657019,2.5,2019,3,5,89,1,0,16.0,81,2.5,2.1,2.5,2.2714285714285714,0.1603567451474556,2.1633333333333336,-0.9749279121818236,-0.2225209339563146,1.0,6.123233995736766e-17,0.9992500112396835,0.03872228089217446,2.1,2.1
2019-03-31,Nagaland,NER,25.6669979,94.11657019,2.1,2019,3,6,90,1,0,15.7,85,2.5,2.2,2.3,2.257142857142857,0.17182493859684578,2.1566666666666667,-0.7818314824680299,0.6234898018587334,1.0,6.123233995736766e-17,0.9997685019798909,0.021516097436222254,2.2,2.1
2019-04-02,Nagaland,NER,25.6669979,94.11657019,2.2,2019,4,1,92,0,0,16.1,83,2.1,2.2,2.4,2.257142857142857,0.17182493859684578,2.15,0.7818314824680298,0.6234898018587336,0.8660254037844387,-0.4999999999999998,0.9999166586547379,-0.01291029607500882,2.1,2.0
2019-04-03,Nagaland,NER,25.6669979,94.11657019,2.1,2019,4,2,93,0,0,14.4,81,2.2,2.2,2.2,2.242857142857143,0.18126539343499393,2.146666666666667,0.9749279121818236,-0.22252093395631434,0.8660254037844387,-0.4999999999999998,0.9995462806873573,-0.030120304846908114,2.3,2.1
2019-04-04,Nagaland,NER,25.6669979,94.11657019,2.3,2019,4,3,94,0,0,14.9,84,2.1,2.2,2.1,2.257142857142857,0.18126539343499395,2.1533333333333338,0.43388373911755823,-0.900968867902419,0.8660254037844387,-0.4999999999999998,0.9988797155850336,-0.04732138832243185,1.8,2.2
2019-04-05,Nagaland,NER,25.6669979,94.11657019,1.8,2019,4,4,95,0,0,15.0,89,2.3,2.1,2.1,2.2142857142857144,0.24784787961282156,2.143333333333333,-0.433883739117558,-0.9009688679024191,0.8660254037844387,-0.4999999999999998,0.9979171608653922,-0.06450844944931623,2.1,2.1
2019-04-06,Nagaland,NER,25.6669979,94.11657019,2.1,2019,4,5,96,1,0,16.2,81,1.8,2.5,2.1,2.1571428571428575,0.21491969707422443,2.143333333333333,-0.9749279121818236,-0.2225209339563146,0.8660254037844387,-0.4999999999999998,0.9966589017541702,-0.08167639533042241,2.1,2.4
2019-04-07,Nagaland,NER,25.6669979,94.11657019,2.1,2019,4,6,97,1,0,14.6,88,2.1,2.5,2.2,2.1,0.15275252316519503,2.14,-0.7818314824680299,0.6234898018587334,0.8660254037844387,-0.4999999999999998,0.9951053111006976,-0.09882013873287143,2.1,2.5
2019-04-08,Nagaland,NER,25.6669979,94.11657019,2.1,2019,4,0,98,0,0,14.3,90,2.1,2.1,2.3,2.1,0.15275252316519503,2.1333333333333333,0.0,1.0,0.8660254037844387,-0.4999999999999998,0.9932568492674143,-0.11593459959550041,2.0,2.5
2019-04-09,Nagaland,NER,25.6669979,94.11657019,2.0,2019,4,1,99,0,0,14.5,90,2.1,2.2,2.3,2.0714285714285716,0.14960264830861925,2.1233333333333335,0.7818314824680298,0.6234898018587336,0.8660254037844387,-0.4999999999999998,0.9911140639934547,-0.1330147065341959,2.1,2.3
2019-04-10,Nagaland,NER,25.6669979,94.11657019,2.1,2019,4,2,100,0,0,14.6,91,2.0,2.1,2.4,2.0714285714285716,0.14960264830861925,2.1133333333333337,0.9749279121818236,-0.22252093395631434,0.8660254037844387,-0.4999999999999998,0.9886775902323405,-0.1500553983446526,2.2,2.2
2019-04-11,Nagaland,NER,25.6669979,94.11657019,2.2,2019,4,3,101,0,0,15.8,85,2.1,2.3,2.4,2.0571428571428574,0.12724180205607044,2.1066666666666665,0.43388373911755823,-0.900968867902419,0.8660254037844387,-0.4999999999999998,0.9859481499638304,-0.16705162550211924,2.1,2.2
2019-04-12,Nagaland,NER,25.6669979,94.11657019,2.1,2019,4,4,102,0,0,17.1,85,2.2,1.8,2.2,2.1,0.057735026918963706,2.1033333333333335,-0.433883739117558,-0.9009688679024191,0.8660254037844387,-0.4999999999999998,0.9829265519799822,-0.18399835165768005,2.4,2.2
2019-04-13,Nagaland,NER,25.6669979,94.11657019,2.4,2019,4,5,103,1,1,18.3,81,2.1,2.1,2.1,2.1428571428571432,0.12724180205607122,2.1133333333333333,-0.9749279121818236,-0.2225209339563146,0.8660254037844387,-0.4999999999999998,0.9796136916454901,-0.20089055513063506,2.5,2.1
2019-04-14,Nagaland,NER,25.6669979,94.11657019,2.5,2019,4,6,104,1,1,17.3,86,2.4,2.1,2.1,2.2,0.18257418583505627,2.1266666666666665,-0.7818314824680299,0.6234898018587334,0.8660254037844387,-0.4999999999999998,0.9760105506323683,-0.21772323039653177,2.5,2.2
2019-04-15,Nagaland,NER,25.6669979,94.11657019,2.5,2019,4,0,105,0,0,16.8,88,2.5,2.1,2.0,2.257142857142857,0.20701966780270722,2.143333333333333,0.0,1.0,0.8660254037844387,-0.4999999999999998,0.9721181966290613,-0.23449138957040985,2.3,2.3
2019-04-16,Nagaland,NER,25.6669979,94.11657019,2.3,2019,4,1,106,0,0,17.6,89,2.5,2.0,2.0,2.3000000000000003,0.17320508075688903,2.1533333333333333,0.7818314824680298,0.6234898018587336,0.8660254037844387,-0.4999999999999998,0.9679377830240642,-0.25119006388481935,2.2,2.2
2019-04-17,Nagaland,NER,25.6669979,94.11657019,2.2,2019,4,2,107,0,1,18.8,82,2.3,2.1,2.1,2.314285714285714,0.15735915849389012,2.1566666666666667,0.9749279121818236,-0.22252093395631434,0.8660254037844387,-0.4999999999999998,0.9634705485641488,-0.2678143051621742,2.2,2.2
2019-04-18,Nagaland,NER,25.6669979,94.11657019,2.2,2019,4,3,108,0,0,17.9,80,2.2,2.2,2.0,2.314285714285714,0.15735915849389012,2.1633333333333336,0.43388373911755823,-0.900968867902419,0.8660254037844387,-0.4999999999999998,0.9587178169872964,-0.2843591872810034,2.2,2.2
2019-04-19,Nagaland,NER,25.6669979,94.11657019,2.2,2019,4,4,109,0,1,17.9,74,2.2,2.1,1.8,2.3285714285714287,0.13801311186847262,2.1766666666666667,-0.433883739117558,-0.9009688679024191,0.8660254037844387,-0.4999999999999998,0.9536809966304457,-0.30081980763566735,2.1,2.1
2019-04-20,Nagaland,NER,25.6669979,94.11657019,2.1,2019,4,5,110,1,0,16.9,77,2.2,2.4,1.9,2.2857142857142856,0.15735915849389,2.183333333333333,-0.9749279121818236,-0.2225209339563146,0.8660254037844387,-0.4999999999999998,0.9483615800121715,-0.3171912885891061,2.2,2.1
2019-04-21,Nagaland,NER,25.6669979,94.11657019,2.2,2019,4,6,111,1,0,16.6,75,2.1,2.5,1.8,2.242857142857143,0.12724180205607177,2.1966666666666668,-0.7818314824680299,0.6234898018587334,0.8660254037844387,-0.4999999999999998,0.9427611433904207,-0.3334687789181868,2.3,2.2
2019-04-22,Nagaland,NER,25.6669979,94.11657019,2.3,2019,4,0,112,0,0,16.5,77,2.2,2.5,2.1,2.2142857142857144,0.06900655593423759,2.2033333333333336,0.0,1.0,0.8660254037844387,-0.4999999999999998,0.9368813462954315,-0.3496474552512284,2.2,2.2
2019-04-23,Nagaland,NER,25.6669979,94.11657019,2.2,2019,4,1,113,0,0,17.0,81,2.3,2.3,2.1,2.2,0.05773502691896483,2.2066666666666666,0.7818314824680298,0.6234898018587336,0.8660254037844387,-0.4999999999999998,0.9307239310379795,-0.36572252349726897,2.2,2.3
2019-04-24,Nagaland,NER,25.6669979,94.11657019,2.2,2019,4,2,114,0,0,18.1,75,2.2,2.2,2.2,2.2,0.05773502691896483,2.2066666666666666,0.9749279121818236,-0.22252093395631434,0.8660254037844387,-0.4999999999999998,0.9242907221930933,-0.3816892202666588,2.2,2.3
2019-04-25,Nagaland,NER,25.6669979,94.11657019,2.2,2019,4,3,115,0,0,19.1,79,2.2,2.2,2.2,2.2,0.05773502691896483,2.2066666666666666,0.43388373911755823,-0.900968867902419,0.8660254037844387,-0.4999999999999998,0.9175836260593937,-0.39754281428255595,2.1,2.3
2019-04-26,Nagaland,NER,25.6669979,94.11657019,2.1,2019,4,4,116,0,0,18.6,87,2.2,2.2,2.2,2.185714285714286,0.06900655593423694,2.2033333333333336,-0.433883739117558,-0.9009688679024191,0.8660254037844387,-0.4999999999999998,0.9106046300942162,-0.4132786077829042,2.1,2.1
2019-04-27,Nagaland,NER,25.6669979,94.11657019,2.1,2019,4,5,117,1,0,18.7,87,2.1,2.1,2.2,2.185714285714286,0.06900655593423694,2.2,-0.9749279121818236,-0.2225209339563146,0.8660254037844387,-0.4999999999999998,0.9033558023246845,-0.4288919379124835,2.2,2.0
2019-04-28,Nagaland,NER,25.6669979,94.11657019,2.2,2019,4,6,118,1,0,18.2,91,2.1,2.2,2.1,2.185714285714286,0.06900655593423694,2.203333333333333,-0.7818314824680299,0.6234898018587334,0.8660254037844387,-0.4999999999999998,0.895839290734909,-0.4443781781046132,2.2,2.0
2019-04-29,Nagaland,NER,25.6669979,94.11657019,2.2,2019,4,0,119,0,0,19.0,83,2.2,2.3,2.5,2.1714285714285717,0.048795003647428344,2.1933333333333334,0.0,1.0,0.8660254037844387,-0.4999999999999998,0.8880573226294932,-0.45973273945210397,2.3,2.0
2019-04-30,Nagaland,NER,25.6669979,94.11657019,2.3,2019,4,1,120,0,0,19.0,83,2.2,2.2,2.5,2.185714285714286,0.06900655593423694,2.1866666666666665,0.7818314824680298,0.6234898018587336,0.8660254037844387,-0.4999999999999998,0.8800122039735357,-0.47495107206704995,2.3,2.1
2019-05-02,Nagaland,NER,25.6669979,94.11657019,2.3,2019,5,3,122,0,0,20.0,86,2.3,2.2,2.1,2.2,0.08164965809277416,2.193333333333334,0.43388373911755823,-0.900968867902419,0.49999999999999994,-0.8660254037844387,0.8631421280499114,-0.5049610547215204,2.3,2.1
2019-05-03,Nagaland,NER,25.6669979,94.11657019,2.3,2019,5,4,123,0,0,18.9,92,2.3,2.2,2.2,2.2142857142857144,0.08997354108424545,2.1966666666666668,-0.433883739117558,-0.9009688679024191,0.49999999999999994,-0.8660254037844387,0.854322169749827,-0.5197438121555155,2.1,2.2
2019-05-04,Nagaland,NER,25.6669979,94.11657019,2.1,2019,5,5,124,1,0,20.3,84,2.3,2.1,2.1,2.2142857142857144,0.08997354108424545,2.1966666666666668,-0.9749279121818236,-0.2225209339563146,0.49999999999999994,-0.8660254037844387,0.8452490573530633,-0.5343725582809786,2.0,2.4
2019-05-05,Nagaland,NER,25.6669979,94.11657019,2.0,2019,5,6,125,1,0,19.0,87,2.1,2.1,2.3,2.2,0.11547005383792629,2.186666666666667,-0.7818314824680299,0.6234898018587334,0.49999999999999994,-0.8660254037844387,0.8359254794186372,-0.548842958284719,2.0,2.2
2019-05-06,Nagaland,NER,25.6669979,94.11657019,2.0,2019,5,0,126,0,0,19.6,69,2.0,2.2,1.8,2.1714285714285713,0.13801311186847134,2.1933333333333334,0.0,1.0,0.49999999999999994,-0.8660254037844387,0.8263541987239096,-0.5631507242749186,2.0,2.0
2019-05-07,Nagaland,NER,25.6669979,94.11657019,2.0,2019,5,1,127,0,0,19.0,78,2.0,2.2,2.1,2.142857142857143,0.1511857892036909,2.19,0.7818314824680298,0.6234898018587336,0.49999999999999994,-0.8660254037844387,0.8165380514459161,-0.5772916165517272,2.1,2.2
2019-05-08,Nagaland,NER,25.6669979,94.11657019,2.1,2019,5,2,128,0,0,19.7,79,2.0,2.3,2.1,2.1142857142857143,0.13451854182690945,2.19,0.9749279121818236,-0.22252093395631434,0.49999999999999994,-0.8660254037844387,0.8064799463209448,-0.5912614448635781,2.1,2.3
2019-05-09,Nagaland,NER,25.6669979,94.11657019,2.1,2019,5,3,129,0,0,20.2,80,2.1,2.3,2.1,2.085714285714286,0.10690449676496877,2.19,0.43388373911755823,-0.900968867902419,0.49999999999999994,-0.8660254037844387,0.7961828637826158,-0.6050560696488488,2.2,2.2
2019-05-10,Nagaland,NER,25.6669979,94.11657019,2.2,2019,5,4,130,0,0,20.4,84,2.1,2.3,2.0,2.0714285714285716,0.07559289460184382,2.1966666666666668,-0.433883739117558,-0.9009688679024191,0.49999999999999994,-0.8660254037844387,0.7856498550787147,-0.6186714032625031,2.4,2.3
2019-05-11,Nagaland,NER,25.6669979,94.11657019,2.4,2019,5,5,131,1,0,20.7,81,2.2,2.1,2.1,2.1142857142857143,0.1463850109422797,2.2066666666666666,-0.9749279121818236,-0.2225209339563146,0.49999999999999994,-0.8660254037844387,0.7748840413670407,-0.6321034111873487,2.2,2.3
2019-05-12,Nagaland,NER,25.6669979,94.11657019,2.2,2019,5,6,132,1,0,21.3,70,2.4,2.0,2.2,2.142857142857143,0.13972762620115456,2.2066666666666666,-0.7818314824680299,0.6234898018587334,0.49999999999999994,-0.8660254037844387,0.7638886127905428,-0.6453481132295501,2.0,2.1
2019-05-13,Nagaland,NER,25.6669979,94.11657019,2.0,2019,5,0,133,0,0,21.0,73,2.2,2.0,2.1,2.142857142857143,0.13972762620115456,2.2033333333333336,0.0,1.0,0.49999999999999994,-0.8660254037844387,0.7526668275320085,-0.6584015846980488,2.2,2.2
2019-05-14,Nagaland,NER,25.6669979,94.11657019,2.2,2019,5,1,134,0,0,18.6,86,2.0,2.0,2.4,2.1714285714285713,0.12535663410560247,2.1966666666666668,0.7818314824680298,0.6234898018587336,0.49999999999999994,-0.8660254037844387,0.7412220108485958,-0.6712599575675313,2.3,2.0
2019-05-15,Nagaland,NER,25.6669979,94.11657019,2.3,2019,5,2,135,0,0,18.0,87,2.2,2.1,2.5,2.2,0.12909944487358177,2.19,0.9749279121818236,-0.22252093395631434,0.49999999999999994,-0.8660254037844387,0.7295575540864875,-0.6839194216246106,2.2,2.1
2019-05-16,Nagaland,NER,25.6669979,94.11657019,2.2,2019,5,3,136,0,0,17.4,90,2.3,2.1,2.5,2.2142857142857144,0.12149857925879275,2.18,0.43388373911755823,-0.900968867902419,0.49999999999999994,-0.8660254037844387,0.717676913675962,-0.6963762255968722,2.3,2.1
2019-05-17,Nagaland,NER,25.6669979,94.11657019,2.3,2019,5,4,137,0,0,18.5,89,2.2,2.2,2.3,2.2285714285714286,0.12535663410560355,2.18,-0.433883739117558,-0.9009688679024191,0.49999999999999994,-0.8660254037844387,0.705583610107178,-0.7086266782644596,2.3,2.1
2019-05-18,Nagaland,NER,25.6669979,94.11657019,2.3,2019,5,5,138,1,1,19.8,83,2.3,2.4,2.2,2.2142857142857144,0.10690449676497153,2.183333333333333,-0.9749279121818236,-0.2225209339563146,0.49999999999999994,-0.8660254037844387,0.6932812268869777,-0.7206671495538609,2.1,2.2
2019-05-19,Nagaland,NER,25.6669979,94.11657019,2.1,2019,5,6,139,1,0,21.0,73,2.3,2.2,2.2,2.2,0.11547005383792648,2.18,-0.7818314824680299,0.6234898018587334,0.49999999999999994,-0.8660254037844387,0.6807734094770161,-0.7324940716135789,2.2,2.2
2019-05-20,Nagaland,NER,25.6669979,94.11657019,2.2,2019,5,0,140,0,0,19.9,80,2.1,2.0,2.2,2.2285714285714286,0.07559289460184841,2.18,0.0,1.0,0.49999999999999994,-0.8660254037844387,0.6680638642135335,-0.7441039398713607,2.0,2.1
2019-05-21,Nagaland,NER,25.6669979,94.11657019,2.0,2019,5,1,141,0,0,19.4,85,2.2,2.2,2.1,2.1999999999999997,0.11547005383792648,2.176666666666667,0.7818314824680298,0.6234898018587336,0.49999999999999994,-0.8660254037844387,0.6551563572090853,-0.7554933140726803,2.1,2.0
2019-05-22,Nagaland,NER,25.6669979,94.11657019,2.1,2019,5,2,142,0,0,19.2,88,2.0,2.3,2.2,2.1714285714285713,0.11126972805283815,2.1733333333333333,0.9749279121818236,-0.22252093395631434,0.49999999999999994,-0.8660254037844387,0.6420547132365637,-0.766658819300159,2.1,2.1
2019-05-23,Nagaland,NER,25.6669979,94.11657019,2.1,2019,5,3,143,0,0,18.1,92,2.1,2.2,2.3,2.1571428571428575,0.11338934190276864,2.1666666666666665,0.43388373911755823,-0.900968867902419,0.49999999999999994,-0.8660254037844387,0.6287628145958344,-0.7775971469736269,2.1,2.1
2019-05-24,Nagaland,NER,25.6669979,94.11657019,2.1,2019,5,4,144,0,0,17.8,94,2.1,2.3,2.2,2.1285714285714286,0.09511897312113413,2.1633333333333336,-0.433883739117558,-0.9009688679024191,0.49999999999999994,-0.8660254037844387,0.6152845999633276,-0.7883050558305255,2.2,2.1
2019-05-25,Nagaland,NER,25.6669979,94.11657019,2.2,2019,5,5,145,1,0,18.1,95,2.1,2.3,2.2,2.1142857142857143,0.06900655593423502,2.1633333333333336,-0.9749279121818236,-0.2225209339563146,0.49999999999999994,-0.8660254037844387,0.6016240632249226,-0.7987793728863649,2.2,2.0
2019-05-26,Nagaland,NER,25.6669979,94.11657019,2.2,2019,5,6,146,1,0,19.2,86,2.2,2.1,2.2,2.1285714285714286,0.07559289460184551,2.1633333333333336,-0.7818314824680299,0.6234898018587334,0.49999999999999994,-0.8660254037844387,0.5877852522924732,-0.8090169943749473,2.1,2.1
2019-05-27,Nagaland,NER,25.6669979,94.11657019,2.1,2019,5,0,147,0,0,18.7,84,2.2,2.2,2.1,2.1142857142857143,0.06900655593423502,2.1633333333333336,0.0,1.0,0.49999999999999994,-0.8660254037844387,0.5737722679043246,-0.8190148866680801,2.0,2.2
2019-05-28,Nagaland,NER,25.6669979,94.11657019,2.0,2019,5,1,148,0,0,19.2,84,2.1,2.0,2.1,2.1142857142857143,0.06900655593423502,2.1599999999999997,0.7818314824680298,0.6234898018587336,0.49999999999999994,-0.8660254037844387,0.5595892624101765,-0.8287700871745038,2.1,2.1
2019-05-29,Nagaland,NER,25.6669979,94.11657019,2.1,2019,5,2,149,0,0,19.9,82,2.0,2.1,2.2,2.1142857142857143,0.06900655593423502,2.1566666666666667,0.9749279121818236,-0.22252093395631434,0.49999999999999994,-0.8660254037844387,0.545240438540651,-0.8382797052177744,2.1,2.1
2019-05-30,Nagaland,NER,25.6669979,94.11657019,2.1,2019,5,3,150,0,0,19.6,82,2.1,2.1,2.2,2.1142857142857143,0.06900655593423502,2.1533333333333338,0.43388373911755823,-0.900968867902419,0.49999999999999994,-0.8660254037844387,0.5307300481619334,-0.8475409228928311,2.1,2.1
2019-05-31,Nagaland,NER,25.6669979,94.11657019,2.1,2019,5,4,151,0,0,18.8,87,2.1,2.1,2.3,2.1142857142857143,0.06900655593423502,2.146666666666667,-0.433883739117558,-0.9009688679024191,0.49999999999999994,-0.8660254037844387,0.5160623910158528,-0.8565509959010036,2.0,2.1
2019-06-02,Nagaland,NER,25.6669979,94.11657019,2.0,2019,6,6,153,1,0,19.4,87,2.1,2.2,2.3,2.085714285714286,0.06900655593423413,2.1366666666666663,-0.7818314824680299,0.6234898018587334,1.2246467991473532e-16,-1.0,0.48627270710868997,-0.8738071036110808,2.1,2.4
2019-06-03,Nagaland,NER,25.6669979,94.11657019,2.1,2019,6,0,154,0,0,19.2,90,2.0,2.2,2.3,2.0714285714285716,0.048795003647424194,2.1300000000000003,0.0,1.0,1.2246467991473532e-16,-1.0,0.4711595076738638,-0.8820480249558537,2.2,2.1
2019-06-04,Nagaland,NER,25.6669979,94.11657019,2.2,2019,6,1,155,0,0,18.9,90,2.1,2.1,2.1,2.085714285714286,0.06900655593423413,2.1333333333333333,0.7818314824680298,0.6234898018587336,1.2246467991473532e-16,-1.0,0.4559066935084588,-0.8900275764346767,2.1,2.1
2019-06-05,Nagaland,NER,25.6669979,94.11657019,2.1,2019,6,2,156,0,1,19.4,90,2.2,2.0,2.0,2.1,0.05773502691896154,2.136666666666667,0.9749279121818236,-0.22252093395631434,1.2246467991473532e-16,-1.0,0.440518784350495,-0.8977433935342337,2.1,2.2
2019-06-06,Nagaland,NER,25.6669979,94.11657019,2.1,2019,6,3,157,0,0,20.1,90,2.1,2.1,2.0,2.1,0.05773502691896154,2.14,0.43388373911755823,-0.900968867902419,1.2246467991473532e-16,-1.0,0.42500033996955416,-0.9051931898913974,2.1,2.2
2019-06-07,Nagaland,NER,25.6669979,94.11657019,2.1,2019,6,4,158,0,0,20.0,94,2.1,2.1,2.0,2.1,0.05773502691896154,2.143333333333333,-0.433883739117558,-0.9009688679024191,1.2246467991473532e-16,-1.0,0.4093559588156213,-0.9123747579707273,2.1,2.1
2019-06-08,Nagaland,NER,25.6669979,94.11657019,2.1,2019,6,5,159,1,0,20.2,90,2.1,2.1,2.1,2.1,0.05773502691896154,2.143333333333333,-0.9749279121818236,-0.2225209339563146,1.2246467991473532e-16,-1.0,0.39359027665646673,-0.9192859697186104,2.4,2.2
2019-06-09,Nagaland,NER,25.6669979,94.11657019,2.4,2019,6,6,160,1,0,20.5,91,2.1,2.0,2.1,2.1571428571428575,0.1133893419027687,2.1533333333333333,-0.7818314824680299,0.6234898018587334,1.2246467991473532e-16,-1.0,0.3777079652039649,-0.9259247771938498,2.1,2.2
2019-06-10,Nagaland,NER,25.6669979,94.11657019,2.1,2019,6,0,161,0,0,20.2,92,2.4,2.1,2.2,2.1571428571428575,0.1133893419027687,2.15,0.0,1.0,1.2246467991473532e-16,-1.0,0.36171373072976765,-0.9322892131745133,2.1,2.1
2019-06-11,Nagaland,NER,25.6669979,94.11657019,2.1,2019,6,1,162,0,0,20.7,90,2.1,2.2,2.4,2.142857142857143,0.11338934190276839,2.14,0.7818314824680298,0.6234898018587336,1.2246467991473532e-16,-1.0,0.3456123126707335,-0.9383773917408641,2.2,2.1
2019-06-12,Nagaland,NER,25.6669979,94.11657019,2.2,2019,6,2,163,0,0,20.7,92,2.1,2.1,2.2,2.1571428571428575,0.1133893419027687,2.14,0.9749279121818236,-0.22252093395631434,1.2246467991473532e-16,-1.0,0.3294084822245304,-0.9441875088341993,2.2,2.3
2019-06-13,Nagaland,NER,25.6669979,94.11657019,2.2,2019,6,3,164,0,0,21.8,88,2.2,2.1,2.0,2.1714285714285717,0.1112697280528382,2.146666666666667,0.43388373911755823,-0.900968867902419,1.2246467991473532e-16,-1.0,0.3131070409358269,-0.9497178427914316,2.1,2.2
2019-06-14,Nagaland,NER,25.6669979,94.11657019,2.1,2019,6,4,165,0,0,20.2,95,2.2,2.1,2.2,2.1714285714285717,0.1112697280528382,2.143333333333333,-0.433883739117558,-0.9009688679024191,1.2246467991473532e-16,-1.0,0.29671281927349075,-0.9549667548552551,2.2,2.4
2019-06-15,Nagaland,NER,25.6669979,94.11657019,2.2,2019,6,5,166,1,0,21.0,92,2.1,2.1,2.3,2.185714285714286,0.10690449676497098,2.14,-0.9749279121818236,-0.2225209339563146,1.2246467991473532e-16,-1.0,0.28023067519921585,-0.9599326896597447,2.2,2.4
2019-06-16,Nagaland,NER,25.6669979,94.11657019,2.2,2019,6,6,167,1,0,22.2,85,2.2,2.4,2.2,2.1571428571428575,0.05345224838248614,2.14,-0.7818314824680299,0.6234898018587334,1.2246467991473532e-16,-1.0,0.26366549272800704,-0.9646141756912435,2.1,2.2
2019-06-17,Nagaland,NER,25.6669979,94.11657019,2.1,2019,6,0,168,0,0,21.7,85,2.2,2.1,2.3,2.1571428571428575,0.05345224838248614,2.1333333333333333,0.0,1.0,1.2246467991473532e-16,-1.0,0.24702218048093552,-0.9690098257244062,2.1,2.3
2019-06-18,Nagaland,NER,25.6669979,94.11657019,2.1,2019,6,1,169,0,0,21.5,89,2.1,2.1,2.3,2.1571428571428575,0.05345224838248614,2.1266666666666665,0.7818314824680298,0.6234898018587336,1.2246467991473532e-16,-1.0,0.23030567023061221,-0.9731183372332619,2.3,2.1
2019-06-19,Nagaland,NER,25.6669979,94.11657019,2.3,2019,6,2,170,0,0,21.2,93,2.1,2.2,2.1,2.1714285714285717,0.0755928946018467,2.1333333333333333,0.9749279121818236,-0.22252093395631434,1.2246467991473532e-16,-1.0,0.21352091543979612,-0.9769384927771817,2.2,2.1
2019-06-20,Nagaland,NER,25.6669979,94.11657019,2.2,2019,6,3,171,0,0,21.4,92,2.3,2.2,2.2,2.1714285714285717,0.0755928946018467,2.1333333333333333,0.43388373911755823,-0.900968867902419,1.2246467991473532e-16,-1.0,0.19667288979357647,-0.980469160361632,2.4,2.5
2019-06-21,Nagaland,NER,25.6669979,94.11657019,2.4,2019,6,4,172,0,0,21.4,90,2.2,2.1,2.0,2.2142857142857144,0.1069044967649716,2.146666666666667,-0.433883739117558,-0.9009688679024191,1.2246467991473532e-16,-1.0,0.1797665857255624,-0.9837092937736097,2.4,2.5
2019-06-22,Nagaland,NER,25.6669979,94.11657019,2.4,2019,6,5,173,1,0,20.6,95,2.4,2.2,2.1,2.242857142857143,0.12724180205607247,2.1566666666666667,-0.9749279121818236,-0.2225209339563146,1.2246467991473532e-16,-1.0,0.16280701293851715,-0.986657932891657,2.2,2.3
2019-06-23,Nagaland,NER,25.6669979,94.11657019,2.2,2019,6,6,174,1,0,21.8,87,2.4,2.2,2.1,2.242857142857143,0.12724180205607247,2.1599999999999997,-0.7818314824680299,0.6234898018587334,1.2246467991473532e-16,-1.0,0.1457991969198751,-0.9893142039703663,2.3,2.3
2019-06-24,Nagaland,NER,25.6669979,94.11657019,2.3,2019,6,0,175,0,0,21.9,85,2.2,2.1,2.1,2.2714285714285714,0.11126972805284045,2.1666666666666665,0.0,1.0,1.2246467991473532e-16,-1.0,0.12874817745258132,-0.99167731989929,2.1,2.4
2019-06-25,Nagaland,NER,25.6669979,94.11657019,2.1,2019,6,1,176,0,0,22.1,84,2.3,2.1,2.2,2.2714285714285714,0.11126972805284045,2.1633333333333336,0.7818314824680298,0.6234898018587336,1.2246467991473532e-16,-1.0,0.11165900712169512,-0.993746580436178,2.1,2.4
2019-06-26,Nagaland,NER,25.6669979,94.11657019,2.1,2019,6,2,177,0,0,22.3,83,2.1,2.3,2.2,2.242857142857143,0.12724180205607247,2.1599999999999997,0.9749279121818236,-0.22252093395631434,1.2246467991473532e-16,-1.0,0.09453674981719912,-0.9955213724144752,2.5,2.5
2019-06-27,Nagaland,NER,25.6669979,94.11657019,2.5,2019,6,3,178,0,0,21.5,85,2.1,2.2,2.1,2.2857142857142856,0.15735915849389107,2.1733333333333333,0.43388373911755823,-0.900968867902419,1.2246467991473532e-16,-1.0,0.07738647923346301,-0.9970011699250151,2.5,2.5
2019-06-28,Nagaland,NER,25.6669979,94.11657019,2.5,2019,6,4,179,0,0,20.8,91,2.5,2.4,2.0,2.3000000000000003,0.1732050807568902,2.19,-0.433883739117558,-0.9009688679024191,1.2246467991473532e-16,-1.0,0.06021327736579302,-0.9981855344718586,2.3,2.5
2019-06-29,Nagaland,NER,25.6669979,94.11657019,2.3,2019,6,5,180,1,0,20.7,92,2.5,2.4,2.1,2.2857142857142856,0.16761634196950748,2.1966666666666668,-0.9749279121818236,-0.2225209339563146,1.2246467991473532e-16,-1.0,0.04302223300453059,-0.99907411510223,2.3,2.5
2019-06-30,Nagaland,NER,25.6669979,94.11657019,2.3,2019,6,6,181,1,0,21.8,90,2.3,2.2,2.1,2.3,0.16329931618554785,2.2033333333333336,-0.7818314824680299,0.6234898018587334,1.2246467991473532e-16,-1.0,0.02581844022713308,-0.9996666485105112,2.4,2.4
2019-07-01,Nagaland,NER,25.6669979,94.11657019,2.4,2019,7,0,182,0,0,22.5,86,2.3,2.3,2.1,2.314285714285714,0.16761634196950795,2.213333333333333,0.0,1.0,-0.4999999999999997,-0.8660254037844388,0.008606996888688698,-0.9999629591162655,2.4,2.05
2019-07-02,Nagaland,NER,25.6669979,94.11657019,2.4,2019,7,1,183,0,0,21.8,88,2.4,2.1,2.0,2.357142857142857,0.13972762620115867,2.226666666666667,0.7818314824680298,0.6234898018587336,-0.4999999999999997,-0.8660254037844388,-0.008606996888688009,-0.9999629591162655,2.5,1.8
2019-07-03,Nagaland,NER,25.6669979,94.11657019,2.5,2019,7,2,184,0,0,21.7,89,2.4,2.1,2.1,2.414285714285714,0.08997354108425243,2.24,0.9749279121818236,-0.22252093395631434,-0.4999999999999997,-0.8660254037844388,-0.02581844022713239,-0.9996666485105112,2.5,1.8
2019-07-04,Nagaland,NER,25.6669979,94.11657019,2.5,2019,7,3,185,0,0,21.9,91,2.5,2.5,2.2,2.414285714285714,0.08997354108425243,2.25,0.43388373911755823,-0.900968867902419,-0.4999999999999997,-0.8660254037844388,-0.04302223300453034,-0.99907411510223,2.5,2.05
2019-07-05,Nagaland,NER,25.6669979,94.11657019,2.5,2019,7,4,186,0,0,21.8,90,2.5,2.5,2.1,2.414285714285714,0.08997354108425243,2.2633333333333336,-0.433883739117558,-0.9009688679024191,-0.4999999999999997,-0.8660254037844388,-0.060213277365792774,-0.9981855344718586,2.5,2.1
2019-07-06,Nagaland,NER,25.6669979,94.11657019,2.5,2019,7,5,187,1,0,21.5,91,2.5,2.3,2.1,2.442857142857143,0.07867957924695541,2.2766666666666664,-0.9749279121818236,-0.2225209339563146,-0.4999999999999997,-0.8660254037844388,-0.07738647923346322,-0.9970011699250151,2.4,2.3
2019-07-07,Nagaland,NER,25.6669979,94.11657019,2.4,2019,7,6,188,1,0,21.9,89,2.5,2.3,2.1,2.457142857142857,0.05345224838250205,2.2866666666666666,-0.7818314824680299,0.6234898018587334,-0.4999999999999997,-0.8660254037844388,-0.09453674981719933,-0.9955213724144752,2.05,2.1
2019-07-08,Nagaland,NER,25.6669979,94.11657019,2.05,2019,7,0,189,0,0,21.1,94,2.4,2.4,2.1,2.4071428571428575,0.16438920136009863,2.2850000000000006,0.0,1.0,-0.4999999999999997,-0.8660254037844388,-0.11165900712169444,-0.9937465804361781,1.8,2.1
2019-07-09,Nagaland,NER,25.6669979,94.11657019,1.8,2019,7,1,190,0,0,21.2,93,2.05,2.4,2.4,2.3214285714285716,0.282632185677699,2.265,0.7818314824680298,0.6234898018587336,-0.4999999999999997,-0.8660254037844388,-0.12874817745258066,-0.99167731989929,1.8,2.1
2019-07-10,Nagaland,NER,25.6669979,94.11657019,1.8,2019,7,2,191,0,0,20.9,94,1.8,2.5,2.1,2.2214285714285715,0.3289593982762706,2.2550000000000003,0.9749279121818236,-0.22252093395631434,-0.4999999999999997,-0.8660254037844388,-0.14579919691987442,-0.9893142039703664,2.05,2.1
2019-07-11,Nagaland,NER,25.6669979,94.11657019,2.05,2019,7,3,192,0,0,20.5,96,1.8,2.5,2.1,2.157142857142857,0.30879951887453255,2.253333333333333,0.43388373911755823,-0.900968867902419,-0.4999999999999997,-0.8660254037844388,-0.16280701293851646,-0.9866579328916572,2.1,2.2
2019-07-12,Nagaland,NER,25.6669979,94.11657019,2.1,2019,7,4,193,0,0,20.5,94,2.05,2.5,2.2,2.1,0.2692582403567245,2.25,-0.433883739117558,-0.9009688679024191,-0.4999999999999997,-0.8660254037844388,-0.17976658572556214,-0.9837092937736098,2.3,2.2
2019-07-13,Nagaland,NER,25.6669979,94.11657019,2.3,2019,7,5,194,1,0,21.1,89,2.1,2.5,2.2,2.0714285714285716,0.22704100741412006,2.2533333333333334,-0.9749279121818236,-0.2225209339563146,-0.4999999999999997,-0.8660254037844388,-0.19667288979357622,-0.9804691603616321,2.1,2.1
2019-07-14,Nagaland,NER,25.6669979,94.11657019,2.1,2019,7,6,195,1,0,20.6,93,2.3,2.4,2.1,2.0285714285714285,0.17761649430055287,2.253333333333333,-0.7818314824680299,0.6234898018587334,-0.4999999999999997,-0.8660254037844388,-0.2135209154397959,-0.9769384927771817,2.1,2.0
2019-07-15,Nagaland,NER,25.6669979,94.11657019,2.1,2019,7,0,196,0,0,20.0,93,2.1,2.05,2.2,2.0357142857142856,0.17961599250040092,2.25,0.0,1.0,-0.4999999999999997,-0.8660254037844388,-0.23030567023061196,-0.973118337233262,2.1,2.0
2019-07-16,Nagaland,NER,25.6669979,94.11657019,2.1,2019,7,1,197,0,0,21.4,86,2.1,1.8,2.2,2.0785714285714287,0.14679107277903022,2.246666666666667,0.7818314824680298,0.6234898018587336,-0.4999999999999997,-0.8660254037844388,-0.24702218048093527,-0.9690098257244063,2.1,2.1
2019-07-17,Nagaland,NER,25.6669979,94.11657019,2.1,2019,7,2,198,0,0,21.1,89,2.1,1.8,2.1,2.1214285714285714,0.08091735937126662,2.2466666666666666,0.9749279121818236,-0.22252093395631434,-0.4999999999999997,-0.8660254037844388,-0.2636654927280072,-0.9646141756912435,2.2,2.2
2019-07-18,Nagaland,NER,25.6669979,94.11657019,2.2,2019,7,3,199,0,0,21.7,86,2.1,2.05,2.1,2.142857142857143,0.07867957924694254,2.25,0.43388373911755823,-0.900968867902419,-0.4999999999999997,-0.8660254037844388,-0.2802306751992161,-0.9599326896597445,2.2,2.2
2019-07-19,Nagaland,NER,25.6669979,94.11657019,2.2,2019,7,4,200,0,0,21.6,90,2.2,2.1,2.3,2.157142857142857,0.07867957924694276,2.246666666666667,-0.433883739117558,-0.9009688679024191,-0.4999999999999997,-0.8660254037844388,-0.2967128192734901,-0.9549667548552553,2.1,2.1
2019-07-20,Nagaland,NER,25.6669979,94.11657019,2.1,2019,7,5,201,1,0,21.4,91,2.2,2.3,2.2,2.1285714285714286,0.04879500364742346,2.243333333333333,-0.9749279121818236,-0.2225209339563146,-0.4999999999999997,-0.8660254037844388,-0.3131070409358267,-0.9497178427914317,2.0,2.2
2019-07-21,Nagaland,NER,25.6669979,94.11657019,2.0,2019,7,6,202,1,0,21.0,91,2.1,2.1,2.4,2.1142857142857143,0.06900655593423287,2.2299999999999995,-0.7818314824680299,0.6234898018587334,-0.4999999999999997,-0.8660254037844388,-0.3294084822245302,-0.9441875088341994,2.0,2.2
2019-07-22,Nagaland,NER,25.6669979,94.11657019,2.0,2019,7,0,203,0,0,20.8,90,2.0,2.1,2.4,2.1,0.08164965809277021,2.216666666666667,0.0,1.0,-0.4999999999999997,-0.8660254037844388,-0.3456123126707333,-0.9383773917408642,2.1,2.1
2019-07-23,Nagaland,NER,25.6669979,94.11657019,2.1,2019,7,1,204,0,0,20.5,91,2.0,2.1,2.2,2.1,0.08164965809277021,2.2133333333333334,0.7818314824680298,0.6234898018587336,-0.4999999999999997,-0.8660254037844388,-0.3617137307297674,-0.9322892131745134,2.2,1.9
2019-07-24,Nagaland,NER,25.6669979,94.11657019,2.2,2019,7,2,205,0,0,20.8,90,2.1,2.1,2.3,2.1142857142857143,0.08997354108424177,2.2100000000000004,0.9749279121818236,-0.22252093395631434,-0.4999999999999997,-0.8660254037844388,-0.37770796520396466,-0.9259247771938499,2.2,2.3
2019-07-25,Nagaland,NER,25.6669979,94.11657019,2.2,2019,7,3,206,0,0,20.9,90,2.2,2.2,2.1,2.1142857142857143,0.08997354108424177,2.213333333333333,0.43388373911755823,-0.900968867902419,-0.4999999999999997,-0.8660254037844388,-0.39359027665646645,-0.9192859697186105,2.1,2.3
2019-07-26,Nagaland,NER,25.6669979,94.11657019,2.1,2019,7,4,207,0,0,20.3,96,2.2,2.2,2.1,2.1,0.08164965809277021,2.2133333333333334,-0.433883739117558,-0.9009688679024191,-0.4999999999999997,-0.8660254037844388,-0.4093559588156211,-0.9123747579707274,2.2,2.2
2019-07-27,Nagaland,NER,25.6669979,94.11657019,2.2,2019,7,5,208,1,0,20.2,95,2.1,2.1,2.5,2.1142857142857143,0.08997354108424177,2.2033333333333336,-0.9749279121818236,-0.2225209339563146,-0.4999999999999997,-0.8660254037844388,-0.42500033996955394,-0.9051931898913975,2.2,2.3
2019-07-28,Nagaland,NER,25.6669979,94.11657019,2.2,2019,7,6,209,1,0,21.5,88,2.2,2.0,2.5,2.1428571428571432,0.07867957924694244,2.1933333333333334,-0.7818314824680299,0.6234898018587334,-0.4999999999999997,-0.8660254037844388,-0.4405187843504952,-0.8977433935342336,2.1,2.2
2019-07-29,Nagaland,NER,25.6669979,94.11657019,2.1,2019,7,0,210,0,0,21.1,90,2.2,2.0,2.3,2.1571428571428575,0.05345224838248239,2.1866666666666665,0.0,1.0,-0.4999999999999997,-0.8660254037844388,-0.455906693508459,-0.8900275764346766,1.9,2.1
2019-07-30,Nagaland,NER,25.6669979,94.11657019,1.9,2019,7,1,211,0,0,20.4,95,2.1,2.1,2.3,2.1285714285714286,0.11126972805283594,2.1733333333333333,0.7818314824680298,0.6234898018587336,-0.4999999999999997,-0.8660254037844388,-0.47115950767386394,-0.8820480249558535,2.3,2.4
2019-07-31,Nagaland,NER,25.6669979,94.11657019,2.3,2019,7,2,212,0,0,20.2,94,1.9,2.2,2.4,2.142857142857143,0.12724180205606922,2.1700000000000004,0.9749279121818236,-0.22252093395631434,-0.4999999999999997,-0.8660254037844388,-0.4862727071086902,-0.8738071036110807,2.3,2.2
2019-08-01,Nagaland,NER,25.6669979,94.11657019,2.3,2019,8,3,213,0,0,20.7,89,2.3,2.2,2.4,2.1571428571428575,0.13972762620115342,2.1666666666666665,0.43388373911755823,-0.900968867902419,-0.8660254037844385,-0.5000000000000004,-0.5012418134457756,-0.8653072543632061,2.2,2.1
2019-08-02,Nagaland,NER,25.6669979,94.11657019,2.2,2019,8,4,214,0,0,21.2,90,2.3,2.1,2.5,2.1714285714285713,0.13801311186846998,2.1566666666666667,-0.433883739117558,-0.9009688679024191,-0.8660254037844385,-0.5000000000000004,-0.5160623910158526,-0.8565509959010037,2.3,2.1
2019-08-03,Nagaland,NER,25.6669979,94.11657019,2.3,2019,8,5,215,1,0,21.1,93,2.2,2.2,2.5,2.185714285714286,0.1463850109422793,2.15,-0.9749279121818236,-0.2225209339563146,-0.8660254037844385,-0.5000000000000004,-0.5307300481619331,-0.8475409228928312,2.2,2.2
2019-08-04,Nagaland,NER,25.6669979,94.11657019,2.2,2019,8,6,216,1,0,21.2,91,2.3,2.2,2.5,2.1857142857142855,0.1463850109422793,2.14,-0.7818314824680299,0.6234898018587334,-0.8660254037844385,-0.5000000000000004,-0.5452404385406507,-0.8382797052177745,2.1,2.3
2019-08-05,Nagaland,NER,25.6669979,94.11657019,2.1,2019,8,0,217,0,0,22.3,87,2.2,2.1,2.5,2.185714285714286,0.1463850109422793,2.1266666666666665,0.0,1.0,-0.8660254037844385,-0.5000000000000004,-0.5595892624101763,-0.828770087174504,2.4,2.3
2019-08-06,Nagaland,NER,25.6669979,94.11657019,2.4,2019,8,1,218,0,0,23.4,76,2.1,1.9,2.4,2.257142857142857,0.0975900072948531,2.1266666666666665,0.7818314824680298,0.6234898018587336,-0.8660254037844385,-0.5000000000000004,-0.5737722679043243,-0.8190148866680802,2.2,2.1
2019-08-08,Nagaland,NER,25.6669979,94.11657019,2.2,2019,8,3,220,0,0,21.4,92,2.4,2.3,2.05,2.242857142857143,0.09759000729485295,2.131666666666667,0.43388373911755823,-0.900968867902419,-0.8660254037844385,-0.5000000000000004,-0.6016240632249227,-0.7987793728863648,2.1,2.3
2019-08-09,Nagaland,NER,25.6669979,94.11657019,2.1,2019,8,4,221,0,0,21.2,92,2.2,2.3,1.8,2.2142857142857144,0.10690449676496919,2.1416666666666666,-0.433883739117558,-0.9009688679024191,-0.8660254037844385,-0.5000000000000004,-0.6152845999633277,-0.7883050558305253,2.1,2.3
2019-08-10,Nagaland,NER,25.6669979,94.11657019,2.1,2019,8,5,222,1,0,20.4,94,2.1,2.2,1.8,2.2,0.11547005383792452,2.1516666666666664,-0.9749279121818236,-0.2225209339563146,-0.8660254037844385,-0.5000000000000004,-0.6287628145958345,-0.7775971469736268,2.2,2.2
2019-08-11,Nagaland,NER,25.6669979,94.11657019,2.2,2019,8,6,223,1,0,22.7,85,2.1,2.3,2.05,2.185714285714286,0.106904496764969,2.1566666666666667,-0.7818314824680299,0.6234898018587334,-0.8660254037844385,-0.5000000000000004,-0.6420547132365636,-0.7666588193001592,2.3,2.1
2019-08-12,Nagaland,NER,25.6669979,94.11657019,2.3,2019,8,0,224,0,1,23.6,75,2.2,2.2,2.1,2.2,0.11547005383792452,2.1633333333333336,0.0,1.0,-0.8660254037844385,-0.5000000000000004,-0.655156357209085,-0.7554933140726804,2.3,2.1
2019-08-13,Nagaland,NER,25.6669979,94.11657019,2.3,2019,8,1,225,0,0,21.7,85,2.3,2.1,2.3,2.2285714285714286,0.1112697280528369,2.1633333333333336,0.7818314824680298,0.6234898018587336,-0.8660254037844385,-0.5000000000000004,-0.6680638642135333,-0.7441039398713608,2.1,2.1
2019-08-14,Nagaland,NER,25.6669979,94.11657019,2.1,2019,8,2,226,0,0,20.7,92,2.3,2.4,2.1,2.185714285714286,0.08997354108424281,2.1633333333333336,0.9749279121818236,-0.22252093395631434,-0.8660254037844385,-0.5000000000000004,-0.6807734094770159,-0.7324940716135792,2.3,2.2
2019-08-15,Nagaland,NER,25.6669979,94.11657019,2.3,2019,8,3,227,0,1,20.4,94,2.1,2.2,2.1,2.1999999999999997,0.09999999999999924,2.1700000000000004,0.43388373911755823,-0.900968867902419,-0.8660254037844385,-0.5000000000000004,-0.6932812268869771,-0.7206671495538615,2.3,2.1
2019-08-16,Nagaland,NER,25.6669979,94.11657019,2.3,2019,8,4,228,0,0,20.7,93,2.3,2.1,2.1,2.2285714285714286,0.09511897312113363,2.1766666666666667,-0.433883739117558,-0.9009688679024191,-0.8660254037844385,-0.5000000000000004,-0.7055836101071774,-0.70862667826446,2.2,2.1
2019-08-17,Nagaland,NER,25.6669979,94.11657019,2.2,2019,8,5,229,1,0,21.5,89,2.3,2.1,2.1,2.242857142857143,0.07867957924694381,2.18,-0.9749279121818236,-0.2225209339563146,-0.8660254037844385,-0.5000000000000004,-0.7176769136759615,-0.6963762255968726,2.1,2.2
2019-08-18,Nagaland,NER,25.6669979,94.11657019,2.1,2019,8,6,230,1,0,20.6,92,2.2,2.2,2.2,2.2285714285714286,0.09511897312113363,2.1766666666666667,-0.7818314824680299,0.6234898018587334,-0.8660254037844385,-0.5000000000000004,-0.7295575540864876,-0.6839194216246105,2.1,2.0
2019-08-19,Nagaland,NER,25.6669979,94.11657019,2.1,2019,8,0,231,0,0,20.6,88,2.1,2.3,2.2,2.2,0.09999999999999924,2.1733333333333333,0.0,1.0,-0.8660254037844385,-0.5000000000000004,-0.7412220108485957,-0.6712599575675315,2.1,2.2
2019-08-20,Nagaland,NER,25.6669979,94.11657019,2.1,2019,8,1,232,0,0,21.3,88,2.1,2.3,2.1,2.1714285714285713,0.0951189731211332,2.1733333333333333,0.7818314824680298,0.6234898018587336,-0.8660254037844385,-0.5000000000000004,-0.7526668275320083,-0.6584015846980489,2.2,2.2
2019-08-21,Nagaland,NER,25.6669979,94.11657019,2.2,2019,8,2,233,0,0,21.8,89,2.1,2.1,2.0,2.185714285714286,0.08997354108424281,2.18,0.9749279121818236,-0.22252093395631434,-0.8660254037844385,-0.5000000000000004,-0.7638886127905429,-0.64534811322955,2.1,2.1
2019-08-22,Nagaland,NER,25.6669979,94.11657019,2.1,2019,8,3,234,0,0,22.2,88,2.2,2.3,2.0,2.157142857142857,0.07867957924694305,2.183333333333333,0.43388373911755823,-0.900968867902419,-0.8660254037844385,-0.5000000000000004,-0.7748840413670406,-0.6321034111873488,2.1,2.1
2019-08-23,Nagaland,NER,25.6669979,94.11657019,2.1,2019,8,4,235,0,0,21.4,89,2.1,2.3,2.1,2.1285714285714286,0.04879500364742438,2.183333333333333,-0.433883739117558,-0.9009688679024191,-0.8660254037844385,-0.5000000000000004,-0.7856498550787144,-0.6186714032625032,2.2,2.1
2019-08-24,Nagaland,NER,25.6669979,94.11657019,2.2,2019,8,5,236,1,1,21.3,87,2.1,2.2,2.2,2.1285714285714286,0.04879500364742438,2.183333333333333,-0.9749279121818236,-0.2225209339563146,-0.8660254037844385,-0.5000000000000004,-0.7961828637826154,-0.6050560696488494,2.0,2.3
2019-08-25,Nagaland,NER,25.6669979,94.11657019,2.0,2019,8,6,237,1,0,22.1,82,2.2,2.1,2.2,2.1142857142857143,0.06900655593423372,2.1766666666666667,-0.7818314824680299,0.6234898018587334,-0.8660254037844385,-0.5000000000000004,-0.8064799463209447,-0.5912614448635782,2.2,2.4
2019-08-26,Nagaland,NER,25.6669979,94.11657019,2.2,2019,8,0,238,0,0,22.4,82,2.0,2.1,2.1,2.1285714285714286,0.07559289460184401,2.18,0.0,1.0,-0.8660254037844385,-0.5000000000000004,-0.8165380514459157,-0.5772916165517278,2.2,2.2
2019-08-27,Nagaland,NER,25.6669979,94.11657019,2.2,2019,8,1,239,0,0,22.4,86,2.2,2.1,2.2,2.1428571428571432,0.07867957924694306,2.18,0.7818314824680298,0.6234898018587336,-0.8660254037844385,-0.5000000000000004,-0.8263541987239094,-0.5631507242749187,2.1,2.2
2019-08-28,Nagaland,NER,25.6669979,94.11657019,2.1,2019,8,2,240,0,0,21.5,92,2.2,2.2,2.2,2.1285714285714286,0.07559289460184401,2.1766666666666667,0.9749279121818236,-0.22252093395631434,-0.8660254037844385,-0.5000000000000004,-0.8359254794186365,-0.5488429582847199,2.1,2.1
2019-08-29,Nagaland,NER,25.6669979,94.11657019,2.1,2019,8,3,241,0,0,22.1,89,2.1,2.1,2.1,2.1285714285714286,0.07559289460184401,2.1766666666666667,0.43388373911755823,-0.900968867902419,-0.8660254037844385,-0.5000000000000004,-0.8452490573530634,-0.5343725582809785,2.1,2.1
2019-08-30,Nagaland,NER,25.6669979,94.11657019,2.1,2019,8,4,242,0,0,21.6,93,2.1,2.1,1.9,2.128571428571429,0.07559289460184401,2.183333333333333,-0.433883739117558,-0.9009688679024191,-0.8660254037844385,-0.5000000000000004,-0.8543221697498269,-0.5197438121555157,2.3,2.2
2019-08-31,Nagaland,NER,25.6669979,94.11657019,2.3,2019,8,5,243,1,0,21.0,90,2.1,2.2,2.3,2.142857142857143,0.0975900072948522,2.183333333333333,-0.9749279121818236,-0.2225209339563146,-0.8660254037844385,-0.5000000000000004,-0.8631421280499115,-0.5049610547215202,2.4,2.2
2019-09-01,Nagaland,NER,25.6669979,94.11657019,2.4,2019,9,6,244,1,0,22.3,81,2.3,2.0,2.3,2.2,0.11547005383792451,2.1866666666666665,-0.7818314824680299,0.6234898018587334,-1.0,-1.8369701987210297e-16,-0.8717063187093217,-0.4900286664290594,2.2,2.1
2019-09-02,Nagaland,NER,25.6669979,94.11657019,2.2,2019,9,0,245,0,0,22.2,80,2.4,2.2,2.2,2.2,0.11547005383792451,2.186666666666667,0.0,1.0,-1.0,-1.8369701987210297e-16,-0.8800122039735356,-0.4749510720670502,2.2,2.1
2019-09-03,Nagaland,NER,25.6669979,94.11657019,2.2,2019,9,1,246,0,0,22.1,83,2.2,2.2,2.3,2.2,0.11547005383792451,2.183333333333333,0.7818314824680298,0.6234898018587336,-1.0,-1.8369701987210297e-16,-0.888057322629493,-0.4597327394521046,2.1,2.2
2019-09-04,Nagaland,NER,25.6669979,94.11657019,2.1,2019,9,2,247,0,0,21.3,88,2.2,2.1,2.2,2.2,0.11547005383792451,2.18,0.9749279121818236,-0.22252093395631434,-1.0,-1.8369701987210297e-16,-0.8958392907349089,-0.4443781781046134,2.1,2.1
2019-09-05,Nagaland,NER,25.6669979,94.11657019,2.1,2019,9,3,248,0,0,20.8,92,2.1,2.1,2.1,2.2,0.11547005383792451,2.18,0.43388373911755823,-0.900968867902419,-1.0,-1.8369701987210297e-16,-0.9033558023246842,-0.4288919379124841,2.2,2.3
2019-09-06,Nagaland,NER,25.6669979,94.11657019,2.2,2019,9,4,249,0,0,21.2,90,2.1,2.1,2.4,2.2142857142857144,0.10690449676496917,2.1733333333333333,-0.433883739117558,-0.9009688679024191,-1.0,-1.8369701987210297e-16,-0.9106046300942162,-0.41327860778290443,2.2,2.3
2019-09-08,Nagaland,NER,25.6669979,94.11657019,2.2,2019,9,6,251,1,0,21.0,91,2.2,2.3,2.2,2.2,0.09999999999999928,2.1733333333333333,-0.7818314824680299,0.6234898018587334,-1.0,-1.8369701987210297e-16,-0.9242907221930934,-0.3816892202666586,2.1,2.1
2019-09-09,Nagaland,NER,25.6669979,94.11657019,2.1,2019,9,0,252,0,0,21.5,90,2.2,2.4,2.1,2.1571428571428575,0.053452248382483046,2.1733333333333333,0.0,1.0,-1.0,-1.8369701987210297e-16,-0.9307239310379793,-0.3657225234972692,2.1,2.5
2019-09-10,Nagaland,NER,25.6669979,94.11657019,2.1,2019,9,1,253,0,1,21.3,91,2.1,2.2,2.1,2.1428571428571432,0.05345224838248285,2.1733333333333333,0.7818314824680298,0.6234898018587336,-1.0,-1.8369701987210297e-16,-0.9368813462954315,-0.34964745525122826,2.2,2.3
2019-09-11,Nagaland,NER,25.6669979,94.11657019,2.2,2019,9,2,254,0,0,20.8,94,2.1,2.2,2.2,2.142857142857143,0.05345224838248285,2.1733333333333333,0.9749279121818236,-0.22252093395631434,-1.0,-1.8369701987210297e-16,-0.9427611433904206,-0.33346877891818705,2.1,2.3
2019-09-12,Nagaland,NER,25.6669979,94.11657019,2.1,2019,9,3,255,0,0,20.7,94,2.2,2.1,2.3,2.142857142857143,0.05345224838248285,2.1666666666666665,0.43388373911755823,-0.900968867902419,-1.0,-1.8369701987210297e-16,-0.9483615800121716,-0.31719128858910595,2.3,2.0
2019-09-13,Nagaland,NER,25.6669979,94.11657019,2.3,2019,9,4,256,0,0,19.9,94,2.1,2.1,2.3,2.1714285714285717,0.0755928946018442,2.1666666666666665,-0.433883739117558,-0.9009688679024191,-1.0,-1.8369701987210297e-16,-0.9536809966304455,-0.300819807635668,2.3,2.1
2019-09-14,Nagaland,NER,25.6669979,94.11657019,2.3,2019,9,5,257,1,0,20.2,94,2.3,2.2,2.1,2.185714285714286,0.08997354108424274,2.1733333333333333,-0.9749279121818236,-0.2225209339563146,-1.0,-1.8369701987210297e-16,-0.9587178169872964,-0.2843591872810036,2.1,2.1
2019-09-15,Nagaland,NER,25.6669979,94.11657019,2.1,2019,9,6,258,1,0,20.5,89,2.3,2.2,2.3,2.1714285714285717,0.09511897312113311,2.1666666666666665,-0.7818314824680299,0.6234898018587334,-1.0,-1.8369701987210297e-16,-0.9634705485641486,-0.26781430516217486,2.5,2.1
2019-09-16,Nagaland,NER,25.6669979,94.11657019,2.5,2019,9,0,259,0,0,20.3,92,2.1,2.1,2.3,2.2285714285714286,0.1496026483086187,2.1733333333333333,0.0,1.0,-1.0,-1.8369701987210297e-16,-0.9679377830240642,-0.25119006388481957,2.3,2.1
2019-09-17,Nagaland,NER,25.6669979,94.11657019,2.3,2019,9,1,260,0,0,19.8,91,2.5,2.1,2.2,2.257142857142857,0.139727626201154,2.1766666666666667,0.7818314824680298,0.6234898018587336,-1.0,-1.8369701987210297e-16,-0.9721181966290612,-0.23449138957041052,2.3,2.2
2019-09-18,Nagaland,NER,25.6669979,94.11657019,2.3,2019,9,2,261,0,0,20.0,91,2.3,2.2,2.1,2.2714285714285714,0.1380131118684705,2.183333333333333,0.9749279121818236,-0.22252093395631434,-1.0,-1.8369701987210297e-16,-0.9760105506323682,-0.21772323039653224,2.0,2.1
2019-09-19,Nagaland,NER,25.6669979,94.11657019,2.0,2019,9,3,262,0,0,19.5,94,2.3,2.1,2.1,2.257142857142857,0.1618347187425371,2.18,0.43388373911755823,-0.900968867902419,-1.0,-1.8369701987210297e-16,-0.9796136916454901,-0.20089055513063528,2.1,2.1
2019-09-20,Nagaland,NER,25.6669979,94.11657019,2.1,2019,9,4,263,0,0,19.6,91,2.0,2.3,2.1,2.2285714285714286,0.17043362064926895,2.18,-0.433883739117558,-0.9009688679024191,-1.0,-1.8369701987210297e-16,-0.9829265519799822,-0.18399835165767986,2.1,2.3
2019-09-21,Nagaland,NER,25.6669979,94.11657019,2.1,2019,9,5,264,1,0,20.2,89,2.1,2.3,2.2,2.2,0.1732050807568873,2.1766666666666667,-0.9749279121818236,-0.2225209339563146,-1.0,-1.8369701987210297e-16,-0.9859481499638303,-0.1670516255021195,2.1,2.2
2019-09-22,Nagaland,NER,25.6669979,94.11657019,2.1,2019,9,6,265,1,0,20.3,87,2.1,2.1,2.1,2.1999999999999997,0.1732050807568873,2.1766666666666667,-0.7818314824680299,0.6234898018587334,-1.0,-1.8369701987210297e-16,-0.9886775902323404,-0.15005539834465262,2.1,2.2
2019-09-23,Nagaland,NER,25.6669979,94.11657019,2.1,2019,9,0,266,0,0,18.9,94,2.1,2.5,2.1,2.142857142857143,0.11338934190276728,2.1766666666666667,0.0,1.0,-1.0,-1.8369701987210297e-16,-0.9911140639934546,-0.13301470653419636,2.2,1.8
2019-09-24,Nagaland,NER,25.6669979,94.11657019,2.2,2019,9,1,267,0,0,18.3,94,2.1,2.3,2.2,2.1285714285714286,0.09511897312113311,2.176666666666667,0.7818314824680298,0.6234898018587336,-1.0,-1.8369701987210297e-16,-0.9932568492674143,-0.11593459959550066,2.1,1.9
2019-09-25,Nagaland,NER,25.6669979,94.11657019,2.1,2019,9,2,268,0,0,18.0,94,2.2,2.3,2.0,2.1,0.0577350269189607,2.18,0.9749279121818236,-0.22252093395631434,-1.0,-1.8369701987210297e-16,-0.9951053111006974,-0.09882013873287211,2.1,1.9
2019-09-26,Nagaland,NER,25.6669979,94.11657019,2.1,2019,9,3,269,0,0,17.9,94,2.1,2.0,2.2,2.1142857142857143,0.03779644730092,2.1766666666666667,0.43388373911755823,-0.900968867902419,-1.0,-1.8369701987210297e-16,-0.99665890175417,-0.08167639533042288,2.3,2.1
2019-09-27,Nagaland,NER,25.6669979,94.11657019,2.3,2019,9,4,270,0,0,18.3,91,2.1,2.1,2.2,2.142857142857143,0.07867957924694313,2.18,-0.433883739117558,-0.9009688679024191,-1.0,-1.8369701987210297e-16,-0.9979171608653922,-0.06450844944931625,2.2,2.1
2019-09-28,Nagaland,NER,25.6669979,94.11657019,2.2,2019,9,5,271,1,0,18.9,88,2.3,2.1,2.1,2.1571428571428575,0.07867957924694326,2.183333333333333,-0.9749279121818236,-0.2225209339563146,-1.0,-1.8369701987210297e-16,-0.9988797155850335,-0.04732138832243232,2.2,2.2
2019-09-29,Nagaland,NER,25.6669979,94.11657019,2.2,2019,9,6,272,1,0,18.2,92,2.2,2.1,2.1,2.1714285714285713,0.0755928946018445,2.186666666666667,-0.7818314824680299,0.6234898018587334,-1.0,-1.8369701987210297e-16,-0.9995462806873573,-0.03012030484690836,1.8,2.1
2019-09-30,Nagaland,NER,25.6669979,94.11657019,1.8,2019,9,0,273,0,0,17.7,94,2.2,2.1,2.1,2.1285714285714286,0.16035674514745402,2.1766666666666667,0.0,1.0,-1.0,-1.8369701987210297e-16,-0.9999166586547379,-0.012910296075008843,1.9,2.2
2019-10-01,Nagaland,NER,25.6669979,94.11657019,1.9,2019,10,1,274,0,0,17.7,96,1.8,2.2,2.3,2.085714285714286,0.17728105208558304,2.1633333333333336,0.7818314824680298,0.6234898018587336,-0.8660254037844386,0.5000000000000001,-0.9999907397361901,0.004303538296243821,1.9,2.1
2019-10-02,Nagaland,NER,25.6669979,94.11657019,1.9,2019,10,2,275,0,1,18.0,93,1.9,2.1,2.4,2.057142857142857,0.19023794624226772,2.146666666666667,0.9749279121818236,-0.22252093395631434,-0.8660254037844386,0.5000000000000001,-0.9997685019798909,0.021516097436222233,2.1,2.1
2019-10-03,Nagaland,NER,25.6669979,94.11657019,2.1,2019,10,3,276,0,0,17.9,93,1.9,2.1,2.2,2.057142857142857,0.19023794624226772,2.143333333333333,0.43388373911755823,-0.900968867902419,-0.8660254037844386,0.5000000000000001,-0.9992500112396835,0.03872228089217399,2.1,1.8
2019-10-04,Nagaland,NER,25.6669979,94.11657019,2.1,2019,10,4,277,0,0,18.0,93,2.1,2.3,2.2,2.028571428571429,0.1603567451474539,2.14,-0.433883739117558,-0.9009688679024191,-0.8660254037844386,0.5000000000000001,-0.9984354211555643,0.05591699010060302,2.2,1.9
2019-10-05,Nagaland,NER,25.6669979,94.11657019,2.2,2019,10,5,278,1,0,18.2,93,2.1,2.2,2.1,2.0285714285714285,0.1603567451474539,2.143333333333333,-0.9749279121818236,-0.2225209339563146,-0.8660254037844386,0.5000000000000001,-0.9973249731081555,0.07309512989807776,2.1,2.2
2019-10-06,Nagaland,NER,25.6669979,94.11657019,2.1,2019,10,6,279,1,0,18.7,91,2.2,2.2,2.1,2.0142857142857147,0.14638501094227913,2.143333333333333,-0.7818314824680299,0.6234898018587334,-0.8660254037844386,0.5000000000000001,-0.9959189961471792,0.0902516100310407,2.2,1.9
2019-10-08,Nagaland,NER,25.6669979,94.11657019,2.2,2019,10,1,281,0,1,18.1,93,2.1,1.8,2.2,2.0714285714285716,0.12535663410560088,2.143333333333333,0.7818314824680298,0.6234898018587336,-0.8660254037844386,0.5000000000000001,-0.9922222094179324,0.12447926388678869,2.1,2.1
2019-10-09,Nagaland,NER,25.6669979,94.11657019,2.1,2019,10,2,282,0,0,18.2,91,2.2,1.9,2.2,2.1,0.09999999999999899,2.14,0.9749279121818236,-0.22252093395631434,-0.8660254037844386,0.5000000000000001,-0.989932495087353,0.141540295217043,2.1,2.0
2019-10-10,Nagaland,NER,25.6669979,94.11657019,2.1,2019,10,3,283,0,0,17.6,95,2.1,1.9,2.1,2.128571428571429,0.048795003647424756,2.14,0.43388373911755823,-0.900968867902419,-0.8660254037844386,0.5000000000000001,-0.9873494423939864,0.15855938510313475,1.8,2.0
2019-10-11,Nagaland,NER,25.6669979,94.11657019,1.8,2019,10,4,284,0,0,17.6,93,2.1,2.1,2.1,2.085714285714286,0.134518541826909,2.1300000000000003,-0.433883739117558,-0.9009688679024191,-0.8660254037844386,0.5000000000000001,-0.9844738167520923,0.17553149042142777,1.9,2.2
2019-10-12,Nagaland,NER,25.6669979,94.11657019,1.9,2019,10,5,285,1,0,17.5,93,1.8,2.1,2.2,2.0571428571428574,0.1511857892036901,2.12,-0.9749279121818236,-0.2225209339563146,-0.8660254037844386,0.5000000000000001,-0.9813064702716093,0.19245158197082995,2.2,2.1
2019-10-13,Nagaland,NER,25.6669979,94.11657019,2.2,2019,10,6,286,1,0,17.7,86,1.9,2.2,2.1,2.0571428571428574,0.1511857892036901,2.1233333333333335,-0.7818314824680299,0.6234898018587334,-0.8660254037844386,0.5000000000000001,-0.9778483415056567,0.20931464596304888,1.9,2.1
2019-10-14,Nagaland,NER,25.6669979,94.11657019,1.9,2019,10,0,287,0,0,17.7,86,2.2,2.1,2.3,2.0285714285714285,0.16035674514745388,2.1100000000000003,0.0,1.0,-0.8660254037844386,0.5000000000000001,-0.9741004551724206,0.22611568550828803,2.1,2.2
2019-10-15,Nagaland,NER,25.6669979,94.11657019,2.1,2019,10,1,288,0,0,18.1,89,1.9,2.2,2.3,2.0142857142857147,0.1463850109422791,2.1033333333333335,0.7818314824680298,0.6234898018587336,-0.8660254037844386,0.5000000000000001,-0.970063921851507,0.2428497220959358,2.0,2.3
2019-10-16,Nagaland,NER,25.6669979,94.11657019,2.0,2019,10,2,289,0,0,17.9,91,2.1,2.1,2.1,2.0,0.1414213562373086,2.1,0.9749279121818236,-0.22252093395631434,-0.8660254037844386,0.5000000000000001,-0.965739937654855,0.25951179706979943,2.0,2.3
2019-10-17,Nagaland,NER,25.6669979,94.11657019,2.0,2019,10,3,290,0,0,17.5,90,2.0,2.1,2.5,1.9857142857142855,0.13451854182690887,2.0833333333333335,0.43388373911755823,-0.900968867902419,-0.8660254037844386,0.5000000000000001,-0.9611297838723007,0.27609697309746883,2.2,2.2
2019-10-18,Nagaland,NER,25.6669979,94.11657019,2.2,2019,10,4,291,0,0,17.9,87,2.0,1.8,2.3,2.042857142857143,0.1272418020560694,2.08,-0.433883739117558,-0.9009688679024191,-0.8660254037844386,0.5000000000000001,-0.9562348265919058,0.2926003356333479,2.1,2.4
2019-10-19,Nagaland,NER,25.6669979,94.11657019,2.1,2019,10,5,292,1,0,18.0,86,2.2,1.9,2.3,2.0714285714285716,0.1112697280528363,2.0733333333333333,-0.9749279121818236,-0.2225209339563146,-0.8660254037844386,0.5000000000000001,-0.9510565162951536,0.30901699437494723,2.1,2.4
2019-10-20,Nagaland,NER,25.6669979,94.11657019,2.1,2019,10,6,293,1,0,18.0,88,2.1,2.2,2.0,2.0571428571428574,0.09759000729485204,2.0766666666666667,-0.7818314824680299,0.6234898018587334,-0.8660254037844386,0.5000000000000001,-0.9455963874271428,0.3253420847119795,2.2,2.2
2019-10-21,Nagaland,NER,25.6669979,94.11657019,2.2,2019,10,0,294,0,0,17.6,88,2.1,1.9,2.1,2.1,0.08164965809277125,2.08,0.0,1.0,-0.8660254037844386,0.5000000000000001,-0.9398560579418953,0.341570769167856,2.3,2.3
2019-10-22,Nagaland,NER,25.6669979,94.11657019,2.3,2019,10,1,295,0,0,17.2,87,2.2,2.1,2.1,2.128571428571429,0.11126972805283643,2.086666666666667,0.7818314824680298,0.6234898018587336,-0.8660254037844386,0.5000000000000001,-0.9338372288229252,0.35769823883312546,2.3,2.2
2019-10-23,Nagaland,NER,25.6669979,94.11657019,2.3,2019,10,2,296,0,0,16.5,88,2.3,2.0,2.1,2.1714285714285717,0.11126972805283661,2.0933333333333333,0.9749279121818236,-0.22252093395631434,-0.8660254037844386,0.5000000000000001,-0.9275416835791965,0.3737197147904692,2.2,2.2
2019-10-24,Nagaland,NER,25.6669979,94.11657019,2.2,2019,10,3,297,0,0,16.0,96,2.3,2.0,2.1,2.1999999999999997,0.08164965809277183,2.0966666666666667,0.43388373911755823,-0.900968867902419,-0.8660254037844386,0.5000000000000001,-0.9209712877166347,0.38963044953078774,2.4,2.2
2019-10-25,Nagaland,NER,25.6669979,94.11657019,2.4,2019,10,4,298,0,0,15.8,97,2.2,2.2,2.2,2.2285714285714286,0.11126972805283698,2.1033333333333335,-0.433883739117558,-0.9009688679024191,-0.8660254037844386,0.5000000000000001,-0.9141279881853337,0.4054257283599973,2.4,2.3
2019-10-26,Nagaland,NER,25.6669979,94.11657019,2.4,2019,10,5,299,1,0,16.1,97,2.4,2.1,2.1,2.2714285714285714,0.11126972805283736,2.1133333333333333,-0.9749279121818236,-0.2225209339563146,-0.8660254037844386,0.5000000000000001,-0.9070138128026362,0.42110087079608916,2.2,2.3
2019-10-27,Nagaland,NER,25.6669979,94.11657019,2.2,2019,10,6,300,1,1,17.0,95,2.4,2.1,2.1,2.2857142857142856,0.08997354108424391,2.1166666666666667,-0.7818314824680299,0.6234898018587334,-0.8660254037844386,0.5000000000000001,-0.8996308696522434,0.4366512319560638,2.3,2.2
2019-10-28,Nagaland,NER,25.6669979,94.11657019,2.3,2019,10,0,301,0,0,17.2,91,2.2,2.2,2.3,2.3000000000000003,0.08164965809277303,2.1166666666666667,0.0,1.0,-0.8660254037844386,0.5000000000000001,-0.8919813464595487,0.45207220393230374,2.2,1.8
2019-10-29,Nagaland,NER,25.6669979,94.11657019,2.2,2019,10,1,302,0,0,17.1,89,2.3,2.3,2.2,2.2857142857142856,0.08997354108424391,2.1166666666666667,0.7818314824680298,0.6234898018587336,-0.8660254037844386,0.5000000000000001,-0.8840675099433637,0.46735921715800205,2.2,1.9
2019-10-30,Nagaland,NER,25.6669979,94.11657019,2.2,2019,10,2,303,0,0,16.6,89,2.2,2.3,2.2,2.2714285714285714,0.09511897312113417,2.1166666666666667,0.9749279121818236,-0.22252093395631434,-0.8660254037844386,0.5000000000000001,-0.8758917051442433,0.48250774176121763,2.2,2.0
2019-10-31,Nagaland,NER,25.6669979,94.11657019,2.2,2019,10,3,304,0,0,16.3,90,2.2,2.2,1.8,2.2714285714285714,0.09511897312113417,2.13,0.43388373911755823,-0.900968867902419,-0.8660254037844386,0.5000000000000001,-0.8674563547295971,0.4975132889071803,2.3,2.0
2019-11-01,Nagaland,NER,25.6669979,94.11657019,2.3,2019,11,4,305,0,0,16.6,89,2.2,2.4,1.9,2.257142857142857,0.07867957924694412,2.143333333333333,-0.433883739117558,-0.9009688679024191,-0.5000000000000004,0.8660254037844384,-0.858763958275803,0.5123714121284235,2.3,2.2
2019-11-02,Nagaland,NER,25.6669979,94.11657019,2.3,2019,11,5,306,1,0,17.0,81,2.3,2.4,1.9,2.242857142857143,0.05345224838248432,2.1566666666666667,-0.9749279121818236,-0.2225209339563146,-0.5000000000000004,0.8660254037844384,-0.8498170915275277,0.5270777086423724,2.2,2.1
2019-11-03,Nagaland,NER,25.6669979,94.11657019,2.2,2019,11,6,307,1,0,17.1,79,2.3,2.2,2.1,2.242857142857143,0.05345224838248432,2.1599999999999997,-0.7818314824680299,0.6234898018587334,-0.5000000000000004,0.8660254037844384,-0.8406184056344783,0.5416278206559811,1.8,2.1
2019-11-04,Nagaland,NER,25.6669979,94.11657019,1.8,2019,11,0,308,0,0,16.3,86,2.2,2.3,2.1,2.1714285714285717,0.17043362064926884,2.15,0.0,1.0,-0.5000000000000004,0.8660254037844384,-0.8311706263658079,0.5560174366570446,1.9,2.2
2019-11-05,Nagaland,NER,25.6669979,94.11657019,1.9,2019,11,1,309,0,0,15.3,90,1.8,2.2,2.2,2.1285714285714286,0.1976047040118702,2.14,0.7818314824680298,0.6234898018587336,-0.5000000000000004,0.8660254037844384,-0.8214765533024145,0.5702422926917867,2.0,2.1
2019-11-06,Nagaland,NER,25.6669979,94.11657019,2.0,2019,11,2,310,0,0,15.4,87,1.9,2.2,2.1,2.1,0.19999999999999937,2.136666666666667,0.9749279121818236,-0.22252093395631434,-0.5000000000000004,0.8660254037844384,-0.8115390590073611,0.5842981736283683,2.0,2.2
2019-11-08,Nagaland,NER,25.6669979,94.11657019,2.0,2019,11,4,312,0,0,17.1,81,2.0,2.2,2.2,2.0714285714285716,0.19760470401187005,2.13,-0.433883739117558,-0.9009688679024191,-0.5000000000000004,0.8660254037844384,-0.7909456567567774,0.6118864012687242,2.2,2.1
2019-11-09,Nagaland,NER,25.6669979,94.11657019,2.2,2019,11,5,313,1,0,16.7,95,2.0,2.3,2.1,2.0571428571428574,0.18126539343499243,2.1333333333333333,-0.9749279121818236,-0.2225209339563146,-0.5000000000000004,0.8660254037844384,-0.780295851070776,0.6254105729852457,2.1,2.2
2019-11-10,Nagaland,NER,25.6669979,94.11657019,2.1,2019,11,6,314,1,1,16.4,97,2.2,2.3,2.1,2.028571428571429,0.14960264830861827,2.1333333333333333,-0.7818314824680299,0.6234898018587334,-0.5000000000000004,0.8660254037844384,-0.7694148268839381,0.6387494220515268,2.1,1.9
2019-11-11,Nagaland,NER,25.6669979,94.11657019,2.1,2019,11,0,315,0,0,16.4,97,2.1,2.2,1.8,2.0142857142857147,0.13451854182690887,2.143333333333333,0.0,1.0,-0.5000000000000004,0.8660254037844384,-0.7583058084785625,0.6518989958787125,2.2,2.1
2019-11-12,Nagaland,NER,25.6669979,94.11657019,2.2,2019,11,1,316,0,1,16.3,95,2.1,1.8,1.9,2.0714285714285716,0.1112697280528363,2.1533333333333333,0.7818314824680298,0.6234898018587336,-0.5000000000000004,0.8660254037844384,-0.7469720876965551,0.6648553979642866,2.1,2.1
2019-11-13,Nagaland,NER,25.6669979,94.11657019,2.1,2019,11,2,317,0,0,16.0,90,2.2,1.9,2.2,2.1,0.08164965809277126,2.15,0.9749279121818236,-0.22252093395631434,-0.5000000000000004,0.8660254037844384,-0.7354170229639858,0.6776147890466887,2.2,2.1
2019-11-14,Nagaland,NER,25.6669979,94.11657019,2.2,2019,11,3,318,0,0,16.2,84,2.1,2.0,1.9,2.1285714285714286,0.0755928946018442,2.1599999999999997,0.43388373911755823,-0.900968867902419,-0.5000000000000004,0.8660254037844384,-0.7236440382959124,0.690173388242972,2.1,2.0
2019-11-15,Nagaland,NER,25.6669979,94.11657019,2.1,2019,11,4,319,0,0,15.3,71,2.2,2.0,2.1,2.1428571428571432,0.053452248382483226,2.1599999999999997,-0.433883739117558,-0.9009688679024191,-0.5000000000000004,0.8660254037844384,-0.711656622281775,0.7025274741691566,2.2,2.2
2019-11-16,Nagaland,NER,25.6669979,94.11657019,2.2,2019,11,5,320,1,0,14.7,66,2.1,2.2,2.0,2.142857142857143,0.053452248382483226,2.1666666666666665,-0.9749279121818236,-0.2225209339563146,-0.5000000000000004,0.8660254037844384,-0.6994583270516471,0.7146733860429608,1.9,2.0
2019-11-17,Nagaland,NER,25.6669979,94.11657019,1.9,2019,11,6,321,1,0,14.5,68,2.2,2.1,2.0,2.1142857142857143,0.10690449676496884,2.1633333333333336,-0.7818314824680299,0.6234898018587334,-0.5000000000000004,0.8660254037844384,-0.6870527672236675,0.7266075247685652,2.1,2.1
2019-11-18,Nagaland,NER,25.6669979,94.11657019,2.1,2019,11,0,322,0,0,14.0,74,1.9,2.1,2.2,2.1142857142857143,0.10690449676496884,2.1599999999999997,0.0,1.0,-0.5000000000000004,0.8660254037844384,-0.6744436188329457,0.7383263540031063,2.1,2.1
2019-11-19,Nagaland,NER,25.6669979,94.11657019,2.1,2019,11,1,323,0,0,13.5,81,2.1,2.2,2.1,2.1,0.09999999999999894,2.1599999999999997,0.7818314824680298,0.6234898018587336,-0.5000000000000004,0.8660254037844384,-0.661634618242279,0.749826401204568,2.1,2.2
2019-11-20,Nagaland,NER,25.6669979,94.11657019,2.1,2019,11,2,324,0,0,13.5,84,2.1,2.1,2.1,2.1,0.09999999999999894,2.1599999999999997,0.9749279121818236,-0.22252093395631434,-0.5000000000000004,0.8660254037844384,-0.6486295610349818,0.7611042586607742,2.0,2.1
2019-11-21,Nagaland,NER,25.6669979,94.11657019,2.0,2019,11,3,325,0,0,13.8,76,2.1,2.2,2.2,2.0714285714285716,0.09511897312113293,2.1533333333333333,0.43388373911755823,-0.900968867902419,-0.5000000000000004,0.8660254037844384,-0.6354323008901775,0.7721565844991641,2.2,2.1
2019-11-22,Nagaland,NER,25.6669979,94.11657019,2.2,2019,11,4,326,0,0,13.6,71,2.0,2.1,2.3,2.085714285714286,0.1069044967649687,2.15,-0.433883739117558,-0.9009688679024191,-0.5000000000000004,0.8660254037844384,-0.622046748440868,0.7829801036770624,2.0,2.0
2019-11-23,Nagaland,NER,25.6669979,94.11657019,2.0,2019,11,5,327,1,0,13.2,72,2.2,2.2,2.3,2.0571428571428574,0.09759000729485205,2.14,-0.9749279121818236,-0.2225209339563146,-0.5000000000000004,0.8660254037844384,-0.6084768701151264,0.7935716089521472,2.1,2.3
2019-11-24,Nagaland,NER,25.6669979,94.11657019,2.1,2019,11,6,328,1,0,12.9,86,2.0,1.9,2.2,2.085714285714286,0.06900655593423372,2.1366666666666663,-0.7818314824680299,0.6234898018587334,-0.5000000000000004,0.8660254037844384,-0.594726686960764,0.8039279618328208,2.1,2.2
2019-11-25,Nagaland,NER,25.6669979,94.11657019,2.1,2019,11,0,329,0,0,13.9,86,2.1,2.1,2.4,2.085714285714286,0.06900655593423372,2.126666666666667,0.0,1.0,-0.5000000000000004,0.8660254037844384,-0.5808002734538013,0.8140460935082175,2.2,2.2
2019-11-26,Nagaland,NER,25.6669979,94.11657019,2.2,2019,11,1,330,0,0,14.3,84,2.1,2.1,2.4,2.1,0.08164965809277126,2.12,0.7818314824680298,0.6234898018587336,-0.5000000000000004,0.8660254037844384,-0.5667017562911184,0.8239230057575536,2.1,2.1
2019-11-27,Nagaland,NER,25.6669979,94.11657019,2.1,2019,11,2,331,0,0,14.6,84,2.2,2.1,2.2,2.1,0.08164965809277126,2.1166666666666667,0.9749279121818236,-0.22252093395631434,-0.5000000000000004,0.8660254037844384,-0.5524353131676203,0.8335557718385695,2.1,2.2
2019-11-28,Nagaland,NER,25.6669979,94.11657019,2.1,2019,11,3,332,0,0,14.5,78,2.1,2.0,2.3,2.1142857142857143,0.06900655593423391,2.1100000000000003,0.43388373911755823,-0.900968867902419,-0.5000000000000004,0.8660254037844384,-0.5380051715382992,0.8429415373547832,2.0,2.1
2019-11-29,Nagaland,NER,25.6669979,94.11657019,2.0,2019,11,4,333,0,0,14.0,67,2.1,2.2,2.2,2.085714285714286,0.06900655593423372,2.1033333333333335,-0.433883739117558,-0.9009688679024191,-0.5000000000000004,0.8660254037844384,-0.5234156073655503,0.8520775211013093,2.3,2.3
2019-11-30,Nagaland,NER,25.6669979,94.11657019,2.3,2019,11,5,334,1,0,12.4,72,2.0,2.0,2.2,2.128571428571429,0.09511897312113307,2.106666666666667,-0.9749279121818236,-0.2225209339563146,-0.5000000000000004,0.8660254037844384,-0.5086709438521042,0.8609610158889945,2.2,2.2
2019-12-01,Nagaland,NER,25.6669979,94.11657019,2.2,2019,12,6,335,1,0,11.4,78,2.3,2.1,2.2,2.142857142857143,0.09759000729485233,2.106666666666667,-0.7818314824680299,0.6234898018587334,-2.4492935982947064e-16,1.0,-0.49377555015997737,0.8695893893466109,2.2,2.3
2019-12-02,Nagaland,NER,25.6669979,94.11657019,2.2,2019,12,0,336,0,0,11.1,74,2.2,2.1,2.3,2.1571428571428575,0.09759000729485244,2.1033333333333335,0.0,1.0,-2.4492935982947064e-16,1.0,-0.4787338401157883,0.8779600847008883,2.1,2.1
2019-12-03,Nagaland,NER,25.6669979,94.11657019,2.1,2019,12,1,337,0,0,11.5,80,2.2,2.2,2.3,2.1428571428571432,0.09759000729485233,2.0966666666666667,0.7818314824680298,0.6234898018587336,-2.4492935982947064e-16,1.0,-0.4635502709028512,0.8860706215341378,2.2,2.1
2019-12-04,Nagaland,NER,25.6669979,94.11657019,2.2,2019,12,2,338,0,0,12.0,65,2.1,2.1,2.2,2.157142857142857,0.09759000729485244,2.0966666666666667,0.9749279121818236,-0.22252093395631434,-2.4492935982947064e-16,1.0,-0.4482293417404106,0.893918596519257,2.1,2.2
2019-12-05,Nagaland,NER,25.6669979,94.11657019,2.1,2019,12,3,339,0,0,12.7,55,2.2,2.1,1.8,2.1571428571428575,0.09759000729485244,2.106666666666667,0.43388373911755823,-0.900968867902419,-2.4492935982947064e-16,1.0,-0.4327755925504317,0.9015016841318838,2.3,2.1
2019-12-06,Nagaland,NER,25.6669979,94.11657019,2.3,2019,12,4,340,0,0,12.1,63,2.1,2.0,1.9,2.2,0.08164965809277187,2.12,-0.433883739117558,-0.9009688679024191,-2.4492935982947064e-16,1.0,-0.41719360261231697,0.9088176373395028,2.2,2.4
2019-12-08,Nagaland,NER,25.6669979,94.11657019,2.2,2019,12,6,342,1,0,11.3,76,2.3,2.3,2.0,2.185714285714286,0.06900655593423445,2.126666666666667,-0.7818314824680299,0.6234898018587334,-2.4492935982947064e-16,1.0,-0.38566340624360745,0.9226395488404875,2.3,2.3
2019-12-09,Nagaland,NER,25.6669979,94.11657019,2.3,2019,12,0,343,0,0,11.6,79,2.2,2.2,2.0,2.2,0.08164965809277187,2.136666666666667,0.0,1.0,-2.4492935982947064e-16,1.0,-0.3697245428906732,0.9291414114031743,2.1,2.3
2019-12-10,Nagaland,NER,25.6669979,94.11657019,2.1,2019,12,1,344,0,0,11.2,83,2.3,2.2,2.2,2.1857142857142855,0.08997354108424294,2.1333333333333333,0.7818314824680298,0.6234898018587336,-2.4492935982947064e-16,1.0,-0.3536761221763721,0.935367949313148,2.1,2.2
2019-12-11,Nagaland,NER,25.6669979,94.11657019,2.1,2019,12,2,345,0,0,10.6,86,2.1,2.1,2.1,2.185714285714286,0.08997354108424294,2.1333333333333333,0.9749279121818236,-0.22252093395631434,-2.4492935982947064e-16,1.0,-0.33752289959411347,0.941317317512847,2.2,2.3
2019-12-12,Nagaland,NER,25.6669979,94.11657019,2.2,2019,12,3,346,0,0,10.5,89,2.1,2.2,2.1,2.185714285714286,0.08997354108424294,2.136666666666667,0.43388373911755823,-0.900968867902419,-2.4492935982947064e-16,1.0,-0.32126966169236515,0.9469877530760751,2.1,2.2
2019-12-13,Nagaland,NER,25.6669979,94.11657019,2.1,2019,12,4,347,0,0,11.4,82,2.2,2.1,2.2,2.1857142857142855,0.08997354108424294,2.1333333333333333,-0.433883739117558,-0.9009688679024191,-2.4492935982947064e-16,1.0,-0.3049212246562894,0.9523775757303973,2.4,2.3
2019-12-14,Nagaland,NER,25.6669979,94.11657019,2.4,2019,12,5,348,1,0,11.0,86,2.1,2.3,2.1,2.2,0.11547005383792462,2.143333333333333,-0.9749279121818236,-0.2225209339563146,-2.4492935982947064e-16,1.0,-0.2884824328806098,0.9574851883550389,2.3,2.3
2019-12-15,Nagaland,NER,25.6669979,94.11657019,2.3,2019,12,6,349,1,0,10.9,82,2.4,2.2,2.2,2.2142857142857144,0.12149857925879075,2.146666666666667,-0.7818314824680299,0.6234898018587334,-2.4492935982947064e-16,1.0,-0.27195815753410524,0.9623090774541487,2.3,2.1
2019-12-16,Nagaland,NER,25.6669979,94.11657019,2.3,2019,12,0,350,0,0,11.0,81,2.3,2.3,2.1,2.2142857142857144,0.12149857925879075,2.1533333333333338,0.0,1.0,-2.4492935982947064e-16,1.0,-0.2553532951161881,0.9668478136052773,2.2,2.1
2019-12-17,Nagaland,NER,25.6669979,94.11657019,2.2,2019,12,1,351,0,0,10.0,80,2.3,2.1,2.2,2.2285714285714286,0.111269728052837,2.1533333333333333,0.7818314824680298,0.6234898018587336,-2.4492935982947064e-16,1.0,-0.23867276600594997,0.9711000518829505,2.3,2.2
2019-12-18,Nagaland,NER,25.6669979,94.11657019,2.3,2019,12,2,352,0,0,9.5,79,2.2,2.1,1.9,2.257142857142857,0.09759000729485319,2.1666666666666665,0.9749279121818236,-0.22252093395631434,-2.4492935982947064e-16,1.0,-0.22192151300416674,0.9750645322571945,2.2,2.2
2019-12-19,Nagaland,NER,25.6669979,94.11657019,2.2,2019,12,3,353,0,0,9.9,80,2.3,2.2,2.1,2.257142857142857,0.09759000729485319,2.17,0.43388373911755823,-0.900968867902419,-2.4492935982947064e-16,1.0,-0.20510449986861926,0.9787400799669153,2.3,2.1
2019-12-20,Nagaland,NER,25.6669979,94.11657019,2.3,2019,12,4,354,0,0,9.7,79,2.2,2.1,2.1,2.2857142857142856,0.0690065559342357,2.1766666666666667,-0.433883739117558,-0.9009688679024191,-2.4492935982947064e-16,1.0,-0.1882267098432439,0.9821256058680006,2.3,2.1
2019-12-21,Nagaland,NER,25.6669979,94.11657019,2.3,2019,12,5,355,1,0,9.7,71,2.3,2.4,2.1,2.2714285714285714,0.04879500364742675,2.183333333333333,-0.9749279121818236,-0.2225209339563146,-2.4492935982947064e-16,1.0,-0.1712931441814778,0.9852201067560606,2.1,2.1
2019-12-22,Nagaland,NER,25.6669979,94.11657019,2.1,2019,12,6,356,1,0,9.6,76,2.3,2.3,2.0,2.242857142857143,0.07867957924694399,2.186666666666667,-0.7818314824680299,0.6234898018587334,-2.4492935982947064e-16,1.0,-0.154308820664281,0.9880226656636976,2.1,2.1
2019-12-23,Nagaland,NER,25.6669979,94.11657019,2.1,2019,12,0,357,0,0,9.4,76,2.1,2.3,2.2,2.2142857142857144,0.08997354108424317,2.183333333333333,0.0,1.0,-2.4492935982947064e-16,1.0,-0.13727877211326517,0.9905324521322227,2.2,2.1
2019-12-24,Nagaland,NER,25.6669979,94.11657019,2.2,2019,12,1,358,0,0,8.7,66,2.1,2.2,2.0,2.2142857142857144,0.08997354108424317,2.19,0.7818314824680298,0.6234898018587336,-2.4492935982947064e-16,1.0,-0.12020804489935275,0.9927487224577402,2.2,2.2
2019-12-25,Nagaland,NER,25.6669979,94.11657019,2.2,2019,12,2,359,0,1,7.8,72,2.2,2.3,2.1,2.2,0.08164965809277187,2.1933333333333334,0.9749279121818236,-0.22252093395631434,-2.4492935982947064e-16,1.0,-0.10310169744743544,0.9946708199115211,2.1,2.2
2019-12-26,Nagaland,NER,25.6669979,94.11657019,2.1,2019,12,3,360,0,0,8.1,76,2.2,2.2,2.1,2.1857142857142855,0.08997354108424294,2.1933333333333334,0.43388373911755823,-0.900968867902419,-2.4492935982947064e-16,1.0,-0.0859647987374467,0.9962981749346077,2.1,2.3
2019-12-27,Nagaland,NER,25.6669979,94.11657019,2.1,2019,12,4,361,0,0,8.5,85,2.1,2.3,2.2,2.1571428571428575,0.0786795792469432,2.19,-0.433883739117558,-0.9009688679024191,-2.4492935982947064e-16,1.0,-0.06880242680232064,0.9976303053065857,2.1,2.5
2019-12-28,Nagaland,NER,25.6669979,94.11657019,2.1,2019,12,5,362,1,0,8.3,77,2.1,2.3,2.1,2.1285714285714286,0.048795003647424624,2.19,-0.9749279121818236,-0.2225209339563146,-2.4492935982947064e-16,1.0,-0.05161966722325418,0.9986668162884759,2.1,2.2
2019-12-29,Nagaland,NER,25.6669979,94.11657019,2.1,2019,12,6,363,1,0,9.3,70,2.1,2.1,2.1,2.1285714285714286,0.048795003647424624,2.19,-0.7818314824680299,0.6234898018587334,-2.4492935982947064e-16,1.0,-0.034421611622745804,0.9994074007397048,2.1,2.1
2019-12-30,Nagaland,NER,25.6669979,94.11657019,2.1,2019,12,0,364,0,0,10.0,69,2.1,2.1,2.0,2.1285714285714286,0.048795003647424624,2.1933333333333334,0.0,1.0,-2.4492935982947064e-16,1.0,-0.01721335615583528,0.9998518392091162,2.2,2.0
2019-12-31,Nagaland,NER,25.6669979,94.11657019,2.2,2019,12,1,365,0,0,10.6,64,2.1,2.2,2.3,2.1285714285714286,0.048795003647424624,2.19,0.7818314824680298,0.6234898018587336,-2.4492935982947064e-16,1.0,6.432490598706546e-16,1.0,2.2,2.4
2020-01-01,Nagaland,NER,25.6669979,94.11657019,2.2,2020,1,2,1,0,0,11.3,83,2.2,2.2,2.2,2.1285714285714286,0.048795003647424624,2.19,0.9749279121818236,-0.22252093395631434,0.49999999999999994,0.8660254037844387,0.017213356155834685,0.9998518392091162,2.3,2.1
2020-01-02,Nagaland,NER,25.6669979,94.11657019,2.3,2020,1,3,2,0,0,11.4,90,2.2,2.1,2.2,2.1571428571428575,0.0786795792469432,2.1933333333333334,0.43388373911755823,-0.900968867902419,0.49999999999999994,0.8660254037844387,0.03442161162274574,0.9994074007397048,2.5,2.2
2020-01-03,Nagaland,NER,25.6669979,94.11657019,2.5,2020,1,4,3,0,0,10.6,91,2.3,2.1,2.1,2.2142857142857144,0.14638501094227957,2.2066666666666666,-0.433883739117558,-0.9009688679024191,0.49999999999999994,0.8660254037844387,0.051619667223253764,0.998666816288476,2.2,2.2
2020-01-04,Nagaland,NER,25.6669979,94.11657019,2.2,2020,1,5,4,1,0,10.5,90,2.5,2.1,2.2,2.2285714285714286,0.13801311186847046,2.2066666666666666,-0.9749279121818236,-0.2225209339563146,0.49999999999999994,0.8660254037844387,0.06880242680231986,0.9976303053065857,2.1,2.1
2020-01-05,Nagaland,NER,25.6669979,94.11657019,2.1,2020,1,6,5,1,0,8.6,93,2.2,2.1,2.1,2.2285714285714286,0.13801311186847046,2.2066666666666666,-0.7818314824680299,0.6234898018587334,0.49999999999999994,0.8660254037844387,0.08596479873744647,0.9962981749346078,2.0,2.3
2020-01-13,Nagaland,NER,25.6669979,94.11657019,2.0,2020,1,0,13,0,0,11.4,82,2.1,2.1,2.3,2.2142857142857144,0.1573591584938883,2.1966666666666668,0.0,1.0,0.49999999999999994,0.8660254037844387,0.2219215130041655,0.9750645322571948,2.4,2.3
2020-01-14,Nagaland,NER,25.6669979,94.11657019,2.4,2020,1,1,14,0,0,10.2,75,2.0,2.2,2.2,2.242857142857143,0.17182493859684464,2.203333333333333,0.7818314824680298,0.6234898018587336,0.49999999999999994,0.8660254037844387,0.2386727660059501,0.9711000518829505,2.1,2.2
2020-01-15,Nagaland,NER,25.6669979,94.11657019,2.1,2020,1,2,15,0,0,10.0,78,2.4,2.2,2.3,2.2285714285714286,0.17994708216848718,2.1966666666666668,0.9749279121818236,-0.22252093395631434,0.49999999999999994,0.8660254037844387,0.255353295116187,0.9668478136052775,2.2,2.2
2020-01-16,Nagaland,NER,25.6669979,94.11657019,2.2,2020,1,3,16,0,0,10.2,76,2.1,2.3,2.1,2.2142857142857144,0.17728105208558334,2.2,0.43388373911755823,-0.900968867902419,0.49999999999999994,0.8660254037844387,0.2719581575341055,0.9623090774541486,2.2,2.3
2020-01-17,Nagaland,NER,25.6669979,94.11657019,2.2,2020,1,4,17,0,0,11.0,81,2.2,2.5,2.1,2.1714285714285713,0.12535663410560113,2.203333333333333,-0.433883739117558,-0.9009688679024191,0.49999999999999994,0.8660254037844387,0.288482432880609,0.9574851883550393,2.1,2.2
2020-01-18,Nagaland,NER,25.6669979,94.11657019,2.1,2020,1,5,18,1,0,10.5,80,2.2,2.2,2.2,2.1571428571428575,0.12724180205606966,2.2,-0.9749279121818236,-0.2225209339563146,0.49999999999999994,0.8660254037844387,0.30492122465628907,0.9523775757303974,2.3,2.1
2020-01-19,Nagaland,NER,25.6669979,94.11657019,2.3,2020,1,6,19,1,0,10.8,82,2.1,2.1,2.1,2.1857142857142855,0.13451854182690934,2.2066666666666666,-0.7818314824680299,0.6234898018587334,0.49999999999999994,0.8660254037844387,0.3212696616923644,0.9469877530760753,2.3,2.0
2020-01-20,Nagaland,NER,25.6669979,94.11657019,2.3,2020,1,0,20,0,0,10.3,90,2.3,2.0,2.4,2.2285714285714286,0.11126972805283701,2.203333333333333,0.0,1.0,0.49999999999999994,0.8660254037844387,0.3375228995941133,0.9413173175128471,2.2,2.0
2020-01-21,Nagaland,NER,25.6669979,94.11657019,2.2,2020,1,1,21,0,0,9.5,85,2.3,2.4,2.3,2.2,0.08164965809277187,2.2,0.7818314824680298,0.6234898018587336,0.49999999999999994,0.8660254037844387,0.3536761221763716,0.9353679493131483,2.2,2.0
2020-01-22,Nagaland,NER,25.6669979,94.11657019,2.2,2020,1,2,22,0,0,8.5,70,2.2,2.1,2.3,2.2142857142857144,0.06900655593423473,2.1966666666666668,0.9749279121818236,-0.22252093395631434,0.49999999999999994,0.8660254037844387,0.3697245428906731,0.9291414114031743,2.3,2.2
2020-01-23,Nagaland,NER,25.6669979,94.11657019,2.3,2020,1,3,23,0,0,7.3,68,2.2,2.2,2.2,2.2285714285714286,0.07559289460184496,2.2,0.43388373911755823,-0.900968867902419,0.49999999999999994,0.8660254037844387,0.38566340624360707,0.9226395488404876,2.2,2.3
2020-01-24,Nagaland,NER,25.6669979,94.11657019,2.2,2020,1,4,24,0,0,5.6,88,2.3,2.2,2.3,2.2285714285714286,0.07559289460184496,2.1966666666666668,-0.433883739117558,-0.9009688679024191,0.49999999999999994,0.8660254037844387,0.401487989205973,0.9158642882672872,2.1,2.2
2020-01-25,Nagaland,NER,25.6669979,94.11657019,2.1,2020,1,5,25,1,0,7.5,74,2.2,2.1,2.2,2.2285714285714286,0.07559289460184496,2.1933333333333334,-0.9749279121818236,-0.2225209339563146,0.49999999999999994,0.8660254037844387,0.4171936026123168,0.9088176373395029,2.0,2.1
2020-01-26,Nagaland,NER,25.6669979,94.11657019,2.0,2020,1,6,26,1,1,7.9,76,2.1,2.3,2.3,2.185714285714286,0.10690449676496912,2.183333333333333,-0.7818314824680299,0.6234898018587334,0.49999999999999994,0.8660254037844387,0.4327755925504312,0.901501684131884,2.0,2.3
2020-01-27,Nagaland,NER,25.6669979,94.11657019,2.0,2020,1,0,27,0,0,7.5,86,2.0,2.3,2.3,2.142857142857143,0.11338934190276735,2.1733333333333333,0.0,1.0,0.49999999999999994,0.8660254037844387,0.4482293417404106,0.893918596519257,2.0,2.1
2020-01-28,Nagaland,NER,25.6669979,94.11657019,2.0,2020,1,1,28,0,0,7.4,85,2.0,2.2,2.1,2.1142857142857143,0.12149857925879029,2.1700000000000004,0.7818314824680298,0.6234898018587336,0.49999999999999994,0.8660254037844387,0.4635502709028509,0.886070621534138,2.2,2.1
2020-01-29,Nagaland,NER,25.6669979,94.11657019,2.2,2020,1,2,29,0,0,9.3,80,2.0,2.2,2.1,2.1142857142857143,0.12149857925879029,2.1733333333333333,0.9749279121818236,-0.22252093395631434,0.49999999999999994,0.8660254037844387,0.47873384011578846,0.8779600847008882,2.3,2.2
2020-01-30,Nagaland,NER,25.6669979,94.11657019,2.3,2020,1,3,30,0,0,9.4,89,2.2,2.3,2.2,2.1142857142857143,0.12149857925879029,2.1766666666666667,0.43388373911755823,-0.900968867902419,0.49999999999999994,0.8660254037844387,0.49377555015997715,0.869589389346611,2.2,2.2
2020-01-31,Nagaland,NER,25.6669979,94.11657019,2.2,2020,1,4,31,0,0,9.2,90,2.3,2.2,2.2,2.1142857142857143,0.12149857925879029,2.1766666666666667,-0.433883739117558,-0.9009688679024191,0.49999999999999994,0.8660254037844387,0.5086709438521044,0.8609610158889943,2.1,1.9
2020-02-01,Nagaland,NER,25.6669979,94.11657019,2.1,2020,2,5,32,1,0,8.8,90,2.2,2.1,2.1,2.1142857142857143,0.12149857925879029,2.1766666666666667,-0.9749279121818236,-0.2225209339563146,0.8660254037844386,0.5000000000000001,0.5234156073655503,0.8520775211013093,2.3,2.1
2020-02-02,Nagaland,NER,25.6669979,94.11657019,2.3,2020,2,6,33,1,0,8.6,85,2.1,2.0,2.1,2.157142857142857,0.12724180205606966,2.183333333333333,-0.7818314824680299,0.6234898018587334,0.8660254037844386,0.5000000000000001,0.5380051715382996,0.8429415373547828,2.1,2.0
2020-02-03,Nagaland,NER,25.6669979,94.11657019,2.1,2020,2,0,34,0,0,7.6,83,2.3,2.0,2.1,2.1714285714285713,0.11126972805283664,2.183333333333333,0.0,1.0,0.8660254037844386,0.5000000000000001,0.5524353131676196,0.8335557718385699,2.1,2.1
2020-02-04,Nagaland,NER,25.6669979,94.11657019,2.1,2020,2,1,35,0,0,7.8,88,2.1,2.0,2.1,2.185714285714286,0.08997354108424292,2.183333333333333,0.7818314824680298,0.6234898018587336,0.8660254037844386,0.5000000000000001,0.5667017562911176,0.8239230057575542,2.2,2.0
2020-02-05,Nagaland,NER,25.6669979,94.11657019,2.2,2020,2,2,36,0,0,8.3,81,2.1,2.2,2.1,2.185714285714286,0.08997354108424292,2.1866666666666665,0.9749279121818236,-0.22252093395631434,0.8660254037844386,0.5000000000000001,0.5808002734538009,0.8140460935082178,2.2,2.1
2020-02-13,Nagaland,NER,25.6669979,94.11657019,2.2,2020,2,3,44,0,0,11.9,85,2.2,2.3,2.2,2.1714285714285717,0.07559289460184442,2.186666666666667,0.43388373911755823,-0.900968867902419,0.8660254037844386,0.5000000000000001,0.6870527672236669,0.7266075247685656,1.9,2.2
2020-02-14,Nagaland,NER,25.6669979,94.11657019,1.9,2020,2,4,45,0,0,10.7,93,2.2,2.2,2.2,2.1285714285714286,0.12535663410560094,2.1766666666666667,-0.433883739117558,-0.9009688679024191,0.8660254037844386,0.5000000000000001,0.699458327051647,0.7146733860429609,2.1,2.3
2020-02-15,Nagaland,NER,25.6669979,94.11657019,2.1,2020,2,5,46,1,0,10.9,87,1.9,2.1,2.3,2.1285714285714286,0.12535663410560094,2.1700000000000004,-0.9749279121818236,-0.2225209339563146,0.8660254037844386,0.5000000000000001,0.7116566222817746,0.7025274741691571,2.0,2.1
2020-02-16,Nagaland,NER,25.6669979,94.11657019,2.0,2020,2,6,47,1,0,11.7,87,2.1,2.3,2.5,2.085714285714286,0.1069044967649687,2.1533333333333338,-0.7818314824680299,0.6234898018587334,0.8660254037844386,0.5000000000000001,0.7236440382959124,0.6901733882429719,2.1,2.0
2020-02-17,Nagaland,NER,25.6669979,94.11657019,2.1,2020,2,0,48,0,0,11.5,88,2.0,2.1,2.2,2.085714285714286,0.1069044967649687,2.15,0.0,1.0,0.8660254037844386,0.5000000000000001,0.7354170229639855,0.6776147890466889,2.0,2.0
2020-02-18,Nagaland,NER,25.6669979,94.11657019,2.0,2020,2,1,49,0,0,11.7,79,2.1,2.1,2.1,2.0714285714285716,0.11126972805283632,2.146666666666667,0.7818314824680298,0.6234898018587336,0.8660254037844386,0.5000000000000001,0.7469720876965552,0.6648553979642865,2.1,2.3
2020-02-19,Nagaland,NER,25.6669979,94.11657019,2.1,2020,2,2,50,0,0,11.6,87,2.0,2.2,2.0,2.0571428571428574,0.09759000729485207,2.15,0.9749279121818236,-0.22252093395631434,0.8660254037844386,0.5000000000000001,0.7583058084785624,0.6518989958787126,2.2,2.3
2020-02-20,Nagaland,NER,25.6669979,94.11657019,2.2,2020,2,3,51,0,0,10.9,84,2.1,2.2,2.4,2.0571428571428574,0.09759000729485207,2.143333333333333,0.43388373911755823,-0.900968867902419,0.8660254037844386,0.5000000000000001,0.7694148268839378,0.6387494220515272,2.3,2.1
2020-02-21,Nagaland,NER,25.6669979,94.11657019,2.3,2020,2,4,52,0,0,13.1,78,2.2,1.9,2.1,2.1142857142857143,0.1069044967649687,2.15,-0.433883739117558,-0.9009688679024191,0.8660254037844386,0.5000000000000001,0.7802958510707755,0.6254105729852463,2.1,2.3
2020-02-22,Nagaland,NER,25.6669979,94.11657019,2.1,2020,2,5,53,1,0,14.1,76,2.3,2.1,2.2,2.1142857142857143,0.1069044967649687,2.146666666666667,-0.9749279121818236,-0.2225209339563146,0.8660254037844386,0.5000000000000001,0.7909456567567772,0.6118864012687243,2.0,2.0
2020-02-23,Nagaland,NER,25.6669979,94.11657019,2.0,2020,2,6,54,1,0,12.8,83,2.1,2.0,2.2,2.1142857142857143,0.1069044967649687,2.14,-0.7818314824680299,0.6234898018587334,0.8660254037844386,0.5000000000000001,0.8013610881746766,0.5981809144059165,2.0,2.2
2020-02-24,Nagaland,NER,25.6669979,94.11657019,2.0,2020,2,0,55,0,0,12.3,82,2.0,2.1,2.1,2.1,0.11547005383792414,2.1366666666666663,0.0,1.0,0.8660254037844386,0.5000000000000001,0.8115390590073611,0.5842981736283684,2.3,2.2
2020-02-25,Nagaland,NER,25.6669979,94.11657019,2.3,2020,2,1,56,0,0,12.6,85,2.0,2.0,2.3,2.142857142857143,0.12724180205606955,2.1366666666666663,0.7818314824680298,0.6234898018587336,0.8660254037844386,0.5000000000000001,0.8214765533024142,0.5702422926917871,2.3,2.2
2020-02-26,Nagaland,NER,25.6669979,94.11657019,2.3,2020,2,2,57,0,0,11.8,88,2.3,2.1,2.3,2.1714285714285713,0.1380131118684702,2.136666666666667,0.9749279121818236,-0.22252093395631434,0.8660254037844386,0.5000000000000001,0.8311706263658079,0.5560174366570446,2.1,2.3
2020-02-27,Nagaland,NER,25.6669979,94.11657019,2.1,2020,2,3,58,0,0,9.8,90,2.3,2.2,2.2,2.157142857142857,0.13972762620115367,2.1333333333333333,0.43388373911755823,-0.900968867902419,0.8660254037844386,0.5000000000000001,0.8406184056344782,0.5416278206559814,2.3,2.2
2020-02-28,Nagaland,NER,25.6669979,94.11657019,2.3,2020,2,4,59,0,0,11.3,78,2.1,2.3,2.2,2.157142857142857,0.13972762620115367,2.1366666666666663,-0.433883739117558,-0.9009688679024191,0.8660254037844386,0.5000000000000001,0.8498170915275278,0.5270777086423722,2.0,2.4
2020-02-29,Nagaland,NER,25.6669979,94.11657019,2.0,2020,2,5,60,1,0,13.2,78,2.3,2.1,2.3,2.142857142857143,0.1511857892036902,2.126666666666667,-0.9749279121818236,-0.2225209339563146,0.8660254037844386,0.5000000000000001,0.8587639582758029,0.5123714121284237,2.2,2.3
2020-03-01,Nagaland,NER,25.6669979,94.11657019,2.2,2020,3,6,61,1,0,13.3,79,2.0,2.0,2.2,2.1714285714285717,0.1380131118684702,2.1266666666666665,-0.7818314824680299,0.6234898018587334,1.0,6.123233995736766e-17,0.8674563547295969,0.49751328890718066,2.2,2.2
2020-03-02,Nagaland,NER,25.6669979,94.11657019,2.2,2020,3,0,62,0,0,12.6,84,2.2,2.0,2.1,2.1999999999999997,0.11547005383792457,2.1300000000000003,0.0,1.0,1.0,6.123233995736766e-17,0.8758917051442429,0.48250774176121847,2.2,2.0
2020-03-03,Nagaland,NER,25.6669979,94.11657019,2.2,2020,3,1,63,0,0,11.5,85,2.2,2.3,2.0,2.185714285714286,0.10690449676496906,2.136666666666667,0.7818314824680298,0.6234898018587336,1.0,6.123233995736766e-17,0.8840675099433636,0.4673592171580022,2.3,2.1
2020-03-04,Nagaland,NER,25.6669979,94.11657019,2.3,2020,3,2,64,0,0,11.5,86,2.2,2.3,2.0,2.1857142857142855,0.10690449676496906,2.146666666666667,0.9749279121818236,-0.22252093395631434,1.0,6.123233995736766e-17,0.8919813464595485,0.45207220393230435,2.2,2.3
2020-03-05,Nagaland,NER,25.6669979,94.11657019,2.2,2020,3,3,65,0,0,11.5,86,2.3,2.1,2.0,2.2,0.09999999999999938,2.1533333333333338,0.43388373911755823,-0.900968867902419,1.0,6.123233995736766e-17,0.8996308696522433,0.43665123195606403,2.4,2.3
2020-03-13,Nagaland,NER,25.6669979,94.11657019,2.4,2020,3,4,73,0,0,15.4,80,2.2,2.3,2.2,2.2142857142857144,0.12149857925879076,2.1599999999999997,-0.433883739117558,-0.9009688679024191,1.0,6.123233995736766e-17,0.9510565162951535,0.30901699437494745,2.3,2.2
2020-03-14,Nagaland,NER,25.6669979,94.11657019,2.3,2020,3,5,74,1,0,16.2,81,2.4,2.0,2.3,2.257142857142857,0.07867957924694415,2.1600000000000006,-0.9749279121818236,-0.2225209339563146,1.0,6.123233995736766e-17,0.9562348265919056,0.29260033563334836,2.2,2.2
2020-03-15,Nagaland,NER,25.6669979,94.11657019,2.2,2020,3,6,75,1,0,15.9,85,2.3,2.2,2.2,2.257142857142857,0.07867957924694415,2.1599999999999997,-0.7818314824680299,0.6234898018587334,1.0,6.123233995736766e-17,0.9611297838723007,0.27609697309746883,2.0,2.1
2020-03-16,Nagaland,NER,25.6669979,94.11657019,2.0,2020,3,0,76,0,0,14.8,87,2.2,2.2,2.1,2.2285714285714286,0.12535663410560144,2.1566666666666667,0.0,1.0,1.0,6.123233995736766e-17,0.9657399376548549,0.2595117970697999,2.1,2.1
2020-03-17,Nagaland,NER,25.6669979,94.11657019,2.1,2020,3,1,77,0,0,13.8,80,2.0,2.2,2.3,2.2142857142857144,0.13451854182690948,2.15,0.7818314824680298,0.6234898018587336,1.0,6.123233995736766e-17,0.9700639218515071,0.2428497220959356,2.3,2.0
2020-03-18,Nagaland,NER,25.6669979,94.11657019,2.3,2020,3,2,78,0,0,13.2,71,2.1,2.3,2.1,2.2142857142857144,0.13451854182690948,2.1566666666666667,0.9749279121818236,-0.22252093395631434,1.0,6.123233995736766e-17,0.9741004551724205,0.22611568550828828,2.3,2.1
2020-03-19,Nagaland,NER,25.6669979,94.11657019,2.3,2020,3,3,79,0,0,13.6,72,2.3,2.2,2.1,2.2285714285714286,0.13801311186847057,2.1633333333333336,0.43388373911755823,-0.900968867902419,1.0,6.123233995736766e-17,0.9778483415056568,0.20931464596304847,2.2,2.2
2020-03-20,Nagaland,NER,25.6669979,94.11657019,2.2,2020,3,4,80,0,0,13.8,70,2.3,2.4,2.2,2.1999999999999997,0.11547005383792462,2.163333333333333,-0.433883739117558,-0.9009688679024191,1.0,6.123233995736766e-17,0.9813064702716093,0.19245158197082998,2.2,2.1
2020-03-21,Nagaland,NER,25.6669979,94.11657019,2.2,2020,3,5,81,1,0,13.2,78,2.2,2.3,2.2,2.185714285714286,0.10690449676496912,2.1633333333333336,-0.9749279121818236,-0.2225209339563146,1.0,6.123233995736766e-17,0.9844738167520922,0.1755314904214282,2.1,2.1
2020-03-22,Nagaland,NER,25.6669979,94.11657019,2.1,2020,3,6,82,1,0,13.0,84,2.2,2.2,1.9,2.1714285714285717,0.11126972805283665,2.1700000000000004,-0.7818314824680299,0.6234898018587334,1.0,6.123233995736766e-17,0.9873494423939864,0.15855938510313475,2.1,2.3
2020-03-23,Nagaland,NER,25.6669979,94.11657019,2.1,2020,3,0,83,0,0,13.0,86,2.1,2.0,2.1,2.1857142857142855,0.08997354108424295,2.1700000000000004,0.0,1.0,1.0,6.123233995736766e-17,0.989932495087353,0.141540295217043,2.0,2.3
2020-03-24,Nagaland,NER,25.6669979,94.11657019,2.0,2020,3,1,84,0,0,13.1,85,2.1,2.1,2.0,2.1714285714285713,0.11126972805283665,2.1700000000000004,0.7818314824680298,0.6234898018587336,1.0,6.123233995736766e-17,0.9922222094179323,0.12447926388678915,2.1,2.1
2020-03-25,Nagaland,NER,25.6669979,94.11657019,2.1,2020,3,2,85,0,0,14.9,81,2.0,2.3,2.1,2.142857142857143,0.09759000729485237,2.17,0.9749279121818236,-0.22252093395631434,1.0,6.123233995736766e-17,0.994217906893952,0.10738134666416309,2.2,2.0
2020-03-26,Nagaland,NER,25.6669979,94.11657019,2.2,2020,3,3,86,0,0,14.9,81,2.1,2.3,2.0,2.1285714285714286,0.07559289460184422,2.1766666666666667,0.43388373911755823,-0.900968867902419,1.0,6.123233995736766e-17,0.995918996147179,0.09025161003104117,2.1,2.2
2020-03-27,Nagaland,NER,25.6669979,94.11657019,2.1,2020,3,4,87,0,0,16.4,84,2.2,2.2,2.1,2.1142857142857143,0.06900655593423395,2.1766666666666667,-0.433883739117558,-0.9009688679024191,1.0,6.123233995736766e-17,0.9973249731081555,0.07309512989807777,2.1,2.2
2020-03-28,Nagaland,NER,25.6669979,94.11657019,2.1,2020,3,5,88,1,0,17.4,79,2.1,2.2,2.2,2.1,0.05773502691896066,2.1733333333333333,-0.9749279121818236,-0.2225209339563146,1.0,6.123233995736766e-17,0.9984354211555643,0.055916990100603484,2.3,2.0
2020-03-29,Nagaland,NER,25.6669979,94.11657019,2.3,2020,3,6,89,1,0,17.3,67,2.1,2.1,2.3,2.1285714285714286,0.0951189731211331,2.1733333333333333,-0.7818314824680299,0.6234898018587334,1.0,6.123233995736766e-17,0.9992500112396835,0.03872228089217446,2.3,2.1
2020-03-30,Nagaland,NER,25.6669979,94.11657019,2.3,2020,3,0,90,0,0,16.2,57,2.3,2.1,2.1,2.1571428571428575,0.11338934190276735,2.1799999999999997,0.0,1.0,1.0,6.123233995736766e-17,0.9997685019798909,0.021516097436222254,2.1,2.2
2020-03-31,Nagaland,NER,25.6669979,94.11657019,2.1,2020,3,1,91,0,0,15.9,64,2.3,2.0,2.0,2.1714285714285717,0.0951189731211333,2.183333333333333,0.7818314824680298,0.6234898018587336,1.0,6.123233995736766e-17,0.9999907397361901,0.004303538296244289,2.0,2.0
2020-04-01,Nagaland,NER,25.6669979,94.11657019,2.0,2020,4,2,92,0,0,16.6,69,2.1,2.1,2.0,2.1571428571428575,0.11338934190276735,2.183333333333333,0.9749279121818236,-0.22252093395631434,0.8660254037844387,-0.4999999999999998,0.9999166586547379,-0.01291029607500882,2.2,1.9
2020-04-02,Nagaland,NER,25.6669979,94.11657019,2.2,2020,4,3,93,0,1,16.5,63,2.0,2.2,2.3,2.157142857142857,0.11338934190276735,2.18,0.43388373911755823,-0.900968867902419,0.8660254037844387,-0.4999999999999998,0.9995462806873573,-0.030120304846908114,2.2,1.9
2020-04-03,Nagaland,NER,25.6669979,94.11657019,2.2,2020,4,4,94,0,0,16.5,80,2.2,2.1,2.3,2.1714285714285717,0.11126972805283664,2.1766666666666667,-0.433883739117558,-0.9009688679024191,0.8660254037844387,-0.4999999999999998,0.9988797155850336,-0.04732138832243185,2.0,1.9
2020-04-04,Nagaland,NER,25.6669979,94.11657019,2.0,2020,4,5,95,1,0,16.1,72,2.2,2.1,2.1,2.1571428571428575,0.12724180205606966,2.1733333333333333,-0.9749279121818236,-0.2225209339563146,0.8660254037844387,-0.4999999999999998,0.9979171608653922,-0.06450844944931623,2.1,1.8
2020-04-05,Nagaland,NER,25.6669979,94.11657019,2.1,2020,4,6,96,1,0,15.5,70,2.0,2.3,2.3,2.1285714285714286,0.11126972805283644,2.1666666666666665,-0.7818314824680299,0.6234898018587334,0.8660254037844387,-0.4999999999999998,0.9966589017541702,-0.08167639533042241,2.2,2.1
2020-04-13,Nagaland,NER,25.6669979,94.11657019,2.2,2020,4,0,104,0,0,17.2,72,2.1,2.3,2.0,2.1142857142857143,0.08997354108424262,2.1733333333333333,0.0,1.0,0.8660254037844387,-0.4999999999999998,0.9760105506323683,-0.21772323039653177,2.0,2.2
2020-04-14,Nagaland,NER,25.6669979,94.11657019,2.0,2020,4,1,105,0,1,18.5,71,2.2,2.1,2.2,2.1,0.09999999999999894,2.1666666666666665,0.7818314824680298,0.6234898018587336,0.8660254037844387,-0.4999999999999998,0.9721181966290613,-0.23449138957040985,1.9,2.2
2020-04-15,Nagaland,NER,25.6669979,94.11657019,1.9,2020,4,2,106,0,0,18.1,79,2.0,2.0,2.2,2.085714285714286,0.12149857925879029,2.1566666666666667,0.9749279121818236,-0.22252093395631434,0.8660254037844387,-0.4999999999999998,0.9679377830240642,-0.25119006388481935,1.9,2.1
2020-04-16,Nagaland,NER,25.6669979,94.11657019,1.9,2020,4,3,107,0,0,16.6,81,1.9,2.2,2.2,2.042857142857143,0.12724180205606941,2.146666666666667,0.43388373911755823,-0.900968867902419,0.8660254037844387,-0.4999999999999998,0.9634705485641488,-0.2678143051621742,1.9,2.2
2020-04-17,Nagaland,NER,25.6669979,94.11657019,1.9,2020,4,4,108,0,0,15.5,88,1.9,2.2,2.3,2.0,0.11547005383792404,2.1333333333333333,-0.433883739117558,-0.9009688679024191,0.8660254037844387,-0.4999999999999998,0.9587178169872964,-0.2843591872810034,1.8,2.1
2020-04-18,Nagaland,NER,25.6669979,94.11657019,1.8,2020,4,5,109,1,0,16.7,89,1.9,2.0,2.2,1.9714285714285713,0.1380131118684699,2.12,-0.9749279121818236,-0.2225209339563146,0.8660254037844387,-0.4999999999999998,0.9536809966304457,-0.30081980763566735,2.1,2.1
2020-04-19,Nagaland,NER,25.6669979,94.11657019,2.1,2020,4,6,110,1,0,17.6,79,1.8,2.1,2.4,1.9714285714285715,0.1380131118684699,2.11,-0.7818314824680299,0.6234898018587334,0.8660254037844387,-0.4999999999999998,0.9483615800121715,-0.3171912885891061,2.2,2.1
2020-04-20,Nagaland,NER,25.6669979,94.11657019,2.2,2020,4,0,111,0,0,17.6,83,2.1,2.2,2.3,1.9714285714285715,0.1380131118684699,2.106666666666667,0.0,1.0,0.8660254037844387,-0.4999999999999998,0.9427611433904207,-0.3334687789181868,2.2,2.1
2020-04-21,Nagaland,NER,25.6669979,94.11657019,2.2,2020,4,1,112,0,0,17.5,87,2.2,2.0,2.2,2.0,0.16329931618554447,2.1066666666666665,0.7818314824680298,0.6234898018587336,0.8660254037844387,-0.4999999999999998,0.9368813462954315,-0.3496474552512284,2.1,2.1
2020-04-22,Nagaland,NER,25.6669979,94.11657019,2.1,2020,4,2,113,0,0,15.5,87,2.2,1.9,2.0,2.028571428571429,0.16035674514745388,2.11,0.9749279121818236,-0.22252093395631434,0.8660254037844387,-0.4999999999999998,0.9307239310379795,-0.36572252349726897,2.2,2.2
2020-04-23,Nagaland,NER,25.6669979,94.11657019,2.2,2020,4,3,114,0,0,15.2,89,2.1,1.9,2.1,2.0714285714285716,0.16035674514745396,2.1133333333333337,0.43388373911755823,-0.900968867902419,0.8660254037844387,-0.4999999999999998,0.9242907221930933,-0.3816892202666588,2.1,2.1
2020-04-24,Nagaland,NER,25.6669979,94.11657019,2.1,2020,4,4,115,0,0,14.0,89,2.2,1.9,2.3,2.1,0.14142135623730878,2.106666666666667,-0.433883739117558,-0.9009688679024191,0.8660254037844387,-0.4999999999999998,0.9175836260593937,-0.39754281428255595,2.1,2.1
2020-04-25,Nagaland,NER,25.6669979,94.11657019,2.1,2020,4,5,116,1,0,14.6,90,2.1,1.8,2.3,2.1428571428571432,0.05345224838248336,2.1,-0.9749279121818236,-0.2225209339563146,0.8660254037844387,-0.4999999999999998,0.9106046300942162,-0.4132786077829042,2.1,2.3
2020-04-26,Nagaland,NER,25.6669979,94.11657019,2.1,2020,4,6,117,1,0,15.3,90,2.1,2.1,2.2,2.1428571428571432,0.05345224838248336,2.0966666666666667,-0.7818314824680299,0.6234898018587334,0.8660254037844387,-0.4999999999999998,0.9033558023246845,-0.4288919379124835,2.1,2.1
2020-04-27,Nagaland,NER,25.6669979,94.11657019,2.1,2020,4,0,118,0,0,16.7,84,2.1,2.2,2.2,2.1285714285714286,0.0487950036474248,2.0933333333333333,0.0,1.0,0.8660254037844387,-0.4999999999999998,0.895839290734909,-0.4443781781046132,2.1,2.1
2020-04-28,Nagaland,NER,25.6669979,94.11657019,2.1,2020,4,1,119,0,0,16.1,91,2.1,2.2,2.1,2.1142857142857143,0.03779644730092007,2.0933333333333333,0.7818314824680298,0.6234898018587336,0.8660254037844387,-0.4999999999999998,0.8880573226294932,-0.45973273945210397,2.2,2.0
2020-04-29,Nagaland,NER,25.6669979,94.11657019,2.2,2020,4,2,120,0,0,15.8,91,2.1,2.1,2.1,2.1285714285714286,0.0487950036474248,2.0966666666666667,0.9749279121818236,-0.22252093395631434,0.8660254037844387,-0.4999999999999998,0.8800122039735357,-0.47495107206704995,2.1,2.1
2020-04-30,Nagaland,NER,25.6669979,94.11657019,2.1,2020,4,3,121,0,0,16.0,92,2.2,2.2,2.0,2.1142857142857143,0.03779644730092007,2.1,0.43388373911755823,-0.900968867902419,0.8660254037844387,-0.4999999999999998,0.8717063187093218,-0.4900286664290592,2.1,2.0
2020-05-01,Nagaland,NER,25.6669979,94.11657019,2.1,2020,5,4,122,0,0,16.6,89,2.1,2.1,2.1,2.1142857142857143,0.03779644730092007,2.1,-0.433883739117558,-0.9009688679024191,0.49999999999999994,-0.8660254037844387,0.8631421280499114,-0.5049610547215204,2.3,2.1
2020-05-02,Nagaland,NER,25.6669979,94.11657019,2.3,2020,5,5,123,1,0,17.2,89,2.1,2.1,2.2,2.142857142857143,0.07867957924694316,2.103333333333333,-0.9749279121818236,-0.2225209339563146,0.49999999999999994,-0.8660254037844387,0.854322169749827,-0.5197438121555155,2.1,2.2
2020-05-03,Nagaland,NER,25.6669979,94.11657019,2.1,2020,5,6,124,1,0,17.1,90,2.3,2.1,2.1,2.142857142857143,0.07867957924694316,2.1033333333333335,-0.7818314824680299,0.6234898018587334,0.49999999999999994,-0.8660254037844387,0.8452490573530633,-0.5343725582809786,2.1,2.3
2020-05-04,Nagaland,NER,25.6669979,94.11657019,2.1,2020,5,0,125,0,0,17.2,89,2.1,2.1,2.1,2.142857142857143,0.07867957924694316,2.1033333333333335,0.0,1.0,0.49999999999999994,-0.8660254037844387,0.8359254794186372,-0.548842958284719,2.0,2.3
2020-05-05,Nagaland,NER,25.6669979,94.11657019,2.0,2020,5,1,126,0,0,17.3,91,2.1,2.1,2.3,2.1285714285714286,0.09511897312113317,2.0933333333333333,0.7818314824680298,0.6234898018587336,0.49999999999999994,-0.8660254037844387,0.8263541987239096,-0.5631507242749186,2.1,2.4
2020-05-13,Nagaland,NER,25.6669979,94.11657019,2.1,2020,5,2,134,0,0,17.5,87,2.0,2.2,2.3,2.1142857142857143,0.08997354108424256,2.086666666666667,0.9749279121818236,-0.22252093395631434,0.49999999999999994,-0.8660254037844387,0.7412220108485958,-0.6712599575675313,2.0,2.3
2020-05-14,Nagaland,NER,25.6669979,94.11657019,2.0,2020,5,3,135,0,0,17.1,92,2.1,2.1,2.1,2.1,0.09999999999999887,2.0833333333333335,0.43388373911755823,-0.900968867902419,0.49999999999999994,-0.8660254037844387,0.7295575540864875,-0.6839194216246106,2.1,2.1
2020-05-15,Nagaland,NER,25.6669979,94.11657019,2.1,2020,5,4,136,0,0,18.1,87,2.0,2.1,2.0,2.1,0.09999999999999887,2.086666666666667,-0.433883739117558,-0.9009688679024191,0.49999999999999994,-0.8660254037844387,0.717676913675962,-0.6963762255968722,2.2,2.2
2020-05-16,Nagaland,NER,25.6669979,94.11657019,2.2,2020,5,5,137,1,0,17.7,94,2.1,2.3,2.2,2.085714285714286,0.06900655593423387,2.086666666666667,-0.9749279121818236,-0.2225209339563146,0.49999999999999994,-0.8660254037844387,0.705583610107178,-0.7086266782644596,2.3,2.2
2020-05-17,Nagaland,NER,25.6669979,94.11657019,2.3,2020,5,6,138,1,0,19.0,85,2.2,2.1,2.2,2.1142857142857143,0.1069044967649688,2.0900000000000003,-0.7818314824680299,0.6234898018587334,0.49999999999999994,-0.8660254037844387,0.6932812268869777,-0.7206671495538609,2.3,2.2
2020-05-18,Nagaland,NER,25.6669979,94.11657019,2.3,2020,5,0,139,0,0,19.9,83,2.3,2.1,2.0,2.142857142857143,0.12724180205606964,2.1,0.0,1.0,0.49999999999999994,-0.8660254037844387,0.6807734094770161,-0.7324940716135789,2.4,2.2
2020-05-19,Nagaland,NER,25.6669979,94.11657019,2.4,2020,5,1,140,0,0,19.9,81,2.3,2.0,2.1,2.1999999999999997,0.1414213562373091,2.11,0.7818314824680298,0.6234898018587336,0.49999999999999994,-0.8660254037844387,0.6680638642135335,-0.7441039398713607,2.3,2.2
2020-05-20,Nagaland,NER,25.6669979,94.11657019,2.3,2020,5,2,141,0,0,19.9,91,2.4,2.1,2.2,2.2285714285714286,0.1380131118684706,2.1133333333333337,0.9749279121818236,-0.22252093395631434,0.49999999999999994,-0.8660254037844387,0.6551563572090853,-0.7554933140726803,2.1,2.2
2020-05-21,Nagaland,NER,25.6669979,94.11657019,2.1,2020,5,3,142,0,0,20.5,89,2.3,2.0,2.0,2.242857142857143,0.11338934190276793,2.1166666666666667,0.43388373911755823,-0.900968867902419,0.49999999999999994,-0.8660254037844387,0.6420547132365637,-0.766658819300159,2.2,2.2
