timestamp,node_id,region,latitude,longitude,consumption_mu,year,month,dayofweek,dayofyear,is_weekend,is_holiday,temperature_c,humidity,lag_1d,lag_7d,lag_30d,roll_mean_7d,roll_std_7d,roll_mean_30d,dow_sin,dow_cos,month_sin,month_cos,doy_sin,doy_cos,target_next_1d,target_next_7d
2019-02-02,HP,NR,31.10002545,77.16659704,13.0,2019,2,5,33,1,0,2.4,71,12.5,25.7,30.0,20.428571428571427,7.238718644832645,26.15,-0.9749279121818236,-0.2225209339563146,0.8660254037844386,0.5000000000000001,0.5380051715382996,0.8429415373547828,12.6,25.2
2019-02-03,HP,NR,31.10002545,77.16659704,12.6,2019,2,6,34,1,0,3.9,63,13.0,26.2,30.1,18.485714285714288,7.25658978019947,25.566666666666666,-0.7818314824680299,0.6234898018587334,0.8660254037844386,0.5000000000000001,0.5524353131676196,0.8335557718385699,12.4,26.4
2019-02-04,HP,NR,31.10002545,77.16659704,12.4,2019,2,0,35,0,0,5.9,48,12.6,27.0,30.1,16.4,6.455488620804278,24.976666666666667,0.0,1.0,0.8660254037844386,0.5000000000000001,0.5667017562911176,0.8239230057575542,13.3,27.1
2019-02-05,HP,NR,31.10002545,77.16659704,13.3,2019,2,1,36,0,0,5.1,55,12.4,26.9,30.2,14.457142857142857,4.52727185799469,24.413333333333334,0.7818314824680298,0.6234898018587336,0.8660254037844386,0.5000000000000001,0.5808002734538009,0.8140460935082178,12.5,26.7
2019-02-06,HP,NR,31.10002545,77.16659704,12.5,2019,2,2,37,0,0,5.7,67,13.3,24.7,31.0,12.714285714285714,0.3236694374854644,23.796666666666667,0.9749279121818236,-0.22252093395631434,0.8660254037844386,0.5000000000000001,0.5947266869607634,0.8039279618328213,17.0,24.9
2019-02-07,HP,NR,31.10002545,77.16659704,17.0,2019,2,3,38,0,0,3.6,82,12.5,12.7,30.1,13.328571428571427,1.650973738650778,23.36,0.43388373911755823,-0.900968867902419,0.8660254037844386,0.5000000000000001,0.6084768701151261,0.7935716089521474,21.5,29.6
2019-02-08,HP,NR,31.10002545,77.16659704,21.5,2019,2,4,39,0,0,-0.4,83,17.0,12.5,29.2,14.614285714285714,3.436775897760689,23.10333333333333,-0.433883739117558,-0.9009688679024191,0.8660254037844386,0.5000000000000001,0.6220467484408675,0.7829801036770629,25.2,30.2
2019-02-09,HP,NR,31.10002545,77.16659704,25.2,2019,2,5,40,1,0,1.0,68,21.5,13.0,25.3,16.357142857142858,5.1487400215512915,23.1,-0.9749279121818236,-0.2225209339563146,0.8660254037844386,0.5000000000000001,0.6354323008901774,0.7721565844991642,26.4,31.5
2019-02-10,HP,NR,31.10002545,77.16659704,26.4,2019,2,6,41,1,0,3.0,53,25.2,12.6,26.5,18.32857142857143,6.035924200350854,23.096666666666668,-0.7818314824680299,0.6234898018587334,0.8660254037844386,0.5000000000000001,0.6486295610349814,0.7611042586607747,27.1,30.9
2019-02-11,HP,NR,31.10002545,77.16659704,27.1,2019,2,0,42,0,0,5.4,63,26.4,12.4,23.9,20.428571428571427,6.184850924022426,23.203333333333333,0.0,1.0,0.8660254037844386,0.5000000000000001,0.6616346182422783,0.7498264012045686,26.7,30.4
2019-02-12,HP,NR,31.10002545,77.16659704,26.7,2019,2,1,43,0,0,7.6,60,27.1,13.3,26.4,22.342857142857138,5.662407362849939,23.213333333333335,0.7818314824680298,0.6234898018587336,0.8660254037844386,0.5000000000000001,0.6744436188329455,0.7383263540031065,24.9,29.8
2019-02-13,HP,NR,31.10002545,77.16659704,24.9,2019,2,2,44,0,0,9.1,63,26.7,12.5,26.4,24.11428571428571,3.653048303097281,23.163333333333334,0.9749279121818236,-0.22252093395631434,0.8660254037844386,0.5000000000000001,0.6870527672236669,0.7266075247685656,29.6,27.4
2019-02-14,HP,NR,31.10002545,77.16659704,29.6,2019,2,3,45,0,0,6.1,75,24.9,17.0,26.9,25.914285714285715,2.4788630266236744,23.253333333333334,0.43388373911755823,-0.900968867902419,0.8660254037844386,0.5000000000000001,0.699458327051647,0.7146733860429609,30.2,28.9
2019-02-15,HP,NR,31.10002545,77.16659704,30.2,2019,2,4,46,0,0,4.8,84,29.6,21.5,25.6,27.157142857142855,2.0386737051795274,23.406666666666663,-0.433883739117558,-0.9009688679024191,0.8660254037844386,0.5000000000000001,0.7116566222817746,0.7025274741691571,31.5,29.4
2019-02-16,HP,NR,31.10002545,77.16659704,31.5,2019,2,5,47,1,0,3.8,81,30.2,25.2,29.4,28.057142857142857,2.3908555950099526,23.476666666666667,-0.9749279121818236,-0.2225209339563146,0.8660254037844386,0.5000000000000001,0.7236440382959124,0.6901733882429719,30.9,29.2
2019-02-17,HP,NR,31.10002545,77.16659704,30.9,2019,2,6,48,1,0,4.3,72,31.5,26.4,29.8,28.699999999999996,2.474536993728974,23.513333333333332,-0.7818314824680299,0.6234898018587334,0.8660254037844386,0.5000000000000001,0.7354170229639855,0.6776147890466889,30.4,30.3
2019-02-18,HP,NR,31.10002545,77.16659704,30.4,2019,2,0,49,0,0,4.2,74,30.9,27.1,27.9,29.17142857142857,2.4329092911671615,23.59666666666667,0.0,1.0,0.8660254037844386,0.5000000000000001,0.7469720876965552,0.6648553979642865,29.8,30.5
2019-02-19,HP,NR,31.10002545,77.16659704,29.8,2019,2,1,50,0,0,3.9,85,30.4,26.7,28.7,29.614285714285717,2.176716618693187,23.633333333333333,0.7818314824680298,0.6234898018587336,0.8660254037844386,0.5000000000000001,0.7583058084785624,0.6518989958787126,27.4,28.8
2019-02-20,HP,NR,31.10002545,77.16659704,27.4,2019,2,2,51,0,0,6.3,64,29.8,24.9,28.1,29.97142857142857,1.304753215125682,23.61,0.9749279121818236,-0.22252093395631434,0.8660254037844386,0.5000000000000001,0.7694148268839378,0.6387494220515272,28.9,27.0
2019-02-21,HP,NR,31.10002545,77.16659704,28.9,2019,2,3,52,0,0,6.3,84,27.4,29.6,28.8,29.87142857142857,1.3634689651941019,23.613333333333333,0.43388373911755823,-0.900968867902419,0.8660254037844386,0.5000000000000001,0.7802958510707755,0.6254105729852463,29.4,28.4
2019-02-22,HP,NR,31.10002545,77.16659704,29.4,2019,2,4,53,0,0,6.3,74,28.9,30.2,26.5,29.757142857142856,1.36486524714237,23.709999999999997,-0.433883739117558,-0.9009688679024191,0.8660254037844386,0.5000000000000001,0.7909456567567772,0.6118864012687243,29.2,28.6
2019-02-23,HP,NR,31.10002545,77.16659704,29.2,2019,2,5,54,1,0,5.7,72,29.4,31.5,27.3,29.428571428571423,1.1324226032629436,23.77333333333333,-0.9749279121818236,-0.2225209339563146,0.8660254037844386,0.5000000000000001,0.8013610881746766,0.5981809144059165,30.3,29.2
2019-02-24,HP,NR,31.10002545,77.16659704,30.3,2019,2,6,55,1,0,5.1,68,29.2,30.9,27.6,29.342857142857145,1.0195704043976968,23.863333333333337,-0.7818314824680299,0.6234898018587334,0.8660254037844386,0.5000000000000001,0.8115390590073611,0.5842981736283684,30.5,30.8
2019-02-25,HP,NR,31.10002545,77.16659704,30.5,2019,2,0,56,0,0,3.0,66,30.3,30.4,25.7,29.357142857142858,1.0373960074100677,24.023333333333333,0.0,1.0,0.8660254037844386,0.5000000000000001,0.8214765533024142,0.5702422926917871,28.8,31.8
2019-02-26,HP,NR,31.10002545,77.16659704,28.8,2019,2,1,57,0,0,3.0,68,30.5,29.8,26.2,29.214285714285715,1.0350983390134723,24.11,0.7818314824680298,0.6234898018587336,0.8660254037844386,0.5000000000000001,0.8311706263658079,0.5560174366570446,27.0,30.8
2019-02-27,HP,NR,31.10002545,77.16659704,27.0,2019,2,2,58,0,0,-1.8,94,28.8,27.4,27.0,29.157142857142862,1.1559370554620847,24.11,0.9749279121818236,-0.22252093395631434,0.8660254037844386,0.5000000000000001,0.8406184056344782,0.5416278206559814,28.4,27.7
2019-02-28,HP,NR,31.10002545,77.16659704,28.4,2019,2,3,59,0,0,-3.0,84,27.0,28.9,26.9,29.085714285714285,1.1894376422334152,24.16,0.43388373911755823,-0.900968867902419,0.8660254037844386,0.5000000000000001,0.8498170915275278,0.5270777086423722,28.6,28.7
2019-03-02,HP,NR,31.10002545,77.16659704,28.6,2019,3,5,61,1,0,4.5,69,28.4,29.4,24.7,28.97142857142857,1.1926361357852768,24.290000000000003,-0.9749279121818236,-0.2225209339563146,1.0,6.123233995736766e-17,0.8674563547295969,0.49751328890718066,29.2,29.4
2019-03-03,HP,NR,31.10002545,77.16659704,29.2,2019,3,6,62,1,0,4.5,86,28.6,29.2,12.7,28.97142857142857,1.1926361357852768,24.84,-0.7818314824680299,0.6234898018587334,1.0,6.123233995736766e-17,0.8758917051442429,0.48250774176121847,30.8,30.0
2019-03-04,HP,NR,31.10002545,77.16659704,30.8,2019,3,0,63,0,1,4.2,84,29.2,30.3,12.5,29.042857142857144,1.2959644321985428,25.45,0.0,1.0,1.0,6.123233995736766e-17,0.8840675099433636,0.4673592171580022,31.8,30.7
2019-03-05,HP,NR,31.10002545,77.16659704,31.8,2019,3,1,64,0,0,3.8,79,30.8,30.5,13.0,29.228571428571428,1.5976172734359213,26.076666666666664,0.7818314824680298,0.6234898018587336,1.0,6.123233995736766e-17,0.8919813464595485,0.45207220393230435,30.8,29.8
2019-03-06,HP,NR,31.10002545,77.16659704,30.8,2019,3,2,65,0,0,4.8,72,31.8,28.8,12.6,29.514285714285712,1.6846647257229266,26.683333333333334,0.9749279121818236,-0.22252093395631434,1.0,6.123233995736766e-17,0.8996308696522433,0.43665123195606403,27.7,31.5
2019-03-07,HP,NR,31.10002545,77.16659704,27.7,2019,3,3,66,0,0,5.1,65,30.8,27.0,12.4,29.61428571428571,1.5236235005500645,27.19333333333333,0.43388373911755823,-0.900968867902419,1.0,6.123233995736766e-17,0.9070138128026359,0.4211008707960896,28.7,27.7
2019-03-08,HP,NR,31.10002545,77.16659704,28.7,2019,3,4,67,0,0,5.2,61,27.7,28.4,13.3,29.657142857142862,1.487567525478088,27.706666666666667,-0.433883739117558,-0.9009688679024191,1.0,6.123233995736766e-17,0.9141279881853337,0.40542572835999735,29.4,13.6
2019-03-09,HP,NR,31.10002545,77.16659704,29.4,2019,3,5,68,1,0,6.1,71,28.7,28.6,12.5,29.77142857142857,1.4221044098028839,28.27,-0.9749279121818236,-0.2225209339563146,1.0,6.123233995736766e-17,0.9209712877166346,0.38963044953078796,30.0,14.0
2019-03-10,HP,NR,31.10002545,77.16659704,30.0,2019,3,6,69,1,0,6.9,70,29.4,29.2,17.0,29.885714285714283,1.4005101111482285,28.703333333333333,-0.7818314824680299,0.6234898018587334,1.0,6.123233995736766e-17,0.9275416835791966,0.37371971479046906,30.7,14.7
2019-03-11,HP,NR,31.10002545,77.16659704,30.7,2019,3,0,70,0,0,6.5,73,30.0,30.8,21.5,29.87142857142857,1.3901010583338194,29.01,0.0,1.0,1.0,6.123233995736766e-17,0.9338372288229252,0.35769823883312546,29.8,15.6
2019-03-12,HP,NR,31.10002545,77.16659704,29.8,2019,3,1,71,0,0,6.6,66,30.7,31.8,25.2,29.585714285714285,1.103673519703675,29.163333333333334,0.7818314824680298,0.6234898018587336,1.0,6.123233995736766e-17,0.9398560579418954,0.3415707691678556,31.5,16.1
2019-03-13,HP,NR,31.10002545,77.16659704,31.5,2019,3,2,72,0,0,6.7,68,29.8,30.8,26.4,29.685714285714283,1.25356634105596,29.333333333333332,0.9749279121818236,-0.22252093395631434,1.0,6.123233995736766e-17,0.9455963874271426,0.3253420847119801,27.7,15.9
2019-03-14,HP,NR,31.10002545,77.16659704,27.7,2019,3,3,73,0,0,5.5,81,31.5,27.7,27.1,29.685714285714287,1.25356634105596,29.353333333333335,0.43388373911755823,-0.900968867902419,1.0,6.123233995736766e-17,0.9510565162951535,0.30901699437494745,13.6,16.7
2019-03-15,HP,NR,31.10002545,77.16659704,13.6,2019,3,4,74,0,0,5.7,74,27.7,28.7,26.7,27.52857142857143,6.25345618723872,28.916666666666664,-0.433883739117558,-0.9009688679024191,1.0,6.123233995736766e-17,0.9562348265919056,0.29260033563334836,14.0,27.9
2019-03-16,HP,NR,31.10002545,77.16659704,14.0,2019,3,5,75,1,0,8.2,64,13.6,29.4,24.9,25.32857142857143,7.961095880533512,28.55333333333333,-0.9749279121818236,-0.2225209339563146,1.0,6.123233995736766e-17,0.9611297838723007,0.27609697309746883,14.7,28.4
2019-03-17,HP,NR,31.10002545,77.16659704,14.7,2019,3,6,76,1,0,9.0,67,14.0,30.0,29.6,23.142857142857142,8.543780806890508,28.056666666666665,-0.7818314824680299,0.6234898018587334,1.0,6.123233995736766e-17,0.9657399376548549,0.2595117970697999,15.6,28.6
2019-03-18,HP,NR,31.10002545,77.16659704,15.6,2019,3,0,77,0,0,8.8,66,14.7,30.7,30.2,20.985714285714284,8.217750821935939,27.57,0.0,1.0,1.0,6.123233995736766e-17,0.9700639218515071,0.2428497220959356,16.1,28.2
2019-03-19,HP,NR,31.10002545,77.16659704,16.1,2019,3,1,78,0,0,9.5,64,15.6,29.8,31.5,19.02857142857143,7.354752269953167,27.05666666666667,0.7818314824680298,0.6234898018587336,1.0,6.123233995736766e-17,0.9741004551724205,0.22611568550828828,15.9,29.2
2019-03-20,HP,NR,31.10002545,77.16659704,15.9,2019,3,2,79,0,0,7.5,72,16.1,31.5,30.9,16.8,4.899659852139438,26.55666666666667,0.9749279121818236,-0.22252093395631434,1.0,6.123233995736766e-17,0.9778483415056568,0.20931464596304847,16.7,29.1
2019-03-21,HP,NR,31.10002545,77.16659704,16.7,2019,3,3,80,0,1,8.0,67,15.9,27.7,30.4,15.22857142857143,1.1513966674064826,26.1,0.43388373911755823,-0.900968867902419,1.0,6.123233995736766e-17,0.9813064702716093,0.19245158197082998,27.9,25.8
2019-03-22,HP,NR,31.10002545,77.16659704,27.9,2019,3,4,81,0,0,8.7,65,16.7,13.6,29.8,17.271428571428572,4.772390835390021,26.03666666666667,-0.433883739117558,-0.9009688679024191,1.0,6.123233995736766e-17,0.9844738167520922,0.1755314904214282,28.4,26.9
2019-03-23,HP,NR,31.10002545,77.16659704,28.4,2019,3,5,82,1,0,9.7,56,27.9,14.0,27.4,19.32857142857143,6.05769876155249,26.07,-0.9749279121818236,-0.2225209339563146,1.0,6.123233995736766e-17,0.9873494423939864,0.15855938510313475,28.6,26.2
2019-03-24,HP,NR,31.10002545,77.16659704,28.6,2019,3,6,83,1,0,10.8,59,28.4,14.7,28.9,21.314285714285713,6.546100256750485,26.060000000000002,-0.7818314824680299,0.6234898018587334,1.0,6.123233995736766e-17,0.989932495087353,0.141540295217043,28.2,26.7
2019-03-25,HP,NR,31.10002545,77.16659704,28.2,2019,3,0,84,0,0,8.0,78,28.6,15.6,29.4,23.114285714285717,6.444488231925687,26.02,0.0,1.0,1.0,6.123233995736766e-17,0.9922222094179323,0.12447926388678915,29.2,25.5
2019-03-26,HP,NR,31.10002545,77.16659704,29.2,2019,3,1,85,0,0,9.4,73,28.2,16.1,29.2,24.985714285714288,5.9513103799159435,26.02,0.7818314824680298,0.6234898018587336,1.0,6.123233995736766e-17,0.994217906893952,0.10738134666416309,29.1,25.6
2019-03-27,HP,NR,31.10002545,77.16659704,29.1,2019,3,2,86,0,0,11.7,67,29.2,15.9,30.3,26.87142857142857,4.509144148547581,25.98,0.9749279121818236,-0.22252093395631434,1.0,6.123233995736766e-17,0.995918996147179,0.09025161003104117,25.8,25.1
2019-03-28,HP,NR,31.10002545,77.16659704,25.8,2019,3,3,87,0,0,13.4,65,29.1,16.7,30.5,28.17142857142857,1.1441361890297375,25.823333333333334,0.43388373911755823,-0.900968867902419,1.0,6.123233995736766e-17,0.9973249731081555,0.07309512989807777,26.9,23.1
2019-03-29,HP,NR,31.10002545,77.16659704,26.9,2019,3,4,88,0,0,14.1,63,25.8,27.9,28.8,28.028571428571432,1.2419263071458113,25.759999999999998,-0.433883739117558,-0.9009688679024191,1.0,6.123233995736766e-17,0.9984354211555643,0.055916990100603484,26.2,28.6
2019-03-30,HP,NR,31.10002545,77.16659704,26.2,2019,3,5,89,1,0,13.6,58,26.9,28.4,27.0,27.714285714285715,1.4005101111482439,25.733333333333334,-0.9749279121818236,-0.2225209339563146,1.0,6.123233995736766e-17,0.9992500112396835,0.03872228089217446,26.7,29.8
2019-03-31,HP,NR,31.10002545,77.16659704,26.7,2019,3,6,90,1,0,13.6,47,26.2,28.6,28.4,27.442857142857143,1.3842653200128878,25.676666666666666,-0.7818314824680299,0.6234898018587334,1.0,6.123233995736766e-17,0.9997685019798909,0.021516097436222254,25.5,30.8
2019-04-02,HP,NR,31.10002545,77.16659704,25.5,2019,4,1,92,0,0,13.2,53,26.7,28.2,28.6,27.057142857142853,1.5087049003003863,25.57333333333333,0.7818314824680298,0.6234898018587336,0.8660254037844387,-0.4999999999999998,0.9999166586547379,-0.01291029607500882,25.6,30.8
2019-04-03,HP,NR,31.10002545,77.16659704,25.6,2019,4,2,93,0,0,14.0,57,25.5,29.2,29.2,26.542857142857144,1.2474736374731212,25.453333333333333,0.9749279121818236,-0.22252093395631434,0.8660254037844387,-0.4999999999999998,0.9995462806873573,-0.030120304846908114,25.1,29.5
2019-04-04,HP,NR,31.10002545,77.16659704,25.1,2019,4,3,94,0,0,14.7,61,25.6,29.1,30.8,25.97142857142857,0.6575568054403512,25.263333333333332,0.43388373911755823,-0.900968867902419,0.8660254037844387,-0.4999999999999998,0.9988797155850336,-0.04732138832243185,23.1,30.4
2019-04-05,HP,NR,31.10002545,77.16659704,23.1,2019,4,4,95,0,0,15.4,61,25.1,25.8,31.8,25.585714285714285,1.27596835309314,24.973333333333336,-0.433883739117558,-0.9009688679024191,0.8660254037844387,-0.4999999999999998,0.9979171608653922,-0.06450844944931623,28.6,26.9
2019-04-06,HP,NR,31.10002545,77.16659704,28.6,2019,4,5,96,1,0,14.9,59,23.1,26.9,30.8,25.828571428571426,1.6690459207925525,24.9,-0.9749279121818236,-0.2225209339563146,0.8660254037844387,-0.4999999999999998,0.9966589017541702,-0.08167639533042241,29.8,28.7
2019-04-07,HP,NR,31.10002545,77.16659704,29.8,2019,4,6,97,1,0,15.1,51,28.6,26.2,27.7,26.342857142857145,2.254519270899474,24.970000000000002,-0.7818314824680299,0.6234898018587334,0.8660254037844387,-0.4999999999999998,0.9951053111006976,-0.09882013873287143,30.8,29.1
2019-04-08,HP,NR,31.10002545,77.16659704,30.8,2019,4,0,98,0,0,12.6,63,29.8,26.7,28.7,26.928571428571434,2.8235404995113647,25.040000000000003,0.0,1.0,0.8660254037844387,-0.4999999999999998,0.9932568492674143,-0.11593459959550041,30.8,30.8
2019-04-09,HP,NR,31.10002545,77.16659704,30.8,2019,4,1,99,0,0,14.3,57,30.8,25.5,29.4,27.685714285714287,3.075943525396472,25.086666666666666,0.7818314824680298,0.6234898018587336,0.8660254037844387,-0.4999999999999998,0.9911140639934547,-0.1330147065341959,29.5,31.3
2019-04-10,HP,NR,31.10002545,77.16659704,29.5,2019,4,2,100,0,0,15.9,53,30.8,25.6,30.0,28.24285714285714,2.9871151874102595,25.07,0.9749279121818236,-0.22252093395631434,0.8660254037844387,-0.4999999999999998,0.9886775902323405,-0.1500553983446526,30.4,31.7
2019-04-11,HP,NR,31.10002545,77.16659704,30.4,2019,4,3,101,0,0,16.0,47,29.5,25.1,30.7,29.0,2.7172289806590086,25.06,0.43388373911755823,-0.900968867902419,0.8660254037844387,-0.4999999999999998,0.9859481499638304,-0.16705162550211924,26.9,31.5
2019-04-12,HP,NR,31.10002545,77.16659704,26.9,2019,4,4,102,0,0,14.9,60,30.4,23.1,29.8,29.542857142857144,1.4045843309879942,24.96333333333333,-0.433883739117558,-0.9009688679024191,0.8660254037844387,-0.4999999999999998,0.9829265519799822,-0.18399835165768005,28.7,28.5
2019-04-13,HP,NR,31.10002545,77.16659704,28.7,2019,4,5,103,1,1,14.9,63,26.9,28.6,31.5,29.557142857142857,1.3938641048742848,24.87,-0.9749279121818236,-0.2225209339563146,0.8660254037844387,-0.4999999999999998,0.9796136916454901,-0.20089055513063506,29.1,27.5
2019-04-14,HP,NR,31.10002545,77.16659704,29.1,2019,4,6,104,1,1,16.0,52,28.7,29.8,27.7,29.457142857142856,1.3986387940388065,24.916666666666668,-0.7818314824680299,0.6234898018587334,0.8660254037844387,-0.4999999999999998,0.9760105506323683,-0.21772323039653177,30.8,28.9
2019-04-15,HP,NR,31.10002545,77.16659704,30.8,2019,4,0,105,0,0,17.3,49,29.1,30.8,13.6,29.457142857142856,1.3986387940388065,25.490000000000002,0.0,1.0,0.8660254037844387,-0.4999999999999998,0.9721181966290613,-0.23449138957040985,31.3,29.2
2019-04-16,HP,NR,31.10002545,77.16659704,31.3,2019,4,1,106,0,0,13.3,70,30.8,30.8,14.0,29.528571428571432,1.4885275562495086,26.06666666666667,0.7818314824680298,0.6234898018587336,0.8660254037844387,-0.4999999999999998,0.9679377830240642,-0.25119006388481935,31.7,29.1
2019-04-17,HP,NR,31.10002545,77.16659704,31.7,2019,4,2,107,0,1,9.7,86,31.3,29.5,14.7,29.842857142857145,1.6988791823406144,26.633333333333333,0.9749279121818236,-0.22252093395631434,0.8660254037844387,-0.4999999999999998,0.9634705485641488,-0.2678143051621742,31.5,28.8
2019-04-18,HP,NR,31.10002545,77.16659704,31.5,2019,4,3,108,0,0,9.5,80,31.7,30.4,15.6,30.0,1.806469853978518,27.163333333333334,0.43388373911755823,-0.900968867902419,0.8660254037844387,-0.4999999999999998,0.9587178169872964,-0.2843591872810034,28.5,27.9
2019-04-19,HP,NR,31.10002545,77.16659704,28.5,2019,4,4,109,0,1,11.9,69,31.5,26.9,16.1,30.228571428571428,1.4056010407345723,27.576666666666664,-0.433883739117558,-0.9009688679024191,0.8660254037844387,-0.4999999999999998,0.9536809966304457,-0.30081980763566735,27.5,25.0
2019-04-20,HP,NR,31.10002545,77.16659704,27.5,2019,4,5,110,1,0,13.5,68,28.5,28.7,15.9,30.057142857142857,1.671184353342555,27.96333333333333,-0.9749279121818236,-0.2225209339563146,0.8660254037844387,-0.4999999999999998,0.9483615800121715,-0.3171912885891061,28.9,30.0
2019-04-21,HP,NR,31.10002545,77.16659704,28.9,2019,4,6,111,1,0,13.9,66,27.5,29.1,16.7,30.028571428571432,1.691857249409886,28.37,-0.7818314824680299,0.6234898018587334,0.8660254037844387,-0.4999999999999998,0.9427611433904207,-0.3334687789181868,29.2,30.4
2019-04-22,HP,NR,31.10002545,77.16659704,29.2,2019,4,0,112,0,0,15.2,60,28.9,30.8,27.9,29.8,1.6782927833564991,28.413333333333334,0.0,1.0,0.8660254037844387,-0.4999999999999998,0.9368813462954315,-0.3496474552512284,29.1,30.0
2019-04-23,HP,NR,31.10002545,77.16659704,29.1,2019,4,1,113,0,0,17.5,54,29.2,31.3,28.4,29.485714285714284,1.5518038658590472,28.436666666666667,0.7818314824680298,0.6234898018587336,0.8660254037844387,-0.4999999999999998,0.9307239310379795,-0.36572252349726897,28.8,30.6
2019-04-24,HP,NR,31.10002545,77.16659704,28.8,2019,4,2,114,0,0,17.5,56,29.1,31.7,28.6,29.071428571428573,1.212042746377979,28.44333333333333,0.9749279121818236,-0.22252093395631434,0.8660254037844387,-0.4999999999999998,0.9242907221930933,-0.3816892202666588,27.9,30.4
2019-04-25,HP,NR,31.10002545,77.16659704,27.9,2019,4,3,115,0,0,17.8,49,28.8,31.5,28.2,28.557142857142857,0.6373307431705637,28.433333333333334,0.43388373911755823,-0.900968867902419,0.8660254037844387,-0.4999999999999998,0.9175836260593937,-0.39754281428255595,25.0,30.0
2019-04-26,HP,NR,31.10002545,77.16659704,25.0,2019,4,4,116,0,0,17.8,43,27.9,28.5,29.2,28.057142857142857,1.4909249286456447,28.293333333333333,-0.433883739117558,-0.9009688679024191,0.8660254037844387,-0.4999999999999998,0.9106046300942162,-0.4132786077829042,30.0,27.5
2019-04-27,HP,NR,31.10002545,77.16659704,30.0,2019,4,5,117,1,0,18.1,37,25.0,27.5,29.1,28.414285714285715,1.6283207827171033,28.32333333333333,-0.9749279121818236,-0.2225209339563146,0.8660254037844387,-0.4999999999999998,0.9033558023246845,-0.4288919379124835,30.4,29.2
2019-04-28,HP,NR,31.10002545,77.16659704,30.4,2019,4,6,118,1,0,18.3,35,30.0,28.9,25.8,28.628571428571426,1.7932412792801051,28.476666666666667,-0.7818314824680299,0.6234898018587334,0.8660254037844387,-0.4999999999999998,0.895839290734909,-0.4443781781046132,30.0,29.8
2019-04-29,HP,NR,31.10002545,77.16659704,30.0,2019,4,0,119,0,0,18.9,31,30.4,29.2,26.9,28.74285714285714,1.8599795185763925,28.580000000000002,0.0,1.0,0.8660254037844387,-0.4999999999999998,0.8880573226294932,-0.45973273945210397,30.6,30.7
2019-04-30,HP,NR,31.10002545,77.16659704,30.6,2019,4,1,120,0,0,17.0,42,30.0,29.1,26.2,28.95714285714286,1.9898552232571252,28.726666666666667,0.7818314824680298,0.6234898018587336,0.8660254037844387,-0.4999999999999998,0.8800122039735357,-0.47495107206704995,30.4,29.4
2019-05-02,HP,NR,31.10002545,77.16659704,30.4,2019,5,3,122,0,0,15.6,51,30.6,28.8,26.7,29.185714285714287,2.059472886791282,28.85,0.43388373911755823,-0.900968867902419,0.49999999999999994,-0.8660254037844387,0.8631421280499114,-0.5049610547215204,30.0,28.7
2019-05-03,HP,NR,31.10002545,77.16659704,30.0,2019,5,4,123,0,0,16.5,43,30.4,27.9,25.5,29.485714285714284,1.9928443419967374,29.0,-0.433883739117558,-0.9009688679024191,0.49999999999999994,-0.8660254037844387,0.854322169749827,-0.5197438121555155,27.5,27.3
2019-05-04,HP,NR,31.10002545,77.16659704,27.5,2019,5,5,124,1,0,16.6,36,30.0,25.0,25.6,29.842857142857138,1.0612212192518127,29.063333333333336,-0.9749279121818236,-0.2225209339563146,0.49999999999999994,-0.8660254037844387,0.8452490573530633,-0.5343725582809786,29.2,24.5
2019-05-05,HP,NR,31.10002545,77.16659704,29.2,2019,5,6,125,1,0,16.6,34,27.5,30.0,25.1,29.728571428571428,1.0843035948082607,29.2,-0.7818314824680299,0.6234898018587334,0.49999999999999994,-0.8660254037844387,0.8359254794186372,-0.548842958284719,29.8,30.7
2019-05-06,HP,NR,31.10002545,77.16659704,29.8,2019,5,0,126,0,0,17.4,31,29.2,30.4,23.1,29.642857142857142,1.045398078655675,29.423333333333336,0.0,1.0,0.49999999999999994,-0.8660254037844387,0.8263541987239096,-0.5631507242749186,30.7,30.4
2019-05-07,HP,NR,31.10002545,77.16659704,30.7,2019,5,1,127,0,0,17.7,32,29.8,30.0,28.6,29.74285714285714,1.1163290178931597,29.493333333333332,0.7818314824680298,0.6234898018587336,0.49999999999999994,-0.8660254037844387,0.8165380514459161,-0.5772916165517272,29.4,31.865999999999996
2019-05-08,HP,NR,31.10002545,77.16659704,29.4,2019,5,2,128,0,0,19.4,25,30.7,30.6,29.8,29.571428571428573,1.053113298295798,29.48,0.9749279121818236,-0.22252093395631434,0.49999999999999994,-0.8660254037844387,0.8064799463209448,-0.5912614448635781,28.7,29.5
2019-05-09,HP,NR,31.10002545,77.16659704,28.7,2019,5,3,129,0,0,20.1,28,29.4,30.4,30.8,29.32857142857143,1.025856204533947,29.41,0.43388373911755823,-0.900968867902419,0.49999999999999994,-0.8660254037844387,0.7961828637826158,-0.6050560696488488,27.3,29.5
2019-05-10,HP,NR,31.10002545,77.16659704,27.3,2019,5,4,130,0,0,19.9,35,28.7,30.0,30.8,28.942857142857147,1.2204604907671783,29.293333333333333,-0.433883739117558,-0.9009688679024191,0.49999999999999994,-0.8660254037844387,0.7856498550787147,-0.6186714032625031,24.5,28.9
2019-05-11,HP,NR,31.10002545,77.16659704,24.5,2019,5,5,131,1,0,16.8,55,27.3,27.5,29.5,28.514285714285716,2.0538001942971715,29.126666666666665,-0.9749279121818236,-0.2225209339563146,0.49999999999999994,-0.8660254037844387,0.7748840413670407,-0.6321034111873487,30.7,26.3
2019-05-12,HP,NR,31.10002545,77.16659704,30.7,2019,5,6,132,1,0,16.1,55,24.5,29.2,30.4,28.728571428571428,2.209611040970969,29.136666666666667,-0.7818314824680299,0.6234898018587334,0.49999999999999994,-0.8660254037844387,0.7638886127905428,-0.6453481132295501,30.4,25.4
2019-05-13,HP,NR,31.10002545,77.16659704,30.4,2019,5,0,133,0,0,17.1,53,30.7,29.8,26.9,28.814285714285717,2.268941435580719,29.253333333333334,0.0,1.0,0.49999999999999994,-0.8660254037844387,0.7526668275320085,-0.6584015846980488,31.865999999999996,26.0
2019-05-14,HP,NR,31.10002545,77.16659704,31.865999999999996,2019,5,1,134,0,0,14.2,72,30.4,30.7,28.7,28.98085714285714,2.464798533252497,29.358866666666664,0.7818314824680298,0.6234898018587336,0.49999999999999994,-0.8660254037844387,0.7412220108485958,-0.6712599575675313,29.5,24.8
2019-05-15,HP,NR,31.10002545,77.16659704,29.5,2019,5,2,135,0,0,15.9,61,31.865999999999996,29.4,29.1,28.995142857142856,2.46792054360015,29.3722,0.9749279121818236,-0.22252093395631434,0.49999999999999994,-0.8660254037844387,0.7295575540864875,-0.6839194216246106,29.5,25.4
2019-05-16,HP,NR,31.10002545,77.16659704,29.5,2019,5,3,136,0,0,15.5,67,29.5,28.7,30.8,29.10942857142857,2.470497038866363,29.328866666666666,0.43388373911755823,-0.900968867902419,0.49999999999999994,-0.8660254037844387,0.717676913675962,-0.6963762255968722,28.9,27.5
2019-05-17,HP,NR,31.10002545,77.16659704,28.9,2019,5,4,137,0,0,14.8,68,29.5,27.3,31.3,29.337999999999997,2.3460693368554093,29.248866666666665,-0.433883739117558,-0.9009688679024191,0.49999999999999994,-0.8660254037844387,0.705583610107178,-0.7086266782644596,26.3,28.1
2019-05-18,HP,NR,31.10002545,77.16659704,26.3,2019,5,5,138,1,1,14.8,69,28.9,24.5,31.7,29.595142857142857,1.7504566479037176,29.06886666666667,-0.9749279121818236,-0.2225209339563146,0.49999999999999994,-0.8660254037844387,0.6932812268869777,-0.7206671495538609,25.4,25.7
2019-05-19,HP,NR,31.10002545,77.16659704,25.4,2019,5,6,139,1,0,16.5,60,26.3,30.7,31.5,28.837999999999997,2.2638554135220708,28.865533333333335,-0.7818314824680299,0.6234898018587334,0.49999999999999994,-0.8660254037844387,0.6807734094770161,-0.7324940716135789,26.0,13.0
2019-05-20,HP,NR,31.10002545,77.16659704,26.0,2019,5,0,140,0,0,18.1,50,25.4,30.4,28.5,28.209428571428568,2.3663943639457368,28.7822,0.0,1.0,0.49999999999999994,-0.8660254037844387,0.6680638642135335,-0.7441039398713607,24.8,20.5
2019-05-21,HP,NR,31.10002545,77.16659704,24.8,2019,5,1,141,0,0,19.5,43,26.0,31.865999999999996,27.5,27.2,2.029778313018415,28.6922,0.7818314824680298,0.6234898018587336,0.49999999999999994,-0.8660254037844387,0.6551563572090853,-0.7554933140726803,25.4,15.6
2019-05-22,HP,NR,31.10002545,77.16659704,25.4,2019,5,2,142,0,0,19.7,41,24.8,29.5,28.9,26.614285714285717,1.8379595311363983,28.575533333333336,0.9749279121818236,-0.22252093395631434,0.49999999999999994,-0.8660254037844387,0.6420547132365637,-0.766658819300159,27.5,12.8
2019-05-23,HP,NR,31.10002545,77.16659704,27.5,2019,5,3,143,0,0,18.2,54,25.4,29.5,29.2,26.32857142857143,1.4232758993653276,28.518866666666668,0.43388373911755823,-0.900968867902419,0.49999999999999994,-0.8660254037844387,0.6287628145958344,-0.7775971469736269,28.1,12.4
2019-05-24,HP,NR,31.10002545,77.16659704,28.1,2019,5,4,144,0,0,15.5,70,27.5,28.9,29.1,26.214285714285715,1.1964232409262499,28.48553333333333,-0.433883739117558,-0.9009688679024191,0.49999999999999994,-0.8660254037844387,0.6152845999633276,-0.7883050558305255,25.7,12.9
2019-05-25,HP,NR,31.10002545,77.16659704,25.7,2019,5,5,145,1,0,16.1,65,28.1,26.3,28.8,26.128571428571426,1.2106668764421478,28.3822,-0.9749279121818236,-0.2225209339563146,0.49999999999999994,-0.8660254037844387,0.6016240632249226,-0.7987793728863649,13.0,12.6
2019-05-26,HP,NR,31.10002545,77.16659704,13.0,2019,5,6,146,1,0,17.4,56,25.7,25.4,27.9,24.357142857142858,5.142261870311261,27.885533333333335,-0.7818314824680299,0.6234898018587334,0.49999999999999994,-0.8660254037844387,0.5877852522924732,-0.8090169943749473,20.5,26.6
2019-05-27,HP,NR,31.10002545,77.16659704,20.5,2019,5,0,147,0,0,19.0,39,13.0,26.0,25.0,23.571428571428573,5.26805286157807,27.735533333333333,0.0,1.0,0.49999999999999994,-0.8660254037844387,0.5737722679043246,-0.8190148866680801,15.6,27.2
2019-05-28,HP,NR,31.10002545,77.16659704,15.6,2019,5,1,148,0,0,19.4,37,20.5,24.8,30.0,22.257142857142856,6.006345850530957,27.255533333333336,0.7818314824680298,0.6234898018587336,0.49999999999999994,-0.8660254037844387,0.5595892624101765,-0.8287700871745038,12.8,27.8
2019-05-29,HP,NR,31.10002545,77.16659704,12.8,2019,5,2,149,0,0,21.3,32,15.6,25.4,30.4,20.457142857142856,6.749532611684344,26.668866666666666,0.9749279121818236,-0.22252093395631434,0.49999999999999994,-0.8660254037844387,0.545240438540651,-0.8382797052177744,12.4,27.4
2019-05-30,HP,NR,31.10002545,77.16659704,12.4,2019,5,3,150,0,0,21.9,30,12.8,27.5,30.0,18.3,6.5329931884244345,26.0822,0.43388373911755823,-0.900968867902419,0.49999999999999994,-0.8660254037844387,0.5307300481619334,-0.8475409228928311,12.9,27.6
2019-05-31,HP,NR,31.10002545,77.16659704,12.9,2019,5,4,151,0,0,22.6,30,12.4,28.1,30.6,16.128571428571426,5.102193739204839,25.492200000000004,-0.433883739117558,-0.9009688679024191,0.49999999999999994,-0.8660254037844387,0.5160623910158528,-0.8565509959010036,12.6,25.2
2019-06-02,HP,NR,31.10002545,77.16659704,12.6,2019,6,6,153,1,0,21.7,41,12.9,25.7,30.4,14.257142857142856,2.9585227974205814,24.898866666666663,-0.7818314824680299,0.6234898018587334,1.2246467991473532e-16,-1.0,0.48627270710868997,-0.8738071036110808,26.6,17.0
2019-06-03,HP,NR,31.10002545,77.16659704,26.6,2019,6,0,154,0,0,20.9,50,12.6,13.0,30.0,16.2,5.42924181324306,24.78553333333333,0.0,1.0,1.2246467991473532e-16,-1.0,0.4711595076738638,-0.8820480249558537,27.2,29.0
2019-06-04,HP,NR,31.10002545,77.16659704,27.2,2019,6,1,155,0,0,21.2,48,26.6,20.5,27.5,17.15714285714286,6.744839297037197,24.775533333333335,0.7818314824680298,0.6234898018587336,1.2246467991473532e-16,-1.0,0.4559066935084588,-0.8900275764346767,27.8,27.7
2019-06-05,HP,NR,31.10002545,77.16659704,27.8,2019,6,2,156,0,1,22.8,31,27.2,15.6,29.2,18.900000000000002,7.773244710758398,24.728866666666665,0.9749279121818236,-0.22252093395631434,1.2246467991473532e-16,-1.0,0.440518784350495,-0.8977433935342337,27.4,29.3
2019-06-06,HP,NR,31.10002545,77.16659704,27.4,2019,6,3,157,0,0,20.8,38,27.8,12.8,29.8,20.985714285714288,7.822281971272531,24.648866666666667,0.43388373911755823,-0.900968867902419,1.2246467991473532e-16,-1.0,0.42500033996955416,-0.9051931898913974,27.6,29.8
2019-06-07,HP,NR,31.10002545,77.16659704,27.6,2019,6,4,158,0,0,20.6,39,27.4,12.4,30.7,23.157142857142855,7.1198916524661495,24.54553333333333,-0.433883739117558,-0.9009688679024191,1.2246467991473532e-16,-1.0,0.4093559588156213,-0.9123747579707273,25.2,29.9
2019-06-08,HP,NR,31.10002545,77.16659704,25.2,2019,6,5,159,1,0,21.5,36,27.6,12.9,29.4,24.91428571428571,5.500129868596611,24.405533333333334,-0.9749279121818236,-0.2225209339563146,1.2246467991473532e-16,-1.0,0.39359027665646673,-0.9192859697186104,17.0,25.5
2019-06-09,HP,NR,31.10002545,77.16659704,17.0,2019,6,6,160,1,0,22.5,33,25.2,12.6,28.7,25.542857142857144,3.8673234253409,24.015533333333334,-0.7818314824680299,0.6234898018587334,1.2246467991473532e-16,-1.0,0.3777079652039649,-0.9259247771938498,29.0,26.9
2019-06-10,HP,NR,31.10002545,77.16659704,29.0,2019,6,0,161,0,0,23.6,31,17.0,26.6,27.3,25.885714285714283,4.07734741035908,24.072200000000002,0.0,1.0,1.2246467991473532e-16,-1.0,0.36171373072976765,-0.9322892131745133,27.7,27.9
2019-06-11,HP,NR,31.10002545,77.16659704,27.7,2019,6,1,162,0,0,23.2,31,29.0,27.2,24.5,25.95714285714286,4.108469764951885,24.178866666666668,0.7818314824680298,0.6234898018587336,1.2246467991473532e-16,-1.0,0.3456123126707335,-0.9383773917408641,29.3,29.2
2019-06-12,HP,NR,31.10002545,77.16659704,29.3,2019,6,2,163,0,0,21.4,43,27.7,27.8,30.7,26.17142857142857,4.257038988825559,24.1322,0.9749279121818236,-0.22252093395631434,1.2246467991473532e-16,-1.0,0.3294084822245304,-0.9441875088341993,29.8,13.1
2019-06-13,HP,NR,31.10002545,77.16659704,29.8,2019,6,3,164,0,0,21.7,45,29.3,27.4,30.4,26.514285714285712,4.464089519498374,24.112199999999998,0.43388373911755823,-0.900968867902419,1.2246467991473532e-16,-1.0,0.3131070409358269,-0.9497178427914316,29.9,29.4
2019-06-14,HP,NR,31.10002545,77.16659704,29.9,2019,6,4,165,0,0,22.3,37,29.8,27.6,31.865999999999996,26.842857142857145,4.638554783139943,24.046666666666667,-0.433883739117558,-0.9009688679024191,1.2246467991473532e-16,-1.0,0.29671281927349075,-0.9549667548552551,25.5,28.8
2019-06-15,HP,NR,31.10002545,77.16659704,25.5,2019,6,5,166,1,0,22.6,30,29.9,25.2,29.5,26.885714285714283,4.622203144038768,23.913333333333334,-0.9749279121818236,-0.2225209339563146,1.2246467991473532e-16,-1.0,0.28023067519921585,-0.9599326896597447,26.9,29.1
2019-06-16,HP,NR,31.10002545,77.16659704,26.9,2019,6,6,167,1,0,21.2,48,25.5,17.0,29.5,28.3,1.6563010998406258,23.826666666666668,-0.7818314824680299,0.6234898018587334,1.2246467991473532e-16,-1.0,0.26366549272800704,-0.9646141756912435,27.9,26.6
2019-06-17,HP,NR,31.10002545,77.16659704,27.9,2019,6,0,168,0,0,20.2,55,26.9,29.0,28.9,28.142857142857142,1.6308046509388385,23.793333333333337,0.0,1.0,1.2246467991473532e-16,-1.0,0.24702218048093552,-0.9690098257244062,29.2,31.865999999999996
2019-06-18,HP,NR,31.10002545,77.16659704,29.2,2019,6,1,169,0,0,18.0,65,27.9,27.7,26.3,28.357142857142858,1.6611814499095938,23.889999999999997,0.7818314824680298,0.6234898018587336,1.2246467991473532e-16,-1.0,0.23030567023061221,-0.9731183372332619,13.1,31.865999999999996
2019-06-19,HP,NR,31.10002545,77.16659704,13.1,2019,6,2,170,0,0,19.3,53,29.2,29.3,25.4,26.04285714285714,5.929546678248163,23.48,0.9749279121818236,-0.22252093395631434,1.2246467991473532e-16,-1.0,0.21352091543979612,-0.9769384927771817,29.4,31.3
2019-06-20,HP,NR,31.10002545,77.16659704,29.4,2019,6,3,171,0,0,19.0,64,13.1,29.8,26.0,25.985714285714288,5.8890940365584745,23.59333333333333,0.43388373911755823,-0.900968867902419,1.2246467991473532e-16,-1.0,0.19667288979357647,-0.980469160361632,28.8,31.6
2019-06-21,HP,NR,31.10002545,77.16659704,28.8,2019,6,4,172,0,0,18.7,67,29.4,29.9,24.8,25.828571428571426,5.780921000934681,23.72666666666667,-0.433883739117558,-0.9009688679024191,1.2246467991473532e-16,-1.0,0.1797665857255624,-0.9837092937736097,29.1,31.865999999999996
2019-06-22,HP,NR,31.10002545,77.16659704,29.1,2019,6,5,173,1,0,21.1,48,28.8,25.5,25.4,26.342857142857145,5.905606698400299,23.85,-0.9749279121818236,-0.2225209339563146,1.2246467991473532e-16,-1.0,0.16280701293851715,-0.986657932891657,26.6,30.1
2019-06-23,HP,NR,31.10002545,77.16659704,26.6,2019,6,6,174,1,0,21.1,54,29.1,26.9,27.5,26.3,5.901977069875258,23.819999999999997,-0.7818314824680299,0.6234898018587334,1.2246467991473532e-16,-1.0,0.1457991969198751,-0.9893142039703663,31.865999999999996,26.6
2019-06-24,HP,NR,31.10002545,77.16659704,31.865999999999996,2019,6,0,175,0,0,19.3,78,26.6,27.9,28.1,26.86657142857143,6.26063540058416,23.945533333333334,0.0,1.0,1.2246467991473532e-16,-1.0,0.12874817745258132,-0.99167731989929,31.865999999999996,24.2
2019-06-25,HP,NR,31.10002545,77.16659704,31.865999999999996,2019,6,1,176,0,0,19.2,82,31.865999999999996,29.2,25.7,27.24742857142857,6.502657991343302,24.15106666666667,0.7818314824680298,0.6234898018587336,1.2246467991473532e-16,-1.0,0.11165900712169512,-0.993746580436178,31.3,25.7
2019-06-26,HP,NR,31.10002545,77.16659704,31.3,2019,6,2,177,0,0,20.2,61,31.865999999999996,13.1,13.0,29.84742857142857,1.9434061899272275,24.761066666666668,0.9749279121818236,-0.22252093395631434,1.2246467991473532e-16,-1.0,0.09453674981719912,-0.9955213724144752,31.6,26.7
2019-06-27,HP,NR,31.10002545,77.16659704,31.6,2019,6,3,178,0,0,21.3,50,31.3,29.4,20.5,30.161714285714286,2.034733865831533,25.131066666666666,0.43388373911755823,-0.900968867902419,1.2246467991473532e-16,-1.0,0.07738647923346301,-0.9970011699250151,31.865999999999996,27.5
2019-06-28,HP,NR,31.10002545,77.16659704,31.865999999999996,2019,6,4,179,0,0,20.8,56,31.6,28.8,15.6,30.59971428571429,2.0227154779557397,25.673266666666667,-0.433883739117558,-0.9009688679024191,1.2246467991473532e-16,-1.0,0.06021327736579302,-0.9981855344718586,30.1,29.7
2019-06-29,HP,NR,31.10002545,77.16659704,30.1,2019,6,5,180,1,0,22.3,51,31.865999999999996,29.1,12.8,30.742571428571427,1.9324415348760469,26.249933333333335,-0.9749279121818236,-0.2225209339563146,1.2246467991473532e-16,-1.0,0.04302223300453059,-0.99907411510223,26.6,28.7
2019-06-30,HP,NR,31.10002545,77.16659704,26.6,2019,6,6,181,1,0,21.0,61,30.1,26.6,12.4,30.742571428571427,1.9324415348760469,26.723266666666667,-0.7818314824680299,0.6234898018587334,1.2246467991473532e-16,-1.0,0.02581844022713308,-0.9996666485105112,24.2,25.6
2019-07-01,HP,NR,31.10002545,77.16659704,24.2,2019,7,0,182,0,0,20.8,65,26.6,31.865999999999996,12.9,29.647428571428573,3.042854080034204,27.099933333333333,0.0,1.0,-0.4999999999999997,-0.8660254037844388,0.008606996888688698,-0.9999629591162655,25.7,13.0
2019-07-02,HP,NR,31.10002545,77.16659704,25.7,2019,7,1,183,0,0,21.5,62,24.2,31.865999999999996,12.6,28.766571428571428,3.1828324312967173,27.536600000000004,0.7818314824680298,0.6234898018587336,-0.4999999999999997,-0.8660254037844388,-0.008606996888688009,-0.9999629591162655,26.7,14.15
2019-07-03,HP,NR,31.10002545,77.16659704,26.7,2019,7,2,184,0,0,20.6,78,25.7,31.3,26.6,28.109428571428573,3.04445215964726,27.539933333333334,0.9749279121818236,-0.22252093395631434,-0.4999999999999997,-0.8660254037844388,-0.02581844022713239,-0.9996666485105112,27.5,14.15
2019-07-04,HP,NR,31.10002545,77.16659704,27.5,2019,7,3,185,0,0,20.0,89,26.7,31.6,27.2,27.523714285714284,2.6267222740064926,27.549933333333332,0.43388373911755823,-0.900968867902419,-0.4999999999999997,-0.8660254037844388,-0.04302223300453034,-0.99907411510223,29.7,20.95
2019-07-05,HP,NR,31.10002545,77.16659704,29.7,2019,7,4,186,0,0,19.3,89,27.5,31.865999999999996,27.8,27.214285714285715,2.1058874387682396,27.613266666666668,-0.433883739117558,-0.9009688679024191,-0.4999999999999997,-0.8660254037844388,-0.060213277365792774,-0.9981855344718586,28.7,27.55
2019-07-06,HP,NR,31.10002545,77.16659704,28.7,2019,7,5,187,1,0,19.4,87,29.7,30.1,27.4,27.014285714285712,1.8352371067780846,27.6566,-0.9749279121818236,-0.2225209339563146,-0.4999999999999997,-0.8660254037844388,-0.07738647923346322,-0.9970011699250151,25.6,27.9
2019-07-07,HP,NR,31.10002545,77.16659704,25.6,2019,7,6,188,1,0,19.3,87,28.7,26.6,27.6,26.871428571428574,1.9102480517062645,27.58993333333333,-0.7818314824680299,0.6234898018587334,-0.4999999999999997,-0.8660254037844388,-0.09453674981719933,-0.9955213724144752,13.0,27.3
2019-07-08,HP,NR,31.10002545,77.16659704,13.0,2019,7,0,189,0,0,19.2,92,25.6,24.2,25.2,25.27142857142857,5.616260406389732,27.183266666666665,0.0,1.0,-0.4999999999999997,-0.8660254037844388,-0.11165900712169444,-0.9937465804361781,14.15,28.2
2019-07-09,HP,NR,31.10002545,77.16659704,14.15,2019,7,1,190,0,0,18.5,92,13.0,25.7,17.0,23.62142857142857,6.996419152136398,27.088266666666662,0.7818314824680298,0.6234898018587336,-0.4999999999999997,-0.8660254037844388,-0.12874817745258066,-0.99167731989929,14.15,25.7
2019-07-10,HP,NR,31.10002545,77.16659704,14.15,2019,7,2,191,0,0,18.4,95,14.15,26.7,29.0,21.828571428571426,7.653205055337779,26.59326666666667,0.9749279121818236,-0.22252093395631434,-0.4999999999999997,-0.8660254037844388,-0.14579919691987442,-0.9893142039703664,20.95,26.6
2019-07-11,HP,NR,31.10002545,77.16659704,20.95,2019,7,3,192,0,0,19.3,90,14.15,27.5,27.7,20.892857142857142,7.233108401154879,26.368266666666667,0.43388373911755823,-0.900968867902419,-0.4999999999999997,-0.8660254037844388,-0.16280701293851646,-0.9866579328916572,27.55,26.9
2019-07-12,HP,NR,31.10002545,77.16659704,27.55,2019,7,4,193,0,0,18.7,95,20.95,29.7,29.3,20.585714285714285,6.831283083830499,26.309933333333333,-0.433883739117558,-0.9009688679024191,-0.4999999999999997,-0.8660254037844388,-0.17976658572556214,-0.9837092937736098,27.9,26.4
2019-07-13,HP,NR,31.10002545,77.16659704,27.9,2019,7,5,194,1,0,17.8,95,27.55,28.7,29.8,20.47142857142857,6.67787747858912,26.2466,-0.9749279121818236,-0.2225209339563146,-0.4999999999999997,-0.8660254037844388,-0.19667288979357622,-0.9804691603616321,27.3,18.9
2019-07-14,HP,NR,31.10002545,77.16659704,27.3,2019,7,6,195,1,0,17.7,92,27.9,25.6,29.9,20.714285714285715,6.921928577939489,26.159933333333335,-0.7818314824680299,0.6234898018587334,-0.4999999999999997,-0.8660254037844388,-0.2135209154397959,-0.9769384927771817,28.2,21.7
2019-07-15,HP,NR,31.10002545,77.16659704,28.2,2019,7,0,196,0,0,17.7,90,27.3,13.0,25.5,22.885714285714283,6.467850897948663,26.249933333333335,0.0,1.0,-0.4999999999999997,-0.8660254037844388,-0.23030567023061196,-0.973118337233262,25.7,25.5
2019-07-16,HP,NR,31.10002545,77.16659704,25.7,2019,7,1,197,0,0,16.7,94,28.2,14.15,26.9,24.535714285714285,5.220928580060763,26.20993333333333,0.7818314824680298,0.6234898018587336,-0.4999999999999997,-0.8660254037844388,-0.24702218048093527,-0.9690098257244063,26.6,24.6
2019-07-17,HP,NR,31.10002545,77.16659704,26.6,2019,7,2,198,0,0,17.4,92,25.7,14.15,27.9,26.314285714285713,2.5100986510683705,26.1666,0.9749279121818236,-0.22252093395631434,-0.4999999999999997,-0.8660254037844388,-0.2636654927280072,-0.9646141756912435,26.9,29.0
2019-07-18,HP,NR,31.10002545,77.16659704,26.9,2019,7,3,199,0,0,18.4,93,26.6,20.95,29.2,27.164285714285715,0.8478965570330893,26.08993333333333,0.43388373911755823,-0.900968867902419,-0.4999999999999997,-0.8660254037844388,-0.2802306751992161,-0.9599326896597445,26.4,27.3
2019-07-19,HP,NR,31.10002545,77.16659704,26.4,2019,7,4,200,0,0,18.3,93,26.9,27.55,13.1,27.0,0.8717797887081338,26.53326666666667,-0.433883739117558,-0.9009688679024191,-0.4999999999999997,-0.8660254037844388,-0.2967128192734901,-0.9549667548552553,18.9,29.0
2019-07-20,HP,NR,31.10002545,77.16659704,18.9,2019,7,5,201,1,0,18.6,88,26.4,27.9,29.4,25.714285714285715,3.103454296655357,26.18326666666667,-0.9749279121818236,-0.2225209339563146,-0.4999999999999997,-0.8660254037844388,-0.3131070409358267,-0.9497178427914317,21.7,30.8
2019-07-21,HP,NR,31.10002545,77.16659704,21.7,2019,7,6,202,1,0,18.4,92,18.9,27.3,28.8,24.914285714285715,3.3393754762572914,25.946599999999997,-0.7818314824680299,0.6234898018587334,-0.4999999999999997,-0.8660254037844388,-0.3294084822245302,-0.9441875088341994,25.5,27.5
2019-07-22,HP,NR,31.10002545,77.16659704,25.5,2019,7,0,203,0,0,19.1,87,21.7,28.2,29.1,24.528571428571432,3.039031800707971,25.826599999999996,0.0,1.0,-0.4999999999999997,-0.8660254037844388,-0.3456123126707333,-0.9383773917408642,24.6,28.3
2019-07-23,HP,NR,31.10002545,77.16659704,24.6,2019,7,1,204,0,0,19.7,86,25.5,25.7,26.6,24.37142857142857,2.9965059017208144,25.759933333333333,0.7818314824680298,0.6234898018587336,-0.4999999999999997,-0.8660254037844388,-0.3617137307297674,-0.9322892131745134,29.0,24.7
2019-07-24,HP,NR,31.10002545,77.16659704,29.0,2019,7,2,205,0,0,20.3,86,24.6,26.6,31.865999999999996,24.714285714285715,3.403639508638062,25.6644,0.9749279121818236,-0.22252093395631434,-0.4999999999999997,-0.8660254037844388,-0.37770796520396466,-0.9259247771938499,27.3,29.0
2019-07-25,HP,NR,31.10002545,77.16659704,27.3,2019,7,3,206,0,0,19.0,91,29.0,26.9,31.865999999999996,24.77142857142857,3.4494996186472706,25.5122,0.43388373911755823,-0.900968867902419,-0.4999999999999997,-0.8660254037844388,-0.39359027665646645,-0.9192859697186105,29.0,29.4
2019-07-26,HP,NR,31.10002545,77.16659704,29.0,2019,7,4,207,0,0,18.5,93,27.3,26.4,31.3,25.142857142857142,3.7783846384652944,25.435533333333336,-0.433883739117558,-0.9009688679024191,-0.4999999999999997,-0.8660254037844388,-0.4093559588156211,-0.9123747579707274,30.8,29.6
2019-07-27,HP,NR,31.10002545,77.16659704,30.8,2019,7,5,208,1,0,18.0,97,29.0,18.9,31.6,26.842857142857145,3.121355017113103,25.408866666666665,-0.9749279121818236,-0.2225209339563146,-0.4999999999999997,-0.8660254037844388,-0.42500033996955394,-0.9051931898913975,27.5,29.8
2019-07-28,HP,NR,31.10002545,77.16659704,27.5,2019,7,6,209,1,0,18.8,92,30.8,21.7,31.865999999999996,27.67142857142857,2.146092795224443,25.263333333333332,-0.7818314824680299,0.6234898018587334,-0.4999999999999997,-0.8660254037844388,-0.4405187843504952,-0.8977433935342336,28.3,30.1
2019-07-29,HP,NR,31.10002545,77.16659704,28.3,2019,7,0,210,0,0,19.5,89,27.5,25.5,30.1,28.071428571428573,1.9232908305941634,25.20333333333333,0.0,1.0,-0.4999999999999997,-0.8660254037844388,-0.455906693508459,-0.8900275764346766,24.7,30.4
2019-07-30,HP,NR,31.10002545,77.16659704,24.7,2019,7,1,211,0,0,18.4,93,28.3,24.6,26.6,28.085714285714285,1.8933467471020395,25.14,0.7818314824680298,0.6234898018587336,-0.4999999999999997,-0.8660254037844388,-0.47115950767386394,-0.8820480249558535,29.0,28.2
2019-07-31,HP,NR,31.10002545,77.16659704,29.0,2019,7,2,212,0,0,18.6,87,24.7,29.0,24.2,28.085714285714285,1.8933467471020395,25.3,0.9749279121818236,-0.22252093395631434,-0.4999999999999997,-0.8660254037844388,-0.4862727071086902,-0.8738071036110807,29.4,20.6
2019-08-01,HP,NR,31.10002545,77.16659704,29.4,2019,8,3,213,0,0,18.6,91,29.0,27.3,25.7,28.38571428571429,1.9143567861717592,25.423333333333332,0.43388373911755823,-0.900968867902419,-0.8660254037844385,-0.5000000000000004,-0.5012418134457756,-0.8653072543632061,29.6,22.4
2019-08-02,HP,NR,31.10002545,77.16659704,29.6,2019,8,4,214,0,0,18.3,93,29.4,29.0,26.7,28.471428571428568,1.9593487742225932,25.52,-0.433883739117558,-0.9009688679024191,-0.8660254037844385,-0.5000000000000004,-0.5160623910158526,-0.8565509959010037,29.8,23.6
2019-08-03,HP,NR,31.10002545,77.16659704,29.8,2019,8,5,215,1,0,18.8,89,29.6,30.8,27.5,28.32857142857143,1.7904508610163667,25.596666666666668,-0.9749279121818236,-0.2225209339563146,-0.8660254037844385,-0.5000000000000004,-0.5307300481619331,-0.8475409228928312,30.1,23.8
2019-08-04,HP,NR,31.10002545,77.16659704,30.1,2019,8,6,216,1,0,19.1,90,29.8,27.5,29.7,28.7,1.8583146486355018,25.61,-0.7818314824680299,0.6234898018587334,-0.8660254037844385,-0.5000000000000004,-0.5452404385406507,-0.8382797052177745,30.4,24.3
2019-08-05,HP,NR,31.10002545,77.16659704,30.4,2019,8,0,217,0,0,19.4,94,30.1,28.3,28.7,29.0,1.9502136635079963,25.666666666666668,0.0,1.0,-0.8660254037844385,-0.5000000000000004,-0.5595892624101763,-0.828770087174504,28.2,24.8
2019-08-06,HP,NR,31.10002545,77.16659704,28.2,2019,8,1,218,0,0,19.3,94,30.4,24.7,25.6,29.5,0.7325753658611518,25.753333333333334,0.7818314824680298,0.6234898018587336,-0.8660254037844385,-0.5000000000000004,-0.5737722679043243,-0.8190148866680802,20.6,24.1
2019-08-08,HP,NR,31.10002545,77.16659704,20.6,2019,8,3,220,0,0,19.9,85,28.2,29.0,13.0,28.3,3.466506406552082,26.006666666666668,0.43388373911755823,-0.900968867902419,-0.8660254037844385,-0.5000000000000004,-0.6016240632249227,-0.7987793728863648,22.4,27.0
2019-08-09,HP,NR,31.10002545,77.16659704,22.4,2019,8,4,221,0,0,18.5,93,20.6,29.4,14.15,27.3,4.055859958134649,26.28166666666667,-0.433883739117558,-0.9009688679024191,-0.8660254037844385,-0.5000000000000004,-0.6152845999633277,-0.7883050558305253,23.6,26.9
2019-08-10,HP,NR,31.10002545,77.16659704,23.6,2019,8,5,222,1,0,19.2,94,22.4,29.6,14.15,26.442857142857143,4.122239335950444,26.596666666666668,-0.9749279121818236,-0.2225209339563146,-0.8660254037844385,-0.5000000000000004,-0.6287628145958345,-0.7775971469736268,23.8,28.0
2019-08-11,HP,NR,31.10002545,77.16659704,23.8,2019,8,6,223,1,0,19.2,93,23.6,29.8,20.95,25.585714285714285,3.9270126777779324,26.691666666666666,-0.7818314824680299,0.6234898018587334,-0.8660254037844385,-0.5000000000000004,-0.6420547132365636,-0.7666588193001592,24.3,26.9
2019-08-12,HP,NR,31.10002545,77.16659704,24.3,2019,8,0,224,0,1,19.2,94,23.8,30.1,27.55,24.75714285714286,3.391094780380499,26.583333333333332,0.0,1.0,-0.8660254037844385,-0.5000000000000004,-0.655156357209085,-0.7554933140726804,24.8,26.2
2019-08-13,HP,NR,31.10002545,77.16659704,24.8,2019,8,1,225,0,0,19.3,92,24.3,30.4,27.9,23.957142857142856,2.333707453000601,26.48,0.7818314824680298,0.6234898018587336,-0.8660254037844385,-0.5000000000000004,-0.6680638642135333,-0.7441039398713608,24.1,26.8
2019-08-14,HP,NR,31.10002545,77.16659704,24.1,2019,8,2,226,0,0,19.2,89,24.8,28.2,27.3,23.371428571428574,1.4314494818357049,26.373333333333335,0.9749279121818236,-0.22252093395631434,-0.8660254037844385,-0.5000000000000004,-0.6807734094770159,-0.7324940716135792,27.0,25.8
2019-08-15,HP,NR,31.10002545,77.16659704,27.0,2019,8,3,227,0,1,19.1,92,24.1,20.6,28.2,24.285714285714285,1.4099983113803045,26.333333333333332,0.43388373911755823,-0.900968867902419,-0.8660254037844385,-0.5000000000000004,-0.6932812268869771,-0.7206671495538615,26.9,29.7
2019-08-16,HP,NR,31.10002545,77.16659704,26.9,2019,8,4,228,0,0,18.4,94,27.0,22.4,25.7,24.928571428571427,1.4326133296814627,26.373333333333335,-0.433883739117558,-0.9009688679024191,-0.8660254037844385,-0.5000000000000004,-0.7055836101071774,-0.70862667826446,28.0,30.0
2019-08-17,HP,NR,31.10002545,77.16659704,28.0,2019,8,5,229,1,0,17.7,95,26.9,23.6,26.6,25.557142857142857,1.6939668856042769,26.42,-0.9749279121818236,-0.2225209339563146,-0.8660254037844385,-0.5000000000000004,-0.7176769136759615,-0.6963762255968726,26.9,31.5
2019-08-18,HP,NR,31.10002545,77.16659704,26.9,2019,8,6,230,1,0,17.0,95,28.0,23.8,26.9,26.0,1.5577761927397347,26.42,-0.7818314824680299,0.6234898018587334,-0.8660254037844385,-0.5000000000000004,-0.7295575540864876,-0.6839194216246105,26.2,31.1
2019-08-19,HP,NR,31.10002545,77.16659704,26.2,2019,8,0,231,0,0,17.0,90,26.9,24.3,26.4,26.27142857142857,1.3659115219201858,26.413333333333334,0.0,1.0,-0.8660254037844385,-0.5000000000000004,-0.7412220108485957,-0.6712599575675315,26.8,30.4
2019-08-20,HP,NR,31.10002545,77.16659704,26.8,2019,8,1,232,0,0,17.7,86,26.2,24.8,18.9,26.557142857142857,1.2067271755415572,26.676666666666666,0.7818314824680298,0.6234898018587336,-0.8660254037844385,-0.5000000000000004,-0.7526668275320083,-0.6584015846980489,25.8,30.3
2019-08-21,HP,NR,31.10002545,77.16659704,25.8,2019,8,2,233,0,0,18.2,82,26.8,24.1,21.7,26.800000000000004,0.6904105059069506,26.813333333333336,0.9749279121818236,-0.22252093395631434,-0.8660254037844385,-0.5000000000000004,-0.7638886127905429,-0.64534811322955,29.7,28.2
2019-08-22,HP,NR,31.10002545,77.16659704,29.7,2019,8,3,234,0,0,18.0,87,25.8,27.0,25.5,27.185714285714287,1.30310983347347,26.953333333333333,0.43388373911755823,-0.900968867902419,-0.8660254037844385,-0.5000000000000004,-0.7748840413670406,-0.6321034111873488,30.0,29.6
2019-08-23,HP,NR,31.10002545,77.16659704,30.0,2019,8,4,235,0,0,18.8,88,29.7,26.9,24.6,27.62857142857143,1.6660475040389136,27.133333333333333,-0.433883739117558,-0.9009688679024191,-0.8660254037844385,-0.5000000000000004,-0.7856498550787144,-0.6186714032625032,31.5,30.0
2019-08-24,HP,NR,31.10002545,77.16659704,31.5,2019,8,5,236,1,1,18.2,96,30.0,28.0,29.0,28.12857142857143,2.2268919190314596,27.216666666666665,-0.9749279121818236,-0.2225209339563146,-0.8660254037844385,-0.5000000000000004,-0.7961828637826154,-0.6050560696488494,31.1,31.5
2019-08-25,HP,NR,31.10002545,77.16659704,31.1,2019,8,6,237,1,0,17.6,93,31.5,26.9,27.3,28.728571428571428,2.3998015790993232,27.34333333333333,-0.7818314824680299,0.6234898018587334,-0.8660254037844385,-0.5000000000000004,-0.8064799463209447,-0.5912614448635782,30.4,30.5
2019-08-26,HP,NR,31.10002545,77.16659704,30.4,2019,8,0,238,0,0,19.2,85,31.1,26.2,29.0,29.32857142857143,2.1769353731903918,27.389999999999997,0.0,1.0,-0.8660254037844385,-0.5000000000000004,-0.8165380514459157,-0.5772916165517278,30.3,29.8
2019-08-27,HP,NR,31.10002545,77.16659704,30.3,2019,8,1,239,0,0,19.0,86,30.4,26.8,30.8,29.82857142857143,1.8812356628151552,27.373333333333335,0.7818314824680298,0.6234898018587336,-0.8660254037844385,-0.5000000000000004,-0.8263541987239094,-0.5631507242749187,28.2,31.0
2019-08-28,HP,NR,31.10002545,77.16659704,28.2,2019,8,2,240,0,0,19.5,86,30.3,25.8,27.5,30.17142857142857,1.067261738772439,27.396666666666665,0.9749279121818236,-0.22252093395631434,-0.8660254037844385,-0.5000000000000004,-0.8359254794186365,-0.5488429582847199,29.6,27.0
2019-08-29,HP,NR,31.10002545,77.16659704,29.6,2019,8,3,241,0,0,19.4,91,28.2,29.7,28.3,30.157142857142855,1.0752629800148552,27.44,0.43388373911755823,-0.900968867902419,-0.8660254037844385,-0.5000000000000004,-0.8452490573530634,-0.5343725582809785,30.0,24.6
2019-08-30,HP,NR,31.10002545,77.16659704,30.0,2019,8,4,242,0,0,18.8,92,29.6,30.0,24.7,30.157142857142855,1.0752629800148552,27.616666666666667,-0.433883739117558,-0.9009688679024191,-0.8660254037844385,-0.5000000000000004,-0.8543221697498269,-0.5197438121555157,31.5,24.1
2019-08-31,HP,NR,31.10002545,77.16659704,31.5,2019,8,5,243,1,0,18.9,89,30.0,31.5,29.0,30.157142857142855,1.0752629800148552,27.7,-0.9749279121818236,-0.2225209339563146,-0.8660254037844385,-0.5000000000000004,-0.8631421280499115,-0.5049610547215202,30.5,24.7
2019-09-01,HP,NR,31.10002545,77.16659704,30.5,2019,9,6,244,1,0,18.6,97,31.5,31.1,29.4,30.071428571428573,1.0094788848943654,27.736666666666668,-0.7818314824680299,0.6234898018587334,-1.0,-1.8369701987210297e-16,-0.8717063187093217,-0.4900286664290594,29.8,24.7
2019-09-02,HP,NR,31.10002545,77.16659704,29.8,2019,9,0,245,0,0,18.6,95,30.5,30.4,29.6,29.985714285714288,1.002378124642522,27.743333333333332,0.0,1.0,-1.0,-1.8369701987210297e-16,-0.8800122039735356,-0.4749510720670502,31.0,21.5
2019-09-03,HP,NR,31.10002545,77.16659704,31.0,2019,9,1,246,0,0,18.8,87,29.8,30.3,29.8,30.085714285714285,1.071492061610906,27.783333333333335,0.7818314824680298,0.6234898018587336,-1.0,-1.8369701987210297e-16,-0.888057322629493,-0.4597327394521046,27.0,21.1
2019-09-04,HP,NR,31.10002545,77.16659704,27.0,2019,9,2,247,0,0,18.6,93,31.0,28.2,30.1,29.914285714285715,1.4519281105120856,27.68,0.9749279121818236,-0.22252093395631434,-1.0,-1.8369701987210297e-16,-0.8958392907349089,-0.4443781781046134,24.6,28.3
2019-09-05,HP,NR,31.10002545,77.16659704,24.6,2019,9,3,248,0,0,18.5,96,27.0,29.6,30.4,29.2,2.490649179096348,27.486666666666668,0.43388373911755823,-0.900968867902419,-1.0,-1.8369701987210297e-16,-0.9033558023246842,-0.4288919379124841,24.1,28.3
2019-09-06,HP,NR,31.10002545,77.16659704,24.1,2019,9,4,249,0,0,18.8,90,24.6,30.0,28.2,28.357142857142858,3.0988477121112528,27.35,-0.433883739117558,-0.9009688679024191,-1.0,-1.8369701987210297e-16,-0.9106046300942162,-0.41327860778290443,24.7,29.1
2019-09-08,HP,NR,31.10002545,77.16659704,24.7,2019,9,6,251,1,0,18.3,89,24.1,31.5,20.6,27.38571428571429,3.0140938778946387,27.486666666666668,-0.7818314824680299,0.6234898018587334,-1.0,-1.8369701987210297e-16,-0.9242907221930934,-0.3816892202666586,24.7,29.3
2019-09-09,HP,NR,31.10002545,77.16659704,24.7,2019,9,0,252,0,0,18.4,87,24.7,30.5,22.4,26.557142857142857,2.8052671547508403,27.563333333333333,0.0,1.0,-1.0,-1.8369701987210297e-16,-0.9307239310379793,-0.3657225234972692,21.5,29.5
2019-09-10,HP,NR,31.10002545,77.16659704,21.5,2019,9,1,253,0,1,18.7,87,24.7,29.8,23.6,25.37142857142857,2.956188021599391,27.493333333333332,0.7818314824680298,0.6234898018587336,-1.0,-1.8369701987210297e-16,-0.9368813462954315,-0.34964745525122826,21.1,30.3
2019-09-11,HP,NR,31.10002545,77.16659704,21.1,2019,9,2,254,0,0,19.0,89,21.5,31.0,23.8,23.957142857142856,2.0411248066178165,27.403333333333332,0.9749279121818236,-0.22252093395631434,-1.0,-1.8369701987210297e-16,-0.9427611433904206,-0.33346877891818705,28.3,28.0
2019-09-12,HP,NR,31.10002545,77.16659704,28.3,2019,9,3,255,0,0,18.9,94,21.1,27.0,24.3,24.142857142857142,2.392945982714741,27.536666666666665,0.43388373911755823,-0.900968867902419,-1.0,-1.8369701987210297e-16,-0.9483615800121716,-0.31719128858910595,28.3,23.2
2019-09-13,HP,NR,31.10002545,77.16659704,28.3,2019,9,4,256,0,0,18.3,92,28.3,24.6,24.8,24.671428571428574,2.8715351792576764,27.653333333333332,-0.433883739117558,-0.9009688679024191,-1.0,-1.8369701987210297e-16,-0.9536809966304455,-0.300819807635668,29.1,25.3
2019-09-14,HP,NR,31.10002545,77.16659704,29.1,2019,9,5,257,1,0,17.7,90,28.3,24.1,24.1,25.38571428571429,3.296173828056102,27.82,-0.9749279121818236,-0.2225209339563146,-1.0,-1.8369701987210297e-16,-0.9587178169872964,-0.2843591872810036,29.3,26.0
2019-09-15,HP,NR,31.10002545,77.16659704,29.3,2019,9,6,258,1,0,17.6,94,29.1,24.7,27.0,26.042857142857144,3.5827629667884215,27.896666666666665,-0.7818314824680299,0.6234898018587334,-1.0,-1.8369701987210297e-16,-0.9634705485641486,-0.26781430516217486,29.5,25.8
2019-09-16,HP,NR,31.10002545,77.16659704,29.5,2019,9,0,259,0,0,17.4,89,29.3,24.7,26.9,26.72857142857143,3.738856458738112,27.983333333333334,0.0,1.0,-1.0,-1.8369701987210297e-16,-0.9679377830240642,-0.25119006388481957,30.3,26.6
2019-09-17,HP,NR,31.10002545,77.16659704,30.3,2019,9,1,260,0,0,17.0,84,29.5,21.5,28.0,27.985714285714288,3.11524668441553,28.060000000000002,0.7818314824680298,0.6234898018587336,-1.0,-1.8369701987210297e-16,-0.9721181966290612,-0.23449138957041052,28.0,26.1
2019-09-18,HP,NR,31.10002545,77.16659704,28.0,2019,9,2,261,0,0,16.0,86,30.3,21.1,26.9,28.97142857142857,0.8179533110438826,28.09666666666667,0.9749279121818236,-0.22252093395631434,-1.0,-1.8369701987210297e-16,-0.9760105506323682,-0.21772323039653224,23.2,22.5
2019-09-19,HP,NR,31.10002545,77.16659704,23.2,2019,9,3,262,0,0,15.7,90,28.0,28.3,26.2,28.24285714285714,2.350785076562833,27.996666666666666,0.43388373911755823,-0.900968867902419,-1.0,-1.8369701987210297e-16,-0.9796136916454901,-0.20089055513063528,25.3,27.4
2019-09-20,HP,NR,31.10002545,77.16659704,25.3,2019,9,4,263,0,0,15.9,89,23.2,28.3,26.8,27.814285714285713,2.598992478781337,27.94666666666667,-0.433883739117558,-0.9009688679024191,-1.0,-1.8369701987210297e-16,-0.9829265519799822,-0.18399835165767986,26.0,26.8
2019-09-21,HP,NR,31.10002545,77.16659704,26.0,2019,9,5,264,1,0,16.0,86,25.3,29.1,25.8,27.37142857142857,2.6074983449750606,27.953333333333333,-0.9749279121818236,-0.2225209339563146,-1.0,-1.8369701987210297e-16,-0.9859481499638303,-0.1670516255021195,25.8,28.1
2019-09-22,HP,NR,31.10002545,77.16659704,25.8,2019,9,6,265,1,0,15.9,84,26.0,29.3,29.7,26.871428571428574,2.509790353604796,27.823333333333334,-0.7818314824680299,0.6234898018587334,-1.0,-1.8369701987210297e-16,-0.9886775902323404,-0.15005539834465262,26.6,28.1
2019-09-23,HP,NR,31.10002545,77.16659704,26.6,2019,9,0,266,0,0,15.6,87,25.8,29.5,30.0,26.45714285714286,2.2269988346480747,27.71,0.0,1.0,-1.0,-1.8369701987210297e-16,-0.9911140639934546,-0.13301470653419636,26.1,28.1
2019-09-24,HP,NR,31.10002545,77.16659704,26.1,2019,9,1,267,0,0,15.9,91,26.6,30.3,31.5,25.857142857142858,1.4489733639801283,27.530000000000005,0.7818314824680298,0.6234898018587336,-1.0,-1.8369701987210297e-16,-0.9932568492674143,-0.11593459959550066,22.5,27.8
2019-09-25,HP,NR,31.10002545,77.16659704,22.5,2019,9,2,268,0,0,16.0,92,26.1,28.0,31.1,25.071428571428573,1.5787276371752805,27.243333333333336,0.9749279121818236,-0.22252093395631434,-1.0,-1.8369701987210297e-16,-0.9951053111006974,-0.09882013873287211,27.4,23.7
2019-09-26,HP,NR,31.10002545,77.16659704,27.4,2019,9,3,269,0,0,16.0,91,22.5,23.2,30.4,25.671428571428574,1.5467323467171155,27.143333333333334,0.43388373911755823,-0.900968867902419,-1.0,-1.8369701987210297e-16,-0.99665890175417,-0.08167639533042288,26.8,28.5
2019-09-27,HP,NR,31.10002545,77.16659704,26.8,2019,9,4,270,0,0,15.5,95,27.4,25.3,30.3,25.88571428571429,1.5899985025449923,27.026666666666664,-0.433883739117558,-0.9009688679024191,-1.0,-1.8369701987210297e-16,-0.9979171608653922,-0.06450844944931625,28.1,25.8
2019-09-28,HP,NR,31.10002545,77.16659704,28.1,2019,9,5,271,1,0,15.3,95,26.8,26.0,28.2,26.185714285714287,1.7994708216848956,27.023333333333333,-0.9749279121818236,-0.2225209339563146,-1.0,-1.8369701987210297e-16,-0.9988797155850335,-0.04732138832243232,28.1,30.3
2019-09-29,HP,NR,31.10002545,77.16659704,28.1,2019,9,6,272,1,0,14.9,91,28.1,25.8,29.6,26.514285714285712,1.9230432231479633,26.973333333333336,-0.7818314824680299,0.6234898018587334,-1.0,-1.8369701987210297e-16,-0.9995462806873573,-0.03012030484690836,28.1,29.7
2019-09-30,HP,NR,31.10002545,77.16659704,28.1,2019,9,0,273,0,0,14.7,93,28.1,26.6,30.0,26.728571428571428,2.015534904778634,26.910000000000004,0.0,1.0,-1.0,-1.8369701987210297e-16,-0.9999166586547379,-0.012910296075008843,27.8,29.9
2019-10-01,HP,NR,31.10002545,77.16659704,27.8,2019,10,1,274,0,0,14.1,93,28.1,26.1,31.5,26.97142857142857,2.0295436972501184,26.78666666666667,0.7818314824680298,0.6234898018587336,-0.8660254037844386,0.5000000000000001,-0.9999907397361901,0.004303538296243821,23.7,29.3
2019-10-02,HP,NR,31.10002545,77.16659704,23.7,2019,10,2,275,0,1,14.2,86,27.8,22.5,30.5,27.142857142857142,1.5925421426733217,26.560000000000002,0.9749279121818236,-0.22252093395631434,-0.8660254037844386,0.5000000000000001,-0.9997685019798909,0.021516097436222233,28.5,25.3
2019-10-03,HP,NR,31.10002545,77.16659704,28.5,2019,10,3,276,0,0,14.9,81,23.7,27.4,29.8,27.3,1.6743157806499316,26.51666666666667,0.43388373911755823,-0.900968867902419,-0.8660254037844386,0.5000000000000001,-0.9992500112396835,0.03872228089217399,25.8,27.7
2019-10-04,HP,NR,31.10002545,77.16659704,25.8,2019,10,4,277,0,0,14.1,80,28.5,26.8,31.0,27.157142857142855,1.7643290914274472,26.343333333333337,-0.433883739117558,-0.9009688679024191,-0.8660254037844386,0.5000000000000001,-0.9984354211555643,0.05591699010060302,30.3,28.0
2019-10-05,HP,NR,31.10002545,77.16659704,30.3,2019,10,5,278,1,0,13.9,76,25.8,28.1,27.0,27.47142857142857,2.120309950387994,26.453333333333333,-0.9749279121818236,-0.2225209339563146,-0.8660254037844386,0.5000000000000001,-0.9973249731081555,0.07309512989807776,29.7,29.6
2019-10-06,HP,NR,31.10002545,77.16659704,29.7,2019,10,6,279,1,0,14.3,77,30.3,28.1,24.6,27.7,2.279619851349499,26.623333333333335,-0.7818314824680299,0.6234898018587334,-0.8660254037844386,0.5000000000000001,-0.9959189961471792,0.0902516100310407,29.9,28.2
2019-10-08,HP,NR,31.10002545,77.16659704,29.9,2019,10,1,281,0,1,13.7,71,29.7,28.1,24.1,27.95714285714286,2.428893536062017,26.816666666666666,0.7818314824680298,0.6234898018587336,-0.8660254037844386,0.5000000000000001,-0.9922222094179324,0.12447926388678869,29.3,28.2
2019-10-09,HP,NR,31.10002545,77.16659704,29.3,2019,10,2,282,0,0,12.7,79,29.9,27.8,24.7,28.17142857142857,2.4783827291968015,26.970000000000002,0.9749279121818236,-0.22252093395631434,-0.8660254037844386,0.5000000000000001,-0.989932495087353,0.141540295217043,25.3,27.2
2019-10-10,HP,NR,31.10002545,77.16659704,25.3,2019,10,3,283,0,0,12.8,80,29.3,23.7,24.7,28.400000000000002,2.030599254735744,26.990000000000002,0.43388373911755823,-0.900968867902419,-0.8660254037844386,0.5000000000000001,-0.9873494423939864,0.15855938510313475,27.7,23.7
2019-10-11,HP,NR,31.10002545,77.16659704,27.7,2019,10,4,284,0,0,13.0,82,25.3,28.5,21.5,28.285714285714285,2.0464836276147595,27.19666666666667,-0.433883739117558,-0.9009688679024191,-0.8660254037844386,0.5000000000000001,-0.9844738167520923,0.17553149042142777,28.0,28.4
2019-10-12,HP,NR,31.10002545,77.16659704,28.0,2019,10,5,285,1,0,13.0,79,27.7,25.8,21.1,28.599999999999998,1.7483325389257869,27.42666666666667,-0.9749279121818236,-0.2225209339563146,-0.8660254037844386,0.5000000000000001,-0.9813064702716093,0.19245158197082995,29.6,28.7
2019-10-13,HP,NR,31.10002545,77.16659704,29.6,2019,10,6,286,1,0,12.9,78,28.0,30.3,28.3,28.5,1.6522711641858376,27.469999999999995,-0.7818314824680299,0.6234898018587334,-0.8660254037844386,0.5000000000000001,-0.9778483415056567,0.20931464596304888,28.2,30.7
2019-10-14,HP,NR,31.10002545,77.16659704,28.2,2019,10,0,287,0,0,13.1,82,29.6,29.7,28.3,28.285714285714285,1.5657038581508957,27.466666666666665,0.0,1.0,-0.8660254037844386,0.5000000000000001,-0.9741004551724206,0.22611568550828803,28.2,31.1
2019-10-15,HP,NR,31.10002545,77.16659704,28.2,2019,10,1,288,0,0,12.7,84,28.2,29.9,29.1,28.04285714285714,1.3962534904249462,27.436666666666667,0.7818314824680298,0.6234898018587336,-0.8660254037844386,0.5000000000000001,-0.970063921851507,0.2428497220959358,27.2,31.1
2019-10-16,HP,NR,31.10002545,77.16659704,27.2,2019,10,2,289,0,0,13.0,81,28.2,29.3,29.3,27.742857142857144,1.3036578575392597,27.366666666666667,0.9749279121818236,-0.22252093395631434,-0.8660254037844386,0.5000000000000001,-0.965739937654855,0.25951179706979943,23.7,31.3
2019-10-17,HP,NR,31.10002545,77.16659704,23.7,2019,10,3,290,0,0,12.4,79,27.2,25.3,29.5,27.514285714285712,1.8352371067781104,27.173333333333336,0.43388373911755823,-0.900968867902419,-0.8660254037844386,0.5000000000000001,-0.9611297838723007,0.27609697309746883,28.4,28.7
2019-10-18,HP,NR,31.10002545,77.16659704,28.4,2019,10,4,291,0,0,12.1,76,23.7,27.7,30.3,27.614285714285717,1.8658586686640066,27.11,-0.433883739117558,-0.9009688679024191,-0.8660254037844386,0.5000000000000001,-0.9562348265919058,0.2926003356333479,28.7,29.1
2019-10-19,HP,NR,31.10002545,77.16659704,28.7,2019,10,5,292,1,0,11.9,73,28.4,28.0,28.0,27.714285714285715,1.9082527535493343,27.133333333333333,-0.9749279121818236,-0.2225209339563146,-0.8660254037844386,0.5000000000000001,-0.9510565162951536,0.30901699437494723,30.7,29.6
2019-10-20,HP,NR,31.10002545,77.16659704,30.7,2019,10,6,293,1,0,12.0,68,28.7,29.6,23.2,27.87142857142857,2.122666786312521,27.383333333333333,-0.7818314824680299,0.6234898018587334,-0.8660254037844386,0.5000000000000001,-0.9455963874271428,0.3253420847119795,31.1,29.4
2019-10-21,HP,NR,31.10002545,77.16659704,31.1,2019,10,0,294,0,0,11.5,73,30.7,28.2,25.3,28.285714285714285,2.4545390411973362,27.576666666666664,0.0,1.0,-0.8660254037844386,0.5000000000000001,-0.9398560579418953,0.341570769167856,31.1,22.8
2019-10-22,HP,NR,31.10002545,77.16659704,31.1,2019,10,1,295,0,0,11.8,66,31.1,28.2,26.0,28.7,2.672701504720151,27.746666666666666,0.7818314824680298,0.6234898018587336,-0.8660254037844386,0.5000000000000001,-0.9338372288229252,0.35769823883312546,31.3,26.6
2019-10-23,HP,NR,31.10002545,77.16659704,31.3,2019,10,2,296,0,0,11.5,69,31.1,27.2,25.8,29.285714285714285,2.737656279513905,27.93,0.9749279121818236,-0.22252093395631434,-0.8660254037844386,0.5000000000000001,-0.9275416835791965,0.3737197147904692,28.7,29.6
2019-10-24,HP,NR,31.10002545,77.16659704,28.7,2019,10,3,297,0,0,11.5,70,31.3,23.7,26.6,30.0,1.325393023471401,28.0,0.43388373911755823,-0.900968867902419,-0.8660254037844386,0.5000000000000001,-0.9209712877166347,0.38963044953078774,29.1,31.865999999999996
2019-10-25,HP,NR,31.10002545,77.16659704,29.1,2019,10,4,298,0,0,10.6,76,28.7,28.4,26.1,30.099999999999998,1.2055427546683382,28.1,-0.433883739117558,-0.9009688679024191,-0.8660254037844386,0.5000000000000001,-0.9141279881853337,0.4054257283599973,29.6,12.4
2019-10-26,HP,NR,31.10002545,77.16659704,29.6,2019,10,5,299,1,0,10.9,79,29.1,28.7,22.5,30.22857142857143,1.071936387593782,28.336666666666662,-0.9749279121818236,-0.2225209339563146,-0.8660254037844386,0.5000000000000001,-0.9070138128026362,0.42110087079608916,29.4,13.1
2019-10-27,HP,NR,31.10002545,77.16659704,29.4,2019,10,6,300,1,1,11.4,75,29.6,30.7,27.4,30.04285714285714,1.08912371941413,28.403333333333332,-0.7818314824680299,0.6234898018587334,-0.8660254037844386,0.5000000000000001,-0.8996308696522434,0.4366512319560638,22.8,12.8
2019-10-28,HP,NR,31.10002545,77.16659704,22.8,2019,10,0,301,0,0,12.0,78,29.4,31.1,26.8,28.857142857142858,2.846551798730732,28.27,0.0,1.0,-0.8660254037844386,0.5000000000000001,-0.8919813464595487,0.45207220393230374,26.6,13.3
2019-10-29,HP,NR,31.10002545,77.16659704,26.6,2019,10,1,302,0,0,12.9,79,22.8,31.1,28.1,28.214285714285715,2.762504040074622,28.220000000000002,0.7818314824680298,0.6234898018587336,-0.8660254037844386,0.5000000000000001,-0.8840675099433637,0.46735921715800205,29.6,14.0
2019-10-30,HP,NR,31.10002545,77.16659704,29.6,2019,10,2,303,0,0,11.6,83,26.6,31.3,28.1,27.97142857142857,2.5091261996388963,28.27,0.9749279121818236,-0.22252093395631434,-0.8660254037844386,0.5000000000000001,-0.8758917051442433,0.48250774176121763,31.865999999999996,14.1
2019-10-31,HP,NR,31.10002545,77.16659704,31.865999999999996,2019,10,3,304,0,0,12.1,73,29.6,28.7,28.1,28.423714285714286,2.9148819138051887,28.395533333333333,0.43388373911755823,-0.900968867902419,-0.8660254037844386,0.5000000000000001,-0.8674563547295971,0.4975132889071803,12.4,12.4
2019-11-01,HP,NR,31.10002545,77.16659704,12.4,2019,11,4,305,0,0,11.9,69,31.865999999999996,29.1,27.8,26.038000000000004,6.676324437892461,27.8822,-0.433883739117558,-0.9009688679024191,-0.5000000000000004,0.8660254037844384,-0.858763958275803,0.5123714121284235,13.1,27.3
2019-11-02,HP,NR,31.10002545,77.16659704,13.1,2019,11,5,306,1,0,12.2,69,12.4,29.6,23.7,23.680857142857143,7.992194013089103,27.528866666666666,-0.9749279121818236,-0.2225209339563146,-0.5000000000000004,0.8660254037844384,-0.8498170915275277,0.5270777086423724,12.8,26.8
2019-11-03,HP,NR,31.10002545,77.16659704,12.8,2019,11,6,307,1,0,11.1,77,13.1,29.4,28.5,21.309428571428572,8.46138024314283,27.005533333333332,-0.7818314824680299,0.6234898018587334,-0.5000000000000004,0.8660254037844384,-0.8406184056344783,0.5416278206559811,13.3,27.9
2019-11-04,HP,NR,31.10002545,77.16659704,13.3,2019,11,0,308,0,0,10.8,75,12.8,22.8,25.8,19.952285714285715,8.931274819686278,26.588866666666668,0.0,1.0,-0.5000000000000004,0.8660254037844384,-0.8311706263658079,0.5560174366570446,14.0,28.5
2019-11-05,HP,NR,31.10002545,77.16659704,14.0,2019,11,1,309,0,0,10.9,71,13.3,26.6,30.3,18.152285714285714,8.632917809452502,26.045533333333335,0.7818314824680298,0.6234898018587336,-0.5000000000000004,0.8660254037844384,-0.8214765533024145,0.5702422926917867,14.1,27.8
2019-11-06,HP,NR,31.10002545,77.16659704,14.1,2019,11,2,310,0,0,9.4,71,14.0,29.6,29.7,15.938,7.049976926676214,25.525533333333332,0.9749279121818236,-0.22252093395631434,-0.5000000000000004,0.8660254037844384,-0.8115390590073611,0.5842981736283683,12.4,27.6
2019-11-08,HP,NR,31.10002545,77.16659704,12.4,2019,11,4,312,0,0,9.4,73,14.1,31.865999999999996,29.9,13.157142857142857,0.6948792289726078,24.942200000000003,-0.433883739117558,-0.9009688679024191,-0.5000000000000004,0.8660254037844384,-0.7909456567567774,0.6118864012687242,27.3,25.3
2019-11-09,HP,NR,31.10002545,77.16659704,27.3,2019,11,5,313,1,0,10.3,69,12.4,12.4,29.3,15.285714285714286,5.332738062018011,24.875533333333333,-0.9749279121818236,-0.2225209339563146,-0.5000000000000004,0.8660254037844384,-0.780295851070776,0.6254105729852457,26.8,28.1
2019-11-10,HP,NR,31.10002545,77.16659704,26.8,2019,11,6,314,1,1,9.8,69,27.3,13.1,25.3,17.242857142857144,6.72826306036886,24.92553333333333,-0.7818314824680299,0.6234898018587334,-0.5000000000000004,0.8660254037844384,-0.7694148268839381,0.6387494220515268,27.9,28.1
2019-11-11,HP,NR,31.10002545,77.16659704,27.9,2019,11,0,315,0,0,9.9,76,26.8,12.8,27.7,19.400000000000002,7.448489779814449,24.9322,0.0,1.0,-0.5000000000000004,0.8660254037844384,-0.7583058084785625,0.6518989958787125,28.5,29.9
2019-11-12,HP,NR,31.10002545,77.16659704,28.5,2019,11,1,316,0,1,10.8,63,27.9,13.3,28.0,21.571428571428573,7.588085899556481,24.948866666666667,0.7818314824680298,0.6234898018587336,-0.5000000000000004,0.8660254037844384,-0.7469720876965551,0.6648553979642866,27.8,29.2
2019-11-13,HP,NR,31.10002545,77.16659704,27.8,2019,11,2,317,0,0,10.6,62,28.5,14.0,29.6,23.542857142857144,7.067969331865464,24.88886666666667,0.9749279121818236,-0.22252093395631434,-0.5000000000000004,0.8660254037844384,-0.7354170229639858,0.6776147890466887,27.6,29.1
2019-11-14,HP,NR,31.10002545,77.16659704,27.6,2019,11,3,318,0,0,11.0,59,27.8,14.1,28.2,25.47142857142857,5.7878361776269935,24.86886666666667,0.43388373911755823,-0.900968867902419,-0.5000000000000004,0.8660254037844384,-0.7236440382959124,0.690173388242972,25.3,28.0
2019-11-15,HP,NR,31.10002545,77.16659704,25.3,2019,11,4,319,0,0,11.2,66,27.6,12.4,28.2,27.314285714285717,1.0318730080596648,24.772199999999998,-0.433883739117558,-0.9009688679024191,-0.5000000000000004,0.8660254037844384,-0.711656622281775,0.7025274741691566,28.1,25.2
2019-11-16,HP,NR,31.10002545,77.16659704,28.1,2019,11,5,320,1,0,10.6,66,25.3,27.3,27.2,27.428571428571427,1.0734900802434768,24.802200000000003,-0.9749279121818236,-0.2225209339563146,-0.5000000000000004,0.8660254037844384,-0.6994583270516471,0.7146733860429608,28.1,28.4
2019-11-17,HP,NR,31.10002545,77.16659704,28.1,2019,11,6,321,1,0,10.7,62,28.1,26.8,23.7,27.614285714285717,1.0589752458999036,24.948866666666667,-0.7818314824680299,0.6234898018587334,-0.5000000000000004,0.8660254037844384,-0.6870527672236675,0.7266075247685652,29.9,29.0
2019-11-18,HP,NR,31.10002545,77.16659704,29.9,2019,11,0,322,0,0,9.6,71,28.1,27.9,28.4,27.900000000000002,1.372345923349327,24.998866666666668,0.0,1.0,-0.5000000000000004,0.8660254037844384,-0.6744436188329457,0.7383263540031063,29.2,28.0
2019-11-19,HP,NR,31.10002545,77.16659704,29.2,2019,11,1,323,0,0,8.9,76,29.9,28.5,28.7,28.0,1.4468356276141092,25.015533333333334,0.7818314824680298,0.6234898018587336,-0.5000000000000004,0.8660254037844384,-0.661634618242279,0.749826401204568,29.1,27.5
2019-11-20,HP,NR,31.10002545,77.16659704,29.1,2019,11,2,324,0,0,8.9,77,29.2,27.8,30.7,28.185714285714287,1.499364944933492,24.9622,0.9749279121818236,-0.22252093395631434,-0.5000000000000004,0.8660254037844384,-0.6486295610349818,0.7611042586607742,28.0,26.9
2019-11-21,HP,NR,31.10002545,77.16659704,28.0,2019,11,3,325,0,0,9.2,77,29.1,27.6,31.1,28.24285714285714,1.4808298831592093,24.858866666666664,0.43388373911755823,-0.900968867902419,-0.5000000000000004,0.8660254037844384,-0.6354323008901775,0.7721565844991641,25.2,28.3
2019-11-22,HP,NR,31.10002545,77.16659704,25.2,2019,11,4,326,0,0,10.9,66,28.0,25.3,31.1,28.228571428571428,1.5140610794750422,24.6622,-0.433883739117558,-0.9009688679024191,-0.5000000000000004,0.8660254037844384,-0.622046748440868,0.7829801036770624,28.4,27.9
2019-11-23,HP,NR,31.10002545,77.16659704,28.4,2019,11,5,327,1,0,10.2,72,25.2,28.1,31.3,28.271428571428572,1.5140610794750418,24.565533333333335,-0.9749279121818236,-0.2225209339563146,-0.5000000000000004,0.8660254037844384,-0.6084768701151264,0.7935716089521472,29.0,29.3
2019-11-24,HP,NR,31.10002545,77.16659704,29.0,2019,11,6,328,1,0,8.2,66,28.4,28.1,28.7,28.400000000000002,1.5351438586226505,24.575533333333333,-0.7818314824680299,0.6234898018587334,-0.5000000000000004,0.8660254037844384,-0.594726686960764,0.8039279618328208,28.0,30.1
2019-11-25,HP,NR,31.10002545,77.16659704,28.0,2019,11,0,329,0,0,6.6,63,29.0,29.9,29.1,28.12857142857143,1.386499532052259,24.538866666666664,0.0,1.0,-0.5000000000000004,0.8660254037844384,-0.5808002734538013,0.8140460935082175,27.5,29.2
2019-11-26,HP,NR,31.10002545,77.16659704,27.5,2019,11,1,330,0,0,8.1,69,28.0,29.2,29.6,27.88571428571429,1.3145703625502234,24.468866666666667,0.7818314824680298,0.6234898018587336,-0.5000000000000004,0.8660254037844384,-0.5667017562911184,0.8239230057575536,26.9,30.2
2019-11-27,HP,NR,31.10002545,77.16659704,26.9,2019,11,2,331,0,0,7.5,75,27.5,29.1,29.4,27.571428571428573,1.236546650574823,24.38553333333333,0.9749279121818236,-0.22252093395631434,-0.5000000000000004,0.8660254037844384,-0.5524353131676203,0.8335557718385695,28.3,30.8
2019-11-28,HP,NR,31.10002545,77.16659704,28.3,2019,11,3,332,0,0,6.8,78,26.9,28.0,22.8,27.614285714285717,1.258873267951186,24.56886666666667,0.43388373911755823,-0.900968867902419,-0.5000000000000004,0.8660254037844384,-0.5380051715382992,0.8429415373547832,27.9,31.1
2019-11-29,HP,NR,31.10002545,77.16659704,27.9,2019,11,4,333,0,0,6.1,78,28.3,25.2,26.6,28.0,0.6733003292242747,24.612199999999998,-0.433883739117558,-0.9009688679024191,-0.5000000000000004,0.8660254037844384,-0.5234156073655503,0.8520775211013093,29.3,27.8
2019-11-30,HP,NR,31.10002545,77.16659704,29.3,2019,11,5,334,1,0,5.9,70,27.9,28.4,29.6,28.128571428571426,0.8300889223738626,24.602199999999996,-0.9749279121818236,-0.2225209339563146,-0.5000000000000004,0.8660254037844384,-0.5086709438521042,0.8609610158889945,30.1,16.5
2019-12-01,HP,NR,31.10002545,77.16659704,30.1,2019,12,6,335,1,0,6.0,66,29.3,29.0,31.865999999999996,28.285714285714285,1.0869354035216408,24.543333333333333,-0.7818314824680299,0.6234898018587334,-2.4492935982947064e-16,1.0,-0.49377555015997737,0.8695893893466109,29.2,20.1
2019-12-02,HP,NR,31.10002545,77.16659704,29.2,2019,12,0,336,0,0,5.4,67,30.1,28.0,12.4,28.457142857142856,1.1282097069504946,25.103333333333335,0.0,1.0,-2.4492935982947064e-16,1.0,-0.4787338401157883,0.8779600847008883,30.2,21.0
2019-12-03,HP,NR,31.10002545,77.16659704,30.2,2019,12,1,337,0,0,5.8,54,29.2,27.5,13.1,28.842857142857138,1.20534523803652,25.673333333333332,0.7818314824680298,0.6234898018587336,-2.4492935982947064e-16,1.0,-0.4635502709028512,0.8860706215341378,30.8,21.4
2019-12-04,HP,NR,31.10002545,77.16659704,30.8,2019,12,2,338,0,0,6.3,57,30.2,26.9,12.8,29.400000000000002,1.0488088481702293,26.273333333333333,0.9749279121818236,-0.22252093395631434,-2.4492935982947064e-16,1.0,-0.4482293417404106,0.893918596519257,31.1,20.7
2019-12-05,HP,NR,31.10002545,77.16659704,31.1,2019,12,3,339,0,0,7.1,69,30.8,28.3,13.3,29.8,1.0923979738783356,26.866666666666667,0.43388373911755823,-0.900968867902419,-2.4492935982947064e-16,1.0,-0.4327755925504317,0.9015016841318838,27.8,21.9
2019-12-06,HP,NR,31.10002545,77.16659704,27.8,2019,12,4,340,0,0,7.8,67,31.1,27.9,14.0,29.785714285714285,1.1216484467494239,27.326666666666664,-0.433883739117558,-0.9009688679024191,-2.4492935982947064e-16,1.0,-0.41719360261231697,0.9088176373395028,16.5,22.4
2019-12-08,HP,NR,31.10002545,77.16659704,16.5,2019,12,6,342,1,0,5.5,62,27.8,29.3,14.1,27.95714285714286,5.170705026994931,27.40666666666667,-0.7818314824680299,0.6234898018587334,-2.4492935982947064e-16,1.0,-0.38566340624360745,0.9226395488404875,20.1,28.0
2019-12-09,HP,NR,31.10002545,77.16659704,20.1,2019,12,0,343,0,0,5.3,64,16.5,30.1,12.4,26.52857142857143,5.820571073275181,27.663333333333334,0.0,1.0,-2.4492935982947064e-16,1.0,-0.3697245428906732,0.9291414114031743,21.0,29.2
2019-12-10,HP,NR,31.10002545,77.16659704,21.0,2019,12,1,344,0,0,5.8,67,20.1,29.2,27.3,25.357142857142858,6.015218794263207,27.453333333333333,0.7818314824680298,0.6234898018587336,-2.4492935982947064e-16,1.0,-0.3536761221763721,0.935367949313148,21.4,28.8
2019-12-11,HP,NR,31.10002545,77.16659704,21.4,2019,12,2,345,0,0,5.5,76,21.0,30.2,26.8,24.1,5.748043145279981,27.273333333333333,0.9749279121818236,-0.22252093395631434,-2.4492935982947064e-16,1.0,-0.33752289959411347,0.941317317512847,20.7,27.1
2019-12-12,HP,NR,31.10002545,77.16659704,20.7,2019,12,3,346,0,0,4.5,84,21.4,30.8,27.9,22.657142857142855,5.005615893792756,27.033333333333335,0.43388373911755823,-0.900968867902419,-2.4492935982947064e-16,1.0,-0.32126966169236515,0.9469877530760751,21.9,27.2
2019-12-13,HP,NR,31.10002545,77.16659704,21.9,2019,12,4,347,0,0,2.9,87,20.7,31.1,28.5,21.342857142857145,3.355024661040609,26.813333333333333,-0.433883739117558,-0.9009688679024191,-2.4492935982947064e-16,1.0,-0.3049212246562894,0.9523775757303973,22.4,26.6
2019-12-14,HP,NR,31.10002545,77.16659704,22.4,2019,12,5,348,1,0,2.1,83,21.9,27.8,27.8,20.571428571428573,1.949114573094099,26.633333333333333,-0.9749279121818236,-0.2225209339563146,-2.4492935982947064e-16,1.0,-0.2884824328806098,0.9574851883550389,28.0,25.2
2019-12-15,HP,NR,31.10002545,77.16659704,28.0,2019,12,6,349,1,0,2.1,79,22.4,16.5,27.6,22.214285714285715,2.661721605420463,26.646666666666665,-0.7818314824680299,0.6234898018587334,-2.4492935982947064e-16,1.0,-0.27195815753410524,0.9623090774541487,29.2,29.4
2019-12-16,HP,NR,31.10002545,77.16659704,29.2,2019,12,0,350,0,0,2.1,71,28.0,20.1,25.3,23.514285714285712,3.5357359306697043,26.776666666666667,0.0,1.0,-2.4492935982947064e-16,1.0,-0.2553532951161881,0.9668478136052773,28.8,29.7
2019-12-17,HP,NR,31.10002545,77.16659704,28.8,2019,12,1,351,0,0,2.5,56,29.2,21.0,28.1,24.62857142857143,3.8282782403731423,26.8,0.7818314824680298,0.6234898018587336,-2.4492935982947064e-16,1.0,-0.23867276600594997,0.9711000518829505,27.1,30.3
2019-12-18,HP,NR,31.10002545,77.16659704,27.1,2019,12,2,352,0,0,4.3,48,28.8,21.4,28.1,25.442857142857143,3.628065206533276,26.766666666666666,0.9749279121818236,-0.22252093395631434,-2.4492935982947064e-16,1.0,-0.22192151300416674,0.9750645322571945,27.2,31.2
2019-12-19,HP,NR,31.10002545,77.16659704,27.2,2019,12,3,353,0,0,5.3,49,27.1,20.7,29.9,26.37142857142857,2.987035478929093,26.676666666666666,0.43388373911755823,-0.900968867902419,-2.4492935982947064e-16,1.0,-0.20510449986861926,0.9787400799669153,26.6,29.2
2019-12-20,HP,NR,31.10002545,77.16659704,26.6,2019,12,4,354,0,0,6.5,67,27.2,21.9,29.2,27.042857142857144,2.252300411325573,26.589999999999996,-0.433883739117558,-0.9009688679024191,-2.4492935982947064e-16,1.0,-0.1882267098432439,0.9821256058680006,25.2,29.3
2019-12-21,HP,NR,31.10002545,77.16659704,25.2,2019,12,5,355,1,0,4.3,78,26.6,22.4,29.1,27.442857142857143,1.3636435786245646,26.46,-0.9749279121818236,-0.2225209339563146,-2.4492935982947064e-16,1.0,-0.1712931441814778,0.9852201067560606,29.4,27.6
2019-12-22,HP,NR,31.10002545,77.16659704,29.4,2019,12,6,356,1,0,3.7,73,25.2,28.0,28.0,27.642857142857142,1.5490396410434455,26.506666666666668,-0.7818314824680299,0.6234898018587334,-2.4492935982947064e-16,1.0,-0.154308820664281,0.9880226656636976,29.7,29.9
2019-12-23,HP,NR,31.10002545,77.16659704,29.7,2019,12,0,357,0,0,3.4,58,29.4,29.2,25.2,27.714285714285715,1.641572997086058,26.65666666666667,0.0,1.0,-2.4492935982947064e-16,1.0,-0.13727877211326517,0.9905324521322227,30.3,31.6
2019-12-24,HP,NR,31.10002545,77.16659704,30.3,2019,12,1,358,0,0,2.6,65,29.7,28.8,28.4,27.928571428571427,1.886543829082117,26.720000000000002,0.7818314824680298,0.6234898018587336,-2.4492935982947064e-16,1.0,-0.12020804489935275,0.9927487224577402,31.2,31.6
2019-12-25,HP,NR,31.10002545,77.16659704,31.2,2019,12,2,359,0,1,2.0,69,30.3,27.1,29.0,28.514285714285712,2.197292706513047,26.793333333333337,0.9749279121818236,-0.22252093395631434,-2.4492935982947064e-16,1.0,-0.10310169744743544,0.9946708199115211,29.2,31.7
2019-12-26,HP,NR,31.10002545,77.16659704,29.2,2019,12,3,360,0,0,1.3,69,31.2,27.2,28.0,28.800000000000004,2.1268129521266146,26.833333333333332,0.43388373911755823,-0.900968867902419,-2.4492935982947064e-16,1.0,-0.0859647987374467,0.9962981749346077,29.3,30.6
2019-12-27,HP,NR,31.10002545,77.16659704,29.3,2019,12,4,361,0,0,2.3,51,29.2,26.6,27.5,29.185714285714283,1.8933467471020986,26.893333333333334,-0.433883739117558,-0.9009688679024191,-2.4492935982947064e-16,1.0,-0.06880242680232064,0.9976303053065857,27.6,31.0
2019-12-28,HP,NR,31.10002545,77.16659704,27.6,2019,12,5,362,1,0,3.1,52,29.3,25.2,26.9,29.52857142857143,1.1041048949478527,26.916666666666668,-0.9749279121818236,-0.2225209339563146,-2.4492935982947064e-16,1.0,-0.05161966722325418,0.9986668162884759,29.9,28.7
2019-12-29,HP,NR,31.10002545,77.16659704,29.9,2019,12,6,363,1,0,3.8,62,27.6,29.4,28.3,29.599999999999998,1.1105554165972642,26.970000000000002,-0.7818314824680299,0.6234898018587334,-2.4492935982947064e-16,1.0,-0.034421611622745804,0.9994074007397048,31.6,26.4
2019-12-30,HP,NR,31.10002545,77.16659704,31.6,2019,12,0,364,0,0,3.1,66,29.9,29.7,27.9,29.87142857142857,1.3462469878819197,27.09333333333333,0.0,1.0,-2.4492935982947064e-16,1.0,-0.01721335615583528,0.9998518392091162,31.6,19.7
2019-12-31,HP,NR,31.10002545,77.16659704,31.6,2019,12,1,365,0,0,2.2,61,31.6,30.3,29.3,30.057142857142857,1.4965038621814506,27.17,0.7818314824680298,0.6234898018587336,-2.4492935982947064e-16,1.0,6.432490598706546e-16,1.0,31.7,23.4
2020-01-01,HP,NR,31.10002545,77.16659704,31.7,2020,1,2,1,0,0,3.0,63,31.6,31.2,30.1,30.12857142857143,1.5702593052468987,27.223333333333336,0.9749279121818236,-0.22252093395631434,0.49999999999999994,0.8660254037844387,0.017213356155834685,0.9998518392091162,30.6,24.3
2020-01-02,HP,NR,31.10002545,77.16659704,30.6,2020,1,3,2,0,0,2.5,73,31.7,29.2,29.2,30.328571428571426,1.5206514894548118,27.27,0.43388373911755823,-0.900968867902419,0.49999999999999994,0.8660254037844387,0.03442161162274574,0.9994074007397048,31.0,23.8
2020-01-03,HP,NR,31.10002545,77.16659704,31.0,2020,1,4,3,0,0,3.5,71,30.6,29.3,30.2,30.571428571428573,1.4636874503735884,27.29666666666667,-0.433883739117558,-0.9009688679024191,0.49999999999999994,0.8660254037844387,0.051619667223253764,0.998666816288476,28.7,25.5
2020-01-04,HP,NR,31.10002545,77.16659704,28.7,2020,1,5,4,1,0,0.6,84,31.0,27.6,30.8,30.72857142857143,1.1071198154285158,27.226666666666667,-0.9749279121818236,-0.2225209339563146,0.49999999999999994,0.8660254037844387,0.06880242680231986,0.9976303053065857,26.4,22.7
2020-01-05,HP,NR,31.10002545,77.16659704,26.4,2020,1,6,5,1,0,1.0,72,28.7,29.9,31.1,30.228571428571428,1.9855429867875294,27.069999999999997,-0.7818314824680299,0.6234898018587334,0.49999999999999994,0.8660254037844387,0.08596479873744647,0.9962981749346078,19.7,28.1
2020-01-13,HP,NR,31.10002545,77.16659704,19.7,2020,1,0,13,0,0,6.2,72,26.4,31.6,27.8,28.528571428571432,4.328092068380842,26.8,0.0,1.0,0.49999999999999994,0.8660254037844387,0.2219215130041655,0.9750645322571948,23.4,28.2
2020-01-14,HP,NR,31.10002545,77.16659704,23.4,2020,1,1,14,0,0,4.4,81,19.7,31.6,16.5,27.357142857142858,4.465742619414755,27.029999999999998,0.7818314824680298,0.6234898018587336,0.49999999999999994,0.8660254037844387,0.2386727660059501,0.9711000518829505,24.3,29.8
2020-01-15,HP,NR,31.10002545,77.16659704,24.3,2020,1,2,15,0,0,3.5,83,23.4,31.7,20.1,26.3,4.129568177586314,27.17,0.9749279121818236,-0.22252093395631434,0.49999999999999994,0.8660254037844387,0.255353295116187,0.9668478136052775,23.8,29.0
2020-01-16,HP,NR,31.10002545,77.16659704,23.8,2020,1,3,16,0,0,3.5,83,24.3,30.6,21.0,25.32857142857143,3.7299304219222593,27.263333333333332,0.43388373911755823,-0.900968867902419,0.49999999999999994,0.8660254037844387,0.2719581575341055,0.9623090774541486,25.5,29.8
2020-01-17,HP,NR,31.10002545,77.16659704,25.5,2020,1,4,17,0,0,2.6,92,23.8,31.0,21.4,24.542857142857144,2.799319645233586,27.4,-0.433883739117558,-0.9009688679024191,0.49999999999999994,0.8660254037844387,0.288482432880609,0.9574851883550393,22.7,27.0
2020-01-18,HP,NR,31.10002545,77.16659704,22.7,2020,1,5,18,1,0,0.8,91,25.5,28.7,20.7,23.685714285714283,2.1598059877595754,27.466666666666665,-0.9749279121818236,-0.2225209339563146,0.49999999999999994,0.8660254037844387,0.30492122465628907,0.9523775757303974,28.1,25.3
2020-01-19,HP,NR,31.10002545,77.16659704,28.1,2020,1,6,19,1,0,1.0,76,22.7,26.4,21.9,23.928571428571427,2.5721030861368095,27.673333333333332,-0.7818314824680299,0.6234898018587334,0.49999999999999994,0.8660254037844387,0.3212696616923644,0.9469877530760753,28.2,25.4
2020-01-20,HP,NR,31.10002545,77.16659704,28.2,2020,1,0,20,0,0,1.9,63,28.1,19.7,22.4,25.142857142857142,2.2262503175049053,27.866666666666667,0.0,1.0,0.49999999999999994,0.8660254037844387,0.3375228995941133,0.9413173175128471,29.8,26.2
2020-01-21,HP,NR,31.10002545,77.16659704,29.8,2020,1,1,21,0,0,2.2,77,28.2,23.4,28.0,26.057142857142857,2.662615971093846,27.926666666666666,0.7818314824680298,0.6234898018587336,0.49999999999999994,0.8660254037844387,0.3536761221763716,0.9353679493131483,29.0,25.3
2020-01-22,HP,NR,31.10002545,77.16659704,29.0,2020,1,2,22,0,0,2.3,75,29.8,24.3,29.2,26.728571428571428,2.7372213926500657,27.919999999999998,0.9749279121818236,-0.22252093395631434,0.49999999999999994,0.8660254037844387,0.3697245428906731,0.9291414114031743,29.8,25.2
2020-01-23,HP,NR,31.10002545,77.16659704,29.8,2020,1,3,23,0,0,1.9,70,29.0,23.8,28.8,27.585714285714285,2.6034775278645,27.953333333333333,0.43388373911755823,-0.900968867902419,0.49999999999999994,0.8660254037844387,0.38566340624360707,0.9226395488404876,27.0,26.7
2020-01-24,HP,NR,31.10002545,77.16659704,27.0,2020,1,4,24,0,0,4.4,51,29.8,25.5,27.1,27.8,2.4610295948376715,27.95,-0.433883739117558,-0.9009688679024191,0.49999999999999994,0.8660254037844387,0.401487989205973,0.9158642882672872,25.3,26.8
2020-01-25,HP,NR,31.10002545,77.16659704,25.3,2020,1,5,25,1,0,5.8,61,27.0,22.7,27.2,28.171428571428574,1.6131896827035423,27.886666666666667,-0.9749279121818236,-0.2225209339563146,0.49999999999999994,0.8660254037844387,0.4171936026123168,0.9088176373395029,25.4,24.8
2020-01-26,HP,NR,31.10002545,77.16659704,25.4,2020,1,6,26,1,1,3.8,76,25.3,28.1,26.6,27.785714285714285,1.9256415133911733,27.846666666666668,-0.7818314824680299,0.6234898018587334,0.49999999999999994,0.8660254037844387,0.4327755925504312,0.901501684131884,26.2,26.7
2020-01-27,HP,NR,31.10002545,77.16659704,26.2,2020,1,0,27,0,0,3.1,70,25.4,28.2,25.2,27.5,2.0008331597945763,27.88,0.0,1.0,0.49999999999999994,0.8660254037844387,0.4482293417404106,0.893918596519257,25.3,22.4
2020-01-28,HP,NR,31.10002545,77.16659704,25.3,2020,1,1,28,0,0,2.6,86,26.2,29.8,29.4,26.857142857142858,1.8563917895182311,27.743333333333332,0.7818314824680298,0.6234898018587336,0.49999999999999994,0.8660254037844387,0.4635502709028509,0.886070621534138,25.2,25.9
2020-01-29,HP,NR,31.10002545,77.16659704,25.2,2020,1,2,29,0,0,1.7,81,25.3,29.0,29.7,26.314285714285717,1.671754140046358,27.59333333333333,0.9749279121818236,-0.22252093395631434,0.49999999999999994,0.8660254037844387,0.47873384011578846,0.8779600847008882,26.7,27.2
2020-01-30,HP,NR,31.10002545,77.16659704,26.7,2020,1,3,30,0,0,0.4,78,25.2,29.8,30.3,25.87142857142857,0.752139804633769,27.473333333333336,0.43388373911755823,-0.900968867902419,0.49999999999999994,0.8660254037844387,0.49377555015997715,0.869589389346611,26.8,27.8
2020-01-31,HP,NR,31.10002545,77.16659704,26.8,2020,1,4,31,0,0,1.8,77,26.7,27.0,31.2,25.842857142857145,0.7044078904943608,27.326666666666664,-0.433883739117558,-0.9009688679024191,0.49999999999999994,0.8660254037844387,0.5086709438521044,0.8609610158889943,24.8,27.6
2020-02-01,HP,NR,31.10002545,77.16659704,24.8,2020,2,5,32,1,0,0.8,83,26.8,25.3,29.2,25.77142857142857,0.7889112449326559,27.18,-0.9749279121818236,-0.2225209339563146,0.8660254037844386,0.5000000000000001,0.5234156073655503,0.8520775211013093,26.7,25.6
2020-02-02,HP,NR,31.10002545,77.16659704,26.7,2020,2,6,33,1,0,1.6,67,24.8,25.4,29.3,25.95714285714286,0.8383657572070674,27.09333333333333,-0.7818314824680299,0.6234898018587334,0.8660254037844386,0.5000000000000001,0.5380051715382996,0.8429415373547828,22.4,29.9
2020-02-03,HP,NR,31.10002545,77.16659704,22.4,2020,2,0,34,0,0,2.7,58,26.7,26.2,27.6,25.41428571428571,1.5678313806323336,26.92,0.0,1.0,0.8660254037844386,0.5000000000000001,0.5524353131676196,0.8335557718385699,25.9,30.1
2020-02-04,HP,NR,31.10002545,77.16659704,25.9,2020,2,1,35,0,0,2.1,71,22.4,25.3,29.9,25.5,1.5769168230020618,26.786666666666665,0.7818314824680298,0.6234898018587336,0.8660254037844386,0.5000000000000001,0.5667017562911176,0.8239230057575542,27.2,30.3
2020-02-05,HP,NR,31.10002545,77.16659704,27.2,2020,2,2,36,0,0,2.6,77,25.9,25.2,31.6,25.785714285714285,1.6905902040694192,26.64,0.9749279121818236,-0.22252093395631434,0.8660254037844386,0.5000000000000001,0.5808002734538009,0.8140460935082178,27.8,30.6
2020-02-13,HP,NR,31.10002545,77.16659704,27.8,2020,2,3,44,0,0,11.2,59,27.2,26.7,31.6,25.942857142857143,1.8347180917488977,26.513333333333332,0.43388373911755823,-0.900968867902419,0.8660254037844386,0.5000000000000001,0.6870527672236669,0.7266075247685656,27.6,30.4
2020-02-14,HP,NR,31.10002545,77.16659704,27.6,2020,2,4,45,0,0,8.5,74,27.8,26.8,31.7,26.057142857142853,1.9199454357326708,26.376666666666665,-0.433883739117558,-0.9009688679024191,0.8660254037844386,0.5000000000000001,0.699458327051647,0.7146733860429609,25.6,29.9
2020-02-15,HP,NR,31.10002545,77.16659704,25.6,2020,2,5,46,1,0,8.2,63,27.6,24.8,30.6,26.171428571428574,1.8553654498187655,26.209999999999997,-0.9749279121818236,-0.2225209339563146,0.8660254037844386,0.5000000000000001,0.7116566222817746,0.7025274741691571,29.9,27.3
2020-02-16,HP,NR,31.10002545,77.16659704,29.9,2020,2,6,47,1,0,8.4,55,25.6,26.7,31.0,26.628571428571426,2.3385994994970485,26.173333333333332,-0.7818314824680299,0.6234898018587334,0.8660254037844386,0.5000000000000001,0.7236440382959124,0.6901733882429719,30.1,26.7
2020-02-17,HP,NR,31.10002545,77.16659704,30.1,2020,2,0,48,0,0,7.8,55,29.9,22.4,28.7,27.72857142857143,1.7566201313074177,26.220000000000002,0.0,1.0,0.8660254037844386,0.5000000000000001,0.7354170229639855,0.6776147890466889,30.3,27.4
2020-02-18,HP,NR,31.10002545,77.16659704,30.3,2020,2,1,49,0,0,8.1,52,30.1,25.9,26.4,28.357142857142858,1.7803156488454503,26.35,0.7818314824680298,0.6234898018587336,0.8660254037844386,0.5000000000000001,0.7469720876965552,0.6648553979642865,30.6,28.4
2020-02-19,HP,NR,31.10002545,77.16659704,30.6,2020,2,2,50,0,0,7.5,55,30.3,27.2,19.7,28.842857142857145,1.8733723093725887,26.71333333333333,0.9749279121818236,-0.22252093395631434,0.8660254037844386,0.5000000000000001,0.7583058084785624,0.6518989958787126,30.4,28.0
2020-02-20,HP,NR,31.10002545,77.16659704,30.4,2020,2,3,51,0,0,9.6,52,30.6,27.8,23.4,29.214285714285715,1.8898223650461807,26.946666666666665,0.43388373911755823,-0.900968867902419,0.8660254037844386,0.5000000000000001,0.7694148268839378,0.6387494220515272,29.9,28.5
2020-02-21,HP,NR,31.10002545,77.16659704,29.9,2020,2,4,52,0,0,5.2,84,30.4,27.6,24.3,29.54285714285714,1.7577041302574141,27.133333333333333,-0.433883739117558,-0.9009688679024191,0.8660254037844386,0.5000000000000001,0.7802958510707755,0.6254105729852463,27.3,28.6
2020-02-22,HP,NR,31.10002545,77.16659704,27.3,2020,2,5,53,1,0,6.3,80,29.9,25.6,23.8,29.785714285714285,1.126097348409719,27.25,-0.9749279121818236,-0.2225209339563146,0.8660254037844386,0.5000000000000001,0.7909456567567772,0.6118864012687243,26.7,25.8
2020-02-23,HP,NR,31.10002545,77.16659704,26.7,2020,2,6,54,1,0,6.2,79,27.3,29.9,25.5,29.32857142857143,1.6152546607417009,27.290000000000003,-0.7818314824680299,0.6234898018587334,0.8660254037844386,0.5000000000000001,0.8013610881746766,0.5981809144059165,27.4,30.8
2020-02-24,HP,NR,31.10002545,77.16659704,27.4,2020,2,0,55,0,0,5.9,75,26.7,30.1,22.7,28.942857142857143,1.7193575765938414,27.446666666666665,0.0,1.0,0.8660254037844386,0.5000000000000001,0.8115390590073611,0.5842981736283684,28.4,31.3
2020-02-25,HP,NR,31.10002545,77.16659704,28.4,2020,2,1,56,0,0,6.3,74,27.4,30.3,28.1,28.671428571428574,1.6162861604249186,27.456666666666667,0.7818314824680298,0.6234898018587336,0.8660254037844386,0.5000000000000001,0.8214765533024142,0.5702422926917871,28.0,27.9
2020-02-26,HP,NR,31.10002545,77.16659704,28.0,2020,2,2,57,0,0,6.9,75,28.4,30.6,28.2,28.3,1.3808210118139284,27.45,0.9749279121818236,-0.22252093395631434,0.8660254037844386,0.5000000000000001,0.8311706263658079,0.5560174366570446,28.5,28.8
2020-02-27,HP,NR,31.10002545,77.16659704,28.5,2020,2,3,58,0,0,7.0,78,28.0,30.4,29.8,28.028571428571432,1.0451702982677646,27.40666666666667,0.43388373911755823,-0.900968867902419,0.8660254037844386,0.5000000000000001,0.8406184056344782,0.5416278206559814,28.6,30.2
2020-02-28,HP,NR,31.10002545,77.16659704,28.6,2020,2,4,59,0,0,8.4,76,28.5,29.9,29.0,27.842857142857145,0.7230886134197673,27.393333333333334,-0.433883739117558,-0.9009688679024191,0.8660254037844386,0.5000000000000001,0.8498170915275278,0.5270777086423722,25.8,30.3
2020-02-29,HP,NR,31.10002545,77.16659704,25.8,2020,2,5,60,1,0,7.8,70,28.6,27.3,29.8,27.628571428571426,1.0562737740351538,27.259999999999998,-0.9749279121818236,-0.2225209339563146,0.8660254037844386,0.5000000000000001,0.8587639582758029,0.5123714121284237,30.8,28.4
2020-03-01,HP,NR,31.10002545,77.16659704,30.8,2020,3,6,61,1,0,7.4,71,25.8,26.7,27.0,28.214285714285715,1.499364944933492,27.386666666666667,-0.7818314824680299,0.6234898018587334,1.0,6.123233995736766e-17,0.8674563547295969,0.49751328890718066,31.3,29.9
2020-03-02,HP,NR,31.10002545,77.16659704,31.3,2020,3,0,62,0,0,7.4,73,30.8,27.4,25.3,28.771428571428572,1.8336796209755732,27.586666666666666,0.0,1.0,1.0,6.123233995736766e-17,0.8758917051442429,0.48250774176121847,27.9,29.9
2020-03-03,HP,NR,31.10002545,77.16659704,27.9,2020,3,1,63,0,0,7.9,75,31.3,28.4,25.4,28.699999999999996,1.8601075237738733,27.67,0.7818314824680298,0.6234898018587336,1.0,6.123233995736766e-17,0.8840675099433636,0.4673592171580022,28.8,25.0
2020-03-04,HP,NR,31.10002545,77.16659704,28.8,2020,3,2,64,0,0,7.3,78,27.9,28.0,26.2,28.814285714285713,1.834328734104679,27.756666666666668,0.9749279121818236,-0.22252093395631434,1.0,6.123233995736766e-17,0.8919813464595485,0.45207220393230435,30.2,28.1
2020-03-05,HP,NR,31.10002545,77.16659704,30.2,2020,3,3,65,0,0,6.4,77,28.8,28.5,25.3,29.057142857142853,1.8972411047423505,27.92,0.43388373911755823,-0.900968867902419,1.0,6.123233995736766e-17,0.8996308696522433,0.43665123195606403,30.3,28.2
2020-03-13,HP,NR,31.10002545,77.16659704,30.3,2020,3,4,73,0,0,6.1,80,30.2,28.6,25.2,29.3,1.937352144896094,28.09,-0.433883739117558,-0.9009688679024191,1.0,6.123233995736766e-17,0.9510565162951535,0.30901699437494745,28.4,29.8
2020-03-14,HP,NR,31.10002545,77.16659704,28.4,2020,3,5,74,1,0,5.1,80,30.3,25.8,26.7,29.671428571428574,1.2983506020002635,28.146666666666665,-0.9749279121818236,-0.2225209339563146,1.0,6.123233995736766e-17,0.9562348265919056,0.29260033563334836,29.9,29.0
2020-03-15,HP,NR,31.10002545,77.16659704,29.9,2020,3,6,75,1,0,5.2,83,28.4,30.8,26.8,29.542857142857144,1.2094863136295941,28.25,-0.7818314824680299,0.6234898018587334,1.0,6.123233995736766e-17,0.9611297838723007,0.27609697309746883,29.9,12.4
2020-03-16,HP,NR,31.10002545,77.16659704,29.9,2020,3,0,76,0,0,7.3,73,29.9,31.3,24.8,29.342857142857138,0.9606545387689098,28.42,0.0,1.0,1.0,6.123233995736766e-17,0.9657399376548549,0.2595117970697999,25.0,12.4
2020-03-17,HP,NR,31.10002545,77.16659704,25.0,2020,3,1,77,0,0,8.6,72,29.9,27.9,26.7,28.928571428571427,1.8759124763825703,28.363333333333333,0.7818314824680298,0.6234898018587336,1.0,6.123233995736766e-17,0.9700639218515071,0.2428497220959356,28.1,12.6
2020-03-18,HP,NR,31.10002545,77.16659704,28.1,2020,3,2,78,0,0,8.7,74,25.0,28.8,22.4,28.82857142857143,1.9023794624227282,28.553333333333335,0.9749279121818236,-0.22252093395631434,1.0,6.123233995736766e-17,0.9741004551724205,0.22611568550828828,28.2,13.3
2020-03-19,HP,NR,31.10002545,77.16659704,28.2,2020,3,3,79,0,0,8.5,72,28.1,30.2,25.9,28.542857142857144,1.8100249932502726,28.630000000000003,0.43388373911755823,-0.900968867902419,1.0,6.123233995736766e-17,0.9778483415056568,0.20931464596304847,29.8,13.1
2020-03-20,HP,NR,31.10002545,77.16659704,29.8,2020,3,4,80,0,0,9.1,69,28.2,30.3,27.2,28.47142857142857,1.7375406812641228,28.716666666666665,-0.433883739117558,-0.9009688679024191,1.0,6.123233995736766e-17,0.9813064702716093,0.19245158197082998,29.0,13.2
2020-03-21,HP,NR,31.10002545,77.16659704,29.0,2020,3,5,81,1,0,9.0,72,29.8,28.4,27.8,28.557142857142857,1.7481963494386572,28.756666666666668,-0.9749279121818236,-0.2225209339563146,1.0,6.123233995736766e-17,0.9844738167520922,0.1755314904214282,12.4,13.0
2020-03-22,HP,NR,31.10002545,77.16659704,12.4,2020,3,6,82,1,0,9.6,70,29.0,29.9,27.6,26.057142857142853,6.242824452349862,28.25,-0.7818314824680299,0.6234898018587334,1.0,6.123233995736766e-17,0.9873494423939864,0.15855938510313475,12.4,26.4
2020-03-23,HP,NR,31.10002545,77.16659704,12.4,2020,3,0,83,0,0,10.3,71,12.4,29.9,25.6,23.557142857142857,7.765706051363954,27.81,0.0,1.0,1.0,6.123233995736766e-17,0.989932495087353,0.141540295217043,12.6,27.2
2020-03-24,HP,NR,31.10002545,77.16659704,12.6,2020,3,1,84,0,0,9.6,78,12.4,25.0,29.9,21.785714285714285,8.735450488560708,27.233333333333334,0.7818314824680298,0.6234898018587336,1.0,6.123233995736766e-17,0.9922222094179323,0.12447926388678915,13.3,27.9
2020-03-25,HP,NR,31.10002545,77.16659704,13.3,2020,3,2,85,0,0,10.7,71,12.6,28.1,30.1,19.671428571428574,8.743514603353043,26.673333333333336,0.9749279121818236,-0.22252093395631434,1.0,6.123233995736766e-17,0.994217906893952,0.10738134666416309,13.1,26.5
2020-03-26,HP,NR,31.10002545,77.16659704,13.1,2020,3,3,86,0,0,11.0,64,13.3,28.2,30.3,17.514285714285712,8.129868504764529,26.1,0.43388373911755823,-0.900968867902419,1.0,6.123233995736766e-17,0.995918996147179,0.09025161003104117,13.2,27.2
2020-03-27,HP,NR,31.10002545,77.16659704,13.2,2020,3,4,87,0,0,10.2,76,13.1,29.8,30.6,15.142857142857142,6.122052254720158,25.52,-0.433883739117558,-0.9009688679024191,1.0,6.123233995736766e-17,0.9973249731081555,0.07309512989807777,13.0,27.4
2020-03-28,HP,NR,31.10002545,77.16659704,13.0,2020,3,5,88,1,0,9.5,76,13.2,29.0,30.4,12.857142857142858,0.38234863173662276,24.94,-0.9749279121818236,-0.2225209339563146,1.0,6.123233995736766e-17,0.9984354211555643,0.055916990100603484,26.4,25.9
2020-03-29,HP,NR,31.10002545,77.16659704,26.4,2020,3,6,89,1,0,9.5,63,13.0,12.4,29.9,14.857142857142858,5.100280104352849,24.82333333333333,-0.7818314824680299,0.6234898018587334,1.0,6.123233995736766e-17,0.9992500112396835,0.03872228089217446,27.2,27.7
2020-03-30,HP,NR,31.10002545,77.16659704,27.2,2020,3,0,90,0,0,10.0,64,26.4,12.4,27.3,16.971428571428568,6.7217840602314265,24.82,0.0,1.0,1.0,6.123233995736766e-17,0.9997685019798909,0.021516097436222254,27.9,28.2
2020-03-31,HP,NR,31.10002545,77.16659704,27.9,2020,3,1,91,0,0,10.9,62,27.2,12.6,26.7,19.157142857142855,7.505299714836451,24.86,0.7818314824680298,0.6234898018587336,1.0,6.123233995736766e-17,0.9999907397361901,0.004303538296244289,26.5,29.3
2020-04-01,HP,NR,31.10002545,77.16659704,26.5,2020,4,2,92,0,0,10.6,67,27.9,13.3,27.4,21.042857142857144,7.446443702165761,24.83,0.9749279121818236,-0.22252093395631434,0.8660254037844387,-0.4999999999999998,0.9999166586547379,-0.01291029607500882,27.2,28.2
2020-04-02,HP,NR,31.10002545,77.16659704,27.2,2020,4,3,93,0,1,9.2,59,26.5,13.1,28.4,23.057142857142857,6.820522253429289,24.79,0.43388373911755823,-0.900968867902419,0.8660254037844387,-0.4999999999999998,0.9995462806873573,-0.030120304846908114,27.4,28.7
2020-04-03,HP,NR,31.10002545,77.16659704,27.4,2020,4,4,94,0,0,9.3,59,27.2,13.2,28.0,25.085714285714285,5.354259541532851,24.77,-0.433883739117558,-0.9009688679024191,0.8660254037844387,-0.4999999999999998,0.9988797155850336,-0.04732138832243185,25.9,28.0
2020-04-04,HP,NR,31.10002545,77.16659704,25.9,2020,4,5,95,1,0,10.9,61,27.4,13.0,28.5,26.928571428571423,0.6872997543876432,24.683333333333334,-0.9749279121818236,-0.2225209339563146,0.8660254037844387,-0.4999999999999998,0.9979171608653922,-0.06450844944931623,27.7,25.1
2020-04-05,HP,NR,31.10002545,77.16659704,27.7,2020,4,6,96,1,0,11.3,59,25.9,26.4,28.6,27.114285714285717,0.6962484504559191,24.65333333333333,-0.7818314824680299,0.6234898018587334,0.8660254037844387,-0.4999999999999998,0.9966589017541702,-0.08167639533042241,28.2,29.0
2020-04-13,HP,NR,31.10002545,77.16659704,28.2,2020,4,0,104,0,0,15.7,63,27.7,27.2,25.8,27.257142857142856,0.8100558475752404,24.733333333333334,0.0,1.0,0.8660254037844387,-0.4999999999999998,0.9760105506323683,-0.21772323039653177,29.3,30.4
2020-04-14,HP,NR,31.10002545,77.16659704,29.3,2020,4,1,105,0,1,15.8,62,28.2,27.9,30.8,27.457142857142856,1.1118410300896637,24.68333333333333,0.7818314824680298,0.6234898018587336,0.8660254037844387,-0.4999999999999998,0.9721181966290613,-0.23449138957040985,28.2,29.7
2020-04-15,HP,NR,31.10002545,77.16659704,28.2,2020,4,2,106,0,0,15.4,55,29.3,26.5,31.3,27.699999999999996,1.0519822558708096,24.58,0.9749279121818236,-0.22252093395631434,0.8660254037844387,-0.4999999999999998,0.9679377830240642,-0.25119006388481935,28.7,26.2
2020-04-16,HP,NR,31.10002545,77.16659704,28.7,2020,4,3,107,0,0,16.2,50,28.2,27.2,27.9,27.91428571428571,1.085400957294405,24.60666666666667,0.43388373911755823,-0.900968867902419,0.8660254037844387,-0.4999999999999998,0.9634705485641488,-0.2678143051621742,28.0,26.2
2020-04-17,HP,NR,31.10002545,77.16659704,28.0,2020,4,4,108,0,0,13.9,62,28.7,27.4,28.8,28.0,1.0614455552062196,24.58,-0.433883739117558,-0.9009688679024191,0.8660254037844387,-0.4999999999999998,0.9587178169872964,-0.2843591872810034,25.1,28.6
2020-04-18,HP,NR,31.10002545,77.16659704,25.1,2020,4,5,109,1,0,12.4,72,28.0,25.9,30.2,27.88571428571429,1.333452375638368,24.41,-0.9749279121818236,-0.2225209339563146,0.8660254037844387,-0.4999999999999998,0.9536809966304457,-0.30081980763566735,29.0,27.6
2020-04-19,HP,NR,31.10002545,77.16659704,29.0,2020,4,6,110,1,0,12.0,68,25.1,27.7,30.3,28.071428571428573,1.3924969009114487,24.366666666666664,-0.7818314824680299,0.6234898018587334,0.8660254037844387,-0.4999999999999998,0.9483615800121715,-0.3171912885891061,30.4,30.3
2020-04-20,HP,NR,31.10002545,77.16659704,30.4,2020,4,0,111,0,0,11.6,68,29.0,28.2,28.4,28.385714285714283,1.6506852833784749,24.433333333333334,0.0,1.0,0.8660254037844387,-0.4999999999999998,0.9427611433904207,-0.3334687789181868,29.7,28.1
2020-04-21,HP,NR,31.10002545,77.16659704,29.7,2020,4,1,112,0,0,10.8,76,30.4,29.3,29.9,28.442857142857143,1.6939668856043735,24.426666666666666,0.7818314824680298,0.6234898018587336,0.8660254037844387,-0.4999999999999998,0.9368813462954315,-0.3496474552512284,26.2,30.4
2020-04-22,HP,NR,31.10002545,77.16659704,26.2,2020,4,2,113,0,0,11.8,72,29.7,28.2,29.9,28.157142857142855,1.898119370023264,24.303333333333335,0.9749279121818236,-0.22252093395631434,0.8660254037844387,-0.4999999999999998,0.9307239310379795,-0.36572252349726897,26.2,29.0
2020-04-23,HP,NR,31.10002545,77.16659704,26.2,2020,4,3,114,0,0,13.6,60,26.2,28.7,25.0,27.8,2.0108041509141814,24.34333333333333,0.43388373911755823,-0.900968867902419,0.8660254037844387,-0.4999999999999998,0.9242907221930933,-0.3816892202666588,28.6,30.6
2020-04-24,HP,NR,31.10002545,77.16659704,28.6,2020,4,4,115,0,0,14.0,61,26.2,28.0,28.1,27.88571428571429,2.0334113958474496,24.36,-0.433883739117558,-0.9009688679024191,0.8660254037844387,-0.4999999999999998,0.9175836260593937,-0.39754281428255595,27.6,30.1
2020-04-25,HP,NR,31.10002545,77.16659704,27.6,2020,4,5,116,1,0,13.9,68,28.6,25.1,28.2,28.24285714285714,1.6450502959456434,24.339999999999996,-0.9749279121818236,-0.2225209339563146,0.8660254037844387,-0.4999999999999998,0.9106046300942162,-0.4132786077829042,30.3,26.8
2020-04-26,HP,NR,31.10002545,77.16659704,30.3,2020,4,6,117,1,0,13.0,78,27.6,29.0,29.8,28.428571428571427,1.809893445956049,24.356666666666666,-0.7818314824680299,0.6234898018587334,0.8660254037844387,-0.4999999999999998,0.9033558023246845,-0.4288919379124835,28.1,16.1
2020-04-27,HP,NR,31.10002545,77.16659704,28.1,2020,4,0,118,0,0,12.2,82,30.3,30.4,29.0,28.1,1.5874507866388718,24.326666666666664,0.0,1.0,0.8660254037844387,-0.4999999999999998,0.895839290734909,-0.4443781781046132,30.4,17.6
2020-04-28,HP,NR,31.10002545,77.16659704,30.4,2020,4,1,119,0,0,12.9,77,28.1,29.7,12.4,28.2,1.7214335111568226,24.926666666666666,0.7818314824680298,0.6234898018587336,0.8660254037844387,-0.4999999999999998,0.8880573226294932,-0.45973273945210397,29.0,18.4
2020-04-29,HP,NR,31.10002545,77.16659704,29.0,2020,4,2,120,0,0,14.5,73,30.4,26.2,12.4,28.6,1.4888474289419462,25.48,0.9749279121818236,-0.22252093395631434,0.8660254037844387,-0.4999999999999998,0.8800122039735357,-0.47495107206704995,30.6,19.9
2020-04-30,HP,NR,31.10002545,77.16659704,30.6,2020,4,3,121,0,0,13.6,83,29.0,26.2,12.6,29.228571428571428,1.2092894411104969,26.08,0.43388373911755823,-0.900968867902419,0.8660254037844387,-0.4999999999999998,0.8717063187093218,-0.4900286664290592,30.1,17.4
2020-05-01,HP,NR,31.10002545,77.16659704,30.1,2020,5,4,122,0,0,16.7,62,30.6,28.6,13.3,29.442857142857143,1.212239171749617,26.639999999999997,-0.433883739117558,-0.9009688679024191,0.49999999999999994,-0.8660254037844387,0.8631421280499114,-0.5049610547215204,26.8,19.2
2020-05-02,HP,NR,31.10002545,77.16659704,26.8,2020,5,5,123,1,0,16.1,68,30.1,27.6,13.1,29.32857142857143,1.4326133296815788,27.096666666666668,-0.9749279121818236,-0.2225209339563146,0.49999999999999994,-0.8660254037844387,0.854322169749827,-0.5197438121555155,16.1,19.6
2020-05-03,HP,NR,31.10002545,77.16659704,16.1,2020,5,6,124,1,0,15.7,66,26.8,30.3,13.2,27.3,5.124451190127619,27.19333333333333,-0.7818314824680299,0.6234898018587334,0.49999999999999994,-0.8660254037844387,0.8452490573530633,-0.5343725582809786,17.6,30.2
2020-05-04,HP,NR,31.10002545,77.16659704,17.6,2020,5,0,125,0,0,15.0,75,16.1,28.1,13.0,25.8,6.261788881781336,27.346666666666668,0.0,1.0,0.49999999999999994,-0.8660254037844387,0.8359254794186372,-0.548842958284719,18.4,30.7
2020-05-05,HP,NR,31.10002545,77.16659704,18.4,2020,5,1,126,0,0,14.6,64,17.6,30.4,26.4,24.085714285714285,6.43283985277334,27.08,0.7818314824680298,0.6234898018587336,0.49999999999999994,-0.8660254037844387,0.8263541987239096,-0.5631507242749186,19.9,30.1
2020-05-13,HP,NR,31.10002545,77.16659704,19.9,2020,5,2,134,0,0,15.7,71,18.4,29.0,27.2,22.785714285714285,6.189084092558629,26.836666666666662,0.9749279121818236,-0.22252093395631434,0.49999999999999994,-0.8660254037844387,0.7412220108485958,-0.6712599575675313,17.4,30.5
2020-05-14,HP,NR,31.10002545,77.16659704,17.4,2020,5,3,135,0,0,15.6,72,19.9,30.6,27.9,20.900000000000002,5.36780526224021,26.486666666666668,0.43388373911755823,-0.900968867902419,0.49999999999999994,-0.8660254037844387,0.7295575540864875,-0.6839194216246106,19.2,31.1
2020-05-15,HP,NR,31.10002545,77.16659704,19.2,2020,5,4,136,0,0,17.1,57,17.4,30.1,26.5,19.342857142857145,3.515611441772846,26.243333333333332,-0.433883739117558,-0.9009688679024191,0.49999999999999994,-0.8660254037844387,0.717676913675962,-0.6963762255968722,19.6,30.3
2020-05-16,HP,NR,31.10002545,77.16659704,19.6,2020,5,5,137,1,0,17.7,55,19.2,26.8,27.2,18.314285714285713,1.3667828057506335,25.990000000000002,-0.9749279121818236,-0.2225209339563146,0.49999999999999994,-0.8660254037844387,0.705583610107178,-0.7086266782644596,30.2,27.5
2020-05-17,HP,NR,31.10002545,77.16659704,30.2,2020,5,6,138,1,0,18.0,50,19.6,16.1,27.4,20.32857142857143,4.456723118209308,26.083333333333332,-0.7818314824680299,0.6234898018587334,0.49999999999999994,-0.8660254037844387,0.6932812268869777,-0.7206671495538609,30.7,28.3
2020-05-18,HP,NR,31.10002545,77.16659704,30.7,2020,5,0,139,0,0,16.7,45,30.2,17.6,25.9,22.199999999999996,5.69766033853666,26.243333333333332,0.0,1.0,0.49999999999999994,-0.8660254037844387,0.6807734094770161,-0.7324940716135789,30.1,28.4
2020-05-19,HP,NR,31.10002545,77.16659704,30.1,2020,5,1,140,0,0,16.0,40,30.7,18.4,27.7,23.87142857142857,6.0991021977868165,26.323333333333334,0.7818314824680298,0.6234898018587336,0.49999999999999994,-0.8660254037844387,0.6680638642135335,-0.7441039398713607,30.5,29.6
2020-05-20,HP,NR,31.10002545,77.16659704,30.5,2020,5,2,141,0,0,17.8,39,30.1,19.9,28.2,25.38571428571429,6.262435248215793,26.4,0.9749279121818236,-0.22252093395631434,0.49999999999999994,-0.8660254037844387,0.6551563572090853,-0.7554933140726803,31.1,29.9
2020-05-21,HP,NR,31.10002545,77.16659704,31.1,2020,5,3,142,0,0,20.2,38,30.5,17.4,29.3,27.342857142857145,5.437173635525862,26.46,0.43388373911755823,-0.900968867902419,0.49999999999999994,-0.8660254037844387,0.6420547132365637,-0.766658819300159,30.3,30.4
