timestamp,node_id,region,latitude,longitude,consumption_mu,year,month,dayofweek,dayofyear,is_weekend,is_holiday,temperature_c,humidity,lag_1d,lag_7d,lag_30d,roll_mean_7d,roll_std_7d,roll_mean_30d,dow_sin,dow_cos,month_sin,month_cos,doy_sin,doy_cos,target_next_1d,target_next_7d
2019-02-02,Meghalaya,NER,25.57049217,91.8800142,3.4,2019,2,5,33,1,0,11.2,63,3.4,4.9,6.1,4.442857142857143,1.0260882724488893,5.486666666666666,-0.9749279121818236,-0.2225209339563146,0.8660254037844386,0.5000000000000001,0.5380051715382996,0.8429415373547828,3.4,5.8
2019-02-03,Meghalaya,NER,25.57049217,91.8800142,3.4,2019,2,6,34,1,0,11.3,69,3.4,5.6,6.5,4.128571428571428,0.9464218328601102,5.383333333333334,-0.7818314824680299,0.6234898018587334,0.8660254037844386,0.5000000000000001,0.5524353131676196,0.8335557718385699,3.4,6.0
2019-02-04,Meghalaya,NER,25.57049217,91.8800142,3.4,2019,2,0,35,0,0,10.6,77,3.4,5.6,6.3,3.814285714285714,0.7128079952520482,5.286666666666666,0.0,1.0,0.8660254037844386,0.5000000000000001,0.5667017562911176,0.8239230057575542,3.6,5.8
2019-02-05,Meghalaya,NER,25.57049217,91.8800142,3.6,2019,2,1,36,0,0,12.5,69,3.4,4.7,5.7,3.657142857142857,0.596816953672131,5.216666666666667,0.7818314824680298,0.6234898018587336,0.8660254037844386,0.5000000000000001,0.5808002734538009,0.8140460935082178,3.8,5.8
2019-02-06,Meghalaya,NER,25.57049217,91.8800142,3.8,2019,2,2,37,0,0,12.3,74,3.6,5.0,6.2,3.4857142857142853,0.15735915849391033,5.136666666666667,0.9749279121818236,-0.22252093395631434,0.8660254037844386,0.5000000000000001,0.5947266869607634,0.8039279618328213,5.5,5.9
2019-02-07,Meghalaya,NER,25.57049217,91.8800142,5.5,2019,2,3,38,0,0,12.2,78,3.8,3.4,6.1,3.7857142857142856,0.7712080813644983,5.116666666666666,0.43388373911755823,-0.900968867902419,0.8660254037844386,0.5000000000000001,0.6084768701151261,0.7935716089521474,5.7,6.3
2019-02-08,Meghalaya,NER,25.57049217,91.8800142,5.7,2019,2,4,39,0,0,13.1,71,5.5,3.4,6.2,4.114285714285715,1.0270160197201936,5.1,-0.433883739117558,-0.9009688679024191,0.8660254037844386,0.5000000000000001,0.6220467484408675,0.7829801036770629,5.8,6.3
2019-02-09,Meghalaya,NER,25.57049217,91.8800142,5.8,2019,2,5,40,1,0,12.5,77,5.7,3.4,6.0,4.457142857142857,1.1428869043743914,5.093333333333334,-0.9749279121818236,-0.2225209339563146,0.8660254037844386,0.5000000000000001,0.6354323008901774,0.7721565844991642,6.0,5.9
2019-02-10,Meghalaya,NER,25.57049217,91.8800142,6.0,2019,2,6,41,1,0,10.9,69,5.8,3.4,6.2,4.828571428571428,1.1643514442445149,5.086666666666667,-0.7818314824680299,0.6234898018587334,0.8660254037844386,0.5000000000000001,0.6486295610349814,0.7611042586607747,5.8,6.2
2019-02-11,Meghalaya,NER,25.57049217,91.8800142,5.8,2019,2,0,42,0,0,10.9,76,6.0,3.4,6.2,5.171428571428571,1.017700489198215,5.073333333333333,0.0,1.0,0.8660254037844386,0.5000000000000001,0.6616346182422783,0.7498264012045686,5.8,6.3
2019-02-12,Meghalaya,NER,25.57049217,91.8800142,5.8,2019,2,1,43,0,0,12.5,56,5.8,3.6,6.0,5.485714285714286,0.758130532798874,5.066666666666666,0.7818314824680298,0.6234898018587336,0.8660254037844386,0.5000000000000001,0.6744436188329455,0.7383263540031065,5.9,6.2
2019-02-13,Meghalaya,NER,25.57049217,91.8800142,5.9,2019,2,2,44,0,0,13.9,69,5.8,3.8,5.9,5.785714285714286,0.15735915849388574,5.066666666666666,0.9749279121818236,-0.22252093395631434,0.8660254037844386,0.5000000000000001,0.6870527672236669,0.7266075247685656,6.3,6.2
2019-02-14,Meghalaya,NER,25.57049217,91.8800142,6.3,2019,2,3,45,0,0,13.4,74,5.9,5.5,5.4,5.8999999999999995,0.19999999999999732,5.096666666666666,0.43388373911755823,-0.900968867902419,0.8660254037844386,0.5000000000000001,0.699458327051647,0.7146733860429609,6.3,4.7
2019-02-15,Meghalaya,NER,25.57049217,91.8800142,6.3,2019,2,4,46,0,0,13.1,78,6.3,5.7,5.2,5.985714285714286,0.22677868380553384,5.133333333333334,-0.433883739117558,-0.9009688679024191,0.8660254037844386,0.5000000000000001,0.7116566222817746,0.7025274741691571,5.9,5.0
2019-02-16,Meghalaya,NER,25.57049217,91.8800142,5.9,2019,2,5,47,1,0,11.5,70,6.3,5.8,5.6,6.0,0.21602468994692603,5.1433333333333335,-0.9749279121818236,-0.2225209339563146,0.8660254037844386,0.5000000000000001,0.7236440382959124,0.6901733882429719,6.2,5.3
2019-02-17,Meghalaya,NER,25.57049217,91.8800142,6.2,2019,2,6,48,1,0,9.6,80,5.9,6.0,5.5,6.028571428571429,0.22886885410852925,5.166666666666667,-0.7818314824680299,0.6234898018587334,0.8660254037844386,0.5000000000000001,0.7354170229639855,0.6776147890466889,6.3,4.9
2019-02-18,Meghalaya,NER,25.57049217,91.8800142,6.3,2019,2,0,49,0,0,9.6,75,6.2,5.8,5.8,6.1000000000000005,0.22360679774997647,5.183333333333334,0.0,1.0,0.8660254037844386,0.5000000000000001,0.7469720876965552,0.6648553979642865,6.2,4.9
2019-02-19,Meghalaya,NER,25.57049217,91.8800142,6.2,2019,2,1,50,0,0,10.9,73,6.3,5.8,5.6,6.1571428571428575,0.18126539343499018,5.203333333333333,0.7818314824680298,0.6234898018587336,0.8660254037844386,0.5000000000000001,0.7583058084785624,0.6518989958787126,6.2,5.5
2019-02-20,Meghalaya,NER,25.57049217,91.8800142,6.2,2019,2,2,51,0,0,12.5,76,6.2,5.9,5.6,6.2,0.14142135623730603,5.223333333333334,0.9749279121818236,-0.22252093395631434,0.8660254037844386,0.5000000000000001,0.7694148268839378,0.6387494220515272,4.7,5.9
2019-02-21,Meghalaya,NER,25.57049217,91.8800142,4.7,2019,2,3,52,0,0,11.6,86,6.2,6.3,5.7,5.971428571428572,0.5765248931147301,5.1899999999999995,0.43388373911755823,-0.900968867902419,0.8660254037844386,0.5000000000000001,0.7802958510707755,0.6254105729852463,5.0,6.7
2019-02-22,Meghalaya,NER,25.57049217,91.8800142,5.0,2019,2,4,53,0,0,12.8,80,4.7,6.3,5.7,5.785714285714286,0.6568322247184359,5.166666666666667,-0.433883739117558,-0.9009688679024191,0.8660254037844386,0.5000000000000001,0.7909456567567772,0.6118864012687243,5.3,6.6
2019-02-23,Meghalaya,NER,25.57049217,91.8800142,5.3,2019,2,5,54,1,0,14.6,76,5.0,5.9,5.6,5.7,0.6782329983125257,5.156666666666667,-0.9749279121818236,-0.2225209339563146,0.8660254037844386,0.5000000000000001,0.8013610881746766,0.5981809144059165,4.9,6.6
2019-02-24,Meghalaya,NER,25.57049217,91.8800142,4.9,2019,2,6,55,1,0,13.6,49,5.3,6.2,5.6,5.514285714285713,0.6962484504556569,5.133333333333334,-0.7818314824680299,0.6234898018587334,0.8660254037844386,0.5000000000000001,0.8115390590073611,0.5842981736283684,4.9,6.5
2019-02-25,Meghalaya,NER,25.57049217,91.8800142,4.9,2019,2,0,56,0,0,12.0,60,4.9,6.3,4.9,5.314285714285715,0.6309478885734044,5.133333333333334,0.0,1.0,0.8660254037844386,0.5000000000000001,0.8214765533024142,0.5702422926917871,5.5,6.4
2019-02-26,Meghalaya,NER,25.57049217,91.8800142,5.5,2019,2,1,57,0,0,12.3,72,4.9,6.2,5.6,5.214285714285714,0.5113008619478074,5.13,0.7818314824680298,0.6234898018587336,0.8660254037844386,0.5000000000000001,0.8311706263658079,0.5560174366570446,5.9,6.6
2019-02-27,Meghalaya,NER,25.57049217,91.8800142,5.9,2019,2,2,58,0,0,12.1,88,5.5,6.2,5.6,5.171428571428572,0.4191828786034627,5.14,0.9749279121818236,-0.22252093395631434,0.8660254037844386,0.5000000000000001,0.8406184056344782,0.5416278206559814,6.7,6.7
2019-02-28,Meghalaya,NER,25.57049217,91.8800142,6.7,2019,2,3,59,0,0,11.0,83,5.9,4.7,4.7,5.457142857142857,0.657918796552539,5.206666666666666,0.43388373911755823,-0.900968867902419,0.8660254037844386,0.5000000000000001,0.8498170915275278,0.5270777086423722,6.6,5.5
2019-03-02,Meghalaya,NER,25.57049217,91.8800142,6.6,2019,3,5,61,1,0,10.5,80,6.7,5.0,5.0,5.685714285714285,0.7448234050846562,5.260000000000001,-0.9749279121818236,-0.2225209339563146,1.0,6.123233995736766e-17,0.8674563547295969,0.49751328890718066,6.6,5.2
2019-03-03,Meghalaya,NER,25.57049217,91.8800142,6.6,2019,3,6,62,1,0,11.3,81,6.6,5.3,3.4,5.871428571428572,0.7931252228038237,5.366666666666666,-0.7818314824680299,0.6234898018587334,1.0,6.123233995736766e-17,0.8758917051442429,0.48250774176121847,6.5,5.7
2019-03-04,Meghalaya,NER,25.57049217,91.8800142,6.5,2019,3,0,63,0,1,11.6,79,6.6,4.9,3.4,6.1000000000000005,0.690410505906929,5.47,0.0,1.0,1.0,6.123233995736766e-17,0.8840675099433636,0.4673592171580022,6.4,5.6
2019-03-05,Meghalaya,NER,25.57049217,91.8800142,6.4,2019,3,1,64,0,0,12.5,81,6.5,4.9,3.4,6.314285714285714,0.4450789122113427,5.570000000000001,0.7818314824680298,0.6234898018587336,1.0,6.123233995736766e-17,0.8919813464595485,0.45207220393230435,6.6,5.3
2019-03-06,Meghalaya,NER,25.57049217,91.8800142,6.6,2019,3,2,65,0,0,13.0,74,6.4,5.5,3.4,6.471428571428571,0.26903708365380685,5.676666666666667,0.9749279121818236,-0.22252093395631434,1.0,6.123233995736766e-17,0.8996308696522433,0.43665123195606403,6.7,5.4
2019-03-07,Meghalaya,NER,25.57049217,91.8800142,6.7,2019,3,3,66,0,0,12.0,72,6.6,5.9,3.4,6.585714285714286,0.10690449676493424,5.786666666666666,0.43388373911755823,-0.900968867902419,1.0,6.123233995736766e-17,0.9070138128026359,0.4211008707960896,5.5,5.2
2019-03-08,Meghalaya,NER,25.57049217,91.8800142,5.5,2019,3,4,67,0,0,10.9,66,6.7,6.7,3.6,6.414285714285714,0.4140393356054048,5.85,-0.433883739117558,-0.9009688679024191,1.0,6.123233995736766e-17,0.9141279881853337,0.40542572835999735,5.2,4.3
2019-03-09,Meghalaya,NER,25.57049217,91.8800142,5.2,2019,3,5,68,1,0,11.0,57,5.5,6.6,3.8,6.214285714285714,0.6039552175135997,5.8966666666666665,-0.9749279121818236,-0.2225209339563146,1.0,6.123233995736766e-17,0.9209712877166346,0.38963044953078796,5.7,4.1
2019-03-10,Meghalaya,NER,25.57049217,91.8800142,5.7,2019,3,6,69,1,0,12.6,70,5.2,6.6,5.5,6.085714285714286,0.6039552175136004,5.903333333333333,-0.7818314824680299,0.6234898018587334,1.0,6.123233995736766e-17,0.9275416835791966,0.37371971479046906,5.6,4.2
2019-03-11,Meghalaya,NER,25.57049217,91.8800142,5.6,2019,3,0,70,0,0,13.6,76,5.7,6.5,5.7,5.957142857142857,0.5968169536721226,5.9,0.0,1.0,1.0,6.123233995736766e-17,0.9338372288229252,0.35769823883312546,5.3,4.1
2019-03-12,Meghalaya,NER,25.57049217,91.8800142,5.3,2019,3,1,71,0,0,15.2,67,5.6,6.4,5.8,5.8,0.6055300708194958,5.883333333333334,0.7818314824680298,0.6234898018587336,1.0,6.123233995736766e-17,0.9398560579418954,0.3415707691678556,5.4,4.4
2019-03-13,Meghalaya,NER,25.57049217,91.8800142,5.4,2019,3,2,72,0,0,16.2,67,5.3,6.6,6.0,5.628571428571428,0.5023753102820142,5.863333333333333,0.9749279121818236,-0.22252093395631434,1.0,6.123233995736766e-17,0.9455963874271426,0.3253420847119801,5.2,4.2
2019-03-14,Meghalaya,NER,25.57049217,91.8800142,5.2,2019,3,3,73,0,0,16.0,69,5.4,6.7,5.8,5.414285714285714,0.19518001458970358,5.843333333333334,0.43388373911755823,-0.900968867902419,1.0,6.123233995736766e-17,0.9510565162951535,0.30901699437494745,4.3,4.0
2019-03-15,Meghalaya,NER,25.57049217,91.8800142,4.3,2019,3,4,74,0,0,17.3,66,5.2,5.5,5.8,5.242857142857142,0.45773770821706306,5.793333333333334,-0.433883739117558,-0.9009688679024191,1.0,6.123233995736766e-17,0.9562348265919056,0.29260033563334836,4.1,5.9
2019-03-16,Meghalaya,NER,25.57049217,91.8800142,4.1,2019,3,5,75,1,0,16.7,66,4.3,5.2,5.9,5.085714285714286,0.6309478885734054,5.733333333333333,-0.9749279121818236,-0.2225209339563146,1.0,6.123233995736766e-17,0.9611297838723007,0.27609697309746883,4.2,5.7
2019-03-17,Meghalaya,NER,25.57049217,91.8800142,4.2,2019,3,6,76,1,0,16.3,61,4.1,5.7,6.3,4.871428571428572,0.6421689437998022,5.663333333333333,-0.7818314824680299,0.6234898018587334,1.0,6.123233995736766e-17,0.9657399376548549,0.2595117970697999,4.1,5.8
2019-03-18,Meghalaya,NER,25.57049217,91.8800142,4.1,2019,3,0,77,0,0,15.0,65,4.2,5.6,6.3,4.657142857142857,0.607884700846971,5.59,0.0,1.0,1.0,6.123233995736766e-17,0.9700639218515071,0.2428497220959356,4.4,5.5
2019-03-19,Meghalaya,NER,25.57049217,91.8800142,4.4,2019,3,1,78,0,0,13.8,74,4.1,5.3,5.9,4.528571428571429,0.5407226205560062,5.54,0.7818314824680298,0.6234898018587336,1.0,6.123233995736766e-17,0.9741004551724205,0.22611568550828828,4.2,5.5
2019-03-20,Meghalaya,NER,25.57049217,91.8800142,4.2,2019,3,2,79,0,0,14.3,68,4.4,5.4,6.2,4.357142857142857,0.386683086679276,5.473333333333334,0.9749279121818236,-0.22252093395631434,1.0,6.123233995736766e-17,0.9778483415056568,0.20931464596304847,4.0,6.0
2019-03-21,Meghalaya,NER,25.57049217,91.8800142,4.0,2019,3,3,80,0,1,15.5,63,4.2,5.2,6.3,4.185714285714286,0.13451854182692394,5.3966666666666665,0.43388373911755823,-0.900968867902419,1.0,6.123233995736766e-17,0.9813064702716093,0.19245158197082998,5.9,5.9
2019-03-22,Meghalaya,NER,25.57049217,91.8800142,5.9,2019,3,4,81,0,0,16.4,70,4.0,4.3,6.2,4.414285714285714,0.6669047194029352,5.386666666666667,-0.433883739117558,-0.9009688679024191,1.0,6.123233995736766e-17,0.9844738167520922,0.1755314904214282,5.7,5.7
2019-03-23,Meghalaya,NER,25.57049217,91.8800142,5.7,2019,3,5,82,1,0,15.8,68,5.9,4.1,6.2,4.642857142857143,0.8017837257372743,5.37,-0.9749279121818236,-0.2225209339563146,1.0,6.123233995736766e-17,0.9873494423939864,0.15855938510313475,5.8,5.5
2019-03-24,Meghalaya,NER,25.57049217,91.8800142,5.8,2019,3,6,83,1,0,15.5,63,5.7,4.2,4.7,4.871428571428572,0.8788520651286841,5.406666666666666,-0.7818314824680299,0.6234898018587334,1.0,6.123233995736766e-17,0.989932495087353,0.141540295217043,5.5,5.6
2019-03-25,Meghalaya,NER,25.57049217,91.8800142,5.5,2019,3,0,84,0,0,15.9,60,5.8,4.1,5.0,5.071428571428571,0.8320943169983507,5.423333333333333,0.0,1.0,1.0,6.123233995736766e-17,0.9922222094179323,0.12447926388678915,5.5,5.7
2019-03-26,Meghalaya,NER,25.57049217,91.8800142,5.5,2019,3,1,85,0,0,16.3,59,5.5,4.4,5.3,5.228571428571429,0.7867957924694422,5.429999999999999,0.7818314824680298,0.6234898018587336,1.0,6.123233995736766e-17,0.994217906893952,0.10738134666416309,6.0,6.0
2019-03-27,Meghalaya,NER,25.57049217,91.8800142,6.0,2019,3,2,86,0,0,14.5,67,5.5,4.2,4.9,5.485714285714286,0.6817344825970751,5.466666666666667,0.9749279121818236,-0.22252093395631434,1.0,6.123233995736766e-17,0.995918996147179,0.09025161003104117,5.9,5.6
2019-03-28,Meghalaya,NER,25.57049217,91.8800142,5.9,2019,3,3,87,0,0,15.3,71,6.0,4.0,4.9,5.757142857142857,0.19880595947758933,5.5,0.43388373911755823,-0.900968867902419,1.0,6.123233995736766e-17,0.9973249731081555,0.07309512989807777,5.7,5.4
2019-03-29,Meghalaya,NER,25.57049217,91.8800142,5.7,2019,3,4,88,0,0,15.8,68,5.9,5.9,5.5,5.728571428571429,0.18898223650460177,5.506666666666667,-0.433883739117558,-0.9009688679024191,1.0,6.123233995736766e-17,0.9984354211555643,0.055916990100603484,5.5,6.5
2019-03-30,Meghalaya,NER,25.57049217,91.8800142,5.5,2019,3,5,89,1,0,16.3,86,5.7,5.7,5.9,5.7,0.20816659994660286,5.493333333333334,-0.9749279121818236,-0.2225209339563146,1.0,6.123233995736766e-17,0.9992500112396835,0.03872228089217446,5.6,6.6
2019-03-31,Meghalaya,NER,25.57049217,91.8800142,5.6,2019,3,6,90,1,0,16.3,85,5.5,5.8,6.7,5.671428571428572,0.20586634591634492,5.456666666666667,-0.7818314824680299,0.6234898018587334,1.0,6.123233995736766e-17,0.9997685019798909,0.021516097436222254,5.7,6.4
2019-04-02,Meghalaya,NER,25.57049217,91.8800142,5.7,2019,4,1,92,0,0,15.4,81,5.6,5.5,6.6,5.7,0.19148542155125628,5.426666666666666,0.7818314824680298,0.6234898018587336,0.8660254037844387,-0.4999999999999998,0.9999166586547379,-0.01291029607500882,6.0,6.6
2019-04-03,Meghalaya,NER,25.57049217,91.8800142,6.0,2019,4,2,93,0,0,14.3,76,5.7,5.5,6.6,5.771428571428571,0.19760470401185845,5.406666666666666,0.9749279121818236,-0.22252093395631434,0.8660254037844387,-0.4999999999999998,0.9995462806873573,-0.030120304846908114,5.6,6.7
2019-04-04,Meghalaya,NER,25.57049217,91.8800142,5.6,2019,4,3,94,0,0,15.9,74,6.0,6.0,6.5,5.714285714285714,0.17728105208557135,5.376666666666666,0.43388373911755823,-0.900968867902419,0.8660254037844387,-0.4999999999999998,0.9988797155850336,-0.04732138832243185,5.4,6.7
2019-04-05,Meghalaya,NER,25.57049217,91.8800142,5.4,2019,4,4,95,0,0,16.2,83,5.6,5.9,6.4,5.642857142857143,0.1902379462422582,5.343333333333333,-0.433883739117558,-0.9009688679024191,0.8660254037844387,-0.4999999999999998,0.9979171608653922,-0.06450844944931623,6.5,6.4
2019-04-06,Meghalaya,NER,25.57049217,91.8800142,6.5,2019,4,5,96,1,0,16.4,78,5.4,5.7,6.6,5.757142857142857,0.3779644730092212,5.34,-0.9749279121818236,-0.2225209339563146,0.8660254037844387,-0.4999999999999998,0.9966589017541702,-0.08167639533042241,6.6,5.6
2019-04-07,Meghalaya,NER,25.57049217,91.8800142,6.6,2019,4,6,97,1,0,14.5,84,6.5,5.5,6.7,5.914285714285714,0.47056197405715405,5.336666666666667,-0.7818314824680299,0.6234898018587334,0.8660254037844387,-0.4999999999999998,0.9951053111006976,-0.09882013873287143,6.4,5.7
2019-04-08,Meghalaya,NER,25.57049217,91.8800142,6.4,2019,4,0,98,0,0,15.3,88,6.6,5.6,5.5,6.028571428571428,0.4785891965429354,5.366666666666666,0.0,1.0,0.8660254037844387,-0.4999999999999998,0.9932568492674143,-0.11593459959550041,6.6,5.3
2019-04-09,Meghalaya,NER,25.57049217,91.8800142,6.6,2019,4,1,99,0,0,15.1,85,6.4,5.7,5.2,6.1571428571428575,0.49617585208317877,5.413333333333332,0.7818314824680298,0.6234898018587336,0.8660254037844387,-0.4999999999999998,0.9911140639934547,-0.1330147065341959,6.7,5.8
2019-04-10,Meghalaya,NER,25.57049217,91.8800142,6.7,2019,4,2,100,0,0,15.1,88,6.6,6.0,5.7,6.257142857142858,0.5287001130355476,5.446666666666667,0.9749279121818236,-0.22252093395631434,0.8660254037844387,-0.4999999999999998,0.9886775902323405,-0.1500553983446526,6.7,5.4
2019-04-11,Meghalaya,NER,25.57049217,91.8800142,6.7,2019,4,3,101,0,0,16.2,81,6.7,5.6,5.6,6.414285714285714,0.4598136268408769,5.483333333333333,0.43388373911755823,-0.900968867902419,0.8660254037844387,-0.4999999999999998,0.9859481499638304,-0.16705162550211924,6.4,5.8
2019-04-12,Meghalaya,NER,25.57049217,91.8800142,6.4,2019,4,4,102,0,0,17.3,86,6.7,5.4,5.3,6.557142857142858,0.12724180205602545,5.52,-0.433883739117558,-0.9009688679024191,0.8660254037844387,-0.4999999999999998,0.9829265519799822,-0.18399835165768005,5.6,6.0
2019-04-13,Meghalaya,NER,25.57049217,91.8800142,5.6,2019,4,5,103,1,1,17.9,79,6.4,6.5,5.4,6.428571428571429,0.3860668582611163,5.526666666666666,-0.9749279121818236,-0.2225209339563146,0.8660254037844387,-0.4999999999999998,0.9796136916454901,-0.20089055513063506,5.7,5.5
2019-04-14,Meghalaya,NER,25.57049217,91.8800142,5.7,2019,4,6,104,1,1,17.6,80,5.6,6.6,5.2,6.3,0.4618802153516909,5.543333333333334,-0.7818314824680299,0.6234898018587334,0.8660254037844387,-0.4999999999999998,0.9760105506323683,-0.21772323039653177,5.3,6.0
2019-04-15,Meghalaya,NER,25.57049217,91.8800142,5.3,2019,4,0,105,0,0,18.1,83,5.7,6.4,4.3,6.142857142857143,0.5912053869204866,5.576666666666666,0.0,1.0,0.8660254037844387,-0.4999999999999998,0.9721181966290613,-0.23449138957040985,5.8,5.9
2019-04-16,Meghalaya,NER,25.57049217,91.8800142,5.8,2019,4,1,106,0,0,18.8,81,5.3,6.6,4.1,6.028571428571429,0.56484300389366,5.633333333333334,0.7818314824680298,0.6234898018587336,0.8660254037844387,-0.4999999999999998,0.9679377830240642,-0.25119006388481935,5.4,5.7
2019-04-17,Meghalaya,NER,25.57049217,91.8800142,5.4,2019,4,2,107,0,1,19.7,64,5.8,6.7,4.2,5.8428571428571425,0.5191568255583335,5.673333333333334,0.9749279121818236,-0.22252093395631434,0.8660254037844387,-0.4999999999999998,0.9634705485641488,-0.2678143051621742,5.8,5.8
2019-04-18,Meghalaya,NER,25.57049217,91.8800142,5.8,2019,4,3,108,0,0,19.1,61,5.4,6.7,4.1,5.714285714285714,0.35790395093549354,5.73,0.43388373911755823,-0.900968867902419,0.8660254037844387,-0.4999999999999998,0.9587178169872964,-0.2843591872810034,6.0,5.9
2019-04-19,Meghalaya,NER,25.57049217,91.8800142,6.0,2019,4,4,109,0,1,17.8,69,5.8,6.4,4.4,5.657142857142857,0.24397501823713066,5.783333333333333,-0.433883739117558,-0.9009688679024191,0.8660254037844387,-0.4999999999999998,0.9536809966304457,-0.30081980763566735,5.5,5.5
2019-04-20,Meghalaya,NER,25.57049217,91.8800142,5.5,2019,4,5,110,1,0,16.9,70,6.0,5.6,4.2,5.642857142857143,0.25071326821120127,5.826666666666666,-0.9749279121818236,-0.2225209339563146,0.8660254037844387,-0.4999999999999998,0.9483615800121715,-0.3171912885891061,6.0,6.0
2019-04-21,Meghalaya,NER,25.57049217,91.8800142,6.0,2019,4,6,111,1,0,16.2,74,5.5,5.7,4.0,5.685714285714285,0.28535691936339963,5.893333333333333,-0.7818314824680299,0.6234898018587334,0.8660254037844387,-0.4999999999999998,0.9427611433904207,-0.3334687789181868,5.9,6.0
2019-04-22,Meghalaya,NER,25.57049217,91.8800142,5.9,2019,4,0,112,0,0,16.0,73,6.0,5.3,5.9,5.771428571428572,0.23603873774082712,5.8933333333333335,0.0,1.0,0.8660254037844387,-0.4999999999999998,0.9368813462954315,-0.3496474552512284,5.7,6.4
2019-04-23,Meghalaya,NER,25.57049217,91.8800142,5.7,2019,4,1,113,0,0,18.2,65,5.9,5.8,5.7,5.757142857142857,0.23704530408863536,5.893333333333333,0.7818314824680298,0.6234898018587336,0.8660254037844387,-0.4999999999999998,0.9307239310379795,-0.36572252349726897,5.8,6.3
2019-04-24,Meghalaya,NER,25.57049217,91.8800142,5.8,2019,4,2,114,0,0,19.0,66,5.7,5.4,5.8,5.814285714285715,0.17728105208557454,5.8933333333333335,0.9749279121818236,-0.22252093395631434,0.8660254037844387,-0.4999999999999998,0.9242907221930933,-0.3816892202666588,5.9,6.2
2019-04-25,Meghalaya,NER,25.57049217,91.8800142,5.9,2019,4,3,115,0,0,18.9,75,5.8,5.8,5.5,5.828571428571429,0.17994708216847805,5.906666666666667,0.43388373911755823,-0.900968867902419,0.8660254037844387,-0.4999999999999998,0.9175836260593937,-0.39754281428255595,5.5,6.4
2019-04-26,Meghalaya,NER,25.57049217,91.8800142,5.5,2019,4,4,116,0,0,18.9,81,5.9,6.0,5.5,5.757142857142858,0.1988059594775946,5.906666666666667,-0.433883739117558,-0.9009688679024191,0.8660254037844387,-0.4999999999999998,0.9106046300942162,-0.4132786077829042,6.0,6.2
2019-04-27,Meghalaya,NER,25.57049217,91.8800142,6.0,2019,4,5,117,1,0,18.0,93,5.5,5.5,6.0,5.828571428571429,0.17994708216847805,5.906666666666667,-0.9749279121818236,-0.2225209339563146,0.8660254037844387,-0.4999999999999998,0.9033558023246845,-0.4288919379124835,6.0,5.8
2019-04-28,Meghalaya,NER,25.57049217,91.8800142,6.0,2019,4,6,118,1,0,19.3,89,6.0,6.0,5.9,5.828571428571429,0.17994708216847805,5.91,-0.7818314824680299,0.6234898018587334,0.8660254037844387,-0.4999999999999998,0.895839290734909,-0.4443781781046132,6.4,5.7
2019-04-29,Meghalaya,NER,25.57049217,91.8800142,6.4,2019,4,0,119,0,0,19.5,87,6.0,5.9,5.7,5.8999999999999995,0.2828427124746117,5.933333333333334,0.0,1.0,0.8660254037844387,-0.4999999999999998,0.8880573226294932,-0.45973273945210397,6.3,6.1
2019-04-30,Meghalaya,NER,25.57049217,91.8800142,6.3,2019,4,1,120,0,0,20.2,85,6.4,5.7,5.5,5.985714285714287,0.30237157840737333,5.959999999999999,0.7818314824680298,0.6234898018587336,0.8660254037844387,-0.4999999999999998,0.8800122039735357,-0.47495107206704995,6.2,6.4
2019-05-02,Meghalaya,NER,25.57049217,91.8800142,6.2,2019,5,3,122,0,0,20.1,84,6.3,5.8,5.6,6.042857142857143,0.2992052966172287,5.98,0.43388373911755823,-0.900968867902419,0.49999999999999994,-0.8660254037844387,0.8631421280499114,-0.5049610547215204,6.4,6.1
2019-05-03,Meghalaya,NER,25.57049217,91.8800142,6.4,2019,5,4,123,0,0,19.6,86,6.2,5.9,5.7,6.114285714285714,0.31847852585153225,6.003333333333333,-0.433883739117558,-0.9009688679024191,0.49999999999999994,-0.8660254037844387,0.854322169749827,-0.5197438121555155,6.2,6.1
2019-05-04,Meghalaya,NER,25.57049217,91.8800142,6.2,2019,5,5,124,1,0,18.2,95,6.4,5.5,6.0,6.214285714285714,0.16761634196948344,6.010000000000001,-0.9749279121818236,-0.2225209339563146,0.49999999999999994,-0.8660254037844387,0.8452490573530633,-0.5343725582809786,5.8,6.1
2019-05-05,Meghalaya,NER,25.57049217,91.8800142,5.8,2019,5,6,125,1,0,18.9,82,6.2,6.0,5.6,6.185714285714285,0.2193062655174975,6.016666666666667,-0.7818314824680299,0.6234898018587334,0.49999999999999994,-0.8660254037844387,0.8359254794186372,-0.548842958284719,5.7,5.8
2019-05-06,Meghalaya,NER,25.57049217,91.8800142,5.7,2019,5,0,126,0,0,19.2,79,5.8,6.0,5.4,6.142857142857143,0.28199966227604406,6.026666666666667,0.0,1.0,0.49999999999999994,-0.8660254037844387,0.8263541987239096,-0.5631507242749186,6.1,5.4
2019-05-07,Meghalaya,NER,25.57049217,91.8800142,6.1,2019,5,1,127,0,0,19.2,79,5.7,6.4,6.5,6.1000000000000005,0.25819888974714905,6.013333333333334,0.7818314824680298,0.6234898018587336,0.49999999999999994,-0.8660254037844387,0.8165380514459161,-0.5772916165517272,6.4,5.4
2019-05-08,Meghalaya,NER,25.57049217,91.8800142,6.4,2019,5,2,128,0,0,20.3,80,6.1,6.3,6.6,6.114285714285715,0.2734262327610473,6.006666666666667,0.9749279121818236,-0.22252093395631434,0.49999999999999994,-0.8660254037844387,0.8064799463209448,-0.5912614448635781,6.1,5.6
2019-05-09,Meghalaya,NER,25.57049217,91.8800142,6.1,2019,5,3,129,0,0,21.3,82,6.4,6.2,6.4,6.1000000000000005,0.27080128015452054,5.996666666666667,0.43388373911755823,-0.900968867902419,0.49999999999999994,-0.8660254037844387,0.7961828637826158,-0.6050560696488488,6.1,5.6
2019-05-10,Meghalaya,NER,25.57049217,91.8800142,6.1,2019,5,4,130,0,0,21.3,81,6.1,6.4,6.6,6.057142857142858,0.23704530408862845,5.98,-0.433883739117558,-0.9009688679024191,0.49999999999999994,-0.8660254037844387,0.7856498550787147,-0.6186714032625031,6.1,5.7
2019-05-11,Meghalaya,NER,25.57049217,91.8800142,6.1,2019,5,5,131,1,0,21.2,83,6.1,6.2,6.7,6.042857142857143,0.22990681342043146,5.959999999999999,-0.9749279121818236,-0.2225209339563146,0.49999999999999994,-0.8660254037844387,0.7748840413670407,-0.6321034111873487,5.8,5.5
2019-05-12,Meghalaya,NER,25.57049217,91.8800142,5.8,2019,5,6,132,1,0,20.7,82,6.1,5.8,6.7,6.042857142857144,0.22990681342043146,5.930000000000001,-0.7818314824680299,0.6234898018587334,0.49999999999999994,-0.8660254037844387,0.7638886127905428,-0.6453481132295501,5.4,5.0
2019-05-13,Meghalaya,NER,25.57049217,91.8800142,5.4,2019,5,0,133,0,0,20.5,78,5.8,5.7,6.4,6.0,0.31622776601682917,5.8966666666666665,0.0,1.0,0.49999999999999994,-0.8660254037844387,0.7526668275320085,-0.6584015846980488,5.4,5.5
2019-05-14,Meghalaya,NER,25.57049217,91.8800142,5.4,2019,5,1,134,0,0,18.9,79,5.4,6.1,5.6,5.8999999999999995,0.38297084310252866,5.890000000000001,0.7818314824680298,0.6234898018587336,0.49999999999999994,-0.8660254037844387,0.7412220108485958,-0.6712599575675313,5.6,5.4
2019-05-15,Meghalaya,NER,25.57049217,91.8800142,5.6,2019,5,2,135,0,0,18.9,83,5.4,6.4,5.7,5.785714285714286,0.3236694374850678,5.886666666666667,0.9749279121818236,-0.22252093395631434,0.49999999999999994,-0.8660254037844387,0.7295575540864875,-0.6839194216246106,5.6,5.0
2019-05-16,Meghalaya,NER,25.57049217,91.8800142,5.6,2019,5,3,136,0,0,18.5,91,5.6,6.1,5.3,5.714285714285714,0.29680841985232476,5.8966666666666665,0.43388373911755823,-0.900968867902419,0.49999999999999994,-0.8660254037844387,0.717676913675962,-0.6963762255968722,5.7,5.3
2019-05-17,Meghalaya,NER,25.57049217,91.8800142,5.7,2019,5,4,137,0,0,20.3,84,5.6,6.1,5.8,5.6571428571428575,0.2439750182371253,5.893333333333333,-0.433883739117558,-0.9009688679024191,0.49999999999999994,-0.8660254037844387,0.705583610107178,-0.7086266782644596,5.5,5.3
2019-05-18,Meghalaya,NER,25.57049217,91.8800142,5.5,2019,5,5,138,1,1,21.1,80,5.7,6.1,5.4,5.571428571428571,0.14960264830860767,5.896666666666666,-0.9749279121818236,-0.2225209339563146,0.49999999999999994,-0.8660254037844387,0.6932812268869777,-0.7206671495538609,5.0,5.3
2019-05-19,Meghalaya,NER,25.57049217,91.8800142,5.0,2019,5,6,139,1,0,20.9,78,5.5,5.8,5.8,5.457142857142856,0.22990681342043784,5.87,-0.7818314824680299,0.6234898018587334,0.49999999999999994,-0.8660254037844387,0.6807734094770161,-0.7324940716135789,5.5,5.6
2019-05-20,Meghalaya,NER,25.57049217,91.8800142,5.5,2019,5,0,140,0,0,20.2,75,5.0,5.4,6.0,5.471428571428571,0.2288688541085254,5.8533333333333335,0.0,1.0,0.49999999999999994,-0.8660254037844387,0.6680638642135335,-0.7441039398713607,5.4,5.8
2019-05-21,Meghalaya,NER,25.57049217,91.8800142,5.4,2019,5,1,141,0,0,20.0,76,5.5,5.4,5.5,5.471428571428571,0.2288688541085254,5.85,0.7818314824680298,0.6234898018587336,0.49999999999999994,-0.8660254037844387,0.6551563572090853,-0.7554933140726803,5.0,5.3
2019-05-22,Meghalaya,NER,25.57049217,91.8800142,5.0,2019,5,2,142,0,0,19.8,86,5.4,5.6,6.0,5.385714285714286,0.2794552524023042,5.816666666666666,0.9749279121818236,-0.22252093395631434,0.49999999999999994,-0.8660254037844387,0.6420547132365637,-0.766658819300159,5.3,5.0
2019-05-23,Meghalaya,NER,25.57049217,91.8800142,5.3,2019,5,3,143,0,0,19.3,86,5.0,5.6,5.9,5.3428571428571425,0.26367367999822644,5.796666666666667,0.43388373911755823,-0.900968867902419,0.49999999999999994,-0.8660254037844387,0.6287628145958344,-0.7775971469736269,5.3,4.7
2019-05-24,Meghalaya,NER,25.57049217,91.8800142,5.3,2019,5,4,144,0,0,19.5,89,5.3,5.7,5.7,5.285714285714286,0.21157009420497627,5.783333333333333,-0.433883739117558,-0.9009688679024191,0.49999999999999994,-0.8660254037844387,0.6152845999633276,-0.7883050558305255,5.3,4.3
2019-05-25,Meghalaya,NER,25.57049217,91.8800142,5.3,2019,5,5,145,1,0,19.3,92,5.3,5.5,5.8,5.257142857142858,0.19023794624226278,5.766666666666667,-0.9749279121818236,-0.2225209339563146,0.49999999999999994,-0.8660254037844387,0.6016240632249226,-0.7987793728863649,5.6,3.7
2019-05-26,Meghalaya,NER,25.57049217,91.8800142,5.6,2019,5,6,146,1,0,19.9,82,5.3,5.0,5.9,5.3428571428571425,0.1902379462422616,5.756666666666666,-0.7818314824680299,0.6234898018587334,0.49999999999999994,-0.8660254037844387,0.5877852522924732,-0.8090169943749473,5.8,5.6
2019-05-27,Meghalaya,NER,25.57049217,91.8800142,5.8,2019,5,0,147,0,0,20.0,86,5.6,5.5,5.5,5.385714285714286,0.2544836041121352,5.766666666666667,0.0,1.0,0.49999999999999994,-0.8660254037844387,0.5737722679043246,-0.8190148866680801,5.3,5.9
2019-05-28,Meghalaya,NER,25.57049217,91.8800142,5.3,2019,5,1,148,0,0,19.7,78,5.8,5.4,6.0,5.371428571428571,0.25634797778465696,5.743333333333333,0.7818314824680298,0.6234898018587336,0.49999999999999994,-0.8660254037844387,0.5595892624101765,-0.8287700871745038,5.0,5.9
2019-05-29,Meghalaya,NER,25.57049217,91.8800142,5.0,2019,5,2,149,0,0,20.0,80,5.3,5.0,6.0,5.371428571428571,0.25634797778465696,5.709999999999999,0.9749279121818236,-0.22252093395631434,0.49999999999999994,-0.8660254037844387,0.545240438540651,-0.8382797052177744,4.7,6.1
2019-05-30,Meghalaya,NER,25.57049217,91.8800142,4.7,2019,5,3,150,0,0,19.1,86,5.0,5.3,6.4,5.285714285714286,0.36253078686998313,5.653333333333333,0.43388373911755823,-0.900968867902419,0.49999999999999994,-0.8660254037844387,0.5307300481619334,-0.8475409228928311,4.3,5.7
2019-05-31,Meghalaya,NER,25.57049217,91.8800142,4.3,2019,5,4,151,0,0,19.1,86,4.7,5.3,6.3,5.142857142857143,0.5191568255583359,5.586666666666667,-0.433883739117558,-0.9009688679024191,0.49999999999999994,-0.8660254037844387,0.5160623910158528,-0.8565509959010036,3.7,5.5
2019-06-02,Meghalaya,NER,25.57049217,91.8800142,3.7,2019,6,6,153,1,0,18.7,87,4.3,5.3,6.2,4.914285714285714,0.7425823667638305,5.503333333333333,-0.7818314824680299,0.6234898018587334,1.2246467991473532e-16,-1.0,0.48627270710868997,-0.8738071036110808,5.6,5.6
2019-06-03,Meghalaya,NER,25.57049217,91.8800142,5.6,2019,6,0,154,0,0,18.7,86,3.7,5.6,6.4,4.914285714285714,0.7425823667638305,5.4766666666666675,0.0,1.0,1.2246467991473532e-16,-1.0,0.4711595076738638,-0.8820480249558537,5.9,6.2
2019-06-04,Meghalaya,NER,25.57049217,91.8800142,5.9,2019,6,1,155,0,0,17.8,93,5.6,5.8,6.2,4.928571428571429,0.7631388814501283,5.466666666666667,0.7818314824680298,0.6234898018587336,1.2246467991473532e-16,-1.0,0.4559066935084588,-0.8900275764346767,5.9,6.2
2019-06-05,Meghalaya,NER,25.57049217,91.8800142,5.9,2019,6,2,156,0,1,19.0,90,5.9,5.3,5.8,5.014285714285714,0.8414839499926533,5.470000000000001,0.9749279121818236,-0.22252093395631434,1.2246467991473532e-16,-1.0,0.440518784350495,-0.8977433935342337,6.1,5.9
2019-06-06,Meghalaya,NER,25.57049217,91.8800142,6.1,2019,6,3,157,0,0,20.1,89,5.9,5.0,5.7,5.171428571428572,0.9357960705807031,5.483333333333333,0.43388373911755823,-0.900968867902419,1.2246467991473532e-16,-1.0,0.42500033996955416,-0.9051931898913974,5.7,6.0
2019-06-07,Meghalaya,NER,25.57049217,91.8800142,5.7,2019,6,4,158,0,0,19.9,93,6.1,4.7,6.1,5.314285714285714,0.928131764044615,5.47,-0.433883739117558,-0.9009688679024191,1.2246467991473532e-16,-1.0,0.4093559588156213,-0.9123747579707273,5.5,6.3
2019-06-08,Meghalaya,NER,25.57049217,91.8800142,5.5,2019,6,5,159,1,0,19.7,88,5.7,4.3,6.4,5.485714285714286,0.8132825901422993,5.4399999999999995,-0.9749279121818236,-0.2225209339563146,1.2246467991473532e-16,-1.0,0.39359027665646673,-0.9192859697186104,5.6,6.3
2019-06-09,Meghalaya,NER,25.57049217,91.8800142,5.6,2019,6,6,160,1,0,20.5,92,5.5,3.7,6.1,5.757142857142857,0.21491969707420894,5.423333333333333,-0.7818314824680299,0.6234898018587334,1.2246467991473532e-16,-1.0,0.3777079652039649,-0.9259247771938498,6.2,5.9
2019-06-10,Meghalaya,NER,25.57049217,91.8800142,6.2,2019,6,0,161,0,0,21.1,84,5.6,5.6,6.1,5.842857142857143,0.25727509827122597,5.426666666666667,0.0,1.0,1.2246467991473532e-16,-1.0,0.36171373072976765,-0.9322892131745133,6.2,5.2
2019-06-11,Meghalaya,NER,25.57049217,91.8800142,6.2,2019,6,1,162,0,0,20.8,88,6.2,5.9,6.1,5.885714285714285,0.2911389784310873,5.430000000000001,0.7818314824680298,0.6234898018587336,1.2246467991473532e-16,-1.0,0.3456123126707335,-0.9383773917408641,5.9,5.2
2019-06-12,Meghalaya,NER,25.57049217,91.8800142,5.9,2019,6,2,163,0,0,20.5,92,6.2,5.9,5.8,5.885714285714286,0.2911389784310873,5.433333333333334,0.9749279121818236,-0.22252093395631434,1.2246467991473532e-16,-1.0,0.3294084822245304,-0.9441875088341993,6.0,5.2
2019-06-13,Meghalaya,NER,25.57049217,91.8800142,6.0,2019,6,3,164,0,0,21.3,84,5.9,6.1,5.4,5.871428571428572,0.281154084173806,5.453333333333333,0.43388373911755823,-0.900968867902419,1.2246467991473532e-16,-1.0,0.3131070409358269,-0.9497178427914316,6.3,5.2
2019-06-14,Meghalaya,NER,25.57049217,91.8800142,6.3,2019,6,4,165,0,0,20.6,95,6.0,5.7,5.4,5.957142857142857,0.3101458950082492,5.483333333333333,-0.433883739117558,-0.9009688679024191,1.2246467991473532e-16,-1.0,0.29671281927349075,-0.9549667548552551,6.3,5.4
2019-06-15,Meghalaya,NER,25.57049217,91.8800142,6.3,2019,6,5,166,1,0,21.2,89,6.3,5.5,5.6,6.071428571428571,0.25634797778464424,5.506666666666666,-0.9749279121818236,-0.2225209339563146,1.2246467991473532e-16,-1.0,0.28023067519921585,-0.9599326896597447,5.9,5.1
2019-06-16,Meghalaya,NER,25.57049217,91.8800142,5.9,2019,6,6,167,1,0,21.9,86,6.3,5.6,5.6,6.114285714285715,0.1772810520855564,5.516666666666667,-0.7818314824680299,0.6234898018587334,1.2246467991473532e-16,-1.0,0.26366549272800704,-0.9646141756912435,5.2,5.3
2019-06-17,Meghalaya,NER,25.57049217,91.8800142,5.2,2019,6,0,168,0,0,21.7,86,5.9,6.2,5.7,5.971428571428571,0.38172540616819955,5.5,0.0,1.0,1.2246467991473532e-16,-1.0,0.24702218048093552,-0.9690098257244062,5.2,6.5
2019-06-18,Meghalaya,NER,25.57049217,91.8800142,5.2,2019,6,1,169,0,0,21.8,85,5.2,6.2,5.5,5.828571428571429,0.46084807950228496,5.49,0.7818314824680298,0.6234898018587336,1.2246467991473532e-16,-1.0,0.23030567023061221,-0.9731183372332619,5.2,6.5
2019-06-19,Meghalaya,NER,25.57049217,91.8800142,5.2,2019,6,2,170,0,0,21.6,83,5.2,5.9,5.0,5.728571428571428,0.5154748157905273,5.496666666666667,0.9749279121818236,-0.22252093395631434,1.2246467991473532e-16,-1.0,0.21352091543979612,-0.9769384927771817,5.2,6.6
2019-06-20,Meghalaya,NER,25.57049217,91.8800142,5.2,2019,6,3,171,0,0,21.2,90,5.2,6.0,5.5,5.614285714285714,0.5336308693862243,5.486666666666667,0.43388373911755823,-0.900968867902419,1.2246467991473532e-16,-1.0,0.19667288979357647,-0.980469160361632,5.4,6.5
2019-06-21,Meghalaya,NER,25.57049217,91.8800142,5.4,2019,6,4,172,0,0,20.9,88,5.2,6.3,5.4,5.485714285714286,0.4413183712037128,5.486666666666666,-0.433883739117558,-0.9009688679024191,1.2246467991473532e-16,-1.0,0.1797665857255624,-0.9837092937736097,5.1,6.6
2019-06-22,Meghalaya,NER,25.57049217,91.8800142,5.1,2019,6,5,173,1,0,21.5,89,5.4,6.3,5.0,5.314285714285715,0.2734262327610481,5.49,-0.9749279121818236,-0.2225209339563146,1.2246467991473532e-16,-1.0,0.16280701293851715,-0.986657932891657,5.3,6.7
2019-06-23,Meghalaya,NER,25.57049217,91.8800142,5.3,2019,6,6,174,1,0,22.1,82,5.1,5.9,5.3,5.228571428571429,0.09511897312110434,5.489999999999999,-0.7818314824680299,0.6234898018587334,1.2246467991473532e-16,-1.0,0.1457991969198751,-0.9893142039703663,6.5,6.5
2019-06-24,Meghalaya,NER,25.57049217,91.8800142,6.5,2019,6,0,175,0,0,21.8,83,5.3,5.2,5.3,5.414285714285714,0.48795003647426016,5.53,0.0,1.0,1.2246467991473532e-16,-1.0,0.12874817745258132,-0.99167731989929,6.5,5.2
2019-06-25,Meghalaya,NER,25.57049217,91.8800142,6.5,2019,6,1,176,0,0,21.6,87,6.5,5.2,5.3,5.6000000000000005,0.6218252702059157,5.569999999999999,0.7818314824680298,0.6234898018587336,1.2246467991473532e-16,-1.0,0.11165900712169512,-0.993746580436178,6.6,5.7
2019-06-26,Meghalaya,NER,25.57049217,91.8800142,6.6,2019,6,2,177,0,0,21.0,89,6.5,5.2,5.6,5.8,0.692820323027546,5.6033333333333335,0.9749279121818236,-0.22252093395631434,1.2246467991473532e-16,-1.0,0.09453674981719912,-0.9955213724144752,6.5,5.4
2019-06-27,Meghalaya,NER,25.57049217,91.8800142,6.5,2019,6,3,178,0,0,20.1,91,6.6,5.2,5.8,5.985714285714286,0.679285338741066,5.626666666666666,0.43388373911755823,-0.900968867902419,1.2246467991473532e-16,-1.0,0.07738647923346301,-0.9970011699250151,6.6,5.4
2019-06-28,Meghalaya,NER,25.57049217,91.8800142,6.6,2019,6,4,179,0,0,20.9,92,6.5,5.4,5.3,6.157142857142857,0.6579187965525356,5.670000000000001,-0.433883739117558,-0.9009688679024191,1.2246467991473532e-16,-1.0,0.06021327736579302,-0.9981855344718586,6.7,5.5
2019-06-29,Meghalaya,NER,25.57049217,91.8800142,6.7,2019,6,5,180,1,0,21.1,94,6.6,5.1,5.0,6.385714285714285,0.484522347020134,5.7266666666666675,-0.9749279121818236,-0.2225209339563146,1.2246467991473532e-16,-1.0,0.04302223300453059,-0.99907411510223,6.5,5.5
2019-06-30,Meghalaya,NER,25.57049217,91.8800142,6.5,2019,6,6,181,1,0,21.4,84,6.7,5.3,4.7,6.557142857142857,0.0786795792469124,5.786666666666666,-0.7818314824680299,0.6234898018587334,1.2246467991473532e-16,-1.0,0.02581844022713308,-0.9996666485105112,5.2,5.4
2019-07-01,Meghalaya,NER,25.57049217,91.8800142,5.2,2019,7,0,182,0,0,21.5,89,6.5,6.5,4.3,6.371428571428572,0.52190128605029,5.816666666666666,0.0,1.0,-0.4999999999999997,-0.8660254037844388,0.008606996888688698,-0.9999629591162655,5.7,3.85
2019-07-02,Meghalaya,NER,25.57049217,91.8800142,5.7,2019,7,1,183,0,0,21.1,87,5.2,6.5,3.7,6.257142857142857,0.5740416444159809,5.883333333333334,0.7818314824680298,0.6234898018587336,-0.4999999999999997,-0.8660254037844388,-0.008606996888688009,-0.9999629591162655,5.4,3.9
2019-07-03,Meghalaya,NER,25.57049217,91.8800142,5.4,2019,7,2,184,0,0,21.3,86,5.7,6.6,5.6,6.085714285714286,0.6309478885734001,5.876666666666667,0.9749279121818236,-0.22252093395631434,-0.4999999999999997,-0.8660254037844388,-0.02581844022713239,-0.9996666485105112,5.4,4.1
2019-07-04,Meghalaya,NER,25.57049217,91.8800142,5.4,2019,7,3,185,0,0,21.8,86,5.4,6.5,5.9,5.928571428571429,0.6473388749701448,5.859999999999999,0.43388373911755823,-0.900968867902419,-0.4999999999999997,-0.8660254037844388,-0.04302223300453034,-0.99907411510223,5.5,5.1
2019-07-05,Meghalaya,NER,25.57049217,91.8800142,5.5,2019,7,4,186,0,0,21.6,87,5.4,6.6,5.9,5.771428571428572,0.5879747322073284,5.846666666666666,-0.433883739117558,-0.9009688679024191,-0.4999999999999997,-0.8660254037844388,-0.060213277365792774,-0.9981855344718586,5.5,5.95
2019-07-06,Meghalaya,NER,25.57049217,91.8800142,5.5,2019,7,5,187,1,0,20.3,91,5.5,6.7,6.1,5.6000000000000005,0.42426406871192146,5.826666666666666,-0.9749279121818236,-0.2225209339563146,-0.4999999999999997,-0.8660254037844388,-0.07738647923346322,-0.9970011699250151,5.4,6.0
2019-07-07,Meghalaya,NER,25.57049217,91.8800142,5.4,2019,7,6,188,1,0,20.4,93,5.5,6.5,5.7,5.442857142857143,0.15118578920367198,5.816666666666666,-0.7818314824680299,0.6234898018587334,-0.4999999999999997,-0.8660254037844388,-0.09453674981719933,-0.9955213724144752,3.85,6.0
2019-07-08,Meghalaya,NER,25.57049217,91.8800142,3.85,2019,7,0,189,0,0,20.8,93,5.4,5.2,5.5,5.25,0.6264982043070791,5.761666666666667,0.0,1.0,-0.4999999999999997,-0.8660254037844388,-0.11165900712169444,-0.9937465804361781,3.9,6.2
2019-07-09,Meghalaya,NER,25.57049217,91.8800142,3.9,2019,7,1,190,0,0,20.9,93,3.85,5.7,5.6,4.992857142857143,0.7650863630056008,5.705,0.7818314824680298,0.6234898018587336,-0.4999999999999997,-0.8660254037844388,-0.12874817745258066,-0.99167731989929,4.1,6.1
2019-07-10,Meghalaya,NER,25.57049217,91.8800142,4.1,2019,7,2,191,0,0,20.4,94,3.9,5.4,6.2,4.807142857142857,0.8064472350111558,5.635,0.9749279121818236,-0.22252093395631434,-0.4999999999999997,-0.8660254037844388,-0.14579919691987442,-0.9893142039703664,5.1,6.1
2019-07-11,Meghalaya,NER,25.57049217,91.8800142,5.1,2019,7,3,192,0,0,20.5,93,4.1,5.4,6.2,4.764285714285714,0.7771284137313259,5.598333333333334,0.43388373911755823,-0.900968867902419,-0.4999999999999997,-0.8660254037844388,-0.16280701293851646,-0.9866579328916572,5.95,6.0
2019-07-12,Meghalaya,NER,25.57049217,91.8800142,5.95,2019,7,4,193,0,0,20.5,92,5.1,5.5,5.9,4.828571428571428,0.8620987679577562,5.6,-0.433883739117558,-0.9009688679024191,-0.4999999999999997,-0.8660254037844388,-0.17976658572556214,-0.9837092937736098,6.0,5.9
2019-07-13,Meghalaya,NER,25.57049217,91.8800142,6.0,2019,7,5,194,1,0,20.4,91,5.95,5.5,6.0,4.8999999999999995,0.943839675651182,5.6,-0.9749279121818236,-0.2225209339563146,-0.4999999999999997,-0.8660254037844388,-0.19667288979357622,-0.9804691603616321,6.0,5.8
2019-07-14,Meghalaya,NER,25.57049217,91.8800142,6.0,2019,7,6,195,1,0,19.5,92,6.0,5.4,6.3,4.985714285714286,1.0209122904353243,5.59,-0.7818314824680299,0.6234898018587334,-0.4999999999999997,-0.8660254037844388,-0.2135209154397959,-0.9769384927771817,6.2,5.7
2019-07-15,Meghalaya,NER,25.57049217,91.8800142,6.2,2019,7,0,196,0,0,19.7,92,6.0,3.85,6.3,5.321428571428571,0.9703337668285142,5.586666666666667,0.0,1.0,-0.4999999999999997,-0.8660254037844388,-0.23030567023061196,-0.973118337233262,6.1,6.1
2019-07-16,Meghalaya,NER,25.57049217,91.8800142,6.1,2019,7,1,197,0,0,21.2,84,6.2,3.9,5.9,5.635714285714286,0.7685019441063449,5.593333333333334,0.7818314824680298,0.6234898018587336,-0.4999999999999997,-0.8660254037844388,-0.24702218048093527,-0.9690098257244063,6.1,5.9
2019-07-17,Meghalaya,NER,25.57049217,91.8800142,6.1,2019,7,2,198,0,0,21.5,84,6.1,4.1,5.2,5.921428571428571,0.3717718194192213,5.623333333333334,0.9749279121818236,-0.22252093395631434,-0.4999999999999997,-0.8660254037844388,-0.2636654927280072,-0.9646141756912435,6.0,6.3
2019-07-18,Meghalaya,NER,25.57049217,91.8800142,6.0,2019,7,3,199,0,0,21.8,84,6.1,5.1,5.2,6.049999999999999,0.08660254037839751,5.65,0.43388373911755823,-0.900968867902419,-0.4999999999999997,-0.8660254037844388,-0.2802306751992161,-0.9599326896597445,5.9,6.7
2019-07-19,Meghalaya,NER,25.57049217,91.8800142,5.9,2019,7,4,200,0,0,21.5,86,6.0,5.95,5.2,6.042857142857144,0.09759000729481218,5.673333333333334,-0.433883739117558,-0.9009688679024191,-0.4999999999999997,-0.8660254037844388,-0.2967128192734901,-0.9549667548552553,5.8,6.5
2019-07-20,Meghalaya,NER,25.57049217,91.8800142,5.8,2019,7,5,201,1,0,21.2,90,5.9,6.0,5.2,6.014285714285714,0.13451854182688025,5.6933333333333325,-0.9749279121818236,-0.2225209339563146,-0.4999999999999997,-0.8660254037844388,-0.3131070409358267,-0.9497178427914317,5.7,6.5
2019-07-21,Meghalaya,NER,25.57049217,91.8800142,5.7,2019,7,6,202,1,0,21.5,85,5.8,6.0,5.4,5.971428571428572,0.17994708216846553,5.703333333333334,-0.7818314824680299,0.6234898018587334,-0.4999999999999997,-0.8660254037844388,-0.3294084822245302,-0.9441875088341994,6.1,6.4
2019-07-22,Meghalaya,NER,25.57049217,91.8800142,6.1,2019,7,0,203,0,0,21.1,87,5.7,6.2,5.1,5.957142857142856,0.161834718742513,5.736666666666666,0.0,1.0,-0.4999999999999997,-0.8660254037844388,-0.3456123126707333,-0.9383773917408642,5.9,6.3
2019-07-23,Meghalaya,NER,25.57049217,91.8800142,5.9,2019,7,1,204,0,0,20.7,86,6.1,6.1,5.3,5.928571428571429,0.14960264830859302,5.756666666666667,0.7818314824680298,0.6234898018587336,-0.4999999999999997,-0.8660254037844388,-0.3617137307297674,-0.9322892131745134,6.3,6.1
2019-07-24,Meghalaya,NER,25.57049217,91.8800142,6.3,2019,7,2,205,0,0,21.0,91,5.9,6.1,6.5,5.957142857142857,0.19880595947758115,5.75,0.9749279121818236,-0.22252093395631434,-0.4999999999999997,-0.8660254037844388,-0.37770796520396466,-0.9259247771938499,6.7,5.1
2019-07-25,Meghalaya,NER,25.57049217,91.8800142,6.7,2019,7,3,206,0,0,20.6,96,6.3,6.0,6.5,6.057142857142858,0.34572215654163896,5.756666666666667,0.43388373911755823,-0.900968867902419,-0.4999999999999997,-0.8660254037844388,-0.39359027665646645,-0.9192859697186105,6.5,5.7
2019-07-26,Meghalaya,NER,25.57049217,91.8800142,6.5,2019,7,4,207,0,0,20.0,92,6.7,5.9,6.6,6.142857142857143,0.373528860362625,5.753333333333334,-0.433883739117558,-0.9009688679024191,-0.4999999999999997,-0.8660254037844388,-0.4093559588156211,-0.9123747579707274,6.5,6.0
2019-07-27,Meghalaya,NER,25.57049217,91.8800142,6.5,2019,7,5,208,1,0,19.4,93,6.5,5.8,6.5,6.242857142857143,0.3598941643369636,5.753333333333334,-0.9749279121818236,-0.2225209339563146,-0.4999999999999997,-0.8660254037844388,-0.42500033996955394,-0.9051931898913975,6.4,5.9
2019-07-28,Meghalaya,NER,25.57049217,91.8800142,6.4,2019,7,6,209,1,0,20.8,85,6.5,5.7,6.6,6.3428571428571425,0.2699206232527162,5.746666666666666,-0.7818314824680299,0.6234898018587334,-0.4999999999999997,-0.8660254037844388,-0.4405187843504952,-0.8977433935342336,6.3,6.0
2019-07-29,Meghalaya,NER,25.57049217,91.8800142,6.3,2019,7,0,210,0,0,20.8,85,6.4,6.1,6.7,6.371428571428572,0.24976179127509532,5.733333333333333,0.0,1.0,-0.4999999999999997,-0.8660254037844388,-0.455906693508459,-0.8900275764346766,6.1,5.7
2019-07-30,Meghalaya,NER,25.57049217,91.8800142,6.1,2019,7,1,211,0,0,20.7,90,6.3,5.9,6.5,6.3999999999999995,0.19148542155124681,5.72,0.7818314824680298,0.6234898018587336,-0.4999999999999997,-0.8660254037844388,-0.47115950767386394,-0.8820480249558535,5.1,6.0
2019-07-31,Meghalaya,NER,25.57049217,91.8800142,5.1,2019,7,2,212,0,0,20.4,88,6.1,6.3,5.2,6.228571428571429,0.5313952882562512,5.716666666666667,0.9749279121818236,-0.22252093395631434,-0.4999999999999997,-0.8660254037844388,-0.4862727071086902,-0.8738071036110807,5.7,4.8
2019-08-01,Meghalaya,NER,25.57049217,91.8800142,5.7,2019,8,3,213,0,0,20.4,95,5.1,6.7,5.7,6.0857142857142845,0.5177791402666098,5.716666666666667,0.43388373911755823,-0.900968867902419,-0.8660254037844385,-0.5000000000000004,-0.5012418134457756,-0.8653072543632061,6.0,5.0
2019-08-02,Meghalaya,NER,25.57049217,91.8800142,6.0,2019,8,4,214,0,0,20.7,90,5.7,6.5,5.4,6.014285714285713,0.4845223470201308,5.736666666666666,-0.433883739117558,-0.9009688679024191,-0.8660254037844385,-0.5000000000000004,-0.5160623910158526,-0.8565509959010037,5.9,5.2
2019-08-03,Meghalaya,NER,25.57049217,91.8800142,5.9,2019,8,5,215,1,0,21.1,88,6.0,6.5,5.4,5.928571428571429,0.43479606604431237,5.753333333333334,-0.9749279121818236,-0.2225209339563146,-0.8660254037844385,-0.5000000000000004,-0.5307300481619331,-0.8475409228928312,6.0,5.0
2019-08-04,Meghalaya,NER,25.57049217,91.8800142,6.0,2019,8,6,216,1,0,21.5,90,5.9,6.4,5.5,5.871428571428572,0.38606685826111753,5.7700000000000005,-0.7818314824680299,0.6234898018587334,-0.8660254037844385,-0.5000000000000004,-0.5452404385406507,-0.8382797052177745,5.7,4.4
2019-08-05,Meghalaya,NER,25.57049217,91.8800142,5.7,2019,8,0,217,0,0,22.1,91,6.0,6.3,5.5,5.785714285714286,0.3387652649872697,5.776666666666667,0.0,1.0,-0.8660254037844385,-0.5000000000000004,-0.5595892624101763,-0.828770087174504,6.0,4.7
2019-08-06,Meghalaya,NER,25.57049217,91.8800142,6.0,2019,8,1,218,0,0,22.5,86,5.7,6.1,5.4,5.771428571428571,0.3251373336211576,5.796666666666667,0.7818314824680298,0.6234898018587336,-0.8660254037844385,-0.5000000000000004,-0.5737722679043243,-0.8190148866680802,4.8,5.1
2019-08-08,Meghalaya,NER,25.57049217,91.8800142,4.8,2019,8,3,220,0,0,19.6,92,6.0,5.1,3.85,5.728571428571429,0.4309458036856557,5.828333333333334,0.43388373911755823,-0.900968867902419,-0.8660254037844385,-0.5000000000000004,-0.6016240632249227,-0.7987793728863648,5.0,6.7
2019-08-09,Meghalaya,NER,25.57049217,91.8800142,5.0,2019,8,4,221,0,0,21.1,95,4.8,5.7,3.9,5.628571428571429,0.5122313465426943,5.865,-0.433883739117558,-0.9009688679024191,-0.8660254037844385,-0.5000000000000004,-0.6152845999633277,-0.7883050558305253,5.2,6.2
2019-08-10,Meghalaya,NER,25.57049217,91.8800142,5.2,2019,8,5,222,1,0,21.1,92,5.0,6.0,4.1,5.514285714285714,0.5047394424471834,5.901666666666667,-0.9749279121818236,-0.2225209339563146,-0.8660254037844385,-0.5000000000000004,-0.6287628145958345,-0.7775971469736268,5.0,6.3
2019-08-11,Meghalaya,NER,25.57049217,91.8800142,5.0,2019,8,6,223,1,0,22.0,88,5.2,5.9,5.1,5.385714285714285,0.5047394424471824,5.8983333333333325,-0.7818314824680299,0.6234898018587334,-0.8660254037844385,-0.5000000000000004,-0.6420547132365636,-0.7666588193001592,4.4,6.3
2019-08-12,Meghalaya,NER,25.57049217,91.8800142,4.4,2019,8,0,224,0,1,23.0,79,5.0,6.0,5.95,5.1571428571428575,0.5411627692821531,5.846666666666667,0.0,1.0,-0.8660254037844385,-0.5000000000000004,-0.655156357209085,-0.7554933140726804,4.7,6.1
2019-08-13,Meghalaya,NER,25.57049217,91.8800142,4.7,2019,8,1,225,0,0,20.7,89,4.4,5.7,6.0,5.014285714285714,0.5047394424471796,5.803333333333333,0.7818314824680298,0.6234898018587336,-0.8660254037844385,-0.5000000000000004,-0.6680638642135333,-0.7441039398713608,5.1,6.0
2019-08-14,Meghalaya,NER,25.57049217,91.8800142,5.1,2019,8,2,226,0,0,20.4,93,4.7,6.0,6.0,4.885714285714285,0.2734262327610294,5.7733333333333325,0.9749279121818236,-0.22252093395631434,-0.8660254037844385,-0.5000000000000004,-0.6807734094770159,-0.7324940716135792,6.7,5.9
2019-08-15,Meghalaya,NER,25.57049217,91.8800142,6.7,2019,8,3,227,0,1,20.7,90,5.1,4.8,6.2,5.1571428571428575,0.7322502824789225,5.790000000000001,0.43388373911755823,-0.900968867902419,-0.8660254037844385,-0.5000000000000004,-0.6932812268869771,-0.7206671495538615,6.2,6.0
2019-08-16,Meghalaya,NER,25.57049217,91.8800142,6.2,2019,8,4,228,0,0,20.7,94,6.7,5.0,6.1,5.328571428571429,0.8240434570140129,5.793333333333333,-0.433883739117558,-0.9009688679024191,-0.8660254037844385,-0.5000000000000004,-0.7055836101071774,-0.70862667826446,6.3,5.9
2019-08-17,Meghalaya,NER,25.57049217,91.8800142,6.3,2019,8,5,229,1,0,20.5,93,6.2,5.2,6.1,5.485714285714286,0.8970852271450532,5.8,-0.9749279121818236,-0.2225209339563146,-0.8660254037844385,-0.5000000000000004,-0.7176769136759615,-0.6963762255968726,6.3,6.0
2019-08-18,Meghalaya,NER,25.57049217,91.8800142,6.3,2019,8,6,230,1,0,20.6,88,6.3,5.0,6.0,5.671428571428571,0.9141741003300594,5.81,-0.7818314824680299,0.6234898018587334,-0.8660254037844385,-0.5000000000000004,-0.7295575540864876,-0.6839194216246105,6.1,6.0
2019-08-19,Meghalaya,NER,25.57049217,91.8800142,6.1,2019,8,0,231,0,0,20.8,85,6.3,4.4,5.9,5.914285714285714,0.726701615585948,5.816666666666666,0.0,1.0,-0.8660254037844385,-0.5000000000000004,-0.7412220108485957,-0.6712599575675315,6.0,6.1
2019-08-20,Meghalaya,NER,25.57049217,91.8800142,6.0,2019,8,1,232,0,0,20.9,87,6.1,4.7,5.8,6.1,0.4932882862316147,5.823333333333334,0.7818314824680298,0.6234898018587336,-0.8660254037844385,-0.5000000000000004,-0.7526668275320083,-0.6584015846980489,5.9,6.2
2019-08-21,Meghalaya,NER,25.57049217,91.8800142,5.9,2019,8,2,233,0,0,21.0,88,6.0,5.1,5.7,6.214285714285714,0.26095064302513,5.829999999999999,0.9749279121818236,-0.22252093395631434,-0.8660254037844385,-0.5000000000000004,-0.7638886127905429,-0.64534811322955,6.0,5.9
2019-08-22,Meghalaya,NER,25.57049217,91.8800142,6.0,2019,8,3,234,0,0,21.4,89,5.9,6.7,6.1,6.114285714285714,0.15735915849385654,5.826666666666666,0.43388373911755823,-0.900968867902419,-0.8660254037844385,-0.5000000000000004,-0.7748840413670406,-0.6321034111873488,5.9,5.4
2019-08-23,Meghalaya,NER,25.57049217,91.8800142,5.9,2019,8,4,235,0,0,20.6,95,6.0,6.2,5.9,6.071428571428571,0.1704336206492387,5.826666666666666,-0.433883739117558,-0.9009688679024191,-0.8660254037844385,-0.5000000000000004,-0.7856498550787144,-0.6186714032625032,6.0,5.3
2019-08-24,Meghalaya,NER,25.57049217,91.8800142,6.0,2019,8,5,236,1,1,20.3,92,5.9,6.3,6.3,6.028571428571429,0.138013111868432,5.816666666666666,-0.9749279121818236,-0.2225209339563146,-0.8660254037844385,-0.5000000000000004,-0.7961828637826154,-0.6050560696488494,6.0,5.3
2019-08-25,Meghalaya,NER,25.57049217,91.8800142,6.0,2019,8,6,237,1,0,20.5,88,6.0,6.3,6.7,5.985714285714287,0.06900655593415572,5.793333333333333,-0.7818314824680299,0.6234898018587334,-0.8660254037844385,-0.5000000000000004,-0.8064799463209447,-0.5912614448635782,6.1,5.5
2019-08-26,Meghalaya,NER,25.57049217,91.8800142,6.1,2019,8,0,238,0,0,21.2,82,6.0,6.1,6.5,5.985714285714286,0.06900655593415572,5.779999999999999,0.0,1.0,-0.8660254037844385,-0.5000000000000004,-0.8165380514459157,-0.5772916165517278,6.2,5.7
2019-08-27,Meghalaya,NER,25.57049217,91.8800142,6.2,2019,8,1,239,0,0,21.5,85,6.1,6.0,6.5,6.014285714285714,0.10690449676491899,5.77,0.7818314824680298,0.6234898018587336,-0.8660254037844385,-0.5000000000000004,-0.8263541987239094,-0.5631507242749187,5.9,5.8
2019-08-28,Meghalaya,NER,25.57049217,91.8800142,5.9,2019,8,2,240,0,0,20.7,93,6.2,5.9,6.4,6.014285714285714,0.10690449676491899,5.753333333333334,0.9749279121818236,-0.22252093395631434,-0.8660254037844385,-0.5000000000000004,-0.8359254794186365,-0.5488429582847199,5.4,5.9
2019-08-29,Meghalaya,NER,25.57049217,91.8800142,5.4,2019,8,3,241,0,0,21.4,89,5.9,6.0,6.3,5.928571428571429,0.2563479777846404,5.723333333333333,0.43388373911755823,-0.900968867902419,-0.8660254037844385,-0.5000000000000004,-0.8452490573530634,-0.5343725582809785,5.3,5.4
2019-08-30,Meghalaya,NER,25.57049217,91.8800142,5.3,2019,8,4,242,0,0,21.0,89,5.4,5.9,6.1,5.8428571428571425,0.3505098327538493,5.696666666666667,-0.433883739117558,-0.9009688679024191,-0.8660254037844385,-0.5000000000000004,-0.8543221697498269,-0.5197438121555157,5.3,5.4
2019-08-31,Meghalaya,NER,25.57049217,91.8800142,5.3,2019,8,5,243,1,0,20.5,92,5.3,6.0,5.1,5.742857142857142,0.3952094080237268,5.703333333333334,-0.9749279121818236,-0.2225209339563146,-0.8660254037844385,-0.5000000000000004,-0.8631421280499115,-0.5049610547215202,5.5,5.4
2019-09-01,Meghalaya,NER,25.57049217,91.8800142,5.5,2019,9,6,244,1,0,21.8,85,5.3,6.0,5.7,5.671428571428571,0.38606685826111425,5.696666666666667,-0.7818314824680299,0.6234898018587334,-1.0,-1.8369701987210297e-16,-0.8717063187093217,-0.4900286664290594,5.7,5.2
2019-09-02,Meghalaya,NER,25.57049217,91.8800142,5.7,2019,9,0,245,0,0,21.4,85,5.5,6.1,6.0,5.614285714285715,0.33876526498726667,5.6866666666666665,0.0,1.0,-1.0,-1.8369701987210297e-16,-0.8800122039735356,-0.4749510720670502,5.8,5.8
2019-09-03,Meghalaya,NER,25.57049217,91.8800142,5.8,2019,9,1,246,0,0,21.0,89,5.7,6.2,5.9,5.557142857142857,0.243975018237109,5.683333333333334,0.7818314824680298,0.6234898018587336,-1.0,-1.8369701987210297e-16,-0.888057322629493,-0.4597327394521046,5.9,5.8
2019-09-04,Meghalaya,NER,25.57049217,91.8800142,5.9,2019,9,2,247,0,0,20.5,94,5.8,5.9,6.0,5.557142857142858,0.243975018237109,5.679999999999999,0.9749279121818236,-0.22252093395631434,-1.0,-1.8369701987210297e-16,-0.8958392907349089,-0.4443781781046134,5.4,5.1
2019-09-05,Meghalaya,NER,25.57049217,91.8800142,5.4,2019,9,3,248,0,0,20.1,95,5.9,5.4,5.7,5.557142857142857,0.243975018237109,5.67,0.43388373911755823,-0.900968867902419,-1.0,-1.8369701987210297e-16,-0.9033558023246842,-0.4288919379124841,5.4,5.3
2019-09-06,Meghalaya,NER,25.57049217,91.8800142,5.4,2019,9,4,249,0,0,20.6,91,5.4,5.3,6.0,5.571428571428571,0.2288688541085058,5.65,-0.433883739117558,-0.9009688679024191,-1.0,-1.8369701987210297e-16,-0.9106046300942162,-0.41327860778290443,5.4,5.7
2019-09-08,Meghalaya,NER,25.57049217,91.8800142,5.4,2019,9,6,251,1,0,20.9,91,5.4,5.3,4.8,5.585714285714286,0.21157009420495348,5.67,-0.7818314824680299,0.6234898018587334,-1.0,-1.8369701987210297e-16,-0.9242907221930934,-0.3816892202666586,5.2,5.3
2019-09-09,Meghalaya,NER,25.57049217,91.8800142,5.2,2019,9,0,252,0,0,21.0,91,5.4,5.5,5.0,5.542857142857144,0.2572750982712167,5.676666666666666,0.0,1.0,-1.0,-1.8369701987210297e-16,-0.9307239310379793,-0.3657225234972692,5.8,5.6
2019-09-10,Meghalaya,NER,25.57049217,91.8800142,5.8,2019,9,1,253,0,1,21.1,95,5.2,5.7,5.2,5.557142857142857,0.269920623252709,5.696666666666667,0.7818314824680298,0.6234898018587336,-1.0,-1.8369701987210297e-16,-0.9368813462954315,-0.34964745525122826,5.8,5.7
2019-09-11,Meghalaya,NER,25.57049217,91.8800142,5.8,2019,9,2,254,0,0,20.8,91,5.8,5.8,5.0,5.557142857142858,0.269920623252709,5.723333333333334,0.9749279121818236,-0.22252093395631434,-1.0,-1.8369701987210297e-16,-0.9427611433904206,-0.33346877891818705,5.1,5.6
2019-09-12,Meghalaya,NER,25.57049217,91.8800142,5.1,2019,9,3,255,0,0,19.8,94,5.8,5.9,4.4,5.442857142857142,0.2699206232527083,5.746666666666667,0.43388373911755823,-0.900968867902419,-1.0,-1.8369701987210297e-16,-0.9483615800121716,-0.31719128858910595,5.3,5.2
2019-09-13,Meghalaya,NER,25.57049217,91.8800142,5.3,2019,9,4,256,0,0,20.0,91,5.1,5.4,4.7,5.428571428571429,0.27516228977509494,5.766666666666667,-0.433883739117558,-0.9009688679024191,-1.0,-1.8369701987210297e-16,-0.9536809966304455,-0.300819807635668,5.7,5.3
2019-09-14,Meghalaya,NER,25.57049217,91.8800142,5.7,2019,9,5,257,1,0,20.3,87,5.3,5.4,5.1,5.471428571428571,0.2927700218845391,5.786666666666667,-0.9749279121818236,-0.2225209339563146,-1.0,-1.8369701987210297e-16,-0.9587178169872964,-0.2843591872810036,5.3,4.1
2019-09-15,Meghalaya,NER,25.57049217,91.8800142,5.3,2019,9,6,258,1,0,20.5,90,5.7,5.4,6.7,5.457142857142857,0.2992052966172178,5.739999999999999,-0.7818314824680299,0.6234898018587334,-1.0,-1.8369701987210297e-16,-0.9634705485641486,-0.26781430516217486,5.6,5.1
2019-09-16,Meghalaya,NER,25.57049217,91.8800142,5.6,2019,9,0,259,0,0,20.3,88,5.3,5.2,6.2,5.514285714285713,0.27945525240228725,5.720000000000001,0.0,1.0,-1.0,-1.8369701987210297e-16,-0.9679377830240642,-0.25119006388481957,5.7,5.3
2019-09-17,Meghalaya,NER,25.57049217,91.8800142,5.7,2019,9,1,260,0,0,19.8,84,5.6,5.8,6.3,5.5,0.26457513110643627,5.7,0.7818314824680298,0.6234898018587336,-1.0,-1.8369701987210297e-16,-0.9721181966290612,-0.23449138957041052,5.6,5.3
2019-09-18,Meghalaya,NER,25.57049217,91.8800142,5.6,2019,9,2,261,0,0,19.7,86,5.7,5.8,6.3,5.471428571428571,0.2360387377408072,5.676666666666667,0.9749279121818236,-0.22252093395631434,-1.0,-1.8369701987210297e-16,-0.9760105506323682,-0.21772323039653224,5.2,5.2
2019-09-19,Meghalaya,NER,25.57049217,91.8800142,5.2,2019,9,3,262,0,0,19.7,89,5.6,5.1,6.1,5.485714285714287,0.21157009420495285,5.646666666666666,0.43388373911755823,-0.900968867902419,-1.0,-1.8369701987210297e-16,-0.9796136916454901,-0.20089055513063528,5.3,5.5
2019-09-20,Meghalaya,NER,25.57049217,91.8800142,5.3,2019,9,4,263,0,0,19.7,92,5.2,5.3,6.0,5.485714285714286,0.21157009420495285,5.623333333333333,-0.433883739117558,-0.9009688679024191,-1.0,-1.8369701987210297e-16,-0.9829265519799822,-0.18399835165767986,4.1,5.6
2019-09-21,Meghalaya,NER,25.57049217,91.8800142,4.1,2019,9,5,264,1,0,19.9,90,5.3,5.7,5.9,5.257142857142858,0.5442338432975872,5.5633333333333335,-0.9749279121818236,-0.2225209339563146,-1.0,-1.8369701987210297e-16,-0.9859481499638303,-0.1670516255021195,5.1,5.3
2019-09-22,Meghalaya,NER,25.57049217,91.8800142,5.1,2019,9,6,265,1,0,20.1,88,4.1,5.3,6.0,5.228571428571428,0.5468524655221053,5.533333333333333,-0.7818314824680299,0.6234898018587334,-1.0,-1.8369701987210297e-16,-0.9886775902323404,-0.15005539834465262,5.3,5.5
2019-09-23,Meghalaya,NER,25.57049217,91.8800142,5.3,2019,9,0,266,0,0,19.1,87,5.1,5.6,5.9,5.185714285714285,0.5241773600241533,5.513333333333334,0.0,1.0,-1.0,-1.8369701987210297e-16,-0.9911140639934546,-0.13301470653419636,5.3,5.4
2019-09-24,Meghalaya,NER,25.57049217,91.8800142,5.3,2019,9,1,267,0,0,18.5,91,5.3,5.7,6.0,5.128571428571428,0.4785891965429272,5.49,0.7818314824680298,0.6234898018587336,-1.0,-1.8369701987210297e-16,-0.9932568492674143,-0.11593459959550066,5.2,5.5
2019-09-25,Meghalaya,NER,25.57049217,91.8800142,5.2,2019,9,2,268,0,0,18.0,91,5.3,5.6,6.0,5.071428571428571,0.4347960660443057,5.463333333333334,0.9749279121818236,-0.22252093395631434,-1.0,-1.8369701987210297e-16,-0.9951053111006974,-0.09882013873287211,5.5,6.0
2019-09-26,Meghalaya,NER,25.57049217,91.8800142,5.5,2019,9,3,269,0,0,17.7,93,5.2,5.2,6.1,5.114285714285714,0.46342410895624564,5.443333333333333,0.43388373911755823,-0.900968867902419,-1.0,-1.8369701987210297e-16,-0.99665890175417,-0.08167639533042288,5.6,6.4
2019-09-27,Meghalaya,NER,25.57049217,91.8800142,5.6,2019,9,4,270,0,0,18.2,92,5.5,5.3,6.2,5.157142857142857,0.4961758520831722,5.423333333333333,-0.433883739117558,-0.9009688679024191,-1.0,-1.8369701987210297e-16,-0.9979171608653922,-0.06450844944931625,5.3,6.5
2019-09-28,Meghalaya,NER,25.57049217,91.8800142,5.3,2019,9,5,271,1,0,18.4,84,5.6,4.1,5.9,5.328571428571428,0.17043362064923104,5.403333333333333,-0.9749279121818236,-0.2225209339563146,-1.0,-1.8369701987210297e-16,-0.9988797155850335,-0.04732138832243232,5.5,6.1
2019-09-29,Meghalaya,NER,25.57049217,91.8800142,5.5,2019,9,6,272,1,0,17.7,89,5.3,5.1,5.4,5.385714285714285,0.1463850109422365,5.406666666666666,-0.7818314824680299,0.6234898018587334,-1.0,-1.8369701987210297e-16,-0.9995462806873573,-0.03012030484690836,5.4,6.6
2019-09-30,Meghalaya,NER,25.57049217,91.8800142,5.4,2019,9,0,273,0,0,17.7,92,5.5,5.3,5.3,5.4,0.14142135623726473,5.41,0.0,1.0,-1.0,-1.8369701987210297e-16,-0.9999166586547379,-0.012910296075008843,5.5,5.4
2019-10-01,Meghalaya,NER,25.57049217,91.8800142,5.5,2019,10,1,274,0,0,17.5,95,5.4,5.3,5.3,5.428571428571429,0.13801311186842546,5.416666666666667,0.7818314824680298,0.6234898018587336,-0.8660254037844386,0.5000000000000001,-0.9999907397361901,0.004303538296243821,6.0,6.6
2019-10-02,Meghalaya,NER,25.57049217,91.8800142,6.0,2019,10,2,275,0,1,18.1,95,5.5,5.2,5.5,5.542857142857144,0.22253945610564788,5.433333333333334,0.9749279121818236,-0.22252093395631434,-0.8660254037844386,0.5000000000000001,-0.9997685019798909,0.021516097436222233,6.4,6.4
2019-10-03,Meghalaya,NER,25.57049217,91.8800142,6.4,2019,10,3,276,0,0,18.1,98,6.0,5.5,5.7,5.671428571428572,0.3903600291793987,5.456666666666666,0.43388373911755823,-0.900968867902419,-0.8660254037844386,0.5000000000000001,-0.9992500112396835,0.03872228089217399,6.5,4.7
2019-10-04,Meghalaya,NER,25.57049217,91.8800142,6.5,2019,10,4,277,0,0,18.3,86,6.4,5.6,5.8,5.8,0.49665548085836686,5.4799999999999995,-0.433883739117558,-0.9009688679024191,-0.8660254037844386,0.5000000000000001,-0.9984354211555643,0.05591699010060302,6.1,5.1
2019-10-05,Meghalaya,NER,25.57049217,91.8800142,6.1,2019,10,5,278,1,0,18.9,85,6.5,5.3,5.9,5.9142857142857155,0.45250624831254427,5.486666666666667,-0.9749279121818236,-0.2225209339563146,-0.8660254037844386,0.5000000000000001,-0.9973249731081555,0.07309512989807776,6.6,5.1
2019-10-06,Meghalaya,NER,25.57049217,91.8800142,6.6,2019,10,6,279,1,0,18.6,89,6.1,5.5,5.4,6.071428571428571,0.4750939756661574,5.526666666666667,-0.7818314824680299,0.6234898018587334,-0.8660254037844386,0.5000000000000001,-0.9959189961471792,0.0902516100310407,5.4,5.3
2019-10-08,Meghalaya,NER,25.57049217,91.8800142,5.4,2019,10,1,281,0,1,17.6,90,6.6,5.4,5.4,6.071428571428571,0.4750939756661574,5.526666666666667,0.7818314824680298,0.6234898018587336,-0.8660254037844386,0.5000000000000001,-0.9922222094179324,0.12447926388678869,6.6,5.0
2019-10-09,Meghalaya,NER,25.57049217,91.8800142,6.6,2019,10,2,282,0,0,18.1,81,5.4,5.5,5.4,6.228571428571428,0.4347960660443113,5.566666666666666,0.9749279121818236,-0.22252093395631434,-0.8660254037844386,0.5000000000000001,-0.989932495087353,0.141540295217043,6.4,5.3
2019-10-10,Meghalaya,NER,25.57049217,91.8800142,6.4,2019,10,3,283,0,0,17.3,93,6.6,6.0,5.2,6.285714285714286,0.42594432902500506,5.606666666666667,0.43388373911755823,-0.900968867902419,-0.8660254037844386,0.5000000000000001,-0.9873494423939864,0.15855938510313475,4.7,5.1
2019-10-11,Meghalaya,NER,25.57049217,91.8800142,4.7,2019,10,4,284,0,0,17.3,87,6.4,6.4,5.8,6.042857142857143,0.7276838664721093,5.569999999999999,-0.433883739117558,-0.9009688679024191,-0.8660254037844386,0.5000000000000001,-0.9844738167520923,0.17553149042142777,5.1,5.9
2019-10-12,Meghalaya,NER,25.57049217,91.8800142,5.1,2019,10,5,285,1,0,17.7,83,4.7,6.5,5.8,5.8428571428571425,0.7721337165222513,5.546666666666666,-0.9749279121818236,-0.2225209339563146,-0.8660254037844386,0.5000000000000001,-0.9813064702716093,0.19245158197082995,5.1,6.0
2019-10-13,Meghalaya,NER,25.57049217,91.8800142,5.1,2019,10,6,286,1,0,18.0,82,5.1,6.1,5.1,5.7,0.8082903768654683,5.546666666666666,-0.7818314824680299,0.6234898018587334,-0.8660254037844386,0.5000000000000001,-0.9778483415056567,0.20931464596304888,5.3,5.9
2019-10-14,Meghalaya,NER,25.57049217,91.8800142,5.3,2019,10,0,287,0,0,17.7,82,5.1,6.6,5.3,5.514285714285714,0.71046597720221,5.546666666666667,0.0,1.0,-0.8660254037844386,0.5000000000000001,-0.9741004551724206,0.22611568550828803,5.0,6.1
2019-10-15,Meghalaya,NER,25.57049217,91.8800142,5.0,2019,10,1,288,0,0,18.2,80,5.3,5.4,5.7,5.457142857142856,0.7367883976129977,5.5233333333333325,0.7818314824680298,0.6234898018587336,-0.8660254037844386,0.5000000000000001,-0.970063921851507,0.2428497220959358,5.3,6.0
2019-10-16,Meghalaya,NER,25.57049217,91.8800142,5.3,2019,10,2,289,0,0,17.4,92,5.0,6.6,5.3,5.271428571428571,0.5376314900074248,5.523333333333334,0.9749279121818236,-0.22252093395631434,-0.8660254037844386,0.5000000000000001,-0.965739937654855,0.25951179706979943,5.1,6.1
2019-10-17,Meghalaya,NER,25.57049217,91.8800142,5.1,2019,10,3,290,0,0,17.8,93,5.3,6.4,5.6,5.085714285714286,0.20354009783960234,5.506666666666667,0.43388373911755823,-0.900968867902419,-0.8660254037844386,0.5000000000000001,-0.9611297838723007,0.27609697309746883,5.9,6.1
2019-10-18,Meghalaya,NER,25.57049217,91.8800142,5.9,2019,10,4,291,0,0,18.7,81,5.1,4.7,5.7,5.257142857142857,0.3047247001099969,5.513333333333334,-0.433883739117558,-0.9009688679024191,-0.8660254037844386,0.5000000000000001,-0.9562348265919058,0.2926003356333479,6.0,5.2
2019-10-19,Meghalaya,NER,25.57049217,91.8800142,6.0,2019,10,5,292,1,0,18.2,79,5.9,5.1,5.6,5.385714285714286,0.40178174601213135,5.526666666666667,-0.9749279121818236,-0.2225209339563146,-0.8660254037844386,0.5000000000000001,-0.9510565162951536,0.30901699437494723,5.9,5.1
2019-10-20,Meghalaya,NER,25.57049217,91.8800142,5.9,2019,10,6,293,1,0,17.5,81,6.0,5.1,5.2,5.5,0.42031734043059965,5.55,-0.7818314824680299,0.6234898018587334,-0.8660254037844386,0.5000000000000001,-0.9455963874271428,0.3253420847119795,6.1,5.5
2019-10-21,Meghalaya,NER,25.57049217,91.8800142,6.1,2019,10,0,294,0,0,17.8,81,5.9,5.3,5.3,5.614285714285714,0.46342410895624647,5.576666666666667,0.0,1.0,-0.8660254037844386,0.5000000000000001,-0.9398560579418953,0.341570769167856,6.0,5.6
2019-10-22,Meghalaya,NER,25.57049217,91.8800142,6.0,2019,10,1,295,0,0,17.3,74,6.1,5.0,4.1,5.757142857142857,0.39096949095438327,5.640000000000001,0.7818314824680298,0.6234898018587336,-0.8660254037844386,0.5000000000000001,-0.9338372288229252,0.35769823883312546,6.1,5.5
2019-10-23,Meghalaya,NER,25.57049217,91.8800142,6.1,2019,10,2,296,0,0,16.8,73,6.0,5.3,5.1,5.871428571428572,0.3498298906339187,5.673333333333334,0.9749279121818236,-0.22252093395631434,-0.8660254037844386,0.5000000000000001,-0.9275416835791965,0.3737197147904692,6.1,5.5
2019-10-24,Meghalaya,NER,25.57049217,91.8800142,6.1,2019,10,3,297,0,0,15.7,87,6.1,5.1,5.3,6.014285714285714,0.089973541084176,5.7,0.43388373911755823,-0.900968867902419,-0.8660254037844386,0.5000000000000001,-0.9209712877166347,0.38963044953078774,5.2,5.3
2019-10-25,Meghalaya,NER,25.57049217,91.8800142,5.2,2019,10,4,298,0,0,15.8,91,6.1,5.9,5.3,5.9142857142857155,0.3236694374850548,5.696666666666666,-0.433883739117558,-0.9009688679024191,-0.8660254037844386,0.5000000000000001,-0.9141279881853337,0.4054257283599973,5.1,3.9
2019-10-26,Meghalaya,NER,25.57049217,91.8800142,5.1,2019,10,5,299,1,0,17.1,94,5.2,6.0,5.2,5.785714285714286,0.4413183712037046,5.693333333333333,-0.9749279121818236,-0.2225209339563146,-0.8660254037844386,0.5000000000000001,-0.9070138128026362,0.42110087079608916,5.5,4.2
2019-10-27,Meghalaya,NER,25.57049217,91.8800142,5.5,2019,10,6,300,1,1,17.2,85,5.1,5.9,5.5,5.728571428571428,0.4498677054212026,5.693333333333333,-0.7818314824680299,0.6234898018587334,-0.8660254037844386,0.5000000000000001,-0.8996308696522434,0.4366512319560638,5.6,4.2
2019-10-28,Meghalaya,NER,25.57049217,91.8800142,5.6,2019,10,0,301,0,0,17.1,89,5.5,6.1,5.6,5.6571428571428575,0.4197504927816777,5.693333333333333,0.0,1.0,-0.8660254037844386,0.5000000000000001,-0.8919813464595487,0.45207220393230374,5.5,3.6
2019-10-29,Meghalaya,NER,25.57049217,91.8800142,5.5,2019,10,1,302,0,0,17.3,82,5.6,6.0,5.3,5.5857142857142845,0.39339789623470184,5.7,0.7818314824680298,0.6234898018587336,-0.8660254037844386,0.5000000000000001,-0.8840675099433637,0.46735921715800205,5.5,3.7
2019-10-30,Meghalaya,NER,25.57049217,91.8800142,5.5,2019,10,2,303,0,0,17.6,70,5.5,6.1,5.5,5.5,0.32145502536640685,5.7,0.9749279121818236,-0.22252093395631434,-0.8660254037844386,0.5000000000000001,-0.8758917051442433,0.48250774176121763,5.3,3.6
2019-10-31,Meghalaya,NER,25.57049217,91.8800142,5.3,2019,10,3,304,0,0,15.9,75,5.5,6.1,5.4,5.385714285714286,0.1864454471471161,5.696666666666666,0.43388373911755823,-0.900968867902419,-0.8660254037844386,0.5000000000000001,-0.8674563547295971,0.4975132889071803,3.9,3.8
2019-11-01,Meghalaya,NER,25.57049217,91.8800142,3.9,2019,11,4,305,0,0,16.7,84,5.3,5.2,5.5,5.2,0.5972157622389487,5.643333333333333,-0.433883739117558,-0.9009688679024191,-0.5000000000000004,0.8660254037844384,-0.858763958275803,0.5123714121284235,4.2,5.9
2019-11-02,Meghalaya,NER,25.57049217,91.8800142,4.2,2019,11,5,306,1,0,16.0,78,3.9,5.1,6.0,5.071428571428571,0.7087883692477843,5.583333333333333,-0.9749279121818236,-0.2225209339563146,-0.5000000000000004,0.8660254037844384,-0.8498170915275277,0.5270777086423724,4.2,5.9
2019-11-03,Meghalaya,NER,25.57049217,91.8800142,4.2,2019,11,6,307,1,0,15.4,73,4.2,5.5,6.4,4.885714285714285,0.747057720725258,5.510000000000001,-0.7818314824680299,0.6234898018587334,-0.5000000000000004,0.8660254037844384,-0.8406184056344783,0.5416278206559811,3.6,6.0
2019-11-04,Meghalaya,NER,25.57049217,91.8800142,3.6,2019,11,0,308,0,0,15.6,83,4.2,5.6,6.5,4.6000000000000005,0.8082903768654622,5.413333333333333,0.0,1.0,-0.5000000000000004,0.8660254037844384,-0.8311706263658079,0.5560174366570446,3.7,5.7
2019-11-05,Meghalaya,NER,25.57049217,91.8800142,3.7,2019,11,1,309,0,0,15.1,84,3.6,5.5,6.1,4.342857142857143,0.7590721152765737,5.333333333333333,0.7818314824680298,0.6234898018587336,-0.5000000000000004,0.8660254037844384,-0.8214765533024145,0.5702422926917867,3.6,5.6
2019-11-06,Meghalaya,NER,25.57049217,91.8800142,3.6,2019,11,2,310,0,0,15.7,79,3.7,5.5,6.6,4.071428571428571,0.5992058236095449,5.233333333333333,0.9749279121818236,-0.22252093395631434,-0.5000000000000004,0.8660254037844384,-0.8115390590073611,0.5842981736283683,3.8,5.8
2019-11-08,Meghalaya,NER,25.57049217,91.8800142,3.8,2019,11,4,312,0,0,16.4,74,3.6,5.3,5.4,3.857142857142857,0.2572750982711868,5.179999999999999,-0.433883739117558,-0.9009688679024191,-0.5000000000000004,0.8660254037844384,-0.7909456567567774,0.6118864012687242,5.9,5.7
2019-11-09,Meghalaya,NER,25.57049217,91.8800142,5.9,2019,11,5,313,1,0,16.5,93,3.8,3.9,6.6,4.142857142857143,0.816204922914859,5.156666666666666,-0.9749279121818236,-0.2225209339563146,-0.5000000000000004,0.8660254037844384,-0.780295851070776,0.6254105729852457,5.9,6.3
2019-11-10,Meghalaya,NER,25.57049217,91.8800142,5.9,2019,11,6,314,1,1,16.5,91,5.9,4.2,6.4,4.385714285714285,1.054243127285423,5.14,-0.7818314824680299,0.6234898018587334,-0.5000000000000004,0.8660254037844384,-0.7694148268839381,0.6387494220515268,6.0,6.3
2019-11-11,Meghalaya,NER,25.57049217,91.8800142,6.0,2019,11,0,315,0,0,16.6,90,5.9,4.2,4.7,4.642857142857143,1.2094863136295184,5.183333333333334,0.0,1.0,-0.5000000000000004,0.8660254037844384,-0.7583058084785625,0.6518989958787125,5.7,6.2
2019-11-12,Meghalaya,NER,25.57049217,91.8800142,5.7,2019,11,1,316,0,1,15.8,88,6.0,3.6,5.1,4.942857142857143,1.1674147261608123,5.203333333333333,0.7818314824680298,0.6234898018587336,-0.5000000000000004,0.8660254037844384,-0.7469720876965551,0.6648553979642866,5.6,6.1
2019-11-13,Meghalaya,NER,25.57049217,91.8800142,5.6,2019,11,2,317,0,0,16.4,88,5.7,3.7,5.1,5.214285714285714,1.0447145885018334,5.220000000000001,0.9749279121818236,-0.22252093395631434,-0.5000000000000004,0.8660254037844384,-0.7354170229639858,0.6776147890466887,5.8,6.2
2019-11-14,Meghalaya,NER,25.57049217,91.8800142,5.8,2019,11,3,318,0,0,16.4,74,5.6,3.6,5.3,5.528571428571428,0.773981665834279,5.236666666666666,0.43388373911755823,-0.900968867902419,-0.5000000000000004,0.8660254037844384,-0.7236440382959124,0.690173388242972,5.7,6.1
2019-11-15,Meghalaya,NER,25.57049217,91.8800142,5.7,2019,11,4,319,0,0,17.4,58,5.8,3.8,5.0,5.8,0.14142135623726854,5.260000000000001,-0.433883739117558,-0.9009688679024191,-0.5000000000000004,0.8660254037844384,-0.711656622281775,0.7025274741691566,6.3,6.1
2019-11-16,Meghalaya,NER,25.57049217,91.8800142,6.3,2019,11,5,320,1,0,16.4,86,5.7,5.9,5.3,5.857142857142857,0.23704530408861718,5.293333333333333,-0.9749279121818236,-0.2225209339563146,-0.5000000000000004,0.8660254037844384,-0.6994583270516471,0.7146733860429608,6.3,6.0
2019-11-17,Meghalaya,NER,25.57049217,91.8800142,6.3,2019,11,6,321,1,0,15.4,82,6.3,5.9,5.1,5.914285714285714,0.2911389784310819,5.333333333333333,-0.7818314824680299,0.6234898018587334,-0.5000000000000004,0.8660254037844384,-0.6870527672236675,0.7266075247685652,6.2,6.0
2019-11-18,Meghalaya,NER,25.57049217,91.8800142,6.2,2019,11,0,322,0,0,15.2,87,6.3,6.0,5.9,5.942857142857143,0.3101458950082455,5.343333333333333,0.0,1.0,-0.5000000000000004,0.8660254037844384,-0.6744436188329457,0.7383263540031063,6.1,6.1
2019-11-19,Meghalaya,NER,25.57049217,91.8800142,6.1,2019,11,1,323,0,0,14.2,81,6.2,5.7,6.0,6.0,0.2943920288775778,5.346666666666666,0.7818314824680298,0.6234898018587336,-0.5000000000000004,0.8660254037844384,-0.661634618242279,0.749826401204568,6.2,6.0
2019-11-20,Meghalaya,NER,25.57049217,91.8800142,6.2,2019,11,2,324,0,0,13.9,92,6.1,5.6,5.9,6.085714285714286,0.24102953780652836,5.356666666666667,0.9749279121818236,-0.22252093395631434,-0.5000000000000004,0.8660254037844384,-0.6486295610349818,0.7611042586607742,6.1,6.1
2019-11-21,Meghalaya,NER,25.57049217,91.8800142,6.1,2019,11,3,325,0,0,14.6,72,6.2,5.8,6.1,6.128571428571428,0.20586634591633288,5.3566666666666665,0.43388373911755823,-0.900968867902419,-0.5000000000000004,0.8660254037844384,-0.6354323008901775,0.7721565844991641,6.1,6.3
2019-11-22,Meghalaya,NER,25.57049217,91.8800142,6.1,2019,11,4,326,0,0,15.0,69,6.1,5.7,6.0,6.185714285714285,0.08997354108419531,5.359999999999999,-0.433883739117558,-0.9009688679024191,-0.5000000000000004,0.8660254037844384,-0.622046748440868,0.7829801036770624,6.0,5.9
2019-11-23,Meghalaya,NER,25.57049217,91.8800142,6.0,2019,11,5,327,1,0,13.4,85,6.1,6.3,6.1,6.142857142857143,0.09759000729480696,5.3566666666666665,-0.9749279121818236,-0.2225209339563146,-0.5000000000000004,0.8660254037844384,-0.6084768701151264,0.7935716089521472,6.0,6.0
2019-11-24,Meghalaya,NER,25.57049217,91.8800142,6.0,2019,11,6,328,1,0,13.9,89,6.0,6.3,6.1,6.1,0.08164965809271527,5.3533333333333335,-0.7818314824680299,0.6234898018587334,-0.5000000000000004,0.8660254037844384,-0.594726686960764,0.8039279618328208,6.1,5.8
2019-11-25,Meghalaya,NER,25.57049217,91.8800142,6.1,2019,11,0,329,0,0,14.0,89,6.0,6.2,5.2,6.085714285714286,0.06900655593416676,5.383333333333334,0.0,1.0,-0.5000000000000004,0.8660254037844384,-0.5808002734538013,0.8140460935082175,6.0,5.9
2019-11-26,Meghalaya,NER,25.57049217,91.8800142,6.0,2019,11,1,330,0,0,14.5,85,6.1,6.1,5.1,6.071428571428571,0.07559289460178217,5.413333333333332,0.7818314824680298,0.6234898018587336,-0.5000000000000004,0.8660254037844384,-0.5667017562911184,0.8239230057575536,6.1,5.8
2019-11-27,Meghalaya,NER,25.57049217,91.8800142,6.1,2019,11,2,331,0,0,15.3,76,6.0,6.2,5.5,6.057142857142857,0.05345224838239431,5.433333333333334,0.9749279121818236,-0.22252093395631434,-0.5000000000000004,0.8660254037844384,-0.5524353131676203,0.8335557718385695,6.3,6.1
2019-11-28,Meghalaya,NER,25.57049217,91.8800142,6.3,2019,11,3,332,0,0,15.3,57,6.1,6.1,5.6,6.085714285714286,0.10690449676492511,5.456666666666666,0.43388373911755823,-0.900968867902419,-0.5000000000000004,0.8660254037844384,-0.5380051715382992,0.8429415373547832,5.9,6.1
2019-11-29,Meghalaya,NER,25.57049217,91.8800142,5.9,2019,11,4,333,0,0,13.7,57,6.3,6.1,5.5,6.057142857142857,0.12724180205603228,5.47,-0.433883739117558,-0.9009688679024191,-0.5000000000000004,0.8660254037844384,-0.5234156073655503,0.8520775211013093,6.0,5.8
2019-11-30,Meghalaya,NER,25.57049217,91.8800142,6.0,2019,11,5,334,1,0,13.2,61,5.9,6.0,5.5,6.057142857142857,0.12724180205603228,5.486666666666666,-0.9749279121818236,-0.2225209339563146,-0.5000000000000004,0.8660254037844384,-0.5086709438521042,0.8609610158889945,5.8,4.7
2019-12-01,Meghalaya,NER,25.57049217,91.8800142,5.8,2019,12,6,335,1,0,12.5,69,6.0,6.0,5.3,6.028571428571429,0.1603567451474241,5.503333333333334,-0.7818314824680299,0.6234898018587334,-2.4492935982947064e-16,1.0,-0.49377555015997737,0.8695893893466109,5.9,4.7
2019-12-02,Meghalaya,NER,25.57049217,91.8800142,5.9,2019,12,0,336,0,0,11.8,78,5.8,6.1,3.9,6.0,0.16329931618551485,5.569999999999999,0.0,1.0,-2.4492935982947064e-16,1.0,-0.4787338401157883,0.8779600847008883,5.8,4.9
2019-12-03,Meghalaya,NER,25.57049217,91.8800142,5.8,2019,12,1,337,0,0,11.9,73,5.9,6.0,4.2,5.971428571428571,0.17994708216845967,5.623333333333333,0.7818314824680298,0.6234898018587336,-2.4492935982947064e-16,1.0,-0.4635502709028512,0.8860706215341378,6.1,4.7
2019-12-04,Meghalaya,NER,25.57049217,91.8800142,6.1,2019,12,2,338,0,0,10.6,77,5.8,6.1,4.2,5.971428571428571,0.17994708216845967,5.6866666666666665,0.9749279121818236,-0.22252093395631434,-2.4492935982947064e-16,1.0,-0.4482293417404106,0.893918596519257,6.1,4.7
2019-12-05,Meghalaya,NER,25.57049217,91.8800142,6.1,2019,12,3,339,0,0,13.2,58,6.1,6.3,3.6,5.942857142857143,0.1272418020560306,5.77,0.43388373911755823,-0.900968867902419,-2.4492935982947064e-16,1.0,-0.4327755925504317,0.9015016841318838,5.8,5.1
2019-12-06,Meghalaya,NER,25.57049217,91.8800142,5.8,2019,12,4,340,0,0,14.2,51,6.1,5.9,3.7,5.928571428571429,0.13801311186843399,5.84,-0.433883739117558,-0.9009688679024191,-2.4492935982947064e-16,1.0,-0.41719360261231697,0.9088176373395028,4.7,5.1
2019-12-08,Meghalaya,NER,25.57049217,91.8800142,4.7,2019,12,6,342,1,0,12.7,71,5.8,6.0,3.6,5.742857142857143,0.4790864322059209,5.876666666666666,-0.7818314824680299,0.6234898018587334,-2.4492935982947064e-16,1.0,-0.38566340624360745,0.9226395488404875,4.7,6.6
2019-12-09,Meghalaya,NER,25.57049217,91.8800142,4.7,2019,12,0,343,0,0,12.6,73,4.7,5.8,3.8,5.5857142857142845,0.617599037749056,5.906666666666667,0.0,1.0,-2.4492935982947064e-16,1.0,-0.3697245428906732,0.9291414114031743,4.9,6.7
2019-12-10,Meghalaya,NER,25.57049217,91.8800142,4.9,2019,12,1,344,0,0,11.7,77,4.7,5.9,5.9,5.442857142857143,0.6477065767180361,5.873333333333334,0.7818314824680298,0.6234898018587336,-2.4492935982947064e-16,1.0,-0.3536761221763721,0.935367949313148,4.7,6.6
2019-12-11,Meghalaya,NER,25.57049217,91.8800142,4.7,2019,12,2,345,0,0,10.6,83,4.9,5.8,5.9,5.285714285714286,0.6792853387410613,5.833333333333333,0.9749279121818236,-0.22252093395631434,-2.4492935982947064e-16,1.0,-0.33752289959411347,0.941317317512847,4.7,6.6
2019-12-12,Meghalaya,NER,25.57049217,91.8800142,4.7,2019,12,3,346,0,0,10.4,84,4.7,6.1,6.0,5.085714285714286,0.6011892975000118,5.79,0.43388373911755823,-0.900968867902419,-2.4492935982947064e-16,1.0,-0.32126966169236515,0.9469877530760751,5.1,6.7
2019-12-13,Meghalaya,NER,25.57049217,91.8800142,5.1,2019,12,4,347,0,0,10.8,72,4.7,6.1,5.7,4.942857142857143,0.40766466144425845,5.7700000000000005,-0.433883739117558,-0.9009688679024191,-2.4492935982947064e-16,1.0,-0.3049212246562894,0.9523775757303973,5.1,6.6
2019-12-14,Meghalaya,NER,25.57049217,91.8800142,5.1,2019,12,5,348,1,0,11.8,69,5.1,5.8,5.6,4.8428571428571425,0.1902379462422292,5.753333333333333,-0.9749279121818236,-0.2225209339563146,-2.4492935982947064e-16,1.0,-0.2884824328806098,0.9574851883550389,6.6,6.5
2019-12-15,Meghalaya,NER,25.57049217,91.8800142,6.6,2019,12,6,349,1,0,10.9,79,5.1,4.7,5.8,5.114285714285714,0.6792853387410607,5.78,-0.7818314824680299,0.6234898018587334,-2.4492935982947064e-16,1.0,-0.27195815753410524,0.9623090774541487,6.7,6.2
2019-12-16,Meghalaya,NER,25.57049217,91.8800142,6.7,2019,12,0,350,0,0,11.3,71,6.6,4.7,5.7,5.3999999999999995,0.8698658900466522,5.813333333333333,0.0,1.0,-2.4492935982947064e-16,1.0,-0.2553532951161881,0.9668478136052773,6.6,6.0
2019-12-17,Meghalaya,NER,25.57049217,91.8800142,6.6,2019,12,1,351,0,0,9.5,70,6.7,4.9,6.3,5.642857142857143,0.9413769044280114,5.823333333333333,0.7818314824680298,0.6234898018587336,-2.4492935982947064e-16,1.0,-0.23867276600594997,0.9711000518829505,6.6,6.3
2019-12-18,Meghalaya,NER,25.57049217,91.8800142,6.6,2019,12,2,352,0,0,9.8,71,6.6,4.7,6.3,5.914285714285714,0.8970852271450551,5.833333333333333,0.9749279121818236,-0.22252093395631434,-2.4492935982947064e-16,1.0,-0.22192151300416674,0.9750645322571945,6.7,6.0
2019-12-19,Meghalaya,NER,25.57049217,91.8800142,6.7,2019,12,3,353,0,0,10.8,70,6.6,4.7,6.2,6.2,0.7527726527090758,5.85,0.43388373911755823,-0.900968867902419,-2.4492935982947064e-16,1.0,-0.20510449986861926,0.9787400799669153,6.6,6.0
2019-12-20,Meghalaya,NER,25.57049217,91.8800142,6.6,2019,12,4,354,0,0,9.5,83,6.7,5.1,6.1,6.414285714285714,0.5814595756329336,5.866666666666666,-0.433883739117558,-0.9009688679024191,-2.4492935982947064e-16,1.0,-0.1882267098432439,0.9821256058680006,6.5,5.8
2019-12-21,Meghalaya,NER,25.57049217,91.8800142,6.5,2019,12,5,355,1,0,10.0,82,6.6,5.1,6.2,6.614285714285714,0.06900655593419223,5.876666666666666,-0.9749279121818236,-0.2225209339563146,-2.4492935982947064e-16,1.0,-0.1712931441814778,0.9852201067560606,6.2,6.0
2019-12-22,Meghalaya,NER,25.57049217,91.8800142,6.2,2019,12,6,356,1,0,10.8,65,6.5,6.6,6.1,6.557142857142857,0.17182493859682674,5.88,-0.7818314824680299,0.6234898018587334,-2.4492935982947064e-16,1.0,-0.154308820664281,0.9880226656636976,6.0,5.3
2019-12-23,Meghalaya,NER,25.57049217,91.8800142,6.0,2019,12,0,357,0,0,10.1,67,6.2,6.7,6.1,6.457142857142857,0.2572750982712271,5.876666666666667,0.0,1.0,-2.4492935982947064e-16,1.0,-0.13727877211326517,0.9905324521322227,6.3,5.6
2019-12-24,Meghalaya,NER,25.57049217,91.8800142,6.3,2019,12,1,358,0,0,9.1,69,6.0,6.6,6.0,6.414285714285714,0.25448360411212745,5.886666666666667,0.7818314824680298,0.6234898018587336,-2.4492935982947064e-16,1.0,-0.12020804489935275,0.9927487224577402,6.0,5.7
2019-12-25,Meghalaya,NER,25.57049217,91.8800142,6.0,2019,12,2,359,0,1,7.9,66,6.3,6.6,6.0,6.328571428571428,0.28115408417380683,5.886666666666667,0.9749279121818236,-0.22252093395631434,-2.4492935982947064e-16,1.0,-0.10310169744743544,0.9946708199115211,6.0,5.5
2019-12-26,Meghalaya,NER,25.57049217,91.8800142,6.0,2019,12,3,360,0,0,8.8,71,6.0,6.7,6.1,6.228571428571429,0.24976179127509707,5.883333333333334,0.43388373911755823,-0.900968867902419,-2.4492935982947064e-16,1.0,-0.0859647987374467,0.9962981749346077,5.8,5.6
2019-12-27,Meghalaya,NER,25.57049217,91.8800142,5.8,2019,12,4,361,0,0,8.6,77,6.0,6.6,6.0,6.114285714285714,0.23401261667247228,5.876666666666667,-0.433883739117558,-0.9009688679024191,-2.4492935982947064e-16,1.0,-0.06880242680232064,0.9976303053065857,6.0,5.7
2019-12-28,Meghalaya,NER,25.57049217,91.8800142,6.0,2019,12,5,362,1,0,9.0,70,5.8,6.5,6.1,6.042857142857143,0.1618347187425147,5.873333333333333,-0.9749279121818236,-0.2225209339563146,-2.4492935982947064e-16,1.0,-0.05161966722325418,0.9986668162884759,5.3,5.5
2019-12-29,Meghalaya,NER,25.57049217,91.8800142,5.3,2019,12,6,363,1,0,9.7,58,6.0,6.2,6.3,5.914285714285714,0.30783421635987357,5.84,-0.7818314824680299,0.6234898018587334,-2.4492935982947064e-16,1.0,-0.034421611622745804,0.9994074007397048,5.6,5.7
2019-12-30,Meghalaya,NER,25.57049217,91.8800142,5.6,2019,12,0,364,0,0,11.1,47,5.3,6.0,5.9,5.857142857142857,0.32586880211285796,5.83,0.0,1.0,-2.4492935982947064e-16,1.0,-0.01721335615583528,0.9998518392091162,5.7,5.4
2019-12-31,Meghalaya,NER,25.57049217,91.8800142,5.7,2019,12,1,365,0,0,10.0,69,5.6,6.3,6.0,5.771428571428571,0.26276913640610833,5.819999999999999,0.7818314824680298,0.6234898018587336,-2.4492935982947064e-16,1.0,6.432490598706546e-16,1.0,5.5,5.5
2020-01-01,Meghalaya,NER,25.57049217,91.8800142,5.5,2020,1,2,1,0,0,11.2,79,5.7,6.0,5.8,5.7,0.25819888974714766,5.81,0.9749279121818236,-0.22252093395631434,0.49999999999999994,0.8660254037844387,0.017213356155834685,0.9998518392091162,5.6,5.4
2020-01-02,Meghalaya,NER,25.57049217,91.8800142,5.6,2020,1,3,2,0,0,11.4,86,5.5,6.0,5.9,5.642857142857143,0.22253945610565945,5.8,0.43388373911755823,-0.900968867902419,0.49999999999999994,0.8660254037844387,0.03442161162274574,0.9994074007397048,5.7,5.4
2020-01-03,Meghalaya,NER,25.57049217,91.8800142,5.7,2020,1,4,3,0,0,10.0,87,5.6,5.8,5.8,5.628571428571429,0.21380899352992377,5.796666666666667,-0.433883739117558,-0.9009688679024191,0.49999999999999994,0.8660254037844387,0.051619667223253764,0.998666816288476,5.5,5.3
2020-01-04,Meghalaya,NER,25.57049217,91.8800142,5.5,2020,1,5,4,1,0,9.2,86,5.7,6.0,6.1,5.557142857142858,0.13972762620113108,5.776666666666667,-0.9749279121818236,-0.2225209339563146,0.49999999999999994,0.8660254037844387,0.06880242680231986,0.9976303053065857,5.7,5.8
2020-01-05,Meghalaya,NER,25.57049217,91.8800142,5.7,2020,1,6,5,1,0,7.6,81,5.5,5.3,6.1,5.614285714285714,0.08997354108420647,5.763333333333334,-0.7818314824680299,0.6234898018587334,0.49999999999999994,0.8660254037844387,0.08596479873744647,0.9962981749346078,5.4,5.6
2020-01-13,Meghalaya,NER,25.57049217,91.8800142,5.4,2020,1,0,13,0,0,10.8,75,5.7,5.6,5.8,5.5857142857142845,0.12149857925876384,5.75,0.0,1.0,0.49999999999999994,0.8660254037844387,0.2219215130041655,0.9750645322571948,5.5,6.0
2020-01-14,Meghalaya,NER,25.57049217,91.8800142,5.5,2020,1,1,14,0,0,10.8,83,5.4,5.7,4.7,5.557142857142858,0.11338934190273925,5.776666666666667,0.7818314824680298,0.6234898018587336,0.49999999999999994,0.8660254037844387,0.2386727660059501,0.9711000518829505,5.4,6.4
2020-01-15,Meghalaya,NER,25.57049217,91.8800142,5.4,2020,1,2,15,0,0,10.2,77,5.5,5.5,4.7,5.542857142857144,0.1272418020560447,5.8,0.9749279121818236,-0.22252093395631434,0.49999999999999994,0.8660254037844387,0.255353295116187,0.9668478136052775,5.4,5.3
2020-01-16,Meghalaya,NER,25.57049217,91.8800142,5.4,2020,1,3,16,0,0,10.8,78,5.4,5.6,4.9,5.514285714285714,0.13451854182688594,5.816666666666666,0.43388373911755823,-0.900968867902419,0.49999999999999994,0.8660254037844387,0.2719581575341055,0.9623090774541486,5.3,6.3
2020-01-17,Meghalaya,NER,25.57049217,91.8800142,5.3,2020,1,4,17,0,0,11.5,77,5.4,5.7,4.7,5.457142857142856,0.12724180205604596,5.836666666666667,-0.433883739117558,-0.9009688679024191,0.49999999999999994,0.8660254037844387,0.288482432880609,0.9574851883550393,5.8,5.7
2020-01-18,Meghalaya,NER,25.57049217,91.8800142,5.8,2020,1,5,18,1,0,11.7,71,5.3,5.5,4.7,5.5,0.18257418583503784,5.873333333333334,-0.9749279121818236,-0.2225209339563146,0.49999999999999994,0.8660254037844387,0.30492122465628907,0.9523775757303974,5.6,5.3
2020-01-19,Meghalaya,NER,25.57049217,91.8800142,5.6,2020,1,6,19,1,0,11.7,72,5.8,5.7,5.1,5.485714285714287,0.16761634196948616,5.89,-0.7818314824680299,0.6234898018587334,0.49999999999999994,0.8660254037844387,0.3212696616923644,0.9469877530760753,6.0,5.9
2020-01-20,Meghalaya,NER,25.57049217,91.8800142,6.0,2020,1,0,20,0,0,10.2,77,5.6,5.4,5.1,5.571428571428571,0.24976179127509818,5.92,0.0,1.0,0.49999999999999994,0.8660254037844387,0.3375228995941133,0.9413173175128471,6.4,5.7
2020-01-21,Meghalaya,NER,25.57049217,91.8800142,6.4,2020,1,1,21,0,0,8.9,41,6.0,5.5,6.6,5.7,0.39581140290125516,5.913333333333333,0.7818314824680298,0.6234898018587336,0.49999999999999994,0.8660254037844387,0.3536761221763716,0.9353679493131483,5.3,6.1
2020-01-22,Meghalaya,NER,25.57049217,91.8800142,5.3,2020,1,2,22,0,0,9.3,45,6.4,5.4,6.7,5.685714285714285,0.40999419275793564,5.866666666666666,0.9749279121818236,-0.22252093395631434,0.49999999999999994,0.8660254037844387,0.3697245428906731,0.9291414114031743,6.3,6.3
2020-01-23,Meghalaya,NER,25.57049217,91.8800142,6.3,2020,1,3,23,0,0,8.5,56,5.3,5.4,6.6,5.814285714285715,0.4450789122113415,5.8566666666666665,0.43388373911755823,-0.900968867902419,0.49999999999999994,0.8660254037844387,0.38566340624360707,0.9226395488404876,5.7,6.4
2020-01-24,Meghalaya,NER,25.57049217,91.8800142,5.7,2020,1,4,24,0,0,6.8,78,6.3,5.3,6.6,5.871428571428572,0.3903600291794041,5.826666666666666,-0.433883739117558,-0.9009688679024191,0.49999999999999994,0.8660254037844387,0.401487989205973,0.9158642882672872,5.3,5.5
2020-01-25,Meghalaya,NER,25.57049217,91.8800142,5.3,2020,1,5,25,1,0,9.0,70,5.7,5.8,6.7,5.799999999999999,0.44721359549995005,5.78,-0.9749279121818236,-0.2225209339563146,0.49999999999999994,0.8660254037844387,0.4171936026123168,0.9088176373395029,5.9,5.4
2020-01-26,Meghalaya,NER,25.57049217,91.8800142,5.9,2020,1,6,26,1,1,7.4,81,5.3,5.6,6.6,5.842857142857143,0.43915503282683177,5.756666666666667,-0.7818314824680299,0.6234898018587334,0.49999999999999994,0.8660254037844387,0.4327755925504312,0.901501684131884,5.7,5.1
2020-01-27,Meghalaya,NER,25.57049217,91.8800142,5.7,2020,1,0,27,0,0,7.4,85,5.9,6.0,6.5,5.8,0.43588989435405917,5.73,0.0,1.0,0.49999999999999994,0.8660254037844387,0.4482293417404106,0.893918596519257,6.1,5.1
2020-01-28,Meghalaya,NER,25.57049217,91.8800142,6.1,2020,1,1,28,0,0,7.5,85,5.7,6.4,6.2,5.757142857142857,0.37796447300921776,5.726666666666666,0.7818314824680298,0.6234898018587336,0.49999999999999994,0.8660254037844387,0.4635502709028509,0.886070621534138,6.3,5.2
2020-01-29,Meghalaya,NER,25.57049217,91.8800142,6.3,2020,1,2,29,0,0,9.5,82,6.1,5.3,6.0,5.8999999999999995,0.3651483716701006,5.736666666666666,0.9749279121818236,-0.22252093395631434,0.49999999999999994,0.8660254037844387,0.47873384011578846,0.8779600847008882,6.4,5.6
2020-01-30,Meghalaya,NER,25.57049217,91.8800142,6.4,2020,1,3,30,0,0,10.3,76,6.3,6.3,6.3,5.9142857142857155,0.38483144114694,5.74,0.43388373911755823,-0.900968867902419,0.49999999999999994,0.8660254037844387,0.49377555015997715,0.869589389346611,5.5,5.6
2020-01-31,Meghalaya,NER,25.57049217,91.8800142,5.5,2020,1,4,31,0,0,9.3,79,6.4,5.7,6.0,5.885714285714286,0.4099941927579351,5.723333333333334,-0.433883739117558,-0.9009688679024191,0.49999999999999994,0.8660254037844387,0.5086709438521044,0.8609610158889943,5.4,5.7
2020-02-01,Meghalaya,NER,25.57049217,91.8800142,5.4,2020,2,5,32,1,0,8.8,71,5.5,5.3,6.0,5.9,0.38729833462073227,5.703333333333334,-0.9749279121818236,-0.2225209339563146,0.8660254037844386,0.5000000000000001,0.5234156073655503,0.8520775211013093,5.1,5.7
2020-02-02,Meghalaya,NER,25.57049217,91.8800142,5.1,2020,2,6,33,1,0,7.3,75,5.4,5.9,5.8,5.785714285714286,0.49135381491198826,5.680000000000001,-0.7818314824680299,0.6234898018587334,0.8660254037844386,0.5000000000000001,0.5380051715382996,0.8429415373547828,5.1,6.4
2020-02-03,Meghalaya,NER,25.57049217,91.8800142,5.1,2020,2,0,34,0,0,8.2,74,5.1,5.7,6.0,5.700000000000001,0.5567764362829961,5.65,0.0,1.0,0.8660254037844386,0.5000000000000001,0.5524353131676196,0.8335557718385699,5.2,6.4
2020-02-04,Meghalaya,NER,25.57049217,91.8800142,5.2,2020,2,1,35,0,0,9.4,78,5.1,6.1,5.3,5.571428571428571,0.5529143565818119,5.6466666666666665,0.7818314824680298,0.6234898018587336,0.8660254037844386,0.5000000000000001,0.5667017562911176,0.8239230057575542,5.6,6.7
2020-02-05,Meghalaya,NER,25.57049217,91.8800142,5.6,2020,2,2,36,0,0,9.0,69,5.2,6.3,5.6,5.471428571428572,0.4535573676110655,5.646666666666666,0.9749279121818236,-0.22252093395631434,0.8660254037844386,0.5000000000000001,0.5808002734538009,0.8140460935082178,5.6,6.6
2020-02-13,Meghalaya,NER,25.57049217,91.8800142,5.6,2020,2,3,44,0,0,11.9,86,5.6,6.4,5.7,5.357142857142857,0.22253945610566045,5.6433333333333335,0.43388373911755823,-0.900968867902419,0.8660254037844386,0.5000000000000001,0.6870527672236669,0.7266075247685656,5.7,6.3
2020-02-14,Meghalaya,NER,25.57049217,91.8800142,5.7,2020,2,4,45,0,0,10.9,84,5.6,5.5,5.5,5.385714285714285,0.2544836041121281,5.65,-0.433883739117558,-0.9009688679024191,0.8660254037844386,0.5000000000000001,0.699458327051647,0.7146733860429609,5.7,6.4
2020-02-15,Meghalaya,NER,25.57049217,91.8800142,5.7,2020,2,5,46,1,0,10.7,87,5.7,5.4,5.6,5.428571428571429,0.28115408417380766,5.653333333333333,-0.9749279121818236,-0.2225209339563146,0.8660254037844386,0.5000000000000001,0.7116566222817746,0.7025274741691571,6.4,6.3
2020-02-16,Meghalaya,NER,25.57049217,91.8800142,6.4,2020,2,6,47,1,0,11.9,80,5.7,5.1,5.7,5.614285714285714,0.42201331506864964,5.676666666666666,-0.7818314824680299,0.6234898018587334,0.8660254037844386,0.5000000000000001,0.7236440382959124,0.6901733882429719,6.4,5.6
2020-02-17,Meghalaya,NER,25.57049217,91.8800142,6.4,2020,2,0,48,0,0,12.4,83,6.4,5.1,5.5,5.8,0.443471156521661,5.706666666666666,0.0,1.0,0.8660254037844386,0.5000000000000001,0.7354170229639855,0.6776147890466889,6.7,5.0
2020-02-18,Meghalaya,NER,25.57049217,91.8800142,6.7,2020,2,1,49,0,0,12.2,76,6.4,5.2,5.7,6.014285714285714,0.46700667885505764,5.739999999999999,0.7818314824680298,0.6234898018587336,0.8660254037844386,0.5000000000000001,0.7469720876965552,0.6648553979642865,6.6,5.3
2020-02-19,Meghalaya,NER,25.57049217,91.8800142,6.6,2020,2,2,50,0,0,12.4,79,6.7,5.6,5.4,6.1571428571428575,0.4720774754816583,5.78,0.9749279121818236,-0.22252093395631434,0.8660254037844386,0.5000000000000001,0.7583058084785624,0.6518989958787126,6.3,5.5
2020-02-20,Meghalaya,NER,25.57049217,91.8800142,6.3,2020,2,3,51,0,0,12.0,71,6.6,5.6,5.5,6.257142857142857,0.4035556254807208,5.806666666666667,0.43388373911755823,-0.900968867902419,0.8660254037844386,0.5000000000000001,0.7694148268839378,0.6387494220515272,6.4,5.7
2020-02-21,Meghalaya,NER,25.57049217,91.8800142,6.4,2020,2,4,52,0,0,14.6,69,6.3,5.7,5.4,6.357142857142857,0.32071349029489865,5.84,-0.433883739117558,-0.9009688679024191,0.8660254037844386,0.5000000000000001,0.7802958510707755,0.6254105729852463,6.3,5.2
2020-02-22,Meghalaya,NER,25.57049217,91.8800142,6.3,2020,2,5,53,1,0,13.6,58,6.4,5.7,5.4,6.442857142857143,0.15118578920366946,5.870000000000001,-0.9749279121818236,-0.2225209339563146,0.8660254037844386,0.5000000000000001,0.7909456567567772,0.6118864012687243,5.6,4.9
2020-02-23,Meghalaya,NER,25.57049217,91.8800142,5.6,2020,2,6,54,1,0,13.9,58,6.3,6.4,5.3,6.328571428571428,0.35456210417115785,5.88,-0.7818314824680299,0.6234898018587334,0.8660254037844386,0.5000000000000001,0.8013610881746766,0.5981809144059165,5.0,6.3
2020-02-24,Meghalaya,NER,25.57049217,91.8800142,5.0,2020,2,0,55,0,0,13.1,68,5.6,6.4,5.8,6.128571428571429,0.6102302453836135,5.8533333333333335,0.0,1.0,0.8660254037844386,0.5000000000000001,0.8115390590073611,0.5842981736283684,5.3,6.4
2020-02-25,Meghalaya,NER,25.57049217,91.8800142,5.3,2020,2,1,56,0,0,12.6,73,5.0,6.7,5.6,5.928571428571429,0.6210590034081124,5.843333333333333,0.7818314824680298,0.6234898018587336,0.8660254037844386,0.5000000000000001,0.8214765533024142,0.5702422926917871,5.5,6.5
2020-02-26,Meghalaya,NER,25.57049217,91.8800142,5.5,2020,2,2,57,0,0,10.8,80,5.3,6.6,6.0,5.771428571428571,0.5589105048046099,5.826666666666666,0.9749279121818236,-0.22252093395631434,0.8660254037844386,0.5000000000000001,0.8311706263658079,0.5560174366570446,5.7,6.4
2020-02-27,Meghalaya,NER,25.57049217,91.8800142,5.7,2020,2,3,58,0,0,10.4,79,5.5,6.3,6.4,5.685714285714285,0.5080307452263388,5.803333333333333,0.43388373911755823,-0.900968867902419,0.8660254037844386,0.5000000000000001,0.8406184056344782,0.5416278206559814,5.2,6.5
2020-02-28,Meghalaya,NER,25.57049217,91.8800142,5.2,2020,2,4,59,0,0,13.3,68,5.7,6.4,5.3,5.514285714285714,0.42201331506864576,5.8,-0.433883739117558,-0.9009688679024191,0.8660254037844386,0.5000000000000001,0.8498170915275278,0.5270777086423722,4.9,6.3
2020-02-29,Meghalaya,NER,25.57049217,91.8800142,4.9,2020,2,5,60,1,0,14.7,65,5.2,6.3,6.3,5.314285714285714,0.3023715784073631,5.753333333333333,-0.9749279121818236,-0.2225209339563146,0.8660254037844386,0.5000000000000001,0.8587639582758029,0.5123714121284237,6.3,6.4
2020-03-01,Meghalaya,NER,25.57049217,91.8800142,6.3,2020,3,6,61,1,0,15.2,66,4.9,5.6,5.7,5.414285714285714,0.4775931721614407,5.773333333333334,-0.7818314824680299,0.6234898018587334,1.0,6.123233995736766e-17,0.8674563547295969,0.49751328890718066,6.4,5.8
2020-03-02,Meghalaya,NER,25.57049217,91.8800142,6.4,2020,3,0,62,0,0,14.1,71,6.3,5.0,5.3,5.614285714285714,0.5610364558225212,5.8100000000000005,0.0,1.0,1.0,6.123233995736766e-17,0.8758917051442429,0.48250774176121847,6.5,5.6
2020-03-03,Meghalaya,NER,25.57049217,91.8800142,6.5,2020,3,1,63,0,0,12.7,69,6.4,5.3,5.9,5.785714285714286,0.6283008075451574,5.829999999999999,0.7818314824680298,0.6234898018587336,1.0,6.123233995736766e-17,0.8840675099433636,0.4673592171580022,6.4,5.9
2020-03-04,Meghalaya,NER,25.57049217,91.8800142,6.4,2020,3,2,64,0,0,12.0,76,6.5,5.5,5.7,5.9142857142857155,0.6517376042257327,5.8533333333333335,0.9749279121818236,-0.22252093395631434,1.0,6.123233995736766e-17,0.8919813464595485,0.45207220393230435,6.5,5.6
2020-03-05,Meghalaya,NER,25.57049217,91.8800142,6.5,2020,3,3,65,0,0,12.4,82,6.4,5.7,6.1,6.028571428571429,0.6775305299745632,5.866666666666666,0.43388373911755823,-0.900968867902419,1.0,6.123233995736766e-17,0.8996308696522433,0.43665123195606403,6.3,6.0
2020-03-13,Meghalaya,NER,25.57049217,91.8800142,6.3,2020,3,4,73,0,0,15.8,75,6.5,5.2,6.3,6.185714285714285,0.5727959829601046,5.866666666666666,-0.433883739117558,-0.9009688679024191,1.0,6.123233995736766e-17,0.9510565162951535,0.30901699437494745,6.4,6.4
2020-03-14,Meghalaya,NER,25.57049217,91.8800142,6.4,2020,3,5,74,1,0,15.5,78,6.3,4.9,6.4,6.3999999999999995,0.08164965809274657,5.866666666666666,-0.9749279121818236,-0.2225209339563146,1.0,6.123233995736766e-17,0.9562348265919056,0.29260033563334836,5.8,5.3
2020-03-15,Meghalaya,NER,25.57049217,91.8800142,5.8,2020,3,6,75,1,0,16.0,70,6.4,6.3,5.5,6.328571428571429,0.24299715851757298,5.876666666666666,-0.7818314824680299,0.6234898018587334,1.0,6.123233995736766e-17,0.9611297838723007,0.27609697309746883,5.6,3.5
2020-03-16,Meghalaya,NER,25.57049217,91.8800142,5.6,2020,3,0,76,0,0,15.7,54,5.8,6.4,5.4,6.214285714285714,0.36253078686997947,5.883333333333334,0.0,1.0,1.0,6.123233995736766e-17,0.9657399376548549,0.2595117970697999,5.9,3.6
2020-03-17,Meghalaya,NER,25.57049217,91.8800142,5.9,2020,3,1,77,0,0,14.4,46,5.6,6.5,5.1,6.128571428571429,0.3545621041711598,5.909999999999999,0.7818314824680298,0.6234898018587336,1.0,6.123233995736766e-17,0.9700639218515071,0.2428497220959356,5.6,3.5
2020-03-18,Meghalaya,NER,25.57049217,91.8800142,5.6,2020,3,2,78,0,0,13.5,63,5.9,6.4,5.1,6.014285714285713,0.38047589248452884,5.926666666666667,0.9749279121818236,-0.22252093395631434,1.0,6.123233995736766e-17,0.9741004551724205,0.22611568550828828,6.0,3.6
2020-03-19,Meghalaya,NER,25.57049217,91.8800142,6.0,2020,3,3,79,0,0,13.7,67,5.6,6.5,5.2,5.942857142857142,0.3154739442866923,5.953333333333334,0.43388373911755823,-0.900968867902419,1.0,6.123233995736766e-17,0.9778483415056568,0.20931464596304847,6.4,3.4
2020-03-20,Meghalaya,NER,25.57049217,91.8800142,6.4,2020,3,4,80,0,0,13.1,73,6.0,6.3,5.6,5.957142857142857,0.33594217189441483,5.98,-0.433883739117558,-0.9009688679024191,1.0,6.123233995736766e-17,0.9813064702716093,0.19245158197082998,5.3,3.7
2020-03-21,Meghalaya,NER,25.57049217,91.8800142,5.3,2020,3,5,81,1,0,13.4,70,6.4,6.4,5.6,5.8,0.3511884584284142,5.97,-0.9749279121818236,-0.2225209339563146,1.0,6.123233995736766e-17,0.9844738167520922,0.1755314904214282,3.5,3.7
2020-03-22,Meghalaya,NER,25.57049217,91.8800142,3.5,2020,3,6,82,1,0,12.2,82,5.3,5.8,5.7,5.471428571428571,0.9375753937938057,5.8966666666666665,-0.7818314824680299,0.6234898018587334,1.0,6.123233995736766e-17,0.9873494423939864,0.15855938510313475,3.6,5.8
2020-03-23,Meghalaya,NER,25.57049217,91.8800142,3.6,2020,3,0,83,0,0,12.4,82,3.5,5.6,5.7,5.185714285714286,1.1682302447556707,5.826666666666667,0.0,1.0,1.0,6.123233995736766e-17,0.989932495087353,0.141540295217043,3.5,5.8
2020-03-24,Meghalaya,NER,25.57049217,91.8800142,3.5,2020,3,1,84,0,0,13.7,77,3.6,5.9,6.4,4.8428571428571425,1.271294803021889,5.73,0.7818314824680298,0.6234898018587336,1.0,6.123233995736766e-17,0.9922222094179323,0.12447926388678915,3.6,6.0
2020-03-25,Meghalaya,NER,25.57049217,91.8800142,3.6,2020,3,2,85,0,0,15.1,79,3.5,5.6,6.4,4.557142857142857,1.2972498382567363,5.636666666666667,0.9749279121818236,-0.22252093395631434,1.0,6.123233995736766e-17,0.994217906893952,0.10738134666416309,3.4,5.7
2020-03-26,Meghalaya,NER,25.57049217,91.8800142,3.4,2020,3,3,86,0,0,15.4,82,3.6,6.0,6.7,4.185714285714286,1.1824107738409788,5.526666666666666,0.43388373911755823,-0.900968867902419,1.0,6.123233995736766e-17,0.995918996147179,0.09025161003104117,3.7,6.0
2020-03-27,Meghalaya,NER,25.57049217,91.8800142,3.7,2020,3,4,87,0,0,17.0,76,3.4,6.4,6.6,3.8,0.6683312551921011,5.430000000000001,-0.433883739117558,-0.9009688679024191,1.0,6.123233995736766e-17,0.9973249731081555,0.07309512989807777,3.7,6.4
2020-03-28,Meghalaya,NER,25.57049217,91.8800142,3.7,2020,3,5,88,1,0,18.0,76,3.7,5.3,6.3,3.5714285714285716,0.1112697280527564,5.343333333333334,-0.9749279121818236,-0.2225209339563146,1.0,6.123233995736766e-17,0.9984354211555643,0.055916990100603484,5.8,6.3
2020-03-29,Meghalaya,NER,25.57049217,91.8800142,5.8,2020,3,6,89,1,0,17.2,57,3.7,3.5,6.4,3.9,0.8445906306213186,5.323333333333333,-0.7818314824680299,0.6234898018587334,1.0,6.123233995736766e-17,0.9992500112396835,0.03872228089217446,5.8,6.5
2020-03-30,Meghalaya,NER,25.57049217,91.8800142,5.8,2020,3,0,90,0,0,16.4,56,5.8,3.6,6.3,4.214285714285714,1.088467686595192,5.306666666666667,0.0,1.0,1.0,6.123233995736766e-17,0.9997685019798909,0.021516097436222254,6.0,6.4
2020-03-31,Meghalaya,NER,25.57049217,91.8800142,6.0,2020,3,1,91,0,0,17.5,52,5.8,3.5,5.6,4.571428571428571,1.2175306782093576,5.319999999999999,0.7818314824680298,0.6234898018587336,1.0,6.123233995736766e-17,0.9999907397361901,0.004303538296244289,5.7,6.4
2020-04-01,Meghalaya,NER,25.57049217,91.8800142,5.7,2020,4,2,92,0,0,17.8,56,6.0,3.6,5.0,4.871428571428571,1.1968211864689478,5.343333333333334,0.9749279121818236,-0.22252093395631434,0.8660254037844387,-0.4999999999999998,0.9999166586547379,-0.01291029607500882,6.0,6.6
2020-04-02,Meghalaya,NER,25.57049217,91.8800142,6.0,2020,4,3,93,0,1,17.4,65,5.7,3.4,5.3,5.242857142857143,1.0596495377515776,5.366666666666666,0.43388373911755823,-0.900968867902419,0.8660254037844387,-0.4999999999999998,0.9995462806873573,-0.030120304846908114,6.4,6.7
2020-04-03,Meghalaya,NER,25.57049217,91.8800142,6.4,2020,4,4,94,0,0,17.6,72,6.0,3.7,5.5,5.628571428571428,0.8807464366741864,5.3966666666666665,-0.433883739117558,-0.9009688679024191,0.8660254037844387,-0.4999999999999998,0.9988797155850336,-0.04732138832243185,6.3,6.6
2020-04-04,Meghalaya,NER,25.57049217,91.8800142,6.3,2020,4,5,95,1,0,16.9,61,6.4,3.7,5.7,6.0,0.2645751311064444,5.416666666666667,-0.9749279121818236,-0.2225209339563146,0.8660254037844387,-0.4999999999999998,0.9979171608653922,-0.06450844944931623,6.5,6.3
2020-04-05,Meghalaya,NER,25.57049217,91.8800142,6.5,2020,4,6,96,1,0,16.7,53,6.3,5.8,5.2,6.1000000000000005,0.3055050463303772,5.46,-0.7818314824680299,0.6234898018587334,0.8660254037844387,-0.4999999999999998,0.9966589017541702,-0.08167639533042241,6.4,6.2
2020-04-13,Meghalaya,NER,25.57049217,91.8800142,6.4,2020,4,0,104,0,0,17.9,66,6.5,5.8,4.9,6.185714285714285,0.29113897843108816,5.510000000000001,0.0,1.0,0.8660254037844387,-0.4999999999999998,0.9760105506323683,-0.21772323039653177,6.4,6.3
2020-04-14,Meghalaya,NER,25.57049217,91.8800142,6.4,2020,4,1,105,0,1,18.7,67,6.4,6.0,6.3,6.242857142857143,0.28784916685155776,5.513333333333334,0.7818314824680298,0.6234898018587336,0.8660254037844387,-0.4999999999999998,0.9721181966290613,-0.23449138957040985,6.6,6.2
2020-04-15,Meghalaya,NER,25.57049217,91.8800142,6.6,2020,4,2,106,0,0,17.9,69,6.4,5.7,6.4,6.371428571428571,0.18898223650459672,5.52,0.9749279121818236,-0.22252093395631434,0.8660254037844387,-0.4999999999999998,0.9679377830240642,-0.25119006388481935,6.7,6.2
2020-04-16,Meghalaya,NER,25.57049217,91.8800142,6.7,2020,4,3,107,0,0,16.5,77,6.6,6.0,6.5,6.471428571428571,0.13801311186844953,5.526666666666667,0.43388373911755823,-0.900968867902419,0.8660254037844387,-0.4999999999999998,0.9634705485641488,-0.2678143051621742,6.6,6.4
2020-04-17,Meghalaya,NER,25.57049217,91.8800142,6.6,2020,4,4,108,0,0,16.9,85,6.7,6.4,6.4,6.5,0.14142135623728905,5.533333333333333,-0.433883739117558,-0.9009688679024191,0.8660254037844387,-0.4999999999999998,0.9587178169872964,-0.2843591872810034,6.3,6.1
2020-04-18,Meghalaya,NER,25.57049217,91.8800142,6.3,2020,4,5,109,1,0,17.6,87,6.6,6.3,6.5,6.5,0.14142135623728905,5.526666666666667,-0.9749279121818236,-0.2225209339563146,0.8660254037844387,-0.4999999999999998,0.9536809966304457,-0.30081980763566735,6.2,6.2
2020-04-19,Meghalaya,NER,25.57049217,91.8800142,6.2,2020,4,6,110,1,0,18.6,80,6.3,6.5,6.3,6.457142857142857,0.1812653934349767,5.5233333333333325,-0.7818314824680299,0.6234898018587334,0.8660254037844387,-0.4999999999999998,0.9483615800121715,-0.3171912885891061,6.3,5.9
2020-04-20,Meghalaya,NER,25.57049217,91.8800142,6.3,2020,4,0,111,0,0,18.0,84,6.2,6.4,6.4,6.442857142857143,0.1902379462422526,5.52,0.0,1.0,0.8660254037844387,-0.4999999999999998,0.9427611433904207,-0.3334687789181868,6.2,5.8
2020-04-21,Meghalaya,NER,25.57049217,91.8800142,6.2,2020,4,1,112,0,0,17.5,75,6.3,6.4,5.8,6.414285714285714,0.21157009420496714,5.533333333333333,0.7818314824680298,0.6234898018587336,0.8660254037844387,-0.4999999999999998,0.9368813462954315,-0.3496474552512284,6.2,6.0
2020-04-22,Meghalaya,NER,25.57049217,91.8800142,6.2,2020,4,2,113,0,0,15.6,81,6.2,6.6,5.6,6.357142857142857,0.20701966780269115,5.553333333333333,0.9749279121818236,-0.22252093395631434,0.8660254037844387,-0.4999999999999998,0.9307239310379795,-0.36572252349726897,6.4,6.0
2020-04-23,Meghalaya,NER,25.57049217,91.8800142,6.4,2020,4,3,114,0,0,16.0,75,6.2,6.7,5.9,6.314285714285715,0.1463850109422582,5.570000000000001,0.43388373911755823,-0.900968867902419,0.8660254037844387,-0.4999999999999998,0.9242907221930933,-0.3816892202666588,6.1,5.8
2020-04-24,Meghalaya,NER,25.57049217,91.8800142,6.1,2020,4,4,115,0,0,15.0,90,6.4,6.6,5.6,6.242857142857142,0.09759000729482012,5.586666666666667,-0.433883739117558,-0.9009688679024191,0.8660254037844387,-0.4999999999999998,0.9175836260593937,-0.39754281428255595,6.2,5.9
2020-04-25,Meghalaya,NER,25.57049217,91.8800142,6.2,2020,4,5,116,1,0,15.4,83,6.1,6.3,6.0,6.228571428571429,0.0951189731211,5.593333333333334,-0.9749279121818236,-0.2225209339563146,0.8660254037844387,-0.4999999999999998,0.9106046300942162,-0.4132786077829042,5.9,6.0
2020-04-26,Meghalaya,NER,25.57049217,91.8800142,5.9,2020,4,6,117,1,0,15.9,86,6.2,6.2,6.4,6.185714285714285,0.15735915849386764,5.576666666666667,-0.7818314824680299,0.6234898018587334,0.8660254037844387,-0.4999999999999998,0.9033558023246845,-0.4288919379124835,5.8,4.0
2020-04-27,Meghalaya,NER,25.57049217,91.8800142,5.8,2020,4,0,118,0,0,16.4,85,5.9,6.3,5.3,6.114285714285715,0.2035400978396266,5.593333333333334,0.0,1.0,0.8660254037844387,-0.4999999999999998,0.895839290734909,-0.4443781781046132,6.0,4.3
2020-04-28,Meghalaya,NER,25.57049217,91.8800142,6.0,2020,4,1,119,0,0,16.0,88,5.8,6.2,3.5,6.085714285714286,0.20354009783962654,5.676666666666667,0.7818314824680298,0.6234898018587336,0.8660254037844387,-0.4999999999999998,0.8880573226294932,-0.45973273945210397,6.0,4.3
2020-04-29,Meghalaya,NER,25.57049217,91.8800142,6.0,2020,4,2,120,0,0,15.6,95,6.0,6.2,3.6,6.057142857142858,0.19880595947758412,5.756666666666667,0.9749279121818236,-0.22252093395631434,0.8660254037844387,-0.4999999999999998,0.8800122039735357,-0.47495107206704995,5.8,4.4
2020-04-30,Meghalaya,NER,25.57049217,91.8800142,5.8,2020,4,3,121,0,0,16.3,85,6.0,6.4,3.5,5.971428571428571,0.14960264830859657,5.833333333333333,0.43388373911755823,-0.900968867902419,0.8660254037844387,-0.4999999999999998,0.8717063187093218,-0.4900286664290592,5.9,4.6
2020-05-01,Meghalaya,NER,25.57049217,91.8800142,5.9,2020,5,4,122,0,0,16.7,85,5.8,6.1,3.6,5.942857142857143,0.13972762620113027,5.91,-0.433883739117558,-0.9009688679024191,0.49999999999999994,-0.8660254037844387,0.8631421280499114,-0.5049610547215204,6.0,4.8
2020-05-02,Meghalaya,NER,25.57049217,91.8800142,6.0,2020,5,5,123,1,0,16.7,86,5.9,6.2,3.4,5.914285714285714,0.08997354108420628,5.996666666666667,-0.9749279121818236,-0.2225209339563146,0.49999999999999994,-0.8660254037844387,0.854322169749827,-0.5197438121555155,4.0,4.9
2020-05-03,Meghalaya,NER,25.57049217,91.8800142,4.0,2020,5,6,124,1,0,17.0,87,6.0,5.9,3.7,5.642857142857143,0.7299706452023509,6.006666666666666,-0.7818314824680299,0.6234898018587334,0.49999999999999994,-0.8660254037844387,0.8452490573530633,-0.5343725582809786,4.3,6.7
2020-05-04,Meghalaya,NER,25.57049217,91.8800142,4.3,2020,5,0,125,0,0,17.0,87,4.0,5.8,3.7,5.428571428571429,0.8807464366741881,6.026666666666667,0.0,1.0,0.49999999999999994,-0.8660254037844387,0.8359254794186372,-0.548842958284719,4.3,6.5
2020-05-05,Meghalaya,NER,25.57049217,91.8800142,4.3,2020,5,1,126,0,0,18.1,83,4.3,6.0,5.8,5.185714285714285,0.9299257522845029,5.976666666666666,0.7818314824680298,0.6234898018587336,0.49999999999999994,-0.8660254037844387,0.8263541987239096,-0.5631507242749186,4.4,6.6
2020-05-13,Meghalaya,NER,25.57049217,91.8800142,4.4,2020,5,2,134,0,0,18.8,80,4.3,6.0,5.8,4.957142857142857,0.8922950611711746,5.930000000000001,0.9749279121818236,-0.22252093395631434,0.49999999999999994,-0.8660254037844387,0.7412220108485958,-0.6712599575675313,4.6,6.7
2020-05-14,Meghalaya,NER,25.57049217,91.8800142,4.6,2020,5,3,135,0,0,18.9,80,4.4,5.8,6.0,4.785714285714286,0.8153293228885488,5.883333333333334,0.43388373911755823,-0.900968867902419,0.49999999999999994,-0.8660254037844387,0.7295575540864875,-0.6839194216246106,4.8,6.7
2020-05-15,Meghalaya,NER,25.57049217,91.8800142,4.8,2020,5,4,136,0,0,18.6,92,4.6,5.9,5.7,4.628571428571428,0.6550172662209861,5.853333333333334,-0.433883739117558,-0.9009688679024191,0.49999999999999994,-0.8660254037844387,0.717676913675962,-0.6963762255968722,4.9,6.7
2020-05-16,Meghalaya,NER,25.57049217,91.8800142,4.9,2020,5,5,137,1,0,19.1,90,4.8,6.0,6.0,4.4714285714285715,0.3147183169877703,5.816666666666667,-0.9749279121818236,-0.2225209339563146,0.49999999999999994,-0.8660254037844387,0.705583610107178,-0.7086266782644596,6.7,6.4
2020-05-17,Meghalaya,NER,25.57049217,91.8800142,6.7,2020,5,6,138,1,0,19.9,82,4.9,4.0,6.4,4.857142857142857,0.8462803768199234,5.826666666666667,-0.7818314824680299,0.6234898018587334,0.49999999999999994,-0.8660254037844387,0.6932812268869777,-0.7206671495538609,6.5,6.0
2020-05-18,Meghalaya,NER,25.57049217,91.8800142,6.5,2020,5,0,139,0,0,19.6,82,6.7,4.3,6.3,5.171428571428572,0.9995236960910999,5.833333333333333,0.0,1.0,0.49999999999999994,-0.8660254037844387,0.6807734094770161,-0.7324940716135789,6.6,6.0
2020-05-19,Meghalaya,NER,25.57049217,91.8800142,6.6,2020,5,1,140,0,0,20.5,71,6.5,4.3,6.5,5.5,1.042433051407456,5.836666666666667,0.7818314824680298,0.6234898018587336,0.49999999999999994,-0.8660254037844387,0.6680638642135335,-0.7441039398713607,6.7,6.0
2020-05-20,Meghalaya,NER,25.57049217,91.8800142,6.7,2020,5,2,141,0,0,18.2,92,6.6,4.4,6.4,5.828571428571429,0.9995236960910991,5.846666666666667,0.9749279121818236,-0.22252093395631434,0.49999999999999994,-0.8660254037844387,0.6551563572090853,-0.7554933140726803,6.7,5.9
2020-05-21,Meghalaya,NER,25.57049217,91.8800142,6.7,2020,5,3,142,0,0,18.4,95,6.7,4.6,6.4,6.128571428571428,0.8769536014223395,5.8566666666666665,0.43388373911755823,-0.900968867902419,0.49999999999999994,-0.8660254037844387,0.6420547132365637,-0.766658819300159,6.7,6.0
