timestamp,node_id,region,latitude,longitude,consumption_mu,year,month,dayofweek,dayofyear,is_weekend,is_holiday,temperature_c,humidity,lag_1d,lag_7d,lag_30d,roll_mean_7d,roll_std_7d,roll_mean_30d,dow_sin,dow_cos,month_sin,month_cos,doy_sin,doy_cos,target_next_1d,target_next_7d
2019-02-02,Sikkim,ER,27.3333303,88.6166475,1.3,2019,2,5,33,1,0,9.5,46,1.2,0.9,2.0,1.1714285714285715,0.11126972805283769,1.1400000000000001,-0.9749279121818236,-0.2225209339563146,0.8660254037844386,0.5000000000000001,0.5380051715382996,0.8429415373547828,1.1,0.9
2019-02-03,Sikkim,ER,27.3333303,88.6166475,1.1,2019,2,6,34,1,0,8.0,68,1.3,1.2,1.9,1.157142857142857,0.11338934190276848,1.1133333333333333,-0.7818314824680299,0.6234898018587334,0.8660254037844386,0.5000000000000001,0.5524353131676196,0.8335557718385699,1.0,1.1
2019-02-04,Sikkim,ER,27.3333303,88.6166475,1.0,2019,2,0,35,0,0,9.8,70,1.1,1.3,1.7,1.1142857142857143,0.10690449676497005,1.0899999999999999,0.0,1.0,0.8660254037844386,0.5000000000000001,0.5667017562911176,0.8239230057575542,1.3,1.2
2019-02-05,Sikkim,ER,27.3333303,88.6166475,1.3,2019,2,1,36,0,0,10.0,75,1.0,1.1,2.0,1.1428571428571428,0.12724180205607064,1.0666666666666667,0.7818314824680298,0.6234898018587336,0.8660254037844386,0.5000000000000001,0.5808002734538009,0.8140460935082178,1.2,1.2
2019-02-06,Sikkim,ER,27.3333303,88.6166475,1.2,2019,2,2,37,0,0,9.5,84,1.3,1.0,2.0,1.1714285714285713,0.11126972805283768,1.04,0.9749279121818236,-0.22252093395631434,0.8660254037844386,0.5000000000000001,0.5947266869607634,0.8039279618328213,0.7,1.1
2019-02-07,Sikkim,ER,27.3333303,88.6166475,0.7,2019,2,3,38,0,0,10.2,85,1.2,1.1,1.5,1.1142857142857143,0.21157009420498166,1.0133333333333332,0.43388373911755823,-0.900968867902419,0.8660254037844386,0.5000000000000001,0.6084768701151261,0.7935716089521474,0.7,1.3
2019-02-08,Sikkim,ER,27.3333303,88.6166475,0.7,2019,2,4,39,0,0,10.0,86,0.7,1.2,1.6,1.042857142857143,0.25727509827124007,0.9833333333333333,-0.433883739117558,-0.9009688679024191,0.8660254037844386,0.5000000000000001,0.6220467484408675,0.7829801036770629,0.9,1.5
2019-02-09,Sikkim,ER,27.3333303,88.6166475,0.9,2019,2,5,40,1,0,6.8,91,0.7,1.3,1.1,0.9857142857142858,0.2340126166724879,0.9766666666666667,-0.9749279121818236,-0.2225209339563146,0.8660254037844386,0.5000000000000001,0.6354323008901774,0.7721565844991642,1.1,1.6
2019-02-10,Sikkim,ER,27.3333303,88.6166475,1.1,2019,2,6,41,1,0,7.2,63,0.9,1.1,1.1,0.9857142857142858,0.2340126166724879,0.9766666666666667,-0.7818314824680299,0.6234898018587334,0.8660254037844386,0.5000000000000001,0.6486295610349814,0.7611042586607747,1.2,1.5
2019-02-11,Sikkim,ER,27.3333303,88.6166475,1.2,2019,2,0,42,0,0,8.6,63,1.1,1.0,0.8,1.0142857142857142,0.247847879612821,0.9900000000000001,0.0,1.0,0.8660254037844386,0.5000000000000001,0.6616346182422783,0.7498264012045686,1.2,1.5
2019-02-12,Sikkim,ER,27.3333303,88.6166475,1.2,2019,2,1,43,0,0,9.3,62,1.2,1.3,1.0,1.0,0.23094010767585027,0.9966666666666667,0.7818314824680298,0.6234898018587336,0.8660254037844386,0.5000000000000001,0.6744436188329455,0.7383263540031065,1.1,1.4
2019-02-13,Sikkim,ER,27.3333303,88.6166475,1.1,2019,2,2,44,0,0,11.0,57,1.2,1.2,1.0,0.9857142857142858,0.2193062655175134,1.0,0.9749279121818236,-0.22252093395631434,0.8660254037844386,0.5000000000000001,0.6870527672236669,0.7266075247685656,1.3,1.2
2019-02-14,Sikkim,ER,27.3333303,88.6166475,1.3,2019,2,3,45,0,0,11.7,58,1.1,0.7,0.9,1.0714285714285716,0.2058663459163551,1.0133333333333332,0.43388373911755823,-0.900968867902419,0.8660254037844386,0.5000000000000001,0.699458327051647,0.7146733860429609,1.5,1.3
2019-02-15,Sikkim,ER,27.3333303,88.6166475,1.5,2019,2,4,46,0,0,11.1,70,1.3,0.7,0.7,1.1857142857142857,0.18644544714716088,1.04,-0.433883739117558,-0.9009688679024191,0.8660254037844386,0.5000000000000001,0.7116566222817746,0.7025274741691571,1.6,1.3
2019-02-16,Sikkim,ER,27.3333303,88.6166475,1.6,2019,2,5,47,1,0,9.2,77,1.5,0.9,0.7,1.2857142857142858,0.19518001458970666,1.07,-0.9749279121818236,-0.2225209339563146,0.8660254037844386,0.5000000000000001,0.7236440382959124,0.6901733882429719,1.5,1.1
2019-02-17,Sikkim,ER,27.3333303,88.6166475,1.5,2019,2,6,48,1,0,8.3,78,1.6,1.1,0.8,1.342857142857143,0.19023794624226836,1.0933333333333333,-0.7818314824680299,0.6234898018587334,0.8660254037844386,0.5000000000000001,0.7354170229639855,0.6776147890466889,1.5,1.0
2019-02-18,Sikkim,ER,27.3333303,88.6166475,1.5,2019,2,0,49,0,0,7.3,75,1.5,1.2,0.8,1.3857142857142857,0.18644544714716085,1.1166666666666667,0.0,1.0,0.8660254037844386,0.5000000000000001,0.7469720876965552,0.6648553979642865,1.4,1.2
2019-02-19,Sikkim,ER,27.3333303,88.6166475,1.4,2019,2,1,50,0,0,7.5,85,1.5,1.2,0.9,1.4142857142857144,0.16761634196950512,1.1333333333333333,0.7818314824680298,0.6234898018587336,0.8660254037844386,0.5000000000000001,0.7583058084785624,0.6518989958787126,1.2,1.2
2019-02-20,Sikkim,ER,27.3333303,88.6166475,1.2,2019,2,2,51,0,0,8.7,83,1.4,1.1,0.9,1.4285714285714286,0.13801311186847087,1.1433333333333335,0.9749279121818236,-0.22252093395631434,0.8660254037844386,0.5000000000000001,0.7694148268839378,0.6387494220515272,1.3,0.9
2019-02-21,Sikkim,ER,27.3333303,88.6166475,1.3,2019,2,3,52,0,0,10.4,86,1.2,1.3,0.8,1.4285714285714286,0.13801311186847087,1.16,0.43388373911755823,-0.900968867902419,0.8660254037844386,0.5000000000000001,0.7802958510707755,0.6254105729852463,1.3,2.1
2019-02-22,Sikkim,ER,27.3333303,88.6166475,1.3,2019,2,4,53,0,0,12.0,79,1.3,1.5,0.6,1.4000000000000001,0.14142135623730948,1.1833333333333333,-0.433883739117558,-0.9009688679024191,0.8660254037844386,0.5000000000000001,0.7909456567567772,0.6118864012687243,1.1,2.1329999999999987
2019-02-23,Sikkim,ER,27.3333303,88.6166475,1.1,2019,2,5,54,1,0,12.1,78,1.3,1.6,1.1,1.3285714285714287,0.149602648308619,1.1833333333333333,-0.9749279121818236,-0.2225209339563146,0.8660254037844386,0.5000000000000001,0.8013610881746766,0.5981809144059165,1.0,2.1329999999999987
2019-02-24,Sikkim,ER,27.3333303,88.6166475,1.0,2019,2,6,55,1,0,12.1,69,1.1,1.5,1.2,1.2571428571428573,0.1718249385968447,1.1766666666666665,-0.7818314824680299,0.6234898018587334,0.8660254037844386,0.5000000000000001,0.8115390590073611,0.5842981736283684,1.2,2.0
2019-02-25,Sikkim,ER,27.3333303,88.6166475,1.2,2019,2,0,56,0,0,9.6,76,1.0,1.5,0.9,1.2142857142857142,0.13451854182690948,1.1866666666666668,0.0,1.0,0.8660254037844386,0.5000000000000001,0.8214765533024142,0.5702422926917871,1.2,2.0
2019-02-26,Sikkim,ER,27.3333303,88.6166475,1.2,2019,2,1,57,0,0,8.9,76,1.2,1.4,1.2,1.1857142857142857,0.10690449676496921,1.1866666666666665,0.7818314824680298,0.6234898018587336,0.8660254037844386,0.5000000000000001,0.8311706263658079,0.5560174366570446,0.9,2.1
2019-02-27,Sikkim,ER,27.3333303,88.6166475,0.9,2019,2,2,58,0,0,7.4,89,1.2,1.2,1.3,1.1428571428571428,0.15118578920369038,1.1733333333333333,0.9749279121818236,-0.22252093395631434,0.8660254037844386,0.5000000000000001,0.8406184056344782,0.5416278206559814,2.1,1.9
2019-02-28,Sikkim,ER,27.3333303,88.6166475,2.1,2019,2,3,59,0,0,6.5,83,0.9,1.3,1.1,1.2571428571428573,0.39520940802374144,1.2066666666666668,0.43388373911755823,-0.900968867902419,0.8660254037844386,0.5000000000000001,0.8498170915275278,0.5270777086423722,2.1329999999999987,0.8
2019-03-02,Sikkim,ER,27.3333303,88.6166475,2.1329999999999987,2019,3,5,61,1,0,7.7,68,2.1,1.3,1.0,1.3761428571428571,0.5169308234091636,1.2444333333333333,-0.9749279121818236,-0.2225209339563146,1.0,6.123233995736766e-17,0.8674563547295969,0.49751328890718066,2.1329999999999987,0.9
2019-03-03,Sikkim,ER,27.3333303,88.6166475,2.1329999999999987,2019,3,6,62,1,0,8.8,83,2.1329999999999987,1.1,1.1,1.5237142857142854,0.5697135871897132,1.2788666666666664,-0.7818314824680299,0.6234898018587334,1.0,6.123233995736766e-17,0.8758917051442429,0.48250774176121847,2.0,0.9
2019-03-04,Sikkim,ER,27.3333303,88.6166475,2.0,2019,3,0,63,0,1,8.7,80,2.1329999999999987,1.0,1.2,1.6665714285714281,0.5411647491423341,1.3055333333333332,0.0,1.0,1.0,6.123233995736766e-17,0.8840675099433636,0.4673592171580022,2.0,1.0
2019-03-05,Sikkim,ER,27.3333303,88.6166475,2.0,2019,3,1,64,0,0,8.7,73,2.0,1.2,1.3,1.7808571428571425,0.5097732922817843,1.3288666666666664,0.7818314824680298,0.6234898018587336,1.0,6.123233995736766e-17,0.8919813464595485,0.45207220393230435,2.1,1.0
2019-03-06,Sikkim,ER,27.3333303,88.6166475,2.1,2019,3,2,65,0,0,9.2,71,2.0,1.2,1.1,1.909428571428571,0.44869360635176475,1.3622,0.9749279121818236,-0.22252093395631434,1.0,6.123233995736766e-17,0.8996308696522433,0.43665123195606403,1.9,0.9
2019-03-07,Sikkim,ER,27.3333303,88.6166475,1.9,2019,3,3,66,0,0,9.8,65,2.1,0.9,1.0,2.0522857142857136,0.08778897859016814,1.3921999999999999,0.43388373911755823,-0.900968867902419,1.0,6.123233995736766e-17,0.9070138128026359,0.4211008707960896,0.8,0.6
2019-03-08,Sikkim,ER,27.3333303,88.6166475,0.8,2019,3,4,67,0,0,8.5,78,1.9,2.1,1.3,1.866571428571428,0.47797414753758977,1.3755333333333333,-0.433883739117558,-0.9009688679024191,1.0,6.123233995736766e-17,0.9141279881853337,0.40542572835999735,0.9,1.1
2019-03-09,Sikkim,ER,27.3333303,88.6166475,0.9,2019,3,5,68,1,0,8.3,81,0.8,2.1329999999999987,1.2,1.6904285714285712,0.57977692754566,1.3655333333333333,-0.9749279121818236,-0.2225209339563146,1.0,6.123233995736766e-17,0.9209712877166346,0.38963044953078796,0.9,1.4
2019-03-10,Sikkim,ER,27.3333303,88.6166475,0.9,2019,3,6,69,1,0,10.2,81,0.9,2.1329999999999987,0.7,1.5142857142857142,0.6094494002200439,1.3721999999999999,-0.7818314824680299,0.6234898018587334,1.0,6.123233995736766e-17,0.9275416835791966,0.37371971479046906,1.0,1.3
2019-03-11,Sikkim,ER,27.3333303,88.6166475,1.0,2019,3,0,70,0,0,11.4,77,0.9,2.0,0.7,1.3714285714285717,0.5936168397046635,1.3821999999999999,0.0,1.0,1.0,6.123233995736766e-17,0.9338372288229252,0.35769823883312546,1.0,1.3
2019-03-12,Sikkim,ER,27.3333303,88.6166475,1.0,2019,3,1,71,0,0,12.8,71,1.0,2.0,0.9,1.2285714285714284,0.5345224838248485,1.3855333333333333,0.7818314824680298,0.6234898018587336,1.0,6.123233995736766e-17,0.9398560579418954,0.3415707691678556,0.9,1.3
2019-03-13,Sikkim,ER,27.3333303,88.6166475,0.9,2019,3,2,72,0,0,13.7,73,1.0,2.1,1.1,1.0571428571428572,0.37796447300922675,1.3788666666666665,0.9749279121818236,-0.22252093395631434,1.0,6.123233995736766e-17,0.9455963874271426,0.3253420847119801,0.6,1.0
2019-03-14,Sikkim,ER,27.3333303,88.6166475,0.6,2019,3,3,73,0,0,13.8,77,0.9,1.9,1.2,0.8714285714285713,0.13801311186846923,1.3588666666666667,0.43388373911755823,-0.900968867902419,1.0,6.123233995736766e-17,0.9510565162951535,0.30901699437494745,1.1,1.3
2019-03-15,Sikkim,ER,27.3333303,88.6166475,1.1,2019,3,4,74,0,0,13.1,78,0.6,0.8,1.2,0.9142857142857144,0.15735915849388732,1.3555333333333333,-0.433883739117558,-0.9009688679024191,1.0,6.123233995736766e-17,0.9562348265919056,0.29260033563334836,1.4,1.5
2019-03-16,Sikkim,ER,27.3333303,88.6166475,1.4,2019,3,5,75,1,0,12.7,63,1.1,0.9,1.1,0.9857142857142858,0.24102953780654707,1.365533333333333,-0.9749279121818236,-0.2225209339563146,1.0,6.123233995736766e-17,0.9611297838723007,0.27609697309746883,1.3,1.6
2019-03-17,Sikkim,ER,27.3333303,88.6166475,1.3,2019,3,6,76,1,0,12.5,71,1.4,0.9,1.3,1.042857142857143,0.2636736799982304,1.3655333333333333,-0.7818314824680299,0.6234898018587334,1.0,6.123233995736766e-17,0.9657399376548549,0.2595117970697999,1.3,1.6
2019-03-18,Sikkim,ER,27.3333303,88.6166475,1.3,2019,3,0,77,0,0,11.2,78,1.3,1.0,1.5,1.0857142857142859,0.27945525240230823,1.3588666666666667,0.0,1.0,1.0,6.123233995736766e-17,0.9700639218515071,0.2428497220959356,1.3,1.6
2019-03-19,Sikkim,ER,27.3333303,88.6166475,1.3,2019,3,1,78,0,0,10.6,81,1.3,1.0,1.6,1.1285714285714286,0.28702082220799263,1.3488666666666664,0.7818314824680298,0.6234898018587336,1.0,6.123233995736766e-17,0.9741004551724205,0.22611568550828828,1.0,1.5
2019-03-20,Sikkim,ER,27.3333303,88.6166475,1.0,2019,3,2,79,0,0,10.6,85,1.3,0.9,1.5,1.1428571428571428,0.27602622373694125,1.3321999999999998,0.9749279121818236,-0.22252093395631434,1.0,6.123233995736766e-17,0.9778483415056568,0.20931464596304847,1.3,1.4
2019-03-21,Sikkim,ER,27.3333303,88.6166475,1.3,2019,3,3,80,0,1,11.6,79,1.0,0.6,1.5,1.242857142857143,0.13972762620115367,1.3255333333333332,0.43388373911755823,-0.900968867902419,1.0,6.123233995736766e-17,0.9813064702716093,0.19245158197082998,1.5,1.2
2019-03-22,Sikkim,ER,27.3333303,88.6166475,1.5,2019,3,4,81,0,0,13.0,71,1.3,1.1,1.4,1.3,0.15275252316519425,1.3288666666666666,-0.433883739117558,-0.9009688679024191,1.0,6.123233995736766e-17,0.9844738167520922,0.1755314904214282,1.6,1.3
2019-03-23,Sikkim,ER,27.3333303,88.6166475,1.6,2019,3,5,82,1,0,13.9,65,1.5,1.4,1.2,1.3285714285714287,0.1889822365046134,1.3421999999999998,-0.9749279121818236,-0.2225209339563146,1.0,6.123233995736766e-17,0.9873494423939864,0.15855938510313475,1.6,1.5
2019-03-24,Sikkim,ER,27.3333303,88.6166475,1.6,2019,3,6,83,1,0,12.9,71,1.6,1.3,1.3,1.3714285714285717,0.21380899352993946,1.3521999999999998,-0.7818314824680299,0.6234898018587334,1.0,6.123233995736766e-17,0.989932495087353,0.141540295217043,1.6,1.5
2019-03-25,Sikkim,ER,27.3333303,88.6166475,1.6,2019,3,0,84,0,0,13.1,85,1.6,1.3,1.3,1.4142857142857144,0.2267786838055364,1.3621999999999999,0.0,1.0,1.0,6.123233995736766e-17,0.9922222094179323,0.12447926388678915,1.5,1.4
2019-03-26,Sikkim,ER,27.3333303,88.6166475,1.5,2019,3,1,85,0,0,11.6,85,1.6,1.3,1.1,1.4428571428571428,0.22253945610567485,1.3755333333333333,0.7818314824680298,0.6234898018587336,1.0,6.123233995736766e-17,0.994217906893952,0.10738134666416309,1.4,1.3
2019-03-27,Sikkim,ER,27.3333303,88.6166475,1.4,2019,3,2,86,0,0,12.2,67,1.5,1.0,1.0,1.5,0.11547005383792568,1.3888666666666665,0.9749279121818236,-0.22252093395631434,1.0,6.123233995736766e-17,0.995918996147179,0.09025161003104117,1.2,1.3
2019-03-28,Sikkim,ER,27.3333303,88.6166475,1.2,2019,3,3,87,0,0,12.8,63,1.4,1.3,1.2,1.4857142857142858,0.14638501094228037,1.3888666666666665,0.43388373911755823,-0.900968867902419,1.0,6.123233995736766e-17,0.9973249731081555,0.07309512989807777,1.3,0.8
2019-03-29,Sikkim,ER,27.3333303,88.6166475,1.3,2019,3,4,88,0,0,14.1,75,1.2,1.5,1.2,1.4571428571428573,0.1618347187425377,1.3921999999999997,-0.433883739117558,-0.9009688679024191,1.0,6.123233995736766e-17,0.9984354211555643,0.055916990100603484,1.5,1.2
2019-03-30,Sikkim,ER,27.3333303,88.6166475,1.5,2019,3,5,89,1,0,14.0,86,1.3,1.6,0.9,1.442857142857143,0.15118578920369113,1.4121999999999997,-0.9749279121818236,-0.2225209339563146,1.0,6.123233995736766e-17,0.9992500112396835,0.03872228089217446,1.5,1.3
2019-03-31,Sikkim,ER,27.3333303,88.6166475,1.5,2019,3,6,90,1,0,13.8,82,1.5,1.6,2.1,1.4285714285714286,0.13801311186847104,1.3921999999999997,-0.7818314824680299,0.6234898018587334,1.0,6.123233995736766e-17,0.9997685019798909,0.021516097436222254,1.4,1.6
2019-04-02,Sikkim,ER,27.3333303,88.6166475,1.4,2019,4,1,92,0,0,13.3,68,1.5,1.6,2.1329999999999987,1.4000000000000001,0.11547005383792522,1.3677666666666668,0.7818314824680298,0.6234898018587336,0.8660254037844387,-0.4999999999999998,0.9999166586547379,-0.01291029607500882,1.3,1.2
2019-04-03,Sikkim,ER,27.3333303,88.6166475,1.3,2019,4,2,93,0,0,12.6,73,1.4,1.5,2.1329999999999987,1.3714285714285714,0.11126972805283726,1.34,0.9749279121818236,-0.22252093395631434,0.8660254037844387,-0.4999999999999998,0.9995462806873573,-0.030120304846908114,1.3,1.4
2019-04-04,Sikkim,ER,27.3333303,88.6166475,1.3,2019,4,3,94,0,0,13.0,86,1.3,1.4,2.0,1.3571428571428572,0.11338934190276795,1.3166666666666667,0.43388373911755823,-0.900968867902419,0.8660254037844387,-0.4999999999999998,0.9988797155850336,-0.04732138832243185,0.8,1.5
2019-04-05,Sikkim,ER,27.3333303,88.6166475,0.8,2019,4,4,95,0,0,13.7,89,1.3,1.2,2.0,1.3,0.23804761428476132,1.2766666666666668,-0.433883739117558,-0.9009688679024191,0.8660254037844387,-0.4999999999999998,0.9979171608653922,-0.06450844944931623,1.2,1.3
2019-04-06,Sikkim,ER,27.3333303,88.6166475,1.2,2019,4,5,96,1,0,14.0,83,0.8,1.3,2.1,1.2857142857142858,0.24102953780654748,1.2466666666666666,-0.9749279121818236,-0.2225209339563146,0.8660254037844387,-0.4999999999999998,0.9966589017541702,-0.08167639533042241,1.3,1.2
2019-04-07,Sikkim,ER,27.3333303,88.6166475,1.3,2019,4,6,97,1,0,13.3,84,1.2,1.5,1.9,1.257142857142857,0.22253945610567413,1.2266666666666668,-0.7818314824680299,0.6234898018587334,0.8660254037844387,-0.4999999999999998,0.9951053111006976,-0.09882013873287143,1.6,1.1
2019-04-08,Sikkim,ER,27.3333303,88.6166475,1.6,2019,4,0,98,0,0,14.1,81,1.3,1.5,0.8,1.2714285714285716,0.24299715851758188,1.2533333333333334,0.0,1.0,0.8660254037844387,-0.4999999999999998,0.9932568492674143,-0.11593459959550041,1.2,1.2
2019-04-09,Sikkim,ER,27.3333303,88.6166475,1.2,2019,4,1,99,0,0,12.5,90,1.6,1.4,0.9,1.2428571428571427,0.23704530408864022,1.2633333333333332,0.7818314824680298,0.6234898018587336,0.8660254037844387,-0.4999999999999998,0.9911140639934547,-0.1330147065341959,1.4,1.3
2019-04-10,Sikkim,ER,27.3333303,88.6166475,1.4,2019,4,2,100,0,0,14.3,76,1.2,1.3,0.9,1.2571428571428573,0.2439750182371328,1.28,0.9749279121818236,-0.22252093395631434,0.8660254037844387,-0.4999999999999998,0.9886775902323405,-0.1500553983446526,1.5,1.3
2019-04-11,Sikkim,ER,27.3333303,88.6166475,1.5,2019,4,3,101,0,0,15.4,76,1.4,1.3,1.0,1.2857142857142858,0.2609506430251474,1.2966666666666666,0.43388373911755823,-0.900968867902419,0.8660254037844387,-0.4999999999999998,0.9859481499638304,-0.16705162550211924,1.3,1.2
2019-04-12,Sikkim,ER,27.3333303,88.6166475,1.3,2019,4,4,102,0,0,16.1,80,1.5,0.8,1.0,1.3571428571428572,0.15118578920369088,1.3066666666666669,-0.433883739117558,-0.9009688679024191,0.8660254037844387,-0.4999999999999998,0.9829265519799822,-0.18399835165768005,1.2,1.0
2019-04-13,Sikkim,ER,27.3333303,88.6166475,1.2,2019,4,5,103,1,1,16.3,78,1.3,1.2,0.9,1.3571428571428572,0.15118578920369088,1.3166666666666667,-0.9749279121818236,-0.2225209339563146,0.8660254037844387,-0.4999999999999998,0.9796136916454901,-0.20089055513063506,1.1,1.4
2019-04-14,Sikkim,ER,27.3333303,88.6166475,1.1,2019,4,6,104,1,1,16.0,79,1.2,1.3,0.6,1.3285714285714287,0.17994708216848723,1.3333333333333333,-0.7818314824680299,0.6234898018587334,0.8660254037844387,-0.4999999999999998,0.9760105506323683,-0.21772323039653177,1.2,1.6
2019-04-15,Sikkim,ER,27.3333303,88.6166475,1.2,2019,4,0,105,0,0,15.9,83,1.1,1.6,1.1,1.2714285714285716,0.13801311186846993,1.3366666666666667,0.0,1.0,0.8660254037844387,-0.4999999999999998,0.9721181966290613,-0.23449138957040985,1.3,1.7
2019-04-16,Sikkim,ER,27.3333303,88.6166475,1.3,2019,4,1,106,0,0,16.1,84,1.2,1.2,1.4,1.2857142857142858,0.13451854182690906,1.3333333333333333,0.7818314824680298,0.6234898018587336,0.8660254037844387,-0.4999999999999998,0.9679377830240642,-0.25119006388481935,1.3,1.5
2019-04-17,Sikkim,ER,27.3333303,88.6166475,1.3,2019,4,2,107,0,1,17.0,70,1.3,1.4,1.3,1.2714285714285716,0.12535663410560077,1.3333333333333333,0.9749279121818236,-0.22252093395631434,0.8660254037844387,-0.4999999999999998,0.9634705485641488,-0.2678143051621742,1.2,1.6
2019-04-18,Sikkim,ER,27.3333303,88.6166475,1.2,2019,4,3,108,0,0,16.6,69,1.3,1.5,1.3,1.2285714285714284,0.07559289460184307,1.3299999999999998,0.43388373911755823,-0.900968867902419,0.8660254037844387,-0.4999999999999998,0.9587178169872964,-0.2843591872810034,1.0,1.6
2019-04-19,Sikkim,ER,27.3333303,88.6166475,1.0,2019,4,4,109,0,1,15.9,68,1.2,1.3,1.3,1.1857142857142857,0.10690449676496758,1.32,-0.433883739117558,-0.9009688679024191,0.8660254037844387,-0.4999999999999998,0.9536809966304457,-0.30081980763566735,1.4,1.3
2019-04-20,Sikkim,ER,27.3333303,88.6166475,1.4,2019,4,5,110,1,0,14.3,69,1.0,1.2,1.0,1.2142857142857142,0.1345185418269084,1.3333333333333333,-0.9749279121818236,-0.2225209339563146,0.8660254037844387,-0.4999999999999998,0.9483615800121715,-0.3171912885891061,1.6,1.9
2019-04-21,Sikkim,ER,27.3333303,88.6166475,1.6,2019,4,6,111,1,0,14.6,80,1.4,1.1,1.3,1.2857142857142858,0.18644544714716044,1.3433333333333333,-0.7818314824680299,0.6234898018587334,0.8660254037844387,-0.4999999999999998,0.9427611433904207,-0.3334687789181868,1.7,2.0
2019-04-22,Sikkim,ER,27.3333303,88.6166475,1.7,2019,4,0,112,0,0,14.2,80,1.6,1.2,1.5,1.3571428571428572,0.2370453040886409,1.35,0.0,1.0,0.8660254037844387,-0.4999999999999998,0.9368813462954315,-0.3496474552512284,1.5,2.0
2019-04-23,Sikkim,ER,27.3333303,88.6166475,1.5,2019,4,1,113,0,0,15.5,73,1.7,1.3,1.6,1.3857142857142857,0.24102953780654815,1.3466666666666667,0.7818314824680298,0.6234898018587336,0.8660254037844387,-0.4999999999999998,0.9307239310379795,-0.36572252349726897,1.6,2.1329999999999987
2019-04-24,Sikkim,ER,27.3333303,88.6166475,1.6,2019,4,2,114,0,0,16.7,68,1.5,1.3,1.6,1.4285714285714286,0.24976179127511208,1.346666666666667,0.9749279121818236,-0.22252093395631434,0.8660254037844387,-0.4999999999999998,0.9242907221930933,-0.3816892202666588,1.6,2.1
2019-04-25,Sikkim,ER,27.3333303,88.6166475,1.6,2019,4,3,115,0,0,17.6,70,1.6,1.2,1.6,1.4857142857142858,0.23401261667248885,1.3466666666666667,0.43388373911755823,-0.900968867902419,0.8660254037844387,-0.4999999999999998,0.9175836260593937,-0.39754281428255595,1.3,2.1
2019-04-26,Sikkim,ER,27.3333303,88.6166475,1.3,2019,4,4,116,0,0,17.4,71,1.6,1.0,1.5,1.5285714285714285,0.1380131118684729,1.34,-0.433883739117558,-0.9009688679024191,0.8660254037844387,-0.4999999999999998,0.9106046300942162,-0.4132786077829042,1.9,1.9
2019-04-27,Sikkim,ER,27.3333303,88.6166475,1.9,2019,4,5,117,1,0,17.1,86,1.3,1.4,1.4,1.6,0.18257418583505758,1.3566666666666667,-0.9749279121818236,-0.2225209339563146,0.8660254037844387,-0.4999999999999998,0.9033558023246845,-0.4288919379124835,2.0,1.0
2019-04-28,Sikkim,ER,27.3333303,88.6166475,2.0,2019,4,6,118,1,0,17.6,83,1.9,1.6,1.2,1.6571428571428573,0.23704530408864288,1.3833333333333333,-0.7818314824680299,0.6234898018587334,0.8660254037844387,-0.4999999999999998,0.895839290734909,-0.4443781781046132,2.0,0.9
2019-04-29,Sikkim,ER,27.3333303,88.6166475,2.0,2019,4,0,119,0,0,17.7,84,2.0,1.7,1.3,1.7,0.2708012801545341,1.4066666666666667,0.0,1.0,0.8660254037844387,-0.4999999999999998,0.8880573226294932,-0.45973273945210397,2.1329999999999987,1.0
2019-04-30,Sikkim,ER,27.3333303,88.6166475,2.1329999999999987,2019,4,1,120,0,0,16.8,90,2.0,1.5,1.5,1.790428571428571,0.2972786891918429,1.4277666666666666,0.7818314824680298,0.6234898018587336,0.8660254037844387,-0.4999999999999998,0.8800122039735357,-0.47495107206704995,2.1,1.0
2019-05-02,Sikkim,ER,27.3333303,88.6166475,2.1,2019,5,3,122,0,0,17.8,80,2.1329999999999987,1.6,1.5,1.8618571428571429,0.3038927599068644,1.4477666666666666,0.43388373911755823,-0.900968867902419,0.49999999999999994,-0.8660254037844387,0.8631421280499114,-0.5049610547215204,2.1,1.0
2019-05-03,Sikkim,ER,27.3333303,88.6166475,2.1,2019,5,4,123,0,0,17.8,81,2.1,1.6,1.4,1.9332857142857143,0.2905550517462052,1.4710999999999999,-0.433883739117558,-0.9009688679024191,0.49999999999999994,-0.8660254037844387,0.854322169749827,-0.5197438121555155,1.9,1.2
2019-05-04,Sikkim,ER,27.3333303,88.6166475,1.9,2019,5,5,124,1,0,17.2,86,2.1,1.3,1.3,2.0189999999999997,0.0958836100001922,1.4910999999999999,-0.9749279121818236,-0.2225209339563146,0.49999999999999994,-0.8660254037844387,0.8452490573530633,-0.5343725582809786,1.0,1.2
2019-05-05,Sikkim,ER,27.3333303,88.6166475,1.0,2019,5,6,125,1,0,16.4,85,1.9,1.9,1.3,1.8904285714285713,0.4007592199575128,1.4811,-0.7818314824680299,0.6234898018587334,0.49999999999999994,-0.8660254037844387,0.8359254794186372,-0.548842958284719,0.9,1.3
2019-05-06,Sikkim,ER,27.3333303,88.6166475,0.9,2019,5,0,126,0,0,16.9,80,1.0,2.0,0.8,1.733285714285714,0.5415615429126276,1.4844333333333333,0.0,1.0,0.49999999999999994,-0.8660254037844387,0.8263541987239096,-0.5631507242749186,1.0,1.2
2019-05-07,Sikkim,ER,27.3333303,88.6166475,1.0,2019,5,1,127,0,0,17.1,84,0.9,2.0,1.2,1.5904285714285713,0.5892718266761836,1.477766666666667,0.7818314824680298,0.6234898018587336,0.49999999999999994,-0.8660254037844387,0.8165380514459161,-0.5772916165517272,1.0,1.2
2019-05-08,Sikkim,ER,27.3333303,88.6166475,1.0,2019,5,2,128,0,0,16.8,87,1.0,2.1329999999999987,1.3,1.4285714285714286,0.5707138387268053,1.4677666666666667,0.9749279121818236,-0.22252093395631434,0.49999999999999994,-0.8660254037844387,0.8064799463209448,-0.5912614448635781,1.0,0.9
2019-05-09,Sikkim,ER,27.3333303,88.6166475,1.0,2019,5,3,129,0,0,17.3,86,1.0,2.1,1.6,1.2714285714285716,0.5023753102820161,1.4477666666666666,0.43388373911755823,-0.900968867902419,0.49999999999999994,-0.8660254037844387,0.7961828637826158,-0.6050560696488488,1.2,0.9
2019-05-10,Sikkim,ER,27.3333303,88.6166475,1.2,2019,5,4,130,0,0,17.8,85,1.0,2.1,1.2,1.1428571428571428,0.34572215654164923,1.4477666666666666,-0.433883739117558,-0.9009688679024191,0.49999999999999994,-0.8660254037844387,0.7856498550787147,-0.6186714032625031,1.2,0.8
2019-05-11,Sikkim,ER,27.3333303,88.6166475,1.2,2019,5,5,131,1,0,17.8,84,1.2,1.9,1.4,1.042857142857143,0.11338934190276254,1.4411,-0.9749279121818236,-0.2225209339563146,0.49999999999999994,-0.8660254037844387,0.7748840413670407,-0.6321034111873487,1.3,0.5
2019-05-12,Sikkim,ER,27.3333303,88.6166475,1.3,2019,5,6,132,1,0,17.4,74,1.2,1.0,1.5,1.0857142857142859,0.14638501094227613,1.4344333333333334,-0.7818314824680299,0.6234898018587334,0.49999999999999994,-0.8660254037844387,0.7638886127905428,-0.6453481132295501,1.2,1.2
2019-05-13,Sikkim,ER,27.3333303,88.6166475,1.2,2019,5,0,133,0,0,17.3,78,1.3,0.9,1.3,1.1285714285714286,0.12535663410559783,1.4311,0.0,1.0,0.49999999999999994,-0.8660254037844387,0.7526668275320085,-0.6584015846980488,1.2,1.3
2019-05-14,Sikkim,ER,27.3333303,88.6166475,1.2,2019,5,1,134,0,0,16.6,84,1.2,1.0,1.2,1.157142857142857,0.11338934190276433,1.4311,0.7818314824680298,0.6234898018587336,0.49999999999999994,-0.8660254037844387,0.7412220108485958,-0.6712599575675313,0.9,1.4
2019-05-15,Sikkim,ER,27.3333303,88.6166475,0.9,2019,5,2,135,0,0,16.7,86,1.2,1.0,1.1,1.1428571428571428,0.13972762620115106,1.4244333333333334,0.9749279121818236,-0.22252093395631434,0.49999999999999994,-0.8660254037844387,0.7295575540864875,-0.6839194216246106,0.9,1.4
2019-05-16,Sikkim,ER,27.3333303,88.6166475,0.9,2019,5,3,136,0,0,16.6,86,0.9,1.0,1.2,1.1285714285714286,0.16035674514745157,1.4144333333333334,0.43388373911755823,-0.900968867902419,0.49999999999999994,-0.8660254037844387,0.717676913675962,-0.6963762255968722,0.8,1.2
2019-05-17,Sikkim,ER,27.3333303,88.6166475,0.8,2019,5,4,137,0,0,17.3,83,0.9,1.2,1.3,1.0714285714285714,0.19760470401186772,1.3977666666666666,-0.433883739117558,-0.9009688679024191,0.49999999999999994,-0.8660254037844387,0.705583610107178,-0.7086266782644596,0.5,1.2
2019-05-18,Sikkim,ER,27.3333303,88.6166475,0.5,2019,5,5,138,1,1,17.7,86,0.8,1.2,1.3,0.9714285714285715,0.28115408417381643,1.3710999999999998,-0.9749279121818236,-0.2225209339563146,0.49999999999999994,-0.8660254037844387,0.6932812268869777,-0.7206671495538609,1.2,1.0
2019-05-19,Sikkim,ER,27.3333303,88.6166475,1.2,2019,5,6,139,1,0,17.5,79,0.5,1.3,1.2,0.9571428571428572,0.2636736799982279,1.3711,-0.7818314824680299,0.6234898018587334,0.49999999999999994,-0.8660254037844387,0.6807734094770161,-0.7324940716135789,1.3,1.0
2019-05-20,Sikkim,ER,27.3333303,88.6166475,1.3,2019,5,0,140,0,0,17.3,83,1.2,1.2,1.0,0.9714285714285714,0.28115408417381643,1.3811,0.0,1.0,0.49999999999999994,-0.8660254037844387,0.6680638642135335,-0.7441039398713607,1.4,1.4
2019-05-21,Sikkim,ER,27.3333303,88.6166475,1.4,2019,5,1,141,0,0,17.2,86,1.3,1.2,1.4,1.0,0.3162277660168356,1.3811,0.7818314824680298,0.6234898018587336,0.49999999999999994,-0.8660254037844387,0.6551563572090853,-0.7554933140726803,1.4,1.5
2019-05-22,Sikkim,ER,27.3333303,88.6166475,1.4,2019,5,2,142,0,0,16.9,88,1.4,0.9,1.6,1.0714285714285714,0.34503277967117535,1.3744333333333334,0.9749279121818236,-0.22252093395631434,0.49999999999999994,-0.8660254037844387,0.6420547132365637,-0.766658819300159,1.2,1.4
2019-05-23,Sikkim,ER,27.3333303,88.6166475,1.2,2019,5,3,143,0,0,16.9,87,1.4,0.9,1.7,1.1142857142857143,0.3387652649872825,1.3577666666666666,0.43388373911755823,-0.900968867902419,0.49999999999999994,-0.8660254037844387,0.6287628145958344,-0.7775971469736269,1.2,1.3
2019-05-24,Sikkim,ER,27.3333303,88.6166475,1.2,2019,5,4,144,0,0,17.3,89,1.2,0.8,1.5,1.1714285714285713,0.3093772546815375,1.3477666666666666,-0.433883739117558,-0.9009688679024191,0.49999999999999994,-0.8660254037844387,0.6152845999633276,-0.7883050558305255,1.0,1.3
2019-05-25,Sikkim,ER,27.3333303,88.6166475,1.0,2019,5,5,145,1,0,16.4,97,1.2,0.5,1.6,1.2428571428571427,0.1397276262011526,1.3277666666666665,-0.9749279121818236,-0.2225209339563146,0.49999999999999994,-0.8660254037844387,0.6016240632249226,-0.7987793728863649,1.0,1.3
2019-05-26,Sikkim,ER,27.3333303,88.6166475,1.0,2019,5,6,146,1,0,17.2,90,1.0,1.2,1.6,1.2142857142857142,0.16761634196950337,1.3077666666666667,-0.7818314824680299,0.6234898018587334,0.49999999999999994,-0.8660254037844387,0.5877852522924732,-0.8090169943749473,1.4,0.9
2019-05-27,Sikkim,ER,27.3333303,88.6166475,1.4,2019,5,0,147,0,0,17.8,85,1.0,1.3,1.3,1.2285714285714284,0.17994708216848593,1.3111,0.0,1.0,0.49999999999999994,-0.8660254037844387,0.5737722679043246,-0.8190148866680801,1.5,1.1
2019-05-28,Sikkim,ER,27.3333303,88.6166475,1.5,2019,5,1,148,0,0,17.6,86,1.4,1.4,1.9,1.2428571428571427,0.19880595947759971,1.2977666666666667,0.7818314824680298,0.6234898018587336,0.49999999999999994,-0.8660254037844387,0.5595892624101765,-0.8287700871745038,1.4,1.1
2019-05-29,Sikkim,ER,27.3333303,88.6166475,1.4,2019,5,2,149,0,0,17.6,86,1.5,1.4,2.0,1.2428571428571427,0.19880595947759971,1.2777666666666667,0.9749279121818236,-0.22252093395631434,0.49999999999999994,-0.8660254037844387,0.545240438540651,-0.8382797052177744,1.3,1.2
2019-05-30,Sikkim,ER,27.3333303,88.6166475,1.3,2019,5,3,150,0,0,17.4,85,1.4,1.2,2.0,1.2571428571428573,0.19880595947759983,1.2544333333333333,0.43388373911755823,-0.900968867902419,0.49999999999999994,-0.8660254037844387,0.5307300481619334,-0.8475409228928311,1.3,1.2
2019-05-31,Sikkim,ER,27.3333303,88.6166475,1.3,2019,5,4,151,0,0,17.3,85,1.3,1.2,2.1329999999999987,1.2714285714285716,0.1976047040118697,1.2266666666666668,-0.433883739117558,-0.9009688679024191,0.49999999999999994,-0.8660254037844387,0.5160623910158528,-0.8565509959010036,1.3,1.0
2019-06-02,Sikkim,ER,27.3333303,88.6166475,1.3,2019,6,6,153,1,0,17.4,88,1.3,1.0,2.1,1.3142857142857145,0.15735915849388776,1.2,-0.7818314824680299,0.6234898018587334,1.2246467991473532e-16,-1.0,0.48627270710868997,-0.8738071036110808,0.9,0.8
2019-06-03,Sikkim,ER,27.3333303,88.6166475,0.9,2019,6,0,154,0,0,18.3,81,1.3,1.0,2.1,1.3,0.1914854215512668,1.16,0.0,1.0,1.2246467991473532e-16,-1.0,0.4711595076738638,-0.8820480249558537,1.1,1.3
2019-06-04,Sikkim,ER,27.3333303,88.6166475,1.1,2019,6,1,155,0,0,18.2,79,0.9,1.4,1.9,1.2571428571428573,0.19880595947759985,1.1333333333333333,0.7818314824680298,0.6234898018587336,1.2246467991473532e-16,-1.0,0.4559066935084588,-0.8900275764346767,1.1,1.7
2019-06-05,Sikkim,ER,27.3333303,88.6166475,1.1,2019,6,2,156,0,1,18.1,86,1.1,1.5,1.0,1.2,0.17320508075688604,1.1366666666666667,0.9749279121818236,-0.22252093395631434,1.2246467991473532e-16,-1.0,0.440518784350495,-0.8977433935342337,1.2,1.4
2019-06-06,Sikkim,ER,27.3333303,88.6166475,1.2,2019,6,3,157,0,0,18.7,86,1.1,1.4,0.9,1.1714285714285715,0.14960264830861697,1.1466666666666667,0.43388373911755823,-0.900968867902419,1.2246467991473532e-16,-1.0,0.42500033996955416,-0.9051931898913974,1.2,1.3
2019-06-07,Sikkim,ER,27.3333303,88.6166475,1.2,2019,6,4,158,0,0,18.8,84,1.2,1.3,1.0,1.157142857142857,0.13972762620115198,1.153333333333333,-0.433883739117558,-0.9009688679024191,1.2246467991473532e-16,-1.0,0.4093559588156213,-0.9123747579707273,1.0,1.4
2019-06-08,Sikkim,ER,27.3333303,88.6166475,1.0,2019,6,5,159,1,0,18.7,90,1.2,1.3,1.0,1.1142857142857143,0.13451854182690706,1.153333333333333,-0.9749279121818236,-0.2225209339563146,1.2246467991473532e-16,-1.0,0.39359027665646673,-0.9192859697186104,0.8,1.2
2019-06-09,Sikkim,ER,27.3333303,88.6166475,0.8,2019,6,6,160,1,0,18.3,92,1.0,1.3,1.0,1.042857142857143,0.15118578920368791,1.1466666666666667,-0.7818314824680299,0.6234898018587334,1.2246467991473532e-16,-1.0,0.3777079652039649,-0.9259247771938498,1.3,1.1
2019-06-10,Sikkim,ER,27.3333303,88.6166475,1.3,2019,6,0,161,0,0,18.9,83,0.8,0.9,1.2,1.1,0.1632993161855428,1.15,0.0,1.0,1.2246467991473532e-16,-1.0,0.36171373072976765,-0.9322892131745133,1.7,1.1
2019-06-11,Sikkim,ER,27.3333303,88.6166475,1.7,2019,6,1,162,0,0,18.8,76,1.3,1.1,1.2,1.1857142857142857,0.2794552524023076,1.1666666666666667,0.7818314824680298,0.6234898018587336,1.2246467991473532e-16,-1.0,0.3456123126707335,-0.9383773917408641,1.4,1.1
2019-06-12,Sikkim,ER,27.3333303,88.6166475,1.4,2019,6,2,163,0,0,19.9,76,1.7,1.1,1.3,1.2285714285714289,0.2870208222079922,1.1700000000000002,0.9749279121818236,-0.22252093395631434,1.2246467991473532e-16,-1.0,0.3294084822245304,-0.9441875088341993,1.3,1.0
2019-06-13,Sikkim,ER,27.3333303,88.6166475,1.3,2019,6,3,164,0,0,21.0,73,1.4,1.2,1.2,1.242857142857143,0.2878491668515689,1.1733333333333331,0.43388373911755823,-0.900968867902419,1.2246467991473532e-16,-1.0,0.3131070409358269,-0.9497178427914316,1.4,1.1
2019-06-14,Sikkim,ER,27.3333303,88.6166475,1.4,2019,6,4,165,0,0,21.1,73,1.3,1.2,1.2,1.2714285714285716,0.29277002188455925,1.1800000000000002,-0.433883739117558,-0.9009688679024191,1.2246467991473532e-16,-1.0,0.29671281927349075,-0.9549667548552551,1.2,1.1
2019-06-15,Sikkim,ER,27.3333303,88.6166475,1.2,2019,6,5,166,1,0,19.4,94,1.4,1.0,0.9,1.3,0.2708012801545314,1.19,-0.9749279121818236,-0.2225209339563146,1.2246467991473532e-16,-1.0,0.28023067519921585,-0.9599326896597447,1.1,1.2
2019-06-16,Sikkim,ER,27.3333303,88.6166475,1.1,2019,6,6,167,1,0,19.9,87,1.2,0.8,0.9,1.342857142857143,0.19023794624226778,1.1966666666666665,-0.7818314824680299,0.6234898018587334,1.2246467991473532e-16,-1.0,0.26366549272800704,-0.9646141756912435,1.1,1.1
2019-06-17,Sikkim,ER,27.3333303,88.6166475,1.1,2019,6,0,168,0,0,19.2,92,1.1,1.3,0.8,1.3142857142857145,0.2115700942049808,1.2066666666666668,0.0,1.0,1.2246467991473532e-16,-1.0,0.24702218048093552,-0.9690098257244062,1.1,1.8
2019-06-18,Sikkim,ER,27.3333303,88.6166475,1.1,2019,6,1,169,0,0,19.0,90,1.1,1.7,0.5,1.2285714285714289,0.13801311186846876,1.2266666666666668,0.7818314824680298,0.6234898018587336,1.2246467991473532e-16,-1.0,0.23030567023061221,-0.9731183372332619,1.0,1.9
2019-06-19,Sikkim,ER,27.3333303,88.6166475,1.0,2019,6,2,170,0,0,19.5,86,1.1,1.4,1.2,1.1714285714285715,0.13801311186846818,1.22,0.9749279121818236,-0.22252093395631434,1.2246467991473532e-16,-1.0,0.21352091543979612,-0.9769384927771817,1.1,1.9
2019-06-20,Sikkim,ER,27.3333303,88.6166475,1.1,2019,6,3,171,0,0,19.4,88,1.0,1.3,1.3,1.1428571428571428,0.12724180205606714,1.2133333333333334,0.43388373911755823,-0.900968867902419,1.2246467991473532e-16,-1.0,0.19667288979357647,-0.980469160361632,1.1,2.1
2019-06-21,Sikkim,ER,27.3333303,88.6166475,1.1,2019,6,4,172,0,0,20.0,86,1.1,1.4,1.4,1.1,0.05773502691895459,1.2033333333333334,-0.433883739117558,-0.9009688679024191,1.2246467991473532e-16,-1.0,0.1797665857255624,-0.9837092937736097,1.2,2.1329999999999987
2019-06-22,Sikkim,ER,27.3333303,88.6166475,1.2,2019,6,5,173,1,0,19.4,93,1.1,1.2,1.4,1.1,0.05773502691895459,1.1966666666666668,-0.9749279121818236,-0.2225209339563146,1.2246467991473532e-16,-1.0,0.16280701293851715,-0.986657932891657,1.1,2.1329999999999987
2019-06-23,Sikkim,ER,27.3333303,88.6166475,1.1,2019,6,6,174,1,0,20.7,83,1.2,1.1,1.2,1.1,0.05773502691895459,1.1933333333333336,-0.7818314824680299,0.6234898018587334,1.2246467991473532e-16,-1.0,0.1457991969198751,-0.9893142039703663,1.8,2.1
2019-06-24,Sikkim,ER,27.3333303,88.6166475,1.8,2019,6,0,175,0,0,20.4,87,1.1,1.1,1.2,1.2,0.2708012801545308,1.2133333333333334,0.0,1.0,1.2246467991473532e-16,-1.0,0.12874817745258132,-0.99167731989929,1.9,0.9
2019-06-25,Sikkim,ER,27.3333303,88.6166475,1.9,2019,6,1,176,0,0,19.8,96,1.8,1.1,1.0,1.3142857142857145,0.37161167647860277,1.2433333333333332,0.7818314824680298,0.6234898018587336,1.2246467991473532e-16,-1.0,0.11165900712169512,-0.993746580436178,1.9,1.0
2019-06-26,Sikkim,ER,27.3333303,88.6166475,1.9,2019,6,2,177,0,0,18.9,96,1.9,1.0,1.0,1.4428571428571428,0.39940431835899015,1.2733333333333332,0.9749279121818236,-0.22252093395631434,1.2246467991473532e-16,-1.0,0.09453674981719912,-0.9955213724144752,2.1,1.0
2019-06-27,Sikkim,ER,27.3333303,88.6166475,2.1,2019,6,3,178,0,0,19.2,94,1.9,1.1,1.4,1.5857142857142859,0.43369947901195205,1.2966666666666666,0.43388373911755823,-0.900968867902419,1.2246467991473532e-16,-1.0,0.07738647923346301,-0.9970011699250151,2.1329999999999987,0.8
2019-06-28,Sikkim,ER,27.3333303,88.6166475,2.1329999999999987,2019,6,4,179,0,0,19.6,90,2.1,1.1,1.5,1.733285714285714,0.4162798394852982,1.3177666666666668,-0.433883739117558,-0.9009688679024191,1.2246467991473532e-16,-1.0,0.06021327736579302,-0.9981855344718586,2.1329999999999987,0.7
2019-06-29,Sikkim,ER,27.3333303,88.6166475,2.1329999999999987,2019,6,5,180,1,0,20.6,83,2.1329999999999987,1.2,1.4,1.866571428571428,0.36303253166571764,1.3421999999999998,-0.9749279121818236,-0.2225209339563146,1.2246467991473532e-16,-1.0,0.04302223300453059,-0.99907411510223,2.1,0.8
2019-06-30,Sikkim,ER,27.3333303,88.6166475,2.1,2019,6,6,181,1,0,19.9,85,2.1329999999999987,1.1,1.3,2.009428571428571,0.1382966101571338,1.3688666666666667,-0.7818314824680299,0.6234898018587334,1.2246467991473532e-16,-1.0,0.02581844022713308,-0.9996666485105112,0.9,0.6
2019-07-01,Sikkim,ER,27.3333303,88.6166475,0.9,2019,7,0,182,0,0,20.6,82,2.1,1.8,1.3,1.8808571428571423,0.4445996058520642,1.3555333333333333,0.0,1.0,-0.4999999999999997,-0.8660254037844388,0.008606996888688698,-0.9999629591162655,1.0,1.15
2019-07-02,Sikkim,ER,27.3333303,88.6166475,1.0,2019,7,1,183,0,0,19.7,91,0.9,1.9,1.3,1.752285714285714,0.5546532593388763,1.3455333333333332,0.7818314824680298,0.6234898018587336,-0.4999999999999997,-0.8660254037844388,-0.008606996888688009,-0.9999629591162655,1.0,1.35
2019-07-03,Sikkim,ER,27.3333303,88.6166475,1.0,2019,7,2,184,0,0,20.1,92,1.0,1.9,0.9,1.6237142857142854,0.615662438431352,1.3488666666666667,0.9749279121818236,-0.22252093395631434,-0.4999999999999997,-0.8660254037844388,-0.02581844022713239,-0.9996666485105112,0.8,1.5
2019-07-04,Sikkim,ER,27.3333303,88.6166475,0.8,2019,7,3,185,0,0,20.1,92,1.0,2.1,1.1,1.438,0.6434891866483327,1.3388666666666666,0.43388373911755823,-0.900968867902419,-0.4999999999999997,-0.8660254037844388,-0.04302223300453034,-0.99907411510223,0.7,1.35
2019-07-05,Sikkim,ER,27.3333303,88.6166475,0.7,2019,7,4,186,0,0,20.0,91,0.8,2.1329999999999987,1.1,1.233285714285714,0.6127442953047955,1.3255333333333332,-0.433883739117558,-0.9009688679024191,-0.4999999999999997,-0.8660254037844388,-0.060213277365792774,-0.9981855344718586,0.8,1.45
2019-07-06,Sikkim,ER,27.3333303,88.6166475,0.8,2019,7,5,187,1,0,19.4,94,0.7,2.1329999999999987,1.2,1.042857142857143,0.479086432205931,1.3121999999999998,-0.9749279121818236,-0.2225209339563146,-0.4999999999999997,-0.8660254037844388,-0.07738647923346322,-0.9970011699250151,0.6,1.8
2019-07-07,Sikkim,ER,27.3333303,88.6166475,0.6,2019,7,6,188,1,0,18.5,95,0.8,2.1,1.2,0.8285714285714285,0.14960264830861184,1.2922,-0.7818314824680299,0.6234898018587334,-0.4999999999999997,-0.8660254037844388,-0.09453674981719933,-0.9955213724144752,1.15,1.9
2019-07-08,Sikkim,ER,27.3333303,88.6166475,1.15,2019,7,0,189,0,0,17.9,99,0.6,0.9,1.0,0.8642857142857142,0.1930334291305594,1.2972,0.0,1.0,-0.4999999999999997,-0.8660254037844388,-0.11165900712169444,-0.9937465804361781,1.35,1.9
2019-07-09,Sikkim,ER,27.3333303,88.6166475,1.35,2019,7,1,190,0,0,18.0,98,1.15,1.0,0.8,0.9142857142857144,0.26569764412812585,1.3155333333333332,0.7818314824680298,0.6234898018587336,-0.4999999999999997,-0.8660254037844388,-0.12874817745258066,-0.99167731989929,1.5,1.2
2019-07-10,Sikkim,ER,27.3333303,88.6166475,1.5,2019,7,2,191,0,0,18.4,93,1.35,1.0,1.3,0.9857142857142858,0.34726825091740887,1.3221999999999998,0.9749279121818236,-0.22252093395631434,-0.4999999999999997,-0.8660254037844388,-0.14579919691987442,-0.9893142039703664,1.35,0.9
2019-07-11,Sikkim,ER,27.3333303,88.6166475,1.35,2019,7,3,192,0,0,18.3,95,1.5,0.8,1.7,1.0642857142857143,0.3602247975388472,1.310533333333333,0.43388373911755823,-0.900968867902419,-0.4999999999999997,-0.8660254037844388,-0.16280701293851646,-0.9866579328916572,1.45,1.1
2019-07-12,Sikkim,ER,27.3333303,88.6166475,1.45,2019,7,4,193,0,0,18.1,97,1.35,0.7,1.4,1.1714285714285713,0.34503277967117574,1.3122,-0.433883739117558,-0.9009688679024191,-0.4999999999999997,-0.8660254037844388,-0.17976658572556214,-0.9837092937736098,1.8,1.2
2019-07-13,Sikkim,ER,27.3333303,88.6166475,1.8,2019,7,5,194,1,0,18.3,92,1.45,0.8,1.3,1.3142857142857143,0.37161167647860266,1.3288666666666666,-0.9749279121818236,-0.2225209339563146,-0.4999999999999997,-0.8660254037844388,-0.19667288979357622,-0.9804691603616321,1.9,1.0
2019-07-14,Sikkim,ER,27.3333303,88.6166475,1.9,2019,7,6,195,1,0,18.0,93,1.8,0.6,1.4,1.5,0.2645751311064594,1.345533333333333,-0.7818314824680299,0.6234898018587334,-0.4999999999999997,-0.8660254037844388,-0.2135209154397959,-0.9769384927771817,1.9,1.2
2019-07-15,Sikkim,ER,27.3333303,88.6166475,1.9,2019,7,0,196,0,0,18.2,93,1.9,1.15,1.2,1.6071428571428572,0.2507132682112046,1.3688666666666665,0.0,1.0,-0.4999999999999997,-0.8660254037844388,-0.23030567023061196,-0.973118337233262,1.2,1.2
2019-07-16,Sikkim,ER,27.3333303,88.6166475,1.2,2019,7,1,197,0,0,18.6,90,1.9,1.35,1.1,1.5857142857142856,0.2809422919899599,1.3721999999999999,0.7818314824680298,0.6234898018587336,-0.4999999999999997,-0.8660254037844388,-0.24702218048093527,-0.9690098257244063,0.9,1.1
2019-07-17,Sikkim,ER,27.3333303,88.6166475,0.9,2019,7,2,198,0,0,20.0,84,1.2,1.5,1.1,1.5,0.3840572873934306,1.365533333333333,0.9749279121818236,-0.22252093395631434,-0.4999999999999997,-0.8660254037844388,-0.2636654927280072,-0.9646141756912435,1.1,1.5
2019-07-18,Sikkim,ER,27.3333303,88.6166475,1.1,2019,7,3,199,0,0,20.2,85,0.9,1.35,1.1,1.4642857142857142,0.41100921088045145,1.365533333333333,0.43388373911755823,-0.900968867902419,-0.4999999999999997,-0.8660254037844388,-0.2802306751992161,-0.9599326896597445,1.2,1.5
2019-07-19,Sikkim,ER,27.3333303,88.6166475,1.2,2019,7,4,200,0,0,19.5,88,1.1,1.45,1.0,1.4285714285714286,0.4231401884099629,1.3721999999999999,-0.433883739117558,-0.9009688679024191,-0.4999999999999997,-0.8660254037844388,-0.2967128192734901,-0.9549667548552553,1.0,1.0
2019-07-20,Sikkim,ER,27.3333303,88.6166475,1.0,2019,7,5,201,1,0,19.9,87,1.2,1.8,1.1,1.3142857142857143,0.4140393356054119,1.3688666666666667,-0.9749279121818236,-0.2225209339563146,-0.4999999999999997,-0.8660254037844388,-0.3131070409358267,-0.9497178427914317,1.2,1.4
2019-07-21,Sikkim,ER,27.3333303,88.6166475,1.2,2019,7,6,202,1,0,19.7,92,1.0,1.9,1.1,1.2142857142857142,0.3236694374850735,1.3721999999999999,-0.7818314824680299,0.6234898018587334,-0.4999999999999997,-0.8660254037844388,-0.3294084822245302,-0.9441875088341994,1.2,1.6
2019-07-22,Sikkim,ER,27.3333303,88.6166475,1.2,2019,7,0,203,0,0,19.4,93,1.2,1.9,1.2,1.1142857142857143,0.12149857925878604,1.3721999999999999,0.0,1.0,-0.4999999999999997,-0.8660254037844388,-0.3456123126707333,-0.9383773917408642,1.1,1.6
2019-07-23,Sikkim,ER,27.3333303,88.6166475,1.1,2019,7,1,204,0,0,19.2,95,1.2,1.2,1.1,1.1,0.11547005383791949,1.3721999999999999,0.7818314824680298,0.6234898018587336,-0.4999999999999997,-0.8660254037844388,-0.3617137307297674,-0.9322892131745134,1.5,1.1
2019-07-24,Sikkim,ER,27.3333303,88.6166475,1.5,2019,7,2,205,0,0,18.5,97,1.1,0.9,1.8,1.1857142857142857,0.1573591584938857,1.3622,0.9749279121818236,-0.22252093395631434,-0.4999999999999997,-0.8660254037844388,-0.37770796520396466,-0.9259247771938499,1.5,1.2
2019-07-25,Sikkim,ER,27.3333303,88.6166475,1.5,2019,7,3,206,0,0,18.5,91,1.5,1.1,1.9,1.2428571428571427,0.19023794624226664,1.3488666666666667,0.43388373911755823,-0.900968867902419,-0.4999999999999997,-0.8660254037844388,-0.39359027665646645,-0.9192859697186105,1.0,1.2
2019-07-26,Sikkim,ER,27.3333303,88.6166475,1.0,2019,7,4,207,0,0,19.0,90,1.5,1.2,1.9,1.2142857142857142,0.2115700942049797,1.3188666666666669,-0.433883739117558,-0.9009688679024191,-0.4999999999999997,-0.8660254037844388,-0.4093559588156211,-0.9123747579707274,1.4,1.3
2019-07-27,Sikkim,ER,27.3333303,88.6166475,1.4,2019,7,5,208,1,0,18.4,97,1.0,1.0,2.1,1.2714285714285716,0.19760470401186941,1.2955333333333334,-0.9749279121818236,-0.2225209339563146,-0.4999999999999997,-0.8660254037844388,-0.42500033996955394,-0.9051931898913975,1.6,1.3
2019-07-28,Sikkim,ER,27.3333303,88.6166475,1.6,2019,7,6,209,1,0,18.6,93,1.4,1.2,2.1329999999999987,1.3285714285714287,0.22886885410853114,1.2777666666666667,-0.7818314824680299,0.6234898018587334,-0.4999999999999997,-0.8660254037844388,-0.4405187843504952,-0.8977433935342336,1.6,1.3
2019-07-29,Sikkim,ER,27.3333303,88.6166475,1.6,2019,7,0,210,0,0,19.0,93,1.6,1.2,2.1329999999999987,1.3857142857142857,0.24102953780654782,1.26,0.0,1.0,-0.4999999999999997,-0.8660254037844388,-0.455906693508459,-0.8900275764346766,1.1,1.3
2019-07-30,Sikkim,ER,27.3333303,88.6166475,1.1,2019,7,1,211,0,0,19.3,88,1.6,1.1,2.1,1.3857142857142857,0.24102953780654782,1.2266666666666666,0.7818314824680298,0.6234898018587336,-0.4999999999999997,-0.8660254037844388,-0.47115950767386394,-0.8820480249558535,1.2,1.0
2019-07-31,Sikkim,ER,27.3333303,88.6166475,1.2,2019,7,2,212,0,0,19.5,88,1.1,1.5,0.9,1.342857142857143,0.24397501823713286,1.2366666666666668,0.9749279121818236,-0.22252093395631434,-0.4999999999999997,-0.8660254037844388,-0.4862727071086902,-0.8738071036110807,1.2,0.9
2019-08-01,Sikkim,ER,27.3333303,88.6166475,1.2,2019,8,3,213,0,0,19.1,90,1.2,1.5,1.0,1.3,0.23804761428476082,1.2433333333333332,0.43388373911755823,-0.900968867902419,-0.8660254037844385,-0.5000000000000004,-0.5012418134457756,-0.8653072543632061,1.3,1.3
2019-08-02,Sikkim,ER,27.3333303,88.6166475,1.3,2019,8,4,214,0,0,19.1,91,1.2,1.0,1.0,1.342857142857143,0.19880595947760046,1.2533333333333334,-0.433883739117558,-0.9009688679024191,-0.8660254037844385,-0.5000000000000004,-0.5160623910158526,-0.8565509959010037,1.3,1.2
2019-08-03,Sikkim,ER,27.3333303,88.6166475,1.3,2019,8,5,215,1,0,20.1,89,1.3,1.4,0.8,1.3285714285714285,0.19760470401187005,1.27,-0.9749279121818236,-0.2225209339563146,-0.8660254037844385,-0.5000000000000004,-0.5307300481619331,-0.8475409228928312,1.3,1.2
2019-08-04,Sikkim,ER,27.3333303,88.6166475,1.3,2019,8,6,216,1,0,20.6,86,1.3,1.6,0.7,1.2857142857142858,0.1573591584938871,1.29,-0.7818314824680299,0.6234898018587334,-0.8660254037844385,-0.5000000000000004,-0.5452404385406507,-0.8382797052177745,1.3,1.1
2019-08-05,Sikkim,ER,27.3333303,88.6166475,1.3,2019,8,0,217,0,0,21.0,84,1.3,1.6,0.8,1.242857142857143,0.07867957924694,1.3066666666666669,0.0,1.0,-0.8660254037844385,-0.5000000000000004,-0.5595892624101763,-0.828770087174504,1.0,1.3
2019-08-06,Sikkim,ER,27.3333303,88.6166475,1.0,2019,8,1,218,0,0,20.8,82,1.3,1.1,0.6,1.2285714285714284,0.11126972805283408,1.32,0.7818314824680298,0.6234898018587336,-0.8660254037844385,-0.5000000000000004,-0.5737722679043243,-0.8190148866680802,0.9,1.3
2019-08-08,Sikkim,ER,27.3333303,88.6166475,0.9,2019,8,3,220,0,0,17.2,99,1.0,1.2,1.15,1.1857142857142857,0.16761634196950248,1.3116666666666668,0.43388373911755823,-0.900968867902419,-0.8660254037844385,-0.5000000000000004,-0.6016240632249227,-0.7987793728863648,1.3,1.8
2019-08-09,Sikkim,ER,27.3333303,88.6166475,1.3,2019,8,4,221,0,0,18.6,95,0.9,1.2,1.35,1.2,0.17320508075688532,1.31,-0.433883739117558,-0.9009688679024191,-0.8660254037844385,-0.5000000000000004,-0.6152845999633277,-0.7883050558305253,1.2,1.8
2019-08-10,Sikkim,ER,27.3333303,88.6166475,1.2,2019,8,5,222,1,0,20.5,86,1.3,1.3,1.5,1.1857142857142855,0.16761634196950248,1.3,-0.9749279121818236,-0.2225209339563146,-0.8660254037844385,-0.5000000000000004,-0.6287628145958345,-0.7775971469736268,1.2,1.9
2019-08-11,Sikkim,ER,27.3333303,88.6166475,1.2,2019,8,6,223,1,0,20.7,85,1.2,1.3,1.35,1.1714285714285713,0.16035674514745163,1.2950000000000002,-0.7818314824680299,0.6234898018587334,-0.8660254037844385,-0.5000000000000004,-0.6420547132365636,-0.7666588193001592,1.1,1.8
2019-08-12,Sikkim,ER,27.3333303,88.6166475,1.1,2019,8,0,224,0,1,21.7,75,1.2,1.3,1.45,1.1428571428571428,0.15118578920368728,1.2833333333333334,0.0,1.0,-0.8660254037844385,-0.5000000000000004,-0.655156357209085,-0.7554933140726804,1.3,1.8
2019-08-13,Sikkim,ER,27.3333303,88.6166475,1.3,2019,8,1,225,0,0,19.4,90,1.1,1.3,1.8,1.1428571428571428,0.15118578920368728,1.2666666666666666,0.7818314824680298,0.6234898018587336,-0.8660254037844385,-0.5000000000000004,-0.6680638642135333,-0.7441039398713608,1.3,1.7
2019-08-14,Sikkim,ER,27.3333303,88.6166475,1.3,2019,8,2,226,0,0,18.6,95,1.3,1.0,1.9,1.1857142857142857,0.14638501094227693,1.2466666666666666,0.9749279121818236,-0.22252093395631434,-0.8660254037844385,-0.5000000000000004,-0.6807734094770159,-0.7324940716135792,1.8,1.4
2019-08-15,Sikkim,ER,27.3333303,88.6166475,1.8,2019,8,3,227,0,1,19.5,91,1.3,0.9,1.9,1.3142857142857143,0.22677868380553573,1.2433333333333334,0.43388373911755823,-0.900968867902419,-0.8660254037844385,-0.5000000000000004,-0.6932812268869771,-0.7206671495538615,1.8,1.7
2019-08-16,Sikkim,ER,27.3333303,88.6166475,1.8,2019,8,4,228,0,0,19.6,91,1.8,1.3,1.2,1.3857142857142857,0.2911389784311006,1.2633333333333332,-0.433883739117558,-0.9009688679024191,-0.8660254037844385,-0.5000000000000004,-0.7055836101071774,-0.70862667826446,1.9,1.8
2019-08-17,Sikkim,ER,27.3333303,88.6166475,1.9,2019,8,5,229,1,0,20.0,90,1.8,1.2,0.9,1.4857142857142858,0.3338091841585129,1.2966666666666666,-0.9749279121818236,-0.2225209339563146,-0.8660254037844385,-0.5000000000000004,-0.7176769136759615,-0.6963762255968726,1.8,1.8
2019-08-18,Sikkim,ER,27.3333303,88.6166475,1.8,2019,8,6,230,1,0,19.2,94,1.9,1.2,1.1,1.5714285714285714,0.3251373336211741,1.32,-0.7818314824680299,0.6234898018587334,-0.8660254037844385,-0.5000000000000004,-0.7295575540864876,-0.6839194216246105,1.8,1.9
2019-08-19,Sikkim,ER,27.3333303,88.6166475,1.8,2019,8,0,231,0,0,18.9,91,1.8,1.1,1.2,1.6714285714285713,0.2563479777846651,1.3399999999999999,0.0,1.0,-0.8660254037844385,-0.5000000000000004,-0.7412220108485957,-0.6712599575675315,1.7,1.9
2019-08-20,Sikkim,ER,27.3333303,88.6166475,1.7,2019,8,1,232,0,0,19.9,87,1.8,1.3,1.0,1.7285714285714284,0.19760470401187502,1.3633333333333333,0.7818314824680298,0.6234898018587336,-0.8660254037844385,-0.5000000000000004,-0.7526668275320083,-0.6584015846980489,1.4,1.9
2019-08-21,Sikkim,ER,27.3333303,88.6166475,1.4,2019,8,2,233,0,0,19.8,86,1.7,1.3,1.2,1.742857142857143,0.16183471874254288,1.37,0.9749279121818236,-0.22252093395631434,-0.8660254037844385,-0.5000000000000004,-0.7638886127905429,-0.64534811322955,1.7,1.7
2019-08-22,Sikkim,ER,27.3333303,88.6166475,1.7,2019,8,3,234,0,0,20.8,83,1.4,1.8,1.2,1.7285714285714284,0.16035674514745993,1.3866666666666667,0.43388373911755823,-0.900968867902419,-0.8660254037844385,-0.5000000000000004,-0.7748840413670406,-0.6321034111873488,1.8,1.0
2019-08-23,Sikkim,ER,27.3333303,88.6166475,1.8,2019,8,4,235,0,0,20.0,86,1.7,1.8,1.1,1.7285714285714289,0.16035674514745993,1.41,-0.433883739117558,-0.9009688679024191,-0.8660254037844385,-0.5000000000000004,-0.7856498550787144,-0.6186714032625032,1.8,1.1
2019-08-24,Sikkim,ER,27.3333303,88.6166475,1.8,2019,8,5,236,1,1,19.4,89,1.8,1.9,1.5,1.7142857142857142,0.14638501094228556,1.4199999999999997,-0.9749279121818236,-0.2225209339563146,-0.8660254037844385,-0.5000000000000004,-0.7961828637826154,-0.6050560696488494,1.9,1.2
2019-08-25,Sikkim,ER,27.3333303,88.6166475,1.9,2019,8,6,237,1,0,19.2,91,1.8,1.8,1.5,1.7285714285714284,0.16035674514745993,1.4333333333333333,-0.7818314824680299,0.6234898018587334,-0.8660254037844385,-0.5000000000000004,-0.8064799463209447,-0.5912614448635782,1.9,1.1
2019-08-26,Sikkim,ER,27.3333303,88.6166475,1.9,2019,8,0,238,0,0,20.4,82,1.9,1.8,1.0,1.742857142857143,0.17182493859685005,1.4633333333333334,0.0,1.0,-0.8660254037844385,-0.5000000000000004,-0.8165380514459157,-0.5772916165517278,1.9,1.0
2019-08-27,Sikkim,ER,27.3333303,88.6166475,1.9,2019,8,1,239,0,0,20.6,76,1.9,1.7,1.4,1.7714285714285711,0.17994708216849278,1.48,0.7818314824680298,0.6234898018587336,-0.8660254037844385,-0.5000000000000004,-0.8263541987239094,-0.5631507242749187,1.7,1.1
2019-08-28,Sikkim,ER,27.3333303,88.6166475,1.7,2019,8,2,240,0,0,20.5,86,1.9,1.4,1.6,1.8142857142857143,0.08997354108425559,1.4833333333333334,0.9749279121818236,-0.22252093395631434,-0.8660254037844385,-0.5000000000000004,-0.8359254794186365,-0.5488429582847199,1.0,0.8
2019-08-29,Sikkim,ER,27.3333303,88.6166475,1.0,2019,8,3,241,0,0,20.2,86,1.7,1.7,1.6,1.7142857142857142,0.3236694374850772,1.4633333333333336,0.43388373911755823,-0.900968867902419,-0.8660254037844385,-0.5000000000000004,-0.8452490573530634,-0.5343725582809785,1.1,1.4
2019-08-30,Sikkim,ER,27.3333303,88.6166475,1.1,2019,8,4,242,0,0,20.6,82,1.0,1.8,1.1,1.614285714285714,0.39339789623472277,1.4633333333333334,-0.433883739117558,-0.9009688679024191,-0.8660254037844385,-0.5000000000000004,-0.8543221697498269,-0.5197438121555157,1.2,1.4
2019-08-31,Sikkim,ER,27.3333303,88.6166475,1.2,2019,8,5,243,1,0,19.1,95,1.1,1.8,1.2,1.5285714285714285,0.4111540089159043,1.4633333333333334,-0.9749279121818236,-0.2225209339563146,-0.8660254037844385,-0.5000000000000004,-0.8631421280499115,-0.5049610547215202,1.1,1.4
2019-09-01,Sikkim,ER,27.3333303,88.6166475,1.1,2019,9,6,244,1,0,21.3,72,1.2,1.9,1.2,1.4142857142857144,0.40178174601214933,1.4600000000000002,-0.7818314824680299,0.6234898018587334,-1.0,-1.8369701987210297e-16,-0.8717063187093217,-0.4900286664290594,1.0,1.4
2019-09-02,Sikkim,ER,27.3333303,88.6166475,1.0,2019,9,0,245,0,0,20.9,73,1.1,1.9,1.3,1.2857142857142858,0.36253078686998513,1.45,0.0,1.0,-1.0,-1.8369701987210297e-16,-0.8800122039735356,-0.4749510720670502,1.1,1.3
2019-09-03,Sikkim,ER,27.3333303,88.6166475,1.1,2019,9,1,246,0,0,19.6,86,1.0,1.9,1.3,1.1714285714285713,0.2429971585175794,1.4433333333333336,0.7818314824680298,0.6234898018587336,-1.0,-1.8369701987210297e-16,-0.888057322629493,-0.4597327394521046,0.8,1.4
2019-09-04,Sikkim,ER,27.3333303,88.6166475,0.8,2019,9,2,247,0,0,19.3,89,1.1,1.7,1.3,1.042857142857143,0.12724180205606217,1.4266666666666665,0.9749279121818236,-0.22252093395631434,-1.0,-1.8369701987210297e-16,-0.8958392907349089,-0.4443781781046134,1.4,0.7
2019-09-05,Sikkim,ER,27.3333303,88.6166475,1.4,2019,9,3,248,0,0,19.5,88,0.8,1.0,1.3,1.1,0.1825741858350504,1.43,0.43388373911755823,-0.900968867902419,-1.0,-1.8369701987210297e-16,-0.9033558023246842,-0.4288919379124841,1.4,0.5
2019-09-06,Sikkim,ER,27.3333303,88.6166475,1.4,2019,9,4,249,0,0,19.1,93,1.4,1.1,1.0,1.1428571428571428,0.21491969707422023,1.4433333333333331,-0.433883739117558,-0.9009688679024191,-1.0,-1.8369701987210297e-16,-0.9106046300942162,-0.41327860778290443,1.4,1.0
2019-09-08,Sikkim,ER,27.3333303,88.6166475,1.4,2019,9,6,251,1,0,19.5,90,1.4,1.2,0.9,1.1714285714285713,0.23603873774082987,1.4600000000000002,-0.7818314824680299,0.6234898018587334,-1.0,-1.8369701987210297e-16,-0.9242907221930934,-0.3816892202666586,1.4,1.2
2019-09-09,Sikkim,ER,27.3333303,88.6166475,1.4,2019,9,0,252,0,0,19.6,91,1.4,1.1,1.3,1.2142857142857142,0.2478478796128186,1.4633333333333334,0.0,1.0,-1.0,-1.8369701987210297e-16,-0.9307239310379793,-0.3657225234972692,1.3,1.5
2019-09-10,Sikkim,ER,27.3333303,88.6166475,1.3,2019,9,1,253,0,1,19.5,91,1.4,1.0,1.2,1.2571428571428573,0.22990681342044195,1.4666666666666666,0.7818314824680298,0.6234898018587336,-1.0,-1.8369701987210297e-16,-0.9368813462954315,-0.34964745525122826,1.4,1.2
2019-09-11,Sikkim,ER,27.3333303,88.6166475,1.4,2019,9,2,254,0,0,19.4,92,1.3,1.1,1.2,1.3,0.22360679774997738,1.4733333333333332,0.9749279121818236,-0.22252093395631434,-1.0,-1.8369701987210297e-16,-0.9427611433904206,-0.33346877891818705,0.7,1.0
2019-09-12,Sikkim,ER,27.3333303,88.6166475,0.7,2019,9,3,255,0,0,18.4,97,1.4,0.8,1.1,1.2857142857142854,0.2609506430251463,1.46,0.43388373911755823,-0.900968867902419,-1.0,-1.8369701987210297e-16,-0.9483615800121716,-0.31719128858910595,0.5,1.2
2019-09-13,Sikkim,ER,27.3333303,88.6166475,0.5,2019,9,4,256,0,0,18.4,95,0.7,1.4,1.3,1.157142857142857,0.3866830866792703,1.4333333333333333,-0.433883739117558,-0.9009688679024191,-1.0,-1.8369701987210297e-16,-0.9536809966304455,-0.300819807635668,1.0,1.2
2019-09-14,Sikkim,ER,27.3333303,88.6166475,1.0,2019,9,5,257,1,0,18.7,93,0.5,1.4,1.3,1.1,0.3741657386773918,1.4233333333333333,-0.9749279121818236,-0.2225209339563146,-1.0,-1.8369701987210297e-16,-0.9587178169872964,-0.2843591872810036,1.2,1.0
2019-09-15,Sikkim,ER,27.3333303,88.6166475,1.2,2019,9,6,258,1,0,18.6,93,1.0,1.4,1.8,1.0714285714285714,0.3545621041711646,1.4033333333333333,-0.7818314824680299,0.6234898018587334,-1.0,-1.8369701987210297e-16,-0.9634705485641486,-0.26781430516217486,1.5,1.1
2019-09-16,Sikkim,ER,27.3333303,88.6166475,1.5,2019,9,0,259,0,0,18.1,95,1.2,1.4,1.8,1.0857142857142856,0.3716116764786008,1.3933333333333335,0.0,1.0,-1.0,-1.8369701987210297e-16,-0.9679377830240642,-0.25119006388481957,1.2,1.0
2019-09-17,Sikkim,ER,27.3333303,88.6166475,1.2,2019,9,1,260,0,0,17.8,95,1.5,1.3,1.9,1.0714285714285714,0.3638419332360558,1.37,0.7818314824680298,0.6234898018587336,-1.0,-1.8369701987210297e-16,-0.9721181966290612,-0.23449138957041052,1.0,1.2
2019-09-18,Sikkim,ER,27.3333303,88.6166475,1.0,2019,9,2,261,0,0,17.8,94,1.2,1.4,1.8,1.0142857142857142,0.33380918415850874,1.3433333333333333,0.9749279121818236,-0.22252093395631434,-1.0,-1.8369701987210297e-16,-0.9760105506323682,-0.21772323039653224,1.2,1.0
2019-09-19,Sikkim,ER,27.3333303,88.6166475,1.2,2019,9,3,262,0,0,18.8,86,1.0,0.7,1.8,1.0857142857142856,0.3078342163598825,1.3233333333333335,0.43388373911755823,-0.900968867902419,-1.0,-1.8369701987210297e-16,-0.9796136916454901,-0.20089055513063528,1.2,0.8
2019-09-20,Sikkim,ER,27.3333303,88.6166475,1.2,2019,9,4,263,0,0,18.5,87,1.2,0.5,1.7,1.1857142857142855,0.16761634196950145,1.3066666666666664,-0.433883739117558,-0.9009688679024191,-1.0,-1.8369701987210297e-16,-0.9829265519799822,-0.18399835165767986,1.0,0.9
2019-09-21,Sikkim,ER,27.3333303,88.6166475,1.0,2019,9,5,264,1,0,18.2,86,1.2,1.0,1.4,1.1857142857142855,0.16761634196950145,1.2933333333333332,-0.9749279121818236,-0.2225209339563146,-1.0,-1.8369701987210297e-16,-0.9859481499638303,-0.1670516255021195,1.1,0.8
2019-09-22,Sikkim,ER,27.3333303,88.6166475,1.1,2019,9,6,265,1,0,18.3,85,1.0,1.2,1.7,1.1714285714285715,0.17043362064926545,1.2733333333333332,-0.7818314824680299,0.6234898018587334,-1.0,-1.8369701987210297e-16,-0.9886775902323404,-0.15005539834465262,1.0,0.9
2019-09-23,Sikkim,ER,27.3333303,88.6166475,1.0,2019,9,0,266,0,0,17.2,94,1.1,1.5,1.8,1.1,0.09999999999999135,1.2466666666666666,0.0,1.0,-1.0,-1.8369701987210297e-16,-0.9911140639934546,-0.13301470653419636,1.2,0.9
2019-09-24,Sikkim,ER,27.3333303,88.6166475,1.2,2019,9,1,267,0,0,17.0,92,1.0,1.2,1.8,1.1,0.09999999999999135,1.2266666666666668,0.7818314824680298,0.6234898018587336,-1.0,-1.8369701987210297e-16,-0.9932568492674143,-0.11593459959550066,1.0,0.9
2019-09-25,Sikkim,ER,27.3333303,88.6166475,1.0,2019,9,2,268,0,0,16.8,93,1.2,1.0,1.9,1.1,0.09999999999999135,1.1966666666666665,0.9749279121818236,-0.22252093395631434,-1.0,-1.8369701987210297e-16,-0.9951053111006974,-0.09882013873287211,0.8,0.8
2019-09-26,Sikkim,ER,27.3333303,88.6166475,0.8,2019,9,3,269,0,0,17.3,87,1.0,1.2,1.9,1.042857142857143,0.13972762620114706,1.16,0.43388373911755823,-0.900968867902419,-1.0,-1.8369701987210297e-16,-0.99665890175417,-0.08167639533042288,0.9,1.6
2019-09-27,Sikkim,ER,27.3333303,88.6166475,0.9,2019,9,4,270,0,0,17.0,93,0.8,1.2,1.9,1.0,0.12909944487357172,1.1266666666666665,-0.433883739117558,-0.9009688679024191,-1.0,-1.8369701987210297e-16,-0.9979171608653922,-0.06450844944931625,0.8,1.3
2019-09-28,Sikkim,ER,27.3333303,88.6166475,0.8,2019,9,5,271,1,0,15.3,98,0.9,1.0,1.7,0.9714285714285714,0.149602648308611,1.0966666666666667,-0.9749279121818236,-0.2225209339563146,-1.0,-1.8369701987210297e-16,-0.9988797155850335,-0.04732138832243232,0.9,1.4
2019-09-29,Sikkim,ER,27.3333303,88.6166475,0.9,2019,9,6,272,1,0,15.3,94,0.8,1.1,1.0,0.942857142857143,0.13972762620114512,1.0933333333333333,-0.7818314824680299,0.6234898018587334,-1.0,-1.8369701987210297e-16,-0.9995462806873573,-0.03012030484690836,0.9,1.4
2019-09-30,Sikkim,ER,27.3333303,88.6166475,0.9,2019,9,0,273,0,0,15.6,93,0.9,1.0,1.1,0.9285714285714286,0.1380131118684612,1.0866666666666667,0.0,1.0,-1.0,-1.8369701987210297e-16,-0.9999166586547379,-0.012910296075008843,0.9,1.4
2019-10-01,Sikkim,ER,27.3333303,88.6166475,0.9,2019,10,1,274,0,0,16.3,90,0.9,1.2,1.2,0.8857142857142858,0.06900655593421451,1.0766666666666667,0.7818314824680298,0.6234898018587336,-0.8660254037844386,0.5000000000000001,-0.9999907397361901,0.004303538296243821,0.8,1.3
2019-10-02,Sikkim,ER,27.3333303,88.6166475,0.8,2019,10,2,275,0,1,17.1,88,0.9,1.0,1.1,0.8571428571428571,0.05345224838245645,1.0666666666666667,0.9749279121818236,-0.22252093395631434,-0.8660254037844386,0.5000000000000001,-0.9997685019798909,0.021516097436222233,1.6,1.1
2019-10-03,Sikkim,ER,27.3333303,88.6166475,1.6,2019,10,3,276,0,0,17.2,88,0.8,0.8,1.0,0.9714285714285715,0.281154084173815,1.0866666666666667,0.43388373911755823,-0.900968867902419,-0.8660254037844386,0.5000000000000001,-0.9992500112396835,0.03872228089217399,1.3,1.1
2019-10-04,Sikkim,ER,27.3333303,88.6166475,1.3,2019,10,4,277,0,0,17.6,86,1.6,0.9,1.1,1.0285714285714287,0.3039423504234813,1.0933333333333333,-0.433883739117558,-0.9009688679024191,-0.8660254037844386,0.5000000000000001,-0.9984354211555643,0.05591699010060302,1.4,1.2
2019-10-05,Sikkim,ER,27.3333303,88.6166475,1.4,2019,10,5,278,1,0,17.1,92,1.3,0.8,0.8,1.1142857142857143,0.3132015933791468,1.1133333333333333,-0.9749279121818236,-0.2225209339563146,-0.8660254037844386,0.5000000000000001,-0.9973249731081555,0.07309512989807776,1.4,1.1
2019-10-06,Sikkim,ER,27.3333303,88.6166475,1.4,2019,10,6,279,1,0,17.5,84,1.4,0.9,1.4,1.1857142857142857,0.3132015933791475,1.1133333333333333,-0.7818314824680299,0.6234898018587334,-0.8660254037844386,0.5000000000000001,-0.9959189961471792,0.0902516100310407,1.4,0.9
2019-10-08,Sikkim,ER,27.3333303,88.6166475,1.4,2019,10,1,281,0,1,16.5,87,1.4,0.9,1.4,1.2571428571428573,0.2935821455580624,1.1133333333333333,0.7818314824680298,0.6234898018587336,-0.8660254037844386,0.5000000000000001,-0.9922222094179324,0.12447926388678869,1.3,1.1
2019-10-09,Sikkim,ER,27.3333303,88.6166475,1.3,2019,10,2,282,0,0,16.1,85,1.4,0.9,1.4,1.3142857142857143,0.24784787961281995,1.1099999999999999,0.9749279121818236,-0.22252093395631434,-0.8660254037844386,0.5000000000000001,-0.989932495087353,0.141540295217043,1.1,1.1
2019-10-10,Sikkim,ER,27.3333303,88.6166475,1.1,2019,10,3,283,0,0,16.0,85,1.3,0.8,1.4,1.3571428571428572,0.1511857892036899,1.1,0.43388373911755823,-0.900968867902419,-0.8660254037844386,0.5000000000000001,-0.9873494423939864,0.15855938510313475,1.1,1.0
2019-10-11,Sikkim,ER,27.3333303,88.6166475,1.1,2019,10,4,284,0,0,16.3,86,1.1,1.6,1.3,1.2857142857142858,0.13451854182690717,1.0933333333333335,-0.433883739117558,-0.9009688679024191,-0.8660254037844386,0.5000000000000001,-0.9844738167520923,0.17553149042142777,1.2,2.1
2019-10-12,Sikkim,ER,27.3333303,88.6166475,1.2,2019,10,5,285,1,0,16.1,88,1.1,1.3,1.4,1.2714285714285716,0.13801311186846793,1.0866666666666667,-0.9749279121818236,-0.2225209339563146,-0.8660254037844386,0.5000000000000001,-0.9813064702716093,0.19245158197082995,1.1,1.9
2019-10-13,Sikkim,ER,27.3333303,88.6166475,1.1,2019,10,6,286,1,0,16.0,86,1.2,1.4,0.7,1.2285714285714284,0.13801311186846704,1.1,-0.7818314824680299,0.6234898018587334,-0.8660254037844386,0.5000000000000001,-0.9778483415056567,0.20931464596304888,0.9,1.9
2019-10-14,Sikkim,ER,27.3333303,88.6166475,0.9,2019,10,0,287,0,0,15.8,83,1.1,1.4,0.5,1.157142857142857,0.16183471874253297,1.1133333333333333,0.0,1.0,-0.8660254037844386,0.5000000000000001,-0.9741004551724206,0.22611568550828803,1.1,1.9
2019-10-15,Sikkim,ER,27.3333303,88.6166475,1.1,2019,10,1,288,0,0,16.4,72,0.9,1.4,1.0,1.1142857142857143,0.12149857925878435,1.1166666666666667,0.7818314824680298,0.6234898018587336,-0.8660254037844386,0.5000000000000001,-0.970063921851507,0.2428497220959358,1.1,2.0
2019-10-16,Sikkim,ER,27.3333303,88.6166475,1.1,2019,10,2,289,0,0,16.1,70,1.1,1.3,1.2,1.0857142857142856,0.08997354108423371,1.1133333333333333,0.9749279121818236,-0.22252093395631434,-0.8660254037844386,0.5000000000000001,-0.965739937654855,0.25951179706979943,1.0,1.2
2019-10-17,Sikkim,ER,27.3333303,88.6166475,1.0,2019,10,3,290,0,0,16.4,76,1.1,1.1,1.5,1.0714285714285714,0.09511897312112431,1.0966666666666667,0.43388373911755823,-0.900968867902419,-0.8660254037844386,0.5000000000000001,-0.9611297838723007,0.27609697309746883,2.1,1.6
2019-10-18,Sikkim,ER,27.3333303,88.6166475,2.1,2019,10,4,291,0,0,16.2,82,1.0,1.1,1.2,1.2142857142857142,0.40178174601214817,1.1266666666666667,-0.433883739117558,-0.9009688679024191,-0.8660254037844386,0.5000000000000001,-0.9562348265919058,0.2926003356333479,1.9,0.8
2019-10-19,Sikkim,ER,27.3333303,88.6166475,1.9,2019,10,5,292,1,0,15.9,85,2.1,1.2,1.0,1.3142857142857145,0.4775931721614512,1.1566666666666667,-0.9749279121818236,-0.2225209339563146,-0.8660254037844386,0.5000000000000001,-0.9510565162951536,0.30901699437494723,1.9,0.8
2019-10-20,Sikkim,ER,27.3333303,88.6166475,1.9,2019,10,6,293,1,0,15.2,89,1.9,1.1,1.2,1.4285714285714286,0.5122313465427047,1.18,-0.7818314824680299,0.6234898018587334,-0.8660254037844386,0.5000000000000001,-0.9455963874271428,0.3253420847119795,1.9,0.7
2019-10-21,Sikkim,ER,27.3333303,88.6166475,1.9,2019,10,0,294,0,0,14.7,88,1.9,0.9,1.2,1.5714285714285714,0.47858919654294324,1.2033333333333334,0.0,1.0,-0.8660254037844386,0.5000000000000001,-0.9398560579418953,0.341570769167856,2.0,0.5
2019-10-22,Sikkim,ER,27.3333303,88.6166475,2.0,2019,10,1,295,0,0,15.8,82,1.9,1.1,1.0,1.6999999999999997,0.4509249752822912,1.2366666666666668,0.7818314824680298,0.6234898018587336,-0.8660254037844386,0.5000000000000001,-0.9338372288229252,0.35769823883312546,1.2,0.8
2019-10-23,Sikkim,ER,27.3333303,88.6166475,1.2,2019,10,2,296,0,0,14.6,87,2.0,1.1,1.1,1.7142857142857142,0.4298393941484499,1.24,0.9749279121818236,-0.22252093395631434,-0.8660254037844386,0.5000000000000001,-0.9275416835791965,0.3737197147904692,1.6,0.9
2019-10-24,Sikkim,ER,27.3333303,88.6166475,1.6,2019,10,3,297,0,0,14.2,84,1.2,1.0,1.0,1.8,0.3055050463303929,1.2600000000000002,0.43388373911755823,-0.900968867902419,-0.8660254037844386,0.5000000000000001,-0.9209712877166347,0.38963044953078774,0.8,0.6
2019-10-25,Sikkim,ER,27.3333303,88.6166475,0.8,2019,10,4,298,0,0,14.3,88,1.6,2.1,1.2,1.6142857142857143,0.45250624831255737,1.2466666666666666,-0.433883739117558,-0.9009688679024191,-0.8660254037844386,0.5000000000000001,-0.9141279881853337,0.4054257283599973,0.8,0.9
2019-10-26,Sikkim,ER,27.3333303,88.6166475,0.8,2019,10,5,299,1,0,15.1,85,0.8,1.9,1.0,1.457142857142857,0.5223572942509208,1.2399999999999998,-0.9749279121818236,-0.2225209339563146,-0.8660254037844386,0.5000000000000001,-0.9070138128026362,0.42110087079608916,0.7,1.2
2019-10-27,Sikkim,ER,27.3333303,88.6166475,0.7,2019,10,6,300,1,1,14.5,89,0.8,1.9,0.8,1.2857142857142858,0.549025110016446,1.2366666666666668,-0.7818314824680299,0.6234898018587334,-0.8660254037844386,0.5000000000000001,-0.8996308696522434,0.4366512319560638,0.5,1.2
2019-10-28,Sikkim,ER,27.3333303,88.6166475,0.5,2019,10,0,301,0,0,14.7,88,0.7,1.9,0.9,1.0857142857142859,0.5429197958832436,1.2233333333333334,0.0,1.0,-0.8660254037844386,0.5000000000000001,-0.8919813464595487,0.45207220393230374,0.8,1.3
2019-10-29,Sikkim,ER,27.3333303,88.6166475,0.8,2019,10,1,302,0,0,15.7,79,0.5,2.0,0.8,0.9142857142857143,0.3670993118515776,1.2233333333333332,0.7818314824680298,0.6234898018587336,-0.8660254037844386,0.5000000000000001,-0.8840675099433637,0.46735921715800205,0.9,1.2
2019-10-30,Sikkim,ER,27.3333303,88.6166475,0.9,2019,10,2,303,0,0,14.9,81,0.8,1.2,0.9,0.8714285714285716,0.3450327796711725,1.2233333333333334,0.9749279121818236,-0.22252093395631434,-0.8660254037844386,0.5000000000000001,-0.8758917051442433,0.48250774176121763,0.6,1.2
2019-10-31,Sikkim,ER,27.3333303,88.6166475,0.6,2019,10,3,304,0,0,14.4,82,0.9,1.6,0.9,0.7285714285714285,0.13801311186845622,1.2133333333333334,0.43388373911755823,-0.900968867902419,-0.8660254037844386,0.5000000000000001,-0.8674563547295971,0.4975132889071803,0.9,1.1
2019-11-01,Sikkim,ER,27.3333303,88.6166475,0.9,2019,11,4,305,0,0,13.9,82,0.6,0.8,0.9,0.7428571428571429,0.1511857892036778,1.2133333333333336,-0.433883739117558,-0.9009688679024191,-0.5000000000000004,0.8660254037844384,-0.858763958275803,0.5123714121284235,1.2,1.2
2019-11-02,Sikkim,ER,27.3333303,88.6166475,1.2,2019,11,5,306,1,0,15.1,74,0.9,0.8,0.8,0.7999999999999999,0.23094010767584244,1.2266666666666666,-0.9749279121818236,-0.2225209339563146,-0.5000000000000004,0.8660254037844384,-0.8498170915275277,0.5270777086423724,1.2,1.3
2019-11-03,Sikkim,ER,27.3333303,88.6166475,1.2,2019,11,6,307,1,0,15.1,74,1.2,0.7,1.6,0.8714285714285713,0.26903708365381374,1.2133333333333334,-0.7818314824680299,0.6234898018587334,-0.5000000000000004,0.8660254037844384,-0.8406184056344783,0.5416278206559811,1.3,1.5
2019-11-04,Sikkim,ER,27.3333303,88.6166475,1.3,2019,11,0,308,0,0,13.3,84,1.2,0.5,1.3,0.9857142857142858,0.2544836041121357,1.2133333333333334,0.0,1.0,-0.5000000000000004,0.8660254037844384,-0.8311706263658079,0.5560174366570446,1.2,1.4
2019-11-05,Sikkim,ER,27.3333303,88.6166475,1.2,2019,11,1,309,0,0,12.9,89,1.3,0.8,1.4,1.042857142857143,0.2507132682111991,1.2066666666666668,0.7818314824680298,0.6234898018587336,-0.5000000000000004,0.8660254037844384,-0.8214765533024145,0.5702422926917867,1.2,1.3
2019-11-06,Sikkim,ER,27.3333303,88.6166475,1.2,2019,11,2,310,0,0,13.7,86,1.2,0.9,1.4,1.0857142857142856,0.24784787961281712,1.2,0.9749279121818236,-0.22252093395631434,-0.5000000000000004,0.8660254037844384,-0.8115390590073611,0.5842981736283683,1.1,1.4
2019-11-08,Sikkim,ER,27.3333303,88.6166475,1.1,2019,11,4,312,0,0,15.4,81,1.2,0.6,1.4,1.157142857142857,0.12724180205606456,1.19,-0.433883739117558,-0.9009688679024191,-0.5000000000000004,0.8660254037844384,-0.7909456567567774,0.6118864012687242,1.2,1.1
2019-11-09,Sikkim,ER,27.3333303,88.6166475,1.2,2019,11,5,313,1,0,15.0,81,1.1,0.9,1.3,1.2,0.057735026918952145,1.1866666666666668,-0.9749279121818236,-0.2225209339563146,-0.5000000000000004,0.8660254037844384,-0.780295851070776,0.6254105729852457,1.3,1.5
2019-11-10,Sikkim,ER,27.3333303,88.6166475,1.3,2019,11,6,314,1,1,15.4,73,1.2,1.2,1.1,1.2142857142857142,0.06900655593422736,1.1933333333333331,-0.7818314824680299,0.6234898018587334,-0.5000000000000004,0.8660254037844384,-0.7694148268839381,0.6387494220515268,1.5,1.4
2019-11-11,Sikkim,ER,27.3333303,88.6166475,1.5,2019,11,0,315,0,0,14.3,88,1.3,1.2,1.1,1.2571428571428573,0.12724180205606705,1.2066666666666666,0.0,1.0,-0.5000000000000004,0.8660254037844384,-0.7583058084785625,0.6518989958787125,1.4,1.3
2019-11-12,Sikkim,ER,27.3333303,88.6166475,1.4,2019,11,1,316,0,1,14.0,91,1.5,1.3,1.2,1.2714285714285711,0.1380131118684681,1.2133333333333334,0.7818314824680298,0.6234898018587336,-0.5000000000000004,0.8660254037844384,-0.7469720876965551,0.6648553979642866,1.3,1.3
2019-11-13,Sikkim,ER,27.3333303,88.6166475,1.3,2019,11,2,317,0,0,15.1,84,1.4,1.2,1.1,1.2857142857142858,0.13451854182690737,1.22,0.9749279121818236,-0.22252093395631434,-0.5000000000000004,0.8660254037844384,-0.7354170229639858,0.6776147890466887,1.4,1.1
2019-11-14,Sikkim,ER,27.3333303,88.6166475,1.4,2019,11,3,318,0,0,16.1,75,1.3,1.2,0.9,1.3142857142857143,0.13451854182690806,1.2366666666666668,0.43388373911755823,-0.900968867902419,-0.5000000000000004,0.8660254037844384,-0.7236440382959124,0.690173388242972,1.1,1.2
2019-11-15,Sikkim,ER,27.3333303,88.6166475,1.1,2019,11,4,319,0,0,15.8,76,1.4,1.1,1.1,1.3142857142857145,0.13451854182690806,1.2366666666666668,-0.433883739117558,-0.9009688679024191,-0.5000000000000004,0.8660254037844384,-0.711656622281775,0.7025274741691566,1.5,1.1
2019-11-16,Sikkim,ER,27.3333303,88.6166475,1.5,2019,11,5,320,1,0,15.0,85,1.1,1.2,1.1,1.3571428571428572,0.13972762620115367,1.25,-0.9749279121818236,-0.2225209339563146,-0.5000000000000004,0.8660254037844384,-0.6994583270516471,0.7146733860429608,1.4,1.2
2019-11-17,Sikkim,ER,27.3333303,88.6166475,1.4,2019,11,6,321,1,0,14.0,90,1.5,1.3,1.0,1.3714285714285714,0.13801311186847048,1.2633333333333332,-0.7818314824680299,0.6234898018587334,-0.5000000000000004,0.8660254037844384,-0.6870527672236675,0.7266075247685652,1.3,1.3
2019-11-18,Sikkim,ER,27.3333303,88.6166475,1.3,2019,11,0,322,0,0,12.8,95,1.4,1.5,2.1,1.342857142857143,0.1272418020560692,1.2366666666666666,0.0,1.0,-0.5000000000000004,0.8660254037844384,-0.6744436188329457,0.7383263540031063,1.3,1.4
2019-11-19,Sikkim,ER,27.3333303,88.6166475,1.3,2019,11,1,323,0,0,12.2,91,1.3,1.4,1.9,1.3285714285714287,0.1253566341056002,1.2166666666666666,0.7818314824680298,0.6234898018587336,-0.5000000000000004,0.8660254037844384,-0.661634618242279,0.749826401204568,1.1,1.4
2019-11-20,Sikkim,ER,27.3333303,88.6166475,1.1,2019,11,2,324,0,0,11.8,93,1.3,1.3,1.9,1.3,0.15275252316519275,1.1900000000000002,0.9749279121818236,-0.22252093395631434,-0.5000000000000004,0.8660254037844384,-0.6486295610349818,0.7611042586607742,1.2,1.5
2019-11-21,Sikkim,ER,27.3333303,88.6166475,1.2,2019,11,3,325,0,0,11.9,93,1.1,1.4,1.9,1.2714285714285716,0.14960264830861655,1.1666666666666667,0.43388373911755823,-0.900968867902419,-0.5000000000000004,0.8660254037844384,-0.6354323008901775,0.7721565844991641,1.1,1.3
2019-11-22,Sikkim,ER,27.3333303,88.6166475,1.1,2019,11,4,326,0,0,13.0,78,1.2,1.1,2.0,1.2714285714285716,0.14960264830861655,1.1366666666666667,-0.433883739117558,-0.9009688679024191,-0.5000000000000004,0.8660254037844384,-0.622046748440868,0.7829801036770624,1.2,1.3
2019-11-23,Sikkim,ER,27.3333303,88.6166475,1.2,2019,11,5,327,1,0,12.4,85,1.1,1.5,1.2,1.2285714285714284,0.11126972805283265,1.1366666666666667,-0.9749279121818236,-0.2225209339563146,-0.5000000000000004,0.8660254037844384,-0.6084768701151264,0.7935716089521472,1.3,1.2
2019-11-24,Sikkim,ER,27.3333303,88.6166475,1.3,2019,11,6,328,1,0,12.2,93,1.2,1.4,1.6,1.2142857142857142,0.08997354108423744,1.1266666666666665,-0.7818314824680299,0.6234898018587334,-0.5000000000000004,0.8660254037844384,-0.594726686960764,0.8039279618328208,1.4,1.2
2019-11-25,Sikkim,ER,27.3333303,88.6166475,1.4,2019,11,0,329,0,0,12.2,92,1.3,1.3,0.8,1.2285714285714284,0.11126972805283265,1.1466666666666667,0.0,1.0,-0.5000000000000004,0.8660254037844384,-0.5808002734538013,0.8140460935082175,1.4,1.4
2019-11-26,Sikkim,ER,27.3333303,88.6166475,1.4,2019,11,1,330,0,0,12.8,82,1.4,1.3,0.8,1.2428571428571427,0.12724180205606658,1.1666666666666667,0.7818314824680298,0.6234898018587336,-0.5000000000000004,0.8660254037844384,-0.5667017562911184,0.8239230057575536,1.5,1.3
2019-11-27,Sikkim,ER,27.3333303,88.6166475,1.5,2019,11,2,331,0,0,13.5,79,1.4,1.1,0.7,1.3,0.1414213562373075,1.1933333333333331,0.9749279121818236,-0.22252093395631434,-0.5000000000000004,0.8660254037844384,-0.5524353131676203,0.8335557718385695,1.3,1.3
2019-11-28,Sikkim,ER,27.3333303,88.6166475,1.3,2019,11,3,332,0,0,13.6,71,1.5,1.2,0.5,1.3142857142857145,0.1345185418269081,1.22,0.43388373911755823,-0.900968867902419,-0.5000000000000004,0.8660254037844384,-0.5380051715382992,0.8429415373547832,1.3,1.1
2019-11-29,Sikkim,ER,27.3333303,88.6166475,1.3,2019,11,4,333,0,0,12.4,71,1.3,1.1,0.8,1.342857142857143,0.09759000729485191,1.2366666666666668,-0.433883739117558,-0.9009688679024191,-0.5000000000000004,0.8660254037844384,-0.5234156073655503,0.8520775211013093,1.2,0.9
2019-11-30,Sikkim,ER,27.3333303,88.6166475,1.2,2019,11,5,334,1,0,11.5,71,1.3,1.2,0.9,1.342857142857143,0.09759000729485191,1.2466666666666666,-0.9749279121818236,-0.2225209339563146,-0.5000000000000004,0.8660254037844384,-0.5086709438521042,0.8609610158889945,1.2,1.1
2019-12-01,Sikkim,ER,27.3333303,88.6166475,1.2,2019,12,6,335,1,0,11.0,81,1.2,1.3,0.6,1.3285714285714287,0.1112697280528357,1.2666666666666666,-0.7818314824680299,0.6234898018587334,-2.4492935982947064e-16,1.0,-0.49377555015997737,0.8695893893466109,1.4,1.3
2019-12-02,Sikkim,ER,27.3333303,88.6166475,1.4,2019,12,0,336,0,0,9.4,90,1.2,1.4,0.9,1.3285714285714287,0.1112697280528357,1.2833333333333334,0.0,1.0,-2.4492935982947064e-16,1.0,-0.4787338401157883,0.8779600847008883,1.3,1.3
2019-12-03,Sikkim,ER,27.3333303,88.6166475,1.3,2019,12,1,337,0,0,8.6,86,1.4,1.4,1.2,1.3142857142857143,0.10690449676496758,1.2866666666666666,0.7818314824680298,0.6234898018587336,-2.4492935982947064e-16,1.0,-0.4635502709028512,0.8860706215341378,1.3,1.4
2019-12-04,Sikkim,ER,27.3333303,88.6166475,1.3,2019,12,2,338,0,0,8.0,67,1.3,1.5,1.2,1.2857142857142858,0.06900655593423065,1.2899999999999998,0.9749279121818236,-0.22252093395631434,-2.4492935982947064e-16,1.0,-0.4482293417404106,0.893918596519257,1.1,1.3
2019-12-05,Sikkim,ER,27.3333303,88.6166475,1.1,2019,12,3,339,0,0,9.6,49,1.3,1.3,1.3,1.2571428571428573,0.09759000729484892,1.2833333333333334,0.43388373911755823,-0.900968867902419,-2.4492935982947064e-16,1.0,-0.4327755925504317,0.9015016841318838,0.9,1.2
2019-12-06,Sikkim,ER,27.3333303,88.6166475,0.9,2019,12,4,340,0,0,10.0,46,1.1,1.3,1.2,1.2,0.1632993161855414,1.2733333333333332,-0.433883739117558,-0.9009688679024191,-2.4492935982947064e-16,1.0,-0.41719360261231697,0.9088176373395028,1.1,0.9
2019-12-08,Sikkim,ER,27.3333303,88.6166475,1.1,2019,12,6,342,1,0,9.3,49,0.9,1.2,1.2,1.1857142857142857,0.16761634196950112,1.27,-0.7818314824680299,0.6234898018587334,-2.4492935982947064e-16,1.0,-0.38566340624360745,0.9226395488404875,1.3,1.9
2019-12-09,Sikkim,ER,27.3333303,88.6166475,1.3,2019,12,0,343,0,0,8.8,51,1.1,1.2,1.1,1.2,0.17320508075688412,1.2766666666666668,0.0,1.0,-2.4492935982947064e-16,1.0,-0.3697245428906732,0.9291414114031743,1.3,1.9
2019-12-10,Sikkim,ER,27.3333303,88.6166475,1.3,2019,12,1,344,0,0,9.3,64,1.3,1.4,1.2,1.1857142857142857,0.15735915849388435,1.28,0.7818314824680298,0.6234898018587336,-2.4492935982947064e-16,1.0,-0.3536761221763721,0.935367949313148,1.4,1.8
2019-12-11,Sikkim,ER,27.3333303,88.6166475,1.4,2019,12,2,345,0,0,8.1,88,1.3,1.3,1.3,1.2,0.17320508075688407,1.2833333333333334,0.9749279121818236,-0.22252093395631434,-2.4492935982947064e-16,1.0,-0.33752289959411347,0.941317317512847,1.3,1.9
2019-12-12,Sikkim,ER,27.3333303,88.6166475,1.3,2019,12,3,346,0,0,8.2,90,1.4,1.3,1.5,1.2,0.17320508075688407,1.2766666666666668,0.43388373911755823,-0.900968867902419,-2.4492935982947064e-16,1.0,-0.32126966169236515,0.9469877530760751,1.2,2.0
2019-12-13,Sikkim,ER,27.3333303,88.6166475,1.2,2019,12,4,347,0,0,7.8,90,1.3,1.1,1.4,1.2142857142857142,0.16761634196950165,1.27,-0.433883739117558,-0.9009688679024191,-2.4492935982947064e-16,1.0,-0.3049212246562894,0.9523775757303973,0.9,2.0
2019-12-14,Sikkim,ER,27.3333303,88.6166475,0.9,2019,12,5,348,1,0,8.4,83,1.2,0.9,1.3,1.2142857142857142,0.16761634196950165,1.2566666666666666,-0.9749279121818236,-0.2225209339563146,-2.4492935982947064e-16,1.0,-0.2884824328806098,0.9574851883550389,1.9,1.7
2019-12-15,Sikkim,ER,27.3333303,88.6166475,1.9,2019,12,6,349,1,0,9.4,68,0.9,1.1,1.4,1.3285714285714287,0.2984084768360621,1.2733333333333334,-0.7818314824680299,0.6234898018587334,-2.4492935982947064e-16,1.0,-0.27195815753410524,0.9623090774541487,1.9,1.7
2019-12-16,Sikkim,ER,27.3333303,88.6166475,1.9,2019,12,0,350,0,0,9.1,68,1.9,1.3,1.1,1.4142857142857141,0.3670993118515817,1.3,0.0,1.0,-2.4492935982947064e-16,1.0,-0.2553532951161881,0.9668478136052773,1.8,1.8
2019-12-17,Sikkim,ER,27.3333303,88.6166475,1.8,2019,12,1,351,0,0,7.5,74,1.9,1.3,1.5,1.4857142857142855,0.3891382420536075,1.3099999999999998,0.7818314824680298,0.6234898018587336,-2.4492935982947064e-16,1.0,-0.23867276600594997,0.9711000518829505,1.9,1.8
2019-12-18,Sikkim,ER,27.3333303,88.6166475,1.9,2019,12,2,352,0,0,7.8,69,1.8,1.4,1.4,1.5571428571428572,0.4157609203101512,1.3266666666666667,0.9749279121818236,-0.22252093395631434,-2.4492935982947064e-16,1.0,-0.22192151300416674,0.9750645322571945,2.0,1.8
2019-12-19,Sikkim,ER,27.3333303,88.6166475,2.0,2019,12,3,353,0,0,8.2,80,1.9,1.3,1.3,1.657142857142857,0.427617987059881,1.35,0.43388373911755823,-0.900968867902419,-2.4492935982947064e-16,1.0,-0.20510449986861926,0.9787400799669153,2.0,1.8
2019-12-20,Sikkim,ER,27.3333303,88.6166475,2.0,2019,12,4,354,0,0,8.6,76,2.0,1.2,1.3,1.7714285714285716,0.3903600291794165,1.3733333333333333,-0.433883739117558,-0.9009688679024191,-2.4492935982947064e-16,1.0,-0.1882267098432439,0.9821256058680006,1.7,1.7
2019-12-21,Sikkim,ER,27.3333303,88.6166475,1.7,2019,12,5,355,1,0,8.1,87,2.0,0.9,1.1,1.8857142857142857,0.10690449676498538,1.3933333333333333,-0.9749279121818236,-0.2225209339563146,-2.4492935982947064e-16,1.0,-0.1712931441814778,0.9852201067560606,1.7,1.6
2019-12-22,Sikkim,ER,27.3333303,88.6166475,1.7,2019,12,6,356,1,0,7.6,89,1.7,1.9,1.2,1.8571428571428572,0.12724180205608276,1.4100000000000001,-0.7818314824680299,0.6234898018587334,-2.4492935982947064e-16,1.0,-0.154308820664281,0.9880226656636976,1.8,1.0
2019-12-23,Sikkim,ER,27.3333303,88.6166475,1.8,2019,12,0,357,0,0,7.1,91,1.7,1.9,1.1,1.842857142857143,0.1272418020560824,1.4333333333333333,0.0,1.0,-2.4492935982947064e-16,1.0,-0.13727877211326517,0.9905324521322227,1.8,1.1
2019-12-24,Sikkim,ER,27.3333303,88.6166475,1.8,2019,12,1,358,0,0,7.9,86,1.8,1.8,1.2,1.842857142857143,0.1272418020560824,1.4533333333333331,0.7818314824680298,0.6234898018587336,-2.4492935982947064e-16,1.0,-0.12020804489935275,0.9927487224577402,1.8,1.0
2019-12-25,Sikkim,ER,27.3333303,88.6166475,1.8,2019,12,2,359,0,1,7.4,86,1.8,1.9,1.3,1.8285714285714287,0.1253566341056136,1.47,0.9749279121818236,-0.22252093395631434,-2.4492935982947064e-16,1.0,-0.10310169744743544,0.9946708199115211,1.8,1.0
2019-12-26,Sikkim,ER,27.3333303,88.6166475,1.8,2019,12,3,360,0,0,6.0,85,1.8,2.0,1.4,1.8,0.10000000000001395,1.4833333333333334,0.43388373911755823,-0.900968867902419,-2.4492935982947064e-16,1.0,-0.0859647987374467,0.9962981749346077,1.7,0.9
2019-12-27,Sikkim,ER,27.3333303,88.6166475,1.7,2019,12,4,361,0,0,4.5,77,1.8,2.0,1.4,1.7571428571428573,0.053452248382508276,1.4933333333333334,-0.433883739117558,-0.9009688679024191,-2.4492935982947064e-16,1.0,-0.06880242680232064,0.9976303053065857,1.6,1.0
2019-12-28,Sikkim,ER,27.3333303,88.6166475,1.6,2019,12,5,362,1,0,4.2,57,1.7,1.7,1.5,1.742857142857143,0.07867957924695958,1.4966666666666668,-0.9749279121818236,-0.2225209339563146,-2.4492935982947064e-16,1.0,-0.05161966722325418,0.9986668162884759,1.0,0.7
2019-12-29,Sikkim,ER,27.3333303,88.6166475,1.0,2019,12,6,363,1,0,6.0,48,1.6,1.7,1.3,1.6428571428571428,0.2935821455580668,1.4866666666666668,-0.7818314824680299,0.6234898018587334,-2.4492935982947064e-16,1.0,-0.034421611622745804,0.9994074007397048,1.1,1.3
2019-12-30,Sikkim,ER,27.3333303,88.6166475,1.1,2019,12,0,364,0,0,6.3,52,1.0,1.8,1.3,1.542857142857143,0.345722156541652,1.48,0.0,1.0,-2.4492935982947064e-16,1.0,-0.01721335615583528,0.9998518392091162,1.0,1.1
2019-12-31,Sikkim,ER,27.3333303,88.6166475,1.0,2019,12,1,365,0,0,7.7,46,1.1,1.8,1.2,1.4285714285714286,0.37733400639347703,1.4733333333333332,0.7818314824680298,0.6234898018587336,-2.4492935982947064e-16,1.0,6.432490598706546e-16,1.0,1.0,1.4
2020-01-01,Sikkim,ER,27.3333303,88.6166475,1.0,2020,1,2,1,0,0,8.6,45,1.0,1.8,1.2,1.3142857142857143,0.36709931185158073,1.4666666666666666,0.9749279121818236,-0.22252093395631434,0.49999999999999994,0.8660254037844387,0.017213356155834685,0.9998518392091162,0.9,1.4
2020-01-02,Sikkim,ER,27.3333303,88.6166475,0.9,2020,1,3,2,0,0,9.4,56,1.0,1.8,1.4,1.1857142857142857,0.3236694374850724,1.45,0.43388373911755823,-0.900968867902419,0.49999999999999994,0.8660254037844387,0.03442161162274574,0.9994074007397048,1.0,1.4
2020-01-03,Sikkim,ER,27.3333303,88.6166475,1.0,2020,1,4,3,0,0,7.4,77,0.9,1.7,1.3,1.0857142857142859,0.234012616672483,1.4400000000000002,-0.433883739117558,-0.9009688679024191,0.49999999999999994,0.8660254037844387,0.051619667223253764,0.998666816288476,0.7,1.4
2020-01-04,Sikkim,ER,27.3333303,88.6166475,0.7,2020,1,5,4,1,0,6.4,84,1.0,1.6,1.3,0.9571428571428571,0.12724180205605748,1.4200000000000002,-0.9749279121818236,-0.2225209339563146,0.49999999999999994,0.8660254037844387,0.06880242680231986,0.9976303053065857,1.3,1.2
2020-01-05,Sikkim,ER,27.3333303,88.6166475,1.3,2020,1,6,5,1,0,3.6,87,0.7,1.0,1.1,1.0,0.18257418583504728,1.4266666666666667,-0.7818314824680299,0.6234898018587334,0.49999999999999994,0.8660254037844387,0.08596479873744647,0.9962981749346078,1.1,1.0
2020-01-13,Sikkim,ER,27.3333303,88.6166475,1.1,2020,1,0,13,0,0,9.2,59,1.3,1.1,0.9,1.0,0.18257418583504728,1.4333333333333333,0.0,1.0,0.49999999999999994,0.8660254037844387,0.2219215130041655,0.9750645322571948,1.4,1.3
2020-01-14,Sikkim,ER,27.3333303,88.6166475,1.4,2020,1,1,14,0,0,10.3,62,1.1,1.0,1.1,1.0571428571428572,0.23704530408863547,1.4433333333333336,0.7818314824680298,0.6234898018587336,0.49999999999999994,0.8660254037844387,0.2386727660059501,0.9711000518829505,1.4,1.1
2020-01-15,Sikkim,ER,27.3333303,88.6166475,1.4,2020,1,2,15,0,0,9.0,82,1.4,1.0,1.3,1.1142857142857143,0.26726124191242046,1.4466666666666665,0.9749279121818236,-0.22252093395631434,0.49999999999999994,0.8660254037844387,0.255353295116187,0.9668478136052775,1.4,1.2
2020-01-16,Sikkim,ER,27.3333303,88.6166475,1.4,2020,1,3,16,0,0,8.5,88,1.4,0.9,1.3,1.1857142857142855,0.26726124191242145,1.45,0.43388373911755823,-0.900968867902419,0.49999999999999994,0.8660254037844387,0.2719581575341055,0.9623090774541486,1.4,1.1
2020-01-17,Sikkim,ER,27.3333303,88.6166475,1.4,2020,1,4,17,0,0,8.3,89,1.4,1.0,1.4,1.2428571428571427,0.2636736799982289,1.45,-0.433883739117558,-0.9009688679024191,0.49999999999999994,0.8660254037844387,0.288482432880609,0.9574851883550393,1.2,1.0
2020-01-18,Sikkim,ER,27.3333303,88.6166475,1.2,2020,1,5,18,1,0,8.8,83,1.4,0.7,1.3,1.3142857142857143,0.1214985792587888,1.4466666666666665,-0.9749279121818236,-0.2225209339563146,0.49999999999999994,0.8660254037844387,0.30492122465628907,0.9523775757303974,1.0,0.8
2020-01-19,Sikkim,ER,27.3333303,88.6166475,1.0,2020,1,6,19,1,0,7.5,76,1.2,1.3,1.2,1.2714285714285711,0.1704336206492667,1.4400000000000002,-0.7818314824680299,0.6234898018587334,0.49999999999999994,0.8660254037844387,0.3212696616923644,0.9469877530760753,1.3,1.3
2020-01-20,Sikkim,ER,27.3333303,88.6166475,1.3,2020,1,0,20,0,0,6.9,59,1.0,1.1,0.9,1.3,0.15275252316519244,1.4533333333333334,0.0,1.0,0.49999999999999994,0.8660254037844387,0.3375228995941133,0.9413173175128471,1.1,1.0
2020-01-21,Sikkim,ER,27.3333303,88.6166475,1.1,2020,1,1,21,0,0,6.7,67,1.3,1.4,1.9,1.257142857142857,0.1618347187425343,1.4266666666666665,0.7818314824680298,0.6234898018587336,0.49999999999999994,0.8660254037844387,0.3536761221763716,0.9353679493131483,1.2,1.3
2020-01-22,Sikkim,ER,27.3333303,88.6166475,1.2,2020,1,2,22,0,0,7.6,77,1.1,1.4,1.9,1.2285714285714284,0.14960264830861503,1.4033333333333333,0.9749279121818236,-0.22252093395631434,0.49999999999999994,0.8660254037844387,0.3697245428906731,0.9291414114031743,1.1,0.8
2020-01-23,Sikkim,ER,27.3333303,88.6166475,1.1,2020,1,3,23,0,0,4.8,82,1.2,1.4,1.8,1.1857142857142855,0.134518541826904,1.38,0.43388373911755823,-0.900968867902419,0.49999999999999994,0.8660254037844387,0.38566340624360707,0.9226395488404876,1.0,1.2
2020-01-24,Sikkim,ER,27.3333303,88.6166475,1.0,2020,1,4,24,0,0,3.1,81,1.1,1.4,1.9,1.1285714285714286,0.11126972805282821,1.35,-0.433883739117558,-0.9009688679024191,0.49999999999999994,0.8660254037844387,0.401487989205973,0.9158642882672872,0.8,1.1
2020-01-25,Sikkim,ER,27.3333303,88.6166475,0.8,2020,1,5,25,1,0,4.4,56,1.0,1.2,2.0,1.0714285714285714,0.1603567451474468,1.31,-0.9749279121818236,-0.2225209339563146,0.49999999999999994,0.8660254037844387,0.4171936026123168,0.9088176373395029,1.3,1.1
2020-01-26,Sikkim,ER,27.3333303,88.6166475,1.3,2020,1,6,26,1,1,4.5,63,0.8,1.0,2.0,1.1142857142857143,0.17728105208557762,1.2866666666666666,-0.7818314824680299,0.6234898018587334,0.49999999999999994,0.8660254037844387,0.4327755925504312,0.901501684131884,1.0,0.5
2020-01-27,Sikkim,ER,27.3333303,88.6166475,1.0,2020,1,0,27,0,0,6.3,53,1.3,1.3,1.7,1.0714285714285714,0.1603567451474468,1.2633333333333332,0.0,1.0,0.49999999999999994,0.8660254037844387,0.4482293417404106,0.893918596519257,1.3,0.5
2020-01-28,Sikkim,ER,27.3333303,88.6166475,1.3,2020,1,1,28,0,0,6.8,76,1.0,1.1,1.7,1.1,0.18257418583504917,1.25,0.7818314824680298,0.6234898018587336,0.49999999999999994,0.8660254037844387,0.4635502709028509,0.886070621534138,0.8,0.5
2020-01-29,Sikkim,ER,27.3333303,88.6166475,0.8,2020,1,2,29,0,0,7.4,83,1.3,1.2,1.8,1.042857142857143,0.2070196678026996,1.2166666666666666,0.9749279121818236,-0.22252093395631434,0.49999999999999994,0.8660254037844387,0.47873384011578846,0.8779600847008882,1.2,0.6
2020-01-30,Sikkim,ER,27.3333303,88.6166475,1.2,2020,1,3,30,0,0,6.7,84,0.8,1.1,1.8,1.0571428571428572,0.21491969707421782,1.1966666666666668,0.43388373911755823,-0.900968867902419,0.49999999999999994,0.8660254037844387,0.49377555015997715,0.869589389346611,1.1,0.6
2020-01-31,Sikkim,ER,27.3333303,88.6166475,1.1,2020,1,4,31,0,0,7.0,81,1.2,1.0,1.8,1.0714285714285714,0.21380899352993363,1.1733333333333331,-0.433883739117558,-0.9009688679024191,0.49999999999999994,0.8660254037844387,0.5086709438521044,0.8609610158889943,1.1,0.7
2020-02-01,Sikkim,ER,27.3333303,88.6166475,1.1,2020,2,5,32,1,0,6.1,88,1.1,0.8,1.8,1.1142857142857143,0.17728105208557765,1.15,-0.9749279121818236,-0.2225209339563146,0.8660254037844386,0.5000000000000001,0.5234156073655503,0.8520775211013093,0.5,0.5
2020-02-02,Sikkim,ER,27.3333303,88.6166475,0.5,2020,2,6,33,1,0,4.6,86,1.1,1.3,1.7,1.0,0.27080128015452626,1.1099999999999999,-0.7818314824680299,0.6234898018587334,0.8660254037844386,0.5000000000000001,0.5380051715382996,0.8429415373547828,0.5,1.3
2020-02-03,Sikkim,ER,27.3333303,88.6166475,0.5,2020,2,0,34,0,0,6.7,78,0.5,1.0,1.6,0.9285714285714286,0.3302235894778193,1.0733333333333335,0.0,1.0,0.8660254037844386,0.5000000000000001,0.5524353131676196,0.8335557718385699,0.5,1.4
2020-02-04,Sikkim,ER,27.3333303,88.6166475,0.5,2020,2,1,35,0,0,8.1,70,0.5,1.3,1.0,0.8142857142857142,0.31847852585153485,1.0566666666666669,0.7818314824680298,0.6234898018587336,0.8660254037844386,0.5000000000000001,0.5667017562911176,0.8239230057575542,0.6,1.4
2020-02-05,Sikkim,ER,27.3333303,88.6166475,0.6,2020,2,2,36,0,0,5.4,78,0.5,0.8,1.1,0.7857142857142857,0.3287784027201805,1.04,0.9749279121818236,-0.22252093395631434,0.8660254037844386,0.5000000000000001,0.5808002734538009,0.8140460935082178,0.6,1.4
2020-02-13,Sikkim,ER,27.3333303,88.6166475,0.6,2020,2,3,44,0,0,9.3,66,0.6,1.2,1.0,0.7000000000000001,0.27688746209725906,1.0266666666666666,0.43388373911755823,-0.900968867902419,0.8660254037844386,0.5000000000000001,0.6870527672236669,0.7266075247685656,0.7,1.4
2020-02-14,Sikkim,ER,27.3333303,88.6166475,0.7,2020,2,4,45,0,0,8.6,79,0.6,1.1,1.0,0.6428571428571429,0.21491969707420983,1.0166666666666666,-0.433883739117558,-0.9009688679024191,0.8660254037844386,0.5000000000000001,0.699458327051647,0.7146733860429609,0.5,1.4
2020-02-15,Sikkim,ER,27.3333303,88.6166475,0.5,2020,2,5,46,1,0,9.3,86,0.7,1.1,0.9,0.5571428571428572,0.07867957924690112,1.0033333333333334,-0.9749279121818236,-0.2225209339563146,0.8660254037844386,0.5000000000000001,0.7116566222817746,0.7025274741691571,1.3,1.4
2020-02-16,Sikkim,ER,27.3333303,88.6166475,1.3,2020,2,6,47,1,0,11.0,82,0.5,0.5,1.0,0.6714285714285715,0.2870208222079829,1.0133333333333334,-0.7818314824680299,0.6234898018587334,0.8660254037844386,0.5000000000000001,0.7236440382959124,0.6901733882429719,1.4,1.2
2020-02-17,Sikkim,ER,27.3333303,88.6166475,1.4,2020,2,0,48,0,0,9.9,90,1.3,0.5,0.7,0.7999999999999999,0.38297084310252894,1.0366666666666666,0.0,1.0,0.8660254037844386,0.5000000000000001,0.7354170229639855,0.6776147890466889,1.4,1.1
2020-02-18,Sikkim,ER,27.3333303,88.6166475,1.4,2020,2,1,49,0,0,10.6,83,1.4,0.5,1.3,0.9285714285714286,0.4151878519188015,1.04,0.7818314824680298,0.6234898018587336,0.8660254037844386,0.5000000000000001,0.7469720876965552,0.6648553979642865,1.4,1.1
2020-02-19,Sikkim,ER,27.3333303,88.6166475,1.4,2020,2,2,50,0,0,10.0,90,1.4,0.6,1.1,1.042857142857143,0.4197504927816921,1.05,0.9749279121818236,-0.22252093395631434,0.8660254037844386,0.5000000000000001,0.7583058084785624,0.6518989958787126,1.4,1.4
2020-02-20,Sikkim,ER,27.3333303,88.6166475,1.4,2020,2,3,51,0,0,10.6,88,1.4,0.6,1.4,1.157142857142857,0.3866830866792697,1.05,0.43388373911755823,-0.900968867902419,0.8660254037844386,0.5000000000000001,0.7694148268839378,0.6387494220515272,1.4,1.3
2020-02-21,Sikkim,ER,27.3333303,88.6166475,1.4,2020,2,4,52,0,0,11.4,82,1.4,0.7,1.4,1.2571428571428573,0.3359421718944225,1.05,-0.433883739117558,-0.9009688679024191,0.8660254037844386,0.5000000000000001,0.7802958510707755,0.6254105729852463,1.4,1.3
2020-02-22,Sikkim,ER,27.3333303,88.6166475,1.4,2020,2,5,53,1,0,10.8,82,1.4,0.5,1.4,1.3857142857142857,0.037796447300920945,1.05,-0.9749279121818236,-0.2225209339563146,0.8660254037844386,0.5000000000000001,0.7909456567567772,0.6118864012687243,1.2,0.9
2020-02-23,Sikkim,ER,27.3333303,88.6166475,1.2,2020,2,6,54,1,0,10.7,75,1.4,1.3,1.4,1.3714285714285714,0.07559289460184544,1.0433333333333334,-0.7818314824680299,0.6234898018587334,0.8660254037844386,0.5000000000000001,0.8013610881746766,0.5981809144059165,1.1,2.0
2020-02-24,Sikkim,ER,27.3333303,88.6166475,1.1,2020,2,0,55,0,0,10.0,73,1.2,1.4,1.2,1.3285714285714285,0.12535663410560172,1.04,0.0,1.0,0.8660254037844386,0.5000000000000001,0.8115390590073611,0.5842981736283684,1.1,2.1
2020-02-25,Sikkim,ER,27.3333303,88.6166475,1.1,2020,2,1,56,0,0,9.0,80,1.1,1.4,1.0,1.2857142857142858,0.14638501094227993,1.0433333333333332,0.7818314824680298,0.6234898018587336,0.8660254037844386,0.5000000000000001,0.8214765533024142,0.5702422926917871,1.4,2.1
2020-02-26,Sikkim,ER,27.3333303,88.6166475,1.4,2020,2,2,57,0,0,6.1,95,1.1,1.4,1.3,1.2857142857142858,0.14638501094227993,1.0466666666666666,0.9749279121818236,-0.22252093395631434,0.8660254037844386,0.5000000000000001,0.8311706263658079,0.5560174366570446,1.3,2.0
2020-02-27,Sikkim,ER,27.3333303,88.6166475,1.3,2020,2,3,58,0,0,8.8,69,1.4,1.4,1.1,1.2714285714285716,0.13801311186847082,1.0533333333333335,0.43388373911755823,-0.900968867902419,0.8660254037844386,0.5000000000000001,0.8406184056344782,0.5416278206559814,1.3,2.0
2020-02-28,Sikkim,ER,27.3333303,88.6166475,1.3,2020,2,4,59,0,0,9.7,61,1.3,1.4,1.2,1.2571428571428573,0.12724180205607039,1.0566666666666666,-0.433883739117558,-0.9009688679024191,0.8660254037844386,0.5000000000000001,0.8498170915275278,0.5270777086423722,0.9,2.0
2020-02-29,Sikkim,ER,27.3333303,88.6166475,0.9,2020,2,5,60,1,0,11.2,61,1.3,1.4,1.1,1.1857142857142857,0.16761634196950528,1.05,-0.9749279121818236,-0.2225209339563146,0.8660254037844386,0.5000000000000001,0.8587639582758029,0.5123714121284237,2.0,1.7
2020-03-01,Sikkim,ER,27.3333303,88.6166475,2.0,2020,3,6,61,1,0,10.9,72,0.9,1.2,1.0,1.3000000000000003,0.3511884584284246,1.0833333333333333,-0.7818314824680299,0.6234898018587334,1.0,6.123233995736766e-17,0.8674563547295969,0.49751328890718066,2.1,1.2
2020-03-02,Sikkim,ER,27.3333303,88.6166475,2.1,2020,3,0,62,0,0,10.1,85,2.0,1.1,0.8,1.4428571428571428,0.44668088108157195,1.1266666666666665,0.0,1.0,1.0,6.123233995736766e-17,0.8758917051442429,0.48250774176121847,2.1,1.0
2020-03-03,Sikkim,ER,27.3333303,88.6166475,2.1,2020,3,1,63,0,0,10.1,85,2.1,1.1,1.3,1.5857142857142856,0.4775931721614516,1.1533333333333333,0.7818314824680298,0.6234898018587336,1.0,6.123233995736766e-17,0.8840675099433636,0.4673592171580022,2.0,0.8
2020-03-04,Sikkim,ER,27.3333303,88.6166475,2.0,2020,3,2,64,0,0,10.2,82,2.1,1.4,1.0,1.6714285714285713,0.4923220007078214,1.1866666666666668,0.9749279121818236,-0.22252093395631434,1.0,6.123233995736766e-17,0.8919813464595485,0.45207220393230435,2.0,1.0
2020-03-05,Sikkim,ER,27.3333303,88.6166475,2.0,2020,3,3,65,0,0,10.9,77,2.0,1.3,1.3,1.7714285714285716,0.4750939756661679,1.21,0.43388373911755823,-0.900968867902419,1.0,6.123233995736766e-17,0.8996308696522433,0.43665123195606403,2.0,1.3
2020-03-13,Sikkim,ER,27.3333303,88.6166475,2.0,2020,3,4,73,0,0,13.7,73,2.0,1.3,0.8,1.8714285714285714,0.4309458036856667,1.25,-0.433883739117558,-0.9009688679024191,1.0,6.123233995736766e-17,0.9510565162951535,0.30901699437494745,1.7,1.1
2020-03-14,Sikkim,ER,27.3333303,88.6166475,1.7,2020,3,5,74,1,0,11.1,86,2.0,0.9,1.2,1.9857142857142855,0.13451854182690756,1.2666666666666666,-0.9749279121818236,-0.2225209339563146,1.0,6.123233995736766e-17,0.9562348265919056,0.29260033563334836,1.2,1.2
2020-03-15,Sikkim,ER,27.3333303,88.6166475,1.2,2020,3,6,75,1,0,11.4,70,1.7,2.0,1.1,1.8714285714285714,0.3251373336211718,1.27,-0.7818314824680299,0.6234898018587334,1.0,6.123233995736766e-17,0.9611297838723007,0.27609697309746883,1.0,1.0
2020-03-16,Sikkim,ER,27.3333303,88.6166475,1.0,2020,3,0,76,0,0,12.3,55,1.2,2.1,1.1,1.7142857142857142,0.4413183712037198,1.2666666666666666,0.0,1.0,1.0,6.123233995736766e-17,0.9657399376548549,0.2595117970697999,0.8,1.3
2020-03-17,Sikkim,ER,27.3333303,88.6166475,0.8,2020,3,1,77,0,0,11.4,67,1.0,2.1,0.5,1.5285714285714285,0.518698003705064,1.2766666666666668,0.7818314824680298,0.6234898018587336,1.0,6.123233995736766e-17,0.9700639218515071,0.2428497220959356,1.0,1.4
2020-03-18,Sikkim,ER,27.3333303,88.6166475,1.0,2020,3,2,78,0,0,11.3,86,0.8,2.0,0.5,1.3857142857142857,0.504739442447194,1.2933333333333334,0.9749279121818236,-0.22252093395631434,1.0,6.123233995736766e-17,0.9741004551724205,0.22611568550828828,1.3,1.2
2020-03-19,Sikkim,ER,27.3333303,88.6166475,1.3,2020,3,3,79,0,0,11.0,85,1.0,2.0,0.5,1.2857142857142858,0.42594432902501594,1.32,0.43388373911755823,-0.900968867902419,1.0,6.123233995736766e-17,0.9778483415056568,0.20931464596304847,1.1,1.0
2020-03-20,Sikkim,ER,27.3333303,88.6166475,1.1,2020,3,4,80,0,0,10.8,82,1.3,2.0,0.6,1.157142857142857,0.28784916685156925,1.3366666666666667,-0.433883739117558,-0.9009688679024191,1.0,6.123233995736766e-17,0.9813064702716093,0.19245158197082998,1.2,1.1
2020-03-21,Sikkim,ER,27.3333303,88.6166475,1.2,2020,3,5,81,1,0,11.4,79,1.1,1.7,0.6,1.0857142857142856,0.16761634196950442,1.3566666666666665,-0.9749279121818236,-0.2225209339563146,1.0,6.123233995736766e-17,0.9844738167520922,0.1755314904214282,1.0,1.2
2020-03-22,Sikkim,ER,27.3333303,88.6166475,1.0,2020,3,6,82,1,0,11.2,80,1.2,1.2,0.7,1.0571428571428572,0.16183471874253674,1.3666666666666667,-0.7818314824680299,0.6234898018587334,1.0,6.123233995736766e-17,0.9873494423939864,0.15855938510313475,1.3,1.0
2020-03-23,Sikkim,ER,27.3333303,88.6166475,1.3,2020,3,0,83,0,0,11.2,82,1.0,1.0,0.5,1.1,0.18257418583505464,1.3933333333333335,0.0,1.0,1.0,6.123233995736766e-17,0.989932495087353,0.141540295217043,1.4,1.2
2020-03-24,Sikkim,ER,27.3333303,88.6166475,1.4,2020,3,1,84,0,0,12.3,69,1.3,0.8,1.3,1.1857142857142857,0.15735915849388749,1.3966666666666667,0.7818314824680298,0.6234898018587336,1.0,6.123233995736766e-17,0.9922222094179323,0.12447926388678915,1.2,1.3
2020-03-25,Sikkim,ER,27.3333303,88.6166475,1.2,2020,3,2,85,0,0,12.4,83,1.4,1.0,1.4,1.2142857142857142,0.1345185418269084,1.3900000000000001,0.9749279121818236,-0.22252093395631434,1.0,6.123233995736766e-17,0.994217906893952,0.10738134666416309,1.0,1.1
2020-03-26,Sikkim,ER,27.3333303,88.6166475,1.0,2020,3,3,86,0,0,14.5,77,1.2,1.3,1.4,1.1714285714285713,0.149602648308618,1.3766666666666667,0.43388373911755823,-0.900968867902419,1.0,6.123233995736766e-17,0.995918996147179,0.09025161003104117,1.1,1.3
2020-03-27,Sikkim,ER,27.3333303,88.6166475,1.1,2020,3,4,87,0,0,14.9,87,1.0,1.1,1.4,1.1714285714285715,0.149602648308618,1.3666666666666667,-0.433883739117558,-0.9009688679024191,1.0,6.123233995736766e-17,0.9973249731081555,0.07309512989807777,1.2,1.3
2020-03-28,Sikkim,ER,27.3333303,88.6166475,1.2,2020,3,5,88,1,0,15.6,85,1.1,1.2,1.4,1.1714285714285713,0.149602648308618,1.3599999999999999,-0.9749279121818236,-0.2225209339563146,1.0,6.123233995736766e-17,0.9984354211555643,0.055916990100603484,1.0,1.0
2020-03-29,Sikkim,ER,27.3333303,88.6166475,1.0,2020,3,6,89,1,0,15.6,69,1.2,1.0,1.4,1.1714285714285713,0.149602648308618,1.3466666666666667,-0.7818314824680299,0.6234898018587334,1.0,6.123233995736766e-17,0.9992500112396835,0.03872228089217446,1.2,1.6
2020-03-30,Sikkim,ER,27.3333303,88.6166475,1.2,2020,3,0,90,0,0,15.6,75,1.0,1.3,1.4,1.157142857142857,0.1397276262011532,1.34,0.0,1.0,1.0,6.123233995736766e-17,0.9997685019798909,0.021516097436222254,1.3,1.5
2020-03-31,Sikkim,ER,27.3333303,88.6166475,1.3,2020,3,1,91,0,0,14.5,84,1.2,1.4,1.2,1.1428571428571428,0.11338934190276684,1.3433333333333333,0.7818314824680298,0.6234898018587336,1.0,6.123233995736766e-17,0.9999907397361901,0.004303538296244289,1.1,1.6
2020-04-01,Sikkim,ER,27.3333303,88.6166475,1.1,2020,4,2,92,0,0,13.1,88,1.3,1.2,1.1,1.1285714285714286,0.1112697280528361,1.3433333333333335,0.9749279121818236,-0.22252093395631434,0.8660254037844387,-0.4999999999999998,0.9999166586547379,-0.01291029607500882,1.3,1.4
2020-04-02,Sikkim,ER,27.3333303,88.6166475,1.3,2020,4,3,93,0,1,13.5,81,1.1,1.0,1.1,1.1714285714285713,0.11126972805283579,1.35,0.43388373911755823,-0.900968867902419,0.8660254037844387,-0.4999999999999998,0.9995462806873573,-0.030120304846908114,1.3,1.4
2020-04-03,Sikkim,ER,27.3333303,88.6166475,1.3,2020,4,4,94,0,0,14.6,65,1.3,1.1,1.4,1.2,0.11547005383792344,1.346666666666667,-0.433883739117558,-0.9009688679024191,0.8660254037844387,-0.4999999999999998,0.9988797155850336,-0.04732138832243185,1.0,1.4
2020-04-04,Sikkim,ER,27.3333303,88.6166475,1.0,2020,4,5,95,1,0,13.8,70,1.3,1.2,1.3,1.1714285714285713,0.13801311186846962,1.3366666666666667,-0.9749279121818236,-0.2225209339563146,0.8660254037844387,-0.4999999999999998,0.9979171608653922,-0.06450844944931623,1.6,1.2
2020-04-05,Sikkim,ER,27.3333303,88.6166475,1.6,2020,4,6,96,1,0,13.4,73,1.0,1.0,1.3,1.2571428571428573,0.19023794624226706,1.3466666666666667,-0.7818314824680299,0.6234898018587334,0.8660254037844387,-0.4999999999999998,0.9966589017541702,-0.08167639533042241,1.5,1.4
2020-04-13,Sikkim,ER,27.3333303,88.6166475,1.5,2020,4,0,104,0,0,14.3,78,1.6,1.2,0.9,1.3,0.20816659994661185,1.3666666666666667,0.0,1.0,0.8660254037844387,-0.4999999999999998,0.9760105506323683,-0.21772323039653177,1.6,1.4
2020-04-14,Sikkim,ER,27.3333303,88.6166475,1.6,2020,4,1,105,0,1,16.3,72,1.5,1.3,2.0,1.342857142857143,0.23704530408863939,1.3533333333333333,0.7818314824680298,0.6234898018587336,0.8660254037844387,-0.4999999999999998,0.9721181966290613,-0.23449138957040985,1.4,1.5
2020-04-15,Sikkim,ER,27.3333303,88.6166475,1.4,2020,4,2,106,0,0,14.9,72,1.6,1.1,2.1,1.385714285714286,0.21157009420497971,1.3299999999999998,0.9749279121818236,-0.22252093395631434,0.8660254037844387,-0.4999999999999998,0.9679377830240642,-0.25119006388481935,1.4,1.4
2020-04-16,Sikkim,ER,27.3333303,88.6166475,1.4,2020,4,3,107,0,0,14.1,77,1.4,1.3,2.1,1.4000000000000001,0.20816659994661135,1.3066666666666669,0.43388373911755823,-0.900968867902419,0.8660254037844387,-0.4999999999999998,0.9634705485641488,-0.2678143051621742,1.4,1.3
2020-04-17,Sikkim,ER,27.3333303,88.6166475,1.4,2020,4,4,108,0,0,15.3,77,1.4,1.3,2.0,1.4142857142857141,0.20354009783964094,1.2866666666666666,-0.433883739117558,-0.9009688679024191,0.8660254037844387,-0.4999999999999998,0.9587178169872964,-0.2843591872810034,1.2,1.3
2020-04-18,Sikkim,ER,27.3333303,88.6166475,1.2,2020,4,5,109,1,0,14.5,90,1.4,1.0,2.0,1.4428571428571428,0.13972762620115128,1.26,-0.9749279121818236,-0.2225209339563146,0.8660254037844387,-0.4999999999999998,0.9536809966304457,-0.30081980763566735,1.4,1.1
2020-04-19,Sikkim,ER,27.3333303,88.6166475,1.4,2020,4,6,110,1,0,15.0,83,1.2,1.6,2.0,1.4142857142857141,0.12149857925878783,1.24,-0.7818314824680299,0.6234898018587334,0.8660254037844387,-0.4999999999999998,0.9483615800121715,-0.3171912885891061,1.4,1.2
2020-04-20,Sikkim,ER,27.3333303,88.6166475,1.4,2020,4,0,111,0,0,15.4,78,1.4,1.5,1.7,1.4,0.11547005383792175,1.23,0.0,1.0,0.8660254037844387,-0.4999999999999998,0.9427611433904207,-0.3334687789181868,1.5,1.1
2020-04-21,Sikkim,ER,27.3333303,88.6166475,1.5,2020,4,1,112,0,0,13.6,87,1.4,1.6,1.2,1.3857142857142857,0.08997354108423943,1.24,0.7818314824680298,0.6234898018587336,0.8660254037844387,-0.4999999999999998,0.9368813462954315,-0.3496474552512284,1.4,1.1
2020-04-22,Sikkim,ER,27.3333303,88.6166475,1.4,2020,4,2,113,0,0,12.4,84,1.5,1.4,1.0,1.3857142857142857,0.08997354108423943,1.2533333333333334,0.9749279121818236,-0.22252093395631434,0.8660254037844387,-0.4999999999999998,0.9307239310379795,-0.36572252349726897,1.3,1.2
2020-04-23,Sikkim,ER,27.3333303,88.6166475,1.3,2020,4,3,114,0,0,13.4,82,1.4,1.4,0.8,1.3714285714285717,0.09511897312113024,1.2699999999999998,0.43388373911755823,-0.900968867902419,0.8660254037844387,-0.4999999999999998,0.9242907221930933,-0.3816892202666588,1.3,1.2
2020-04-24,Sikkim,ER,27.3333303,88.6166475,1.3,2020,4,4,115,0,0,12.7,88,1.3,1.4,1.0,1.3571428571428572,0.0975900072948496,1.28,-0.433883739117558,-0.9009688679024191,0.8660254037844387,-0.4999999999999998,0.9175836260593937,-0.39754281428255595,1.1,1.2
2020-04-25,Sikkim,ER,27.3333303,88.6166475,1.1,2020,4,5,116,1,0,13.7,82,1.3,1.2,1.3,1.3428571428571427,0.12724180205606758,1.2733333333333334,-0.9749279121818236,-0.2225209339563146,0.8660254037844387,-0.4999999999999998,0.9106046300942162,-0.4132786077829042,1.2,1.0
2020-04-26,Sikkim,ER,27.3333303,88.6166475,1.2,2020,4,6,117,1,0,14.1,84,1.1,1.4,1.1,1.3142857142857143,0.13451854182690745,1.2766666666666666,-0.7818314824680299,0.6234898018587334,0.8660254037844387,-0.4999999999999998,0.9033558023246845,-0.4288919379124835,1.1,1.0
2020-04-27,Sikkim,ER,27.3333303,88.6166475,1.1,2020,4,0,118,0,0,15.0,76,1.2,1.4,1.2,1.2714285714285716,0.14960264830861728,1.2733333333333334,0.0,1.0,0.8660254037844387,-0.4999999999999998,0.895839290734909,-0.4443781781046132,1.1,1.3
2020-04-28,Sikkim,ER,27.3333303,88.6166475,1.1,2020,4,1,119,0,0,13.9,83,1.1,1.5,1.0,1.2142857142857142,0.12149857925878943,1.2766666666666668,0.7818314824680298,0.6234898018587336,0.8660254037844387,-0.4999999999999998,0.8880573226294932,-0.45973273945210397,1.2,1.4
2020-04-29,Sikkim,ER,27.3333303,88.6166475,1.2,2020,4,2,120,0,0,14.9,78,1.1,1.4,1.3,1.1857142857142857,0.08997354108424177,1.2733333333333332,0.9749279121818236,-0.22252093395631434,0.8660254037844387,-0.4999999999999998,0.8800122039735357,-0.47495107206704995,1.2,1.3
2020-04-30,Sikkim,ER,27.3333303,88.6166475,1.2,2020,4,3,121,0,0,15.1,83,1.2,1.3,1.4,1.1714285714285713,0.0755928946018433,1.2666666666666666,0.43388373911755823,-0.900968867902419,0.8660254037844387,-0.4999999999999998,0.8717063187093218,-0.4900286664290592,1.2,1.2
2020-05-01,Sikkim,ER,27.3333303,88.6166475,1.2,2020,5,4,122,0,0,14.8,88,1.2,1.3,1.2,1.157142857142857,0.053452248382482026,1.2666666666666666,-0.433883739117558,-0.9009688679024191,0.49999999999999994,-0.8660254037844387,0.8631421280499114,-0.5049610547215204,1.0,1.3
2020-05-02,Sikkim,ER,27.3333303,88.6166475,1.0,2020,5,5,123,1,0,15.5,77,1.2,1.1,1.0,1.1428571428571428,0.07867957924694256,1.2666666666666666,-0.9749279121818236,-0.2225209339563146,0.49999999999999994,-0.8660254037844387,0.854322169749827,-0.5197438121555155,1.0,1.4
2020-05-03,Sikkim,ER,27.3333303,88.6166475,1.0,2020,5,6,124,1,0,16.9,77,1.0,1.2,1.1,1.1142857142857143,0.08997354108424249,1.2633333333333334,-0.7818314824680299,0.6234898018587334,0.49999999999999994,-0.8660254037844387,0.8452490573530633,-0.5343725582809786,1.3,2.0
2020-05-04,Sikkim,ER,27.3333303,88.6166475,1.3,2020,5,0,125,0,0,15.7,86,1.0,1.1,1.2,1.1428571428571428,0.11338934190276695,1.2666666666666666,0.0,1.0,0.49999999999999994,-0.8660254037844387,0.8359254794186372,-0.548842958284719,1.4,1.9
2020-05-05,Sikkim,ER,27.3333303,88.6166475,1.4,2020,5,1,126,0,0,15.5,87,1.3,1.1,1.0,1.1857142857142857,0.1463850109422787,1.28,0.7818314824680298,0.6234898018587336,0.49999999999999994,-0.8660254037844387,0.8263541987239096,-0.5631507242749186,1.3,2.0
2020-05-13,Sikkim,ER,27.3333303,88.6166475,1.3,2020,5,2,134,0,0,16.2,85,1.4,1.2,1.2,1.2,0.15275252316519333,1.2833333333333334,0.9749279121818236,-0.22252093395631434,0.49999999999999994,-0.8660254037844387,0.7412220108485958,-0.6712599575675313,1.2,2.0
2020-05-14,Sikkim,ER,27.3333303,88.6166475,1.2,2020,5,3,135,0,0,16.3,89,1.3,1.2,1.3,1.2,0.15275252316519333,1.28,0.43388373911755823,-0.900968867902419,0.49999999999999994,-0.8660254037844387,0.7295575540864875,-0.6839194216246106,1.3,2.1
2020-05-15,Sikkim,ER,27.3333303,88.6166475,1.3,2020,5,4,136,0,0,16.9,87,1.2,1.2,1.1,1.2142857142857142,0.15735915849388724,1.2866666666666666,-0.433883739117558,-0.9009688679024191,0.49999999999999994,-0.8660254037844387,0.717676913675962,-0.6963762255968722,1.4,1.9
2020-05-16,Sikkim,ER,27.3333303,88.6166475,1.4,2020,5,5,137,1,0,17.0,89,1.3,1.0,1.3,1.2714285714285716,0.13801311186846876,1.29,-0.9749279121818236,-0.2225209339563146,0.49999999999999994,-0.8660254037844387,0.705583610107178,-0.7086266782644596,2.0,1.0
2020-05-17,Sikkim,ER,27.3333303,88.6166475,2.0,2020,5,6,138,1,0,17.3,89,1.4,1.0,1.3,1.4142857142857144,0.26726124191242273,1.3133333333333332,-0.7818314824680299,0.6234898018587334,0.49999999999999994,-0.8660254037844387,0.6932812268869777,-0.7206671495538609,1.9,1.5
2020-05-18,Sikkim,ER,27.3333303,88.6166475,1.9,2020,5,0,139,0,0,17.0,90,2.0,1.3,1.0,1.5,0.3162277660168362,1.3433333333333333,0.0,1.0,0.49999999999999994,-0.8660254037844387,0.6807734094770161,-0.7324940716135789,2.0,1.7
2020-05-19,Sikkim,ER,27.3333303,88.6166475,2.0,2020,5,1,140,0,0,17.4,85,1.9,1.4,1.6,1.5857142857142859,0.3625307868699845,1.3566666666666667,0.7818314824680298,0.6234898018587336,0.49999999999999994,-0.8660254037844387,0.6680638642135335,-0.7441039398713607,2.0,1.7
2020-05-20,Sikkim,ER,27.3333303,88.6166475,2.0,2020,5,2,141,0,0,16.5,88,2.0,1.3,1.5,1.6857142857142857,0.3670993118515797,1.3733333333333335,0.9749279121818236,-0.22252093395631434,0.49999999999999994,-0.8660254037844387,0.6551563572090853,-0.7554933140726803,2.1,1.6
2020-05-21,Sikkim,ER,27.3333303,88.6166475,2.1,2020,5,3,142,0,0,16.0,94,2.0,1.2,1.6,1.8142857142857145,0.32366943748507226,1.3900000000000001,0.43388373911755823,-0.900968867902419,0.49999999999999994,-0.8660254037844387,0.6420547132365637,-0.766658819300159,1.9,1.7
