timestamp,node_id,region,latitude,longitude,consumption_mu,year,month,dayofweek,dayofyear,is_weekend,is_holiday,temperature_c,humidity,lag_1d,lag_7d,lag_30d,roll_mean_7d,roll_std_7d,roll_mean_30d,dow_sin,dow_cos,month_sin,month_cos,doy_sin,doy_cos,target_next_1d,target_next_7d
2019-02-02,West Bengal,ER,22.58039044,88.32994665,128.0,2019,2,5,33,1,0,20.5,60,126.1,161.2,108.2,131.42857142857142,19.639391902136634,143.65,-0.9749279121818236,-0.2225209339563146,0.8660254037844386,0.5000000000000001,0.5380051715382996,0.8429415373547828,127.6,117.4
2019-02-03,West Bengal,ER,22.58039044,88.32994665,127.6,2019,2,6,34,1,0,20.4,58,128.0,169.5,110.2,125.44285714285714,10.23602415375155,144.23000000000002,-0.7818314824680299,0.6234898018587334,0.8660254037844386,0.5000000000000001,0.5524353131676196,0.8335557718385699,131.6,123.7
2019-02-04,West Bengal,ER,22.58039044,88.32994665,131.6,2019,2,0,35,0,0,20.8,57,127.6,135.6,106.8,124.87142857142858,9.670524681683109,145.05666666666667,0.0,1.0,0.8660254037844386,0.5000000000000001,0.5667017562911176,0.8239230057575542,136.8,124.9
2019-02-05,West Bengal,ER,22.58039044,88.32994665,136.8,2019,2,1,36,0,0,20.4,58,131.6,103.6,107.0,129.6142857142857,3.946909580683402,146.05,0.7818314824680298,0.6234898018587336,0.8660254037844386,0.5000000000000001,0.5808002734538009,0.8140460935082178,138.9,123.3
2019-02-06,West Bengal,ER,22.58039044,88.32994665,138.9,2019,2,2,37,0,0,20.9,59,136.8,131.5,106.4,130.67142857142858,5.2964498442236065,147.13333333333333,0.9749279121818236,-0.22252093395631434,0.8660254037844386,0.5000000000000001,0.5947266869607634,0.8039279618328213,115.4,116.8
2019-02-07,West Bengal,ER,22.58039044,88.32994665,115.4,2019,2,3,38,0,0,22.6,68,138.9,125.7,109.3,129.2,7.763804909106218,147.33666666666667,0.43388373911755823,-0.900968867902419,0.8660254037844386,0.5000000000000001,0.6084768701151261,0.7935716089521474,115.1,124.4
2019-02-08,West Bengal,ER,22.58039044,88.32994665,115.1,2019,2,4,39,0,0,23.7,63,115.4,126.1,102.9,127.62857142857142,9.430219913609788,147.74333333333334,-0.433883739117558,-0.9009688679024191,0.8660254037844386,0.5000000000000001,0.6220467484408675,0.7829801036770629,117.4,125.4
2019-02-09,West Bengal,ER,22.58039044,88.32994665,117.4,2019,2,5,40,1,0,22.4,65,115.1,128.0,131.7,126.11428571428571,10.18175305328557,147.26666666666668,-0.9749279121818236,-0.2225209339563146,0.8660254037844386,0.5000000000000001,0.6354323008901774,0.7721565844991642,123.7,126.8
2019-02-10,West Bengal,ER,22.58039044,88.32994665,123.7,2019,2,6,41,1,0,20.2,57,117.4,127.6,140.1,125.55714285714286,10.193602101785144,146.71999999999997,-0.7818314824680299,0.6234898018587334,0.8660254037844386,0.5000000000000001,0.6486295610349814,0.7611042586607747,124.9,128.6
2019-02-11,West Bengal,ER,22.58039044,88.32994665,124.9,2019,2,0,42,0,0,19.0,59,123.7,131.6,149.8,124.60000000000001,9.840054200392458,145.89000000000001,0.0,1.0,0.8660254037844386,0.5000000000000001,0.6616346182422783,0.7498264012045686,123.3,132.4
2019-02-12,West Bengal,ER,22.58039044,88.32994665,123.3,2019,2,1,43,0,0,20.0,61,124.9,136.8,154.7,122.67142857142858,8.243929945867764,144.8433333333333,0.7818314824680298,0.6234898018587336,0.8660254037844386,0.5000000000000001,0.6744436188329455,0.7383263540031065,116.8,127.1
2019-02-13,West Bengal,ER,22.58039044,88.32994665,116.8,2019,2,2,44,0,0,21.4,58,123.3,138.9,155.3,119.51428571428572,4.264359495253167,143.56,0.9749279121818236,-0.22252093395631434,0.8660254037844386,0.5000000000000001,0.6870527672236669,0.7266075247685656,124.4,119.8
2019-02-14,West Bengal,ER,22.58039044,88.32994665,124.4,2019,2,3,45,0,0,22.6,57,116.8,115.4,143.9,120.8,4.17292862787365,142.91,0.43388373911755823,-0.900968867902419,0.8660254037844386,0.5000000000000001,0.699458327051647,0.7146733860429609,125.4,185.5
2019-02-15,West Bengal,ER,22.58039044,88.32994665,125.4,2019,2,4,46,0,0,23.7,57,124.4,115.1,143.4,122.27142857142857,3.605419201568931,142.31,-0.433883739117558,-0.9009688679024191,0.8660254037844386,0.5000000000000001,0.7116566222817746,0.7025274741691571,126.8,186.1
2019-02-16,West Bengal,ER,22.58039044,88.32994665,126.8,2019,2,5,47,1,0,21.8,65,125.4,117.4,152.9,123.61428571428571,3.218399483918947,141.44,-0.9749279121818236,-0.2225209339563146,0.8660254037844386,0.5000000000000001,0.7236440382959124,0.6901733882429719,128.6,194.533
2019-02-17,West Bengal,ER,22.58039044,88.32994665,128.6,2019,2,6,48,1,0,22.3,66,126.8,123.7,167.7,124.3142857142857,3.7320363393313607,140.13666666666666,-0.7818314824680299,0.6234898018587334,0.8660254037844386,0.5000000000000001,0.7354170229639855,0.6776147890466889,132.4,189.0
2019-02-18,West Bengal,ER,22.58039044,88.32994665,132.4,2019,2,0,49,0,0,21.7,54,128.6,124.9,175.9,125.38571428571429,4.840257765665996,138.68666666666667,0.0,1.0,0.8660254037844386,0.5000000000000001,0.7469720876965552,0.6648553979642865,127.1,175.9
2019-02-19,West Bengal,ER,22.58039044,88.32994665,127.1,2019,2,1,50,0,0,23.8,67,132.4,123.3,180.6,125.92857142857143,4.78006774209764,136.9033333333333,0.7818314824680298,0.6234898018587336,0.8660254037844386,0.5000000000000001,0.7583058084785624,0.6518989958787126,119.8,176.0
2019-02-20,West Bengal,ER,22.58039044,88.32994665,119.8,2019,2,2,51,0,0,25.4,69,127.1,116.8,178.9,126.35714285714286,3.8737824508076524,134.93333333333334,0.9749279121818236,-0.22252093395631434,0.8660254037844386,0.5000000000000001,0.7694148268839378,0.6387494220515272,185.5,153.4
2019-02-21,West Bengal,ER,22.58039044,88.32994665,185.5,2019,2,3,52,0,0,25.4,65,119.8,124.4,178.9,135.08571428571426,22.54908930691935,135.15333333333334,0.43388373911755823,-0.900968867902419,0.8660254037844386,0.5000000000000001,0.7802958510707755,0.6254105729852463,186.1,113.9
2019-02-22,West Bengal,ER,22.58039044,88.32994665,186.1,2019,2,4,53,0,0,26.5,68,185.5,125.4,173.0,143.75714285714284,28.962784001936935,135.59,-0.433883739117558,-0.9009688679024191,0.8660254037844386,0.5000000000000001,0.7909456567567772,0.6118864012687243,194.533,119.5
2019-02-23,West Bengal,ER,22.58039044,88.32994665,194.533,2019,2,5,54,1,0,27.5,60,186.1,126.8,183.4,153.4332857142857,33.33743124834445,135.96110000000002,-0.9749279121818236,-0.2225209339563146,0.8660254037844386,0.5000000000000001,0.8013610881746766,0.5981809144059165,189.0,114.1
2019-02-24,West Bengal,ER,22.58039044,88.32994665,189.0,2019,2,6,55,1,0,26.4,53,194.533,128.6,175.5,162.06185714285715,33.653725164923266,136.4111,-0.7818314824680299,0.6234898018587334,0.8660254037844386,0.5000000000000001,0.8115390590073611,0.5842981736283684,175.9,120.5
2019-02-25,West Bengal,ER,22.58039044,88.32994665,175.9,2019,2,0,56,0,0,23.7,73,189.0,132.4,161.2,168.27614285714284,31.189705312429464,136.9011,0.0,1.0,0.8660254037844386,0.5000000000000001,0.8214765533024142,0.5702422926917871,176.0,118.9
2019-02-26,West Bengal,ER,22.58039044,88.32994665,176.0,2019,2,1,57,0,0,21.2,90,175.9,127.1,169.5,175.26185714285717,25.361940333424652,137.11776666666668,0.7818314824680298,0.6234898018587336,0.8660254037844386,0.5000000000000001,0.8311706263658079,0.5560174366570446,153.4,119.8
2019-02-27,West Bengal,ER,22.58039044,88.32994665,153.4,2019,2,2,58,0,0,22.3,83,176.0,119.8,135.6,180.06185714285715,13.540133584133986,137.7111,0.9749279121818236,-0.22252093395631434,0.8660254037844386,0.5000000000000001,0.8406184056344782,0.5416278206559814,113.9,111.4
2019-02-28,West Bengal,ER,22.58039044,88.32994665,113.9,2019,2,3,59,0,0,21.3,81,153.4,185.5,103.6,169.83328571428572,28.034096898326553,138.05443333333332,0.43388373911755823,-0.900968867902419,0.8660254037844386,0.5000000000000001,0.8498170915275278,0.5270777086423722,119.5,163.7
2019-03-02,West Bengal,ER,22.58039044,88.32994665,119.5,2019,3,5,61,1,0,19.9,68,113.9,186.1,131.5,160.319,32.53368962065834,137.65443333333332,-0.9749279121818236,-0.2225209339563146,1.0,6.123233995736766e-17,0.8674563547295969,0.49751328890718066,114.1,167.1
2019-03-03,West Bengal,ER,22.58039044,88.32994665,114.1,2019,3,6,62,1,0,21.3,72,119.5,194.533,125.7,148.82857142857142,32.63953197610292,137.2677666666667,-0.7818314824680299,0.6234898018587334,1.0,6.123233995736766e-17,0.8758917051442429,0.48250774176121847,120.5,170.3
2019-03-04,West Bengal,ER,22.58039044,88.32994665,120.5,2019,3,0,63,0,1,22.9,86,114.1,189.0,126.1,139.04285714285714,28.607915987412525,137.0811,0.0,1.0,1.0,6.123233995736766e-17,0.8840675099433636,0.4673592171580022,118.9,173.5
2019-03-05,West Bengal,ER,22.58039044,88.32994665,118.9,2019,3,1,64,0,0,23.2,86,120.5,175.9,128.0,130.9,24.13027144480548,136.77776666666668,0.7818314824680298,0.6234898018587336,1.0,6.123233995736766e-17,0.8919813464595485,0.45207220393230435,119.8,178.5
2019-03-06,West Bengal,ER,22.58039044,88.32994665,119.8,2019,3,2,65,0,0,23.6,82,118.9,176.0,127.6,122.87142857142858,13.733258205989365,136.51776666666666,0.9749279121818236,-0.22252093395631434,1.0,6.123233995736766e-17,0.8996308696522433,0.43665123195606403,111.4,177.2
2019-03-07,West Bengal,ER,22.58039044,88.32994665,111.4,2019,3,3,66,0,0,22.8,73,119.8,153.4,131.6,116.87142857142858,3.6335080779286977,135.84443333333334,0.43388373911755823,-0.900968867902419,1.0,6.123233995736766e-17,0.9070138128026359,0.4211008707960896,163.7,165.2
2019-03-08,West Bengal,ER,22.58039044,88.32994665,163.7,2019,3,4,67,0,0,22.6,64,111.4,113.9,136.8,123.98571428571428,17.8372670338841,136.74110000000002,-0.433883739117558,-0.9009688679024191,1.0,6.123233995736766e-17,0.9141279881853337,0.40542572835999735,167.1,98.4
2019-03-09,West Bengal,ER,22.58039044,88.32994665,167.1,2019,3,5,68,1,0,22.9,70,163.7,119.5,138.9,130.78571428571428,23.888799926006246,137.6811,-0.9749279121818236,-0.2225209339563146,1.0,6.123233995736766e-17,0.9209712877166346,0.38963044953078796,170.3,97.7
2019-03-10,West Bengal,ER,22.58039044,88.32994665,170.3,2019,3,6,69,1,0,25.0,82,167.1,114.1,115.4,138.81428571428572,26.632713503723647,139.5111,-0.7818314824680299,0.6234898018587334,1.0,6.123233995736766e-17,0.9275416835791966,0.37371971479046906,173.5,91.6
2019-03-11,West Bengal,ER,22.58039044,88.32994665,173.5,2019,3,0,70,0,0,25.9,84,170.3,120.5,115.1,146.3857142857143,28.054139835410353,141.45776666666669,0.0,1.0,1.0,6.123233995736766e-17,0.9338372288229252,0.35769823883312546,178.5,97.1
2019-03-12,West Bengal,ER,22.58039044,88.32994665,178.5,2019,3,1,71,0,0,26.5,80,173.5,118.9,117.4,154.9,27.357570554906076,143.49443333333335,0.7818314824680298,0.6234898018587336,1.0,6.123233995736766e-17,0.9398560579418954,0.3415707691678556,177.2,106.8
2019-03-13,West Bengal,ER,22.58039044,88.32994665,177.2,2019,3,2,72,0,0,27.5,81,178.5,119.8,123.7,163.1,23.399501419189786,145.27776666666665,0.9749279121818236,-0.22252093395631434,1.0,6.123233995736766e-17,0.9455963874271426,0.3253420847119801,165.2,101.9
2019-03-14,West Bengal,ER,22.58039044,88.32994665,165.2,2019,3,3,73,0,0,27.7,80,177.2,111.4,124.9,170.78571428571428,5.820202909243062,146.62109999999998,0.43388373911755823,-0.900968867902419,1.0,6.123233995736766e-17,0.9510565162951535,0.30901699437494745,98.4,95.6
2019-03-15,West Bengal,ER,22.58039044,88.32994665,98.4,2019,3,4,74,0,0,27.4,73,165.2,163.7,123.3,161.45714285714286,28.235843482050523,145.7911,-0.433883739117558,-0.9009688679024191,1.0,6.123233995736766e-17,0.9562348265919056,0.29260033563334836,97.7,107.5
2019-03-16,West Bengal,ER,22.58039044,88.32994665,97.7,2019,3,5,75,1,0,26.8,72,98.4,167.1,116.8,151.54285714285714,36.80728447571468,145.15443333333332,-0.9749279121818236,-0.2225209339563146,1.0,6.123233995736766e-17,0.9611297838723007,0.27609697309746883,91.6,110.8
2019-03-17,West Bengal,ER,22.58039044,88.32994665,91.6,2019,3,6,76,1,0,26.0,78,97.7,170.3,124.4,140.3,41.80342888647607,144.06109999999998,-0.7818314824680299,0.6234898018587334,1.0,6.123233995736766e-17,0.9657399376548549,0.2595117970697999,97.1,113.4
2019-03-18,West Bengal,ER,22.58039044,88.32994665,97.1,2019,3,0,77,0,0,23.6,72,91.6,173.5,125.4,129.3857142857143,41.66395038765234,143.11776666666665,0.0,1.0,1.0,6.123233995736766e-17,0.9700639218515071,0.2428497220959356,106.8,113.0
2019-03-19,West Bengal,ER,22.58039044,88.32994665,106.8,2019,3,1,78,0,0,25.0,74,97.1,178.5,126.8,119.14285714285714,36.00647428555291,142.45110000000003,0.7818314824680298,0.6234898018587336,1.0,6.123233995736766e-17,0.9741004551724205,0.22611568550828828,101.9,114.1
2019-03-20,West Bengal,ER,22.58039044,88.32994665,101.9,2019,3,2,79,0,0,26.3,79,106.8,177.2,128.6,108.38571428571427,25.480281825457773,141.56109999999998,0.9749279121818236,-0.22252093395631434,1.0,6.123233995736766e-17,0.9778483415056568,0.20931464596304847,95.6,115.6
2019-03-21,West Bengal,ER,22.58039044,88.32994665,95.6,2019,3,3,80,0,1,27.3,78,101.9,165.2,132.4,98.44285714285715,4.814165605396391,140.33443333333335,0.43388373911755823,-0.900968867902419,1.0,6.123233995736766e-17,0.9813064702716093,0.19245158197082998,107.5,102.1
2019-03-22,West Bengal,ER,22.58039044,88.32994665,107.5,2019,3,4,81,0,0,27.2,81,95.6,98.4,127.1,99.74285714285715,5.90560669839956,139.6811,-0.433883739117558,-0.9009688679024191,1.0,6.123233995736766e-17,0.9844738167520922,0.1755314904214282,110.8,152.1
2019-03-23,West Bengal,ER,22.58039044,88.32994665,110.8,2019,3,5,82,1,0,27.2,68,107.5,97.7,119.8,101.61428571428571,7.1043246386563785,139.3811,-0.9749279121818236,-0.2225209339563146,1.0,6.123233995736766e-17,0.9873494423939864,0.15855938510313475,113.4,145.2
2019-03-24,West Bengal,ER,22.58039044,88.32994665,113.4,2019,3,6,83,1,0,25.9,55,110.8,91.6,185.5,104.72857142857143,6.75221304109792,136.9777666666667,-0.7818314824680299,0.6234898018587334,1.0,6.123233995736766e-17,0.989932495087353,0.141540295217043,113.0,145.8
2019-03-25,West Bengal,ER,22.58039044,88.32994665,113.0,2019,3,0,84,0,0,26.8,62,113.4,97.1,186.1,107.0,6.424691951110089,134.5411,0.0,1.0,1.0,6.123233995736766e-17,0.9922222094179323,0.12447926388678915,114.1,160.1
2019-03-26,West Bengal,ER,22.58039044,88.32994665,114.1,2019,3,1,85,0,0,27.1,66,113.0,106.8,194.533,108.04285714285713,6.957216192044727,131.85999999999999,0.7818314824680298,0.6234898018587336,1.0,6.123233995736766e-17,0.994217906893952,0.10738134666416309,115.6,172.7
2019-03-27,West Bengal,ER,22.58039044,88.32994665,115.6,2019,3,2,86,0,0,25.9,65,114.1,101.9,189.0,110.0,6.867556576638135,129.41333333333333,0.9749279121818236,-0.22252093395631434,1.0,6.123233995736766e-17,0.995918996147179,0.09025161003104117,102.1,164.2
2019-03-28,West Bengal,ER,22.58039044,88.32994665,102.1,2019,3,3,87,0,0,27.3,75,115.6,95.6,175.9,110.92857142857143,4.69031423457321,126.95333333333333,0.43388373911755823,-0.900968867902419,1.0,6.123233995736766e-17,0.9973249731081555,0.07309512989807777,152.1,158.4
2019-03-29,West Bengal,ER,22.58039044,88.32994665,152.1,2019,3,4,88,0,0,27.7,77,102.1,107.5,176.0,117.29999999999998,15.974771777190629,126.15666666666667,-0.433883739117558,-0.9009688679024191,1.0,6.123233995736766e-17,0.9984354211555643,0.055916990100603484,145.2,111.8
2019-03-30,West Bengal,ER,22.58039044,88.32994665,145.2,2019,3,5,89,1,0,28.6,75,152.1,110.8,153.4,122.21428571428571,18.70057294767788,125.88333333333334,-0.9749279121818236,-0.2225209339563146,1.0,6.123233995736766e-17,0.9992500112396835,0.03872228089217446,145.8,112.5
2019-03-31,West Bengal,ER,22.58039044,88.32994665,145.8,2019,3,6,90,1,0,27.7,80,145.2,113.4,113.9,126.84285714285713,20.11175917573723,126.94666666666667,-0.7818314824680299,0.6234898018587334,1.0,6.123233995736766e-17,0.9997685019798909,0.021516097436222254,160.1,109.7
2019-04-02,West Bengal,ER,22.58039044,88.32994665,160.1,2019,4,1,92,0,0,28.1,79,145.8,113.0,119.5,133.57142857142856,22.45140784640705,128.3,0.7818314824680298,0.6234898018587336,0.8660254037844387,-0.4999999999999998,0.9999166586547379,-0.01291029607500882,172.7,109.3
2019-04-03,West Bengal,ER,22.58039044,88.32994665,172.7,2019,4,2,93,0,0,28.2,78,160.1,114.1,114.1,141.94285714285715,24.784864813218523,130.25333333333333,0.9749279121818236,-0.22252093395631434,0.8660254037844387,-0.4999999999999998,0.9995462806873573,-0.030120304846908114,164.2,115.4
2019-04-04,West Bengal,ER,22.58039044,88.32994665,164.2,2019,4,3,94,0,0,28.5,78,172.7,115.6,120.5,148.8857142857143,22.911964019657695,131.71,0.43388373911755823,-0.900968867902419,0.8660254037844387,-0.4999999999999998,0.9988797155850336,-0.04732138832243185,158.4,113.0
2019-04-05,West Bengal,ER,22.58039044,88.32994665,158.4,2019,4,4,95,0,0,27.7,80,164.2,102.1,118.9,156.92857142857142,9.987945114939352,133.02666666666667,-0.433883739117558,-0.9009688679024191,0.8660254037844387,-0.4999999999999998,0.9979171608653922,-0.06450844944931623,111.8,109.4
2019-04-06,West Bengal,ER,22.58039044,88.32994665,111.8,2019,4,5,96,1,0,26.8,80,158.4,152.1,119.8,151.17142857142858,19.91571525920442,132.76,-0.9749279121818236,-0.2225209339563146,0.8660254037844387,-0.4999999999999998,0.9966589017541702,-0.08167639533042241,112.5,183.4
2019-04-07,West Bengal,ER,22.58039044,88.32994665,112.5,2019,4,6,97,1,0,25.7,80,111.8,145.2,111.4,146.5,24.78870710626098,132.79666666666665,-0.7818314824680299,0.6234898018587334,0.8660254037844387,-0.4999999999999998,0.9951053111006976,-0.09882013873287143,109.7,194.533
2019-04-08,West Bengal,ER,22.58039044,88.32994665,109.7,2019,4,0,98,0,0,27.4,80,112.5,145.8,163.7,141.34285714285716,28.44426463236806,130.99666666666667,0.0,1.0,0.8660254037844387,-0.4999999999999998,0.9932568492674143,-0.11593459959550041,109.3,181.6
2019-04-09,West Bengal,ER,22.58039044,88.32994665,109.3,2019,4,1,99,0,0,27.2,81,109.7,160.1,167.1,134.0857142857143,29.327770035208783,129.07,0.7818314824680298,0.6234898018587336,0.8660254037844387,-0.4999999999999998,0.9911140639934547,-0.1330147065341959,115.4,182.4
2019-04-10,West Bengal,ER,22.58039044,88.32994665,115.4,2019,4,2,100,0,0,26.8,82,109.3,172.7,170.3,125.89999999999999,24.32337695852825,127.24,0.9749279121818236,-0.22252093395631434,0.8660254037844387,-0.4999999999999998,0.9886775902323405,-0.1500553983446526,113.0,175.9
2019-04-11,West Bengal,ER,22.58039044,88.32994665,113.0,2019,4,3,101,0,0,28.4,83,115.4,164.2,173.5,118.58571428571429,17.676672817721084,125.22333333333333,0.43388373911755823,-0.900968867902419,0.8660254037844387,-0.4999999999999998,0.9859481499638304,-0.16705162550211924,109.4,176.3
2019-04-12,West Bengal,ER,22.58039044,88.32994665,109.4,2019,4,4,102,0,0,28.9,82,113.0,158.4,178.5,111.58571428571429,2.272611252449551,122.92,-0.433883739117558,-0.9009688679024191,0.8660254037844387,-0.4999999999999998,0.9829265519799822,-0.18399835165768005,183.4,162.5
2019-04-13,West Bengal,ER,22.58039044,88.32994665,183.4,2019,4,5,103,1,1,29.4,80,109.4,111.8,177.2,121.81428571428572,27.25150935094713,123.12666666666668,-0.9749279121818236,-0.2225209339563146,0.8660254037844387,-0.4999999999999998,0.9796136916454901,-0.20089055513063506,194.533,116.3
2019-04-14,West Bengal,ER,22.58039044,88.32994665,194.533,2019,4,6,104,1,1,29.5,80,183.4,112.5,165.2,133.5332857142857,38.069627730927756,124.10443333333333,-0.7818314824680299,0.6234898018587334,0.8660254037844387,-0.4999999999999998,0.9760105506323683,-0.21772323039653177,181.6,113.5
2019-04-15,West Bengal,ER,22.58039044,88.32994665,181.6,2019,4,0,105,0,0,30.0,81,194.533,109.7,98.4,143.80471428571428,40.207062259899345,126.87776666666667,0.0,1.0,0.8660254037844387,-0.4999999999999998,0.9721181966290613,-0.23449138957040985,182.4,115.4
2019-04-16,West Bengal,ER,22.58039044,88.32994665,182.4,2019,4,1,106,0,0,29.3,81,181.6,109.3,97.7,154.24757142857143,39.232841361360855,129.7011,0.7818314824680298,0.6234898018587336,0.8660254037844387,-0.4999999999999998,0.9679377830240642,-0.25119006388481935,175.9,119.7
2019-04-17,West Bengal,ER,22.58039044,88.32994665,175.9,2019,4,2,107,0,1,27.7,81,182.4,115.4,91.6,162.89042857142857,35.75867271892288,132.5111,0.9749279121818236,-0.22252093395631434,0.8660254037844387,-0.4999999999999998,0.9634705485641488,-0.2678143051621742,176.3,119.9
2019-04-18,West Bengal,ER,22.58039044,88.32994665,176.3,2019,4,3,108,0,0,28.7,68,175.9,113.0,97.1,171.9332857142857,28.256105338576894,135.15109999999999,0.43388373911755823,-0.900968867902419,0.8660254037844387,-0.4999999999999998,0.9587178169872964,-0.2843591872810034,162.5,120.5
2019-04-19,West Bengal,ER,22.58039044,88.32994665,162.5,2019,4,4,109,0,1,28.3,73,176.3,109.4,106.8,179.51899999999998,9.714409932328604,137.00776666666667,-0.433883739117558,-0.9009688679024191,0.8660254037844387,-0.4999999999999998,0.9536809966304457,-0.30081980763566735,116.3,111.1
2019-04-20,West Bengal,ER,22.58039044,88.32994665,116.3,2019,4,5,110,1,0,28.4,67,162.5,183.4,101.9,169.93328571428574,25.510118689873252,137.48776666666666,-0.9749279121818236,-0.2225209339563146,0.8660254037844387,-0.4999999999999998,0.9483615800121715,-0.3171912885891061,113.5,106.8
2019-04-21,West Bengal,ER,22.58039044,88.32994665,113.5,2019,4,6,111,1,0,27.7,76,116.3,194.533,95.6,158.35714285714286,30.40317182701256,138.08443333333332,-0.7818314824680299,0.6234898018587334,0.8660254037844387,-0.4999999999999998,0.9427611433904207,-0.3334687789181868,115.4,111.8
2019-04-22,West Bengal,ER,22.58039044,88.32994665,115.4,2019,4,0,112,0,0,27.3,76,113.5,181.6,107.5,148.9,32.210609018354916,138.34776666666667,0.0,1.0,0.8660254037844387,-0.4999999999999998,0.9368813462954315,-0.3496474552512284,119.7,110.3
2019-04-23,West Bengal,ER,22.58039044,88.32994665,119.7,2019,4,1,113,0,0,28.2,79,115.4,182.4,110.8,139.94285714285715,29.98309841354267,138.64443333333335,0.7818314824680298,0.6234898018587336,0.8660254037844387,-0.4999999999999998,0.9307239310379795,-0.36572252349726897,119.9,109.6
2019-04-24,West Bengal,ER,22.58039044,88.32994665,119.9,2019,4,2,114,0,0,29.2,76,119.7,175.9,113.4,131.94285714285715,25.995887953216478,138.8611,0.9749279121818236,-0.22252093395631434,0.8660254037844387,-0.4999999999999998,0.9242907221930933,-0.3816892202666588,120.5,107.0
2019-04-25,West Bengal,ER,22.58039044,88.32994665,120.5,2019,4,3,115,0,0,29.9,73,119.9,176.3,113.0,123.97142857142856,17.191540001379842,139.1111,0.43388373911755823,-0.900968867902419,0.8660254037844387,-0.4999999999999998,0.9175836260593937,-0.39754281428255595,111.1,111.1
2019-04-26,West Bengal,ER,22.58039044,88.32994665,111.1,2019,4,4,116,0,0,30.3,75,120.5,162.5,114.1,116.62857142857142,3.584556823241015,139.01110000000003,-0.433883739117558,-0.9009688679024191,0.8660254037844387,-0.4999999999999998,0.9106046300942162,-0.4132786077829042,106.8,100.7
2019-04-27,West Bengal,ER,22.58039044,88.32994665,106.8,2019,4,5,117,1,0,31.0,75,111.1,116.3,115.6,115.27142857142859,5.175169654453576,138.71776666666665,-0.9749279121818236,-0.2225209339563146,0.8660254037844387,-0.4999999999999998,0.9033558023246845,-0.4288919379124835,111.8,166.7
2019-04-28,West Bengal,ER,22.58039044,88.32994665,111.8,2019,4,6,118,1,0,31.2,75,106.8,113.5,102.1,115.02857142857144,5.310277546328802,139.0411,-0.7818314824680299,0.6234898018587334,0.8660254037844387,-0.4999999999999998,0.895839290734909,-0.4443781781046132,110.3,153.1
2019-04-29,West Bengal,ER,22.58039044,88.32994665,110.3,2019,4,0,119,0,0,30.7,75,111.8,115.4,152.1,114.29999999999998,5.5931505730964926,137.64776666666666,0.0,1.0,0.8660254037844387,-0.4999999999999998,0.8880573226294932,-0.45973273945210397,109.6,139.1
2019-04-30,West Bengal,ER,22.58039044,88.32994665,109.6,2019,4,1,120,0,0,30.1,72,110.3,119.7,145.2,112.85714285714286,5.260816521813596,136.46110000000002,0.7818314824680298,0.6234898018587336,0.8660254037844387,-0.4999999999999998,0.8800122039735357,-0.47495107206704995,107.0,142.8
2019-05-02,West Bengal,ER,22.58039044,88.32994665,107.0,2019,5,3,122,0,0,29.6,77,109.6,119.9,145.8,111.0142857142857,4.600517569226156,135.16776666666667,0.43388373911755823,-0.900968867902419,0.49999999999999994,-0.8660254037844387,0.8631421280499114,-0.5049610547215204,111.1,140.9
2019-05-03,West Bengal,ER,22.58039044,88.32994665,111.1,2019,5,4,123,0,0,27.5,88,107.0,120.5,160.1,109.67142857142856,2.0163616455663576,133.53443333333334,-0.433883739117558,-0.9009688679024191,0.49999999999999994,-0.8660254037844387,0.854322169749827,-0.5197438121555155,100.7,133.4
2019-05-04,West Bengal,ER,22.58039044,88.32994665,100.7,2019,5,5,124,1,0,26.6,83,111.1,111.1,172.7,108.18571428571428,3.8163807337265063,131.13443333333333,-0.9749279121818236,-0.2225209339563146,0.49999999999999994,-0.8660254037844387,0.8452490573530633,-0.5343725582809786,166.7,122.6
2019-05-05,West Bengal,ER,22.58039044,88.32994665,166.7,2019,5,6,125,1,0,28.7,81,100.7,106.8,164.2,116.74285714285713,22.34881481890079,131.21776666666668,-0.7818314824680299,0.6234898018587334,0.49999999999999994,-0.8660254037844387,0.8359254794186372,-0.548842958284719,153.1,194.3
2019-05-06,West Bengal,ER,22.58039044,88.32994665,153.1,2019,5,0,126,0,0,30.2,81,166.7,111.8,158.4,122.64285714285714,25.982549088625856,131.0411,0.0,1.0,0.49999999999999994,-0.8660254037844387,0.8263541987239096,-0.5631507242749186,139.1,192.2
2019-05-07,West Bengal,ER,22.58039044,88.32994665,139.1,2019,5,1,127,0,0,30.2,80,153.1,110.3,111.8,126.75714285714285,25.982549088625845,131.9511,0.7818314824680298,0.6234898018587336,0.49999999999999994,-0.8660254037844387,0.8165380514459161,-0.5772916165517272,142.8,180.5
2019-05-08,West Bengal,ER,22.58039044,88.32994665,142.8,2019,5,2,128,0,0,30.7,79,139.1,109.6,112.5,131.5,25.35119984011265,132.96110000000002,0.9749279121818236,-0.22252093395631434,0.49999999999999994,-0.8660254037844387,0.8064799463209448,-0.5912614448635781,140.9,174.5
2019-05-09,West Bengal,ER,22.58039044,88.32994665,140.9,2019,5,3,129,0,0,30.7,80,142.8,107.0,109.7,136.34285714285713,23.021863314601283,134.0011,0.43388373911755823,-0.900968867902419,0.49999999999999994,-0.8660254037844387,0.7961828637826158,-0.6050560696488488,133.4,172.5
2019-05-10,West Bengal,ER,22.58039044,88.32994665,133.4,2019,5,4,130,0,0,31.0,80,140.9,111.1,109.3,139.52857142857144,20.33246290096311,134.80443333333335,-0.433883739117558,-0.9009688679024191,0.49999999999999994,-0.8660254037844387,0.7856498550787147,-0.6186714032625031,122.6,166.0
2019-05-11,West Bengal,ER,22.58039044,88.32994665,122.6,2019,5,5,131,1,0,30.8,79,133.4,100.7,115.4,142.65714285714284,14.088157809883585,135.04443333333333,-0.9749279121818236,-0.2225209339563146,0.49999999999999994,-0.8660254037844387,0.7748840413670407,-0.6321034111873487,194.3,151.3
2019-05-12,West Bengal,ER,22.58039044,88.32994665,194.3,2019,5,6,132,1,0,31.0,78,122.6,166.7,113.0,146.6,22.988982868611792,137.75443333333334,-0.7818314824680299,0.6234898018587334,0.49999999999999994,-0.8660254037844387,0.7638886127905428,-0.6453481132295501,192.2,151.5
2019-05-13,West Bengal,ER,22.58039044,88.32994665,192.2,2019,5,0,133,0,0,30.9,79,194.3,153.1,109.4,152.18571428571428,28.837673771846106,140.51443333333333,0.0,1.0,0.49999999999999994,-0.8660254037844387,0.7526668275320085,-0.6584015846980488,180.5,160.4
2019-05-14,West Bengal,ER,22.58039044,88.32994665,180.5,2019,5,1,134,0,0,30.4,77,192.2,139.1,183.4,158.1,29.93125456775896,140.41776666666664,0.7818314824680298,0.6234898018587336,0.49999999999999994,-0.8660254037844387,0.7412220108485958,-0.6712599575675313,174.5,170.0
2019-05-15,West Bengal,ER,22.58039044,88.32994665,174.5,2019,5,2,135,0,0,30.5,78,180.5,142.8,194.533,162.62857142857143,29.6271111363512,139.75,0.9749279121818236,-0.22252093395631434,0.49999999999999994,-0.8660254037844387,0.7295575540864875,-0.6839194216246106,172.5,181.2
2019-05-16,West Bengal,ER,22.58039044,88.32994665,172.5,2019,5,3,136,0,0,31.0,73,174.5,140.9,181.6,167.14285714285714,28.134371454554437,139.44666666666666,0.43388373911755823,-0.900968867902419,0.49999999999999994,-0.8660254037844387,0.717676913675962,-0.6963762255968722,166.0,178.9
2019-05-17,West Bengal,ER,22.58039044,88.32994665,166.0,2019,5,4,137,0,0,31.5,76,172.5,133.4,182.4,171.79999999999998,24.014440100350523,138.9,-0.433883739117558,-0.9009688679024191,0.49999999999999994,-0.8660254037844387,0.705583610107178,-0.7086266782644596,151.3,178.9
2019-05-18,West Bengal,ER,22.58039044,88.32994665,151.3,2019,5,5,138,1,1,32.1,75,166.0,122.6,175.9,175.9,14.956046714734557,138.07999999999998,-0.9749279121818236,-0.2225209339563146,0.49999999999999994,-0.8660254037844387,0.6932812268869777,-0.7206671495538609,151.5,177.7
2019-05-19,West Bengal,ER,22.58039044,88.32994665,151.5,2019,5,6,139,1,0,31.3,78,151.3,194.3,176.3,169.78571428571428,14.928767371691642,137.25333333333336,-0.7818314824680299,0.6234898018587334,0.49999999999999994,-0.8660254037844387,0.6807734094770161,-0.7324940716135789,160.4,100.4
2019-05-20,West Bengal,ER,22.58039044,88.32994665,160.4,2019,5,0,140,0,0,31.3,77,151.5,192.2,162.5,165.24285714285716,11.390325886888144,137.18333333333334,0.0,1.0,0.49999999999999994,-0.8660254037844387,0.6680638642135335,-0.7441039398713607,170.0,114.7
2019-05-21,West Bengal,ER,22.58039044,88.32994665,170.0,2019,5,1,141,0,0,31.3,74,160.4,180.5,116.3,163.74285714285716,9.596328663062469,138.97333333333333,0.7818314824680298,0.6234898018587336,0.49999999999999994,-0.8660254037844387,0.6551563572090853,-0.7554933140726803,181.2,106.4
2019-05-22,West Bengal,ER,22.58039044,88.32994665,181.2,2019,5,2,142,0,0,31.8,74,170.0,174.5,113.5,164.70000000000002,11.069176422239236,141.23,0.9749279121818236,-0.22252093395631434,0.49999999999999994,-0.8660254037844387,0.6420547132365637,-0.766658819300159,178.9,107.8
2019-05-23,West Bengal,ER,22.58039044,88.32994665,178.9,2019,5,3,143,0,0,30.9,75,181.2,172.5,115.4,165.6142857142857,12.042345919217132,143.3466666666667,0.43388373911755823,-0.900968867902419,0.49999999999999994,-0.8660254037844387,0.6287628145958344,-0.7775971469736269,178.9,111.8
2019-05-24,West Bengal,ER,22.58039044,88.32994665,178.9,2019,5,4,144,0,0,31.5,74,178.9,166.0,119.7,167.45714285714286,13.05563188089776,145.32,-0.433883739117558,-0.9009688679024191,0.49999999999999994,-0.8660254037844387,0.6152845999633276,-0.7883050558305255,177.7,117.0
2019-05-25,West Bengal,ER,22.58039044,88.32994665,177.7,2019,5,5,145,1,0,30.8,78,178.9,151.3,119.9,171.22857142857143,11.306298286900576,147.24666666666664,-0.9749279121818236,-0.2225209339563146,0.49999999999999994,-0.8660254037844387,0.6016240632249226,-0.7987793728863649,100.4,125.2
2019-05-26,West Bengal,ER,22.58039044,88.32994665,100.4,2019,5,6,146,1,0,31.5,76,177.7,151.5,120.5,163.92857142857142,28.929322741566295,146.57666666666668,-0.7818314824680299,0.6234898018587334,0.49999999999999994,-0.8660254037844387,0.5877852522924732,-0.8090169943749473,114.7,158.2
2019-05-27,West Bengal,ER,22.58039044,88.32994665,114.7,2019,5,0,147,0,0,31.6,75,100.4,160.4,111.1,157.4,34.48207263685471,146.69666666666666,0.0,1.0,0.49999999999999994,-0.8660254037844387,0.5737722679043246,-0.8190148866680801,106.4,159.6
2019-05-28,West Bengal,ER,22.58039044,88.32994665,106.4,2019,5,1,148,0,0,31.6,75,114.7,170.0,106.8,148.31428571428572,38.726538212248634,146.68333333333334,0.7818314824680298,0.6234898018587336,0.49999999999999994,-0.8660254037844387,0.5595892624101765,-0.8287700871745038,107.8,149.6
2019-05-29,West Bengal,ER,22.58039044,88.32994665,107.8,2019,5,2,149,0,0,31.8,74,106.4,181.2,111.8,137.82857142857142,38.27260614267564,146.55,0.9749279121818236,-0.22252093395631434,0.49999999999999994,-0.8660254037844387,0.545240438540651,-0.8382797052177744,111.8,124.8
2019-05-30,West Bengal,ER,22.58039044,88.32994665,111.8,2019,5,3,150,0,0,31.3,73,107.8,178.9,110.3,128.24285714285713,34.487140460508606,146.6,0.43388373911755823,-0.900968867902419,0.49999999999999994,-0.8660254037844387,0.5307300481619334,-0.8475409228928311,117.0,110.6
2019-05-31,West Bengal,ER,22.58039044,88.32994665,117.0,2019,5,4,151,0,0,31.1,72,111.8,178.9,109.6,119.39999999999999,26.296577724106857,146.84666666666666,-0.433883739117558,-0.9009688679024191,0.49999999999999994,-0.8660254037844387,0.5160623910158528,-0.8565509959010036,125.2,116.3
2019-06-02,West Bengal,ER,22.58039044,88.32994665,125.2,2019,6,6,153,1,0,29.3,82,117.0,177.7,107.0,111.89999999999999,8.0628778981201,147.45333333333332,-0.7818314824680299,0.6234898018587334,1.2246467991473532e-16,-1.0,0.48627270710868997,-0.8738071036110808,158.2,113.9
2019-06-03,West Bengal,ER,22.58039044,88.32994665,158.2,2019,6,0,154,0,0,29.1,82,125.2,100.4,111.1,120.15714285714284,17.90827156584865,149.02333333333334,0.0,1.0,1.2246467991473532e-16,-1.0,0.4711595076738638,-0.8820480249558537,159.6,120.6
2019-06-04,West Bengal,ER,22.58039044,88.32994665,159.6,2019,6,1,155,0,0,29.1,84,158.2,114.7,100.7,126.57142857142857,22.957185823884714,150.98666666666668,0.7818314824680298,0.6234898018587336,1.2246467991473532e-16,-1.0,0.4559066935084588,-0.8900275764346767,149.6,124.5
2019-06-05,West Bengal,ER,22.58039044,88.32994665,149.6,2019,6,2,156,0,1,29.1,87,159.6,106.4,166.7,132.74285714285713,22.431440520160887,150.41666666666666,0.9749279121818236,-0.22252093395631434,1.2246467991473532e-16,-1.0,0.440518784350495,-0.8977433935342337,124.8,125.7
2019-06-06,West Bengal,ER,22.58039044,88.32994665,124.8,2019,6,3,157,0,0,28.1,88,149.6,107.8,153.1,135.17142857142855,20.07765875176617,149.47333333333333,0.43388373911755823,-0.900968867902419,1.2246467991473532e-16,-1.0,0.42500033996955416,-0.9051931898913974,110.6,127.2
2019-06-07,West Bengal,ER,22.58039044,88.32994665,110.6,2019,6,4,158,0,0,27.5,88,124.8,111.8,139.1,135.0,20.314198646923256,148.52333333333334,-0.433883739117558,-0.9009688679024191,1.2246467991473532e-16,-1.0,0.4093559588156213,-0.9123747579707273,116.3,124.9
2019-06-08,West Bengal,ER,22.58039044,88.32994665,116.3,2019,6,5,159,1,0,28.5,84,110.6,117.0,142.8,134.9,20.419027074438645,147.64,-0.9749279121818236,-0.2225209339563146,1.2246467991473532e-16,-1.0,0.39359027665646673,-0.9192859697186104,113.9,114.8
2019-06-09,West Bengal,ER,22.58039044,88.32994665,113.9,2019,6,6,160,1,0,29.4,84,116.3,125.2,140.9,133.28571428571428,21.718995416564596,146.73999999999998,-0.7818314824680299,0.6234898018587334,1.2246467991473532e-16,-1.0,0.3777079652039649,-0.9259247771938498,120.6,112.4
2019-06-10,West Bengal,ER,22.58039044,88.32994665,120.6,2019,6,0,161,0,0,30.6,81,113.9,158.2,133.4,127.9142857142857,19.011086990790957,146.31333333333336,0.0,1.0,1.2246467991473532e-16,-1.0,0.36171373072976765,-0.9322892131745133,124.5,184.1
2019-06-11,West Bengal,ER,22.58039044,88.32994665,124.5,2019,6,1,162,0,0,30.4,81,120.6,159.6,122.6,122.89999999999999,12.911235417263256,146.37666666666667,0.7818314824680298,0.6234898018587336,1.2246467991473532e-16,-1.0,0.3456123126707335,-0.9383773917408641,125.7,193.3
2019-06-12,West Bengal,ER,22.58039044,88.32994665,125.7,2019,6,2,163,0,0,30.7,83,124.5,149.6,194.3,119.48571428571428,5.965855225482944,144.09,0.9749279121818236,-0.22252093395631434,1.2246467991473532e-16,-1.0,0.3294084822245304,-0.9441875088341993,127.2,192.0
2019-06-13,West Bengal,ER,22.58039044,88.32994665,127.2,2019,6,3,164,0,0,30.9,81,125.7,124.8,192.2,119.82857142857144,6.376967483507174,141.92333333333332,0.43388373911755823,-0.900968867902419,1.2246467991473532e-16,-1.0,0.3131070409358269,-0.9497178427914316,124.9,172.7
2019-06-14,West Bengal,ER,22.58039044,88.32994665,124.9,2019,6,4,165,0,0,31.8,79,127.2,110.6,180.5,121.87142857142858,5.088128105604348,140.07000000000002,-0.433883739117558,-0.9009688679024191,1.2246467991473532e-16,-1.0,0.29671281927349075,-0.9549667548552551,114.8,184.2
2019-06-15,West Bengal,ER,22.58039044,88.32994665,114.8,2019,6,5,166,1,0,31.2,81,124.9,116.3,174.5,121.65714285714284,5.3848110901111275,138.07999999999998,-0.9749279121818236,-0.2225209339563146,1.2246467991473532e-16,-1.0,0.28023067519921585,-0.9599326896597447,112.4,155.6
2019-06-16,West Bengal,ER,22.58039044,88.32994665,112.4,2019,6,6,167,1,0,31.5,78,114.8,113.9,172.5,121.44285714285715,5.76161353061656,136.07666666666665,-0.7818314824680299,0.6234898018587334,1.2246467991473532e-16,-1.0,0.26366549272800704,-0.9646141756912435,184.1,154.9
2019-06-17,West Bengal,ER,22.58039044,88.32994665,184.1,2019,6,0,168,0,0,32.1,76,112.4,120.6,166.0,130.5142857142857,24.318540839684857,136.67999999999998,0.0,1.0,1.2246467991473532e-16,-1.0,0.24702218048093552,-0.9690098257244062,193.3,112.2
2019-06-18,West Bengal,ER,22.58039044,88.32994665,193.3,2019,6,1,169,0,0,31.7,79,184.1,124.5,151.3,140.34285714285713,33.610556731621,138.08,0.7818314824680298,0.6234898018587336,1.2246467991473532e-16,-1.0,0.23030567023061221,-0.9731183372332619,192.0,122.3
2019-06-19,West Bengal,ER,22.58039044,88.32994665,192.0,2019,6,2,170,0,0,31.6,79,193.3,125.7,151.5,149.81428571428572,37.86843138074355,139.43,0.9749279121818236,-0.22252093395631434,1.2246467991473532e-16,-1.0,0.21352091543979612,-0.9769384927771817,172.7,118.8
2019-06-20,West Bengal,ER,22.58039044,88.32994665,172.7,2019,6,3,171,0,0,30.4,82,192.0,127.2,160.4,156.31428571428572,37.239559099226035,139.84,0.43388373911755823,-0.900968867902419,1.2246467991473532e-16,-1.0,0.19667288979357647,-0.980469160361632,184.2,118.3
2019-06-21,West Bengal,ER,22.58039044,88.32994665,184.2,2019,6,4,172,0,0,28.5,87,172.7,124.9,170.0,164.78571428571428,35.6115818506388,140.31333333333333,-0.433883739117558,-0.9009688679024191,1.2246467991473532e-16,-1.0,0.1797665857255624,-0.9837092937736097,155.6,121.4
2019-06-22,West Bengal,ER,22.58039044,88.32994665,155.6,2019,6,5,173,1,0,28.8,83,184.2,114.8,181.2,170.6142857142857,28.743429891102867,139.46,-0.9749279121818236,-0.2225209339563146,1.2246467991473532e-16,-1.0,0.16280701293851715,-0.986657932891657,154.9,119.1
2019-06-23,West Bengal,ER,22.58039044,88.32994665,154.9,2019,6,6,174,1,0,29.2,83,155.6,112.4,178.9,176.68571428571428,16.109565333617116,138.66,-0.7818314824680299,0.6234898018587334,1.2246467991473532e-16,-1.0,0.1457991969198751,-0.9893142039703663,112.2,107.5
2019-06-24,West Bengal,ER,22.58039044,88.32994665,112.2,2019,6,0,175,0,0,30.1,79,154.9,184.1,178.9,166.41428571428574,28.64154491709692,136.43666666666667,0.0,1.0,1.2246467991473532e-16,-1.0,0.12874817745258132,-0.99167731989929,122.3,151.8
2019-06-25,West Bengal,ER,22.58039044,88.32994665,122.3,2019,6,1,176,0,0,30.7,77,112.2,193.3,177.7,156.27142857142857,30.069680980776987,134.59,0.7818314824680298,0.6234898018587336,1.2246467991473532e-16,-1.0,0.11165900712169512,-0.993746580436178,118.8,166.7
2019-06-26,West Bengal,ER,22.58039044,88.32994665,118.8,2019,6,2,177,0,0,30.7,76,122.3,192.0,100.4,145.81428571428572,28.246618002363004,135.20333333333335,0.9749279121818236,-0.22252093395631434,1.2246467991473532e-16,-1.0,0.09453674981719912,-0.9955213724144752,118.3,180.0
2019-06-27,West Bengal,ER,22.58039044,88.32994665,118.3,2019,6,3,178,0,0,30.3,79,118.8,172.7,114.7,138.04285714285714,27.075995342914258,135.32333333333332,0.43388373911755823,-0.900968867902419,1.2246467991473532e-16,-1.0,0.07738647923346301,-0.9970011699250151,121.4,184.4
2019-06-28,West Bengal,ER,22.58039044,88.32994665,121.4,2019,6,4,179,0,0,30.4,83,118.3,184.2,106.4,129.07142857142858,18.17394786369692,135.82333333333332,-0.433883739117558,-0.9009688679024191,1.2246467991473532e-16,-1.0,0.06021327736579302,-0.9981855344718586,119.1,168.6
2019-06-29,West Bengal,ER,22.58039044,88.32994665,119.1,2019,6,5,180,1,0,29.9,85,121.4,155.6,107.8,123.85714285714286,14.065899324590589,136.2,-0.9749279121818236,-0.2225209339563146,1.2246467991473532e-16,-1.0,0.04302223300453059,-0.99907411510223,107.5,161.6
2019-06-30,West Bengal,ER,22.58039044,88.32994665,107.5,2019,6,6,181,1,0,29.7,84,119.1,154.9,111.8,117.08571428571429,5.323353758495762,136.05666666666667,-0.7818314824680299,0.6234898018587334,1.2246467991473532e-16,-1.0,0.02581844022713308,-0.9996666485105112,151.8,151.5
2019-07-01,West Bengal,ER,22.58039044,88.32994665,151.8,2019,7,0,182,0,0,28.7,85,107.5,112.2,117.0,122.74285714285713,13.70655039787613,137.21666666666667,0.0,1.0,-0.4999999999999997,-0.8660254037844388,0.008606996888688698,-0.9999629591162655,166.7,118.6
2019-07-02,West Bengal,ER,22.58039044,88.32994665,166.7,2019,7,1,183,0,0,28.1,88,151.8,122.3,125.2,129.0857142857143,21.515996264130738,138.6,0.7818314824680298,0.6234898018587336,-0.4999999999999997,-0.8660254037844388,-0.008606996888688009,-0.9999629591162655,180.0,91.43499999999999
2019-07-03,West Bengal,ER,22.58039044,88.32994665,180.0,2019,7,2,184,0,0,28.6,85,166.7,118.8,158.2,137.82857142857145,28.07440793591864,139.32666666666668,0.9749279121818236,-0.22252093395631434,-0.4999999999999997,-0.8660254037844388,-0.02581844022713239,-0.9996666485105112,184.4,96.55
2019-07-04,West Bengal,ER,22.58039044,88.32994665,184.4,2019,7,3,185,0,0,29.3,84,180.0,118.3,159.6,147.27142857142857,31.337927728005607,140.15333333333334,0.43388373911755823,-0.900968867902419,-0.4999999999999997,-0.8660254037844388,-0.04302223300453034,-0.99907411510223,168.6,104.3
2019-07-05,West Bengal,ER,22.58039044,88.32994665,168.6,2019,7,4,186,0,0,28.4,87,184.4,121.4,149.6,154.0142857142857,29.88786981209515,140.7866666666667,-0.433883739117558,-0.9009688679024191,-0.4999999999999997,-0.8660254037844388,-0.060213277365792774,-0.9981855344718586,161.6,112.65
2019-07-06,West Bengal,ER,22.58039044,88.32994665,161.6,2019,7,5,187,1,0,27.7,90,168.6,119.1,124.8,160.08571428571426,25.626186383685997,142.01333333333332,-0.9749279121818236,-0.2225209339563146,-0.4999999999999997,-0.8660254037844388,-0.07738647923346322,-0.9970011699250151,151.5,112.6
2019-07-07,West Bengal,ER,22.58039044,88.32994665,151.5,2019,7,6,188,1,0,28.4,84,161.6,107.5,110.6,166.37142857142857,12.728539361831649,143.37666666666667,-0.7818314824680299,0.6234898018587334,-0.4999999999999997,-0.8660254037844388,-0.09453674981719933,-0.9955213724144752,118.6,114.2
2019-07-08,West Bengal,ER,22.58039044,88.32994665,118.6,2019,7,0,189,0,0,29.4,82,151.5,151.8,116.3,161.62857142857143,21.925686175937553,143.45333333333335,0.0,1.0,-0.4999999999999997,-0.8660254037844388,-0.11165900712169444,-0.9937465804361781,91.43499999999999,113.9
2019-07-09,West Bengal,ER,22.58039044,88.32994665,91.43499999999999,2019,7,1,190,0,0,29.5,82,118.6,166.7,113.9,150.87642857142856,34.0992970008528,142.70449999999997,0.7818314824680298,0.6234898018587336,-0.4999999999999997,-0.8660254037844388,-0.12874817745258066,-0.99167731989929,96.55,102.9
2019-07-10,West Bengal,ER,22.58039044,88.32994665,96.55,2019,7,2,191,0,0,29.2,85,91.43499999999999,180.0,120.6,138.95499999999998,36.708099810078124,141.90283333333335,0.9749279121818236,-0.22252093395631434,-0.4999999999999997,-0.8660254037844388,-0.14579919691987442,-0.9893142039703664,104.3,129.3
2019-07-11,West Bengal,ER,22.58039044,88.32994665,104.3,2019,7,3,192,0,0,29.5,83,96.55,184.4,124.5,127.51214285714285,32.41413193052556,141.2295,0.43388373911755823,-0.900968867902419,-0.4999999999999997,-0.8660254037844388,-0.16280701293851646,-0.9866579328916572,112.65,144.4
2019-07-12,West Bengal,ER,22.58039044,88.32994665,112.65,2019,7,4,193,0,0,29.2,85,104.3,168.6,125.7,119.51928571428572,27.04787921886095,140.7945,-0.433883739117558,-0.9009688679024191,-0.4999999999999997,-0.8660254037844388,-0.17976658572556214,-0.9837092937736098,112.6,148.9
2019-07-13,West Bengal,ER,22.58039044,88.32994665,112.6,2019,7,5,194,1,0,29.5,83,112.65,161.6,127.2,112.51928571428572,19.679162505166683,140.30783333333332,-0.9749279121818236,-0.2225209339563146,-0.4999999999999997,-0.8660254037844388,-0.19667288979357622,-0.9804691603616321,114.2,136.7
2019-07-14,West Bengal,ER,22.58039044,88.32994665,114.2,2019,7,6,195,1,0,30.6,78,112.6,151.5,124.9,107.1907142857143,10.068015539556907,139.95116666666667,-0.7818314824680299,0.6234898018587334,-0.4999999999999997,-0.8660254037844388,-0.2135209154397959,-0.9769384927771817,113.9,136.4
2019-07-15,West Bengal,ER,22.58039044,88.32994665,113.9,2019,7,0,196,0,0,30.5,80,114.2,118.6,114.8,106.51928571428572,9.308388881617816,139.92116666666666,0.0,1.0,-0.4999999999999997,-0.8660254037844388,-0.23030567023061196,-0.973118337233262,102.9,140.5
2019-07-16,West Bengal,ER,22.58039044,88.32994665,102.9,2019,7,1,197,0,0,30.5,81,113.9,91.43499999999999,112.4,108.15714285714284,6.912092578193742,139.6045,0.7818314824680298,0.6234898018587336,-0.4999999999999997,-0.8660254037844388,-0.24702218048093527,-0.9690098257244063,129.3,137.4
2019-07-17,West Bengal,ER,22.58039044,88.32994665,129.3,2019,7,2,198,0,0,30.4,82,102.9,96.55,184.1,112.83571428571429,8.619102538630393,137.77783333333335,0.9749279121818236,-0.22252093395631434,-0.4999999999999997,-0.8660254037844388,-0.2636654927280072,-0.9646141756912435,144.4,120.4
2019-07-18,West Bengal,ER,22.58039044,88.32994665,144.4,2019,7,3,199,0,0,30.2,82,129.3,104.3,193.3,118.56428571428572,13.780805318924232,136.14783333333332,0.43388373911755823,-0.900968867902419,-0.4999999999999997,-0.8660254037844388,-0.2802306751992161,-0.9599326896597445,148.9,127.1
2019-07-19,West Bengal,ER,22.58039044,88.32994665,148.9,2019,7,4,200,0,0,29.8,81,144.4,112.65,192.0,123.74285714285715,17.49770052919863,134.71116666666666,-0.433883739117558,-0.9009688679024191,-0.4999999999999997,-0.8660254037844388,-0.2967128192734901,-0.9549667548552553,136.7,116.3
2019-07-20,West Bengal,ER,22.58039044,88.32994665,136.7,2019,7,5,201,1,0,29.7,80,148.9,112.6,172.7,127.1857142857143,17.309768780607342,133.51116666666667,-0.9749279121818236,-0.2225209339563146,-0.4999999999999997,-0.8660254037844388,-0.3131070409358267,-0.9497178427914317,136.4,137.0
2019-07-21,West Bengal,ER,22.58039044,88.32994665,136.4,2019,7,6,202,1,0,30.1,78,136.7,114.2,184.2,130.35714285714286,16.55111850629789,131.91783333333333,-0.7818314824680299,0.6234898018587334,-0.4999999999999997,-0.8660254037844388,-0.3294084822245302,-0.9441875088341994,140.5,139.4
2019-07-22,West Bengal,ER,22.58039044,88.32994665,140.5,2019,7,0,203,0,0,30.2,78,136.4,113.9,155.6,134.15714285714287,15.136033952443281,131.4145,0.0,1.0,-0.4999999999999997,-0.8660254037844388,-0.3456123126707333,-0.9383773917408642,137.4,139.5
2019-07-23,West Bengal,ER,22.58039044,88.32994665,137.4,2019,7,1,204,0,0,30.4,75,140.5,102.9,154.9,139.08571428571432,6.299055106766891,130.83116666666666,0.7818314824680298,0.6234898018587336,-0.4999999999999997,-0.8660254037844388,-0.3617137307297674,-0.9322892131745134,120.4,131.2
2019-07-24,West Bengal,ER,22.58039044,88.32994665,120.4,2019,7,2,205,0,0,30.2,79,137.4,129.3,112.2,137.81428571428572,8.945656035459505,131.1045,0.9749279121818236,-0.22252093395631434,-0.4999999999999997,-0.8660254037844388,-0.37770796520396466,-0.9259247771938499,127.1,187.7
2019-07-25,West Bengal,ER,22.58039044,88.32994665,127.1,2019,7,3,206,0,0,28.5,89,120.4,144.4,122.3,135.34285714285716,9.208846678213783,131.2645,0.43388373911755823,-0.900968867902419,-0.4999999999999997,-0.8660254037844388,-0.39359027665646645,-0.9192859697186105,116.3,176.5
2019-07-26,West Bengal,ER,22.58039044,88.32994665,116.3,2019,7,4,207,0,0,27.4,93,127.1,148.9,118.8,130.68571428571428,9.450119676742469,131.18116666666666,-0.433883739117558,-0.9009688679024191,-0.4999999999999997,-0.8660254037844388,-0.4093559588156211,-0.9123747579707274,137.0,192.0
2019-07-27,West Bengal,ER,22.58039044,88.32994665,137.0,2019,7,5,208,1,0,27.5,90,116.3,136.7,118.3,130.72857142857143,9.48256545556322,131.80450000000002,-0.9749279121818236,-0.2225209339563146,-0.4999999999999997,-0.8660254037844388,-0.42500033996955394,-0.9051931898913975,139.4,184.5
2019-07-28,West Bengal,ER,22.58039044,88.32994665,139.4,2019,7,6,209,1,0,27.7,88,137.0,136.4,121.4,131.15714285714287,9.842570318579574,132.4045,-0.7818314824680299,0.6234898018587334,-0.4999999999999997,-0.8660254037844388,-0.4405187843504952,-0.8977433935342336,139.5,175.3
2019-07-29,West Bengal,ER,22.58039044,88.32994665,139.5,2019,7,0,210,0,0,27.7,87,139.4,140.5,119.1,131.0142857142857,9.690446940402442,133.08450000000002,0.0,1.0,-0.4999999999999997,-0.8660254037844388,-0.455906693508459,-0.8900275764346766,131.2,170.0
2019-07-30,West Bengal,ER,22.58039044,88.32994665,131.2,2019,7,1,211,0,0,28.8,82,139.5,137.4,107.5,130.12857142857143,9.284344221270617,133.8745,0.7818314824680298,0.6234898018587336,-0.4999999999999997,-0.8660254037844388,-0.47115950767386394,-0.8820480249558535,187.7,163.8
2019-07-31,West Bengal,ER,22.58039044,88.32994665,187.7,2019,7,2,212,0,0,29.0,81,131.2,120.4,151.8,139.74285714285713,22.69352750182705,135.07116666666667,0.9749279121818236,-0.22252093395631434,-0.4999999999999997,-0.8660254037844388,-0.4862727071086902,-0.8738071036110807,176.5,149.0
2019-08-01,West Bengal,ER,22.58039044,88.32994665,176.5,2019,8,3,213,0,0,28.5,84,187.7,127.1,166.7,146.79999999999998,25.601432251601103,135.39783333333332,0.43388373911755823,-0.900968867902419,-0.8660254037844385,-0.5000000000000004,-0.5012418134457756,-0.8653072543632061,192.0,157.7
2019-08-02,West Bengal,ER,22.58039044,88.32994665,192.0,2019,8,4,214,0,0,28.3,87,176.5,116.3,180.0,157.6142857142857,26.541629475939846,135.79783333333333,-0.433883739117558,-0.9009688679024191,-0.8660254037844385,-0.5000000000000004,-0.5160623910158526,-0.8565509959010037,184.5,148.2
2019-08-03,West Bengal,ER,22.58039044,88.32994665,184.5,2019,8,5,215,1,0,28.5,88,192.0,137.0,184.4,164.4,26.46481941496386,135.80116666666666,-0.9749279121818236,-0.2225209339563146,-0.8660254037844385,-0.5000000000000004,-0.5307300481619331,-0.8475409228928312,175.3,91.43499999999999
2019-08-04,West Bengal,ER,22.58039044,88.32994665,175.3,2019,8,6,216,1,0,28.8,86,184.5,139.4,168.6,169.52857142857144,24.19371228823088,136.02450000000002,-0.7818314824680299,0.6234898018587334,-0.8660254037844385,-0.5000000000000004,-0.5452404385406507,-0.8382797052177745,170.0,91.43499999999999
2019-08-05,West Bengal,ER,22.58039044,88.32994665,170.0,2019,8,0,217,0,0,29.7,84,175.3,139.5,161.6,173.8857142857143,20.320878308726552,136.30450000000002,0.0,1.0,-0.8660254037844385,-0.5000000000000004,-0.5595892624101763,-0.828770087174504,163.8,91.43499999999999
2019-08-06,West Bengal,ER,22.58039044,88.32994665,163.8,2019,8,1,218,0,0,29.0,87,170.0,131.2,151.5,178.54285714285714,10.045373253866675,136.71450000000002,0.7818314824680298,0.6234898018587336,-0.8660254037844385,-0.5000000000000004,-0.5737722679043243,-0.8190148866680802,149.0,102.9
2019-08-08,West Bengal,ER,22.58039044,88.32994665,149.0,2019,8,3,220,0,0,27.6,89,163.8,187.7,118.6,173.0142857142857,14.026335773753356,137.72783333333334,0.43388373911755823,-0.900968867902419,-0.8660254037844385,-0.5000000000000004,-0.6016240632249227,-0.7987793728863648,157.7,121.0
2019-08-09,West Bengal,ER,22.58039044,88.32994665,157.7,2019,8,4,221,0,0,29.2,82,149.0,176.5,91.43499999999999,170.32857142857142,15.012851637370332,139.93666666666664,-0.433883739117558,-0.9009688679024191,-0.8660254037844385,-0.5000000000000004,-0.6152845999633277,-0.7883050558305253,148.2,125.4
2019-08-10,West Bengal,ER,22.58039044,88.32994665,148.2,2019,8,5,222,1,0,29.4,86,157.7,192.0,96.55,164.07142857142858,13.529438801579872,141.65833333333333,-0.9749279121818236,-0.2225209339563146,-0.8660254037844385,-0.5000000000000004,-0.6287628145958345,-0.7775971469736268,91.43499999999999,124.2
2019-08-11,West Bengal,ER,22.58039044,88.32994665,91.43499999999999,2019,8,6,223,1,0,29.5,86,148.2,184.5,104.3,150.77642857142857,28.0466852934953,141.2295,-0.7818314824680299,0.6234898018587334,-0.8660254037844385,-0.5000000000000004,-0.6420547132365636,-0.7666588193001592,91.43499999999999,124.8
2019-08-12,West Bengal,ER,22.58039044,88.32994665,91.43499999999999,2019,8,0,224,0,1,27.9,90,91.43499999999999,175.3,112.65,138.79571428571427,33.25391285605474,140.52233333333334,0.0,1.0,-0.8660254037844385,-0.5000000000000004,-0.655156357209085,-0.7554933140726804,91.43499999999999,130.0
2019-08-13,West Bengal,ER,22.58039044,88.32994665,91.43499999999999,2019,8,1,225,0,0,27.6,89,91.43499999999999,170.0,112.6,127.57214285714284,34.211319381302935,139.81683333333334,0.7818314824680298,0.6234898018587336,-0.8660254037844385,-0.5000000000000004,-0.6680638642135333,-0.7441039398713608,102.9,124.9
2019-08-14,West Bengal,ER,22.58039044,88.32994665,102.9,2019,8,2,226,0,0,28.3,85,91.43499999999999,163.8,114.2,118.87214285714286,31.061533668019607,139.44016666666667,0.9749279121818236,-0.22252093395631434,-0.8660254037844385,-0.5000000000000004,-0.6807734094770159,-0.7324940716135792,121.0,113.2
2019-08-15,West Bengal,ER,22.58039044,88.32994665,121.0,2019,8,3,227,0,1,28.0,90,102.9,149.0,113.9,114.87214285714286,28.206834995727238,139.67683333333335,0.43388373911755823,-0.900968867902419,-0.8660254037844385,-0.5000000000000004,-0.6932812268869771,-0.7206671495538615,125.4,109.9
2019-08-16,West Bengal,ER,22.58039044,88.32994665,125.4,2019,8,4,228,0,0,28.3,90,121.0,157.7,102.9,110.25785714285713,21.98985464123969,140.42683333333335,-0.433883739117558,-0.9009688679024191,-0.8660254037844385,-0.5000000000000004,-0.7055836101071774,-0.70862667826446,124.2,112.9
2019-08-17,West Bengal,ER,22.58039044,88.32994665,124.2,2019,8,5,229,1,0,27.0,94,125.4,148.2,129.3,106.82928571428572,16.19574878081971,140.25683333333333,-0.9749279121818236,-0.2225209339563146,-0.8660254037844385,-0.5000000000000004,-0.7176769136759615,-0.6963762255968726,124.8,111.2
2019-08-18,West Bengal,ER,22.58039044,88.32994665,124.8,2019,8,6,230,1,0,27.3,87,124.2,91.43499999999999,144.4,111.59571428571428,15.815310732686283,139.60350000000003,-0.7818314824680299,0.6234898018587334,-0.8660254037844385,-0.5000000000000004,-0.7295575540864876,-0.6839194216246105,130.0,112.4
2019-08-19,West Bengal,ER,22.58039044,88.32994665,130.0,2019,8,0,231,0,0,28.6,84,124.8,91.43499999999999,148.9,117.105,14.262667176934055,138.9735,0.0,1.0,-0.8660254037844385,-0.5000000000000004,-0.7412220108485957,-0.6712599575675315,124.9,109.4
2019-08-20,West Bengal,ER,22.58039044,88.32994665,124.9,2019,8,1,232,0,0,28.9,85,130.0,91.43499999999999,136.7,121.88571428571429,8.778463907280107,138.58016666666668,0.7818314824680298,0.6234898018587336,-0.8660254037844385,-0.5000000000000004,-0.7526668275320083,-0.6584015846980489,113.2,112.6
2019-08-21,West Bengal,ER,22.58039044,88.32994665,113.2,2019,8,2,233,0,0,29.2,86,124.9,102.9,136.4,123.35714285714286,5.199313141449346,137.80683333333334,0.9749279121818236,-0.22252093395631434,-0.8660254037844385,-0.5000000000000004,-0.7638886127905429,-0.64534811322955,109.9,104.1
2019-08-22,West Bengal,ER,22.58039044,88.32994665,109.9,2019,8,3,234,0,0,28.9,87,113.2,121.0,140.5,121.77142857142857,7.30449959173832,136.78683333333336,0.43388373911755823,-0.900968867902419,-0.8660254037844385,-0.5000000000000004,-0.7748840413670406,-0.6321034111873488,112.9,175.3
2019-08-23,West Bengal,ER,22.58039044,88.32994665,112.9,2019,8,4,235,0,0,28.5,87,109.9,125.4,137.4,119.98571428571428,7.7819082003122215,135.97016666666667,-0.433883739117558,-0.9009688679024191,-0.8660254037844385,-0.5000000000000004,-0.7856498550787144,-0.6186714032625032,111.2,174.9
2019-08-24,West Bengal,ER,22.58039044,88.32994665,111.2,2019,8,5,236,1,1,27.1,91,112.9,124.2,120.4,118.12857142857145,8.151015128132162,135.6635,-0.9749279121818236,-0.2225209339563146,-0.8660254037844385,-0.5000000000000004,-0.7961828637826154,-0.6050560696488494,112.4,164.1
2019-08-25,West Bengal,ER,22.58039044,88.32994665,112.4,2019,8,6,237,1,0,27.4,89,111.2,124.8,127.1,116.35714285714286,7.79932842041646,135.1735,-0.7818314824680299,0.6234898018587334,-0.8660254037844385,-0.5000000000000004,-0.8064799463209447,-0.5912614448635782,109.4,172.8
2019-08-26,West Bengal,ER,22.58039044,88.32994665,109.4,2019,8,0,238,0,0,27.4,88,112.4,130.0,116.3,113.41428571428573,5.269860393921389,134.9435,0.0,1.0,-0.8660254037844385,-0.5000000000000004,-0.8165380514459157,-0.5772916165517278,112.6,183.4
2019-08-27,West Bengal,ER,22.58039044,88.32994665,112.6,2019,8,1,239,0,0,28.4,85,109.4,124.9,137.0,111.65714285714286,1.514218327339306,134.13016666666667,0.7818314824680298,0.6234898018587336,-0.8660254037844385,-0.5000000000000004,-0.8263541987239094,-0.5631507242749187,104.1,176.2
2019-08-28,West Bengal,ER,22.58039044,88.32994665,104.1,2019,8,2,240,0,0,28.2,88,112.6,113.2,139.4,110.35714285714286,3.072923224366429,132.9535,0.9749279121818236,-0.22252093395631434,-0.8660254037844385,-0.5000000000000004,-0.8359254794186365,-0.5488429582847199,175.3,162.8
2019-08-29,West Bengal,ER,22.58039044,88.32994665,175.3,2019,8,3,241,0,0,28.5,86,104.1,109.9,139.5,119.70000000000002,24.708298201211502,134.14683333333332,0.43388373911755823,-0.900968867902419,-0.8660254037844385,-0.5000000000000004,-0.8452490573530634,-0.5343725582809785,174.9,129.0
2019-08-30,West Bengal,ER,22.58039044,88.32994665,174.9,2019,8,4,242,0,0,29.1,84,175.3,112.9,131.2,128.55714285714288,31.923494855819172,135.6035,-0.433883739117558,-0.9009688679024191,-0.8660254037844385,-0.5000000000000004,-0.8543221697498269,-0.5197438121555157,164.1,142.0
2019-08-31,West Bengal,ER,22.58039044,88.32994665,164.1,2019,8,5,243,1,0,29.2,82,174.9,111.2,187.7,136.1142857142857,33.35892826872714,134.81683333333334,-0.9749279121818236,-0.2225209339563146,-0.8660254037844385,-0.5000000000000004,-0.8631421280499115,-0.5049610547215202,172.8,142.2
2019-09-01,West Bengal,ER,22.58039044,88.32994665,172.8,2019,9,6,244,1,0,28.5,87,164.1,112.4,176.5,144.74285714285716,34.007884239925545,134.6935,-0.7818314824680299,0.6234898018587334,-1.0,-1.8369701987210297e-16,-0.8717063187093217,-0.4900286664290594,183.4,141.3
2019-09-02,West Bengal,ER,22.58039044,88.32994665,183.4,2019,9,0,245,0,0,28.1,88,172.8,109.4,192.0,155.31428571428572,32.66544701318829,134.40683333333334,0.0,1.0,-1.0,-1.8369701987210297e-16,-0.8800122039735356,-0.4749510720670502,176.2,140.2
2019-09-03,West Bengal,ER,22.58039044,88.32994665,176.2,2019,9,1,246,0,0,28.3,88,183.4,112.6,184.5,164.4,27.190807270104752,134.13016666666667,0.7818314824680298,0.6234898018587336,-1.0,-1.8369701987210297e-16,-0.888057322629493,-0.4597327394521046,162.8,135.2
2019-09-04,West Bengal,ER,22.58039044,88.32994665,162.8,2019,9,2,247,0,0,28.2,88,176.2,104.1,175.3,172.78571428571428,7.191065885625591,133.7135,0.9749279121818236,-0.22252093395631434,-1.0,-1.8369701987210297e-16,-0.8958392907349089,-0.4443781781046134,129.0,181.7
2019-09-05,West Bengal,ER,22.58039044,88.32994665,129.0,2019,9,3,248,0,0,28.3,87,162.8,175.3,170.0,166.17142857142858,17.864743144501926,132.34683333333334,0.43388373911755823,-0.900968867902419,-1.0,-1.8369701987210297e-16,-0.9033558023246842,-0.4288919379124841,142.0,180.8
2019-09-06,West Bengal,ER,22.58039044,88.32994665,142.0,2019,9,4,249,0,0,28.4,85,129.0,174.9,163.8,161.47142857142856,19.443654859251545,131.62016666666668,-0.433883739117558,-0.9009688679024191,-1.0,-1.8369701987210297e-16,-0.9106046300942162,-0.41327860778290443,142.2,183.8
2019-09-08,West Bengal,ER,22.58039044,88.32994665,142.2,2019,9,6,251,1,0,28.4,88,142.0,164.1,149.0,158.34285714285716,20.673240122023444,131.3935,-0.7818314824680299,0.6234898018587334,-1.0,-1.8369701987210297e-16,-0.9242907221930934,-0.3816892202666586,141.3,194.533
2019-09-09,West Bengal,ER,22.58039044,88.32994665,141.3,2019,9,0,252,0,0,28.3,88,142.2,172.8,157.7,153.84285714285716,20.42872627313903,130.84683333333334,0.0,1.0,-1.0,-1.8369701987210297e-16,-0.9307239310379793,-0.3657225234972692,140.2,188.9
2019-09-10,West Bengal,ER,22.58039044,88.32994665,140.2,2019,9,1,253,0,1,28.8,88,141.3,183.4,148.2,147.67142857142858,16.07220315593663,130.58016666666668,0.7818314824680298,0.6234898018587336,-1.0,-1.8369701987210297e-16,-0.9368813462954315,-0.34964745525122826,135.2,190.0
2019-09-11,West Bengal,ER,22.58039044,88.32994665,135.2,2019,9,2,254,0,0,27.1,92,140.2,176.2,91.43499999999999,141.81428571428572,10.419601491327855,132.03900000000002,0.9749279121818236,-0.22252093395631434,-1.0,-1.8369701987210297e-16,-0.9427611433904206,-0.33346877891818705,181.7,182.7
2019-09-12,West Bengal,ER,22.58039044,88.32994665,181.7,2019,9,3,255,0,0,26.6,93,135.2,162.8,91.43499999999999,144.5142857142857,17.08239137937311,135.04783333333333,0.43388373911755823,-0.900968867902419,-1.0,-1.8369701987210297e-16,-0.9483615800121716,-0.31719128858910595,180.8,171.1
2019-09-13,West Bengal,ER,22.58039044,88.32994665,180.8,2019,9,4,256,0,0,27.7,89,181.7,129.0,91.43499999999999,151.91428571428574,20.180388877275853,138.02666666666667,-0.433883739117558,-0.9009688679024191,-1.0,-1.8369701987210297e-16,-0.9536809966304455,-0.300819807635668,183.8,178.0
2019-09-14,West Bengal,ER,22.58039044,88.32994665,183.8,2019,9,5,257,1,0,28.1,87,180.8,142.0,102.9,157.8857142857143,22.775310358033412,140.72333333333333,-0.9749279121818236,-0.2225209339563146,-1.0,-1.8369701987210297e-16,-0.9587178169872964,-0.2843591872810036,194.533,162.6
2019-09-15,West Bengal,ER,22.58039044,88.32994665,194.533,2019,9,6,258,1,0,28.9,87,183.8,142.2,121.0,165.36185714285713,25.22571936488968,143.17443333333333,-0.7818314824680299,0.6234898018587334,-1.0,-1.8369701987210297e-16,-0.9634705485641486,-0.26781430516217486,188.9,170.5
2019-09-16,West Bengal,ER,22.58039044,88.32994665,188.9,2019,9,0,259,0,0,28.7,87,194.533,141.3,125.4,172.16185714285714,24.046526793063098,145.29109999999997,0.0,1.0,-1.0,-1.8369701987210297e-16,-0.9679377830240642,-0.25119006388481957,190.0,166.0
2019-09-17,West Bengal,ER,22.58039044,88.32994665,190.0,2019,9,1,260,0,0,28.8,82,188.9,140.2,124.2,179.27614285714284,20.048941388749157,147.48443333333333,0.7818314824680298,0.6234898018587336,-1.0,-1.8369701987210297e-16,-0.9721181966290612,-0.23449138957041052,182.7,164.3
2019-09-18,West Bengal,ER,22.58039044,88.32994665,182.7,2019,9,2,261,0,0,28.1,86,190.0,135.2,124.8,186.06185714285715,5.138989927618353,149.41443333333333,0.9749279121818236,-0.22252093395631434,-1.0,-1.8369701987210297e-16,-0.9760105506323682,-0.21772323039653224,171.1,155.0
2019-09-19,West Bengal,ER,22.58039044,88.32994665,171.1,2019,9,3,262,0,0,28.3,88,182.7,181.7,130.0,184.54757142857144,7.607400428903902,150.7844333333333,0.43388373911755823,-0.900968867902419,-1.0,-1.8369701987210297e-16,-0.9796136916454901,-0.20089055513063528,178.0,141.5
2019-09-20,West Bengal,ER,22.58039044,88.32994665,178.0,2019,9,4,263,0,0,28.3,86,171.1,180.8,124.9,184.1475714285714,7.905079039391114,152.55443333333332,-0.433883739117558,-0.9009688679024191,-1.0,-1.8369701987210297e-16,-0.9829265519799822,-0.18399835165767986,162.6,148.2
2019-09-21,West Bengal,ER,22.58039044,88.32994665,162.6,2019,9,5,264,1,0,28.5,85,178.0,183.8,113.2,181.11899999999997,11.36451320265446,154.20110000000003,-0.9749279121818236,-0.2225209339563146,-1.0,-1.8369701987210297e-16,-0.9859481499638303,-0.1670516255021195,170.5,141.6
2019-09-22,West Bengal,ER,22.58039044,88.32994665,170.5,2019,9,6,265,1,0,28.2,88,162.6,194.533,109.9,177.68571428571428,10.208073368894704,156.2211,-0.7818314824680299,0.6234898018587334,-1.0,-1.8369701987210297e-16,-0.9886775902323404,-0.15005539834465262,166.0,154.3
2019-09-23,West Bengal,ER,22.58039044,88.32994665,166.0,2019,9,0,266,0,0,27.7,87,170.5,188.9,112.9,174.41428571428568,9.67047544012556,157.99110000000002,0.0,1.0,-1.0,-1.8369701987210297e-16,-0.9911140639934546,-0.13301470653419636,164.3,161.1
2019-09-24,West Bengal,ER,22.58039044,88.32994665,164.3,2019,9,1,267,0,0,26.6,90,166.0,190.0,111.2,170.74285714285716,7.372665086396375,159.76110000000003,0.7818314824680298,0.6234898018587336,-1.0,-1.8369701987210297e-16,-0.9932568492674143,-0.11593459959550066,155.0,164.8
2019-09-25,West Bengal,ER,22.58039044,88.32994665,155.0,2019,9,2,268,0,0,25.9,93,164.3,182.7,112.4,166.78571428571428,7.3187951129090125,161.1811,0.9749279121818236,-0.22252093395631434,-1.0,-1.8369701987210297e-16,-0.9951053111006974,-0.09882013873287211,141.5,156.5
2019-09-26,West Bengal,ER,22.58039044,88.32994665,141.5,2019,9,3,269,0,0,25.7,93,155.0,171.1,109.4,162.55714285714288,11.668884143003455,162.2511,0.43388373911755823,-0.900968867902419,-1.0,-1.8369701987210297e-16,-0.99665890175417,-0.08167639533042288,148.2,114.3
2019-09-27,West Bengal,ER,22.58039044,88.32994665,148.2,2019,9,4,270,0,0,26.3,90,141.5,178.0,112.6,158.29999999999998,10.470275386380644,163.43776666666665,-0.433883739117558,-0.9009688679024191,-1.0,-1.8369701987210297e-16,-0.9979171608653922,-0.06450844944931625,141.6,116.8
2019-09-28,West Bengal,ER,22.58039044,88.32994665,141.6,2019,9,5,271,1,0,26.0,88,148.2,162.6,104.1,155.29999999999998,11.938453277818247,164.68776666666665,-0.9749279121818236,-0.2225209339563146,-1.0,-1.8369701987210297e-16,-0.9988797155850335,-0.04732138832243232,154.3,121.4
2019-09-29,West Bengal,ER,22.58039044,88.32994665,154.3,2019,9,6,272,1,0,25.3,92,141.6,170.5,175.3,152.9857142857143,9.896367780053373,163.98776666666666,-0.7818314824680299,0.6234898018587334,-1.0,-1.8369701987210297e-16,-0.9995462806873573,-0.03012030484690836,161.1,117.2
2019-09-30,West Bengal,ER,22.58039044,88.32994665,161.1,2019,9,0,273,0,0,26.4,89,154.3,166.0,174.9,152.28571428571428,8.950498788973276,163.52776666666668,0.0,1.0,-1.0,-1.8369701987210297e-16,-0.9999166586547379,-0.012910296075008843,164.8,121.5
2019-10-01,West Bengal,ER,22.58039044,88.32994665,164.8,2019,10,1,274,0,0,27.0,87,161.1,164.3,164.1,152.35714285714286,9.063637449142995,163.55110000000002,0.7818314824680298,0.6234898018587336,-0.8660254037844386,0.5000000000000001,-0.9999907397361901,0.004303538296243821,156.5,122.6
2019-10-02,West Bengal,ER,22.58039044,88.32994665,156.5,2019,10,2,275,0,1,27.4,88,164.8,155.0,172.8,152.57142857142858,9.153817834781531,163.00776666666667,0.9749279121818236,-0.22252093395631434,-0.8660254037844386,0.5000000000000001,-0.9997685019798909,0.021516097436222233,114.3,111.0
2019-10-03,West Bengal,ER,22.58039044,88.32994665,114.3,2019,10,3,276,0,0,27.5,89,156.5,141.5,183.4,148.68571428571428,17.02541517569384,160.70443333333333,0.43388373911755823,-0.900968867902419,-0.8660254037844386,0.5000000000000001,-0.9992500112396835,0.03872228089217399,116.8,174.5
2019-10-04,West Bengal,ER,22.58039044,88.32994665,116.8,2019,10,4,277,0,0,27.7,88,114.3,148.2,176.2,144.2,20.875823337056318,158.72443333333334,-0.433883739117558,-0.9009688679024191,-0.8660254037844386,0.5000000000000001,-0.9984354211555643,0.05591699010060302,121.4,157.1
2019-10-05,West Bengal,ER,22.58039044,88.32994665,121.4,2019,10,5,278,1,0,27.8,89,116.8,141.6,162.8,141.31428571428572,22.6185343300153,157.34443333333334,-0.9749279121818236,-0.2225209339563146,-0.8660254037844386,0.5000000000000001,-0.9973249731081555,0.07309512989807776,117.2,166.7
2019-10-06,West Bengal,ER,22.58039044,88.32994665,117.2,2019,10,6,279,1,0,27.4,88,121.4,154.3,129.0,136.0142857142857,23.401668642173387,156.95110000000003,-0.7818314824680299,0.6234898018587334,-0.8660254037844386,0.5000000000000001,-0.9959189961471792,0.0902516100310407,121.5,184.1
2019-10-08,West Bengal,ER,22.58039044,88.32994665,121.5,2019,10,1,281,0,1,26.2,91,117.2,161.1,142.0,130.35714285714286,20.988795196711756,156.2677666666667,0.7818314824680298,0.6234898018587336,-0.8660254037844386,0.5000000000000001,-0.9922222094179324,0.12447926388678869,122.6,192.9
2019-10-09,West Bengal,ER,22.58039044,88.32994665,122.6,2019,10,2,282,0,0,25.1,93,121.5,164.8,142.2,124.32857142857144,14.506517418699604,155.61443333333332,0.9749279121818236,-0.22252093395631434,-0.8660254037844386,0.5000000000000001,-0.989932495087353,0.141540295217043,111.0,192.9
2019-10-10,West Bengal,ER,22.58039044,88.32994665,111.0,2019,10,3,283,0,0,25.7,92,122.6,156.5,141.3,117.82857142857144,4.272670626868219,154.60443333333333,0.43388373911755823,-0.900968867902419,-0.8660254037844386,0.5000000000000001,-0.9873494423939864,0.15855938510313475,174.5,172.0
2019-10-11,West Bengal,ER,22.58039044,88.32994665,174.5,2019,10,4,284,0,0,26.8,86,111.0,114.3,140.2,126.42857142857143,21.567777994476728,155.74776666666668,-0.433883739117558,-0.9009688679024191,-0.8660254037844386,0.5000000000000001,-0.9844738167520923,0.17553149042142777,157.1,110.9
2019-10-12,West Bengal,ER,22.58039044,88.32994665,157.1,2019,10,5,285,1,0,27.6,81,174.5,116.8,135.2,132.18571428571428,23.829353647089995,156.47776666666667,-0.9749279121818236,-0.2225209339563146,-0.8660254037844386,0.5000000000000001,-0.9813064702716093,0.19245158197082995,166.7,113.8
2019-10-13,West Bengal,ER,22.58039044,88.32994665,166.7,2019,10,6,286,1,0,27.1,84,157.1,121.4,181.7,138.65714285714287,26.42214078778456,155.97776666666667,-0.7818314824680299,0.6234898018587334,-0.8660254037844386,0.5000000000000001,-0.9778483415056567,0.20931464596304888,184.1,111.2
2019-10-14,West Bengal,ER,22.58039044,88.32994665,184.1,2019,10,0,287,0,0,27.4,78,166.7,117.2,180.8,148.21428571428572,29.30883988215976,156.08776666666665,0.0,1.0,-0.8660254037844386,0.5000000000000001,-0.9741004551724206,0.22611568550828803,192.9,113.8
2019-10-15,West Bengal,ER,22.58039044,88.32994665,192.9,2019,10,1,288,0,0,27.6,75,184.1,121.5,183.8,158.41428571428568,30.84620066131447,156.3911,0.7818314824680298,0.6234898018587336,-0.8660254037844386,0.5000000000000001,-0.970063921851507,0.2428497220959358,192.9,115.0
2019-10-16,West Bengal,ER,22.58039044,88.32994665,192.9,2019,10,2,289,0,0,26.9,85,192.9,122.6,194.533,168.45714285714283,28.60511942192932,156.33666666666667,0.9749279121818236,-0.22252093395631434,-0.8660254037844386,0.5000000000000001,-0.965739937654855,0.25951179706979943,172.0,116.0
2019-10-17,West Bengal,ER,22.58039044,88.32994665,172.0,2019,10,3,290,0,0,26.9,89,192.9,111.0,188.9,177.17142857142855,13.473271600432742,155.77333333333337,0.43388373911755823,-0.900968867902419,-0.8660254037844386,0.5000000000000001,-0.9611297838723007,0.27609697309746883,110.9,107.4
2019-10-18,West Bengal,ER,22.58039044,88.32994665,110.9,2019,10,4,291,0,0,27.6,87,172.0,174.5,190.0,168.08571428571426,28.56597209801799,153.13666666666668,-0.433883739117558,-0.9009688679024191,-0.8660254037844386,0.5000000000000001,-0.9562348265919058,0.2926003356333479,113.8,164.8
2019-10-19,West Bengal,ER,22.58039044,88.32994665,113.8,2019,10,5,292,1,0,27.8,86,110.9,157.1,182.7,161.9,35.24793138138248,150.84,-0.9749279121818236,-0.2225209339563146,-0.8660254037844386,0.5000000000000001,-0.9510565162951536,0.30901699437494723,111.2,150.5
2019-10-20,West Bengal,ER,22.58039044,88.32994665,111.2,2019,10,6,293,1,0,28.2,83,113.8,166.7,171.1,153.97142857142856,39.92057590957779,148.84333333333333,-0.7818314824680299,0.6234898018587334,-0.8660254037844386,0.5000000000000001,-0.9455963874271428,0.3253420847119795,113.8,152.2
2019-10-21,West Bengal,ER,22.58039044,88.32994665,113.8,2019,10,0,294,0,0,27.7,86,111.2,184.1,178.0,143.92857142857144,39.9205759095778,146.70333333333335,0.0,1.0,-0.8660254037844386,0.5000000000000001,-0.9398560579418953,0.341570769167856,115.0,138.2
2019-10-22,West Bengal,ER,22.58039044,88.32994665,115.0,2019,10,1,295,0,0,27.1,87,113.8,192.9,162.6,132.8,34.481057601722675,145.11666666666667,0.7818314824680298,0.6234898018587336,-0.8660254037844386,0.5000000000000001,-0.9338372288229252,0.35769823883312546,116.0,157.1
2019-10-23,West Bengal,ER,22.58039044,88.32994665,116.0,2019,10,2,296,0,0,26.7,88,115.0,192.9,170.5,121.81428571428572,22.20768850131443,143.3,0.9749279121818236,-0.22252093395631434,-0.8660254037844386,0.5000000000000001,-0.9275416835791965,0.3737197147904692,107.4,151.0
2019-10-24,West Bengal,ER,22.58039044,88.32994665,107.4,2019,10,3,297,0,0,23.5,95,116.0,172.0,166.0,112.58571428571429,2.9464264069230777,141.34666666666666,0.43388373911755823,-0.900968867902419,-0.8660254037844386,0.5000000000000001,-0.9209712877166347,0.38963044953078774,164.8,144.9
2019-10-25,West Bengal,ER,22.58039044,88.32994665,164.8,2019,10,4,298,0,0,23.2,96,107.4,110.9,164.3,120.28571428571429,19.83493791028211,141.36333333333334,-0.433883739117558,-0.9009688679024191,-0.8660254037844386,0.5000000000000001,-0.9141279881853337,0.4054257283599973,150.5,130.3
2019-10-26,West Bengal,ER,22.58039044,88.32994665,150.5,2019,10,5,299,1,0,24.5,89,164.8,113.8,155.0,125.52857142857144,22.50545965506367,141.21333333333334,-0.9749279121818236,-0.2225209339563146,-0.8660254037844386,0.5000000000000001,-0.9070138128026362,0.42110087079608916,152.2,143.3
2019-10-27,West Bengal,ER,22.58039044,88.32994665,152.2,2019,10,6,300,1,1,25.1,83,150.5,111.2,141.5,131.3857142857143,23.469443152847614,141.57000000000002,-0.7818314824680299,0.6234898018587334,-0.8660254037844386,0.5000000000000001,-0.8996308696522434,0.4366512319560638,138.2,151.4
2019-10-28,West Bengal,ER,22.58039044,88.32994665,138.2,2019,10,0,301,0,0,24.8,81,152.2,113.8,148.2,134.87142857142857,22.19990347469326,141.23666666666668,0.0,1.0,-0.8660254037844386,0.5000000000000001,-0.8919813464595487,0.45207220393230374,157.1,137.6
2019-10-29,West Bengal,ER,22.58039044,88.32994665,157.1,2019,10,1,302,0,0,24.5,81,138.2,115.0,141.6,140.88571428571427,21.614225915002027,141.75333333333336,0.7818314824680298,0.6234898018587336,-0.8660254037844386,0.5000000000000001,-0.8840675099433637,0.46735921715800205,151.0,127.2
2019-10-30,West Bengal,ER,22.58039044,88.32994665,151.0,2019,10,2,303,0,0,25.2,79,157.1,116.0,154.3,145.88571428571427,18.75743662048233,141.64333333333335,0.9749279121818236,-0.22252093395631434,-0.8660254037844386,0.5000000000000001,-0.8758917051442433,0.48250774176121763,144.9,130.9
2019-10-31,West Bengal,ER,22.58039044,88.32994665,144.9,2019,10,3,304,0,0,25.7,78,151.0,107.4,161.1,151.24285714285716,8.465391730028811,141.10333333333332,0.43388373911755823,-0.900968867902419,-0.8660254037844386,0.5000000000000001,-0.8674563547295971,0.4975132889071803,130.3,125.8
2019-11-01,West Bengal,ER,22.58039044,88.32994665,130.3,2019,11,4,305,0,0,25.3,82,144.9,164.8,164.8,146.31428571428572,9.262366251202316,139.95333333333335,-0.433883739117558,-0.9009688679024191,-0.5000000000000004,0.8660254037844384,-0.858763958275803,0.5123714121284235,143.3,109.0
2019-11-02,West Bengal,ER,22.58039044,88.32994665,143.3,2019,11,5,306,1,0,25.1,82,130.3,150.5,156.5,145.28571428571428,9.11874051453443,139.51333333333335,-0.9749279121818236,-0.2225209339563146,-0.5000000000000004,0.8660254037844384,-0.8498170915275277,0.5270777086423724,151.4,115.2
2019-11-03,West Bengal,ER,22.58039044,88.32994665,151.4,2019,11,6,307,1,0,25.5,82,143.3,152.2,114.3,145.17142857142858,9.02214207486397,140.75,-0.7818314824680299,0.6234898018587334,-0.5000000000000004,0.8660254037844384,-0.8406184056344783,0.5416278206559811,137.6,115.8
2019-11-04,West Bengal,ER,22.58039044,88.32994665,137.6,2019,11,0,308,0,0,26.1,81,151.4,138.2,116.8,145.08571428571426,9.101909794364314,141.44333333333333,0.0,1.0,-0.5000000000000004,0.8660254037844384,-0.8311706263658079,0.5560174366570446,127.2,112.3
2019-11-05,West Bengal,ER,22.58039044,88.32994665,127.2,2019,11,1,309,0,0,25.5,82,137.6,157.1,121.4,140.81428571428572,9.529852844513309,141.63666666666668,0.7818314824680298,0.6234898018587336,-0.5000000000000004,0.8660254037844384,-0.8214765533024145,0.5702422926917867,130.9,117.8
2019-11-06,West Bengal,ER,22.58039044,88.32994665,130.9,2019,11,2,310,0,0,24.8,75,127.2,151.0,117.2,137.94285714285715,8.960442165959613,142.09333333333333,0.9749279121818236,-0.22252093395631434,-0.5000000000000004,0.8660254037844384,-0.8115390590073611,0.5842981736283683,125.8,115.7
2019-11-08,West Bengal,ER,22.58039044,88.32994665,125.8,2019,11,4,312,0,0,24.1,85,130.9,144.9,121.5,135.21428571428572,9.38676880355598,142.23666666666668,-0.433883739117558,-0.9009688679024191,-0.5000000000000004,0.8660254037844384,-0.7909456567567774,0.6118864012687242,109.0,106.1
2019-11-09,West Bengal,ER,22.58039044,88.32994665,109.0,2019,11,5,313,1,0,23.6,93,125.8,130.3,122.6,132.17142857142858,13.704587344597337,141.78333333333333,-0.9749279121818236,-0.2225209339563146,-0.5000000000000004,0.8660254037844384,-0.780295851070776,0.6254105729852457,115.2,137.9
2019-11-10,West Bengal,ER,22.58039044,88.32994665,115.2,2019,11,6,314,1,1,24.6,85,109.0,143.3,111.0,128.15714285714287,14.013547866600627,141.92333333333332,-0.7818314824680299,0.6234898018587334,-0.5000000000000004,0.8660254037844384,-0.7694148268839381,0.6387494220515268,115.8,148.7
2019-11-11,West Bengal,ER,22.58039044,88.32994665,115.8,2019,11,0,315,0,0,24.6,82,115.2,151.4,174.5,123.07142857142857,10.080462007551898,139.96666666666667,0.0,1.0,-0.5000000000000004,0.8660254037844384,-0.7583058084785625,0.6518989958787125,112.3,153.4
2019-11-12,West Bengal,ER,22.58039044,88.32994665,112.3,2019,11,1,316,0,1,24.5,80,115.8,137.6,157.1,119.45714285714287,8.398384198334819,138.47333333333333,0.7818314824680298,0.6234898018587336,-0.5000000000000004,0.8660254037844384,-0.7469720876965551,0.6648553979642866,117.8,156.5
2019-11-13,West Bengal,ER,22.58039044,88.32994665,117.8,2019,11,2,317,0,0,22.8,80,112.3,127.2,166.7,118.11428571428573,7.674292273867647,136.84333333333333,0.9749279121818236,-0.22252093395631434,-0.5000000000000004,0.8660254037844384,-0.7354170229639858,0.6776147890466887,115.7,143.7
2019-11-14,West Bengal,ER,22.58039044,88.32994665,115.7,2019,11,3,318,0,0,23.5,80,117.8,130.9,184.1,115.94285714285715,5.207640906351596,134.56333333333333,0.43388373911755823,-0.900968867902419,-0.5000000000000004,0.8660254037844384,-0.7236440382959124,0.690173388242972,106.1,142.6
2019-11-15,West Bengal,ER,22.58039044,88.32994665,106.1,2019,11,4,319,0,0,23.9,81,115.7,125.8,192.9,113.12857142857142,4.2228403891650474,131.67000000000002,-0.433883739117558,-0.9009688679024191,-0.5000000000000004,0.8660254037844384,-0.711656622281775,0.7025274741691566,137.9,133.5
2019-11-16,West Bengal,ER,22.58039044,88.32994665,137.9,2019,11,5,320,1,0,23.8,81,106.1,109.0,192.9,117.25714285714285,9.867937498594792,129.83666666666667,-0.9749279121818236,-0.2225209339563146,-0.5000000000000004,0.8660254037844384,-0.6994583270516471,0.7146733860429608,148.7,118.7
2019-11-17,West Bengal,ER,22.58039044,88.32994665,148.7,2019,11,6,321,1,0,24.2,80,137.9,115.2,172.0,122.04285714285713,15.320776431897086,129.06,-0.7818314824680299,0.6234898018587334,-0.5000000000000004,0.8660254037844384,-0.6870527672236675,0.7266075247685652,153.4,126.9
2019-11-18,West Bengal,ER,22.58039044,88.32994665,153.4,2019,11,0,322,0,0,23.8,81,148.7,115.8,110.9,127.41428571428571,18.932725510028348,130.47666666666666,0.0,1.0,-0.5000000000000004,0.8660254037844384,-0.6744436188329457,0.7383263540031063,156.5,128.7
2019-11-19,West Bengal,ER,22.58039044,88.32994665,156.5,2019,11,1,323,0,0,23.3,75,153.4,112.3,113.8,133.72857142857143,20.36800712602236,131.9,0.7818314824680298,0.6234898018587336,-0.5000000000000004,0.8660254037844384,-0.661634618242279,0.749826401204568,143.7,129.3
2019-11-20,West Bengal,ER,22.58039044,88.32994665,143.7,2019,11,2,324,0,0,22.8,72,156.5,117.8,111.2,137.42857142857142,19.317583897036172,132.98333333333332,0.9749279121818236,-0.22252093395631434,-0.5000000000000004,0.8660254037844384,-0.6486295610349818,0.7611042586607742,142.6,130.4
2019-11-21,West Bengal,ER,22.58039044,88.32994665,142.6,2019,11,3,325,0,0,22.1,78,143.7,115.7,113.8,141.27142857142857,16.784190407017896,133.94333333333333,0.43388373911755823,-0.900968867902419,-0.5000000000000004,0.8660254037844384,-0.6354323008901775,0.7721565844991641,133.5,124.7
2019-11-22,West Bengal,ER,22.58039044,88.32994665,133.5,2019,11,4,326,0,0,22.2,77,142.6,106.1,115.0,145.18571428571428,8.229708089481631,134.56,-0.433883739117558,-0.9009688679024191,-0.5000000000000004,0.8660254037844384,-0.622046748440868,0.7829801036770624,118.7,114.6
2019-11-23,West Bengal,ER,22.58039044,88.32994665,118.7,2019,11,5,327,1,0,22.4,78,133.5,137.9,116.0,142.44285714285715,12.923603360112374,134.65,-0.9749279121818236,-0.2225209339563146,-0.5000000000000004,0.8660254037844384,-0.6084768701151264,0.7935716089521472,126.9,186.0
2019-11-24,West Bengal,ER,22.58039044,88.32994665,126.9,2019,11,6,328,1,0,22.9,77,118.7,148.7,107.4,139.32857142857142,13.763806920774675,135.3,-0.7818314824680299,0.6234898018587334,-0.5000000000000004,0.8660254037844384,-0.594726686960764,0.8039279618328208,128.7,186.4
2019-11-25,West Bengal,ER,22.58039044,88.32994665,128.7,2019,11,0,329,0,0,22.9,81,126.9,153.4,164.8,135.79999999999998,12.67845942271052,134.09666666666666,0.0,1.0,-0.5000000000000004,0.8660254037844384,-0.5808002734538013,0.8140460935082175,129.3,184.3
2019-11-26,West Bengal,ER,22.58039044,88.32994665,129.3,2019,11,1,330,0,0,24.2,78,128.7,156.5,150.5,131.9142857142857,8.874387973530654,133.39,0.7818314824680298,0.6234898018587336,-0.5000000000000004,0.8660254037844384,-0.5667017562911184,0.8239230057575536,130.4,168.4
2019-11-27,West Bengal,ER,22.58039044,88.32994665,130.4,2019,11,2,331,0,0,23.3,84,129.3,143.7,152.2,130.0142857142857,7.195468150492045,132.66333333333333,0.9749279121818236,-0.22252093395631434,-0.5000000000000004,0.8660254037844384,-0.5524353131676203,0.8335557718385695,124.7,190.8
2019-11-28,West Bengal,ER,22.58039044,88.32994665,124.7,2019,11,3,332,0,0,23.3,82,130.4,142.6,138.2,127.45714285714287,4.738444591091096,132.21333333333334,0.43388373911755823,-0.900968867902419,-0.5000000000000004,0.8660254037844384,-0.5380051715382992,0.8429415373547832,114.6,180.4
2019-11-29,West Bengal,ER,22.58039044,88.32994665,114.6,2019,11,4,333,0,0,23.9,79,124.7,133.5,157.1,124.75714285714287,5.950870284491192,130.79666666666668,-0.433883739117558,-0.9009688679024191,-0.5000000000000004,0.8660254037844384,-0.5234156073655503,0.8520775211013093,186.0,177.0
2019-11-30,West Bengal,ER,22.58039044,88.32994665,186.0,2019,11,5,334,1,0,24.0,79,114.6,118.7,151.0,134.37142857142857,23.378887504591933,131.96333333333334,-0.9749279121818236,-0.2225209339563146,-0.5000000000000004,0.8660254037844384,-0.5086709438521042,0.8609610158889945,186.4,131.3
2019-12-01,West Bengal,ER,22.58039044,88.32994665,186.4,2019,12,6,335,1,0,23.5,76,186.0,126.9,144.9,142.87142857142857,30.06890499534415,133.34666666666666,-0.7818314824680299,0.6234898018587334,-2.4492935982947064e-16,1.0,-0.49377555015997737,0.8695893893466109,184.3,120.0
2019-12-02,West Bengal,ER,22.58039044,88.32994665,184.3,2019,12,0,336,0,0,22.1,74,186.4,128.7,130.3,150.81428571428572,32.910759566410505,135.14666666666668,0.0,1.0,-2.4492935982947064e-16,1.0,-0.4787338401157883,0.8779600847008883,168.4,138.7
2019-12-03,West Bengal,ER,22.58039044,88.32994665,168.4,2019,12,1,337,0,0,20.8,77,184.3,129.3,143.3,156.4,31.95491615802884,135.98333333333332,0.7818314824680298,0.6234898018587336,-2.4492935982947064e-16,1.0,-0.4635502709028512,0.8860706215341378,190.8,140.3
2019-12-04,West Bengal,ER,22.58039044,88.32994665,190.8,2019,12,2,338,0,0,20.0,70,168.4,130.4,151.4,165.02857142857144,31.918892748428807,137.29666666666665,0.9749279121818236,-0.22252093395631434,-2.4492935982947064e-16,1.0,-0.4482293417404106,0.893918596519257,180.4,143.5
2019-12-05,West Bengal,ER,22.58039044,88.32994665,180.4,2019,12,3,339,0,0,20.1,78,190.8,124.7,137.6,172.9857142857143,26.706954685463792,138.72333333333333,0.43388373911755823,-0.900968867902419,-2.4492935982947064e-16,1.0,-0.4327755925504317,0.9015016841318838,177.0,145.2
2019-12-06,West Bengal,ER,22.58039044,88.32994665,177.0,2019,12,4,340,0,0,21.5,78,180.4,114.6,127.2,181.90000000000003,7.422263805604639,140.38333333333333,-0.433883739117558,-0.9009688679024191,-2.4492935982947064e-16,1.0,-0.41719360261231697,0.9088176373395028,131.3,151.7
2019-12-08,West Bengal,ER,22.58039044,88.32994665,131.3,2019,12,6,342,1,0,22.9,73,177.0,186.0,130.9,174.08571428571432,20.193433633355905,140.39666666666668,-0.7818314824680299,0.6234898018587334,-2.4492935982947064e-16,1.0,-0.38566340624360745,0.9226395488404875,120.0,119.7
2019-12-09,West Bengal,ER,22.58039044,88.32994665,120.0,2019,12,0,343,0,0,22.0,72,131.3,186.4,125.8,164.6,27.65989877060266,140.20333333333335,0.0,1.0,-2.4492935982947064e-16,1.0,-0.3697245428906732,0.9291414114031743,138.7,120.9
2019-12-10,West Bengal,ER,22.58039044,88.32994665,138.7,2019,12,1,344,0,0,21.8,66,120.0,184.3,109.0,158.08571428571432,27.616687501788007,141.19333333333333,0.7818314824680298,0.6234898018587336,-2.4492935982947064e-16,1.0,-0.3536761221763721,0.935367949313148,140.3,123.3
2019-12-11,West Bengal,ER,22.58039044,88.32994665,140.3,2019,12,2,345,0,0,21.7,74,138.7,168.4,115.2,154.07142857142858,27.90828516681679,142.03000000000003,0.9749279121818236,-0.22252093395631434,-2.4492935982947064e-16,1.0,-0.33752289959411347,0.941317317512847,143.5,122.5
2019-12-12,West Bengal,ER,22.58039044,88.32994665,143.5,2019,12,3,346,0,0,21.6,78,140.3,190.8,115.8,147.31428571428572,22.790307045717466,142.95333333333335,0.43388373911755823,-0.900968867902419,-2.4492935982947064e-16,1.0,-0.32126966169236515,0.9469877530760751,145.2,121.7
2019-12-13,West Bengal,ER,22.58039044,88.32994665,145.2,2019,12,4,347,0,0,22.1,77,143.5,180.4,112.3,142.28571428571428,17.555571629487844,144.05,-0.433883739117558,-0.9009688679024191,-2.4492935982947064e-16,1.0,-0.3049212246562894,0.9523775757303973,151.7,120.6
2019-12-14,West Bengal,ER,22.58039044,88.32994665,151.7,2019,12,5,348,1,0,22.3,78,145.2,177.0,117.8,138.67142857142858,10.338393538280673,145.17999999999998,-0.9749279121818236,-0.2225209339563146,-2.4492935982947064e-16,1.0,-0.2884824328806098,0.9574851883550389,119.7,115.9
2019-12-15,West Bengal,ER,22.58039044,88.32994665,119.7,2019,12,6,349,1,0,21.7,79,151.7,131.3,115.7,137.0142857142857,12.434150362532922,145.31333333333333,-0.7818314824680299,0.6234898018587334,-2.4492935982947064e-16,1.0,-0.27195815753410524,0.9623090774541487,120.9,110.4
2019-12-16,West Bengal,ER,22.58039044,88.32994665,120.9,2019,12,0,350,0,0,21.3,75,119.7,120.0,106.1,137.14285714285714,12.231905976155396,145.8066666666667,0.0,1.0,-2.4492935982947064e-16,1.0,-0.2553532951161881,0.9668478136052773,123.3,114.3
2019-12-17,West Bengal,ER,22.58039044,88.32994665,123.3,2019,12,1,351,0,0,21.0,78,120.9,138.7,137.9,134.94285714285715,13.24787494189813,145.32,0.7818314824680298,0.6234898018587336,-2.4492935982947064e-16,1.0,-0.23867276600594997,0.9711000518829505,122.5,113.5
2019-12-18,West Bengal,ER,22.58039044,88.32994665,122.5,2019,12,2,352,0,0,18.3,72,123.3,140.3,148.7,132.4,13.747120910696708,144.44666666666666,0.9749279121818236,-0.22252093395631434,-2.4492935982947064e-16,1.0,-0.22192151300416674,0.9750645322571945,121.7,114.3
2019-12-19,West Bengal,ER,22.58039044,88.32994665,121.7,2019,12,3,353,0,0,15.7,76,122.5,143.5,153.4,129.28571428571428,13.27459083756417,143.39000000000001,0.43388373911755823,-0.900968867902419,-2.4492935982947064e-16,1.0,-0.20510449986861926,0.9787400799669153,120.6,113.2
2019-12-20,West Bengal,ER,22.58039044,88.32994665,120.6,2019,12,4,354,0,0,15.5,75,121.7,145.2,156.5,125.77142857142857,11.496479792485509,142.19333333333333,-0.433883739117558,-0.9009688679024191,-2.4492935982947064e-16,1.0,-0.1882267098432439,0.9821256058680006,115.9,112.0
2019-12-21,West Bengal,ER,22.58039044,88.32994665,115.9,2019,12,5,355,1,0,16.3,78,120.6,151.7,143.7,120.65714285714286,2.4178896741103504,141.26666666666668,-0.9749279121818236,-0.2225209339563146,-2.4492935982947064e-16,1.0,-0.1712931441814778,0.9852201067560606,110.4,108.3
2019-12-22,West Bengal,ER,22.58039044,88.32994665,110.4,2019,12,6,356,1,0,16.6,81,115.9,119.7,142.6,119.32857142857144,4.600983331748362,140.19333333333333,-0.7818314824680299,0.6234898018587334,-2.4492935982947064e-16,1.0,-0.154308820664281,0.9880226656636976,114.3,166.9
2019-12-23,West Bengal,ER,22.58039044,88.32994665,114.3,2019,12,0,357,0,0,17.3,82,110.4,120.9,133.5,118.38571428571427,4.892316619428911,139.55333333333334,0.0,1.0,-2.4492935982947064e-16,1.0,-0.13727877211326517,0.9905324521322227,113.5,173.9
2019-12-24,West Bengal,ER,22.58039044,88.32994665,113.5,2019,12,1,358,0,0,17.8,80,114.3,123.3,118.7,116.98571428571428,4.647733702720786,139.38,0.7818314824680298,0.6234898018587336,-2.4492935982947064e-16,1.0,-0.12020804489935275,0.9927487224577402,114.3,174.3
2019-12-25,West Bengal,ER,22.58039044,88.32994665,114.3,2019,12,2,359,0,1,18.8,79,113.5,122.5,126.9,115.81428571428572,4.016809916431162,138.96,0.9749279121818236,-0.22252093395631434,-2.4492935982947064e-16,1.0,-0.10310169744743544,0.9946708199115211,113.2,162.9
2019-12-26,West Bengal,ER,22.58039044,88.32994665,113.2,2019,12,3,360,0,0,17.4,88,114.3,121.7,128.7,114.6,3.127299154218785,138.44333333333333,0.43388373911755823,-0.900968867902419,-2.4492935982947064e-16,1.0,-0.0859647987374467,0.9962981749346077,112.0,160.9
2019-12-27,West Bengal,ER,22.58039044,88.32994665,112.0,2019,12,4,361,0,0,16.2,82,113.2,120.6,129.3,113.37142857142858,1.773616160755063,137.86666666666667,-0.433883739117558,-0.9009688679024191,-2.4492935982947064e-16,1.0,-0.06880242680232064,0.9976303053065857,108.3,166.7
2019-12-28,West Bengal,ER,22.58039044,88.32994665,108.3,2019,12,5,362,1,0,15.2,77,112.0,115.9,130.4,112.28571428571429,2.2341505256820864,137.13000000000002,-0.9749279121818236,-0.2225209339563146,-2.4492935982947064e-16,1.0,-0.05161966722325418,0.9986668162884759,166.9,164.9
2019-12-29,West Bengal,ER,22.58039044,88.32994665,166.9,2019,12,6,363,1,0,15.5,77,108.3,110.4,124.7,120.35714285714286,20.627962990630852,138.5366666666667,-0.7818314824680299,0.6234898018587334,-2.4492935982947064e-16,1.0,-0.034421611622745804,0.9994074007397048,173.9,100.0
2019-12-30,West Bengal,ER,22.58039044,88.32994665,173.9,2019,12,0,364,0,0,15.5,79,166.9,114.3,114.6,128.87142857142857,28.506649182585956,140.51333333333332,0.0,1.0,-2.4492935982947064e-16,1.0,-0.01721335615583528,0.9998518392091162,174.3,101.1
2019-12-31,West Bengal,ER,22.58039044,88.32994665,174.3,2019,12,1,365,0,0,16.8,78,173.9,113.5,186.0,137.55714285714288,32.08103578662696,140.12333333333333,0.7818314824680298,0.6234898018587336,-2.4492935982947064e-16,1.0,6.432490598706546e-16,1.0,162.9,114.5
2020-01-01,West Bengal,ER,22.58039044,88.32994665,162.9,2020,1,2,1,0,0,17.9,78,174.3,114.3,186.4,144.5,31.461881698334327,139.34,0.9749279121818236,-0.22252093395631434,0.49999999999999994,0.8660254037844387,0.017213356155834685,0.9998518392091162,160.9,123.8
2020-01-02,West Bengal,ER,22.58039044,88.32994665,160.9,2020,1,3,2,0,0,19.5,78,162.9,113.2,184.3,151.31428571428572,28.587084996050482,138.56,0.43388373911755823,-0.900968867902419,0.49999999999999994,0.8660254037844387,0.03442161162274574,0.9994074007397048,166.7,132.2
2020-01-03,West Bengal,ER,22.58039044,88.32994665,166.7,2020,1,4,3,0,0,17.9,86,160.9,112.0,168.4,159.12857142857143,22.974602955271468,138.50333333333336,-0.433883739117558,-0.9009688679024191,0.49999999999999994,0.8660254037844387,0.051619667223253764,0.998666816288476,164.9,129.0
2020-01-04,West Bengal,ER,22.58039044,88.32994665,164.9,2020,1,5,4,1,0,18.3,85,166.7,108.3,190.8,167.21428571428572,5.149572335455071,137.64,-0.9749279121818236,-0.2225209339563146,0.49999999999999994,0.8660254037844387,0.06880242680231986,0.9976303053065857,100.0,113.1
2020-01-05,West Bengal,ER,22.58039044,88.32994665,100.0,2020,1,6,5,1,0,17.4,85,164.9,166.9,180.4,157.65714285714284,25.940306933602592,134.95999999999998,-0.7818314824680299,0.6234898018587334,0.49999999999999994,0.8660254037844387,0.08596479873744647,0.9962981749346078,101.1,164.1
2020-01-13,West Bengal,ER,22.58039044,88.32994665,101.1,2020,1,0,13,0,0,15.9,76,100.0,173.9,177.0,147.25714285714284,32.184771613443345,132.42999999999998,0.0,1.0,0.49999999999999994,0.8660254037844387,0.2219215130041655,0.9750645322571948,114.5,170.8
2020-01-14,West Bengal,ER,22.58039044,88.32994665,114.5,2020,1,1,14,0,0,17.6,72,101.1,174.3,131.3,138.71428571428572,31.74378829374461,131.87,0.7818314824680298,0.6234898018587336,0.49999999999999994,0.8660254037844387,0.2386727660059501,0.9711000518829505,123.8,168.6
2020-01-15,West Bengal,ER,22.58039044,88.32994665,123.8,2020,1,2,15,0,0,19.1,74,114.5,162.9,120.0,133.12857142857143,30.180275804224,131.99666666666667,0.9749279121818236,-0.22252093395631434,0.49999999999999994,0.8660254037844387,0.255353295116187,0.9668478136052775,132.2,164.9
2020-01-16,West Bengal,ER,22.58039044,88.32994665,132.2,2020,1,3,16,0,0,20.1,76,123.8,160.9,138.7,129.02857142857144,27.619541046495097,131.78,0.43388373911755823,-0.900968867902419,0.49999999999999994,0.8660254037844387,0.2719581575341055,0.9623090774541486,129.0,152.9
2020-01-17,West Bengal,ER,22.58039044,88.32994665,129.0,2020,1,4,17,0,0,20.7,78,132.2,166.7,140.3,123.64285714285714,22.1918045790821,131.40333333333334,-0.433883739117558,-0.9009688679024191,0.49999999999999994,0.8660254037844387,0.288482432880609,0.9574851883550393,113.1,169.5
2020-01-18,West Bengal,ER,22.58039044,88.32994665,113.1,2020,1,5,18,1,0,20.2,74,129.0,164.9,143.5,116.24285714285713,12.78369497222278,130.39000000000001,-0.9749279121818236,-0.2225209339563146,0.49999999999999994,0.8660254037844387,0.30492122465628907,0.9523775757303974,164.1,169.2
2020-01-19,West Bengal,ER,22.58039044,88.32994665,164.1,2020,1,6,19,1,0,20.7,76,113.1,100.0,145.2,125.39999999999999,20.0833264177023,131.02,-0.7818314824680299,0.6234898018587334,0.49999999999999994,0.8660254037844387,0.3212696616923644,0.9469877530760753,170.8,138.4
2020-01-20,West Bengal,ER,22.58039044,88.32994665,170.8,2020,1,0,20,0,0,18.4,75,164.1,101.1,151.7,135.35714285714286,23.082089531557553,131.65666666666667,0.0,1.0,0.49999999999999994,0.8660254037844387,0.3375228995941133,0.9413173175128471,168.6,133.3
2020-01-21,West Bengal,ER,22.58039044,88.32994665,168.6,2020,1,1,21,0,0,17.8,73,170.8,114.5,119.7,143.08571428571426,23.974460617597753,133.2866666666667,0.7818314824680298,0.6234898018587336,0.49999999999999994,0.8660254037844387,0.3536761221763716,0.9353679493131483,164.9,135.1
2020-01-22,West Bengal,ER,22.58039044,88.32994665,164.9,2020,1,2,22,0,0,18.7,75,168.6,123.8,120.9,148.95714285714286,23.492045259537868,134.75333333333333,0.9749279121818236,-0.22252093395631434,0.49999999999999994,0.8660254037844387,0.3697245428906731,0.9291414114031743,152.9,165.8
2020-01-23,West Bengal,ER,22.58039044,88.32994665,152.9,2020,1,3,23,0,0,19.4,79,164.9,132.2,123.3,151.91428571428568,22.30391808415615,135.73999999999998,0.43388373911755823,-0.900968867902419,0.49999999999999994,0.8660254037844387,0.38566340624360707,0.9226395488404876,169.5,171.8
2020-01-24,West Bengal,ER,22.58039044,88.32994665,169.5,2020,1,4,24,0,0,18.6,65,152.9,129.0,122.5,157.7,20.553426316147892,137.30666666666667,-0.433883739117558,-0.9009688679024191,0.49999999999999994,0.8660254037844387,0.401487989205973,0.9158642882672872,169.2,171.0
2020-01-25,West Bengal,ER,22.58039044,88.32994665,169.2,2020,1,5,25,1,0,17.3,62,169.5,113.1,121.7,165.71428571428572,6.166422131572817,138.89,-0.9749279121818236,-0.2225209339563146,0.49999999999999994,0.8660254037844387,0.4171936026123168,0.9088176373395029,138.4,164.5
2020-01-26,West Bengal,ER,22.58039044,88.32994665,138.4,2020,1,6,26,1,1,17.7,65,169.2,164.1,120.6,162.04285714285714,12.0917130221285,139.48333333333332,-0.7818314824680299,0.6234898018587334,0.49999999999999994,0.8660254037844387,0.4327755925504312,0.901501684131884,133.3,128.2
2020-01-27,West Bengal,ER,22.58039044,88.32994665,133.3,2020,1,0,27,0,0,18.4,65,138.4,170.8,115.9,156.6857142857143,15.41551475747994,140.06333333333333,0.0,1.0,0.49999999999999994,0.8660254037844387,0.4482293417404106,0.893918596519257,135.1,120.5
2020-01-28,West Bengal,ER,22.58039044,88.32994665,135.1,2020,1,1,28,0,0,19.9,68,133.3,168.6,110.4,151.9,16.2762608318573,140.88666666666668,0.7818314824680298,0.6234898018587336,0.49999999999999994,0.8660254037844387,0.4635502709028509,0.886070621534138,165.8,118.3
2020-01-29,West Bengal,ER,22.58039044,88.32994665,165.8,2020,1,2,29,0,0,20.9,88,135.1,164.9,114.3,152.02857142857144,16.3991579342467,142.60333333333332,0.9749279121818236,-0.22252093395631434,0.49999999999999994,0.8660254037844387,0.47873384011578846,0.8779600847008882,171.8,128.2
2020-01-30,West Bengal,ER,22.58039044,88.32994665,171.8,2020,1,3,30,0,0,20.2,92,165.8,152.9,113.5,154.72857142857143,18.040298804409176,144.54666666666665,0.43388373911755823,-0.900968867902419,0.49999999999999994,0.8660254037844387,0.49377555015997715,0.869589389346611,171.0,140.5
2020-01-31,West Bengal,ER,22.58039044,88.32994665,171.0,2020,1,4,31,0,0,19.2,73,171.8,169.5,114.3,154.94285714285712,18.25265799300228,146.43666666666664,-0.433883739117558,-0.9009688679024191,0.49999999999999994,0.8660254037844387,0.5086709438521044,0.8609610158889943,164.5,141.4
2020-02-01,West Bengal,ER,22.58039044,88.32994665,164.5,2020,2,5,32,1,0,18.4,70,171.0,169.2,113.2,154.27142857142857,17.719453931175018,148.14666666666665,-0.9749279121818236,-0.2225209339563146,0.8660254037844386,0.5000000000000001,0.5234156073655503,0.8520775211013093,128.2,139.1
2020-02-02,West Bengal,ER,22.58039044,88.32994665,128.2,2020,2,6,33,1,0,18.2,61,164.5,138.4,112.0,152.81428571428572,19.565397054615268,148.68666666666664,-0.7818314824680299,0.6234898018587334,0.8660254037844386,0.5000000000000001,0.5380051715382996,0.8429415373547828,120.5,117.9
2020-02-03,West Bengal,ER,22.58039044,88.32994665,120.5,2020,2,0,34,0,0,17.2,63,128.2,133.3,108.3,150.9857142857143,22.124001188108224,149.0933333333333,0.0,1.0,0.8660254037844386,0.5000000000000001,0.5524353131676196,0.8335557718385699,118.3,112.6
2020-02-04,West Bengal,ER,22.58039044,88.32994665,118.3,2020,2,1,35,0,0,18.2,64,120.5,135.1,166.9,148.58571428571426,24.874714643014773,147.47333333333333,0.7818314824680298,0.6234898018587336,0.8660254037844386,0.5000000000000001,0.5667017562911176,0.8239230057575542,128.2,108.2
2020-02-05,West Bengal,ER,22.58039044,88.32994665,128.2,2020,2,2,36,0,0,20.4,68,118.3,165.8,173.9,143.21428571428572,24.596031425917992,145.95,0.9749279121818236,-0.22252093395631434,0.8660254037844386,0.5000000000000001,0.5808002734538009,0.8140460935082178,140.5,114.2
2020-02-13,West Bengal,ER,22.58039044,88.32994665,140.5,2020,2,3,44,0,0,20.0,57,128.2,171.8,174.3,138.74285714285713,21.134715292053794,144.82333333333332,0.43388373911755823,-0.900968867902419,0.8660254037844386,0.5000000000000001,0.6870527672236669,0.7266075247685656,141.4,115.4
2020-02-14,West Bengal,ER,22.58039044,88.32994665,141.4,2020,2,4,45,0,0,21.7,64,140.5,171.0,162.9,134.5142857142857,15.923926292576507,144.10666666666665,-0.433883739117558,-0.9009688679024191,0.8660254037844386,0.5000000000000001,0.699458327051647,0.7146733860429609,139.1,114.2
2020-02-15,West Bengal,ER,22.58039044,88.32994665,139.1,2020,2,5,46,1,0,21.6,62,141.4,164.5,160.9,130.88571428571427,9.58426289487486,143.38,-0.9749279121818236,-0.2225209339563146,0.8660254037844386,0.5000000000000001,0.7116566222817746,0.7025274741691571,117.9,104.1
2020-02-16,West Bengal,ER,22.58039044,88.32994665,117.9,2020,2,6,47,1,0,22.1,59,139.1,128.2,166.7,129.4142857142857,10.78122265351854,141.75333333333336,-0.7818314824680299,0.6234898018587334,0.8660254037844386,0.5000000000000001,0.7236440382959124,0.6901733882429719,112.6,164.0
2020-02-17,West Bengal,ER,22.58039044,88.32994665,112.6,2020,2,0,48,0,0,22.1,66,117.9,120.5,164.9,128.28571428571428,12.191175575174904,140.01000000000002,0.0,1.0,0.8660254037844386,0.5000000000000001,0.7354170229639855,0.6776147890466889,108.2,183.5
2020-02-18,West Bengal,ER,22.58039044,88.32994665,108.2,2020,2,1,49,0,0,22.1,71,112.6,118.3,100.0,126.84285714285714,14.029119376360349,140.28333333333333,0.7818314824680298,0.6234898018587336,0.8660254037844386,0.5000000000000001,0.7469720876965552,0.6648553979642865,114.2,194.5
2020-02-19,West Bengal,ER,22.58039044,88.32994665,114.2,2020,2,2,50,0,0,23.0,73,108.2,128.2,101.1,124.84285714285714,14.781165621926968,140.71999999999997,0.9749279121818236,-0.22252093395631434,0.8660254037844386,0.5000000000000001,0.7583058084785624,0.6518989958787126,115.4,194.533
2020-02-20,West Bengal,ER,22.58039044,88.32994665,115.4,2020,2,3,51,0,0,24.3,71,114.2,140.5,114.5,121.25714285714285,13.322394322199305,140.75,0.43388373911755823,-0.900968867902419,0.8660254037844386,0.5000000000000001,0.7694148268839378,0.6387494220515272,114.2,194.533
2020-02-21,West Bengal,ER,22.58039044,88.32994665,114.2,2020,2,4,52,0,0,23.7,68,115.4,141.4,123.8,117.37142857142858,10.027414802381745,140.42999999999998,-0.433883739117558,-0.9009688679024191,0.8660254037844386,0.5000000000000001,0.7802958510707755,0.6254105729852463,104.1,191.8
2020-02-22,West Bengal,ER,22.58039044,88.32994665,104.1,2020,2,5,53,1,0,24.3,61,114.2,139.1,132.2,112.37142857142858,4.69564134267339,139.49333333333334,-0.9749279121818236,-0.2225209339563146,0.8660254037844386,0.5000000000000001,0.7909456567567772,0.6118864012687243,164.0,176.8
2020-02-23,West Bengal,ER,22.58039044,88.32994665,164.0,2020,2,6,54,1,0,24.2,64,104.1,117.9,129.0,118.95714285714287,20.263420009370776,140.66,-0.7818314824680299,0.6234898018587334,0.8660254037844386,0.5000000000000001,0.8013610881746766,0.5981809144059165,183.5,106.4
2020-02-24,West Bengal,ER,22.58039044,88.32994665,183.5,2020,2,0,55,0,0,22.6,73,164.0,112.6,113.1,129.0857142857143,31.280687789295943,143.00666666666666,0.0,1.0,0.8660254037844386,0.5000000000000001,0.8115390590073611,0.5842981736283684,194.5,109.1
2020-02-25,West Bengal,ER,22.58039044,88.32994665,194.5,2020,2,1,56,0,0,19.5,88,183.5,108.2,164.1,141.4142857142857,37.96873400450355,144.02,0.7818314824680298,0.6234898018587336,0.8660254037844386,0.5000000000000001,0.8214765533024142,0.5702422926917871,194.533,106.8
2020-02-26,West Bengal,ER,22.58039044,88.32994665,194.533,2020,2,2,57,0,0,20.8,82,194.5,114.2,170.8,152.89042857142857,40.43269314081159,144.8111,0.9749279121818236,-0.22252093395631434,0.8660254037844386,0.5000000000000001,0.8311706263658079,0.5560174366570446,194.533,109.6
2020-02-27,West Bengal,ER,22.58039044,88.32994665,194.533,2020,2,3,58,0,0,21.4,75,194.533,115.4,168.6,164.19514285714286,39.24880383072641,145.67553333333333,0.43388373911755823,-0.900968867902419,0.8660254037844386,0.5000000000000001,0.8406184056344782,0.5416278206559814,191.8,110.9
2020-02-28,West Bengal,ER,22.58039044,88.32994665,191.8,2020,2,4,59,0,0,21.9,68,194.533,114.2,164.9,175.28085714285712,33.279307917626234,146.5722,-0.433883739117558,-0.9009688679024191,0.8660254037844386,0.5000000000000001,0.8498170915275278,0.5270777086423722,176.8,110.0
2020-02-29,West Bengal,ER,22.58039044,88.32994665,176.8,2020,2,5,60,1,0,22.7,67,191.8,104.1,152.9,185.66657142857142,11.730487029632336,147.36886666666666,-0.9749279121818236,-0.2225209339563146,0.8660254037844386,0.5000000000000001,0.8587639582758029,0.5123714121284237,106.4,103.3
2020-03-01,West Bengal,ER,22.58039044,88.32994665,106.4,2020,3,6,61,1,0,23.9,68,176.8,164.0,169.5,177.43800000000002,32.055704822490746,145.2655333333333,-0.7818314824680299,0.6234898018587334,1.0,6.123233995736766e-17,0.8674563547295969,0.49751328890718066,109.1,177.9
2020-03-02,West Bengal,ER,22.58039044,88.32994665,109.1,2020,3,0,62,0,0,24.5,67,106.4,183.5,169.2,166.80942857142855,40.84111073357787,143.2622,0.0,1.0,1.0,6.123233995736766e-17,0.8758917051442429,0.48250774176121847,106.8,161.8
2020-03-03,West Bengal,ER,22.58039044,88.32994665,106.8,2020,3,1,63,0,0,23.9,76,109.1,194.5,138.4,154.28085714285712,44.24098027255021,142.2088666666667,0.7818314824680298,0.6234898018587336,1.0,6.123233995736766e-17,0.8840675099433636,0.4673592171580022,109.6,144.9
2020-03-04,West Bengal,ER,22.58039044,88.32994665,109.6,2020,3,2,64,0,0,24.2,81,106.8,194.533,133.3,142.14757142857144,42.99072312277419,141.41886666666667,0.9749279121818236,-0.22252093395631434,1.0,6.123233995736766e-17,0.8919813464595485,0.45207220393230435,110.9,164.1
2020-03-05,West Bengal,ER,22.58039044,88.32994665,110.9,2020,3,3,65,0,0,24.5,78,109.6,194.533,135.1,130.2,37.24285166310417,140.6122,0.43388373911755823,-0.900968867902419,1.0,6.123233995736766e-17,0.8996308696522433,0.43665123195606403,110.0,170.8
2020-03-13,West Bengal,ER,22.58039044,88.32994665,110.0,2020,3,4,73,0,0,27.5,70,110.9,191.8,165.8,118.51428571428572,25.75450954502415,138.7522,-0.433883739117558,-0.9009688679024191,1.0,6.123233995736766e-17,0.9510565162951535,0.30901699437494745,103.3,168.6
2020-03-14,West Bengal,ER,22.58039044,88.32994665,103.3,2020,3,5,74,1,0,26.8,60,110.0,176.8,171.8,108.0142857142857,2.6541970357788722,136.46886666666668,-0.9749279121818236,-0.2225209339563146,1.0,6.123233995736766e-17,0.9562348265919056,0.29260033563334836,177.9,164.9
2020-03-15,West Bengal,ER,22.58039044,88.32994665,177.9,2020,3,6,75,1,0,25.3,63,103.3,106.4,171.0,118.22857142857141,26.436572791350223,136.69886666666667,-0.7818314824680299,0.6234898018587334,1.0,6.123233995736766e-17,0.9611297838723007,0.27609697309746883,161.8,140.1
2020-03-16,West Bengal,ER,22.58039044,88.32994665,161.8,2020,3,0,76,0,0,26.2,71,177.9,109.1,164.5,125.75714285714287,30.58250355692783,136.60886666666667,0.0,1.0,1.0,6.123233995736766e-17,0.9657399376548549,0.2595117970697999,144.9,134.7
2020-03-17,West Bengal,ER,22.58039044,88.32994665,144.9,2020,3,1,77,0,0,26.8,66,161.8,106.8,128.2,131.2,30.03176096512902,137.16553333333334,0.7818314824680298,0.6234898018587336,1.0,6.123233995736766e-17,0.9700639218515071,0.2428497220959356,164.1,139.9
2020-03-18,West Bengal,ER,22.58039044,88.32994665,164.1,2020,3,2,78,0,0,27.1,59,144.9,109.6,120.5,138.9857142857143,30.55860100263225,138.61886666666666,0.9749279121818236,-0.22252093395631434,1.0,6.123233995736766e-17,0.9741004551724205,0.22611568550828828,170.8,136.4
2020-03-19,West Bengal,ER,22.58039044,88.32994665,170.8,2020,3,3,79,0,0,26.8,52,164.1,110.9,118.3,147.54285714285714,29.759416276917136,140.36886666666666,0.43388373911755823,-0.900968867902419,1.0,6.123233995736766e-17,0.9778483415056568,0.20931464596304847,168.6,124.2
2020-03-20,West Bengal,ER,22.58039044,88.32994665,168.6,2020,3,4,80,0,0,27.0,53,170.8,110.0,128.2,155.91428571428574,25.354514954370824,141.71553333333335,-0.433883739117558,-0.9009688679024191,1.0,6.123233995736766e-17,0.9813064702716093,0.19245158197082998,164.9,137.3
2020-03-21,West Bengal,ER,22.58039044,88.32994665,164.9,2020,3,5,81,1,0,26.8,60,168.6,103.3,140.5,164.71428571428572,10.226669150058045,142.52886666666666,-0.9749279121818236,-0.2225209339563146,1.0,6.123233995736766e-17,0.9844738167520922,0.1755314904214282,140.1,142.5
2020-03-22,West Bengal,ER,22.58039044,88.32994665,140.1,2020,3,6,82,1,0,24.5,76,164.9,177.9,141.4,159.31428571428572,11.940048655878567,142.48553333333336,-0.7818314824680299,0.6234898018587334,1.0,6.123233995736766e-17,0.9873494423939864,0.15855938510313475,134.7,125.0
2020-03-23,West Bengal,ER,22.58039044,88.32994665,134.7,2020,3,0,83,0,0,25.7,69,140.1,161.8,139.1,155.44285714285712,15.000872990468762,142.33886666666666,0.0,1.0,1.0,6.123233995736766e-17,0.989932495087353,0.141540295217043,139.9,128.1
2020-03-24,West Bengal,ER,22.58039044,88.32994665,139.9,2020,3,1,84,0,0,26.4,73,134.7,144.9,117.9,154.72857142857143,15.689775257123095,143.0722,0.7818314824680298,0.6234898018587336,1.0,6.123233995736766e-17,0.9922222094179323,0.12447926388678915,136.4,125.3
2020-03-25,West Bengal,ER,22.58039044,88.32994665,136.4,2020,3,2,85,0,0,27.1,70,139.9,164.1,112.6,150.77142857142857,16.408911632170014,143.86553333333333,0.9749279121818236,-0.22252093395631434,1.0,6.123233995736766e-17,0.994217906893952,0.10738134666416309,124.2,118.6
2020-03-26,West Bengal,ER,22.58039044,88.32994665,124.2,2020,3,3,86,0,0,29.2,60,136.4,170.8,108.2,144.11428571428573,16.381842445364423,144.3988666666667,0.43388373911755823,-0.900968867902419,1.0,6.123233995736766e-17,0.995918996147179,0.09025161003104117,137.3,117.2
2020-03-27,West Bengal,ER,22.58039044,88.32994665,137.3,2020,3,4,87,0,0,30.0,55,124.2,168.6,114.2,139.64285714285714,12.363367548642943,145.1688666666667,-0.433883739117558,-0.9009688679024191,1.0,6.123233995736766e-17,0.9973249731081555,0.07309512989807777,142.5,99.6
2020-03-28,West Bengal,ER,22.58039044,88.32994665,142.5,2020,3,5,88,1,0,31.1,53,137.3,164.9,115.4,136.44285714285712,5.9955141961444625,146.0722,-0.9749279121818236,-0.2225209339563146,1.0,6.123233995736766e-17,0.9984354211555643,0.055916990100603484,125.0,91.43499999999999
2020-03-29,West Bengal,ER,22.58039044,88.32994665,125.0,2020,3,6,89,1,0,30.3,49,142.5,140.1,114.2,134.28571428571428,7.078942616761864,146.43220000000002,-0.7818314824680299,0.6234898018587334,1.0,6.123233995736766e-17,0.9992500112396835,0.03872228089217446,128.1,119.2
2020-03-30,West Bengal,ER,22.58039044,88.32994665,128.1,2020,3,0,90,0,0,29.7,49,125.0,134.7,104.1,133.34285714285713,7.444652922926335,147.2322,0.0,1.0,1.0,6.123233995736766e-17,0.9997685019798909,0.021516097436222254,125.3,120.3
2020-03-31,West Bengal,ER,22.58039044,88.32994665,125.3,2020,3,1,91,0,0,29.9,52,128.1,139.9,164.0,131.25714285714287,7.34594154229633,145.9422,0.7818314824680298,0.6234898018587336,1.0,6.123233995736766e-17,0.9999907397361901,0.004303538296244289,118.6,121.8
2020-04-01,West Bengal,ER,22.58039044,88.32994665,118.6,2020,4,2,92,0,0,30.6,61,125.3,136.4,183.5,128.71428571428572,8.289235704901003,143.77886666666666,0.9749279121818236,-0.22252093395631434,0.8660254037844387,-0.4999999999999998,0.9999166586547379,-0.01291029607500882,117.2,123.3
2020-04-02,West Bengal,ER,22.58039044,88.32994665,117.2,2020,4,3,93,0,1,30.8,65,118.6,124.2,194.5,127.71428571428571,9.286805796652505,141.2022,0.43388373911755823,-0.900968867902419,0.8660254037844387,-0.4999999999999998,0.9995462806873573,-0.030120304846908114,99.6,126.7
2020-04-03,West Bengal,ER,22.58039044,88.32994665,99.6,2020,4,4,94,0,0,29.9,65,117.2,137.3,194.533,122.32857142857144,12.993294974166064,138.03776666666667,-0.433883739117558,-0.9009688679024191,0.8660254037844387,-0.4999999999999998,0.9988797155850336,-0.04732138832243185,91.43499999999999,129.0
2020-04-04,West Bengal,ER,22.58039044,88.32994665,91.43499999999999,2020,4,5,95,1,0,30.4,60,99.6,142.5,194.533,115.03357142857142,14.071018298344772,134.60116666666667,-0.9749279121818236,-0.2225209339563146,0.8660254037844387,-0.4999999999999998,0.9979171608653922,-0.06450844944931623,119.2,121.8
2020-04-05,West Bengal,ER,22.58039044,88.32994665,119.2,2020,4,6,96,1,0,30.2,66,91.43499999999999,125.0,191.8,114.205,13.54735552300296,132.18116666666666,-0.7818314824680299,0.6234898018587334,0.8660254037844387,-0.4999999999999998,0.9966589017541702,-0.08167639533042241,120.3,123.7
2020-04-13,West Bengal,ER,22.58039044,88.32994665,120.3,2020,4,0,104,0,0,30.1,74,119.2,128.1,176.8,113.09071428571428,12.493809276520391,130.29783333333333,0.0,1.0,0.8660254037844387,-0.4999999999999998,0.9760105506323683,-0.21772323039653177,121.8,129.7
2020-04-14,West Bengal,ER,22.58039044,88.32994665,121.8,2020,4,1,105,0,1,29.5,76,120.3,125.3,106.4,112.59071428571428,11.983367789206845,130.81116666666668,0.7818314824680298,0.6234898018587336,0.8660254037844387,-0.4999999999999998,0.9721181966290613,-0.23449138957040985,123.3,132.3
2020-04-15,West Bengal,ER,22.58039044,88.32994665,123.3,2020,4,2,106,0,0,28.2,81,121.8,118.6,109.1,113.26214285714286,12.496854223210027,131.2845,0.9749279121818236,-0.22252093395631434,0.8660254037844387,-0.4999999999999998,0.9679377830240642,-0.25119006388481935,126.7,129.6
2020-04-16,West Bengal,ER,22.58039044,88.32994665,126.7,2020,4,3,107,0,0,28.1,78,123.3,117.2,106.8,114.61928571428572,13.47345922810474,131.94783333333334,0.43388373911755823,-0.900968867902419,0.8660254037844387,-0.4999999999999998,0.9634705485641488,-0.2678143051621742,129.0,131.0
2020-04-17,West Bengal,ER,22.58039044,88.32994665,129.0,2020,4,4,108,0,0,30.3,71,126.7,99.6,109.6,118.8192857142857,12.562846157276706,132.5945,-0.433883739117558,-0.9009688679024191,0.8660254037844387,-0.4999999999999998,0.9587178169872964,-0.2843591872810034,121.8,124.0
2020-04-18,West Bengal,ER,22.58039044,88.32994665,121.8,2020,4,5,109,1,0,29.5,80,129.0,91.43499999999999,110.9,123.15714285714286,3.517033381914152,132.95783333333333,-0.9749279121818236,-0.2225209339563146,0.8660254037844387,-0.4999999999999998,0.9536809966304457,-0.30081980763566735,123.7,111.6
2020-04-19,West Bengal,ER,22.58039044,88.32994665,123.7,2020,4,6,110,1,0,29.7,75,121.8,119.2,110.0,123.79999999999998,3.0539591789415828,133.4145,-0.7818314824680299,0.6234898018587334,0.8660254037844387,-0.4999999999999998,0.9483615800121715,-0.3171912885891061,129.7,152.9
2020-04-20,West Bengal,ER,22.58039044,88.32994665,129.7,2020,4,0,111,0,0,29.4,79,123.7,120.3,103.3,125.14285714285714,3.3140393997103303,134.2945,0.0,1.0,0.8660254037844387,-0.4999999999999998,0.9427611433904207,-0.3334687789181868,132.3,167.4
2020-04-21,West Bengal,ER,22.58039044,88.32994665,132.3,2020,4,1,112,0,0,27.8,79,129.7,121.8,177.9,126.64285714285714,3.8772228647361615,132.7745,0.7818314824680298,0.6234898018587336,0.8660254037844387,-0.4999999999999998,0.9368813462954315,-0.3496474552512284,129.6,155.0
2020-04-22,West Bengal,ER,22.58039044,88.32994665,129.6,2020,4,2,113,0,0,25.9,84,132.3,123.3,161.8,127.54285714285713,3.69903462309197,131.70116666666667,0.9749279121818236,-0.22252093395631434,0.8660254037844387,-0.4999999999999998,0.9307239310379795,-0.36572252349726897,131.0,155.6
2020-04-23,West Bengal,ER,22.58039044,88.32994665,131.0,2020,4,3,114,0,0,26.7,85,129.6,126.7,144.9,128.15714285714284,3.8879545362782566,131.23783333333333,0.43388373911755823,-0.900968867902419,0.8660254037844387,-0.4999999999999998,0.9242907221930933,-0.3816892202666588,124.0,160.6
2020-04-24,West Bengal,ER,22.58039044,88.32994665,124.0,2020,4,4,115,0,0,25.1,91,131.0,129.0,164.1,127.44285714285714,4.157265584832549,129.90116666666668,-0.433883739117558,-0.9009688679024191,0.8660254037844387,-0.4999999999999998,0.9175836260593937,-0.39754281428255595,111.6,166.4
2020-04-25,West Bengal,ER,22.58039044,88.32994665,111.6,2020,4,5,116,1,0,26.8,82,124.0,121.8,170.8,125.98571428571428,7.164595492517643,127.92783333333334,-0.9749279121818236,-0.2225209339563146,0.8660254037844387,-0.4999999999999998,0.9106046300942162,-0.4132786077829042,152.9,174.5
2020-04-26,West Bengal,ER,22.58039044,88.32994665,152.9,2020,4,6,117,1,0,25.3,90,111.6,123.7,168.6,130.15714285714287,12.283709692495208,127.40450000000001,-0.7818314824680299,0.6234898018587334,0.8660254037844387,-0.4999999999999998,0.9033558023246845,-0.4288919379124835,167.4,103.2
2020-04-27,West Bengal,ER,22.58039044,88.32994665,167.4,2020,4,0,118,0,0,25.5,88,152.9,129.7,164.9,135.54285714285714,18.65974786743297,127.48783333333333,0.0,1.0,0.8660254037844387,-0.4999999999999998,0.895839290734909,-0.4443781781046132,155.0,120.1
2020-04-28,West Bengal,ER,22.58039044,88.32994665,155.0,2020,4,1,119,0,0,25.1,89,167.4,132.3,140.1,138.78571428571428,19.93141812745416,127.9845,0.7818314824680298,0.6234898018587336,0.8660254037844387,-0.4999999999999998,0.8880573226294932,-0.45973273945210397,155.6,127.0
2020-04-29,West Bengal,ER,22.58039044,88.32994665,155.6,2020,4,2,120,0,0,25.9,86,155.0,129.6,134.7,142.5,20.352477326687143,128.68116666666668,0.9749279121818236,-0.22252093395631434,0.8660254037844387,-0.4999999999999998,0.8800122039735357,-0.47495107206704995,160.6,107.4
2020-04-30,West Bengal,ER,22.58039044,88.32994665,160.6,2020,4,3,121,0,0,26.4,87,155.6,131.0,139.9,146.72857142857143,20.63788702731855,129.37116666666668,0.43388373911755823,-0.900968867902419,0.8660254037844387,-0.4999999999999998,0.8717063187093218,-0.4900286664290592,166.4,116.0
2020-05-01,West Bengal,ER,22.58039044,88.32994665,166.4,2020,5,4,122,0,0,26.2,87,160.6,124.0,136.4,152.78571428571428,19.013541540300853,130.37116666666668,-0.433883739117558,-0.9009688679024191,0.49999999999999994,-0.8660254037844387,0.8631421280499114,-0.5049610547215204,174.5,112.9
2020-05-02,West Bengal,ER,22.58039044,88.32994665,174.5,2020,5,5,123,1,0,26.4,82,166.4,111.6,124.2,161.77142857142857,7.949153893279099,132.04783333333336,-0.9749279121818236,-0.2225209339563146,0.49999999999999994,-0.8660254037844387,0.854322169749827,-0.5197438121555155,103.2,130.7
2020-05-03,West Bengal,ER,22.58039044,88.32994665,103.2,2020,5,6,124,1,0,26.9,82,174.5,152.9,137.3,154.67142857142858,23.728233133106063,130.91116666666667,-0.7818314824680299,0.6234898018587334,0.49999999999999994,-0.8660254037844387,0.8452490573530633,-0.5343725582809786,120.1,113.4
2020-05-04,West Bengal,ER,22.58039044,88.32994665,120.1,2020,5,0,125,0,0,27.2,87,103.2,167.4,142.5,147.91428571428568,26.114263571939855,130.1645,0.0,1.0,0.49999999999999994,-0.8660254037844387,0.8359254794186372,-0.548842958284719,127.0,121.4
2020-05-05,West Bengal,ER,22.58039044,88.32994665,127.0,2020,5,1,126,0,0,28.7,83,120.1,155.0,125.0,143.9142857142857,26.978165774778137,130.23116666666667,0.7818314824680298,0.6234898018587336,0.49999999999999994,-0.8660254037844387,0.8263541987239096,-0.5631507242749186,107.4,119.9
2020-05-13,West Bengal,ER,22.58039044,88.32994665,107.4,2020,5,2,134,0,0,29.6,78,127.0,155.6,128.1,137.02857142857144,29.529009142745725,129.54116666666667,0.9749279121818236,-0.22252093395631434,0.49999999999999994,-0.8660254037844387,0.7412220108485958,-0.6712599575675313,116.0,120.7
2020-05-14,West Bengal,ER,22.58039044,88.32994665,116.0,2020,5,3,135,0,0,29.9,78,107.4,160.6,125.3,130.65714285714287,28.38484672865967,129.23116666666667,0.43388373911755823,-0.900968867902419,0.49999999999999994,-0.8660254037844387,0.7295575540864875,-0.6839194216246106,112.9,121.4
2020-05-15,West Bengal,ER,22.58039044,88.32994665,112.9,2020,5,4,136,0,0,30.1,77,116.0,166.4,118.6,123.01428571428572,24.024531113802627,129.04116666666667,-0.433883739117558,-0.9009688679024191,0.49999999999999994,-0.8660254037844387,0.717676913675962,-0.6963762255968722,130.7,120.2
2020-05-16,West Bengal,ER,22.58039044,88.32994665,130.7,2020,5,5,137,1,0,30.6,77,112.9,174.5,117.2,116.75714285714285,9.97745076707959,129.49116666666666,-0.9749279121818236,-0.2225209339563146,0.49999999999999994,-0.8660254037844387,0.705583610107178,-0.7086266782644596,113.4,111.2
2020-05-17,West Bengal,ER,22.58039044,88.32994665,113.4,2020,5,6,138,1,0,30.9,76,130.7,103.2,99.6,118.21428571428571,8.265476104742486,129.95116666666667,-0.7818314824680299,0.6234898018587334,0.49999999999999994,-0.8660254037844387,0.6932812268869777,-0.7206671495538609,121.4,108.5
2020-05-18,West Bengal,ER,22.58039044,88.32994665,121.4,2020,5,0,139,0,0,30.1,74,113.4,120.1,91.43499999999999,118.39999999999999,8.329265673913909,130.95,0.0,1.0,0.49999999999999994,-0.8660254037844387,0.6807734094770161,-0.7324940716135789,119.9,110.9
2020-05-19,West Bengal,ER,22.58039044,88.32994665,119.9,2020,5,1,140,0,0,28.4,83,121.4,127.0,119.2,117.38571428571427,7.4983172715440265,130.97333333333333,0.7818314824680298,0.6234898018587336,0.49999999999999994,-0.8660254037844387,0.6680638642135335,-0.7441039398713607,120.7,110.1
2020-05-20,West Bengal,ER,22.58039044,88.32994665,120.7,2020,5,2,141,0,0,25.4,91,119.9,107.4,120.3,119.28571428571429,6.101209872208629,130.98666666666665,0.9749279121818236,-0.22252093395631434,0.49999999999999994,-0.8660254037844387,0.6551563572090853,-0.7554933140726803,121.4,110.4
2020-05-21,West Bengal,ER,22.58039044,88.32994665,121.4,2020,5,3,142,0,0,25.7,81,120.7,116.0,121.8,120.05714285714285,5.95618925792027,130.97333333333333,0.43388373911755823,-0.900968867902419,0.49999999999999994,-0.8660254037844387,0.6420547132365637,-0.766658819300159,120.2,110.8
