timestamp,node_id,region,latitude,longitude,consumption_mu,year,month,dayofweek,dayofyear,is_weekend,is_holiday,temperature_c,humidity,lag_1d,lag_7d,lag_30d,roll_mean_7d,roll_std_7d,roll_mean_30d,dow_sin,dow_cos,month_sin,month_cos,doy_sin,doy_cos,target_next_1d,target_next_7d
2019-02-02,Assam,NER,26.7499809,94.21666744,20.9,2019,2,5,33,1,0,17.0,76,20.5,18.7,21.7,20.614285714285717,1.8818683725034235,25.589999999999996,-0.9749279121818236,-0.2225209339563146,0.8660254037844386,0.5000000000000001,0.5380051715382996,0.8429415373547828,20.9,25.3
2019-02-03,Assam,NER,26.7499809,94.21666744,20.9,2019,2,6,34,1,0,17.7,75,20.9,22.3,23.4,20.414285714285715,1.7420568029665446,25.506666666666664,-0.7818314824680299,0.6234898018587334,0.8660254037844386,0.5000000000000001,0.5524353131676196,0.8335557718385699,19.7,26.5
2019-02-04,Assam,NER,26.7499809,94.21666744,19.7,2019,2,0,35,0,0,18.2,70,20.9,23.6,21.7,19.857142857142858,1.0325649985306438,25.44,0.0,1.0,0.8660254037844386,0.5000000000000001,0.5667017562911176,0.8239230057575542,19.5,25.9
2019-02-05,Assam,NER,26.7499809,94.21666744,19.5,2019,2,1,36,0,0,17.5,73,19.7,18.7,22.5,19.97142857142857,0.9214377998800194,25.34,0.7818314824680298,0.6234898018587336,0.8660254037844386,0.5000000000000001,0.5808002734538009,0.8140460935082178,19.8,25.2
2019-02-06,Assam,NER,26.7499809,94.21666744,19.8,2019,2,2,37,0,0,18.1,73,19.5,18.3,21.7,20.185714285714287,0.5785861256217752,25.276666666666664,0.9749279121818236,-0.22252093395631434,0.8660254037844386,0.5000000000000001,0.5947266869607634,0.8039279618328213,21.5,24.5
2019-02-07,Assam,NER,26.7499809,94.21666744,21.5,2019,2,3,38,0,0,18.7,74,19.8,20.0,21.4,20.400000000000002,0.7505553499465875,25.279999999999998,0.43388373911755823,-0.900968867902419,0.8660254037844386,0.5000000000000001,0.6084768701151261,0.7935716089521474,24.3,23.9
2019-02-08,Assam,NER,26.7499809,94.21666744,24.3,2019,2,4,39,0,0,19.8,70,21.5,20.5,20.7,20.942857142857143,1.6591736325223019,25.4,-0.433883739117558,-0.9009688679024191,0.8660254037844386,0.5000000000000001,0.6220467484408675,0.7829801036770629,25.3,23.6
2019-02-09,Assam,NER,26.7499809,94.21666744,25.3,2019,2,5,40,1,0,19.2,80,24.3,20.9,25.8,21.571428571428573,2.3357470508842333,25.383333333333333,-0.9749279121818236,-0.2225209339563146,0.8660254037844386,0.5000000000000001,0.6354323008901774,0.7721565844991642,26.5,23.7
2019-02-10,Assam,NER,26.7499809,94.21666744,26.5,2019,2,6,41,1,0,17.7,86,25.3,20.9,25.8,22.37142857142857,2.9465880187737565,25.406666666666663,-0.7818314824680299,0.6234898018587334,0.8660254037844386,0.5000000000000001,0.6486295610349814,0.7611042586607747,25.9,23.5
2019-02-11,Assam,NER,26.7499809,94.21666744,25.9,2019,2,0,42,0,0,17.6,79,26.5,19.7,27.9,23.25714285714286,2.941573922725253,25.339999999999996,0.0,1.0,0.8660254037844386,0.5000000000000001,0.6616346182422783,0.7498264012045686,25.2,23.8
2019-02-12,Assam,NER,26.7499809,94.21666744,25.2,2019,2,1,43,0,0,18.0,75,25.9,19.5,30.1,24.071428571428573,2.4810711972279984,25.176666666666666,0.7818314824680298,0.6234898018587336,0.8660254037844386,0.5000000000000001,0.6744436188329455,0.7383263540031065,24.5,23.9
2019-02-13,Assam,NER,26.7499809,94.21666744,24.5,2019,2,2,44,0,0,19.2,73,25.2,19.8,30.1,24.74285714285714,1.6184943032102077,24.990000000000002,0.9749279121818236,-0.22252093395631434,0.8660254037844386,0.5000000000000001,0.6870527672236669,0.7266075247685656,23.9,22.6
2019-02-14,Assam,NER,26.7499809,94.21666744,23.9,2019,2,3,45,0,0,19.6,72,24.5,21.5,31.7,25.085714285714285,0.9209208641872134,24.73,0.43388373911755823,-0.900968867902419,0.8660254037844386,0.5000000000000001,0.699458327051647,0.7146733860429609,23.6,25.2
2019-02-15,Assam,NER,26.7499809,94.21666744,23.6,2019,2,4,46,0,0,19.6,74,23.9,24.3,29.2,24.985714285714288,1.0494896719018518,24.543333333333333,-0.433883739117558,-0.9009688679024191,0.8660254037844386,0.5000000000000001,0.7116566222817746,0.7025274741691571,23.7,28.0
2019-02-16,Assam,NER,26.7499809,94.21666744,23.7,2019,2,5,47,1,0,19.1,81,23.6,25.3,31.3,24.757142857142856,1.139966582634725,24.29,-0.9749279121818236,-0.2225209339563146,0.8660254037844386,0.5000000000000001,0.7236440382959124,0.6901733882429719,23.5,28.6
2019-02-17,Assam,NER,26.7499809,94.21666744,23.5,2019,2,6,48,1,0,17.5,87,23.7,26.5,33.1,24.328571428571426,0.917813135873001,23.969999999999995,-0.7818314824680299,0.6234898018587334,0.8660254037844386,0.5000000000000001,0.7354170229639855,0.6776147890466889,23.8,27.0
2019-02-18,Assam,NER,26.7499809,94.21666744,23.8,2019,2,0,49,0,0,15.8,91,23.5,25.9,32.5,24.02857142857143,0.6102302453836831,23.68,0.0,1.0,0.8660254037844386,0.5000000000000001,0.7469720876965552,0.6648553979642865,23.9,26.7
2019-02-19,Assam,NER,26.7499809,94.21666744,23.9,2019,2,1,50,0,0,16.6,83,23.8,25.2,31.4,23.842857142857145,0.3258688021129862,23.43,0.7818314824680298,0.6234898018587336,0.8660254037844386,0.5000000000000001,0.7583058084785624,0.6518989958787126,22.6,28.8
2019-02-20,Assam,NER,26.7499809,94.21666744,22.6,2019,2,2,51,0,0,15.9,86,23.9,24.5,33.0,23.571428571428573,0.45355736761115256,23.083333333333332,0.9749279121818236,-0.22252093395631434,0.8660254037844386,0.5000000000000001,0.7694148268839378,0.6387494220515272,25.2,29.8
2019-02-21,Assam,NER,26.7499809,94.21666744,25.2,2019,2,3,52,0,0,17.8,85,22.6,23.9,34.3,23.757142857142856,0.7678045386189672,22.779999999999998,0.43388373911755823,-0.900968867902419,0.8660254037844386,0.5000000000000001,0.7802958510707755,0.6254105729852463,28.0,22.7
2019-02-22,Assam,NER,26.7499809,94.21666744,28.0,2019,2,4,53,0,0,19.0,83,25.2,23.6,33.3,24.385714285714283,1.7676996081806409,22.60333333333333,-0.433883739117558,-0.9009688679024191,0.8660254037844386,0.5000000000000001,0.7909456567567772,0.6118864012687243,28.6,23.4
2019-02-23,Assam,NER,26.7499809,94.21666744,28.6,2019,2,5,54,1,0,19.2,87,28.0,23.7,22.5,25.08571428571429,2.3312575800974895,22.806666666666665,-0.9749279121818236,-0.2225209339563146,0.8660254037844386,0.5000000000000001,0.8013610881746766,0.5981809144059165,27.0,23.2
2019-02-24,Assam,NER,26.7499809,94.21666744,27.0,2019,2,6,55,1,0,19.8,84,28.6,23.5,21.3,25.58571428571429,2.309710350836661,22.996666666666666,-0.7818314824680299,0.6234898018587334,0.8660254037844386,0.5000000000000001,0.8115390590073611,0.5842981736283684,26.7,24.1
2019-02-25,Assam,NER,26.7499809,94.21666744,26.7,2019,2,0,56,0,0,18.8,85,27.0,23.8,18.7,26.0,2.1931712199461573,23.263333333333332,0.0,1.0,0.8660254037844386,0.5000000000000001,0.8214765533024142,0.5702422926917871,28.8,22.0
2019-02-26,Assam,NER,26.7499809,94.21666744,28.8,2019,2,1,57,0,0,18.2,85,26.7,23.9,22.3,26.7,2.19317121994616,23.48,0.7818314824680298,0.6234898018587336,0.8660254037844386,0.5000000000000001,0.8311706263658079,0.5560174366570446,29.8,23.0
2019-02-27,Assam,NER,26.7499809,94.21666744,29.8,2019,2,2,58,0,0,17.8,86,28.8,22.6,23.6,27.728571428571428,1.5413352282078134,23.686666666666667,0.9749279121818236,-0.22252093395631434,0.8660254037844386,0.5000000000000001,0.8406184056344782,0.5416278206559814,22.7,21.6
2019-02-28,Assam,NER,26.7499809,94.21666744,22.7,2019,2,3,59,0,0,17.3,88,29.8,25.2,18.7,27.371428571428574,2.3185586655753236,23.82,0.43388373911755823,-0.900968867902419,0.8660254037844386,0.5000000000000001,0.8498170915275278,0.5270777086423722,23.4,36.53199999999999
2019-03-02,Assam,NER,26.7499809,94.21666744,23.4,2019,3,5,61,1,0,17.4,80,22.7,28.0,18.3,26.714285714285715,2.7266759808899255,23.99,-0.9749279121818236,-0.2225209339563146,1.0,6.123233995736766e-17,0.8674563547295969,0.49751328890718066,23.2,36.53199999999999
2019-03-03,Assam,NER,26.7499809,94.21666744,23.2,2019,3,6,62,1,0,18.3,76,23.4,28.6,20.0,25.942857142857143,2.8646449127580533,24.096666666666668,-0.7818314824680299,0.6234898018587334,1.0,6.123233995736766e-17,0.8758917051442429,0.48250774176121847,24.1,33.8
2019-03-04,Assam,NER,26.7499809,94.21666744,24.1,2019,3,0,63,0,1,18.6,83,23.2,27.0,20.5,25.52857142857143,2.89580978065107,24.216666666666665,0.0,1.0,1.0,6.123233995736766e-17,0.8840675099433636,0.4673592171580022,22.0,36.53199999999999
2019-03-05,Assam,NER,26.7499809,94.21666744,22.0,2019,3,1,64,0,0,18.2,85,24.1,26.7,20.9,24.857142857142858,3.115475963025646,24.253333333333334,0.7818314824680298,0.6234898018587336,1.0,6.123233995736766e-17,0.8919813464595485,0.45207220393230435,23.0,36.4
2019-03-06,Assam,NER,26.7499809,94.21666744,23.0,2019,3,2,65,0,0,18.1,84,22.0,28.8,20.9,24.02857142857143,2.6246995292885824,24.323333333333334,0.9749279121818236,-0.22252093395631434,1.0,6.123233995736766e-17,0.8996308696522433,0.43665123195606403,21.6,34.9
2019-03-07,Assam,NER,26.7499809,94.21666744,21.6,2019,3,3,66,0,0,18.4,83,23.0,29.8,19.7,22.857142857142858,0.8482474930843443,24.386666666666667,0.43388373911755823,-0.900968867902419,1.0,6.123233995736766e-17,0.9070138128026359,0.4211008707960896,36.53199999999999,35.2
2019-03-08,Assam,NER,26.7499809,94.21666744,36.53199999999999,2019,3,4,67,0,0,18.3,81,21.6,22.7,19.5,24.833142857142857,5.227525463944727,24.9544,-0.433883739117558,-0.9009688679024191,1.0,6.123233995736766e-17,0.9141279881853337,0.40542572835999735,36.53199999999999,19.1
2019-03-09,Assam,NER,26.7499809,94.21666744,36.53199999999999,2019,3,5,68,1,0,18.7,81,36.53199999999999,23.4,19.8,26.709142857142858,6.7593868417328,25.512133333333335,-0.9749279121818236,-0.2225209339563146,1.0,6.123233995736766e-17,0.9209712877166346,0.38963044953078796,33.8,19.6
2019-03-10,Assam,NER,26.7499809,94.21666744,33.8,2019,3,6,69,1,0,18.7,83,36.53199999999999,23.2,21.5,28.223428571428567,7.024369553137682,25.92213333333333,-0.7818314824680299,0.6234898018587334,1.0,6.123233995736766e-17,0.9275416835791966,0.37371971479046906,36.53199999999999,19.9
2019-03-11,Assam,NER,26.7499809,94.21666744,36.53199999999999,2019,3,0,70,0,0,18.7,86,33.8,24.1,24.3,29.99942857142857,7.371126889360113,26.329866666666664,0.0,1.0,1.0,6.123233995736766e-17,0.9338372288229252,0.35769823883312546,36.4,19.8
2019-03-12,Assam,NER,26.7499809,94.21666744,36.4,2019,3,1,71,0,0,19.5,85,36.53199999999999,22.0,25.3,32.056571428571424,6.749749004151765,26.699866666666665,0.7818314824680298,0.6234898018587336,1.0,6.123233995736766e-17,0.9398560579418954,0.3415707691678556,34.9,21.5
2019-03-13,Assam,NER,26.7499809,94.21666744,34.9,2019,3,2,72,0,0,20.2,88,36.4,23.0,26.5,33.75657142857143,5.464861537042613,26.979866666666666,0.9749279121818236,-0.22252093395631434,1.0,6.123233995736766e-17,0.9455963874271426,0.3253420847119801,35.2,21.8
2019-03-14,Assam,NER,26.7499809,94.21666744,35.2,2019,3,3,73,0,0,22.6,81,34.9,21.6,25.9,35.69942857142856,1.085254940423876,27.28986666666667,0.43388373911755823,-0.900968867902419,1.0,6.123233995736766e-17,0.9510565162951535,0.30901699437494745,19.1,21.7
2019-03-15,Assam,NER,26.7499809,94.21666744,19.1,2019,3,4,74,0,0,22.7,83,35.2,36.53199999999999,25.2,33.20914285714286,6.304811163668895,27.086533333333332,-0.433883739117558,-0.9009688679024191,1.0,6.123233995736766e-17,0.9562348265919056,0.29260033563334836,19.6,22.6
2019-03-16,Assam,NER,26.7499809,94.21666744,19.6,2019,3,5,75,1,0,23.0,76,19.1,36.53199999999999,24.5,30.790285714285712,7.87099277334793,26.923199999999998,-0.9749279121818236,-0.2225209339563146,1.0,6.123233995736766e-17,0.9611297838723007,0.27609697309746883,19.9,22.7
2019-03-17,Assam,NER,26.7499809,94.21666744,19.9,2019,3,6,76,1,0,21.9,77,19.6,33.8,23.9,28.80457142857143,8.695340492799255,26.78986666666667,-0.7818314824680299,0.6234898018587334,1.0,6.123233995736766e-17,0.9657399376548549,0.2595117970697999,19.8,23.3
2019-03-18,Assam,NER,26.7499809,94.21666744,19.8,2019,3,0,77,0,0,22.3,82,19.9,36.53199999999999,23.6,26.414285714285715,8.514972807047714,26.6632,0.0,1.0,1.0,6.123233995736766e-17,0.9700639218515071,0.2428497220959356,21.5,23.1
2019-03-19,Assam,NER,26.7499809,94.21666744,21.5,2019,3,1,78,0,0,20.2,82,19.8,36.4,23.7,24.285714285714285,7.390856642146567,26.58986666666667,0.7818314824680298,0.6234898018587336,1.0,6.123233995736766e-17,0.9741004551724205,0.22611568550828828,21.8,22.9
2019-03-20,Assam,NER,26.7499809,94.21666744,21.8,2019,3,2,79,0,0,20.0,83,21.5,34.9,23.5,22.414285714285715,5.726380058241743,26.5332,0.9749279121818236,-0.22252093395631434,1.0,6.123233995736766e-17,0.9778483415056568,0.20931464596304847,21.7,23.0
2019-03-21,Assam,NER,26.7499809,94.21666744,21.7,2019,3,3,80,0,1,20.0,80,21.8,35.2,23.8,20.485714285714288,1.1364103886486985,26.463199999999997,0.43388373911755823,-0.900968867902419,1.0,6.123233995736766e-17,0.9813064702716093,0.19245158197082998,22.6,20.4
2019-03-22,Assam,NER,26.7499809,94.21666744,22.6,2019,3,4,81,0,0,19.7,86,21.7,19.1,23.9,20.985714285714288,1.1936339073443007,26.419866666666667,-0.433883739117558,-0.9009688679024191,1.0,6.123233995736766e-17,0.9844738167520922,0.1755314904214282,22.7,24.8
2019-03-23,Assam,NER,26.7499809,94.21666744,22.7,2019,3,5,82,1,0,19.8,86,22.6,19.6,22.6,21.428571428571427,1.1686377906410548,26.423199999999998,-0.9749279121818236,-0.2225209339563146,1.0,6.123233995736766e-17,0.9873494423939864,0.15855938510313475,23.3,23.2
2019-03-24,Assam,NER,26.7499809,94.21666744,23.3,2019,3,6,83,1,0,21.5,79,22.7,19.9,25.2,21.914285714285715,1.133473380702885,26.35986666666667,-0.7818314824680299,0.6234898018587334,1.0,6.123233995736766e-17,0.989932495087353,0.141540295217043,23.1,22.7
2019-03-25,Assam,NER,26.7499809,94.21666744,23.1,2019,3,0,84,0,0,22.9,79,23.3,19.8,28.0,22.38571428571429,0.7174690967296307,26.196533333333335,0.0,1.0,1.0,6.123233995736766e-17,0.9922222094179323,0.12447926388678915,22.9,24.6
2019-03-26,Assam,NER,26.7499809,94.21666744,22.9,2019,3,1,85,0,0,22.9,78,23.1,21.5,28.6,22.58571428571429,0.617599037749169,26.006533333333334,0.7818314824680298,0.6234898018587336,1.0,6.123233995736766e-17,0.994217906893952,0.10738134666416309,23.0,25.8
2019-03-27,Assam,NER,26.7499809,94.21666744,23.0,2019,3,2,86,0,0,21.2,85,22.9,21.8,27.0,22.75714285714286,0.5223572942510438,25.8732,0.9749279121818236,-0.22252093395631434,1.0,6.123233995736766e-17,0.995918996147179,0.09025161003104117,20.4,25.6
2019-03-28,Assam,NER,26.7499809,94.21666744,20.4,2019,3,3,87,0,0,21.5,79,23.0,21.7,26.7,22.571428571428573,0.9860937847796641,25.6632,0.43388373911755823,-0.900968867902419,1.0,6.123233995736766e-17,0.9973249731081555,0.07309512989807777,24.8,15.468
2019-03-29,Assam,NER,26.7499809,94.21666744,24.8,2019,3,4,88,0,0,22.9,80,20.4,22.6,28.8,22.885714285714283,1.2979837844757665,25.529866666666667,-0.433883739117558,-0.9009688679024191,1.0,6.123233995736766e-17,0.9984354211555643,0.055916990100603484,23.2,23.7
2019-03-30,Assam,NER,26.7499809,94.21666744,23.2,2019,3,5,89,1,0,23.8,79,24.8,22.7,29.8,22.957142857142856,1.2998168369135463,25.309866666666665,-0.9749279121818236,-0.2225209339563146,1.0,6.123233995736766e-17,0.9992500112396835,0.03872228089217446,22.7,22.8
2019-03-31,Assam,NER,26.7499809,94.21666744,22.7,2019,3,6,90,1,0,21.2,90,23.2,23.3,22.7,22.87142857142857,1.2932056883501095,25.309866666666668,-0.7818314824680299,0.6234898018587334,1.0,6.123233995736766e-17,0.9997685019798909,0.021516097436222254,24.6,22.4
2019-04-02,Assam,NER,26.7499809,94.21666744,24.6,2019,4,1,92,0,0,20.3,87,22.7,23.1,23.4,23.085714285714285,1.4519281105121438,25.349866666666667,0.7818314824680298,0.6234898018587336,0.8660254037844387,-0.4999999999999998,0.9999166586547379,-0.01291029607500882,25.8,19.8
2019-04-03,Assam,NER,26.7499809,94.21666744,25.8,2019,4,2,93,0,0,20.5,79,24.6,22.9,23.2,23.5,1.7691806012954472,25.436533333333333,0.9749279121818236,-0.22252093395631434,0.8660254037844387,-0.4999999999999998,0.9995462806873573,-0.030120304846908114,25.6,22.9
2019-04-04,Assam,NER,26.7499809,94.21666744,25.6,2019,4,3,94,0,0,20.8,78,25.8,23.0,24.1,23.87142857142857,1.9137348176748694,25.486533333333334,0.43388373911755823,-0.900968867902419,0.8660254037844387,-0.4999999999999998,0.9988797155850336,-0.04732138832243185,15.468,23.6
2019-04-05,Assam,NER,26.7499809,94.21666744,15.468,2019,4,4,95,0,0,21.6,81,25.6,20.4,22.0,23.166857142857143,3.583902315845667,25.2688,-0.433883739117558,-0.9009688679024191,0.8660254037844387,-0.4999999999999998,0.9979171608653922,-0.06450844944931623,23.7,22.3
2019-04-06,Assam,NER,26.7499809,94.21666744,23.7,2019,4,5,96,1,0,24.0,79,15.468,24.8,23.0,23.00971428571429,3.5239741634640334,25.292133333333332,-0.9749279121818236,-0.2225209339563146,0.8660254037844387,-0.4999999999999998,0.9966589017541702,-0.08167639533042241,22.8,33.2
2019-04-07,Assam,NER,26.7499809,94.21666744,22.8,2019,4,6,97,1,0,21.3,93,23.7,23.2,21.6,22.952571428571428,3.523617405316268,25.33213333333333,-0.7818314824680299,0.6234898018587334,0.8660254037844387,-0.4999999999999998,0.9951053111006976,-0.09882013873287143,22.4,32.7
2019-04-08,Assam,NER,26.7499809,94.21666744,22.4,2019,4,0,98,0,0,21.6,86,22.8,22.7,36.53199999999999,22.909714285714283,3.52902166396893,24.861066666666666,0.0,1.0,0.8660254037844387,-0.4999999999999998,0.9932568492674143,-0.11593459959550041,19.8,27.7
2019-04-09,Assam,NER,26.7499809,94.21666744,19.8,2019,4,1,99,0,0,21.9,87,22.4,24.6,36.53199999999999,22.224,3.6112276767511458,24.303333333333335,0.7818314824680298,0.6234898018587336,0.8660254037844387,-0.4999999999999998,0.9911140639934547,-0.1330147065341959,22.9,28.4
2019-04-10,Assam,NER,26.7499809,94.21666744,22.9,2019,4,2,100,0,0,22.4,84,19.8,25.8,33.8,21.809714285714282,3.284142796037051,23.94,0.9749279121818236,-0.22252093395631434,0.8660254037844387,-0.4999999999999998,0.9886775902323405,-0.1500553983446526,23.6,29.6
2019-04-11,Assam,NER,26.7499809,94.21666744,23.6,2019,4,3,101,0,0,23.6,82,22.9,25.6,36.53199999999999,21.524,2.9715594110388395,23.508933333333335,0.43388373911755823,-0.900968867902419,0.8660254037844387,-0.4999999999999998,0.9859481499638304,-0.16705162550211924,22.3,31.1
2019-04-12,Assam,NER,26.7499809,94.21666744,22.3,2019,4,4,102,0,0,25.6,78,23.6,15.468,36.4,22.5,1.3063945294844133,23.038933333333333,-0.433883739117558,-0.9009688679024191,0.8660254037844387,-0.4999999999999998,0.9829265519799822,-0.18399835165768005,33.2,32.7
2019-04-13,Assam,NER,26.7499809,94.21666744,33.2,2019,4,5,103,1,1,26.5,81,22.3,23.7,34.9,23.857142857142858,4.289466611307741,22.982266666666668,-0.9749279121818236,-0.2225209339563146,0.8660254037844387,-0.4999999999999998,0.9796136916454901,-0.20089055513063506,32.7,20.7
2019-04-14,Assam,NER,26.7499809,94.21666744,32.7,2019,4,6,104,1,1,24.9,85,33.2,22.8,35.2,25.271428571428572,5.377023428662092,22.898933333333332,-0.7818314824680299,0.6234898018587334,0.8660254037844387,-0.4999999999999998,0.9760105506323683,-0.21772323039653177,27.7,22.7
2019-04-15,Assam,NER,26.7499809,94.21666744,27.7,2019,4,0,105,0,0,24.0,87,32.7,22.4,19.1,26.028571428571432,5.277535499869329,23.1856,0.0,1.0,0.8660254037844387,-0.4999999999999998,0.9721181966290613,-0.23449138957040985,28.4,19.2
2019-04-16,Assam,NER,26.7499809,94.21666744,28.4,2019,4,1,106,0,0,24.0,88,27.7,19.8,19.6,27.257142857142856,4.534628666479448,23.478933333333334,0.7818314824680298,0.6234898018587336,0.8660254037844387,-0.4999999999999998,0.9679377830240642,-0.25119006388481935,29.6,21.0
2019-04-17,Assam,NER,26.7499809,94.21666744,29.6,2019,4,2,107,0,1,23.8,88,28.4,22.9,19.9,28.21428571428572,4.152681291016916,23.802266666666664,0.9749279121818236,-0.22252093395631434,0.8660254037844387,-0.4999999999999998,0.9634705485641488,-0.2678143051621742,31.1,22.7
2019-04-18,Assam,NER,26.7499809,94.21666744,31.1,2019,4,3,108,0,0,24.0,86,29.6,23.6,19.8,29.285714285714285,3.707392871650089,24.178933333333337,0.43388373911755823,-0.900968867902419,0.8660254037844387,-0.4999999999999998,0.9587178169872964,-0.2843591872810034,32.7,23.1
2019-04-19,Assam,NER,26.7499809,94.21666744,32.7,2019,4,4,109,0,1,24.0,84,31.1,22.3,21.5,30.771428571428576,2.231377964184365,24.552266666666664,-0.433883739117558,-0.9009688679024191,0.8660254037844387,-0.4999999999999998,0.9536809966304457,-0.30081980763566735,20.7,21.1
2019-04-20,Assam,NER,26.7499809,94.21666744,20.7,2019,4,5,110,1,0,23.4,84,32.7,33.2,21.8,28.985714285714288,4.145048681430482,24.515600000000003,-0.9749279121818236,-0.2225209339563146,0.8660254037844387,-0.4999999999999998,0.9483615800121715,-0.3171912885891061,22.7,22.8
2019-04-21,Assam,NER,26.7499809,94.21666744,22.7,2019,4,6,111,1,0,23.2,85,20.7,32.7,21.7,27.557142857142857,4.368774482184968,24.54893333333333,-0.7818314824680299,0.6234898018587334,0.8660254037844387,-0.4999999999999998,0.9427611433904207,-0.3334687789181868,19.2,21.7
2019-04-22,Assam,NER,26.7499809,94.21666744,19.2,2019,4,0,112,0,0,24.5,82,22.7,27.7,22.6,26.342857142857145,5.385430079655406,24.4356,0.0,1.0,0.8660254037844387,-0.4999999999999998,0.9368813462954315,-0.3496474552512284,21.0,22.5
2019-04-23,Assam,NER,26.7499809,94.21666744,21.0,2019,4,1,113,0,0,25.2,80,19.2,28.4,22.7,25.28571428571429,5.634840598582066,24.378933333333336,0.7818314824680298,0.6234898018587336,0.8660254037844387,-0.4999999999999998,0.9307239310379795,-0.36572252349726897,22.7,22.4
2019-04-24,Assam,NER,26.7499809,94.21666744,22.7,2019,4,2,114,0,0,26.2,76,21.0,29.6,23.3,24.3,5.350700888668713,24.358933333333333,0.9749279121818236,-0.22252093395631434,0.8660254037844387,-0.4999999999999998,0.9242907221930933,-0.3816892202666588,23.1,22.8
2019-04-25,Assam,NER,26.7499809,94.21666744,23.1,2019,4,3,115,0,0,27.2,76,22.7,31.1,23.1,23.157142857142855,4.431650235468046,24.35893333333333,0.43388373911755823,-0.900968867902419,0.8660254037844387,-0.4999999999999998,0.9175836260593937,-0.39754281428255595,21.1,22.4
2019-04-26,Assam,NER,26.7499809,94.21666744,21.1,2019,4,4,116,0,0,27.2,80,23.1,32.7,22.9,21.5,1.401189970465656,24.29893333333333,-0.433883739117558,-0.9009688679024191,0.8660254037844387,-0.4999999999999998,0.9106046300942162,-0.4132786077829042,22.8,21.4
2019-04-27,Assam,NER,26.7499809,94.21666744,22.8,2019,4,5,117,1,0,26.5,85,21.1,20.7,23.0,21.8,1.4259499757472343,24.292266666666666,-0.9749279121818236,-0.2225209339563146,0.8660254037844387,-0.4999999999999998,0.9033558023246845,-0.4288919379124835,21.7,27.2
2019-04-28,Assam,NER,26.7499809,94.21666744,21.7,2019,4,6,118,1,0,24.8,90,22.8,22.7,20.4,21.657142857142862,1.3697410252272817,24.3356,-0.7818314824680299,0.6234898018587334,0.8660254037844387,-0.4999999999999998,0.895839290734909,-0.4443781781046132,22.5,24.7
2019-04-29,Assam,NER,26.7499809,94.21666744,22.5,2019,4,0,119,0,0,23.1,93,21.7,19.2,24.8,22.128571428571426,0.8538428538365906,24.258933333333335,0.0,1.0,0.8660254037844387,-0.4999999999999998,0.8880573226294932,-0.45973273945210397,22.4,25.7
2019-04-30,Assam,NER,26.7499809,94.21666744,22.4,2019,4,1,120,0,0,22.2,95,22.5,21.0,23.2,22.328571428571426,0.6945365018349585,24.232266666666664,0.7818314824680298,0.6234898018587336,0.8660254037844387,-0.4999999999999998,0.8800122039735357,-0.47495107206704995,22.8,28.8
2019-05-02,Assam,NER,26.7499809,94.21666744,22.8,2019,5,3,122,0,0,24.1,88,22.4,22.7,22.7,22.342857142857145,0.7044078904943248,24.235599999999998,0.43388373911755823,-0.900968867902419,0.49999999999999994,-0.8660254037844387,0.8631421280499114,-0.5049610547215204,22.4,29.6
2019-05-03,Assam,NER,26.7499809,94.21666744,22.4,2019,5,4,123,0,0,24.2,89,22.8,23.1,24.6,22.242857142857144,0.6241184258808585,24.162266666666667,-0.433883739117558,-0.9009688679024191,0.49999999999999994,-0.8660254037844387,0.854322169749827,-0.5197438121555155,21.4,29.4
2019-05-04,Assam,NER,26.7499809,94.21666744,21.4,2019,5,5,124,1,0,25.1,84,22.4,21.1,25.8,22.285714285714285,0.5367450401218712,24.0156,-0.9749279121818236,-0.2225209339563146,0.49999999999999994,-0.8660254037844387,0.8452490573530633,-0.5343725582809786,27.2,26.5
2019-05-05,Assam,NER,26.7499809,94.21666744,27.2,2019,5,6,125,1,0,24.5,86,21.4,22.8,25.6,22.914285714285715,1.9514341490543312,24.068933333333334,-0.7818314824680299,0.6234898018587334,0.49999999999999994,-0.8660254037844387,0.8359254794186372,-0.548842958284719,24.7,29.5
2019-05-06,Assam,NER,26.7499809,94.21666744,24.7,2019,5,0,126,0,0,26.0,83,27.2,21.7,15.468,23.342857142857138,1.9696506821068436,24.376666666666665,0.0,1.0,0.49999999999999994,-0.8660254037844387,0.8263541987239096,-0.5631507242749186,25.7,27.8
2019-05-07,Assam,NER,26.7499809,94.21666744,25.7,2019,5,1,127,0,0,23.0,84,24.7,22.5,23.7,23.799999999999994,2.107921567168346,24.44333333333333,0.7818314824680298,0.6234898018587336,0.49999999999999994,-0.8660254037844387,0.8165380514459161,-0.5772916165517272,28.8,29.2
2019-05-08,Assam,NER,26.7499809,94.21666744,28.8,2019,5,2,128,0,0,23.3,86,25.7,22.4,22.8,24.714285714285715,2.7033488931499985,24.64333333333333,0.9749279121818236,-0.22252093395631434,0.49999999999999994,-0.8660254037844387,0.8064799463209448,-0.5912614448635781,29.6,31.7
2019-05-09,Assam,NER,26.7499809,94.21666744,29.6,2019,5,3,129,0,0,23.2,89,28.8,22.8,22.4,25.685714285714283,3.094311216533002,24.883333333333333,0.43388373911755823,-0.900968867902419,0.49999999999999994,-0.8660254037844387,0.7961828637826158,-0.6050560696488488,29.4,31.4
2019-05-10,Assam,NER,26.7499809,94.21666744,29.4,2019,5,4,130,0,0,23.2,91,29.6,22.4,19.8,26.685714285714283,2.984643234642163,25.20333333333333,-0.433883739117558,-0.9009688679024191,0.49999999999999994,-0.8660254037844387,0.7856498550787147,-0.6186714032625031,26.5,30.5
2019-05-11,Assam,NER,26.7499809,94.21666744,26.5,2019,5,5,131,1,0,24.0,92,29.4,21.4,22.9,27.414285714285715,1.9073791542572753,25.32333333333333,-0.9749279121818236,-0.2225209339563146,0.49999999999999994,-0.8660254037844387,0.7748840413670407,-0.6321034111873487,29.5,30.9
2019-05-12,Assam,NER,26.7499809,94.21666744,29.5,2019,5,6,132,1,0,24.8,87,26.5,27.2,23.6,27.74285714285714,2.0565806109957756,25.519999999999996,-0.7818314824680299,0.6234898018587334,0.49999999999999994,-0.8660254037844387,0.7638886127905428,-0.6453481132295501,27.8,23.8
2019-05-13,Assam,NER,26.7499809,94.21666744,27.8,2019,5,0,133,0,0,24.4,87,29.5,24.7,22.3,28.185714285714287,1.5678313806322304,25.703333333333333,0.0,1.0,0.49999999999999994,-0.8660254037844387,0.7526668275320085,-0.6584015846980488,29.2,25.8
2019-05-14,Assam,NER,26.7499809,94.21666744,29.2,2019,5,1,134,0,0,23.7,87,27.8,25.7,33.2,28.685714285714287,1.1437199124327346,25.569999999999997,0.7818314824680298,0.6234898018587336,0.49999999999999994,-0.8660254037844387,0.7412220108485958,-0.6712599575675313,31.7,27.1
2019-05-15,Assam,NER,26.7499809,94.21666744,31.7,2019,5,2,135,0,0,23.5,88,29.2,28.8,32.7,29.099999999999998,1.618641405623829,25.53666666666667,0.9749279121818236,-0.22252093395631434,0.49999999999999994,-0.8660254037844387,0.7295575540864875,-0.6839194216246106,31.4,28.9
2019-05-16,Assam,NER,26.7499809,94.21666744,31.4,2019,5,3,136,0,0,24.5,87,31.7,29.6,27.7,29.357142857142858,1.8392545073635176,25.66,0.43388373911755823,-0.900968867902419,0.49999999999999994,-0.8660254037844387,0.717676913675962,-0.6963762255968722,30.5,27.0
2019-05-17,Assam,NER,26.7499809,94.21666744,30.5,2019,5,4,137,0,0,23.9,92,31.4,29.4,28.4,29.514285714285712,1.8898223650461008,25.73,-0.433883739117558,-0.9009688679024191,0.49999999999999994,-0.8660254037844387,0.705583610107178,-0.7086266782644596,30.9,27.0
2019-05-18,Assam,NER,26.7499809,94.21666744,30.9,2019,5,5,138,1,1,23.5,93,30.5,26.5,29.6,30.142857142857142,1.3842653200128623,25.77333333333333,-0.9749279121818236,-0.2225209339563146,0.49999999999999994,-0.8660254037844387,0.6932812268869777,-0.7206671495538609,23.8,22.0
2019-05-19,Assam,NER,26.7499809,94.21666744,23.8,2019,5,6,139,1,0,25.7,86,30.9,29.5,31.1,29.32857142857143,2.789094408414225,25.529999999999998,-0.7818314824680299,0.6234898018587334,0.49999999999999994,-0.8660254037844387,0.6807734094770161,-0.7324940716135789,25.8,19.0
2019-05-20,Assam,NER,26.7499809,94.21666744,25.8,2019,5,0,140,0,0,25.2,85,23.8,27.8,32.7,29.04285714285714,3.0609677896906553,25.3,0.0,1.0,0.49999999999999994,-0.8660254037844387,0.6680638642135335,-0.7441039398713607,27.1,21.5
2019-05-21,Assam,NER,26.7499809,94.21666744,27.1,2019,5,1,141,0,0,25.5,86,25.8,29.2,20.7,28.74285714285714,3.1447613279108655,25.513333333333332,0.7818314824680298,0.6234898018587336,0.49999999999999994,-0.8660254037844387,0.6551563572090853,-0.7554933140726803,28.9,21.3
2019-05-22,Assam,NER,26.7499809,94.21666744,28.9,2019,5,2,142,0,0,25.3,88,27.1,31.7,22.7,28.342857142857145,2.872198427950919,25.720000000000002,0.9749279121818236,-0.22252093395631434,0.49999999999999994,-0.8660254037844387,0.6420547132365637,-0.766658819300159,27.0,19.5
2019-05-23,Assam,NER,26.7499809,94.21666744,27.0,2019,5,3,143,0,0,23.9,92,28.9,31.4,19.2,27.714285714285715,2.5556659741500893,25.98,0.43388373911755823,-0.900968867902419,0.49999999999999994,-0.8660254037844387,0.6287628145958344,-0.7775971469736269,27.0,19.1
2019-05-24,Assam,NER,26.7499809,94.21666744,27.0,2019,5,4,144,0,0,24.3,88,27.0,30.5,21.0,27.214285714285715,2.2430846108492086,26.18,-0.433883739117558,-0.9009688679024191,0.49999999999999994,-0.8660254037844387,0.6152845999633276,-0.7883050558305255,22.0,20.6
2019-05-25,Assam,NER,26.7499809,94.21666744,22.0,2019,5,5,145,1,0,25.4,83,27.0,30.9,22.7,25.942857142857143,2.326554779681144,26.156666666666663,-0.9749279121818236,-0.2225209339563146,0.49999999999999994,-0.8660254037844387,0.6016240632249226,-0.7987793728863649,19.0,21.0
2019-05-26,Assam,NER,26.7499809,94.21666744,19.0,2019,5,6,146,1,0,26.6,83,22.0,23.8,23.1,25.257142857142856,3.4832251065438204,26.02,-0.7818314824680299,0.6234898018587334,0.49999999999999994,-0.8660254037844387,0.5877852522924732,-0.8090169943749473,21.5,26.2
2019-05-27,Assam,NER,26.7499809,94.21666744,21.5,2019,5,0,147,0,0,25.5,87,19.0,25.8,21.1,24.642857142857142,3.7411482831064813,26.033333333333335,0.0,1.0,0.49999999999999994,-0.8660254037844387,0.5737722679043246,-0.8190148866680801,21.3,26.9
2019-05-28,Assam,NER,26.7499809,94.21666744,21.3,2019,5,1,148,0,0,27.0,85,21.5,27.1,22.8,23.814285714285713,3.7485235188576187,25.983333333333334,0.7818314824680298,0.6234898018587336,0.49999999999999994,-0.8660254037844387,0.5595892624101765,-0.8287700871745038,19.5,26.7
2019-05-29,Assam,NER,26.7499809,94.21666744,19.5,2019,5,2,149,0,0,28.0,83,21.3,28.9,21.7,22.47142857142857,3.277048614080636,25.910000000000004,0.9749279121818236,-0.22252093395631434,0.49999999999999994,-0.8660254037844387,0.545240438540651,-0.8382797052177744,19.1,24.6
2019-05-30,Assam,NER,26.7499809,94.21666744,19.1,2019,5,3,150,0,0,27.1,84,19.5,27.0,22.5,21.342857142857145,2.78020211666779,25.796666666666667,0.43388373911755823,-0.900968867902419,0.49999999999999994,-0.8660254037844387,0.5307300481619334,-0.8475409228928311,20.6,22.3
2019-05-31,Assam,NER,26.7499809,94.21666744,20.6,2019,5,4,151,0,0,26.5,85,19.1,27.0,22.4,20.428571428571427,1.2297889869328176,25.736666666666668,-0.433883739117558,-0.9009688679024191,0.49999999999999994,-0.8660254037844387,0.5160623910158528,-0.8565509959010036,21.0,20.3
2019-06-02,Assam,NER,26.7499809,94.21666744,21.0,2019,6,6,153,1,0,27.8,82,20.6,22.0,22.8,20.285714285714285,1.0636863125136429,25.676666666666666,-0.7818314824680299,0.6234898018587334,1.2246467991473532e-16,-1.0,0.48627270710868997,-0.8738071036110808,26.2,22.7
2019-06-03,Assam,NER,26.7499809,94.21666744,26.2,2019,6,0,154,0,0,27.3,83,21.0,19.0,22.4,21.314285714285717,2.334829452321694,25.803333333333335,0.0,1.0,1.2246467991473532e-16,-1.0,0.4711595076738638,-0.8820480249558537,26.9,23.2
2019-06-04,Assam,NER,26.7499809,94.21666744,26.9,2019,6,1,155,0,0,26.2,84,26.2,21.5,21.4,22.08571428571429,3.1545884947848237,25.986666666666668,0.7818314824680298,0.6234898018587336,1.2246467991473532e-16,-1.0,0.4559066935084588,-0.8900275764346767,26.7,23.5
2019-06-05,Assam,NER,26.7499809,94.21666744,26.7,2019,6,2,156,0,1,26.6,84,26.9,21.3,27.2,22.857142857142858,3.5641067805071884,25.970000000000002,0.9749279121818236,-0.22252093395631434,1.2246467991473532e-16,-1.0,0.440518784350495,-0.8977433935342337,24.6,23.3
2019-06-06,Assam,NER,26.7499809,94.21666744,24.6,2019,6,3,157,0,0,28.2,82,26.7,19.5,24.7,23.585714285714285,3.2728318886598364,25.966666666666665,0.43388373911755823,-0.900968867902419,1.2246467991473532e-16,-1.0,0.42500033996955416,-0.9051931898913974,22.3,23.5
2019-06-07,Assam,NER,26.7499809,94.21666744,22.3,2019,6,4,158,0,0,27.4,88,24.6,19.1,25.7,24.042857142857144,2.718367857653546,25.853333333333335,-0.433883739117558,-0.9009688679024191,1.2246467991473532e-16,-1.0,0.4093559588156213,-0.9123747579707273,20.3,23.8
2019-06-08,Assam,NER,26.7499809,94.21666744,20.3,2019,6,5,159,1,0,27.7,84,22.3,20.6,28.8,24.0,2.7832834326864355,25.57,-0.9749279121818236,-0.2225209339563146,1.2246467991473532e-16,-1.0,0.39359027665646673,-0.9192859697186104,22.7,22.6
2019-06-09,Assam,NER,26.7499809,94.21666744,22.7,2019,6,6,160,1,0,27.3,88,20.3,21.0,29.6,24.242857142857144,2.541559326382904,25.34,-0.7818314824680299,0.6234898018587334,1.2246467991473532e-16,-1.0,0.3777079652039649,-0.9259247771938498,23.2,22.5
2019-06-10,Assam,NER,26.7499809,94.21666744,23.2,2019,6,0,161,0,0,27.5,87,22.7,26.2,29.4,23.814285714285713,2.405846054529543,25.133333333333333,0.0,1.0,1.2246467991473532e-16,-1.0,0.36171373072976765,-0.9322892131745133,23.5,26.0
2019-06-11,Assam,NER,26.7499809,94.21666744,23.5,2019,6,1,162,0,0,28.3,85,23.2,26.9,26.5,23.32857142857143,1.9855429867875207,25.033333333333335,0.7818314824680298,0.6234898018587336,1.2246467991473532e-16,-1.0,0.3456123126707335,-0.9383773917408641,23.3,27.6
2019-06-12,Assam,NER,26.7499809,94.21666744,23.3,2019,6,2,163,0,0,29.5,82,23.5,26.7,29.5,22.842857142857145,1.3314868166291869,24.826666666666668,0.9749279121818236,-0.22252093395631434,1.2246467991473532e-16,-1.0,0.3294084822245304,-0.9441875088341993,23.5,27.1
2019-06-13,Assam,NER,26.7499809,94.21666744,23.5,2019,6,3,164,0,0,30.0,80,23.3,24.6,27.8,22.685714285714287,1.1408017231003653,24.683333333333334,0.43388373911755823,-0.900968867902419,1.2246467991473532e-16,-1.0,0.3131070409358269,-0.9497178427914316,23.8,25.5
2019-06-14,Assam,NER,26.7499809,94.21666744,23.8,2019,6,4,165,0,0,27.0,92,23.5,22.3,29.2,22.9,1.1958260743102154,24.503333333333334,-0.433883739117558,-0.9009688679024191,1.2246467991473532e-16,-1.0,0.29671281927349075,-0.9549667548552551,22.6,24.7
2019-06-15,Assam,NER,26.7499809,94.21666744,22.6,2019,6,5,166,1,0,27.7,89,23.8,20.3,31.7,23.22857142857143,0.4386125310352156,24.2,-0.9749279121818236,-0.2225209339563146,1.2246467991473532e-16,-1.0,0.28023067519921585,-0.9599326896597447,22.5,25.0
2019-06-16,Assam,NER,26.7499809,94.21666744,22.5,2019,6,6,167,1,0,27.8,90,22.6,22.7,31.4,23.2,0.48304589153982064,23.903333333333332,-0.7818314824680299,0.6234898018587334,1.2246467991473532e-16,-1.0,0.26366549272800704,-0.9646141756912435,26.0,25.8
2019-06-17,Assam,NER,26.7499809,94.21666744,26.0,2019,6,0,168,0,0,28.0,89,22.5,23.2,30.5,23.6,1.163328557774407,23.753333333333334,0.0,1.0,1.2246467991473532e-16,-1.0,0.24702218048093552,-0.9690098257244062,27.6,21.5
2019-06-18,Assam,NER,26.7499809,94.21666744,27.6,2019,6,1,169,0,0,28.4,84,26.0,23.5,30.9,24.185714285714287,1.902129132865422,23.643333333333334,0.7818314824680298,0.6234898018587336,1.2246467991473532e-16,-1.0,0.23030567023061221,-0.9731183372332619,27.1,22.9
2019-06-19,Assam,NER,26.7499809,94.21666744,27.1,2019,6,2,170,0,0,29.3,83,27.6,23.3,23.8,24.728571428571428,2.1351926421397485,23.753333333333334,0.9749279121818236,-0.22252093395631434,1.2246467991473532e-16,-1.0,0.21352091543979612,-0.9769384927771817,25.5,24.1
2019-06-20,Assam,NER,26.7499809,94.21666744,25.5,2019,6,3,171,0,0,29.1,86,27.1,23.5,25.8,25.014285714285712,2.076397980019403,23.743333333333336,0.43388373911755823,-0.900968867902419,1.2246467991473532e-16,-1.0,0.19667288979357647,-0.980469160361632,24.7,22.8
2019-06-21,Assam,NER,26.7499809,94.21666744,24.7,2019,6,4,172,0,0,27.5,91,25.5,23.8,27.1,25.142857142857142,2.015653031366565,23.663333333333334,-0.433883739117558,-0.9009688679024191,1.2246467991473532e-16,-1.0,0.1797665857255624,-0.9837092937736097,25.0,23.1
2019-06-22,Assam,NER,26.7499809,94.21666744,25.0,2019,6,5,173,1,0,28.4,88,24.7,22.6,28.9,25.485714285714284,1.6886173549471273,23.533333333333335,-0.9749279121818236,-0.2225209339563146,1.2246467991473532e-16,-1.0,0.16280701293851715,-0.986657932891657,25.8,23.2
2019-06-23,Assam,NER,26.7499809,94.21666744,25.8,2019,6,6,174,1,0,29.2,85,25.0,22.5,27.0,25.957142857142856,1.0596495377515998,23.493333333333336,-0.7818314824680299,0.6234898018587334,1.2246467991473532e-16,-1.0,0.1457991969198751,-0.9893142039703663,21.5,22.2
2019-06-24,Assam,NER,26.7499809,94.21666744,21.5,2019,6,0,175,0,0,29.7,82,25.8,26.0,27.0,25.314285714285713,1.9878200550926743,23.310000000000002,0.0,1.0,1.2246467991473532e-16,-1.0,0.12874817745258132,-0.99167731989929,22.9,34.2
2019-06-25,Assam,NER,26.7499809,94.21666744,22.9,2019,6,1,176,0,0,28.8,84,21.5,27.6,22.0,24.642857142857142,1.877815346670323,23.34,0.7818314824680298,0.6234898018587336,1.2246467991473532e-16,-1.0,0.11165900712169512,-0.993746580436178,24.1,36.0
2019-06-26,Assam,NER,26.7499809,94.21666744,24.1,2019,6,2,177,0,0,27.7,89,22.9,27.1,19.0,24.214285714285715,1.534523347740932,23.51,0.9749279121818236,-0.22252093395631434,1.2246467991473532e-16,-1.0,0.09453674981719912,-0.9955213724144752,22.8,36.53199999999999
2019-06-27,Assam,NER,26.7499809,94.21666744,22.8,2019,6,3,178,0,0,26.4,92,24.1,25.5,21.5,23.82857142857143,1.4963447527384102,23.553333333333335,0.43388373911755823,-0.900968867902419,1.2246467991473532e-16,-1.0,0.07738647923346301,-0.9970011699250151,23.1,36.53199999999999
2019-06-28,Assam,NER,26.7499809,94.21666744,23.1,2019,6,4,179,0,0,26.6,89,22.8,24.7,21.3,23.6,1.462873883832837,23.613333333333333,-0.433883739117558,-0.9009688679024191,1.2246467991473532e-16,-1.0,0.06021327736579302,-0.9981855344718586,23.2,33.2
2019-06-29,Assam,NER,26.7499809,94.21666744,23.2,2019,6,5,180,1,0,28.1,85,23.1,25.0,19.5,23.342857142857138,1.3277263057035988,23.736666666666665,-0.9749279121818236,-0.2225209339563146,1.2246467991473532e-16,-1.0,0.04302223300453059,-0.99907411510223,22.2,34.8
2019-06-30,Assam,NER,26.7499809,94.21666744,22.2,2019,6,6,181,1,0,30.1,80,23.2,25.8,19.1,22.82857142857143,0.8159131606454808,23.84,-0.7818314824680299,0.6234898018587334,1.2246467991473532e-16,-1.0,0.02581844022713308,-0.9996666485105112,34.2,35.1
2019-07-01,Assam,NER,26.7499809,94.21666744,34.2,2019,7,0,182,0,0,30.3,82,22.2,21.5,20.6,24.642857142857142,4.252394283560411,24.293333333333337,0.0,1.0,-0.4999999999999997,-0.8660254037844388,0.008606996888688698,-0.9999629591162655,36.0,15.65
2019-07-02,Assam,NER,26.7499809,94.21666744,36.0,2019,7,1,183,0,0,28.8,84,34.2,22.9,21.0,26.514285714285712,5.915073561511746,24.793333333333337,0.7818314824680298,0.6234898018587336,-0.4999999999999997,-0.8660254037844388,-0.008606996888688009,-0.9999629591162655,36.53199999999999,15.468
2019-07-03,Assam,NER,26.7499809,94.21666744,36.53199999999999,2019,7,2,184,0,0,27.5,90,36.0,24.1,26.2,28.290285714285712,6.860213352228568,25.137733333333333,0.9749279121818236,-0.22252093395631434,-0.4999999999999997,-0.8660254037844388,-0.02581844022713239,-0.9996666485105112,36.53199999999999,16.65
2019-07-04,Assam,NER,26.7499809,94.21666744,36.53199999999999,2019,7,3,185,0,0,29.3,84,36.53199999999999,22.8,26.9,30.252,6.990702396755262,25.4588,0.43388373911755823,-0.900968867902419,-0.4999999999999997,-0.8660254037844388,-0.04302223300453034,-0.99907411510223,33.2,19.8
2019-07-05,Assam,NER,26.7499809,94.21666744,33.2,2019,7,4,186,0,0,28.2,89,36.53199999999999,23.1,26.7,31.69485714285714,6.274103692389604,25.67546666666666,-0.433883739117558,-0.9009688679024191,-0.4999999999999997,-0.8660254037844388,-0.060213277365792774,-0.9981855344718586,34.8,23.4
2019-07-06,Assam,NER,26.7499809,94.21666744,34.8,2019,7,5,187,1,0,28.2,90,33.2,23.2,24.6,33.352,5.073505034326168,26.01546666666667,-0.9749279121818236,-0.2225209339563146,-0.4999999999999997,-0.8660254037844388,-0.07738647923346322,-0.9970011699250151,35.1,23.3
2019-07-07,Assam,NER,26.7499809,94.21666744,35.1,2019,7,6,188,1,0,28.4,87,34.8,22.2,22.3,35.19485714285714,1.2488836920186057,26.442133333333334,-0.7818314824680299,0.6234898018587334,-0.4999999999999997,-0.8660254037844388,-0.09453674981719933,-0.9955213724144752,15.65,23.7
2019-07-08,Assam,NER,26.7499809,94.21666744,15.65,2019,7,0,189,0,0,27.3,91,35.1,34.2,20.3,32.54485714285714,7.541136771702491,26.287133333333333,0.0,1.0,-0.4999999999999997,-0.8660254037844388,-0.11165900712169444,-0.9937465804361781,15.468,23.3
2019-07-09,Assam,NER,26.7499809,94.21666744,15.468,2019,7,1,190,0,0,26.5,93,15.65,36.0,22.7,29.61171428571428,9.666697224910639,26.046066666666665,0.7818314824680298,0.6234898018587336,-0.4999999999999997,-0.8660254037844388,-0.12874817745258066,-0.99167731989929,16.65,21.7
2019-07-10,Assam,NER,26.7499809,94.21666744,16.65,2019,7,2,191,0,0,26.7,91,15.468,36.53199999999999,23.2,26.771428571428572,10.200615452954178,25.827733333333335,0.9749279121818236,-0.22252093395631434,-0.4999999999999997,-0.8660254037844388,-0.14579919691987442,-0.9893142039703664,19.8,23.7
2019-07-11,Assam,NER,26.7499809,94.21666744,19.8,2019,7,3,192,0,0,26.4,92,16.65,36.53199999999999,23.5,24.38114285714286,9.466195424220013,25.704400000000003,0.43388373911755823,-0.900968867902419,-0.4999999999999997,-0.8660254037844388,-0.16280701293851646,-0.9866579328916572,23.4,23.1
2019-07-12,Assam,NER,26.7499809,94.21666744,23.4,2019,7,4,193,0,0,27.5,84,19.8,33.2,23.3,22.981142857142856,8.63253086544481,25.707733333333334,-0.433883739117558,-0.9009688679024191,-0.4999999999999997,-0.8660254037844388,-0.17976658572556214,-0.9837092937736098,23.3,23.4
2019-07-13,Assam,NER,26.7499809,94.21666744,23.3,2019,7,5,194,1,0,26.9,89,23.4,34.8,23.5,21.338285714285714,6.935980625556527,25.701066666666666,-0.9749279121818236,-0.2225209339563146,-0.4999999999999997,-0.8660254037844388,-0.19667288979357622,-0.9804691603616321,23.7,22.3
2019-07-14,Assam,NER,26.7499809,94.21666744,23.7,2019,7,6,195,1,0,26.9,88,23.3,35.1,23.8,19.709714285714284,3.791968781265954,25.697733333333336,-0.7818314824680299,0.6234898018587334,-0.4999999999999997,-0.8660254037844388,-0.2135209154397959,-0.9769384927771817,23.3,21.2
2019-07-15,Assam,NER,26.7499809,94.21666744,23.3,2019,7,0,196,0,0,26.3,92,23.7,15.65,22.6,20.80257142857143,3.519533058856139,25.721066666666665,0.0,1.0,-0.4999999999999997,-0.8660254037844388,-0.23030567023061196,-0.973118337233262,21.7,21.7
2019-07-16,Assam,NER,26.7499809,94.21666744,21.7,2019,7,1,197,0,0,26.9,90,23.3,15.468,22.5,21.692857142857143,2.6179553999620997,25.694399999999998,0.7818314824680298,0.6234898018587336,-0.4999999999999997,-0.8660254037844388,-0.24702218048093527,-0.9690098257244063,23.7,23.2
2019-07-17,Assam,NER,26.7499809,94.21666744,23.7,2019,7,2,198,0,0,27.4,88,21.7,16.65,26.0,22.7,1.4502873278538655,25.617733333333334,0.9749279121818236,-0.22252093395631434,-0.4999999999999997,-0.8660254037844388,-0.2636654927280072,-0.9646141756912435,23.1,20.9
2019-07-18,Assam,NER,26.7499809,94.21666744,23.1,2019,7,3,199,0,0,29.3,81,23.7,19.8,27.6,23.17142857142857,0.6848705126137069,25.46773333333333,0.43388373911755823,-0.900968867902419,-0.4999999999999997,-0.8660254037844388,-0.2802306751992161,-0.9599326896597445,23.4,21.9
2019-07-19,Assam,NER,26.7499809,94.21666744,23.4,2019,7,4,200,0,0,29.2,84,23.1,23.4,27.1,23.171428571428574,0.6848705126137069,25.3444,-0.433883739117558,-0.9009688679024191,-0.4999999999999997,-0.8660254037844388,-0.2967128192734901,-0.9549667548552553,22.3,22.2
2019-07-20,Assam,NER,26.7499809,94.21666744,22.3,2019,7,5,201,1,0,29.2,83,23.4,23.3,25.5,23.02857142857143,0.7543524501503067,25.23773333333333,-0.9749279121818236,-0.2225209339563146,-0.4999999999999997,-0.8660254037844388,-0.3131070409358267,-0.9497178427914317,21.2,23.6
2019-07-21,Assam,NER,26.7499809,94.21666744,21.2,2019,7,6,202,1,0,28.8,85,22.3,23.7,24.7,22.671428571428574,0.9499373412921129,25.121066666666668,-0.7818314824680299,0.6234898018587334,-0.4999999999999997,-0.8660254037844388,-0.3294084822245302,-0.9441875088341994,21.7,23.4
2019-07-22,Assam,NER,26.7499809,94.21666744,21.7,2019,7,0,203,0,0,27.3,91,21.2,23.3,25.0,22.442857142857143,0.9658452996506913,25.011066666666668,0.0,1.0,-0.4999999999999997,-0.8660254037844388,-0.3456123126707333,-0.9383773917408642,23.2,23.9
2019-07-23,Assam,NER,26.7499809,94.21666744,23.2,2019,7,1,204,0,0,27.3,89,21.7,21.7,25.8,22.657142857142862,0.9396047801375426,24.9244,0.7818314824680298,0.6234898018587336,-0.4999999999999997,-0.8660254037844388,-0.3617137307297674,-0.9322892131745134,20.9,22.6
2019-07-24,Assam,NER,26.7499809,94.21666744,20.9,2019,7,2,205,0,0,27.4,90,23.2,23.7,21.5,22.257142857142856,1.0146545271785914,24.9044,0.9749279121818236,-0.22252093395631434,-0.4999999999999997,-0.8660254037844388,-0.37770796520396466,-0.9259247771938499,21.9,30.2
2019-07-25,Assam,NER,26.7499809,94.21666744,21.9,2019,7,3,206,0,0,27.6,90,20.9,23.1,22.9,22.085714285714285,0.9476788686551203,24.871066666666664,0.43388373911755823,-0.900968867902419,-0.4999999999999997,-0.8660254037844388,-0.39359027665646645,-0.9192859697186105,22.2,32.7
2019-07-26,Assam,NER,26.7499809,94.21666744,22.2,2019,7,4,207,0,0,26.3,94,21.9,23.4,24.1,21.91428571428571,0.7603257447275209,24.80773333333333,-0.433883739117558,-0.9009688679024191,-0.4999999999999997,-0.8660254037844388,-0.4093559588156211,-0.9123747579707274,23.6,33.9
2019-07-27,Assam,NER,26.7499809,94.21666744,23.6,2019,7,5,208,1,0,27.5,90,22.2,22.3,22.8,22.1,0.993310961716862,24.834400000000002,-0.9749279121818236,-0.2225209339563146,-0.4999999999999997,-0.8660254037844388,-0.42500033996955394,-0.9051931898913975,23.4,35.1
2019-07-28,Assam,NER,26.7499809,94.21666744,23.4,2019,7,6,209,1,0,29.0,83,23.6,21.2,23.1,22.41428571428571,1.0090070555231156,24.8444,-0.7818314824680299,0.6234898018587334,-0.4999999999999997,-0.8660254037844388,-0.4405187843504952,-0.8977433935342336,23.9,33.2
2019-07-29,Assam,NER,26.7499809,94.21666744,23.9,2019,7,0,210,0,0,28.1,84,23.4,21.7,23.2,22.728571428571428,1.0889050857234774,24.867733333333334,0.0,1.0,-0.4999999999999997,-0.8660254037844388,-0.455906693508459,-0.8900275764346766,22.6,32.0
2019-07-30,Assam,NER,26.7499809,94.21666744,22.6,2019,7,1,211,0,0,26.9,91,23.9,23.2,22.2,22.64285714285714,1.0690449676497786,24.881066666666666,0.7818314824680298,0.6234898018587336,-0.4999999999999997,-0.8660254037844388,-0.47115950767386394,-0.8820480249558535,30.2,32.3
2019-07-31,Assam,NER,26.7499809,94.21666744,30.2,2019,7,2,212,0,0,26.4,92,22.6,20.9,34.2,23.97142857142857,2.845296871279756,24.74773333333333,0.9749279121818236,-0.22252093395631434,-0.4999999999999997,-0.8660254037844388,-0.4862727071086902,-0.8738071036110807,32.7,21.5
2019-08-01,Assam,NER,26.7499809,94.21666744,32.7,2019,8,3,213,0,0,27.0,88,30.2,21.9,36.0,25.514285714285712,4.15949859615658,24.637733333333333,0.43388373911755823,-0.900968867902419,-0.8660254037844385,-0.5000000000000004,-0.5012418134457756,-0.8653072543632061,33.9,27.6
2019-08-02,Assam,NER,26.7499809,94.21666744,33.9,2019,8,4,214,0,0,28.6,86,32.7,22.2,36.53199999999999,27.185714285714287,4.8919759373313,24.55,-0.433883739117558,-0.9009688679024191,-0.8660254037844385,-0.5000000000000004,-0.5160623910158526,-0.8565509959010037,35.1,30.9
2019-08-03,Assam,NER,26.7499809,94.21666744,35.1,2019,8,5,215,1,0,28.8,84,33.9,23.6,36.53199999999999,28.828571428571426,5.392499199726172,24.502266666666667,-0.9749279121818236,-0.2225209339563146,-0.8660254037844385,-0.5000000000000004,-0.5307300481619331,-0.8475409228928312,33.2,28.4
2019-08-04,Assam,NER,26.7499809,94.21666744,33.2,2019,8,6,216,1,0,28.1,87,35.1,23.4,33.2,30.22857142857143,5.006567115870314,24.50226666666667,-0.7818314824680299,0.6234898018587334,-0.8660254037844385,-0.5000000000000004,-0.5452404385406507,-0.8382797052177745,32.0,20.2
2019-08-05,Assam,NER,26.7499809,94.21666744,32.0,2019,8,0,217,0,0,30.3,82,33.2,23.9,34.8,31.38571428571429,4.165504599856806,24.408933333333334,0.0,1.0,-0.8660254037844385,-0.5000000000000004,-0.5595892624101763,-0.828770087174504,32.3,21.7
2019-08-06,Assam,NER,26.7499809,94.21666744,32.3,2019,8,1,218,0,0,31.7,75,32.0,22.6,35.1,32.77142857142857,1.5445757623742076,24.3156,0.7818314824680298,0.6234898018587336,-0.8660254037844385,-0.5000000000000004,-0.5737722679043243,-0.8190148866680802,21.5,23.6
2019-08-08,Assam,NER,26.7499809,94.21666744,21.5,2019,8,3,220,0,0,28.2,86,32.3,30.2,15.65,31.52857142857143,4.544855804721853,24.5106,0.43388373911755823,-0.900968867902419,-0.8660254037844385,-0.5000000000000004,-0.6016240632249227,-0.7987793728863648,27.6,22.6
2019-08-09,Assam,NER,26.7499809,94.21666744,27.6,2019,8,4,221,0,0,29.6,82,21.5,32.7,15.468,30.800000000000004,4.730750469005914,24.915000000000003,-0.433883739117558,-0.9009688679024191,-0.8660254037844385,-0.5000000000000004,-0.6152845999633277,-0.7883050558305253,30.9,22.5
2019-08-10,Assam,NER,26.7499809,94.21666744,30.9,2019,8,5,222,1,0,27.8,90,27.6,33.9,16.65,30.37142857142857,4.53494369157038,25.39,-0.9749279121818236,-0.2225209339563146,-0.8660254037844385,-0.5000000000000004,-0.6287628145958345,-0.7775971469736268,28.4,22.4
2019-08-11,Assam,NER,26.7499809,94.21666744,28.4,2019,8,6,223,1,0,30.1,83,30.9,35.1,19.8,29.414285714285715,4.0519248806085955,25.676666666666666,-0.7818314824680299,0.6234898018587334,-0.8660254037844385,-0.5000000000000004,-0.6420547132365636,-0.7666588193001592,20.2,23.1
2019-08-12,Assam,NER,26.7499809,94.21666744,20.2,2019,8,0,224,0,1,31.1,83,28.4,33.2,23.4,27.557142857142853,4.914894757387009,25.57,0.0,1.0,-0.8660254037844385,-0.5000000000000004,-0.655156357209085,-0.7554933140726804,21.7,22.9
2019-08-13,Assam,NER,26.7499809,94.21666744,21.7,2019,8,1,225,0,0,29.2,86,20.2,32.0,23.3,26.085714285714285,4.904905222131734,25.516666666666666,0.7818314824680298,0.6234898018587336,-0.8660254037844385,-0.5000000000000004,-0.6680638642135333,-0.7441039398713608,23.6,22.8
2019-08-14,Assam,NER,26.7499809,94.21666744,23.6,2019,8,2,226,0,0,28.1,86,21.7,32.3,23.7,24.842857142857145,4.104817146904816,25.513333333333332,0.9749279121818236,-0.22252093395631434,-0.8660254037844385,-0.5000000000000004,-0.6807734094770159,-0.7324940716135792,22.6,20.0
2019-08-15,Assam,NER,26.7499809,94.21666744,22.6,2019,8,3,227,0,1,27.7,87,23.6,21.5,23.3,25.0,3.9745020652487573,25.490000000000002,0.43388373911755823,-0.900968867902419,-0.8660254037844385,-0.5000000000000004,-0.6932812268869771,-0.7206671495538615,22.5,20.9
2019-08-16,Assam,NER,26.7499809,94.21666744,22.5,2019,8,4,228,0,0,28.1,89,22.6,27.6,21.7,24.27142857142857,3.8848913694440625,25.516666666666666,-0.433883739117558,-0.9009688679024191,-0.8660254037844385,-0.5000000000000004,-0.7055836101071774,-0.70862667826446,22.4,21.2
2019-08-17,Assam,NER,26.7499809,94.21666744,22.4,2019,8,5,229,1,0,29.3,83,22.5,30.9,23.7,23.057142857142857,2.5754333893263928,25.473333333333333,-0.9749279121818236,-0.2225209339563146,-0.8660254037844385,-0.5000000000000004,-0.7176769136759615,-0.6963762255968726,23.1,22.0
2019-08-18,Assam,NER,26.7499809,94.21666744,23.1,2019,8,6,230,1,0,28.3,85,22.4,28.4,23.1,22.3,1.0984838035523339,25.473333333333336,-0.7818314824680299,0.6234898018587334,-0.8660254037844385,-0.5000000000000004,-0.7295575540864876,-0.6839194216246105,22.9,20.9
2019-08-19,Assam,NER,26.7499809,94.21666744,22.9,2019,8,0,231,0,0,29.0,78,23.1,20.2,23.4,22.685714285714287,0.5984105932345698,25.456666666666663,0.0,1.0,-0.8660254037844385,-0.5000000000000004,-0.7412220108485957,-0.6712599575675315,22.8,22.1
2019-08-20,Assam,NER,26.7499809,94.21666744,22.8,2019,8,1,232,0,0,28.7,82,22.9,21.7,22.3,22.842857142857145,0.41173269183283406,25.473333333333336,0.7818314824680298,0.6234898018587336,-0.8660254037844385,-0.5000000000000004,-0.7526668275320083,-0.6584015846980489,20.0,22.1
2019-08-21,Assam,NER,26.7499809,94.21666744,20.0,2019,8,2,233,0,0,29.1,85,22.8,23.6,21.2,22.32857142857143,1.054694719992987,25.433333333333334,0.9749279121818236,-0.22252093395631434,-0.8660254037844385,-0.5000000000000004,-0.7638886127905429,-0.64534811322955,20.9,20.3
2019-08-22,Assam,NER,26.7499809,94.21666744,20.9,2019,8,3,234,0,0,29.7,82,20.0,22.6,21.7,22.085714285714285,1.171080087538303,25.40666666666667,0.43388373911755823,-0.900968867902419,-0.8660254037844385,-0.5000000000000004,-0.7748840413670406,-0.6321034111873488,21.2,31.6
2019-08-23,Assam,NER,26.7499809,94.21666744,21.2,2019,8,4,235,0,0,27.9,90,20.9,22.5,23.2,21.900000000000002,1.1972189997379308,25.339999999999996,-0.433883739117558,-0.9009688679024191,-0.8660254037844385,-0.5000000000000004,-0.7856498550787144,-0.6186714032625032,22.0,31.4
2019-08-24,Assam,NER,26.7499809,94.21666744,22.0,2019,8,5,236,1,1,29.4,83,21.2,22.4,20.9,21.842857142857145,1.1787806452109617,25.376666666666665,-0.9749279121818236,-0.2225209339563146,-0.8660254037844385,-0.5000000000000004,-0.7961828637826154,-0.6050560696488494,20.9,33.1
2019-08-25,Assam,NER,26.7499809,94.21666744,20.9,2019,8,6,237,1,0,30.3,78,22.0,23.1,21.9,21.52857142857143,1.076590738882607,25.34333333333333,-0.7818314824680299,0.6234898018587334,-0.8660254037844385,-0.5000000000000004,-0.8064799463209447,-0.5912614448635782,22.1,36.1
2019-08-26,Assam,NER,26.7499809,94.21666744,22.1,2019,8,0,238,0,0,30.9,78,20.9,22.9,22.2,21.414285714285715,0.9406178314076824,25.339999999999996,0.0,1.0,-0.8660254037844385,-0.5000000000000004,-0.8165380514459157,-0.5772916165517278,22.1,35.5
2019-08-27,Assam,NER,26.7499809,94.21666744,22.1,2019,8,1,239,0,0,29.5,82,22.1,22.8,23.6,21.314285714285713,0.7946247991528858,25.29,0.7818314824680298,0.6234898018587336,-0.8660254037844385,-0.5000000000000004,-0.8263541987239094,-0.5631507242749187,20.3,36.2
2019-08-28,Assam,NER,26.7499809,94.21666744,20.3,2019,8,2,240,0,0,27.9,87,22.1,20.0,23.4,21.357142857142858,0.7161404491140914,25.186666666666667,0.9749279121818236,-0.22252093395631434,-0.8660254037844385,-0.5000000000000004,-0.8359254794186365,-0.5488429582847199,31.6,31.4
2019-08-29,Assam,NER,26.7499809,94.21666744,31.6,2019,8,3,241,0,0,30.0,82,20.3,20.9,23.9,22.885714285714283,3.9036002917941475,25.44333333333333,0.43388373911755823,-0.900968867902419,-0.8660254037844385,-0.5000000000000004,-0.8452490573530634,-0.5343725582809785,31.4,23.4
2019-08-30,Assam,NER,26.7499809,94.21666744,31.4,2019,8,4,242,0,0,27.9,89,31.6,21.2,22.6,24.342857142857145,4.936549788012256,25.736666666666668,-0.433883739117558,-0.9009688679024191,-0.8660254037844385,-0.5000000000000004,-0.8543221697498269,-0.5197438121555157,33.1,23.9
2019-08-31,Assam,NER,26.7499809,94.21666744,33.1,2019,8,5,243,1,0,28.3,90,31.4,22.0,30.2,25.928571428571427,5.770821514514281,25.833333333333332,-0.9749279121818236,-0.2225209339563146,-0.8660254037844385,-0.5000000000000004,-0.8631421280499115,-0.5049610547215202,36.1,23.7
2019-09-01,Assam,NER,26.7499809,94.21666744,36.1,2019,9,6,244,1,0,30.5,82,33.1,20.9,32.7,28.1,6.389835678638365,25.946666666666665,-0.7818314824680299,0.6234898018587334,-1.0,-1.8369701987210297e-16,-0.8717063187093217,-0.4900286664290594,35.5,24.2
2019-09-02,Assam,NER,26.7499809,94.21666744,35.5,2019,9,0,245,0,0,30.5,83,36.1,22.1,33.9,30.014285714285716,6.2993196911593765,26.0,0.0,1.0,-1.0,-1.8369701987210297e-16,-0.8800122039735356,-0.4749510720670502,36.2,24.2
2019-09-03,Assam,NER,26.7499809,94.21666744,36.2,2019,9,1,246,0,0,30.3,80,35.5,22.1,35.1,32.028571428571425,5.557491726103951,26.03666666666667,0.7818314824680298,0.6234898018587336,-1.0,-1.8369701987210297e-16,-0.888057322629493,-0.4597327394521046,31.4,24.0
2019-09-04,Assam,NER,26.7499809,94.21666744,31.4,2019,9,2,247,0,0,27.6,88,36.2,20.3,33.2,33.614285714285714,2.2564194139007197,25.976666666666667,0.9749279121818236,-0.22252093395631434,-1.0,-1.8369701987210297e-16,-0.8958392907349089,-0.4443781781046134,23.4,24.5
2019-09-05,Assam,NER,26.7499809,94.21666744,23.4,2019,9,3,248,0,0,26.6,92,31.4,31.6,32.0,32.44285714285714,4.494758852581162,25.689999999999998,0.43388373911755823,-0.900968867902419,-1.0,-1.8369701987210297e-16,-0.9033558023246842,-0.4288919379124841,23.9,27.3
2019-09-06,Assam,NER,26.7499809,94.21666744,23.9,2019,9,4,249,0,0,27.9,86,23.4,31.4,32.3,31.371428571428574,5.553891814368907,25.41,-0.433883739117558,-0.9009688679024191,-1.0,-1.8369701987210297e-16,-0.9106046300942162,-0.41327860778290443,23.7,28.4
2019-09-08,Assam,NER,26.7499809,94.21666744,23.7,2019,9,6,251,1,0,27.8,90,23.9,33.1,21.5,30.02857142857143,6.168661196108983,25.483333333333334,-0.7818314824680299,0.6234898018587334,-1.0,-1.8369701987210297e-16,-0.9242907221930934,-0.3816892202666586,24.2,32.0
2019-09-09,Assam,NER,26.7499809,94.21666744,24.2,2019,9,0,252,0,0,27.9,90,23.7,36.1,27.6,28.328571428571426,5.847995179465138,25.37,0.0,1.0,-1.0,-1.8369701987210297e-16,-0.9307239310379793,-0.3657225234972692,24.2,33.6
2019-09-10,Assam,NER,26.7499809,94.21666744,24.2,2019,9,1,253,0,1,27.3,91,24.2,35.5,30.9,26.714285714285715,5.042627810784296,25.146666666666665,0.7818314824680298,0.6234898018587336,-1.0,-1.8369701987210297e-16,-0.9368813462954315,-0.34964745525122826,24.0,33.0
2019-09-11,Assam,NER,26.7499809,94.21666744,24.0,2019,9,2,254,0,0,27.2,93,24.2,36.2,28.4,24.97142857142857,2.8488092750681604,25.0,0.9749279121818236,-0.22252093395631434,-1.0,-1.8369701987210297e-16,-0.9427611433904206,-0.33346877891818705,24.5,30.4
2019-09-12,Assam,NER,26.7499809,94.21666744,24.5,2019,9,3,255,0,0,26.5,94,24.0,31.4,20.2,23.985714285714288,0.3625307868702093,25.14333333333333,0.43388373911755823,-0.900968867902419,-1.0,-1.8369701987210297e-16,-0.9483615800121716,-0.31719128858910595,27.3,22.3
2019-09-13,Assam,NER,26.7499809,94.21666744,27.3,2019,9,4,256,0,0,26.6,92,24.5,23.4,21.7,24.54285714285714,1.2421180068162871,25.330000000000002,-0.433883739117558,-0.9009688679024191,-1.0,-1.8369701987210297e-16,-0.9536809966304455,-0.300819807635668,28.4,20.4
2019-09-14,Assam,NER,26.7499809,94.21666744,28.4,2019,9,5,257,1,0,27.4,87,27.3,23.9,23.6,25.185714285714283,1.863177010224377,25.490000000000002,-0.9749279121818236,-0.2225209339563146,-1.0,-1.8369701987210297e-16,-0.9587178169872964,-0.2843591872810036,32.0,15.6
2019-09-15,Assam,NER,26.7499809,94.21666744,32.0,2019,9,6,258,1,0,27.7,88,28.4,23.7,22.6,26.37142857142857,3.033542640607009,25.803333333333335,-0.7818314824680299,0.6234898018587334,-1.0,-1.8369701987210297e-16,-0.9634705485641486,-0.26781430516217486,33.6,23.9
2019-09-16,Assam,NER,26.7499809,94.21666744,33.6,2019,9,0,259,0,0,26.9,93,32.0,24.2,22.5,27.714285714285715,3.875748775582399,26.173333333333336,0.0,1.0,-1.0,-1.8369701987210297e-16,-0.9679377830240642,-0.25119006388481957,33.0,26.1
2019-09-17,Assam,NER,26.7499809,94.21666744,33.0,2019,9,1,260,0,0,26.8,91,33.6,24.2,22.4,28.971428571428568,3.9718653408334577,26.526666666666667,0.7818314824680298,0.6234898018587336,-1.0,-1.8369701987210297e-16,-0.9721181966290612,-0.23449138957041052,30.4,23.8
2019-09-18,Assam,NER,26.7499809,94.21666744,30.4,2019,9,2,261,0,0,27.0,92,33.0,24.0,23.1,29.885714285714283,3.319853697292742,26.77,0.9749279121818236,-0.22252093395631434,-1.0,-1.8369701987210297e-16,-0.9760105506323682,-0.21772323039653224,22.3,22.9
2019-09-19,Assam,NER,26.7499809,94.21666744,22.3,2019,9,3,262,0,0,28.0,87,30.4,24.5,22.9,29.571428571428573,3.957572608605014,26.75,0.43388373911755823,-0.900968867902419,-1.0,-1.8369701987210297e-16,-0.9796136916454901,-0.20089055513063528,20.4,29.5
2019-09-20,Assam,NER,26.7499809,94.21666744,20.4,2019,9,4,263,0,0,28.1,84,22.3,27.3,22.8,28.585714285714285,5.26194785588902,26.669999999999998,-0.433883739117558,-0.9009688679024191,-1.0,-1.8369701987210297e-16,-0.9829265519799822,-0.18399835165767986,15.6,29.4
2019-09-21,Assam,NER,26.7499809,94.21666744,15.6,2019,9,5,264,1,0,28.1,86,20.4,28.4,20.0,26.75714285714286,7.203206957750862,26.52333333333333,-0.9749279121818236,-0.2225209339563146,-1.0,-1.8369701987210297e-16,-0.9859481499638303,-0.1670516255021195,23.9,30.0
2019-09-22,Assam,NER,26.7499809,94.21666744,23.9,2019,9,6,265,1,0,26.3,92,15.6,32.0,20.9,25.599999999999998,6.863186820518102,26.62333333333333,-0.7818314824680299,0.6234898018587334,-1.0,-1.8369701987210297e-16,-0.9886775902323404,-0.15005539834465262,26.1,31.0
2019-09-23,Assam,NER,26.7499809,94.21666744,26.1,2019,9,0,266,0,0,24.2,96,23.9,33.6,21.2,24.52857142857143,5.927819803186305,26.78666666666667,0.0,1.0,-1.0,-1.8369701987210297e-16,-0.9911140639934546,-0.13301470653419636,23.8,30.1
2019-09-24,Assam,NER,26.7499809,94.21666744,23.8,2019,9,1,267,0,0,23.8,93,26.1,33.0,22.0,23.214285714285715,4.609927176369359,26.84666666666667,0.7818314824680298,0.6234898018587336,-1.0,-1.8369701987210297e-16,-0.9932568492674143,-0.11593459959550066,22.9,30.2
2019-09-25,Assam,NER,26.7499809,94.21666744,22.9,2019,9,2,268,0,0,24.3,87,23.8,30.4,20.9,22.142857142857142,3.364945340248102,26.913333333333334,0.9749279121818236,-0.22252093395631434,-1.0,-1.8369701987210297e-16,-0.9951053111006974,-0.09882013873287211,29.5,29.1
2019-09-26,Assam,NER,26.7499809,94.21666744,29.5,2019,9,3,269,0,0,25.8,85,22.9,22.3,22.1,23.17142857142857,4.371008383166806,27.160000000000004,0.43388373911755823,-0.900968867902419,-1.0,-1.8369701987210297e-16,-0.99665890175417,-0.08167639533042288,29.4,23.9
2019-09-27,Assam,NER,26.7499809,94.21666744,29.4,2019,9,4,270,0,0,25.4,88,29.5,20.4,22.1,24.45714285714286,4.7289382680319765,27.403333333333332,-0.433883739117558,-0.9009688679024191,-1.0,-1.8369701987210297e-16,-0.9979171608653922,-0.06450844944931625,30.0,22.9
2019-09-28,Assam,NER,26.7499809,94.21666744,30.0,2019,9,5,271,1,0,26.6,84,29.4,15.6,20.3,26.514285714285712,3.0775686136020695,27.726666666666667,-0.9749279121818236,-0.2225209339563146,-1.0,-1.8369701987210297e-16,-0.9988797155850335,-0.04732138832243232,31.0,21.4
2019-09-29,Assam,NER,26.7499809,94.21666744,31.0,2019,9,6,272,1,0,25.1,92,30.0,23.9,31.6,27.528571428571432,3.2381652653492243,27.706666666666667,-0.7818314824680299,0.6234898018587334,-1.0,-1.8369701987210297e-16,-0.9995462806873573,-0.03012030484690836,30.1,22.8
2019-09-30,Assam,NER,26.7499809,94.21666744,30.1,2019,9,0,273,0,0,24.5,94,31.0,26.1,31.4,28.1,3.2964627506869473,27.663333333333334,0.0,1.0,-1.0,-1.8369701987210297e-16,-0.9999166586547379,-0.012910296075008843,30.2,23.3
2019-10-01,Assam,NER,26.7499809,94.21666744,30.2,2019,10,1,274,0,0,24.2,92,30.1,23.8,33.1,29.014285714285712,2.7467729984040785,27.566666666666666,0.7818314824680298,0.6234898018587336,-0.8660254037844386,0.5000000000000001,-0.9999907397361901,0.004303538296243821,29.1,23.2
2019-10-02,Assam,NER,26.7499809,94.21666744,29.1,2019,10,2,275,0,1,25.8,89,30.2,22.9,36.1,29.900000000000002,0.6324555320334885,27.333333333333332,0.9749279121818236,-0.22252093395631434,-0.8660254037844386,0.5000000000000001,-0.9997685019798909,0.021516097436222233,23.9,22.2
2019-10-03,Assam,NER,26.7499809,94.21666744,23.9,2019,10,3,276,0,0,26.2,88,29.1,29.5,35.5,29.099999999999998,2.37205958328759,26.946666666666665,0.43388373911755823,-0.900968867902419,-0.8660254037844386,0.5000000000000001,-0.9992500112396835,0.03872228089217399,22.9,19.0
2019-10-04,Assam,NER,26.7499809,94.21666744,22.9,2019,10,4,277,0,0,25.7,92,23.9,29.4,36.2,28.17142857142857,3.318490764245225,26.50333333333333,-0.433883739117558,-0.9009688679024191,-0.8660254037844386,0.5000000000000001,-0.9984354211555643,0.05591699010060302,21.4,21.5
2019-10-05,Assam,NER,26.7499809,94.21666744,21.4,2019,10,5,278,1,0,25.8,90,22.9,30.0,31.4,26.942857142857143,4.041805348627081,26.17,-0.9749279121818236,-0.2225209339563146,-0.8660254037844386,0.5000000000000001,-0.9973249731081555,0.07309512989807776,22.8,23.8
2019-10-06,Assam,NER,26.7499809,94.21666744,22.8,2019,10,6,279,1,0,27.0,87,21.4,31.0,23.4,25.77142857142857,3.853878689370106,26.15,-0.7818314824680299,0.6234898018587334,-0.8660254037844386,0.5000000000000001,-0.9959189961471792,0.0902516100310407,23.3,24.9
2019-10-08,Assam,NER,26.7499809,94.21666744,23.3,2019,10,1,281,0,1,25.2,94,22.8,30.1,23.9,24.8,3.412721299295744,26.130000000000003,0.7818314824680298,0.6234898018587336,-0.8660254037844386,0.5000000000000001,-0.9922222094179324,0.12447926388678869,23.2,24.8
2019-10-09,Assam,NER,26.7499809,94.21666744,23.2,2019,10,2,282,0,0,25.0,92,23.3,30.2,23.7,23.8,2.4589970855344476,26.113333333333333,0.9749279121818236,-0.22252093395631434,-0.8660254037844386,0.5000000000000001,-0.989932495087353,0.141540295217043,22.2,24.5
2019-10-10,Assam,NER,26.7499809,94.21666744,22.2,2019,10,3,283,0,0,24.6,90,23.2,29.1,24.2,22.814285714285717,0.8112306935117477,26.046666666666667,0.43388373911755823,-0.900968867902419,-0.8660254037844386,0.5000000000000001,-0.9873494423939864,0.15855938510313475,19.0,25.3
2019-10-11,Assam,NER,26.7499809,94.21666744,19.0,2019,10,4,284,0,0,24.6,89,22.2,23.9,24.2,22.114285714285717,1.521434160508521,25.873333333333335,-0.433883739117558,-0.9009688679024191,-0.8660254037844386,0.5000000000000001,-0.9844738167520923,0.17553149042142777,21.5,23.1
2019-10-12,Assam,NER,26.7499809,94.21666744,21.5,2019,10,5,285,1,0,25.1,88,19.0,22.9,24.0,21.914285714285715,1.4926805546049084,25.790000000000003,-0.9749279121818236,-0.2225209339563146,-0.8660254037844386,0.5000000000000001,-0.9813064702716093,0.19245158197082995,23.8,22.3
2019-10-13,Assam,NER,26.7499809,94.21666744,23.8,2019,10,6,286,1,0,25.6,84,21.5,21.4,24.5,22.257142857142856,1.6246611368295119,25.766666666666666,-0.7818314824680299,0.6234898018587334,-0.8660254037844386,0.5000000000000001,-0.9778483415056567,0.20931464596304888,24.9,20.5
2019-10-14,Assam,NER,26.7499809,94.21666744,24.9,2019,10,0,287,0,0,26.2,83,23.8,22.8,27.3,22.557142857142857,1.9103726886458923,25.686666666666664,0.0,1.0,-0.8660254037844386,0.5000000000000001,-0.9741004551724206,0.22611568550828803,24.8,20.9
2019-10-15,Assam,NER,26.7499809,94.21666744,24.8,2019,10,1,288,0,0,26.5,84,24.9,23.3,28.4,22.771428571428572,2.083838034104681,25.566666666666666,0.7818314824680298,0.6234898018587336,-0.8660254037844386,0.5000000000000001,-0.970063921851507,0.2428497220959358,24.5,22.0
2019-10-16,Assam,NER,26.7499809,94.21666744,24.5,2019,10,2,289,0,0,26.0,83,24.8,23.2,32.0,22.95714285714286,2.1839239477427106,25.316666666666666,0.9749279121818236,-0.22252093395631434,-0.8660254037844386,0.5000000000000001,-0.965739937654855,0.25951179706979943,25.3,22.6
2019-10-17,Assam,NER,26.7499809,94.21666744,25.3,2019,10,3,290,0,0,25.6,86,24.5,22.2,33.6,23.4,2.3151673805581017,25.04,0.43388373911755823,-0.900968867902419,-0.8660254037844386,0.5000000000000001,-0.9611297838723007,0.27609697309746883,23.1,22.7
2019-10-18,Assam,NER,26.7499809,94.21666744,23.1,2019,10,4,291,0,0,25.7,87,25.3,19.0,33.0,23.985714285714288,1.3221555271961967,24.709999999999997,-0.433883739117558,-0.9009688679024191,-0.8660254037844386,0.5000000000000001,-0.9562348265919058,0.2926003356333479,22.3,33.9
2019-10-19,Assam,NER,26.7499809,94.21666744,22.3,2019,10,5,292,1,0,25.9,86,23.1,21.5,30.4,24.099999999999998,1.0847426730182936,24.439999999999998,-0.9749279121818236,-0.2225209339563146,-0.8660254037844386,0.5000000000000001,-0.9510565162951536,0.30901699437494723,20.5,32.6
2019-10-20,Assam,NER,26.7499809,94.21666744,20.5,2019,10,6,293,1,0,25.6,86,22.3,23.8,22.3,23.62857142857143,1.7499659860640715,24.38,-0.7818314824680299,0.6234898018587334,-0.8660254037844386,0.5000000000000001,-0.9455963874271428,0.3253420847119795,20.9,33.4
2019-10-21,Assam,NER,26.7499809,94.21666744,20.9,2019,10,0,294,0,0,24.5,91,20.5,24.9,20.4,23.057142857142857,1.9112449196420225,24.39666666666667,0.0,1.0,-0.8660254037844386,0.5000000000000001,-0.9398560579418953,0.341570769167856,22.0,30.3
2019-10-22,Assam,NER,26.7499809,94.21666744,22.0,2019,10,1,295,0,0,24.4,90,20.9,24.8,15.6,22.657142857142855,1.7737503985033547,24.61,0.7818314824680298,0.6234898018587336,-0.8660254037844386,0.5000000000000001,-0.9338372288229252,0.35769823883312546,22.6,33.2
2019-10-23,Assam,NER,26.7499809,94.21666744,22.6,2019,10,2,296,0,0,23.8,86,22.0,24.5,23.9,22.385714285714283,1.5794815303643992,24.566666666666666,0.9749279121818236,-0.22252093395631434,-0.8660254037844386,0.5000000000000001,-0.9275416835791965,0.3737197147904692,22.7,35.2
2019-10-24,Assam,NER,26.7499809,94.21666744,22.7,2019,10,3,297,0,0,21.3,92,22.6,25.3,26.1,22.014285714285716,0.9668308563354281,24.453333333333333,0.43388373911755823,-0.900968867902419,-0.8660254037844386,0.5000000000000001,-0.9209712877166347,0.38963044953078774,33.9,33.3
2019-10-25,Assam,NER,26.7499809,94.21666744,33.9,2019,10,4,298,0,0,19.5,91,22.7,23.1,23.8,23.557142857142853,4.637476735919084,24.79,-0.433883739117558,-0.9009688679024191,-0.8660254037844386,0.5000000000000001,-0.9141279881853337,0.4054257283599973,32.6,19.2
2019-10-26,Assam,NER,26.7499809,94.21666744,32.6,2019,10,5,299,1,0,19.6,93,33.9,22.3,22.9,25.028571428571432,5.687329275302636,25.113333333333333,-0.9749279121818236,-0.2225209339563146,-0.8660254037844386,0.5000000000000001,-0.9070138128026362,0.42110087079608916,33.4,21.7
2019-10-27,Assam,NER,26.7499809,94.21666744,33.4,2019,10,6,300,1,1,21.7,87,32.6,20.5,29.5,26.871428571428574,6.05357037505258,25.243333333333332,-0.7818314824680299,0.6234898018587334,-0.8660254037844386,0.5000000000000001,-0.8996308696522434,0.4366512319560638,30.3,21.3
2019-10-28,Assam,NER,26.7499809,94.21666744,30.3,2019,10,0,301,0,0,23.1,86,33.4,20.9,29.4,28.214285714285715,5.527937702081588,25.273333333333333,0.0,1.0,-0.8660254037844386,0.5000000000000001,-0.8919813464595487,0.45207220393230374,33.2,16.4
2019-10-29,Assam,NER,26.7499809,94.21666744,33.2,2019,10,1,302,0,0,24.1,86,30.3,22.0,30.0,29.814285714285713,5.027732614021447,25.38,0.7818314824680298,0.6234898018587336,-0.8660254037844386,0.5000000000000001,-0.8840675099433637,0.46735921715800205,35.2,15.9
2019-10-30,Assam,NER,26.7499809,94.21666744,35.2,2019,10,2,303,0,0,24.3,88,33.2,22.6,31.0,31.614285714285717,4.202153642847294,25.52,0.9749279121818236,-0.22252093395631434,-0.8660254037844386,0.5000000000000001,-0.8758917051442433,0.48250774176121763,33.3,15.468
2019-10-31,Assam,NER,26.7499809,94.21666744,33.3,2019,10,3,304,0,0,23.8,89,35.2,22.7,30.1,33.128571428571426,1.4874074601064613,25.626666666666665,0.43388373911755823,-0.900968867902419,-0.8660254037844386,0.5000000000000001,-0.8674563547295971,0.4975132889071803,19.2,15.468
2019-11-01,Assam,NER,26.7499809,94.21666744,19.2,2019,11,4,305,0,0,23.6,79,33.3,33.9,30.2,31.028571428571432,5.41316736785226,25.26,-0.433883739117558,-0.9009688679024191,-0.5000000000000004,0.8660254037844384,-0.858763958275803,0.5123714121284235,21.7,23.6
2019-11-02,Assam,NER,26.7499809,94.21666744,21.7,2019,11,5,306,1,0,24.2,81,19.2,32.6,29.1,29.471428571428568,6.369121939931285,25.013333333333332,-0.9749279121818236,-0.2225209339563146,-0.5000000000000004,0.8660254037844384,-0.8498170915275277,0.5270777086423724,21.3,23.8
2019-11-03,Assam,NER,26.7499809,94.21666744,21.3,2019,11,6,307,1,0,24.0,85,21.7,33.4,23.9,27.74285714285714,6.755456348477904,24.92666666666667,-0.7818314824680299,0.6234898018587334,-0.5000000000000004,0.8660254037844384,-0.8406184056344783,0.5416278206559811,16.4,23.7
2019-11-04,Assam,NER,26.7499809,94.21666744,16.4,2019,11,0,308,0,0,23.8,88,21.3,30.3,22.9,25.75714285714286,7.83514669993638,24.71,0.0,1.0,-0.5000000000000004,0.8660254037844384,-0.8311706263658079,0.5560174366570446,15.9,23.5
2019-11-05,Assam,NER,26.7499809,94.21666744,15.9,2019,11,1,309,0,0,23.2,86,16.4,33.2,21.4,23.285714285714285,7.824625352357919,24.526666666666664,0.7818314824680298,0.6234898018587336,-0.5000000000000004,0.8660254037844384,-0.8214765533024145,0.5702422926917867,15.468,24.7
2019-11-06,Assam,NER,26.7499809,94.21666744,15.468,2019,11,2,310,0,0,23.2,85,15.9,35.2,22.8,20.466857142857144,6.203404103892564,24.282266666666665,0.9749279121818236,-0.22252093395631434,-0.5000000000000004,0.8660254037844384,-0.8115390590073611,0.5842981736283683,15.468,24.1
2019-11-08,Assam,NER,26.7499809,94.21666744,15.468,2019,11,4,312,0,0,24.0,85,15.468,33.3,23.3,17.919428571428572,2.7618413457417312,24.0212,-0.433883739117558,-0.9009688679024191,-0.5000000000000004,0.8660254037844384,-0.7909456567567774,0.6118864012687242,23.6,22.4
2019-11-09,Assam,NER,26.7499809,94.21666744,23.6,2019,11,5,313,1,0,22.4,95,15.468,19.2,23.2,18.548000000000002,3.503091967581519,24.034533333333336,-0.9749279121818236,-0.2225209339563146,-0.5000000000000004,0.8660254037844384,-0.780295851070776,0.6254105729852457,23.8,24.3
2019-11-10,Assam,NER,26.7499809,94.21666744,23.8,2019,11,6,314,1,1,22.3,93,23.6,21.7,22.2,18.848000000000003,3.886907939909837,24.087866666666667,-0.7818314824680299,0.6234898018587334,-0.5000000000000004,0.8660254037844384,-0.7694148268839381,0.6387494220515268,23.7,24.2
2019-11-11,Assam,NER,26.7499809,94.21666744,23.7,2019,11,0,315,0,0,21.8,89,23.8,21.3,19.0,19.190857142857144,4.229953956746011,24.244533333333333,0.0,1.0,-0.5000000000000004,0.8660254037844384,-0.7583058084785625,0.6518989958787125,23.5,24.1
2019-11-12,Assam,NER,26.7499809,94.21666744,23.5,2019,11,1,316,0,1,22.7,86,23.7,16.4,21.5,20.205142857142857,4.299873309318675,24.3112,0.7818314824680298,0.6234898018587336,-0.5000000000000004,0.8660254037844384,-0.7469720876965551,0.6648553979642866,24.7,24.6
2019-11-13,Assam,NER,26.7499809,94.21666744,24.7,2019,11,2,317,0,0,23.4,86,23.5,15.9,23.8,21.462285714285713,4.113799772889915,24.3412,0.9749279121818236,-0.22252093395631434,-0.5000000000000004,0.8660254037844384,-0.7354170229639858,0.6776147890466887,24.1,24.7
2019-11-14,Assam,NER,26.7499809,94.21666744,24.1,2019,11,3,318,0,0,24.0,87,24.7,15.468,24.9,22.695428571428575,3.2125192013508723,24.314533333333333,0.43388373911755823,-0.900968867902419,-0.5000000000000004,0.8660254037844384,-0.7236440382959124,0.690173388242972,22.4,24.0
2019-11-15,Assam,NER,26.7499809,94.21666744,22.4,2019,11,4,319,0,0,23.7,87,24.1,15.468,24.8,23.685714285714283,0.6962484504558938,24.23453333333333,-0.433883739117558,-0.9009688679024191,-0.5000000000000004,0.8660254037844384,-0.711656622281775,0.7025274741691566,24.3,23.4
2019-11-16,Assam,NER,26.7499809,94.21666744,24.3,2019,11,5,320,1,0,22.9,85,22.4,23.6,24.5,23.785714285714285,0.7312741652500957,24.227866666666667,-0.9749279121818236,-0.2225209339563146,-0.5000000000000004,0.8660254037844384,-0.6994583270516471,0.7146733860429608,24.2,22.5
2019-11-17,Assam,NER,26.7499809,94.21666744,24.2,2019,11,6,321,1,0,22.7,89,24.3,23.8,25.3,23.842857142857138,0.7480132415433058,24.1912,-0.7818314824680299,0.6234898018587334,-0.5000000000000004,0.8660254037844384,-0.6870527672236675,0.7266075247685652,24.1,23.2
2019-11-18,Assam,NER,26.7499809,94.21666744,24.1,2019,11,0,322,0,0,22.2,89,24.2,23.7,23.1,23.900000000000002,0.7505553499467197,24.224533333333333,0.0,1.0,-0.5000000000000004,0.8660254037844384,-0.6744436188329457,0.7383263540031063,24.6,23.4
2019-11-19,Assam,NER,26.7499809,94.21666744,24.6,2019,11,1,323,0,0,21.5,89,24.1,23.5,22.3,24.057142857142857,0.7678045386191106,24.3012,0.7818314824680298,0.6234898018587336,-0.5000000000000004,0.8660254037844384,-0.661634618242279,0.749826401204568,24.7,23.9
2019-11-20,Assam,NER,26.7499809,94.21666744,24.7,2019,11,2,324,0,0,20.8,85,24.6,24.7,20.5,24.057142857142857,0.7678045386191106,24.4412,0.9749279121818236,-0.22252093395631434,-0.5000000000000004,0.8660254037844384,-0.6486295610349818,0.7611042586607742,24.0,24.0
2019-11-21,Assam,NER,26.7499809,94.21666744,24.0,2019,11,3,325,0,0,21.1,85,24.7,24.1,20.9,24.04285714285714,0.7678045386191115,24.544533333333334,0.43388373911755823,-0.900968867902419,-0.5000000000000004,0.8660254037844384,-0.6354323008901775,0.7721565844991641,23.4,23.4
2019-11-22,Assam,NER,26.7499809,94.21666744,23.4,2019,11,4,326,0,0,21.0,87,24.0,22.4,22.0,24.185714285714287,0.4298393941487774,24.591200000000004,-0.433883739117558,-0.9009688679024191,-0.5000000000000004,0.8660254037844384,-0.622046748440868,0.7829801036770624,22.5,19.2
2019-11-23,Assam,NER,26.7499809,94.21666744,22.5,2019,11,5,327,1,0,20.6,88,23.4,24.3,22.6,23.928571428571427,0.7609517849692757,24.58786666666667,-0.9749279121818236,-0.2225209339563146,-0.5000000000000004,0.8660254037844384,-0.6084768701151264,0.7935716089521472,23.2,30.5
2019-11-24,Assam,NER,26.7499809,94.21666744,23.2,2019,11,6,328,1,0,20.8,87,22.5,24.2,22.7,23.785714285714285,0.7946247991529671,24.604533333333332,-0.7818314824680299,0.6234898018587334,-0.5000000000000004,0.8660254037844384,-0.594726686960764,0.8039279618328208,23.4,31.8
2019-11-25,Assam,NER,26.7499809,94.21666744,23.4,2019,11,0,329,0,0,21.5,86,23.2,24.1,33.9,23.685714285714283,0.792524597785816,24.25453333333333,0.0,1.0,-0.5000000000000004,0.8660254037844384,-0.5808002734538013,0.8140460935082175,23.9,35.1
2019-11-26,Assam,NER,26.7499809,94.21666744,23.9,2019,11,1,330,0,0,21.3,84,23.4,24.6,32.6,23.585714285714285,0.6962484504559022,23.964533333333335,0.7818314824680298,0.6234898018587336,-0.5000000000000004,0.8660254037844384,-0.5667017562911184,0.8239230057575536,24.0,34.9
2019-11-27,Assam,NER,26.7499809,94.21666744,24.0,2019,11,2,331,0,0,21.1,85,23.9,24.7,33.4,23.485714285714288,0.542919795883568,23.651200000000003,0.9749279121818236,-0.22252093395631434,-0.5000000000000004,0.8660254037844384,-0.5524353131676203,0.8335557718385695,23.4,31.0
2019-11-28,Assam,NER,26.7499809,94.21666744,23.4,2019,11,3,332,0,0,20.8,85,24.0,24.0,30.3,23.400000000000002,0.49328828623198817,23.4212,0.43388373911755823,-0.900968867902419,-0.5000000000000004,0.8660254037844384,-0.5380051715382992,0.8429415373547832,19.2,31.8
2019-11-29,Assam,NER,26.7499809,94.21666744,19.2,2019,11,4,333,0,0,20.8,85,23.4,23.4,33.2,22.8,1.662327685305683,22.954533333333334,-0.433883739117558,-0.9009688679024191,-0.5000000000000004,0.8660254037844384,-0.5234156073655503,0.8520775211013093,30.5,30.0
2019-11-30,Assam,NER,26.7499809,94.21666744,30.5,2019,11,5,334,1,0,19.9,81,19.2,22.5,35.2,23.942857142857143,3.3325951563594978,22.797866666666664,-0.9749279121818236,-0.2225209339563146,-0.5000000000000004,0.8660254037844384,-0.5086709438521042,0.8609610158889945,31.8,26.5
2019-12-01,Assam,NER,26.7499809,94.21666744,31.8,2019,12,6,335,1,0,19.2,86,30.5,23.2,33.3,25.171428571428574,4.42067652654898,22.747866666666667,-0.7818314824680299,0.6234898018587334,-2.4492935982947064e-16,1.0,-0.49377555015997737,0.8695893893466109,35.1,27.1
2019-12-02,Assam,NER,26.7499809,94.21666744,35.1,2019,12,0,336,0,0,18.4,85,31.8,23.4,19.2,26.842857142857145,5.67358121555723,23.277866666666668,0.0,1.0,-2.4492935982947064e-16,1.0,-0.4787338401157883,0.8779600847008883,34.9,27.5
2019-12-03,Assam,NER,26.7499809,94.21666744,34.9,2019,12,1,337,0,0,18.4,83,35.1,23.9,21.7,28.414285714285715,6.219707541738744,23.71786666666667,0.7818314824680298,0.6234898018587336,-2.4492935982947064e-16,1.0,-0.4635502709028512,0.8860706215341378,31.0,21.6
2019-12-04,Assam,NER,26.7499809,94.21666744,31.0,2019,12,2,338,0,0,18.8,83,34.9,24.0,21.3,29.414285714285715,5.948509217002334,24.0412,0.9749279121818236,-0.22252093395631434,-2.4492935982947064e-16,1.0,-0.4482293417404106,0.893918596519257,31.8,21.5
2019-12-05,Assam,NER,26.7499809,94.21666744,31.8,2019,12,3,339,0,0,18.1,84,31.0,23.4,16.4,30.61428571428571,5.350211388792186,24.55453333333333,0.43388373911755823,-0.900968867902419,-2.4492935982947064e-16,1.0,-0.4327755925504317,0.9015016841318838,30.0,22.2
2019-12-06,Assam,NER,26.7499809,94.21666744,30.0,2019,12,4,340,0,0,17.6,83,31.8,19.2,15.9,32.15714285714286,2.0484605137004785,25.024533333333334,-0.433883739117558,-0.9009688679024191,-2.4492935982947064e-16,1.0,-0.41719360261231697,0.9088176373395028,26.5,22.1
2019-12-08,Assam,NER,26.7499809,94.21666744,26.5,2019,12,6,342,1,0,17.2,79,30.0,30.5,15.468,31.585714285714285,2.948122889471907,25.392266666666668,-0.7818314824680299,0.6234898018587334,-2.4492935982947064e-16,1.0,-0.38566340624360745,0.9226395488404875,27.1,22.1
2019-12-09,Assam,NER,26.7499809,94.21666744,27.1,2019,12,0,343,0,0,17.4,82,26.5,31.8,15.468,30.914285714285715,3.392849624051773,25.779999999999998,0.0,1.0,-2.4492935982947064e-16,1.0,-0.3697245428906732,0.9291414114031743,27.5,22.6
2019-12-10,Assam,NER,26.7499809,94.21666744,27.5,2019,12,1,344,0,0,17.4,86,27.1,35.1,23.6,29.82857142857143,3.0263918482323837,25.91,0.7818314824680298,0.6234898018587336,-2.4492935982947064e-16,1.0,-0.3536761221763721,0.935367949313148,21.6,22.7
2019-12-11,Assam,NER,26.7499809,94.21666744,21.6,2019,12,2,345,0,0,16.5,91,27.5,34.9,23.8,27.928571428571427,3.4562572655568182,25.836666666666666,0.9749279121818236,-0.22252093395631434,-2.4492935982947064e-16,1.0,-0.33752289959411347,0.941317317512847,21.5,23.1
2019-12-12,Assam,NER,26.7499809,94.21666744,21.5,2019,12,3,346,0,0,17.7,83,21.6,31.0,23.7,26.571428571428573,3.8874645917848705,25.763333333333332,0.43388373911755823,-0.900968867902419,-2.4492935982947064e-16,1.0,-0.32126966169236515,0.9469877530760751,22.2,23.6
2019-12-13,Assam,NER,26.7499809,94.21666744,22.2,2019,12,4,347,0,0,17.7,82,21.5,31.8,23.5,25.2,3.3980386499666215,25.719999999999995,-0.433883739117558,-0.9009688679024191,-2.4492935982947064e-16,1.0,-0.3049212246562894,0.9523775757303973,22.1,22.8
2019-12-14,Assam,NER,26.7499809,94.21666744,22.1,2019,12,5,348,1,0,17.6,86,22.2,30.0,24.7,24.071428571428573,2.796851971839302,25.633333333333333,-0.9749279121818236,-0.2225209339563146,-2.4492935982947064e-16,1.0,-0.2884824328806098,0.9574851883550389,22.1,21.4
2019-12-15,Assam,NER,26.7499809,94.21666744,22.1,2019,12,6,349,1,0,18.2,81,22.1,26.5,24.1,23.442857142857147,2.650696224804152,25.566666666666666,-0.7818314824680299,0.6234898018587334,-2.4492935982947064e-16,1.0,-0.27195815753410524,0.9623090774541487,22.6,21.3
2019-12-16,Assam,NER,26.7499809,94.21666744,22.6,2019,12,0,350,0,0,18.1,82,22.1,27.1,22.4,22.8,2.105548226313971,25.573333333333334,0.0,1.0,-2.4492935982947064e-16,1.0,-0.2553532951161881,0.9668478136052773,22.7,20.0
2019-12-17,Assam,NER,26.7499809,94.21666744,22.7,2019,12,1,351,0,0,17.6,85,22.6,27.5,24.3,22.11428571428571,0.4525062483132664,25.519999999999996,0.7818314824680298,0.6234898018587336,-2.4492935982947064e-16,1.0,-0.23867276600594997,0.9711000518829505,23.1,21.1
2019-12-18,Assam,NER,26.7499809,94.21666744,23.1,2019,12,2,352,0,0,17.3,84,22.7,21.6,24.2,22.32857142857143,0.5186980037056642,25.483333333333334,0.9749279121818236,-0.22252093395631434,-2.4492935982947064e-16,1.0,-0.22192151300416674,0.9750645322571945,23.6,18.9
2019-12-19,Assam,NER,26.7499809,94.21666744,23.6,2019,12,3,353,0,0,16.6,83,23.1,21.5,24.1,22.62857142857143,0.5648430038941891,25.466666666666665,0.43388373911755823,-0.900968867902419,-2.4492935982947064e-16,1.0,-0.20510449986861926,0.9787400799669153,22.8,19.0
2019-12-20,Assam,NER,26.7499809,94.21666744,22.8,2019,12,4,354,0,0,16.2,86,23.6,22.2,24.6,22.714285714285715,0.5336308693867772,25.40666666666667,-0.433883739117558,-0.9009688679024191,-2.4492935982947064e-16,1.0,-0.1882267098432439,0.9821256058680006,21.4,20.1
2019-12-21,Assam,NER,26.7499809,94.21666744,21.4,2019,12,5,355,1,0,16.7,86,22.8,22.1,24.7,22.61428571428571,0.7057586259450405,25.29666666666667,-0.9749279121818236,-0.2225209339563146,-2.4492935982947064e-16,1.0,-0.1712931441814778,0.9852201067560606,21.3,19.7
2019-12-22,Assam,NER,26.7499809,94.21666744,21.3,2019,12,6,356,1,0,16.3,87,21.4,22.1,24.0,22.5,0.8524474568366495,25.206666666666667,-0.7818314824680299,0.6234898018587334,-2.4492935982947064e-16,1.0,-0.154308820664281,0.9880226656636976,20.0,34.2
2019-12-23,Assam,NER,26.7499809,94.21666744,20.0,2019,12,0,357,0,0,16.6,84,21.3,22.6,23.4,22.12857142857143,1.2671678206594927,25.09333333333333,0.0,1.0,-2.4492935982947064e-16,1.0,-0.13727877211326517,0.9905324521322227,21.1,35.0
2019-12-24,Assam,NER,26.7499809,94.21666744,21.1,2019,12,1,358,0,0,15.7,87,20.0,22.7,22.5,21.900000000000002,1.2909944487360636,25.046666666666667,0.7818314824680298,0.6234898018587336,-2.4492935982947064e-16,1.0,-0.12020804489935275,0.9927487224577402,18.9,34.7
2019-12-25,Assam,NER,26.7499809,94.21666744,18.9,2019,12,2,359,0,1,15.6,84,21.1,23.1,23.2,21.3,1.5832456116052858,24.903333333333332,0.9749279121818236,-0.22252093395631434,-2.4492935982947064e-16,1.0,-0.10310169744743544,0.9946708199115211,19.0,34.1
2019-12-26,Assam,NER,26.7499809,94.21666744,19.0,2019,12,3,360,0,0,15.5,84,18.9,23.6,23.4,20.642857142857142,1.4152233544066242,24.756666666666668,0.43388373911755823,-0.900968867902419,-2.4492935982947064e-16,1.0,-0.0859647987374467,0.9962981749346077,20.1,32.3
2019-12-27,Assam,NER,26.7499809,94.21666744,20.1,2019,12,4,361,0,0,15.1,88,19.0,22.8,23.9,20.25714285714286,1.050170054256916,24.63,-0.433883739117558,-0.9009688679024191,-2.4492935982947064e-16,1.0,-0.06880242680232064,0.9976303053065857,19.7,31.5
2019-12-28,Assam,NER,26.7499809,94.21666744,19.7,2019,12,5,362,1,0,15.0,86,20.1,21.4,24.0,20.014285714285712,0.9317162862674954,24.486666666666665,-0.9749279121818236,-0.2225209339563146,-2.4492935982947064e-16,1.0,-0.05161966722325418,0.9986668162884759,34.2,30.8
2019-12-29,Assam,NER,26.7499809,94.21666744,34.2,2019,12,6,363,1,0,14.6,85,19.7,21.3,23.4,21.857142857142858,5.492679110372689,24.846666666666668,-0.7818314824680299,0.6234898018587334,-2.4492935982947064e-16,1.0,-0.034421611622745804,0.9994074007397048,35.0,22.6
2019-12-30,Assam,NER,26.7499809,94.21666744,35.0,2019,12,0,364,0,0,14.7,83,34.2,20.0,19.2,24.0,7.281941133150361,25.373333333333335,0.0,1.0,-2.4492935982947064e-16,1.0,-0.01721335615583528,0.9998518392091162,34.7,20.7
2019-12-31,Assam,NER,26.7499809,94.21666744,34.7,2019,12,1,365,0,0,15.1,81,35.0,21.1,30.5,25.942857142857147,8.142656639135502,25.513333333333335,0.7818314824680298,0.6234898018587336,-2.4492935982947064e-16,1.0,6.432490598706546e-16,1.0,34.1,21.4
2020-01-01,Assam,NER,26.7499809,94.21666744,34.1,2020,1,2,1,0,0,16.5,77,34.7,18.9,31.8,28.114285714285717,7.976513142016506,25.59,0.9749279121818236,-0.22252093395631434,0.49999999999999994,0.8660254037844387,0.017213356155834685,0.9998518392091162,32.3,23.3
2020-01-02,Assam,NER,26.7499809,94.21666744,32.3,2020,1,3,2,0,0,16.1,83,34.1,19.0,35.1,30.014285714285712,6.96333937404283,25.496666666666666,0.43388373911755823,-0.900968867902419,0.49999999999999994,0.8660254037844387,0.03442161162274574,0.9994074007397048,31.5,23.6
2020-01-03,Assam,NER,26.7499809,94.21666744,31.5,2020,1,4,3,0,0,14.7,92,32.3,20.1,34.9,31.642857142857142,5.4202881666497795,25.383333333333333,-0.433883739117558,-0.9009688679024191,0.49999999999999994,0.8660254037844387,0.051619667223253764,0.998666816288476,30.8,22.8
2020-01-04,Assam,NER,26.7499809,94.21666744,30.8,2020,1,5,4,1,0,15.8,89,31.5,19.7,31.0,33.228571428571435,1.6710418763096964,25.376666666666665,-0.9749279121818236,-0.2225209339563146,0.49999999999999994,0.8660254037844387,0.06880242680231986,0.9976303053065857,22.6,22.3
2020-01-05,Assam,NER,26.7499809,94.21666744,22.6,2020,1,6,5,1,0,15.8,90,30.8,34.2,31.8,31.571428571428573,4.273060685158523,25.07,-0.7818314824680299,0.6234898018587334,0.49999999999999994,0.8660254037844387,0.08596479873744647,0.9962981749346078,20.7,27.6
2020-01-13,Assam,NER,26.7499809,94.21666744,20.7,2020,1,0,13,0,0,15.9,86,22.6,35.0,30.0,29.52857142857143,5.579341145605597,24.76,0.0,1.0,0.49999999999999994,0.8660254037844387,0.2219215130041655,0.9750645322571948,21.4,28.7
2020-01-14,Assam,NER,26.7499809,94.21666744,21.4,2020,1,1,14,0,0,16.0,86,20.7,34.7,26.5,27.62857142857143,5.785532037106099,24.59,0.7818314824680298,0.6234898018587336,0.49999999999999994,0.8660254037844387,0.2386727660059501,0.9711000518829505,23.3,27.1
2020-01-15,Assam,NER,26.7499809,94.21666744,23.3,2020,1,2,15,0,0,16.8,86,21.4,34.1,27.1,26.085714285714285,5.180549704239448,24.46333333333333,0.9749279121818236,-0.22252093395631434,0.49999999999999994,0.8660254037844387,0.255353295116187,0.9668478136052775,23.6,27.2
2020-01-16,Assam,NER,26.7499809,94.21666744,23.6,2020,1,3,16,0,0,17.5,86,23.3,32.3,27.5,24.842857142857145,4.430521843928105,24.333333333333332,0.43388373911755823,-0.900968867902419,0.49999999999999994,0.8660254037844387,0.2719581575341055,0.9623090774541486,22.8,26.5
2020-01-17,Assam,NER,26.7499809,94.21666744,22.8,2020,1,4,17,0,0,18.0,82,23.6,31.5,21.6,23.6,3.3371644650312082,24.373333333333335,-0.433883739117558,-0.9009688679024191,0.49999999999999994,0.8660254037844387,0.288482432880609,0.9574851883550393,22.3,28.1
2020-01-18,Assam,NER,26.7499809,94.21666744,22.3,2020,1,5,18,1,0,17.4,85,22.8,30.8,21.5,22.385714285714283,1.028637564011583,24.4,-0.9749279121818236,-0.2225209339563146,0.49999999999999994,0.8660254037844387,0.30492122465628907,0.9523775757303974,27.6,25.9
2020-01-19,Assam,NER,26.7499809,94.21666744,27.6,2020,1,6,19,1,0,17.7,86,22.3,22.6,22.2,23.1,2.2330845632593195,24.580000000000002,-0.7818314824680299,0.6234898018587334,0.49999999999999994,0.8660254037844387,0.3212696616923644,0.9469877530760753,28.7,21.3
2020-01-20,Assam,NER,26.7499809,94.21666744,28.7,2020,1,0,20,0,0,17.2,89,27.6,20.7,22.1,24.24285714285714,2.780202116667802,24.8,0.0,1.0,0.49999999999999994,0.8660254037844387,0.3375228995941133,0.9413173175128471,27.1,22.3
2020-01-21,Assam,NER,26.7499809,94.21666744,27.1,2020,1,1,21,0,0,16.4,86,28.7,21.4,22.1,25.057142857142857,2.639985569946183,24.966666666666665,0.7818314824680298,0.6234898018587336,0.49999999999999994,0.8660254037844387,0.3536761221763716,0.9353679493131483,27.2,24.3
2020-01-22,Assam,NER,26.7499809,94.21666744,27.2,2020,1,2,22,0,0,15.9,85,27.1,23.3,22.6,25.614285714285717,2.618796524760078,25.12,0.9749279121818236,-0.22252093395631434,0.49999999999999994,0.8660254037844387,0.3697245428906731,0.9291414114031743,26.5,24.8
2020-01-23,Assam,NER,26.7499809,94.21666744,26.5,2020,1,3,23,0,0,15.2,84,27.2,23.6,22.7,26.028571428571432,2.4723229870672543,25.24666666666667,0.43388373911755823,-0.900968867902419,0.49999999999999994,0.8660254037844387,0.38566340624360707,0.9226395488404876,28.1,25.4
2020-01-24,Assam,NER,26.7499809,94.21666744,28.1,2020,1,4,24,0,0,14.2,84,26.5,22.8,23.1,26.785714285714285,2.102719327782175,25.413333333333338,-0.433883739117558,-0.9009688679024191,0.49999999999999994,0.8660254037844387,0.401487989205973,0.9158642882672872,25.9,27.8
2020-01-25,Assam,NER,26.7499809,94.21666744,25.9,2020,1,5,25,1,0,13.3,85,28.1,22.3,23.6,27.300000000000004,0.9433981132057242,25.490000000000002,-0.9749279121818236,-0.2225209339563146,0.49999999999999994,0.8660254037844387,0.4171936026123168,0.9088176373395029,21.3,23.6
2020-01-26,Assam,NER,26.7499809,94.21666744,21.3,2020,1,6,26,1,1,14.1,81,25.9,27.6,22.8,26.4,2.4351591323772213,25.44,-0.7818314824680299,0.6234898018587334,0.49999999999999994,0.8660254037844387,0.4327755925504312,0.901501684131884,22.3,25.1
2020-01-27,Assam,NER,26.7499809,94.21666744,22.3,2020,1,0,27,0,0,15.8,80,21.3,28.7,21.4,25.485714285714288,2.6219767170518793,25.470000000000002,0.0,1.0,0.49999999999999994,0.8660254037844387,0.4482293417404106,0.893918596519257,24.3,22.0
2020-01-28,Assam,NER,26.7499809,94.21666744,24.3,2020,1,1,28,0,0,15.2,81,22.3,27.1,21.3,25.08571428571429,2.547173970912766,25.57,0.7818314824680298,0.6234898018587336,0.49999999999999994,0.8660254037844387,0.4635502709028509,0.886070621534138,24.8,23.5
2020-01-29,Assam,NER,26.7499809,94.21666744,24.8,2020,1,2,29,0,0,15.5,82,24.3,27.2,20.0,24.74285714285714,2.3705534816839937,25.73,0.9749279121818236,-0.22252093395631434,0.49999999999999994,0.8660254037844387,0.47873384011578846,0.8779600847008882,25.4,26.1
2020-01-30,Assam,NER,26.7499809,94.21666744,25.4,2020,1,3,30,0,0,16.1,88,24.8,26.5,21.1,24.585714285714285,2.2689414355808184,25.873333333333335,0.43388373911755823,-0.900968867902419,0.49999999999999994,0.8660254037844387,0.49377555015997715,0.869589389346611,27.8,29.1
2020-01-31,Assam,NER,26.7499809,94.21666744,27.8,2020,1,4,31,0,0,15.6,86,25.4,28.1,18.9,24.542857142857144,2.1930626551752046,26.17,-0.433883739117558,-0.9009688679024191,0.49999999999999994,0.8660254037844387,0.5086709438521044,0.8609610158889943,23.6,27.6
2020-02-01,Assam,NER,26.7499809,94.21666744,23.6,2020,2,5,32,1,0,16.1,85,27.8,25.9,19.0,24.214285714285715,2.127148773537534,26.323333333333334,-0.9749279121818236,-0.2225209339563146,0.8660254037844386,0.5000000000000001,0.5234156073655503,0.8520775211013093,25.1,28.0
2020-02-02,Assam,NER,26.7499809,94.21666744,25.1,2020,2,6,33,1,0,15.5,89,23.6,21.3,20.1,24.75714285714286,1.7018197543191156,26.490000000000002,-0.7818314824680299,0.6234898018587334,0.8660254037844386,0.5000000000000001,0.5380051715382996,0.8429415373547828,22.0,23.0
2020-02-03,Assam,NER,26.7499809,94.21666744,22.0,2020,2,0,34,0,0,15.3,85,25.1,22.3,19.7,24.714285714285715,1.7761649430056343,26.566666666666666,0.0,1.0,0.8660254037844386,0.5000000000000001,0.5524353131676196,0.8335557718385699,23.5,22.1
2020-02-04,Assam,NER,26.7499809,94.21666744,23.5,2020,2,1,35,0,0,14.9,85,22.0,24.3,34.2,24.599999999999998,1.8321208111549243,26.21,0.7818314824680298,0.6234898018587336,0.8660254037844386,0.5000000000000001,0.5667017562911176,0.8239230057575542,26.1,21.8
2020-02-05,Assam,NER,26.7499809,94.21666744,26.1,2020,2,2,36,0,0,15.4,87,23.5,24.8,35.0,24.785714285714285,1.9195733652981861,25.913333333333334,0.9749279121818236,-0.22252093395631434,0.8660254037844386,0.5000000000000001,0.5808002734538009,0.8140460935082178,29.1,22.5
2020-02-13,Assam,NER,26.7499809,94.21666744,29.1,2020,2,3,44,0,0,19.3,82,26.1,25.4,34.7,25.314285714285713,2.529445638493838,25.726666666666667,0.43388373911755823,-0.900968867902419,0.8660254037844386,0.5000000000000001,0.6870527672236669,0.7266075247685656,27.6,23.0
2020-02-14,Assam,NER,26.7499809,94.21666744,27.6,2020,2,4,45,0,0,19.3,81,29.1,27.8,34.1,25.285714285714285,2.4976179127511684,25.509999999999998,-0.433883739117558,-0.9009688679024191,0.8660254037844386,0.5000000000000001,0.699458327051647,0.7146733860429609,28.0,23.8
2020-02-15,Assam,NER,26.7499809,94.21666744,28.0,2020,2,5,46,1,0,18.8,84,27.6,23.6,32.3,25.914285714285715,2.5556659741501417,25.366666666666667,-0.9749279121818236,-0.2225209339563146,0.8660254037844386,0.5000000000000001,0.7116566222817746,0.7025274741691571,23.0,23.4
2020-02-16,Assam,NER,26.7499809,94.21666744,23.0,2020,2,6,47,1,0,19.8,83,28.0,25.1,31.5,25.614285714285717,2.7805446537376115,25.083333333333332,-0.7818314824680299,0.6234898018587334,0.8660254037844386,0.5000000000000001,0.7236440382959124,0.6901733882429719,22.1,23.0
2020-02-17,Assam,NER,26.7499809,94.21666744,22.1,2020,2,0,48,0,0,19.7,84,23.0,22.0,30.8,25.62857142857143,2.7590543583592537,24.793333333333337,0.0,1.0,0.8660254037844386,0.5000000000000001,0.7354170229639855,0.6776147890466889,21.8,23.9
2020-02-18,Assam,NER,26.7499809,94.21666744,21.8,2020,2,1,49,0,0,18.5,90,22.1,23.5,22.6,25.38571428571429,3.0383266071028032,24.766666666666666,0.7818314824680298,0.6234898018587336,0.8660254037844386,0.5000000000000001,0.7469720876965552,0.6648553979642865,22.5,24.5
2020-02-19,Assam,NER,26.7499809,94.21666744,22.5,2020,2,2,50,0,0,18.4,85,21.8,26.1,20.7,24.871428571428574,3.1977670780897385,24.826666666666664,0.9749279121818236,-0.22252093395631434,0.8660254037844386,0.5000000000000001,0.7583058084785624,0.6518989958787126,23.0,23.1
2020-02-20,Assam,NER,26.7499809,94.21666744,23.0,2020,2,3,51,0,0,18.7,83,22.5,29.1,21.4,24.0,2.635020556529626,24.88,0.43388373911755823,-0.900968867902419,0.8660254037844386,0.5000000000000001,0.7694148268839378,0.6387494220515272,23.8,23.4
2020-02-21,Assam,NER,26.7499809,94.21666744,23.8,2020,2,4,52,0,0,19.3,78,23.0,27.6,23.3,23.457142857142856,2.1085991739045347,24.89666666666667,-0.433883739117558,-0.9009688679024191,0.8660254037844386,0.5000000000000001,0.7802958510707755,0.6254105729852463,23.4,24.4
2020-02-22,Assam,NER,26.7499809,94.21666744,23.4,2020,2,5,53,1,0,19.7,82,23.8,28.0,23.6,22.8,0.7094598884600835,24.89,-0.9749279121818236,-0.2225209339563146,0.8660254037844386,0.5000000000000001,0.7909456567567772,0.6118864012687243,23.0,23.3
2020-02-23,Assam,NER,26.7499809,94.21666744,23.0,2020,2,6,54,1,0,19.7,82,23.4,23.0,22.8,22.8,0.7094598884600835,24.896666666666665,-0.7818314824680299,0.6234898018587334,0.8660254037844386,0.5000000000000001,0.8013610881746766,0.5981809144059165,23.9,22.6
2020-02-24,Assam,NER,26.7499809,94.21666744,23.9,2020,2,0,55,0,0,20.1,73,23.0,22.1,22.3,23.057142857142857,0.7390470054001421,24.95,0.0,1.0,0.8660254037844386,0.5000000000000001,0.8115390590073611,0.5842981736283684,24.5,22.4
2020-02-25,Assam,NER,26.7499809,94.21666744,24.5,2020,2,1,56,0,0,20.1,77,23.9,21.8,27.6,23.442857142857143,0.6754187413678192,24.846666666666668,0.7818314824680298,0.6234898018587336,0.8660254037844386,0.5000000000000001,0.8214765533024142,0.5702422926917871,23.1,22.0
2020-02-26,Assam,NER,26.7499809,94.21666744,23.1,2020,2,2,57,0,0,19.0,82,24.5,22.5,28.7,23.52857142857143,0.5648430038940246,24.660000000000004,0.9749279121818236,-0.22252093395631434,0.8660254037844386,0.5000000000000001,0.8311706263658079,0.5560174366570446,23.4,23.0
2020-02-27,Assam,NER,26.7499809,94.21666744,23.4,2020,2,3,58,0,0,17.5,88,23.1,23.0,27.1,23.585714285714285,0.5209880722521136,24.53666666666667,0.43388373911755823,-0.900968867902419,0.8660254037844386,0.5000000000000001,0.8406184056344782,0.5416278206559814,24.4,22.4
2020-02-28,Assam,NER,26.7499809,94.21666744,24.4,2020,2,4,59,0,0,18.4,83,23.4,23.8,27.2,23.67142857142857,0.6047431568150905,24.44333333333333,-0.433883739117558,-0.9009688679024191,0.8660254037844386,0.5000000000000001,0.8498170915275278,0.5270777086423722,23.3,23.1
2020-02-29,Assam,NER,26.7499809,94.21666744,23.3,2020,2,5,60,1,0,19.2,82,24.4,23.4,26.5,23.657142857142855,0.6133436852131703,24.336666666666666,-0.9749279121818236,-0.2225209339563146,0.8660254037844386,0.5000000000000001,0.8587639582758029,0.5123714121284237,22.6,21.6
2020-03-01,Assam,NER,26.7499809,94.21666744,22.6,2020,3,6,61,1,0,20.2,81,23.3,23.0,28.1,23.599999999999998,0.6976149845488319,24.15333333333333,-0.7818314824680299,0.6234898018587334,1.0,6.123233995736766e-17,0.8674563547295969,0.49751328890718066,22.4,34.0
2020-03-02,Assam,NER,26.7499809,94.21666744,22.4,2020,3,0,62,0,0,20.1,78,22.6,23.9,25.9,23.385714285714283,0.8112306935118121,24.03666666666667,0.0,1.0,1.0,6.123233995736766e-17,0.8758917051442429,0.48250774176121847,22.0,30.9
2020-03-03,Assam,NER,26.7499809,94.21666744,22.0,2020,3,1,63,0,0,19.2,82,22.4,24.5,21.3,23.02857142857143,0.7889112449327852,24.060000000000002,0.7818314824680298,0.6234898018587336,1.0,6.123233995736766e-17,0.8840675099433636,0.4673592171580022,23.0,26.8
2020-03-04,Assam,NER,26.7499809,94.21666744,23.0,2020,3,2,64,0,0,19.0,84,22.0,23.1,22.3,23.014285714285712,0.7883074092186482,24.083333333333332,0.9749279121818236,-0.22252093395631434,1.0,6.123233995736766e-17,0.8919813464595485,0.45207220393230435,22.4,27.6
2020-03-05,Assam,NER,26.7499809,94.21666744,22.4,2020,3,3,65,0,0,19.0,81,23.0,23.4,24.3,22.87142857142857,0.7973169292789054,24.02,0.43388373911755823,-0.900968867902419,1.0,6.123233995736766e-17,0.8996308696522433,0.43665123195606403,23.1,28.7
2020-03-13,Assam,NER,26.7499809,94.21666744,23.1,2020,3,4,73,0,0,21.6,77,22.4,24.4,24.8,22.685714285714283,0.4634241089567719,23.963333333333335,-0.433883739117558,-0.9009688679024191,1.0,6.123233995736766e-17,0.9510565162951535,0.30901699437494745,21.6,27.1
2020-03-14,Assam,NER,26.7499809,94.21666744,21.6,2020,3,5,74,1,0,22.4,78,23.1,23.3,25.4,22.442857142857143,0.5287001130360203,23.836666666666662,-0.9749279121818236,-0.2225209339563146,1.0,6.123233995736766e-17,0.9562348265919056,0.29260033563334836,34.0,27.2
2020-03-15,Assam,NER,26.7499809,94.21666744,34.0,2020,3,6,75,1,0,23.3,80,21.6,22.6,27.8,24.071428571428573,4.409351534226016,24.043333333333333,-0.7818314824680299,0.6234898018587334,1.0,6.123233995736766e-17,0.9611297838723007,0.27609697309746883,30.9,19.1
2020-03-16,Assam,NER,26.7499809,94.21666744,30.9,2020,3,0,76,0,0,22.0,85,34.0,22.4,23.6,25.285714285714285,5.0028087349103725,24.28666666666667,0.0,1.0,1.0,6.123233995736766e-17,0.9657399376548549,0.2595117970697999,26.8,20.4
2020-03-17,Assam,NER,26.7499809,94.21666744,26.8,2020,3,1,77,0,0,21.8,81,30.9,22.0,25.1,25.97142857142857,4.802330783315658,24.34333333333333,0.7818314824680298,0.6234898018587336,1.0,6.123233995736766e-17,0.9700639218515071,0.2428497220959356,27.6,20.3
2020-03-18,Assam,NER,26.7499809,94.21666744,27.6,2020,3,2,78,0,0,22.1,76,26.8,23.0,22.0,26.62857142857143,4.639940475808694,24.529999999999998,0.9749279121818236,-0.22252093395631434,1.0,6.123233995736766e-17,0.9741004551724205,0.22611568550828828,28.7,20.1
2020-03-19,Assam,NER,26.7499809,94.21666744,28.7,2020,3,3,79,0,0,21.5,79,27.6,22.4,23.5,27.52857142857143,4.280075655762142,24.70333333333333,0.43388373911755823,-0.900968867902419,1.0,6.123233995736766e-17,0.9778483415056568,0.20931464596304847,27.1,18.2
2020-03-20,Assam,NER,26.7499809,94.21666744,27.1,2020,3,4,80,0,0,21.8,75,28.7,23.1,26.1,28.1,3.834057902536173,24.736666666666668,-0.433883739117558,-0.9009688679024191,1.0,6.123233995736766e-17,0.9813064702716093,0.19245158197082998,27.2,15.468
2020-03-21,Assam,NER,26.7499809,94.21666744,27.2,2020,3,5,81,1,0,20.9,77,27.1,21.6,29.1,28.900000000000002,2.654555832275277,24.673333333333336,-0.9749279121818236,-0.2225209339563146,1.0,6.123233995736766e-17,0.9844738167520922,0.1755314904214282,19.1,17.5
2020-03-22,Assam,NER,26.7499809,94.21666744,19.1,2020,3,6,82,1,0,21.5,76,27.2,34.0,27.6,26.771428571428572,3.665021275842902,24.39,-0.7818314824680299,0.6234898018587334,1.0,6.123233995736766e-17,0.9873494423939864,0.15855938510313475,20.4,24.3
2020-03-23,Assam,NER,26.7499809,94.21666744,20.4,2020,3,0,83,0,0,21.7,80,19.1,30.9,28.0,25.271428571428572,3.8382783839087615,24.136666666666667,0.0,1.0,1.0,6.123233995736766e-17,0.989932495087353,0.141540295217043,20.3,25.4
2020-03-24,Assam,NER,26.7499809,94.21666744,20.3,2020,3,1,84,0,0,21.7,80,20.4,26.8,23.0,24.342857142857145,4.178060611837847,24.046666666666667,0.7818314824680298,0.6234898018587336,1.0,6.123233995736766e-17,0.9922222094179323,0.12447926388678915,20.1,24.5
2020-03-25,Assam,NER,26.7499809,94.21666744,20.1,2020,3,2,85,0,0,22.9,78,20.3,27.6,22.1,23.271428571428572,4.1652187960595874,23.98,0.9749279121818236,-0.22252093395631434,1.0,6.123233995736766e-17,0.994217906893952,0.10738134666416309,18.2,24.9
2020-03-26,Assam,NER,26.7499809,94.21666744,18.2,2020,3,3,86,0,0,23.4,80,20.1,28.7,21.8,21.77142857142857,3.7548698538096086,23.860000000000003,0.43388373911755823,-0.900968867902419,1.0,6.123233995736766e-17,0.995918996147179,0.09025161003104117,15.468,24.8
2020-03-27,Assam,NER,26.7499809,94.21666744,15.468,2020,3,4,87,0,0,25.0,79,18.2,27.1,22.5,20.109714285714286,3.5731583468171784,23.625600000000002,-0.433883739117558,-0.9009688679024191,1.0,6.123233995736766e-17,0.9973249731081555,0.07309512989807777,17.5,24.2
2020-03-28,Assam,NER,26.7499809,94.21666744,17.5,2020,3,5,88,1,0,24.9,82,15.468,27.2,23.0,18.724,1.8120794684562842,23.44226666666667,-0.9749279121818236,-0.2225209339563146,1.0,6.123233995736766e-17,0.9984354211555643,0.055916990100603484,24.3,22.5
2020-03-29,Assam,NER,26.7499809,94.21666744,24.3,2020,3,6,89,1,0,24.9,79,17.5,19.1,23.8,19.466857142857144,2.792529762812068,23.45893333333333,-0.7818314824680299,0.6234898018587334,1.0,6.123233995736766e-17,0.9992500112396835,0.03872228089217446,25.4,23.6
2020-03-30,Assam,NER,26.7499809,94.21666744,25.4,2020,3,0,90,0,0,24.4,69,24.3,20.4,23.4,20.181142857142856,3.595120184758477,23.5256,0.0,1.0,1.0,6.123233995736766e-17,0.9997685019798909,0.021516097436222254,24.5,21.5
2020-03-31,Assam,NER,26.7499809,94.21666744,24.5,2020,3,1,91,0,0,24.1,73,25.4,20.3,23.0,20.781142857142857,3.951112393093592,23.5756,0.7818314824680298,0.6234898018587336,1.0,6.123233995736766e-17,0.9999907397361901,0.004303538296244289,24.9,21.1
2020-04-01,Assam,NER,26.7499809,94.21666744,24.9,2020,4,2,92,0,0,24.7,70,24.5,20.1,23.9,21.466857142857144,4.220531855448755,23.608933333333333,0.9749279121818236,-0.22252093395631434,0.8660254037844387,-0.4999999999999998,0.9999166586547379,-0.01291029607500882,24.8,22.4
2020-04-02,Assam,NER,26.7499809,94.21666744,24.8,2020,4,3,93,0,1,22.5,74,24.9,18.2,24.5,22.409714285714283,4.104711996161125,23.618933333333334,0.43388373911755823,-0.900968867902419,0.8660254037844387,-0.4999999999999998,0.9995462806873573,-0.030120304846908114,24.2,22.8
2020-04-03,Assam,NER,26.7499809,94.21666744,24.2,2020,4,4,94,0,0,22.2,75,24.8,15.468,23.1,23.657142857142855,2.745212282536787,23.6556,-0.433883739117558,-0.9009688679024191,0.8660254037844387,-0.4999999999999998,0.9988797155850336,-0.04732138832243185,22.5,22.5
2020-04-04,Assam,NER,26.7499809,94.21666744,22.5,2020,4,5,95,1,0,22.4,72,24.2,17.5,23.4,24.37142857142857,0.9196272536819348,23.625600000000002,-0.9749279121818236,-0.2225209339563146,0.8660254037844387,-0.4999999999999998,0.9979171608653922,-0.06450844944931623,23.6,22.5
2020-04-05,Assam,NER,26.7499809,94.21666744,23.6,2020,4,6,96,1,0,23.0,64,22.5,24.3,24.4,24.271428571428572,0.9655987533034899,23.598933333333335,-0.7818314824680299,0.6234898018587334,0.8660254037844387,-0.4999999999999998,0.9966589017541702,-0.08167639533042241,21.5,23.6
2020-04-13,Assam,NER,26.7499809,94.21666744,21.5,2020,4,0,104,0,0,25.0,76,23.6,25.4,23.3,23.714285714285715,1.2798809468445094,23.538933333333333,0.0,1.0,0.8660254037844387,-0.4999999999999998,0.9760105506323683,-0.21772323039653177,21.1,23.4
2020-04-14,Assam,NER,26.7499809,94.21666744,21.1,2020,4,1,105,0,1,26.2,73,21.5,24.5,22.6,23.228571428571428,1.5488859283523846,23.488933333333332,0.7818314824680298,0.6234898018587336,0.8660254037844387,-0.4999999999999998,0.9721181966290613,-0.23449138957040985,22.4,23.7
2020-04-15,Assam,NER,26.7499809,94.21666744,22.4,2020,4,2,106,0,0,26.0,76,21.1,24.9,22.4,22.87142857142857,1.3780593670259882,23.488933333333332,0.9749279121818236,-0.22252093395631434,0.8660254037844387,-0.4999999999999998,0.9679377830240642,-0.25119006388481935,22.8,23.9
2020-04-16,Assam,NER,26.7499809,94.21666744,22.8,2020,4,3,107,0,0,24.5,80,22.4,24.8,22.0,22.58571428571429,1.0884676865954188,23.5156,0.43388373911755823,-0.900968867902419,0.8660254037844387,-0.4999999999999998,0.9634705485641488,-0.2678143051621742,22.5,23.6
2020-04-17,Assam,NER,26.7499809,94.21666744,22.5,2020,4,4,108,0,0,23.8,83,22.8,24.2,23.0,22.342857142857145,0.8263517065134236,23.498933333333333,-0.433883739117558,-0.9009688679024191,0.8660254037844387,-0.4999999999999998,0.9587178169872964,-0.2843591872810034,22.5,23.2
2020-04-18,Assam,NER,26.7499809,94.21666744,22.5,2020,4,5,109,1,0,23.1,86,22.5,22.5,22.4,22.342857142857145,0.8263517065134236,23.502266666666667,-0.9749279121818236,-0.2225209339563146,0.8660254037844387,-0.4999999999999998,0.9536809966304457,-0.30081980763566735,23.6,22.1
2020-04-19,Assam,NER,26.7499809,94.21666744,23.6,2020,4,6,110,1,0,22.2,89,22.5,23.6,23.1,22.342857142857145,0.8263517065134236,23.518933333333333,-0.7818314824680299,0.6234898018587334,0.8660254037844387,-0.4999999999999998,0.9483615800121715,-0.3171912885891061,23.4,28.3
2020-04-20,Assam,NER,26.7499809,94.21666744,23.4,2020,4,0,111,0,0,21.8,86,23.6,21.5,21.6,22.614285714285717,0.8153293228888443,23.578933333333335,0.0,1.0,0.8660254037844387,-0.4999999999999998,0.9427611433904207,-0.3334687789181868,23.7,26.6
2020-04-21,Assam,NER,26.7499809,94.21666744,23.7,2020,4,1,112,0,0,22.8,85,23.4,21.1,34.0,22.985714285714288,0.5639993245525015,23.235599999999998,0.7818314824680298,0.6234898018587336,0.8660254037844387,-0.4999999999999998,0.9368813462954315,-0.3496474552512284,23.9,29.9
2020-04-22,Assam,NER,26.7499809,94.21666744,23.9,2020,4,2,113,0,0,21.2,90,23.7,22.4,30.9,23.2,0.5887840577555438,23.002266666666667,0.9749279121818236,-0.22252093395631434,0.8660254037844387,-0.4999999999999998,0.9307239310379795,-0.36572252349726897,23.6,31.2
2020-04-23,Assam,NER,26.7499809,94.21666744,23.6,2020,4,3,114,0,0,21.3,86,23.9,22.8,26.8,23.314285714285713,0.5756983337034913,22.8956,0.43388373911755823,-0.900968867902419,0.8660254037844387,-0.4999999999999998,0.9242907221930933,-0.3816892202666588,23.2,30.3
2020-04-24,Assam,NER,26.7499809,94.21666744,23.2,2020,4,4,115,0,0,20.4,87,23.6,22.5,27.6,23.41428571428571,0.45981362684131705,22.748933333333333,-0.433883739117558,-0.9009688679024191,0.8660254037844387,-0.4999999999999998,0.9175836260593937,-0.39754281428255595,22.1,31.1
2020-04-25,Assam,NER,26.7499809,94.21666744,22.1,2020,4,5,116,1,0,21.2,84,23.2,22.5,28.7,23.357142857142858,0.5968169536724609,22.528933333333335,-0.9749279121818236,-0.2225209339563146,0.8660254037844387,-0.4999999999999998,0.9106046300942162,-0.4132786077829042,28.3,29.3
2020-04-26,Assam,NER,26.7499809,94.21666744,28.3,2020,4,6,117,1,0,23.2,81,22.1,23.6,27.1,24.02857142857143,1.9729117953880455,22.568933333333334,-0.7818314824680299,0.6234898018587334,0.8660254037844387,-0.4999999999999998,0.9033558023246845,-0.4288919379124835,26.6,21.4
2020-04-27,Assam,NER,26.7499809,94.21666744,26.6,2020,4,0,118,0,0,24.7,81,28.3,23.4,27.2,24.485714285714288,2.1644310810839382,22.54893333333333,0.0,1.0,0.8660254037844387,-0.4999999999999998,0.895839290734909,-0.4443781781046132,29.9,24.6
2020-04-28,Assam,NER,26.7499809,94.21666744,29.9,2020,4,1,119,0,0,24.4,79,26.6,23.7,19.1,25.37142857142857,2.9244454093692953,22.90893333333333,0.7818314824680298,0.6234898018587336,0.8660254037844387,-0.4999999999999998,0.8880573226294932,-0.45973273945210397,31.2,22.8
2020-04-29,Assam,NER,26.7499809,94.21666744,31.2,2020,4,2,120,0,0,22.8,89,29.9,23.9,20.4,26.414285714285715,3.5475007970065335,23.268933333333333,0.9749279121818236,-0.22252093395631434,0.8660254037844387,-0.4999999999999998,0.8800122039735357,-0.47495107206704995,30.3,21.9
2020-04-30,Assam,NER,26.7499809,94.21666744,30.3,2020,4,3,121,0,0,23.6,83,31.2,23.6,20.3,27.37142857142857,3.565442602592411,23.602266666666665,0.43388373911755823,-0.900968867902419,0.8660254037844387,-0.4999999999999998,0.8717063187093218,-0.4900286664290592,31.1,21.8
2020-05-01,Assam,NER,26.7499809,94.21666744,31.1,2020,5,4,122,0,0,24.9,81,30.3,23.2,20.1,28.5,3.2624121954978675,23.968933333333332,-0.433883739117558,-0.9009688679024191,0.49999999999999994,-0.8660254037844387,0.8631421280499114,-0.5049610547215204,29.3,23.0
2020-05-02,Assam,NER,26.7499809,94.21666744,29.3,2020,5,5,123,1,0,26.0,80,31.1,22.1,18.2,29.52857142857143,1.6398315825252916,24.338933333333333,-0.9749279121818236,-0.2225209339563146,0.49999999999999994,-0.8660254037844387,0.854322169749827,-0.5197438121555155,21.4,25.0
2020-05-03,Assam,NER,26.7499809,94.21666744,21.4,2020,5,6,124,1,0,25.0,87,29.3,28.3,15.468,28.542857142857144,3.5094430435883077,24.53666666666667,-0.7818314824680299,0.6234898018587334,0.49999999999999994,-0.8660254037844387,0.8452490573530633,-0.5343725582809786,24.6,22.4
2020-05-04,Assam,NER,26.7499809,94.21666744,24.6,2020,5,0,125,0,0,25.9,81,21.4,26.6,17.5,28.257142857142856,3.766013428395743,24.773333333333333,0.0,1.0,0.49999999999999994,-0.8660254037844387,0.8359254794186372,-0.548842958284719,22.8,22.3
2020-05-05,Assam,NER,26.7499809,94.21666744,22.8,2020,5,1,126,0,0,25.4,85,24.6,29.9,24.3,27.242857142857144,4.1828447827035715,24.723333333333336,0.7818314824680298,0.6234898018587336,0.49999999999999994,-0.8660254037844387,0.8263541987239096,-0.5631507242749186,21.9,22.7
2020-05-13,Assam,NER,26.7499809,94.21666744,21.9,2020,5,2,134,0,0,23.3,90,22.8,31.2,25.4,25.914285714285715,4.193418880193351,24.606666666666666,0.9749279121818236,-0.22252093395631434,0.49999999999999994,-0.8660254037844387,0.7412220108485958,-0.6712599575675313,21.8,22.8
2020-05-14,Assam,NER,26.7499809,94.21666744,21.8,2020,5,3,135,0,0,23.3,87,21.9,30.3,24.5,24.7,3.9344631145812357,24.516666666666666,0.43388373911755823,-0.900968867902419,0.49999999999999994,-0.8660254037844387,0.7295575540864875,-0.6839194216246106,23.0,23.9
2020-05-15,Assam,NER,26.7499809,94.21666744,23.0,2020,5,4,136,0,0,24.8,84,21.8,31.1,24.9,23.54285714285714,2.7518824725735525,24.453333333333333,-0.433883739117558,-0.9009688679024191,0.49999999999999994,-0.8660254037844387,0.717676913675962,-0.6963762255968722,25.0,23.0
2020-05-16,Assam,NER,26.7499809,94.21666744,25.0,2020,5,5,137,1,0,24.6,90,23.0,29.3,24.8,22.928571428571427,1.4008500820506795,24.46,-0.9749279121818236,-0.2225209339563146,0.49999999999999994,-0.8660254037844387,0.705583610107178,-0.7086266782644596,22.4,20.9
2020-05-17,Assam,NER,26.7499809,94.21666744,22.4,2020,5,6,138,1,0,23.8,86,25.0,21.4,24.2,23.071428571428573,1.2632158508009292,24.4,-0.7818314824680299,0.6234898018587334,0.49999999999999994,-0.8660254037844387,0.6932812268869777,-0.7206671495538609,22.3,23.4
2020-05-18,Assam,NER,26.7499809,94.21666744,22.3,2020,5,0,139,0,0,26.6,82,22.4,24.6,22.5,22.742857142857144,1.0860588425698992,24.39333333333333,0.0,1.0,0.49999999999999994,-0.8660254037844387,0.6807734094770161,-0.7324940716135789,22.7,22.0
2020-05-19,Assam,NER,26.7499809,94.21666744,22.7,2020,5,1,140,0,0,27.7,81,22.3,22.8,23.6,22.728571428571428,1.0858395917667027,24.363333333333333,0.7818314824680298,0.6234898018587336,0.49999999999999994,-0.8660254037844387,0.6680638642135335,-0.7441039398713607,22.8,22.2
2020-05-20,Assam,NER,26.7499809,94.21666744,22.8,2020,5,2,141,0,0,26.6,84,22.7,21.9,21.5,22.857142857142858,1.0228345302104949,24.406666666666663,0.9749279121818236,-0.22252093395631434,0.49999999999999994,-0.8660254037844387,0.6551563572090853,-0.7554933140726803,23.9,21.5
2020-05-21,Assam,NER,26.7499809,94.21666744,23.9,2020,5,3,142,0,0,23.7,88,22.8,21.8,21.1,23.157142857142855,0.9675693650539443,24.5,0.43388373911755823,-0.900968867902419,0.49999999999999994,-0.8660254037844387,0.6420547132365637,-0.766658819300159,23.0,22.6
