timestamp,node_id,region,latitude,longitude,consumption_mu,year,month,dayofweek,dayofyear,is_weekend,is_holiday,temperature_c,humidity,lag_1d,lag_7d,lag_30d,roll_mean_7d,roll_std_7d,roll_mean_30d,dow_sin,dow_cos,month_sin,month_cos,doy_sin,doy_cos,target_next_1d,target_next_7d
2019-02-02,Bihar,ER,25.78541445,87.4799727,71.2,2019,2,5,33,1,0,17.7,69,69.4,102.1,82.3,79.58571428571429,12.104465921224937,87.36333333333332,-0.9749279121818236,-0.2225209339563146,0.8660254037844386,0.5000000000000001,0.5380051715382996,0.8429415373547828,77.4,79.4
2019-02-03,Bihar,ER,25.78541445,87.4799727,77.4,2019,2,6,34,1,0,18.1,66,71.2,100.1,82.0,76.34285714285716,8.056437827985212,87.21,-0.7818314824680299,0.6234898018587334,0.8660254037844386,0.5000000000000001,0.5524353131676196,0.8335557718385699,78.3,82.6
2019-02-04,Bihar,ER,25.78541445,87.4799727,78.3,2019,2,0,35,0,0,16.7,66,77.4,82.8,82.9,75.7,7.623210172449264,87.05666666666667,0.0,1.0,0.8660254037844386,0.5000000000000001,0.5667017562911176,0.8239230057575542,76.1,82.7
2019-02-05,Bihar,ER,25.78541445,87.4799727,76.1,2019,2,1,36,0,0,16.9,66,78.3,80.4,77.0,75.08571428571429,7.349700350224888,87.02666666666667,0.7818314824680298,0.6234898018587336,0.8660254037844386,0.5000000000000001,0.5808002734538009,0.8140460935082178,75.1,79.5
2019-02-06,Bihar,ER,25.78541445,87.4799727,75.1,2019,2,2,37,0,0,18.2,67,76.1,87.9,76.4,73.25714285714285,4.769646088498013,86.98333333333333,0.9749279121818236,-0.22252093395631434,0.8660254037844386,0.5000000000000001,0.5947266869607634,0.8039279618328213,79.7,77.9
2019-02-07,Bihar,ER,25.78541445,87.4799727,79.7,2019,2,3,38,0,0,19.8,67,75.1,65.3,75.3,75.31428571428572,3.765381154424587,87.13000000000001,0.43388373911755823,-0.900968867902419,0.8660254037844386,0.5000000000000001,0.6084768701151261,0.7935716089521474,80.0,72.2
2019-02-08,Bihar,ER,25.78541445,87.4799727,80.0,2019,2,4,39,0,0,20.2,73,79.7,69.4,76.2,76.82857142857142,3.0548945894059205,87.25666666666667,-0.433883739117558,-0.9009688679024191,0.8660254037844386,0.5000000000000001,0.6220467484408675,0.7829801036770629,79.4,72.6
2019-02-09,Bihar,ER,25.78541445,87.4799727,79.4,2019,2,5,40,1,0,17.1,90,80.0,71.2,56.4,78.0,1.885028735413332,88.02333333333333,-0.9749279121818236,-0.2225209339563146,0.8660254037844386,0.5000000000000001,0.6354323008901774,0.7721565844991642,82.6,74.7
2019-02-10,Bihar,ER,25.78541445,87.4799727,82.6,2019,2,6,41,1,0,15.8,76,79.4,77.4,69.9,78.74285714285715,2.525111973000634,88.44666666666667,-0.7818314824680299,0.6234898018587334,0.8660254037844386,0.5000000000000001,0.6486295610349814,0.7611042586607747,82.7,73.6
2019-02-11,Bihar,ER,25.78541445,87.4799727,82.7,2019,2,0,42,0,0,16.5,76,82.6,78.3,76.2,79.37142857142858,2.9141689985966286,88.66333333333334,0.0,1.0,0.8660254037844386,0.5000000000000001,0.6616346182422783,0.7498264012045686,79.5,73.3
2019-02-12,Bihar,ER,25.78541445,87.4799727,79.5,2019,2,1,43,0,0,17.8,74,82.7,76.1,82.3,79.85714285714286,2.536964815718033,88.57,0.7818314824680298,0.6234898018587336,0.8660254037844386,0.5000000000000001,0.6744436188329455,0.7383263540031065,77.9,74.1
2019-02-13,Bihar,ER,25.78541445,87.4799727,77.9,2019,2,2,44,0,0,19.2,72,79.5,75.1,87.7,80.25714285714285,1.7652734848151013,88.24333333333334,0.9749279121818236,-0.22252093395631434,0.8660254037844386,0.5000000000000001,0.6870527672236669,0.7266075247685656,72.2,74.0
2019-02-14,Bihar,ER,25.78541445,87.4799727,72.2,2019,2,3,45,0,0,19.5,75,77.9,79.7,88.2,79.18571428571428,3.541858538220087,87.71,0.43388373911755823,-0.900968867902419,0.8660254037844386,0.5000000000000001,0.699458327051647,0.7146733860429609,72.6,105.3
2019-02-15,Bihar,ER,25.78541445,87.4799727,72.6,2019,2,4,46,0,0,19.8,76,72.2,80.0,93.7,78.12857142857142,4.284745922344532,87.00666666666666,-0.433883739117558,-0.9009688679024191,0.8660254037844386,0.5000000000000001,0.7116566222817746,0.7025274741691571,74.7,108.7
2019-02-16,Bihar,ER,25.78541445,87.4799727,74.7,2019,2,5,47,1,0,19.9,77,72.6,79.4,93.5,77.45714285714287,4.418467736994071,86.38000000000001,-0.9749279121818236,-0.2225209339563146,0.8660254037844386,0.5000000000000001,0.7236440382959124,0.6901733882429719,73.6,107.7
2019-02-17,Bihar,ER,25.78541445,87.4799727,73.6,2019,2,6,48,1,0,19.2,71,74.7,82.6,98.9,76.17142857142858,3.957993719766927,85.53666666666666,-0.7818314824680299,0.6234898018587334,0.8660254037844386,0.5000000000000001,0.7354170229639855,0.6776147890466889,73.3,92.4
2019-02-18,Bihar,ER,25.78541445,87.4799727,73.3,2019,2,0,49,0,0,18.4,67,73.6,82.7,106.1,74.82857142857142,2.798639125071479,84.44333333333334,0.0,1.0,0.8660254037844386,0.5000000000000001,0.7469720876965552,0.6648553979642865,74.1,80.5
2019-02-19,Bihar,ER,25.78541445,87.4799727,74.1,2019,2,1,50,0,0,19.0,72,73.3,79.5,105.5,74.05714285714285,1.8946038661217741,83.39666666666668,0.7818314824680298,0.6234898018587336,0.8660254037844386,0.5000000000000001,0.7583058084785624,0.6518989958787126,74.0,99.7
2019-02-20,Bihar,ER,25.78541445,87.4799727,74.0,2019,2,2,51,0,0,20.4,69,74.1,77.9,106.7,73.5,0.8755950357707151,82.30666666666667,0.9749279121818236,-0.22252093395631434,0.8660254037844386,0.5000000000000001,0.7694148268839378,0.6387494220515272,105.3,88.8
2019-02-21,Bihar,ER,25.78541445,87.4799727,105.3,2019,2,3,52,0,0,20.4,74,74.0,72.2,109.1,78.22857142857143,11.955711924391963,82.17999999999999,0.43388373911755823,-0.900968867902419,0.8660254037844386,0.5000000000000001,0.7802958510707755,0.6254105729852463,108.7,79.9
2019-02-22,Bihar,ER,25.78541445,87.4799727,108.7,2019,2,4,53,0,0,21.6,75,105.3,72.6,111.0,83.38571428571427,16.167295029516538,82.10333333333332,-0.433883739117558,-0.9009688679024191,0.8660254037844386,0.5000000000000001,0.7909456567567772,0.6118864012687243,107.7,80.6
2019-02-23,Bihar,ER,25.78541445,87.4799727,107.7,2019,2,5,54,1,0,23.2,62,108.7,74.7,101.7,88.1,17.927911200137135,82.30333333333333,-0.9749279121818236,-0.2225209339563146,0.8660254037844386,0.5000000000000001,0.8013610881746766,0.5981809144059165,92.4,76.8
2019-02-24,Bihar,ER,25.78541445,87.4799727,92.4,2019,2,6,55,1,0,20.8,60,107.7,73.6,105.0,90.78571428571429,16.764091442865762,81.88333333333334,-0.7818314824680299,0.6234898018587334,0.8660254037844386,0.5000000000000001,0.8115390590073611,0.5842981736283684,80.5,80.6
2019-02-25,Bihar,ER,25.78541445,87.4799727,80.5,2019,2,0,56,0,0,20.4,64,92.4,73.3,102.1,91.81428571428572,15.699514702842416,81.16333333333334,0.0,1.0,0.8660254037844386,0.5000000000000001,0.8214765533024142,0.5702422926917871,99.7,78.9
2019-02-26,Bihar,ER,25.78541445,87.4799727,99.7,2019,2,1,57,0,0,20.8,70,80.5,74.1,100.1,95.47142857142856,13.745388837196213,81.15,0.7818314824680298,0.6234898018587336,0.8660254037844386,0.5000000000000001,0.8311706263658079,0.5560174366570446,88.8,76.8
2019-02-27,Bihar,ER,25.78541445,87.4799727,88.8,2019,2,2,58,0,0,19.2,83,99.7,74.0,82.8,97.58571428571429,10.691184619649638,81.35,0.9749279121818236,-0.22252093395631434,0.8660254037844386,0.5000000000000001,0.8406184056344782,0.5416278206559814,79.9,78.0
2019-02-28,Bihar,ER,25.78541445,87.4799727,79.9,2019,2,3,59,0,0,17.6,82,88.8,105.3,80.4,93.95714285714287,11.880776790381207,81.33333333333333,0.43388373911755823,-0.900968867902419,0.8660254037844386,0.5000000000000001,0.8498170915275278,0.5270777086423722,80.6,109.4
2019-03-02,Bihar,ER,25.78541445,87.4799727,80.6,2019,3,5,61,1,0,17.3,63,79.9,108.7,87.9,89.94285714285715,10.76396103406455,81.08999999999999,-0.9749279121818236,-0.2225209339563146,1.0,6.123233995736766e-17,0.8674563547295969,0.49751328890718066,76.8,111.8
2019-03-03,Bihar,ER,25.78541445,87.4799727,76.8,2019,3,6,62,1,0,19.2,62,80.6,107.7,65.3,85.52857142857144,8.328608184187567,81.47333333333334,-0.7818314824680299,0.6234898018587334,1.0,6.123233995736766e-17,0.8758917051442429,0.48250774176121847,80.6,114.79699999999998
2019-03-04,Bihar,ER,25.78541445,87.4799727,80.6,2019,3,0,63,0,1,20.1,70,76.8,92.4,69.4,83.84285714285714,7.888569186457405,81.84666666666666,0.0,1.0,1.0,6.123233995736766e-17,0.8840675099433636,0.4673592171580022,78.9,114.79699999999998
2019-03-05,Bihar,ER,25.78541445,87.4799727,78.9,2019,3,1,64,0,0,21.2,67,80.6,80.5,71.2,83.61428571428571,8.02359615372662,82.10333333333334,0.7818314824680298,0.6234898018587336,1.0,6.123233995736766e-17,0.8919813464595485,0.45207220393230435,76.8,114.79699999999998
2019-03-06,Bihar,ER,25.78541445,87.4799727,76.8,2019,3,2,65,0,0,21.6,51,78.9,99.7,77.4,80.34285714285714,4.06278112580423,82.08333333333333,0.9749279121818236,-0.22252093395631434,1.0,6.123233995736766e-17,0.8996308696522433,0.43665123195606403,78.0,114.79699999999998
2019-03-07,Bihar,ER,25.78541445,87.4799727,78.0,2019,3,3,66,0,0,19.7,48,76.8,88.8,78.3,78.8,1.650252505931625,82.07333333333332,0.43388373911755823,-0.900968867902419,1.0,6.123233995736766e-17,0.9070138128026359,0.4211008707960896,109.4,114.79699999999998
2019-03-08,Bihar,ER,25.78541445,87.4799727,109.4,2019,3,4,67,0,0,19.8,50,78.0,79.9,76.1,83.01428571428572,11.741440651446048,83.18333333333334,-0.433883739117558,-0.9009688679024191,1.0,6.123233995736766e-17,0.9141279881853337,0.40542572835999735,111.8,67.3
2019-03-09,Bihar,ER,25.78541445,87.4799727,111.8,2019,3,5,68,1,0,20.9,52,109.4,80.6,75.1,87.47142857142856,15.86870235040397,84.40666666666668,-0.9749279121818236,-0.2225209339563146,1.0,6.123233995736766e-17,0.9209712877166346,0.38963044953078796,114.79699999999998,71.9
2019-03-10,Bihar,ER,25.78541445,87.4799727,114.79699999999998,2019,3,6,69,1,0,22.8,53,111.8,76.8,79.7,92.89957142857143,17.96964388310791,85.57656666666666,-0.7818314824680299,0.6234898018587334,1.0,6.123233995736766e-17,0.9275416835791966,0.37371971479046906,114.79699999999998,67.1
2019-03-11,Bihar,ER,25.78541445,87.4799727,114.79699999999998,2019,3,0,70,0,0,22.8,59,114.79699999999998,80.6,80.0,97.78485714285715,18.70206946150242,86.73646666666666,0.0,1.0,1.0,6.123233995736766e-17,0.9338372288229252,0.35769823883312546,114.79699999999998,74.1
2019-03-12,Bihar,ER,25.78541445,87.4799727,114.79699999999998,2019,3,1,71,0,0,24.5,47,114.79699999999998,78.9,79.4,102.913,17.546579172781,87.91636666666666,0.7818314824680298,0.6234898018587336,1.0,6.123233995736766e-17,0.9398560579418954,0.3415707691678556,114.79699999999998,83.8
2019-03-13,Bihar,ER,25.78541445,87.4799727,114.79699999999998,2019,3,2,72,0,0,25.2,45,114.79699999999998,76.8,82.6,108.34114285714284,13.542416000952848,88.98959999999998,0.9749279121818236,-0.22252093395631434,1.0,6.123233995736766e-17,0.9455963874271426,0.3253420847119801,114.79699999999998,70.2
2019-03-14,Bihar,ER,25.78541445,87.4799727,114.79699999999998,2019,3,3,73,0,0,25.3,44,114.79699999999998,78.0,82.7,113.59785714285714,2.1619440656189344,90.0595,0.43388373911755823,-0.900968867902419,1.0,6.123233995736766e-17,0.9510565162951535,0.30901699437494745,67.3,71.3
2019-03-15,Bihar,ER,25.78541445,87.4799727,67.3,2019,3,4,74,0,0,26.4,49,114.79699999999998,109.4,79.5,107.58357142857142,17.7984650822963,89.65283333333333,-0.433883739117558,-0.9009688679024191,1.0,6.123233995736766e-17,0.9562348265919056,0.29260033563334836,71.9,66.6
2019-03-16,Bihar,ER,25.78541445,87.4799727,71.9,2019,3,5,75,1,0,27.0,44,67.3,111.8,77.9,101.8835714285714,22.09381948160433,89.45283333333333,-0.9749279121818236,-0.2225209339563146,1.0,6.123233995736766e-17,0.9611297838723007,0.27609697309746883,67.1,68.3
2019-03-17,Bihar,ER,25.78541445,87.4799727,67.1,2019,3,6,76,1,0,24.8,37,71.9,114.79699999999998,72.2,95.06971428571428,24.65414372010173,89.28283333333334,-0.7818314824680299,0.6234898018587334,1.0,6.123233995736766e-17,0.9657399376548549,0.2595117970697999,74.1,68.7
2019-03-18,Bihar,ER,25.78541445,87.4799727,74.1,2019,3,0,77,0,0,23.4,54,67.1,114.79699999999998,72.6,89.25585714285714,24.017068190688722,89.33283333333334,0.0,1.0,1.0,6.123233995736766e-17,0.9700639218515071,0.2428497220959356,83.8,69.3
2019-03-19,Bihar,ER,25.78541445,87.4799727,83.8,2019,3,1,78,0,0,24.4,54,74.1,114.79699999999998,74.7,84.82771428571428,21.217424605846077,89.63616666666667,0.7818314824680298,0.6234898018587336,1.0,6.123233995736766e-17,0.9741004551724205,0.22611568550828828,70.2,69.0
2019-03-20,Bihar,ER,25.78541445,87.4799727,70.2,2019,3,2,79,0,0,24.3,43,83.8,114.79699999999998,73.6,78.45671428571428,16.993916035984594,89.52283333333334,0.9749279121818236,-0.22252093395631434,1.0,6.123233995736766e-17,0.9778483415056568,0.20931464596304847,71.3,69.0
2019-03-21,Bihar,ER,25.78541445,87.4799727,71.3,2019,3,3,80,0,1,25.2,44,70.2,114.79699999999998,73.3,72.24285714285715,5.672699869508467,89.45616666666666,0.43388373911755823,-0.900968867902419,1.0,6.123233995736766e-17,0.9813064702716093,0.19245158197082998,66.6,66.8
2019-03-22,Bihar,ER,25.78541445,87.4799727,66.6,2019,3,4,81,0,0,25.6,50,71.3,67.3,74.1,72.14285714285714,5.779520494197999,89.20616666666666,-0.433883739117558,-0.9009688679024191,1.0,6.123233995736766e-17,0.9844738167520922,0.1755314904214282,68.3,79.5
2019-03-23,Bihar,ER,25.78541445,87.4799727,68.3,2019,3,5,82,1,0,25.7,35,66.6,71.9,74.0,71.62857142857142,5.96202266732622,89.01616666666665,-0.9749279121818236,-0.2225209339563146,1.0,6.123233995736766e-17,0.9873494423939864,0.15855938510313475,68.7,62.1
2019-03-24,Bihar,ER,25.78541445,87.4799727,68.7,2019,3,6,83,1,0,24.8,42,68.3,67.1,105.3,71.85714285714286,5.787589349304934,87.79616666666668,-0.7818314824680299,0.6234898018587334,1.0,6.123233995736766e-17,0.989932495087353,0.141540295217043,69.3,72.8
2019-03-25,Bihar,ER,25.78541445,87.4799727,69.3,2019,3,0,84,0,0,25.7,51,68.7,74.1,108.7,71.17142857142856,5.761861471698608,86.48283333333332,0.0,1.0,1.0,6.123233995736766e-17,0.9922222094179323,0.12447926388678915,69.0,78.7
2019-03-26,Bihar,ER,25.78541445,87.4799727,69.0,2019,3,1,85,0,0,23.6,64,69.3,83.8,107.7,69.05714285714285,1.479703960094848,85.19283333333333,0.7818314824680298,0.6234898018587336,1.0,6.123233995736766e-17,0.994217906893952,0.10738134666416309,69.0,81.5
2019-03-27,Bihar,ER,25.78541445,87.4799727,69.0,2019,3,2,86,0,0,23.8,66,69.0,70.2,92.4,68.88571428571427,1.3921548901224132,84.41283333333332,0.9749279121818236,-0.22252093395631434,1.0,6.123233995736766e-17,0.995918996147179,0.09025161003104117,66.8,84.1
2019-03-28,Bihar,ER,25.78541445,87.4799727,66.8,2019,3,3,87,0,0,25.3,61,69.0,71.3,80.5,68.24285714285715,1.0997835284819035,83.95616666666666,0.43388373911755823,-0.900968867902419,1.0,6.123233995736766e-17,0.9973249731081555,0.07309512989807777,79.5,85.1
2019-03-29,Bihar,ER,25.78541445,87.4799727,79.5,2019,3,4,88,0,0,26.4,59,66.8,66.6,99.7,70.08571428571427,4.232977112871292,83.28283333333334,-0.433883739117558,-0.9009688679024191,1.0,6.123233995736766e-17,0.9984354211555643,0.055916990100603484,62.1,72.5
2019-03-30,Bihar,ER,25.78541445,87.4799727,62.1,2019,3,5,89,1,0,26.8,67,79.5,68.3,88.8,69.2,5.205766033927823,82.39283333333333,-0.9749279121818236,-0.2225209339563146,1.0,6.123233995736766e-17,0.9992500112396835,0.03872228089217446,72.8,73.0
2019-03-31,Bihar,ER,25.78541445,87.4799727,72.8,2019,3,6,90,1,0,25.6,70,62.1,68.7,79.9,69.78571428571429,5.368248805531657,82.15616666666666,-0.7818314824680299,0.6234898018587334,1.0,6.123233995736766e-17,0.9997685019798909,0.021516097436222254,78.7,62.3
2019-04-02,Bihar,ER,25.78541445,87.4799727,78.7,2019,4,1,92,0,0,22.9,75,72.8,69.3,80.6,71.12857142857143,6.318152231392095,82.09283333333333,0.7818314824680298,0.6234898018587336,0.8660254037844387,-0.4999999999999998,0.9999166586547379,-0.01291029607500882,81.5,63.8
2019-04-03,Bihar,ER,25.78541445,87.4799727,81.5,2019,4,2,93,0,0,24.7,66,78.7,69.0,76.8,72.91428571428571,7.305575170472653,82.24949999999998,0.9749279121818236,-0.22252093395631434,0.8660254037844387,-0.4999999999999998,0.9995462806873573,-0.030120304846908114,84.1,69.1
2019-04-04,Bihar,ER,25.78541445,87.4799727,84.1,2019,4,3,94,0,0,25.4,66,81.5,69.0,80.6,75.07142857142857,8.138942250217758,82.36616666666666,0.43388373911755823,-0.900968867902419,0.8660254037844387,-0.4999999999999998,0.9988797155850336,-0.04732138832243185,85.1,70.7
2019-04-05,Bihar,ER,25.78541445,87.4799727,85.1,2019,4,4,95,0,0,25.5,67,84.1,66.8,78.9,77.68571428571428,7.976722086051069,82.57283333333332,-0.433883739117558,-0.9009688679024191,0.8660254037844387,-0.4999999999999998,0.9979171608653922,-0.06450844944931623,72.5,71.3
2019-04-06,Bihar,ER,25.78541445,87.4799727,72.5,2019,4,5,96,1,0,24.5,76,85.1,79.5,76.8,76.68571428571428,8.148298098668286,82.42949999999999,-0.9749279121818236,-0.2225209339563146,0.8660254037844387,-0.4999999999999998,0.9966589017541702,-0.08167639533042241,73.0,109.3
2019-04-07,Bihar,ER,25.78541445,87.4799727,73.0,2019,4,6,97,1,0,23.5,80,72.5,62.1,78.0,78.24285714285713,5.511157513885539,82.26283333333332,-0.7818314824680299,0.6234898018587334,0.8660254037844387,-0.4999999999999998,0.9951053111006976,-0.09882013873287143,62.3,113.8
2019-04-08,Bihar,ER,25.78541445,87.4799727,62.3,2019,4,0,98,0,0,24.5,73,73.0,72.8,109.4,76.74285714285715,8.072970775548272,80.69283333333333,0.0,1.0,0.8660254037844387,-0.4999999999999998,0.9932568492674143,-0.11593459959550041,63.8,99.1
2019-04-09,Bihar,ER,25.78541445,87.4799727,63.8,2019,4,1,99,0,0,22.8,82,62.3,78.7,111.8,74.61428571428571,9.336385555347087,79.09283333333333,0.7818314824680298,0.6234898018587336,0.8660254037844387,-0.4999999999999998,0.9911140639934547,-0.1330147065341959,69.1,95.6
2019-04-10,Bihar,ER,25.78541445,87.4799727,69.1,2019,4,2,100,0,0,24.7,71,63.8,81.5,114.79699999999998,72.84285714285714,8.98180700877362,77.5696,0.9749279121818236,-0.22252093395631434,0.8660254037844387,-0.4999999999999998,0.9886775902323405,-0.1500553983446526,70.7,103.1
2019-04-11,Bihar,ER,25.78541445,87.4799727,70.7,2019,4,3,101,0,0,25.9,71,69.1,84.1,114.79699999999998,70.92857142857143,7.486145934483111,76.0997,0.43388373911755823,-0.900968867902419,0.8660254037844387,-0.4999999999999998,0.9859481499638304,-0.16705162550211924,71.3,101.1
2019-04-12,Bihar,ER,25.78541445,87.4799727,71.3,2019,4,4,102,0,0,27.5,71,70.7,85.1,114.79699999999998,68.95714285714286,4.249649845519053,74.6498,-0.433883739117558,-0.9009688679024191,0.8660254037844387,-0.4999999999999998,0.9829265519799822,-0.18399835165768005,109.3,100.3
2019-04-13,Bihar,ER,25.78541445,87.4799727,109.3,2019,4,5,103,1,1,27.7,76,71.3,72.5,114.79699999999998,74.21428571428571,15.968137918098874,74.46656666666667,-0.9749279121818236,-0.2225209339563146,0.8660254037844387,-0.4999999999999998,0.9796136916454901,-0.20089055513063506,113.8,64.5
2019-04-14,Bihar,ER,25.78541445,87.4799727,113.8,2019,4,6,104,1,1,27.7,75,109.3,73.0,114.79699999999998,80.04285714285713,21.82367652671882,74.43333333333334,-0.7818314824680299,0.6234898018587334,0.8660254037844387,-0.4999999999999998,0.9760105506323683,-0.21772323039653177,99.1,61.2
2019-04-15,Bihar,ER,25.78541445,87.4799727,99.1,2019,4,0,105,0,0,27.0,74,113.8,62.3,67.3,85.3,21.262408142070903,75.49333333333333,0.0,1.0,0.8660254037844387,-0.4999999999999998,0.9721181966290613,-0.23449138957040985,95.6,63.8
2019-04-16,Bihar,ER,25.78541445,87.4799727,95.6,2019,4,1,106,0,0,27.1,75,99.1,63.8,71.9,89.84285714285714,19.20033481850934,76.28333333333332,0.7818314824680298,0.6234898018587336,0.8660254037844387,-0.4999999999999998,0.9679377830240642,-0.25119006388481935,103.1,69.0
2019-04-17,Bihar,ER,25.78541445,87.4799727,103.1,2019,4,2,107,0,1,26.8,71,95.6,69.1,67.1,94.7,17.283228865001096,77.48333333333333,0.9749279121818236,-0.22252093395631434,0.8660254037844387,-0.4999999999999998,0.9634705485641488,-0.2678143051621742,101.1,69.8
2019-04-18,Bihar,ER,25.78541445,87.4799727,101.1,2019,4,3,108,0,0,27.3,57,103.1,70.7,74.1,99.04285714285713,13.694263658293792,78.38333333333334,0.43388373911755823,-0.900968867902419,0.8660254037844387,-0.4999999999999998,0.9587178169872964,-0.2843591872810034,100.3,68.2
2019-04-19,Bihar,ER,25.78541445,87.4799727,100.3,2019,4,4,109,0,1,28.1,48,101.1,71.3,83.8,103.18571428571428,6.284485810690686,78.93333333333332,-0.433883739117558,-0.9009688679024191,0.8660254037844387,-0.4999999999999998,0.9536809966304457,-0.30081980763566735,64.5,70.8
2019-04-20,Bihar,ER,25.78541445,87.4799727,64.5,2019,4,5,110,1,0,28.3,46,100.3,109.3,70.2,96.78571428571429,15.326711820808248,78.74333333333333,-0.9749279121818236,-0.2225209339563146,0.8660254037844387,-0.4999999999999998,0.9483615800121715,-0.3171912885891061,61.2,72.2
2019-04-21,Bihar,ER,25.78541445,87.4799727,61.2,2019,4,6,111,1,0,26.9,63,64.5,113.8,71.3,89.27142857142857,18.216541410278346,78.40666666666667,-0.7818314824680299,0.6234898018587334,0.8660254037844387,-0.4999999999999998,0.9427611433904207,-0.3334687789181868,63.8,71.6
2019-04-22,Bihar,ER,25.78541445,87.4799727,63.8,2019,4,0,112,0,0,26.4,68,61.2,99.1,66.6,84.22857142857141,19.85461443306611,78.31333333333332,0.0,1.0,0.8660254037844387,-0.4999999999999998,0.9368813462954315,-0.3496474552512284,69.0,75.4
2019-04-23,Bihar,ER,25.78541445,87.4799727,69.0,2019,4,1,113,0,0,27.5,66,63.8,95.6,68.3,80.42857142857143,19.860993117642657,78.33666666666666,0.7818314824680298,0.6234898018587336,0.8660254037844387,-0.4999999999999998,0.9307239310379795,-0.36572252349726897,69.8,75.2
2019-04-24,Bihar,ER,25.78541445,87.4799727,69.8,2019,4,2,114,0,0,29.3,60,69.0,103.1,68.7,75.67142857142856,17.355663272230395,78.37333333333332,0.9749279121818236,-0.22252093395631434,0.8660254037844387,-0.4999999999999998,0.9242907221930933,-0.3816892202666588,68.2,77.7
2019-04-25,Bihar,ER,25.78541445,87.4799727,68.2,2019,4,3,115,0,0,30.8,61,69.8,101.1,69.3,70.97142857142858,13.303472514812766,78.33666666666666,0.43388373911755823,-0.900968867902419,0.8660254037844387,-0.4999999999999998,0.9175836260593937,-0.39754281428255595,70.8,76.1
2019-04-26,Bihar,ER,25.78541445,87.4799727,70.8,2019,4,4,116,0,0,28.7,74,68.2,100.3,69.0,66.75714285714285,3.5925186813970273,78.39666666666668,-0.433883739117558,-0.9009688679024191,0.8660254037844387,-0.4999999999999998,0.9106046300942162,-0.4132786077829042,72.2,80.2
2019-04-27,Bihar,ER,25.78541445,87.4799727,72.2,2019,4,5,117,1,0,29.8,71,70.8,64.5,69.0,67.85714285714286,3.947512779314809,78.50333333333333,-0.9749279121818236,-0.2225209339563146,0.8660254037844387,-0.4999999999999998,0.9033558023246845,-0.4288919379124835,71.6,98.1
2019-04-28,Bihar,ER,25.78541445,87.4799727,71.6,2019,4,6,118,1,0,27.9,76,72.2,61.2,66.8,69.34285714285714,2.820671990180292,78.66333333333334,-0.7818314824680299,0.6234898018587334,0.8660254037844387,-0.4999999999999998,0.895839290734909,-0.4443781781046132,75.4,98.1
2019-04-29,Bihar,ER,25.78541445,87.4799727,75.4,2019,4,0,119,0,0,29.0,71,71.6,63.8,79.5,71.0,2.3972206128482427,78.52666666666666,0.0,1.0,0.8660254037844387,-0.4999999999999998,0.8880573226294932,-0.45973273945210397,75.2,89.0
2019-04-30,Bihar,ER,25.78541445,87.4799727,75.2,2019,4,1,120,0,0,29.4,71,75.4,69.0,62.1,71.88571428571429,2.6654759246258637,78.96333333333334,0.7818314824680298,0.6234898018587336,0.8660254037844387,-0.4999999999999998,0.8800122039735357,-0.47495107206704995,77.7,69.5
2019-05-02,Bihar,ER,25.78541445,87.4799727,77.7,2019,5,3,122,0,0,29.0,71,75.2,69.8,72.8,73.01428571428572,3.2447026424764847,79.12666666666665,0.43388373911755823,-0.900968867902419,0.49999999999999994,-0.8660254037844387,0.8631421280499114,-0.5049610547215204,76.1,70.4
2019-05-03,Bihar,ER,25.78541445,87.4799727,76.1,2019,5,4,123,0,0,26.5,80,77.7,68.2,78.7,74.14285714285714,2.601190203770103,79.03999999999999,-0.433883739117558,-0.9009688679024191,0.49999999999999994,-0.8660254037844387,0.854322169749827,-0.5197438121555155,80.2,54.967
2019-05-04,Bihar,ER,25.78541445,87.4799727,80.2,2019,5,5,124,1,0,24.9,84,76.1,70.8,81.5,75.48571428571428,2.9857598538331036,78.99666666666667,-0.9749279121818236,-0.2225209339563146,0.49999999999999994,-0.8660254037844387,0.8452490573530633,-0.5343725582809786,98.1,54.967
2019-05-05,Bihar,ER,25.78541445,87.4799727,98.1,2019,5,6,125,1,0,28.3,59,80.2,72.2,84.1,79.18571428571428,8.739456232403487,79.46333333333334,-0.7818314824680299,0.6234898018587334,0.49999999999999994,-0.8660254037844387,0.8359254794186372,-0.548842958284719,98.1,104.2
2019-05-06,Bihar,ER,25.78541445,87.4799727,98.1,2019,5,0,126,0,0,27.2,56,98.1,71.6,85.1,82.97142857142856,10.473413051741213,79.89666666666668,0.0,1.0,0.49999999999999994,-0.8660254037844387,0.8263541987239096,-0.5631507242749186,89.0,97.4
2019-05-07,Bihar,ER,25.78541445,87.4799727,89.0,2019,5,1,127,0,0,27.7,71,98.1,75.4,72.5,84.91428571428571,10.089173829973966,80.44666666666667,0.7818314824680298,0.6234898018587336,0.49999999999999994,-0.8660254037844387,0.8165380514459161,-0.5772916165517272,69.5,88.2
2019-05-08,Bihar,ER,25.78541445,87.4799727,69.5,2019,5,2,128,0,0,28.2,74,89.0,75.2,73.0,84.1,11.175419455215211,80.33,0.9749279121818236,-0.22252093395631434,0.49999999999999994,-0.8660254037844387,0.8064799463209448,-0.5912614448635781,70.4,90.6
2019-05-09,Bihar,ER,25.78541445,87.4799727,70.4,2019,5,3,129,0,0,29.3,74,69.5,77.7,62.3,83.05714285714285,12.168656066969461,80.6,0.43388373911755823,-0.900968867902419,0.49999999999999994,-0.8660254037844387,0.7961828637826158,-0.6050560696488488,54.967,97.1
2019-05-10,Bihar,ER,25.78541445,87.4799727,54.967,2019,5,4,130,0,0,30.0,75,70.4,76.1,63.8,80.03814285714286,16.151939537081137,80.30556666666666,-0.433883739117558,-0.9009688679024191,0.49999999999999994,-0.8660254037844387,0.7856498550787147,-0.6186714032625031,54.967,91.9
2019-05-11,Bihar,ER,25.78541445,87.4799727,54.967,2019,5,5,131,1,0,30.2,76,54.967,80.2,69.1,76.43342857142856,18.721151832950362,79.83446666666667,-0.9749279121818236,-0.2225209339563146,0.49999999999999994,-0.8660254037844387,0.7748840413670407,-0.6321034111873487,104.2,91.4
2019-05-12,Bihar,ER,25.78541445,87.4799727,104.2,2019,5,6,132,1,0,29.8,75,54.967,98.1,70.7,77.30485714285714,19.996314714038114,80.95113333333333,-0.7818314824680299,0.6234898018587334,0.49999999999999994,-0.8660254037844387,0.7638886127905428,-0.6453481132295501,97.4,93.5
2019-05-13,Bihar,ER,25.78541445,87.4799727,97.4,2019,5,0,133,0,0,28.7,74,104.2,98.1,71.3,77.20485714285714,19.87637799355952,81.82113333333334,0.0,1.0,0.49999999999999994,-0.8660254037844387,0.7526668275320085,-0.6584015846980488,88.2,89.4
2019-05-14,Bihar,ER,25.78541445,87.4799727,88.2,2019,5,1,134,0,0,28.7,73,97.4,89.0,109.3,77.09057142857144,19.79940552859389,81.1178,0.7818314824680298,0.6234898018587336,0.49999999999999994,-0.8660254037844387,0.7412220108485958,-0.6712599575675313,90.6,98.1
2019-05-15,Bihar,ER,25.78541445,87.4799727,90.6,2019,5,2,135,0,0,28.9,68,88.2,69.5,113.8,80.10485714285714,20.055694174212093,80.34446666666666,0.9749279121818236,-0.22252093395631434,0.49999999999999994,-0.8660254037844387,0.7295575540864875,-0.6839194216246106,97.1,99.8
2019-05-16,Bihar,ER,25.78541445,87.4799727,97.1,2019,5,3,136,0,0,27.9,72,90.6,70.4,99.1,83.91914285714286,20.43768746237025,80.27780000000001,0.43388373911755823,-0.900968867902419,0.49999999999999994,-0.8660254037844387,0.717676913675962,-0.6963762255968722,91.9,99.6
2019-05-17,Bihar,ER,25.78541445,87.4799727,91.9,2019,5,4,137,0,0,29.8,70,97.1,54.967,95.6,89.1952857142857,16.00415640507488,80.15446666666666,-0.433883739117558,-0.9009688679024191,0.49999999999999994,-0.8660254037844387,0.705583610107178,-0.7086266782644596,91.4,99.6
2019-05-18,Bihar,ER,25.78541445,87.4799727,91.4,2019,5,5,138,1,1,30.1,70,91.9,54.967,103.1,94.4,5.484219786503124,79.76446666666666,-0.9749279121818236,-0.2225209339563146,0.49999999999999994,-0.8660254037844387,0.6932812268869777,-0.7206671495538609,93.5,94.2
2019-05-19,Bihar,ER,25.78541445,87.4799727,93.5,2019,5,6,139,1,0,30.8,63,91.4,104.2,101.1,92.87142857142858,3.388074323130004,79.51113333333333,-0.7818314824680299,0.6234898018587334,0.49999999999999994,-0.8660254037844387,0.6807734094770161,-0.7324940716135789,89.4,68.2
2019-05-20,Bihar,ER,25.78541445,87.4799727,89.4,2019,5,0,140,0,0,31.5,62,93.5,97.4,100.3,91.72857142857143,2.9233053699056346,79.1478,0.0,1.0,0.49999999999999994,-0.8660254037844387,0.6680638642135335,-0.7441039398713607,98.1,63.0
2019-05-21,Bihar,ER,25.78541445,87.4799727,98.1,2019,5,1,141,0,0,30.5,69,89.4,88.2,64.5,93.14285714285714,3.3019474773022144,80.26780000000001,0.7818314824680298,0.6234898018587336,0.49999999999999994,-0.8660254037844387,0.6551563572090853,-0.7554933140726803,99.8,69.9
2019-05-22,Bihar,ER,25.78541445,87.4799727,99.8,2019,5,2,142,0,0,28.5,74,98.1,90.6,61.2,94.45714285714287,3.8982291461888474,81.55446666666667,0.9749279121818236,-0.22252093395631434,0.49999999999999994,-0.8660254037844387,0.6420547132365637,-0.766658819300159,99.6,72.7
2019-05-23,Bihar,ER,25.78541445,87.4799727,99.6,2019,5,3,143,0,0,27.3,76,99.8,97.1,63.8,94.81428571428572,4.276847971512952,82.74780000000001,0.43388373911755823,-0.900968867902419,0.49999999999999994,-0.8660254037844387,0.6287628145958344,-0.7775971469736269,99.6,73.3
2019-05-24,Bihar,ER,25.78541445,87.4799727,99.6,2019,5,4,144,0,0,27.6,74,99.6,91.9,69.0,95.91428571428573,4.391062351121293,83.76780000000001,-0.433883739117558,-0.9009688679024191,0.49999999999999994,-0.8660254037844387,0.6152845999633276,-0.7883050558305255,94.2,76.3
2019-05-25,Bihar,ER,25.78541445,87.4799727,94.2,2019,5,5,145,1,0,26.8,80,99.6,91.4,69.8,96.3142857142857,4.023443206769754,84.58113333333334,-0.9749279121818236,-0.2225209339563146,0.49999999999999994,-0.8660254037844387,0.6016240632249226,-0.7987793728863649,68.2,67.3
2019-05-26,Bihar,ER,25.78541445,87.4799727,68.2,2019,5,6,146,1,0,29.2,71,94.2,93.5,68.2,92.7,11.46138444226257,84.58113333333334,-0.7818314824680299,0.6234898018587334,0.49999999999999994,-0.8660254037844387,0.5877852522924732,-0.8090169943749473,63.0,84.4
2019-05-27,Bihar,ER,25.78541445,87.4799727,63.0,2019,5,0,147,0,0,30.4,71,68.2,89.4,70.8,88.92857142857143,16.123555675441178,84.32113333333334,0.0,1.0,0.49999999999999994,-0.8660254037844387,0.5737722679043246,-0.8190148866680801,69.9,82.6
2019-05-28,Bihar,ER,25.78541445,87.4799727,69.9,2019,5,1,148,0,0,29.1,72,63.0,98.1,72.2,84.89999999999999,16.95179439862741,84.24446666666668,0.7818314824680298,0.6234898018587336,0.49999999999999994,-0.8660254037844387,0.5595892624101765,-0.8287700871745038,72.7,80.2
2019-05-29,Bihar,ER,25.78541445,87.4799727,72.7,2019,5,2,149,0,0,29.9,67,69.9,99.8,71.6,81.02857142857144,16.052488310301985,84.28113333333333,0.9749279121818236,-0.22252093395631434,0.49999999999999994,-0.8660254037844387,0.545240438540651,-0.8382797052177744,73.3,74.1
2019-05-30,Bihar,ER,25.78541445,87.4799727,73.3,2019,5,3,150,0,0,28.5,75,72.7,99.6,75.4,77.27142857142857,13.917101504469738,84.21113333333334,0.43388373911755823,-0.900968867902419,0.49999999999999994,-0.8660254037844387,0.5307300481619334,-0.8475409228928311,76.3,70.3
2019-05-31,Bihar,ER,25.78541445,87.4799727,76.3,2019,5,4,151,0,0,26.3,78,73.3,99.6,75.2,73.94285714285715,9.890543824424192,84.2478,-0.433883739117558,-0.9009688679024191,0.49999999999999994,-0.8660254037844387,0.5160623910158528,-0.8565509959010036,67.3,71.1
2019-06-02,Bihar,ER,25.78541445,87.4799727,67.3,2019,6,6,153,1,0,27.1,78,76.3,94.2,77.7,70.10000000000001,4.422292015082628,83.90113333333333,-0.7818314824680299,0.6234898018587334,1.2246467991473532e-16,-1.0,0.48627270710868997,-0.8738071036110808,84.4,77.9
2019-06-03,Bihar,ER,25.78541445,87.4799727,84.4,2019,6,0,154,0,0,28.4,70,67.3,68.2,76.1,72.41428571428571,6.840182398013452,84.1778,0.0,1.0,1.2246467991473532e-16,-1.0,0.4711595076738638,-0.8820480249558537,82.6,75.3
2019-06-04,Bihar,ER,25.78541445,87.4799727,82.6,2019,6,1,155,0,0,29.4,67,84.4,63.0,80.2,75.21428571428571,6.337304519385778,84.2578,0.7818314824680298,0.6234898018587336,1.2246467991473532e-16,-1.0,0.4559066935084588,-0.8900275764346767,80.2,75.8
2019-06-05,Bihar,ER,25.78541445,87.4799727,80.2,2019,6,2,156,0,1,29.8,67,82.6,69.9,98.1,76.68571428571428,6.088631091750261,83.66113333333332,0.9749279121818236,-0.22252093395631434,1.2246467991473532e-16,-1.0,0.440518784350495,-0.8977433935342337,74.1,68.7
2019-06-06,Bihar,ER,25.78541445,87.4799727,74.1,2019,6,3,157,0,0,29.5,73,80.2,72.7,98.1,76.88571428571429,5.957468302175687,82.86113333333334,0.43388373911755823,-0.900968867902419,1.2246467991473532e-16,-1.0,0.42500033996955416,-0.9051931898913974,70.3,63.7
2019-06-07,Bihar,ER,25.78541445,87.4799727,70.3,2019,6,4,158,0,0,30.6,70,74.1,73.3,89.0,76.45714285714287,6.353176933067146,82.23780000000001,-0.433883739117558,-0.9009688679024191,1.2246467991473532e-16,-1.0,0.4093559588156213,-0.9123747579707273,71.1,71.2
2019-06-08,Bihar,ER,25.78541445,87.4799727,71.1,2019,6,5,159,1,0,31.2,66,70.3,76.3,69.5,75.71428571428571,6.6706892625945535,82.29113333333333,-0.9749279121818236,-0.2225209339563146,1.2246467991473532e-16,-1.0,0.39359027665646673,-0.9192859697186104,77.9,69.0
2019-06-09,Bihar,ER,25.78541445,87.4799727,77.9,2019,6,6,160,1,0,31.3,67,71.1,67.3,70.4,77.22857142857143,5.55149057632698,82.54113333333333,-0.7818314824680299,0.6234898018587334,1.2246467991473532e-16,-1.0,0.3777079652039649,-0.9259247771938498,75.3,69.8
2019-06-10,Bihar,ER,25.78541445,87.4799727,75.3,2019,6,0,161,0,0,29.9,76,77.9,84.4,54.967,75.92857142857143,4.571183029119857,83.2189,0.0,1.0,1.2246467991473532e-16,-1.0,0.36171373072976765,-0.9322892131745133,75.8,106.2
2019-06-11,Bihar,ER,25.78541445,87.4799727,75.8,2019,6,1,162,0,0,27.2,84,75.3,82.6,54.967,74.95714285714284,3.518454747402977,83.91333333333333,0.7818314824680298,0.6234898018587336,1.2246467991473532e-16,-1.0,0.3456123126707335,-0.9383773917408641,68.7,107.3
2019-06-12,Bihar,ER,25.78541445,87.4799727,68.7,2019,6,2,163,0,0,30.0,77,75.8,80.2,104.2,73.3142857142857,3.3428673178515433,82.73,0.9749279121818236,-0.22252093395631434,1.2246467991473532e-16,-1.0,0.3294084822245304,-0.9441875088341993,63.7,105.8
2019-06-13,Bihar,ER,25.78541445,87.4799727,63.7,2019,6,3,164,0,0,31.0,75,68.7,74.1,97.4,71.82857142857144,4.8890061313500555,81.60666666666665,0.43388373911755823,-0.900968867902419,1.2246467991473532e-16,-1.0,0.3131070409358269,-0.9497178427914316,71.2,96.5
2019-06-14,Bihar,ER,25.78541445,87.4799727,71.2,2019,6,4,165,0,0,31.9,74,63.7,70.3,88.2,71.95714285714286,4.853815386839651,81.04,-0.433883739117558,-0.9009688679024191,1.2246467991473532e-16,-1.0,0.29671281927349075,-0.9549667548552551,69.0,104.7
2019-06-15,Bihar,ER,25.78541445,87.4799727,69.0,2019,6,5,166,1,0,30.8,79,71.2,71.1,90.6,71.65714285714286,4.978907893255432,80.32000000000001,-0.9749279121818236,-0.2225209339563146,1.2246467991473532e-16,-1.0,0.28023067519921585,-0.9599326896597447,69.8,102.3
2019-06-16,Bihar,ER,25.78541445,87.4799727,69.8,2019,6,6,167,1,0,31.0,76,69.0,77.9,97.1,70.5,4.160128203152358,79.41,-0.7818314824680299,0.6234898018587334,1.2246467991473532e-16,-1.0,0.26366549272800704,-0.9646141756912435,106.2,101.0
2019-06-17,Bihar,ER,25.78541445,87.4799727,106.2,2019,6,0,168,0,0,30.7,74,69.8,75.3,91.9,74.91428571428571,14.253003025260814,79.88666666666668,0.0,1.0,1.2246467991473532e-16,-1.0,0.24702218048093552,-0.9690098257244062,107.3,78.2
2019-06-18,Bihar,ER,25.78541445,87.4799727,107.3,2019,6,1,169,0,0,30.1,76,106.2,75.8,91.4,79.41428571428573,18.82015130752395,80.41666666666667,0.7818314824680298,0.6234898018587336,1.2246467991473532e-16,-1.0,0.23030567023061221,-0.9731183372332619,105.8,79.0
2019-06-19,Bihar,ER,25.78541445,87.4799727,105.8,2019,6,2,170,0,0,30.5,78,107.3,68.7,93.5,84.71428571428571,20.453070557696158,80.82666666666667,0.9749279121818236,-0.22252093395631434,1.2246467991473532e-16,-1.0,0.21352091543979612,-0.9769384927771817,96.5,81.6
2019-06-20,Bihar,ER,25.78541445,87.4799727,96.5,2019,6,3,171,0,0,29.7,82,105.8,63.7,89.4,89.39999999999999,18.50036035685082,81.06333333333333,0.43388373911755823,-0.900968867902419,1.2246467991473532e-16,-1.0,0.19667288979357647,-0.980469160361632,104.7,79.4
2019-06-21,Bihar,ER,25.78541445,87.4799727,104.7,2019,6,4,172,0,0,29.4,82,96.5,71.2,98.1,94.18571428571428,17.301775301148563,81.28333333333333,-0.433883739117558,-0.9009688679024191,1.2246467991473532e-16,-1.0,0.1797665857255624,-0.9837092937736097,102.3,79.7
2019-06-22,Bihar,ER,25.78541445,87.4799727,102.3,2019,6,5,173,1,0,28.7,84,104.7,69.0,99.8,98.94285714285715,13.34926429219472,81.36666666666666,-0.9749279121818236,-0.2225209339563146,1.2246467991473532e-16,-1.0,0.16280701293851715,-0.986657932891657,101.0,78.7
2019-06-23,Bihar,ER,25.78541445,87.4799727,101.0,2019,6,6,174,1,0,30.4,75,102.3,69.8,99.6,103.39999999999999,3.765634076753828,81.41333333333334,-0.7818314824680299,0.6234898018587334,1.2246467991473532e-16,-1.0,0.1457991969198751,-0.9893142039703663,78.2,82.8
2019-06-24,Bihar,ER,25.78541445,87.4799727,78.2,2019,6,0,175,0,0,31.4,71,101.0,106.2,99.6,99.39999999999999,10.002333061175008,80.7,0.0,1.0,1.2246467991473532e-16,-1.0,0.12874817745258132,-0.99167731989929,79.0,104.7
2019-06-25,Bihar,ER,25.78541445,87.4799727,79.0,2019,6,1,176,0,0,31.8,73,78.2,107.3,94.2,95.35714285714286,11.829462814354537,80.19333333333333,0.7818314824680298,0.6234898018587336,1.2246467991473532e-16,-1.0,0.11165900712169512,-0.993746580436178,81.6,110.7
2019-06-26,Bihar,ER,25.78541445,87.4799727,81.6,2019,6,2,177,0,0,30.6,81,79.0,105.8,68.2,91.89999999999999,11.805083650699173,80.64,0.9749279121818236,-0.22252093395631434,1.2246467991473532e-16,-1.0,0.09453674981719912,-0.9955213724144752,79.4,111.8
2019-06-27,Bihar,ER,25.78541445,87.4799727,79.4,2019,6,3,178,0,0,29.6,83,81.6,96.5,63.0,89.45714285714287,12.446399364589787,81.18666666666667,0.43388373911755823,-0.900968867902419,1.2246467991473532e-16,-1.0,0.07738647923346301,-0.9970011699250151,79.7,114.5
2019-06-28,Bihar,ER,25.78541445,87.4799727,79.7,2019,6,4,179,0,0,30.0,84,79.4,104.7,69.9,85.88571428571427,10.824729183899443,81.51333333333334,-0.433883739117558,-0.9009688679024191,1.2246467991473532e-16,-1.0,0.06021327736579302,-0.9981855344718586,78.7,110.8
2019-06-29,Bihar,ER,25.78541445,87.4799727,78.7,2019,6,5,180,1,0,29.8,81,79.7,102.3,72.7,82.51428571428572,8.222819583619893,81.71333333333334,-0.9749279121818236,-0.2225209339563146,1.2246467991473532e-16,-1.0,0.04302223300453059,-0.99907411510223,82.8,100.7
2019-06-30,Bihar,ER,25.78541445,87.4799727,82.8,2019,6,6,181,1,0,29.7,82,78.7,101.0,73.3,79.91428571428571,1.6697590359375158,82.03,-0.7818314824680299,0.6234898018587334,1.2246467991473532e-16,-1.0,0.02581844022713308,-0.9996666485105112,104.7,103.1
2019-07-01,Bihar,ER,25.78541445,87.4799727,104.7,2019,7,0,182,0,0,30.4,81,82.8,78.2,76.3,83.7,9.379054678733254,82.97666666666667,0.0,1.0,-0.4999999999999997,-0.8660254037844388,0.008606996888688698,-0.9999629591162655,110.7,75.5
2019-07-02,Bihar,ER,25.78541445,87.4799727,110.7,2019,7,1,183,0,0,30.0,76,104.7,79.0,67.3,88.22857142857143,13.48551250857939,84.42333333333333,0.7818314824680298,0.6234898018587336,-0.4999999999999997,-0.8660254037844388,-0.008606996888688009,-0.9999629591162655,111.8,68.4
2019-07-03,Bihar,ER,25.78541445,87.4799727,111.8,2019,7,2,184,0,0,30.0,74,110.7,81.6,84.4,92.54285714285713,15.665977695083786,85.33666666666666,0.9749279121818236,-0.22252093395631434,-0.4999999999999997,-0.8660254037844388,-0.02581844022713239,-0.9996666485105112,114.5,73.55
2019-07-04,Bihar,ER,25.78541445,87.4799727,114.5,2019,7,3,185,0,0,30.2,79,111.8,79.4,82.6,97.55714285714285,16.36009954562823,86.4,0.43388373911755823,-0.900968867902419,-0.4999999999999997,-0.8660254037844388,-0.04302223300453034,-0.99907411510223,110.8,71.1
2019-07-05,Bihar,ER,25.78541445,87.4799727,110.8,2019,7,4,186,0,0,29.1,85,114.5,79.7,80.2,102.0,14.856199603757231,87.42000000000002,-0.433883739117558,-0.9009688679024191,-0.4999999999999997,-0.8660254037844388,-0.060213277365792774,-0.9981855344718586,100.7,67.65
2019-07-06,Bihar,ER,25.78541445,87.4799727,100.7,2019,7,5,187,1,0,29.2,80,110.8,78.7,74.1,105.14285714285714,10.907926344767299,88.30666666666666,-0.9749279121818236,-0.2225209339563146,-0.4999999999999997,-0.8660254037844388,-0.07738647923346322,-0.9970011699250151,103.1,68.2
2019-07-07,Bihar,ER,25.78541445,87.4799727,103.1,2019,7,6,188,1,0,27.8,88,100.7,82.8,70.3,108.04285714285713,5.163931687794016,89.4,-0.7818314824680299,0.6234898018587334,-0.4999999999999997,-0.8660254037844388,-0.09453674981719933,-0.9955213724144752,75.5,68.7
2019-07-08,Bihar,ER,25.78541445,87.4799727,75.5,2019,7,0,189,0,0,27.1,91,103.1,104.7,71.1,103.87142857142858,13.453960294985947,89.54666666666667,0.0,1.0,-0.4999999999999997,-0.8660254037844388,-0.11165900712169444,-0.9937465804361781,68.4,67.6
2019-07-09,Bihar,ER,25.78541445,87.4799727,68.4,2019,7,1,190,0,0,26.5,95,75.5,110.7,77.9,97.82857142857142,18.448280343139178,89.23,0.7818314824680298,0.6234898018587336,-0.4999999999999997,-0.8660254037844388,-0.12874817745258066,-0.99167731989929,73.55,67.8
2019-07-10,Bihar,ER,25.78541445,87.4799727,73.55,2019,7,2,191,0,0,26.5,95,68.4,111.8,75.3,92.36428571428573,19.26686954086644,89.17166666666667,0.9749279121818236,-0.22252093395631434,-0.4999999999999997,-0.8660254037844388,-0.14579919691987442,-0.9893142039703664,71.1,76.7
2019-07-11,Bihar,ER,25.78541445,87.4799727,71.1,2019,7,3,192,0,0,27.6,92,73.55,114.5,75.8,86.16428571428571,17.89028400849925,89.01500000000001,0.43388373911755823,-0.900968867902419,-0.4999999999999997,-0.8660254037844388,-0.16280701293851646,-0.9866579328916572,67.65,78.3
2019-07-12,Bihar,ER,25.78541445,87.4799727,67.65,2019,7,4,193,0,0,27.9,90,71.1,110.8,68.7,80.0,15.221941400491561,88.98,-0.433883739117558,-0.9009688679024191,-0.4999999999999997,-0.8660254037844388,-0.17976658572556214,-0.9837092937736098,68.2,76.4
2019-07-13,Bihar,ER,25.78541445,87.4799727,68.2,2019,7,5,194,1,0,27.4,92,67.65,100.7,63.7,75.35714285714286,12.583733831532427,89.13000000000001,-0.9749279121818236,-0.2225209339563146,-0.4999999999999997,-0.8660254037844388,-0.19667288979357622,-0.9804691603616321,68.7,72.9
2019-07-14,Bihar,ER,25.78541445,87.4799727,68.7,2019,7,6,195,1,0,27.3,89,68.2,103.1,71.2,70.44285714285715,3.0469149112150795,89.04666666666665,-0.7818314824680299,0.6234898018587334,-0.4999999999999997,-0.8660254037844388,-0.2135209154397959,-0.9769384927771817,67.6,74.6
2019-07-15,Bihar,ER,25.78541445,87.4799727,67.6,2019,7,0,196,0,0,27.8,88,68.7,75.5,69.0,69.31428571428572,2.2095841022137397,89.0,0.0,1.0,-0.4999999999999997,-0.8660254037844388,-0.23030567023061196,-0.973118337233262,67.8,75.5
2019-07-16,Bihar,ER,25.78541445,87.4799727,67.8,2019,7,1,197,0,0,28.6,84,67.6,68.4,69.8,69.22857142857143,2.261978695532161,88.93333333333334,0.7818314824680298,0.6234898018587336,-0.4999999999999997,-0.8660254037844388,-0.24702218048093527,-0.9690098257244063,76.7,77.1
2019-07-17,Bihar,ER,25.78541445,87.4799727,76.7,2019,7,2,198,0,0,29.5,83,67.8,73.55,106.2,69.67857142857143,3.3273935173107487,87.95,0.9749279121818236,-0.22252093395631434,-0.4999999999999997,-0.8660254037844388,-0.2636654927280072,-0.9646141756912435,78.3,70.0
2019-07-18,Bihar,ER,25.78541445,87.4799727,78.3,2019,7,3,199,0,0,29.6,84,76.7,71.1,107.3,70.70714285714286,4.678535078011592,86.98333333333333,0.43388373911755823,-0.900968867902419,-0.4999999999999997,-0.8660254037844388,-0.2802306751992161,-0.9599326896597445,76.4,68.5
2019-07-19,Bihar,ER,25.78541445,87.4799727,76.4,2019,7,4,200,0,0,29.2,86,78.3,67.65,105.8,71.95714285714287,4.889736578745206,86.00333333333333,-0.433883739117558,-0.9009688679024191,-0.4999999999999997,-0.8660254037844388,-0.2967128192734901,-0.9549667548552553,72.9,69.4
2019-07-20,Bihar,ER,25.78541445,87.4799727,72.9,2019,7,5,201,1,0,29.6,84,76.4,68.2,96.5,72.62857142857142,4.6020699276567925,85.21666666666667,-0.9749279121818236,-0.2225209339563146,-0.4999999999999997,-0.8660254037844388,-0.3131070409358267,-0.9497178427914317,74.6,71.1
2019-07-21,Bihar,ER,25.78541445,87.4799727,74.6,2019,7,6,202,1,0,30.2,83,72.9,68.7,104.7,73.47142857142856,4.292518408313475,84.21333333333334,-0.7818314824680299,0.6234898018587334,-0.4999999999999997,-0.8660254037844388,-0.3294084822245302,-0.9441875088341994,75.5,73.0
2019-07-22,Bihar,ER,25.78541445,87.4799727,75.5,2019,7,0,203,0,0,29.7,86,74.6,67.6,102.3,74.60000000000001,3.4467375879222746,83.32,0.0,1.0,-0.4999999999999997,-0.8660254037844388,-0.3456123126707333,-0.9383773917408642,77.1,70.6
2019-07-23,Bihar,ER,25.78541445,87.4799727,77.1,2019,7,1,204,0,0,28.6,90,75.5,67.8,101.0,75.92857142857143,1.776433023142481,82.52333333333333,0.7818314824680298,0.6234898018587336,-0.4999999999999997,-0.8660254037844388,-0.3617137307297674,-0.9322892131745134,70.0,73.1
2019-07-24,Bihar,ER,25.78541445,87.4799727,70.0,2019,7,2,205,0,0,27.7,92,77.1,76.7,78.2,74.97142857142856,2.8010202222959215,82.25,0.9749279121818236,-0.22252093395631434,-0.4999999999999997,-0.8660254037844388,-0.37770796520396466,-0.9259247771938499,68.5,108.7
2019-07-25,Bihar,ER,25.78541445,87.4799727,68.5,2019,7,3,206,0,0,27.4,89,70.0,78.3,79.0,73.57142857142857,3.269920633956846,81.9,0.43388373911755823,-0.900968867902419,-0.4999999999999997,-0.8660254037844388,-0.39359027665646645,-0.9192859697186105,69.4,106.4
2019-07-26,Bihar,ER,25.78541445,87.4799727,69.4,2019,7,4,207,0,0,28.3,87,68.5,76.4,81.6,72.57142857142857,3.3305226245104977,81.49333333333334,-0.433883739117558,-0.9009688679024191,-0.4999999999999997,-0.8660254037844388,-0.4093559588156211,-0.9123747579707274,71.1,106.7
2019-07-27,Bihar,ER,25.78541445,87.4799727,71.1,2019,7,5,208,1,0,28.4,83,69.4,72.9,79.4,72.31428571428572,3.3701773303626728,81.21666666666667,-0.9749279121818236,-0.2225209339563146,-0.4999999999999997,-0.8660254037844388,-0.42500033996955394,-0.9051931898913975,73.0,108.4
2019-07-28,Bihar,ER,25.78541445,87.4799727,73.0,2019,7,6,209,1,0,29.2,76,71.1,74.6,79.7,72.08571428571429,3.241105043770881,80.99333333333333,-0.7818314824680299,0.6234898018587334,-0.4999999999999997,-0.8660254037844388,-0.4405187843504952,-0.8977433935342336,70.6,109.2
2019-07-29,Bihar,ER,25.78541445,87.4799727,70.6,2019,7,0,210,0,0,29.3,75,73.0,75.5,78.7,71.38571428571429,2.8910370523551028,80.72333333333333,0.0,1.0,-0.4999999999999997,-0.8660254037844388,-0.455906693508459,-0.8900275764346766,73.1,80.4
2019-07-30,Bihar,ER,25.78541445,87.4799727,73.1,2019,7,1,211,0,0,29.1,81,70.6,77.1,82.8,70.81428571428572,1.739184264175741,80.4,0.7818314824680298,0.6234898018587336,-0.4999999999999997,-0.8660254037844388,-0.47115950767386394,-0.8820480249558535,108.7,97.7
2019-07-31,Bihar,ER,25.78541445,87.4799727,108.7,2019,7,2,212,0,0,28.7,84,73.1,70.0,104.7,76.34285714285714,14.369279400032122,80.53333333333333,0.9749279121818236,-0.22252093395631434,-0.4999999999999997,-0.8660254037844388,-0.4862727071086902,-0.8738071036110807,106.4,101.6
2019-08-01,Bihar,ER,25.78541445,87.4799727,106.4,2019,8,3,213,0,0,28.2,86,108.7,68.5,110.7,81.75714285714285,17.68038999785327,80.39000000000001,0.43388373911755823,-0.900968867902419,-0.8660254037844385,-0.5000000000000004,-0.5012418134457756,-0.8653072543632061,106.7,105.9
2019-08-02,Bihar,ER,25.78541445,87.4799727,106.7,2019,8,4,214,0,0,28.9,85,106.4,69.4,111.8,87.08571428571429,18.91326065413974,80.22,-0.433883739117558,-0.9009688679024191,-0.8660254037844385,-0.5000000000000004,-0.5160623910158526,-0.8565509959010037,108.4,102.2
2019-08-03,Bihar,ER,25.78541445,87.4799727,108.4,2019,8,5,215,1,0,29.4,84,106.7,71.1,114.5,92.41428571428571,18.9132606541398,80.01666666666667,-0.9749279121818236,-0.2225209339563146,-0.8660254037844385,-0.5000000000000004,-0.5307300481619331,-0.8475409228928312,109.2,93.3
2019-08-04,Bihar,ER,25.78541445,87.4799727,109.2,2019,8,6,216,1,0,29.9,82,108.4,73.0,110.8,97.58571428571429,17.62530648163132,79.96333333333332,-0.7818314824680299,0.6234898018587334,-0.8660254037844385,-0.5000000000000004,-0.5452404385406507,-0.8382797052177745,80.4,81.6
2019-08-05,Bihar,ER,25.78541445,87.4799727,80.4,2019,8,0,217,0,0,29.8,83,109.2,70.6,100.7,98.98571428571428,15.369388251914978,79.28666666666666,0.0,1.0,-0.8660254037844385,-0.5000000000000004,-0.5595892624101763,-0.828770087174504,97.7,92.5
2019-08-06,Bihar,ER,25.78541445,87.4799727,97.7,2019,8,1,218,0,0,30.9,83,80.4,73.1,103.1,102.5,10.507457669040367,79.10666666666667,0.7818314824680298,0.6234898018587336,-0.8660254037844385,-0.5000000000000004,-0.5737722679043243,-0.8190148866680802,101.6,98.6
2019-08-08,Bihar,ER,25.78541445,87.4799727,101.6,2019,8,3,220,0,0,27.9,82,97.7,108.7,75.5,101.4857142857143,10.14567700573845,79.97666666666667,0.43388373911755823,-0.900968867902419,-0.8660254037844385,-0.5000000000000004,-0.6016240632249227,-0.7987793728863648,105.9,75.3
2019-08-09,Bihar,ER,25.78541445,87.4799727,105.9,2019,8,4,221,0,0,28.2,87,101.6,106.4,68.4,101.41428571428573,10.106998989385355,81.22666666666667,-0.433883739117558,-0.9009688679024191,-0.8660254037844385,-0.5000000000000004,-0.6152845999633277,-0.7883050558305253,102.2,74.8
2019-08-10,Bihar,ER,25.78541445,87.4799727,102.2,2019,8,5,222,1,0,29.4,84,105.9,106.7,73.55,100.77142857142857,9.854730553684456,82.18166666666666,-0.9749279121818236,-0.2225209339563146,-0.8660254037844385,-0.5000000000000004,-0.6287628145958345,-0.7775971469736268,93.3,76.1
2019-08-11,Bihar,ER,25.78541445,87.4799727,93.3,2019,8,6,223,1,0,29.3,88,102.2,108.4,71.1,98.61428571428573,9.55465481173627,82.92166666666667,-0.7818314824680299,0.6234898018587334,-0.8660254037844385,-0.5000000000000004,-0.6420547132365636,-0.7666588193001592,81.6,76.5
2019-08-12,Bihar,ER,25.78541445,87.4799727,81.6,2019,8,0,224,0,1,30.3,83,93.3,109.2,67.65,94.67142857142858,10.135369469620667,83.38666666666667,0.0,1.0,-0.8660254037844385,-0.5000000000000004,-0.655156357209085,-0.7554933140726804,92.5,76.2
2019-08-13,Bihar,ER,25.78541445,87.4799727,92.5,2019,8,1,225,0,0,28.6,84,81.6,80.4,68.2,96.39999999999999,8.12896057316096,84.19666666666667,0.7818314824680298,0.6234898018587336,-0.8660254037844385,-0.5000000000000004,-0.6680638642135333,-0.7441039398713608,98.6,64.0
2019-08-14,Bihar,ER,25.78541445,87.4799727,98.6,2019,8,2,226,0,0,27.4,89,92.5,97.7,68.7,96.52857142857142,8.160007002798448,85.19333333333334,0.9749279121818236,-0.22252093395631434,-0.8660254037844385,-0.5000000000000004,-0.6807734094770159,-0.7324940716135792,75.3,70.2
2019-08-15,Bihar,ER,25.78541445,87.4799727,75.3,2019,8,3,227,0,1,28.0,88,98.6,101.6,67.6,92.77142857142857,10.99722908823178,85.45,0.43388373911755823,-0.900968867902419,-0.8660254037844385,-0.5000000000000004,-0.6932812268869771,-0.7206671495538615,74.8,64.1
2019-08-16,Bihar,ER,25.78541445,87.4799727,74.8,2019,8,4,228,0,0,27.9,90,75.3,105.9,67.8,88.32857142857142,11.091094668804443,85.68333333333334,-0.433883739117558,-0.9009688679024191,-0.8660254037844385,-0.5000000000000004,-0.7055836101071774,-0.70862667826446,76.1,65.4
2019-08-17,Bihar,ER,25.78541445,87.4799727,76.1,2019,8,5,229,1,0,28.0,90,74.8,102.2,76.7,84.60000000000001,9.982317700146908,85.66333333333333,-0.9749279121818236,-0.2225209339563146,-0.8660254037844385,-0.5000000000000004,-0.7176769136759615,-0.6963762255968726,76.5,71.0
2019-08-18,Bihar,ER,25.78541445,87.4799727,76.5,2019,8,6,230,1,0,28.7,84,76.1,93.3,78.3,82.2,9.552312111037052,85.60333333333332,-0.7818314824680299,0.6234898018587334,-0.8660254037844385,-0.5000000000000004,-0.7295575540864876,-0.6839194216246105,76.2,67.3
2019-08-19,Bihar,ER,25.78541445,87.4799727,76.2,2019,8,0,231,0,0,28.7,82,76.5,81.6,76.4,81.42857142857143,9.8230535452261,85.59666666666666,0.0,1.0,-0.8660254037844385,-0.5000000000000004,-0.7412220108485957,-0.6712599575675315,64.0,71.7
2019-08-20,Bihar,ER,25.78541445,87.4799727,64.0,2019,8,1,232,0,0,29.1,84,76.2,92.5,72.9,77.35714285714286,10.360961529197954,85.3,0.7818314824680298,0.6234898018587336,-0.8660254037844385,-0.5000000000000004,-0.7526668275320083,-0.6584015846980489,70.2,71.5
2019-08-21,Bihar,ER,25.78541445,87.4799727,70.2,2019,8,2,233,0,0,29.6,84,64.0,98.6,74.6,73.29999999999998,4.633932814934602,85.15333333333334,0.9749279121818236,-0.22252093395631434,-0.8660254037844385,-0.5000000000000004,-0.7638886127905429,-0.64534811322955,64.1,73.4
2019-08-22,Bihar,ER,25.78541445,87.4799727,64.1,2019,8,3,234,0,0,29.8,84,70.2,75.3,75.5,71.7,5.650368719531523,84.77333333333333,0.43388373911755823,-0.900968867902419,-0.8660254037844385,-0.5000000000000004,-0.7748840413670406,-0.6321034111873488,65.4,108.4
2019-08-23,Bihar,ER,25.78541445,87.4799727,65.4,2019,8,4,235,0,0,28.6,88,64.1,74.8,77.1,70.35714285714286,5.902219114552038,84.38333333333334,-0.433883739117558,-0.9009688679024191,-0.8660254037844385,-0.5000000000000004,-0.7856498550787144,-0.6186714032625032,71.0,93.4
2019-08-24,Bihar,ER,25.78541445,87.4799727,71.0,2019,8,5,236,1,1,27.8,87,65.4,76.1,70.0,69.62857142857142,5.365542621118598,84.41666666666667,-0.9749279121818236,-0.2225209339563146,-0.8660254037844385,-0.5000000000000004,-0.7961828637826154,-0.6050560696488494,67.3,79.2
2019-08-25,Bihar,ER,25.78541445,87.4799727,67.3,2019,8,6,237,1,0,28.5,82,71.0,76.5,68.5,68.31428571428572,4.450628634034435,84.37666666666668,-0.7818314824680299,0.6234898018587334,-0.8660254037844385,-0.5000000000000004,-0.8064799463209447,-0.5912614448635782,71.7,96.1
2019-08-26,Bihar,ER,25.78541445,87.4799727,71.7,2019,8,0,238,0,0,29.7,78,67.3,76.2,69.4,67.67142857142856,3.297329366680346,84.45333333333333,0.0,1.0,-0.8660254037844385,-0.5000000000000004,-0.8165380514459157,-0.5772916165517278,71.5,104.5
2019-08-27,Bihar,ER,25.78541445,87.4799727,71.5,2019,8,1,239,0,0,29.7,79,71.7,64.0,71.1,68.74285714285715,3.1192184613322596,84.46666666666667,0.7818314824680298,0.6234898018587336,-0.8660254037844385,-0.5000000000000004,-0.8263541987239094,-0.5631507242749187,73.4,98.8
2019-08-28,Bihar,ER,25.78541445,87.4799727,73.4,2019,8,2,240,0,0,30.3,78,71.5,70.2,73.0,69.2,3.5702474237311725,84.48,0.9749279121818236,-0.22252093395631434,-0.8660254037844385,-0.5000000000000004,-0.8359254794186365,-0.5488429582847199,108.4,93.1
2019-08-29,Bihar,ER,25.78541445,87.4799727,108.4,2019,8,3,241,0,0,29.0,87,73.4,64.1,70.6,75.52857142857144,14.757790517295481,85.74000000000001,0.43388373911755823,-0.900968867902419,-0.8660254037844385,-0.5000000000000004,-0.8452490573530634,-0.5343725582809785,93.4,71.7
2019-08-30,Bihar,ER,25.78541445,87.4799727,93.4,2019,8,4,242,0,0,30.0,82,108.4,65.4,73.1,79.52857142857144,15.338156591293657,86.41666666666669,-0.433883739117558,-0.9009688679024191,-0.8660254037844385,-0.5000000000000004,-0.8543221697498269,-0.5197438121555157,79.2,72.0
2019-08-31,Bihar,ER,25.78541445,87.4799727,79.2,2019,8,5,243,1,0,28.6,88,93.4,71.0,108.7,80.7,14.884667726668653,85.43333333333334,-0.9749279121818236,-0.2225209339563146,-0.8660254037844385,-0.5000000000000004,-0.8631421280499115,-0.5049610547215202,96.1,73.4
2019-09-01,Bihar,ER,25.78541445,87.4799727,96.1,2019,9,6,244,1,0,29.9,80,79.2,67.3,106.4,84.81428571428572,14.539764850394311,85.08999999999999,-0.7818314824680299,0.6234898018587334,-1.0,-1.8369701987210297e-16,-0.8717063187093217,-0.4900286664290594,104.5,74.1
2019-09-02,Bihar,ER,25.78541445,87.4799727,104.5,2019,9,0,245,0,0,30.1,83,96.1,71.7,106.7,89.5,14.890041414762273,85.01666666666667,0.0,1.0,-1.0,-1.8369701987210297e-16,-0.8800122039735356,-0.4749510720670502,98.8,75.2
2019-09-03,Bihar,ER,25.78541445,87.4799727,98.8,2019,9,1,246,0,0,28.8,86,104.5,71.5,108.4,93.39999999999999,12.82120639149599,84.69666666666667,0.7818314824680298,0.6234898018587336,-1.0,-1.8369701987210297e-16,-0.888057322629493,-0.4597327394521046,93.1,68.6
2019-09-04,Bihar,ER,25.78541445,87.4799727,93.1,2019,9,2,247,0,0,28.9,82,98.8,73.4,109.2,96.21428571428571,9.406988283793826,84.16000000000001,0.9749279121818236,-0.22252093395631434,-1.0,-1.8369701987210297e-16,-0.8958392907349089,-0.4443781781046134,71.7,89.3
2019-09-05,Bihar,ER,25.78541445,87.4799727,71.7,2019,9,3,248,0,0,29.5,80,93.1,108.4,80.4,90.97142857142856,11.481828293106636,83.86999999999999,0.43388373911755823,-0.900968867902419,-1.0,-1.8369701987210297e-16,-0.9033558023246842,-0.4288919379124841,72.0,95.7
2019-09-06,Bihar,ER,25.78541445,87.4799727,72.0,2019,9,4,249,0,0,29.3,81,71.7,93.4,97.7,87.91428571428571,13.41385211531088,83.01333333333332,-0.433883739117558,-0.9009688679024191,-1.0,-1.8369701987210297e-16,-0.9106046300942162,-0.41327860778290443,73.4,97.7
2019-09-08,Bihar,ER,25.78541445,87.4799727,73.4,2019,9,6,251,1,0,28.5,85,72.0,79.2,101.6,87.08571428571429,14.198054863422774,82.07333333333332,-0.7818314824680299,0.6234898018587334,-1.0,-1.8369701987210297e-16,-0.9242907221930934,-0.3816892202666586,74.1,104.5
2019-09-09,Bihar,ER,25.78541445,87.4799727,74.1,2019,9,0,252,0,0,28.3,88,73.4,96.1,105.9,83.94285714285714,14.304644600368679,81.01333333333332,0.0,1.0,-1.0,-1.8369701987210297e-16,-0.9307239310379793,-0.3657225234972692,75.2,106.1
2019-09-10,Bihar,ER,25.78541445,87.4799727,75.2,2019,9,1,253,0,1,28.4,88,74.1,104.5,102.2,79.75714285714285,11.246756146085922,80.11333333333333,0.7818314824680298,0.6234898018587336,-1.0,-1.8369701987210297e-16,-0.9368813462954315,-0.34964745525122826,68.6,105.8
2019-09-11,Bihar,ER,25.78541445,87.4799727,68.6,2019,9,2,254,0,0,28.4,89,75.2,98.8,93.3,75.44285714285715,8.067394693632684,79.28999999999999,0.9749279121818236,-0.22252093395631434,-1.0,-1.8369701987210297e-16,-0.9427611433904206,-0.33346877891818705,89.3,109.9
2019-09-12,Bihar,ER,25.78541445,87.4799727,89.3,2019,9,3,255,0,0,27.3,90,68.6,93.1,81.6,74.89999999999999,6.6917860097283,79.54666666666667,0.43388373911755823,-0.900968867902419,-1.0,-1.8369701987210297e-16,-0.9483615800121716,-0.31719128858910595,95.7,92.8
2019-09-13,Bihar,ER,25.78541445,87.4799727,95.7,2019,9,4,256,0,0,27.0,90,89.3,71.7,92.5,78.32857142857142,10.073019124657282,79.65333333333334,-0.433883739117558,-0.9009688679024191,-1.0,-1.8369701987210297e-16,-0.9536809966304455,-0.300819807635668,97.7,88.5
2019-09-14,Bihar,ER,25.78541445,87.4799727,97.7,2019,9,5,257,1,0,27.4,91,95.7,72.0,98.6,82.0,11.899859943153341,79.62333333333332,-0.9749279121818236,-0.2225209339563146,-1.0,-1.8369701987210297e-16,-0.9587178169872964,-0.2843591872810036,104.5,69.1
2019-09-15,Bihar,ER,25.78541445,87.4799727,104.5,2019,9,6,258,1,0,27.7,90,97.7,73.4,75.3,86.44285714285715,13.80674438367682,80.59666666666665,-0.7818314824680299,0.6234898018587334,-1.0,-1.8369701987210297e-16,-0.9634705485641486,-0.26781430516217486,106.1,81.1
2019-09-16,Bihar,ER,25.78541445,87.4799727,106.1,2019,9,0,259,0,0,27.4,90,104.5,74.1,74.8,91.01428571428572,14.326714972552676,81.64000000000001,0.0,1.0,-1.0,-1.8369701987210297e-16,-0.9679377830240642,-0.25119006388481957,105.8,86.6
2019-09-17,Bihar,ER,25.78541445,87.4799727,105.8,2019,9,1,260,0,0,27.0,91,106.1,75.2,76.1,95.38571428571429,13.330970028650096,82.63000000000001,0.7818314824680298,0.6234898018587336,-1.0,-1.8369701987210297e-16,-0.9721181966290612,-0.23449138957041052,109.9,89.8
2019-09-18,Bihar,ER,25.78541445,87.4799727,109.9,2019,9,2,261,0,0,27.0,89,105.8,68.6,76.5,101.28571428571429,7.254981867983545,83.74333333333334,0.9749279121818236,-0.22252093395631434,-1.0,-1.8369701987210297e-16,-0.9760105506323682,-0.21772323039653224,92.8,92.3
2019-09-19,Bihar,ER,25.78541445,87.4799727,92.8,2019,9,3,262,0,0,28.5,84,109.9,89.3,76.2,101.78571428571429,6.356211809831145,84.29666666666667,0.43388373911755823,-0.900968867902419,-1.0,-1.8369701987210297e-16,-0.9796136916454901,-0.20089055513063528,88.5,92.9
2019-09-20,Bihar,ER,25.78541445,87.4799727,88.5,2019,9,4,263,0,0,28.7,84,92.8,95.7,64.0,100.75714285714287,7.900180829757318,85.11333333333333,-0.433883739117558,-0.9009688679024191,-1.0,-1.8369701987210297e-16,-0.9829265519799822,-0.18399835165767986,69.1,92.2
2019-09-21,Bihar,ER,25.78541445,87.4799727,69.1,2019,9,5,264,1,0,27.9,87,88.5,97.7,70.2,96.67142857142856,14.43637931127655,85.07666666666667,-0.9749279121818236,-0.2225209339563146,-1.0,-1.8369701987210297e-16,-0.9859481499638303,-0.1670516255021195,81.1,93.3
2019-09-22,Bihar,ER,25.78541445,87.4799727,81.1,2019,9,6,265,1,0,27.5,88,69.1,104.5,64.1,93.32857142857142,15.018956275955128,85.64333333333335,-0.7818314824680299,0.6234898018587334,-1.0,-1.8369701987210297e-16,-0.9886775902323404,-0.15005539834465262,86.6,95.0
2019-09-23,Bihar,ER,25.78541445,87.4799727,86.6,2019,9,0,266,0,0,26.9,89,81.1,106.1,65.4,90.54285714285713,14.031257622757606,86.35,0.0,1.0,-1.0,-1.8369701987210297e-16,-0.9911140639934546,-0.13301470653419636,89.8,95.5
2019-09-24,Bihar,ER,25.78541445,87.4799727,89.8,2019,9,1,267,0,0,26.1,89,86.6,105.8,71.0,88.25714285714285,12.3319175506566,86.97666666666667,0.7818314824680298,0.6234898018587336,-1.0,-1.8369701987210297e-16,-0.9932568492674143,-0.11593459959550066,92.3,88.1
2019-09-25,Bihar,ER,25.78541445,87.4799727,92.3,2019,9,2,268,0,0,24.6,94,89.8,109.9,67.3,85.74285714285715,8.328036411795464,87.80999999999999,0.9749279121818236,-0.22252093395631434,-1.0,-1.8369701987210297e-16,-0.9951053111006974,-0.09882013873287211,92.9,83.8
2019-09-26,Bihar,ER,25.78541445,87.4799727,92.9,2019,9,3,269,0,0,25.7,89,92.3,92.8,71.7,85.75714285714285,8.342233342628205,88.51666666666667,0.43388373911755823,-0.900968867902419,-1.0,-1.8369701987210297e-16,-0.99665890175417,-0.08167639533042288,92.2,76.7
2019-09-27,Bihar,ER,25.78541445,87.4799727,92.2,2019,9,4,270,0,0,24.7,94,92.9,88.5,71.5,86.28571428571429,8.65629415924791,89.20666666666666,-0.433883739117558,-0.9009688679024191,-1.0,-1.8369701987210297e-16,-0.9979171608653922,-0.06450844944931625,93.3,74.5
2019-09-28,Bihar,ER,25.78541445,87.4799727,93.3,2019,9,5,271,1,0,23.8,95,92.2,69.1,73.4,89.74285714285713,4.467981327496753,89.86999999999999,-0.9749279121818236,-0.2225209339563146,-1.0,-1.8369701987210297e-16,-0.9988797155850335,-0.04732138832243232,95.0,73.9
2019-09-29,Bihar,ER,25.78541445,87.4799727,95.0,2019,9,6,272,1,0,23.1,95,93.3,81.1,108.4,91.72857142857141,2.742088185863295,89.42333333333333,-0.7818314824680299,0.6234898018587334,-1.0,-1.8369701987210297e-16,-0.9995462806873573,-0.03012030484690836,95.5,75.3
2019-09-30,Bihar,ER,25.78541445,87.4799727,95.5,2019,9,0,273,0,0,23.1,95,95.0,86.6,93.4,93.0,1.9026297590451005,89.49333333333333,0.0,1.0,-1.0,-1.8369701987210297e-16,-0.9999166586547379,-0.012910296075008843,88.1,76.7
2019-10-01,Bihar,ER,25.78541445,87.4799727,88.1,2019,10,1,274,0,0,24.9,88,95.5,89.8,79.2,92.75714285714285,2.417889674115505,89.78999999999999,0.7818314824680298,0.6234898018587336,-0.8660254037844386,0.5000000000000001,-0.9999907397361901,0.004303538296243821,83.8,75.1
2019-10-02,Bihar,ER,25.78541445,87.4799727,83.8,2019,10,2,275,0,1,26.1,87,88.1,92.3,96.1,91.54285714285713,4.178858354007766,89.38000000000001,0.9749279121818236,-0.22252093395631434,-0.8660254037844386,0.5000000000000001,-0.9997685019798909,0.021516097436222233,76.7,76.2
2019-10-03,Bihar,ER,25.78541445,87.4799727,76.7,2019,10,3,276,0,0,26.9,86,83.8,92.9,104.5,89.22857142857143,6.901138622409824,88.45333333333333,0.43388373911755823,-0.900968867902419,-0.8660254037844386,0.5000000000000001,-0.9992500112396835,0.03872228089217399,74.5,104.2
2019-10-04,Bihar,ER,25.78541445,87.4799727,74.5,2019,10,4,277,0,0,26.6,89,76.7,92.2,98.8,86.7,8.651589449344037,87.64333333333333,-0.433883739117558,-0.9009688679024191,-0.8660254037844386,0.5000000000000001,-0.9984354211555643,0.05591699010060302,73.9,100.3
2019-10-05,Bihar,ER,25.78541445,87.4799727,73.9,2019,10,5,278,1,0,26.2,90,74.5,93.3,93.1,83.92857142857143,9.270151794103155,87.00333333333333,-0.9749279121818236,-0.2225209339563146,-0.8660254037844386,0.5000000000000001,-0.9973249731081555,0.07309512989807776,75.3,100.2
2019-10-06,Bihar,ER,25.78541445,87.4799727,75.3,2019,10,6,279,1,0,26.5,88,73.9,95.0,71.7,81.11428571428571,8.287023706057573,87.12333333333335,-0.7818314824680299,0.6234898018587334,-0.8660254037844386,0.5000000000000001,-0.9959189961471792,0.0902516100310407,76.7,99.5
2019-10-08,Bihar,ER,25.78541445,87.4799727,76.7,2019,10,1,281,0,1,25.4,91,75.3,95.5,72.0,78.42857142857143,5.386623644335217,87.28,0.7818314824680298,0.6234898018587336,-0.8660254037844386,0.5000000000000001,-0.9922222094179324,0.12447926388678869,75.1,103.1
2019-10-09,Bihar,ER,25.78541445,87.4799727,75.1,2019,10,2,282,0,0,25.1,89,76.7,88.1,73.4,76.57142857142857,3.3539599906742565,87.33666666666666,0.9749279121818236,-0.22252093395631434,-0.8660254037844386,0.5000000000000001,-0.989932495087353,0.141540295217043,76.2,103.6
2019-10-10,Bihar,ER,25.78541445,87.4799727,76.2,2019,10,3,283,0,0,25.7,87,75.1,83.8,74.1,75.48571428571428,1.0899978156357673,87.40666666666668,0.43388373911755823,-0.900968867902419,-0.8660254037844386,0.5000000000000001,-0.9873494423939864,0.15855938510313475,104.2,106.3
2019-10-11,Bihar,ER,25.78541445,87.4799727,104.2,2019,10,4,284,0,0,26.0,87,76.2,76.7,75.2,79.41428571428571,10.970631791504054,88.37333333333332,-0.433883739117558,-0.9009688679024191,-0.8660254037844386,0.5000000000000001,-0.9844738167520923,0.17553149042142777,100.3,83.8
2019-10-12,Bihar,ER,25.78541445,87.4799727,100.3,2019,10,5,285,1,0,26.1,86,104.2,74.5,68.6,83.10000000000001,13.159913880163986,89.43,-0.9749279121818236,-0.2225209339563146,-0.8660254037844386,0.5000000000000001,-0.9813064702716093,0.19245158197082995,100.2,82.5
2019-10-13,Bihar,ER,25.78541445,87.4799727,100.2,2019,10,6,286,1,0,25.4,80,100.3,73.9,89.3,86.85714285714286,13.832673535613372,89.79333333333332,-0.7818314824680299,0.6234898018587334,-0.8660254037844386,0.5000000000000001,-0.9778483415056567,0.20931464596304888,99.5,80.7
2019-10-14,Bihar,ER,25.78541445,87.4799727,99.5,2019,10,0,287,0,0,25.4,79,100.2,75.3,95.7,90.31428571428572,13.482510717151255,89.92,0.0,1.0,-0.8660254037844386,0.5000000000000001,-0.9741004551724206,0.22611568550828803,103.1,77.1
2019-10-15,Bihar,ER,25.78541445,87.4799727,103.1,2019,10,1,288,0,0,25.6,79,99.5,76.7,97.7,94.08571428571429,12.709763775857535,90.1,0.7818314824680298,0.6234898018587336,-0.8660254037844386,0.5000000000000001,-0.970063921851507,0.2428497220959358,103.6,74.2
2019-10-16,Bihar,ER,25.78541445,87.4799727,103.6,2019,10,2,289,0,0,25.8,85,103.1,75.1,104.5,98.15714285714284,9.859489023754277,90.07,0.9749279121818236,-0.22252093395631434,-0.8660254037844386,0.5000000000000001,-0.965739937654855,0.25951179706979943,106.3,73.0
2019-10-17,Bihar,ER,25.78541445,87.4799727,106.3,2019,10,3,290,0,0,26.6,83,103.6,76.2,106.1,102.45714285714287,2.5171790711429316,90.07666666666665,0.43388373911755823,-0.900968867902419,-0.8660254037844386,0.5000000000000001,-0.9611297838723007,0.27609697309746883,83.8,75.0
2019-10-18,Bihar,ER,25.78541445,87.4799727,83.8,2019,10,4,291,0,0,26.6,80,106.3,104.2,105.8,99.54285714285713,7.344126256825823,89.34333333333333,-0.433883739117558,-0.9009688679024191,-0.8660254037844386,0.5000000000000001,-0.9562348265919058,0.2926003356333479,82.5,110.7
2019-10-19,Bihar,ER,25.78541445,87.4799727,82.5,2019,10,5,292,1,0,26.8,79,83.8,100.3,109.9,97.0,9.731735028589368,88.43,-0.9749279121818236,-0.2225209339563146,-0.8660254037844386,0.5000000000000001,-0.9510565162951536,0.30901699437494723,80.7,96.5
2019-10-20,Bihar,ER,25.78541445,87.4799727,80.7,2019,10,6,293,1,0,26.3,87,82.5,100.2,92.8,94.21428571428571,11.323784492743597,88.02666666666666,-0.7818314824680299,0.6234898018587334,-0.8660254037844386,0.5000000000000001,-0.9455963874271428,0.3253420847119795,77.1,99.9
2019-10-21,Bihar,ER,25.78541445,87.4799727,77.1,2019,10,0,294,0,0,25.9,83,80.7,99.5,88.5,91.0142857142857,12.666547618488314,87.64666666666666,0.0,1.0,-0.8660254037844386,0.5000000000000001,-0.9398560579418953,0.341570769167856,74.2,104.7
2019-10-22,Bihar,ER,25.78541445,87.4799727,74.2,2019,10,1,295,0,0,25.4,80,77.1,103.1,69.1,86.88571428571427,12.78011848816081,87.81666666666666,0.7818314824680298,0.6234898018587336,-0.8660254037844386,0.5000000000000001,-0.9338372288229252,0.35769823883312546,73.0,108.1
2019-10-23,Bihar,ER,25.78541445,87.4799727,73.0,2019,10,2,296,0,0,24.3,82,74.2,103.6,81.1,82.51428571428572,11.252174393041884,87.54666666666667,0.9749279121818236,-0.22252093395631434,-0.8660254037844386,0.5000000000000001,-0.9275416835791965,0.3737197147904692,75.0,107.8
2019-10-24,Bihar,ER,25.78541445,87.4799727,75.0,2019,10,3,297,0,0,23.3,84,73.0,106.3,86.6,78.04285714285716,4.2898551424090945,87.16000000000001,0.43388373911755823,-0.900968867902419,-0.8660254037844386,0.5000000000000001,-0.9209712877166347,0.38963044953078774,110.7,104.9
2019-10-25,Bihar,ER,25.78541445,87.4799727,110.7,2019,10,4,298,0,0,20.6,89,75.0,83.8,89.8,81.88571428571429,13.168071052287571,87.85666666666665,-0.433883739117558,-0.9009688679024191,-0.8660254037844386,0.5000000000000001,-0.9141279881853337,0.4054257283599973,96.5,82.8
2019-10-26,Bihar,ER,25.78541445,87.4799727,96.5,2019,10,5,299,1,0,22.5,78,110.7,82.5,92.3,83.88571428571429,14.29212237229872,87.99666666666667,-0.9749279121818236,-0.2225209339563146,-0.8660254037844386,0.5000000000000001,-0.9070138128026362,0.42110087079608916,99.9,88.8
2019-10-27,Bihar,ER,25.78541445,87.4799727,99.9,2019,10,6,300,1,1,23.3,82,96.5,80.7,92.9,86.62857142857142,15.379825994433384,88.23,-0.7818314824680299,0.6234898018587334,-0.8660254037844386,0.5000000000000001,-0.8996308696522434,0.4366512319560638,104.7,91.6
2019-10-28,Bihar,ER,25.78541445,87.4799727,104.7,2019,10,0,301,0,0,23.5,84,99.9,77.1,92.2,90.57142857142857,16.05300743222437,88.64666666666666,0.0,1.0,-0.8660254037844386,0.5000000000000001,-0.8919813464595487,0.45207220393230374,108.1,70.3
2019-10-29,Bihar,ER,25.78541445,87.4799727,108.1,2019,10,1,302,0,0,23.7,78,104.7,74.2,93.3,95.41428571428571,15.390736236605692,89.14,0.7818314824680298,0.6234898018587336,-0.8660254037844386,0.5000000000000001,-0.8840675099433637,0.46735921715800205,107.8,82.7
2019-10-30,Bihar,ER,25.78541445,87.4799727,107.8,2019,10,2,303,0,0,24.0,78,108.1,73.0,95.0,100.38571428571429,12.242334822441757,89.56666666666666,0.9749279121818236,-0.22252093395631434,-0.8660254037844386,0.5000000000000001,-0.8758917051442433,0.48250774176121763,104.9,82.9
2019-10-31,Bihar,ER,25.78541445,87.4799727,104.9,2019,10,3,304,0,0,24.7,79,107.8,75.0,95.5,104.65714285714286,4.957774078105425,89.88000000000001,0.43388373911755823,-0.900968867902419,-0.8660254037844386,0.5000000000000001,-0.8674563547295971,0.4975132889071803,82.8,81.0
2019-11-01,Bihar,ER,25.78541445,87.4799727,82.8,2019,11,4,305,0,0,25.0,76,104.9,110.7,88.1,100.67142857142856,8.920895748319742,89.70333333333333,-0.433883739117558,-0.9009688679024191,-0.5000000000000004,0.8660254037844384,-0.858763958275803,0.5123714121284235,88.8,74.8
2019-11-02,Bihar,ER,25.78541445,87.4799727,88.8,2019,11,5,306,1,0,25.1,76,82.8,96.5,83.8,99.57142857142857,9.93775868186863,89.86999999999999,-0.9749279121818236,-0.2225209339563146,-0.5000000000000004,0.8660254037844384,-0.8498170915275277,0.5270777086423724,91.6,71.3
2019-11-03,Bihar,ER,25.78541445,87.4799727,91.6,2019,11,6,307,1,0,25.5,75,88.8,99.9,76.7,98.38571428571429,10.377448076065505,90.36666666666666,-0.7818314824680299,0.6234898018587334,-0.5000000000000004,0.8660254037844384,-0.8406184056344783,0.5416278206559811,70.3,69.1
2019-11-04,Bihar,ER,25.78541445,87.4799727,70.3,2019,11,0,308,0,0,25.5,75,91.6,104.7,74.5,93.47142857142856,14.29472097031111,90.22666666666667,0.0,1.0,-0.5000000000000004,0.8660254037844384,-0.8311706263658079,0.5560174366570446,82.7,69.7
2019-11-05,Bihar,ER,25.78541445,87.4799727,82.7,2019,11,1,309,0,0,24.8,78,70.3,108.1,73.9,89.84285714285716,13.139616577721227,90.52,0.7818314824680298,0.6234898018587336,-0.5000000000000004,0.8660254037844384,-0.8214765533024145,0.5702422926917867,82.9,72.7
2019-11-06,Bihar,ER,25.78541445,87.4799727,82.9,2019,11,2,310,0,0,23.4,74,82.7,107.8,75.3,86.28571428571429,10.591416111082415,90.77333333333333,0.9749279121818236,-0.22252093395631434,-0.5000000000000004,0.8660254037844384,-0.8115390590073611,0.5842981736283683,81.0,71.2
2019-11-08,Bihar,ER,25.78541445,87.4799727,81.0,2019,11,4,312,0,0,24.3,79,82.9,104.9,76.7,82.87142857142858,6.744309770889348,90.91666666666667,-0.433883739117558,-0.9009688679024191,-0.5000000000000004,0.8660254037844384,-0.7909456567567774,0.6118864012687242,74.8,69.4
2019-11-09,Bihar,ER,25.78541445,87.4799727,74.8,2019,11,5,313,1,0,24.8,75,81.0,82.8,75.1,81.72857142857143,7.403988629046261,90.90666666666668,-0.9749279121818236,-0.2225209339563146,-0.5000000000000004,0.8660254037844384,-0.780295851070776,0.6254105729852457,71.3,75.2
2019-11-10,Bihar,ER,25.78541445,87.4799727,71.3,2019,11,6,314,1,1,24.7,73,74.8,88.8,76.2,79.22857142857143,7.570934395373215,90.74333333333333,-0.7818314824680299,0.6234898018587334,-0.5000000000000004,0.8660254037844384,-0.7694148268839381,0.6387494220515268,69.1,75.2
2019-11-11,Bihar,ER,25.78541445,87.4799727,69.1,2019,11,0,315,0,0,24.1,75,71.3,91.6,104.2,76.01428571428572,6.070812293652144,89.57333333333332,0.0,1.0,-0.5000000000000004,0.8660254037844384,-0.7583058084785625,0.6518989958787125,69.7,77.2
2019-11-12,Bihar,ER,25.78541445,87.4799727,69.7,2019,11,1,316,0,1,23.1,70,69.1,70.3,100.3,75.92857142857143,6.168391007308442,88.55333333333333,0.7818314824680298,0.6234898018587336,-0.5000000000000004,0.8660254037844384,-0.7469720876965551,0.6648553979642866,72.7,76.4
2019-11-13,Bihar,ER,25.78541445,87.4799727,72.7,2019,11,2,317,0,0,22.2,73,69.7,82.7,100.2,74.5,5.455578185062391,87.63666666666667,0.9749279121818236,-0.22252093395631434,-0.5000000000000004,0.8660254037844384,-0.7354170229639858,0.6776147890466887,71.2,78.0
2019-11-14,Bihar,ER,25.78541445,87.4799727,71.2,2019,11,3,318,0,0,23.8,71,72.7,82.9,99.5,72.82857142857144,4.069280970766469,86.69333333333334,0.43388373911755823,-0.900968867902419,-0.5000000000000004,0.8660254037844384,-0.7236440382959124,0.690173388242972,69.4,79.4
2019-11-15,Bihar,ER,25.78541445,87.4799727,69.4,2019,11,4,319,0,0,24.6,69,71.2,81.0,103.1,71.17142857142856,2.0459018269965847,85.57,-0.433883739117558,-0.9009688679024191,-0.5000000000000004,0.8660254037844384,-0.711656622281775,0.7025274741691566,75.2,78.2
2019-11-16,Bihar,ER,25.78541445,87.4799727,75.2,2019,11,5,320,1,0,24.2,68,69.4,74.8,103.6,71.22857142857143,2.1661904238488985,84.62333333333335,-0.9749279121818236,-0.2225209339563146,-0.5000000000000004,0.8660254037844384,-0.6994583270516471,0.7146733860429608,75.2,70.9
2019-11-17,Bihar,ER,25.78541445,87.4799727,75.2,2019,11,6,321,1,0,23.8,65,75.2,71.3,106.3,71.78571428571429,2.6378201678828006,83.58666666666666,-0.7818314824680299,0.6234898018587334,-0.5000000000000004,0.8660254037844384,-0.6870527672236675,0.7266075247685652,77.2,72.1
2019-11-18,Bihar,ER,25.78541445,87.4799727,77.2,2019,11,0,322,0,0,23.8,71,75.2,69.1,83.8,72.94285714285715,3.013224818947038,83.36666666666666,0.0,1.0,-0.5000000000000004,0.8660254037844384,-0.6744436188329457,0.7383263540031063,76.4,68.5
2019-11-19,Bihar,ER,25.78541445,87.4799727,76.4,2019,11,1,323,0,0,22.0,63,77.2,69.7,82.5,73.89999999999999,2.8722813232681608,83.16333333333333,0.7818314824680298,0.6234898018587336,-0.5000000000000004,0.8660254037844384,-0.661634618242279,0.749826401204568,78.0,69.8
2019-11-20,Bihar,ER,25.78541445,87.4799727,78.0,2019,11,2,324,0,0,21.2,66,76.4,72.7,80.7,74.65714285714286,3.1847852585147147,83.07333333333332,0.9749279121818236,-0.22252093395631434,-0.5000000000000004,0.8660254037844384,-0.6486295610349818,0.7611042586607742,79.4,70.8
2019-11-21,Bihar,ER,25.78541445,87.4799727,79.4,2019,11,3,325,0,0,21.5,72,78.0,71.2,77.1,75.82857142857144,3.2092129282806643,83.15,0.43388373911755823,-0.900968867902419,-0.5000000000000004,0.8660254037844384,-0.6354323008901775,0.7721565844991641,78.2,66.3
2019-11-22,Bihar,ER,25.78541445,87.4799727,78.2,2019,11,4,326,0,0,21.4,71,79.4,69.4,74.2,77.08571428571429,1.5826439602003826,83.28333333333333,-0.433883739117558,-0.9009688679024191,-0.5000000000000004,0.8660254037844384,-0.622046748440868,0.7829801036770624,70.9,68.4
2019-11-23,Bihar,ER,25.78541445,87.4799727,70.9,2019,11,5,327,1,0,21.7,70,78.2,75.2,73.0,76.47142857142858,2.8016151803993554,83.21333333333334,-0.9749279121818236,-0.2225209339563146,-0.5000000000000004,0.8660254037844384,-0.6084768701151264,0.7935716089521472,72.1,96.9
2019-11-24,Bihar,ER,25.78541445,87.4799727,72.1,2019,11,6,328,1,0,22.3,72,70.9,75.2,75.0,76.02857142857144,3.2458765049999263,83.11666666666666,-0.7818314824680299,0.6234898018587334,-0.5000000000000004,0.8660254037844384,-0.594726686960764,0.8039279618328208,68.5,90.2
2019-11-25,Bihar,ER,25.78541445,87.4799727,68.5,2019,11,0,329,0,0,21.5,77,72.1,77.2,110.7,74.78571428571429,4.236912622585472,81.71000000000001,0.0,1.0,-0.5000000000000004,0.8660254037844384,-0.5808002734538013,0.8140460935082175,69.8,87.6
2019-11-26,Bihar,ER,25.78541445,87.4799727,69.8,2019,11,1,330,0,0,22.2,77,68.5,76.4,96.5,73.84285714285714,4.541239604210739,80.82,0.7818314824680298,0.6234898018587336,-0.5000000000000004,0.8660254037844384,-0.5667017562911184,0.8239230057575536,70.8,86.7
2019-11-27,Bihar,ER,25.78541445,87.4799727,70.8,2019,11,2,331,0,0,22.1,76,69.8,78.0,99.9,72.81428571428572,4.248697279334327,79.85,0.9749279121818236,-0.22252093395631434,-0.5000000000000004,0.8660254037844384,-0.5524353131676203,0.8335557718385695,66.3,108.2
2019-11-28,Bihar,ER,25.78541445,87.4799727,66.3,2019,11,3,332,0,0,22.5,72,70.8,79.4,104.7,70.94285714285714,3.716116764785114,78.57000000000001,0.43388373911755823,-0.900968867902419,-0.5000000000000004,0.8660254037844384,-0.5380051715382992,0.8429415373547832,68.4,106.1
2019-11-29,Bihar,ER,25.78541445,87.4799727,68.4,2019,11,4,333,0,0,22.8,74,66.3,78.2,108.1,69.54285714285713,1.9552128126752442,77.24666666666667,-0.433883739117558,-0.9009688679024191,-0.5000000000000004,0.8660254037844384,-0.5234156073655503,0.8520775211013093,96.9,110.7
2019-11-30,Bihar,ER,25.78541445,87.4799727,96.9,2019,11,5,334,1,0,21.8,73,68.4,70.9,107.8,73.25714285714285,10.590381979710893,76.88333333333334,-0.9749279121818236,-0.2225209339563146,-0.5000000000000004,0.8660254037844384,-0.5086709438521042,0.8609610158889945,90.2,87.5
2019-12-01,Bihar,ER,25.78541445,87.4799727,90.2,2019,12,6,335,1,0,21.2,69,96.9,72.1,104.9,75.84285714285714,12.32786236442421,76.39333333333335,-0.7818314824680299,0.6234898018587334,-2.4492935982947064e-16,1.0,-0.49377555015997737,0.8695893893466109,87.6,68.2
2019-12-02,Bihar,ER,25.78541445,87.4799727,87.6,2019,12,0,336,0,0,19.6,68,90.2,68.5,82.8,78.57142857142857,12.543619132944807,76.55333333333334,0.0,1.0,-2.4492935982947064e-16,1.0,-0.4787338401157883,0.8779600847008883,86.7,91.4
2019-12-03,Bihar,ER,25.78541445,87.4799727,86.7,2019,12,1,337,0,0,18.6,69,87.6,69.8,88.8,80.9857142857143,12.195549539542208,76.48333333333333,0.7818314824680298,0.6234898018587336,-2.4492935982947064e-16,1.0,-0.4635502709028512,0.8860706215341378,108.2,97.8
2019-12-04,Bihar,ER,25.78541445,87.4799727,108.2,2019,12,2,338,0,0,18.5,68,86.7,70.8,91.6,86.32857142857144,14.885307553167454,77.03666666666668,0.9749279121818236,-0.22252093395631434,-2.4492935982947064e-16,1.0,-0.4482293417404106,0.893918596519257,106.1,97.1
2019-12-05,Bihar,ER,25.78541445,87.4799727,106.1,2019,12,3,339,0,0,18.8,66,108.2,66.3,70.3,92.0142857142857,13.496348712575386,78.23,0.43388373911755823,-0.900968867902419,-2.4492935982947064e-16,1.0,-0.4327755925504317,0.9015016841318838,110.7,100.6
2019-12-06,Bihar,ER,25.78541445,87.4799727,110.7,2019,12,4,340,0,0,19.3,66,106.1,68.4,82.7,98.05714285714285,10.23732665996684,79.16333333333334,-0.433883739117558,-0.9009688679024191,-2.4492935982947064e-16,1.0,-0.41719360261231697,0.9088176373395028,87.5,101.9
2019-12-08,Bihar,ER,25.78541445,87.4799727,87.5,2019,12,6,342,1,0,18.8,60,110.7,96.9,82.9,96.71428571428571,11.002337413997006,79.31666666666666,-0.7818314824680299,0.6234898018587334,-2.4492935982947064e-16,1.0,-0.38566340624360745,0.9226395488404875,68.2,77.5
2019-12-09,Bihar,ER,25.78541445,87.4799727,68.2,2019,12,0,343,0,0,19.0,62,87.5,90.2,81.0,93.57142857142857,15.426137374136207,78.89000000000001,0.0,1.0,-2.4492935982947064e-16,1.0,-0.3697245428906732,0.9291414114031743,91.4,77.6
2019-12-10,Bihar,ER,25.78541445,87.4799727,91.4,2019,12,1,344,0,0,18.6,67,68.2,87.6,74.8,94.11428571428573,15.246795135528316,79.44333333333333,0.7818314824680298,0.6234898018587336,-2.4492935982947064e-16,1.0,-0.3536761221763721,0.935367949313148,97.8,77.1
2019-12-11,Bihar,ER,25.78541445,87.4799727,97.8,2019,12,2,345,0,0,18.5,70,91.4,86.7,71.3,95.7,14.92090256430027,80.32666666666667,0.9749279121818236,-0.22252093395631434,-2.4492935982947064e-16,1.0,-0.33752289959411347,0.941317317512847,97.1,76.1
2019-12-12,Bihar,ER,25.78541445,87.4799727,97.1,2019,12,3,346,0,0,18.3,74,97.8,108.2,69.1,94.11428571428571,13.92784125070249,81.26,0.43388373911755823,-0.900968867902419,-2.4492935982947064e-16,1.0,-0.32126966169236515,0.9469877530760751,100.6,75.6
2019-12-13,Bihar,ER,25.78541445,87.4799727,100.6,2019,12,4,347,0,0,18.7,79,97.1,106.1,69.7,93.32857142857144,13.279020331048086,82.28999999999999,-0.433883739117558,-0.9009688679024191,-2.4492935982947064e-16,1.0,-0.3049212246562894,0.9523775757303973,101.9,74.8
2019-12-14,Bihar,ER,25.78541445,87.4799727,101.9,2019,12,5,348,1,0,18.1,82,100.6,110.7,72.7,92.07142857142857,11.680712633185282,83.26333333333334,-0.9749279121818236,-0.2225209339563146,-2.4492935982947064e-16,1.0,-0.2884824328806098,0.9574851883550389,77.5,77.4
2019-12-15,Bihar,ER,25.78541445,87.4799727,77.5,2019,12,6,349,1,0,17.5,85,101.9,87.5,71.2,90.64285714285714,12.8826572236811,83.47333333333333,-0.7818314824680299,0.6234898018587334,-2.4492935982947064e-16,1.0,-0.27195815753410524,0.9623090774541487,77.6,67.6
2019-12-16,Bihar,ER,25.78541445,87.4799727,77.6,2019,12,0,350,0,0,18.4,82,77.5,68.2,69.4,91.98571428571428,10.405035411029052,83.74666666666667,0.0,1.0,-2.4492935982947064e-16,1.0,-0.2553532951161881,0.9668478136052773,77.1,70.3
2019-12-17,Bihar,ER,25.78541445,87.4799727,77.1,2019,12,1,351,0,0,17.8,76,77.6,91.4,75.2,89.94285714285714,11.84354354952643,83.81,0.7818314824680298,0.6234898018587336,-2.4492935982947064e-16,1.0,-0.23867276600594997,0.9711000518829505,76.1,67.9
2019-12-18,Bihar,ER,25.78541445,87.4799727,76.1,2019,12,2,352,0,0,15.0,78,77.1,97.8,75.2,86.84285714285714,12.27624496644612,83.84,0.9749279121818236,-0.22252093395631434,-2.4492935982947064e-16,1.0,-0.22192151300416674,0.9750645322571945,75.6,69.1
2019-12-19,Bihar,ER,25.78541445,87.4799727,75.6,2019,12,3,353,0,0,14.2,79,76.1,97.1,77.2,83.77142857142857,11.967973134678328,83.78666666666666,0.43388373911755823,-0.900968867902419,-2.4492935982947064e-16,1.0,-0.20510449986861926,0.9787400799669153,74.8,54.967
2019-12-20,Bihar,ER,25.78541445,87.4799727,74.8,2019,12,4,354,0,0,14.6,80,75.6,100.6,76.4,80.08571428571427,9.674610857191833,83.73333333333332,-0.433883739117558,-0.9009688679024191,-2.4492935982947064e-16,1.0,-0.1882267098432439,0.9821256058680006,77.4,54.967
2019-12-21,Bihar,ER,25.78541445,87.4799727,77.4,2019,12,5,355,1,0,14.8,81,74.8,101.9,78.0,76.58571428571429,1.0945753688493902,83.71333333333334,-0.9749279121818236,-0.2225209339563146,-2.4492935982947064e-16,1.0,-0.1712931441814778,0.9852201067560606,67.6,63.9
2019-12-22,Bihar,ER,25.78541445,87.4799727,67.6,2019,12,6,356,1,0,14.5,83,77.4,77.5,79.4,75.17142857142856,3.49032676871043,83.32,-0.7818314824680299,0.6234898018587334,-2.4492935982947064e-16,1.0,-0.154308820664281,0.9880226656636976,70.3,113.0
2019-12-23,Bihar,ER,25.78541445,87.4799727,70.3,2019,12,0,357,0,0,14.8,83,67.6,77.6,78.2,74.12857142857142,3.7263540204480377,83.05666666666666,0.0,1.0,-2.4492935982947064e-16,1.0,-0.13727877211326517,0.9905324521322227,67.9,103.6
2019-12-24,Bihar,ER,25.78541445,87.4799727,67.9,2019,12,1,358,0,0,14.6,79,70.3,77.1,70.9,72.81428571428572,4.106672850953194,82.95666666666666,0.7818314824680298,0.6234898018587336,-2.4492935982947064e-16,1.0,-0.12020804489935275,0.9927487224577402,69.1,109.1
2019-12-25,Bihar,ER,25.78541445,87.4799727,69.1,2019,12,2,359,0,1,13.8,79,67.9,76.1,72.1,71.81428571428572,4.024685731593058,82.85666666666665,0.9749279121818236,-0.22252093395631434,-2.4492935982947064e-16,1.0,-0.10310169744743544,0.9946708199115211,54.967,106.4
2019-12-26,Bihar,ER,25.78541445,87.4799727,54.967,2019,12,3,360,0,0,13.5,78,69.1,75.6,68.5,68.86671428571428,7.13991985749282,82.40556666666666,0.43388373911755823,-0.900968867902419,-2.4492935982947064e-16,1.0,-0.0859647987374467,0.9962981749346077,54.967,102.7
2019-12-27,Bihar,ER,25.78541445,87.4799727,54.967,2019,12,4,361,0,0,13.2,77,54.967,74.8,69.8,66.03342857142857,8.24293996615918,81.91113333333334,-0.433883739117558,-0.9009688679024191,-2.4492935982947064e-16,1.0,-0.06880242680232064,0.9976303053065857,63.9,104.2
2019-12-28,Bihar,ER,25.78541445,87.4799727,63.9,2019,12,5,362,1,0,12.7,81,54.967,77.4,70.8,64.10485714285714,6.544631551343894,81.68113333333332,-0.9749279121818236,-0.2225209339563146,-2.4492935982947064e-16,1.0,-0.05161966722325418,0.9986668162884759,113.0,108.6
2019-12-29,Bihar,ER,25.78541445,87.4799727,113.0,2019,12,6,363,1,0,12.9,80,63.9,67.6,66.3,70.59057142857144,19.75289327210169,83.23780000000001,-0.7818314824680299,0.6234898018587334,-2.4492935982947064e-16,1.0,-0.034421611622745804,0.9994074007397048,103.6,67.3
2019-12-30,Bihar,ER,25.78541445,87.4799727,103.6,2019,12,0,364,0,0,12.8,82,113.0,70.3,68.4,75.34771428571428,23.35303635300466,84.41113333333334,0.0,1.0,-2.4492935982947064e-16,1.0,-0.01721335615583528,0.9998518392091162,109.1,66.1
2019-12-31,Bihar,ER,25.78541445,87.4799727,109.1,2019,12,1,365,0,0,15.0,76,103.6,67.9,96.9,81.23342857142858,26.183464106551035,84.8178,0.7818314824680298,0.6234898018587336,-2.4492935982947064e-16,1.0,6.432490598706546e-16,1.0,106.4,65.6
2020-01-01,Bihar,ER,25.78541445,87.4799727,106.4,2020,1,2,1,0,0,16.3,70,109.1,69.1,90.2,86.562,27.082661335252894,85.3578,0.9749279121818236,-0.22252093395631434,0.49999999999999994,0.8660254037844387,0.017213356155834685,0.9998518392091162,102.7,69.3
2020-01-02,Bihar,ER,25.78541445,87.4799727,102.7,2020,1,3,2,0,0,17.5,78,106.4,54.967,87.6,93.381,23.58503396223983,85.86113333333333,0.43388373911755823,-0.900968867902419,0.49999999999999994,0.8660254037844387,0.03442161162274574,0.9994074007397048,104.2,66.9
2020-01-03,Bihar,ER,25.78541445,87.4799727,104.2,2020,1,4,3,0,0,17.6,80,102.7,54.967,86.7,100.41428571428571,16.495800331340064,86.44446666666666,-0.433883739117558,-0.9009688679024191,0.49999999999999994,0.8660254037844387,0.051619667223253764,0.998666816288476,108.6,54.967
2020-01-04,Bihar,ER,25.78541445,87.4799727,108.6,2020,1,5,4,1,0,16.9,85,104.2,63.9,108.2,106.8,3.672873534443326,86.45779999999999,-0.9749279121818236,-0.2225209339563146,0.49999999999999994,0.8660254037844387,0.06880242680231986,0.9976303053065857,67.3,66.8
2020-01-05,Bihar,ER,25.78541445,87.4799727,67.3,2020,1,6,5,1,0,15.7,84,108.6,113.0,106.1,100.27142857142857,14.744458200254696,85.16446666666666,-0.7818314824680299,0.6234898018587334,0.49999999999999994,0.8660254037844387,0.08596479873744647,0.9962981749346078,66.1,78.9
2020-01-13,Bihar,ER,25.78541445,87.4799727,66.1,2020,1,0,13,0,0,13.8,84,67.3,103.6,110.7,94.91428571428571,19.408368347307537,83.67779999999999,0.0,1.0,0.49999999999999994,0.8660254037844387,0.2219215130041655,0.9750645322571948,65.6,69.9
2020-01-14,Bihar,ER,25.78541445,87.4799727,65.6,2020,1,1,14,0,0,13.7,84,66.1,109.1,87.5,88.7,21.007458992780087,82.9478,0.7818314824680298,0.6234898018587336,0.49999999999999994,0.8660254037844387,0.2386727660059501,0.9711000518829505,69.3,76.5
2020-01-15,Bihar,ER,25.78541445,87.4799727,69.3,2020,1,2,15,0,0,14.6,85,65.6,106.4,68.2,83.39999999999999,20.470792200922116,82.98446666666665,0.9749279121818236,-0.22252093395631434,0.49999999999999994,0.8660254037844387,0.255353295116187,0.9668478136052775,66.9,59.2
2020-01-16,Bihar,ER,25.78541445,87.4799727,66.9,2020,1,3,16,0,0,17.2,81,69.3,102.7,91.4,78.28571428571429,19.282931016093634,82.1678,0.43388373911755823,-0.900968867902419,0.49999999999999994,0.8660254037844387,0.2719581575341055,0.9623090774541486,54.967,69.9
2020-01-17,Bihar,ER,25.78541445,87.4799727,54.967,2020,1,4,17,0,0,18.5,80,66.9,104.2,97.8,71.25242857142857,17.11203790568813,80.74003333333333,-0.433883739117558,-0.9009688679024191,0.49999999999999994,0.8660254037844387,0.288482432880609,0.9574851883550393,66.8,70.2
2020-01-18,Bihar,ER,25.78541445,87.4799727,66.8,2020,1,5,18,1,0,18.4,84,54.967,108.6,97.1,65.28099999999999,4.695891147232471,79.73003333333332,-0.9749279121818236,-0.2225209339563146,0.49999999999999994,0.8660254037844387,0.30492122465628907,0.9523775757303974,78.9,71.2
2020-01-19,Bihar,ER,25.78541445,87.4799727,78.9,2020,1,6,19,1,0,17.6,84,66.8,67.3,100.6,66.93814285714286,7.005786951479072,79.0067,-0.7818314824680299,0.6234898018587334,0.49999999999999994,0.8660254037844387,0.3212696616923644,0.9469877530760753,69.9,79.5
2020-01-20,Bihar,ER,25.78541445,87.4799727,69.9,2020,1,0,20,0,0,15.1,78,78.9,66.1,101.9,67.48100000000001,7.076882105371282,77.94003333333333,0.0,1.0,0.49999999999999994,0.8660254037844387,0.3375228995941133,0.9413173175128471,76.5,70.9
2020-01-21,Bihar,ER,25.78541445,87.4799727,76.5,2020,1,1,21,0,0,14.0,83,69.9,65.6,77.5,69.03814285714286,7.760207308840551,77.9067,0.7818314824680298,0.6234898018587336,0.49999999999999994,0.8660254037844387,0.3536761221763716,0.9353679493131483,59.2,75.0
2020-01-22,Bihar,ER,25.78541445,87.4799727,59.2,2020,1,2,22,0,0,13.2,83,76.5,69.3,77.6,67.59528571428571,8.597214019945815,77.29336666666667,0.9749279121818236,-0.22252093395631434,0.49999999999999994,0.8660254037844387,0.3697245428906731,0.9291414114031743,69.9,85.6
2020-01-23,Bihar,ER,25.78541445,87.4799727,69.9,2020,1,3,23,0,0,13.8,84,59.2,66.9,77.1,68.02385714285715,8.631484083063684,77.05336666666668,0.43388373911755823,-0.900968867902419,0.49999999999999994,0.8660254037844387,0.38566340624360707,0.9226395488404876,70.2,89.7
2020-01-24,Bihar,ER,25.78541445,87.4799727,70.2,2020,1,4,24,0,0,14.8,77,69.9,54.967,76.1,70.2,6.430655746759097,76.8567,-0.433883739117558,-0.9009688679024191,0.49999999999999994,0.8660254037844387,0.401487989205973,0.9158642882672872,71.2,90.8
2020-01-25,Bihar,ER,25.78541445,87.4799727,71.2,2020,1,5,25,1,0,14.4,78,70.2,66.8,75.6,70.82857142857144,6.255587978149916,76.71003333333333,-0.9749279121818236,-0.2225209339563146,0.49999999999999994,0.8660254037844387,0.4171936026123168,0.9088176373395029,79.5,85.3
2020-01-26,Bihar,ER,25.78541445,87.4799727,79.5,2020,1,6,26,1,1,15.4,74,71.2,78.9,74.8,70.91428571428571,6.387338666306029,76.86670000000001,-0.7818314824680299,0.6234898018587334,0.49999999999999994,0.8660254037844387,0.4327755925504312,0.901501684131884,70.9,94.4
2020-01-27,Bihar,ER,25.78541445,87.4799727,70.9,2020,1,0,27,0,0,15.4,77,79.5,69.9,77.4,71.05714285714286,6.3720371266063776,76.65003333333334,0.0,1.0,0.49999999999999994,0.8660254037844387,0.4482293417404106,0.893918596519257,75.0,86.3
2020-01-28,Bihar,ER,25.78541445,87.4799727,75.0,2020,1,1,28,0,0,16.4,79,70.9,76.5,67.6,70.84285714285714,6.18084598925179,76.89670000000001,0.7818314824680298,0.6234898018587336,0.49999999999999994,0.8660254037844387,0.4635502709028509,0.886070621534138,85.6,81.3
2020-01-29,Bihar,ER,25.78541445,87.4799727,85.6,2020,1,2,29,0,0,17.8,77,75.0,59.2,70.3,74.61428571428573,5.9423420106405445,77.4067,0.9749279121818236,-0.22252093395631434,0.49999999999999994,0.8660254037844387,0.47873384011578846,0.8779600847008882,89.7,91.3
2020-01-30,Bihar,ER,25.78541445,87.4799727,89.7,2020,1,3,30,0,0,17.2,88,85.6,69.9,67.9,77.44285714285715,7.759050015488602,78.13336666666666,0.43388373911755823,-0.900968867902419,0.49999999999999994,0.8660254037844387,0.49377555015997715,0.869589389346611,90.8,93.0
2020-01-31,Bihar,ER,25.78541445,87.4799727,90.8,2020,1,4,31,0,0,16.3,78,89.7,70.2,69.1,80.38571428571429,8.431573315308759,78.8567,-0.433883739117558,-0.9009688679024191,0.49999999999999994,0.8660254037844387,0.5086709438521044,0.8609610158889943,85.3,93.6
2020-02-01,Bihar,ER,25.78541445,87.4799727,85.3,2020,2,5,32,1,0,15.4,71,90.8,71.2,54.967,82.39999999999999,7.5046652157174405,79.8678,-0.9749279121818236,-0.2225209339563146,0.8660254037844386,0.5000000000000001,0.5234156073655503,0.8520775211013093,94.4,92.0
2020-02-02,Bihar,ER,25.78541445,87.4799727,94.4,2020,2,6,33,1,0,14.8,67,85.3,79.5,54.967,84.52857142857144,8.580931240394683,81.18223333333331,-0.7818314824680299,0.6234898018587334,0.8660254037844386,0.5000000000000001,0.5380051715382996,0.8429415373547828,86.3,71.7
2020-02-03,Bihar,ER,25.78541445,87.4799727,86.3,2020,2,0,34,0,0,14.5,72,94.4,70.9,63.9,86.72857142857143,6.127999751336701,81.92890000000001,0.0,1.0,0.8660254037844386,0.5000000000000001,0.5524353131676196,0.8335557718385699,81.3,74.6
2020-02-04,Bihar,ER,25.78541445,87.4799727,81.3,2020,2,1,35,0,0,15.1,70,86.3,75.0,113.0,87.62857142857145,4.311888327911932,80.87223333333334,0.7818314824680298,0.6234898018587336,0.8660254037844386,0.5000000000000001,0.5667017562911176,0.8239230057575542,91.3,74.9
2020-02-05,Bihar,ER,25.78541445,87.4799727,91.3,2020,2,2,36,0,0,16.1,71,81.3,85.6,103.6,88.44285714285715,4.402218055654039,80.46223333333333,0.9749279121818236,-0.22252093395631434,0.8660254037844386,0.5000000000000001,0.5808002734538009,0.8140460935082178,93.0,78.6
2020-02-13,Bihar,ER,25.78541445,87.4799727,93.0,2020,2,3,44,0,0,17.5,68,91.3,89.7,109.1,88.91428571428571,4.724203132603222,79.92556666666665,0.43388373911755823,-0.900968867902419,0.8660254037844386,0.5000000000000001,0.6870527672236669,0.7266075247685656,93.6,77.4
2020-02-14,Bihar,ER,25.78541445,87.4799727,93.6,2020,2,4,45,0,0,19.0,71,93.0,90.8,106.4,89.31428571428572,5.01977043679273,79.49889999999999,-0.433883739117558,-0.9009688679024191,0.8660254037844386,0.5000000000000001,0.699458327051647,0.7146733860429609,92.0,74.4
2020-02-15,Bihar,ER,25.78541445,87.4799727,92.0,2020,2,5,46,1,0,19.5,78,93.6,85.3,102.7,90.27142857142859,4.758751336823326,79.14223333333332,-0.9749279121818236,-0.2225209339563146,0.8660254037844386,0.5000000000000001,0.7116566222817746,0.7025274741691571,71.7,75.7
2020-02-16,Bihar,ER,25.78541445,87.4799727,71.7,2020,2,6,47,1,0,19.9,72,92.0,94.4,104.2,87.02857142857142,8.063438944957014,78.05890000000001,-0.7818314824680299,0.6234898018587334,0.8660254037844386,0.5000000000000001,0.7236440382959124,0.6901733882429719,74.6,88.1
2020-02-17,Bihar,ER,25.78541445,87.4799727,74.6,2020,2,0,48,0,0,19.8,69,71.7,86.3,108.6,85.35714285714286,9.349662586221577,76.92556666666665,0.0,1.0,0.8660254037844386,0.5000000000000001,0.7354170229639855,0.6776147890466889,74.9,92.8
2020-02-18,Bihar,ER,25.78541445,87.4799727,74.9,2020,2,1,49,0,0,19.8,70,74.6,81.3,67.3,84.44285714285715,10.095685075459603,77.17890000000001,0.7818314824680298,0.6234898018587336,0.8660254037844386,0.5000000000000001,0.7469720876965552,0.6648553979642865,78.6,98.6
2020-02-19,Bihar,ER,25.78541445,87.4799727,78.6,2020,2,2,50,0,0,19.9,65,74.9,91.3,66.1,82.62857142857142,9.794677855126936,77.59556666666667,0.9749279121818236,-0.22252093395631434,0.8660254037844386,0.5000000000000001,0.7583058084785624,0.6518989958787126,77.4,100.3
2020-02-20,Bihar,ER,25.78541445,87.4799727,77.4,2020,2,3,51,0,0,20.0,71,78.6,93.0,65.6,80.39999999999999,8.761849119906062,77.9889,0.43388373911755823,-0.900968867902419,0.8660254037844386,0.5000000000000001,0.7694148268839378,0.6387494220515272,74.4,105.7
2020-02-21,Bihar,ER,25.78541445,87.4799727,74.4,2020,2,4,52,0,0,21.4,70,77.4,93.6,69.3,77.65714285714286,6.704689190622818,78.1589,-0.433883739117558,-0.9009688679024191,0.8660254037844386,0.5000000000000001,0.7802958510707755,0.6254105729852463,75.7,106.1
2020-02-22,Bihar,ER,25.78541445,87.4799727,75.7,2020,2,5,53,1,0,20.7,72,74.4,92.0,66.9,75.32857142857144,2.2313779641835376,78.45223333333334,-0.9749279121818236,-0.2225209339563146,0.8660254037844386,0.5000000000000001,0.7909456567567772,0.6118864012687243,88.1,105.7
2020-02-23,Bihar,ER,25.78541445,87.4799727,88.1,2020,2,6,54,1,0,21.7,72,75.7,71.7,54.967,77.67142857142856,4.8544530367191285,79.55666666666666,-0.7818314824680299,0.6234898018587334,0.8660254037844386,0.5000000000000001,0.8013610881746766,0.5981809144059165,92.8,80.1
2020-02-24,Bihar,ER,25.78541445,87.4799727,92.8,2020,2,0,55,0,0,20.8,79,88.1,74.6,66.8,80.27142857142857,7.22858083944417,80.42333333333335,0.0,1.0,0.8660254037844386,0.5000000000000001,0.8115390590073611,0.5842981736283684,98.6,79.7
2020-02-25,Bihar,ER,25.78541445,87.4799727,98.6,2020,2,1,56,0,0,18.8,86,92.8,74.9,78.9,83.65714285714286,9.48996964218136,81.08,0.7818314824680298,0.6234898018587336,0.8660254037844386,0.5000000000000001,0.8214765533024142,0.5702422926917871,100.3,79.5
2020-02-26,Bihar,ER,25.78541445,87.4799727,100.3,2020,2,2,57,0,0,18.0,84,98.6,78.6,69.9,86.75714285714285,10.988608820479742,82.09333333333333,0.9749279121818236,-0.22252093395631434,0.8660254037844386,0.5000000000000001,0.8311706263658079,0.5560174366570446,105.7,70.5
2020-02-27,Bihar,ER,25.78541445,87.4799727,105.7,2020,2,3,58,0,0,18.3,74,100.3,77.4,76.5,90.8,12.119955995519808,83.06666666666666,0.43388373911755823,-0.900968867902419,0.8660254037844386,0.5000000000000001,0.8406184056344782,0.5416278206559814,106.1,80.2
2020-02-28,Bihar,ER,25.78541445,87.4799727,106.1,2020,2,4,59,0,0,19.3,72,105.7,74.4,59.2,95.32857142857144,10.823849328483812,84.63000000000001,-0.433883739117558,-0.9009688679024191,0.8660254037844386,0.5000000000000001,0.8498170915275278,0.5270777086423722,105.7,79.9
2020-02-29,Bihar,ER,25.78541445,87.4799727,105.7,2020,2,5,60,1,0,20.3,68,106.1,75.7,69.9,99.61428571428571,7.031459917501887,85.82333333333334,-0.9749279121818236,-0.2225209339563146,0.8660254037844386,0.5000000000000001,0.8587639582758029,0.5123714121284237,80.1,82.1
2020-03-01,Bihar,ER,25.78541445,87.4799727,80.1,2020,3,6,61,1,0,21.3,72,105.7,88.1,70.2,98.47142857142856,9.449288207005553,86.15333333333334,-0.7818314824680299,0.6234898018587334,1.0,6.123233995736766e-17,0.8674563547295969,0.49751328890718066,79.7,107.8
2020-03-02,Bihar,ER,25.78541445,87.4799727,79.7,2020,3,0,62,0,0,21.5,74,80.1,92.8,71.2,96.60000000000001,11.771575935277562,86.43666666666667,0.0,1.0,1.0,6.123233995736766e-17,0.8758917051442429,0.48250774176121847,79.5,101.6
2020-03-03,Bihar,ER,25.78541445,87.4799727,79.5,2020,3,1,63,0,0,22.0,71,79.7,98.6,79.5,93.87142857142858,13.339879345495808,86.43666666666667,0.7818314824680298,0.6234898018587336,1.0,6.123233995736766e-17,0.8840675099433636,0.4673592171580022,70.5,83.7
2020-03-04,Bihar,ER,25.78541445,87.4799727,70.5,2020,3,2,64,0,0,21.6,73,79.5,100.3,70.9,89.61428571428573,15.522824976082743,86.42333333333333,0.9749279121818236,-0.22252093395631434,1.0,6.123233995736766e-17,0.8919813464595485,0.45207220393230435,80.2,78.9
2020-03-05,Bihar,ER,25.78541445,87.4799727,80.2,2020,3,3,65,0,0,21.8,77,70.5,105.7,75.0,85.97142857142856,14.040027811666986,86.59666666666666,0.43388373911755823,-0.900968867902419,1.0,6.123233995736766e-17,0.8996308696522433,0.43665123195606403,79.9,69.9
2020-03-13,Bihar,ER,25.78541445,87.4799727,79.9,2020,3,4,73,0,0,23.9,76,80.2,106.1,85.6,82.22857142857143,10.926834595879741,86.40666666666667,-0.433883739117558,-0.9009688679024191,1.0,6.123233995736766e-17,0.9510565162951535,0.30901699437494745,82.1,76.5
2020-03-14,Bihar,ER,25.78541445,87.4799727,82.1,2020,3,5,74,1,0,20.3,93,79.9,105.7,89.7,78.85714285714286,3.784114666539935,86.15333333333335,-0.9749279121818236,-0.2225209339563146,1.0,6.123233995736766e-17,0.9562348265919056,0.29260033563334836,107.8,59.2
2020-03-15,Bihar,ER,25.78541445,87.4799727,107.8,2020,3,6,75,1,0,21.2,83,82.1,80.1,90.8,82.81428571428572,11.63649840966326,86.72,-0.7818314824680299,0.6234898018587334,1.0,6.123233995736766e-17,0.9611297838723007,0.27609697309746883,101.6,74.6
2020-03-16,Bihar,ER,25.78541445,87.4799727,101.6,2020,3,0,76,0,0,22.6,64,107.8,79.7,85.3,85.94285714285714,13.460665801123113,87.26333333333332,0.0,1.0,1.0,6.123233995736766e-17,0.9657399376548549,0.2595117970697999,83.7,73.4
2020-03-17,Bihar,ER,25.78541445,87.4799727,83.7,2020,3,1,77,0,0,22.2,61,101.6,79.5,94.4,86.54285714285713,13.217016448863395,86.90666666666668,0.7818314824680298,0.6234898018587336,1.0,6.123233995736766e-17,0.9700639218515071,0.2428497220959356,78.9,76.5
2020-03-18,Bihar,ER,25.78541445,87.4799727,78.9,2020,3,2,78,0,0,22.6,65,83.7,70.5,86.3,87.74285714285713,11.825799076997969,86.66000000000001,0.9749279121818236,-0.22252093395631434,1.0,6.123233995736766e-17,0.9741004551724205,0.22611568550828828,69.9,79.1
2020-03-19,Bihar,ER,25.78541445,87.4799727,69.9,2020,3,3,79,0,0,22.7,67,78.9,80.2,81.3,86.27142857142859,13.449995574437288,86.27999999999999,0.43388373911755823,-0.900968867902419,1.0,6.123233995736766e-17,0.9778483415056568,0.20931464596304847,76.5,82.8
2020-03-20,Bihar,ER,25.78541445,87.4799727,76.5,2020,3,4,80,0,0,22.9,65,69.9,79.9,91.3,85.78571428571429,13.775876084836254,85.78666666666666,-0.433883739117558,-0.9009688679024191,1.0,6.123233995736766e-17,0.9813064702716093,0.19245158197082998,59.2,83.2
2020-03-21,Bihar,ER,25.78541445,87.4799727,59.2,2020,3,5,81,1,0,22.7,70,76.5,82.1,93.0,82.51428571428572,17.112123243617738,84.66000000000001,-0.9749279121818236,-0.2225209339563146,1.0,6.123233995736766e-17,0.9844738167520922,0.1755314904214282,74.6,84.4
2020-03-22,Bihar,ER,25.78541445,87.4799727,74.6,2020,3,6,82,1,0,21.4,78,59.2,107.8,93.6,77.77142857142857,13.055996615312315,84.02666666666667,-0.7818314824680299,0.6234898018587334,1.0,6.123233995736766e-17,0.9873494423939864,0.15855938510313475,73.4,79.4
2020-03-23,Bihar,ER,25.78541445,87.4799727,73.4,2020,3,0,83,0,0,22.3,75,74.6,101.6,92.0,73.74285714285715,7.750883206202259,83.40666666666668,0.0,1.0,1.0,6.123233995736766e-17,0.989932495087353,0.141540295217043,76.5,75.1
2020-03-24,Bihar,ER,25.78541445,87.4799727,76.5,2020,3,1,84,0,0,23.3,73,73.4,83.7,71.7,72.71428571428571,6.601875635359947,83.56666666666666,0.7818314824680298,0.6234898018587336,1.0,6.123233995736766e-17,0.9922222094179323,0.12447926388678915,79.1,74.0
2020-03-25,Bihar,ER,25.78541445,87.4799727,79.1,2020,3,2,85,0,0,24.3,69,76.5,78.9,74.6,72.74285714285715,6.633464942460654,83.71666666666667,0.9749279121818236,-0.22252093395631434,1.0,6.123233995736766e-17,0.994217906893952,0.10738134666416309,82.8,74.4
2020-03-26,Bihar,ER,25.78541445,87.4799727,82.8,2020,3,3,86,0,0,25.8,65,79.1,69.9,74.9,74.58571428571429,7.4532830733460385,83.98,0.43388373911755823,-0.900968867902419,1.0,6.123233995736766e-17,0.995918996147179,0.09025161003104117,83.2,74.6
2020-03-27,Bihar,ER,25.78541445,87.4799727,83.2,2020,3,4,87,0,0,26.7,62,82.8,76.5,78.6,75.54285714285713,8.138766725341261,84.13333333333334,-0.433883739117558,-0.9009688679024191,1.0,6.123233995736766e-17,0.9973249731081555,0.07309512989807777,84.4,75.7
2020-03-28,Bihar,ER,25.78541445,87.4799727,84.4,2020,3,5,88,1,0,28.2,51,83.2,59.2,77.4,79.14285714285714,4.4361609314274535,84.36666666666666,-0.9749279121818236,-0.2225209339563146,1.0,6.123233995736766e-17,0.9984354211555643,0.055916990100603484,79.4,75.8
2020-03-29,Bihar,ER,25.78541445,87.4799727,79.4,2020,3,6,89,1,0,27.2,42,84.4,74.6,74.4,79.82857142857142,3.962622988927995,84.53333333333333,-0.7818314824680299,0.6234898018587334,1.0,6.123233995736766e-17,0.9992500112396835,0.03872228089217446,75.1,67.6
2020-03-30,Bihar,ER,25.78541445,87.4799727,75.1,2020,3,0,90,0,0,25.9,39,79.4,73.4,75.7,80.07142857142857,3.5316258228159914,84.51333333333334,0.0,1.0,1.0,6.123233995736766e-17,0.9997685019798909,0.021516097436222254,74.0,71.9
2020-03-31,Bihar,ER,25.78541445,87.4799727,74.0,2020,3,1,91,0,0,24.7,48,75.1,76.5,88.1,79.71428571428571,4.0424532862394615,84.04333333333334,0.7818314824680298,0.6234898018587336,1.0,6.123233995736766e-17,0.9999907397361901,0.004303538296244289,74.4,71.4
2020-04-01,Bihar,ER,25.78541445,87.4799727,74.4,2020,4,2,92,0,0,25.7,56,74.0,79.1,92.8,79.04285714285713,4.523220513033078,83.43,0.9749279121818236,-0.22252093395631434,0.8660254037844387,-0.4999999999999998,0.9999166586547379,-0.01291029607500882,74.6,73.1
2020-04-02,Bihar,ER,25.78541445,87.4799727,74.6,2020,4,3,93,0,1,26.6,53,74.4,82.8,98.6,77.87142857142858,4.449237494865078,82.63000000000001,0.43388373911755823,-0.900968867902419,0.8660254037844387,-0.4999999999999998,0.9995462806873573,-0.030120304846908114,75.7,71.7
2020-04-03,Bihar,ER,25.78541445,87.4799727,75.7,2020,4,4,94,0,0,26.5,42,74.6,83.2,100.3,76.8,3.809199390947996,81.80999999999999,-0.433883739117558,-0.9009688679024191,0.8660254037844387,-0.4999999999999998,0.9988797155850336,-0.04732138832243185,75.8,70.8
2020-04-04,Bihar,ER,25.78541445,87.4799727,75.8,2020,4,5,95,1,0,25.8,37,75.7,84.4,105.7,75.57142857142857,1.8135731634113175,80.81333333333333,-0.9749279121818236,-0.2225209339563146,0.8660254037844387,-0.4999999999999998,0.9979171608653922,-0.06450844944931623,67.6,73.3
2020-04-05,Bihar,ER,25.78541445,87.4799727,67.6,2020,4,6,96,1,0,25.0,45,75.8,79.4,106.1,73.88571428571429,2.8498120238756237,79.53,-0.7818314824680299,0.6234898018587334,0.8660254037844387,-0.4999999999999998,0.9966589017541702,-0.08167639533042241,71.9,73.5
2020-04-13,Bihar,ER,25.78541445,87.4799727,71.9,2020,4,0,104,0,0,28.4,59,67.6,75.1,105.7,73.42857142857143,2.879070617238306,78.40333333333334,0.0,1.0,0.8660254037844387,-0.4999999999999998,0.9760105506323683,-0.21772323039653177,71.4,74.3
2020-04-14,Bihar,ER,25.78541445,87.4799727,71.4,2020,4,1,105,0,1,28.8,60,71.9,74.0,80.1,73.05714285714285,2.959649271370007,78.11333333333333,0.7818314824680298,0.6234898018587336,0.8660254037844387,-0.4999999999999998,0.9721181966290613,-0.23449138957040985,73.1,75.0
2020-04-15,Bihar,ER,25.78541445,87.4799727,73.1,2020,4,2,106,0,0,26.6,75,71.4,74.4,79.7,72.87142857142858,2.9015595149927145,77.89333333333335,0.9749279121818236,-0.22252093395631434,0.8660254037844387,-0.4999999999999998,0.9679377830240642,-0.25119006388481935,71.7,73.4
2020-04-16,Bihar,ER,25.78541445,87.4799727,71.7,2020,4,3,107,0,0,26.0,78,73.1,74.6,79.5,72.45714285714286,2.819489991030436,77.63333333333334,0.43388373911755823,-0.900968867902419,0.8660254037844387,-0.4999999999999998,0.9634705485641488,-0.2678143051621742,70.8,55.7
2020-04-17,Bihar,ER,25.78541445,87.4799727,70.8,2020,4,4,108,0,0,25.1,74,71.7,75.7,70.5,71.75714285714285,2.4663448953570755,77.64333333333335,-0.433883739117558,-0.9009688679024191,0.8660254037844387,-0.4999999999999998,0.9587178169872964,-0.2843591872810034,73.3,55.0
2020-04-18,Bihar,ER,25.78541445,87.4799727,73.3,2020,4,5,109,1,0,26.5,74,70.8,75.8,80.2,71.4,1.899122604431664,77.41333333333333,-0.9749279121818236,-0.2225209339563146,0.8660254037844387,-0.4999999999999998,0.9536809966304457,-0.30081980763566735,73.5,70.3
2020-04-19,Bihar,ER,25.78541445,87.4799727,73.5,2020,4,6,110,1,0,27.0,70,73.3,67.6,79.9,72.24285714285715,1.0517559014274187,77.2,-0.7818314824680299,0.6234898018587334,0.8660254037844387,-0.4999999999999998,0.9483615800121715,-0.3171912885891061,74.3,93.8
2020-04-20,Bihar,ER,25.78541445,87.4799727,74.3,2020,4,0,111,0,0,26.2,74,73.5,71.9,82.1,72.58571428571427,1.2863754913550516,76.94,0.0,1.0,0.8660254037844387,-0.4999999999999998,0.9427611433904207,-0.3334687789181868,75.0,104.1
2020-04-21,Bihar,ER,25.78541445,87.4799727,75.0,2020,4,1,112,0,0,23.5,85,74.3,71.4,107.8,73.1,1.4433756729731035,75.84666666666666,0.7818314824680298,0.6234898018587336,0.8660254037844387,-0.4999999999999998,0.9368813462954315,-0.3496474552512284,73.4,109.2
2020-04-22,Bihar,ER,25.78541445,87.4799727,73.4,2020,4,2,113,0,0,24.1,76,75.0,73.1,101.6,73.14285714285714,1.447822667382894,74.90666666666668,0.9749279121818236,-0.22252093395631434,0.8660254037844387,-0.4999999999999998,0.9307239310379795,-0.36572252349726897,55.7,104.2
2020-04-23,Bihar,ER,25.78541445,87.4799727,55.7,2020,4,3,114,0,0,24.0,80,73.4,71.7,83.7,70.85714285714286,6.809027620949526,73.97333333333333,0.43388373911755823,-0.900968867902419,0.8660254037844387,-0.4999999999999998,0.9242907221930933,-0.3816892202666588,55.0,104.5
2020-04-24,Bihar,ER,25.78541445,87.4799727,55.0,2020,4,4,115,0,0,23.0,83,55.7,70.8,78.9,68.60000000000001,9.073404359261318,73.17666666666666,-0.433883739117558,-0.9009688679024191,0.8660254037844387,-0.4999999999999998,0.9175836260593937,-0.39754281428255595,70.3,107.1
2020-04-25,Bihar,ER,25.78541445,87.4799727,70.3,2020,4,5,116,1,0,23.5,77,55.0,73.3,69.9,68.17142857142858,8.883264093359852,73.19000000000001,-0.9749279121818236,-0.2225209339563146,0.8660254037844387,-0.4999999999999998,0.9106046300942162,-0.4132786077829042,93.8,105.8
2020-04-26,Bihar,ER,25.78541445,87.4799727,93.8,2020,4,6,117,1,0,24.0,81,70.3,73.5,76.5,71.07142857142857,13.184803662514057,73.76666666666667,-0.7818314824680299,0.6234898018587334,0.8660254037844387,-0.4999999999999998,0.9033558023246845,-0.4288919379124835,104.1,81.8
2020-04-27,Bihar,ER,25.78541445,87.4799727,104.1,2020,4,0,118,0,0,25.2,79,93.8,74.3,59.2,75.32857142857142,18.242049801279975,75.26333333333334,0.0,1.0,0.8660254037844387,-0.4999999999999998,0.895839290734909,-0.4443781781046132,109.2,84.7
2020-04-28,Bihar,ER,25.78541445,87.4799727,109.2,2020,4,1,119,0,0,24.5,80,104.1,75.0,74.6,80.21428571428571,22.273708609885666,76.41666666666667,0.7818314824680298,0.6234898018587336,0.8660254037844387,-0.4999999999999998,0.8880573226294932,-0.45973273945210397,104.2,70.8
2020-04-29,Bihar,ER,25.78541445,87.4799727,104.2,2020,4,2,120,0,0,24.7,79,109.2,73.4,73.4,84.61428571428573,23.699748843354783,77.44333333333333,0.9749279121818236,-0.22252093395631434,0.8660254037844387,-0.4999999999999998,0.8800122039735357,-0.47495107206704995,104.5,74.7
2020-04-30,Bihar,ER,25.78541445,87.4799727,104.5,2020,4,3,121,0,0,26.1,76,104.2,55.7,76.5,91.58571428571429,20.773655477666072,78.37666666666665,0.43388373911755823,-0.900968867902419,0.8660254037844387,-0.4999999999999998,0.8717063187093218,-0.4900286664290592,107.1,71.3
2020-05-01,Bihar,ER,25.78541445,87.4799727,107.1,2020,5,4,122,0,0,25.3,83,104.5,55.0,79.1,99.02857142857142,13.56265882066347,79.31,-0.433883739117558,-0.9009688679024191,0.49999999999999994,-0.8660254037844387,0.8631421280499114,-0.5049610547215204,105.8,76.1
2020-05-02,Bihar,ER,25.78541445,87.4799727,105.8,2020,5,5,123,1,0,25.6,82,107.1,70.3,82.8,104.10000000000001,4.901700385241317,80.07666666666665,-0.9749279121818236,-0.2225209339563146,0.49999999999999994,-0.8660254037844387,0.854322169749827,-0.5197438121555155,81.8,85.7
2020-05-03,Bihar,ER,25.78541445,87.4799727,81.8,2020,5,6,124,1,0,26.7,75,105.8,93.8,83.2,102.38571428571427,9.262726123453225,80.03,-0.7818314824680299,0.6234898018587334,0.49999999999999994,-0.8660254037844387,0.8452490573530633,-0.5343725582809786,84.7,77.3
2020-05-04,Bihar,ER,25.78541445,87.4799727,84.7,2020,5,0,125,0,0,27.1,77,81.8,104.1,84.4,99.61428571428573,11.334817829947767,80.03999999999999,0.0,1.0,0.49999999999999994,-0.8660254037844387,0.8359254794186372,-0.548842958284719,70.8,77.8
2020-05-05,Bihar,ER,25.78541445,87.4799727,70.8,2020,5,1,126,0,0,25.8,85,84.7,109.2,79.4,94.12857142857142,14.711641001342628,79.75333333333333,0.7818314824680298,0.6234898018587336,0.49999999999999994,-0.8660254037844387,0.8263541987239096,-0.5631507242749186,74.7,77.4
2020-05-13,Bihar,ER,25.78541445,87.4799727,74.7,2020,5,2,134,0,0,27.8,75,70.8,104.2,75.1,89.91428571428571,15.547285783637543,79.74,0.9749279121818236,-0.22252093395631434,0.49999999999999994,-0.8660254037844387,0.7412220108485958,-0.6712599575675313,71.3,77.0
2020-05-14,Bihar,ER,25.78541445,87.4799727,71.3,2020,5,3,135,0,0,26.8,78,74.7,104.5,74.0,85.17142857142856,15.419653507317058,79.65,0.43388373911755823,-0.900968867902419,0.49999999999999994,-0.8660254037844387,0.7295575540864875,-0.6839194216246106,76.1,79.6
2020-05-15,Bihar,ER,25.78541445,87.4799727,76.1,2020,5,4,136,0,0,26.7,79,71.3,107.1,74.4,80.74285714285713,12.184259947825714,79.70666666666666,-0.433883739117558,-0.9009688679024191,0.49999999999999994,-0.8660254037844387,0.717676913675962,-0.6963762255968722,85.7,76.4
2020-05-16,Bihar,ER,25.78541445,87.4799727,85.7,2020,5,5,137,1,0,27.3,79,76.1,105.8,74.6,77.87142857142858,6.1878144460743085,80.07666666666665,-0.9749279121818236,-0.2225209339563146,0.49999999999999994,-0.8660254037844387,0.705583610107178,-0.7086266782644596,77.3,75.9
2020-05-17,Bihar,ER,25.78541445,87.4799727,77.3,2020,5,6,138,1,0,27.9,74,85.7,81.8,75.7,77.22857142857143,5.940458536093462,80.13000000000001,-0.7818314824680299,0.6234898018587334,0.49999999999999994,-0.8660254037844387,0.6932812268869777,-0.7206671495538609,77.8,65.3
2020-05-18,Bihar,ER,25.78541445,87.4799727,77.8,2020,5,0,139,0,0,29.2,73,77.3,84.7,75.8,76.24285714285713,4.990610230842331,80.19666666666667,0.0,1.0,0.49999999999999994,-0.8660254037844387,0.6807734094770161,-0.7324940716135789,77.4,66.1
2020-05-19,Bihar,ER,25.78541445,87.4799727,77.4,2020,5,1,140,0,0,28.5,77,77.8,70.8,67.6,77.18571428571428,4.376615348046926,80.52333333333333,0.7818314824680298,0.6234898018587336,0.49999999999999994,-0.8660254037844387,0.6680638642135335,-0.7441039398713607,77.0,65.1
2020-05-20,Bihar,ER,25.78541445,87.4799727,77.0,2020,5,2,141,0,0,25.9,86,77.4,74.7,71.9,77.5142857142857,4.24320184586593,80.69333333333333,0.9749279121818236,-0.22252093395631434,0.49999999999999994,-0.8660254037844387,0.6551563572090853,-0.7554933140726803,79.6,66.2
2020-05-21,Bihar,ER,25.78541445,87.4799727,79.6,2020,5,3,142,0,0,23.8,86,77.0,71.3,71.4,78.7,3.2639444439714205,80.96666666666667,0.43388373911755823,-0.900968867902419,0.49999999999999994,-0.8660254037844387,0.6420547132365637,-0.766658819300159,76.4,67.6
