timestamp,node_id,region,latitude,longitude,consumption_mu,year,month,dayofweek,dayofyear,is_weekend,is_holiday,temperature_c,humidity,lag_1d,lag_7d,lag_30d,roll_mean_7d,roll_std_7d,roll_mean_30d,dow_sin,dow_cos,month_sin,month_cos,doy_sin,doy_cos,target_next_1d,target_next_7d
2019-02-02,Goa,WR,15.491997,73.81800065,7.1,2019,2,5,33,1,0,24.9,63,6.867,13.5,12.8,10.023857142857143,3.0381382692130954,11.655566666666665,-0.9749279121818236,-0.2225209339563146,0.8660254037844386,0.5000000000000001,0.5380051715382996,0.8429415373547828,7.2,10.1
2019-02-03,Goa,WR,15.491997,73.81800065,7.2,2019,2,6,34,1,0,25.3,61,7.1,13.5,13.7,9.123857142857142,2.7568794211675534,11.4389,-0.7818314824680299,0.6234898018587334,0.8660254037844386,0.5000000000000001,0.5524353131676196,0.8335557718385699,7.2,12.3
2019-02-04,Goa,WR,15.491997,73.81800065,7.2,2019,2,0,35,0,0,25.8,61,7.2,13.5,12.6,8.223857142857144,2.020020827332516,11.2589,0.0,1.0,0.8660254037844386,0.5000000000000001,0.5667017562911176,0.8239230057575542,7.2,12.3
2019-02-05,Goa,WR,15.491997,73.81800065,7.2,2019,2,1,36,0,0,26.0,62,7.2,11.6,13.0,7.595285714285714,1.3764164479165586,11.065566666666665,0.7818314824680298,0.6234898018587336,0.8660254037844386,0.5000000000000001,0.5808002734538009,0.8140460935082178,7.2,12.3
2019-02-06,Goa,WR,15.491997,73.81800065,7.2,2019,2,2,37,0,0,25.8,68,7.2,10.7,12.9,7.095285714285715,0.14951779636073304,10.875566666666666,0.9749279121818236,-0.22252093395631434,0.8660254037844386,0.5000000000000001,0.5947266869607634,0.8039279618328213,10.1,12.3
2019-02-07,Goa,WR,15.491997,73.81800065,10.1,2019,2,3,38,0,0,25.1,63,7.2,6.9,12.7,7.552428571428572,1.1300035187471549,10.788900000000002,0.43388373911755823,-0.900968867902419,0.8660254037844386,0.5000000000000001,0.6084768701151261,0.7935716089521474,10.1,9.8
2019-02-08,Goa,WR,15.491997,73.81800065,10.1,2019,2,4,39,0,0,23.9,58,10.1,6.867,10.9,8.014285714285714,1.425281926998505,10.762233333333333,-0.433883739117558,-0.9009688679024191,0.8660254037844386,0.5000000000000001,0.6220467484408675,0.7829801036770629,10.1,11.5
2019-02-09,Goa,WR,15.491997,73.81800065,10.1,2019,2,5,40,1,0,22.7,61,10.1,7.1,12.1,8.442857142857143,1.5501152030920622,10.695566666666668,-0.9749279121818236,-0.2225209339563146,0.8660254037844386,0.5000000000000001,0.6354323008901774,0.7721565844991642,12.3,11.5
2019-02-10,Goa,WR,15.491997,73.81800065,12.3,2019,2,6,41,1,0,24.1,61,10.1,7.2,12.1,9.171428571428573,2.0014280615885975,10.702233333333334,-0.7818314824680299,0.6234898018587334,0.8660254037844386,0.5000000000000001,0.6486295610349814,0.7611042586607747,12.3,11.5
2019-02-11,Goa,WR,15.491997,73.81800065,12.3,2019,2,0,42,0,0,24.8,69,12.3,7.2,12.1,9.9,2.0904544960366884,10.708900000000002,0.0,1.0,0.8660254037844386,0.5000000000000001,0.6616346182422783,0.7498264012045686,12.3,11.5
2019-02-12,Goa,WR,15.491997,73.81800065,12.3,2019,2,1,43,0,0,27.4,62,12.3,7.2,12.2,10.62857142857143,1.8696829372153698,10.712233333333332,0.7818314824680298,0.6234898018587336,0.8660254037844386,0.5000000000000001,0.6744436188329455,0.7383263540031065,12.3,11.5
2019-02-13,Goa,WR,15.491997,73.81800065,12.3,2019,2,2,44,0,0,27.2,58,12.3,7.2,12.4,11.357142857142858,1.1759494644146706,10.7089,0.9749279121818236,-0.22252093395631434,0.8660254037844386,0.5000000000000001,0.6870527672236669,0.7266075247685656,9.8,11.9
2019-02-14,Goa,WR,15.491997,73.81800065,9.8,2019,2,3,45,0,0,26.4,60,12.3,10.1,12.4,11.314285714285715,1.233462026747714,10.622233333333334,0.43388373911755823,-0.900968867902419,0.8660254037844386,0.5000000000000001,0.699458327051647,0.7146733860429609,11.5,12.4
2019-02-15,Goa,WR,15.491997,73.81800065,11.5,2019,2,4,46,0,0,25.5,68,9.8,10.1,12.4,11.514285714285714,1.1111984092689804,10.592233333333333,-0.433883739117558,-0.9009688679024191,0.8660254037844386,0.5000000000000001,0.7116566222817746,0.7025274741691571,11.5,11.8
2019-02-16,Goa,WR,15.491997,73.81800065,11.5,2019,2,5,47,1,0,25.4,58,11.5,10.1,11.3,11.714285714285714,0.9245333443212919,10.598899999999999,-0.9749279121818236,-0.2225209339563146,0.8660254037844386,0.5000000000000001,0.7236440382959124,0.6901733882429719,11.5,12.3
2019-02-17,Goa,WR,15.491997,73.81800065,11.5,2019,2,6,48,1,0,23.9,66,11.5,12.3,11.3,11.6,0.8888194417315629,10.605566666666668,-0.7818314824680299,0.6234898018587334,0.8660254037844386,0.5000000000000001,0.7354170229639855,0.6776147890466889,11.5,12.3
2019-02-18,Goa,WR,15.491997,73.81800065,11.5,2019,2,0,49,0,0,23.3,71,11.5,12.3,11.3,11.485714285714286,0.8335237877600805,10.612233333333334,0.0,1.0,0.8660254037844386,0.5000000000000001,0.7469720876965552,0.6648553979642865,11.5,12.3
2019-02-19,Goa,WR,15.491997,73.81800065,11.5,2019,2,1,50,0,0,24.0,77,11.5,12.3,11.8,11.37142857142857,0.7543524501502105,10.602233333333334,0.7818314824680298,0.6234898018587336,0.8660254037844386,0.5000000000000001,0.7583058084785624,0.6518989958787126,11.9,12.3
2019-02-20,Goa,WR,15.491997,73.81800065,11.9,2019,2,2,51,0,0,25.2,80,11.5,12.3,11.8,11.314285714285715,0.6841748592978586,10.605566666666666,0.9749279121818236,-0.22252093395631434,0.8660254037844386,0.5000000000000001,0.7694148268839378,0.6387494220515272,12.4,12.3
2019-02-21,Goa,WR,15.491997,73.81800065,12.4,2019,2,3,52,0,0,26.1,78,11.9,9.8,11.8,11.685714285714287,0.34846602621859474,10.625566666666666,0.43388373911755823,-0.900968867902419,0.8660254037844386,0.5000000000000001,0.7802958510707755,0.6254105729852463,11.8,9.8
2019-02-22,Goa,WR,15.491997,73.81800065,11.8,2019,2,4,53,0,0,26.9,70,12.4,11.5,8.2,11.72857142857143,0.3401680257083149,10.745566666666667,-0.433883739117558,-0.9009688679024191,0.8660254037844386,0.5000000000000001,0.7909456567567772,0.6118864012687243,12.3,10.2
2019-02-23,Goa,WR,15.491997,73.81800065,12.3,2019,2,5,54,1,0,27.1,58,11.8,11.5,13.5,11.842857142857143,0.38234863173612066,10.705566666666666,-0.9749279121818236,-0.2225209339563146,0.8660254037844386,0.5000000000000001,0.8013610881746766,0.5981809144059165,12.3,10.2
2019-02-24,Goa,WR,15.491997,73.81800065,12.3,2019,2,6,55,1,0,26.7,70,12.3,11.5,13.5,11.957142857142857,0.3823486317361212,10.665566666666667,-0.7818314824680299,0.6234898018587334,0.8660254037844386,0.5000000000000001,0.8115390590073611,0.5842981736283684,12.3,10.0
2019-02-25,Goa,WR,15.491997,73.81800065,12.3,2019,2,0,56,0,0,26.1,67,12.3,11.5,13.5,12.071428571428571,0.3401680257083168,10.625566666666666,0.0,1.0,0.8660254037844386,0.5000000000000001,0.8214765533024142,0.5702422926917871,12.3,9.2
2019-02-26,Goa,WR,15.491997,73.81800065,12.3,2019,2,1,57,0,0,25.9,62,12.3,11.5,13.5,12.185714285714287,0.234012616672507,10.585566666666667,0.7818314824680298,0.6234898018587336,0.8660254037844386,0.5000000000000001,0.8311706263658079,0.5560174366570446,12.3,10.6
2019-02-27,Goa,WR,15.491997,73.81800065,12.3,2019,2,2,58,0,0,25.0,67,12.3,11.9,13.5,12.242857142857144,0.1988059594776244,10.545566666666668,0.9749279121818236,-0.22252093395631434,0.8660254037844386,0.5000000000000001,0.8406184056344782,0.5416278206559814,9.8,9.1
2019-02-28,Goa,WR,15.491997,73.81800065,9.8,2019,2,3,59,0,0,24.6,61,12.3,12.4,11.6,11.871428571428572,0.9322272357358078,10.485566666666667,0.43388373911755823,-0.900968867902419,0.8660254037844386,0.5000000000000001,0.8498170915275278,0.5270777086423722,10.2,10.2
2019-03-02,Goa,WR,15.491997,73.81800065,10.2,2019,3,5,61,1,0,24.8,71,9.8,11.8,10.7,11.642857142857142,1.1282097069504178,10.4689,-0.9749279121818236,-0.2225209339563146,1.0,6.123233995736766e-17,0.8674563547295969,0.49751328890718066,10.2,10.2
2019-03-03,Goa,WR,15.491997,73.81800065,10.2,2019,3,6,62,1,0,25.6,75,10.2,12.3,6.9,11.342857142857143,1.2011898862615953,10.5789,-0.7818314824680299,0.6234898018587334,1.0,6.123233995736766e-17,0.8758917051442429,0.48250774176121847,10.0,11.1
2019-03-04,Goa,WR,15.491997,73.81800065,10.0,2019,3,0,63,0,1,25.4,74,10.2,12.3,6.867,11.014285714285716,1.2102734834581408,10.683333333333334,0.0,1.0,1.0,6.123233995736766e-17,0.8840675099433636,0.4673592171580022,9.2,11.3
2019-03-05,Goa,WR,15.491997,73.81800065,9.2,2019,3,1,64,0,0,25.3,74,10.0,12.3,7.1,10.571428571428571,1.2284329933079838,10.753333333333334,0.7818314824680298,0.6234898018587336,1.0,6.123233995736766e-17,0.8919813464595485,0.45207220393230435,10.6,11.4
2019-03-06,Goa,WR,15.491997,73.81800065,10.6,2019,3,2,65,0,0,24.9,72,9.2,12.3,7.2,10.328571428571427,0.9707630773679763,10.866666666666667,0.9749279121818236,-0.22252093395631434,1.0,6.123233995736766e-17,0.8996308696522433,0.43665123195606403,9.1,11.4
2019-03-07,Goa,WR,15.491997,73.81800065,9.1,2019,3,3,66,0,0,24.4,68,10.6,12.3,7.2,9.87142857142857,0.5498917642417807,10.93,0.43388373911755823,-0.900968867902419,1.0,6.123233995736766e-17,0.9070138128026359,0.4211008707960896,10.2,9.7
2019-03-08,Goa,WR,15.491997,73.81800065,10.2,2019,3,4,67,0,0,25.5,71,9.1,9.8,7.2,9.928571428571429,0.5618845839799059,11.03,-0.433883739117558,-0.9009688679024191,1.0,6.123233995736766e-17,0.9141279881853337,0.40542572835999735,10.2,8.7
2019-03-09,Goa,WR,15.491997,73.81800065,10.2,2019,3,5,68,1,0,25.1,78,10.2,10.2,7.2,9.928571428571429,0.5618845839799059,11.13,-0.9749279121818236,-0.2225209339563146,1.0,6.123233995736766e-17,0.9209712877166346,0.38963044953078796,11.1,9.7
2019-03-10,Goa,WR,15.491997,73.81800065,11.1,2019,3,6,69,1,0,26.0,70,10.2,10.2,10.1,10.057142857142855,0.7161404491139505,11.163333333333332,-0.7818314824680299,0.6234898018587334,1.0,6.123233995736766e-17,0.9275416835791966,0.37371971479046906,11.3,9.3
2019-03-11,Goa,WR,15.491997,73.81800065,11.3,2019,3,0,70,0,0,25.8,72,11.1,10.0,10.1,10.242857142857142,0.8541216596737261,11.203333333333335,0.0,1.0,1.0,6.123233995736766e-17,0.9338372288229252,0.35769823883312546,11.4,10.0
2019-03-12,Goa,WR,15.491997,73.81800065,11.4,2019,3,1,71,0,0,25.6,74,11.3,9.2,10.1,10.557142857142859,0.8100558475750125,11.246666666666666,0.7818314824680298,0.6234898018587336,1.0,6.123233995736766e-17,0.9398560579418954,0.3415707691678556,11.4,10.1
2019-03-13,Goa,WR,15.491997,73.81800065,11.4,2019,3,2,72,0,0,26.5,63,11.4,10.6,12.3,10.671428571428573,0.871233389539001,11.216666666666667,0.9749279121818236,-0.22252093395631434,1.0,6.123233995736766e-17,0.9455963874271426,0.3253420847119801,9.7,9.1
2019-03-14,Goa,WR,15.491997,73.81800065,9.7,2019,3,3,73,0,0,26.7,59,11.4,9.1,12.3,10.757142857142856,0.7044078904941905,11.13,0.43388373911755823,-0.900968867902419,1.0,6.123233995736766e-17,0.9510565162951535,0.30901699437494745,8.7,9.7
2019-03-15,Goa,WR,15.491997,73.81800065,8.7,2019,3,4,74,0,0,27.0,58,9.7,10.2,12.3,10.542857142857143,1.0469911538262737,11.01,-0.433883739117558,-0.9009688679024191,1.0,6.123233995736766e-17,0.9562348265919056,0.29260033563334836,9.7,12.3
2019-03-16,Goa,WR,15.491997,73.81800065,9.7,2019,3,5,75,1,0,26.8,63,8.7,10.2,12.3,10.471428571428572,1.090434600995224,10.923333333333334,-0.9749279121818236,-0.2225209339563146,1.0,6.123233995736766e-17,0.9611297838723007,0.27609697309746883,9.3,12.3
2019-03-17,Goa,WR,15.491997,73.81800065,9.3,2019,3,6,76,1,0,25.9,71,9.7,11.1,9.8,10.214285714285714,1.1290535437975888,10.906666666666666,-0.7818314824680299,0.6234898018587334,1.0,6.123233995736766e-17,0.9657399376548549,0.2595117970697999,10.0,12.3
2019-03-18,Goa,WR,15.491997,73.81800065,10.0,2019,3,0,77,0,0,25.6,69,9.3,11.3,11.5,10.028571428571428,1.022601723895609,10.856666666666666,0.0,1.0,1.0,6.123233995736766e-17,0.9700639218515071,0.2428497220959356,10.1,12.5
2019-03-19,Goa,WR,15.491997,73.81800065,10.1,2019,3,1,78,0,0,25.6,74,10.0,11.4,11.5,9.842857142857143,0.8323804075404017,10.81,0.7818314824680298,0.6234898018587336,1.0,6.123233995736766e-17,0.9741004551724205,0.22611568550828828,9.1,12.9
2019-03-20,Goa,WR,15.491997,73.81800065,9.1,2019,3,2,79,0,0,25.7,74,10.1,11.4,11.5,9.514285714285714,0.5047394424471716,10.729999999999999,0.9749279121818236,-0.22252093395631434,1.0,6.123233995736766e-17,0.9778483415056568,0.20931464596304847,9.7,12.9
2019-03-21,Goa,WR,15.491997,73.81800065,9.7,2019,3,3,80,0,1,25.9,72,9.1,9.7,11.5,9.514285714285714,0.5047394424471716,10.67,0.43388373911755823,-0.900968867902419,1.0,6.123233995736766e-17,0.9813064702716093,0.19245158197082998,12.3,12.9
2019-03-22,Goa,WR,15.491997,73.81800065,12.3,2019,3,4,81,0,0,26.6,63,9.7,8.7,11.5,10.028571428571428,1.0625665245280433,10.696666666666665,-0.433883739117558,-0.9009688679024191,1.0,6.123233995736766e-17,0.9844738167520922,0.1755314904214282,12.3,12.4
2019-03-23,Goa,WR,15.491997,73.81800065,12.3,2019,3,5,82,1,0,26.7,73,12.3,9.7,11.9,10.4,1.3453624047073682,10.71,-0.9749279121818236,-0.2225209339563146,1.0,6.123233995736766e-17,0.9873494423939864,0.15855938510313475,12.3,12.4
2019-03-24,Goa,WR,15.491997,73.81800065,12.3,2019,3,6,83,1,0,26.1,81,12.3,9.3,12.4,10.828571428571427,1.4126975209556665,10.706666666666667,-0.7818314824680299,0.6234898018587334,1.0,6.123233995736766e-17,0.989932495087353,0.141540295217043,12.5,12.4
2019-03-25,Goa,WR,15.491997,73.81800065,12.5,2019,3,0,84,0,0,27.1,82,12.3,10.0,11.8,11.185714285714285,1.4825974632702037,10.729999999999999,0.0,1.0,1.0,6.123233995736766e-17,0.9922222094179323,0.12447926388678915,12.9,12.4
2019-03-26,Goa,WR,15.491997,73.81800065,12.9,2019,3,1,85,0,0,28.2,82,12.5,10.1,12.3,11.585714285714285,1.5181442305531825,10.75,0.7818314824680298,0.6234898018587336,1.0,6.123233995736766e-17,0.994217906893952,0.10738134666416309,12.9,12.4
2019-03-27,Goa,WR,15.491997,73.81800065,12.9,2019,3,2,86,0,0,28.1,83,12.9,9.1,12.3,12.12857142857143,1.1041048949477748,10.770000000000001,0.9749279121818236,-0.22252093395631434,1.0,6.123233995736766e-17,0.995918996147179,0.09025161003104117,12.9,12.4
2019-03-28,Goa,WR,15.491997,73.81800065,12.9,2019,3,3,87,0,0,28.1,83,12.9,9.7,12.3,12.585714285714285,0.30237157840742007,10.79,0.43388373911755823,-0.900968867902419,1.0,6.123233995736766e-17,0.9973249731081555,0.07309512989807777,12.4,12.4
2019-03-29,Goa,WR,15.491997,73.81800065,12.4,2019,3,4,88,0,0,27.4,78,12.9,12.3,12.3,12.6,0.28867513459485344,10.793333333333333,-0.433883739117558,-0.9009688679024191,1.0,6.123233995736766e-17,0.9984354211555643,0.055916990100603484,12.4,10.9
2019-03-30,Goa,WR,15.491997,73.81800065,12.4,2019,3,5,89,1,0,27.5,80,12.4,12.3,12.3,12.614285714285716,0.2734262327611022,10.796666666666665,-0.9749279121818236,-0.2225209339563146,1.0,6.123233995736766e-17,0.9992500112396835,0.03872228089217446,12.4,10.9
2019-03-31,Goa,WR,15.491997,73.81800065,12.4,2019,3,6,90,1,0,28.0,81,12.4,12.3,9.8,12.62857142857143,0.25634797778470886,10.883333333333333,-0.7818314824680299,0.6234898018587334,1.0,6.123233995736766e-17,0.9997685019798909,0.021516097436222254,12.4,10.9
2019-04-02,Goa,WR,15.491997,73.81800065,12.4,2019,4,1,92,0,0,27.5,75,12.4,12.5,10.2,12.614285714285716,0.26726124191246864,10.956666666666667,0.7818314824680298,0.6234898018587336,0.8660254037844387,-0.4999999999999998,0.9999166586547379,-0.01291029607500882,12.4,10.9
2019-04-03,Goa,WR,15.491997,73.81800065,12.4,2019,4,2,93,0,0,27.6,77,12.4,12.9,10.2,12.542857142857143,0.24397501823717962,11.03,0.9749279121818236,-0.22252093395631434,0.8660254037844387,-0.4999999999999998,0.9995462806873573,-0.030120304846908114,12.4,9.7
2019-04-04,Goa,WR,15.491997,73.81800065,12.4,2019,4,3,94,0,0,27.7,80,12.4,12.9,10.0,12.471428571428572,0.18898223650467091,11.110000000000001,0.43388373911755823,-0.900968867902419,0.8660254037844387,-0.4999999999999998,0.9988797155850336,-0.04732138832243185,12.4,10.0
2019-04-05,Goa,WR,15.491997,73.81800065,12.4,2019,4,4,95,0,0,28.2,77,12.4,12.9,9.2,12.4,1.438142196130578e-07,11.216666666666667,-0.433883739117558,-0.9009688679024191,0.8660254037844387,-0.4999999999999998,0.9979171608653922,-0.06450844944931623,10.9,10.0
2019-04-06,Goa,WR,15.491997,73.81800065,10.9,2019,4,5,96,1,0,28.5,76,12.4,12.4,10.6,12.185714285714285,0.5669467095138571,11.226666666666665,-0.9749279121818236,-0.2225209339563146,0.8660254037844387,-0.4999999999999998,0.9966589017541702,-0.08167639533042241,10.9,12.4
2019-04-07,Goa,WR,15.491997,73.81800065,10.9,2019,4,6,97,1,0,28.5,74,10.9,12.4,9.1,11.971428571428573,0.731925054711411,11.286666666666667,-0.7818314824680299,0.6234898018587334,0.8660254037844387,-0.4999999999999998,0.9951053111006976,-0.09882013873287143,10.9,12.4
2019-04-08,Goa,WR,15.491997,73.81800065,10.9,2019,4,0,98,0,0,28.3,77,10.9,12.4,10.2,11.757142857142858,0.801783725737282,11.31,0.0,1.0,0.8660254037844387,-0.4999999999999998,0.9932568492674143,-0.11593459959550041,10.9,12.4
2019-04-09,Goa,WR,15.491997,73.81800065,10.9,2019,4,1,99,0,0,28.6,78,10.9,12.4,10.2,11.542857142857143,0.8017837257372805,11.333333333333334,0.7818314824680298,0.6234898018587336,0.8660254037844387,-0.4999999999999998,0.9911140639934547,-0.1330147065341959,9.7,12.4
2019-04-10,Goa,WR,15.491997,73.81800065,9.7,2019,4,2,100,0,0,28.4,76,10.9,12.4,11.1,11.157142857142858,0.9554355775546309,11.286666666666667,0.9749279121818236,-0.22252093395631434,0.8660254037844387,-0.4999999999999998,0.9886775902323405,-0.1500553983446526,10.0,12.4
2019-04-11,Goa,WR,15.491997,73.81800065,10.0,2019,4,3,101,0,0,28.3,78,9.7,12.4,11.3,10.814285714285715,0.8610624666239823,11.243333333333334,0.43388373911755823,-0.900968867902419,0.8660254037844387,-0.4999999999999998,0.9859481499638304,-0.16705162550211924,10.0,10.9
2019-04-12,Goa,WR,15.491997,73.81800065,10.0,2019,4,4,102,0,0,28.7,77,10.0,12.4,11.4,10.471428571428572,0.5437961803049822,11.196666666666667,-0.433883739117558,-0.9009688679024191,0.8660254037844387,-0.4999999999999998,0.9829265519799822,-0.18399835165768005,12.4,10.0
2019-04-13,Goa,WR,15.491997,73.81800065,12.4,2019,4,5,103,1,1,28.8,81,10.0,10.9,11.4,10.685714285714285,0.9118270512704562,11.229999999999999,-0.9749279121818236,-0.2225209339563146,0.8660254037844387,-0.4999999999999998,0.9796136916454901,-0.20089055513063506,12.4,10.5
2019-04-14,Goa,WR,15.491997,73.81800065,12.4,2019,4,6,104,1,1,29.4,76,12.4,10.9,9.7,10.9,1.1224972160321844,11.32,-0.7818314824680299,0.6234898018587334,0.8660254037844387,-0.4999999999999998,0.9760105506323683,-0.21772323039653177,12.4,10.9
2019-04-15,Goa,WR,15.491997,73.81800065,12.4,2019,4,0,105,0,0,29.2,79,12.4,10.9,8.7,11.114285714285716,1.2575486358103913,11.443333333333333,0.0,1.0,0.8660254037844387,-0.4999999999999998,0.9721181966290613,-0.23449138957040985,12.4,10.8
2019-04-16,Goa,WR,15.491997,73.81800065,12.4,2019,4,1,106,0,0,28.8,79,12.4,10.9,9.7,11.328571428571427,1.3400426432447183,11.533333333333333,0.7818314824680298,0.6234898018587336,0.8660254037844387,-0.4999999999999998,0.9679377830240642,-0.25119006388481935,12.4,10.9
2019-04-17,Goa,WR,15.491997,73.81800065,12.4,2019,4,2,107,0,1,28.9,70,12.4,9.7,9.3,11.714285714285714,1.171080087538243,11.636666666666667,0.9749279121818236,-0.22252093395631434,0.8660254037844387,-0.4999999999999998,0.9634705485641488,-0.2678143051621742,10.9,11.1
2019-04-18,Goa,WR,15.491997,73.81800065,10.9,2019,4,3,108,0,0,28.6,56,12.4,10.0,10.0,11.842857142857143,0.9863352081605679,11.666666666666666,0.43388373911755823,-0.900968867902419,0.8660254037844387,-0.4999999999999998,0.9587178169872964,-0.2843591872810034,10.0,11.6
2019-04-19,Goa,WR,15.491997,73.81800065,10.0,2019,4,4,109,0,1,28.2,71,10.9,10.0,10.1,11.842857142857143,0.9863352081605679,11.663333333333332,-0.433883739117558,-0.9009688679024191,0.8660254037844387,-0.4999999999999998,0.9536809966304457,-0.30081980763566735,10.5,11.6
2019-04-20,Goa,WR,15.491997,73.81800065,10.5,2019,4,5,110,1,0,28.2,73,10.0,12.4,9.1,11.571428571428571,1.065698965803332,11.71,-0.9749279121818236,-0.2225209339563146,0.8660254037844387,-0.4999999999999998,0.9483615800121715,-0.3171912885891061,10.9,12.9
2019-04-21,Goa,WR,15.491997,73.81800065,10.9,2019,4,6,111,1,0,28.3,72,10.5,12.4,9.7,11.357142857142858,1.021203771466374,11.75,-0.7818314824680299,0.6234898018587334,0.8660254037844387,-0.4999999999999998,0.9427611433904207,-0.3334687789181868,10.8,13.1
2019-04-22,Goa,WR,15.491997,73.81800065,10.8,2019,4,0,112,0,0,29.0,68,10.9,12.4,12.3,11.12857142857143,0.923244795480025,11.7,0.0,1.0,0.8660254037844387,-0.4999999999999998,0.9368813462954315,-0.3496474552512284,10.9,10.9
2019-04-23,Goa,WR,15.491997,73.81800065,10.9,2019,4,1,113,0,0,29.5,64,10.8,12.4,12.3,10.914285714285715,0.7335497516155511,11.653333333333334,0.7818314824680298,0.6234898018587336,0.8660254037844387,-0.4999999999999998,0.9307239310379795,-0.36572252349726897,11.1,13.1
2019-04-24,Goa,WR,15.491997,73.81800065,11.1,2019,4,2,114,0,0,29.4,66,10.9,12.4,12.3,10.728571428571428,0.3683941988064997,11.613333333333333,0.9749279121818236,-0.22252093395631434,0.8660254037844387,-0.4999999999999998,0.9242907221930933,-0.3816892202666588,11.6,13.5
2019-04-25,Goa,WR,15.491997,73.81800065,11.6,2019,4,3,115,0,0,29.4,71,11.1,10.9,12.5,10.828571428571427,0.49569575922563974,11.583333333333334,0.43388373911755823,-0.900968867902419,0.8660254037844387,-0.4999999999999998,0.9175836260593937,-0.39754281428255595,11.6,13.4
2019-04-26,Goa,WR,15.491997,73.81800065,11.6,2019,4,4,116,0,0,28.8,79,11.6,10.0,12.9,11.057142857142855,0.41173269183270933,11.540000000000001,-0.433883739117558,-0.9009688679024191,0.8660254037844387,-0.4999999999999998,0.9106046300942162,-0.4132786077829042,12.9,13.3
2019-04-27,Goa,WR,15.491997,73.81800065,12.9,2019,4,5,117,1,0,29.1,80,11.6,10.5,12.9,11.4,0.7393691004272965,11.54,-0.9749279121818236,-0.2225209339563146,0.8660254037844387,-0.4999999999999998,0.9033558023246845,-0.4288919379124835,13.1,11.0
2019-04-28,Goa,WR,15.491997,73.81800065,13.1,2019,4,6,118,1,0,29.8,80,12.9,10.9,12.9,11.714285714285714,0.9335033858688346,11.546666666666669,-0.7818314824680299,0.6234898018587334,0.8660254037844387,-0.4999999999999998,0.895839290734909,-0.4443781781046132,10.9,11.0
2019-04-29,Goa,WR,15.491997,73.81800065,10.9,2019,4,0,119,0,0,29.3,82,13.1,10.8,12.4,11.728571428571428,0.9178131358729618,11.496666666666666,0.0,1.0,0.8660254037844387,-0.4999999999999998,0.8880573226294932,-0.45973273945210397,13.1,12.2
2019-04-30,Goa,WR,15.491997,73.81800065,13.1,2019,4,1,120,0,0,29.3,80,10.9,10.9,12.4,12.042857142857143,0.9623879031817096,11.520000000000001,0.7818314824680298,0.6234898018587336,0.8660254037844387,-0.4999999999999998,0.8800122039735357,-0.47495107206704995,13.5,11.9
2019-05-02,Goa,WR,15.491997,73.81800065,13.5,2019,5,3,122,0,0,28.3,75,13.1,11.1,12.4,12.385714285714284,0.9973775136636681,11.556666666666668,0.43388373911755823,-0.900968867902419,0.49999999999999994,-0.8660254037844387,0.8631421280499114,-0.5049610547215204,13.4,11.9
2019-05-03,Goa,WR,15.491997,73.81800065,13.4,2019,5,4,123,0,0,28.3,72,13.5,11.6,12.4,12.642857142857142,0.9930712341974745,11.59,-0.433883739117558,-0.9009688679024191,0.49999999999999994,-0.8660254037844387,0.854322169749827,-0.5197438121555155,13.3,11.9
2019-05-04,Goa,WR,15.491997,73.81800065,13.3,2019,5,5,124,1,0,28.7,68,13.4,11.6,12.4,12.885714285714286,0.8989411761040099,11.620000000000001,-0.9749279121818236,-0.2225209339563146,0.49999999999999994,-0.8660254037844387,0.8452490573530633,-0.5343725582809786,11.0,11.3
2019-05-05,Goa,WR,15.491997,73.81800065,11.0,2019,5,6,125,1,0,28.6,72,13.3,12.9,12.4,12.614285714285714,1.1466306749611765,11.573333333333332,-0.7818314824680299,0.6234898018587334,0.49999999999999994,-0.8660254037844387,0.8359254794186372,-0.548842958284719,11.0,11.4
2019-05-06,Goa,WR,15.491997,73.81800065,11.0,2019,5,0,126,0,0,29.0,74,11.0,13.1,12.4,12.314285714285715,1.2667919737517754,11.526666666666667,0.0,1.0,0.49999999999999994,-0.8660254037844387,0.8263541987239096,-0.5631507242749186,12.2,11.0
2019-05-07,Goa,WR,15.491997,73.81800065,12.2,2019,5,1,127,0,0,29.1,75,11.0,10.9,10.9,12.5,1.1105554165971865,11.57,0.7818314824680298,0.6234898018587336,0.49999999999999994,-0.8660254037844387,0.8165380514459161,-0.5772916165517272,11.9,11.3
2019-05-08,Goa,WR,15.491997,73.81800065,11.9,2019,5,2,128,0,0,29.0,73,12.2,13.1,10.9,12.328571428571431,1.0950103282835435,11.603333333333333,0.9749279121818236,-0.22252093395631434,0.49999999999999994,-0.8660254037844387,0.8064799463209448,-0.5912614448635781,11.9,11.3
2019-05-09,Goa,WR,15.491997,73.81800065,11.9,2019,5,3,129,0,0,28.9,68,11.9,13.5,10.9,12.1,0.9695359714832714,11.636666666666667,0.43388373911755823,-0.900968867902419,0.49999999999999994,-0.8660254037844387,0.7961828637826158,-0.6050560696488488,11.9,11.3
2019-05-10,Goa,WR,15.491997,73.81800065,11.9,2019,5,4,130,0,0,28.8,69,11.9,13.4,10.9,11.885714285714286,0.7819389819088054,11.669999999999998,-0.433883739117558,-0.9009688679024191,0.49999999999999994,-0.8660254037844387,0.7856498550787147,-0.6186714032625031,11.3,11.3
2019-05-11,Goa,WR,15.491997,73.81800065,11.3,2019,5,5,131,1,0,29.2,72,11.9,13.3,9.7,11.6,0.4898979485566382,11.723333333333333,-0.9749279121818236,-0.2225209339563146,0.49999999999999994,-0.8660254037844387,0.7748840413670407,-0.6321034111873487,11.4,11.3
2019-05-12,Goa,WR,15.491997,73.81800065,11.4,2019,5,6,132,1,0,28.9,73,11.3,11.0,10.0,11.657142857142858,0.42761798705988313,11.770000000000001,-0.7818314824680299,0.6234898018587334,0.49999999999999994,-0.8660254037844387,0.7638886127905428,-0.6453481132295501,11.0,13.8
2019-05-13,Goa,WR,15.491997,73.81800065,11.0,2019,5,0,133,0,0,29.2,71,11.4,11.0,10.0,11.657142857142858,0.42761798705988313,11.803333333333335,0.0,1.0,0.49999999999999994,-0.8660254037844387,0.7526668275320085,-0.6584015846980488,11.3,13.8
2019-05-14,Goa,WR,15.491997,73.81800065,11.3,2019,5,1,134,0,0,29.1,72,11.0,12.2,12.4,11.528571428571428,0.36839419880650603,11.766666666666667,0.7818314824680298,0.6234898018587336,0.49999999999999994,-0.8660254037844387,0.7412220108485958,-0.6712599575675313,11.3,13.8
2019-05-15,Goa,WR,15.491997,73.81800065,11.3,2019,5,2,135,0,0,29.1,73,11.3,11.9,12.4,11.442857142857145,0.33594217189442505,11.729999999999999,0.9749279121818236,-0.22252093395631434,0.49999999999999994,-0.8660254037844387,0.7295575540864875,-0.6839194216246106,11.3,13.5
2019-05-16,Goa,WR,15.491997,73.81800065,11.3,2019,5,3,136,0,0,29.0,73,11.3,11.9,12.4,11.357142857142858,0.26992062325273014,11.693333333333333,0.43388373911755823,-0.900968867902419,0.49999999999999994,-0.8660254037844387,0.717676913675962,-0.6963762255968722,11.3,13.5
2019-05-17,Goa,WR,15.491997,73.81800065,11.3,2019,5,4,137,0,0,28.9,75,11.3,11.9,12.4,11.271428571428572,0.12535663410559517,11.656666666666668,-0.433883739117558,-0.9009688679024191,0.49999999999999994,-0.8660254037844387,0.705583610107178,-0.7086266782644596,11.3,13.5
2019-05-18,Goa,WR,15.491997,73.81800065,11.3,2019,5,5,138,1,1,29.6,73,11.3,11.3,12.4,11.271428571428572,0.12535663410559517,11.620000000000001,-0.9749279121818236,-0.2225209339563146,0.49999999999999994,-0.8660254037844387,0.6932812268869777,-0.7206671495538609,13.8,13.5
2019-05-19,Goa,WR,15.491997,73.81800065,13.8,2019,5,6,139,1,0,29.5,73,11.3,11.4,10.9,11.614285714285714,0.9702724212449685,11.716666666666667,-0.7818314824680299,0.6234898018587334,0.49999999999999994,-0.8660254037844387,0.6807734094770161,-0.7324940716135789,13.8,7.4
2019-05-20,Goa,WR,15.491997,73.81800065,13.8,2019,5,0,140,0,0,29.0,77,13.8,11.0,10.0,12.014285714285714,1.219875091185669,11.843333333333334,0.0,1.0,0.49999999999999994,-0.8660254037844387,0.6680638642135335,-0.7441039398713607,13.8,6.9
2019-05-21,Goa,WR,15.491997,73.81800065,13.8,2019,5,1,141,0,0,29.4,79,13.8,11.3,10.5,12.371428571428572,1.3363062095621256,11.953333333333335,0.7818314824680298,0.6234898018587336,0.49999999999999994,-0.8660254037844387,0.6551563572090853,-0.7554933140726803,13.5,7.2
2019-05-22,Goa,WR,15.491997,73.81800065,13.5,2019,5,2,142,0,0,29.5,78,13.8,11.3,10.9,12.685714285714287,1.3005493344846952,12.04,0.9749279121818236,-0.22252093395631434,0.49999999999999994,-0.8660254037844387,0.6420547132365637,-0.766658819300159,13.5,6.867
2019-05-23,Goa,WR,15.491997,73.81800065,13.5,2019,5,3,143,0,0,29.2,76,13.5,11.3,10.8,13.000000000000002,1.1690451944500182,12.129999999999999,0.43388373911755823,-0.900968867902419,0.49999999999999994,-0.8660254037844387,0.6287628145958344,-0.7775971469736269,13.5,6.9
2019-05-24,Goa,WR,15.491997,73.81800065,13.5,2019,5,4,144,0,0,29.3,76,13.5,11.3,10.9,13.314285714285715,0.9007933011676914,12.216666666666667,-0.433883739117558,-0.9009688679024191,0.49999999999999994,-0.8660254037844387,0.6152845999633276,-0.7883050558305255,13.5,7.0
2019-05-25,Goa,WR,15.491997,73.81800065,13.5,2019,5,5,145,1,0,29.7,75,13.5,11.3,11.1,13.62857142857143,0.1603567451475084,12.296666666666665,-0.9749279121818236,-0.2225209339563146,0.49999999999999994,-0.8660254037844387,0.6016240632249226,-0.7987793728863649,7.4,6.867
2019-05-26,Goa,WR,15.491997,73.81800065,7.4,2019,5,6,146,1,0,29.5,74,13.5,13.8,11.6,12.714285714285714,2.347643195084932,12.156666666666666,-0.7818314824680299,0.6234898018587334,0.49999999999999994,-0.8660254037844387,0.5877852522924732,-0.8090169943749473,6.9,10.8
2019-05-27,Goa,WR,15.491997,73.81800065,6.9,2019,5,0,147,0,0,29.6,74,7.4,13.8,11.6,11.72857142857143,3.1330040353811066,12.0,0.0,1.0,0.49999999999999994,-0.8660254037844387,0.5737722679043246,-0.8190148866680801,7.2,10.8
2019-05-28,Goa,WR,15.491997,73.81800065,7.2,2019,5,1,148,0,0,29.7,73,6.9,13.8,12.9,10.785714285714286,3.3884256774243373,11.81,0.7818314824680298,0.6234898018587336,0.49999999999999994,-0.8660254037844387,0.5595892624101765,-0.8287700871745038,6.867,11.5
2019-05-29,Goa,WR,15.491997,73.81800065,6.867,2019,5,2,149,0,0,29.5,73,7.2,13.5,13.1,9.838142857142858,3.4300705740344686,11.602233333333334,0.9749279121818236,-0.22252093395631434,0.49999999999999994,-0.8660254037844387,0.545240438540651,-0.8382797052177744,6.9,10.5
2019-05-30,Goa,WR,15.491997,73.81800065,6.9,2019,5,3,150,0,0,29.4,73,6.867,13.5,10.9,8.895285714285714,3.151532257716645,11.4689,0.43388373911755823,-0.900968867902419,0.49999999999999994,-0.8660254037844387,0.5307300481619334,-0.8475409228928311,7.0,10.5
2019-05-31,Goa,WR,15.491997,73.81800065,7.0,2019,5,4,151,0,0,29.3,76,6.9,13.5,13.1,7.9667142857142865,2.4476496695323666,11.265566666666667,-0.433883739117558,-0.9009688679024191,0.49999999999999994,-0.8660254037844387,0.5160623910158528,-0.8565509959010036,6.867,10.5
2019-06-02,Goa,WR,15.491997,73.81800065,6.867,2019,6,6,153,1,0,29.8,73,7.0,13.5,13.5,7.019142857142858,0.20526927726883357,11.044466666666667,-0.7818314824680299,0.6234898018587334,1.2246467991473532e-16,-1.0,0.48627270710868997,-0.8738071036110808,10.8,8.9
2019-06-03,Goa,WR,15.491997,73.81800065,10.8,2019,6,0,154,0,0,29.0,79,6.867,7.4,13.4,7.5048571428571424,1.4578073064905182,10.9578,0.0,1.0,1.2246467991473532e-16,-1.0,0.4711595076738638,-0.8820480249558537,10.8,12.0
2019-06-04,Goa,WR,15.491997,73.81800065,10.8,2019,6,1,155,0,0,29.4,76,10.8,6.9,13.3,8.062,1.873965047699663,10.874466666666667,0.7818314824680298,0.6234898018587336,1.2246467991473532e-16,-1.0,0.4559066935084588,-0.8900275764346767,11.5,12.0
2019-06-05,Goa,WR,15.491997,73.81800065,11.5,2019,6,2,156,0,1,29.9,75,10.8,7.2,11.0,8.676285714285715,2.217575306070854,10.891133333333332,0.9749279121818236,-0.22252093395631434,1.2246467991473532e-16,-1.0,0.440518784350495,-0.8977433935342337,10.5,12.0
2019-06-06,Goa,WR,15.491997,73.81800065,10.5,2019,6,3,157,0,0,30.0,76,11.5,6.867,11.0,9.195285714285715,2.147585210904388,10.874466666666667,0.43388373911755823,-0.900968867902419,1.2246467991473532e-16,-1.0,0.42500033996955416,-0.9051931898913974,10.5,12.0
2019-06-07,Goa,WR,15.491997,73.81800065,10.5,2019,6,4,158,0,0,29.7,79,10.5,6.9,12.2,9.709571428571428,1.925930412133565,10.8178,-0.433883739117558,-0.9009688679024191,1.2246467991473532e-16,-1.0,0.4093559588156213,-0.9123747579707273,10.5,12.0
2019-06-08,Goa,WR,15.491997,73.81800065,10.5,2019,6,5,159,1,0,30.1,79,10.5,7.0,11.9,10.209571428571428,1.5159291822886385,10.771133333333333,-0.9749279121818236,-0.2225209339563146,1.2246467991473532e-16,-1.0,0.39359027665646673,-0.9192859697186104,8.9,11.5
2019-06-09,Goa,WR,15.491997,73.81800065,8.9,2019,6,6,160,1,0,29.2,80,10.5,6.867,11.9,10.5,0.789514618821811,10.671133333333334,-0.7818314824680299,0.6234898018587334,1.2246467991473532e-16,-1.0,0.3777079652039649,-0.9259247771938498,12.0,9.8
2019-06-10,Goa,WR,15.491997,73.81800065,12.0,2019,6,0,161,0,0,29.5,76,8.9,10.8,11.9,10.671428571428573,0.9741907508530534,10.674466666666667,0.0,1.0,1.2246467991473532e-16,-1.0,0.36171373072976765,-0.9322892131745133,12.0,11.8
2019-06-11,Goa,WR,15.491997,73.81800065,12.0,2019,6,1,162,0,0,27.1,87,12.0,10.8,11.3,10.842857142857143,1.0982670331893307,10.6978,0.7818314824680298,0.6234898018587336,1.2246467991473532e-16,-1.0,0.3456123126707335,-0.9383773917408641,12.0,12.4
2019-06-12,Goa,WR,15.491997,73.81800065,12.0,2019,6,2,163,0,0,27.2,89,12.0,11.5,11.4,10.914285714285715,1.162509600574804,10.7178,0.9749279121818236,-0.22252093395631434,1.2246467991473532e-16,-1.0,0.3294084822245304,-0.9441875088341993,12.0,12.4
2019-06-13,Goa,WR,15.491997,73.81800065,12.0,2019,6,3,164,0,0,27.0,91,12.0,10.5,11.0,11.12857142857143,1.2106668764421966,10.751133333333334,0.43388373911755823,-0.900968867902419,1.2246467991473532e-16,-1.0,0.3131070409358269,-0.9497178427914316,12.0,12.4
2019-06-14,Goa,WR,15.491997,73.81800065,12.0,2019,6,4,165,0,0,27.0,91,12.0,10.5,11.3,11.342857142857143,1.2136132591798605,10.774466666666667,-0.433883739117558,-0.9009688679024191,1.2246467991473532e-16,-1.0,0.29671281927349075,-0.9549667548552551,11.5,12.4
2019-06-15,Goa,WR,15.491997,73.81800065,11.5,2019,6,5,166,1,0,27.2,90,12.0,10.5,11.3,11.485714285714286,1.1553189623484617,10.781133333333335,-0.9749279121818236,-0.2225209339563146,1.2246467991473532e-16,-1.0,0.28023067519921585,-0.9599326896597447,9.8,12.4
2019-06-16,Goa,WR,15.491997,73.81800065,9.8,2019,6,6,167,1,0,27.6,88,11.5,8.9,11.3,11.614285714285714,0.8214389233302296,10.731133333333334,-0.7818314824680299,0.6234898018587334,1.2246467991473532e-16,-1.0,0.26366549272800704,-0.9646141756912435,11.8,12.4
2019-06-17,Goa,WR,15.491997,73.81800065,11.8,2019,6,0,168,0,0,27.6,88,9.8,12.0,11.3,11.585714285714285,0.8091735937127006,10.7478,0.0,1.0,1.2246467991473532e-16,-1.0,0.24702218048093552,-0.9690098257244062,12.4,9.9
2019-06-18,Goa,WR,15.491997,73.81800065,12.4,2019,6,1,169,0,0,26.6,91,11.8,12.0,11.3,11.642857142857142,0.8560707580902207,10.784466666666667,0.7818314824680298,0.6234898018587336,1.2246467991473532e-16,-1.0,0.23030567023061221,-0.9731183372332619,12.4,10.1
2019-06-19,Goa,WR,15.491997,73.81800065,12.4,2019,6,2,170,0,0,26.8,92,12.4,12.0,13.8,11.700000000000001,0.8962886439832629,10.7378,0.9749279121818236,-0.22252093395631434,1.2246467991473532e-16,-1.0,0.21352091543979612,-0.9769384927771817,12.4,10.3
2019-06-20,Goa,WR,15.491997,73.81800065,12.4,2019,6,3,171,0,0,26.8,90,12.4,12.0,13.8,11.757142857142856,0.9306935457982394,10.691133333333335,0.43388373911755823,-0.900968867902419,1.2246467991473532e-16,-1.0,0.19667288979357647,-0.980469160361632,12.4,10.4
2019-06-21,Goa,WR,15.491997,73.81800065,12.4,2019,6,4,172,0,0,26.6,92,12.4,12.0,13.8,11.814285714285715,0.959910710133289,10.644466666666666,-0.433883739117558,-0.9009688679024191,1.2246467991473532e-16,-1.0,0.1797665857255624,-0.9837092937736097,12.4,10.1
2019-06-22,Goa,WR,15.491997,73.81800065,12.4,2019,6,5,173,1,0,26.4,91,12.4,11.5,13.5,11.942857142857141,0.9710083124552371,10.607800000000001,-0.9749279121818236,-0.2225209339563146,1.2246467991473532e-16,-1.0,0.16280701293851715,-0.986657932891657,12.4,10.0
2019-06-23,Goa,WR,15.491997,73.81800065,12.4,2019,6,6,174,1,0,26.1,92,12.4,9.8,13.5,12.314285714285715,0.22677868380559896,10.571133333333334,-0.7818314824680299,0.6234898018587334,1.2246467991473532e-16,-1.0,0.1457991969198751,-0.9893142039703663,9.9,8.7
2019-06-24,Goa,WR,15.491997,73.81800065,9.9,2019,6,0,175,0,0,26.1,92,12.4,11.8,13.5,12.042857142857144,0.9449111825230817,10.451133333333333,0.0,1.0,1.2246467991473532e-16,-1.0,0.12874817745258132,-0.99167731989929,10.1,11.7
2019-06-25,Goa,WR,15.491997,73.81800065,10.1,2019,6,1,176,0,0,26.7,91,9.9,12.4,13.5,11.714285714285714,1.1725024114098561,10.3378,0.7818314824680298,0.6234898018587336,1.2246467991473532e-16,-1.0,0.11165900712169512,-0.993746580436178,10.3,11.8
2019-06-26,Goa,WR,15.491997,73.81800065,10.3,2019,6,2,177,0,0,26.5,91,10.1,12.4,7.4,11.414285714285713,1.2348124978157307,10.434466666666669,0.9749279121818236,-0.22252093395631434,1.2246467991473532e-16,-1.0,0.09453674981719912,-0.9955213724144752,10.4,11.9
2019-06-27,Goa,WR,15.491997,73.81800065,10.4,2019,6,3,178,0,0,26.4,91,10.3,12.4,6.9,11.12857142857143,1.1996031089688102,10.551133333333333,0.43388373911755823,-0.900968867902419,1.2246467991473532e-16,-1.0,0.07738647923346301,-0.9970011699250151,10.1,11.9
2019-06-28,Goa,WR,15.491997,73.81800065,10.1,2019,6,4,179,0,0,26.0,92,10.4,12.4,7.2,10.799999999999999,1.104536101718732,10.6478,-0.433883739117558,-0.9009688679024191,1.2246467991473532e-16,-1.0,0.06021327736579302,-0.9981855344718586,10.0,11.9
2019-06-29,Goa,WR,15.491997,73.81800065,10.0,2019,6,5,180,1,0,25.8,92,10.1,12.4,6.867,10.457142857142857,0.8734169352933072,10.752233333333333,-0.9749279121818236,-0.2225209339563146,1.2246467991473532e-16,-1.0,0.04302223300453059,-0.99907411510223,8.7,11.3
2019-06-30,Goa,WR,15.491997,73.81800065,8.7,2019,6,6,181,1,0,25.9,92,10.0,12.4,6.9,9.928571428571429,0.5677860093212571,10.812233333333333,-0.7818314824680299,0.6234898018587334,1.2246467991473532e-16,-1.0,0.02581844022713308,-0.9996666485105112,11.7,10.2
2019-07-01,Goa,WR,15.491997,73.81800065,11.7,2019,7,0,182,0,0,26.3,91,8.7,9.9,7.0,10.185714285714285,0.8764104278791105,10.9689,0.0,1.0,-0.4999999999999997,-0.8660254037844388,0.008606996888688698,-0.9999629591162655,11.8,8.0
2019-07-02,Goa,WR,15.491997,73.81800065,11.8,2019,7,1,183,0,0,26.2,91,11.7,10.1,6.867,10.428571428571429,1.064133897768961,11.133333333333333,0.7818314824680298,0.6234898018587336,-0.4999999999999997,-0.8660254037844388,-0.008606996888688009,-0.9999629591162655,11.9,8.399999999999999
2019-07-03,Goa,WR,15.491997,73.81800065,11.9,2019,7,2,184,0,0,26.1,91,11.8,10.3,10.8,10.657142857142857,1.195626952491378,11.169999999999998,0.9749279121818236,-0.22252093395631434,-0.4999999999999997,-0.8660254037844388,-0.02581844022713239,-0.9996666485105112,11.9,9.05
2019-07-04,Goa,WR,15.491997,73.81800065,11.9,2019,7,3,185,0,0,26.3,92,11.9,10.4,10.8,10.87142857142857,1.2737271891503943,11.206666666666669,0.43388373911755823,-0.900968867902419,-0.4999999999999997,-0.8660254037844388,-0.04302223300453034,-0.99907411510223,11.9,10.75
2019-07-05,Goa,WR,15.491997,73.81800065,11.9,2019,7,4,186,0,0,26.5,90,11.9,10.1,11.5,11.12857142857143,1.2737271891503945,11.22,-0.433883739117558,-0.9009688679024191,-0.4999999999999997,-0.8660254037844388,-0.060213277365792774,-0.9981855344718586,11.3,12.7
2019-07-06,Goa,WR,15.491997,73.81800065,11.3,2019,7,5,187,1,0,26.8,88,11.9,10.0,10.5,11.314285714285715,1.1725024114098523,11.246666666666668,-0.9749279121818236,-0.2225209339563146,-0.4999999999999997,-0.8660254037844388,-0.07738647923346322,-0.9970011699250151,10.2,13.0
2019-07-07,Goa,WR,15.491997,73.81800065,10.2,2019,7,6,188,1,0,27.0,87,11.3,8.7,10.5,11.528571428571427,0.6237368187365829,11.236666666666668,-0.7818314824680299,0.6234898018587334,-0.4999999999999997,-0.8660254037844388,-0.09453674981719933,-0.9955213724144752,8.0,13.0
2019-07-08,Goa,WR,15.491997,73.81800065,8.0,2019,7,0,189,0,0,26.8,87,10.2,11.7,10.5,11.0,1.460593486680447,11.153333333333334,0.0,1.0,-0.4999999999999997,-0.8660254037844388,-0.11165900712169444,-0.9937465804361781,8.399999999999999,13.0
2019-07-09,Goa,WR,15.491997,73.81800065,8.399999999999999,2019,7,1,190,0,0,26.6,88,8.0,11.8,8.9,10.514285714285714,1.6964949861686147,11.136666666666667,0.7818314824680298,0.6234898018587336,-0.4999999999999997,-0.8660254037844388,-0.12874817745258066,-0.99167731989929,9.05,11.8
2019-07-10,Goa,WR,15.491997,73.81800065,9.05,2019,7,2,191,0,0,25.9,91,8.399999999999999,11.9,12.0,10.107142857142858,1.6498556935452917,11.038333333333332,0.9749279121818236,-0.22252093395631434,-0.4999999999999997,-0.8660254037844388,-0.14579919691987442,-0.9893142039703664,10.75,9.8
2019-07-11,Goa,WR,15.491997,73.81800065,10.75,2019,7,3,192,0,0,25.0,93,9.05,11.9,12.0,9.942857142857141,1.491204371033857,10.996666666666666,0.43388373911755823,-0.900968867902419,-0.4999999999999997,-0.8660254037844388,-0.16280701293851646,-0.9866579328916572,12.7,10.5
2019-07-12,Goa,WR,15.491997,73.81800065,12.7,2019,7,4,193,0,0,25.7,92,10.75,11.9,12.0,10.057142857142859,1.6843467011051536,11.020000000000001,-0.433883739117558,-0.9009688679024191,-0.4999999999999997,-0.8660254037844388,-0.17976658572556214,-0.9837092937736098,13.0,10.9
2019-07-13,Goa,WR,15.491997,73.81800065,13.0,2019,7,5,194,1,0,26.2,91,12.7,11.3,12.0,10.299999999999999,1.9885086539079158,11.053333333333335,-0.9749279121818236,-0.2225209339563146,-0.4999999999999997,-0.8660254037844388,-0.19667288979357622,-0.9804691603616321,13.0,9.3
2019-07-14,Goa,WR,15.491997,73.81800065,13.0,2019,7,6,195,1,0,26.0,91,13.0,10.2,12.0,10.700000000000001,2.231778065429746,11.086666666666668,-0.7818314824680299,0.6234898018587334,-0.4999999999999997,-0.8660254037844388,-0.2135209154397959,-0.9769384927771817,13.0,9.9
2019-07-15,Goa,WR,15.491997,73.81800065,13.0,2019,7,0,196,0,0,26.0,92,13.0,8.0,11.5,11.414285714285715,2.0130230760629426,11.136666666666667,0.0,1.0,-0.4999999999999997,-0.8660254037844388,-0.23030567023061196,-0.973118337233262,11.8,11.7
2019-07-16,Goa,WR,15.491997,73.81800065,11.8,2019,7,1,197,0,0,25.9,91,13.0,8.399999999999999,9.8,11.9,1.51244834622542,11.203333333333331,0.7818314824680298,0.6234898018587336,-0.4999999999999997,-0.8660254037844388,-0.24702218048093527,-0.9690098257244063,9.8,12.4
2019-07-17,Goa,WR,15.491997,73.81800065,9.8,2019,7,2,198,0,0,25.7,92,11.8,9.05,11.8,12.007142857142856,1.2866068330524096,11.136666666666667,0.9749279121818236,-0.22252093395631434,-0.4999999999999997,-0.8660254037844388,-0.2636654927280072,-0.9646141756912435,10.5,11.9
2019-07-18,Goa,WR,15.491997,73.81800065,10.5,2019,7,3,199,0,0,26.1,90,9.8,10.75,12.4,11.971428571428572,1.330055494724798,11.073333333333332,0.43388373911755823,-0.900968867902419,-0.4999999999999997,-0.8660254037844388,-0.2802306751992161,-0.9599326896597445,10.9,11.9
2019-07-19,Goa,WR,15.491997,73.81800065,10.9,2019,7,4,200,0,0,26.1,91,10.5,12.7,12.4,11.714285714285714,1.339687241397003,11.023333333333335,-0.433883739117558,-0.9009688679024191,-0.4999999999999997,-0.8660254037844388,-0.2967128192734901,-0.9549667548552553,9.3,11.8
2019-07-20,Goa,WR,15.491997,73.81800065,9.3,2019,7,5,201,1,0,26.0,92,10.9,13.0,12.4,11.185714285714285,1.471312986676155,10.919999999999998,-0.9749279121818236,-0.2225209339563146,-0.4999999999999997,-0.8660254037844388,-0.3131070409358267,-0.9497178427914317,9.9,11.2
2019-07-21,Goa,WR,15.491997,73.81800065,9.9,2019,7,6,202,1,0,26.7,89,9.3,13.0,12.4,10.742857142857146,1.2895181824453439,10.836666666666668,-0.7818314824680299,0.6234898018587334,-0.4999999999999997,-0.8660254037844388,-0.3294084822245302,-0.9441875088341994,11.7,10.9
2019-07-22,Goa,WR,15.491997,73.81800065,11.7,2019,7,0,203,0,0,26.2,90,9.9,13.0,12.4,10.557142857142859,0.9623879031817029,10.813333333333334,0.0,1.0,-0.4999999999999997,-0.8660254037844388,-0.3456123126707333,-0.9383773917408642,12.4,10.9
2019-07-23,Goa,WR,15.491997,73.81800065,12.4,2019,7,1,204,0,0,25.8,91,11.7,11.8,12.4,10.642857142857142,1.107334852784141,10.813333333333333,0.7818314824680298,0.6234898018587336,-0.4999999999999997,-0.8660254037844388,-0.3617137307297674,-0.9322892131745134,11.9,10.9
2019-07-24,Goa,WR,15.491997,73.81800065,11.9,2019,7,2,205,0,0,25.7,92,12.4,9.8,9.9,10.942857142857141,1.1252512946850926,10.88,0.9749279121818236,-0.22252093395631434,-0.4999999999999997,-0.8660254037844388,-0.37770796520396466,-0.9259247771938499,11.9,11.5
2019-07-25,Goa,WR,15.491997,73.81800065,11.9,2019,7,3,206,0,0,25.9,92,11.9,10.5,10.1,11.142857142857142,1.1573779890441196,10.94,0.43388373911755823,-0.900968867902419,-0.4999999999999997,-0.8660254037844388,-0.39359027665646645,-0.9192859697186105,11.8,11.5
2019-07-26,Goa,WR,15.491997,73.81800065,11.8,2019,7,4,207,0,0,25.4,93,11.9,10.9,10.3,11.271428571428572,1.17574697634353,10.99,-0.433883739117558,-0.9009688679024191,-0.4999999999999997,-0.8660254037844388,-0.4093559588156211,-0.9123747579707274,11.2,11.5
2019-07-27,Goa,WR,15.491997,73.81800065,11.2,2019,7,5,208,1,0,26.5,87,11.8,9.3,10.4,11.542857142857144,0.8059303999253351,11.016666666666667,-0.9749279121818236,-0.2225209339563146,-0.4999999999999997,-0.8660254037844388,-0.42500033996955394,-0.9051931898913975,10.9,11.5
2019-07-28,Goa,WR,15.491997,73.81800065,10.9,2019,7,6,209,1,0,25.7,91,11.2,9.9,10.1,11.685714285714285,0.49473417585801105,11.043333333333333,-0.7818314824680299,0.6234898018587334,-0.4999999999999997,-0.8660254037844388,-0.4405187843504952,-0.8977433935342336,10.9,13.1
2019-07-29,Goa,WR,15.491997,73.81800065,10.9,2019,7,0,210,0,0,25.4,91,10.9,11.7,10.0,11.571428571428571,0.5765248931147322,11.073333333333332,0.0,1.0,-0.4999999999999997,-0.8660254037844388,-0.455906693508459,-0.8900275764346766,10.9,12.4
2019-07-30,Goa,WR,15.491997,73.81800065,10.9,2019,7,1,211,0,0,25.6,91,10.9,12.4,8.7,11.357142857142858,0.48941169737125334,11.146666666666667,0.7818314824680298,0.6234898018587336,-0.4999999999999997,-0.8660254037844388,-0.47115950767386394,-0.8820480249558535,11.5,12.4
2019-07-31,Goa,WR,15.491997,73.81800065,11.5,2019,7,2,212,0,0,26.0,90,10.9,11.9,11.7,11.299999999999999,0.4358898943540696,11.139999999999999,0.9749279121818236,-0.22252093395631434,-0.4999999999999997,-0.8660254037844388,-0.4862727071086902,-0.8738071036110807,11.5,9.1
2019-08-01,Goa,WR,15.491997,73.81800065,11.5,2019,8,3,213,0,0,26.4,88,11.5,11.9,11.8,11.242857142857142,0.3644957377763765,11.129999999999999,0.43388373911755823,-0.900968867902419,-0.8660254037844385,-0.5000000000000004,-0.5012418134457756,-0.8653072543632061,11.5,10.3
2019-08-02,Goa,WR,15.491997,73.81800065,11.5,2019,8,4,214,0,0,25.7,91,11.5,11.8,11.9,11.200000000000001,0.30000000000000393,11.116666666666667,-0.433883739117558,-0.9009688679024191,-0.8660254037844385,-0.5000000000000004,-0.5160623910158526,-0.8565509959010037,11.5,10.5
2019-08-03,Goa,WR,15.491997,73.81800065,11.5,2019,8,5,215,1,0,25.5,91,11.5,11.2,11.9,11.242857142857142,0.3207134902949128,11.103333333333332,-0.9749279121818236,-0.2225209339563146,-0.8660254037844385,-0.5000000000000004,-0.5307300481619331,-0.8475409228928312,13.1,10.6
2019-08-04,Goa,WR,15.491997,73.81800065,13.1,2019,8,6,216,1,0,25.8,90,11.5,10.9,11.9,11.557142857142859,0.7367883976130085,11.143333333333334,-0.7818314824680299,0.6234898018587334,-0.8660254037844385,-0.5000000000000004,-0.5452404385406507,-0.8382797052177745,12.4,10.6
2019-08-05,Goa,WR,15.491997,73.81800065,12.4,2019,8,0,217,0,0,25.5,91,13.1,10.9,11.3,11.771428571428572,0.7319250547114015,11.18,0.0,1.0,-0.8660254037844385,-0.5000000000000004,-0.5595892624101763,-0.828770087174504,12.4,10.3
2019-08-06,Goa,WR,15.491997,73.81800065,12.4,2019,8,1,218,0,0,25.7,93,12.4,10.9,10.2,11.985714285714284,0.6491753010001029,11.253333333333334,0.7818314824680298,0.6234898018587336,-0.8660254037844385,-0.5000000000000004,-0.5737722679043243,-0.8190148866680802,9.1,10.7
2019-08-08,Goa,WR,15.491997,73.81800065,9.1,2019,8,3,220,0,0,25.8,91,12.4,11.5,8.0,11.642857142857142,1.2778329870750502,11.29,0.43388373911755823,-0.900968867902419,-0.8660254037844385,-0.5000000000000004,-0.6016240632249227,-0.7987793728863648,10.3,10.2
2019-08-09,Goa,WR,15.491997,73.81800065,10.3,2019,8,4,221,0,0,25.4,92,9.1,11.5,8.399999999999999,11.471428571428573,1.3768494056047988,11.353333333333332,-0.433883739117558,-0.9009688679024191,-0.8660254037844385,-0.5000000000000004,-0.6152845999633277,-0.7883050558305253,10.5,10.3
2019-08-10,Goa,WR,15.491997,73.81800065,10.5,2019,8,5,222,1,0,25.8,91,10.3,11.5,9.05,11.328571428571431,1.42444642547469,11.401666666666667,-0.9749279121818236,-0.2225209339563146,-0.8660254037844385,-0.5000000000000004,-0.6287628145958345,-0.7775971469736268,10.6,10.7
2019-08-11,Goa,WR,15.491997,73.81800065,10.6,2019,8,6,223,1,0,26.1,89,10.5,11.5,10.75,11.200000000000001,1.446835627614048,11.396666666666668,-0.7818314824680299,0.6234898018587334,-0.8660254037844385,-0.5000000000000004,-0.6420547132365636,-0.7666588193001592,10.6,10.9
2019-08-12,Goa,WR,15.491997,73.81800065,10.6,2019,8,0,224,0,1,26.1,90,10.6,13.1,12.7,10.842857142857143,1.1844227044670945,11.326666666666666,0.0,1.0,-0.8660254037844385,-0.5000000000000004,-0.655156357209085,-0.7554933140726804,10.3,10.6
2019-08-13,Goa,WR,15.491997,73.81800065,10.3,2019,8,1,225,0,0,25.8,92,10.6,12.4,13.0,10.542857142857143,0.9710083124552265,11.236666666666666,0.7818314824680298,0.6234898018587336,-0.8660254037844385,-0.5000000000000004,-0.6680638642135333,-0.7441039398713608,10.7,10.6
2019-08-14,Goa,WR,15.491997,73.81800065,10.7,2019,8,2,226,0,0,25.5,92,10.3,12.4,13.0,10.299999999999999,0.5507570547286131,11.16,0.9749279121818236,-0.22252093395631434,-0.8660254037844385,-0.5000000000000004,-0.6807734094770159,-0.7324940716135792,10.2,9.4
2019-08-15,Goa,WR,15.491997,73.81800065,10.2,2019,8,3,227,0,1,25.4,93,10.7,9.1,13.0,10.457142857142857,0.19023794624227783,11.066666666666666,0.43388373911755823,-0.900968867902419,-0.8660254037844385,-0.5000000000000004,-0.6932812268869771,-0.7206671495538615,10.3,12.5
2019-08-16,Goa,WR,15.491997,73.81800065,10.3,2019,8,4,228,0,0,25.8,92,10.2,10.3,11.8,10.457142857142857,0.19023794624227783,11.016666666666667,-0.433883739117558,-0.9009688679024191,-0.8660254037844385,-0.5000000000000004,-0.7055836101071774,-0.70862667826446,10.7,12.7
2019-08-17,Goa,WR,15.491997,73.81800065,10.7,2019,8,5,229,1,0,26.3,89,10.3,10.5,9.8,10.485714285714286,0.21157009420499018,11.046666666666669,-0.9749279121818236,-0.2225209339563146,-0.8660254037844385,-0.5000000000000004,-0.7176769136759615,-0.6963762255968726,10.9,12.4
2019-08-18,Goa,WR,15.491997,73.81800065,10.9,2019,8,6,230,1,0,26.1,91,10.7,10.6,10.5,10.528571428571428,0.26276913640612926,11.06,-0.7818314824680299,0.6234898018587334,-0.8660254037844385,-0.5000000000000004,-0.7295575540864876,-0.6839194216246105,10.6,11.5
2019-08-19,Goa,WR,15.491997,73.81800065,10.6,2019,8,0,231,0,0,26.4,91,10.9,10.6,10.9,10.528571428571428,0.26276913640612926,11.05,0.0,1.0,-0.8660254037844385,-0.5000000000000004,-0.7412220108485957,-0.6712599575675315,10.6,11.5
2019-08-20,Goa,WR,15.491997,73.81800065,10.6,2019,8,1,232,0,0,26.5,90,10.6,10.3,9.3,10.571428571428571,0.24299715851759085,11.093333333333334,0.7818314824680298,0.6234898018587336,-0.8660254037844385,-0.5000000000000004,-0.7526668275320083,-0.6584015846980489,9.4,12.7
2019-08-21,Goa,WR,15.491997,73.81800065,9.4,2019,8,2,233,0,0,26.3,89,10.6,10.7,9.9,10.385714285714286,0.49473417585801327,11.076666666666666,0.9749279121818236,-0.22252093395631434,-0.8660254037844385,-0.5000000000000004,-0.7638886127905429,-0.64534811322955,12.5,11.9
2019-08-22,Goa,WR,15.491997,73.81800065,12.5,2019,8,3,234,0,0,25.8,90,9.4,10.2,11.7,10.714285714285714,0.9263343014782751,11.103333333333333,0.43388373911755823,-0.900968867902419,-0.8660254037844385,-0.5000000000000004,-0.7748840413670406,-0.6321034111873488,12.7,11.8
2019-08-23,Goa,WR,15.491997,73.81800065,12.7,2019,8,4,235,0,0,25.5,91,12.5,10.3,12.4,11.057142857142859,1.161690066034749,11.113333333333335,-0.433883739117558,-0.9009688679024191,-0.8660254037844385,-0.5000000000000004,-0.7856498550787144,-0.6186714032625032,12.4,11.3
2019-08-24,Goa,WR,15.491997,73.81800065,12.4,2019,8,5,236,1,1,25.5,92,12.7,10.7,11.9,11.299999999999999,1.2489995996796848,11.129999999999999,-0.9749279121818236,-0.2225209339563146,-0.8660254037844385,-0.5000000000000004,-0.7961828637826154,-0.6050560696488494,11.5,11.5
2019-08-25,Goa,WR,15.491997,73.81800065,11.5,2019,8,6,237,1,0,25.8,91,12.4,10.9,11.9,11.385714285714286,1.2375090187261608,11.116666666666667,-0.7818314824680299,0.6234898018587334,-0.8660254037844385,-0.5000000000000004,-0.8064799463209447,-0.5912614448635782,11.5,11.5
2019-08-26,Goa,WR,15.491997,73.81800065,11.5,2019,8,0,238,0,0,25.7,92,11.5,10.6,11.8,11.514285714285714,1.1880355935023945,11.106666666666666,0.0,1.0,-0.8660254037844385,-0.5000000000000004,-0.8165380514459157,-0.5772916165517278,12.7,11.5
2019-08-27,Goa,WR,15.491997,73.81800065,12.7,2019,8,1,239,0,0,26.2,89,11.5,10.6,11.2,11.814285714285715,1.183819484308562,11.156666666666666,0.7818314824680298,0.6234898018587336,-0.8660254037844385,-0.5000000000000004,-0.8263541987239094,-0.5631507242749187,11.9,11.8
2019-08-28,Goa,WR,15.491997,73.81800065,11.9,2019,8,2,240,0,0,25.7,92,12.7,9.4,10.9,12.171428571428569,0.5313952882562804,11.19,0.9749279121818236,-0.22252093395631434,-0.8660254037844385,-0.5000000000000004,-0.8359254794186365,-0.5488429582847199,11.8,11.0
2019-08-29,Goa,WR,15.491997,73.81800065,11.8,2019,8,3,241,0,0,26.0,91,11.9,12.5,10.9,12.071428571428571,0.525085027128281,11.22,0.43388373911755823,-0.900968867902419,-0.8660254037844385,-0.5000000000000004,-0.8452490573530634,-0.5343725582809785,11.3,10.4
2019-08-30,Goa,WR,15.491997,73.81800065,11.3,2019,8,4,242,0,0,26.0,92,11.8,12.7,10.9,11.871428571428572,0.512231346542724,11.233333333333333,-0.433883739117558,-0.9009688679024191,-0.8660254037844385,-0.5000000000000004,-0.8543221697498269,-0.5197438121555157,11.5,11.1
2019-08-31,Goa,WR,15.491997,73.81800065,11.5,2019,8,5,243,1,0,25.7,92,11.3,12.4,11.5,11.742857142857144,0.4685336802448975,11.233333333333333,-0.9749279121818236,-0.2225209339563146,-0.8660254037844385,-0.5000000000000004,-0.8631421280499115,-0.5049610547215202,11.5,10.9
2019-09-01,Goa,WR,15.491997,73.81800065,11.5,2019,9,6,244,1,0,25.2,92,11.5,11.5,11.5,11.742857142857144,0.4685336802448975,11.233333333333333,-0.7818314824680299,0.6234898018587334,-1.0,-1.8369701987210297e-16,-0.8717063187093217,-0.4900286664290594,11.5,10.6
2019-09-02,Goa,WR,15.491997,73.81800065,11.5,2019,9,0,245,0,0,25.5,91,11.5,11.5,11.5,11.742857142857144,0.4685336802448975,11.233333333333333,0.0,1.0,-1.0,-1.8369701987210297e-16,-0.8800122039735356,-0.4749510720670502,11.8,10.5
2019-09-03,Goa,WR,15.491997,73.81800065,11.8,2019,9,1,246,0,0,25.4,93,11.5,12.7,11.5,11.614285714285714,0.2193062655175529,11.243333333333334,0.7818314824680298,0.6234898018587336,-1.0,-1.8369701987210297e-16,-0.888057322629493,-0.4597327394521046,11.0,9.9
2019-09-04,Goa,WR,15.491997,73.81800065,11.0,2019,9,2,247,0,0,25.3,92,11.8,11.9,13.1,11.485714285714286,0.2794552524023378,11.173333333333334,0.9749279121818236,-0.22252093395631434,-1.0,-1.8369701987210297e-16,-0.8958392907349089,-0.4443781781046134,10.4,11.3
2019-09-05,Goa,WR,15.491997,73.81800065,10.4,2019,9,3,248,0,0,25.6,93,11.0,11.8,12.4,11.285714285714286,0.459813626840904,11.106666666666667,0.43388373911755823,-0.900968867902419,-1.0,-1.8369701987210297e-16,-0.9033558023246842,-0.4288919379124841,11.1,11.4
2019-09-06,Goa,WR,15.491997,73.81800065,11.1,2019,9,4,249,0,0,25.7,91,10.4,11.3,12.4,11.257142857142856,0.4649628761422687,11.063333333333333,-0.433883739117558,-0.9009688679024191,-1.0,-1.8369701987210297e-16,-0.9106046300942162,-0.41327860778290443,10.9,11.4
2019-09-08,Goa,WR,15.491997,73.81800065,10.9,2019,9,6,251,1,0,26.0,90,11.1,11.5,9.1,11.171428571428573,0.46802523334499063,11.123333333333335,-0.7818314824680299,0.6234898018587334,-1.0,-1.8369701987210297e-16,-0.9242907221930934,-0.3816892202666586,10.6,11.4
2019-09-09,Goa,WR,15.491997,73.81800065,10.6,2019,9,0,252,0,0,26.3,89,10.9,11.5,10.3,11.042857142857143,0.48599431703517837,11.133333333333333,0.0,1.0,-1.0,-1.8369701987210297e-16,-0.9307239310379793,-0.3657225234972692,10.5,11.4
2019-09-10,Goa,WR,15.491997,73.81800065,10.5,2019,9,1,253,0,1,26.1,91,10.6,11.5,10.5,10.9,0.47609522856953673,11.133333333333333,0.7818314824680298,0.6234898018587336,-1.0,-1.8369701987210297e-16,-0.9368813462954315,-0.34964745525122826,9.9,11.4
2019-09-11,Goa,WR,15.491997,73.81800065,9.9,2019,9,2,254,0,0,26.0,92,10.5,11.8,10.6,10.62857142857143,0.4151878519188197,11.110000000000001,0.9749279121818236,-0.22252093395631434,-1.0,-1.8369701987210297e-16,-0.9427611433904206,-0.33346877891818705,11.3,11.4
2019-09-12,Goa,WR,15.491997,73.81800065,11.3,2019,9,3,255,0,0,25.6,93,9.9,11.0,10.6,10.671428571428573,0.47157284949513806,11.133333333333333,0.43388373911755823,-0.900968867902419,-1.0,-1.8369701987210297e-16,-0.9483615800121716,-0.31719128858910595,11.4,11.8
2019-09-13,Goa,WR,15.491997,73.81800065,11.4,2019,9,4,256,0,0,25.6,92,11.3,10.4,10.3,10.814285714285715,0.5241773600241788,11.17,-0.433883739117558,-0.9009688679024191,-1.0,-1.8369701987210297e-16,-0.9536809966304455,-0.300819807635668,11.4,13.8
2019-09-14,Goa,WR,15.491997,73.81800065,11.4,2019,9,5,257,1,0,26.0,91,11.4,11.1,10.7,10.857142857142858,0.5623081683476503,11.193333333333333,-0.9749279121818236,-0.2225209339563146,-1.0,-1.8369701987210297e-16,-0.9587178169872964,-0.2843591872810036,11.4,13.8
2019-09-15,Goa,WR,15.491997,73.81800065,11.4,2019,9,6,258,1,0,25.9,92,11.4,10.9,10.2,10.928571428571429,0.5992058236095782,11.233333333333333,-0.7818314824680299,0.6234898018587334,-1.0,-1.8369701987210297e-16,-0.9634705485641486,-0.26781430516217486,11.4,13.8
2019-09-16,Goa,WR,15.491997,73.81800065,11.4,2019,9,0,259,0,0,26.0,89,11.4,10.6,10.3,11.042857142857144,0.6023762469230984,11.270000000000001,0.0,1.0,-1.0,-1.8369701987210297e-16,-0.9679377830240642,-0.25119006388481957,11.4,13.8
2019-09-17,Goa,WR,15.491997,73.81800065,11.4,2019,9,1,260,0,0,26.3,89,11.4,10.5,10.7,11.171428571428573,0.5618845839799324,11.293333333333331,0.7818314824680298,0.6234898018587336,-1.0,-1.8369701987210297e-16,-0.9721181966290612,-0.23449138957041052,11.4,13.8
2019-09-18,Goa,WR,15.491997,73.81800065,11.4,2019,9,2,261,0,0,26.3,90,11.4,9.9,10.9,11.385714285714286,0.037796447301161336,11.31,0.9749279121818236,-0.22252093395631434,-1.0,-1.8369701987210297e-16,-0.9760105506323682,-0.21772323039653224,11.8,10.3
2019-09-19,Goa,WR,15.491997,73.81800065,11.8,2019,9,3,262,0,0,25.5,92,11.4,11.3,10.6,11.457142857142857,0.15118578920375259,11.35,0.43388373911755823,-0.900968867902419,-1.0,-1.8369701987210297e-16,-0.9796136916454901,-0.20089055513063528,13.8,12.8
2019-09-20,Goa,WR,15.491997,73.81800065,13.8,2019,9,4,263,0,0,26.5,89,11.8,11.4,10.6,11.799999999999999,0.8944271909999278,11.456666666666667,-0.433883739117558,-0.9009688679024191,-1.0,-1.8369701987210297e-16,-0.9829265519799822,-0.18399835165767986,13.8,12.8
2019-09-21,Goa,WR,15.491997,73.81800065,13.8,2019,9,5,264,1,0,26.2,91,13.8,11.4,9.4,12.142857142857144,1.1414276774536207,11.603333333333332,-0.9749279121818236,-0.2225209339563146,-1.0,-1.8369701987210297e-16,-0.9859481499638303,-0.1670516255021195,13.8,12.8
2019-09-22,Goa,WR,15.491997,73.81800065,13.8,2019,9,6,265,1,0,26.7,89,13.8,11.4,12.5,12.485714285714286,1.2375090187261657,11.646666666666667,-0.7818314824680299,0.6234898018587334,-1.0,-1.8369701987210297e-16,-0.9886775902323404,-0.15005539834465262,13.8,12.8
2019-09-23,Goa,WR,15.491997,73.81800065,13.8,2019,9,0,266,0,0,26.7,89,13.8,11.4,12.7,12.828571428571427,1.2188988004400996,11.683333333333334,0.0,1.0,-1.0,-1.8369701987210297e-16,-0.9911140639934546,-0.13301470653419636,13.8,12.8
2019-09-24,Goa,WR,15.491997,73.81800065,13.8,2019,9,1,267,0,0,26.6,88,13.8,11.4,12.4,13.171428571428573,1.0796824930109385,11.73,0.7818314824680298,0.6234898018587336,-1.0,-1.8369701987210297e-16,-0.9932568492674143,-0.11593459959550066,10.3,10.3
2019-09-25,Goa,WR,15.491997,73.81800065,10.3,2019,9,2,268,0,0,26.0,91,13.8,11.4,11.5,13.014285714285716,1.4099983113802887,11.690000000000001,0.9749279121818236,-0.22252093395631434,-1.0,-1.8369701987210297e-16,-0.9951053111006974,-0.09882013873287211,12.8,10.8
2019-09-26,Goa,WR,15.491997,73.81800065,12.8,2019,9,3,269,0,0,25.5,91,10.3,11.8,11.5,13.157142857142858,1.31384568203062,11.733333333333333,0.43388373911755823,-0.900968867902419,-1.0,-1.8369701987210297e-16,-0.99665890175417,-0.08167639533042288,12.8,9.5
2019-09-27,Goa,WR,15.491997,73.81800065,12.8,2019,9,4,270,0,0,26.2,89,12.8,13.8,12.7,13.014285714285716,1.2863754913562104,11.736666666666668,-0.433883739117558,-0.9009688679024191,-1.0,-1.8369701987210297e-16,-0.9979171608653922,-0.06450844944931625,12.8,9.5
2019-09-28,Goa,WR,15.491997,73.81800065,12.8,2019,9,5,271,1,0,26.4,90,12.8,13.8,11.9,12.87142857142857,1.2392393980641154,11.766666666666667,-0.9749279121818236,-0.2225209339563146,-1.0,-1.8369701987210297e-16,-0.9988797155850335,-0.04732138832243232,12.8,9.5
2019-09-29,Goa,WR,15.491997,73.81800065,12.8,2019,9,6,272,1,0,26.9,88,12.8,13.8,11.8,12.72857142857143,1.17006308336245,11.8,-0.7818314824680299,0.6234898018587334,-1.0,-1.8369701987210297e-16,-0.9995462806873573,-0.03012030484690836,12.8,9.5
2019-09-30,Goa,WR,15.491997,73.81800065,12.8,2019,9,0,273,0,0,26.9,88,12.8,13.8,11.3,12.585714285714287,1.0745984853711306,11.850000000000001,0.0,1.0,-1.0,-1.8369701987210297e-16,-0.9999166586547379,-0.012910296075008843,10.3,11.9
2019-10-01,Goa,WR,15.491997,73.81800065,10.3,2019,10,1,274,0,0,26.4,90,12.8,13.8,11.5,12.085714285714287,1.2198750911856748,11.81,0.7818314824680298,0.6234898018587336,-0.8660254037844386,0.5000000000000001,-0.9999907397361901,0.004303538296243821,10.8,12.0
2019-10-02,Goa,WR,15.491997,73.81800065,10.8,2019,10,2,275,0,1,27.1,88,10.3,10.3,11.5,12.157142857142857,1.1073348527841507,11.786666666666667,0.9749279121818236,-0.22252093395631434,-0.8660254037844386,0.5000000000000001,-0.9997685019798909,0.021516097436222233,9.5,12.0
2019-10-03,Goa,WR,15.491997,73.81800065,9.5,2019,10,3,276,0,0,27.4,87,10.8,12.8,11.5,11.685714285714285,1.4404033826542906,11.72,0.43388373911755823,-0.900968867902419,-0.8660254037844386,0.5000000000000001,-0.9992500112396835,0.03872228089217399,9.5,11.5
2019-10-04,Goa,WR,15.491997,73.81800065,9.5,2019,10,4,277,0,0,26.6,91,9.5,12.8,11.8,11.214285714285714,1.550729475041317,11.643333333333334,-0.433883739117558,-0.9009688679024191,-0.8660254037844386,0.5000000000000001,-0.9984354211555643,0.05591699010060302,9.5,11.5
2019-10-05,Goa,WR,15.491997,73.81800065,9.5,2019,10,5,278,1,0,26.9,89,9.5,12.8,11.0,10.742857142857144,1.4886875011870313,11.593333333333334,-0.9749279121818236,-0.2225209339563146,-0.8660254037844386,0.5000000000000001,-0.9973249731081555,0.07309512989807776,9.5,11.5
2019-10-06,Goa,WR,15.491997,73.81800065,9.5,2019,10,6,279,1,0,26.6,86,9.5,12.8,10.4,10.271428571428572,1.2284329933079892,11.563333333333333,-0.7818314824680299,0.6234898018587334,-0.8660254037844386,0.5000000000000001,-0.9959189961471792,0.0902516100310407,11.9,11.5
2019-10-08,Goa,WR,15.491997,73.81800065,11.9,2019,10,1,281,0,1,26.8,90,9.5,12.8,11.1,10.142857142857142,0.9306935457982303,11.590000000000002,0.7818314824680298,0.6234898018587336,-0.8660254037844386,0.5000000000000001,-0.9922222094179324,0.12447926388678869,12.0,11.5
2019-10-09,Goa,WR,15.491997,73.81800065,12.0,2019,10,2,282,0,0,26.7,87,11.9,10.3,10.9,10.385714285714286,1.1696560340951725,11.626666666666667,0.9749279121818236,-0.22252093395631434,-0.8660254037844386,0.5000000000000001,-0.989932495087353,0.141540295217043,12.0,11.5
2019-10-10,Goa,WR,15.491997,73.81800065,12.0,2019,10,3,283,0,0,27.2,87,12.0,10.8,10.6,10.557142857142859,1.3189100839419723,11.673333333333336,0.43388373911755823,-0.900968867902419,-0.8660254037844386,0.5000000000000001,-0.9873494423939864,0.15855938510313475,11.5,11.5
2019-10-11,Goa,WR,15.491997,73.81800065,11.5,2019,10,4,284,0,0,27.3,88,12.0,9.5,10.5,10.842857142857143,1.2673557023150568,11.706666666666669,-0.433883739117558,-0.9009688679024191,-0.8660254037844386,0.5000000000000001,-0.9844738167520923,0.17553149042142777,11.5,9.4
2019-10-12,Goa,WR,15.491997,73.81800065,11.5,2019,10,5,285,1,0,27.4,88,11.5,9.5,9.9,11.12857142857143,1.132422603263009,11.76,-0.9749279121818236,-0.2225209339563146,-0.8660254037844386,0.5000000000000001,-0.9813064702716093,0.19245158197082995,11.5,10.5
2019-10-13,Goa,WR,15.491997,73.81800065,11.5,2019,10,6,286,1,0,27.4,86,11.5,9.5,11.3,11.414285714285715,0.876410427879118,11.76666666666667,-0.7818314824680299,0.6234898018587334,-0.8660254037844386,0.5000000000000001,-0.9778483415056567,0.20931464596304888,11.5,10.1
2019-10-14,Goa,WR,15.491997,73.81800065,11.5,2019,10,0,287,0,0,28.0,87,11.5,9.5,11.4,11.700000000000001,0.25166114784240584,11.770000000000001,0.0,1.0,-0.8660254037844386,0.5000000000000001,-0.9741004551724206,0.22611568550828803,11.5,10.0
2019-10-15,Goa,WR,15.491997,73.81800065,11.5,2019,10,1,288,0,0,28.3,83,11.5,11.9,11.4,11.642857142857142,0.24397501823718057,11.773333333333335,0.7818314824680298,0.6234898018587336,-0.8660254037844386,0.5000000000000001,-0.970063921851507,0.2428497220959358,11.5,9.5
2019-10-16,Goa,WR,15.491997,73.81800065,11.5,2019,10,2,289,0,0,28.0,85,11.5,12.0,11.4,11.571428571428571,0.18898223650467214,11.776666666666667,0.9749279121818236,-0.22252093395631434,-0.8660254037844386,0.5000000000000001,-0.965739937654855,0.25951179706979943,11.5,9.3
2019-10-17,Goa,WR,15.491997,73.81800065,11.5,2019,10,3,290,0,0,28.2,82,11.5,12.0,11.4,11.5,1.4541362621790288e-07,11.780000000000001,0.43388373911755823,-0.900968867902419,-0.8660254037844386,0.5000000000000001,-0.9611297838723007,0.27609697309746883,9.4,8.7
2019-10-18,Goa,WR,15.491997,73.81800065,9.4,2019,10,4,291,0,0,26.3,89,11.5,11.5,11.4,11.2,0.7937253933193876,11.713333333333335,-0.433883739117558,-0.9009688679024191,-0.8660254037844386,0.5000000000000001,-0.9562348265919058,0.2926003356333479,10.5,10.3
2019-10-19,Goa,WR,15.491997,73.81800065,10.5,2019,10,5,292,1,0,26.4,87,9.4,11.5,11.4,11.057142857142859,0.8202786982831858,11.683333333333334,-0.9749279121818236,-0.2225209339563146,-0.8660254037844386,0.5000000000000001,-0.9510565162951536,0.30901699437494723,10.1,10.5
2019-10-20,Goa,WR,15.491997,73.81800065,10.1,2019,10,6,293,1,0,26.5,87,10.5,11.5,11.8,10.857142857142858,0.8638231741453158,11.626666666666667,-0.7818314824680299,0.6234898018587334,-0.8660254037844386,0.5000000000000001,-0.9455963874271428,0.3253420847119795,10.0,10.5
2019-10-21,Goa,WR,15.491997,73.81800065,10.0,2019,10,0,294,0,0,26.3,89,10.1,11.5,13.8,10.642857142857142,0.8638231741453146,11.500000000000002,0.0,1.0,-0.8660254037844386,0.5000000000000001,-0.9398560579418953,0.341570769167856,9.5,10.5
2019-10-22,Goa,WR,15.491997,73.81800065,9.5,2019,10,1,295,0,0,25.6,91,10.0,11.5,13.8,10.357142857142858,0.8638231741453128,11.356666666666667,0.7818314824680298,0.6234898018587336,-0.8660254037844386,0.5000000000000001,-0.9338372288229252,0.35769823883312546,9.3,11.3
2019-10-23,Goa,WR,15.491997,73.81800065,9.3,2019,10,2,296,0,0,25.3,92,9.5,11.5,13.8,10.042857142857143,0.7742892285985987,11.206666666666667,0.9749279121818236,-0.22252093395631434,-0.8660254037844386,0.5000000000000001,-0.9275416835791965,0.3737197147904692,8.7,11.7
2019-10-24,Goa,WR,15.491997,73.81800065,8.7,2019,10,3,297,0,0,25.1,92,9.3,11.5,13.8,9.642857142857142,0.5996030432909826,11.036666666666667,0.43388373911755823,-0.900968867902419,-0.8660254037844386,0.5000000000000001,-0.9209712877166347,0.38963044953078774,10.3,11.7
2019-10-25,Goa,WR,15.491997,73.81800065,10.3,2019,10,4,298,0,0,25.7,91,8.7,9.4,13.8,9.771428571428572,0.6343350474165469,10.919999999999998,-0.433883739117558,-0.9009688679024191,-0.8660254037844386,0.5000000000000001,-0.9141279881853337,0.4054257283599973,10.5,7.1
2019-10-26,Goa,WR,15.491997,73.81800065,10.5,2019,10,5,299,1,0,25.4,90,10.3,10.5,10.3,9.771428571428572,0.6343350474165469,10.926666666666666,-0.9749279121818236,-0.2225209339563146,-0.8660254037844386,0.5000000000000001,-0.9070138128026362,0.42110087079608916,10.5,7.7
2019-10-27,Goa,WR,15.491997,73.81800065,10.5,2019,10,6,300,1,1,25.8,87,10.5,10.1,12.8,9.828571428571427,0.6848705126136038,10.85,-0.7818314824680299,0.6234898018587334,-0.8660254037844386,0.5000000000000001,-0.8996308696522434,0.4366512319560638,10.5,7.7
2019-10-28,Goa,WR,15.491997,73.81800065,10.5,2019,10,0,301,0,0,26.8,83,10.5,10.0,12.8,9.9,0.7302967433402231,10.773333333333333,0.0,1.0,-0.8660254037844386,0.5000000000000001,-0.8919813464595487,0.45207220393230374,11.3,7.9
2019-10-29,Goa,WR,15.491997,73.81800065,11.3,2019,10,1,302,0,0,27.2,84,10.5,9.5,12.8,10.157142857142857,0.8695921320886496,10.723333333333333,0.7818314824680298,0.6234898018587336,-0.8660254037844386,0.5000000000000001,-0.8840675099433637,0.46735921715800205,11.7,8.2
2019-10-30,Goa,WR,15.491997,73.81800065,11.7,2019,10,2,303,0,0,27.7,76,11.3,9.3,12.8,10.5,0.945163125250529,10.686666666666666,0.9749279121818236,-0.22252093395631434,-0.8660254037844386,0.5000000000000001,-0.8758917051442433,0.48250774176121763,11.7,8.1
2019-10-31,Goa,WR,15.491997,73.81800065,11.7,2019,10,3,304,0,0,28.1,74,11.7,8.7,12.8,10.928571428571429,0.6156684327197888,10.65,0.43388373911755823,-0.900968867902419,-0.8660254037844386,0.5000000000000001,-0.8674563547295971,0.4975132889071803,7.1,8.1
2019-11-01,Goa,WR,15.491997,73.81800065,7.1,2019,11,4,305,0,0,26.9,78,11.7,10.3,10.3,10.471428571428572,1.585049195571218,10.543333333333333,-0.433883739117558,-0.9009688679024191,-0.5000000000000004,0.8660254037844384,-0.858763958275803,0.5123714121284235,7.7,12.2
2019-11-02,Goa,WR,15.491997,73.81800065,7.7,2019,11,5,306,1,0,26.4,84,7.1,10.5,10.8,10.071428571428571,1.8988718455215166,10.44,-0.9749279121818236,-0.2225209339563146,-0.5000000000000004,0.8660254037844384,-0.8498170915275277,0.5270777086423724,7.7,12.5
2019-11-03,Goa,WR,15.491997,73.81800065,7.7,2019,11,6,307,1,0,26.6,84,7.7,10.5,9.5,9.671428571428573,2.0798351583032444,10.38,-0.7818314824680299,0.6234898018587334,-0.5000000000000004,0.8660254037844384,-0.8406184056344783,0.5416278206559811,7.9,12.4
2019-11-04,Goa,WR,15.491997,73.81800065,7.9,2019,11,0,308,0,0,27.4,85,7.7,10.5,9.5,9.3,2.138535324312722,10.326666666666666,0.0,1.0,-0.5000000000000004,0.8660254037844384,-0.8311706263658079,0.5560174366570446,8.2,12.4
2019-11-05,Goa,WR,15.491997,73.81800065,8.2,2019,11,1,309,0,0,27.5,84,7.9,11.3,9.5,8.857142857142858,1.9696506821068007,10.283333333333333,0.7818314824680298,0.6234898018587336,-0.5000000000000004,0.8660254037844384,-0.8214765533024145,0.5702422926917867,8.1,12.4
2019-11-06,Goa,WR,15.491997,73.81800065,8.1,2019,11,2,310,0,0,27.4,88,8.2,11.7,9.5,8.342857142857142,1.522998295968769,10.236666666666668,0.9749279121818236,-0.22252093395631434,-0.5000000000000004,0.8660254037844384,-0.8115390590073611,0.5842981736283683,8.1,12.9
2019-11-08,Goa,WR,15.491997,73.81800065,8.1,2019,11,4,312,0,0,26.2,85,8.1,11.7,11.9,7.828571428571428,0.3773340063934148,10.109999999999998,-0.433883739117558,-0.9009688679024191,-0.5000000000000004,0.8660254037844384,-0.7909456567567774,0.6118864012687242,12.2,12.0
2019-11-09,Goa,WR,15.491997,73.81800065,12.2,2019,11,5,313,1,0,25.9,82,8.1,7.1,12.0,8.557142857142857,1.6184943032101715,10.116666666666667,-0.9749279121818236,-0.2225209339563146,-0.5000000000000004,0.8660254037844384,-0.780295851070776,0.6254105729852457,12.5,11.6
2019-11-10,Goa,WR,15.491997,73.81800065,12.5,2019,11,6,314,1,1,26.2,85,12.2,7.7,12.0,9.242857142857144,2.130615828703944,10.133333333333333,-0.7818314824680299,0.6234898018587334,-0.5000000000000004,0.8660254037844384,-0.7694148268839381,0.6387494220515268,12.4,11.6
2019-11-11,Goa,WR,15.491997,73.81800065,12.4,2019,11,0,315,0,0,26.9,82,12.5,7.7,11.5,9.914285714285715,2.2974105506189435,10.163333333333332,0.0,1.0,-0.5000000000000004,0.8660254037844384,-0.7583058084785625,0.6518989958787125,12.4,11.6
2019-11-12,Goa,WR,15.491997,73.81800065,12.4,2019,11,1,316,0,1,27.4,77,12.4,7.9,11.5,10.557142857142859,2.2692562238592235,10.193333333333332,0.7818314824680298,0.6234898018587336,-0.5000000000000004,0.8660254037844384,-0.7469720876965551,0.6648553979642866,12.4,11.6
2019-11-13,Goa,WR,15.491997,73.81800065,12.4,2019,11,2,317,0,0,27.3,74,12.4,8.2,11.5,11.157142857142857,2.090340596535367,10.223333333333333,0.9749279121818236,-0.22252093395631434,-0.5000000000000004,0.8660254037844384,-0.7354170229639858,0.6776147890466887,12.9,11.6
2019-11-14,Goa,WR,15.491997,73.81800065,12.9,2019,11,3,318,0,0,27.6,69,12.4,8.1,11.5,11.842857142857143,1.6641886339967145,10.27,0.43388373911755823,-0.900968867902419,-0.5000000000000004,0.8660254037844384,-0.7236440382959124,0.690173388242972,12.0,10.7
2019-11-15,Goa,WR,15.491997,73.81800065,12.0,2019,11,4,319,0,0,27.7,72,12.9,8.1,11.5,12.4,0.27688746209736675,10.286666666666665,-0.433883739117558,-0.9009688679024191,-0.5000000000000004,0.8660254037844384,-0.711656622281775,0.7025274741691566,11.6,10.7
2019-11-16,Goa,WR,15.491997,73.81800065,11.6,2019,11,5,320,1,0,27.9,78,12.0,12.2,11.5,12.314285714285715,0.4099941927580074,10.29,-0.9749279121818236,-0.2225209339563146,-0.5000000000000004,0.8660254037844384,-0.6994583270516471,0.7146733860429608,11.6,12.3
2019-11-17,Goa,WR,15.491997,73.81800065,11.6,2019,11,6,321,1,0,28.1,76,11.6,12.5,11.5,12.185714285714287,0.47759317216150293,10.293333333333331,-0.7818314824680299,0.6234898018587334,-0.5000000000000004,0.8660254037844384,-0.6870527672236675,0.7266075247685652,11.6,12.3
2019-11-18,Goa,WR,15.491997,73.81800065,11.6,2019,11,0,322,0,0,28.6,65,11.6,12.4,9.4,12.071428571428571,0.5122313465427493,10.366666666666667,0.0,1.0,-0.5000000000000004,0.8660254037844384,-0.6744436188329457,0.7383263540031063,11.6,12.6
2019-11-19,Goa,WR,15.491997,73.81800065,11.6,2019,11,1,323,0,0,28.7,69,11.6,12.4,10.5,11.957142857142856,0.5159365040298258,10.403333333333334,0.7818314824680298,0.6234898018587336,-0.5000000000000004,0.8660254037844384,-0.661634618242279,0.749826401204568,11.6,11.9
2019-11-20,Goa,WR,15.491997,73.81800065,11.6,2019,11,2,324,0,0,28.7,74,11.6,12.4,10.1,11.842857142857143,0.48941169737129137,10.453333333333331,0.9749279121818236,-0.22252093395631434,-0.5000000000000004,0.8660254037844384,-0.6486295610349818,0.7611042586607742,10.7,11.9
2019-11-21,Goa,WR,15.491997,73.81800065,10.7,2019,11,3,325,0,0,28.9,70,11.6,12.9,10.0,11.528571428571427,0.39460649476955706,10.476666666666665,0.43388373911755823,-0.900968867902419,-0.5000000000000004,0.8660254037844384,-0.6354323008901775,0.7721565844991641,10.7,11.9
2019-11-22,Goa,WR,15.491997,73.81800065,10.7,2019,11,4,326,0,0,28.7,65,10.7,12.0,9.5,11.342857142857142,0.4391550328268695,10.516666666666667,-0.433883739117558,-0.9009688679024191,-0.5000000000000004,0.8660254037844384,-0.622046748440868,0.7829801036770624,12.3,11.9
2019-11-23,Goa,WR,15.491997,73.81800065,12.3,2019,11,5,327,1,0,27.6,64,10.7,11.6,9.3,11.442857142857141,0.5682051943243496,10.616666666666667,-0.9749279121818236,-0.2225209339563146,-0.5000000000000004,0.8660254037844384,-0.6084768701151264,0.7935716089521472,12.3,11.9
2019-11-24,Goa,WR,15.491997,73.81800065,12.3,2019,11,6,328,1,0,27.0,64,12.3,11.6,8.7,11.542857142857143,0.6553806600166362,10.736666666666666,-0.7818314824680299,0.6234898018587334,-0.5000000000000004,0.8660254037844384,-0.594726686960764,0.8039279618328208,12.6,11.9
2019-11-25,Goa,WR,15.491997,73.81800065,12.6,2019,11,0,329,0,0,27.9,61,12.3,11.6,10.3,11.685714285714285,0.7690439333540104,10.813333333333334,0.0,1.0,-0.5000000000000004,0.8660254037844384,-0.5808002734538013,0.8140460935082175,11.9,11.9
2019-11-26,Goa,WR,15.491997,73.81800065,11.9,2019,11,1,330,0,0,29.1,54,12.6,11.6,10.5,11.72857142857143,0.7718252948137443,10.860000000000001,0.7818314824680298,0.6234898018587336,-0.5000000000000004,0.8660254037844384,-0.5667017562911184,0.8239230057575536,11.9,10.4
2019-11-27,Goa,WR,15.491997,73.81800065,11.9,2019,11,2,331,0,0,28.5,59,11.9,11.6,10.5,11.77142857142857,0.7718252948137452,10.906666666666668,0.9749279121818236,-0.22252093395631434,-0.5000000000000004,0.8660254037844384,-0.5524353131676203,0.8335557718385695,11.9,11.5
2019-11-28,Goa,WR,15.491997,73.81800065,11.9,2019,11,3,332,0,0,28.9,62,11.9,10.7,10.5,11.942857142857141,0.6106202935189649,10.953333333333335,0.43388373911755823,-0.900968867902419,-0.5000000000000004,0.8660254037844384,-0.5380051715382992,0.8429415373547832,11.9,11.5
2019-11-29,Goa,WR,15.491997,73.81800065,11.9,2019,11,4,333,0,0,29.0,66,11.9,10.7,11.3,12.114285714285716,0.2853569193634875,10.973333333333333,-0.433883739117558,-0.9009688679024191,-0.5000000000000004,0.8660254037844384,-0.5234156073655503,0.8520775211013093,11.9,11.5
2019-11-30,Goa,WR,15.491997,73.81800065,11.9,2019,11,5,334,1,0,28.6,63,11.9,12.3,11.7,12.057142857142855,0.28199966227613893,10.98,-0.9749279121818236,-0.2225209339563146,-0.5000000000000004,0.8660254037844384,-0.5086709438521042,0.8609610158889945,11.9,9.5
2019-12-01,Goa,WR,15.491997,73.81800065,11.9,2019,12,6,335,1,0,28.7,62,11.9,12.3,11.7,12.0,0.26457513110654474,10.986666666666666,-0.7818314824680299,0.6234898018587334,-2.4492935982947064e-16,1.0,-0.49377555015997737,0.8695893893466109,11.9,10.6
2019-12-02,Goa,WR,15.491997,73.81800065,11.9,2019,12,0,336,0,0,28.1,67,11.9,12.6,7.1,11.9,2.072592077434801e-07,11.146666666666668,0.0,1.0,-2.4492935982947064e-16,1.0,-0.4787338401157883,0.8779600847008883,10.4,10.1
2019-12-03,Goa,WR,15.491997,73.81800065,10.4,2019,12,1,337,0,0,28.0,63,11.9,11.9,7.7,11.685714285714285,0.5669467095138742,11.236666666666668,0.7818314824680298,0.6234898018587336,-2.4492935982947064e-16,1.0,-0.4635502709028512,0.8860706215341378,11.5,9.9
2019-12-04,Goa,WR,15.491997,73.81800065,11.5,2019,12,2,338,0,0,28.4,59,10.4,11.9,7.7,11.62857142857143,0.5618845839799506,11.363333333333333,0.9749279121818236,-0.22252093395631434,-2.4492935982947064e-16,1.0,-0.4482293417404106,0.893918596519257,11.5,9.8
2019-12-05,Goa,WR,15.491997,73.81800065,11.5,2019,12,3,339,0,0,29.3,52,11.5,11.9,7.9,11.571428571428571,0.5498917642418254,11.483333333333333,0.43388373911755823,-0.900968867902419,-2.4492935982947064e-16,1.0,-0.4327755925504317,0.9015016841318838,11.5,10.0
2019-12-06,Goa,WR,15.491997,73.81800065,11.5,2019,12,4,340,0,0,28.4,57,11.5,11.9,8.2,11.514285714285714,0.5304984179322355,11.593333333333334,-0.433883739117558,-0.9009688679024191,-2.4492935982947064e-16,1.0,-0.41719360261231697,0.9088176373395028,9.5,8.9
2019-12-08,Goa,WR,15.491997,73.81800065,9.5,2019,12,6,342,1,0,27.9,68,11.5,11.9,8.1,11.171428571428573,0.8920281866142517,11.639999999999999,-0.7818314824680299,0.6234898018587334,-2.4492935982947064e-16,1.0,-0.38566340624360745,0.9226395488404875,10.6,9.5
2019-12-09,Goa,WR,15.491997,73.81800065,10.6,2019,12,0,343,0,0,27.8,69,9.5,11.9,8.1,10.985714285714286,0.8493695140682828,11.723333333333334,0.0,1.0,-2.4492935982947064e-16,1.0,-0.3697245428906732,0.9291414114031743,10.1,11.2
2019-12-10,Goa,WR,15.491997,73.81800065,10.1,2019,12,1,344,0,0,27.6,65,10.6,11.9,12.2,10.728571428571428,0.7973169292786259,11.653333333333332,0.7818314824680298,0.6234898018587336,-2.4492935982947064e-16,1.0,-0.3536761221763721,0.935367949313148,9.9,11.9
2019-12-11,Goa,WR,15.491997,73.81800065,9.9,2019,12,2,345,0,0,26.8,65,10.1,10.4,12.5,10.657142857142857,0.8521681032463522,11.566666666666666,0.9749279121818236,-0.22252093395631434,-2.4492935982947064e-16,1.0,-0.33752289959411347,0.941317317512847,9.8,12.0
2019-12-12,Goa,WR,15.491997,73.81800065,9.8,2019,12,3,346,0,0,26.4,68,9.9,11.5,12.4,10.414285714285715,0.8132825901423031,11.479999999999999,0.43388373911755823,-0.900968867902419,-2.4492935982947064e-16,1.0,-0.32126966169236515,0.9469877530760751,10.0,11.3
2019-12-13,Goa,WR,15.491997,73.81800065,10.0,2019,12,4,347,0,0,26.6,69,9.8,11.5,12.4,10.200000000000001,0.663324958071077,11.4,-0.433883739117558,-0.9009688679024191,-2.4492935982947064e-16,1.0,-0.3049212246562894,0.9523775757303973,8.9,9.9
2019-12-14,Goa,WR,15.491997,73.81800065,8.9,2019,12,5,348,1,0,26.9,68,10.0,11.5,12.4,9.828571428571427,0.5282495802625925,11.283333333333333,-0.9749279121818236,-0.2225209339563146,-2.4492935982947064e-16,1.0,-0.2884824328806098,0.9574851883550389,9.5,9.3
2019-12-15,Goa,WR,15.491997,73.81800065,9.5,2019,12,6,349,1,0,26.7,70,8.9,9.5,12.9,9.828571428571427,0.5282495802625925,11.17,-0.7818314824680299,0.6234898018587334,-2.4492935982947064e-16,1.0,-0.27195815753410524,0.9623090774541487,11.2,12.3
2019-12-16,Goa,WR,15.491997,73.81800065,11.2,2019,12,0,350,0,0,27.0,68,9.5,10.6,12.0,9.914285714285715,0.6962484504556495,11.143333333333334,0.0,1.0,-2.4492935982947064e-16,1.0,-0.2553532951161881,0.9668478136052773,11.9,12.8
2019-12-17,Goa,WR,15.491997,73.81800065,11.9,2019,12,1,351,0,0,27.6,62,11.2,10.1,11.6,10.171428571428573,1.029100393084958,11.153333333333332,0.7818314824680298,0.6234898018587336,-2.4492935982947064e-16,1.0,-0.23867276600594997,0.9711000518829505,12.0,12.8
2019-12-18,Goa,WR,15.491997,73.81800065,12.0,2019,12,2,352,0,0,27.5,60,11.9,9.9,11.6,10.471428571428572,1.2243560017607724,11.166666666666666,0.9749279121818236,-0.22252093395631434,-2.4492935982947064e-16,1.0,-0.22192151300416674,0.9750645322571945,11.3,12.4
2019-12-19,Goa,WR,15.491997,73.81800065,11.3,2019,12,3,353,0,0,27.7,59,12.0,9.8,11.6,10.685714285714287,1.2185080651197668,11.156666666666666,0.43388373911755823,-0.900968867902419,-2.4492935982947064e-16,1.0,-0.20510449986861926,0.9787400799669153,9.9,12.6
2019-12-20,Goa,WR,15.491997,73.81800065,9.9,2019,12,4,354,0,0,27.6,62,11.3,10.0,11.6,10.671428571428573,1.2284329933079914,11.1,-0.433883739117558,-0.9009688679024191,-2.4492935982947064e-16,1.0,-0.1882267098432439,0.9821256058680006,9.3,12.2
2019-12-21,Goa,WR,15.491997,73.81800065,9.3,2019,12,5,355,1,0,27.8,63,9.9,8.9,11.6,10.728571428571428,1.1382944635349415,11.023333333333333,-0.9749279121818236,-0.2225209339563146,-2.4492935982947064e-16,1.0,-0.1712931441814778,0.9852201067560606,12.3,11.4
2019-12-22,Goa,WR,15.491997,73.81800065,12.3,2019,12,6,356,1,0,27.7,66,9.3,9.5,10.7,11.12857142857143,1.1265201369916331,11.076666666666666,-0.7818314824680299,0.6234898018587334,-2.4492935982947064e-16,1.0,-0.154308820664281,0.9880226656636976,12.8,11.0
2019-12-23,Goa,WR,15.491997,73.81800065,12.8,2019,12,0,357,0,0,27.8,68,12.3,11.2,10.7,11.357142857142858,1.2933897876731437,11.146666666666667,0.0,1.0,-2.4492935982947064e-16,1.0,-0.13727877211326517,0.9905324521322227,12.8,11.8
2019-12-24,Goa,WR,15.491997,73.81800065,12.8,2019,12,1,358,0,0,27.2,70,12.8,11.9,12.3,11.485714285714286,1.3969354213522591,11.163333333333334,0.7818314824680298,0.6234898018587336,-2.4492935982947064e-16,1.0,-0.12020804489935275,0.9927487224577402,12.4,11.8
2019-12-25,Goa,WR,15.491997,73.81800065,12.4,2019,12,2,359,0,1,27.9,71,12.8,12.0,12.3,11.542857142857144,1.4292855358035312,11.166666666666666,0.9749279121818236,-0.22252093395631434,-2.4492935982947064e-16,1.0,-0.10310169744743544,0.9946708199115211,12.6,11.8
2019-12-26,Goa,WR,15.491997,73.81800065,12.6,2019,12,3,360,0,0,27.7,76,12.4,11.3,12.6,11.728571428571428,1.4761597539045936,11.166666666666666,0.43388373911755823,-0.900968867902419,-2.4492935982947064e-16,1.0,-0.0859647987374467,0.9962981749346077,12.2,11.9
2019-12-27,Goa,WR,15.491997,73.81800065,12.2,2019,12,4,361,0,0,27.7,76,12.6,9.9,11.9,12.057142857142859,1.23808608055224,11.176666666666668,-0.433883739117558,-0.9009688679024191,-2.4492935982947064e-16,1.0,-0.06880242680232064,0.9976303053065857,11.4,11.8
2019-12-28,Goa,WR,15.491997,73.81800065,11.4,2019,12,5,362,1,0,28.6,67,12.2,9.3,11.9,12.357142857142858,0.48255273583020897,11.159999999999998,-0.9749279121818236,-0.2225209339563146,-2.4492935982947064e-16,1.0,-0.05161966722325418,0.9986668162884759,11.0,11.8
2019-12-29,Goa,WR,15.491997,73.81800065,11.0,2019,12,6,363,1,0,28.2,68,11.4,12.3,11.9,12.171428571428569,0.7064330251677715,11.129999999999999,-0.7818314824680299,0.6234898018587334,-2.4492935982947064e-16,1.0,-0.034421611622745804,0.9994074007397048,11.8,10.3
2019-12-30,Goa,WR,15.491997,73.81800065,11.8,2019,12,0,364,0,0,27.0,75,11.0,12.8,11.9,12.028571428571428,0.6575568054404253,11.126666666666667,0.0,1.0,-2.4492935982947064e-16,1.0,-0.01721335615583528,0.9998518392091162,11.8,8.8
2019-12-31,Goa,WR,15.491997,73.81800065,11.8,2019,12,1,365,0,0,25.8,69,11.8,12.8,11.9,11.885714285714286,0.5639993245521642,11.123333333333333,0.7818314824680298,0.6234898018587336,-2.4492935982947064e-16,1.0,6.432490598706546e-16,1.0,11.8,10.1
2020-01-01,Goa,WR,15.491997,73.81800065,11.8,2020,1,2,1,0,0,25.3,71,11.8,12.4,11.9,11.799999999999999,0.5163977794943765,11.120000000000001,0.9749279121818236,-0.22252093395631434,0.49999999999999994,0.8660254037844387,0.017213356155834685,0.9998518392091162,11.9,10.4
2020-01-02,Goa,WR,15.491997,73.81800065,11.9,2020,1,3,2,0,0,25.5,72,11.8,12.6,11.9,11.700000000000001,0.38729833462080954,11.12,0.43388373911755823,-0.900968867902419,0.49999999999999994,0.8660254037844387,0.03442161162274574,0.9994074007397048,11.8,10.3
2020-01-03,Goa,WR,15.491997,73.81800065,11.8,2020,1,4,3,0,0,25.5,69,11.9,12.2,10.4,11.642857142857142,0.32586880211294694,11.166666666666666,-0.433883739117558,-0.9009688679024191,0.49999999999999994,0.8660254037844387,0.051619667223253764,0.998666816288476,11.8,9.9
2020-01-04,Goa,WR,15.491997,73.81800065,11.8,2020,1,5,4,1,0,24.2,68,11.8,11.4,11.5,11.7,0.3109126351030454,11.176666666666668,-0.9749279121818236,-0.2225209339563146,0.49999999999999994,0.8660254037844387,0.06880242680231986,0.9976303053065857,10.3,9.6
2020-01-05,Goa,WR,15.491997,73.81800065,10.3,2020,1,6,5,1,0,23.8,70,11.8,11.0,11.5,11.600000000000003,0.5744562646538455,11.136666666666667,-0.7818314824680299,0.6234898018587334,0.49999999999999994,0.8660254037844387,0.08596479873744647,0.9962981749346078,8.8,11.6
2020-01-13,Goa,WR,15.491997,73.81800065,8.8,2020,1,0,13,0,0,26.1,70,10.3,11.8,11.5,11.171428571428573,1.1898379241368628,11.046666666666669,0.0,1.0,0.49999999999999994,0.8660254037844387,0.2219215130041655,0.9750645322571948,10.1,11.6
2020-01-14,Goa,WR,15.491997,73.81800065,10.1,2020,1,1,14,0,0,25.9,73,8.8,11.8,9.5,10.928571428571429,1.2134170562428142,11.066666666666666,0.7818314824680298,0.6234898018587336,0.49999999999999994,0.8660254037844387,0.2386727660059501,0.9711000518829505,10.4,11.6
2020-01-15,Goa,WR,15.491997,73.81800065,10.4,2020,1,2,15,0,0,25.3,72,10.1,11.8,10.6,10.72857142857143,1.1600492600378238,11.06,0.9749279121818236,-0.22252093395631434,0.49999999999999994,0.8660254037844387,0.255353295116187,0.9668478136052775,10.3,11.6
2020-01-16,Goa,WR,15.491997,73.81800065,10.3,2020,1,3,16,0,0,24.9,59,10.4,11.9,10.1,10.5,1.0424330514074633,11.066666666666666,0.43388373911755823,-0.900968867902419,0.49999999999999994,0.8660254037844387,0.2719581575341055,0.9623090774541486,9.9,11.6
2020-01-17,Goa,WR,15.491997,73.81800065,9.9,2020,1,4,17,0,0,23.6,57,10.3,11.8,9.9,10.22857142857143,0.8826367424074396,11.066666666666666,-0.433883739117558,-0.9009688679024191,0.49999999999999994,0.8660254037844387,0.288482432880609,0.9574851883550393,9.6,11.6
2020-01-18,Goa,WR,15.491997,73.81800065,9.6,2020,1,5,18,1,0,24.1,63,9.9,11.8,9.8,9.914285714285715,0.5639993245520984,11.06,-0.9749279121818236,-0.2225209339563146,0.49999999999999994,0.8660254037844387,0.30492122465628907,0.9523775757303974,11.6,11.6
2020-01-19,Goa,WR,15.491997,73.81800065,11.6,2020,1,6,19,1,0,25.7,70,9.6,10.3,10.0,10.1,0.8524474568362901,11.113333333333335,-0.7818314824680299,0.6234898018587334,0.49999999999999994,0.8660254037844387,0.3212696616923644,0.9469877530760753,11.6,12.0
2020-01-20,Goa,WR,15.491997,73.81800065,11.6,2020,1,0,20,0,0,26.9,68,11.6,8.8,8.9,10.5,0.7958224257542266,11.203333333333335,0.0,1.0,0.49999999999999994,0.8660254037844387,0.3375228995941133,0.9413173175128471,11.6,13.7
2020-01-21,Goa,WR,15.491997,73.81800065,11.6,2020,1,1,21,0,0,27.1,65,11.6,10.1,9.5,10.714285714285714,0.8687703406320464,11.273333333333333,0.7818314824680298,0.6234898018587336,0.49999999999999994,0.8660254037844387,0.3536761221763716,0.9353679493131483,11.6,13.7
2020-01-22,Goa,WR,15.491997,73.81800065,11.6,2020,1,2,22,0,0,27.0,59,11.6,10.4,11.2,10.885714285714286,0.913653054918512,11.286666666666667,0.9749279121818236,-0.22252093395631434,0.49999999999999994,0.8660254037844387,0.3697245428906731,0.9291414114031743,11.6,11.8
2020-01-23,Goa,WR,15.491997,73.81800065,11.6,2020,1,3,23,0,0,27.2,56,11.6,10.3,11.9,11.071428571428571,0.9068522219088321,11.276666666666667,0.43388373911755823,-0.900968867902419,0.49999999999999994,0.8660254037844387,0.38566340624360707,0.9226395488404876,11.6,11.8
2020-01-24,Goa,WR,15.491997,73.81800065,11.6,2020,1,4,24,0,0,27.0,60,11.6,9.9,12.0,11.314285714285713,0.7559289460184838,11.263333333333334,-0.433883739117558,-0.9009688679024191,0.49999999999999994,0.8660254037844387,0.401487989205973,0.9158642882672872,11.6,11.8
2020-01-25,Goa,WR,15.491997,73.81800065,11.6,2020,1,5,25,1,0,26.4,61,11.6,9.6,11.3,11.6,0.0,11.273333333333335,-0.9749279121818236,-0.2225209339563146,0.49999999999999994,0.8660254037844387,0.4171936026123168,0.9088176373395029,12.0,11.8
2020-01-26,Goa,WR,15.491997,73.81800065,12.0,2020,1,6,26,1,1,25.7,70,11.6,11.6,9.9,11.657142857142857,0.15118578920369108,11.343333333333334,-0.7818314824680299,0.6234898018587334,0.49999999999999994,0.8660254037844387,0.4327755925504312,0.901501684131884,13.7,12.0
2020-01-27,Goa,WR,15.491997,73.81800065,13.7,2020,1,0,27,0,0,25.5,82,12.0,11.6,9.3,11.957142857142856,0.7828519290754431,11.490000000000002,0.0,1.0,0.49999999999999994,0.8660254037844387,0.4482293417404106,0.893918596519257,13.7,11.2
2020-01-28,Goa,WR,15.491997,73.81800065,13.7,2020,1,1,28,0,0,25.4,77,13.7,11.6,12.3,12.257142857142856,0.9964221709983885,11.536666666666667,0.7818314824680298,0.6234898018587336,0.49999999999999994,0.8660254037844387,0.4635502709028509,0.886070621534138,11.8,11.2
2020-01-29,Goa,WR,15.491997,73.81800065,11.8,2020,1,2,29,0,0,25.2,71,13.7,11.6,12.8,12.285714285714286,0.9771191865693271,11.503333333333334,0.9749279121818236,-0.22252093395631434,0.49999999999999994,0.8660254037844387,0.47873384011578846,0.8779600847008882,11.8,11.2
2020-01-30,Goa,WR,15.491997,73.81800065,11.8,2020,1,3,30,0,0,24.3,67,11.8,11.6,12.8,12.314285714285715,0.9564318610135817,11.47,0.43388373911755823,-0.900968867902419,0.49999999999999994,0.8660254037844387,0.49377555015997715,0.869589389346611,11.8,12.7
2020-01-31,Goa,WR,15.491997,73.81800065,11.8,2020,1,4,31,0,0,23.9,71,11.8,11.6,12.4,12.342857142857143,0.934268239242425,11.45,-0.433883739117558,-0.9009688679024191,0.49999999999999994,0.8660254037844387,0.5086709438521044,0.8609610158889943,11.8,12.8
2020-02-01,Goa,WR,15.491997,73.81800065,11.8,2020,2,5,32,1,0,24.0,70,11.8,11.6,12.6,12.37142857142857,0.9105205209371269,11.423333333333334,-0.9749279121818236,-0.2225209339563146,0.8660254037844386,0.5000000000000001,0.5234156073655503,0.8520775211013093,12.0,12.8
2020-02-02,Goa,WR,15.491997,73.81800065,12.0,2020,2,6,33,1,0,24.5,71,11.8,12.0,12.2,12.37142857142857,0.9105205209371269,11.416666666666666,-0.7818314824680299,0.6234898018587334,0.8660254037844386,0.5000000000000001,0.5380051715382996,0.8429415373547828,11.2,8.8
2020-02-03,Goa,WR,15.491997,73.81800065,11.2,2020,2,0,34,0,0,25.7,72,12.0,13.7,11.4,12.014285714285716,0.7840675383931561,11.41,0.0,1.0,0.8660254037844386,0.5000000000000001,0.5524353131676196,0.8335557718385699,11.2,9.1
2020-02-04,Goa,WR,15.491997,73.81800065,11.2,2020,2,1,35,0,0,25.9,72,11.2,13.7,11.0,11.657142857142858,0.32071349029490875,11.416666666666666,0.7818314824680298,0.6234898018587336,0.8660254037844386,0.5000000000000001,0.5667017562911176,0.8239230057575542,11.2,8.9
2020-02-05,Goa,WR,15.491997,73.81800065,11.2,2020,2,2,36,0,0,25.8,70,11.2,11.8,11.8,11.571428571428571,0.3545621041711673,11.396666666666668,0.9749279121818236,-0.22252093395631434,0.8660254037844386,0.5000000000000001,0.5808002734538009,0.8140460935082178,12.7,9.0
2020-02-13,Goa,WR,15.491997,73.81800065,12.7,2020,2,3,44,0,0,27.2,61,11.2,11.8,11.8,11.7,0.5567764362830016,11.426666666666668,0.43388373911755823,-0.900968867902419,0.8660254037844386,0.5000000000000001,0.6870527672236669,0.7266075247685656,12.8,9.5
2020-02-14,Goa,WR,15.491997,73.81800065,12.8,2020,2,4,45,0,0,27.2,63,12.7,11.8,11.8,11.842857142857143,0.6972736021035614,11.46,-0.433883739117558,-0.9009688679024191,0.8660254037844386,0.5000000000000001,0.699458327051647,0.7146733860429609,12.8,9.4
2020-02-15,Goa,WR,15.491997,73.81800065,12.8,2020,2,5,46,1,0,26.6,67,12.8,11.8,11.9,11.985714285714286,0.7840675383931565,11.490000000000002,-0.9749279121818236,-0.2225209339563146,0.8660254037844386,0.5000000000000001,0.7116566222817746,0.7025274741691571,8.8,9.5
2020-02-16,Goa,WR,15.491997,73.81800065,8.8,2020,2,6,47,1,0,26.9,59,12.8,12.0,11.8,11.528571428571428,1.4360992139754667,11.389999999999999,-0.7818314824680299,0.6234898018587334,0.8660254037844386,0.5000000000000001,0.7236440382959124,0.6901733882429719,9.1,10.7
2020-02-17,Goa,WR,15.491997,73.81800065,9.1,2020,2,0,48,0,0,26.8,60,8.8,11.2,11.8,11.228571428571428,1.7094972806006317,11.3,0.0,1.0,0.8660254037844386,0.5000000000000001,0.7354170229639855,0.6776147890466889,8.9,10.7
2020-02-18,Goa,WR,15.491997,73.81800065,8.9,2020,2,1,49,0,0,27.1,58,9.1,11.2,10.3,10.9,1.9235384061671355,11.253333333333332,0.7818314824680298,0.6234898018587336,0.8660254037844386,0.5000000000000001,0.7469720876965552,0.6648553979642865,9.0,10.7
2020-02-19,Goa,WR,15.491997,73.81800065,9.0,2020,2,2,50,0,0,26.4,70,8.9,11.2,8.8,10.585714285714285,2.042407542932746,11.259999999999998,0.9749279121818236,-0.22252093395631434,0.8660254037844386,0.5000000000000001,0.7583058084785624,0.6518989958787126,9.5,10.7
2020-02-20,Goa,WR,15.491997,73.81800065,9.5,2020,2,3,51,0,0,26.8,72,9.0,12.7,10.1,10.12857142857143,1.8382185993639684,11.24,0.43388373911755823,-0.900968867902419,0.8660254037844386,0.5000000000000001,0.7694148268839378,0.6387494220515272,9.4,10.7
2020-02-21,Goa,WR,15.491997,73.81800065,9.4,2020,2,4,52,0,0,27.2,63,9.5,12.8,10.4,9.642857142857142,1.4152233544063482,11.206666666666667,-0.433883739117558,-0.9009688679024191,0.8660254037844386,0.5000000000000001,0.7802958510707755,0.6254105729852463,9.5,10.7
2020-02-22,Goa,WR,15.491997,73.81800065,9.5,2020,2,5,53,1,0,27.6,54,9.4,12.8,10.3,9.171428571428573,0.2927700218845877,11.180000000000001,-0.9749279121818236,-0.2225209339563146,0.8660254037844386,0.5000000000000001,0.7909456567567772,0.6118864012687243,10.7,11.2
2020-02-23,Goa,WR,15.491997,73.81800065,10.7,2020,2,6,54,1,0,27.0,60,9.5,8.8,9.9,9.442857142857141,0.6051367417290829,11.206666666666667,-0.7818314824680299,0.6234898018587334,0.8660254037844386,0.5000000000000001,0.8013610881746766,0.5981809144059165,10.7,12.7
2020-02-24,Goa,WR,15.491997,73.81800065,10.7,2020,2,0,55,0,0,27.0,65,10.7,9.1,9.6,9.671428571428573,0.7409774753982962,11.243333333333334,0.0,1.0,0.8660254037844386,0.5000000000000001,0.8115390590073611,0.5842981736283684,10.7,11.0
2020-02-25,Goa,WR,15.491997,73.81800065,10.7,2020,2,1,56,0,0,26.5,76,10.7,8.9,11.6,9.928571428571429,0.7409774753982957,11.213333333333333,0.7818314824680298,0.6234898018587336,0.8660254037844386,0.5000000000000001,0.8214765533024142,0.5702422926917871,10.7,10.4
2020-02-26,Goa,WR,15.491997,73.81800065,10.7,2020,2,2,57,0,0,27.8,66,10.7,9.0,11.6,10.171428571428573,0.6600865744084621,11.183333333333334,0.9749279121818236,-0.22252093395631434,0.8660254037844386,0.5000000000000001,0.8311706263658079,0.5560174366570446,10.7,13.5
2020-02-27,Goa,WR,15.491997,73.81800065,10.7,2020,2,3,58,0,0,28.4,62,10.7,9.5,11.6,10.342857142857142,0.6106202935189387,11.153333333333334,0.43388373911755823,-0.900968867902419,0.8660254037844386,0.5000000000000001,0.8406184056344782,0.5416278206559814,10.7,13.4
2020-02-28,Goa,WR,15.491997,73.81800065,10.7,2020,2,4,59,0,0,28.3,68,10.7,9.4,11.6,10.528571428571428,0.4535573676110859,11.123333333333333,-0.433883739117558,-0.9009688679024191,0.8660254037844386,0.5000000000000001,0.8498170915275278,0.5270777086423722,11.2,13.6
2020-02-29,Goa,WR,15.491997,73.81800065,11.2,2020,2,5,60,1,0,28.3,72,10.7,9.5,11.6,10.77142857142857,0.18898223650461365,11.110000000000001,-0.9749279121818236,-0.2225209339563146,0.8660254037844386,0.5000000000000001,0.8587639582758029,0.5123714121284237,12.7,12.2
2020-03-01,Goa,WR,15.491997,73.81800065,12.7,2020,3,6,61,1,0,27.9,68,11.2,10.7,11.6,11.057142857142855,0.7480132415430961,11.146666666666667,-0.7818314824680299,0.6234898018587334,1.0,6.123233995736766e-17,0.8674563547295969,0.49751328890718066,11.0,10.0
2020-03-02,Goa,WR,15.491997,73.81800065,11.0,2020,3,0,62,0,0,27.8,68,12.7,10.7,11.6,11.099999999999998,0.7325753658611976,11.126666666666665,0.0,1.0,1.0,6.123233995736766e-17,0.8758917051442429,0.48250774176121847,10.4,10.0
2020-03-03,Goa,WR,15.491997,73.81800065,10.4,2020,3,1,63,0,0,27.5,61,11.0,10.7,12.0,11.057142857142859,0.7678045386189184,11.073333333333332,0.7818314824680298,0.6234898018587336,1.0,6.123233995736766e-17,0.8840675099433636,0.4673592171580022,13.5,10.5
2020-03-04,Goa,WR,15.491997,73.81800065,13.5,2020,3,2,64,0,0,27.2,60,10.4,10.7,13.7,11.457142857142857,1.1731114508820035,11.066666666666666,0.9749279121818236,-0.22252093395631434,1.0,6.123233995736766e-17,0.8919813464595485,0.45207220393230435,13.4,11.6
2020-03-05,Goa,WR,15.491997,73.81800065,13.4,2020,3,3,65,0,0,25.6,68,13.5,10.7,13.7,11.842857142857142,1.3176458083227387,11.056666666666667,0.43388373911755823,-0.900968867902419,1.0,6.123233995736766e-17,0.8996308696522433,0.43665123195606403,13.6,11.6
2020-03-13,Goa,WR,15.491997,73.81800065,13.6,2020,3,4,73,0,0,26.2,60,13.4,10.7,11.8,12.257142857142856,1.353830544365562,11.116666666666667,-0.433883739117558,-0.9009688679024191,1.0,6.123233995736766e-17,0.9510565162951535,0.30901699437494745,12.2,11.6
2020-03-14,Goa,WR,15.491997,73.81800065,12.2,2020,3,5,74,1,0,26.5,56,13.6,11.2,11.8,12.400000000000002,1.2741009902410978,11.129999999999999,-0.9749279121818236,-0.2225209339563146,1.0,6.123233995736766e-17,0.9562348265919056,0.29260033563334836,10.0,11.6
2020-03-15,Goa,WR,15.491997,73.81800065,10.0,2020,3,6,75,1,0,27.0,61,12.2,12.7,11.8,12.014285714285714,1.5475018270625442,11.07,-0.7818314824680299,0.6234898018587334,1.0,6.123233995736766e-17,0.9611297838723007,0.27609697309746883,10.0,6.867
2020-03-16,Goa,WR,15.491997,73.81800065,10.0,2020,3,0,76,0,0,27.6,64,10.0,11.0,11.8,11.87142857142857,1.6957931140661857,11.01,0.0,1.0,1.0,6.123233995736766e-17,0.9657399376548549,0.2595117970697999,10.5,7.4
2020-03-17,Goa,WR,15.491997,73.81800065,10.5,2020,3,1,77,0,0,27.8,74,10.0,10.4,12.0,11.885714285714284,1.6816941571210993,10.96,0.7818314824680298,0.6234898018587336,1.0,6.123233995736766e-17,0.9700639218515071,0.2428497220959356,11.6,7.3
2020-03-18,Goa,WR,15.491997,73.81800065,11.6,2020,3,2,78,0,0,28.4,78,10.5,13.5,11.2,11.614285714285714,1.5236235005501106,10.973333333333333,0.9749279121818236,-0.22252093395631434,1.0,6.123233995736766e-17,0.9741004551724205,0.22611568550828828,11.6,7.2
2020-03-19,Goa,WR,15.491997,73.81800065,11.6,2020,3,3,79,0,0,29.2,54,11.6,13.4,11.2,11.357142857142858,1.308761682987831,10.986666666666666,0.43388373911755823,-0.900968867902419,1.0,6.123233995736766e-17,0.9778483415056568,0.20931464596304847,11.6,7.2
2020-03-20,Goa,WR,15.491997,73.81800065,11.6,2020,3,4,80,0,0,28.0,58,11.6,13.6,11.2,11.071428571428571,0.88828352402125,11.0,-0.433883739117558,-0.9009688679024191,1.0,6.123233995736766e-17,0.9813064702716093,0.19245158197082998,11.6,6.867
2020-03-21,Goa,WR,15.491997,73.81800065,11.6,2020,3,5,81,1,0,26.9,66,11.6,12.2,12.7,10.985714285714286,0.7840675383931505,10.963333333333333,-0.9749279121818236,-0.2225209339563146,1.0,6.123233995736766e-17,0.9844738167520922,0.1755314904214282,6.867,6.9
2020-03-22,Goa,WR,15.491997,73.81800065,6.867,2020,3,6,82,1,0,26.9,74,11.6,10.0,12.8,10.538142857142859,1.745398944708761,10.765566666666667,-0.7818314824680299,0.6234898018587334,1.0,6.123233995736766e-17,0.9873494423939864,0.15855938510313475,7.4,12.1
2020-03-23,Goa,WR,15.491997,73.81800065,7.4,2020,3,0,83,0,0,26.7,80,6.867,10.0,12.8,10.166714285714287,2.116251931622322,10.585566666666665,0.0,1.0,1.0,6.123233995736766e-17,0.989932495087353,0.141540295217043,7.3,12.7
2020-03-24,Goa,WR,15.491997,73.81800065,7.3,2020,3,1,84,0,0,27.4,80,7.4,10.5,8.8,9.709571428571428,2.3634454973719152,10.535566666666666,0.7818314824680298,0.6234898018587336,1.0,6.123233995736766e-17,0.9922222094179323,0.12447926388678915,7.2,12.7
2020-03-25,Goa,WR,15.491997,73.81800065,7.2,2020,3,2,85,0,0,28.0,79,7.3,11.6,9.1,9.081,2.3619822889541915,10.472233333333332,0.9749279121818236,-0.22252093395631434,1.0,6.123233995736766e-17,0.994217906893952,0.10738134666416309,7.2,12.7
2020-03-26,Goa,WR,15.491997,73.81800065,7.2,2020,3,3,86,0,0,28.4,80,7.2,11.6,8.9,8.452428571428571,2.156418624876492,10.415566666666669,0.43388373911755823,-0.900968867902419,1.0,6.123233995736766e-17,0.995918996147179,0.09025161003104117,6.867,12.6
2020-03-27,Goa,WR,15.491997,73.81800065,6.867,2020,3,4,87,0,0,29.0,78,7.2,11.6,9.0,7.776285714285715,1.6983836153124612,10.344466666666667,-0.433883739117558,-0.9009688679024191,1.0,6.123233995736766e-17,0.9973249731081555,0.07309512989807777,6.9,12.2
2020-03-28,Goa,WR,15.491997,73.81800065,6.9,2020,3,5,88,1,0,28.6,76,6.867,11.6,9.5,7.104857142857143,0.22301452013352221,10.257800000000001,-0.9749279121818236,-0.2225209339563146,1.0,6.123233995736766e-17,0.9984354211555643,0.055916990100603484,12.1,12.2
2020-03-29,Goa,WR,15.491997,73.81800065,12.1,2020,3,6,89,1,0,28.4,77,6.9,6.867,9.4,7.852428571428571,1.8833147955261065,10.3478,-0.7818314824680299,0.6234898018587334,1.0,6.123233995736766e-17,0.9992500112396835,0.03872228089217446,12.7,11.1
2020-03-30,Goa,WR,15.491997,73.81800065,12.7,2020,3,0,90,0,0,28.5,78,12.1,7.4,9.5,8.609571428571428,2.600084861252459,10.454466666666665,0.0,1.0,1.0,6.123233995736766e-17,0.9997685019798909,0.021516097436222254,12.7,11.1
2020-03-31,Goa,WR,15.491997,73.81800065,12.7,2020,3,1,91,0,0,28.6,72,12.7,7.3,10.7,9.381,2.9272729630152274,10.521133333333333,0.7818314824680298,0.6234898018587336,1.0,6.123233995736766e-17,0.9999907397361901,0.004303538296244289,12.7,11.1
2020-04-01,Goa,WR,15.491997,73.81800065,12.7,2020,4,2,92,0,0,28.7,70,12.7,7.2,10.7,10.166714285714287,2.981921456280922,10.5878,0.9749279121818236,-0.22252093395631434,0.8660254037844387,-0.4999999999999998,0.9999166586547379,-0.01291029607500882,12.6,11.1
2020-04-02,Goa,WR,15.491997,73.81800065,12.6,2020,4,3,93,0,1,28.4,75,12.7,7.2,10.7,10.938142857142855,2.7780360225989016,10.651133333333332,0.43388373911755823,-0.900968867902419,0.8660254037844387,-0.4999999999999998,0.9995462806873573,-0.030120304846908114,12.2,12.1
2020-04-03,Goa,WR,15.491997,73.81800065,12.2,2020,4,4,94,0,0,28.5,78,12.6,6.867,10.7,11.7,2.1315096371664217,10.701133333333333,-0.433883739117558,-0.9009688679024191,0.8660254037844387,-0.4999999999999998,0.9988797155850336,-0.04732138832243185,12.2,9.9
2020-04-04,Goa,WR,15.491997,73.81800065,12.2,2020,4,5,95,1,0,28.6,76,12.2,6.9,10.7,12.457142857142857,0.2760262237369667,10.751133333333334,-0.9749279121818236,-0.2225209339563146,0.8660254037844387,-0.4999999999999998,0.9979171608653922,-0.06450844944931623,11.1,9.5
2020-04-05,Goa,WR,15.491997,73.81800065,11.1,2020,4,6,96,1,0,29.0,76,12.2,12.1,10.7,12.314285714285713,0.5814595756329491,10.764466666666666,-0.7818314824680299,0.6234898018587334,0.8660254037844387,-0.4999999999999998,0.9966589017541702,-0.08167639533042241,11.1,10.8
2020-04-13,Goa,WR,15.491997,73.81800065,11.1,2020,4,0,104,0,0,29.2,80,11.1,12.7,11.2,12.085714285714287,0.7057586259446252,10.761133333333333,0.0,1.0,0.8660254037844387,-0.4999999999999998,0.9760105506323683,-0.21772323039653177,11.1,11.7
2020-04-14,Goa,WR,15.491997,73.81800065,11.1,2020,4,1,105,0,1,29.3,80,11.1,12.7,12.7,11.857142857142858,0.7322502824789351,10.7078,0.7818314824680298,0.6234898018587336,0.8660254037844387,-0.4999999999999998,0.9721181966290613,-0.23449138957040985,11.1,12.3
2020-04-15,Goa,WR,15.491997,73.81800065,11.1,2020,4,2,106,0,0,29.4,81,11.1,12.7,11.0,11.628571428571428,0.67259270913455,10.711133333333333,0.9749279121818236,-0.22252093395631434,0.8660254037844387,-0.4999999999999998,0.9679377830240642,-0.25119006388481935,12.1,12.3
2020-04-16,Goa,WR,15.491997,73.81800065,12.1,2020,4,3,107,0,0,29.3,80,11.1,12.6,10.4,11.557142857142859,0.5711308748355987,10.7678,0.43388373911755823,-0.900968867902419,0.8660254037844387,-0.4999999999999998,0.9634705485641488,-0.2678143051621742,9.9,12.3
2020-04-17,Goa,WR,15.491997,73.81800065,9.9,2020,4,4,108,0,0,29.8,77,12.1,12.2,13.5,11.228571428571428,0.7674943772091202,10.647799999999998,-0.433883739117558,-0.9009688679024191,0.8660254037844387,-0.4999999999999998,0.9587178169872964,-0.2843591872810034,9.5,12.3
2020-04-18,Goa,WR,15.491997,73.81800065,9.5,2020,4,5,109,1,0,29.8,77,9.9,12.2,13.4,10.842857142857142,0.869592132088641,10.5178,-0.9749279121818236,-0.2225209339563146,0.8660254037844387,-0.4999999999999998,0.9536809966304457,-0.30081980763566735,10.8,12.3
2020-04-19,Goa,WR,15.491997,73.81800065,10.8,2020,4,6,110,1,0,30.0,78,9.5,11.1,13.6,10.8,0.8621678104251661,10.424466666666666,-0.7818314824680299,0.6234898018587334,0.8660254037844387,-0.4999999999999998,0.9483615800121715,-0.3171912885891061,11.7,12.3
2020-04-20,Goa,WR,15.491997,73.81800065,11.7,2020,4,0,111,0,0,30.2,83,10.8,11.1,12.2,10.885714285714284,0.9245333443212836,10.4078,0.0,1.0,0.8660254037844387,-0.4999999999999998,0.9427611433904207,-0.3334687789181868,12.3,12.3
2020-04-21,Goa,WR,15.491997,73.81800065,12.3,2020,4,1,112,0,0,30.1,79,11.7,11.1,10.0,11.057142857142859,1.0706028564273828,10.484466666666666,0.7818314824680298,0.6234898018587336,0.8660254037844387,-0.4999999999999998,0.9368813462954315,-0.3496474552512284,12.3,12.0
2020-04-22,Goa,WR,15.491997,73.81800065,12.3,2020,4,2,113,0,0,29.4,75,12.3,11.1,10.0,11.22857142857143,1.1700630833624386,10.561133333333334,0.9749279121818236,-0.22252093395631434,0.8660254037844387,-0.4999999999999998,0.9307239310379795,-0.36572252349726897,12.3,11.9
2020-04-23,Goa,WR,15.491997,73.81800065,12.3,2020,4,3,114,0,0,29.7,75,12.3,12.1,10.5,11.257142857142856,1.1970201096293835,10.621133333333335,0.43388373911755823,-0.900968867902419,0.8660254037844387,-0.4999999999999998,0.9242907221930933,-0.3816892202666588,12.3,11.9
2020-04-24,Goa,WR,15.491997,73.81800065,12.3,2020,4,4,115,0,0,29.6,76,12.3,9.9,11.6,11.6,1.0816653826391989,10.644466666666666,-0.433883739117558,-0.9009688679024191,0.8660254037844387,-0.4999999999999998,0.9175836260593937,-0.39754281428255595,12.3,11.9
2020-04-25,Goa,WR,15.491997,73.81800065,12.3,2020,4,5,116,1,0,29.6,75,12.3,9.5,11.6,12.000000000000002,0.5744562646538125,10.6678,-0.9749279121818236,-0.2225209339563146,0.8660254037844387,-0.4999999999999998,0.9106046300942162,-0.4132786077829042,12.3,11.9
2020-04-26,Goa,WR,15.491997,73.81800065,12.3,2020,4,6,117,1,0,29.2,73,12.3,10.8,11.6,12.214285714285714,0.2267786838055691,10.691133333333333,-0.7818314824680299,0.6234898018587334,0.8660254037844387,-0.4999999999999998,0.9033558023246845,-0.4288919379124835,12.3,9.4
2020-04-27,Goa,WR,15.491997,73.81800065,12.3,2020,4,0,118,0,0,29.4,73,12.3,11.7,11.6,12.3,1.2603745915670584e-07,10.714466666666668,0.0,1.0,0.8660254037844387,-0.4999999999999998,0.895839290734909,-0.4443781781046132,12.0,10.5
2020-04-28,Goa,WR,15.491997,73.81800065,12.0,2020,4,1,119,0,0,29.1,74,12.3,12.3,6.867,12.257142857142856,0.11338934190283563,10.885566666666668,0.7818314824680298,0.6234898018587336,0.8660254037844387,-0.4999999999999998,0.8880573226294932,-0.45973273945210397,11.9,10.6
2020-04-29,Goa,WR,15.491997,73.81800065,11.9,2020,4,2,120,0,0,29.5,78,12.0,12.3,7.4,12.200000000000001,0.17320508075692942,11.035566666666666,0.9749279121818236,-0.22252093395631434,0.8660254037844387,-0.4999999999999998,0.8800122039735357,-0.47495107206704995,11.9,10.4
2020-04-30,Goa,WR,15.491997,73.81800065,11.9,2020,4,3,121,0,0,29.7,79,11.9,12.3,7.3,12.142857142857142,0.19880595947763519,11.1889,0.43388373911755823,-0.900968867902419,0.8660254037844387,-0.4999999999999998,0.8717063187093218,-0.4900286664290592,11.9,10.6
2020-05-01,Goa,WR,15.491997,73.81800065,11.9,2020,5,4,122,0,0,30.2,77,11.9,12.3,7.2,12.085714285714287,0.20354009783967433,11.345566666666667,-0.433883739117558,-0.9009688679024191,0.49999999999999994,-0.8660254037844387,0.8631421280499114,-0.5049610547215204,11.9,10.6
2020-05-02,Goa,WR,15.491997,73.81800065,11.9,2020,5,5,123,1,0,30.2,76,11.9,12.3,7.2,12.028571428571428,0.18898223650464527,11.502233333333331,-0.9749279121818236,-0.2225209339563146,0.49999999999999994,-0.8660254037844387,0.854322169749827,-0.5197438121555155,9.4,10.4
2020-05-03,Goa,WR,15.491997,73.81800065,9.4,2020,5,6,124,1,0,30.5,77,11.9,12.3,6.867,11.614285714285714,0.9873003113348597,11.586666666666668,-0.7818314824680299,0.6234898018587334,0.49999999999999994,-0.8660254037844387,0.8452490573530633,-0.5343725582809786,10.5,9.5
2020-05-04,Goa,WR,15.491997,73.81800065,10.5,2020,5,0,125,0,0,30.0,76,9.4,12.3,6.9,11.357142857142858,1.0130106002359889,11.706666666666667,0.0,1.0,0.49999999999999994,-0.8660254037844387,0.8359254794186372,-0.548842958284719,10.6,10.0
2020-05-05,Goa,WR,15.491997,73.81800065,10.6,2020,5,1,126,0,0,29.9,75,10.5,12.0,12.1,11.157142857142858,1.0030904626156485,11.656666666666666,0.7818314824680298,0.6234898018587336,0.49999999999999994,-0.8660254037844387,0.8263541987239096,-0.5631507242749186,10.4,10.0
2020-05-13,Goa,WR,15.491997,73.81800065,10.4,2020,5,2,134,0,0,30.5,74,10.6,11.9,12.7,10.942857142857141,0.9778499251881511,11.580000000000002,0.9749279121818236,-0.22252093395631434,0.49999999999999994,-0.8660254037844387,0.7412220108485958,-0.6712599575675313,10.6,9.8
2020-05-14,Goa,WR,15.491997,73.81800065,10.6,2020,5,3,135,0,0,30.0,77,10.4,11.9,12.7,10.757142857142858,0.8847921466972545,11.509999999999998,0.43388373911755823,-0.900968867902419,0.49999999999999994,-0.8660254037844387,0.7295575540864875,-0.6839194216246106,10.6,9.6
2020-05-15,Goa,WR,15.491997,73.81800065,10.6,2020,5,4,136,0,0,29.5,80,10.6,11.9,12.7,10.571428571428571,0.7273565968956414,11.44,-0.433883739117558,-0.9009688679024191,0.49999999999999994,-0.8660254037844387,0.717676913675962,-0.6963762255968722,10.4,9.6
2020-05-16,Goa,WR,15.491997,73.81800065,10.4,2020,5,5,137,1,0,29.1,82,10.6,11.9,12.6,10.357142857142858,0.4314979445958712,11.366666666666667,-0.9749279121818236,-0.2225209339563146,0.49999999999999994,-0.8660254037844387,0.705583610107178,-0.7086266782644596,9.5,8.3
2020-05-17,Goa,WR,15.491997,73.81800065,9.5,2020,5,6,138,1,0,29.9,79,10.4,9.4,12.2,10.37142857142857,0.39460649476950005,11.276666666666666,-0.7818314824680299,0.6234898018587334,0.49999999999999994,-0.8660254037844387,0.6932812268869777,-0.7206671495538609,10.0,12.4
2020-05-18,Goa,WR,15.491997,73.81800065,10.0,2020,5,0,139,0,0,30.1,75,9.5,10.5,12.2,10.299999999999999,0.41231056256174714,11.203333333333331,0.0,1.0,0.49999999999999994,-0.8660254037844387,0.6807734094770161,-0.7324940716135789,10.0,12.4
2020-05-19,Goa,WR,15.491997,73.81800065,10.0,2020,5,1,140,0,0,29.6,76,10.0,10.6,11.1,10.214285714285714,0.40178174601212824,11.166666666666666,0.7818314824680298,0.6234898018587336,0.49999999999999994,-0.8660254037844387,0.6680638642135335,-0.7441039398713607,9.8,12.4
2020-05-20,Goa,WR,15.491997,73.81800065,9.8,2020,5,2,141,0,0,29.4,76,10.0,10.4,11.1,10.128571428571428,0.4191828786034408,11.123333333333333,0.9749279121818236,-0.22252093395631434,0.49999999999999994,-0.8660254037844387,0.6551563572090853,-0.7554933140726803,9.6,12.4
2020-05-21,Goa,WR,15.491997,73.81800065,9.6,2020,5,3,142,0,0,29.4,74,9.8,10.6,11.1,9.985714285714286,0.40178174601212335,11.073333333333334,0.43388373911755823,-0.900968867902419,0.49999999999999994,-0.8660254037844387,0.6420547132365637,-0.766658819300159,9.6,12.5
