timestamp,node_id,region,latitude,longitude,consumption_mu,year,month,dayofweek,dayofyear,is_weekend,is_holiday,temperature_c,humidity,lag_1d,lag_7d,lag_30d,roll_mean_7d,roll_std_7d,roll_mean_30d,dow_sin,dow_cos,month_sin,month_cos,doy_sin,doy_cos,target_next_1d,target_next_7d
2019-02-02,Tripura,NER,23.83540428,91.27999914,3.9,2019,2,5,33,1,0,19.1,66,3.9,4.9,3.4,3.833428571428571,0.8285060565344597,4.304466666666666,-0.9749279121818236,-0.2225209339563146,0.8660254037844386,0.5000000000000001,0.5380051715382996,0.8429415373547828,3.8,4.0
2019-02-03,Tripura,NER,23.83540428,91.27999914,3.8,2019,2,6,34,1,0,19.9,61,3.9,5.4,3.6,3.6048571428571425,0.46543722404187204,4.311133333333333,-0.7818314824680299,0.6234898018587334,0.8660254037844386,0.5000000000000001,0.5524353131676196,0.8335557718385699,3.6,3.8
2019-02-04,Tripura,NER,23.83540428,91.27999914,3.6,2019,2,0,35,0,0,19.2,58,3.8,4.1,3.5,3.5334285714285714,0.4120949959830618,4.314466666666666,0.0,1.0,0.8660254037844386,0.5000000000000001,0.5667017562911176,0.8239230057575542,2.734,4.1
2019-02-05,Tripura,NER,23.83540428,91.27999914,2.734,2019,2,1,36,0,0,18.8,62,3.6,2.734,3.5,3.533428571428572,0.4120949959830618,4.2889333333333335,0.7818314824680298,0.6234898018587336,0.8660254037844386,0.5000000000000001,0.5808002734538009,0.8140460935082178,3.1,4.1
2019-02-06,Tripura,NER,23.83540428,91.27999914,3.1,2019,2,2,37,0,0,19.0,61,2.734,3.4,3.3,3.490571428571428,0.442744040856881,4.282266666666667,0.9749279121818236,-0.22252093395631434,0.8660254037844386,0.5000000000000001,0.5947266869607634,0.8039279618328213,4.2,4.1
2019-02-07,Tripura,NER,23.83540428,91.27999914,4.2,2019,2,3,38,0,0,18.9,64,3.1,3.4,3.3,3.604857142857143,0.51312617959959,4.312266666666667,0.43388373911755823,-0.900968867902419,0.8660254037844386,0.5000000000000001,0.6084768701151261,0.7935716089521474,4.2,3.9
2019-02-08,Tripura,NER,23.83540428,91.27999914,4.2,2019,2,4,39,0,0,20.8,66,4.2,3.9,3.3,3.6477142857142857,0.5528742214662385,4.342266666666666,-0.433883739117558,-0.9009688679024191,0.8660254037844386,0.5000000000000001,0.6220467484408675,0.7829801036770629,4.0,3.6
2019-02-09,Tripura,NER,23.83540428,91.27999914,4.0,2019,2,5,40,1,0,22.6,60,4.2,3.9,4.2,3.662,0.5617009880710507,4.3356,-0.9749279121818236,-0.2225209339563146,0.8660254037844386,0.5000000000000001,0.6354323008901774,0.7721565844991642,3.8,3.7
2019-02-10,Tripura,NER,23.83540428,91.27999914,3.8,2019,2,6,41,1,0,19.9,61,4.0,3.8,4.3,3.662,0.5617009880710507,4.318933333333333,-0.7818314824680299,0.6234898018587334,0.8660254037844386,0.5000000000000001,0.6486295610349814,0.7611042586607747,4.1,3.7
2019-02-11,Tripura,NER,23.83540428,91.27999914,4.1,2019,2,0,42,0,0,18.0,66,3.8,3.6,4.3,3.7334285714285715,0.5838569622612609,4.312266666666667,0.0,1.0,0.8660254037844386,0.5000000000000001,0.6616346182422783,0.7498264012045686,4.1,3.8
2019-02-12,Tripura,NER,23.83540428,91.27999914,4.1,2019,2,1,43,0,0,19.0,66,4.1,2.734,4.6,3.9285714285714284,0.39036002917940804,4.295599999999999,0.7818314824680298,0.6234898018587336,0.8660254037844386,0.5000000000000001,0.6744436188329455,0.7383263540031065,4.1,4.3
2019-02-13,Tripura,NER,23.83540428,91.27999914,4.1,2019,2,2,44,0,0,20.7,67,4.1,3.1,4.8,4.071428571428571,0.13801311186845847,4.272266666666667,0.9749279121818236,-0.22252093395631434,0.8660254037844386,0.5000000000000001,0.6870527672236669,0.7266075247685656,3.9,3.6
2019-02-14,Tripura,NER,23.83540428,91.27999914,3.9,2019,2,3,45,0,0,21.4,66,4.1,4.2,5.0,4.0285714285714285,0.13801311186845758,4.2356,0.43388373911755823,-0.900968867902419,0.8660254037844386,0.5000000000000001,0.699458327051647,0.7146733860429609,3.6,5.0
2019-02-15,Tripura,NER,23.83540428,91.27999914,3.6,2019,2,4,46,0,0,22.1,64,3.9,4.2,4.8,3.9428571428571426,0.19023794624225734,4.195600000000001,-0.433883739117558,-0.9009688679024191,0.8660254037844386,0.5000000000000001,0.7116566222817746,0.7025274741691571,3.7,5.0
2019-02-16,Tripura,NER,23.83540428,91.27999914,3.7,2019,2,5,47,1,0,19.8,74,3.6,4.0,5.8,3.8999999999999995,0.20816659994660255,4.1256,-0.9749279121818236,-0.2225209339563146,0.8660254037844386,0.5000000000000001,0.7236440382959124,0.6901733882429719,3.7,5.6
2019-02-17,Tripura,NER,23.83540428,91.27999914,3.7,2019,2,6,48,1,0,19.3,77,3.7,3.8,4.2,3.8857142857142857,0.21930626551750304,4.108933333333334,-0.7818314824680299,0.6234898018587334,0.8660254037844386,0.5000000000000001,0.7354170229639855,0.6776147890466889,3.8,5.3
2019-02-18,Tripura,NER,23.83540428,91.27999914,3.8,2019,2,0,49,0,0,19.9,74,3.7,4.1,4.3,3.8428571428571425,0.19880595947758906,4.092266666666666,0.0,1.0,0.8660254037844386,0.5000000000000001,0.7469720876965552,0.6648553979642865,4.3,4.8
2019-02-19,Tripura,NER,23.83540428,91.27999914,4.3,2019,2,1,50,0,0,21.5,64,3.8,4.1,4.8,3.871428571428571,0.24976179127510234,4.0756,0.7818314824680298,0.6234898018587336,0.8660254037844386,0.5000000000000001,0.7583058084785624,0.6518989958787126,3.6,3.3
2019-02-20,Tripura,NER,23.83540428,91.27999914,3.6,2019,2,2,51,0,0,22.4,74,4.3,4.1,5.5,3.8000000000000003,0.24494897427830778,4.012266666666666,0.9749279121818236,-0.22252093395631434,0.8660254037844386,0.5000000000000001,0.7694148268839378,0.6387494220515272,5.0,4.4
2019-02-21,Tripura,NER,23.83540428,91.27999914,5.0,2019,2,3,52,0,0,22.9,73,3.6,3.9,5.4,3.957142857142857,0.519156825558333,3.998933333333333,0.43388373911755823,-0.900968867902419,0.8660254037844386,0.5000000000000001,0.7802958510707755,0.6254105729852463,5.0,3.4
2019-02-22,Tripura,NER,23.83540428,91.27999914,5.0,2019,2,4,53,0,0,23.1,69,5.0,3.6,4.9,4.1571428571428575,0.6187545093630751,4.002266666666666,-0.433883739117558,-0.9009688679024191,0.8660254037844386,0.5000000000000001,0.7909456567567772,0.6118864012687243,5.6,3.6
2019-02-23,Tripura,NER,23.83540428,91.27999914,5.6,2019,2,5,54,1,0,24.7,72,5.0,3.7,5.5,4.428571428571429,0.780415029998537,4.0056,-0.9749279121818236,-0.2225209339563146,0.8660254037844386,0.5000000000000001,0.8013610881746766,0.5981809144059165,5.3,4.2
2019-02-24,Tripura,NER,23.83540428,91.27999914,5.3,2019,2,6,55,1,0,24.3,62,5.6,3.7,4.5,4.6571428571428575,0.7656307701434653,4.032266666666667,-0.7818314824680299,0.6234898018587334,0.8660254037844386,0.5000000000000001,0.8115390590073611,0.5842981736283684,4.8,3.9
2019-02-25,Tripura,NER,23.83540428,91.27999914,4.8,2019,2,0,56,0,0,19.8,76,5.3,3.8,4.9,4.8,0.6658328118479395,4.028933333333333,0.0,1.0,0.8660254037844386,0.5000000000000001,0.8214765533024142,0.5702422926917871,3.3,3.9
2019-02-26,Tripura,NER,23.83540428,91.27999914,3.3,2019,2,1,57,0,0,21.8,77,4.8,4.3,5.4,4.6571428571428575,0.8676734079462977,3.9589333333333334,0.7818314824680298,0.6234898018587336,0.8660254037844386,0.5000000000000001,0.8311706263658079,0.5560174366570446,4.4,4.0
2019-02-27,Tripura,NER,23.83540428,91.27999914,4.4,2019,2,2,58,0,0,19.7,83,3.3,3.6,4.1,4.771428571428571,0.74992063072098,3.968933333333333,0.9749279121818236,-0.22252093395631434,0.8660254037844386,0.5000000000000001,0.8406184056344782,0.5416278206559814,3.4,3.6
2019-02-28,Tripura,NER,23.83540428,91.27999914,3.4,2019,2,3,59,0,0,18.7,93,4.4,5.0,2.734,4.542857142857143,0.8978811035936077,3.991133333333333,0.43388373911755823,-0.900968867902419,0.8660254037844386,0.5000000000000001,0.8498170915275278,0.5270777086423722,3.6,5.1
2019-03-02,Tripura,NER,23.83540428,91.27999914,3.6,2019,3,5,61,1,0,17.9,67,3.4,5.0,3.4,4.3428571428571425,0.9342682392424245,3.9978,-0.9749279121818236,-0.2225209339563146,1.0,6.123233995736766e-17,0.8674563547295969,0.49751328890718066,4.2,5.6
2019-03-03,Tripura,NER,23.83540428,91.27999914,4.2,2019,3,6,62,1,0,19.6,68,3.6,5.6,3.4,4.142857142857143,0.752456295202899,4.024466666666667,-0.7818314824680299,0.6234898018587334,1.0,6.123233995736766e-17,0.8758917051442429,0.48250774176121847,3.9,5.3
2019-03-04,Tripura,NER,23.83540428,91.27999914,3.9,2019,3,0,63,0,1,19.9,74,4.2,5.3,3.9,3.942857142857143,0.5533448076836642,4.024466666666666,0.0,1.0,1.0,6.123233995736766e-17,0.8840675099433636,0.4673592171580022,3.9,5.4
2019-03-05,Tripura,NER,23.83540428,91.27999914,3.9,2019,3,1,64,0,0,19.9,82,3.9,4.8,3.9,3.814285714285714,0.405908739450014,4.024466666666667,0.7818314824680298,0.6234898018587336,1.0,6.123233995736766e-17,0.8919813464595485,0.45207220393230435,4.0,5.832999999999998
2019-03-06,Tripura,NER,23.83540428,91.27999914,4.0,2019,3,2,65,0,0,21.1,81,3.9,3.3,3.8,3.914285714285714,0.3387652649872767,4.031133333333333,0.9749279121818236,-0.22252093395631434,1.0,6.123233995736766e-17,0.8996308696522433,0.43665123195606403,3.6,4.7
2019-03-07,Tripura,NER,23.83540428,91.27999914,3.6,2019,3,3,66,0,0,21.5,82,4.0,4.4,3.6,3.8000000000000003,0.27688746209725923,4.031133333333333,0.43388373911755823,-0.900968867902419,1.0,6.123233995736766e-17,0.9070138128026359,0.4211008707960896,5.1,4.7
2019-03-08,Tripura,NER,23.83540428,91.27999914,5.1,2019,3,4,67,0,0,21.5,68,3.6,3.4,2.734,4.042857142857143,0.5126959555693201,4.11,-0.433883739117558,-0.9009688679024191,1.0,6.123233995736766e-17,0.9141279881853337,0.40542572835999735,5.6,2.8
2019-03-09,Tripura,NER,23.83540428,91.27999914,5.6,2019,3,5,68,1,0,21.0,62,5.1,3.6,3.1,4.328571428571428,0.7341986237031608,4.193333333333333,-0.9749279121818236,-0.2225209339563146,1.0,6.123233995736766e-17,0.9209712877166346,0.38963044953078796,5.3,3.4
2019-03-10,Tripura,NER,23.83540428,91.27999914,5.3,2019,3,6,69,1,0,22.8,77,5.6,4.2,4.2,4.485714285714286,0.8153293228885503,4.2299999999999995,-0.7818314824680299,0.6234898018587334,1.0,6.123233995736766e-17,0.9275416835791966,0.37371971479046906,5.4,3.4
2019-03-11,Tripura,NER,23.83540428,91.27999914,5.4,2019,3,0,70,0,0,23.5,86,5.3,3.9,4.2,4.7,0.832666399786452,4.27,0.0,1.0,1.0,6.123233995736766e-17,0.9338372288229252,0.35769823883312546,5.832999999999998,3.4
2019-03-12,Tripura,NER,23.83540428,91.27999914,5.832999999999998,2019,3,1,71,0,0,24.7,78,5.4,3.9,4.0,4.9761428571428565,0.8435939838120045,4.3311,0.7818314824680298,0.6234898018587336,1.0,6.123233995736766e-17,0.9398560579418954,0.3415707691678556,4.7,3.1
2019-03-13,Tripura,NER,23.83540428,91.27999914,4.7,2019,3,2,72,0,0,25.8,78,5.832999999999998,4.0,3.8,5.076142857142857,0.7442339301974495,4.3610999999999995,0.9749279121818236,-0.22252093395631434,1.0,6.123233995736766e-17,0.9455963874271426,0.3253420847119801,4.7,3.7
2019-03-14,Tripura,NER,23.83540428,91.27999914,4.7,2019,3,3,73,0,0,26.1,75,4.7,3.6,4.1,5.233285714285714,0.4306842285966656,4.3811,0.43388373911755823,-0.900968867902419,1.0,6.123233995736766e-17,0.9510565162951535,0.30901699437494745,2.8,4.5
2019-03-15,Tripura,NER,23.83540428,91.27999914,2.8,2019,3,4,74,0,0,26.6,68,4.7,5.1,4.1,4.904714285714285,1.0214640986162473,4.337766666666667,-0.433883739117558,-0.9009688679024191,1.0,6.123233995736766e-17,0.9562348265919056,0.29260033563334836,3.4,3.5
2019-03-16,Tripura,NER,23.83540428,91.27999914,3.4,2019,3,5,75,1,0,26.9,61,2.8,5.6,4.1,4.59042857142857,1.1067706563305164,4.314433333333333,-0.9749279121818236,-0.2225209339563146,1.0,6.123233995736766e-17,0.9611297838723007,0.27609697309746883,3.4,3.4
2019-03-17,Tripura,NER,23.83540428,91.27999914,3.4,2019,3,6,76,1,0,26.5,67,3.4,5.3,3.9,4.319,1.1363363645212308,4.297766666666666,-0.7818314824680299,0.6234898018587334,1.0,6.123233995736766e-17,0.9657399376548549,0.2595117970697999,3.4,3.6
2019-03-18,Tripura,NER,23.83540428,91.27999914,3.4,2019,3,0,77,0,0,25.5,65,3.4,5.4,3.6,4.033285714285714,1.068654405359951,4.2911,0.0,1.0,1.0,6.123233995736766e-17,0.9700639218515071,0.2428497220959356,3.1,3.6
2019-03-19,Tripura,NER,23.83540428,91.27999914,3.1,2019,3,1,78,0,0,24.3,73,3.4,5.832999999999998,3.7,3.642857142857143,0.7546680127869472,4.2711,0.7818314824680298,0.6234898018587336,1.0,6.123233995736766e-17,0.9741004551724205,0.22611568550828828,3.7,3.9
2019-03-20,Tripura,NER,23.83540428,91.27999914,3.7,2019,3,2,79,0,0,25.3,69,3.1,4.7,3.7,3.5,0.599999999999991,4.271100000000001,0.9749279121818236,-0.22252093395631434,1.0,6.123233995736766e-17,0.9778483415056568,0.20931464596304847,4.5,3.4
2019-03-21,Tripura,NER,23.83540428,91.27999914,4.5,2019,3,3,80,0,1,26.2,69,3.7,4.7,3.8,3.471428571428571,0.5345224838248384,4.294433333333333,0.43388373911755823,-0.900968867902419,1.0,6.123233995736766e-17,0.9813064702716093,0.19245158197082998,3.5,3.4
2019-03-22,Tripura,NER,23.83540428,91.27999914,3.5,2019,3,4,81,0,0,26.2,78,4.5,2.8,4.3,3.5714285714285716,0.4461475305855772,4.267766666666666,-0.433883739117558,-0.9009688679024191,1.0,6.123233995736766e-17,0.9844738167520922,0.1755314904214282,3.4,3.9
2019-03-23,Tripura,NER,23.83540428,91.27999914,3.4,2019,3,5,82,1,0,26.8,69,3.5,3.4,3.6,3.5714285714285716,0.4461475305855772,4.2611,-0.9749279121818236,-0.2225209339563146,1.0,6.123233995736766e-17,0.9873494423939864,0.15855938510313475,3.6,3.8
2019-03-24,Tripura,NER,23.83540428,91.27999914,3.6,2019,3,6,83,1,0,26.4,57,3.4,3.4,5.0,3.6000000000000005,0.43969686527575225,4.214433333333334,-0.7818314824680299,0.6234898018587334,1.0,6.123233995736766e-17,0.989932495087353,0.141540295217043,3.6,3.8
2019-03-25,Tripura,NER,23.83540428,91.27999914,3.6,2019,3,0,84,0,0,26.0,46,3.6,3.4,5.0,3.6285714285714286,0.4309458036856556,4.167766666666667,0.0,1.0,1.0,6.123233995736766e-17,0.9922222094179323,0.12447926388678915,3.9,3.9
2019-03-26,Tripura,NER,23.83540428,91.27999914,3.9,2019,3,1,85,0,0,26.7,49,3.6,3.1,5.6,3.7428571428571433,0.3690399384761315,4.1110999999999995,0.7818314824680298,0.6234898018587336,1.0,6.123233995736766e-17,0.994217906893952,0.10738134666416309,3.4,4.1
2019-03-27,Tripura,NER,23.83540428,91.27999914,3.4,2019,3,2,86,0,0,25.9,55,3.9,3.7,5.3,3.6999999999999997,0.39157800414901217,4.047766666666666,0.9749279121818236,-0.22252093395631434,1.0,6.123233995736766e-17,0.995918996147179,0.09025161003104117,3.4,4.2
2019-03-28,Tripura,NER,23.83540428,91.27999914,3.4,2019,3,3,87,0,0,25.9,60,3.4,4.5,4.8,3.5428571428571423,0.1812653934349639,4.0011,0.43388373911755823,-0.900968867902419,1.0,6.123233995736766e-17,0.9973249731081555,0.07309512989807777,3.9,3.8
2019-03-29,Tripura,NER,23.83540428,91.27999914,3.9,2019,3,4,88,0,0,26.5,58,3.4,3.5,3.3,3.6,0.2236067977499561,4.0211,-0.433883739117558,-0.9009688679024191,1.0,6.123233995736766e-17,0.9984354211555643,0.055916990100603484,3.8,3.7
2019-03-30,Tripura,NER,23.83540428,91.27999914,3.8,2019,3,5,89,1,0,28.1,59,3.9,3.4,4.4,3.657142857142857,0.21491969707420108,4.0011,-0.9749279121818236,-0.2225209339563146,1.0,6.123233995736766e-17,0.9992500112396835,0.03872228089217446,3.8,2.9
2019-03-31,Tripura,NER,23.83540428,91.27999914,3.8,2019,3,6,90,1,0,25.9,78,3.8,3.6,3.4,3.685714285714286,0.21930626551749147,4.014433333333334,-0.7818314824680299,0.6234898018587334,1.0,6.123233995736766e-17,0.9997685019798909,0.021516097436222254,3.9,3.5
2019-04-02,Tripura,NER,23.83540428,91.27999914,3.9,2019,4,1,92,0,0,22.9,85,3.8,3.6,3.6,3.7285714285714286,0.22886885410851143,4.024433333333333,0.7818314824680298,0.6234898018587336,0.8660254037844387,-0.4999999999999998,0.9999166586547379,-0.01291029607500882,4.1,2.8
2019-04-03,Tripura,NER,23.83540428,91.27999914,4.1,2019,4,2,93,0,0,23.3,82,3.9,3.9,4.2,3.757142857142857,0.26367367999821373,4.0211,0.9749279121818236,-0.22252093395631434,0.8660254037844387,-0.4999999999999998,0.9995462806873573,-0.030120304846908114,4.2,3.4
2019-04-04,Tripura,NER,23.83540428,91.27999914,4.2,2019,4,3,94,0,0,24.5,85,4.1,3.4,3.9,3.871428571428571,0.2563479777846464,4.0311,0.43388373911755823,-0.900968867902419,0.8660254037844387,-0.4999999999999998,0.9988797155850336,-0.04732138832243185,3.8,3.7
2019-04-05,Tripura,NER,23.83540428,91.27999914,3.8,2019,4,4,95,0,0,23.8,86,4.2,3.4,3.9,3.9285714285714284,0.16035674514743076,4.0277666666666665,-0.433883739117558,-0.9009688679024191,0.8660254037844387,-0.4999999999999998,0.9979171608653922,-0.06450844944931623,3.7,3.1
2019-04-06,Tripura,NER,23.83540428,91.27999914,3.7,2019,4,5,96,1,0,25.6,80,3.8,3.9,4.0,3.8999999999999995,0.1825741858350337,4.017766666666667,-0.9749279121818236,-0.2225209339563146,0.8660254037844387,-0.4999999999999998,0.9966589017541702,-0.08167639533042241,2.9,5.7
2019-04-07,Tripura,NER,23.83540428,91.27999914,2.9,2019,4,6,97,1,0,24.8,78,3.7,3.8,3.6,3.771428571428572,0.4231401884099525,3.9944333333333333,-0.7818314824680299,0.6234898018587334,0.8660254037844387,-0.4999999999999998,0.9951053111006976,-0.09882013873287143,3.5,5.4
2019-04-08,Tripura,NER,23.83540428,91.27999914,3.5,2019,4,0,98,0,0,23.3,87,2.9,3.8,5.1,3.7285714285714286,0.434796066044312,3.9410999999999996,0.0,1.0,0.8660254037844387,-0.4999999999999998,0.9932568492674143,-0.11593459959550041,2.8,5.1
2019-04-09,Tripura,NER,23.83540428,91.27999914,2.8,2019,4,1,99,0,0,23.8,87,3.5,3.9,5.6,3.5714285714285716,0.5468524655221081,3.8477666666666663,0.7818314824680298,0.6234898018587336,0.8660254037844387,-0.4999999999999998,0.9911140639934547,-0.1330147065341959,3.4,5.832999999999998
2019-04-10,Tripura,NER,23.83540428,91.27999914,3.4,2019,4,2,100,0,0,23.5,89,2.8,4.1,5.3,3.4714285714285715,0.49569575922563053,3.7844333333333333,0.9749279121818236,-0.22252093395631434,0.8660254037844387,-0.4999999999999998,0.9886775902323405,-0.1500553983446526,3.7,5.5
2019-04-11,Tripura,NER,23.83540428,91.27999914,3.7,2019,4,3,101,0,0,25.2,83,3.4,4.2,5.4,3.4,0.39999999999998487,3.7277666666666667,0.43388373911755823,-0.900968867902419,0.8660254037844387,-0.4999999999999998,0.9859481499638304,-0.16705162550211924,3.1,5.4
2019-04-12,Tripura,NER,23.83540428,91.27999914,3.1,2019,4,4,102,0,0,25.6,87,3.7,3.8,5.832999999999998,3.3000000000000003,0.36968455021362956,3.6366666666666663,-0.433883739117558,-0.9009688679024191,0.8660254037844387,-0.4999999999999998,0.9829265519799822,-0.18399835165768005,5.7,5.5
2019-04-13,Tripura,NER,23.83540428,91.27999914,5.7,2019,4,5,103,1,1,26.6,86,3.1,3.7,4.7,3.585714285714286,0.9873003113348515,3.67,-0.9749279121818236,-0.2225209339563146,0.8660254037844387,-0.4999999999999998,0.9796136916454901,-0.20089055513063506,5.4,3.6
2019-04-14,Tripura,NER,23.83540428,91.27999914,5.4,2019,4,6,104,1,1,27.6,82,5.7,2.9,4.7,3.942857142857143,1.1385036127261388,3.693333333333334,-0.7818314824680299,0.6234898018587334,0.8660254037844387,-0.4999999999999998,0.9760105506323683,-0.21772323039653177,5.1,3.5
2019-04-15,Tripura,NER,23.83540428,91.27999914,5.1,2019,4,0,105,0,0,27.8,83,5.4,3.5,2.8,4.171428571428572,1.1940327825123904,3.77,0.0,1.0,0.8660254037844387,-0.4999999999999998,0.9721181966290613,-0.23449138957040985,5.832999999999998,3.3
2019-04-16,Tripura,NER,23.83540428,91.27999914,5.832999999999998,2019,4,1,106,0,0,28.3,83,5.1,2.8,3.4,4.604714285714286,1.1633381156949043,3.8511,0.7818314824680298,0.6234898018587336,0.8660254037844387,-0.4999999999999998,0.9679377830240642,-0.25119006388481935,5.5,3.4
2019-04-17,Tripura,NER,23.83540428,91.27999914,5.5,2019,4,2,107,0,1,27.7,78,5.832999999999998,3.4,3.4,4.904714285714285,1.0677338485917611,3.9211,0.9749279121818236,-0.22252093395631434,0.8660254037844387,-0.4999999999999998,0.9634705485641488,-0.2678143051621742,5.4,3.5
2019-04-18,Tripura,NER,23.83540428,91.27999914,5.4,2019,4,3,108,0,0,27.3,76,5.5,3.7,3.4,5.147571428571429,0.9328672390615346,3.987766666666667,0.43388373911755823,-0.900968867902419,0.8660254037844387,-0.4999999999999998,0.9587178169872964,-0.2843591872810034,5.5,3.4
2019-04-19,Tripura,NER,23.83540428,91.27999914,5.5,2019,4,4,109,0,1,26.6,77,5.4,3.1,3.1,5.490428571428572,0.23460879291768572,4.0677666666666665,-0.433883739117558,-0.9009688679024191,0.8660254037844387,-0.4999999999999998,0.9536809966304457,-0.30081980763566735,3.6,3.4
2019-04-20,Tripura,NER,23.83540428,91.27999914,3.6,2019,4,5,110,1,0,27.0,77,5.5,5.7,3.7,5.190428571428572,0.7337174426945912,4.064433333333333,-0.9749279121818236,-0.2225209339563146,0.8660254037844387,-0.4999999999999998,0.9483615800121715,-0.3171912885891061,3.5,3.3
2019-04-21,Tripura,NER,23.83540428,91.27999914,3.5,2019,4,6,111,1,0,27.0,70,3.6,5.4,4.5,4.919,0.9598578019686054,4.0310999999999995,-0.7818314824680299,0.6234898018587334,0.8660254037844387,-0.4999999999999998,0.9427611433904207,-0.3334687789181868,3.3,3.5
2019-04-22,Tripura,NER,23.83540428,91.27999914,3.3,2019,4,0,112,0,0,26.5,68,3.5,5.1,3.5,4.6618571428571425,1.1294176122485178,4.024433333333333,0.0,1.0,0.8660254037844387,-0.4999999999999998,0.9368813462954315,-0.3496474552512284,3.4,3.7
2019-04-23,Tripura,NER,23.83540428,91.27999914,3.4,2019,4,1,113,0,0,26.7,67,3.3,5.832999999999998,3.4,4.314285714285714,1.0823255385643311,4.0244333333333335,0.7818314824680298,0.6234898018587336,0.8660254037844387,-0.4999999999999998,0.9307239310379795,-0.36572252349726897,3.5,3.8
2019-04-24,Tripura,NER,23.83540428,91.27999914,3.5,2019,4,2,114,0,0,28.2,65,3.4,5.5,3.6,4.0285714285714285,0.9759000729485308,4.0211,0.9749279121818236,-0.22252093395631434,0.8660254037844387,-0.4999999999999998,0.9242907221930933,-0.3816892202666588,3.4,3.3
2019-04-25,Tripura,NER,23.83540428,91.27999914,3.4,2019,4,3,115,0,0,29.4,67,3.5,5.4,3.6,3.742857142857143,0.7807200583588213,4.014433333333333,0.43388373911755823,-0.900968867902419,0.8660254037844387,-0.4999999999999998,0.9175836260593937,-0.39754281428255595,3.4,3.5
2019-04-26,Tripura,NER,23.83540428,91.27999914,3.4,2019,4,4,116,0,0,29.8,62,3.4,5.5,3.9,3.442857142857143,0.09759000729479428,3.9977666666666662,-0.433883739117558,-0.9009688679024191,0.8660254037844387,-0.4999999999999998,0.9106046300942162,-0.4132786077829042,3.3,3.4
2019-04-27,Tripura,NER,23.83540428,91.27999914,3.3,2019,4,5,117,1,0,29.9,73,3.4,3.6,3.4,3.4,0.0816496580926992,3.9944333333333333,-0.9749279121818236,-0.2225209339563146,0.8660254037844387,-0.4999999999999998,0.9033558023246845,-0.4288919379124835,3.5,4.7
2019-04-28,Tripura,NER,23.83540428,91.27999914,3.5,2019,4,6,118,1,0,30.4,69,3.3,3.5,3.4,3.4,0.0816496580926992,3.9977666666666662,-0.7818314824680299,0.6234898018587334,0.8660254037844387,-0.4999999999999998,0.895839290734909,-0.4443781781046132,3.7,4.2
2019-04-29,Tripura,NER,23.83540428,91.27999914,3.7,2019,4,0,119,0,0,30.6,67,3.5,3.3,3.9,3.457142857142857,0.12724180205602556,3.9911000000000003,0.0,1.0,0.8660254037844387,-0.4999999999999998,0.8880573226294932,-0.45973273945210397,3.8,4.3
2019-04-30,Tripura,NER,23.83540428,91.27999914,3.8,2019,4,1,120,0,0,30.7,65,3.7,3.4,3.8,3.5142857142857147,0.17728105208555314,3.9911,0.7818314824680298,0.6234898018587336,0.8660254037844387,-0.4999999999999998,0.8800122039735357,-0.47495107206704995,3.3,4.5
2019-05-02,Tripura,NER,23.83540428,91.27999914,3.3,2019,5,3,122,0,0,29.6,75,3.8,3.5,3.8,3.4857142857142853,0.19518001458967812,3.974433333333333,0.43388373911755823,-0.900968867902419,0.49999999999999994,-0.8660254037844387,0.8631421280499114,-0.5049610547215204,3.5,4.4
2019-05-03,Tripura,NER,23.83540428,91.27999914,3.5,2019,5,4,123,0,0,28.2,83,3.3,3.4,3.9,3.5,0.191485421551239,3.9611,-0.433883739117558,-0.9009688679024191,0.49999999999999994,-0.8660254037844387,0.854322169749827,-0.5197438121555155,3.4,4.7
2019-05-04,Tripura,NER,23.83540428,91.27999914,3.4,2019,5,5,124,1,0,26.3,85,3.5,3.4,4.1,3.5,0.191485421551239,3.9377666666666666,-0.9749279121818236,-0.2225209339563146,0.49999999999999994,-0.8660254037844387,0.8452490573530633,-0.5343725582809786,4.7,4.1
2019-05-05,Tripura,NER,23.83540428,91.27999914,4.7,2019,5,6,125,1,0,27.4,75,3.4,3.3,4.2,3.6999999999999997,0.47258156262525164,3.9544333333333332,-0.7818314824680299,0.6234898018587334,0.49999999999999994,-0.8660254037844387,0.8359254794186372,-0.548842958284719,4.2,5.6
2019-05-06,Tripura,NER,23.83540428,91.27999914,4.2,2019,5,0,126,0,0,29.2,76,4.7,3.5,3.8,3.8,0.4966554808583703,3.967766666666667,0.0,1.0,0.49999999999999994,-0.8660254037844387,0.8263541987239096,-0.5631507242749186,4.3,4.8
2019-05-07,Tripura,NER,23.83540428,91.27999914,4.3,2019,5,1,127,0,0,29.4,75,4.2,3.7,3.7,3.8857142857142857,0.5273473599964557,3.9877666666666665,0.7818314824680298,0.6234898018587336,0.49999999999999994,-0.8660254037844387,0.8165380514459161,-0.5772916165517272,4.5,4.9
2019-05-08,Tripura,NER,23.83540428,91.27999914,4.5,2019,5,2,128,0,0,30.1,74,4.3,3.8,2.9,3.9857142857142853,0.5727959829601047,4.0411,0.9749279121818236,-0.22252093395631434,0.49999999999999994,-0.8660254037844387,0.8064799463209448,-0.5912614448635781,4.4,4.7
2019-05-09,Tripura,NER,23.83540428,91.27999914,4.4,2019,5,3,129,0,0,30.6,72,4.5,3.3,3.5,4.142857142857143,0.4995235825502193,4.0710999999999995,0.43388373911755823,-0.900968867902419,0.49999999999999994,-0.8660254037844387,0.7961828637826158,-0.6050560696488488,4.7,5.0
2019-05-10,Tripura,NER,23.83540428,91.27999914,4.7,2019,5,4,130,0,0,30.9,71,4.4,3.5,2.8,4.314285714285715,0.4450789122113474,4.134433333333333,-0.433883739117558,-0.9009688679024191,0.49999999999999994,-0.8660254037844387,0.7856498550787147,-0.6186714032625031,4.1,4.6
2019-05-11,Tripura,NER,23.83540428,91.27999914,4.1,2019,5,5,131,1,0,31.2,70,4.7,3.4,3.4,4.414285714285714,0.23401261667248632,4.157766666666666,-0.9749279121818236,-0.2225209339563146,0.49999999999999994,-0.8660254037844387,0.7748840413670407,-0.6321034111873487,5.6,4.8
2019-05-12,Tripura,NER,23.83540428,91.27999914,5.6,2019,5,6,132,1,0,31.0,70,4.1,4.7,3.7,4.542857142857143,0.506152621439894,4.2211,-0.7818314824680299,0.6234898018587334,0.49999999999999994,-0.8660254037844387,0.7638886127905428,-0.6453481132295501,4.8,4.3
2019-05-13,Tripura,NER,23.83540428,91.27999914,4.8,2019,5,0,133,0,0,30.0,73,5.6,4.2,3.1,4.628571428571428,0.4889249625940779,4.2777666666666665,0.0,1.0,0.49999999999999994,-0.8660254037844387,0.7526668275320085,-0.6584015846980488,4.9,5.3
2019-05-14,Tripura,NER,23.83540428,91.27999914,4.9,2019,5,1,134,0,0,28.2,80,4.8,4.3,5.7,4.714285714285714,0.47409060817728416,4.2511,0.7818314824680298,0.6234898018587336,0.49999999999999994,-0.8660254037844387,0.7412220108485958,-0.6712599575675313,4.7,5.6
2019-05-15,Tripura,NER,23.83540428,91.27999914,4.7,2019,5,2,135,0,0,27.6,84,4.9,4.5,5.4,4.742857142857143,0.46496287614225607,4.227766666666667,0.9749279121818236,-0.22252093395631434,0.49999999999999994,-0.8660254037844387,0.7295575540864875,-0.6839194216246106,5.0,5.4
2019-05-16,Tripura,NER,23.83540428,91.27999914,5.0,2019,5,3,136,0,0,27.6,84,4.7,4.4,5.1,4.828571428571429,0.4461475305855933,4.224433333333334,0.43388373911755823,-0.900968867902419,0.49999999999999994,-0.8660254037844387,0.717676913675962,-0.6963762255968722,4.6,5.1
2019-05-17,Tripura,NER,23.83540428,91.27999914,4.6,2019,5,4,137,0,0,29.4,75,5.0,4.7,5.832999999999998,4.814285714285714,0.4525062483125603,4.183333333333334,-0.433883739117558,-0.9009688679024191,0.49999999999999994,-0.8660254037844387,0.705583610107178,-0.7086266782644596,4.8,5.1
2019-05-18,Tripura,NER,23.83540428,91.27999914,4.8,2019,5,5,138,1,1,29.9,76,4.6,4.1,5.5,4.914285714285714,0.32877840272019554,4.16,-0.9749279121818236,-0.2225209339563146,0.49999999999999994,-0.8660254037844387,0.6932812268869777,-0.7206671495538609,4.3,4.5
2019-05-19,Tripura,NER,23.83540428,91.27999914,4.3,2019,5,6,139,1,0,29.3,83,4.8,5.6,5.4,4.728571428571429,0.22886885410853763,4.123333333333333,-0.7818314824680299,0.6234898018587334,0.49999999999999994,-0.8660254037844387,0.6807734094770161,-0.7324940716135789,5.3,3.1
2019-05-20,Tripura,NER,23.83540428,91.27999914,5.3,2019,5,0,140,0,0,29.7,77,4.3,4.8,5.5,4.8,0.3162277660168436,4.116666666666666,0.0,1.0,0.49999999999999994,-0.8660254037844387,0.6680638642135335,-0.7441039398713607,5.6,3.5
2019-05-21,Tripura,NER,23.83540428,91.27999914,5.6,2019,5,1,141,0,0,30.1,76,5.3,4.9,3.6,4.8999999999999995,0.4396968652757694,4.183333333333334,0.7818314824680298,0.6234898018587336,0.49999999999999994,-0.8660254037844387,0.6551563572090853,-0.7554933140726803,5.4,3.6
2019-05-22,Tripura,NER,23.83540428,91.27999914,5.4,2019,5,2,142,0,0,30.0,76,5.6,4.7,3.5,5.0,0.46547466812563804,4.246666666666667,0.9749279121818236,-0.22252093395631434,0.49999999999999994,-0.8660254037844387,0.6420547132365637,-0.766658819300159,5.1,3.5
2019-05-23,Tripura,NER,23.83540428,91.27999914,5.1,2019,5,3,143,0,0,28.7,77,5.4,5.0,3.3,5.014285714285714,0.4670066788550722,4.306666666666667,0.43388373911755823,-0.900968867902419,0.49999999999999994,-0.8660254037844387,0.6287628145958344,-0.7775971469736269,5.1,3.2
2019-05-24,Tripura,NER,23.83540428,91.27999914,5.1,2019,5,4,144,0,0,26.9,89,5.1,4.6,3.4,5.0857142857142845,0.4298393941484565,4.363333333333333,-0.433883739117558,-0.9009688679024191,0.49999999999999994,-0.8660254037844387,0.6152845999633276,-0.7883050558305255,4.5,3.1
2019-05-25,Tripura,NER,23.83540428,91.27999914,4.5,2019,5,5,145,1,0,28.0,85,5.1,4.8,3.5,5.042857142857143,0.47559486560567804,4.3966666666666665,-0.9749279121818236,-0.2225209339563146,0.49999999999999994,-0.8660254037844387,0.6016240632249226,-0.7987793728863649,3.1,3.6
2019-05-26,Tripura,NER,23.83540428,91.27999914,3.1,2019,5,6,146,1,0,28.7,84,4.5,4.3,3.4,4.871428571428572,0.8538428538364791,4.386666666666667,-0.7818314824680299,0.6234898018587334,0.49999999999999994,-0.8660254037844387,0.5877852522924732,-0.8090169943749473,3.5,5.0
2019-05-27,Tripura,NER,23.83540428,91.27999914,3.5,2019,5,0,147,0,0,29.4,82,3.1,5.3,3.4,4.614285714285714,0.966830856335225,4.39,0.0,1.0,0.49999999999999994,-0.8660254037844387,0.5737722679043246,-0.8190148866680801,3.6,4.7
2019-05-28,Tripura,NER,23.83540428,91.27999914,3.6,2019,5,1,148,0,0,29.6,79,3.5,5.6,3.3,4.328571428571428,0.9214377998799564,4.4,0.7818314824680298,0.6234898018587336,0.49999999999999994,-0.8660254037844387,0.5595892624101765,-0.8287700871745038,3.5,3.8
2019-05-29,Tripura,NER,23.83540428,91.27999914,3.5,2019,5,2,149,0,0,29.8,76,3.6,5.4,3.5,4.057142857142857,0.8283661486266006,4.4,0.9749279121818236,-0.22252093395631434,0.49999999999999994,-0.8660254037844387,0.545240438540651,-0.8382797052177744,3.2,4.1
2019-05-30,Tripura,NER,23.83540428,91.27999914,3.2,2019,5,3,150,0,0,29.6,77,3.5,5.1,3.7,3.7857142857142856,0.7358183005529005,4.383333333333334,0.43388373911755823,-0.900968867902419,0.49999999999999994,-0.8660254037844387,0.5307300481619334,-0.8475409228928311,3.1,3.9
2019-05-31,Tripura,NER,23.83540428,91.27999914,3.1,2019,5,4,151,0,0,28.8,80,3.2,5.1,3.8,3.5,0.4864839839775303,4.36,-0.433883739117558,-0.9009688679024191,0.49999999999999994,-0.8660254037844387,0.5160623910158528,-0.8565509959010036,3.6,3.7
2019-06-02,Tripura,NER,23.83540428,91.27999914,3.6,2019,6,6,153,1,0,26.7,87,3.1,4.5,3.3,3.3714285714285714,0.22886885410849103,4.37,-0.7818314824680299,0.6234898018587334,1.2246467991473532e-16,-1.0,0.48627270710868997,-0.8738071036110808,5.0,4.1
2019-06-03,Tripura,NER,23.83540428,91.27999914,5.0,2019,6,0,154,0,0,27.2,86,3.6,3.1,3.5,3.642857142857143,0.6294366339755428,4.42,0.0,1.0,1.2246467991473532e-16,-1.0,0.4711595076738638,-0.8820480249558537,4.7,3.9
2019-06-04,Tripura,NER,23.83540428,91.27999914,4.7,2019,6,1,155,0,0,26.1,90,5.0,3.5,3.4,3.814285714285714,0.7380798769522798,4.463333333333334,0.7818314824680298,0.6234898018587336,1.2246467991473532e-16,-1.0,0.4559066935084588,-0.8900275764346767,3.8,3.8
2019-06-05,Tripura,NER,23.83540428,91.27999914,3.8,2019,6,2,156,0,1,26.9,89,4.7,3.6,4.7,3.842857142857143,0.7322502824789242,4.433333333333334,0.9749279121818236,-0.22252093395631434,1.2246467991473532e-16,-1.0,0.440518784350495,-0.8977433935342337,4.1,3.9
2019-06-06,Tripura,NER,23.83540428,91.27999914,4.1,2019,6,3,157,0,0,27.7,86,3.8,3.5,4.2,3.9285714285714284,0.7204495950776907,4.430000000000001,0.43388373911755823,-0.900968867902419,1.2246467991473532e-16,-1.0,0.42500033996955416,-0.9051931898913974,3.9,3.7
2019-06-07,Tripura,NER,23.83540428,91.27999914,3.9,2019,6,4,158,0,0,27.6,84,4.1,3.2,4.3,4.0285714285714285,0.6473388749701426,4.416666666666667,-0.433883739117558,-0.9009688679024191,1.2246467991473532e-16,-1.0,0.4093559588156213,-0.9123747579707273,3.7,3.8
2019-06-08,Tripura,NER,23.83540428,91.27999914,3.7,2019,6,5,159,1,0,27.4,87,3.9,3.1,4.5,4.114285714285715,0.5336308693862237,4.39,-0.9749279121818236,-0.2225209339563146,1.2246467991473532e-16,-1.0,0.39359027665646673,-0.9192859697186104,4.1,3.4
2019-06-09,Tripura,NER,23.83540428,91.27999914,4.1,2019,6,6,160,1,0,28.0,86,3.7,3.6,4.4,4.185714285714285,0.48452234702013286,4.38,-0.7818314824680299,0.6234898018587334,1.2246467991473532e-16,-1.0,0.3777079652039649,-0.9259247771938498,3.9,3.1
2019-06-10,Tripura,NER,23.83540428,91.27999914,3.9,2019,6,0,161,0,0,28.7,85,4.1,5.0,4.7,4.0285714285714285,0.3302235894778109,4.3533333333333335,0.0,1.0,1.2246467991473532e-16,-1.0,0.36171373072976765,-0.9322892131745133,3.8,4.4
2019-06-11,Tripura,NER,23.83540428,91.27999914,3.8,2019,6,1,162,0,0,29.4,80,3.9,4.7,4.1,3.9,0.15275252316515708,4.343333333333333,0.7818314824680298,0.6234898018587336,1.2246467991473532e-16,-1.0,0.3456123126707335,-0.9383773917408641,3.9,5.1
2019-06-12,Tripura,NER,23.83540428,91.27999914,3.9,2019,6,2,163,0,0,29.9,83,3.8,3.8,5.6,3.914285714285714,0.1463850109422416,4.286666666666666,0.9749279121818236,-0.22252093395631434,1.2246467991473532e-16,-1.0,0.3294084822245304,-0.9441875088341993,3.7,5.2
2019-06-13,Tripura,NER,23.83540428,91.27999914,3.7,2019,6,3,164,0,0,29.7,83,3.9,4.1,4.8,3.857142857142857,0.1397276262011108,4.25,0.43388373911755823,-0.900968867902419,1.2246467991473532e-16,-1.0,0.3131070409358269,-0.9497178427914316,3.8,4.7
2019-06-14,Tripura,NER,23.83540428,91.27999914,3.8,2019,6,4,165,0,0,27.6,91,3.7,3.9,4.9,3.8428571428571425,0.13972762620110993,4.213333333333333,-0.433883739117558,-0.9009688679024191,1.2246467991473532e-16,-1.0,0.29671281927349075,-0.9549667548552551,3.4,3.6
2019-06-15,Tripura,NER,23.83540428,91.27999914,3.4,2019,6,5,166,1,0,28.3,89,3.8,3.7,4.7,3.8,0.21602468994689827,4.17,-0.9749279121818236,-0.2225209339563146,1.2246467991473532e-16,-1.0,0.28023067519921585,-0.9599326896597447,3.1,3.6
2019-06-16,Tripura,NER,23.83540428,91.27999914,3.1,2019,6,6,167,1,0,29.2,83,3.4,4.1,5.0,3.6571428571428575,0.2992052966172123,4.1066666666666665,-0.7818314824680299,0.6234898018587334,1.2246467991473532e-16,-1.0,0.26366549272800704,-0.9646141756912435,4.4,5.2
2019-06-17,Tripura,NER,23.83540428,91.27999914,4.4,2019,6,0,168,0,0,29.6,82,3.1,3.9,4.6,3.7285714285714286,0.4070801956792684,4.1,0.0,1.0,1.2246467991473532e-16,-1.0,0.24702218048093552,-0.9690098257244062,5.1,3.5
2019-06-18,Tripura,NER,23.83540428,91.27999914,5.1,2019,6,1,169,0,0,29.9,81,4.4,3.8,4.8,3.914285714285714,0.6618876325292887,4.11,0.7818314824680298,0.6234898018587336,1.2246467991473532e-16,-1.0,0.23030567023061221,-0.9731183372332619,5.2,3.5
2019-06-19,Tripura,NER,23.83540428,91.27999914,5.2,2019,6,2,170,0,0,29.9,81,5.1,3.9,4.3,4.1,0.8205689083394064,4.14,0.9749279121818236,-0.22252093395631434,1.2246467991473532e-16,-1.0,0.21352091543979612,-0.9769384927771817,4.7,4.5
2019-06-20,Tripura,NER,23.83540428,91.27999914,4.7,2019,6,3,171,0,0,28.8,84,5.2,3.7,5.3,4.242857142857143,0.8263517065131148,4.12,0.43388373911755823,-0.900968867902419,1.2246467991473532e-16,-1.0,0.19667288979357647,-0.980469160361632,3.6,3.4
2019-06-21,Tripura,NER,23.83540428,91.27999914,3.6,2019,6,4,172,0,0,28.9,83,4.7,3.8,5.6,4.214285714285714,0.847405002401586,4.053333333333333,-0.433883739117558,-0.9009688679024191,1.2246467991473532e-16,-1.0,0.1797665857255624,-0.9837092937736097,3.6,3.5
2019-06-22,Tripura,NER,23.83540428,91.27999914,3.6,2019,6,5,173,1,0,29.1,82,3.6,3.4,5.4,4.242857142857143,0.8182443458550775,3.993333333333333,-0.9749279121818236,-0.2225209339563146,1.2246467991473532e-16,-1.0,0.16280701293851715,-0.986657932891657,5.2,3.4
2019-06-23,Tripura,NER,23.83540428,91.27999914,5.2,2019,6,6,174,1,0,29.5,82,3.6,3.1,5.1,4.542857142857143,0.7067699834626602,3.996666666666667,-0.7818314824680299,0.6234898018587334,1.2246467991473532e-16,-1.0,0.1457991969198751,-0.9893142039703663,3.5,3.3
2019-06-24,Tripura,NER,23.83540428,91.27999914,3.5,2019,6,0,175,0,0,29.9,77,5.2,4.4,5.1,4.414285714285714,0.8112306935115531,3.943333333333334,0.0,1.0,1.2246467991473532e-16,-1.0,0.12874817745258132,-0.99167731989929,3.5,4.9
2019-06-25,Tripura,NER,23.83540428,91.27999914,3.5,2019,6,1,176,0,0,29.9,80,3.5,5.1,4.5,4.185714285714286,0.8112306935115509,3.9100000000000006,0.7818314824680298,0.6234898018587336,1.2246467991473532e-16,-1.0,0.11165900712169512,-0.993746580436178,4.5,5.0
2019-06-26,Tripura,NER,23.83540428,91.27999914,4.5,2019,6,2,177,0,0,30.2,77,3.5,5.2,3.1,4.085714285714286,0.7010196655077255,3.956666666666666,0.9749279121818236,-0.22252093395631434,1.2246467991473532e-16,-1.0,0.09453674981719912,-0.9955213724144752,3.4,5.3
2019-06-27,Tripura,NER,23.83540428,91.27999914,3.4,2019,6,3,178,0,0,29.3,79,4.5,4.7,3.5,3.8999999999999995,0.6831300510639653,3.953333333333333,0.43388373911755823,-0.900968867902419,1.2246467991473532e-16,-1.0,0.07738647923346301,-0.9970011699250151,3.5,5.3
2019-06-28,Tripura,NER,23.83540428,91.27999914,3.5,2019,6,4,179,0,0,28.9,83,3.4,3.6,3.6,3.8857142857142857,0.6914443130832931,3.95,-0.433883739117558,-0.9009688679024191,1.2246467991473532e-16,-1.0,0.06021327736579302,-0.9981855344718586,3.4,5.1
2019-06-29,Tripura,NER,23.83540428,91.27999914,3.4,2019,6,5,180,1,0,29.1,85,3.5,3.6,3.5,3.857142857142857,0.7091242083423266,3.9466666666666668,-0.9749279121818236,-0.2225209339563146,1.2246467991473532e-16,-1.0,0.04302223300453059,-0.99907411510223,3.3,4.4
2019-06-30,Tripura,NER,23.83540428,91.27999914,3.3,2019,6,6,181,1,0,29.5,82,3.4,5.2,3.2,3.585714285714286,0.40999419275792526,3.95,-0.7818314824680299,0.6234898018587334,1.2246467991473532e-16,-1.0,0.02581844022713308,-0.9996666485105112,4.9,4.6
2019-07-01,Tripura,NER,23.83540428,91.27999914,4.9,2019,7,0,182,0,0,29.3,80,3.3,3.5,3.1,3.7857142857142856,0.6388233230676739,4.010000000000001,0.0,1.0,-0.4999999999999997,-0.8660254037844388,0.008606996888688698,-0.9999629591162655,5.0,3.35
2019-07-02,Tripura,NER,23.83540428,91.27999914,5.0,2019,7,1,183,0,0,28.7,77,4.9,3.5,3.6,4.0,0.7659416862050643,4.056666666666667,0.7818314824680298,0.6234898018587336,-0.4999999999999997,-0.8660254037844388,-0.008606996888688009,-0.9999629591162655,5.3,3.4
2019-07-03,Tripura,NER,23.83540428,91.27999914,5.3,2019,7,2,184,0,0,28.8,79,5.0,4.5,5.0,4.114285714285715,0.9007933011676782,4.066666666666666,0.9749279121818236,-0.22252093395631434,-0.4999999999999997,-0.8660254037844388,-0.02581844022713239,-0.9996666485105112,5.3,2.9
2019-07-04,Tripura,NER,23.83540428,91.27999914,5.3,2019,7,3,185,0,0,29.1,82,5.3,3.4,4.7,4.385714285714286,0.9352870707766147,4.086666666666667,0.43388373911755823,-0.900968867902419,-0.4999999999999997,-0.8660254037844388,-0.04302223300453034,-0.99907411510223,5.1,3.2
2019-07-05,Tripura,NER,23.83540428,91.27999914,5.1,2019,7,4,186,0,0,29.3,77,5.3,3.5,3.8,4.614285714285714,0.8764104278791055,4.13,-0.433883739117558,-0.9009688679024191,-0.4999999999999997,-0.8660254037844388,-0.060213277365792774,-0.9981855344718586,4.4,3.5
2019-07-06,Tripura,NER,23.83540428,91.27999914,4.4,2019,7,5,187,1,0,27.5,86,5.1,3.4,4.1,4.757142857142857,0.7114706432386911,4.14,-0.9749279121818236,-0.2225209339563146,-0.4999999999999997,-0.8660254037844388,-0.07738647923346322,-0.9970011699250151,4.6,4.0
2019-07-07,Tripura,NER,23.83540428,91.27999914,4.6,2019,7,6,188,1,0,27.0,92,4.4,3.3,3.9,4.942857142857143,0.3408672412985436,4.163333333333333,-0.7818314824680299,0.6234898018587334,-0.4999999999999997,-0.8660254037844388,-0.09453674981719933,-0.9955213724144752,3.35,3.6
2019-07-08,Tripura,NER,23.83540428,91.27999914,3.35,2019,7,0,189,0,0,27.0,92,4.6,4.9,3.7,4.721428571428571,0.6939363220408767,4.151666666666667,0.0,1.0,-0.4999999999999997,-0.8660254037844388,-0.11165900712169444,-0.9937465804361781,3.4,3.6
2019-07-09,Tripura,NER,23.83540428,91.27999914,3.4,2019,7,1,190,0,0,27.3,91,3.35,5.0,4.1,4.492857142857143,0.8358770700231424,4.128333333333333,0.7818314824680298,0.6234898018587336,-0.4999999999999997,-0.8660254037844388,-0.12874817745258066,-0.99167731989929,2.9,3.3
2019-07-10,Tripura,NER,23.83540428,91.27999914,2.9,2019,7,2,191,0,0,27.7,89,3.4,5.3,3.9,4.1499999999999995,0.935859676091093,4.095000000000001,0.9749279121818236,-0.22252093395631434,-0.4999999999999997,-0.8660254037844388,-0.14579919691987442,-0.9893142039703664,3.2,3.9
2019-07-11,Tripura,NER,23.83540428,91.27999914,3.2,2019,7,3,192,0,0,27.3,91,2.9,5.3,3.8,3.8500000000000005,0.8371578903249504,4.075,0.43388373911755823,-0.900968867902419,-0.4999999999999997,-0.8660254037844388,-0.16280701293851646,-0.9866579328916572,3.5,3.9
2019-07-12,Tripura,NER,23.83540428,91.27999914,3.5,2019,7,4,193,0,0,26.9,92,3.2,5.1,3.9,3.6214285714285714,0.6323614096234347,4.0616666666666665,-0.433883739117558,-0.9009688679024191,-0.4999999999999997,-0.8660254037844388,-0.17976658572556214,-0.9837092937736098,4.0,3.9
2019-07-13,Tripura,NER,23.83540428,91.27999914,4.0,2019,7,5,194,1,0,27.2,91,3.5,4.4,3.7,3.5642857142857145,0.5647376129040419,4.071666666666667,-0.9749279121818236,-0.2225209339563146,-0.4999999999999997,-0.8660254037844388,-0.19667288979357622,-0.9804691603616321,3.6,3.8
2019-07-14,Tripura,NER,23.83540428,91.27999914,3.6,2019,7,6,195,1,0,25.3,94,4.0,4.6,3.8,3.4214285714285713,0.34139071318300546,4.065,-0.7818314824680299,0.6234898018587334,-0.4999999999999997,-0.8660254037844388,-0.2135209154397959,-0.9769384927771817,3.6,3.8
2019-07-15,Tripura,NER,23.83540428,91.27999914,3.6,2019,7,0,196,0,0,27.7,89,3.6,3.35,3.4,3.457142857142857,0.3457221565416253,4.071666666666666,0.0,1.0,-0.4999999999999997,-0.8660254037844388,-0.23030567023061196,-0.973118337233262,3.3,4.0
2019-07-16,Tripura,NER,23.83540428,91.27999914,3.3,2019,7,1,197,0,0,29.2,82,3.6,3.4,3.1,3.442857142857143,0.35050983275384046,4.078333333333334,0.7818314824680298,0.6234898018587336,-0.4999999999999997,-0.8660254037844388,-0.24702218048093527,-0.9690098257244063,3.9,3.9
2019-07-17,Tripura,NER,23.83540428,91.27999914,3.9,2019,7,2,198,0,0,29.9,79,3.3,2.9,4.4,3.585714285714286,0.29113897843107356,4.0616666666666665,0.9749279121818236,-0.22252093395631434,-0.4999999999999997,-0.8660254037844388,-0.2636654927280072,-0.9646141756912435,3.9,3.9
2019-07-18,Tripura,NER,23.83540428,91.27999914,3.9,2019,7,3,199,0,0,29.8,82,3.9,3.2,5.1,3.6857142857142855,0.2544836041121128,4.0216666666666665,0.43388373911755823,-0.900968867902419,-0.4999999999999997,-0.8660254037844388,-0.2802306751992161,-0.9599326896597445,3.9,4.0
2019-07-19,Tripura,NER,23.83540428,91.27999914,3.9,2019,7,4,200,0,0,28.4,85,3.9,3.5,5.2,3.742857142857143,0.2507132682111768,3.978333333333333,-0.433883739117558,-0.9009688679024191,-0.4999999999999997,-0.8660254037844388,-0.2967128192734901,-0.9549667548552553,3.8,3.8
2019-07-20,Tripura,NER,23.83540428,91.27999914,3.8,2019,7,5,201,1,0,29.1,83,3.9,4.0,4.7,3.7142857142857144,0.22677868380550587,3.9483333333333333,-0.9749279121818236,-0.2225209339563146,-0.4999999999999997,-0.8660254037844388,-0.3131070409358267,-0.9497178427914317,3.8,3.8
2019-07-21,Tripura,NER,23.83540428,91.27999914,3.8,2019,7,6,202,1,0,29.2,83,3.8,3.6,3.6,3.742857142857143,0.22253945610564466,3.955,-0.7818314824680299,0.6234898018587334,-0.4999999999999997,-0.8660254037844388,-0.3294084822245302,-0.9441875088341994,4.0,3.6
2019-07-22,Tripura,NER,23.83540428,91.27999914,4.0,2019,7,0,203,0,0,28.5,86,3.8,3.6,3.6,3.8,0.23094010767582324,3.9683333333333333,0.0,1.0,-0.4999999999999997,-0.8660254037844388,-0.3456123126707333,-0.9383773917408642,3.9,3.9
2019-07-23,Tripura,NER,23.83540428,91.27999914,3.9,2019,7,1,204,0,0,28.4,83,4.0,3.3,5.2,3.8857142857142857,0.06900655593415388,3.9249999999999994,0.7818314824680298,0.6234898018587336,-0.4999999999999997,-0.8660254037844388,-0.3617137307297674,-0.9322892131745134,3.9,3.9
2019-07-24,Tripura,NER,23.83540428,91.27999914,3.9,2019,7,2,205,0,0,28.3,84,3.9,3.9,3.5,3.8857142857142857,0.06900655593415388,3.9383333333333335,0.9749279121818236,-0.22252093395631434,-0.4999999999999997,-0.8660254037844388,-0.37770796520396466,-0.9259247771938499,4.0,5.0
2019-07-25,Tripura,NER,23.83540428,91.27999914,4.0,2019,7,3,206,0,0,28.6,84,3.9,3.9,3.5,3.9,0.081649658092705,3.955,0.43388373911755823,-0.900968867902419,-0.4999999999999997,-0.8660254037844388,-0.39359027665646645,-0.9192859697186105,3.8,5.7
2019-07-26,Tripura,NER,23.83540428,91.27999914,3.8,2019,7,4,207,0,0,27.3,86,4.0,3.9,4.5,3.8857142857142857,0.08997354108418126,3.9316666666666666,-0.433883739117558,-0.9009688679024191,-0.4999999999999997,-0.8660254037844388,-0.4093559588156211,-0.9123747579707274,3.8,5.8
2019-07-27,Tripura,NER,23.83540428,91.27999914,3.8,2019,7,5,208,1,0,27.6,83,3.8,3.8,3.4,3.8857142857142852,0.08997354108418126,3.945,-0.9749279121818236,-0.2225209339563146,-0.4999999999999997,-0.8660254037844388,-0.42500033996955394,-0.9051931898913975,3.6,5.4
2019-07-28,Tripura,NER,23.83540428,91.27999914,3.6,2019,7,6,209,1,0,28.8,74,3.8,3.8,3.5,3.857142857142857,0.13972762620111265,3.9483333333333333,-0.7818314824680299,0.6234898018587334,-0.4999999999999997,-0.8660254037844388,-0.4405187843504952,-0.8977433935342336,3.9,5.4
2019-07-29,Tripura,NER,23.83540428,91.27999914,3.9,2019,7,0,210,0,0,28.2,79,3.6,4.0,3.4,3.8428571428571425,0.1272418020560237,3.9649999999999994,0.0,1.0,-0.4999999999999997,-0.8660254037844388,-0.455906693508459,-0.8900275764346766,3.9,5.1
2019-07-30,Tripura,NER,23.83540428,91.27999914,3.9,2019,7,1,211,0,0,27.3,88,3.9,3.9,3.3,3.8428571428571425,0.1272418020560237,3.985,0.7818314824680298,0.6234898018587336,-0.4999999999999997,-0.8660254037844388,-0.47115950767386394,-0.8820480249558535,5.0,5.3
2019-07-31,Tripura,NER,23.83540428,91.27999914,5.0,2019,7,2,212,0,0,27.2,88,3.9,3.9,4.9,4.0,0.45825756949557356,3.9883333333333337,0.9749279121818236,-0.22252093395631434,-0.4999999999999997,-0.8660254037844388,-0.4862727071086902,-0.8738071036110807,5.7,4.6
2019-08-01,Tripura,NER,23.83540428,91.27999914,5.7,2019,8,3,213,0,0,28.3,83,5.0,4.0,5.0,4.242857142857143,0.7892129895390324,4.011666666666667,0.43388373911755823,-0.900968867902419,-0.8660254037844385,-0.5000000000000004,-0.5012418134457756,-0.8653072543632061,5.8,5.5
2019-08-02,Tripura,NER,23.83540428,91.27999914,5.8,2019,8,4,214,0,0,28.8,81,5.7,3.8,5.3,4.5285714285714285,0.9481812163545622,4.028333333333333,-0.433883739117558,-0.9009688679024191,-0.8660254037844385,-0.5000000000000004,-0.5160623910158526,-0.8565509959010037,5.4,4.1
2019-08-03,Tripura,NER,23.83540428,91.27999914,5.4,2019,8,5,215,1,0,28.5,80,5.8,3.8,5.3,4.757142857142857,0.9360504666899524,4.031666666666667,-0.9749279121818236,-0.2225209339563146,-0.8660254037844385,-0.5000000000000004,-0.5307300481619331,-0.8475409228928312,5.4,3.7
2019-08-04,Tripura,NER,23.83540428,91.27999914,5.4,2019,8,6,216,1,0,29.6,79,5.4,3.6,5.1,5.014285714285714,0.8029706749078138,4.041666666666667,-0.7818314824680299,0.6234898018587334,-0.8660254037844385,-0.5000000000000004,-0.5452404385406507,-0.8382797052177745,5.1,3.7
2019-08-05,Tripura,NER,23.83540428,91.27999914,5.1,2019,8,0,217,0,0,30.7,79,5.4,3.9,4.4,5.185714285714286,0.6362090102803578,4.065,0.0,1.0,-0.8660254037844385,-0.5000000000000004,-0.5595892624101763,-0.828770087174504,5.3,4.1
2019-08-06,Tripura,NER,23.83540428,91.27999914,5.3,2019,8,1,218,0,0,29.8,84,5.1,3.9,4.6,5.385714285714286,0.2911389784311183,4.088333333333334,0.7818314824680298,0.6234898018587336,-0.8660254037844385,-0.5000000000000004,-0.5737722679043243,-0.8190148866680802,4.6,4.7
2019-08-08,Tripura,NER,23.83540428,91.27999914,4.6,2019,8,3,220,0,0,26.8,90,5.3,5.0,3.35,5.328571428571429,0.3988077469754428,4.13,0.43388373911755823,-0.900968867902419,-0.8660254037844385,-0.5000000000000004,-0.6016240632249227,-0.7987793728863648,5.5,3.4
2019-08-09,Tripura,NER,23.83540428,91.27999914,5.5,2019,8,4,221,0,0,27.9,86,4.6,5.7,3.4,5.3,0.3741657386774066,4.2,-0.433883739117558,-0.9009688679024191,-0.8660254037844385,-0.5000000000000004,-0.6152845999633277,-0.7883050558305253,4.1,3.5
2019-08-10,Tripura,NER,23.83540428,91.27999914,4.1,2019,8,5,222,1,0,29.1,81,5.5,5.8,2.9,5.057142857142857,0.5191568255583432,4.24,-0.9749279121818236,-0.2225209339563146,-0.8660254037844385,-0.5000000000000004,-0.6287628145958345,-0.7775971469736268,3.7,3.5
2019-08-11,Tripura,NER,23.83540428,91.27999914,3.7,2019,8,6,223,1,0,29.9,83,4.1,5.4,3.2,4.814285714285715,0.6986381310057743,4.256666666666666,-0.7818314824680299,0.6234898018587334,-0.8660254037844385,-0.5000000000000004,-0.6420547132365636,-0.7666588193001592,3.7,3.2
2019-08-12,Tripura,NER,23.83540428,91.27999914,3.7,2019,8,0,224,0,1,29.4,81,3.7,5.4,3.5,4.571428571428571,0.7543524501502059,4.263333333333333,0.0,1.0,-0.8660254037844385,-0.5000000000000004,-0.655156357209085,-0.7554933140726804,4.1,3.4
2019-08-13,Tripura,NER,23.83540428,91.27999914,4.1,2019,8,1,225,0,0,27.3,88,3.7,5.1,4.0,4.428571428571428,0.7319250547113987,4.266666666666667,0.7818314824680298,0.6234898018587336,-0.8660254037844385,-0.5000000000000004,-0.6680638642135333,-0.7441039398713608,4.7,3.4
2019-08-14,Tripura,NER,23.83540428,91.27999914,4.7,2019,8,2,226,0,0,27.0,90,4.1,5.3,3.6,4.3428571428571425,0.6425396041156841,4.303333333333333,0.9749279121818236,-0.22252093395631434,-0.8660254037844385,-0.5000000000000004,-0.6807734094770159,-0.7324940716135792,3.4,3.2
2019-08-15,Tripura,NER,23.83540428,91.27999914,3.4,2019,8,3,227,0,1,27.0,91,4.7,4.6,3.6,4.171428571428572,0.7181324987175285,4.296666666666667,0.43388373911755823,-0.900968867902419,-0.8660254037844385,-0.5000000000000004,-0.6932812268869771,-0.7206671495538615,3.5,3.4
2019-08-16,Tripura,NER,23.83540428,91.27999914,3.5,2019,8,4,228,0,0,27.1,90,3.4,5.5,3.3,3.8857142857142857,0.44880794492584836,4.303333333333333,-0.433883739117558,-0.9009688679024191,-0.8660254037844385,-0.5000000000000004,-0.7055836101071774,-0.70862667826446,3.5,3.5
2019-08-17,Tripura,NER,23.83540428,91.27999914,3.5,2019,8,5,229,1,0,27.9,85,3.5,4.1,3.9,3.8000000000000003,0.45825756949557406,4.29,-0.9749279121818236,-0.2225209339563146,-0.8660254037844385,-0.5000000000000004,-0.7176769136759615,-0.6963762255968726,3.2,3.5
2019-08-18,Tripura,NER,23.83540428,91.27999914,3.2,2019,8,6,230,1,0,27.9,83,3.5,3.7,3.9,3.728571428571428,0.5122313465426949,4.266666666666667,-0.7818314824680299,0.6234898018587334,-0.8660254037844385,-0.5000000000000004,-0.7295575540864876,-0.6839194216246105,3.4,3.6
2019-08-19,Tripura,NER,23.83540428,91.27999914,3.4,2019,8,0,231,0,0,28.4,83,3.2,3.7,3.9,3.6857142857142855,0.527347359996452,4.25,0.0,1.0,-0.8660254037844385,-0.5000000000000004,-0.7412220108485957,-0.6712599575675315,3.4,3.4
2019-08-20,Tripura,NER,23.83540428,91.27999914,3.4,2019,8,1,232,0,0,28.9,82,3.4,4.1,3.8,3.585714285714286,0.5014265364223954,4.236666666666666,0.7818314824680298,0.6234898018587336,-0.8660254037844385,-0.5000000000000004,-0.7526668275320083,-0.6584015846980489,3.2,3.5
2019-08-21,Tripura,NER,23.83540428,91.27999914,3.2,2019,8,2,233,0,0,29.3,84,3.4,4.7,3.8,3.371428571428571,0.12535663410554576,4.216666666666667,0.9749279121818236,-0.22252093395631434,-0.8660254037844385,-0.5000000000000004,-0.7638886127905429,-0.64534811322955,3.4,3.5
2019-08-22,Tripura,NER,23.83540428,91.27999914,3.4,2019,8,3,234,0,0,28.5,87,3.2,3.4,4.0,3.3714285714285714,0.12535663410554576,4.196666666666666,0.43388373911755823,-0.900968867902419,-0.8660254037844385,-0.5000000000000004,-0.7748840413670406,-0.6321034111873488,3.5,5.832999999999998
2019-08-23,Tripura,NER,23.83540428,91.27999914,3.5,2019,8,4,235,0,0,27.9,85,3.4,3.5,3.9,3.3714285714285714,0.12535663410554576,4.183333333333334,-0.433883739117558,-0.9009688679024191,-0.8660254037844385,-0.5000000000000004,-0.7856498550787144,-0.6186714032625032,3.5,5.3
2019-08-24,Tripura,NER,23.83540428,91.27999914,3.5,2019,8,5,236,1,1,26.9,90,3.5,3.5,3.9,3.3714285714285714,0.12535663410554576,4.17,-0.9749279121818236,-0.2225209339563146,-0.8660254037844385,-0.5000000000000004,-0.7961828637826154,-0.6050560696488494,3.6,5.2
2019-08-25,Tripura,NER,23.83540428,91.27999914,3.6,2019,8,6,237,1,0,28.5,83,3.5,3.2,4.0,3.4285714285714284,0.12535663410554812,4.156666666666667,-0.7818314824680299,0.6234898018587334,-0.8660254037844385,-0.5000000000000004,-0.8064799463209447,-0.5912614448635782,3.4,5.8
2019-08-26,Tripura,NER,23.83540428,91.27999914,3.4,2019,8,0,238,0,0,29.1,81,3.6,3.4,3.8,3.4285714285714284,0.12535663410554812,4.1433333333333335,0.0,1.0,-0.8660254037844385,-0.5000000000000004,-0.8165380514459157,-0.5772916165517278,3.5,5.0
2019-08-27,Tripura,NER,23.83540428,91.27999914,3.5,2019,8,1,239,0,0,29.2,79,3.4,3.4,3.8,3.442857142857143,0.1272418020560181,4.133333333333334,0.7818314824680298,0.6234898018587336,-0.8660254037844385,-0.5000000000000004,-0.8263541987239094,-0.5631507242749187,3.5,5.1
2019-08-28,Tripura,NER,23.83540428,91.27999914,3.5,2019,8,2,240,0,0,28.4,84,3.5,3.2,3.6,3.4857142857142853,0.06900655593414215,4.13,0.9749279121818236,-0.22252093395631434,-0.8660254037844385,-0.5000000000000004,-0.8359254794186365,-0.5488429582847199,5.832999999999998,4.8
2019-08-29,Tripura,NER,23.83540428,91.27999914,5.832999999999998,2019,8,3,241,0,0,29.3,81,3.5,3.4,3.9,3.833285714285714,0.8836791865614432,4.1944333333333335,0.43388373911755823,-0.900968867902419,-0.8660254037844385,-0.5000000000000004,-0.8452490573530634,-0.5343725582809785,5.3,3.9
2019-08-30,Tripura,NER,23.83540428,91.27999914,5.3,2019,8,4,242,0,0,29.5,81,5.832999999999998,3.5,3.9,4.090428571428571,1.0216528857922396,4.2411,-0.433883739117558,-0.9009688679024191,-0.8660254037844385,-0.5000000000000004,-0.8543221697498269,-0.5197438121555157,5.2,3.8
2019-08-31,Tripura,NER,23.83540428,91.27999914,5.2,2019,8,5,243,1,0,29.0,86,5.3,3.5,5.0,4.333285714285714,1.0592712454459272,4.247766666666666,-0.9749279121818236,-0.2225209339563146,-0.8660254037844385,-0.5000000000000004,-0.8631421280499115,-0.5049610547215202,5.8,3.8
2019-09-01,Tripura,NER,23.83540428,91.27999914,5.8,2019,9,6,244,1,0,29.5,84,5.2,3.6,5.7,4.647571428571429,1.1294871781982667,4.2511,-0.7818314824680299,0.6234898018587334,-1.0,-1.8369701987210297e-16,-0.8717063187093217,-0.4900286664290594,5.0,3.8
2019-09-02,Tripura,NER,23.83540428,91.27999914,5.0,2019,9,0,245,0,0,28.9,83,5.8,3.4,5.8,4.876142857142858,0.9879697074592637,4.224433333333334,0.0,1.0,-1.0,-1.8369701987210297e-16,-0.8800122039735356,-0.4749510720670502,5.1,3.9
2019-09-03,Tripura,NER,23.83540428,91.27999914,5.1,2019,9,1,246,0,0,29.0,83,5.0,3.5,5.4,5.1047142857142855,0.7796509292167707,4.214433333333333,0.7818314824680298,0.6234898018587336,-1.0,-1.8369701987210297e-16,-0.888057322629493,-0.4597327394521046,4.8,3.8
2019-09-04,Tripura,NER,23.83540428,91.27999914,4.8,2019,9,2,247,0,0,28.8,83,5.1,3.5,5.4,5.2904285714285715,0.3923110403505833,4.1944333333333335,0.9749279121818236,-0.22252093395631434,-1.0,-1.8369701987210297e-16,-0.8958392907349089,-0.4443781781046134,3.9,3.9
2019-09-05,Tripura,NER,23.83540428,91.27999914,3.9,2019,9,3,248,0,0,28.6,82,4.8,5.832999999999998,5.1,5.014285714285714,0.5814595756329414,4.154433333333333,0.43388373911755823,-0.900968867902419,-1.0,-1.8369701987210297e-16,-0.9033558023246842,-0.4288919379124841,3.8,4.2
2019-09-06,Tripura,NER,23.83540428,91.27999914,3.8,2019,9,4,249,0,0,28.5,81,3.9,5.3,5.3,4.8,0.7187952884282608,4.104433333333334,-0.433883739117558,-0.9009688679024191,-1.0,-1.8369701987210297e-16,-0.9106046300942162,-0.41327860778290443,3.8,5.3
2019-09-08,Tripura,NER,23.83540428,91.27999914,3.8,2019,9,6,251,1,0,27.8,85,3.8,5.2,4.6,4.6,0.781024967590664,4.077766666666666,-0.7818314824680299,0.6234898018587334,-1.0,-1.8369701987210297e-16,-0.9242907221930934,-0.3816892202666586,3.8,5.0
2019-09-09,Tripura,NER,23.83540428,91.27999914,3.8,2019,9,0,252,0,0,27.2,91,3.8,5.8,5.5,4.314285714285714,0.617599037749061,4.0211,0.0,1.0,-1.0,-1.8369701987210297e-16,-0.9307239310379793,-0.3657225234972692,3.9,4.7
2019-09-10,Tripura,NER,23.83540428,91.27999914,3.9,2019,9,1,253,0,1,27.7,88,3.8,5.0,4.1,4.1571428571428575,0.5503245795502286,4.014433333333333,0.7818314824680298,0.6234898018587336,-1.0,-1.8369701987210297e-16,-0.9368813462954315,-0.34964745525122826,3.8,5.0
2019-09-11,Tripura,NER,23.83540428,91.27999914,3.8,2019,9,2,254,0,0,27.9,84,3.9,5.1,3.7,3.971428571428571,0.3683941988064919,4.017766666666667,0.9749279121818236,-0.22252093395631434,-1.0,-1.8369701987210297e-16,-0.9427611433904206,-0.33346877891818705,3.9,5.832999999999998
2019-09-12,Tripura,NER,23.83540428,91.27999914,3.9,2019,9,3,255,0,0,26.2,91,3.8,4.8,3.7,3.842857142857143,0.05345224838239209,4.0244333333333335,0.43388373911755823,-0.900968867902419,-1.0,-1.8369701987210297e-16,-0.9483615800121716,-0.31719128858910595,4.2,3.7
2019-09-13,Tripura,NER,23.83540428,91.27999914,4.2,2019,9,4,256,0,0,26.5,91,3.9,3.9,4.1,3.8857142857142857,0.1463850109422477,4.0277666666666665,-0.433883739117558,-0.9009688679024191,-1.0,-1.8369701987210297e-16,-0.9536809966304455,-0.300819807635668,5.3,4.6
2019-09-14,Tripura,NER,23.83540428,91.27999914,5.3,2019,9,5,257,1,0,28.0,82,4.2,3.8,4.7,4.1,0.5477225575051593,4.047766666666667,-0.9749279121818236,-0.2225209339563146,-1.0,-1.8369701987210297e-16,-0.9587178169872964,-0.2843591872810036,5.0,4.2
2019-09-15,Tripura,NER,23.83540428,91.27999914,5.0,2019,9,6,258,1,0,28.5,83,5.3,3.8,3.4,4.271428571428571,0.6210590034081142,4.1011,-0.7818314824680299,0.6234898018587334,-1.0,-1.8369701987210297e-16,-0.9634705485641486,-0.26781430516217486,4.7,4.5
2019-09-16,Tripura,NER,23.83540428,91.27999914,4.7,2019,9,0,259,0,0,28.5,85,5.0,3.8,3.5,4.4,0.5999999999999963,4.1411,0.0,1.0,-1.0,-1.8369701987210297e-16,-0.9679377830240642,-0.25119006388481957,5.0,4.4
2019-09-17,Tripura,NER,23.83540428,91.27999914,5.0,2019,9,1,260,0,0,29.0,80,4.7,3.9,3.5,4.557142857142857,0.5912053869204906,4.1911000000000005,0.7818314824680298,0.6234898018587336,-1.0,-1.8369701987210297e-16,-0.9721181966290612,-0.23449138957041052,5.832999999999998,3.6
2019-09-18,Tripura,NER,23.83540428,91.27999914,5.832999999999998,2019,9,2,261,0,0,29.2,81,5.0,3.8,3.2,4.847571428571428,0.6533564257337797,4.278866666666667,0.9749279121818236,-0.22252093395631434,-1.0,-1.8369701987210297e-16,-0.9760105506323682,-0.21772323039653224,3.7,4.3
2019-09-19,Tripura,NER,23.83540428,91.27999914,3.7,2019,9,3,262,0,0,29.5,79,5.832999999999998,3.9,3.4,4.819,0.7041025020075797,4.288866666666666,0.43388373911755823,-0.900968867902419,-1.0,-1.8369701987210297e-16,-0.9796136916454901,-0.20089055513063528,4.6,4.5
2019-09-20,Tripura,NER,23.83540428,91.27999914,4.6,2019,9,4,263,0,0,29.4,81,3.7,4.2,3.4,4.876142857142857,0.6603666730363853,4.328866666666666,-0.433883739117558,-0.9009688679024191,-1.0,-1.8369701987210297e-16,-0.9829265519799822,-0.18399835165767986,4.2,4.8
2019-09-21,Tripura,NER,23.83540428,91.27999914,4.2,2019,9,5,264,1,0,29.2,84,4.6,5.3,3.2,4.719,0.6734441327979619,4.3622,-0.9749279121818236,-0.2225209339563146,-1.0,-1.8369701987210297e-16,-0.9859481499638303,-0.1670516255021195,4.5,4.6
2019-09-22,Tripura,NER,23.83540428,91.27999914,4.5,2019,9,6,265,1,0,28.0,90,4.2,5.0,3.4,4.647571428571429,0.6651375439568497,4.398866666666667,-0.7818314824680299,0.6234898018587334,-1.0,-1.8369701987210297e-16,-0.9886775902323404,-0.15005539834465262,4.4,4.8
2019-09-23,Tripura,NER,23.83540428,91.27999914,4.4,2019,9,0,266,0,0,27.6,86,4.5,4.7,3.5,4.6047142857142855,0.6708369683427079,4.428866666666667,0.0,1.0,-1.0,-1.8369701987210297e-16,-0.9911140639934546,-0.13301470653419636,3.6,4.9
2019-09-24,Tripura,NER,23.83540428,91.27999914,3.6,2019,9,1,267,0,0,26.7,87,4.4,5.0,3.5,4.404714285714285,0.7386173376170948,4.4322,0.7818314824680298,0.6234898018587336,-1.0,-1.8369701987210297e-16,-0.9932568492674143,-0.11593459959550066,4.3,4.6
2019-09-25,Tripura,NER,23.83540428,91.27999914,4.3,2019,9,2,268,0,0,25.5,93,3.6,5.832999999999998,3.6,4.185714285714286,0.38913824205359576,4.455533333333333,0.9749279121818236,-0.22252093395631434,-1.0,-1.8369701987210297e-16,-0.9951053111006974,-0.09882013873287211,4.5,4.9
2019-09-26,Tripura,NER,23.83540428,91.27999914,4.5,2019,9,3,269,0,0,25.7,86,4.3,3.7,3.4,4.3,0.3366501646120594,4.4921999999999995,0.43388373911755823,-0.900968867902419,-1.0,-1.8369701987210297e-16,-0.99665890175417,-0.08167639533042288,4.8,3.9
2019-09-27,Tripura,NER,23.83540428,91.27999914,4.8,2019,9,4,270,0,0,26.9,82,4.5,4.6,3.5,4.328571428571428,0.3728908942943135,4.535533333333333,-0.433883739117558,-0.9009688679024191,-1.0,-1.8369701987210297e-16,-0.9979171608653922,-0.06450844944931625,4.6,3.8
2019-09-28,Tripura,NER,23.83540428,91.27999914,4.6,2019,9,5,271,1,0,26.0,88,4.8,4.2,3.5,4.385714285714285,0.3804758924845299,4.5722,-0.9749279121818236,-0.2225209339563146,-1.0,-1.8369701987210297e-16,-0.9988797155850335,-0.04732138832243232,4.8,3.9
2019-09-29,Tripura,NER,23.83540428,91.27999914,4.8,2019,9,6,272,1,0,25.7,92,4.6,4.5,5.832999999999998,4.428571428571429,0.41115400891589826,4.537766666666667,-0.7818314824680299,0.6234898018587334,-1.0,-1.8369701987210297e-16,-0.9995462806873573,-0.03012030484690836,4.9,4.1
2019-09-30,Tripura,NER,23.83540428,91.27999914,4.9,2019,9,0,273,0,0,26.2,88,4.8,4.4,5.3,4.5,0.44721359549995415,4.5244333333333335,0.0,1.0,-1.0,-1.8369701987210297e-16,-0.9999166586547379,-0.012910296075008843,4.6,4.2
2019-10-01,Tripura,NER,23.83540428,91.27999914,4.6,2019,10,1,274,0,0,25.2,92,4.9,3.6,5.2,4.642857142857143,0.20701966780270334,4.504433333333334,0.7818314824680298,0.6234898018587336,-0.8660254037844386,0.5000000000000001,-0.9999907397361901,0.004303538296243821,4.9,4.1
2019-10-02,Tripura,NER,23.83540428,91.27999914,4.9,2019,10,2,275,0,1,26.0,89,4.6,4.3,5.8,4.728571428571429,0.16035674514745507,4.474433333333334,0.9749279121818236,-0.22252093395631434,-0.8660254037844386,0.5000000000000001,-0.9997685019798909,0.021516097436222233,3.9,4.0
2019-10-03,Tripura,NER,23.83540428,91.27999914,3.9,2019,10,3,276,0,0,26.5,89,4.9,4.5,5.0,4.642857142857143,0.35050983275386394,4.437766666666666,0.43388373911755823,-0.900968867902419,-0.8660254037844386,0.5000000000000001,-0.9992500112396835,0.03872228089217399,3.8,4.6
2019-10-04,Tripura,NER,23.83540428,91.27999914,3.8,2019,10,4,277,0,0,26.6,89,3.9,4.8,5.1,4.5,0.46188021535169704,4.394433333333334,-0.433883739117558,-0.9009688679024191,-0.8660254037844386,0.5000000000000001,-0.9984354211555643,0.05591699010060302,3.9,4.0
2019-10-05,Tripura,NER,23.83540428,91.27999914,3.9,2019,10,5,278,1,0,27.1,88,3.8,4.6,4.8,4.4,0.509901951359274,4.364433333333333,-0.9749279121818236,-0.2225209339563146,-0.8660254037844386,0.5000000000000001,-0.9973249731081555,0.07309512989807776,4.1,4.2
2019-10-06,Tripura,NER,23.83540428,91.27999914,4.1,2019,10,6,279,1,0,27.0,88,3.9,4.8,3.9,4.3,0.4864839839775414,4.371099999999999,-0.7818314824680299,0.6234898018587334,-0.8660254037844386,0.5000000000000001,-0.9959189961471792,0.0902516100310407,4.2,4.4
2019-10-08,Tripura,NER,23.83540428,91.27999914,4.2,2019,10,1,281,0,1,26.5,88,4.1,4.9,3.8,4.2,0.40824829046385414,4.384433333333333,0.7818314824680298,0.6234898018587336,-0.8660254037844386,0.5000000000000001,-0.9922222094179324,0.12447926388678869,4.1,4.4
2019-10-09,Tripura,NER,23.83540428,91.27999914,4.1,2019,10,2,282,0,0,26.4,87,4.2,4.6,3.8,4.128571428571428,0.36839419880649266,4.394433333333334,0.9749279121818236,-0.22252093395631434,-0.8660254037844386,0.5000000000000001,-0.989932495087353,0.141540295217043,4.0,4.2
2019-10-10,Tripura,NER,23.83540428,91.27999914,4.0,2019,10,3,283,0,0,24.8,92,4.1,4.9,3.8,4.0,0.14142135623727548,4.4011,0.43388373911755823,-0.900968867902419,-0.8660254037844386,0.5000000000000001,-0.9873494423939864,0.15855938510313475,4.6,4.0
2019-10-11,Tripura,NER,23.83540428,91.27999914,4.6,2019,10,4,284,0,0,25.7,89,4.0,3.9,3.9,4.1,0.2581988897471445,4.424433333333334,-0.433883739117558,-0.9009688679024191,-0.8660254037844386,0.5000000000000001,-0.9844738167520923,0.17553149042142777,4.0,3.5
2019-10-12,Tripura,NER,23.83540428,91.27999914,4.0,2019,10,5,285,1,0,26.1,84,4.6,3.8,3.8,4.128571428571428,0.22886885410851365,4.4311,-0.9749279121818236,-0.2225209339563146,-0.8660254037844386,0.5000000000000001,-0.9813064702716093,0.19245158197082995,4.2,3.7
2019-10-13,Tripura,NER,23.83540428,91.27999914,4.2,2019,10,6,286,1,0,26.0,81,4.0,3.9,3.9,4.171428571428572,0.20586634591633624,4.4411000000000005,-0.7818314824680299,0.6234898018587334,-0.8660254037844386,0.5000000000000001,-0.9778483415056567,0.20931464596304888,4.4,3.8
2019-10-14,Tripura,NER,23.83540428,91.27999914,4.4,2019,10,0,287,0,0,26.2,81,4.2,4.1,4.2,4.214285714285714,0.2193062655174969,4.447766666666666,0.0,1.0,-0.8660254037844386,0.5000000000000001,-0.9741004551724206,0.22611568550828803,4.4,3.7
2019-10-15,Tripura,NER,23.83540428,91.27999914,4.4,2019,10,1,288,0,0,27.1,80,4.4,4.2,5.3,4.242857142857143,0.2299068134204291,4.417766666666666,0.7818314824680298,0.6234898018587336,-0.8660254037844386,0.5000000000000001,-0.970063921851507,0.2428497220959358,4.2,3.6
2019-10-16,Tripura,NER,23.83540428,91.27999914,4.2,2019,10,2,289,0,0,26.9,88,4.4,4.1,5.0,4.257142857142857,0.22253945610565964,4.3911,0.9749279121818236,-0.22252093395631434,-0.8660254037844386,0.5000000000000001,-0.965739937654855,0.25951179706979943,4.0,3.5
2019-10-17,Tripura,NER,23.83540428,91.27999914,4.0,2019,10,3,290,0,0,27.3,84,4.2,4.0,4.7,4.257142857142857,0.22253945610565964,4.367766666666667,0.43388373911755823,-0.900968867902419,-0.8660254037844386,0.5000000000000001,-0.9611297838723007,0.27609697309746883,3.5,3.4
2019-10-18,Tripura,NER,23.83540428,91.27999914,3.5,2019,10,4,291,0,0,28.0,81,4.0,4.6,5.0,4.1,0.3109126351029468,4.317766666666667,-0.433883739117558,-0.9009688679024191,-0.8660254037844386,0.5000000000000001,-0.9562348265919058,0.2926003356333479,3.7,5.5
2019-10-19,Tripura,NER,23.83540428,91.27999914,3.7,2019,10,5,292,1,0,28.2,79,3.5,4.0,5.832999999999998,4.057142857142857,0.3457221565416375,4.246666666666667,-0.9749279121818236,-0.2225209339563146,-0.8660254037844386,0.5000000000000001,-0.9510565162951536,0.30901699437494723,3.8,4.7
2019-10-20,Tripura,NER,23.83540428,91.27999914,3.8,2019,10,6,293,1,0,27.8,80,3.7,4.2,3.7,4.0,0.3511884584284109,4.25,-0.7818314824680299,0.6234898018587334,-0.8660254037844386,0.5000000000000001,-0.9455963874271428,0.3253420847119795,3.7,5.4
2019-10-21,Tripura,NER,23.83540428,91.27999914,3.7,2019,10,0,294,0,0,27.4,81,3.8,4.4,4.6,3.900000000000001,0.3162277660168208,4.22,0.0,1.0,-0.8660254037844386,0.5000000000000001,-0.9398560579418953,0.341570769167856,3.6,4.7
2019-10-22,Tripura,NER,23.83540428,91.27999914,3.6,2019,10,1,295,0,0,26.7,85,3.7,4.4,4.2,3.7857142857142856,0.2410295378065224,4.2,0.7818314824680298,0.6234898018587336,-0.8660254037844386,0.5000000000000001,-0.9338372288229252,0.35769823883312546,3.5,4.5
2019-10-23,Tripura,NER,23.83540428,91.27999914,3.5,2019,10,2,296,0,0,26.3,88,3.6,4.2,4.5,3.685714285714286,0.17728105208554557,4.166666666666667,0.9749279121818236,-0.22252093395631434,-0.8660254037844386,0.5000000000000001,-0.9275416835791965,0.3737197147904692,3.4,4.8
2019-10-24,Tripura,NER,23.83540428,91.27999914,3.4,2019,10,3,297,0,0,22.5,90,3.5,4.0,4.4,3.6000000000000005,0.14142135623725824,4.133333333333334,0.43388373911755823,-0.900968867902419,-0.8660254037844386,0.5000000000000001,-0.9209712877166347,0.38963044953078774,5.5,4.5
2019-10-25,Tripura,NER,23.83540428,91.27999914,5.5,2019,10,4,298,0,0,24.0,88,3.4,3.5,3.6,3.885714285714286,0.724404517353318,4.196666666666666,-0.433883739117558,-0.9009688679024191,-0.8660254037844386,0.5000000000000001,-0.9141279881853337,0.4054257283599973,4.7,3.1
2019-10-26,Tripura,NER,23.83540428,91.27999914,4.7,2019,10,5,299,1,0,25.1,94,5.5,3.7,4.3,4.0285714285714285,0.7782764841072074,4.21,-0.9749279121818236,-0.2225209339563146,-0.8660254037844386,0.5000000000000001,-0.9070138128026362,0.42110087079608916,5.4,4.0
2019-10-27,Tripura,NER,23.83540428,91.27999914,5.4,2019,10,6,300,1,1,25.3,84,4.7,3.8,4.5,4.257142857142857,0.9216961590045839,4.24,-0.7818314824680299,0.6234898018587334,-0.8660254037844386,0.5000000000000001,-0.8996308696522434,0.4366512319560638,4.7,4.3
2019-10-28,Tripura,NER,23.83540428,91.27999914,4.7,2019,10,0,301,0,0,24.9,84,5.4,3.7,4.8,4.4,0.8981462390204962,4.236666666666666,0.0,1.0,-0.8660254037844386,0.5000000000000001,-0.8919813464595487,0.45207220393230374,4.5,3.4
2019-10-29,Tripura,NER,23.83540428,91.27999914,4.5,2019,10,1,302,0,0,25.0,85,4.7,3.6,4.6,4.528571428571429,0.8260635280539564,4.233333333333333,0.7818314824680298,0.6234898018587336,-0.8660254037844386,0.5000000000000001,-0.8840675099433637,0.46735921715800205,4.8,3.2
2019-10-30,Tripura,NER,23.83540428,91.27999914,4.8,2019,10,2,303,0,0,25.5,80,4.5,3.5,4.8,4.714285714285714,0.6914443130833011,4.233333333333333,0.9749279121818236,-0.22252093395631434,-0.8660254037844386,0.5000000000000001,-0.8758917051442433,0.48250774176121763,4.5,3.2
2019-10-31,Tripura,NER,23.83540428,91.27999914,4.5,2019,10,3,304,0,0,24.8,81,4.8,3.4,4.9,4.871428571428572,0.4111540089159069,4.220000000000001,0.43388373911755823,-0.900968867902419,-0.8660254037844386,0.5000000000000001,-0.8674563547295971,0.4975132889071803,3.1,2.734
2019-11-01,Tripura,NER,23.83540428,91.27999914,3.1,2019,11,4,305,0,0,24.6,80,4.5,5.5,4.6,4.528571428571429,0.6993193970194278,4.17,-0.433883739117558,-0.9009688679024191,-0.5000000000000004,0.8660254037844384,-0.858763958275803,0.5123714121284235,4.0,4.3
2019-11-02,Tripura,NER,23.83540428,91.27999914,4.0,2019,11,5,306,1,0,25.0,81,3.1,4.7,4.9,4.428571428571429,0.7204495950776947,4.14,-0.9749279121818236,-0.2225209339563146,-0.5000000000000004,0.8660254037844384,-0.8498170915275277,0.5270777086423724,4.3,3.6
2019-11-03,Tripura,NER,23.83540428,91.27999914,4.3,2019,11,6,307,1,0,24.9,83,4.0,5.4,3.9,4.271428571428571,0.5794085654478003,4.153333333333333,-0.7818314824680299,0.6234898018587334,-0.5000000000000004,0.8660254037844384,-0.8406184056344783,0.5416278206559811,3.4,4.0
2019-11-04,Tripura,NER,23.83540428,91.27999914,3.4,2019,11,0,308,0,0,24.9,77,4.3,4.7,3.8,4.085714285714285,0.6256425268702248,4.14,0.0,1.0,-0.5000000000000004,0.8660254037844384,-0.8311706263658079,0.5560174366570446,3.2,4.1
2019-11-05,Tripura,NER,23.83540428,91.27999914,3.2,2019,11,1,309,0,0,24.7,80,3.4,4.5,3.9,3.9,0.6733003292241273,4.116666666666667,0.7818314824680298,0.6234898018587336,-0.5000000000000004,0.8660254037844384,-0.8214765533024145,0.5702422926917867,3.2,4.0
2019-11-06,Tripura,NER,23.83540428,91.27999914,3.2,2019,11,2,310,0,0,24.2,82,3.2,4.8,4.1,3.6714285714285713,0.582277956862184,4.086666666666667,0.9749279121818236,-0.22252093395631434,-0.5000000000000004,0.8660254037844384,-0.8115390590073611,0.5842981736283683,2.734,3.8
2019-11-08,Tripura,NER,23.83540428,91.27999914,2.734,2019,11,4,312,0,0,24.8,88,3.2,4.5,4.2,3.4191428571428575,0.5448227322017549,4.0378,-0.433883739117558,-0.9009688679024191,-0.5000000000000004,0.8660254037844384,-0.7909456567567774,0.6118864012687242,4.3,3.5
2019-11-09,Tripura,NER,23.83540428,91.27999914,4.3,2019,11,5,313,1,0,23.9,93,2.734,3.1,4.1,3.5905714285714287,0.6122817589810521,4.044466666666667,-0.9749279121818236,-0.2225209339563146,-0.5000000000000004,0.8660254037844384,-0.780295851070776,0.6254105729852457,3.6,3.6
2019-11-10,Tripura,NER,23.83540428,91.27999914,3.6,2019,11,6,314,1,1,23.0,93,4.3,4.0,4.0,3.5334285714285714,0.5857948608921018,4.031133333333333,-0.7818314824680299,0.6234898018587334,-0.5000000000000004,0.8660254037844384,-0.7694148268839381,0.6387494220515268,4.0,4.0
2019-11-11,Tripura,NER,23.83540428,91.27999914,4.0,2019,11,0,315,0,0,23.8,89,3.6,4.3,4.6,3.490571428571428,0.5285410287268114,4.011133333333333,0.0,1.0,-0.5000000000000004,0.8660254037844384,-0.7583058084785625,0.6518989958787125,4.1,3.8
2019-11-12,Tripura,NER,23.83540428,91.27999914,4.1,2019,11,1,316,0,1,23.5,86,4.0,3.4,4.0,3.5905714285714287,0.5729068735093554,4.014466666666667,0.7818314824680298,0.6234898018587336,-0.5000000000000004,0.8660254037844384,-0.7469720876965551,0.6648553979642866,4.0,3.9
2019-11-13,Tripura,NER,23.83540428,91.27999914,4.0,2019,11,2,317,0,0,23.5,84,4.1,3.2,4.2,3.7048571428571426,0.5616925103563848,4.0078000000000005,0.9749279121818236,-0.22252093395631434,-0.5000000000000004,0.8660254037844384,-0.7354170229639858,0.6776147890466887,3.8,3.9
2019-11-14,Tripura,NER,23.83540428,91.27999914,3.8,2019,11,3,318,0,0,23.7,87,4.0,3.2,4.4,3.7905714285714285,0.515708851046404,3.9878,0.43388373911755823,-0.900968867902419,-0.5000000000000004,0.8660254037844384,-0.7236440382959124,0.690173388242972,3.5,4.3
2019-11-15,Tripura,NER,23.83540428,91.27999914,3.5,2019,11,4,319,0,0,23.9,84,3.8,2.734,4.4,3.8999999999999995,0.28284271247459275,3.9578,-0.433883739117558,-0.9009688679024191,-0.5000000000000004,0.8660254037844384,-0.711656622281775,0.7025274741691566,3.6,4.0
2019-11-16,Tripura,NER,23.83540428,91.27999914,3.6,2019,11,5,320,1,0,22.7,80,3.5,4.3,4.2,3.8000000000000003,0.23804761428472626,3.9378,-0.9749279121818236,-0.2225209339563146,-0.5000000000000004,0.8660254037844384,-0.6994583270516471,0.7146733860429608,4.0,4.3
2019-11-17,Tripura,NER,23.83540428,91.27999914,4.0,2019,11,6,321,1,0,22.9,79,3.6,3.6,4.0,3.857142857142857,0.2299068134204099,3.9378,-0.7818314824680299,0.6234898018587334,-0.5000000000000004,0.8660254037844384,-0.6870527672236675,0.7266075247685652,3.8,3.4
2019-11-18,Tripura,NER,23.83540428,91.27999914,3.8,2019,11,0,322,0,0,22.2,78,4.0,4.0,3.5,3.8285714285714287,0.22146697055679154,3.9478,0.0,1.0,-0.5000000000000004,0.8660254037844384,-0.6744436188329457,0.7383263540031063,3.9,3.8
2019-11-19,Tripura,NER,23.83540428,91.27999914,3.9,2019,11,1,323,0,0,22.1,79,3.8,4.1,3.7,3.8000000000000003,0.19148542155122372,3.954466666666667,0.7818314824680298,0.6234898018587336,-0.5000000000000004,0.8660254037844384,-0.661634618242279,0.749826401204568,3.9,3.9
2019-11-20,Tripura,NER,23.83540428,91.27999914,3.9,2019,11,2,324,0,0,21.9,78,3.9,4.0,3.8,3.7857142857142856,0.17728105208553543,3.9578,0.9749279121818236,-0.22252093395631434,-0.5000000000000004,0.8660254037844384,-0.6486295610349818,0.7611042586607742,4.3,3.9
2019-11-21,Tripura,NER,23.83540428,91.27999914,4.3,2019,11,3,325,0,0,21.4,80,3.9,3.8,3.7,3.857142857142857,0.2636736799982012,3.9778000000000002,0.43388373911755823,-0.900968867902419,-0.5000000000000004,0.8660254037844384,-0.6354323008901775,0.7721565844991641,4.0,3.8
2019-11-22,Tripura,NER,23.83540428,91.27999914,4.0,2019,11,4,326,0,0,20.8,81,4.3,3.5,3.6,3.9285714285714284,0.213808993529906,3.991133333333333,-0.433883739117558,-0.9009688679024191,-0.5000000000000004,0.8660254037844384,-0.622046748440868,0.7829801036770624,4.3,3.3
2019-11-23,Tripura,NER,23.83540428,91.27999914,4.3,2019,11,5,327,1,0,21.1,80,4.0,3.6,3.5,4.0285714285714285,0.19760470401183966,4.017799999999999,-0.9749279121818236,-0.2225209339563146,-0.5000000000000004,0.8660254037844384,-0.6084768701151264,0.7935716089521472,3.4,4.8
2019-11-24,Tripura,NER,23.83540428,91.27999914,3.4,2019,11,6,328,1,0,21.1,82,4.3,4.0,3.4,3.9428571428571426,0.3101458950082398,4.0178,-0.7818314824680299,0.6234898018587334,-0.5000000000000004,0.8660254037844384,-0.594726686960764,0.8039279618328208,3.8,5.8
2019-11-25,Tripura,NER,23.83540428,91.27999914,3.8,2019,11,0,329,0,0,21.3,80,3.4,3.8,5.5,3.9428571428571426,0.3101458950082398,3.9611333333333336,0.0,1.0,-0.5000000000000004,0.8660254037844384,-0.5808002734538013,0.8140460935082175,3.9,5.832999999999998
2019-11-26,Tripura,NER,23.83540428,91.27999914,3.9,2019,11,1,330,0,0,21.4,82,3.8,3.9,4.7,3.9428571428571426,0.3101458950082398,3.9344666666666663,0.7818314824680298,0.6234898018587336,-0.5000000000000004,0.8660254037844384,-0.5667017562911184,0.8239230057575536,3.9,5.1
2019-11-27,Tripura,NER,23.83540428,91.27999914,3.9,2019,11,2,331,0,0,21.6,83,3.9,3.9,5.4,3.942857142857143,0.3101458950082398,3.8844666666666665,0.9749279121818236,-0.22252093395631434,-0.5000000000000004,0.8660254037844384,-0.5524353131676203,0.8335557718385695,3.8,5.4
2019-11-28,Tripura,NER,23.83540428,91.27999914,3.8,2019,11,3,332,0,0,21.6,82,3.9,4.3,4.7,3.871428571428571,0.26903708365379075,3.8544666666666667,0.43388373911755823,-0.900968867902419,-0.5000000000000004,0.8660254037844384,-0.5380051715382992,0.8429415373547832,3.3,5.0
2019-11-29,Tripura,NER,23.83540428,91.27999914,3.3,2019,11,4,333,0,0,21.4,82,3.8,4.0,4.5,3.7714285714285714,0.33523268393898387,3.8144666666666667,-0.433883739117558,-0.9009688679024191,-0.5000000000000004,0.8660254037844384,-0.5234156073655503,0.8520775211013093,4.8,5.1
2019-11-30,Tripura,NER,23.83540428,91.27999914,4.8,2019,11,5,334,1,0,21.7,81,3.3,4.3,4.8,3.8428571428571425,0.485994317035148,3.8144666666666667,-0.9749279121818236,-0.2225209339563146,-0.5000000000000004,0.8660254037844384,-0.5086709438521042,0.8609610158889945,5.8,4.7
2019-12-01,Tripura,NER,23.83540428,91.27999914,5.8,2019,12,6,335,1,0,21.4,80,4.8,3.4,4.5,4.185714285714286,0.8395009855633856,3.8577999999999997,-0.7818314824680299,0.6234898018587334,-2.4492935982947064e-16,1.0,-0.49377555015997737,0.8695893893466109,5.832999999999998,4.2
2019-12-02,Tripura,NER,23.83540428,91.27999914,5.832999999999998,2019,12,0,336,0,0,20.1,76,5.8,3.8,3.1,4.4761428571428565,1.016768152624025,3.9489,0.0,1.0,-2.4492935982947064e-16,1.0,-0.4787338401157883,0.8779600847008883,5.1,4.5
2019-12-03,Tripura,NER,23.83540428,91.27999914,5.1,2019,12,1,337,0,0,19.6,73,5.832999999999998,3.9,4.0,4.647571428571429,1.0045270623769276,3.9855666666666663,0.7818314824680298,0.6234898018587336,-2.4492935982947064e-16,1.0,-0.4635502709028512,0.8860706215341378,5.4,4.6
2019-12-04,Tripura,NER,23.83540428,91.27999914,5.4,2019,12,2,338,0,0,19.3,75,5.1,3.9,4.3,4.861857142857142,0.9781193568223061,4.022233333333333,0.9749279121818236,-0.22252093395631434,-2.4492935982947064e-16,1.0,-0.4482293417404106,0.893918596519257,5.0,4.1
2019-12-05,Tripura,NER,23.83540428,91.27999914,5.0,2019,12,3,339,0,0,20.6,76,5.4,3.8,3.4,5.0332857142857135,0.8588881794284482,4.075566666666666,0.43388373911755823,-0.900968867902419,-2.4492935982947064e-16,1.0,-0.4327755925504317,0.9015016841318838,5.1,4.2
2019-12-06,Tripura,NER,23.83540428,91.27999914,5.1,2019,12,4,340,0,0,19.8,75,5.0,3.3,3.2,5.2904285714285715,0.4007176300683991,4.1389,-0.433883739117558,-0.9009688679024191,-2.4492935982947064e-16,1.0,-0.41719360261231697,0.9088176373395028,4.7,4.2
2019-12-08,Tripura,NER,23.83540428,91.27999914,4.7,2019,12,6,342,1,0,21.0,75,5.1,4.8,3.2,5.276142857142857,0.42231600671040687,4.1889,-0.7818314824680299,0.6234898018587334,-2.4492935982947064e-16,1.0,-0.38566340624360745,0.9226395488404875,4.2,3.4
2019-12-09,Tripura,NER,23.83540428,91.27999914,4.2,2019,12,0,343,0,0,20.3,76,4.7,5.8,2.734,5.047571428571429,0.5144653720588287,4.2377666666666665,0.0,1.0,-2.4492935982947064e-16,1.0,-0.3697245428906732,0.9291414114031743,4.5,3.6
2019-12-10,Tripura,NER,23.83540428,91.27999914,4.5,2019,12,1,344,0,0,20.0,74,4.2,5.832999999999998,4.3,4.857142857142857,0.41173269183271805,4.244433333333333,0.7818314824680298,0.6234898018587336,-2.4492935982947064e-16,1.0,-0.3536761221763721,0.935367949313148,4.6,3.5
2019-12-11,Tripura,NER,23.83540428,91.27999914,4.6,2019,12,2,345,0,0,19.5,72,4.5,5.1,3.6,4.785714285714286,0.40590873945002676,4.2777666666666665,0.9749279121818236,-0.22252093395631434,-2.4492935982947064e-16,1.0,-0.33752289959411347,0.941317317512847,4.1,3.6
2019-12-12,Tripura,NER,23.83540428,91.27999914,4.1,2019,12,3,346,0,0,18.9,76,4.6,5.4,4.0,4.6,0.37416573867739555,4.2810999999999995,0.43388373911755823,-0.900968867902419,-2.4492935982947064e-16,1.0,-0.32126966169236515,0.9469877530760751,4.2,3.8
2019-12-13,Tripura,NER,23.83540428,91.27999914,4.2,2019,12,4,347,0,0,18.8,78,4.1,5.0,4.1,4.485714285714286,0.3532165125838589,4.284433333333333,-0.433883739117558,-0.9009688679024191,-2.4492935982947064e-16,1.0,-0.3049212246562894,0.9523775757303973,4.2,3.6
2019-12-14,Tripura,NER,23.83540428,91.27999914,4.2,2019,12,5,348,1,0,20.0,75,4.2,5.1,4.0,4.357142857142857,0.23704530408863245,4.2911,-0.9749279121818236,-0.2225209339563146,-2.4492935982947064e-16,1.0,-0.2884824328806098,0.9574851883550389,3.4,3.4
2019-12-15,Tripura,NER,23.83540428,91.27999914,3.4,2019,12,6,349,1,0,19.9,78,4.2,4.7,3.8,4.171428571428572,0.3860668582611196,4.2777666666666665,-0.7818314824680299,0.6234898018587334,-2.4492935982947064e-16,1.0,-0.27195815753410524,0.9623090774541487,3.6,3.4
2019-12-16,Tripura,NER,23.83540428,91.27999914,3.6,2019,12,0,350,0,0,19.1,82,3.4,4.2,3.5,4.085714285714285,0.44131837120370965,4.2810999999999995,0.0,1.0,-2.4492935982947064e-16,1.0,-0.2553532951161881,0.9668478136052773,3.5,3.4
2019-12-17,Tripura,NER,23.83540428,91.27999914,3.5,2019,12,1,351,0,0,18.9,81,3.6,4.5,3.6,3.9428571428571426,0.446680881081558,4.2777666666666665,0.7818314824680298,0.6234898018587336,-2.4492935982947064e-16,1.0,-0.23867276600594997,0.9711000518829505,3.6,3.4
2019-12-18,Tripura,NER,23.83540428,91.27999914,3.6,2019,12,2,352,0,0,17.8,81,3.5,4.6,4.0,3.8000000000000003,0.3511884584284025,4.264433333333333,0.9749279121818236,-0.22252093395631434,-2.4492935982947064e-16,1.0,-0.22192151300416674,0.9750645322571945,3.8,3.2
2019-12-19,Tripura,NER,23.83540428,91.27999914,3.8,2019,12,3,353,0,0,16.0,83,3.6,4.1,3.8,3.757142857142857,0.32586880211284386,4.264433333333334,0.43388373911755823,-0.900968867902419,-2.4492935982947064e-16,1.0,-0.20510449986861926,0.9787400799669153,3.6,3.3
2019-12-20,Tripura,NER,23.83540428,91.27999914,3.6,2019,12,4,354,0,0,15.6,84,3.8,4.2,3.9,3.6714285714285713,0.26276913640608696,4.254433333333333,-0.433883739117558,-0.9009688679024191,-2.4492935982947064e-16,1.0,-0.1882267098432439,0.9821256058680006,3.4,3.4
2019-12-21,Tripura,NER,23.83540428,91.27999914,3.4,2019,12,5,355,1,0,15.8,82,3.6,4.2,3.9,3.5571428571428574,0.13972762620107979,4.2377666666666665,-0.9749279121818236,-0.2225209339563146,-2.4492935982947064e-16,1.0,-0.1712931441814778,0.9852201067560606,3.4,3.4
2019-12-22,Tripura,NER,23.83540428,91.27999914,3.4,2019,12,6,356,1,0,15.8,82,3.4,3.4,4.3,3.557142857142857,0.13972762620107979,4.207766666666666,-0.7818314824680299,0.6234898018587334,-2.4492935982947064e-16,1.0,-0.154308820664281,0.9880226656636976,3.4,4.9
2019-12-23,Tripura,NER,23.83540428,91.27999914,3.4,2019,12,0,357,0,0,16.4,82,3.4,3.6,4.0,3.5285714285714285,0.1496026483085473,4.187766666666667,0.0,1.0,-2.4492935982947064e-16,1.0,-0.13727877211326517,0.9905324521322227,3.4,4.9
2019-12-24,Tripura,NER,23.83540428,91.27999914,3.4,2019,12,1,358,0,0,15.6,85,3.4,3.5,4.3,3.5142857142857147,0.1573591584938193,4.157766666666666,0.7818314824680298,0.6234898018587336,-2.4492935982947064e-16,1.0,-0.12020804489935275,0.9927487224577402,3.2,5.0
2019-12-25,Tripura,NER,23.83540428,91.27999914,3.2,2019,12,2,359,0,1,15.8,82,3.4,3.6,3.4,3.457142857142857,0.19023794624220747,4.1511,0.9749279121818236,-0.22252093395631434,-2.4492935982947064e-16,1.0,-0.10310169744743544,0.9946708199115211,3.3,4.8
2019-12-26,Tripura,NER,23.83540428,91.27999914,3.3,2019,12,3,360,0,0,16.7,78,3.2,3.8,3.8,3.3857142857142857,0.1214985792586891,4.134433333333333,0.43388373911755823,-0.900968867902419,-2.4492935982947064e-16,1.0,-0.0859647987374467,0.9962981749346077,3.4,4.7
2019-12-27,Tripura,NER,23.83540428,91.27999914,3.4,2019,12,4,361,0,0,15.8,87,3.3,3.6,3.9,3.357142857142857,0.07867957924678244,4.117766666666666,-0.433883739117558,-0.9009688679024191,-2.4492935982947064e-16,1.0,-0.06880242680232064,0.9976303053065857,3.4,4.8
2019-12-28,Tripura,NER,23.83540428,91.27999914,3.4,2019,12,5,362,1,0,15.7,85,3.4,3.4,3.9,3.357142857142857,0.07867957924678244,4.1011,-0.9749279121818236,-0.2225209339563146,-2.4492935982947064e-16,1.0,-0.05161966722325418,0.9986668162884759,4.9,4.8
2019-12-29,Tripura,NER,23.83540428,91.27999914,4.9,2019,12,6,363,1,0,16.0,84,3.4,3.4,3.8,3.5714285714285716,0.5908025211926559,4.137766666666667,-0.7818314824680299,0.6234898018587334,-2.4492935982947064e-16,1.0,-0.034421611622745804,0.9994074007397048,4.9,3.9
2019-12-30,Tripura,NER,23.83540428,91.27999914,4.9,2019,12,0,364,0,0,17.2,83,4.9,3.4,3.3,3.7857142857142856,0.7646972634722117,4.1911000000000005,0.0,1.0,-2.4492935982947064e-16,1.0,-0.01721335615583528,0.9998518392091162,5.0,3.4
2019-12-31,Tripura,NER,23.83540428,91.27999914,5.0,2019,12,1,365,0,0,19.2,81,4.9,3.4,4.8,4.014285714285714,0.8629958891917703,4.197766666666666,0.7818314824680298,0.6234898018587336,-2.4492935982947064e-16,1.0,6.432490598706546e-16,1.0,4.8,3.5
2020-01-01,Tripura,NER,23.83540428,91.27999914,4.8,2020,1,2,1,0,0,20.0,82,5.0,3.2,5.8,4.242857142857143,0.8223080178318042,4.164433333333333,0.9749279121818236,-0.22252093395631434,0.49999999999999994,0.8660254037844387,0.017213356155834685,0.9998518392091162,4.7,3.8
2020-01-02,Tripura,NER,23.83540428,91.27999914,4.7,2020,1,3,2,0,0,20.2,85,4.8,3.3,5.832999999999998,4.442857142857143,0.7184639700016107,4.126666666666667,0.43388373911755823,-0.900968867902419,0.49999999999999994,0.8660254037844387,0.03442161162274574,0.9994074007397048,4.8,4.0
2020-01-03,Tripura,NER,23.83540428,91.27999914,4.8,2020,1,4,3,0,0,18.0,91,4.7,3.4,5.1,4.642857142857143,0.55634864026419,4.116666666666666,-0.433883739117558,-0.9009688679024191,0.49999999999999994,0.8660254037844387,0.051619667223253764,0.998666816288476,4.8,3.9
2020-01-04,Tripura,NER,23.83540428,91.27999914,4.8,2020,1,5,4,1,0,17.7,86,4.8,3.4,5.4,4.842857142857143,0.09759000729489381,4.096666666666667,-0.9749279121818236,-0.2225209339563146,0.49999999999999994,0.8660254037844387,0.06880242680231986,0.9976303053065857,3.9,3.9
2020-01-05,Tripura,NER,23.83540428,91.27999914,3.9,2020,1,6,5,1,0,17.0,85,4.8,4.9,5.0,4.7,0.36514837167011727,4.06,-0.7818314824680299,0.6234898018587334,0.49999999999999994,0.8660254037844387,0.08596479873744647,0.9962981749346078,3.4,4.5
2020-01-13,Tripura,NER,23.83540428,91.27999914,3.4,2020,1,0,13,0,0,16.2,88,3.9,4.9,5.1,4.485714285714286,0.5956189257922423,4.003333333333333,0.0,1.0,0.49999999999999994,0.8660254037844387,0.2219215130041655,0.9750645322571948,3.5,4.6
2020-01-14,Tripura,NER,23.83540428,91.27999914,3.5,2020,1,1,14,0,0,17.2,84,3.4,5.0,4.7,4.271428571428571,0.6473388749701458,3.963333333333333,0.7818314824680298,0.6234898018587336,0.49999999999999994,0.8660254037844387,0.2386727660059501,0.9711000518829505,3.8,4.6
2020-01-15,Tripura,NER,23.83540428,91.27999914,3.8,2020,1,2,15,0,0,17.4,81,3.5,4.8,4.2,4.128571428571428,0.6210590034081123,3.95,0.9749279121818236,-0.22252093395631434,0.49999999999999994,0.8660254037844387,0.255353295116187,0.9668478136052775,4.0,4.5
2020-01-16,Tripura,NER,23.83540428,91.27999914,4.0,2020,1,3,16,0,0,17.9,83,3.8,4.7,4.5,4.028571428571428,0.5677860093212425,3.933333333333333,0.43388373911755823,-0.900968867902419,0.49999999999999994,0.8660254037844387,0.2719581575341055,0.9623090774541486,3.9,3.6
2020-01-17,Tripura,NER,23.83540428,91.27999914,3.9,2020,1,4,17,0,0,19.0,81,4.0,4.8,4.6,3.9,0.454606056566181,3.9099999999999997,-0.433883739117558,-0.9009688679024191,0.49999999999999994,0.8660254037844387,0.288482432880609,0.9574851883550393,3.9,4.1
2020-01-18,Tripura,NER,23.83540428,91.27999914,3.9,2020,1,5,18,1,0,19.7,78,3.9,4.8,4.1,3.7714285714285714,0.22886885410849767,3.9033333333333338,-0.9749279121818236,-0.2225209339563146,0.49999999999999994,0.8660254037844387,0.30492122465628907,0.9523775757303974,4.5,4.1
2020-01-19,Tripura,NER,23.83540428,91.27999914,4.5,2020,1,6,19,1,0,19.9,80,3.9,3.9,4.2,3.857142857142857,0.35989416433695587,3.9133333333333336,-0.7818314824680299,0.6234898018587334,0.49999999999999994,0.8660254037844387,0.3212696616923644,0.9469877530760753,4.6,3.2
2020-01-20,Tripura,NER,23.83540428,91.27999914,4.6,2020,1,0,20,0,0,18.3,84,4.5,3.4,4.2,4.0285714285714285,0.3903600291794003,3.9266666666666667,0.0,1.0,0.49999999999999994,0.8660254037844387,0.3375228995941133,0.9413173175128471,4.6,3.0
2020-01-21,Tripura,NER,23.83540428,91.27999914,4.6,2020,1,1,21,0,0,16.0,78,4.6,3.5,3.4,4.185714285714285,0.3625307868699767,3.966666666666667,0.7818314824680298,0.6234898018587336,0.49999999999999994,0.8660254037844387,0.3536761221763716,0.9353679493131483,4.5,3.0
2020-01-22,Tripura,NER,23.83540428,91.27999914,4.5,2020,1,2,22,0,0,16.2,74,4.6,3.8,3.6,4.285714285714286,0.3338091841585046,3.996666666666667,0.9749279121818236,-0.22252093395631434,0.49999999999999994,0.8660254037844387,0.3697245428906731,0.9291414114031743,3.6,3.6
2020-01-23,Tripura,NER,23.83540428,91.27999914,3.6,2020,1,3,23,0,0,15.8,81,4.5,4.0,3.5,4.228571428571429,0.4151878519187987,4.0,0.43388373911755823,-0.900968867902419,0.49999999999999994,0.8660254037844387,0.38566340624360707,0.9226395488404876,4.1,4.7
2020-01-24,Tripura,NER,23.83540428,91.27999914,4.1,2020,1,4,24,0,0,16.4,74,3.6,3.9,3.6,4.257142857142857,0.39520940802373444,4.016666666666667,-0.433883739117558,-0.9009688679024191,0.49999999999999994,0.8660254037844387,0.401487989205973,0.9158642882672872,4.1,4.7
2020-01-25,Tripura,NER,23.83540428,91.27999914,4.1,2020,1,5,25,1,0,15.9,69,4.1,3.9,3.8,4.285714285714286,0.3716116764785965,4.026666666666666,-0.9749279121818236,-0.2225209339563146,0.49999999999999994,0.8660254037844387,0.4171936026123168,0.9088176373395029,3.2,3.9
2020-01-26,Tripura,NER,23.83540428,91.27999914,3.2,2020,1,6,26,1,1,15.9,74,4.1,4.5,3.6,4.1,0.5354126134736256,4.013333333333334,-0.7818314824680299,0.6234898018587334,0.49999999999999994,0.8660254037844387,0.4327755925504312,0.901501684131884,3.0,3.8
2020-01-27,Tripura,NER,23.83540428,91.27999914,3.0,2020,1,0,27,0,0,16.4,70,3.2,4.6,3.4,3.871428571428571,0.6210590034081083,4.0,0.0,1.0,0.49999999999999994,0.8660254037844387,0.4482293417404106,0.893918596519257,3.0,4.5
2020-01-28,Tripura,NER,23.83540428,91.27999914,3.0,2020,1,1,28,0,0,17.0,70,3.0,4.6,3.4,3.642857142857143,0.6023762469230716,3.986666666666667,0.7818314824680298,0.6234898018587336,0.49999999999999994,0.8660254037844387,0.4635502709028509,0.886070621534138,3.6,4.2
2020-01-29,Tripura,NER,23.83540428,91.27999914,3.6,2020,1,2,29,0,0,17.4,78,3.0,4.5,3.4,3.5142857142857147,0.47056197405713873,3.993333333333333,0.9749279121818236,-0.22252093395631434,0.49999999999999994,0.8660254037844387,0.47873384011578846,0.8779600847008882,4.7,3.8
2020-01-30,Tripura,NER,23.83540428,91.27999914,4.7,2020,1,3,30,0,0,19.3,80,3.6,3.6,3.4,3.6714285714285713,0.6524678426668005,4.036666666666667,0.43388373911755823,-0.900968867902419,0.49999999999999994,0.8660254037844387,0.49377555015997715,0.869589389346611,4.7,4.1
2020-01-31,Tripura,NER,23.83540428,91.27999914,4.7,2020,1,4,31,0,0,18.6,83,4.7,4.1,3.2,3.757142857142857,0.7502380574571831,4.086666666666667,-0.433883739117558,-0.9009688679024191,0.49999999999999994,0.8660254037844387,0.5086709438521044,0.8609610158889943,3.9,4.4
2020-02-01,Tripura,NER,23.83540428,91.27999914,3.9,2020,2,5,32,1,0,17.2,75,4.7,4.1,3.3,3.7285714285714286,0.7387247699341548,4.1066666666666665,-0.9749279121818236,-0.2225209339563146,0.8660254037844386,0.5000000000000001,0.5234156073655503,0.8520775211013093,3.8,4.3
2020-02-02,Tripura,NER,23.83540428,91.27999914,3.8,2020,2,6,33,1,0,16.4,67,3.9,3.2,3.4,3.814285714285714,0.7010196655077212,4.12,-0.7818314824680299,0.6234898018587334,0.8660254037844386,0.5000000000000001,0.5380051715382996,0.8429415373547828,4.5,3.5
2020-02-03,Tripura,NER,23.83540428,91.27999914,4.5,2020,2,0,34,0,0,15.4,68,3.8,3.0,3.4,4.028571428571429,0.6369570517030764,4.156666666666666,0.0,1.0,0.8660254037844386,0.5000000000000001,0.5524353131676196,0.8335557718385699,4.2,3.4
2020-02-04,Tripura,NER,23.83540428,91.27999914,4.2,2020,2,1,35,0,0,16.5,71,4.5,3.0,4.9,4.2,0.44721359549995016,4.133333333333334,0.7818314824680298,0.6234898018587336,0.8660254037844386,0.5000000000000001,0.5667017562911176,0.8239230057575542,3.8,3.6
2020-02-05,Tripura,NER,23.83540428,91.27999914,3.8,2020,2,2,36,0,0,18.5,69,4.2,3.6,4.9,4.228571428571429,0.40708019567927806,4.096666666666667,0.9749279121818236,-0.22252093395631434,0.8660254037844386,0.5000000000000001,0.5808002734538009,0.8140460935082178,4.1,4.1
2020-02-13,Tripura,NER,23.83540428,91.27999914,4.1,2020,2,3,44,0,0,18.5,63,3.8,4.7,5.0,4.142857142857143,0.35050983275385417,4.066666666666666,0.43388373911755823,-0.900968867902419,0.8660254037844386,0.5000000000000001,0.6870527672236669,0.7266075247685656,4.4,4.2
2020-02-14,Tripura,NER,23.83540428,91.27999914,4.4,2020,2,4,45,0,0,19.2,66,4.1,4.7,4.8,4.1000000000000005,0.2828427124746033,4.053333333333333,-0.433883739117558,-0.9009688679024191,0.8660254037844386,0.5000000000000001,0.699458327051647,0.7146733860429609,4.3,4.0
2020-02-15,Tripura,NER,23.83540428,91.27999914,4.3,2020,2,5,46,1,0,21.1,77,4.4,3.9,4.7,4.157142857142857,0.2760262237369275,4.04,-0.9749279121818236,-0.2225209339563146,0.8660254037844386,0.5000000000000001,0.7116566222817746,0.7025274741691571,3.5,3.8
2020-02-16,Tripura,NER,23.83540428,91.27999914,3.5,2020,2,6,47,1,0,20.6,76,4.3,3.8,4.8,4.114285714285715,0.35321651258384873,3.996666666666667,-0.7818314824680299,0.6234898018587334,0.8660254037844386,0.5000000000000001,0.7236440382959124,0.6901733882429719,3.4,4.6
2020-02-17,Tripura,NER,23.83540428,91.27999914,3.4,2020,2,0,48,0,0,20.2,72,3.5,4.5,4.8,3.957142857142857,0.395209408023727,3.95,0.0,1.0,0.8660254037844386,0.5000000000000001,0.7354170229639855,0.6776147890466889,3.6,4.9
2020-02-18,Tripura,NER,23.83540428,91.27999914,3.6,2020,2,1,49,0,0,21.1,66,3.4,4.2,3.9,3.871428571428571,0.39880774697541427,3.94,0.7818314824680298,0.6234898018587336,0.8660254037844386,0.5000000000000001,0.7469720876965552,0.6648553979642865,4.1,4.5
2020-02-19,Tripura,NER,23.83540428,91.27999914,4.1,2020,2,2,50,0,0,21.1,65,3.6,3.8,3.4,3.914285714285714,0.40590873945000555,3.9633333333333334,0.9749279121818236,-0.22252093395631434,0.8660254037844386,0.5000000000000001,0.7583058084785624,0.6518989958787126,4.2,4.9
2020-02-20,Tripura,NER,23.83540428,91.27999914,4.2,2020,2,3,51,0,0,20.2,70,4.1,4.1,3.5,3.9285714285714284,0.4151878519187916,3.986666666666667,0.43388373911755823,-0.900968867902419,0.8660254037844386,0.5000000000000001,0.7694148268839378,0.6387494220515272,4.0,5.1
2020-02-21,Tripura,NER,23.83540428,91.27999914,4.0,2020,2,4,52,0,0,20.9,71,4.2,4.4,3.8,3.8714285714285714,0.36384193323604047,3.993333333333333,-0.433883739117558,-0.9009688679024191,0.8660254037844386,0.5000000000000001,0.7802958510707755,0.6254105729852463,3.8,5.1
2020-02-22,Tripura,NER,23.83540428,91.27999914,3.8,2020,2,5,53,1,0,21.3,71,4.0,4.3,4.0,3.8000000000000003,0.3109126351029375,3.9866666666666664,-0.9749279121818236,-0.2225209339563146,0.8660254037844386,0.5000000000000001,0.7909456567567772,0.6118864012687243,4.6,4.4
2020-02-23,Tripura,NER,23.83540428,91.27999914,4.6,2020,2,6,54,1,0,21.9,70,3.8,3.5,3.9,3.957142857142857,0.39940431835897566,4.01,-0.7818314824680299,0.6234898018587334,0.8660254037844386,0.5000000000000001,0.8013610881746766,0.5981809144059165,4.9,3.3
2020-02-24,Tripura,NER,23.83540428,91.27999914,4.9,2020,2,0,55,0,0,22.3,71,4.6,3.4,3.9,4.171428571428572,0.44986770542121024,4.043333333333333,0.0,1.0,0.8660254037844386,0.5000000000000001,0.8115390590073611,0.5842981736283684,4.5,3.5
2020-02-25,Tripura,NER,23.83540428,91.27999914,4.5,2020,2,1,56,0,0,21.5,82,4.9,3.6,4.5,4.3,0.3829708431025284,4.043333333333333,0.7818314824680298,0.6234898018587336,0.8660254037844386,0.5000000000000001,0.8214765533024142,0.5702422926917871,4.9,3.9
2020-02-26,Tripura,NER,23.83540428,91.27999914,4.9,2020,2,2,57,0,0,19.6,77,4.5,4.1,4.6,4.414285714285714,0.429839394148444,4.053333333333334,0.9749279121818236,-0.22252093395631434,0.8660254037844386,0.5000000000000001,0.8311706263658079,0.5560174366570446,5.1,3.4
2020-02-27,Tripura,NER,23.83540428,91.27999914,5.1,2020,2,3,58,0,0,19.5,76,4.9,4.2,4.6,4.542857142857143,0.48599431703516327,4.069999999999999,0.43388373911755823,-0.900968867902419,0.8660254037844386,0.5000000000000001,0.8406184056344782,0.5416278206559814,5.1,4.1
2020-02-28,Tripura,NER,23.83540428,91.27999914,5.1,2020,2,4,59,0,0,20.0,74,5.1,4.0,4.5,4.7,0.45825756949558505,4.09,-0.433883739117558,-0.9009688679024191,0.8660254037844386,0.5000000000000001,0.8498170915275278,0.5270777086423722,4.4,3.6
2020-02-29,Tripura,NER,23.83540428,91.27999914,4.4,2020,2,5,60,1,0,21.3,65,5.1,3.8,3.6,4.785714285714286,0.2853569193634065,4.116666666666666,-0.9749279121818236,-0.2225209339563146,0.8660254037844386,0.5000000000000001,0.8587639582758029,0.5123714121284237,3.3,3.5
2020-03-01,Tripura,NER,23.83540428,91.27999914,3.3,2020,3,6,61,1,0,22.3,61,4.4,4.6,4.1,4.6000000000000005,0.6350852961085877,4.09,-0.7818314824680299,0.6234898018587334,1.0,6.123233995736766e-17,0.8674563547295969,0.49751328890718066,3.5,5.6
2020-03-02,Tripura,NER,23.83540428,91.27999914,3.5,2020,3,0,62,0,0,23.2,64,3.3,4.9,4.1,4.3999999999999995,0.7371114795831963,4.069999999999999,0.0,1.0,1.0,6.123233995736766e-17,0.8758917051442429,0.48250774176121847,3.9,5.2
2020-03-03,Tripura,NER,23.83540428,91.27999914,3.9,2020,3,1,63,0,0,23.5,67,3.5,4.5,3.2,4.314285714285714,0.7581305327988701,4.093333333333333,0.7818314824680298,0.6234898018587336,1.0,6.123233995736766e-17,0.8840675099433636,0.4673592171580022,3.4,4.3
2020-03-04,Tripura,NER,23.83540428,91.27999914,3.4,2020,3,2,64,0,0,23.1,71,3.9,4.9,3.0,4.1,0.7767453465153962,4.1066666666666665,0.9749279121818236,-0.22252093395631434,1.0,6.123233995736766e-17,0.8919813464595485,0.45207220393230435,4.1,4.5
2020-03-05,Tripura,NER,23.83540428,91.27999914,4.1,2020,3,3,65,0,0,23.8,68,3.4,5.1,3.0,3.957142857142857,0.6425396041156762,4.1433333333333335,0.43388373911755823,-0.900968867902419,1.0,6.123233995736766e-17,0.8996308696522433,0.43665123195606403,3.6,4.6
2020-03-13,Tripura,NER,23.83540428,91.27999914,3.6,2020,3,4,73,0,0,25.8,62,4.1,5.1,3.6,3.742857142857143,0.4035556254807084,4.1433333333333335,-0.433883739117558,-0.9009688679024191,1.0,6.123233995736766e-17,0.9510565162951535,0.30901699437494745,3.5,4.6
2020-03-14,Tripura,NER,23.83540428,91.27999914,3.5,2020,3,5,74,1,0,26.1,57,3.6,4.4,4.7,3.614285714285714,0.2853569193633681,4.1033333333333335,-0.9749279121818236,-0.2225209339563146,1.0,6.123233995736766e-17,0.9562348265919056,0.29260033563334836,5.6,4.5
2020-03-15,Tripura,NER,23.83540428,91.27999914,5.6,2020,3,6,75,1,0,25.0,62,3.5,3.3,4.7,3.942857142857143,0.7721337165222504,4.133333333333334,-0.7818314824680299,0.6234898018587334,1.0,6.123233995736766e-17,0.9611297838723007,0.27609697309746883,5.2,3.4
2020-03-16,Tripura,NER,23.83540428,91.27999914,5.2,2020,3,0,76,0,0,25.1,61,5.6,3.5,3.9,4.185714285714286,0.8706866474772825,4.176666666666667,0.0,1.0,1.0,6.123233995736766e-17,0.9657399376548549,0.2595117970697999,4.3,4.0
2020-03-17,Tripura,NER,23.83540428,91.27999914,4.3,2020,3,1,77,0,0,24.8,56,5.2,3.9,3.8,4.242857142857143,0.8618916073713304,4.193333333333333,0.7818314824680298,0.6234898018587336,1.0,6.123233995736766e-17,0.9700639218515071,0.2428497220959356,4.5,4.0
2020-03-18,Tripura,NER,23.83540428,91.27999914,4.5,2020,3,2,78,0,0,24.5,57,4.3,3.4,4.5,4.4,0.7788880963698588,4.193333333333333,0.9749279121818236,-0.22252093395631434,1.0,6.123233995736766e-17,0.9741004551724205,0.22611568550828828,4.6,4.5
2020-03-19,Tripura,NER,23.83540428,91.27999914,4.6,2020,3,3,79,0,0,24.2,56,4.5,4.1,4.2,4.471428571428571,0.769662882293897,4.206666666666667,0.43388373911755823,-0.900968867902419,1.0,6.123233995736766e-17,0.9778483415056568,0.20931464596304847,4.6,3.4
2020-03-20,Tripura,NER,23.83540428,91.27999914,4.6,2020,3,4,80,0,0,24.0,61,4.6,3.6,3.8,4.614285714285714,0.6669047194029326,4.233333333333333,-0.433883739117558,-0.9009688679024191,1.0,6.123233995736766e-17,0.9813064702716093,0.19245158197082998,4.5,3.8
2020-03-21,Tripura,NER,23.83540428,91.27999914,4.5,2020,3,5,81,1,0,24.6,60,4.6,3.5,4.1,4.757142857142857,0.4649628761422555,4.246666666666666,-0.9749279121818236,-0.2225209339563146,1.0,6.123233995736766e-17,0.9844738167520922,0.1755314904214282,3.4,3.9
2020-03-22,Tripura,NER,23.83540428,91.27999914,3.4,2020,3,6,82,1,0,23.0,62,4.5,5.6,4.4,4.442857142857142,0.5380741673076357,4.213333333333334,-0.7818314824680299,0.6234898018587334,1.0,6.123233995736766e-17,0.9873494423939864,0.15855938510313475,4.0,4.1
2020-03-23,Tripura,NER,23.83540428,91.27999914,4.0,2020,3,0,83,0,0,23.7,65,3.4,5.2,4.3,4.271428571428571,0.4386125310350182,4.203333333333333,0.0,1.0,1.0,6.123233995736766e-17,0.989932495087353,0.141540295217043,4.0,4.0
2020-03-24,Tripura,NER,23.83540428,91.27999914,4.0,2020,3,1,84,0,0,24.3,64,4.0,4.3,3.5,4.228571428571429,0.44986770542120924,4.22,0.7818314824680298,0.6234898018587336,1.0,6.123233995736766e-17,0.9922222094179323,0.12447926388678915,4.5,4.1
2020-03-25,Tripura,NER,23.83540428,91.27999914,4.5,2020,3,2,85,0,0,25.4,59,4.0,4.5,3.4,4.228571428571429,0.44986770542120924,4.256666666666667,0.9749279121818236,-0.22252093395631434,1.0,6.123233995736766e-17,0.994217906893952,0.10738134666416309,3.4,4.2
2020-03-26,Tripura,NER,23.83540428,91.27999914,3.4,2020,3,3,86,0,0,26.6,61,4.5,4.6,3.6,4.057142857142857,0.5094347941825308,4.249999999999999,0.43388373911755823,-0.900968867902419,1.0,6.123233995736766e-17,0.995918996147179,0.09025161003104117,3.8,3.8
2020-03-27,Tripura,NER,23.83540428,91.27999914,3.8,2020,3,4,87,0,0,28.1,56,3.4,4.6,4.1,3.942857142857143,0.45408201482822674,4.24,-0.433883739117558,-0.9009688679024191,1.0,6.123233995736766e-17,0.9973249731081555,0.07309512989807777,3.9,3.4
2020-03-28,Tripura,NER,23.83540428,91.27999914,3.9,2020,3,5,88,1,0,28.6,53,3.8,4.5,4.2,3.857142857142857,0.3823486317360899,4.2299999999999995,-0.9749279121818236,-0.2225209339563146,1.0,6.123233995736766e-17,0.9984354211555643,0.055916990100603484,4.1,2.8
2020-03-29,Tripura,NER,23.83540428,91.27999914,4.1,2020,3,6,89,1,0,28.1,52,3.9,3.4,4.0,3.9571428571428577,0.33094381626462754,4.233333333333333,-0.7818314824680299,0.6234898018587334,1.0,6.123233995736766e-17,0.9992500112396835,0.03872228089217446,4.0,3.4
2020-03-30,Tripura,NER,23.83540428,91.27999914,4.0,2020,3,0,90,0,0,26.6,49,4.1,4.0,3.8,3.9571428571428577,0.33094381626462754,4.24,0.0,1.0,1.0,6.123233995736766e-17,0.9997685019798909,0.021516097436222254,4.1,3.2
2020-03-31,Tripura,NER,23.83540428,91.27999914,4.1,2020,3,1,91,0,0,26.3,45,4.0,4.0,4.6,3.9714285714285715,0.3352326839389899,4.223333333333334,0.7818314824680298,0.6234898018587336,1.0,6.123233995736766e-17,0.9999907397361901,0.004303538296244289,4.2,3.2
2020-04-01,Tripura,NER,23.83540428,91.27999914,4.2,2020,4,2,92,0,0,26.5,48,4.1,4.5,4.9,3.928571428571428,0.2690370836537926,4.2,0.9749279121818236,-0.22252093395631434,0.8660254037844387,-0.4999999999999998,0.9999166586547379,-0.01291029607500882,3.8,3.4
2020-04-02,Tripura,NER,23.83540428,91.27999914,3.8,2020,4,3,93,0,1,28.8,63,4.2,3.4,4.5,3.9857142857142853,0.1573591584938461,4.176666666666667,0.43388373911755823,-0.900968867902419,0.8660254037844387,-0.4999999999999998,0.9995462806873573,-0.030120304846908114,3.4,3.3
2020-04-03,Tripura,NER,23.83540428,91.27999914,3.4,2020,4,4,94,0,0,27.4,80,3.8,3.8,4.9,3.928571428571428,0.2690370836537926,4.126666666666667,-0.433883739117558,-0.9009688679024191,0.8660254037844387,-0.4999999999999998,0.9988797155850336,-0.04732138832243185,2.8,3.2
2020-04-04,Tripura,NER,23.83540428,91.27999914,2.8,2020,4,5,95,1,0,26.9,79,3.4,3.9,5.1,3.7714285714285714,0.5056820005836354,4.05,-0.9749279121818236,-0.2225209339563146,0.8660254037844387,-0.4999999999999998,0.9979171608653922,-0.06450844944931623,3.4,3.2
2020-04-05,Tripura,NER,23.83540428,91.27999914,3.4,2020,4,6,96,1,0,26.6,81,2.8,4.1,5.1,3.671428571428571,0.49904671028632097,3.993333333333333,-0.7818314824680299,0.6234898018587334,0.8660254037844387,-0.4999999999999998,0.9966589017541702,-0.08167639533042241,3.2,3.6
2020-04-13,Tripura,NER,23.83540428,91.27999914,3.2,2020,4,0,104,0,0,28.4,60,3.4,4.0,4.4,3.557142857142857,0.5028490259084933,3.953333333333333,0.0,1.0,0.8660254037844387,-0.4999999999999998,0.9760105506323683,-0.21772323039653177,3.2,3.7
2020-04-14,Tripura,NER,23.83540428,91.27999914,3.2,2020,4,1,105,0,1,29.1,69,3.2,4.1,3.3,3.4285714285714284,0.45355736761104515,3.95,0.7818314824680298,0.6234898018587336,0.8660254037844387,-0.4999999999999998,0.9721181966290613,-0.23449138957040985,3.4,3.9
2020-04-15,Tripura,NER,23.83540428,91.27999914,3.4,2020,4,2,106,0,0,28.5,70,3.2,4.2,3.5,3.314285714285714,0.30237157840733636,3.9466666666666668,0.9749279121818236,-0.22252093395631434,0.8660254037844387,-0.4999999999999998,0.9679377830240642,-0.25119006388481935,3.3,3.8
2020-04-16,Tripura,NER,23.83540428,91.27999914,3.3,2020,4,3,107,0,0,27.9,69,3.4,3.8,3.9,3.242857142857143,0.2149196970741566,3.9266666666666667,0.43388373911755823,-0.900968867902419,0.8660254037844387,-0.4999999999999998,0.9634705485641488,-0.2678143051621742,3.2,3.7
2020-04-17,Tripura,NER,23.83540428,91.27999914,3.2,2020,4,4,108,0,0,25.2,86,3.3,3.4,3.4,3.2142857142857144,0.2035400978395703,3.9200000000000004,-0.433883739117558,-0.9009688679024191,0.8660254037844387,-0.4999999999999998,0.9587178169872964,-0.2843591872810034,3.2,3.8
2020-04-18,Tripura,NER,23.83540428,91.27999914,3.2,2020,4,5,109,1,0,25.3,87,3.2,2.8,4.1,3.271428571428572,0.09511897312098498,3.8899999999999997,-0.9749279121818236,-0.2225209339563146,0.8660254037844387,-0.4999999999999998,0.9536809966304457,-0.30081980763566735,3.6,3.8
2020-04-19,Tripura,NER,23.83540428,91.27999914,3.6,2020,4,6,110,1,0,27.5,77,3.2,3.4,3.6,3.3,0.15275252316510388,3.89,-0.7818314824680299,0.6234898018587334,0.8660254037844387,-0.4999999999999998,0.9483615800121715,-0.3171912885891061,3.7,4.0
2020-04-20,Tripura,NER,23.83540428,91.27999914,3.7,2020,4,0,111,0,0,27.0,81,3.6,3.2,3.5,3.3714285714285714,0.2058663459162916,3.896666666666667,0.0,1.0,0.8660254037844387,-0.4999999999999998,0.9427611433904207,-0.3334687789181868,3.9,4.5
2020-04-21,Tripura,NER,23.83540428,91.27999914,3.9,2020,4,1,112,0,0,25.4,80,3.7,3.2,5.6,3.4714285714285715,0.2690370836537751,3.8400000000000003,0.7818314824680298,0.6234898018587336,0.8660254037844387,-0.4999999999999998,0.9368813462954315,-0.3496474552512284,3.8,5.3
2020-04-22,Tripura,NER,23.83540428,91.27999914,3.8,2020,4,2,113,0,0,24.6,82,3.9,3.4,5.2,3.528571428571429,0.292770021884521,3.7933333333333334,0.9749279121818236,-0.22252093395631434,0.8660254037844387,-0.4999999999999998,0.9307239310379795,-0.36572252349726897,3.7,5.1
2020-04-23,Tripura,NER,23.83540428,91.27999914,3.7,2020,4,3,114,0,0,24.6,89,3.8,3.3,4.3,3.585714285714286,0.2794552524022701,3.7733333333333334,0.43388373911755823,-0.900968867902419,0.8660254037844387,-0.4999999999999998,0.9242907221930933,-0.3816892202666588,3.8,5.0
2020-04-24,Tripura,NER,23.83540428,91.27999914,3.8,2020,4,4,115,0,0,24.3,87,3.7,3.2,4.5,3.6714285714285717,0.2288688541084884,3.7499999999999996,-0.433883739117558,-0.9009688679024191,0.8660254037844387,-0.4999999999999998,0.9175836260593937,-0.39754281428255595,3.8,4.9
2020-04-25,Tripura,NER,23.83540428,91.27999914,3.8,2020,4,5,116,1,0,24.0,89,3.8,3.2,4.6,3.7571428571428567,0.09759000729476112,3.7233333333333336,-0.9749279121818236,-0.2225209339563146,0.8660254037844387,-0.4999999999999998,0.9106046300942162,-0.4132786077829042,4.0,4.6
2020-04-26,Tripura,NER,23.83540428,91.27999914,4.0,2020,4,6,117,1,0,24.5,87,3.8,3.6,4.6,3.8142857142857145,0.10690449676489137,3.7033333333333336,-0.7818314824680299,0.6234898018587334,0.8660254037844387,-0.4999999999999998,0.9033558023246845,-0.4288919379124835,4.5,3.9
2020-04-27,Tripura,NER,23.83540428,91.27999914,4.5,2020,4,0,118,0,0,25.5,79,4.0,3.7,4.5,3.9285714285714284,0.26903708365379303,3.7033333333333336,0.0,1.0,0.8660254037844387,-0.4999999999999998,0.895839290734909,-0.4443781781046132,5.3,3.6
2020-04-28,Tripura,NER,23.83540428,91.27999914,5.3,2020,4,1,119,0,0,25.0,81,4.5,3.9,3.4,4.128571428571428,0.5822779568621921,3.7666666666666666,0.7818314824680298,0.6234898018587336,0.8660254037844387,-0.4999999999999998,0.8880573226294932,-0.45973273945210397,5.1,3.4
2020-04-29,Tripura,NER,23.83540428,91.27999914,5.1,2020,4,2,120,0,0,24.9,84,5.3,3.8,4.0,4.314285714285714,0.6618876325292925,3.8033333333333332,0.9749279121818236,-0.22252093395631434,0.8660254037844387,-0.4999999999999998,0.8800122039735357,-0.47495107206704995,5.0,3.3
2020-04-30,Tripura,NER,23.83540428,91.27999914,5.0,2020,4,3,121,0,0,24.9,87,5.1,3.7,4.0,4.5,0.6429100507328618,3.8366666666666664,0.43388373911755823,-0.900968867902419,0.8660254037844387,-0.4999999999999998,0.8717063187093218,-0.4900286664290592,4.9,2.734
2020-05-01,Tripura,NER,23.83540428,91.27999914,4.9,2020,5,4,122,0,0,25.4,87,5.0,3.8,4.5,4.6571428571428575,0.5740416444159868,3.85,-0.433883739117558,-0.9009688679024191,0.49999999999999994,-0.8660254037844387,0.8631421280499114,-0.5049610547215204,4.6,3.3
2020-05-02,Tripura,NER,23.83540428,91.27999914,4.6,2020,5,5,123,1,0,25.2,86,4.9,3.8,3.4,4.771428571428571,0.4386125310350303,3.89,-0.9749279121818236,-0.2225209339563146,0.49999999999999994,-0.8660254037844387,0.854322169749827,-0.5197438121555155,3.9,4.6
2020-05-03,Tripura,NER,23.83540428,91.27999914,3.9,2020,5,6,124,1,0,25.1,86,4.6,4.0,3.8,4.757142857142858,0.46853368024488085,3.893333333333333,-0.7818314824680299,0.6234898018587334,0.49999999999999994,-0.8660254037844387,0.8452490573530633,-0.5343725582809786,3.6,3.4
2020-05-04,Tripura,NER,23.83540428,91.27999914,3.6,2020,5,0,125,0,0,26.6,85,3.9,4.5,3.9,4.628571428571428,0.6421689437998015,3.8833333333333333,0.0,1.0,0.49999999999999994,-0.8660254037844387,0.8359254794186372,-0.548842958284719,3.4,3.5
2020-05-05,Tripura,NER,23.83540428,91.27999914,3.4,2020,5,1,126,0,0,27.5,86,3.6,5.3,4.1,4.357142857142857,0.709124208342331,3.86,0.7818314824680298,0.6234898018587336,0.49999999999999994,-0.8660254037844387,0.8263541987239096,-0.5631507242749186,3.3,3.1
2020-05-13,Tripura,NER,23.83540428,91.27999914,3.3,2020,5,2,134,0,0,27.6,81,3.4,5.1,4.0,4.1,0.721110255092791,3.8366666666666664,0.9749279121818236,-0.22252093395631434,0.49999999999999994,-0.8660254037844387,0.7412220108485958,-0.6712599575675313,2.734,3.6
2020-05-14,Tripura,NER,23.83540428,91.27999914,2.734,2020,5,3,135,0,0,28.8,73,3.3,5.0,4.1,3.776285714285714,0.7574540061472745,3.7911333333333332,0.43388373911755823,-0.900968867902419,0.49999999999999994,-0.8660254037844387,0.7295575540864875,-0.6839194216246106,3.3,3.7
2020-05-15,Tripura,NER,23.83540428,91.27999914,3.3,2020,5,4,136,0,0,27.5,86,2.734,4.9,4.2,3.5477142857142856,0.5832122867606194,3.7611333333333334,-0.433883739117558,-0.9009688679024191,0.49999999999999994,-0.8660254037844387,0.717676913675962,-0.6963762255968722,4.6,3.4
2020-05-16,Tripura,NER,23.83540428,91.27999914,4.6,2020,5,5,137,1,0,28.8,82,3.3,4.6,3.8,3.547714285714285,0.5832122867606194,3.7878,-0.9749279121818236,-0.2225209339563146,0.49999999999999994,-0.8660254037844387,0.705583610107178,-0.7086266782644596,3.4,3.4
2020-05-17,Tripura,NER,23.83540428,91.27999914,3.4,2020,5,6,138,1,0,29.1,82,4.6,3.9,3.4,3.4762857142857144,0.5631488004324875,3.7877999999999994,-0.7818314824680299,0.6234898018587334,0.49999999999999994,-0.8660254037844387,0.6932812268869777,-0.7206671495538609,3.5,2.734
2020-05-18,Tripura,NER,23.83540428,91.27999914,3.5,2020,5,0,139,0,0,29.7,76,3.4,3.6,2.8,3.4619999999999997,0.5607506873230842,3.811133333333333,0.0,1.0,0.49999999999999994,-0.8660254037844387,0.6807734094770161,-0.7324940716135789,3.1,3.4
2020-05-19,Tripura,NER,23.83540428,91.27999914,3.1,2020,5,1,140,0,0,28.8,79,3.5,3.4,3.4,3.4191428571428566,0.5774932693897422,3.8011333333333335,0.7818314824680298,0.6234898018587336,0.49999999999999994,-0.8660254037844387,0.6680638642135335,-0.7441039398713607,3.6,3.3
2020-05-20,Tripura,NER,23.83540428,91.27999914,3.6,2020,5,2,141,0,0,27.8,84,3.1,3.3,3.2,3.4619999999999997,0.5783090292683586,3.8144666666666667,0.9749279121818236,-0.22252093395631434,0.49999999999999994,-0.8660254037844387,0.6551563572090853,-0.7554933140726803,3.7,3.4
2020-05-21,Tripura,NER,23.83540428,91.27999914,3.7,2020,5,3,142,0,0,27.1,85,3.6,2.734,3.2,3.6,0.4830458915396278,3.8311333333333333,0.43388373911755823,-0.900968867902419,0.49999999999999994,-0.8660254037844387,0.6420547132365637,-0.766658819300159,3.4,3.9
