timestamp,node_id,region,latitude,longitude,consumption_mu,year,month,dayofweek,dayofyear,is_weekend,is_holiday,temperature_c,humidity,lag_1d,lag_7d,lag_30d,roll_mean_7d,roll_std_7d,roll_mean_30d,dow_sin,dow_cos,month_sin,month_cos,doy_sin,doy_cos,target_next_1d,target_next_7d
2019-02-02,Uttarakhand,NR,30.32040895,78.05000565,17.934,2019,2,5,33,1,0,13.1,56,17.934,40.2,40.7,29.543142857142858,11.0154742586444,36.4034,-0.9749279121818236,-0.2225209339563146,0.8660254037844386,0.5000000000000001,0.5380051715382996,0.8429415373547828,18.2,30.9
2019-02-03,Uttarakhand,NR,30.32040895,78.05000565,18.2,2019,2,6,34,1,0,15.1,54,17.934,35.5,39.3,27.071714285714286,11.390574081439542,35.700066666666665,-0.7818314824680299,0.6234898018587334,0.8660254037844386,0.5000000000000001,0.5524353131676196,0.8335557718385699,18.3,31.9
2019-02-04,Uttarakhand,NR,30.32040895,78.05000565,18.3,2019,2,0,35,0,0,15.8,51,18.2,37.9,38.1,24.271714285714285,10.671474963882098,35.04006666666667,0.0,1.0,0.8660254037844386,0.5000000000000001,0.5667017562911176,0.8239230057575542,18.9,33.3
2019-02-05,Uttarakhand,NR,30.32040895,78.05000565,18.9,2019,2,1,36,0,0,16.5,44,18.3,41.8,39.2,21.000285714285717,7.415985745093447,34.3634,0.7818314824680298,0.6234898018587336,0.8660254037844386,0.5000000000000001,0.5808002734538009,0.8140460935082178,18.5,33.2
2019-02-06,Uttarakhand,NR,30.32040895,78.05000565,18.5,2019,2,2,37,0,0,15.6,52,18.9,37.8,39.2,18.243142857142857,0.3626841732479852,33.6734,0.9749279121818236,-0.22252093395631434,0.8660254037844386,0.5000000000000001,0.5947266869607634,0.8039279618328213,24.6,30.3
2019-02-07,Uttarakhand,NR,30.32040895,78.05000565,24.6,2019,2,3,38,0,0,13.1,76,18.5,17.934,40.1,19.19542857142857,2.4067739720176635,33.156733333333335,0.43388373911755823,-0.900968867902419,0.8660254037844386,0.5000000000000001,0.6084768701151261,0.7935716089521474,27.7,38.5
2019-02-08,Uttarakhand,NR,30.32040895,78.05000565,27.7,2019,2,4,39,0,0,10.5,79,24.6,17.934,37.0,20.59057142857143,3.912947178157187,32.84673333333333,-0.433883739117558,-0.9009688679024191,0.8660254037844386,0.5000000000000001,0.6220467484408675,0.7829801036770629,30.9,38.6
2019-02-09,Uttarakhand,NR,30.32040895,78.05000565,30.9,2019,2,5,40,1,0,11.6,68,27.7,17.934,35.9,22.442857142857143,5.276948974188691,32.68006666666667,-0.9749279121818236,-0.2225209339563146,0.8660254037844386,0.5000000000000001,0.6354323008901774,0.7721565844991642,31.9,40.2
2019-02-10,Uttarakhand,NR,30.32040895,78.05000565,31.9,2019,2,6,41,1,0,13.8,68,30.9,18.2,35.3,24.4,5.939977553268518,32.56673333333334,-0.7818314824680299,0.6234898018587334,0.8660254037844386,0.5000000000000001,0.6486295610349814,0.7611042586607747,33.3,40.5
2019-02-11,Uttarakhand,NR,30.32040895,78.05000565,33.3,2019,2,0,42,0,0,15.0,71,31.9,18.3,30.1,26.542857142857144,6.076692396048273,32.6734,0.0,1.0,0.8660254037844386,0.5000000000000001,0.6616346182422783,0.7498264012045686,33.2,35.7
2019-02-12,Uttarakhand,NR,30.32040895,78.05000565,33.2,2019,2,1,43,0,0,16.9,64,33.3,18.9,34.7,28.585714285714285,5.450513300423695,32.6234,0.7818314824680298,0.6234898018587336,0.8660254037844386,0.5000000000000001,0.6744436188329455,0.7383263540031065,30.3,39.6
2019-02-13,Uttarakhand,NR,30.32040895,78.05000565,30.3,2019,2,2,44,0,0,18.4,63,33.2,18.5,36.7,30.271428571428572,3.1510391332142995,32.410066666666665,0.9749279121818236,-0.22252093395631434,0.8660254037844386,0.5000000000000001,0.6870527672236669,0.7266075247685656,38.5,36.6
2019-02-14,Uttarakhand,NR,30.32040895,78.05000565,38.5,2019,2,3,45,0,0,15.8,74,30.3,24.6,35.5,32.25714285714286,3.3545278569207593,32.51006666666667,0.43388373911755823,-0.900968867902419,0.8660254037844386,0.5000000000000001,0.699458327051647,0.7146733860429609,38.6,45.0
2019-02-15,Uttarakhand,NR,30.32040895,78.05000565,38.6,2019,2,4,46,0,0,13.9,78,38.5,27.7,34.3,33.81428571428572,3.4158593703628104,32.6534,-0.433883739117558,-0.9009688679024191,0.8660254037844386,0.5000000000000001,0.7116566222817746,0.7025274741691571,40.2,46.5
2019-02-16,Uttarakhand,NR,30.32040895,78.05000565,40.2,2019,2,5,47,1,0,12.7,77,38.6,30.9,41.0,35.142857142857146,3.871630639604447,32.626733333333334,-0.9749279121818236,-0.2225209339563146,0.8660254037844386,0.5000000000000001,0.7236440382959124,0.6901733882429719,40.5,46.3
2019-02-17,Uttarakhand,NR,30.32040895,78.05000565,40.5,2019,2,6,48,1,0,12.9,78,40.2,31.9,41.7,36.371428571428574,4.03225093701368,32.586733333333335,-0.7818314824680299,0.6234898018587334,0.8660254037844386,0.5000000000000001,0.7354170229639855,0.6776147890466889,35.7,46.7
2019-02-18,Uttarakhand,NR,30.32040895,78.05000565,35.7,2019,2,0,49,0,0,13.7,71,40.5,33.3,40.3,36.714285714285715,3.824233505522639,32.4334,0.0,1.0,0.8660254037844386,0.5000000000000001,0.7469720876965552,0.6648553979642865,39.6,47.733
2019-02-19,Uttarakhand,NR,30.32040895,78.05000565,39.6,2019,2,1,50,0,0,13.1,73,35.7,33.2,42.4,37.628571428571426,3.602644531319688,32.340066666666665,0.7818314824680298,0.6234898018587336,0.8660254037844386,0.5000000000000001,0.7583058084785624,0.6518989958787126,36.6,47.7
2019-02-20,Uttarakhand,NR,30.32040895,78.05000565,36.6,2019,2,2,51,0,0,15.4,53,39.6,30.3,42.4,38.528571428571425,1.8052832517496016,32.14673333333334,0.9749279121818236,-0.22252093395631434,0.8660254037844386,0.5000000000000001,0.7694148268839378,0.6387494220515272,45.0,43.0
2019-02-21,Uttarakhand,NR,30.32040895,78.05000565,45.0,2019,2,3,52,0,0,16.2,71,36.6,38.5,39.8,39.457142857142856,3.038561689822522,32.32006666666667,0.43388373911755823,-0.900968867902419,0.8660254037844386,0.5000000000000001,0.7802958510707755,0.6254105729852463,46.5,38.9
2019-02-22,Uttarakhand,NR,30.32040895,78.05000565,46.5,2019,2,4,53,0,0,16.3,68,45.0,38.6,38.8,40.58571428571429,3.9864054700228975,32.57673333333334,-0.433883739117558,-0.9009688679024191,0.8660254037844386,0.5000000000000001,0.7909456567567772,0.6118864012687243,46.3,38.7
2019-02-23,Uttarakhand,NR,30.32040895,78.05000565,46.3,2019,2,5,54,1,0,16.6,62,46.5,40.2,41.5,41.457142857142856,4.519165536120248,32.73673333333333,-0.9749279121818236,-0.2225209339563146,0.8660254037844386,0.5000000000000001,0.8013610881746766,0.5981809144059165,46.7,38.5
2019-02-24,Uttarakhand,NR,30.32040895,78.05000565,46.7,2019,2,6,55,1,0,16.3,58,46.3,40.5,41.8,42.34285714285715,4.892462618783132,32.90006666666667,-0.7818314824680299,0.6234898018587334,0.8660254037844386,0.5000000000000001,0.8115390590073611,0.5842981736283684,47.733,39.3
2019-02-25,Uttarakhand,NR,30.32040895,78.05000565,47.733,2019,2,0,56,0,0,13.0,56,46.7,35.7,40.2,44.06185714285714,4.239860549144303,33.15116666666667,0.0,1.0,0.8660254037844386,0.5000000000000001,0.8214765533024142,0.5702422926917871,47.7,39.6
2019-02-26,Uttarakhand,NR,30.32040895,78.05000565,47.7,2019,2,1,57,0,0,12.7,59,47.733,39.6,35.5,45.219,3.9118103652059912,33.557833333333335,0.7818314824680298,0.6234898018587336,0.8660254037844386,0.5000000000000001,0.8311706263658079,0.5560174366570446,43.0,39.2
2019-02-27,Uttarakhand,NR,30.32040895,78.05000565,43.0,2019,2,2,58,0,0,9.5,82,47.7,36.6,37.9,46.13328571428571,1.663276556908549,33.727833333333336,0.9749279121818236,-0.22252093395631434,0.8660254037844386,0.5000000000000001,0.8406184056344782,0.5416278206559814,38.9,36.3
2019-02-28,Uttarakhand,NR,30.32040895,78.05000565,38.9,2019,2,3,59,0,0,9.5,76,43.0,45.0,41.8,45.26185714285714,3.22281721627577,33.631166666666665,0.43388373911755823,-0.900968867902419,0.8660254037844386,0.5000000000000001,0.8498170915275278,0.5270777086423722,38.7,39.8
2019-03-02,Uttarakhand,NR,30.32040895,78.05000565,38.7,2019,3,5,61,1,0,14.4,69,38.9,46.5,37.8,44.147571428571425,3.9823118853727024,33.66116666666667,-0.9749279121818236,-0.2225209339563146,1.0,6.123233995736766e-17,0.8674563547295969,0.49751328890718066,38.5,43.6
2019-03-03,Uttarakhand,NR,30.32040895,78.05000565,38.5,2019,3,6,62,1,0,14.4,73,38.7,46.3,17.934,43.03328571428572,4.353610253352386,34.346700000000006,-0.7818314824680299,0.6234898018587334,1.0,6.123233995736766e-17,0.8758917051442429,0.48250774176121847,39.3,45.7
2019-03-04,Uttarakhand,NR,30.32040895,78.05000565,39.3,2019,3,0,63,0,1,14.4,70,38.5,46.7,17.934,41.97614285714286,4.210963960447809,35.0589,0.0,1.0,1.0,6.123233995736766e-17,0.8840675099433636,0.4673592171580022,39.6,44.2
2019-03-05,Uttarakhand,NR,30.32040895,78.05000565,39.6,2019,3,1,64,0,0,13.4,68,39.3,47.733,17.934,40.81428571428571,3.4021701757498493,35.7811,0.7818314824680298,0.6234898018587336,1.0,6.123233995736766e-17,0.8919813464595485,0.45207220393230435,39.2,44.3
2019-03-06,Uttarakhand,NR,30.32040895,78.05000565,39.2,2019,3,2,65,0,0,15.5,59,39.6,47.7,18.2,39.60000000000001,1.5448840301674887,36.4811,0.9749279121818236,-0.22252093395631434,1.0,6.123233995736766e-17,0.8996308696522433,0.43665123195606403,36.3,43.4
2019-03-07,Uttarakhand,NR,30.32040895,78.05000565,36.3,2019,3,3,66,0,0,14.9,62,39.2,43.0,18.3,38.642857142857146,1.0982670331892768,37.0811,0.43388373911755823,-0.900968867902419,1.0,6.123233995736766e-17,0.9070138128026359,0.4211008707960896,39.8,34.9
2019-03-08,Uttarakhand,NR,30.32040895,78.05000565,39.8,2019,3,4,67,0,0,15.5,54,36.3,38.9,18.9,38.771428571428565,1.1828134337449485,37.77776666666667,-0.433883739117558,-0.9009688679024191,1.0,6.123233995736766e-17,0.9141279881853337,0.40542572835999735,43.6,19.2
2019-03-09,Uttarakhand,NR,30.32040895,78.05000565,43.6,2019,3,5,68,1,0,15.7,57,39.8,38.7,18.5,39.471428571428575,2.170801914588439,38.61443333333333,-0.9749279121818236,-0.2225209339563146,1.0,6.123233995736766e-17,0.9209712877166346,0.38963044953078796,45.7,20.1
2019-03-10,Uttarakhand,NR,30.32040895,78.05000565,45.7,2019,3,6,69,1,0,16.6,56,43.6,38.5,24.6,40.5,3.1283648551066614,39.31776666666667,-0.7818314824680299,0.6234898018587334,1.0,6.123233995736766e-17,0.9275416835791966,0.37371971479046906,44.2,21.6
2019-03-11,Uttarakhand,NR,30.32040895,78.05000565,44.2,2019,3,0,70,0,0,16.6,59,45.7,39.3,27.7,41.2,3.355095627052454,39.86776666666667,0.0,1.0,1.0,6.123233995736766e-17,0.9338372288229252,0.35769823883312546,44.3,22.6
2019-03-12,Uttarakhand,NR,30.32040895,78.05000565,44.3,2019,3,1,71,0,0,17.1,59,44.2,39.6,30.9,41.87142857142857,3.4504658070634595,40.314433333333334,0.7818314824680298,0.6234898018587336,1.0,6.123233995736766e-17,0.9398560579418954,0.3415707691678556,43.4,22.4
2019-03-13,Uttarakhand,NR,30.32040895,78.05000565,43.4,2019,3,2,72,0,0,17.2,60,44.3,39.2,31.9,42.471428571428575,3.2689010822773565,40.697766666666666,0.9749279121818236,-0.22252093395631434,1.0,6.123233995736766e-17,0.9455963874271426,0.3253420847119801,34.9,21.7
2019-03-14,Uttarakhand,NR,30.32040895,78.05000565,34.9,2019,3,3,73,0,0,16.3,63,43.4,36.3,33.3,42.271428571428565,3.7209829730481263,40.751099999999994,0.43388373911755823,-0.900968867902419,1.0,6.123233995736766e-17,0.9510565162951535,0.30901699437494745,19.2,23.3
2019-03-15,Uttarakhand,NR,30.32040895,78.05000565,19.2,2019,3,4,74,0,0,16.1,60,34.9,39.8,33.2,39.32857142857143,9.562376672096091,40.28443333333334,-0.433883739117558,-0.9009688679024191,1.0,6.123233995736766e-17,0.9562348265919056,0.29260033563334836,20.1,33.1
2019-03-16,Uttarakhand,NR,30.32040895,78.05000565,20.1,2019,3,5,75,1,0,18.0,53,19.2,43.6,30.3,35.971428571428575,11.699247025017504,39.94443333333333,-0.9749279121818236,-0.2225209339563146,1.0,6.123233995736766e-17,0.9611297838723007,0.27609697309746883,21.6,34.1
2019-03-17,Uttarakhand,NR,30.32040895,78.05000565,21.6,2019,3,6,76,1,0,18.8,58,20.1,45.7,38.5,32.528571428571425,11.903460881289146,39.381099999999996,-0.7818314824680299,0.6234898018587334,1.0,6.123233995736766e-17,0.9657399376548549,0.2595117970697999,22.6,34.6
2019-03-18,Uttarakhand,NR,30.32040895,78.05000565,22.6,2019,3,0,77,0,0,18.5,59,21.6,44.2,38.6,29.442857142857143,11.14941809286583,38.847766666666665,0.0,1.0,1.0,6.123233995736766e-17,0.9700639218515071,0.2428497220959356,22.4,30.2
2019-03-19,Uttarakhand,NR,30.32040895,78.05000565,22.4,2019,3,1,78,0,0,19.5,57,22.6,44.3,40.2,26.314285714285713,9.185210680114823,38.25443333333333,0.7818314824680298,0.6234898018587336,1.0,6.123233995736766e-17,0.9741004551724205,0.22611568550828828,21.7,34.2
2019-03-20,Uttarakhand,NR,30.32040895,78.05000565,21.7,2019,3,2,79,0,0,18.6,50,22.4,43.4,40.5,23.214285714285715,5.296359935977618,37.62776666666666,0.9749279121818236,-0.22252093395631434,1.0,6.123233995736766e-17,0.9778483415056568,0.20931464596304847,23.3,34.2
2019-03-21,Uttarakhand,NR,30.32040895,78.05000565,23.3,2019,3,3,80,0,1,19.2,46,21.7,34.9,35.7,21.557142857142857,1.4455185261781067,37.21443333333333,0.43388373911755823,-0.900968867902419,1.0,6.123233995736766e-17,0.9813064702716093,0.19245158197082998,33.1,30.9
2019-03-22,Uttarakhand,NR,30.32040895,78.05000565,33.1,2019,3,4,81,0,0,19.7,46,23.3,19.2,39.6,23.542857142857144,4.332380847700727,36.997766666666664,-0.433883739117558,-0.9009688679024191,1.0,6.123233995736766e-17,0.9844738167520922,0.1755314904214282,34.1,35.2
2019-03-23,Uttarakhand,NR,30.32040895,78.05000565,34.1,2019,3,5,82,1,0,20.4,47,33.1,20.1,36.6,25.542857142857144,5.541015894477957,36.914433333333335,-0.9749279121818236,-0.2225209339563146,1.0,6.123233995736766e-17,0.9873494423939864,0.15855938510313475,34.6,35.2
2019-03-24,Uttarakhand,NR,30.32040895,78.05000565,34.6,2019,3,6,83,1,0,22.2,44,34.1,21.6,45.0,27.400000000000002,6.1449165982949,36.56776666666667,-0.7818314824680299,0.6234898018587334,1.0,6.123233995736766e-17,0.989932495087353,0.141540295217043,30.2,35.8
2019-03-25,Uttarakhand,NR,30.32040895,78.05000565,30.2,2019,3,0,84,0,0,18.5,60,34.6,22.6,46.5,28.485714285714288,5.8181980519254175,36.02443333333334,0.0,1.0,1.0,6.123233995736766e-17,0.9922222094179323,0.12447926388678915,34.2,24.0
2019-03-26,Uttarakhand,NR,30.32040895,78.05000565,34.2,2019,3,1,85,0,0,18.3,62,30.2,22.4,46.3,30.171428571428574,5.4594609885696945,35.62109999999999,0.7818314824680298,0.6234898018587336,1.0,6.123233995736766e-17,0.994217906893952,0.10738134666416309,34.2,36.9
2019-03-27,Uttarakhand,NR,30.32040895,78.05000565,34.2,2019,3,2,86,0,0,21.0,61,34.2,21.7,46.7,31.957142857142856,4.102380261448693,35.204433333333334,0.9749279121818236,-0.22252093395631434,1.0,6.123233995736766e-17,0.995918996147179,0.09025161003104117,30.9,36.8
2019-03-28,Uttarakhand,NR,30.32040895,78.05000565,30.9,2019,3,3,87,0,0,22.8,61,34.2,23.3,47.733,33.042857142857144,1.774689778390525,34.64333333333333,0.43388373911755823,-0.900968867902419,1.0,6.123233995736766e-17,0.9973249731081555,0.07309512989807777,35.2,34.1
2019-03-29,Uttarakhand,NR,30.32040895,78.05000565,35.2,2019,3,4,88,0,0,23.1,64,30.9,33.1,47.7,33.34285714285714,1.954360204651077,34.22666666666667,-0.433883739117558,-0.9009688679024191,1.0,6.123233995736766e-17,0.9984354211555643,0.055916990100603484,35.2,35.9
2019-03-30,Uttarakhand,NR,30.32040895,78.05000565,35.2,2019,3,5,89,1,0,24.0,51,35.2,34.1,43.0,33.5,2.0663978319771785,33.96666666666667,-0.9749279121818236,-0.2225209339563146,1.0,6.123233995736766e-17,0.9992500112396835,0.03872228089217446,35.8,36.2
2019-03-31,Uttarakhand,NR,30.32040895,78.05000565,35.8,2019,3,6,90,1,0,24.3,39,35.2,34.6,38.9,33.67142857142857,2.217141016199524,33.86333333333333,-0.7818314824680299,0.6234898018587334,1.0,6.123233995736766e-17,0.9997685019798909,0.021516097436222254,24.0,37.0
2019-04-02,Uttarakhand,NR,30.32040895,78.05000565,24.0,2019,4,1,92,0,0,22.9,46,35.8,30.2,38.7,32.78571428571429,4.193021413185077,33.37333333333333,0.7818314824680298,0.6234898018587336,0.8660254037844387,-0.4999999999999998,0.9999166586547379,-0.01291029607500882,36.9,37.0
2019-04-03,Uttarakhand,NR,30.32040895,78.05000565,36.9,2019,4,2,93,0,0,23.9,50,24.0,34.2,38.5,33.17142857142857,4.46046121894522,33.32,0.9749279121818236,-0.22252093395631434,0.8660254037844387,-0.4999999999999998,0.9995462806873573,-0.030120304846908114,36.8,37.0
2019-04-04,Uttarakhand,NR,30.32040895,78.05000565,36.8,2019,4,3,94,0,0,25.3,47,36.9,34.2,39.3,33.542857142857144,4.663995834352462,33.236666666666665,0.43388373911755823,-0.900968867902419,0.8660254037844387,-0.4999999999999998,0.9988797155850336,-0.04732138832243185,34.1,36.8
2019-04-05,Uttarakhand,NR,30.32040895,78.05000565,34.1,2019,4,4,95,0,0,25.2,49,36.8,30.9,39.6,34.0,4.516266894977158,33.053333333333335,-0.433883739117558,-0.9009688679024191,0.8660254037844387,-0.4999999999999998,0.9979171608653922,-0.06450844944931623,35.9,31.7
2019-04-06,Uttarakhand,NR,30.32040895,78.05000565,35.9,2019,4,5,96,1,0,24.9,51,34.1,35.2,39.2,34.1,4.554850894010321,32.943333333333335,-0.9749279121818236,-0.2225209339563146,0.8660254037844387,-0.4999999999999998,0.9966589017541702,-0.08167639533042241,36.2,40.1
2019-04-07,Uttarakhand,NR,30.32040895,78.05000565,36.2,2019,4,6,97,1,0,23.0,59,35.9,35.2,36.3,34.24285714285714,4.610443631169393,32.940000000000005,-0.7818314824680299,0.6234898018587334,0.8660254037844387,-0.4999999999999998,0.9951053111006976,-0.09882013873287143,37.0,44.4
2019-04-08,Uttarakhand,NR,30.32040895,78.05000565,37.0,2019,4,0,98,0,0,23.1,57,36.2,35.8,39.8,34.41428571428571,4.699442722787655,32.84666666666667,0.0,1.0,0.8660254037844387,-0.4999999999999998,0.9932568492674143,-0.11593459959550041,37.0,46.5
2019-04-09,Uttarakhand,NR,30.32040895,78.05000565,37.0,2019,4,1,99,0,0,23.9,52,37.0,24.0,43.6,36.271428571428565,1.0483547200482672,32.62666666666667,0.7818314824680298,0.6234898018587336,0.8660254037844387,-0.4999999999999998,0.9911140639934547,-0.1330147065341959,37.0,46.7
2019-04-10,Uttarakhand,NR,30.32040895,78.05000565,37.0,2019,4,2,100,0,0,25.5,50,37.0,36.9,45.7,36.285714285714285,1.0589752458997488,32.336666666666666,0.9749279121818236,-0.22252093395631434,0.8660254037844387,-0.4999999999999998,0.9886775902323405,-0.1500553983446526,36.8,47.2
2019-04-11,Uttarakhand,NR,30.32040895,78.05000565,36.8,2019,4,3,101,0,0,26.0,45,37.0,36.8,44.2,36.285714285714285,1.0589752458997488,32.09,0.43388373911755823,-0.900968867902419,0.8660254037844387,-0.4999999999999998,0.9859481499638304,-0.16705162550211924,31.7,47.733
2019-04-12,Uttarakhand,NR,30.32040895,78.05000565,31.7,2019,4,4,102,0,0,26.1,40,36.8,34.1,44.3,35.94285714285714,1.9216808119084219,31.67,-0.433883739117558,-0.9009688679024191,0.8660254037844387,-0.4999999999999998,0.9829265519799822,-0.18399835165768005,40.1,44.9
2019-04-13,Uttarakhand,NR,30.32040895,78.05000565,40.1,2019,4,5,103,1,1,26.1,43,31.7,35.9,43.4,36.542857142857144,2.480495342236506,31.56,-0.9749279121818236,-0.2225209339563146,0.8660254037844387,-0.4999999999999998,0.9796136916454901,-0.20089055513063506,44.4,34.9
2019-04-14,Uttarakhand,NR,30.32040895,78.05000565,44.4,2019,4,6,104,1,1,27.4,36,40.1,36.2,34.9,37.714285714285715,3.849860850917654,31.87666666666667,-0.7818314824680299,0.6234898018587334,0.8660254037844387,-0.4999999999999998,0.9760105506323683,-0.21772323039653177,46.5,35.3
2019-04-15,Uttarakhand,NR,30.32040895,78.05000565,46.5,2019,4,0,105,0,0,28.9,32,44.4,37.0,19.2,39.07142857142857,5.0450352776150895,32.78666666666667,0.0,1.0,0.8660254037844387,-0.4999999999999998,0.9721181966290613,-0.23449138957040985,46.7,35.6
2019-04-16,Uttarakhand,NR,30.32040895,78.05000565,46.7,2019,4,1,106,0,0,22.8,58,46.5,37.0,20.1,40.457142857142856,5.674168703536252,33.67333333333333,0.7818314824680298,0.6234898018587336,0.8660254037844387,-0.4999999999999998,0.9679377830240642,-0.25119006388481935,47.2,36.0
2019-04-17,Uttarakhand,NR,30.32040895,78.05000565,47.2,2019,4,2,107,0,1,18.2,83,46.7,37.0,21.6,41.91428571428572,5.941781038103112,34.526666666666664,0.9749279121818236,-0.22252093395631434,0.8660254037844387,-0.4999999999999998,0.9634705485641488,-0.2678143051621742,47.733,36.0
2019-04-18,Uttarakhand,NR,30.32040895,78.05000565,47.733,2019,4,3,108,0,0,18.6,73,47.2,36.8,22.6,43.476142857142854,5.808819513709899,35.36443333333333,0.43388373911755823,-0.900968867902419,0.8660254037844387,-0.4999999999999998,0.9587178169872964,-0.2843591872810034,44.9,34.9
2019-04-19,Uttarakhand,NR,30.32040895,78.05000565,44.9,2019,4,4,109,0,1,21.1,58,47.733,31.7,22.4,45.36185714285715,2.6112801731826654,36.11443333333333,-0.433883739117558,-0.9009688679024191,0.8660254037844387,-0.4999999999999998,0.9536809966304457,-0.30081980763566735,34.9,31.3
2019-04-20,Uttarakhand,NR,30.32040895,78.05000565,34.9,2019,4,5,110,1,0,23.3,54,44.9,40.1,21.7,44.61899999999999,4.449965580391205,36.554433333333336,-0.9749279121818236,-0.2225209339563146,0.8660254037844387,-0.4999999999999998,0.9483615800121715,-0.3171912885891061,35.3,38.8
2019-04-21,Uttarakhand,NR,30.32040895,78.05000565,35.3,2019,4,6,111,1,0,24.4,52,34.9,44.4,23.3,43.319,5.683000410581234,36.95443333333333,-0.7818314824680299,0.6234898018587334,0.8660254037844387,-0.4999999999999998,0.9427611433904207,-0.3334687789181868,35.6,39.1
2019-04-22,Uttarakhand,NR,30.32040895,78.05000565,35.6,2019,4,0,112,0,0,25.0,50,35.3,46.5,33.1,41.761857142857146,6.14098668588284,37.03776666666667,0.0,1.0,0.8660254037844387,-0.4999999999999998,0.9368813462954315,-0.3496474552512284,36.0,40.0
2019-04-23,Uttarakhand,NR,30.32040895,78.05000565,36.0,2019,4,1,113,0,0,25.5,53,35.6,46.7,34.1,40.233285714285714,6.037774609746135,37.1011,0.7818314824680298,0.6234898018587336,0.8660254037844387,-0.4999999999999998,0.9307239310379795,-0.36572252349726897,36.0,42.2
2019-04-24,Uttarakhand,NR,30.32040895,78.05000565,36.0,2019,4,2,114,0,0,26.1,55,36.0,47.2,34.6,38.63328571428571,5.325941754415687,37.14776666666667,0.9749279121818236,-0.22252093395631434,0.8660254037844387,-0.4999999999999998,0.9242907221930933,-0.3816892202666588,34.9,41.4
2019-04-25,Uttarakhand,NR,30.32040895,78.05000565,34.9,2019,4,3,115,0,0,27.1,52,36.0,47.733,30.2,36.800000000000004,3.600925806881693,37.30443333333333,0.43388373911755823,-0.900968867902419,0.8660254037844387,-0.4999999999999998,0.9175836260593937,-0.39754281428255595,31.3,41.5
2019-04-26,Uttarakhand,NR,30.32040895,78.05000565,31.3,2019,4,4,116,0,0,28.3,38,34.9,44.9,34.2,34.857142857142854,1.6338677454199693,37.20776666666667,-0.433883739117558,-0.9009688679024191,0.8660254037844387,-0.4999999999999998,0.9106046300942162,-0.4132786077829042,38.8,39.1
2019-04-27,Uttarakhand,NR,30.32040895,78.05000565,38.8,2019,4,5,117,1,0,28.0,32,31.3,34.9,34.2,35.41428571428572,2.2131640784395428,37.3611,-0.9749279121818236,-0.2225209339563146,0.8660254037844387,-0.4999999999999998,0.9033558023246845,-0.4288919379124835,39.1,38.3
2019-04-28,Uttarakhand,NR,30.32040895,78.05000565,39.1,2019,4,6,118,1,0,28.9,27,38.8,35.3,30.9,35.957142857142856,2.61078349852882,37.63443333333333,-0.7818314824680299,0.6234898018587334,0.8660254037844387,-0.4999999999999998,0.895839290734909,-0.4443781781046132,40.0,39.7
2019-04-29,Uttarakhand,NR,30.32040895,78.05000565,40.0,2019,4,0,119,0,0,29.3,24,39.1,35.6,35.2,36.58571428571429,3.0096669646482717,37.79443333333333,0.0,1.0,0.8660254037844387,-0.4999999999999998,0.8880573226294932,-0.45973273945210397,42.2,40.4
2019-04-30,Uttarakhand,NR,30.32040895,78.05000565,42.2,2019,4,1,120,0,0,28.4,29,40.0,36.0,35.2,37.471428571428575,3.6522660936804043,38.027766666666665,0.7818314824680298,0.6234898018587336,0.8660254037844387,-0.4999999999999998,0.8800122039735357,-0.47495107206704995,41.4,39.9
2019-05-02,Uttarakhand,NR,30.32040895,78.05000565,41.4,2019,5,3,122,0,0,27.1,38,42.2,36.0,35.8,38.24285714285714,3.8543729031050393,38.21443333333333,0.43388373911755823,-0.900968867902419,0.49999999999999994,-0.8660254037844387,0.8631421280499114,-0.5049610547215204,41.5,38.8
2019-05-03,Uttarakhand,NR,30.32040895,78.05000565,41.5,2019,5,4,123,0,0,26.7,35,41.4,34.9,24.0,39.18571428571429,3.7046945764478063,38.79776666666667,-0.433883739117558,-0.9009688679024191,0.49999999999999994,-0.8660254037844387,0.854322169749827,-0.5197438121555155,39.1,36.5
2019-05-04,Uttarakhand,NR,30.32040895,78.05000565,39.1,2019,5,5,124,1,0,27.2,28,41.5,31.3,36.9,40.3,1.3832329280830487,38.8711,-0.9749279121818236,-0.2225209339563146,0.49999999999999994,-0.8660254037844387,0.8452490573530633,-0.5343725582809786,38.3,33.0
2019-05-05,Uttarakhand,NR,30.32040895,78.05000565,38.3,2019,5,6,125,1,0,28.7,20,39.1,38.8,36.8,40.228571428571435,1.482918615112607,38.9211,-0.7818314824680299,0.6234898018587334,0.49999999999999994,-0.8660254037844387,0.8359254794186372,-0.548842958284719,39.7,42.9
2019-05-06,Uttarakhand,NR,30.32040895,78.05000565,39.7,2019,5,0,126,0,0,27.5,23,38.3,39.1,34.1,40.31428571428571,1.422941286477336,39.10776666666666,0.0,1.0,0.49999999999999994,-0.8660254037844387,0.8263541987239096,-0.5631507242749186,40.4,43.3
2019-05-07,Uttarakhand,NR,30.32040895,78.05000565,40.4,2019,5,1,127,0,0,29.4,20,39.7,40.0,35.9,40.371428571428574,1.4162324264449522,39.257766666666676,0.7818314824680298,0.6234898018587336,0.49999999999999994,-0.8660254037844387,0.8165380514459161,-0.5772916165517272,39.9,45.4
2019-05-08,Uttarakhand,NR,30.32040895,78.05000565,39.9,2019,5,2,128,0,0,28.9,21,40.4,42.2,36.2,40.042857142857144,1.1659861961119784,39.381099999999996,0.9749279121818236,-0.22252093395631434,0.49999999999999994,-0.8660254037844387,0.8064799463209448,-0.5912614448635781,38.8,40.7
2019-05-09,Uttarakhand,NR,30.32040895,78.05000565,38.8,2019,5,3,129,0,0,29.3,23,39.9,41.4,37.0,39.67142857142857,1.0719363875937291,39.4411,0.43388373911755823,-0.900968867902419,0.49999999999999994,-0.8660254037844387,0.7961828637826158,-0.6050560696488488,36.5,39.5
2019-05-10,Uttarakhand,NR,30.32040895,78.05000565,36.5,2019,5,4,130,0,0,30.6,25,38.8,41.5,37.0,38.957142857142856,1.2933897876730807,39.42443333333333,-0.433883739117558,-0.9009688679024191,0.49999999999999994,-0.8660254037844387,0.7856498550787147,-0.6186714032625031,33.0,38.3
2019-05-11,Uttarakhand,NR,30.32040895,78.05000565,33.0,2019,5,5,131,1,0,27.7,34,36.5,39.1,37.0,38.08571428571428,2.588067858093196,39.2911,-0.9749279121818236,-0.2225209339563146,0.49999999999999994,-0.8660254037844387,0.7748840413670407,-0.6321034111873487,42.9,37.4
2019-05-12,Uttarakhand,NR,30.32040895,78.05000565,42.9,2019,5,6,132,1,0,27.2,37,33.0,38.3,36.8,38.74285714285714,3.1700983911424068,39.49443333333333,-0.7818314824680299,0.6234898018587334,0.49999999999999994,-0.8660254037844387,0.7638886127905428,-0.6453481132295501,43.3,38.3
2019-05-13,Uttarakhand,NR,30.32040895,78.05000565,43.3,2019,5,0,133,0,0,27.9,35,42.9,39.7,31.7,39.25714285714285,3.6124124639254136,39.881099999999996,0.0,1.0,0.49999999999999994,-0.8660254037844387,0.7526668275320085,-0.6584015846980488,45.4,39.5
2019-05-14,Uttarakhand,NR,30.32040895,78.05000565,45.4,2019,5,1,134,0,0,25.2,49,43.3,40.4,40.1,39.971428571428575,4.304150820512004,40.057766666666666,0.7818314824680298,0.6234898018587336,0.49999999999999994,-0.8660254037844387,0.7412220108485958,-0.6712599575675313,40.7,41.2
2019-05-15,Uttarakhand,NR,30.32040895,78.05000565,40.7,2019,5,2,135,0,0,26.4,47,45.4,39.9,44.4,40.08571428571429,4.312550896870101,39.93443333333334,0.9749279121818236,-0.22252093395631434,0.49999999999999994,-0.8660254037844387,0.7295575540864875,-0.6839194216246106,39.5,40.5
2019-05-16,Uttarakhand,NR,30.32040895,78.05000565,39.5,2019,5,3,136,0,0,26.5,46,40.7,38.8,46.5,40.18571428571429,4.285801586412408,39.701100000000004,0.43388373911755823,-0.900968867902419,0.49999999999999994,-0.8660254037844387,0.717676913675962,-0.6963762255968722,38.3,41.2
2019-05-17,Uttarakhand,NR,30.32040895,78.05000565,38.3,2019,5,4,137,0,0,25.8,50,39.5,36.5,46.7,40.442857142857136,4.076705018703669,39.4211,-0.433883739117558,-0.9009688679024191,0.49999999999999994,-0.8660254037844387,0.705583610107178,-0.7086266782644596,37.4,40.9
2019-05-18,Uttarakhand,NR,30.32040895,78.05000565,37.4,2019,5,5,138,1,1,25.3,50,38.3,33.0,47.2,41.07142857142857,2.9101628165873294,39.09443333333333,-0.9749279121818236,-0.2225209339563146,0.49999999999999994,-0.8660254037844387,0.6932812268869777,-0.7206671495538609,38.3,38.7
2019-05-19,Uttarakhand,NR,30.32040895,78.05000565,38.3,2019,5,6,139,1,0,27.0,46,37.4,42.9,47.733,40.41428571428571,2.947557503780906,38.78,-0.7818314824680299,0.6234898018587334,0.49999999999999994,-0.8660254037844387,0.6807734094770161,-0.7324940716135789,39.5,22.5
2019-05-20,Uttarakhand,NR,30.32040895,78.05000565,39.5,2019,5,0,140,0,0,28.8,37,38.3,43.3,44.9,39.871428571428574,2.6637781975446417,38.6,0.0,1.0,0.49999999999999994,-0.8660254037844387,0.6680638642135335,-0.7441039398713607,41.2,21.7
2019-05-21,Uttarakhand,NR,30.32040895,78.05000565,41.2,2019,5,1,141,0,0,29.2,36,39.5,45.4,34.9,39.271428571428565,1.3695671891930639,38.809999999999995,0.7818314824680298,0.6234898018587336,0.49999999999999994,-0.8660254037844387,0.6551563572090853,-0.7554933140726803,40.5,19.5
2019-05-22,Uttarakhand,NR,30.32040895,78.05000565,40.5,2019,5,2,142,0,0,30.0,30,41.2,40.7,35.3,39.24285714285714,1.3364843718466666,38.983333333333334,0.9749279121818236,-0.22252093395631434,0.49999999999999994,-0.8660254037844387,0.6420547132365637,-0.766658819300159,41.2,18.2
2019-05-23,Uttarakhand,NR,30.32040895,78.05000565,41.2,2019,5,3,143,0,0,29.5,35,40.5,39.5,35.6,39.48571428571428,1.531261540286901,39.169999999999995,0.43388373911755823,-0.900968867902419,0.49999999999999994,-0.8660254037844387,0.6287628145958344,-0.7775971469736269,40.9,18.0
2019-05-24,Uttarakhand,NR,30.32040895,78.05000565,40.9,2019,5,4,144,0,0,25.6,50,41.2,38.3,36.0,39.857142857142854,1.510912685384914,39.333333333333336,-0.433883739117558,-0.9009688679024191,0.49999999999999994,-0.8660254037844387,0.6152845999633276,-0.7883050558305255,38.7,17.934
2019-05-25,Uttarakhand,NR,30.32040895,78.05000565,38.7,2019,5,5,145,1,0,27.2,44,40.9,37.4,36.0,40.042857142857144,1.2081075322684307,39.42333333333333,-0.9749279121818236,-0.2225209339563146,0.49999999999999994,-0.8660254037844387,0.6016240632249226,-0.7987793728863649,22.5,17.934
2019-05-26,Uttarakhand,NR,30.32040895,78.05000565,22.5,2019,5,6,146,1,0,28.1,41,38.7,38.3,34.9,37.785714285714285,6.804515307604832,39.010000000000005,-0.7818314824680299,0.6234898018587334,0.49999999999999994,-0.8660254037844387,0.5877852522924732,-0.8090169943749473,21.7,35.1
2019-05-27,Uttarakhand,NR,30.32040895,78.05000565,21.7,2019,5,0,147,0,0,30.3,28,22.5,39.5,31.3,35.24285714285715,9.021798997032523,38.68999999999999,0.0,1.0,0.49999999999999994,-0.8660254037844387,0.5737722679043246,-0.8190148866680801,19.5,34.7
2019-05-28,Uttarakhand,NR,30.32040895,78.05000565,19.5,2019,5,1,148,0,0,29.8,27,21.7,41.2,38.8,32.142857142857146,10.274865310205143,38.04666666666666,0.7818314824680298,0.6234898018587336,0.49999999999999994,-0.8660254037844387,0.5595892624101765,-0.8287700871745038,18.2,34.8
2019-05-29,Uttarakhand,NR,30.32040895,78.05000565,18.2,2019,5,2,149,0,0,31.6,23,19.5,40.5,39.1,28.957142857142856,10.700133510515514,37.35,0.9749279121818236,-0.22252093395631434,0.49999999999999994,-0.8660254037844387,0.545240438540651,-0.8382797052177744,18.0,35.9
2019-05-30,Uttarakhand,NR,30.32040895,78.05000565,18.0,2019,5,3,150,0,0,31.9,23,18.2,41.2,40.0,25.642857142857142,9.833930571047896,36.61666666666667,0.43388373911755823,-0.900968867902419,0.49999999999999994,-0.8660254037844387,0.5307300481619334,-0.8475409228928311,17.934,36.0
2019-05-31,Uttarakhand,NR,30.32040895,78.05000565,17.934,2019,5,4,151,0,0,32.1,28,18.0,40.9,42.2,22.362,7.433427293875501,35.8078,-0.433883739117558,-0.9009688679024191,0.49999999999999994,-0.8660254037844387,0.5160623910158528,-0.8565509959010036,17.934,32.7
2019-06-02,Uttarakhand,NR,30.32040895,78.05000565,17.934,2019,6,6,153,1,0,29.8,47,17.934,38.7,41.4,19.39542857142857,1.941140803508991,35.025600000000004,-0.7818314824680299,0.6234898018587334,1.2246467991473532e-16,-1.0,0.48627270710868997,-0.8738071036110808,35.1,26.1
2019-06-03,Uttarakhand,NR,30.32040895,78.05000565,35.1,2019,6,0,154,0,0,29.7,51,17.934,22.5,41.5,21.19542857142857,6.2838863467640405,34.812266666666666,0.0,1.0,1.2246467991473532e-16,-1.0,0.4711595076738638,-0.8820480249558537,34.7,35.0
2019-06-04,Uttarakhand,NR,30.32040895,78.05000565,34.7,2019,6,1,155,0,0,29.3,51,35.1,21.7,39.1,23.05257142857143,8.112740656053345,34.665600000000005,0.7818314824680298,0.6234898018587336,1.2246467991473532e-16,-1.0,0.4559066935084588,-0.8900275764346767,34.8,28.6
2019-06-05,Uttarakhand,NR,30.32040895,78.05000565,34.8,2019,6,2,156,0,1,31.6,36,34.7,19.5,38.3,25.238285714285716,9.007767494673422,34.54893333333333,0.9749279121818236,-0.22252093395631434,1.2246467991473532e-16,-1.0,0.440518784350495,-0.8977433935342337,35.9,37.3
2019-06-06,Uttarakhand,NR,30.32040895,78.05000565,35.9,2019,6,3,157,0,0,30.3,35,34.8,18.2,39.7,27.766857142857145,9.185298242818446,34.42226666666667,0.43388373911755823,-0.900968867902419,1.2246467991473532e-16,-1.0,0.42500033996955416,-0.9051931898913974,36.0,38.2
2019-06-07,Uttarakhand,NR,30.32040895,78.05000565,36.0,2019,6,4,158,0,0,29.6,42,35.9,18.0,40.4,30.338285714285714,8.488478970822454,34.275600000000004,-0.433883739117558,-0.9009688679024191,1.2246467991473532e-16,-1.0,0.4093559588156213,-0.9123747579707273,32.7,38.9
2019-06-08,Uttarakhand,NR,30.32040895,78.05000565,32.7,2019,6,5,159,1,0,30.0,36,36.0,17.934,39.9,32.447714285714284,6.492164757466881,34.0356,-0.9749279121818236,-0.2225209339563146,1.2246467991473532e-16,-1.0,0.39359027665646673,-0.9192859697186104,26.1,33.4
2019-06-09,Uttarakhand,NR,30.32040895,78.05000565,26.1,2019,6,6,160,1,0,31.6,31,32.7,17.934,38.8,33.614285714285714,3.4882796960815794,33.61226666666666,-0.7818314824680299,0.6234898018587334,1.2246467991473532e-16,-1.0,0.3777079652039649,-0.9259247771938498,35.0,35.6
2019-06-10,Uttarakhand,NR,30.32040895,78.05000565,35.0,2019,6,0,161,0,0,31.6,33,26.1,35.1,36.5,33.6,3.4813790371058073,33.562266666666666,0.0,1.0,1.2246467991473532e-16,-1.0,0.36171373072976765,-0.9322892131745133,28.6,44.0
2019-06-11,Uttarakhand,NR,30.32040895,78.05000565,28.6,2019,6,1,162,0,0,32.6,32,35.0,34.7,33.0,32.728571428571435,3.898595595730262,33.4156,0.7818314824680298,0.6234898018587336,1.2246467991473532e-16,-1.0,0.3456123126707335,-0.9383773917408641,37.3,45.1
2019-06-12,Uttarakhand,NR,30.32040895,78.05000565,37.3,2019,6,2,163,0,0,31.1,39,28.6,34.8,42.9,33.08571428571428,4.221148568588294,33.22893333333334,0.9749279121818236,-0.22252093395631434,1.2246467991473532e-16,-1.0,0.3294084822245304,-0.9441875088341993,38.2,35.8
2019-06-13,Uttarakhand,NR,30.32040895,78.05000565,38.2,2019,6,3,164,0,0,31.5,43,37.3,35.9,43.3,33.41428571428572,4.553177854139714,33.05893333333333,0.43388373911755823,-0.900968867902419,1.2246467991473532e-16,-1.0,0.3131070409358269,-0.9497178427914316,38.9,47.2
2019-06-14,Uttarakhand,NR,30.32040895,78.05000565,38.9,2019,6,4,165,0,0,31.7,34,38.2,36.0,45.4,33.82857142857143,4.942912193472659,32.84226666666667,-0.433883739117558,-0.9009688679024191,1.2246467991473532e-16,-1.0,0.29671281927349075,-0.9549667548552551,33.4,45.1
2019-06-15,Uttarakhand,NR,30.32040895,78.05000565,33.4,2019,6,5,166,1,0,31.8,26,38.9,32.7,40.7,33.92857142857143,4.923316729507392,32.598933333333335,-0.9749279121818236,-0.2225209339563146,1.2246467991473532e-16,-1.0,0.28023067519921585,-0.9599326896597447,35.6,44.6
2019-06-16,Uttarakhand,NR,30.32040895,78.05000565,35.6,2019,6,6,167,1,0,29.9,40,33.4,26.1,39.5,35.285714285714285,3.5130369442162572,32.46893333333333,-0.7818314824680299,0.6234898018587334,1.2246467991473532e-16,-1.0,0.26366549272800704,-0.9646141756912435,44.0,41.9
2019-06-17,Uttarakhand,NR,30.32040895,78.05000565,44.0,2019,6,0,168,0,0,29.1,51,35.6,35.0,38.3,36.57142857142857,4.801636625746891,32.65893333333334,0.0,1.0,1.2246467991473532e-16,-1.0,0.24702218048093552,-0.9690098257244062,45.1,40.0
2019-06-18,Uttarakhand,NR,30.32040895,78.05000565,45.1,2019,6,1,169,0,0,27.0,54,44.0,28.6,37.4,38.92857142857143,4.255080996375272,32.9156,0.7818314824680298,0.6234898018587336,1.2246467991473532e-16,-1.0,0.23030567023061221,-0.9731183372332619,35.8,41.0
2019-06-19,Uttarakhand,NR,30.32040895,78.05000565,35.8,2019,6,2,170,0,0,28.6,47,45.1,37.3,38.3,38.714285714285715,4.386505279995485,32.83226666666667,0.9749279121818236,-0.22252093395631434,1.2246467991473532e-16,-1.0,0.21352091543979612,-0.9769384927771817,47.2,39.6
2019-06-20,Uttarakhand,NR,30.32040895,78.05000565,47.2,2019,6,3,171,0,0,27.3,63,35.8,38.2,39.5,40.0,5.410175597889564,33.08893333333334,0.43388373911755823,-0.900968867902419,1.2246467991473532e-16,-1.0,0.19667288979357647,-0.980469160361632,45.1,39.3
2019-06-21,Uttarakhand,NR,30.32040895,78.05000565,45.1,2019,6,4,172,0,0,28.3,58,47.2,38.9,41.2,40.88571428571429,5.699832913173416,33.21893333333333,-0.433883739117558,-0.9009688679024191,1.2246467991473532e-16,-1.0,0.1797665857255624,-0.9837092937736097,44.6,39.9
2019-06-22,Uttarakhand,NR,30.32040895,78.05000565,44.6,2019,6,5,173,1,0,29.8,52,45.1,33.4,40.5,42.48571428571429,4.739348960714782,33.3556,-0.9749279121818236,-0.2225209339563146,1.2246467991473532e-16,-1.0,0.16280701293851715,-0.986657932891657,41.9,39.9
2019-06-23,Uttarakhand,NR,30.32040895,78.05000565,41.9,2019,6,6,174,1,0,28.2,66,44.6,35.6,41.2,43.385714285714286,3.6974894957833597,33.378933333333336,-0.7818314824680299,0.6234898018587334,1.2246467991473532e-16,-1.0,0.1457991969198751,-0.9893142039703663,40.0,33.5
2019-06-24,Uttarakhand,NR,30.32040895,78.05000565,40.0,2019,6,0,175,0,0,27.5,70,41.9,44.0,40.9,42.81428571428571,3.890770519845002,33.348933333333335,0.0,1.0,1.2246467991473532e-16,-1.0,0.12874817745258132,-0.99167731989929,41.0,33.9
2019-06-25,Uttarakhand,NR,30.32040895,78.05000565,41.0,2019,6,1,176,0,0,29.1,60,40.0,45.1,38.7,42.228571428571435,3.7968031665750055,33.4256,0.7818314824680298,0.6234898018587336,1.2246467991473532e-16,-1.0,0.11165900712169512,-0.993746580436178,39.6,40.3
2019-06-26,Uttarakhand,NR,30.32040895,78.05000565,39.6,2019,6,2,177,0,0,29.6,54,41.0,35.8,22.5,42.771428571428565,2.8871637095450584,33.9956,0.9749279121818236,-0.22252093395631434,1.2246467991473532e-16,-1.0,0.09453674981719912,-0.9955213724144752,39.3,41.4
2019-06-27,Uttarakhand,NR,30.32040895,78.05000565,39.3,2019,6,3,178,0,0,30.1,50,39.6,47.2,21.7,41.642857142857146,2.3642173778067663,34.58226666666667,0.43388373911755823,-0.900968867902419,1.2246467991473532e-16,-1.0,0.07738647923346301,-0.9970011699250151,39.9,40.7
2019-06-28,Uttarakhand,NR,30.32040895,78.05000565,39.9,2019,6,4,179,0,0,30.4,46,39.3,45.1,19.5,40.9,1.860107523773743,35.26226666666666,-0.433883739117558,-0.9009688679024191,1.2246467991473532e-16,-1.0,0.06021327736579302,-0.9981855344718586,39.9,42.9
2019-06-29,Uttarakhand,NR,30.32040895,78.05000565,39.9,2019,6,5,180,1,0,30.8,46,39.9,44.6,18.2,40.228571428571435,0.9050124966249365,35.9856,-0.9749279121818236,-0.2225209339563146,1.2246467991473532e-16,-1.0,0.04302223300453059,-0.99907411510223,33.5,40.8
2019-06-30,Uttarakhand,NR,30.32040895,78.05000565,33.5,2019,6,6,181,1,0,29.9,61,39.9,41.9,18.0,39.028571428571425,2.493801840372909,36.502266666666664,-0.7818314824680299,0.6234898018587334,1.2246467991473532e-16,-1.0,0.02581844022713308,-0.9996666485105112,33.9,37.1
2019-07-01,Uttarakhand,NR,30.32040895,78.05000565,33.9,2019,7,0,182,0,0,28.6,71,33.5,40.0,17.934,38.15714285714286,3.091847960285808,37.03446666666666,0.0,1.0,-0.4999999999999997,-0.8660254037844388,0.008606996888688698,-0.9999629591162655,40.3,21.85
2019-07-02,Uttarakhand,NR,30.32040895,78.05000565,40.3,2019,7,1,183,0,0,28.9,68,33.9,41.0,17.934,38.05714285714286,2.994359777346433,37.78,0.7818314824680298,0.6234898018587336,-0.4999999999999997,-0.8660254037844388,-0.008606996888688009,-0.9999629591162655,41.4,22.85
2019-07-03,Uttarakhand,NR,30.32040895,78.05000565,41.4,2019,7,2,184,0,0,28.3,74,40.3,39.6,35.1,38.31428571428571,3.217881586504016,37.99,0.9749279121818236,-0.22252093395631434,-0.4999999999999997,-0.8660254037844388,-0.02581844022713239,-0.9996666485105112,40.7,23.05
2019-07-04,Uttarakhand,NR,30.32040895,78.05000565,40.7,2019,7,3,185,0,0,27.1,84,41.4,39.3,34.7,38.51428571428571,3.330880049590738,38.190000000000005,0.43388373911755823,-0.900968867902419,-0.4999999999999997,-0.8660254037844388,-0.04302223300453034,-0.99907411510223,42.9,28.55
2019-07-05,Uttarakhand,NR,30.32040895,78.05000565,42.9,2019,7,4,186,0,0,27.7,77,40.7,39.9,34.8,38.94285714285714,3.710281724639001,38.46000000000001,-0.433883739117558,-0.9009688679024191,-0.4999999999999997,-0.8660254037844388,-0.060213277365792774,-0.9981855344718586,40.8,34.1
2019-07-06,Uttarakhand,NR,30.32040895,78.05000565,40.8,2019,7,5,187,1,0,26.5,83,42.9,39.9,35.9,39.07142857142857,3.76417954128749,38.623333333333335,-0.9749279121818236,-0.2225209339563146,-0.4999999999999997,-0.8660254037844388,-0.07738647923346322,-0.9970011699250151,37.1,34.6
2019-07-07,Uttarakhand,NR,30.32040895,78.05000565,37.1,2019,7,6,188,1,0,26.9,83,40.8,33.5,36.0,39.58571428571429,3.055284259240303,38.66,-0.7818314824680299,0.6234898018587334,-0.4999999999999997,-0.8660254037844388,-0.09453674981719933,-0.9955213724144752,21.85,34.5
2019-07-08,Uttarakhand,NR,30.32040895,78.05000565,21.85,2019,7,0,189,0,0,26.7,86,37.1,33.9,32.7,37.864285714285714,7.274310636623579,38.29833333333333,0.0,1.0,-0.4999999999999997,-0.8660254037844388,-0.11165900712169444,-0.9937465804361781,22.85,34.7
2019-07-09,Uttarakhand,NR,30.32040895,78.05000565,22.85,2019,7,1,190,0,0,25.3,92,21.85,40.3,26.1,35.371428571428574,9.069080123458722,38.190000000000005,0.7818314824680298,0.6234898018587336,-0.4999999999999997,-0.8660254037844388,-0.12874817745258066,-0.99167731989929,23.05,31.5
2019-07-10,Uttarakhand,NR,30.32040895,78.05000565,23.05,2019,7,2,191,0,0,25.9,87,22.85,41.4,35.0,32.75,9.668333189679934,37.791666666666664,0.9749279121818236,-0.22252093395631434,-0.4999999999999997,-0.8660254037844388,-0.14579919691987442,-0.9893142039703664,28.55,35.5
2019-07-11,Uttarakhand,NR,30.32040895,78.05000565,28.55,2019,7,3,192,0,0,25.8,90,23.05,40.7,28.6,31.014285714285712,9.075687039453003,37.78999999999999,0.43388373911755823,-0.900968867902419,-0.4999999999999997,-0.8660254037844388,-0.16280701293851646,-0.9866579328916572,34.1,34.8
2019-07-12,Uttarakhand,NR,30.32040895,78.05000565,34.1,2019,7,4,193,0,0,25.5,90,28.55,42.9,37.3,29.757142857142856,7.652855053912268,37.68333333333333,-0.433883739117558,-0.9009688679024191,-0.4999999999999997,-0.8660254037844388,-0.17976658572556214,-0.9837092937736098,34.6,32.1
2019-07-13,Uttarakhand,NR,30.32040895,78.05000565,34.6,2019,7,5,194,1,0,25.1,87,34.1,40.8,38.2,28.871428571428574,6.421504051677801,37.563333333333325,-0.9749279121818236,-0.2225209339563146,-0.4999999999999997,-0.8660254037844388,-0.19667288979357622,-0.9804691603616321,34.5,23.1
2019-07-14,Uttarakhand,NR,30.32040895,78.05000565,34.5,2019,7,6,195,1,0,24.5,89,34.6,37.1,38.9,28.5,5.921992907797184,37.416666666666664,-0.7818314824680299,0.6234898018587334,-0.4999999999999997,-0.8660254037844388,-0.2135209154397959,-0.9769384927771817,34.7,27.3
2019-07-15,Uttarakhand,NR,30.32040895,78.05000565,34.7,2019,7,0,196,0,0,24.8,87,34.5,21.85,33.4,30.335714285714285,5.493155914841844,37.46,0.0,1.0,-0.4999999999999997,-0.8660254037844388,-0.23030567023061196,-0.973118337233262,31.5,32.3
2019-07-16,Uttarakhand,NR,30.32040895,78.05000565,31.5,2019,7,1,197,0,0,23.0,96,34.7,22.85,35.6,31.571428571428573,4.3908861238229475,37.32333333333334,0.7818314824680298,0.6234898018587336,-0.4999999999999997,-0.8660254037844388,-0.24702218048093527,-0.9690098257244063,35.5,33.0
2019-07-17,Uttarakhand,NR,30.32040895,78.05000565,35.5,2019,7,2,198,0,0,23.8,88,31.5,23.05,44.0,33.35,2.4615374599356645,37.04,0.9749279121818236,-0.22252093395631434,-0.4999999999999997,-0.8660254037844388,-0.2636654927280072,-0.9646141756912435,34.8,36.6
2019-07-18,Uttarakhand,NR,30.32040895,78.05000565,34.8,2019,7,3,199,0,0,25.1,87,35.5,28.55,45.1,34.24285714285714,1.2804389128434115,36.696666666666665,0.43388373911755823,-0.900968867902419,-0.4999999999999997,-0.8660254037844388,-0.2802306751992161,-0.9599326896597445,32.1,36.1
2019-07-19,Uttarakhand,NR,30.32040895,78.05000565,32.1,2019,7,4,200,0,0,26.1,83,34.8,34.1,35.8,33.95714285714286,1.5186146569127734,36.57333333333334,-0.433883739117558,-0.9009688679024191,-0.4999999999999997,-0.8660254037844388,-0.2967128192734901,-0.9549667548552553,23.1,37.7
2019-07-20,Uttarakhand,NR,30.32040895,78.05000565,23.1,2019,7,5,201,1,0,26.8,80,32.1,34.6,47.2,32.31428571428572,4.328367117604723,35.769999999999996,-0.9749279121818236,-0.2225209339563146,-0.4999999999999997,-0.8660254037844388,-0.3131070409358267,-0.9497178427914317,27.3,37.0
2019-07-21,Uttarakhand,NR,30.32040895,78.05000565,27.3,2019,7,6,202,1,0,26.8,80,23.1,34.5,45.1,31.285714285714285,4.571078855670931,35.17666666666666,-0.7818314824680299,0.6234898018587334,-0.4999999999999997,-0.8660254037844388,-0.3294084822245302,-0.9441875088341994,32.3,37.4
2019-07-22,Uttarakhand,NR,30.32040895,78.05000565,32.3,2019,7,0,203,0,0,27.4,81,27.3,34.7,44.6,30.942857142857143,4.357314594585805,34.766666666666666,0.0,1.0,-0.4999999999999997,-0.8660254037844388,-0.3456123126707333,-0.9383773917408642,33.0,37.2
2019-07-23,Uttarakhand,NR,30.32040895,78.05000565,33.0,2019,7,1,204,0,0,27.9,80,32.3,31.5,41.9,31.157142857142855,4.425628822686155,34.47,0.7818314824680298,0.6234898018587336,-0.4999999999999997,-0.8660254037844388,-0.3617137307297674,-0.9322892131745134,36.6,34.4
2019-07-24,Uttarakhand,NR,30.32040895,78.05000565,36.6,2019,7,2,205,0,0,27.5,84,33.0,35.5,40.0,31.314285714285713,4.620760605293087,34.35666666666667,0.9749279121818236,-0.22252093395631434,-0.4999999999999997,-0.8660254037844388,-0.37770796520396466,-0.9259247771938499,36.1,41.8
2019-07-25,Uttarakhand,NR,30.32040895,78.05000565,36.1,2019,7,3,206,0,0,24.5,95,36.6,34.8,41.0,31.5,4.806592694761363,34.193333333333335,0.43388373911755823,-0.900968867902419,-0.4999999999999997,-0.8660254037844388,-0.39359027665646645,-0.9192859697186105,37.7,42.6
2019-07-26,Uttarakhand,NR,30.32040895,78.05000565,37.7,2019,7,4,207,0,0,25.6,89,36.1,32.1,39.6,32.3,5.3575491909392,34.13,-0.433883739117558,-0.9009688679024191,-0.4999999999999997,-0.8660254037844388,-0.4093559588156211,-0.9123747579707274,37.0,44.2
2019-07-27,Uttarakhand,NR,30.32040895,78.05000565,37.0,2019,7,5,208,1,0,25.2,91,37.7,23.1,39.3,34.285714285714285,3.6983908984983045,34.053333333333335,-0.9749279121818236,-0.2225209339563146,-0.4999999999999997,-0.8660254037844388,-0.42500033996955394,-0.9051931898913975,37.4,44.1
2019-07-28,Uttarakhand,NR,30.32040895,78.05000565,37.4,2019,7,6,209,1,0,26.6,83,37.0,27.3,39.9,35.72857142857143,2.1754036297617834,33.97,-0.7818314824680299,0.6234898018587334,-0.4999999999999997,-0.8660254037844388,-0.4405187843504952,-0.8977433935342336,37.2,45.8
2019-07-29,Uttarakhand,NR,30.32040895,78.05000565,37.2,2019,7,0,210,0,0,27.0,82,37.4,32.3,39.9,36.42857142857143,1.6007438746972311,33.88,0.0,1.0,-0.4999999999999997,-0.8660254037844388,-0.455906693508459,-0.8900275764346766,34.4,46.0
2019-07-30,Uttarakhand,NR,30.32040895,78.05000565,34.4,2019,7,1,211,0,0,26.5,78,37.2,33.0,33.5,36.628571428571426,1.1146214390458744,33.91,0.7818314824680298,0.6234898018587336,-0.4999999999999997,-0.8660254037844388,-0.47115950767386394,-0.8820480249558535,41.8,40.8
2019-07-31,Uttarakhand,NR,30.32040895,78.05000565,41.8,2019,7,2,212,0,0,26.4,80,34.4,36.6,33.9,37.371428571428574,2.248491557848057,34.17333333333333,0.9749279121818236,-0.22252093395631434,-0.4999999999999997,-0.8660254037844388,-0.4862727071086902,-0.8738071036110807,42.6,28.0
2019-08-01,Uttarakhand,NR,30.32040895,78.05000565,42.6,2019,8,3,213,0,0,26.3,85,41.8,36.1,40.3,38.3,2.887328638493776,34.25,0.43388373911755823,-0.900968867902419,-0.8660254037844385,-0.5000000000000004,-0.5012418134457756,-0.8653072543632061,44.2,30.6
2019-08-02,Uttarakhand,NR,30.32040895,78.05000565,44.2,2019,8,4,214,0,0,26.0,84,42.6,37.7,41.4,39.228571428571435,3.6155747748291107,34.343333333333334,-0.433883739117558,-0.9009688679024191,-0.8660254037844385,-0.5000000000000004,-0.5160623910158526,-0.8565509959010037,44.1,31.7
2019-08-03,Uttarakhand,NR,30.32040895,78.05000565,44.1,2019,8,5,215,1,0,25.9,85,44.2,37.0,40.7,40.24285714285714,3.8729218697933203,34.45666666666667,-0.9749279121818236,-0.2225209339563146,-0.8660254037844385,-0.5000000000000004,-0.5307300481619331,-0.8475409228928312,45.8,32.9
2019-08-04,Uttarakhand,NR,30.32040895,78.05000565,45.8,2019,8,6,216,1,0,27.0,81,44.1,37.4,42.9,41.44285714285714,4.137574628876599,34.553333333333335,-0.7818314824680299,0.6234898018587334,-0.8660254037844385,-0.5000000000000004,-0.5452404385406507,-0.8382797052177745,46.0,33.7
2019-08-05,Uttarakhand,NR,30.32040895,78.05000565,46.0,2019,8,0,217,0,0,26.8,85,45.8,37.2,40.8,42.699999999999996,3.9669467688218503,34.72666666666667,0.0,1.0,-0.8660254037844385,-0.5000000000000004,-0.5595892624101763,-0.828770087174504,40.8,35.2
2019-08-06,Uttarakhand,NR,30.32040895,78.05000565,40.8,2019,8,1,218,0,0,25.3,92,46.0,34.4,37.1,43.614285714285714,1.9701341506171526,34.85,0.7818314824680298,0.6234898018587336,-0.8660254037844385,-0.5000000000000004,-0.5737722679043243,-0.8190148866680802,28.0,36.1
2019-08-08,Uttarakhand,NR,30.32040895,78.05000565,28.0,2019,8,3,220,0,0,27.8,76,40.8,41.8,21.85,41.642857142857146,6.279558674210846,35.055,0.43388373911755823,-0.900968867902419,-0.8660254037844385,-0.5000000000000004,-0.6016240632249227,-0.7987793728863648,30.6,35.7
2019-08-09,Uttarakhand,NR,30.32040895,78.05000565,30.6,2019,8,4,221,0,0,26.4,86,28.0,42.6,22.85,39.92857142857143,7.495045982895231,35.313333333333325,-0.433883739117558,-0.9009688679024191,-0.8660254037844385,-0.5000000000000004,-0.6152845999633277,-0.7883050558305253,31.7,36.7
2019-08-10,Uttarakhand,NR,30.32040895,78.05000565,31.7,2019,8,5,222,1,0,26.7,86,30.6,44.2,23.05,38.142857142857146,7.790989912040933,35.60166666666667,-0.9749279121818236,-0.2225209339563146,-0.8660254037844385,-0.5000000000000004,-0.6287628145958345,-0.7775971469736268,32.9,35.7
2019-08-11,Uttarakhand,NR,30.32040895,78.05000565,32.9,2019,8,6,223,1,0,26.7,86,31.7,44.1,28.55,36.54285714285714,7.508629955559383,35.74666666666667,-0.7818314824680299,0.6234898018587334,-0.8660254037844385,-0.5000000000000004,-0.6420547132365636,-0.7666588193001592,33.7,36.5
2019-08-12,Uttarakhand,NR,30.32040895,78.05000565,33.7,2019,8,0,224,0,1,26.0,91,32.9,45.8,34.1,34.81428571428571,6.32124158991691,35.733333333333334,0.0,1.0,-0.8660254037844385,-0.5000000000000004,-0.655156357209085,-0.7554933140726804,35.2,32.8
2019-08-13,Uttarakhand,NR,30.32040895,78.05000565,35.2,2019,8,1,225,0,0,26.7,85,33.7,46.0,34.6,33.27142857142857,4.043807729403203,35.75333333333333,0.7818314824680298,0.6234898018587336,-0.8660254037844385,-0.5000000000000004,-0.6680638642135333,-0.7441039398713608,36.1,34.6
2019-08-14,Uttarakhand,NR,30.32040895,78.05000565,36.1,2019,8,2,226,0,0,27.1,79,35.2,40.8,34.5,32.6,2.77728884585913,35.806666666666665,0.9749279121818236,-0.22252093395631434,-0.8660254037844385,-0.5000000000000004,-0.6807734094770159,-0.7324940716135792,35.7,32.7
2019-08-15,Uttarakhand,NR,30.32040895,78.05000565,35.7,2019,8,3,227,0,1,26.4,83,36.1,28.0,34.7,33.7,2.0920484379351203,35.839999999999996,0.43388373911755823,-0.900968867902419,-0.8660254037844385,-0.5000000000000004,-0.6932812268869771,-0.7206671495538615,36.7,37.1
2019-08-16,Uttarakhand,NR,30.32040895,78.05000565,36.7,2019,8,4,228,0,0,25.7,89,35.7,30.6,31.5,34.57142857142857,1.8409366146197574,36.01333333333333,-0.433883739117558,-0.9009688679024191,-0.8660254037844385,-0.5000000000000004,-0.7055836101071774,-0.70862667826446,35.7,38.5
2019-08-17,Uttarakhand,NR,30.32040895,78.05000565,35.7,2019,8,5,229,1,0,25.2,89,36.7,31.7,35.5,35.142857142857146,1.3587459203951475,36.019999999999996,-0.9749279121818236,-0.2225209339563146,-0.8660254037844385,-0.5000000000000004,-0.7176769136759615,-0.6963762255968726,36.5,39.3
2019-08-18,Uttarakhand,NR,30.32040895,78.05000565,36.5,2019,8,6,230,1,0,24.2,92,35.7,32.9,34.8,35.65714285714286,1.0030904626156165,36.07666666666667,-0.7818314824680299,0.6234898018587334,-0.8660254037844385,-0.5000000000000004,-0.7295575540864876,-0.6839194216246105,32.8,39.4
2019-08-19,Uttarakhand,NR,30.32040895,78.05000565,32.8,2019,8,0,231,0,0,25.0,87,36.5,33.7,32.1,35.52857142857143,1.307305480386115,36.1,0.0,1.0,-0.8660254037844385,-0.5000000000000004,-0.7412220108485957,-0.6712599575675315,34.6,38.8
2019-08-20,Uttarakhand,NR,30.32040895,78.05000565,34.6,2019,8,1,232,0,0,25.9,81,32.8,35.2,23.1,35.44285714285714,1.3513661517850872,36.483333333333334,0.7818314824680298,0.6234898018587336,-0.8660254037844385,-0.5000000000000004,-0.7526668275320083,-0.6584015846980489,32.7,38.5
2019-08-21,Uttarakhand,NR,30.32040895,78.05000565,32.7,2019,8,2,233,0,0,25.9,84,34.6,36.1,27.3,34.95714285714286,1.6531355488456283,36.66333333333333,0.9749279121818236,-0.22252093395631434,-0.8660254037844385,-0.5000000000000004,-0.7638886127905429,-0.64534811322955,37.1,36.0
2019-08-22,Uttarakhand,NR,30.32040895,78.05000565,37.1,2019,8,3,234,0,0,25.5,87,32.7,35.7,32.3,35.15714285714286,1.832900381778505,36.82333333333334,0.43388373911755823,-0.900968867902419,-0.8660254037844385,-0.5000000000000004,-0.7748840413670406,-0.6321034111873488,38.5,41.0
2019-08-23,Uttarakhand,NR,30.32040895,78.05000565,38.5,2019,8,4,235,0,0,26.9,79,37.1,36.7,33.0,35.41428571428572,2.179012445603558,37.00666666666667,-0.433883739117558,-0.9009688679024191,-0.8660254037844385,-0.5000000000000004,-0.7856498550787144,-0.6186714032625032,39.3,38.2
2019-08-24,Uttarakhand,NR,30.32040895,78.05000565,39.3,2019,8,5,236,1,1,25.7,85,38.5,35.7,36.6,35.92857142857143,2.6348398342937034,37.09666666666667,-0.9749279121818236,-0.2225209339563146,-0.8660254037844385,-0.5000000000000004,-0.7961828637826154,-0.6050560696488494,39.4,37.7
2019-08-25,Uttarakhand,NR,30.32040895,78.05000565,39.4,2019,8,6,237,1,0,25.0,86,39.3,36.5,36.1,36.34285714285714,2.9489303952773045,37.20666666666667,-0.7818314824680299,0.6234898018587334,-0.8660254037844385,-0.5000000000000004,-0.8064799463209447,-0.5912614448635782,38.8,40.2
2019-08-26,Uttarakhand,NR,30.32040895,78.05000565,38.8,2019,8,0,238,0,0,27.1,80,39.4,32.8,37.7,37.199999999999996,2.59871763247436,37.24333333333333,0.0,1.0,-0.8660254037844385,-0.5000000000000004,-0.8165380514459157,-0.5772916165517278,38.5,40.8
2019-08-27,Uttarakhand,NR,30.32040895,78.05000565,38.5,2019,8,1,239,0,0,28.0,76,38.8,34.6,37.0,37.75714285714285,2.3550351326870365,37.29333333333333,0.7818314824680298,0.6234898018587336,-0.8660254037844385,-0.5000000000000004,-0.8263541987239094,-0.5631507242749187,36.0,41.0
2019-08-28,Uttarakhand,NR,30.32040895,78.05000565,36.0,2019,8,2,240,0,0,27.3,83,38.5,32.7,37.4,38.228571428571435,1.2405835800329472,37.24666666666667,0.9749279121818236,-0.22252093395631434,-0.8660254037844385,-0.5000000000000004,-0.8359254794186365,-0.5488429582847199,41.0,33.6
2019-08-29,Uttarakhand,NR,30.32040895,78.05000565,41.0,2019,8,3,241,0,0,26.6,85,36.0,37.1,37.2,38.785714285714285,1.4982529508603029,37.373333333333335,0.43388373911755823,-0.900968867902419,-0.8660254037844385,-0.5000000000000004,-0.8452490573530634,-0.5343725582809785,38.2,33.2
2019-08-30,Uttarakhand,NR,30.32040895,78.05000565,38.2,2019,8,4,242,0,0,27.0,83,41.0,38.5,34.4,38.74285714285714,1.512015369032398,37.5,-0.433883739117558,-0.9009688679024191,-0.8660254037844385,-0.5000000000000004,-0.8543221697498269,-0.5197438121555157,37.7,33.8
2019-08-31,Uttarakhand,NR,30.32040895,78.05000565,37.7,2019,8,5,243,1,0,26.6,86,38.2,39.3,41.8,38.51428571428572,1.534523347740798,37.36333333333333,-0.9749279121818236,-0.2225209339563146,-0.8660254037844385,-0.5000000000000004,-0.8631421280499115,-0.5049610547215202,40.2,34.0
2019-09-01,Uttarakhand,NR,30.32040895,78.05000565,40.2,2019,9,6,244,1,0,25.3,92,37.7,39.4,42.6,38.62857142857143,1.6377975920060046,37.28333333333333,-0.7818314824680299,0.6234898018587334,-1.0,-1.8369701987210297e-16,-0.8717063187093217,-0.4900286664290594,40.8,33.7
2019-09-02,Uttarakhand,NR,30.32040895,78.05000565,40.8,2019,9,0,245,0,0,27.0,80,40.2,38.8,44.2,38.91428571428571,1.8352371067780127,37.169999999999995,0.0,1.0,-1.0,-1.8369701987210297e-16,-0.8800122039735356,-0.4749510720670502,41.0,34.4
2019-09-03,Uttarakhand,NR,30.32040895,78.05000565,41.0,2019,9,1,246,0,0,26.8,83,40.8,38.5,44.1,39.271428571428565,1.9788163850428244,37.06666666666667,0.7818314824680298,0.6234898018587336,-1.0,-1.8369701987210297e-16,-0.888057322629493,-0.4597327394521046,33.6,33.4
2019-09-04,Uttarakhand,NR,30.32040895,78.05000565,33.6,2019,9,2,247,0,0,25.1,92,41.0,36.0,45.8,38.92857142857143,2.71214201060969,36.66,0.9749279121818236,-0.22252093395631434,-1.0,-1.8369701987210297e-16,-0.8958392907349089,-0.4443781781046134,33.2,37.8
2019-09-05,Uttarakhand,NR,30.32040895,78.05000565,33.2,2019,9,3,248,0,0,26.1,84,33.6,41.0,46.0,37.81428571428571,3.2651843089523043,36.233333333333334,0.43388373911755823,-0.900968867902419,-1.0,-1.8369701987210297e-16,-0.9033558023246842,-0.4288919379124841,33.8,36.5
2019-09-06,Uttarakhand,NR,30.32040895,78.05000565,33.8,2019,9,4,249,0,0,26.4,82,33.2,38.2,40.8,37.18571428571429,3.5862833925149284,36.0,-0.433883739117558,-0.9009688679024191,-1.0,-1.8369701987210297e-16,-0.9106046300942162,-0.41327860778290443,34.0,39.1
2019-09-08,Uttarakhand,NR,30.32040895,78.05000565,34.0,2019,9,6,251,1,0,26.1,82,33.8,37.7,28.0,36.65714285714286,3.7660134283957345,36.2,-0.7818314824680299,0.6234898018587334,-1.0,-1.8369701987210297e-16,-0.9242907221930934,-0.3816892202666586,33.7,41.2
2019-09-09,Uttarakhand,NR,30.32040895,78.05000565,33.7,2019,9,0,252,0,0,26.3,83,34.0,40.2,30.6,35.728571428571435,3.5415224060255297,36.303333333333335,0.0,1.0,-1.0,-1.8369701987210297e-16,-0.9307239310379793,-0.3657225234972692,34.4,42.4
2019-09-10,Uttarakhand,NR,30.32040895,78.05000565,34.4,2019,9,1,253,0,1,26.3,85,33.7,40.8,31.7,34.81428571428571,2.752228534253992,36.39333333333333,0.7818314824680298,0.6234898018587336,-1.0,-1.8369701987210297e-16,-0.9368813462954315,-0.34964745525122826,33.4,44.6
2019-09-11,Uttarakhand,NR,30.32040895,78.05000565,33.4,2019,9,2,254,0,0,26.3,87,34.4,41.0,32.9,33.72857142857143,0.3946064947695792,36.41,0.9749279121818236,-0.22252093395631434,-1.0,-1.8369701987210297e-16,-0.9427611433904206,-0.33346877891818705,37.8,41.2
2019-09-12,Uttarakhand,NR,30.32040895,78.05000565,37.8,2019,9,3,255,0,0,25.2,94,33.4,33.6,33.7,34.32857142857143,1.5797829869049413,36.54666666666667,0.43388373911755823,-0.900968867902419,-1.0,-1.8369701987210297e-16,-0.9483615800121716,-0.31719128858910595,36.5,39.0
2019-09-13,Uttarakhand,NR,30.32040895,78.05000565,36.5,2019,9,4,256,0,0,26.0,83,37.8,33.2,35.2,34.8,1.6763054614240174,36.59,-0.433883739117558,-0.9009688679024191,-1.0,-1.8369701987210297e-16,-0.9536809966304455,-0.300819807635668,39.1,37.5
2019-09-14,Uttarakhand,NR,30.32040895,78.05000565,39.1,2019,9,5,257,1,0,25.0,88,36.5,33.8,36.1,35.55714285714286,2.2485974464519916,36.68999999999999,-0.9749279121818236,-0.2225209339563146,-1.0,-1.8369701987210297e-16,-0.9587178169872964,-0.2843591872810036,41.2,34.6
2019-09-15,Uttarakhand,NR,30.32040895,78.05000565,41.2,2019,9,6,258,1,0,25.2,88,39.1,34.0,35.7,36.58571428571429,2.9537707942157234,36.873333333333335,-0.7818314824680299,0.6234898018587334,-1.0,-1.8369701987210297e-16,-0.9634705485641486,-0.26781430516217486,42.4,33.7
2019-09-16,Uttarakhand,NR,30.32040895,78.05000565,42.4,2019,9,0,259,0,0,24.8,90,41.2,33.7,36.7,37.82857142857143,3.3420125103068417,37.06333333333334,0.0,1.0,-1.0,-1.8369701987210297e-16,-0.9679377830240642,-0.25119006388481957,44.6,37.5
2019-09-17,Uttarakhand,NR,30.32040895,78.05000565,44.6,2019,9,1,260,0,0,24.8,86,42.4,34.4,35.7,39.285714285714285,3.791406322825562,37.36,0.7818314824680298,0.6234898018587336,-1.0,-1.8369701987210297e-16,-0.9721181966290612,-0.23449138957041052,41.2,38.1
2019-09-18,Uttarakhand,NR,30.32040895,78.05000565,41.2,2019,9,2,261,0,0,24.0,85,44.6,33.4,36.5,40.4,2.7862758896658133,37.516666666666666,0.9749279121818236,-0.22252093395631434,-1.0,-1.8369701987210297e-16,-0.9760105506323682,-0.21772323039653224,39.0,35.2
2019-09-19,Uttarakhand,NR,30.32040895,78.05000565,39.0,2019,9,3,262,0,0,23.7,85,41.2,37.8,32.8,40.57142857142857,2.63230842019838,37.723333333333336,0.43388373911755823,-0.900968867902419,-1.0,-1.8369701987210297e-16,-0.9796136916454901,-0.20089055513063528,37.5,35.5
2019-09-20,Uttarakhand,NR,30.32040895,78.05000565,37.5,2019,9,4,263,0,0,24.7,80,39.0,36.5,34.6,40.714285714285715,2.3905568189778643,37.82,-0.433883739117558,-0.9009688679024191,-1.0,-1.8369701987210297e-16,-0.9829265519799822,-0.18399835165767986,34.6,36.1
2019-09-21,Uttarakhand,NR,30.32040895,78.05000565,34.6,2019,9,5,264,1,0,24.8,79,37.5,39.1,32.7,40.07142857142857,3.321000996544162,37.88333333333333,-0.9749279121818236,-0.2225209339563146,-1.0,-1.8369701987210297e-16,-0.9859481499638303,-0.1670516255021195,33.7,35.8
2019-09-22,Uttarakhand,NR,30.32040895,78.05000565,33.7,2019,9,6,265,1,0,23.7,81,34.6,41.2,37.1,39.0,4.030301891091173,37.769999999999996,-0.7818314824680299,0.6234898018587334,-1.0,-1.8369701987210297e-16,-0.9886775902323404,-0.15005539834465262,37.5,35.6
2019-09-23,Uttarakhand,NR,30.32040895,78.05000565,37.5,2019,9,0,266,0,0,23.7,82,33.7,42.4,38.5,38.300000000000004,3.7576588456111586,37.736666666666665,0.0,1.0,-1.0,-1.8369701987210297e-16,-0.9911140639934546,-0.13301470653419636,38.1,35.7
2019-09-24,Uttarakhand,NR,30.32040895,78.05000565,38.1,2019,9,1,267,0,0,24.3,78,37.5,44.6,39.3,37.371428571428574,2.5506301742342243,37.69666666666667,0.7818314824680298,0.6234898018587336,-1.0,-1.8369701987210297e-16,-0.9932568492674143,-0.11593459959550066,35.2,34.9
2019-09-25,Uttarakhand,NR,30.32040895,78.05000565,35.2,2019,9,2,268,0,0,24.5,82,38.1,41.2,39.4,36.51428571428572,1.997855993666315,37.55666666666666,0.9749279121818236,-0.22252093395631434,-1.0,-1.8369701987210297e-16,-0.9951053111006974,-0.09882013873287211,35.5,31.8
2019-09-26,Uttarakhand,NR,30.32040895,78.05000565,35.5,2019,9,3,269,0,0,24.1,85,35.2,39.0,38.8,36.01428571428572,1.6856537519397137,37.44666666666667,0.43388373911755823,-0.900968867902419,-1.0,-1.8369701987210297e-16,-0.99665890175417,-0.08167639533042288,36.1,38.2
2019-09-27,Uttarakhand,NR,30.32040895,78.05000565,36.1,2019,9,4,270,0,0,23.2,91,35.5,37.5,38.5,35.81428571428572,1.5582346543749777,37.36666666666667,-0.433883739117558,-0.9009688679024191,-1.0,-1.8369701987210297e-16,-0.9979171608653922,-0.06450844944931625,35.8,40.6
2019-09-28,Uttarakhand,NR,30.32040895,78.05000565,35.8,2019,9,5,271,1,0,22.5,93,36.1,34.6,36.0,35.98571428571429,1.4656381675212686,37.36,-0.9749279121818236,-0.2225209339563146,-1.0,-1.8369701987210297e-16,-0.9988797155850335,-0.04732138832243232,35.6,39.7
2019-09-29,Uttarakhand,NR,30.32040895,78.05000565,35.6,2019,9,6,272,1,0,22.4,89,35.8,33.7,41.0,36.25714285714286,1.1028102630055352,37.18,-0.7818314824680299,0.6234898018587334,-1.0,-1.8369701987210297e-16,-0.9995462806873573,-0.03012030484690836,35.7,39.1
2019-09-30,Uttarakhand,NR,30.32040895,78.05000565,35.7,2019,9,0,273,0,0,22.4,88,35.6,37.5,38.2,36.0,0.966091783079227,37.096666666666664,0.0,1.0,-1.0,-1.8369701987210297e-16,-0.9999166586547379,-0.012910296075008843,34.9,39.5
2019-10-01,Uttarakhand,NR,30.32040895,78.05000565,34.9,2019,10,1,274,0,0,22.4,84,35.7,38.1,37.7,35.542857142857144,0.39520940802357923,37.00333333333334,0.7818314824680298,0.6234898018587336,-0.8660254037844386,0.5000000000000001,-0.9999907397361901,0.004303538296243821,31.8,39.1
2019-10-02,Uttarakhand,NR,30.32040895,78.05000565,31.8,2019,10,2,275,0,1,22.6,83,34.9,35.2,40.2,35.05714285714286,1.4819549507965306,36.723333333333336,0.9749279121818236,-0.22252093395631434,-0.8660254037844386,0.5000000000000001,-0.9997685019798909,0.021516097436222233,38.2,36.2
2019-10-03,Uttarakhand,NR,30.32040895,78.05000565,38.2,2019,10,3,276,0,0,23.4,79,31.8,35.5,40.8,35.44285714285714,1.906879774970187,36.63666666666667,0.43388373911755823,-0.900968867902419,-0.8660254037844386,0.5000000000000001,-0.9992500112396835,0.03872228089217399,40.6,42.9
2019-10-04,Uttarakhand,NR,30.32040895,78.05000565,40.6,2019,10,4,277,0,0,22.8,76,38.2,36.1,41.0,36.08571428571428,2.7413066053912645,36.623333333333335,-0.433883739117558,-0.9009688679024191,-0.8660254037844386,0.5000000000000001,-0.9984354211555643,0.05591699010060302,39.7,43.0
2019-10-05,Uttarakhand,NR,30.32040895,78.05000565,39.7,2019,10,5,278,1,0,23.2,72,40.6,35.8,33.6,36.642857142857146,3.052243515218002,36.82666666666667,-0.9749279121818236,-0.2225209339563146,-0.8660254037844386,0.5000000000000001,-0.9973249731081555,0.07309512989807776,39.1,41.7
2019-10-06,Uttarakhand,NR,30.32040895,78.05000565,39.1,2019,10,6,279,1,0,24.5,70,39.7,35.6,33.2,37.142857142857146,3.1383951009271724,37.02333333333333,-0.7818314824680299,0.6234898018587334,-0.8660254037844386,0.5000000000000001,-0.9959189961471792,0.0902516100310407,39.5,40.7
2019-10-08,Uttarakhand,NR,30.32040895,78.05000565,39.5,2019,10,1,281,0,1,23.6,71,39.1,35.7,33.8,37.68571428571429,3.1756514142395678,37.21333333333334,0.7818314824680298,0.6234898018587336,-0.8660254037844386,0.5000000000000001,-0.9922222094179324,0.12447926388678869,39.1,40.8
2019-10-09,Uttarakhand,NR,30.32040895,78.05000565,39.1,2019,10,2,282,0,0,21.9,75,39.5,34.9,34.0,38.285714285714285,2.9503833487805884,37.38333333333333,0.9749279121818236,-0.22252093395631434,-0.8660254037844386,0.5000000000000001,-0.989932495087353,0.141540295217043,36.2,41.7
2019-10-10,Uttarakhand,NR,30.32040895,78.05000565,36.2,2019,10,3,283,0,0,22.8,70,39.1,31.8,33.7,38.91428571428572,1.3993195625356927,37.46666666666667,0.43388373911755823,-0.900968867902419,-0.8660254037844386,0.5000000000000001,-0.9873494423939864,0.15855938510313475,42.9,40.8
2019-10-11,Uttarakhand,NR,30.32040895,78.05000565,42.9,2019,10,4,284,0,0,22.3,72,36.2,38.2,34.4,39.58571428571429,1.9986900471963485,37.75,-0.433883739117558,-0.9009688679024191,-0.8660254037844386,0.5000000000000001,-0.9844738167520923,0.17553149042142777,43.0,39.3
2019-10-12,Uttarakhand,NR,30.32040895,78.05000565,43.0,2019,10,5,285,1,0,22.1,75,42.9,40.6,33.4,39.92857142857143,2.372561404694819,38.07,-0.9749279121818236,-0.2225209339563146,-0.8660254037844386,0.5000000000000001,-0.9813064702716093,0.19245158197082995,41.7,38.9
2019-10-13,Uttarakhand,NR,30.32040895,78.05000565,41.7,2019,10,6,286,1,0,22.7,74,43.0,39.7,37.8,40.214285714285715,2.459287546850728,38.2,-0.7818314824680299,0.6234898018587334,-0.8660254037844386,0.5000000000000001,-0.9778483415056567,0.20931464596304888,40.7,39.1
2019-10-14,Uttarakhand,NR,30.32040895,78.05000565,40.7,2019,10,0,287,0,0,22.6,70,41.7,39.1,36.5,40.44285714285714,2.4123689206926135,38.34,0.0,1.0,-0.8660254037844386,0.5000000000000001,-0.9741004551724206,0.22611568550828803,40.8,39.8
2019-10-15,Uttarakhand,NR,30.32040895,78.05000565,40.8,2019,10,1,288,0,0,22.8,72,40.7,39.5,39.1,40.628571428571426,2.377473649145409,38.39666666666667,0.7818314824680298,0.6234898018587336,-0.8660254037844386,0.5000000000000001,-0.970063921851507,0.2428497220959358,41.7,39.1
2019-10-16,Uttarakhand,NR,30.32040895,78.05000565,41.7,2019,10,2,289,0,0,23.2,73,40.8,39.1,41.2,41.0,2.3007245235649507,38.413333333333334,0.9749279121818236,-0.22252093395631434,-0.8660254037844386,0.5000000000000001,-0.965739937654855,0.25951179706979943,40.8,39.6
2019-10-17,Uttarakhand,NR,30.32040895,78.05000565,40.8,2019,10,3,290,0,0,22.7,69,41.7,36.2,42.4,41.65714285714286,0.9778499251880732,38.36,0.43388373911755823,-0.900968867902419,-0.8660254037844386,0.5000000000000001,-0.9611297838723007,0.27609697309746883,39.3,36.7
2019-10-18,Uttarakhand,NR,30.32040895,78.05000565,39.3,2019,10,4,291,0,0,23.1,62,40.8,42.9,44.6,41.142857142857146,1.1472534489773032,38.18333333333333,-0.433883739117558,-0.9009688679024191,-0.8660254037844386,0.5000000000000001,-0.9562348265919058,0.2926003356333479,38.9,39.9
2019-10-19,Uttarakhand,NR,30.32040895,78.05000565,38.9,2019,10,5,292,1,0,22.6,59,39.3,43.0,41.2,40.557142857142864,1.086058842569612,38.10666666666667,-0.9749279121818236,-0.2225209339563146,-0.8660254037844386,0.5000000000000001,-0.9510565162951536,0.30901699437494723,39.1,41.4
2019-10-20,Uttarakhand,NR,30.32040895,78.05000565,39.1,2019,10,6,293,1,0,22.6,55,38.9,41.7,39.0,40.18571428571429,1.0745984853710404,38.11,-0.7818314824680299,0.6234898018587334,-0.8660254037844386,0.5000000000000001,-0.9455963874271428,0.3253420847119795,39.8,42.3
2019-10-21,Uttarakhand,NR,30.32040895,78.05000565,39.8,2019,10,0,294,0,0,22.5,57,39.1,40.7,37.5,40.05714285714286,1.05649916052513,38.186666666666675,0.0,1.0,-0.8660254037844386,0.5000000000000001,-0.9398560579418953,0.341570769167856,39.1,33.8
2019-10-22,Uttarakhand,NR,30.32040895,78.05000565,39.1,2019,10,1,295,0,0,22.4,57,39.8,40.8,34.6,39.81428571428571,1.0526610271569197,38.33666666666667,0.7818314824680298,0.6234898018587336,-0.8660254037844386,0.5000000000000001,-0.9338372288229252,0.35769823883312546,39.6,36.1
2019-10-23,Uttarakhand,NR,30.32040895,78.05000565,39.6,2019,10,2,296,0,0,21.9,66,39.1,41.7,33.7,39.51428571428572,0.6466028441748852,38.53333333333333,0.9749279121818236,-0.22252093395631434,-0.8660254037844386,0.5000000000000001,-0.9275416835791965,0.3737197147904692,36.7,37.5
2019-10-24,Uttarakhand,NR,30.32040895,78.05000565,36.7,2019,10,3,297,0,0,20.5,75,39.6,40.8,37.5,38.92857142857143,1.0307186582092875,38.50666666666667,0.43388373911755823,-0.900968867902419,-0.8660254037844386,0.5000000000000001,-0.9209712877166347,0.38963044953078774,39.9,30.0
2019-10-25,Uttarakhand,NR,30.32040895,78.05000565,39.9,2019,10,4,298,0,0,19.8,78,36.7,39.3,38.1,39.01428571428571,1.0899978156377386,38.56666666666667,-0.433883739117558,-0.9009688679024191,-0.8660254037844386,0.5000000000000001,-0.9141279881853337,0.4054257283599973,41.4,20.1
2019-10-26,Uttarakhand,NR,30.32040895,78.05000565,41.4,2019,10,5,299,1,0,20.0,77,39.9,38.9,35.2,39.371428571428574,1.4091537480750969,38.77333333333333,-0.9749279121818236,-0.2225209339563146,-0.8660254037844386,0.5000000000000001,-0.9070138128026362,0.42110087079608916,42.3,21.3
2019-10-27,Uttarakhand,NR,30.32040895,78.05000565,42.3,2019,10,6,300,1,1,21.1,73,41.4,39.1,35.5,39.82857142857142,1.7773709852046735,39.0,-0.7818314824680299,0.6234898018587334,-0.8660254037844386,0.5000000000000001,-0.8996308696522434,0.4366512319560638,33.8,21.1
2019-10-28,Uttarakhand,NR,30.32040895,78.05000565,33.8,2019,10,0,301,0,0,21.1,75,42.3,39.8,36.1,38.971428571428575,2.8912017603493934,38.92333333333333,0.0,1.0,-0.8660254037844386,0.5000000000000001,-0.8919813464595487,0.45207220393230374,36.1,22.1
2019-10-29,Uttarakhand,NR,30.32040895,78.05000565,36.1,2019,10,1,302,0,0,21.5,77,33.8,39.1,35.8,38.542857142857144,3.0848323254579464,38.93333333333333,0.7818314824680298,0.6234898018587336,-0.8660254037844386,0.5000000000000001,-0.8840675099433637,0.46735921715800205,37.5,22.5
2019-10-30,Uttarakhand,NR,30.32040895,78.05000565,37.5,2019,10,2,303,0,0,21.4,78,36.1,39.6,35.6,38.24285714285714,3.066951332543488,38.99666666666667,0.9749279121818236,-0.22252093395631434,-0.8660254037844386,0.5000000000000001,-0.8758917051442433,0.48250774176121763,30.0,22.9
2019-10-31,Uttarakhand,NR,30.32040895,78.05000565,30.0,2019,10,3,304,0,0,20.9,76,37.5,36.7,35.7,37.285714285714285,4.389164146481845,38.806666666666665,0.43388373911755823,-0.900968867902419,-0.8660254037844386,0.5000000000000001,-0.8674563547295971,0.4975132889071803,20.1,21.6
2019-11-01,Uttarakhand,NR,30.32040895,78.05000565,20.1,2019,11,4,305,0,0,21.5,66,30.0,39.9,34.9,34.457142857142856,7.616835988531608,38.31333333333334,-0.433883739117558,-0.9009688679024191,-0.5000000000000004,0.8660254037844384,-0.858763958275803,0.5123714121284235,21.3,32.9
2019-11-02,Uttarakhand,NR,30.32040895,78.05000565,21.3,2019,11,5,306,1,0,22.7,63,20.1,41.4,31.8,31.58571428571429,8.31954096719054,37.96333333333334,-0.9749279121818236,-0.2225209339563146,-0.5000000000000004,0.8660254037844384,-0.8498170915275277,0.5270777086423724,21.1,33.0
2019-11-03,Uttarakhand,NR,30.32040895,78.05000565,21.1,2019,11,6,307,1,0,21.1,65,21.3,42.3,38.2,28.557142857142857,7.596459074871017,37.39333333333333,-0.7818314824680299,0.6234898018587334,-0.5000000000000004,0.8660254037844384,-0.8406184056344783,0.5416278206559811,22.1,33.7
2019-11-04,Uttarakhand,NR,30.32040895,78.05000565,22.1,2019,11,0,308,0,0,20.2,64,21.1,33.8,40.6,26.88571428571429,7.537556759637811,36.77666666666667,0.0,1.0,-0.5000000000000004,0.8660254037844384,-0.8311706263658079,0.5560174366570446,22.5,34.0
2019-11-05,Uttarakhand,NR,30.32040895,78.05000565,22.5,2019,11,1,309,0,0,20.7,62,22.1,36.1,39.7,24.942857142857143,6.439424700715911,36.20333333333334,0.7818314824680298,0.6234898018587336,-0.5000000000000004,0.8660254037844384,-0.8214765533024145,0.5702422926917867,22.9,34.3
2019-11-06,Uttarakhand,NR,30.32040895,78.05000565,22.9,2019,11,2,310,0,0,20.0,62,22.5,37.5,39.1,22.857142857142858,3.2872770610628765,35.66333333333333,0.9749279121818236,-0.22252093395631434,-0.5000000000000004,0.8660254037844384,-0.8115390590073611,0.5842981736283683,21.6,33.3
2019-11-08,Uttarakhand,NR,30.32040895,78.05000565,21.6,2019,11,4,312,0,0,19.0,60,22.9,30.0,39.5,21.657142857142855,0.9413769044278509,35.06666666666667,-0.433883739117558,-0.9009688679024191,-0.5000000000000004,0.8660254037844384,-0.7909456567567774,0.6118864012687242,32.9,30.9
2019-11-09,Uttarakhand,NR,30.32040895,78.05000565,32.9,2019,11,5,313,1,0,21.9,50,21.6,20.1,39.1,23.485714285714288,4.200963608280243,34.86,-0.9749279121818236,-0.2225209339563146,-0.5000000000000004,0.8660254037844384,-0.780295851070776,0.6254105729852457,33.0,34.7
2019-11-10,Uttarakhand,NR,30.32040895,78.05000565,33.0,2019,11,6,314,1,1,20.6,53,32.9,21.3,36.2,25.157142857142855,5.35532667626575,34.75333333333333,-0.7818314824680299,0.6234898018587334,-0.5000000000000004,0.8660254037844384,-0.7694148268839381,0.6387494220515268,33.7,35.7
2019-11-11,Uttarakhand,NR,30.32040895,78.05000565,33.7,2019,11,0,315,0,0,19.7,58,33.0,21.1,42.9,26.957142857142856,5.858286764022705,34.44666666666667,0.0,1.0,-0.5000000000000004,0.8660254037844384,-0.7583058084785625,0.6518989958787125,34.0,36.9
2019-11-12,Uttarakhand,NR,30.32040895,78.05000565,34.0,2019,11,1,316,0,1,21.0,58,33.7,22.1,43.0,28.657142857142862,5.939937469608329,34.14666666666667,0.7818314824680298,0.6234898018587336,-0.5000000000000004,0.8660254037844384,-0.7469720876965551,0.6648553979642866,34.3,35.5
2019-11-13,Uttarakhand,NR,30.32040895,78.05000565,34.3,2019,11,2,317,0,0,21.2,45,34.0,22.5,41.7,30.342857142857145,5.563828760502102,33.9,0.9749279121818236,-0.22252093395631434,-0.5000000000000004,0.8660254037844384,-0.7354170229639858,0.6776147890466887,33.3,35.7
2019-11-14,Uttarakhand,NR,30.32040895,78.05000565,33.3,2019,11,3,318,0,0,20.4,57,34.3,22.9,40.7,31.82857142857143,4.539351747299849,33.653333333333336,0.43388373911755823,-0.900968867902419,-0.5000000000000004,0.8660254037844384,-0.7236440382959124,0.690173388242972,30.9,36.0
2019-11-15,Uttarakhand,NR,30.32040895,78.05000565,30.9,2019,11,4,319,0,0,20.5,61,33.3,21.6,40.8,33.15714285714286,1.1193110125684795,33.32333333333334,-0.433883739117558,-0.9009688679024191,-0.5000000000000004,0.8660254037844384,-0.711656622281775,0.7025274741691566,34.7,33.7
2019-11-16,Uttarakhand,NR,30.32040895,78.05000565,34.7,2019,11,5,320,1,0,21.9,52,30.9,32.9,41.7,33.41428571428572,1.2495713550768146,33.09,-0.9749279121818236,-0.2225209339563146,-0.5000000000000004,0.8660254037844384,-0.6994583270516471,0.7146733860429608,35.7,37.3
2019-11-17,Uttarakhand,NR,30.32040895,78.05000565,35.7,2019,11,6,321,1,0,20.4,51,34.7,33.0,40.8,33.8,1.4933184523067882,32.92,-0.7818314824680299,0.6234898018587334,-0.5000000000000004,0.8660254037844384,-0.6870527672236675,0.7266075247685652,36.9,37.8
2019-11-18,Uttarakhand,NR,30.32040895,78.05000565,36.9,2019,11,0,322,0,0,18.1,68,35.7,33.7,39.3,34.25714285714285,1.893723970432444,32.839999999999996,0.0,1.0,-0.5000000000000004,0.8660254037844384,-0.6744436188329457,0.7383263540031063,35.5,37.9
2019-11-19,Uttarakhand,NR,30.32040895,78.05000565,35.5,2019,11,1,323,0,0,17.5,80,36.9,34.0,38.9,34.471428571428575,1.9439772681406446,32.72666666666667,0.7818314824680298,0.6234898018587336,-0.5000000000000004,0.8660254037844384,-0.661634618242279,0.749826401204568,35.7,37.0
2019-11-20,Uttarakhand,NR,30.32040895,78.05000565,35.7,2019,11,2,324,0,0,16.8,75,35.5,34.3,39.1,34.67142857142857,1.994755027327307,32.61333333333333,0.9749279121818236,-0.22252093395631434,-0.5000000000000004,0.8660254037844384,-0.6486295610349818,0.7611042586607742,36.0,35.8
2019-11-21,Uttarakhand,NR,30.32040895,78.05000565,36.0,2019,11,3,325,0,0,18.6,57,35.7,33.3,39.8,35.05714285714286,1.9458135769365013,32.486666666666665,0.43388373911755823,-0.900968867902419,-0.5000000000000004,0.8660254037844384,-0.6354323008901775,0.7721565844991641,33.7,35.6
2019-11-22,Uttarakhand,NR,30.32040895,78.05000565,33.7,2019,11,4,326,0,0,19.8,59,36.0,30.9,39.1,35.45714285714286,1.0130106002359587,32.306666666666665,-0.433883739117558,-0.9009688679024191,-0.5000000000000004,0.8660254037844384,-0.622046748440868,0.7829801036770624,37.3,35.7
2019-11-23,Uttarakhand,NR,30.32040895,78.05000565,37.3,2019,11,5,327,1,0,20.2,58,33.7,34.7,39.6,35.82857142857143,1.155731061153169,32.23,-0.9749279121818236,-0.2225209339563146,-0.5000000000000004,0.8660254037844384,-0.6084768701151264,0.7935716089521472,37.8,46.2
2019-11-24,Uttarakhand,NR,30.32040895,78.05000565,37.8,2019,11,6,328,1,0,19.6,45,37.3,35.7,36.7,36.128571428571426,1.3695671891930792,32.266666666666666,-0.7818314824680299,0.6234898018587334,-0.5000000000000004,0.8660254037844384,-0.594726686960764,0.8039279618328208,37.9,47.733
2019-11-25,Uttarakhand,NR,30.32040895,78.05000565,37.9,2019,11,0,329,0,0,18.7,35,37.8,36.9,39.9,36.27142857142857,1.508547077725528,32.2,0.0,1.0,-0.5000000000000004,0.8660254037844384,-0.5808002734538013,0.8140460935082175,37.0,38.4
2019-11-26,Uttarakhand,NR,30.32040895,78.05000565,37.0,2019,11,1,330,0,0,17.8,50,37.9,35.5,41.4,36.48571428571429,1.4870872776769075,32.053333333333335,0.7818314824680298,0.6234898018587336,-0.5000000000000004,0.8660254037844384,-0.5667017562911184,0.8239230057575536,35.8,45.5
2019-11-27,Uttarakhand,NR,30.32040895,78.05000565,35.8,2019,11,2,331,0,0,17.3,62,37.0,35.7,42.3,36.49999999999999,1.4787382008545704,31.836666666666666,0.9749279121818236,-0.22252093395631434,-0.5000000000000004,0.8660254037844384,-0.5524353131676203,0.8335557718385695,35.6,47.733
2019-11-28,Uttarakhand,NR,30.32040895,78.05000565,35.6,2019,11,3,332,0,0,16.1,70,35.8,36.0,33.8,36.44285714285714,1.5087049003003938,31.896666666666665,0.43388373911755823,-0.900968867902419,-0.5000000000000004,0.8660254037844384,-0.5380051715382992,0.8429415373547832,35.7,46.9
2019-11-29,Uttarakhand,NR,30.32040895,78.05000565,35.7,2019,11,4,333,0,0,16.8,57,35.6,33.7,36.1,36.728571428571435,1.009478884894363,31.883333333333333,-0.433883739117558,-0.9009688679024191,-0.5000000000000004,0.8660254037844384,-0.5234156073655503,0.8520775211013093,46.2,42.7
2019-11-30,Uttarakhand,NR,30.32040895,78.05000565,46.2,2019,11,5,334,1,0,17.0,55,35.7,37.3,37.5,38.0,3.7456641600656027,32.17333333333333,-0.9749279121818236,-0.2225209339563146,-0.5000000000000004,0.8660254037844384,-0.5086709438521042,0.8609610158889945,47.733,21.4
2019-12-01,Uttarakhand,NR,30.32040895,78.05000565,47.733,2019,12,6,335,1,0,16.1,61,46.2,37.8,30.0,39.419,5.240489194722183,32.764433333333336,-0.7818314824680299,0.6234898018587334,-2.4492935982947064e-16,1.0,-0.49377555015997737,0.8695893893466109,38.4,23.5
2019-12-02,Uttarakhand,NR,30.32040895,78.05000565,38.4,2019,12,0,336,0,0,14.6,69,47.733,37.9,20.1,39.49042857142857,5.219700625423605,33.374433333333336,0.0,1.0,-2.4492935982947064e-16,1.0,-0.4787338401157883,0.8779600847008883,45.5,26.8
2019-12-03,Uttarakhand,NR,30.32040895,78.05000565,45.5,2019,12,1,337,0,0,16.5,57,38.4,37.0,21.3,40.70471428571428,5.523630047782153,34.1811,0.7818314824680298,0.6234898018587336,-2.4492935982947064e-16,1.0,-0.4635502709028512,0.8860706215341378,47.733,28.6
2019-12-04,Uttarakhand,NR,30.32040895,78.05000565,47.733,2019,12,2,338,0,0,16.4,59,45.5,35.8,21.1,42.40942857142857,5.598528909667335,35.068866666666665,0.9749279121818236,-0.22252093395631434,-2.4492935982947064e-16,1.0,-0.4482293417404106,0.893918596519257,46.9,28.9
2019-12-05,Uttarakhand,NR,30.32040895,78.05000565,46.9,2019,12,3,339,0,0,15.8,66,47.733,35.6,22.1,44.023714285714284,4.892454077941037,35.89553333333333,0.43388373911755823,-0.900968867902419,-2.4492935982947064e-16,1.0,-0.4327755925504317,0.9015016841318838,42.7,30.1
2019-12-06,Uttarakhand,NR,30.32040895,78.05000565,42.7,2019,12,4,340,0,0,18.4,54,46.9,35.7,22.5,45.023714285714284,3.393244303724959,36.56886666666666,-0.433883739117558,-0.9009688679024191,-2.4492935982947064e-16,1.0,-0.41719360261231697,0.9088176373395028,21.4,30.5
2019-12-08,Uttarakhand,NR,30.32040895,78.05000565,21.4,2019,12,6,342,1,0,16.8,56,42.7,46.2,22.9,41.48085714285714,9.468526925707986,36.51886666666667,-0.7818314824680299,0.6234898018587334,-2.4492935982947064e-16,1.0,-0.38566340624360745,0.9226395488404875,23.5,37.5
2019-12-09,Uttarakhand,NR,30.32040895,78.05000565,23.5,2019,12,0,343,0,0,14.8,68,21.4,47.733,21.6,38.019,11.092405525102897,36.58219999999999,0.0,1.0,-2.4492935982947064e-16,1.0,-0.3697245428906732,0.9291414114031743,26.8,38.7
2019-12-10,Uttarakhand,NR,30.32040895,78.05000565,26.8,2019,12,1,344,0,0,14.9,70,23.5,38.4,32.9,36.36185714285714,11.86554328617912,36.37886666666667,0.7818314824680298,0.6234898018587336,-2.4492935982947064e-16,1.0,-0.3536761221763721,0.935367949313148,28.6,38.6
2019-12-11,Uttarakhand,NR,30.32040895,78.05000565,28.6,2019,12,2,345,0,0,14.4,69,26.8,45.5,33.0,33.94757142857143,11.406767345997473,36.232200000000006,0.9749279121818236,-0.22252093395631434,-2.4492935982947064e-16,1.0,-0.33752289959411347,0.941317317512847,28.9,37.6
2019-12-12,Uttarakhand,NR,30.32040895,78.05000565,28.9,2019,12,3,346,0,0,13.8,75,28.6,47.733,33.7,31.257142857142856,9.707876036644533,36.072199999999995,0.43388373911755823,-0.900968867902419,-2.4492935982947064e-16,1.0,-0.32126966169236515,0.9469877530760751,30.1,37.2
2019-12-13,Uttarakhand,NR,30.32040895,78.05000565,30.1,2019,12,4,347,0,0,12.0,77,28.9,46.9,34.0,28.857142857142858,6.852945143721581,35.9422,-0.433883739117558,-0.9009688679024191,-2.4492935982947064e-16,1.0,-0.3049212246562894,0.9523775757303973,30.5,36.7
2019-12-14,Uttarakhand,NR,30.32040895,78.05000565,30.5,2019,12,5,348,1,0,10.8,79,30.1,42.7,34.3,27.114285714285717,3.4541900022188474,35.815533333333335,-0.9749279121818236,-0.2225209339563146,-2.4492935982947064e-16,1.0,-0.2884824328806098,0.9574851883550389,37.5,34.3
2019-12-15,Uttarakhand,NR,30.32040895,78.05000565,37.5,2019,12,6,349,1,0,12.4,69,30.5,21.4,33.3,29.41428571428571,4.277237648852581,35.95553333333334,-0.7818314824680299,0.6234898018587334,-2.4492935982947064e-16,1.0,-0.27195815753410524,0.9623090774541487,38.7,34.7
2019-12-16,Uttarakhand,NR,30.32040895,78.05000565,38.7,2019,12,0,350,0,0,13.1,60,37.5,23.5,30.9,31.585714285714285,4.6189567983216655,36.21553333333333,0.0,1.0,-2.4492935982947064e-16,1.0,-0.2553532951161881,0.9668478136052773,38.6,36.1
2019-12-17,Uttarakhand,NR,30.32040895,78.05000565,38.6,2019,12,1,351,0,0,13.5,52,38.7,26.8,34.7,33.27142857142857,4.733115353800387,36.345533333333336,0.7818314824680298,0.6234898018587336,-2.4492935982947064e-16,1.0,-0.23867276600594997,0.9711000518829505,37.6,36.4
2019-12-18,Uttarakhand,NR,30.32040895,78.05000565,37.6,2019,12,2,352,0,0,12.7,60,38.6,28.6,35.7,34.55714285714286,4.467608287386417,36.40886666666666,0.9749279121818236,-0.22252093395631434,-2.4492935982947064e-16,1.0,-0.22192151300416674,0.9750645322571945,37.2,36.5
2019-12-19,Uttarakhand,NR,30.32040895,78.05000565,37.2,2019,12,3,353,0,0,10.6,81,37.6,28.9,36.9,35.74285714285715,3.7615852787785866,36.418866666666666,0.43388373911755823,-0.900968867902419,-2.4492935982947064e-16,1.0,-0.20510449986861926,0.9787400799669153,36.7,29.5
2019-12-20,Uttarakhand,NR,30.32040895,78.05000565,36.7,2019,12,4,354,0,0,13.1,74,37.2,30.1,35.5,36.68571428571429,2.821009613258204,36.45886666666667,-0.433883739117558,-0.9009688679024191,-2.4492935982947064e-16,1.0,-0.1882267098432439,0.9821256058680006,34.3,33.4
2019-12-21,Uttarakhand,NR,30.32040895,78.05000565,34.3,2019,12,5,355,1,0,14.7,65,36.7,30.5,35.7,37.228571428571435,1.4784161409137297,36.4122,-0.9749279121818236,-0.2225209339563146,-2.4492935982947064e-16,1.0,-0.1712931441814778,0.9852201067560606,34.7,32.7
2019-12-22,Uttarakhand,NR,30.32040895,78.05000565,34.7,2019,12,6,356,1,0,13.0,67,34.3,37.5,36.0,36.82857142857143,1.747106451359192,36.36886666666667,-0.7818314824680299,0.6234898018587334,-2.4492935982947064e-16,1.0,-0.154308820664281,0.9880226656636976,36.1,42.0
2019-12-23,Uttarakhand,NR,30.32040895,78.05000565,36.1,2019,12,0,357,0,0,14.4,49,34.7,38.7,33.7,36.45714285714286,1.5479633316685606,36.44886666666666,0.0,1.0,-2.4492935982947064e-16,1.0,-0.13727877211326517,0.9905324521322227,36.4,43.3
2019-12-24,Uttarakhand,NR,30.32040895,78.05000565,36.4,2019,12,1,358,0,0,12.3,63,36.1,38.6,37.3,36.142857142857146,1.2313368654395218,36.418866666666666,0.7818314824680298,0.6234898018587336,-2.4492935982947064e-16,1.0,-0.12020804489935275,0.9927487224577402,36.5,44.3
2019-12-25,Uttarakhand,NR,30.32040895,78.05000565,36.5,2019,12,2,359,0,1,12.5,67,36.4,37.6,37.8,35.98571428571428,1.0745984853710957,36.37553333333334,0.9749279121818236,-0.22252093395631434,-2.4492935982947064e-16,1.0,-0.10310169744743544,0.9946708199115211,29.5,42.1
2019-12-26,Uttarakhand,NR,30.32040895,78.05000565,29.5,2019,12,3,360,0,0,10.3,68,36.5,37.2,37.9,34.885714285714286,2.5510968696024006,36.095533333333336,0.43388373911755823,-0.900968867902419,-2.4492935982947064e-16,1.0,-0.0859647987374467,0.9962981749346077,33.4,42.9
2019-12-27,Uttarakhand,NR,30.32040895,78.05000565,33.4,2019,12,4,361,0,0,10.7,65,29.5,36.7,37.0,34.41428571428572,2.4633504091166487,35.97553333333333,-0.433883739117558,-0.9009688679024191,-2.4492935982947064e-16,1.0,-0.06880242680232064,0.9976303053065857,32.7,41.3
2019-12-28,Uttarakhand,NR,30.32040895,78.05000565,32.7,2019,12,5,362,1,0,10.9,68,33.4,34.3,35.8,34.18571428571429,2.5484822747591993,35.8722,-0.9749279121818236,-0.2225209339563146,-2.4492935982947064e-16,1.0,-0.05161966722325418,0.9986668162884759,42.0,38.5
2019-12-29,Uttarakhand,NR,30.32040895,78.05000565,42.0,2019,12,6,363,1,0,12.0,68,32.7,34.7,35.6,35.228571428571435,3.9190620841022095,36.08553333333334,-0.7818314824680299,0.6234898018587334,-2.4492935982947064e-16,1.0,-0.034421611622745804,0.9994074007397048,43.3,31.1
2019-12-30,Uttarakhand,NR,30.32040895,78.05000565,43.3,2019,12,0,364,0,0,12.7,62,42.0,36.1,35.7,36.25714285714285,4.985598306742173,36.33886666666667,0.0,1.0,-2.4492935982947064e-16,1.0,-0.01721335615583528,0.9998518392091162,44.3,24.3
2019-12-31,Uttarakhand,NR,30.32040895,78.05000565,44.3,2019,12,1,365,0,0,10.9,60,43.3,36.4,46.2,37.385714285714286,5.843637158319741,36.275533333333335,0.7818314824680298,0.6234898018587336,-2.4492935982947064e-16,1.0,6.432490598706546e-16,1.0,42.1,26.8
2020-01-01,Uttarakhand,NR,30.32040895,78.05000565,42.1,2020,1,2,1,0,0,12.6,56,44.3,36.5,47.733,38.185714285714276,6.080687617758531,36.08776666666667,0.9749279121818236,-0.22252093395631434,0.49999999999999994,0.8660254037844387,0.017213356155834685,0.9998518392091162,42.9,30.0
2020-01-02,Uttarakhand,NR,30.32040895,78.05000565,42.9,2020,1,3,2,0,0,12.2,63,42.1,29.5,38.4,40.1,4.881598098983579,36.237766666666666,0.43388373911755823,-0.900968867902419,0.49999999999999994,0.8660254037844387,0.03442161162274574,0.9994074007397048,41.3,33.2
2020-01-03,Uttarakhand,NR,30.32040895,78.05000565,41.3,2020,1,4,3,0,0,11.6,70,42.9,33.4,45.5,41.228571428571435,3.8861781935960034,36.097766666666665,-0.433883739117558,-0.9009688679024191,0.49999999999999994,0.8660254037844387,0.051619667223253764,0.998666816288476,38.5,32.8
2020-01-04,Uttarakhand,NR,30.32040895,78.05000565,38.5,2020,1,5,4,1,0,10.0,79,41.3,32.7,47.733,42.05714285714286,1.8491954492492142,35.79,-0.9749279121818236,-0.2225209339563146,0.49999999999999994,0.8660254037844387,0.06880242680231986,0.9976303053065857,31.1,31.3
2020-01-05,Uttarakhand,NR,30.32040895,78.05000565,31.1,2020,1,6,5,1,0,9.6,68,38.5,42.0,46.9,40.5,4.538722287164099,35.26333333333333,-0.7818314824680299,0.6234898018587334,0.49999999999999994,0.8660254037844387,0.08596479873744647,0.9962981749346078,24.3,43.9
2020-01-13,Uttarakhand,NR,30.32040895,78.05000565,24.3,2020,1,0,13,0,0,15.9,71,31.1,43.3,42.7,37.785714285714285,7.378217619323464,34.65,0.0,1.0,0.49999999999999994,0.8660254037844387,0.2219215130041655,0.9750645322571948,26.8,41.9
2020-01-14,Uttarakhand,NR,30.32040895,78.05000565,26.8,2020,1,1,14,0,0,13.6,82,24.3,44.3,21.4,35.285714285714285,7.758098687055681,34.830000000000005,0.7818314824680298,0.6234898018587336,0.49999999999999994,0.8660254037844387,0.2386727660059501,0.9711000518829505,30.0,43.9
2020-01-15,Uttarakhand,NR,30.32040895,78.05000565,30.0,2020,1,2,15,0,0,13.0,75,26.8,42.1,23.5,33.55714285714286,7.322535340271399,35.04666666666667,0.9749279121818236,-0.22252093395631434,0.49999999999999994,0.8660254037844387,0.255353295116187,0.9668478136052775,33.2,40.3
2020-01-16,Uttarakhand,NR,30.32040895,78.05000565,33.2,2020,1,3,16,0,0,12.3,76,30.0,42.9,26.8,32.17142857142857,6.070616192148919,35.26,0.43388373911755823,-0.900968867902419,0.49999999999999994,0.8660254037844387,0.2719581575341055,0.9623090774541486,32.8,41.1
2020-01-17,Uttarakhand,NR,30.32040895,78.05000565,32.8,2020,1,4,17,0,0,10.4,85,33.2,41.3,28.6,30.95714285714286,4.616223977400084,35.4,-0.433883739117558,-0.9009688679024191,0.49999999999999994,0.8660254037844387,0.288482432880609,0.9574851883550393,31.3,38.0
2020-01-18,Uttarakhand,NR,30.32040895,78.05000565,31.3,2020,1,5,18,1,0,9.8,82,32.8,38.5,28.9,29.928571428571427,3.2576649539786224,35.480000000000004,-0.9749279121818236,-0.2225209339563146,0.49999999999999994,0.8660254037844387,0.30492122465628907,0.9523775757303974,43.9,34.4
2020-01-19,Uttarakhand,NR,30.32040895,78.05000565,43.9,2020,1,6,19,1,0,10.3,67,31.3,31.1,30.1,31.757142857142856,6.246294139423003,35.93999999999999,-0.7818314824680299,0.6234898018587334,0.49999999999999994,0.8660254037844387,0.3212696616923644,0.9469877530760753,41.9,34.6
2020-01-20,Uttarakhand,NR,30.32040895,78.05000565,41.9,2020,1,0,20,0,0,12.9,46,43.9,24.3,30.5,34.27142857142857,6.286417709558238,36.32,0.0,1.0,0.49999999999999994,0.8660254037844387,0.3375228995941133,0.9413173175128471,43.9,37.0
2020-01-21,Uttarakhand,NR,30.32040895,78.05000565,43.9,2020,1,1,21,0,0,11.6,70,41.9,26.8,37.5,36.714285714285715,6.221315126624103,36.53333333333333,0.7818314824680298,0.6234898018587336,0.49999999999999994,0.8660254037844387,0.3536761221763716,0.9353679493131483,40.3,37.9
2020-01-22,Uttarakhand,NR,30.32040895,78.05000565,40.3,2020,1,2,22,0,0,12.2,64,43.9,30.0,38.7,38.185714285714276,5.550504052614978,36.58666666666667,0.9749279121818236,-0.22252093395631434,0.49999999999999994,0.8660254037844387,0.3697245428906731,0.9291414114031743,41.1,31.3
2020-01-23,Uttarakhand,NR,30.32040895,78.05000565,41.1,2020,1,3,23,0,0,13.6,55,40.3,33.2,38.6,39.31428571428571,5.1570109467366905,36.669999999999995,0.43388373911755823,-0.900968867902419,0.49999999999999994,0.8660254037844387,0.38566340624360707,0.9226395488404876,38.0,37.8
2020-01-24,Uttarakhand,NR,30.32040895,78.05000565,38.0,2020,1,4,24,0,0,13.5,61,41.1,32.8,37.6,40.05714285714286,4.37792079373196,36.68333333333333,-0.433883739117558,-0.9009688679024191,0.49999999999999994,0.8660254037844387,0.401487989205973,0.9158642882672872,34.4,38.9
2020-01-25,Uttarakhand,NR,30.32040895,78.05000565,34.4,2020,1,5,25,1,0,11.8,79,38.0,31.3,37.2,40.5,3.3896902513356935,36.59,-0.9749279121818236,-0.2225209339563146,0.49999999999999994,0.8660254037844387,0.4171936026123168,0.9088176373395029,34.6,35.7
2020-01-26,Uttarakhand,NR,30.32040895,78.05000565,34.6,2020,1,6,26,1,1,11.6,81,34.4,43.9,36.7,39.17142857142857,3.6476998623398877,36.519999999999996,-0.7818314824680299,0.6234898018587334,0.49999999999999994,0.8660254037844387,0.4327755925504312,0.901501684131884,37.0,36.3
2020-01-27,Uttarakhand,NR,30.32040895,78.05000565,37.0,2020,1,0,27,0,0,12.9,73,34.6,41.9,34.3,38.471428571428575,3.5041472028223533,36.61,0.0,1.0,0.49999999999999994,0.8660254037844387,0.4482293417404106,0.893918596519257,37.9,32.2
2020-01-28,Uttarakhand,NR,30.32040895,78.05000565,37.9,2020,1,1,28,0,0,12.0,76,37.0,43.9,34.7,37.614285714285714,2.5621791320596508,36.71666666666667,0.7818314824680298,0.6234898018587336,0.49999999999999994,0.8660254037844387,0.4635502709028509,0.886070621534138,31.3,35.4
2020-01-29,Uttarakhand,NR,30.32040895,78.05000565,31.3,2020,1,2,29,0,0,11.4,76,37.9,40.3,36.1,36.32857142857143,3.174751583832593,36.556666666666665,0.9749279121818236,-0.22252093395631434,0.49999999999999994,0.8660254037844387,0.47873384011578846,0.8779600847008882,37.8,35.4
2020-01-30,Uttarakhand,NR,30.32040895,78.05000565,37.8,2020,1,3,30,0,0,11.0,68,31.3,41.1,36.4,35.857142857142854,2.527091307450202,36.60333333333333,0.43388373911755823,-0.900968867902419,0.49999999999999994,0.8660254037844387,0.49377555015997715,0.869589389346611,38.9,34.9
2020-01-31,Uttarakhand,NR,30.32040895,78.05000565,38.9,2020,1,4,31,0,0,12.5,67,37.8,38.0,36.5,35.98571428571429,2.6729687436933878,36.68333333333333,-0.433883739117558,-0.9009688679024191,0.49999999999999994,0.8660254037844387,0.5086709438521044,0.8609610158889943,35.7,35.8
2020-02-01,Uttarakhand,NR,30.32040895,78.05000565,35.7,2020,2,5,32,1,0,9.3,77,38.9,34.4,29.5,36.17142857142857,2.5882518461400807,36.89,-0.9749279121818236,-0.2225209339563146,0.8660254037844386,0.5000000000000001,0.5234156073655503,0.8520775211013093,36.3,33.4
2020-02-02,Uttarakhand,NR,30.32040895,78.05000565,36.3,2020,2,6,33,1,0,11.1,65,35.7,34.6,33.4,36.41428571428572,2.494279168703557,36.98666666666667,-0.7818314824680299,0.6234898018587334,0.8660254037844386,0.5000000000000001,0.5380051715382996,0.8429415373547828,32.2,38.4
2020-02-03,Uttarakhand,NR,30.32040895,78.05000565,32.2,2020,2,0,34,0,0,13.4,69,36.3,37.0,32.7,35.72857142857143,2.928432052432524,36.970000000000006,0.0,1.0,0.8660254037844386,0.5000000000000001,0.5524353131676196,0.8335557718385699,35.4,39.7
2020-02-04,Uttarakhand,NR,30.32040895,78.05000565,35.4,2020,2,1,35,0,0,10.4,77,32.2,37.9,42.0,35.371428571428574,2.7674984406585432,36.75,0.7818314824680298,0.6234898018587336,0.8660254037844386,0.5000000000000001,0.5667017562911176,0.8239230057575542,35.4,39.6
2020-02-05,Uttarakhand,NR,30.32040895,78.05000565,35.4,2020,2,2,36,0,0,11.8,62,35.4,31.3,43.3,35.957142857142856,2.1204222400716257,36.48666666666667,0.9749279121818236,-0.22252093395631434,0.8660254037844386,0.5000000000000001,0.5808002734538009,0.8140460935082178,34.9,40.7
2020-02-13,Uttarakhand,NR,30.32040895,78.05000565,34.9,2020,2,3,44,0,0,19.6,59,35.4,37.8,44.3,35.542857142857144,1.9789367034320082,36.173333333333325,0.43388373911755823,-0.900968867902419,0.8660254037844386,0.5000000000000001,0.6870527672236669,0.7266075247685656,35.8,40.5
2020-02-14,Uttarakhand,NR,30.32040895,78.05000565,35.8,2020,2,4,45,0,0,17.8,75,34.9,38.9,42.1,35.1,1.3490737563231423,35.96333333333334,-0.433883739117558,-0.9009688679024191,0.8660254037844386,0.5000000000000001,0.699458327051647,0.7146733860429609,33.4,39.4
2020-02-15,Uttarakhand,NR,30.32040895,78.05000565,33.4,2020,2,5,46,1,0,17.0,77,35.8,35.7,42.9,34.77142857142857,1.4545495129812844,35.64666666666666,-0.9749279121818236,-0.2225209339563146,0.8660254037844386,0.5000000000000001,0.7116566222817746,0.7025274741691571,38.4,35.6
2020-02-16,Uttarakhand,NR,30.32040895,78.05000565,38.4,2020,2,6,47,1,0,16.5,78,33.4,36.3,41.3,35.07142857142857,1.9533853397919518,35.55,-0.7818314824680299,0.6234898018587334,0.8660254037844386,0.5000000000000001,0.7236440382959124,0.6901733882429719,39.7,47.733
2020-02-17,Uttarakhand,NR,30.32040895,78.05000565,39.7,2020,2,0,48,0,0,16.3,72,38.4,32.2,38.5,36.142857142857146,2.1616792414364068,35.59,0.0,1.0,0.8660254037844386,0.5000000000000001,0.7354170229639855,0.6776147890466889,39.6,43.0
2020-02-18,Uttarakhand,NR,30.32040895,78.05000565,39.6,2020,2,1,49,0,0,17.1,59,39.7,35.4,31.1,36.74285714285714,2.480495342236533,35.873333333333335,0.7818314824680298,0.6234898018587336,0.8660254037844386,0.5000000000000001,0.7469720876965552,0.6648553979642865,40.7,43.6
2020-02-19,Uttarakhand,NR,30.32040895,78.05000565,40.7,2020,2,2,50,0,0,16.5,69,39.6,35.4,24.3,37.5,2.791654228828024,36.42,0.9749279121818236,-0.22252093395631434,0.8660254037844386,0.5000000000000001,0.7583058084785624,0.6518989958787126,40.5,43.8
2020-02-20,Uttarakhand,NR,30.32040895,78.05000565,40.5,2020,2,3,51,0,0,17.7,59,40.7,34.9,26.8,38.300000000000004,2.723967694375269,36.876666666666665,0.43388373911755823,-0.900968867902419,0.8660254037844386,0.5000000000000001,0.7694148268839378,0.6387494220515272,39.4,42.1
2020-02-21,Uttarakhand,NR,30.32040895,78.05000565,39.4,2020,2,4,52,0,0,14.1,77,40.5,35.8,30.0,38.81428571428571,2.5042820471002707,37.18999999999999,-0.433883739117558,-0.9009688679024191,0.8660254037844386,0.5000000000000001,0.7802958510707755,0.6254105729852463,35.6,43.0
2020-02-22,Uttarakhand,NR,30.32040895,78.05000565,35.6,2020,2,5,53,1,0,15.2,71,39.4,33.4,33.2,39.128571428571426,1.7298499797326694,37.27,-0.9749279121818236,-0.2225209339563146,0.8660254037844386,0.5000000000000001,0.7909456567567772,0.6118864012687243,47.733,40.7
2020-02-23,Uttarakhand,NR,30.32040895,78.05000565,47.733,2020,2,6,54,1,0,15.9,67,35.6,38.4,32.8,40.46185714285714,3.628960017625441,37.76776666666667,-0.7818314824680299,0.6234898018587334,0.8660254037844386,0.5000000000000001,0.8013610881746766,0.5981809144059165,43.0,40.4
2020-02-24,Uttarakhand,NR,30.32040895,78.05000565,43.0,2020,2,0,55,0,0,16.0,62,47.733,39.7,31.3,40.93328571428572,3.726529516600599,38.15776666666667,0.0,1.0,0.8660254037844386,0.5000000000000001,0.8115390590073611,0.5842981736283684,43.6,40.3
2020-02-25,Uttarakhand,NR,30.32040895,78.05000565,43.6,2020,2,1,56,0,0,16.1,63,43.0,39.6,43.9,41.504714285714286,3.794077257792141,38.14776666666667,0.7818314824680298,0.6234898018587336,0.8660254037844386,0.5000000000000001,0.8214765533024142,0.5702422926917871,43.8,40.1
2020-02-26,Uttarakhand,NR,30.32040895,78.05000565,43.8,2020,2,2,57,0,0,14.6,78,43.6,40.7,41.9,41.94757142857143,3.864756303535141,38.2111,0.9749279121818236,-0.22252093395631434,0.8660254037844386,0.5000000000000001,0.8311706263658079,0.5560174366570446,42.1,38.0
2020-02-27,Uttarakhand,NR,30.32040895,78.05000565,42.1,2020,2,3,58,0,0,15.8,79,43.8,40.5,43.9,42.17614285714286,3.8118260028745823,38.1511,0.43388373911755823,-0.900968867902419,0.8660254037844386,0.5000000000000001,0.8406184056344782,0.5416278206559814,43.0,40.1
2020-02-28,Uttarakhand,NR,30.32040895,78.05000565,43.0,2020,2,4,59,0,0,15.9,82,42.1,39.4,40.3,42.690428571428576,3.612488701580669,38.241099999999996,-0.433883739117558,-0.9009688679024191,0.8660254037844386,0.5000000000000001,0.8498170915275278,0.5270777086423722,40.7,40.7
2020-02-29,Uttarakhand,NR,30.32040895,78.05000565,40.7,2020,2,5,60,1,0,16.3,80,43.0,35.6,41.1,43.419,2.1707280652660628,38.22776666666667,-0.9749279121818236,-0.2225209339563146,0.8660254037844386,0.5000000000000001,0.8587639582758029,0.5123714121284237,40.4,37.2
2020-03-01,Uttarakhand,NR,30.32040895,78.05000565,40.4,2020,3,6,61,1,0,16.1,70,40.7,47.733,38.0,42.37142857142857,1.3597969036028805,38.307766666666666,-0.7818314824680299,0.6234898018587334,1.0,6.123233995736766e-17,0.8674563547295969,0.49751328890718066,40.3,45.1
2020-03-02,Uttarakhand,NR,30.32040895,78.05000565,40.3,2020,3,0,62,0,0,16.9,65,40.4,43.0,34.4,41.98571428571428,1.5247169916946068,38.50443333333333,0.0,1.0,1.0,6.123233995736766e-17,0.8758917051442429,0.48250774176121847,40.1,44.2
2020-03-03,Uttarakhand,NR,30.32040895,78.05000565,40.1,2020,3,1,63,0,0,17.7,60,40.3,43.6,34.6,41.48571428571428,1.48034744956341,38.68776666666667,0.7818314824680298,0.6234898018587336,1.0,6.123233995736766e-17,0.8840675099433636,0.4673592171580022,38.0,42.2
2020-03-04,Uttarakhand,NR,30.32040895,78.05000565,38.0,2020,3,2,64,0,0,17.5,60,40.1,43.8,37.0,40.65714285714286,1.5883504471172067,38.7211,0.9749279121818236,-0.22252093395631434,1.0,6.123233995736766e-17,0.8919813464595485,0.45207220393230435,40.1,43.9
2020-03-05,Uttarakhand,NR,30.32040895,78.05000565,40.1,2020,3,3,65,0,0,15.4,71,38.0,42.1,37.9,40.37142857142857,1.4602674249538081,38.79443333333333,0.43388373911755823,-0.900968867902419,1.0,6.123233995736766e-17,0.8996308696522433,0.43665123195606403,40.7,41.9
2020-03-13,Uttarakhand,NR,30.32040895,78.05000565,40.7,2020,3,4,73,0,0,15.3,68,40.1,43.0,31.3,40.042857142857144,0.9342682392425645,39.10776666666666,-0.433883739117558,-0.9009688679024191,1.0,6.123233995736766e-17,0.9510565162951535,0.30901699437494745,37.2,43.9
2020-03-14,Uttarakhand,NR,30.32040895,78.05000565,37.2,2020,3,5,74,1,0,14.2,72,40.7,40.7,37.8,39.542857142857144,1.3624208146496837,39.08776666666667,-0.9749279121818236,-0.2225209339563146,1.0,6.123233995736766e-17,0.9562348265919056,0.29260033563334836,45.1,40.3
2020-03-15,Uttarakhand,NR,30.32040895,78.05000565,45.1,2020,3,6,75,1,0,14.2,72,37.2,40.4,38.9,40.214285714285715,2.520865308730748,39.29443333333333,-0.7818314824680299,0.6234898018587334,1.0,6.123233995736766e-17,0.9611297838723007,0.27609697309746883,44.2,18.4
2020-03-16,Uttarakhand,NR,30.32040895,78.05000565,44.2,2020,3,0,76,0,0,17.2,61,45.1,40.3,35.7,40.77142857142858,2.9392256835853754,39.57776666666666,0.0,1.0,1.0,6.123233995736766e-17,0.9657399376548549,0.2595117970697999,42.2,18.5
2020-03-17,Uttarakhand,NR,30.32040895,78.05000565,42.2,2020,3,1,77,0,0,18.4,59,44.2,40.1,36.3,41.07142857142857,2.96631886671813,39.774433333333334,0.7818314824680298,0.6234898018587336,1.0,6.123233995736766e-17,0.9700639218515071,0.2428497220959356,43.9,19.1
2020-03-18,Uttarakhand,NR,30.32040895,78.05000565,43.9,2020,3,2,78,0,0,19.0,62,42.2,38.0,32.2,41.91428571428571,2.7805446537376297,40.164433333333335,0.9749279121818236,-0.22252093395631434,1.0,6.123233995736766e-17,0.9741004551724205,0.22611568550828828,41.9,19.5
2020-03-19,Uttarakhand,NR,30.32040895,78.05000565,41.9,2020,3,3,79,0,0,18.5,59,43.9,40.1,35.4,42.17142857142857,2.6656545698410814,40.381099999999996,0.43388373911755823,-0.900968867902419,1.0,6.123233995736766e-17,0.9778483415056568,0.20931464596304847,43.9,19.7
2020-03-20,Uttarakhand,NR,30.32040895,78.05000565,43.9,2020,3,4,80,0,0,18.5,58,41.9,40.7,35.4,42.62857142857143,2.6455713218599857,40.664433333333335,-0.433883739117558,-0.9009688679024191,1.0,6.123233995736766e-17,0.9813064702716093,0.19245158197082998,40.3,20.3
2020-03-21,Uttarakhand,NR,30.32040895,78.05000565,40.3,2020,3,5,81,1,0,19.2,58,43.9,37.2,34.9,43.07142857142857,1.6620412005667455,40.844433333333335,-0.9749279121818236,-0.2225209339563146,1.0,6.123233995736766e-17,0.9844738167520922,0.1755314904214282,18.4,20.1
2020-03-22,Uttarakhand,NR,30.32040895,78.05000565,18.4,2020,3,6,82,1,0,18.2,64,40.3,45.1,35.8,39.25714285714286,9.303199654394398,40.264433333333336,-0.7818314824680299,0.6234898018587334,1.0,6.123233995736766e-17,0.9873494423939864,0.15855938510313475,18.5,32.6
2020-03-23,Uttarakhand,NR,30.32040895,78.05000565,18.5,2020,3,0,83,0,0,18.8,64,18.4,44.2,33.4,35.58571428571429,11.771211856534936,39.767766666666674,0.0,1.0,1.0,6.123233995736766e-17,0.989932495087353,0.141540295217043,19.1,34.4
2020-03-24,Uttarakhand,NR,30.32040895,78.05000565,19.1,2020,3,1,84,0,0,20.7,62,18.5,42.2,38.4,32.285714285714285,12.800837026203736,39.12443333333333,0.7818314824680298,0.6234898018587336,1.0,6.123233995736766e-17,0.9922222094179323,0.12447926388678915,19.5,34.2
2020-03-25,Uttarakhand,NR,30.32040895,78.05000565,19.5,2020,3,2,85,0,0,20.2,63,19.1,43.9,39.7,28.8,12.427791436936806,38.4511,0.9749279121818236,-0.22252093395631434,1.0,6.123233995736766e-17,0.994217906893952,0.10738134666416309,19.7,34.8
2020-03-26,Uttarakhand,NR,30.32040895,78.05000565,19.7,2020,3,3,86,0,0,21.3,57,19.5,41.9,39.6,25.628571428571426,11.309982948073529,37.78776666666667,0.43388373911755823,-0.900968867902419,1.0,6.123233995736766e-17,0.995918996147179,0.09025161003104117,20.3,34.0
2020-03-27,Uttarakhand,NR,30.32040895,78.05000565,20.3,2020,3,4,87,0,0,18.4,78,19.7,43.9,40.7,22.25714285714286,7.984121146136881,37.10776666666666,-0.433883739117558,-0.9009688679024191,1.0,6.123233995736766e-17,0.9973249731081555,0.07309512989807777,20.1,34.5
2020-03-28,Uttarakhand,NR,30.32040895,78.05000565,20.1,2020,3,5,88,1,0,18.0,70,20.3,40.3,40.5,19.37142857142857,0.7409774753979967,36.42776666666666,-0.9749279121818236,-0.2225209339563146,1.0,6.123233995736766e-17,0.9984354211555643,0.055916990100603484,32.6,31.5
2020-03-29,Uttarakhand,NR,30.32040895,78.05000565,32.6,2020,3,6,89,1,0,20.3,52,20.1,18.4,39.4,21.400000000000002,4.975607165629768,36.201100000000004,-0.7818314824680299,0.6234898018587334,1.0,6.123233995736766e-17,0.9992500112396835,0.03872228089217446,34.4,33.6
2020-03-30,Uttarakhand,NR,30.32040895,78.05000565,34.4,2020,3,0,90,0,0,19.0,59,32.6,18.5,35.6,23.67142857142857,6.745545267239753,36.1611,0.0,1.0,1.0,6.123233995736766e-17,0.9997685019798909,0.021516097436222254,34.2,34.6
2020-03-31,Uttarakhand,NR,30.32040895,78.05000565,34.2,2020,3,1,91,0,0,21.4,59,34.4,19.1,47.733,25.82857142857143,7.42062762074166,35.71,0.7818314824680298,0.6234898018587336,1.0,6.123233995736766e-17,0.9999907397361901,0.004303538296244289,34.8,35.8
2020-04-01,Uttarakhand,NR,30.32040895,78.05000565,34.8,2020,4,2,92,0,0,20.5,54,34.2,19.5,43.0,28.014285714285716,7.498761802553029,35.43666666666666,0.9749279121818236,-0.22252093395631434,0.8660254037844387,-0.4999999999999998,0.9999166586547379,-0.01291029607500882,34.0,36.4
2020-04-02,Uttarakhand,NR,30.32040895,78.05000565,34.0,2020,4,3,93,0,1,20.3,47,34.8,19.7,43.6,30.057142857142853,6.768519568033836,35.11666666666667,0.43388373911755823,-0.900968867902419,0.8660254037844387,-0.4999999999999998,0.9995462806873573,-0.030120304846908114,34.5,36.8
2020-04-03,Uttarakhand,NR,30.32040895,78.05000565,34.5,2020,4,4,94,0,0,19.2,52,34.0,20.3,43.8,32.08571428571429,5.332425517976014,34.806666666666665,-0.433883739117558,-0.9009688679024191,0.8660254037844387,-0.4999999999999998,0.9988797155850336,-0.04732138832243185,31.5,35.7
2020-04-04,Uttarakhand,NR,30.32040895,78.05000565,31.5,2020,4,5,95,1,0,21.3,51,34.5,20.1,42.1,33.714285714285715,1.2061351104921074,34.45333333333333,-0.9749279121818236,-0.2225209339563146,0.8660254037844387,-0.4999999999999998,0.9979171608653922,-0.06450844944931623,33.6,33.4
2020-04-05,Uttarakhand,NR,30.32040895,78.05000565,33.6,2020,4,6,96,1,0,20.7,52,31.5,32.6,43.0,33.857142857142854,1.1073348527841,34.14,-0.7818314824680299,0.6234898018587334,0.8660254037844387,-0.4999999999999998,0.9966589017541702,-0.08167639533042241,34.6,38.1
2020-04-13,Uttarakhand,NR,30.32040895,78.05000565,34.6,2020,4,0,104,0,0,26.2,49,33.6,34.4,40.7,33.885714285714286,1.1260973484096073,33.93666666666666,0.0,1.0,0.8660254037844387,-0.4999999999999998,0.9760105506323683,-0.21772323039653177,35.8,38.7
2020-04-14,Uttarakhand,NR,30.32040895,78.05000565,35.8,2020,4,1,105,0,1,25.5,52,34.6,34.2,40.4,34.114285714285714,1.3421730780448877,33.78333333333333,0.7818314824680298,0.6234898018587336,0.8660254037844387,-0.4999999999999998,0.9721181966290613,-0.23449138957040985,36.4,39.8
2020-04-15,Uttarakhand,NR,30.32040895,78.05000565,36.4,2020,4,2,106,0,0,25.2,50,35.8,34.8,40.3,34.34285714285714,1.591495253796588,33.653333333333336,0.9749279121818236,-0.22252093395631434,0.8660254037844387,-0.4999999999999998,0.9679377830240642,-0.25119006388481935,36.8,37.1
2020-04-16,Uttarakhand,NR,30.32040895,78.05000565,36.8,2020,4,3,107,0,0,25.9,42,36.4,34.0,40.1,34.74285714285714,1.8256114435599593,33.54333333333333,0.43388373911755823,-0.900968867902419,0.8660254037844387,-0.4999999999999998,0.9634705485641488,-0.2678143051621742,35.7,33.6
2020-04-17,Uttarakhand,NR,30.32040895,78.05000565,35.7,2020,4,4,108,0,0,25.3,42,36.8,34.5,38.0,34.91428571428571,1.855108776171498,33.46666666666667,-0.433883739117558,-0.9009688679024191,0.8660254037844387,-0.4999999999999998,0.9587178169872964,-0.2843591872810034,33.4,39.2
2020-04-18,Uttarakhand,NR,30.32040895,78.05000565,33.4,2020,4,5,109,1,0,23.6,48,35.7,31.5,40.1,35.18571428571428,1.3396872413969816,33.24333333333333,-0.9749279121818236,-0.2225209339563146,0.8660254037844387,-0.4999999999999998,0.9536809966304457,-0.30081980763566735,38.1,36.4
2020-04-19,Uttarakhand,NR,30.32040895,78.05000565,38.1,2020,4,6,110,1,0,23.1,47,33.4,33.6,40.7,35.82857142857143,1.5195550727260871,33.156666666666666,-0.7818314824680299,0.6234898018587334,0.8660254037844387,-0.4999999999999998,0.9483615800121715,-0.3171912885891061,38.7,45.8
2020-04-20,Uttarakhand,NR,30.32040895,78.05000565,38.7,2020,4,0,111,0,0,22.9,47,38.1,34.6,37.2,36.41428571428572,1.7410998166183782,33.20666666666667,0.0,1.0,0.8660254037844387,-0.4999999999999998,0.9427611433904207,-0.3334687789181868,39.8,46.6
2020-04-21,Uttarakhand,NR,30.32040895,78.05000565,39.8,2020,4,1,112,0,0,21.2,56,38.7,35.8,45.1,36.98571428571429,2.1208713393544714,33.03,0.7818314824680298,0.6234898018587336,0.8660254037844387,-0.4999999999999998,0.9368813462954315,-0.3496474552512284,37.1,47.5
2020-04-22,Uttarakhand,NR,30.32040895,78.05000565,37.1,2020,4,2,113,0,0,21.7,55,39.8,36.4,44.2,37.08571428571429,2.105095858014206,32.79333333333334,0.9749279121818236,-0.22252093395631434,0.8660254037844387,-0.4999999999999998,0.9307239310379795,-0.36572252349726897,33.6,42.1
2020-04-23,Uttarakhand,NR,30.32040895,78.05000565,33.6,2020,4,3,114,0,0,23.5,49,37.1,36.8,42.2,36.628571428571426,2.4897886695556313,32.50666666666667,0.43388373911755823,-0.900968867902419,0.8660254037844387,-0.4999999999999998,0.9242907221930933,-0.3816892202666588,39.2,41.9
2020-04-24,Uttarakhand,NR,30.32040895,78.05000565,39.2,2020,4,4,115,0,0,23.8,53,33.6,35.7,43.9,37.12857142857143,2.6202508058799028,32.35,-0.433883739117558,-0.9009688679024191,0.8660254037844387,-0.4999999999999998,0.9175836260593937,-0.39754281428255595,36.4,46.1
2020-04-25,Uttarakhand,NR,30.32040895,78.05000565,36.4,2020,4,5,116,1,0,23.3,59,39.2,33.4,41.9,37.55714285714286,2.103058996523194,32.166666666666664,-0.9749279121818236,-0.2225209339563146,0.8660254037844387,-0.4999999999999998,0.9106046300942162,-0.4132786077829042,45.8,42.7
2020-04-26,Uttarakhand,NR,30.32040895,78.05000565,45.8,2020,4,6,117,1,0,21.3,72,36.4,38.1,43.9,38.65714285714286,3.779707723646171,32.23,-0.7818314824680299,0.6234898018587334,0.8660254037844387,-0.4999999999999998,0.9033558023246845,-0.4288919379124835,46.6,21.2
2020-04-27,Uttarakhand,NR,30.32040895,78.05000565,46.6,2020,4,0,118,0,0,20.4,75,45.8,38.7,40.3,39.785714285714285,4.828536207253913,32.440000000000005,0.0,1.0,0.8660254037844387,-0.4999999999999998,0.895839290734909,-0.4443781781046132,47.5,22.3
2020-04-28,Uttarakhand,NR,30.32040895,78.05000565,47.5,2020,4,1,119,0,0,21.9,65,46.6,39.8,18.4,40.885714285714286,5.641048534752092,33.410000000000004,0.7818314824680298,0.6234898018587336,0.8660254037844387,-0.4999999999999998,0.8880573226294932,-0.45973273945210397,42.1,25.3
2020-04-29,Uttarakhand,NR,30.32040895,78.05000565,42.1,2020,4,2,120,0,0,22.2,70,47.5,37.1,18.5,41.6,5.392896562454497,34.19666666666667,0.9749279121818236,-0.22252093395631434,0.8660254037844387,-0.4999999999999998,0.8800122039735357,-0.47495107206704995,41.9,25.3
2020-04-30,Uttarakhand,NR,30.32040895,78.05000565,41.9,2020,4,3,121,0,0,22.6,73,42.1,33.6,19.1,42.785714285714285,4.097734565760552,34.95666666666667,0.43388373911755823,-0.900968867902419,0.8660254037844387,-0.4999999999999998,0.8717063187093218,-0.4900286664290592,46.1,22.7
2020-05-01,Uttarakhand,NR,30.32040895,78.05000565,46.1,2020,5,4,122,0,0,24.4,65,41.9,39.2,19.5,43.771428571428565,3.9173606274779704,35.843333333333334,-0.433883739117558,-0.9009688679024191,0.49999999999999994,-0.8660254037844387,0.8631421280499114,-0.5049610547215204,42.7,26.5
2020-05-02,Uttarakhand,NR,30.32040895,78.05000565,42.7,2020,5,5,123,1,0,23.3,76,46.1,36.4,19.7,44.67142857142857,2.3528098702858777,36.61,-0.9749279121818236,-0.2225209339563146,0.49999999999999994,-0.8660254037844387,0.854322169749827,-0.5197438121555155,21.2,28.0
2020-05-03,Uttarakhand,NR,30.32040895,78.05000565,21.2,2020,5,6,124,1,0,23.6,73,42.7,45.8,20.3,41.15714285714285,9.095760393878969,36.64,-0.7818314824680299,0.6234898018587334,0.49999999999999994,-0.8660254037844387,0.8452490573530633,-0.5343725582809786,22.3,38.3
2020-05-04,Uttarakhand,NR,30.32040895,78.05000565,22.3,2020,5,0,125,0,0,23.4,69,21.2,46.6,20.1,37.68571428571429,11.090600911196315,36.71333333333334,0.0,1.0,0.49999999999999994,-0.8660254037844387,0.8359254794186372,-0.548842958284719,25.3,39.3
2020-05-05,Uttarakhand,NR,30.32040895,78.05000565,25.3,2020,5,1,126,0,0,23.8,59,22.3,47.5,32.6,34.51428571428571,10.990060444393757,36.47,0.7818314824680298,0.6234898018587336,0.49999999999999994,-0.8660254037844387,0.8263541987239096,-0.5631507242749186,25.3,39.3
2020-05-13,Uttarakhand,NR,30.32040895,78.05000565,25.3,2020,5,2,134,0,0,24.3,67,25.3,42.1,34.4,32.114285714285714,10.891346499465904,36.166666666666664,0.9749279121818236,-0.22252093395631434,0.49999999999999994,-0.8660254037844387,0.7412220108485958,-0.6712599575675313,22.7,39.4
2020-05-14,Uttarakhand,NR,30.32040895,78.05000565,22.7,2020,5,3,135,0,0,25.6,61,25.3,41.9,34.2,29.37142857142857,10.423805173050473,35.78333333333333,0.43388373911755823,-0.900968867902419,0.49999999999999994,-0.8660254037844387,0.7295575540864875,-0.6839194216246106,26.5,40.1
2020-05-15,Uttarakhand,NR,30.32040895,78.05000565,26.5,2020,5,4,136,0,0,27.0,45,22.7,46.1,34.8,26.571428571428573,7.364942698513026,35.50666666666667,-0.433883739117558,-0.9009688679024191,0.49999999999999994,-0.8660254037844387,0.717676913675962,-0.6963762255968722,28.0,39.2
2020-05-16,Uttarakhand,NR,30.32040895,78.05000565,28.0,2020,5,5,137,1,0,27.2,44,26.5,42.7,34.0,24.47142857142857,2.466248355778514,35.306666666666665,-0.9749279121818236,-0.2225209339563146,0.49999999999999994,-0.8660254037844387,0.705583610107178,-0.7086266782644596,38.3,35.6
2020-05-17,Uttarakhand,NR,30.32040895,78.05000565,38.3,2020,5,6,138,1,0,27.9,39,28.0,21.2,34.5,26.91428571428571,5.40445142804472,35.43333333333333,-0.7818314824680299,0.6234898018587334,0.49999999999999994,-0.8660254037844387,0.6932812268869777,-0.7206671495538609,39.3,33.0
2020-05-18,Uttarakhand,NR,30.32040895,78.05000565,39.3,2020,5,0,139,0,0,27.5,32,38.3,22.3,31.5,29.342857142857138,6.659293541824836,35.69333333333334,0.0,1.0,0.49999999999999994,-0.8660254037844387,0.6807734094770161,-0.7324940716135789,39.3,35.0
2020-05-19,Uttarakhand,NR,30.32040895,78.05000565,39.3,2020,5,1,140,0,0,26.2,30,39.3,25.3,33.6,31.342857142857138,7.3129695616434365,35.88333333333333,0.7818314824680298,0.6234898018587336,0.49999999999999994,-0.8660254037844387,0.6680638642135335,-0.7441039398713607,39.4,35.4
2020-05-20,Uttarakhand,NR,30.32040895,78.05000565,39.4,2020,5,2,141,0,0,28.0,27,39.3,25.3,34.6,33.357142857142854,7.312969561643444,36.04333333333333,0.9749279121818236,-0.22252093395631434,0.49999999999999994,-0.8660254037844387,0.6551563572090853,-0.7554933140726803,40.1,35.3
2020-05-21,Uttarakhand,NR,30.32040895,78.05000565,40.1,2020,5,3,142,0,0,27.8,35,39.4,22.7,35.8,35.84285714285714,5.909274389425798,36.186666666666675,0.43388373911755823,-0.900968867902419,0.49999999999999994,-0.8660254037844387,0.6420547132365637,-0.766658819300159,39.2,36.1
