timestamp,node_id,region,latitude,longitude,consumption_mu,year,month,dayofweek,dayofyear,is_weekend,is_holiday,temperature_c,humidity,lag_1d,lag_7d,lag_30d,roll_mean_7d,roll_std_7d,roll_mean_30d,dow_sin,dow_cos,month_sin,month_cos,doy_sin,doy_cos,target_next_1d,target_next_7d
2019-02-02,Rajasthan,NR,26.44999921,74.63998124,141.36700000000002,2019,2,5,33,1,0,12.9,61,141.4,232.4,234.1,189.5477142857143,45.11621187080568,205.25779999999997,-0.9749279121818236,-0.2225209339563146,0.8660254037844386,0.5000000000000001,0.5380051715382996,0.8429415373547828,145.1,201.3
2019-02-03,Rajasthan,NR,26.44999921,74.63998124,145.1,2019,2,6,34,1,0,13.9,59,141.36700000000002,229.6,240.2,177.47628571428572,43.90180983632406,202.0878,-0.7818314824680299,0.6234898018587334,0.8660254037844386,0.5000000000000001,0.5524353131676196,0.8335557718385699,147.7,209.7
2019-02-04,Rajasthan,NR,26.44999921,74.63998124,147.7,2019,2,0,35,0,0,16.9,60,145.1,226.9,239.8,166.162,38.970171648753755,199.0178,0.0,1.0,0.8660254037844386,0.5000000000000001,0.5667017562911176,0.8239230057575542,149.0,210.8
2019-02-05,Rajasthan,NR,26.44999921,74.63998124,149.0,2019,2,1,36,0,0,19.7,63,147.7,222.4,239.1,155.6762857142857,30.205451609018514,196.01446666666666,0.7818314824680298,0.6234898018587336,0.8660254037844386,0.5000000000000001,0.5808002734538009,0.8140460935082178,148.9,205.0
2019-02-06,Rajasthan,NR,26.44999921,74.63998124,148.9,2019,2,2,37,0,0,18.6,43,149.0,223.8,240.4,144.97628571428572,3.6023936817194238,192.96446666666665,0.9749279121818236,-0.22252093395631434,0.8660254037844386,0.5000000000000001,0.5947266869607634,0.8039279618328213,175.3,202.4
2019-02-07,Rajasthan,NR,26.44999921,74.63998124,175.3,2019,2,3,38,0,0,15.3,35,148.9,141.36700000000002,241.9,149.82385714285715,11.689535953557822,190.74446666666665,0.43388373911755823,-0.900968867902419,0.8660254037844386,0.5000000000000001,0.6084768701151261,0.7935716089521474,188.1,232.8
2019-02-08,Rajasthan,NR,26.44999921,74.63998124,188.1,2019,2,4,39,0,0,12.7,41,175.3,141.4,237.2,156.49528571428573,17.806447958668212,189.10780000000003,-0.433883739117558,-0.9009688679024191,0.8660254037844386,0.5000000000000001,0.6220467484408675,0.7829801036770629,201.3,236.7
2019-02-09,Rajasthan,NR,26.44999921,74.63998124,201.3,2019,2,5,40,1,0,13.2,40,188.1,141.36700000000002,197.0,165.05714285714288,22.977805025927122,189.25113333333334,-0.9749279121818236,-0.2225209339563146,0.8660254037844386,0.5000000000000001,0.6354323008901774,0.7721565844991642,209.7,237.0
2019-02-10,Rajasthan,NR,26.44999921,74.63998124,209.7,2019,2,6,41,1,0,13.8,41,201.3,145.1,199.9,174.28571428571428,26.35149765329148,189.5778,-0.7818314824680299,0.6234898018587334,0.8660254037844386,0.5000000000000001,0.6486295610349814,0.7611042586607747,210.8,235.2
2019-02-11,Rajasthan,NR,26.44999921,74.63998124,210.8,2019,2,0,42,0,0,15.0,48,209.7,147.7,187.7,183.29999999999998,26.533312395301582,190.3478,0.0,1.0,0.8660254037844386,0.5000000000000001,0.6616346182422783,0.7498264012045686,205.0,236.6
2019-02-12,Rajasthan,NR,26.44999921,74.63998124,205.0,2019,2,1,43,0,0,17.3,52,210.8,149.0,189.9,191.29999999999998,22.621892051727183,190.85113333333337,0.7818314824680298,0.6234898018587336,0.8660254037844386,0.5000000000000001,0.6744436188329455,0.7383263540031065,202.4,234.3
2019-02-13,Rajasthan,NR,26.44999921,74.63998124,202.4,2019,2,2,44,0,0,20.2,54,205.0,148.9,186.9,198.94285714285712,12.826126609757182,191.3678,0.9749279121818236,-0.22252093395631434,0.8660254037844386,0.5000000000000001,0.6870527672236669,0.7266075247685656,232.8,232.0
2019-02-14,Rajasthan,NR,26.44999921,74.63998124,232.8,2019,2,3,45,0,0,20.5,53,202.4,175.3,195.2,207.15714285714284,13.552718932973864,192.62113333333335,0.43388373911755823,-0.900968867902419,0.8660254037844386,0.5000000000000001,0.699458327051647,0.7146733860429609,236.7,248.1
2019-02-15,Rajasthan,NR,26.44999921,74.63998124,236.7,2019,2,4,46,0,0,17.5,46,232.8,188.1,185.4,214.1,14.573034458661352,194.33113333333333,-0.433883739117558,-0.9009688679024191,0.8660254037844386,0.5000000000000001,0.7116566222817746,0.7025274741691571,237.0,257.9
2019-02-16,Rajasthan,NR,26.44999921,74.63998124,237.0,2019,2,5,47,1,0,16.0,44,236.7,201.3,175.3,219.20000000000002,15.5603127646372,196.3878,-0.9749279121818236,-0.2225209339563146,0.8660254037844386,0.5000000000000001,0.7236440382959124,0.6901733882429719,235.2,256.2
2019-02-17,Rajasthan,NR,26.44999921,74.63998124,235.2,2019,2,6,48,1,0,17.5,39,237.0,209.7,197.2,222.84285714285716,15.945726401647198,197.65446666666668,-0.7818314824680299,0.6234898018587334,0.8660254037844386,0.5000000000000001,0.7354170229639855,0.6776147890466889,236.6,250.0
2019-02-18,Rajasthan,NR,26.44999921,74.63998124,236.6,2019,2,0,49,0,0,20.6,32,235.2,210.8,209.8,226.5285714285714,15.677660782752184,198.5478,0.0,1.0,0.8660254037844386,0.5000000000000001,0.7469720876965552,0.6648553979642865,234.3,255.7
2019-02-19,Rajasthan,NR,26.44999921,74.63998124,234.3,2019,2,1,50,0,0,21.0,42,236.6,205.0,197.6,230.71428571428572,12.576489782053404,199.77113333333332,0.7818314824680298,0.6234898018587336,0.8660254037844386,0.5000000000000001,0.7583058084785624,0.6518989958787126,232.0,261.6
2019-02-20,Rajasthan,NR,26.44999921,74.63998124,232.0,2019,2,2,51,0,0,21.4,54,234.3,202.4,197.6,234.94285714285712,1.9915296824775555,200.91780000000003,0.9749279121818236,-0.22252093395631434,0.8660254037844386,0.5000000000000001,0.7694148268839378,0.6387494220515272,248.1,260.2
2019-02-21,Rajasthan,NR,26.44999921,74.63998124,248.1,2019,2,3,52,0,0,21.9,57,232.0,232.8,189.7,237.12857142857143,5.145779592933065,202.8644666666667,0.43388373911755823,-0.900968867902419,0.8660254037844386,0.5000000000000001,0.7802958510707755,0.6254105729852463,257.9,238.4
2019-02-22,Rajasthan,NR,26.44999921,74.63998124,257.9,2019,2,4,53,0,0,18.5,54,248.1,236.7,191.9,240.15714285714284,9.36248847669193,205.06446666666668,-0.433883739117558,-0.9009688679024191,0.8660254037844386,0.5000000000000001,0.7909456567567772,0.6118864012687243,256.2,240.6
2019-02-23,Rajasthan,NR,26.44999921,74.63998124,256.2,2019,2,5,54,1,0,16.9,38,257.9,237.0,227.2,242.9,10.959622864557526,206.03113333333334,-0.9749279121818236,-0.2225209339563146,0.8660254037844386,0.5000000000000001,0.8013610881746766,0.5981809144059165,250.0,240.9
2019-02-24,Rajasthan,NR,26.44999921,74.63998124,250.0,2019,2,6,55,1,0,18.6,32,256.2,235.2,231.6,245.0142857142857,10.649793201658616,206.64446666666666,-0.7818314824680299,0.6234898018587334,0.8660254037844386,0.5000000000000001,0.8115390590073611,0.5842981736283684,255.7,240.9
2019-02-25,Rajasthan,NR,26.44999921,74.63998124,255.7,2019,2,0,56,0,0,18.8,29,250.0,236.6,232.4,247.74285714285716,10.58125026369077,207.42113333333333,0.0,1.0,0.8660254037844386,0.5000000000000001,0.8214765533024142,0.5702422926917871,261.6,243.6
2019-02-26,Rajasthan,NR,26.44999921,74.63998124,261.6,2019,2,1,57,0,0,17.2,33,255.7,234.3,229.6,251.64285714285714,9.803206472519907,208.4878,0.7818314824680298,0.6234898018587336,0.8660254037844386,0.5000000000000001,0.8311706263658079,0.5560174366570446,260.2,243.7
2019-02-27,Rajasthan,NR,26.44999921,74.63998124,260.2,2019,2,2,58,0,0,15.7,47,261.6,232.0,226.9,255.67142857142858,5.006567115870254,209.5978,0.9749279121818236,-0.22252093395631434,0.8660254037844386,0.5000000000000001,0.8406184056344782,0.5416278206559814,238.4,242.5
2019-02-28,Rajasthan,NR,26.44999921,74.63998124,238.4,2019,2,3,59,0,0,15.6,41,260.2,248.1,222.4,254.28571428571428,7.936503968252907,210.13113333333334,0.43388373911755823,-0.900968867902419,0.8660254037844386,0.5000000000000001,0.8498170915275278,0.5270777086423722,240.6,229.7
2019-03-02,Rajasthan,NR,26.44999921,74.63998124,240.6,2019,3,5,61,1,0,17.5,48,238.4,257.9,223.8,251.8142857142857,9.214197120282767,210.69113333333334,-0.9749279121818236,-0.2225209339563146,1.0,6.123233995736766e-17,0.8674563547295969,0.49751328890718066,240.9,232.4
2019-03-03,Rajasthan,NR,26.44999921,74.63998124,240.9,2019,3,6,62,1,0,18.5,56,240.6,256.2,141.36700000000002,249.62857142857143,9.796719567575295,214.00889999999998,-0.7818314824680299,0.6234898018587334,1.0,6.123233995736766e-17,0.8758917051442429,0.48250774176121847,240.9,221.0
2019-03-04,Rajasthan,NR,26.44999921,74.63998124,240.9,2019,3,0,63,0,1,18.4,56,240.9,250.0,141.4,248.32857142857145,10.328554962774115,217.3255666666667,0.0,1.0,1.0,6.123233995736766e-17,0.8840675099433636,0.4673592171580022,243.6,217.3
2019-03-05,Rajasthan,NR,26.44999921,74.63998124,243.6,2019,3,1,64,0,0,18.0,50,240.9,255.7,141.36700000000002,246.6,9.892589819320891,220.73333333333332,0.7818314824680298,0.6234898018587336,1.0,6.123233995736766e-17,0.8919813464595485,0.45207220393230435,243.7,212.7
2019-03-06,Rajasthan,NR,26.44999921,74.63998124,243.7,2019,3,2,65,0,0,18.9,35,243.6,261.6,145.1,244.04285714285714,7.357729981195827,224.01999999999998,0.9749279121818236,-0.22252093395631434,1.0,6.123233995736766e-17,0.8996308696522433,0.43665123195606403,242.5,214.6
2019-03-07,Rajasthan,NR,26.44999921,74.63998124,242.5,2019,3,3,66,0,0,20.3,32,243.7,260.2,147.7,241.51428571428573,1.8880577069462037,227.17999999999998,0.43388373911755823,-0.900968867902419,1.0,6.123233995736766e-17,0.9070138128026359,0.4211008707960896,229.7,203.9
2019-03-08,Rajasthan,NR,26.44999921,74.63998124,229.7,2019,3,4,67,0,0,21.6,32,242.5,238.4,149.0,240.27142857142854,4.838289741121802,229.87,-0.433883739117558,-0.9009688679024191,1.0,6.123233995736766e-17,0.9141279881853337,0.40542572835999735,232.4,164.0
2019-03-09,Rajasthan,NR,26.44999921,74.63998124,232.4,2019,3,5,68,1,0,20.4,42,229.7,240.6,148.9,239.1,5.667156841544385,232.65333333333334,-0.9749279121818236,-0.2225209339563146,1.0,6.123233995736766e-17,0.9209712877166346,0.38963044953078796,221.0,165.4
2019-03-10,Rajasthan,NR,26.44999921,74.63998124,221.0,2019,3,6,69,1,0,21.1,36,232.4,240.9,175.3,236.25714285714284,8.760680556299265,234.17666666666668,-0.7818314824680299,0.6234898018587334,1.0,6.123233995736766e-17,0.9275416835791966,0.37371971479046906,217.3,180.1
2019-03-11,Rajasthan,NR,26.44999921,74.63998124,217.3,2019,3,0,70,0,0,20.9,39,221.0,240.9,188.1,232.8857142857143,10.944927070173838,235.15,0.0,1.0,1.0,6.123233995736766e-17,0.9338372288229252,0.35769823883312546,212.7,188.8
2019-03-12,Rajasthan,NR,26.44999921,74.63998124,212.7,2019,3,1,71,0,0,20.4,36,217.3,243.6,201.3,228.47142857142856,12.07624586888281,235.53,0.7818314824680298,0.6234898018587336,1.0,6.123233995736766e-17,0.9398560579418954,0.3415707691678556,214.6,190.9
2019-03-13,Rajasthan,NR,26.44999921,74.63998124,214.6,2019,3,2,72,0,0,19.7,44,212.7,243.7,209.7,224.3142857142857,10.91290193172388,235.69333333333333,0.9749279121818236,-0.22252093395631434,1.0,6.123233995736766e-17,0.9455963874271426,0.3253420847119801,203.9,198.4
2019-03-14,Rajasthan,NR,26.44999921,74.63998124,203.9,2019,3,3,73,0,0,19.7,52,214.6,242.5,210.8,218.79999999999998,9.897137633342608,235.4633333333333,0.43388373911755823,-0.900968867902419,1.0,6.123233995736766e-17,0.9510565162951535,0.30901699437494745,164.0,206.6
2019-03-15,Rajasthan,NR,26.44999921,74.63998124,164.0,2019,3,4,74,0,0,19.5,45,203.9,229.7,205.0,209.41428571428574,21.814783104691948,234.09666666666666,-0.433883739117558,-0.9009688679024191,1.0,6.123233995736766e-17,0.9562348265919056,0.29260033563334836,165.4,216.7
2019-03-16,Rajasthan,NR,26.44999921,74.63998124,165.4,2019,3,5,75,1,0,20.2,37,164.0,232.4,202.4,199.84285714285716,24.572807270290596,232.86333333333332,-0.9749279121818236,-0.2225209339563146,1.0,6.123233995736766e-17,0.9611297838723007,0.27609697309746883,180.1,214.5
2019-03-17,Rajasthan,NR,26.44999921,74.63998124,180.1,2019,3,6,76,1,0,21.5,31,165.4,221.0,232.8,194.0,23.544709242913175,231.10666666666665,-0.7818314824680299,0.6234898018587334,1.0,6.123233995736766e-17,0.9657399376548549,0.2595117970697999,188.8,218.6
2019-03-18,Rajasthan,NR,26.44999921,74.63998124,188.8,2019,3,0,77,0,0,22.6,28,180.1,217.3,236.7,189.92857142857142,21.190541465923758,229.51000000000002,0.0,1.0,1.0,6.123233995736766e-17,0.9700639218515071,0.2428497220959356,190.9,213.0
2019-03-19,Rajasthan,NR,26.44999921,74.63998124,190.9,2019,3,1,78,0,0,24.3,26,188.8,212.7,237.0,186.81428571428572,18.74721566628178,227.97333333333333,0.7818314824680298,0.6234898018587336,1.0,6.123233995736766e-17,0.9741004551724205,0.22611568550828828,198.4,212.3
2019-03-20,Rajasthan,NR,26.44999921,74.63998124,198.4,2019,3,2,79,0,0,24.4,23,190.9,214.6,235.2,184.5,15.456605923250153,226.7466666666667,0.9749279121818236,-0.22252093395631434,1.0,6.123233995736766e-17,0.9778483415056568,0.20931464596304847,206.6,213.3
2019-03-21,Rajasthan,NR,26.44999921,74.63998124,206.6,2019,3,3,80,0,1,24.1,29,198.4,203.9,236.6,184.8857142857143,16.043942633844097,225.74666666666664,0.43388373911755823,-0.900968867902419,1.0,6.123233995736766e-17,0.9813064702716093,0.19245158197082998,216.7,210.3
2019-03-22,Rajasthan,NR,26.44999921,74.63998124,216.7,2019,3,4,81,0,0,23.9,27,206.6,164.0,234.3,192.41428571428574,16.949083413902237,225.15999999999997,-0.433883739117558,-0.9009688679024191,1.0,6.123233995736766e-17,0.9844738167520922,0.1755314904214282,214.5,209.5
2019-03-23,Rajasthan,NR,26.44999921,74.63998124,214.5,2019,3,5,82,1,0,24.5,25,216.7,165.4,232.0,199.42857142857142,13.767318098273078,224.57666666666665,-0.9749279121818236,-0.2225209339563146,1.0,6.123233995736766e-17,0.9873494423939864,0.15855938510313475,218.6,216.3
2019-03-24,Rajasthan,NR,26.44999921,74.63998124,218.6,2019,3,6,83,1,0,26.2,28,214.5,180.1,248.1,204.92857142857142,12.37897603273548,223.59333333333333,-0.7818314824680299,0.6234898018587334,1.0,6.123233995736766e-17,0.989932495087353,0.141540295217043,213.0,215.4
2019-03-25,Rajasthan,NR,26.44999921,74.63998124,213.0,2019,3,0,84,0,0,24.4,41,218.6,188.8,257.9,208.3857142857143,10.33431638949033,222.09666666666666,0.0,1.0,1.0,6.123233995736766e-17,0.9922222094179323,0.12447926388678915,212.3,214.8
2019-03-26,Rajasthan,NR,26.44999921,74.63998124,212.3,2019,3,1,85,0,0,24.6,31,213.0,190.9,256.2,211.44285714285712,6.891264311395853,220.63333333333333,0.7818314824680298,0.6234898018587336,1.0,6.123233995736766e-17,0.994217906893952,0.10738134666416309,213.3,222.9
2019-03-27,Rajasthan,NR,26.44999921,74.63998124,213.3,2019,3,2,86,0,0,26.2,25,212.3,198.4,250.0,213.57142857142858,3.7981198356172845,219.41,0.9749279121818236,-0.22252093395631434,1.0,6.123233995736766e-17,0.995918996147179,0.09025161003104117,210.3,220.4
2019-03-28,Rajasthan,NR,26.44999921,74.63998124,210.3,2019,3,3,87,0,0,29.5,22,213.3,206.6,255.7,214.1,2.789862601155958,217.89666666666665,0.43388373911755823,-0.900968867902419,1.0,6.123233995736766e-17,0.9973249731081555,0.07309512989807777,209.5,217.5
2019-03-29,Rajasthan,NR,26.44999921,74.63998124,209.5,2019,3,4,88,0,0,30.6,19,210.3,216.7,261.6,213.07142857142858,2.9914958831732688,216.15999999999997,-0.433883739117558,-0.9009688679024191,1.0,6.123233995736766e-17,0.9984354211555643,0.055916990100603484,216.3,232.4
2019-03-30,Rajasthan,NR,26.44999921,74.63998124,216.3,2019,3,5,89,1,0,30.5,20,209.5,214.5,260.2,213.32857142857142,3.2045354763276874,214.69666666666666,-0.9749279121818236,-0.2225209339563146,1.0,6.123233995736766e-17,0.9992500112396835,0.03872228089217446,215.4,228.8
2019-03-31,Rajasthan,NR,26.44999921,74.63998124,215.4,2019,3,6,90,1,0,29.0,24,216.3,218.6,238.4,212.8714285714286,2.4716487653067882,213.93,-0.7818314824680299,0.6234898018587334,1.0,6.123233995736766e-17,0.9997685019798909,0.021516097436222254,214.8,222.5
2019-04-02,Rajasthan,NR,26.44999921,74.63998124,214.8,2019,4,1,92,0,0,28.9,17,215.4,213.0,240.6,213.12857142857143,2.5785747262863383,213.07,0.7818314824680298,0.6234898018587336,0.8660254037844387,-0.4999999999999998,0.9999166586547379,-0.01291029607500882,222.9,222.5
2019-04-03,Rajasthan,NR,26.44999921,74.63998124,222.9,2019,4,2,93,0,0,31.2,15,214.8,212.3,240.9,214.64285714285714,4.446668094523438,212.47,0.9749279121818236,-0.22252093395631434,0.8660254037844387,-0.4999999999999998,0.9995462806873573,-0.030120304846908114,220.4,231.3
2019-04-04,Rajasthan,NR,26.44999921,74.63998124,220.4,2019,4,3,94,0,0,31.5,16,222.9,213.3,240.9,215.65714285714284,4.878133913310127,211.78666666666666,0.43388373911755823,-0.900968867902419,0.8660254037844387,-0.4999999999999998,0.9988797155850336,-0.04732138832243185,217.5,223.6
2019-04-05,Rajasthan,NR,26.44999921,74.63998124,217.5,2019,4,4,95,0,0,31.9,17,220.4,210.3,243.6,216.68571428571428,4.283078554586425,210.91666666666666,-0.433883739117558,-0.9009688679024191,0.8660254037844387,-0.4999999999999998,0.9979171608653922,-0.06450844944931623,232.4,212.0
2019-04-06,Rajasthan,NR,26.44999921,74.63998124,232.4,2019,4,5,96,1,0,31.7,20,217.5,209.5,243.7,219.95714285714286,6.1975417553673005,210.54000000000002,-0.9749279121818236,-0.2225209339563146,0.8660254037844387,-0.4999999999999998,0.9966589017541702,-0.08167639533042241,228.8,240.6
2019-04-07,Rajasthan,NR,26.44999921,74.63998124,228.8,2019,4,6,97,1,0,31.6,20,232.4,216.3,242.5,221.74285714285716,6.744839297037046,210.08333333333334,-0.7818314824680299,0.6234898018587334,0.8660254037844387,-0.4999999999999998,0.9951053111006976,-0.09882013873287143,222.5,242.9
2019-04-08,Rajasthan,NR,26.44999921,74.63998124,222.5,2019,4,0,98,0,0,30.6,24,228.8,215.4,229.7,222.75714285714284,6.138636423739037,209.8433333333333,0.0,1.0,0.8660254037844387,-0.4999999999999998,0.9932568492674143,-0.11593459959550041,222.5,248.5
2019-04-09,Rajasthan,NR,26.44999921,74.63998124,222.5,2019,4,1,99,0,0,31.6,21,222.5,214.8,232.4,223.85714285714286,5.072427802297702,209.51333333333332,0.7818314824680298,0.6234898018587336,0.8660254037844387,-0.4999999999999998,0.9911140639934547,-0.1330147065341959,231.3,249.5
2019-04-10,Rajasthan,NR,26.44999921,74.63998124,231.3,2019,4,2,100,0,0,32.2,20,222.5,222.9,221.0,225.05714285714285,5.75582520665136,209.85666666666665,0.9749279121818236,-0.22252093395631434,0.8660254037844387,-0.4999999999999998,0.9886775902323405,-0.1500553983446526,223.6,254.7
2019-04-11,Rajasthan,NR,26.44999921,74.63998124,223.6,2019,4,3,101,0,0,32.0,19,231.3,220.4,217.3,225.51428571428573,5.44286339207236,210.06666666666666,0.43388373911755823,-0.900968867902419,0.8660254037844387,-0.4999999999999998,0.9859481499638304,-0.16705162550211924,212.0,255.7
2019-04-12,Rajasthan,NR,26.44999921,74.63998124,212.0,2019,4,4,102,0,0,31.7,21,223.6,217.5,212.7,224.72857142857146,6.974170030838573,210.04333333333335,-0.433883739117558,-0.9009688679024191,0.8660254037844387,-0.4999999999999998,0.9829265519799822,-0.18399835165768005,240.6,246.4
2019-04-13,Rajasthan,NR,26.44999921,74.63998124,240.6,2019,4,5,103,1,1,31.9,20,212.0,232.4,214.6,225.9,8.900187263947485,210.90999999999997,-0.9749279121818236,-0.2225209339563146,0.8660254037844387,-0.4999999999999998,0.9796136916454901,-0.20089055513063506,242.9,242.6
2019-04-14,Rajasthan,NR,26.44999921,74.63998124,242.9,2019,4,6,104,1,1,31.8,22,240.6,228.8,203.9,227.91428571428574,11.011119920551335,212.21,-0.7818314824680299,0.6234898018587334,0.8660254037844387,-0.4999999999999998,0.9760105506323683,-0.21772323039653177,248.5,244.8
2019-04-15,Rajasthan,NR,26.44999921,74.63998124,248.5,2019,4,0,105,0,0,32.0,23,242.9,222.5,164.0,231.62857142857143,13.072581265854994,215.02666666666667,0.0,1.0,0.8660254037844387,-0.4999999999999998,0.9721181966290613,-0.23449138957040985,249.5,245.1
2019-04-16,Rajasthan,NR,26.44999921,74.63998124,249.5,2019,4,1,106,0,0,24.8,54,248.5,222.5,165.4,235.4857142857143,13.888055848033547,217.83,0.7818314824680298,0.6234898018587336,0.8660254037844387,-0.4999999999999998,0.9679377830240642,-0.25119006388481935,254.7,245.7
2019-04-17,Rajasthan,NR,26.44999921,74.63998124,254.7,2019,4,2,107,0,1,22.0,59,249.5,231.3,180.1,238.82857142857142,15.441903410926574,220.31666666666666,0.9749279121818236,-0.22252093395631434,0.8660254037844387,-0.4999999999999998,0.9634705485641488,-0.2678143051621742,255.7,246.2
2019-04-18,Rajasthan,NR,26.44999921,74.63998124,255.7,2019,4,3,108,0,0,23.9,50,254.7,223.6,188.8,243.41428571428568,14.923407628222918,222.54666666666665,0.43388373911755823,-0.900968867902419,0.8660254037844387,-0.4999999999999998,0.9587178169872964,-0.2843591872810034,246.4,236.0
2019-04-19,Rajasthan,NR,26.44999921,74.63998124,246.4,2019,4,4,109,0,1,24.7,43,255.7,212.0,190.9,248.32857142857142,5.616260406390547,224.39666666666668,-0.433883739117558,-0.9009688679024191,0.8660254037844387,-0.4999999999999998,0.9536809966304457,-0.30081980763566735,242.6,230.1
2019-04-20,Rajasthan,NR,26.44999921,74.63998124,242.6,2019,4,5,110,1,0,27.3,35,246.4,240.6,198.4,248.6142857142857,5.19243955876598,225.86999999999998,-0.9749279121818236,-0.2225209339563146,0.8660254037844387,-0.4999999999999998,0.9483615800121715,-0.3171912885891061,244.8,232.5
2019-04-21,Rajasthan,NR,26.44999921,74.63998124,244.8,2019,4,6,111,1,0,29.6,25,242.6,242.9,206.6,248.88571428571427,4.884474919385363,227.14333333333335,-0.7818314824680299,0.6234898018587334,0.8660254037844387,-0.4999999999999998,0.9427611433904207,-0.3334687789181868,245.1,232.8
2019-04-22,Rajasthan,NR,26.44999921,74.63998124,245.1,2019,4,0,112,0,0,31.4,21,244.8,248.5,216.7,248.4,5.093787065305721,228.09000000000003,0.0,1.0,0.8660254037844387,-0.4999999999999998,0.9368813462954315,-0.3496474552512284,245.7,235.6
2019-04-23,Rajasthan,NR,26.44999921,74.63998124,245.7,2019,4,1,113,0,0,33.0,19,245.1,249.5,214.5,247.85714285714286,5.159088143868007,229.13000000000002,0.7818314824680298,0.6234898018587336,0.8660254037844387,-0.4999999999999998,0.9307239310379795,-0.36572252349726897,246.2,232.7
2019-04-24,Rajasthan,NR,26.44999921,74.63998124,246.2,2019,4,2,114,0,0,33.7,18,245.7,254.7,218.6,246.64285714285714,4.1892151782323435,230.05,0.9749279121818236,-0.22252093395631434,0.8660254037844387,-0.4999999999999998,0.9242907221930933,-0.3816892202666588,236.0,235.0
2019-04-25,Rajasthan,NR,26.44999921,74.63998124,236.0,2019,4,3,115,0,0,33.0,19,246.2,255.7,213.0,243.82857142857142,3.6763724356655474,230.81666666666666,0.43388373911755823,-0.900968867902419,0.8660254037844387,-0.4999999999999998,0.9175836260593937,-0.39754281428255595,230.1,234.6
2019-04-26,Rajasthan,NR,26.44999921,74.63998124,230.1,2019,4,4,116,0,0,33.1,22,236.0,246.4,212.3,241.5,6.123724356958433,231.41,-0.433883739117558,-0.9009688679024191,0.8660254037844387,-0.4999999999999998,0.9106046300942162,-0.4132786077829042,232.5,231.0
2019-04-27,Rajasthan,NR,26.44999921,74.63998124,232.5,2019,4,5,117,1,0,33.5,18,230.1,242.6,213.3,240.05714285714288,6.954820185276468,232.05,-0.9749279121818236,-0.2225209339563146,0.8660254037844387,-0.4999999999999998,0.9033558023246845,-0.4288919379124835,232.8,225.8
2019-04-28,Rajasthan,NR,26.44999921,74.63998124,232.8,2019,4,6,118,1,0,33.5,16,232.5,244.8,210.3,238.34285714285716,7.068912491290865,232.8,-0.7818314824680299,0.6234898018587334,0.8660254037844387,-0.4999999999999998,0.895839290734909,-0.4443781781046132,235.6,228.5
2019-04-29,Rajasthan,NR,26.44999921,74.63998124,235.6,2019,4,0,119,0,0,33.5,15,232.8,245.1,209.5,236.98571428571427,6.4393137759209536,233.67000000000002,0.0,1.0,0.8660254037844387,-0.4999999999999998,0.8880573226294932,-0.45973273945210397,232.7,225.0
2019-04-30,Rajasthan,NR,26.44999921,74.63998124,232.7,2019,4,1,120,0,0,33.1,18,235.6,245.7,216.3,235.1285714285714,5.276903854128548,234.21666666666667,0.7818314824680298,0.6234898018587336,0.8660254037844387,-0.4999999999999998,0.8800122039735357,-0.47495107206704995,235.0,226.6
2019-05-02,Rajasthan,NR,26.44999921,74.63998124,235.0,2019,5,3,122,0,0,32.7,17,232.7,246.2,215.4,233.52857142857144,2.105322054314378,234.86999999999998,0.43388373911755823,-0.900968867902419,0.49999999999999994,-0.8660254037844387,0.8631421280499114,-0.5049610547215204,234.6,222.0
2019-05-03,Rajasthan,NR,26.44999921,74.63998124,234.6,2019,5,4,123,0,0,31.5,23,235.0,236.0,214.8,233.32857142857142,1.8865438290824472,235.53000000000003,-0.433883739117558,-0.9009688679024191,0.49999999999999994,-0.8660254037844387,0.854322169749827,-0.5197438121555155,231.0,210.8
2019-05-04,Rajasthan,NR,26.44999921,74.63998124,231.0,2019,5,5,124,1,0,31.1,26,234.6,230.1,222.9,233.45714285714283,1.6450502959459887,235.8,-0.9749279121818236,-0.2225209339563146,0.49999999999999994,-0.8660254037844387,0.8452490573530633,-0.5343725582809786,225.8,197.9
2019-05-05,Rajasthan,NR,26.44999921,74.63998124,225.8,2019,5,6,125,1,0,31.8,22,231.0,232.5,220.4,232.5,3.355095627052622,235.98000000000002,-0.7818314824680299,0.6234898018587334,0.49999999999999994,-0.8660254037844387,0.8359254794186372,-0.548842958284719,228.5,242.2
2019-05-06,Rajasthan,NR,26.44999921,74.63998124,228.5,2019,5,0,126,0,0,32.3,16,225.8,232.8,217.5,231.8857142857143,3.6698903577758104,236.3466666666667,0.0,1.0,0.49999999999999994,-0.8660254037844387,0.8263541987239096,-0.5631507242749186,225.0,251.4
2019-05-07,Rajasthan,NR,26.44999921,74.63998124,225.0,2019,5,1,127,0,0,33.1,17,228.5,235.6,232.4,230.3714285714286,4.049162170834121,236.1,0.7818314824680298,0.6234898018587336,0.49999999999999994,-0.8660254037844387,0.8165380514459161,-0.5772916165517272,226.6,256.8
2019-05-08,Rajasthan,NR,26.44999921,74.63998124,226.6,2019,5,2,128,0,0,32.6,21,225.0,232.7,228.8,229.5,4.1202750717234915,236.02666666666667,0.9749279121818236,-0.22252093395631434,0.49999999999999994,-0.8660254037844387,0.8064799463209448,-0.5912614448635781,222.0,219.3
2019-05-09,Rajasthan,NR,26.44999921,74.63998124,222.0,2019,5,3,129,0,0,31.6,22,226.6,235.0,222.5,227.64285714285714,4.157666470051298,236.00999999999996,0.43388373911755823,-0.900968867902419,0.49999999999999994,-0.8660254037844387,0.7961828637826158,-0.6050560696488488,210.8,218.3
2019-05-10,Rajasthan,NR,26.44999921,74.63998124,210.8,2019,5,4,130,0,0,30.7,29,222.0,234.6,222.5,224.24285714285716,6.5584187989829985,235.61999999999998,-0.433883739117558,-0.9009688679024191,0.49999999999999994,-0.8660254037844387,0.7856498550787147,-0.6186714032625031,197.9,198.7
2019-05-11,Rajasthan,NR,26.44999921,74.63998124,197.9,2019,5,5,131,1,0,31.2,32,210.8,231.0,231.3,219.51428571428573,11.179211148589854,234.50666666666666,-0.9749279121818236,-0.2225209339563146,0.49999999999999994,-0.8660254037844387,0.7748840413670407,-0.6321034111873487,242.2,159.3
2019-05-12,Rajasthan,NR,26.44999921,74.63998124,242.2,2019,5,6,132,1,0,31.1,31,197.9,225.8,223.6,221.85714285714286,14.062699734031117,235.12666666666667,-0.7818314824680299,0.6234898018587334,0.49999999999999994,-0.8660254037844387,0.7638886127905428,-0.6453481132295501,251.4,205.5
2019-05-13,Rajasthan,NR,26.44999921,74.63998124,251.4,2019,5,0,133,0,0,31.8,28,242.2,228.5,212.0,225.1285714285714,17.982835731674186,236.44,0.0,1.0,0.49999999999999994,-0.8660254037844387,0.7526668275320085,-0.6584015846980488,256.8,216.8
2019-05-14,Rajasthan,NR,26.44999921,74.63998124,256.8,2019,5,1,134,0,0,31.5,27,251.4,225.0,240.6,229.67142857142855,21.59820318805203,236.98000000000002,0.7818314824680298,0.6234898018587336,0.49999999999999994,-0.8660254037844387,0.7412220108485958,-0.6712599575675313,219.3,221.1
2019-05-15,Rajasthan,NR,26.44999921,74.63998124,219.3,2019,5,2,135,0,0,32.1,27,256.8,226.6,242.9,228.62857142857143,21.9446815337805,236.19333333333333,0.9749279121818236,-0.22252093395631434,0.49999999999999994,-0.8660254037844387,0.7295575540864875,-0.6839194216246106,218.3,226.7
2019-05-16,Rajasthan,NR,26.44999921,74.63998124,218.3,2019,5,3,136,0,0,31.1,28,219.3,222.0,248.5,228.1,22.174309459372097,235.18666666666667,0.43388373911755823,-0.900968867902419,0.49999999999999994,-0.8660254037844387,0.717676913675962,-0.6963762255968722,198.7,226.5
2019-05-17,Rajasthan,NR,26.44999921,74.63998124,198.7,2019,5,4,137,0,0,28.5,45,218.3,210.8,249.5,226.3714285714286,24.13280715027531,233.49333333333334,-0.433883739117558,-0.9009688679024191,0.49999999999999994,-0.8660254037844387,0.705583610107178,-0.7086266782644596,159.3,228.3
2019-05-18,Rajasthan,NR,26.44999921,74.63998124,159.3,2019,5,5,138,1,1,28.3,47,198.7,197.9,254.7,220.85714285714286,34.08190414980045,230.31333333333333,-0.9749279121818236,-0.2225209339563146,0.49999999999999994,-0.8660254037844387,0.6932812268869777,-0.7206671495538609,205.5,224.7
2019-05-19,Rajasthan,NR,26.44999921,74.63998124,205.5,2019,5,6,139,1,0,30.9,31,159.3,242.2,255.7,215.6142857142857,33.05895887508791,228.64000000000001,-0.7818314824680299,0.6234898018587334,0.49999999999999994,-0.8660254037844387,0.6807734094770161,-0.7324940716135789,216.8,178.7
2019-05-20,Rajasthan,NR,26.44999921,74.63998124,216.8,2019,5,0,140,0,0,32.0,30,205.5,251.4,246.4,210.67142857142858,29.17514434615596,227.6533333333333,0.0,1.0,0.49999999999999994,-0.8660254037844387,0.6680638642135335,-0.7441039398713607,221.1,171.9
2019-05-21,Rajasthan,NR,26.44999921,74.63998124,221.1,2019,5,1,141,0,0,32.7,30,216.8,256.8,242.6,205.5714285714286,22.00747708436914,226.93666666666667,0.7818314824680298,0.6234898018587336,0.49999999999999994,-0.8660254037844387,0.6551563572090853,-0.7554933140726803,226.7,171.4
2019-05-22,Rajasthan,NR,26.44999921,74.63998124,226.7,2019,5,2,142,0,0,32.8,33,221.1,219.3,244.8,206.6285714285714,22.935032467509174,226.33333333333334,0.9749279121818236,-0.22252093395631434,0.49999999999999994,-0.8660254037844387,0.6420547132365637,-0.766658819300159,226.5,161.2
2019-05-23,Rajasthan,NR,26.44999921,74.63998124,226.5,2019,5,3,143,0,0,33.4,30,226.7,218.3,245.1,207.79999999999998,23.82274823216918,225.7133333333333,0.43388373911755823,-0.900968867902419,0.49999999999999994,-0.8660254037844387,0.6287628145958344,-0.7775971469736269,228.3,141.36700000000002
2019-05-24,Rajasthan,NR,26.44999921,74.63998124,228.3,2019,5,4,144,0,0,32.8,33,226.5,198.7,245.7,212.02857142857144,24.554070557697145,225.13333333333333,-0.433883739117558,-0.9009688679024191,0.49999999999999994,-0.8660254037844387,0.6152845999633276,-0.7883050558305255,224.7,141.36700000000002
2019-05-25,Rajasthan,NR,26.44999921,74.63998124,224.7,2019,5,5,145,1,0,32.5,31,228.3,159.3,246.2,221.37142857142857,8.02760119539924,224.41666666666666,-0.9749279121818236,-0.2225209339563146,0.49999999999999994,-0.8660254037844387,0.6016240632249226,-0.7987793728863649,178.7,141.36700000000002
2019-05-26,Rajasthan,NR,26.44999921,74.63998124,178.7,2019,5,6,146,1,0,33.5,23,224.7,205.5,236.0,217.54285714285714,17.57364097570135,222.50666666666666,-0.7818314824680299,0.6234898018587334,0.49999999999999994,-0.8660254037844387,0.5877852522924732,-0.8090169943749473,171.9,203.1
2019-05-27,Rajasthan,NR,26.44999921,74.63998124,171.9,2019,5,0,147,0,0,34.0,23,178.7,216.8,230.1,211.12857142857143,24.65669038927101,220.56666666666666,0.0,1.0,0.49999999999999994,-0.8660254037844387,0.5737722679043246,-0.8190148866680801,171.4,202.6
2019-05-28,Rajasthan,NR,26.44999921,74.63998124,171.4,2019,5,1,148,0,0,34.7,21,171.9,221.1,232.5,204.0285714285714,28.206897163974485,218.53,0.7818314824680298,0.6234898018587336,0.49999999999999994,-0.8660254037844387,0.5595892624101765,-0.8287700871745038,161.2,200.6
2019-05-29,Rajasthan,NR,26.44999921,74.63998124,161.2,2019,5,2,149,0,0,35.2,23,171.4,226.7,232.8,194.67142857142858,30.224643051970467,216.14333333333335,0.9749279121818236,-0.22252093395631434,0.49999999999999994,-0.8660254037844387,0.545240438540651,-0.8382797052177744,141.36700000000002,202.3
2019-05-30,Rajasthan,NR,26.44999921,74.63998124,141.36700000000002,2019,5,3,150,0,0,34.7,25,161.2,226.5,235.6,182.50957142857143,32.33703513443505,213.00223333333332,0.43388373911755823,-0.900968867902419,0.49999999999999994,-0.8660254037844387,0.5307300481619334,-0.8475409228928311,141.36700000000002,204.3
2019-05-31,Rajasthan,NR,26.44999921,74.63998124,141.36700000000002,2019,5,4,151,0,0,34.8,28,141.36700000000002,228.3,232.7,170.09057142857142,28.256061166040336,209.95780000000002,-0.433883739117558,-0.9009688679024191,0.49999999999999994,-0.8660254037844387,0.5160623910158528,-0.8565509959010036,141.36700000000002,197.0
2019-06-02,Rajasthan,NR,26.44999921,74.63998124,141.36700000000002,2019,6,6,153,1,0,36.7,26,141.36700000000002,224.7,235.0,158.18585714285715,16.538985593927737,206.8367,-0.7818314824680299,0.6234898018587334,1.2246467991473532e-16,-1.0,0.48627270710868997,-0.8738071036110808,203.1,185.3
2019-06-03,Rajasthan,NR,26.44999921,74.63998124,203.1,2019,6,0,154,0,0,36.9,25,141.36700000000002,178.7,234.6,161.67157142857144,22.922430825554724,205.7867,0.0,1.0,1.2246467991473532e-16,-1.0,0.4711595076738638,-0.8820480249558537,202.6,225.2
2019-06-04,Rajasthan,NR,26.44999921,74.63998124,202.6,2019,6,1,155,0,0,36.2,24,203.1,171.9,231.0,166.0572857142857,27.654116919030177,204.84003333333334,0.7818314824680298,0.6234898018587336,1.2246467991473532e-16,-1.0,0.4559066935084588,-0.8900275764346767,200.6,208.1
2019-06-05,Rajasthan,NR,26.44999921,74.63998124,200.6,2019,6,2,156,0,1,35.7,29,202.6,171.4,225.8,170.2287142857143,30.63589913654773,204.00003333333333,0.9749279121818236,-0.22252093395631434,1.2246467991473532e-16,-1.0,0.440518784350495,-0.8977433935342337,202.3,227.0
2019-06-06,Rajasthan,NR,26.44999921,74.63998124,202.3,2019,6,3,157,0,0,36.2,26,200.6,161.2,228.5,176.10014285714286,32.49893297442483,203.12669999999997,0.43388373911755823,-0.900968867902419,1.2246467991473532e-16,-1.0,0.42500033996955416,-0.9051931898913974,204.3,224.8
2019-06-07,Rajasthan,NR,26.44999921,74.63998124,204.3,2019,6,4,158,0,0,36.4,20,202.3,141.36700000000002,225.0,185.09057142857142,29.88904469231192,202.4367,-0.433883739117558,-0.9009688679024191,1.2246467991473532e-16,-1.0,0.4093559588156213,-0.9123747579707273,197.0,219.2
2019-06-08,Rajasthan,NR,26.44999921,74.63998124,197.0,2019,6,5,159,1,0,36.3,22,204.3,141.36700000000002,226.6,193.03814285714287,22.905845341517082,201.45003333333335,-0.9749279121818236,-0.2225209339563146,1.2246467991473532e-16,-1.0,0.39359027665646673,-0.9192859697186104,185.3,221.5
2019-06-09,Rajasthan,NR,26.44999921,74.63998124,185.3,2019,6,6,160,1,0,37.4,17,197.0,141.36700000000002,222.0,199.31428571428572,6.611966064498103,200.22670000000002,-0.7818314824680299,0.6234898018587334,1.2246467991473532e-16,-1.0,0.3777079652039649,-0.9259247771938498,225.2,221.8
2019-06-10,Rajasthan,NR,26.44999921,74.63998124,225.2,2019,6,0,161,0,0,36.8,22,185.3,203.1,210.8,202.47142857142856,11.890292158690988,200.7067,0.0,1.0,1.2246467991473532e-16,-1.0,0.36171373072976765,-0.9322892131745133,208.1,226.8
2019-06-11,Rajasthan,NR,26.44999921,74.63998124,208.1,2019,6,1,162,0,0,35.8,27,225.2,202.6,197.9,203.25714285714284,12.080405228144112,201.04670000000002,0.7818314824680298,0.6234898018587336,1.2246467991473532e-16,-1.0,0.3456123126707335,-0.9383773917408641,227.0,230.7
2019-06-12,Rajasthan,NR,26.44999921,74.63998124,227.0,2019,6,2,163,0,0,35.2,30,208.1,200.6,242.2,207.0285714285714,14.903658866836379,200.54003333333333,0.9749279121818236,-0.22252093395631434,1.2246467991473532e-16,-1.0,0.3294084822245304,-0.9441875088341993,224.8,233.6
2019-06-13,Rajasthan,NR,26.44999921,74.63998124,224.8,2019,6,3,164,0,0,29.8,56,227.0,202.3,251.4,210.24285714285716,16.092737196517415,199.6533666666667,0.43388373911755823,-0.900968867902419,1.2246467991473532e-16,-1.0,0.3131070409358269,-0.9497178427914316,219.2,240.3
2019-06-14,Rajasthan,NR,26.44999921,74.63998124,219.2,2019,6,4,165,0,0,32.2,47,224.8,204.3,256.8,212.37142857142857,16.16093172702923,198.40003333333334,-0.433883739117558,-0.9009688679024191,1.2246467991473532e-16,-1.0,0.29671281927349075,-0.9549667548552551,221.5,234.0
2019-06-15,Rajasthan,NR,26.44999921,74.63998124,221.5,2019,6,5,166,1,0,32.0,49,219.2,197.0,219.3,215.87142857142857,14.879260094250933,198.47336666666666,-0.9749279121818236,-0.2225209339563146,1.2246467991473532e-16,-1.0,0.28023067519921585,-0.9599326896597447,221.8,238.8
2019-06-16,Rajasthan,NR,26.44999921,74.63998124,221.8,2019,6,6,167,1,0,30.7,56,221.5,185.3,218.3,221.08571428571432,6.305666385991143,198.59003333333334,-0.7818314824680299,0.6234898018587334,1.2246467991473532e-16,-1.0,0.26366549272800704,-0.9646141756912435,226.8,239.8
2019-06-17,Rajasthan,NR,26.44999921,74.63998124,226.8,2019,6,0,168,0,0,31.7,49,221.8,225.2,198.7,221.31428571428572,6.505492185178517,199.52669999999998,0.0,1.0,1.2246467991473532e-16,-1.0,0.24702218048093552,-0.9690098257244062,230.7,234.2
2019-06-18,Rajasthan,NR,26.44999921,74.63998124,230.7,2019,6,1,169,0,0,27.3,73,226.8,208.1,159.3,224.54285714285717,3.967306871104838,201.90670000000003,0.7818314824680298,0.6234898018587336,1.2246467991473532e-16,-1.0,0.23030567023061221,-0.9731183372332619,233.6,240.4
2019-06-19,Rajasthan,NR,26.44999921,74.63998124,233.6,2019,6,2,170,0,0,27.5,70,230.7,227.0,205.5,225.4857142857143,5.231452497928998,202.84336666666667,0.9749279121818236,-0.22252093395631434,1.2246467991473532e-16,-1.0,0.21352091543979612,-0.9769384927771817,240.3,238.7
2019-06-20,Rajasthan,NR,26.44999921,74.63998124,240.3,2019,6,3,171,0,0,29.0,68,233.6,224.8,216.8,227.7,7.625396164571397,203.6267,0.43388373911755823,-0.900968867902419,1.2246467991473532e-16,-1.0,0.19667288979357647,-0.980469160361632,234.0,238.6
2019-06-21,Rajasthan,NR,26.44999921,74.63998124,234.0,2019,6,4,172,0,0,29.7,63,240.3,219.2,221.1,229.81428571428572,6.892369832267885,204.0567,-0.433883739117558,-0.9009688679024191,1.2246467991473532e-16,-1.0,0.1797665857255624,-0.9837092937736097,238.8,237.6
2019-06-22,Rajasthan,NR,26.44999921,74.63998124,238.8,2019,6,5,173,1,0,31.6,52,234.0,221.5,226.7,232.28571428571428,6.504979777428811,204.46003333333334,-0.9749279121818236,-0.2225209339563146,1.2246467991473532e-16,-1.0,0.16280701293851715,-0.986657932891657,239.8,245.5
2019-06-23,Rajasthan,NR,26.44999921,74.63998124,239.8,2019,6,6,174,1,0,33.4,43,238.8,221.8,226.5,234.85714285714286,5.068154543439641,204.9033666666667,-0.7818314824680299,0.6234898018587334,1.2246467991473532e-16,-1.0,0.1457991969198751,-0.9893142039703663,234.2,231.0
2019-06-24,Rajasthan,NR,26.44999921,74.63998124,234.2,2019,6,0,175,0,0,32.7,48,239.8,226.8,228.3,235.91428571428574,3.692527847526673,205.10003333333333,0.0,1.0,1.2246467991473532e-16,-1.0,0.12874817745258132,-0.99167731989929,240.4,180.9
2019-06-25,Rajasthan,NR,26.44999921,74.63998124,240.4,2019,6,1,176,0,0,31.2,56,234.2,230.7,224.7,237.29999999999998,3.196352087406138,205.62336666666667,0.7818314824680298,0.6234898018587336,1.2246467991473532e-16,-1.0,0.11165900712169512,-0.993746580436178,238.7,196.9
2019-06-26,Rajasthan,NR,26.44999921,74.63998124,238.7,2019,6,2,177,0,0,33.2,48,240.4,233.6,178.7,238.02857142857144,2.764485657835887,207.62336666666667,0.9749279121818236,-0.22252093395631434,1.2246467991473532e-16,-1.0,0.09453674981719912,-0.9955213724144752,238.6,215.6
2019-06-27,Rajasthan,NR,26.44999921,74.63998124,238.6,2019,6,3,178,0,0,32.5,53,238.7,240.3,171.9,237.78571428571428,2.601556310767545,209.8467,0.43388373911755823,-0.900968867902419,1.2246467991473532e-16,-1.0,0.07738647923346301,-0.9970011699250151,237.6,222.0
2019-06-28,Rajasthan,NR,26.44999921,74.63998124,237.6,2019,6,4,179,0,0,33.0,50,238.6,234.0,171.4,238.3,2.0190756961209235,212.05336666666668,-0.433883739117558,-0.9009688679024191,1.2246467991473532e-16,-1.0,0.06021327736579302,-0.9981855344718586,245.5,231.7
2019-06-29,Rajasthan,NR,26.44999921,74.63998124,245.5,2019,6,5,180,1,0,33.1,49,237.6,238.8,161.2,239.2571428571429,3.406785945167469,214.86336666666668,-0.9749279121818236,-0.2225209339563146,1.2246467991473532e-16,-1.0,0.04302223300453059,-0.99907411510223,231.0,237.9
2019-06-30,Rajasthan,NR,26.44999921,74.63998124,231.0,2019,6,6,181,1,0,33.5,47,245.5,239.8,141.36700000000002,238.0,4.590933093246511,217.85113333333337,-0.7818314824680299,0.6234898018587334,1.2246467991473532e-16,-1.0,0.02581844022713308,-0.9996666485105112,180.9,229.1
2019-07-01,Rajasthan,NR,26.44999921,74.63998124,180.9,2019,7,0,182,0,0,32.8,51,231.0,234.2,141.36700000000002,230.3857142857143,22.23581409733907,219.1689,0.0,1.0,-0.4999999999999997,-0.8660254037844388,0.008606996888688698,-0.9999629591162655,196.9,162.95
2019-07-02,Rajasthan,NR,26.44999921,74.63998124,196.9,2019,7,1,183,0,0,32.4,51,180.9,240.4,141.36700000000002,224.17142857142858,24.890675247684715,221.01999999999998,0.7818314824680298,0.6234898018587336,-0.4999999999999997,-0.8660254037844388,-0.008606996888688009,-0.9999629591162655,215.6,167.0
2019-07-03,Rajasthan,NR,26.44999921,74.63998124,215.6,2019,7,2,184,0,0,33.3,46,196.9,238.7,203.1,220.87142857142857,24.164141083136034,221.43666666666667,0.9749279121818236,-0.22252093395631434,-0.4999999999999997,-0.8660254037844388,-0.02581844022713239,-0.9996666485105112,222.0,168.89999999999998
2019-07-04,Rajasthan,NR,26.44999921,74.63998124,222.0,2019,7,3,185,0,0,30.3,66,215.6,238.6,202.6,218.5,22.91666060605952,222.08333333333334,0.43388373911755823,-0.900968867902419,-0.4999999999999997,-0.8660254037844388,-0.04302223300453034,-0.99907411510223,231.7,188.1
2019-07-05,Rajasthan,NR,26.44999921,74.63998124,231.7,2019,7,4,186,0,0,27.3,81,222.0,237.6,200.6,217.65714285714284,22.19420773857097,223.11999999999998,-0.433883739117558,-0.9009688679024191,-0.4999999999999997,-0.8660254037844388,-0.060213277365792774,-0.9981855344718586,237.9,213.25
2019-07-06,Rajasthan,NR,26.44999921,74.63998124,237.9,2019,7,5,187,1,0,28.1,79,231.7,245.5,202.3,216.57142857142858,20.743650778467938,224.3066666666667,-0.9749279121818236,-0.2225209339563146,-0.4999999999999997,-0.8660254037844388,-0.07738647923346322,-0.9970011699250151,229.1,215.5
2019-07-07,Rajasthan,NR,26.44999921,74.63998124,229.1,2019,7,6,188,1,0,29.6,70,237.9,231.0,204.3,216.29999999999998,20.53476726594807,225.13333333333333,-0.7818314824680299,0.6234898018587334,-0.4999999999999997,-0.8660254037844388,-0.09453674981719933,-0.9955213724144752,162.95,218.7
2019-07-08,Rajasthan,NR,26.44999921,74.63998124,162.95,2019,7,0,189,0,0,30.5,61,229.1,180.9,197.0,213.7357142857143,26.06751992879414,223.99833333333333,0.0,1.0,-0.4999999999999997,-0.8660254037844388,-0.11165900712169444,-0.9937465804361781,167.0,220.6
2019-07-09,Rajasthan,NR,26.44999921,74.63998124,167.0,2019,7,1,190,0,0,30.5,59,162.95,196.9,185.3,209.46428571428572,31.225426528788105,223.38833333333332,0.7818314824680298,0.6234898018587336,-0.4999999999999997,-0.8660254037844388,-0.12874817745258066,-0.99167731989929,168.89999999999998,215.0
2019-07-10,Rajasthan,NR,26.44999921,74.63998124,168.89999999999998,2019,7,2,191,0,0,30.3,57,167.0,215.6,225.2,202.79285714285714,34.5118871860528,221.51166666666668,0.9749279121818236,-0.22252093395631434,-0.4999999999999997,-0.8660254037844388,-0.14579919691987442,-0.9893142039703664,188.1,220.5
2019-07-11,Rajasthan,NR,26.44999921,74.63998124,188.1,2019,7,3,192,0,0,30.4,55,168.89999999999998,222.0,208.1,197.95000000000002,33.737256853513976,220.84499999999997,0.43388373911755823,-0.900968867902419,-0.4999999999999997,-0.8660254037844388,-0.16280701293851646,-0.9866579328916572,213.25,218.3
2019-07-12,Rajasthan,NR,26.44999921,74.63998124,213.25,2019,7,4,193,0,0,30.3,54,188.1,231.7,227.0,195.31428571428572,31.293272896445377,220.38666666666666,-0.433883739117558,-0.9009688679024191,-0.4999999999999997,-0.8660254037844388,-0.17976658572556214,-0.9837092937736098,215.5,211.7
2019-07-13,Rajasthan,NR,26.44999921,74.63998124,215.5,2019,7,5,194,1,0,30.6,53,213.25,237.9,224.8,192.1142857142857,27.07352203238558,220.07666666666665,-0.9749279121818236,-0.2225209339563146,-0.4999999999999997,-0.8660254037844388,-0.19667288979357622,-0.9804691603616321,218.7,187.8
2019-07-14,Rajasthan,NR,26.44999921,74.63998124,218.7,2019,7,6,195,1,0,29.9,55,215.5,229.1,219.2,190.6285714285714,24.904013350308666,220.05999999999997,-0.7818314824680299,0.6234898018587334,-0.4999999999999997,-0.8660254037844388,-0.2135209154397959,-0.9769384927771817,220.6,199.1
2019-07-15,Rajasthan,NR,26.44999921,74.63998124,220.6,2019,7,0,196,0,0,30.3,54,218.7,162.95,221.5,198.8642857142857,23.72991632036247,220.03,0.0,1.0,-0.4999999999999997,-0.8660254037844388,-0.23030567023061196,-0.973118337233262,215.0,208.2
2019-07-16,Rajasthan,NR,26.44999921,74.63998124,215.0,2019,7,1,197,0,0,29.5,58,220.6,167.0,221.8,205.72142857142856,19.55564405192771,219.8033333333333,0.7818314824680298,0.6234898018587336,-0.4999999999999997,-0.8660254037844388,-0.24702218048093527,-0.9690098257244063,220.5,211.1
2019-07-17,Rajasthan,NR,26.44999921,74.63998124,220.5,2019,7,2,198,0,0,30.6,54,215.0,168.89999999999998,226.8,213.09285714285716,11.378064736274053,219.59333333333333,0.9749279121818236,-0.22252093395631434,-0.4999999999999997,-0.8660254037844388,-0.2636654927280072,-0.9646141756912435,218.3,217.7
2019-07-18,Rajasthan,NR,26.44999921,74.63998124,218.3,2019,7,3,199,0,0,29.8,62,220.5,188.1,230.7,217.40714285714284,2.8560503863749553,219.17999999999998,0.43388373911755823,-0.900968867902419,-0.4999999999999997,-0.8660254037844388,-0.2802306751992161,-0.9599326896597445,211.7,232.5
2019-07-19,Rajasthan,NR,26.44999921,74.63998124,211.7,2019,7,4,200,0,0,29.6,66,218.3,213.25,233.6,217.18571428571428,3.263141927358328,218.45,-0.433883739117558,-0.9009688679024191,-0.4999999999999997,-0.8660254037844388,-0.2967128192734901,-0.9549667548552553,187.8,231.1
2019-07-20,Rajasthan,NR,26.44999921,74.63998124,187.8,2019,7,5,201,1,0,29.6,69,211.7,215.5,240.3,213.22857142857143,11.654428955796167,216.7,-0.9749279121818236,-0.2225209339563146,-0.4999999999999997,-0.8660254037844388,-0.3131070409358267,-0.9497178427914317,199.1,233.4
2019-07-21,Rajasthan,NR,26.44999921,74.63998124,199.1,2019,7,6,202,1,0,29.8,70,187.8,218.7,234.0,210.42857142857142,12.448254802141205,215.53666666666666,-0.7818314824680299,0.6234898018587334,-0.4999999999999997,-0.8660254037844388,-0.3294084822245302,-0.9441875088341994,208.2,235.0
2019-07-22,Rajasthan,NR,26.44999921,74.63998124,208.2,2019,7,0,203,0,0,30.0,73,199.1,220.6,238.8,208.65714285714284,11.613907918648222,214.51666666666668,0.0,1.0,-0.4999999999999997,-0.8660254037844388,-0.3456123126707333,-0.9383773917408642,211.1,235.3
2019-07-23,Rajasthan,NR,26.44999921,74.63998124,211.1,2019,7,1,204,0,0,31.3,64,208.2,215.0,239.8,208.09999999999997,11.34944932584759,213.55999999999997,0.7818314824680298,0.6234898018587336,-0.4999999999999997,-0.8660254037844388,-0.3617137307297674,-0.9322892131745134,217.7,231.4
2019-07-24,Rajasthan,NR,26.44999921,74.63998124,217.7,2019,7,2,205,0,0,31.1,64,211.1,220.5,234.2,207.7,10.87918501849512,213.00999999999996,0.9749279121818236,-0.22252093395631434,-0.4999999999999997,-0.8660254037844388,-0.37770796520396466,-0.9259247771938499,232.5,235.1
2019-07-25,Rajasthan,NR,26.44999921,74.63998124,232.5,2019,7,3,206,0,0,29.7,66,217.7,218.3,240.4,209.72857142857143,14.047623083130384,212.74666666666664,0.43388373911755823,-0.900968867902419,-0.4999999999999997,-0.8660254037844388,-0.39359027665646645,-0.9192859697186105,231.1,223.7
2019-07-26,Rajasthan,NR,26.44999921,74.63998124,231.1,2019,7,4,207,0,0,26.0,88,232.5,211.7,238.7,212.5,16.243460222501398,212.49333333333334,-0.433883739117558,-0.9009688679024191,-0.4999999999999997,-0.8660254037844388,-0.4093559588156211,-0.9123747579707274,233.4,208.5
2019-07-27,Rajasthan,NR,26.44999921,74.63998124,233.4,2019,7,5,208,1,0,24.7,93,231.1,187.8,238.6,219.0142857142857,13.61842239657069,212.32,-0.9749279121818236,-0.2225209339563146,-0.4999999999999997,-0.8660254037844388,-0.42500033996955394,-0.9051931898913975,235.0,224.0
2019-07-28,Rajasthan,NR,26.44999921,74.63998124,235.0,2019,7,6,209,1,0,25.0,93,233.4,199.1,237.6,224.14285714285714,11.457291294608723,212.2333333333333,-0.7818314824680299,0.6234898018587334,-0.4999999999999997,-0.8660254037844388,-0.4405187843504952,-0.8977433935342336,235.3,228.2
2019-07-29,Rajasthan,NR,26.44999921,74.63998124,235.3,2019,7,0,210,0,0,27.0,85,235.0,208.2,245.5,228.0142857142857,9.600421617725484,211.89333333333332,0.0,1.0,-0.4999999999999997,-0.8660254037844388,-0.455906693508459,-0.8900275764346766,231.4,241.8
2019-07-30,Rajasthan,NR,26.44999921,74.63998124,231.4,2019,7,1,211,0,0,28.1,81,235.3,211.1,231.0,230.91428571428574,6.048533864066515,211.90666666666667,0.7818314824680298,0.6234898018587336,-0.4999999999999997,-0.8660254037844388,-0.47115950767386394,-0.8820480249558535,235.1,240.1
2019-07-31,Rajasthan,NR,26.44999921,74.63998124,235.1,2019,7,2,212,0,0,27.0,88,231.4,217.7,180.9,233.40000000000003,1.7869900204904432,213.7133333333333,0.9749279121818236,-0.22252093395631434,-0.4999999999999997,-0.8660254037844388,-0.4862727071086902,-0.8738071036110807,223.7,220.8
2019-08-01,Rajasthan,NR,26.44999921,74.63998124,223.7,2019,8,3,213,0,0,26.0,91,235.1,232.5,196.9,232.14285714285714,4.110497594718768,214.60666666666665,0.43388373911755823,-0.900968867902419,-0.8660254037844385,-0.5000000000000004,-0.5012418134457756,-0.8653072543632061,208.5,225.6
2019-08-02,Rajasthan,NR,26.44999921,74.63998124,208.5,2019,8,4,214,0,0,26.6,89,223.7,231.1,215.6,228.91428571428568,9.885246341801064,214.36999999999998,-0.433883739117558,-0.9009688679024191,-0.8660254037844385,-0.5000000000000004,-0.5160623910158526,-0.8565509959010037,224.0,231.8
2019-08-03,Rajasthan,NR,26.44999921,74.63998124,224.0,2019,8,5,215,1,0,26.6,89,208.5,233.4,222.0,227.57142857142858,9.812528434899411,214.43666666666664,-0.9749279121818236,-0.2225209339563146,-0.8660254037844385,-0.5000000000000004,-0.5307300481619331,-0.8475409228928312,228.2,230.0
2019-08-04,Rajasthan,NR,26.44999921,74.63998124,228.2,2019,8,6,216,1,0,27.2,86,224.0,235.0,231.7,226.6,9.276493590432105,214.32000000000002,-0.7818314824680299,0.6234898018587334,-0.8660254037844385,-0.5000000000000004,-0.5452404385406507,-0.8382797052177745,241.8,233.5
2019-08-05,Rajasthan,NR,26.44999921,74.63998124,241.8,2019,8,0,217,0,0,27.3,87,228.2,235.3,237.9,227.52857142857144,10.532760683649983,214.44999999999996,0.0,1.0,-0.8660254037844385,-0.5000000000000004,-0.5595892624101763,-0.828770087174504,240.1,237.2
2019-08-06,Rajasthan,NR,26.44999921,74.63998124,240.1,2019,8,1,218,0,0,26.9,87,241.8,231.4,229.1,228.77142857142857,11.53165415797073,214.81666666666666,0.7818314824680298,0.6234898018587336,-0.8660254037844385,-0.5000000000000004,-0.5737722679043243,-0.8190148866680802,220.8,244.1
2019-08-08,Rajasthan,NR,26.44999921,74.63998124,220.8,2019,8,3,220,0,0,26.7,89,240.1,235.1,162.95,226.72857142857146,11.490244309226368,216.745,0.43388373911755823,-0.900968867902419,-0.8660254037844385,-0.5000000000000004,-0.6016240632249227,-0.7987793728863648,225.6,247.1
2019-08-09,Rajasthan,NR,26.44999921,74.63998124,225.6,2019,8,4,221,0,0,26.5,85,220.8,223.7,167.0,227.0,11.429056537323111,218.69833333333332,-0.433883739117558,-0.9009688679024191,-0.8660254037844385,-0.5000000000000004,-0.6152845999633277,-0.7883050558305253,231.8,250.9
2019-08-10,Rajasthan,NR,26.44999921,74.63998124,231.8,2019,8,5,222,1,0,26.4,84,225.6,208.5,168.89999999999998,230.32857142857145,8.030922380754983,220.795,-0.9749279121818236,-0.2225209339563146,-0.8660254037844385,-0.5000000000000004,-0.6287628145958345,-0.7775971469736268,230.0,250.6
2019-08-11,Rajasthan,NR,26.44999921,74.63998124,230.0,2019,8,6,223,1,0,26.0,83,231.8,224.0,188.1,231.1857142857143,7.548604412169587,222.19166666666666,-0.7818314824680299,0.6234898018587334,-0.8660254037844385,-0.5000000000000004,-0.6420547132365636,-0.7666588193001592,233.5,246.9
2019-08-12,Rajasthan,NR,26.44999921,74.63998124,233.5,2019,8,0,224,0,1,26.3,82,230.0,228.2,213.25,231.94285714285712,7.4645511458842515,222.86666666666667,0.0,1.0,-0.8660254037844385,-0.5000000000000004,-0.655156357209085,-0.7554933140726804,237.2,248.9
2019-08-13,Rajasthan,NR,26.44999921,74.63998124,237.2,2019,8,1,225,0,0,27.0,78,233.5,241.8,215.5,231.28571428571428,6.6051567156346,223.59,0.7818314824680298,0.6234898018587336,-0.8660254037844385,-0.5000000000000004,-0.6680638642135333,-0.7441039398713608,244.1,247.3
2019-08-14,Rajasthan,NR,26.44999921,74.63998124,244.1,2019,8,2,226,0,0,25.7,87,237.2,240.1,218.7,231.85714285714286,7.593825812868538,224.43666666666667,0.9749279121818236,-0.22252093395631434,-0.8660254037844385,-0.5000000000000004,-0.6807734094770159,-0.7324940716135792,247.1,236.3
2019-08-15,Rajasthan,NR,26.44999921,74.63998124,247.1,2019,8,3,227,0,1,24.6,95,244.1,220.8,220.6,235.6142857142857,7.71652524811282,225.32000000000002,0.43388373911755823,-0.900968867902419,-0.8660254037844385,-0.5000000000000004,-0.6932812268869771,-0.7206671495538615,250.9,217.9
2019-08-16,Rajasthan,NR,26.44999921,74.63998124,250.9,2019,8,4,228,0,0,24.5,96,247.1,225.6,215.0,239.22857142857146,8.156738377095598,226.51666666666668,-0.433883739117558,-0.9009688679024191,-0.8660254037844385,-0.5000000000000004,-0.7055836101071774,-0.70862667826446,250.6,222.5
2019-08-17,Rajasthan,NR,26.44999921,74.63998124,250.6,2019,8,5,229,1,0,23.8,96,250.9,231.8,220.5,241.91428571428574,8.394726235645424,227.52,-0.9749279121818236,-0.2225209339563146,-0.8660254037844385,-0.5000000000000004,-0.7176769136759615,-0.6963762255968726,246.9,223.2
2019-08-18,Rajasthan,NR,26.44999921,74.63998124,246.9,2019,8,6,230,1,0,25.8,86,250.6,230.0,218.3,244.32857142857145,6.644976620404387,228.47333333333333,-0.7818314824680299,0.6234898018587334,-0.8660254037844385,-0.5000000000000004,-0.7295575540864876,-0.6839194216246105,248.9,227.8
2019-08-19,Rajasthan,NR,26.44999921,74.63998124,248.9,2019,8,0,231,0,0,26.1,87,246.9,233.5,211.7,246.52857142857144,4.738042593630388,229.7133333333333,0.0,1.0,-0.8660254037844385,-0.5000000000000004,-0.7412220108485957,-0.6712599575675315,247.3,234.8
2019-08-20,Rajasthan,NR,26.44999921,74.63998124,247.3,2019,8,1,232,0,0,26.9,82,248.9,237.2,187.8,247.9714285714286,2.3697498361057914,231.69666666666666,0.7818314824680298,0.6234898018587336,-0.8660254037844385,-0.5000000000000004,-0.7526668275320083,-0.6584015846980489,236.3,233.4
2019-08-21,Rajasthan,NR,26.44999921,74.63998124,236.3,2019,8,2,233,0,0,26.8,80,247.3,244.1,199.1,246.85714285714286,4.936887394185279,232.93666666666667,0.9749279121818236,-0.22252093395631434,-0.8660254037844385,-0.5000000000000004,-0.7638886127905429,-0.64534811322955,217.9,227.9
2019-08-22,Rajasthan,NR,26.44999921,74.63998124,217.9,2019,8,3,234,0,0,26.4,77,236.3,247.1,208.2,242.68571428571428,11.992279262290703,233.25999999999996,0.43388373911755823,-0.900968867902419,-0.8660254037844385,-0.5000000000000004,-0.7748840413670406,-0.6321034111873488,222.5,243.9
2019-08-23,Rajasthan,NR,26.44999921,74.63998124,222.5,2019,8,4,235,0,0,26.7,78,217.9,250.9,211.1,238.6285714285714,13.463866988563042,233.64,-0.433883739117558,-0.9009688679024191,-0.8660254037844385,-0.5000000000000004,-0.7856498550787144,-0.6186714032625032,223.2,245.4
2019-08-24,Rajasthan,NR,26.44999921,74.63998124,223.2,2019,8,5,236,1,1,27.1,76,222.5,250.6,217.7,234.71428571428572,13.386115763659612,233.82333333333335,-0.9749279121818236,-0.2225209339563146,-0.8660254037844385,-0.5000000000000004,-0.7961828637826154,-0.6050560696488494,227.8,245.5
2019-08-25,Rajasthan,NR,26.44999921,74.63998124,227.8,2019,8,6,237,1,0,27.0,78,223.2,246.9,232.5,231.98571428571427,12.39844460291,233.66666666666666,-0.7818314824680299,0.6234898018587334,-0.8660254037844385,-0.5000000000000004,-0.8064799463209447,-0.5912614448635782,234.8,240.5
2019-08-26,Rajasthan,NR,26.44999921,74.63998124,234.8,2019,8,0,238,0,0,26.4,86,227.8,248.9,231.1,229.9714285714286,10.130435049182864,233.79,0.0,1.0,-0.8660254037844385,-0.5000000000000004,-0.8165380514459157,-0.5772916165517278,233.4,242.4
2019-08-27,Rajasthan,NR,26.44999921,74.63998124,233.4,2019,8,1,239,0,0,26.3,88,234.8,247.3,233.4,227.98571428571427,7.0666891284456845,233.79000000000002,0.7818314824680298,0.6234898018587336,-0.8660254037844385,-0.5000000000000004,-0.8263541987239094,-0.5631507242749187,227.9,237.8
2019-08-28,Rajasthan,NR,26.44999921,74.63998124,227.9,2019,8,2,240,0,0,26.1,90,233.4,236.3,235.0,226.78571428571428,6.061195858746993,233.55333333333334,0.9749279121818236,-0.22252093395631434,-0.8660254037844385,-0.5000000000000004,-0.8359254794186365,-0.5488429582847199,243.9,222.2
2019-08-29,Rajasthan,NR,26.44999921,74.63998124,243.9,2019,8,3,241,0,0,26.3,90,227.9,217.9,235.3,230.5,7.503332592921529,233.84000000000003,0.43388373911755823,-0.900968867902419,-0.8660254037844385,-0.5000000000000004,-0.8452490573530634,-0.5343725582809785,245.4,205.6
2019-08-30,Rajasthan,NR,26.44999921,74.63998124,245.4,2019,8,4,242,0,0,26.2,90,243.9,222.5,231.4,233.77142857142857,8.375502827833557,234.30666666666667,-0.433883739117558,-0.9009688679024191,-0.8660254037844385,-0.5000000000000004,-0.8543221697498269,-0.5197438121555157,245.5,213.6
2019-08-31,Rajasthan,NR,26.44999921,74.63998124,245.5,2019,8,5,243,1,0,26.2,90,245.4,223.2,235.1,236.95714285714286,7.912618012360115,234.65333333333334,-0.9749279121818236,-0.2225209339563146,-0.8660254037844385,-0.5000000000000004,-0.8631421280499115,-0.5049610547215202,240.5,215.2
2019-09-01,Rajasthan,NR,26.44999921,74.63998124,240.5,2019,9,6,244,1,0,26.4,90,245.5,227.8,223.7,238.77142857142857,6.847314384904291,235.21333333333334,-0.7818314824680299,0.6234898018587334,-1.0,-1.8369701987210297e-16,-0.8717063187093217,-0.4900286664290594,242.4,216.8
2019-09-02,Rajasthan,NR,26.44999921,74.63998124,242.4,2019,9,0,245,0,0,26.8,89,240.5,234.8,208.5,239.85714285714286,6.713880433564039,236.34333333333333,0.0,1.0,-1.0,-1.8369701987210297e-16,-0.8800122039735356,-0.4749510720670502,237.8,210.3
2019-09-03,Rajasthan,NR,26.44999921,74.63998124,237.8,2019,9,1,246,0,0,27.2,86,242.4,233.4,224.0,240.4857142857143,6.194467577720664,236.80333333333334,0.7818314824680298,0.6234898018587336,-1.0,-1.8369701987210297e-16,-0.888057322629493,-0.4597327394521046,222.2,202.4
2019-09-04,Rajasthan,NR,26.44999921,74.63998124,222.2,2019,9,2,247,0,0,27.0,89,237.8,227.9,228.2,239.67142857142858,8.180813791165145,236.60333333333332,0.9749279121818236,-0.22252093395631434,-1.0,-1.8369701987210297e-16,-0.8958392907349089,-0.4443781781046134,205.6,256.5
2019-09-05,Rajasthan,NR,26.44999921,74.63998124,205.6,2019,9,3,248,0,0,27.2,87,222.2,243.9,241.8,234.20000000000002,14.91632215617064,235.39666666666668,0.43388373911755823,-0.900968867902419,-1.0,-1.8369701987210297e-16,-0.9033558023246842,-0.4288919379124841,213.6,264.3
2019-09-06,Rajasthan,NR,26.44999921,74.63998124,213.6,2019,9,4,249,0,0,27.4,88,205.6,245.4,240.1,229.65714285714284,15.755618801225225,234.51333333333332,-0.433883739117558,-0.9009688679024191,-1.0,-1.8369701987210297e-16,-0.9106046300942162,-0.41327860778290443,215.2,261.6
2019-09-08,Rajasthan,NR,26.44999921,74.63998124,215.2,2019,9,6,251,1,0,26.7,88,213.6,245.5,220.8,225.32857142857142,14.811562407537451,234.32666666666668,-0.7818314824680299,0.6234898018587334,-1.0,-1.8369701987210297e-16,-0.9242907221930934,-0.3816892202666586,216.8,245.1
2019-09-09,Rajasthan,NR,26.44999921,74.63998124,216.8,2019,9,0,252,0,0,28.1,79,215.2,240.5,225.6,221.94285714285712,13.407815773253956,234.03333333333333,0.0,1.0,-1.0,-1.8369701987210297e-16,-0.9307239310379793,-0.3657225234972692,210.3,240.0
2019-09-10,Rajasthan,NR,26.44999921,74.63998124,210.3,2019,9,1,253,0,1,28.6,81,216.8,242.4,231.8,217.35714285714286,10.396130232423753,233.31666666666666,0.7818314824680298,0.6234898018587336,-1.0,-1.8369701987210297e-16,-0.9368813462954315,-0.34964745525122826,202.4,244.3
2019-09-11,Rajasthan,NR,26.44999921,74.63998124,202.4,2019,9,2,254,0,0,28.5,83,210.3,237.8,230.0,212.29999999999998,6.7732316265321435,232.39666666666668,0.9749279121818236,-0.22252093395631434,-1.0,-1.8369701987210297e-16,-0.9427611433904206,-0.33346877891818705,256.5,240.5
2019-09-12,Rajasthan,NR,26.44999921,74.63998124,256.5,2019,9,3,255,0,0,27.8,82,202.4,222.2,233.5,217.20000000000002,18.08691976724223,233.16333333333336,0.43388373911755823,-0.900968867902419,-1.0,-1.8369701987210297e-16,-0.9483615800121716,-0.31719128858910595,264.3,205.8
2019-09-13,Rajasthan,NR,26.44999921,74.63998124,264.3,2019,9,4,256,0,0,27.4,82,256.5,205.6,237.2,225.58571428571432,24.339366505822557,234.0666666666667,-0.433883739117558,-0.9009688679024191,-1.0,-1.8369701987210297e-16,-0.9536809966304455,-0.300819807635668,261.6,159.2
2019-09-14,Rajasthan,NR,26.44999921,74.63998124,261.6,2019,9,5,257,1,0,26.9,85,264.3,213.6,244.1,232.44285714285712,27.014370073651335,234.65,-0.9749279121818236,-0.2225209339563146,-1.0,-1.8369701987210297e-16,-0.9587178169872964,-0.2843591872810036,245.1,146.4
2019-09-15,Rajasthan,NR,26.44999921,74.63998124,245.1,2019,9,6,258,1,0,26.5,86,261.6,215.2,247.1,236.71428571428575,26.184692001971218,234.58333333333334,-0.7818314824680299,0.6234898018587334,-1.0,-1.8369701987210297e-16,-0.9634705485641486,-0.26781430516217486,240.0,168.3
2019-09-16,Rajasthan,NR,26.44999921,74.63998124,240.0,2019,9,0,259,0,0,27.1,82,245.1,216.8,250.9,240.02857142857147,24.668313973308273,234.22,0.0,1.0,-1.0,-1.8369701987210297e-16,-0.9679377830240642,-0.25119006388481957,244.3,178.1
2019-09-17,Rajasthan,NR,26.44999921,74.63998124,244.3,2019,9,1,260,0,0,27.0,80,240.0,210.3,250.6,244.8857142857143,20.898439221740126,234.01000000000002,0.7818314824680298,0.6234898018587336,-1.0,-1.8369701987210297e-16,-0.9721181966290612,-0.23449138957041052,240.5,187.2
2019-09-18,Rajasthan,NR,26.44999921,74.63998124,240.5,2019,9,2,261,0,0,27.9,76,244.3,202.4,246.9,250.32857142857145,10.224922866166482,233.79666666666668,0.9749279121818236,-0.22252093395631434,-1.0,-1.8369701987210297e-16,-0.9760105506323682,-0.21772323039653224,205.8,190.4
2019-09-19,Rajasthan,NR,26.44999921,74.63998124,205.8,2019,9,3,262,0,0,27.1,80,240.5,256.5,248.9,243.08571428571432,19.169370409712595,232.36,0.43388373911755823,-0.900968867902419,-1.0,-1.8369701987210297e-16,-0.9796136916454901,-0.20089055513063528,159.2,206.5
2019-09-20,Rajasthan,NR,26.44999921,74.63998124,159.2,2019,9,4,263,0,0,25.9,82,205.8,264.3,247.3,228.07142857142858,34.67360736380113,229.42333333333335,-0.433883739117558,-0.9009688679024191,-1.0,-1.8369701987210297e-16,-0.9829265519799822,-0.18399835165767986,146.4,211.2
2019-09-21,Rajasthan,NR,26.44999921,74.63998124,146.4,2019,9,5,264,1,0,25.6,88,159.2,261.6,236.3,211.61428571428573,42.55143666087846,226.42666666666668,-0.9749279121818236,-0.2225209339563146,-1.0,-1.8369701987210297e-16,-0.9859481499638303,-0.1670516255021195,168.3,213.1
2019-09-22,Rajasthan,NR,26.44999921,74.63998124,168.3,2019,9,6,265,1,0,25.8,85,146.4,245.1,217.9,200.64285714285714,42.379195255174146,224.77333333333337,-0.7818314824680299,0.6234898018587334,-1.0,-1.8369701987210297e-16,-0.9886775902323404,-0.15005539834465262,178.1,215.5
2019-09-23,Rajasthan,NR,26.44999921,74.63998124,178.1,2019,9,0,266,0,0,25.8,80,168.3,240.0,222.5,191.79999999999998,39.131828477595846,223.29333333333335,0.0,1.0,-1.0,-1.8369701987210297e-16,-0.9911140639934546,-0.13301470653419636,187.2,213.0
2019-09-24,Rajasthan,NR,26.44999921,74.63998124,187.2,2019,9,1,267,0,0,25.1,83,178.1,244.3,223.2,183.64285714285714,31.588334193857627,222.09333333333333,0.7818314824680298,0.6234898018587336,-1.0,-1.8369701987210297e-16,-0.9932568492674143,-0.11593459959550066,190.4,208.4
2019-09-25,Rajasthan,NR,26.44999921,74.63998124,190.4,2019,9,2,268,0,0,25.2,87,187.2,240.5,227.8,176.4857142857143,20.171302104014096,220.8466666666667,0.9749279121818236,-0.22252093395631434,-1.0,-1.8369701987210297e-16,-0.9951053111006974,-0.09882013873287211,206.5,202.2
2019-09-26,Rajasthan,NR,26.44999921,74.63998124,206.5,2019,9,3,269,0,0,25.2,87,190.4,205.8,234.8,176.58571428571426,20.341863940440742,219.90333333333334,0.43388373911755823,-0.900968867902419,-1.0,-1.8369701987210297e-16,-0.99665890175417,-0.08167639533042288,211.2,231.0
2019-09-27,Rajasthan,NR,26.44999921,74.63998124,211.2,2019,9,4,270,0,0,25.2,88,206.5,159.2,233.4,184.0142857142857,22.33214637926099,219.16333333333333,-0.433883739117558,-0.9009688679024191,-1.0,-1.8369701987210297e-16,-0.9979171608653922,-0.06450844944931625,213.1,237.6
2019-09-28,Rajasthan,NR,26.44999921,74.63998124,213.1,2019,9,5,271,1,0,25.0,90,211.2,146.4,227.9,193.54285714285714,17.26237306425468,218.67000000000002,-0.9749279121818236,-0.2225209339563146,-1.0,-1.8369701987210297e-16,-0.9988797155850335,-0.04732138832243232,215.5,240.9
2019-09-29,Rajasthan,NR,26.44999921,74.63998124,215.5,2019,9,6,272,1,0,25.1,86,213.1,168.3,243.9,200.28571428571428,14.801962546840867,217.72333333333336,-0.7818314824680299,0.6234898018587334,-1.0,-1.8369701987210297e-16,-0.9995462806873573,-0.03012030484690836,213.0,244.1
2019-09-30,Rajasthan,NR,26.44999921,74.63998124,213.0,2019,9,0,273,0,0,24.9,85,215.5,178.1,245.4,205.27142857142857,11.619195939724094,216.64333333333335,0.0,1.0,-1.0,-1.8369701987210297e-16,-0.9999166586547379,-0.012910296075008843,208.4,241.1
2019-10-01,Rajasthan,NR,26.44999921,74.63998124,208.4,2019,10,1,274,0,0,25.3,79,213.0,187.2,245.5,208.29999999999998,8.45616146171857,215.40666666666667,0.7818314824680298,0.6234898018587336,-0.8660254037844386,0.5000000000000001,-0.9999907397361901,0.004303538296243821,202.2,242.0
2019-10-02,Rajasthan,NR,26.44999921,74.63998124,202.2,2019,10,2,275,0,1,25.6,80,208.4,190.4,240.5,209.98571428571427,4.5816403799749486,214.13,0.9749279121818236,-0.22252093395631434,-0.8660254037844386,0.5000000000000001,-0.9997685019798909,0.021516097436222233,231.0,239.6
2019-10-03,Rajasthan,NR,26.44999921,74.63998124,231.0,2019,10,3,276,0,0,25.2,80,202.2,206.5,242.4,213.4857142857143,8.84730252137631,213.75,0.43388373911755823,-0.900968867902419,-0.8660254037844386,0.5000000000000001,-0.9992500112396835,0.03872228089217399,237.6,215.5
2019-10-04,Rajasthan,NR,26.44999921,74.63998124,237.6,2019,10,4,277,0,0,25.1,72,231.0,211.2,237.8,217.25714285714284,12.558908809135511,213.74333333333334,-0.433883739117558,-0.9009688679024191,-0.8660254037844386,0.5000000000000001,-0.9984354211555643,0.05591699010060302,240.9,212.5
2019-10-05,Rajasthan,NR,26.44999921,74.63998124,240.9,2019,10,5,278,1,0,26.2,62,237.6,213.1,222.2,221.22857142857143,15.152856087848262,214.36666666666667,-0.9749279121818236,-0.2225209339563146,-0.8660254037844386,0.5000000000000001,-0.9973249731081555,0.07309512989807776,244.1,221.5
2019-10-06,Rajasthan,NR,26.44999921,74.63998124,244.1,2019,10,6,279,1,0,24.9,72,240.9,215.5,205.6,225.3142857142857,17.083562135517553,215.65,-0.7818314824680299,0.6234898018587334,-0.8660254037844386,0.5000000000000001,-0.9959189961471792,0.0902516100310407,241.1,211.8
2019-10-08,Rajasthan,NR,26.44999921,74.63998124,241.1,2019,10,1,281,0,1,24.5,65,244.1,213.0,213.6,229.32857142857142,17.008989219989218,216.56666666666666,0.7818314824680298,0.6234898018587336,-0.8660254037844386,0.5000000000000001,-0.9922222094179324,0.12447926388678869,242.0,192.2
2019-10-09,Rajasthan,NR,26.44999921,74.63998124,242.0,2019,10,2,282,0,0,24.8,51,241.1,208.4,215.2,234.12857142857143,14.703255227523975,217.46,0.9749279121818236,-0.22252093395631434,-0.8660254037844386,0.5000000000000001,-0.989932495087353,0.141540295217043,239.6,194.9
2019-10-10,Rajasthan,NR,26.44999921,74.63998124,239.6,2019,10,3,283,0,0,24.9,51,242.0,202.2,216.8,239.47142857142856,4.238598151006136,218.21999999999997,0.43388373911755823,-0.900968867902419,-0.8660254037844386,0.5000000000000001,-0.9873494423939864,0.15855938510313475,215.5,211.2
2019-10-11,Rajasthan,NR,26.44999921,74.63998124,215.5,2019,10,4,284,0,0,25.3,46,239.6,231.0,210.3,237.25714285714284,9.800826009892644,218.39333333333335,-0.433883739117558,-0.9009688679024191,-0.8660254037844386,0.5000000000000001,-0.9844738167520923,0.17553149042142777,212.5,226.5
2019-10-12,Rajasthan,NR,26.44999921,74.63998124,212.5,2019,10,5,285,1,0,25.7,47,215.5,237.6,202.4,233.67142857142858,13.534734855882627,218.73,-0.9749279121818236,-0.2225209339563146,-0.8660254037844386,0.5000000000000001,-0.9813064702716093,0.19245158197082995,221.5,226.8
2019-10-13,Rajasthan,NR,26.44999921,74.63998124,221.5,2019,10,6,286,1,0,26.6,45,212.5,240.9,256.5,230.9,13.791664149042916,217.56333333333333,-0.7818314824680299,0.6234898018587334,-0.8660254037844386,0.5000000000000001,-0.9778483415056567,0.20931464596304888,211.8,233.3
2019-10-14,Rajasthan,NR,26.44999921,74.63998124,211.8,2019,10,0,287,0,0,26.6,46,221.5,244.1,264.3,226.28571428571428,14.04035001598688,215.81333333333333,0.0,1.0,-0.8660254037844386,0.5000000000000001,-0.9741004551724206,0.22611568550828803,192.2,225.9
2019-10-15,Rajasthan,NR,26.44999921,74.63998124,192.2,2019,10,1,288,0,0,26.7,45,211.8,241.1,261.6,219.29999999999998,17.24122965452268,213.5,0.7818314824680298,0.6234898018587336,-0.8660254037844386,0.5000000000000001,-0.970063921851507,0.2428497220959358,194.9,228.1
2019-10-16,Rajasthan,NR,26.44999921,74.63998124,194.9,2019,10,2,289,0,0,27.4,41,192.2,242.0,245.1,212.57142857142858,16.055706595653287,211.82666666666668,0.9749279121818236,-0.22252093395631434,-0.8660254037844386,0.5000000000000001,-0.965739937654855,0.25951179706979943,211.2,230.2
2019-10-17,Rajasthan,NR,26.44999921,74.63998124,211.2,2019,10,3,290,0,0,26.3,45,194.9,239.6,240.0,208.5142857142857,10.823035398541588,210.86666666666667,0.43388373911755823,-0.900968867902419,-0.8660254037844386,0.5000000000000001,-0.9611297838723007,0.27609697309746883,226.5,228.2
2019-10-18,Rajasthan,NR,26.44999921,74.63998124,226.5,2019,10,4,291,0,0,26.5,45,211.2,215.5,244.3,210.08571428571426,12.650616397554893,210.27333333333334,-0.433883739117558,-0.9009688679024191,-0.8660254037844386,0.5000000000000001,-0.9562348265919058,0.2926003356333479,226.8,211.5
2019-10-19,Rajasthan,NR,26.44999921,74.63998124,226.8,2019,10,5,292,1,0,25.5,56,226.5,212.5,240.5,212.12857142857143,14.168946595249693,209.81666666666666,-0.9749279121818236,-0.2225209339563146,-0.8660254037844386,0.5000000000000001,-0.9510565162951536,0.30901699437494723,233.3,214.5
2019-10-20,Rajasthan,NR,26.44999921,74.63998124,233.3,2019,10,6,293,1,0,25.5,51,226.8,221.5,205.8,213.81428571428572,16.04716263304574,210.73333333333332,-0.7818314824680299,0.6234898018587334,-0.8660254037844386,0.5000000000000001,-0.9455963874271428,0.3253420847119795,225.9,207.5
2019-10-21,Rajasthan,NR,26.44999921,74.63998124,225.9,2019,10,0,294,0,0,24.4,49,233.3,211.8,159.2,215.82857142857145,16.626656738072928,212.95666666666665,0.0,1.0,-0.8660254037844386,0.5000000000000001,-0.9398560579418953,0.341570769167856,228.1,171.0
2019-10-22,Rajasthan,NR,26.44999921,74.63998124,228.1,2019,10,1,295,0,0,25.0,43,225.9,192.2,146.4,220.95714285714286,13.334398766955482,215.67999999999998,0.7818314824680298,0.6234898018587336,-0.8660254037844386,0.5000000000000001,-0.9338372288229252,0.35769823883312546,230.2,156.0
2019-10-23,Rajasthan,NR,26.44999921,74.63998124,230.2,2019,10,2,296,0,0,24.0,43,228.1,194.9,168.3,226.0,7.015221545562827,217.74333333333334,0.9749279121818236,-0.22252093395631434,-0.8660254037844386,0.5000000000000001,-0.9275416835791965,0.3737197147904692,228.2,147.3
2019-10-24,Rajasthan,NR,26.44999921,74.63998124,228.2,2019,10,3,297,0,0,24.3,43,230.2,211.2,178.1,228.42857142857142,2.5753409390559487,219.41333333333336,0.43388373911755823,-0.900968867902419,-0.8660254037844386,0.5000000000000001,-0.9209712877166347,0.38963044953078774,211.5,163.0
2019-10-25,Rajasthan,NR,26.44999921,74.63998124,211.5,2019,10,4,298,0,0,24.3,47,228.2,226.5,187.2,226.28571428571428,6.958311234638103,220.22333333333333,-0.433883739117558,-0.9009688679024191,-0.8660254037844386,0.5000000000000001,-0.9141279881853337,0.4054257283599973,214.5,159.5
2019-10-26,Rajasthan,NR,26.44999921,74.63998124,214.5,2019,10,5,299,1,0,23.2,57,211.5,226.8,190.4,224.5285714285714,8.24150356138828,221.02666666666667,-0.9749279121818236,-0.2225209339563146,-0.8660254037844386,0.5000000000000001,-0.9070138128026362,0.42110087079608916,207.5,162.7
2019-10-27,Rajasthan,NR,26.44999921,74.63998124,207.5,2019,10,6,300,1,1,22.8,58,214.5,233.3,206.5,220.84285714285716,9.358393227980786,221.06,-0.7818314824680299,0.6234898018587334,-0.8660254037844386,0.5000000000000001,-0.8996308696522434,0.4366512319560638,171.0,168.6
2019-10-28,Rajasthan,NR,26.44999921,74.63998124,171.0,2019,10,0,301,0,0,23.0,58,207.5,225.9,211.2,213.0,20.63023670893418,219.72,0.0,1.0,-0.8660254037844386,0.5000000000000001,-0.8919813464595487,0.45207220393230374,156.0,170.4
2019-10-29,Rajasthan,NR,26.44999921,74.63998124,156.0,2019,10,1,302,0,0,24.3,59,171.0,228.1,213.1,202.70000000000002,28.378395538390055,217.81666666666666,0.7818314824680298,0.6234898018587336,-0.8660254037844386,0.5000000000000001,-0.8840675099433637,0.46735921715800205,147.3,169.7
2019-10-30,Rajasthan,NR,26.44999921,74.63998124,147.3,2019,10,2,303,0,0,25.0,66,156.0,230.2,215.5,190.85714285714286,32.04979756269142,215.54333333333335,0.9749279121818236,-0.22252093395631434,-0.8660254037844386,0.5000000000000001,-0.8758917051442433,0.48250774176121763,163.0,169.2
2019-10-31,Rajasthan,NR,26.44999921,74.63998124,163.0,2019,10,3,304,0,0,26.3,60,147.3,228.2,213.0,181.54285714285717,28.686167232242134,213.87666666666667,0.43388373911755823,-0.900968867902419,-0.8660254037844386,0.5000000000000001,-0.8674563547295971,0.4975132889071803,159.5,170.4
2019-11-01,Rajasthan,NR,26.44999921,74.63998124,159.5,2019,11,4,305,0,0,25.9,54,163.0,211.5,208.4,174.11428571428573,26.266418901417257,212.2466666666667,-0.433883739117558,-0.9009688679024191,-0.5000000000000004,0.8660254037844384,-0.858763958275803,0.5123714121284235,162.7,212.4
2019-11-02,Rajasthan,NR,26.44999921,74.63998124,162.7,2019,11,5,306,1,0,25.6,53,159.5,214.5,202.2,166.71428571428572,19.388607356848993,210.93,-0.9749279121818236,-0.2225209339563146,-0.5000000000000004,0.8660254037844384,-0.8498170915275277,0.5270777086423724,168.6,214.4
2019-11-03,Rajasthan,NR,26.44999921,74.63998124,168.6,2019,11,6,307,1,0,23.4,72,162.7,207.5,231.0,161.15714285714284,7.952118615573514,208.85,-0.7818314824680299,0.6234898018587334,-0.5000000000000004,0.8660254037844384,-0.8406184056344783,0.5416278206559811,170.4,215.3
2019-11-04,Rajasthan,NR,26.44999921,74.63998124,170.4,2019,11,0,308,0,0,23.8,60,168.6,171.0,237.6,161.07142857142858,7.83064796929398,206.61,0.0,1.0,-0.5000000000000004,0.8660254037844384,-0.8311706263658079,0.5560174366570446,169.7,196.9
2019-11-05,Rajasthan,NR,26.44999921,74.63998124,169.7,2019,11,1,309,0,0,23.4,49,170.4,156.0,240.9,163.02857142857144,8.060544705684745,204.23666666666668,0.7818314824680298,0.6234898018587336,-0.5000000000000004,0.8660254037844384,-0.8214765533024145,0.5702422926917867,169.2,194.3
2019-11-06,Rajasthan,NR,26.44999921,74.63998124,169.2,2019,11,2,310,0,0,24.3,49,169.7,147.3,244.1,166.15714285714284,4.320824436318497,201.73999999999998,0.9749279121818236,-0.22252093395631434,-0.5000000000000004,0.8660254037844384,-0.8115390590073611,0.5842981736283683,170.4,200.5
2019-11-08,Rajasthan,NR,26.44999921,74.63998124,170.4,2019,11,4,312,0,0,21.6,76,169.2,163.0,241.1,167.21428571428572,4.324900219048499,199.38333333333333,-0.433883739117558,-0.9009688679024191,-0.5000000000000004,0.8660254037844384,-0.7909456567567774,0.6118864012687242,212.4,203.7
2019-11-09,Rajasthan,NR,26.44999921,74.63998124,212.4,2019,11,5,313,1,0,22.2,65,170.4,159.5,242.0,174.77142857142857,16.80622050370088,198.39666666666665,-0.9749279121818236,-0.2225209339563146,-0.5000000000000004,0.8660254037844384,-0.780295851070776,0.6254105729852457,214.4,222.7
2019-11-10,Rajasthan,NR,26.44999921,74.63998124,214.4,2019,11,6,314,1,1,22.7,59,212.4,162.7,239.6,182.15714285714284,21.360232297648274,197.55666666666667,-0.7818314824680299,0.6234898018587334,-0.5000000000000004,0.8660254037844384,-0.7694148268839381,0.6387494220515268,215.3,230.4
2019-11-11,Rajasthan,NR,26.44999921,74.63998124,215.3,2019,11,0,315,0,0,23.2,57,214.4,168.6,215.5,188.82857142857145,23.596095318626144,197.55,0.0,1.0,-0.5000000000000004,0.8660254037844384,-0.7583058084785625,0.6518989958787125,196.9,225.0
2019-11-12,Rajasthan,NR,26.44999921,74.63998124,196.9,2019,11,1,316,0,1,23.1,58,215.3,170.4,212.5,192.6142857142857,22.233115583997826,197.03000000000003,0.7818314824680298,0.6234898018587336,-0.5000000000000004,0.8660254037844384,-0.7469720876965551,0.6648553979642866,194.3,219.4
2019-11-13,Rajasthan,NR,26.44999921,74.63998124,194.3,2019,11,2,317,0,0,24.2,57,196.9,169.7,221.5,196.12857142857143,19.82084040311345,196.12333333333333,0.9749279121818236,-0.22252093395631434,-0.5000000000000004,0.8660254037844384,-0.7354170229639858,0.6776147890466887,200.5,218.2
2019-11-14,Rajasthan,NR,26.44999921,74.63998124,200.5,2019,11,3,318,0,0,21.7,75,194.3,169.2,211.8,200.60000000000005,15.870307705480993,195.74666666666664,0.43388373911755823,-0.900968867902419,-0.5000000000000004,0.8660254037844384,-0.7236440382959124,0.690173388242972,203.7,220.9
2019-11-15,Rajasthan,NR,26.44999921,74.63998124,203.7,2019,11,4,319,0,0,21.4,68,200.5,170.4,192.2,205.35714285714286,8.66368996499235,196.13000000000002,-0.433883739117558,-0.9009688679024191,-0.5000000000000004,0.8660254037844384,-0.711656622281775,0.7025274741691566,222.7,215.3
2019-11-16,Rajasthan,NR,26.44999921,74.63998124,222.7,2019,11,5,320,1,0,21.8,63,203.7,212.4,194.9,206.82857142857142,10.69559321803612,197.05666666666667,-0.9749279121818236,-0.2225209339563146,-0.5000000000000004,0.8660254037844384,-0.6994583270516471,0.7146733860429608,230.4,233.3
2019-11-17,Rajasthan,NR,26.44999921,74.63998124,230.4,2019,11,6,321,1,0,21.5,65,222.7,214.4,211.2,209.11428571428573,13.832862872091308,197.69666666666666,-0.7818314824680299,0.6234898018587334,-0.5000000000000004,0.8660254037844384,-0.6870527672236675,0.7266075247685652,225.0,236.5
2019-11-18,Rajasthan,NR,26.44999921,74.63998124,225.0,2019,11,0,322,0,0,20.4,67,230.4,215.3,226.5,210.5,14.992998365903585,197.64666666666665,0.0,1.0,-0.5000000000000004,0.8660254037844384,-0.6744436188329457,0.7383263540031063,219.4,236.6
2019-11-19,Rajasthan,NR,26.44999921,74.63998124,219.4,2019,11,1,323,0,0,20.3,58,225.0,196.9,226.8,213.71428571428572,13.968229256832009,197.4,0.7818314824680298,0.6234898018587336,-0.5000000000000004,0.8660254037844384,-0.661634618242279,0.749826401204568,218.2,227.5
2019-11-20,Rajasthan,NR,26.44999921,74.63998124,218.2,2019,11,2,324,0,0,20.7,55,219.4,194.3,233.3,217.1285714285714,11.047430211850415,196.89666666666668,0.9749279121818236,-0.22252093395631434,-0.5000000000000004,0.8660254037844384,-0.6486295610349818,0.7611042586607742,220.9,230.5
2019-11-21,Rajasthan,NR,26.44999921,74.63998124,220.9,2019,11,3,325,0,0,21.3,63,218.2,200.5,225.9,220.04285714285717,8.271810995353412,196.73,0.43388373911755823,-0.900968867902419,-0.5000000000000004,0.8660254037844384,-0.6354323008901775,0.7721565844991641,215.3,233.4
2019-11-22,Rajasthan,NR,26.44999921,74.63998124,215.3,2019,11,4,326,0,0,21.8,64,220.9,203.7,228.1,221.70000000000002,4.945031176173371,196.30333333333334,-0.433883739117558,-0.9009688679024191,-0.5000000000000004,0.8660254037844384,-0.622046748440868,0.7829801036770624,233.3,227.8
2019-11-23,Rajasthan,NR,26.44999921,74.63998124,233.3,2019,11,5,327,1,0,22.7,61,215.3,222.7,230.2,223.21428571428572,6.636120496049587,196.40666666666667,-0.9749279121818236,-0.2225209339563146,-0.5000000000000004,0.8660254037844384,-0.6084768701151264,0.7935716089521472,236.5,269.8
2019-11-24,Rajasthan,NR,26.44999921,74.63998124,236.5,2019,11,6,328,1,0,21.7,63,233.3,230.4,228.2,224.08571428571426,7.997797315808684,196.68333333333334,-0.7818314824680299,0.6234898018587334,-0.5000000000000004,0.8660254037844384,-0.594726686960764,0.8039279618328208,236.6,269.998
2019-11-25,Rajasthan,NR,26.44999921,74.63998124,236.6,2019,11,0,329,0,0,21.1,68,236.5,225.0,211.5,225.7428571428571,9.312510786187188,197.51999999999998,0.0,1.0,-0.5000000000000004,0.8660254037844384,-0.5808002734538013,0.8140460935082175,227.5,265.9
2019-11-26,Rajasthan,NR,26.44999921,74.63998124,227.5,2019,11,1,330,0,0,20.9,68,236.6,219.4,214.5,226.90000000000003,8.886506625215345,197.95333333333332,0.7818314824680298,0.6234898018587336,-0.5000000000000004,0.8660254037844384,-0.5667017562911184,0.8239230057575536,230.5,244.4
2019-11-27,Rajasthan,NR,26.44999921,74.63998124,230.5,2019,11,2,331,0,0,20.6,68,227.5,218.2,207.5,228.65714285714284,8.056851565149643,198.71999999999997,0.9749279121818236,-0.22252093395631434,-0.5000000000000004,0.8660254037844384,-0.5524353131676203,0.8335557718385695,233.4,257.8
2019-11-28,Rajasthan,NR,26.44999921,74.63998124,233.4,2019,11,3,332,0,0,19.7,73,230.5,220.9,171.0,230.44285714285712,7.410320987842235,200.8,0.43388373911755823,-0.900968867902419,-0.5000000000000004,0.8660254037844384,-0.5380051715382992,0.8429415373547832,227.8,257.9
2019-11-29,Rajasthan,NR,26.44999921,74.63998124,227.8,2019,11,4,333,0,0,18.3,82,233.4,215.3,156.0,232.22857142857143,3.7601924976052006,203.19333333333333,-0.433883739117558,-0.9009688679024191,-0.5000000000000004,0.8660254037844384,-0.5234156073655503,0.8520775211013093,269.8,223.1
2019-11-30,Rajasthan,NR,26.44999921,74.63998124,269.8,2019,11,5,334,1,0,17.5,78,227.8,233.3,147.3,237.44285714285712,14.747752048234064,207.27666666666664,-0.9749279121818236,-0.2225209339563146,-0.5000000000000004,0.8660254037844384,-0.5086709438521042,0.8609610158889945,269.998,205.2
2019-12-01,Rajasthan,NR,26.44999921,74.63998124,269.998,2019,12,6,335,1,0,17.7,73,269.8,236.5,163.0,242.2282857142857,19.164303637355726,210.84326666666666,-0.7818314824680299,0.6234898018587334,-2.4492935982947064e-16,1.0,-0.49377555015997737,0.8695893893466109,265.9,204.7
2019-12-02,Rajasthan,NR,26.44999921,74.63998124,265.9,2019,12,0,336,0,0,17.3,54,269.998,236.6,159.5,246.41400000000002,20.85527204329894,214.38993333333332,0.0,1.0,-2.4492935982947064e-16,1.0,-0.4787338401157883,0.8779600847008883,244.4,203.2
2019-12-03,Rajasthan,NR,26.44999921,74.63998124,244.4,2019,12,1,337,0,0,17.0,45,265.9,227.5,162.7,248.82828571428573,19.214445969238078,217.11326666666668,0.7818314824680298,0.6234898018587336,-2.4492935982947064e-16,1.0,-0.4635502709028512,0.8860706215341378,257.8,203.5
2019-12-04,Rajasthan,NR,26.44999921,74.63998124,257.8,2019,12,2,338,0,0,16.8,46,244.4,230.5,168.6,252.7282857142857,17.57491205965969,220.0866,0.9749279121818236,-0.22252093395631434,-2.4492935982947064e-16,1.0,-0.4482293417404106,0.893918596519257,257.9,215.1
2019-12-05,Rajasthan,NR,26.44999921,74.63998124,257.9,2019,12,3,339,0,0,16.9,46,257.8,233.4,170.4,256.22828571428573,15.387653077649851,223.00326666666666,0.43388373911755823,-0.900968867902419,-2.4492935982947064e-16,1.0,-0.4327755925504317,0.9015016841318838,223.1,219.7
2019-12-06,Rajasthan,NR,26.44999921,74.63998124,223.1,2019,12,4,340,0,0,16.6,54,257.9,227.8,169.7,255.55685714285713,16.866334193975543,224.78326666666666,-0.433883739117558,-0.9009688679024191,-2.4492935982947064e-16,1.0,-0.41719360261231697,0.9088176373395028,205.2,225.2
2019-12-08,Rajasthan,NR,26.44999921,74.63998124,205.2,2019,12,6,342,1,0,15.8,63,223.1,269.8,169.2,246.32828571428573,23.956973944374408,225.98326666666668,-0.7818314824680299,0.6234898018587334,-2.4492935982947064e-16,1.0,-0.38566340624360745,0.9226395488404875,204.7,243.3
2019-12-09,Rajasthan,NR,26.44999921,74.63998124,204.7,2019,12,0,343,0,0,16.4,58,205.2,269.998,170.4,237.0,25.842987443405217,227.1266,0.0,1.0,-2.4492935982947064e-16,1.0,-0.3697245428906732,0.9291414114031743,203.2,248.1
2019-12-10,Rajasthan,NR,26.44999921,74.63998124,203.2,2019,12,1,344,0,0,17.4,59,204.7,265.9,212.4,228.04285714285714,25.009255429597484,226.81993333333332,0.7818314824680298,0.6234898018587336,-2.4492935982947064e-16,1.0,-0.3536761221763721,0.935367949313148,203.5,249.0
2019-12-11,Rajasthan,NR,26.44999921,74.63998124,203.5,2019,12,2,345,0,0,18.1,63,203.2,244.4,214.4,222.20000000000002,25.326534175313515,226.4566,0.9749279121818236,-0.22252093395631434,-2.4492935982947064e-16,1.0,-0.33752289959411347,0.941317317512847,215.1,249.0
2019-12-12,Rajasthan,NR,26.44999921,74.63998124,215.1,2019,12,3,346,0,0,17.5,69,203.5,257.8,215.3,216.09999999999997,19.879553985606726,226.44993333333332,0.43388373911755823,-0.900968867902419,-2.4492935982947064e-16,1.0,-0.32126966169236515,0.9469877530760751,219.7,248.1
2019-12-13,Rajasthan,NR,26.44999921,74.63998124,219.7,2019,12,4,347,0,0,14.6,77,215.1,257.9,196.9,210.64285714285714,8.450218368549558,227.20993333333334,-0.433883739117558,-0.9009688679024191,-2.4492935982947064e-16,1.0,-0.3049212246562894,0.9523775757303973,225.2,249.3
2019-12-14,Rajasthan,NR,26.44999921,74.63998124,225.2,2019,12,5,348,1,0,13.2,70,219.7,223.1,194.3,210.94285714285712,8.986444818512636,228.23993333333334,-0.9749279121818236,-0.2225209339563146,-2.4492935982947064e-16,1.0,-0.2884824328806098,0.9574851883550389,243.3,245.5
2019-12-15,Rajasthan,NR,26.44999921,74.63998124,243.3,2019,12,6,349,1,0,12.9,71,225.2,205.2,200.5,216.3857142857143,14.669518121081834,229.66660000000002,-0.7818314824680299,0.6234898018587334,-2.4492935982947064e-16,1.0,-0.27195815753410524,0.9623090774541487,248.1,222.6
2019-12-16,Rajasthan,NR,26.44999921,74.63998124,248.1,2019,12,0,350,0,0,11.9,71,243.3,204.7,203.7,222.58571428571426,17.754476296737668,231.14659999999998,0.0,1.0,-2.4492935982947064e-16,1.0,-0.2553532951161881,0.9668478136052773,249.0,228.8
2019-12-17,Rajasthan,NR,26.44999921,74.63998124,249.0,2019,12,1,351,0,0,10.8,68,248.1,203.2,222.7,229.1285714285714,17.858584703694856,232.02326666666664,0.7818314824680298,0.6234898018587336,-2.4492935982947064e-16,1.0,-0.23867276600594997,0.9711000518829505,249.0,229.9
2019-12-18,Rajasthan,NR,26.44999921,74.63998124,249.0,2019,12,2,352,0,0,11.7,66,249.0,203.5,230.4,235.6285714285714,15.032599496396122,232.64326666666665,0.9749279121818236,-0.22252093395631434,-2.4492935982947064e-16,1.0,-0.22192151300416674,0.9750645322571945,248.1,211.8
2019-12-19,Rajasthan,NR,26.44999921,74.63998124,248.1,2019,12,3,353,0,0,13.9,60,249.0,215.1,225.0,240.34285714285716,12.479430695195811,233.41326666666666,0.43388373911755823,-0.900968867902419,-2.4492935982947064e-16,1.0,-0.20510449986861926,0.9787400799669153,249.3,202.2
2019-12-20,Rajasthan,NR,26.44999921,74.63998124,249.3,2019,12,4,354,0,0,16.4,58,248.1,219.7,219.4,244.57142857142858,8.787816241007906,234.40993333333333,-0.433883739117558,-0.9009688679024191,-2.4492935982947064e-16,1.0,-0.1882267098432439,0.9821256058680006,245.5,211.4
2019-12-21,Rajasthan,NR,26.44999921,74.63998124,245.5,2019,12,5,355,1,0,16.8,58,249.3,225.2,218.2,247.4714285714286,2.2395790420801127,235.31993333333332,-0.9749279121818236,-0.2225209339563146,-2.4492935982947064e-16,1.0,-0.1712931441814778,0.9852201067560606,222.6,212.7
2019-12-22,Rajasthan,NR,26.44999921,74.63998124,222.6,2019,12,6,356,1,0,15.1,53,245.5,243.3,220.9,244.5142857142857,9.747380600522204,235.3766,-0.7818314824680299,0.6234898018587334,-2.4492935982947064e-16,1.0,-0.154308820664281,0.9880226656636976,228.8,232.7
2019-12-23,Rajasthan,NR,26.44999921,74.63998124,228.8,2019,12,0,357,0,0,14.8,51,222.6,248.1,215.3,241.75714285714284,11.187322757308666,235.82659999999998,0.0,1.0,-2.4492935982947064e-16,1.0,-0.13727877211326517,0.9905324521322227,229.9,246.5
2019-12-24,Rajasthan,NR,26.44999921,74.63998124,229.9,2019,12,1,358,0,0,15.2,61,228.8,249.0,233.3,239.02857142857144,11.452469062130287,235.71326666666664,0.7818314824680298,0.6234898018587336,-2.4492935982947064e-16,1.0,-0.12020804489935275,0.9927487224577402,211.8,253.5
2019-12-25,Rajasthan,NR,26.44999921,74.63998124,211.8,2019,12,2,359,0,1,14.5,59,229.9,249.0,236.5,233.71428571428572,14.324969874480066,234.88993333333332,0.9749279121818236,-0.22252093395631434,-2.4492935982947064e-16,1.0,-0.10310169744743544,0.9946708199115211,202.2,253.0
2019-12-26,Rajasthan,NR,26.44999921,74.63998124,202.2,2019,12,3,360,0,0,13.0,39,211.8,248.1,236.6,227.15714285714287,16.913786993934412,233.7432666666667,0.43388373911755823,-0.900968867902419,-2.4492935982947064e-16,1.0,-0.0859647987374467,0.9962981749346077,211.4,247.4
2019-12-27,Rajasthan,NR,26.44999921,74.63998124,211.4,2019,12,4,361,0,0,12.3,40,202.2,249.3,227.5,221.74285714285716,14.544398365333423,233.2066,-0.433883739117558,-0.9009688679024191,-2.4492935982947064e-16,1.0,-0.06880242680232064,0.9976303053065857,212.7,243.3
2019-12-28,Rajasthan,NR,26.44999921,74.63998124,212.7,2019,12,5,362,1,0,11.8,50,211.4,245.5,230.5,217.05714285714285,10.270647032985627,232.61326666666668,-0.9749279121818236,-0.2225209339563146,-2.4492935982947064e-16,1.0,-0.05161966722325418,0.9986668162884759,232.7,237.1
2019-12-29,Rajasthan,NR,26.44999921,74.63998124,232.7,2019,12,6,363,1,0,10.7,57,212.7,222.6,233.4,218.5,11.777945491467817,232.5899333333333,-0.7818314824680299,0.6234898018587334,-2.4492935982947064e-16,1.0,-0.034421611622745804,0.9994074007397048,246.5,198.2
2019-12-30,Rajasthan,NR,26.44999921,74.63998124,246.5,2019,12,0,364,0,0,10.3,63,232.7,228.8,227.8,221.02857142857144,15.628362495338507,233.21326666666664,0.0,1.0,-2.4492935982947064e-16,1.0,-0.01721335615583528,0.9998518392091162,253.5,173.4
2019-12-31,Rajasthan,NR,26.44999921,74.63998124,253.5,2019,12,1,365,0,0,10.2,69,246.5,229.9,269.8,224.4,19.839354828219378,232.66993333333332,0.7818314824680298,0.6234898018587336,-2.4492935982947064e-16,1.0,6.432490598706546e-16,1.0,253.0,170.6
2020-01-01,Rajasthan,NR,26.44999921,74.63998124,253.0,2020,1,2,1,0,0,11.7,74,253.5,211.8,269.998,230.28571428571428,21.5186298023695,232.10333333333332,0.9749279121818236,-0.22252093395631434,0.49999999999999994,0.8660254037844387,0.017213356155834685,0.9998518392091162,247.4,193.0
2020-01-02,Rajasthan,NR,26.44999921,74.63998124,247.4,2020,1,3,2,0,0,13.2,75,253.0,202.2,265.9,236.74285714285716,18.21417553654823,231.48666666666668,0.43388373911755823,-0.900968867902419,0.49999999999999994,0.8660254037844387,0.03442161162274574,0.9994074007397048,243.3,206.4
2020-01-03,Rajasthan,NR,26.44999921,74.63998124,243.3,2020,1,4,3,0,0,14.9,65,247.4,211.4,244.4,241.29999999999998,14.410065926289349,231.45,-0.433883739117558,-0.9009688679024191,0.49999999999999994,0.8660254037844387,0.051619667223253764,0.998666816288476,237.1,209.3
2020-01-04,Rajasthan,NR,26.44999921,74.63998124,237.1,2020,1,5,4,1,0,14.5,69,243.3,212.7,257.8,244.78571428571428,7.751651129798304,230.76000000000002,-0.9749279121818236,-0.2225209339563146,0.49999999999999994,0.8660254037844387,0.06880242680231986,0.9976303053065857,198.2,205.8
2020-01-05,Rajasthan,NR,26.44999921,74.63998124,198.2,2020,1,6,5,1,0,15.4,61,237.1,232.7,257.9,239.85714285714286,19.21222329168407,228.76999999999998,-0.7818314824680299,0.6234898018587334,0.49999999999999994,0.8660254037844387,0.08596479873744647,0.9962981749346078,173.4,218.1
2020-01-13,Rajasthan,NR,26.44999921,74.63998124,173.4,2020,1,0,13,0,0,15.8,72,198.2,246.5,223.1,229.41428571428574,31.15474434557424,227.11333333333334,0.0,1.0,0.49999999999999994,0.8660254037844387,0.2219215130041655,0.9750645322571948,170.6,225.8
2020-01-14,Rajasthan,NR,26.44999921,74.63998124,170.6,2020,1,1,14,0,0,12.7,64,173.4,253.5,205.2,217.57142857142858,35.872306602062345,225.95999999999998,0.7818314824680298,0.6234898018587336,0.49999999999999994,0.8660254037844387,0.2386727660059501,0.9711000518829505,193.0,239.7
2020-01-15,Rajasthan,NR,26.44999921,74.63998124,193.0,2020,1,2,15,0,0,13.5,74,170.6,253.0,204.7,209.0,33.053542422358376,225.57,0.9749279121818236,-0.22252093395631434,0.49999999999999994,0.8660254037844387,0.255353295116187,0.9668478136052775,206.4,242.6
2020-01-16,Rajasthan,NR,26.44999921,74.63998124,206.4,2020,1,3,16,0,0,13.8,72,193.0,247.4,203.2,203.14285714285714,28.423221559307752,225.67666666666668,0.43388373911755823,-0.900968867902419,0.49999999999999994,0.8660254037844387,0.2719581575341055,0.9623090774541486,209.3,249.6
2020-01-17,Rajasthan,NR,26.44999921,74.63998124,209.3,2020,1,4,17,0,0,13.0,62,206.4,243.3,203.5,198.28571428571428,22.757594232213222,225.87,-0.433883739117558,-0.9009688679024191,0.49999999999999994,0.8660254037844387,0.288482432880609,0.9574851883550393,205.8,252.4
2020-01-18,Rajasthan,NR,26.44999921,74.63998124,205.8,2020,1,5,18,1,0,13.7,60,209.3,237.1,215.1,193.81428571428572,15.902874852409367,225.55999999999997,-0.9749279121818236,-0.2225209339563146,0.49999999999999994,0.8660254037844387,0.30492122465628907,0.9523775757303974,218.1,247.6
2020-01-19,Rajasthan,NR,26.44999921,74.63998124,218.1,2020,1,6,19,1,0,13.2,53,205.8,198.2,219.7,196.65714285714287,18.400168218691867,225.50666666666666,-0.7818314824680299,0.6234898018587334,0.49999999999999994,0.8660254037844387,0.3212696616923644,0.9469877530760753,225.8,197.5
2020-01-20,Rajasthan,NR,26.44999921,74.63998124,225.8,2020,1,0,20,0,0,13.3,56,218.1,173.4,225.2,204.14285714285714,18.016460727424537,225.52666666666667,0.0,1.0,0.49999999999999994,0.8660254037844387,0.3375228995941133,0.9413173175128471,239.7,211.3
2020-01-21,Rajasthan,NR,26.44999921,74.63998124,239.7,2020,1,1,21,0,0,15.3,59,225.8,170.6,243.3,214.01428571428573,15.300482407582537,225.40666666666667,0.7818314824680298,0.6234898018587336,0.49999999999999994,0.8660254037844387,0.3536761221763716,0.9353679493131483,242.6,215.1
2020-01-22,Rajasthan,NR,26.44999921,74.63998124,242.6,2020,1,2,22,0,0,15.2,65,239.7,193.0,248.1,221.1,15.431137352767816,225.22333333333336,0.9749279121818236,-0.22252093395631434,0.49999999999999994,0.8660254037844387,0.3697245428906731,0.9291414114031743,249.6,215.6
2020-01-23,Rajasthan,NR,26.44999921,74.63998124,249.6,2020,1,3,23,0,0,14.1,47,242.6,206.4,249.0,227.27142857142854,17.11857804508614,225.24333333333334,0.43388373911755823,-0.900968867902419,0.49999999999999994,0.8660254037844387,0.38566340624360707,0.9226395488404876,252.4,210.6
2020-01-24,Rajasthan,NR,26.44999921,74.63998124,252.4,2020,1,4,24,0,0,14.2,41,249.6,209.3,249.0,233.42857142857142,17.32711884933683,225.35666666666668,-0.433883739117558,-0.9009688679024191,0.49999999999999994,0.8660254037844387,0.401487989205973,0.9158642882672872,247.6,216.6
2020-01-25,Rajasthan,NR,26.44999921,74.63998124,247.6,2020,1,5,25,1,0,15.8,36,252.4,205.8,248.1,239.4,12.840430937732107,225.34,-0.9749279121818236,-0.2225209339563146,0.49999999999999994,0.8660254037844387,0.4171936026123168,0.9088176373395029,197.5,213.0
2020-01-26,Rajasthan,NR,26.44999921,74.63998124,197.5,2020,1,6,26,1,1,17.9,37,247.6,218.1,249.3,236.45714285714283,19.281066459340952,223.61333333333332,-0.7818314824680299,0.6234898018587334,0.49999999999999994,0.8660254037844387,0.4327755925504312,0.901501684131884,211.3,182.5
2020-01-27,Rajasthan,NR,26.44999921,74.63998124,211.3,2020,1,0,27,0,0,18.9,48,197.5,225.8,245.5,234.3857142857143,21.290954931725324,222.47333333333333,0.0,1.0,0.49999999999999994,0.8660254037844387,0.4482293417404106,0.893918596519257,215.1,184.7
2020-01-28,Rajasthan,NR,26.44999921,74.63998124,215.1,2020,1,1,28,0,0,16.6,49,211.3,239.7,222.6,230.87142857142857,22.275076826333102,222.22333333333336,0.7818314824680298,0.6234898018587336,0.49999999999999994,0.8660254037844387,0.4635502709028509,0.886070621534138,215.6,193.7
2020-01-29,Rajasthan,NR,26.44999921,74.63998124,215.6,2020,1,2,29,0,0,14.5,46,215.1,242.6,228.8,227.0142857142857,22.24330825000528,221.78333333333333,0.9749279121818236,-0.22252093395631434,0.49999999999999994,0.8660254037844387,0.47873384011578846,0.8779600847008882,210.6,197.7
2020-01-30,Rajasthan,NR,26.44999921,74.63998124,210.6,2020,1,3,30,0,0,14.4,45,215.6,249.6,229.9,221.44285714285715,20.455712905596254,221.14000000000001,0.43388373911755823,-0.900968867902419,0.49999999999999994,0.8660254037844387,0.49377555015997715,0.869589389346611,216.6,201.4
2020-01-31,Rajasthan,NR,26.44999921,74.63998124,216.6,2020,1,4,31,0,0,14.2,41,210.6,252.4,211.8,216.32857142857142,15.23501605794024,221.3,-0.433883739117558,-0.9009688679024191,0.49999999999999994,0.8660254037844387,0.5086709438521044,0.8609610158889943,213.0,202.7
2020-02-01,Rajasthan,NR,26.44999921,74.63998124,213.0,2020,2,5,32,1,0,14.6,38,216.6,247.6,202.2,211.3857142857143,6.516499206225739,221.65999999999997,-0.9749279121818236,-0.2225209339563146,0.8660254037844386,0.5000000000000001,0.5234156073655503,0.8520775211013093,182.5,202.3
2020-02-02,Rajasthan,NR,26.44999921,74.63998124,182.5,2020,2,6,33,1,0,14.3,48,213.0,197.5,211.4,209.24285714285716,12.001507841774202,220.69666666666666,-0.7818314824680299,0.6234898018587334,0.8660254037844386,0.5000000000000001,0.5380051715382996,0.8429415373547828,184.7,239.9
2020-02-03,Rajasthan,NR,26.44999921,74.63998124,184.7,2020,2,0,34,0,0,14.4,46,182.5,211.3,212.7,205.44285714285712,15.062409849561424,219.76333333333332,0.0,1.0,0.8660254037844386,0.5000000000000001,0.5524353131676196,0.8335557718385699,193.7,242.1
2020-02-04,Rajasthan,NR,26.44999921,74.63998124,193.7,2020,2,1,35,0,0,15.9,47,184.7,215.1,232.7,202.3857142857143,14.946953822481722,218.46333333333334,0.7818314824680298,0.6234898018587336,0.8660254037844386,0.5000000000000001,0.5667017562911176,0.8239230057575542,197.7,243.4
2020-02-05,Rajasthan,NR,26.44999921,74.63998124,197.7,2020,2,2,36,0,0,16.1,52,193.7,215.6,246.5,199.82857142857142,13.796341820171689,216.83666666666667,0.9749279121818236,-0.22252093395631434,0.8660254037844386,0.5000000000000001,0.5808002734538009,0.8140460935082178,201.4,238.3
2020-02-13,Rajasthan,NR,26.44999921,74.63998124,201.4,2020,2,3,44,0,0,20.5,38,197.7,210.6,253.5,198.5142857142857,13.015302349083752,215.1,0.43388373911755823,-0.900968867902419,0.8660254037844386,0.5000000000000001,0.6870527672236669,0.7266075247685656,202.7,244.0
2020-02-14,Rajasthan,NR,26.44999921,74.63998124,202.7,2020,2,4,45,0,0,19.5,38,201.4,216.6,253.0,196.52857142857144,10.639660753630702,213.42333333333332,-0.433883739117558,-0.9009688679024191,0.8660254037844386,0.5000000000000001,0.699458327051647,0.7146733860429609,202.3,234.2
2020-02-15,Rajasthan,NR,26.44999921,74.63998124,202.3,2020,2,5,46,1,0,19.4,23,202.7,213.0,247.4,195.0,8.414867794562635,211.92,-0.9749279121818236,-0.2225209339563146,0.8660254037844386,0.5000000000000001,0.7116566222817746,0.7025274741691571,239.9,233.9
2020-02-16,Rajasthan,NR,26.44999921,74.63998124,239.9,2020,2,6,47,1,0,20.9,18,202.3,182.5,243.3,203.20000000000002,17.387447579599094,211.80666666666667,-0.7818314824680299,0.6234898018587334,0.8660254037844386,0.5000000000000001,0.7236440382959124,0.6901733882429719,242.1,223.1
2020-02-17,Rajasthan,NR,26.44999921,74.63998124,242.1,2020,2,0,48,0,0,21.5,22,239.9,184.7,237.1,211.4,20.47038511280736,211.97333333333333,0.0,1.0,0.8660254037844386,0.5000000000000001,0.7354170229639855,0.6776147890466889,243.4,230.6
2020-02-18,Rajasthan,NR,26.44999921,74.63998124,243.4,2020,2,1,49,0,0,21.3,18,242.1,193.7,198.2,218.5,21.87868064273187,213.48000000000002,0.7818314824680298,0.6234898018587336,0.8660254037844386,0.5000000000000001,0.7469720876965552,0.6648553979642865,238.3,239.3
2020-02-19,Rajasthan,NR,26.44999921,74.63998124,238.3,2020,2,2,50,0,0,22.1,20,243.4,197.7,173.4,224.3,20.800560889873154,215.64333333333332,0.9749279121818236,-0.22252093395631434,0.8660254037844386,0.5000000000000001,0.7583058084785624,0.6518989958787126,244.0,242.0
2020-02-20,Rajasthan,NR,26.44999921,74.63998124,244.0,2020,2,3,51,0,0,22.8,33,238.3,201.4,170.6,230.3857142857143,19.150320151494952,218.09,0.43388373911755823,-0.900968867902419,0.8660254037844386,0.5000000000000001,0.7694148268839378,0.6387494220515272,234.2,241.7
2020-02-21,Rajasthan,NR,26.44999921,74.63998124,234.2,2020,2,4,52,0,0,18.3,47,244.0,202.7,193.0,234.8857142857143,14.757532378577272,219.46333333333334,-0.433883739117558,-0.9009688679024191,0.8660254037844386,0.5000000000000001,0.7802958510707755,0.6254105729852463,233.9,227.1
2020-02-22,Rajasthan,NR,26.44999921,74.63998124,233.9,2020,2,5,53,1,0,17.9,64,234.2,202.3,206.4,239.4,4.147288270665291,220.38,-0.9749279121818236,-0.2225209339563146,0.8660254037844386,0.5000000000000001,0.7909456567567772,0.6118864012687243,223.1,205.0
2020-02-23,Rajasthan,NR,26.44999921,74.63998124,223.1,2020,2,6,54,1,0,19.2,61,233.9,239.9,209.3,237.0,7.397296803562521,220.84000000000003,-0.7818314824680299,0.6234898018587334,0.8660254037844386,0.5000000000000001,0.8013610881746766,0.5981809144059165,230.6,240.7
2020-02-24,Rajasthan,NR,26.44999921,74.63998124,230.6,2020,2,0,55,0,0,19.7,53,223.1,242.1,205.8,235.35714285714286,7.352744871328827,221.66666666666666,0.0,1.0,0.8660254037844386,0.5000000000000001,0.8115390590073611,0.5842981736283684,239.3,242.6
2020-02-25,Rajasthan,NR,26.44999921,74.63998124,239.3,2020,2,1,56,0,0,20.9,40,230.6,243.4,218.1,234.77142857142854,6.7433212108259974,222.37333333333333,0.7818314824680298,0.6234898018587336,0.8660254037844386,0.5000000000000001,0.8214765533024142,0.5702422926917871,242.0,239.0
2020-02-26,Rajasthan,NR,26.44999921,74.63998124,242.0,2020,2,2,57,0,0,22.4,32,239.3,238.3,225.8,235.29999999999998,7.195832127002075,222.91333333333333,0.9749279121818236,-0.22252093395631434,0.8660254037844386,0.5000000000000001,0.8311706263658079,0.5560174366570446,241.7,231.5
2020-02-27,Rajasthan,NR,26.44999921,74.63998124,241.7,2020,2,3,58,0,0,23.4,35,242.0,244.0,239.7,234.97142857142856,6.77242307344345,222.98,0.43388373911755823,-0.900968867902419,0.8660254037844386,0.5000000000000001,0.8406184056344782,0.5416278206559814,227.1,243.4
2020-02-28,Rajasthan,NR,26.44999921,74.63998124,227.1,2020,2,4,59,0,0,24.0,35,241.7,234.2,242.6,233.95714285714283,7.408971395737158,222.4633333333333,-0.433883739117558,-0.9009688679024191,0.8660254037844386,0.5000000000000001,0.8498170915275278,0.5270777086423722,205.0,237.6
2020-02-29,Rajasthan,NR,26.44999921,74.63998124,205.0,2020,2,5,60,1,0,23.4,40,227.1,233.9,249.6,229.82857142857142,13.219646274353906,220.97666666666666,-0.9749279121818236,-0.2225209339563146,0.8660254037844386,0.5000000000000001,0.8587639582758029,0.5123714121284237,240.7,240.4
2020-03-01,Rajasthan,NR,26.44999921,74.63998124,240.7,2020,3,6,61,1,0,21.8,52,205.0,223.1,252.4,232.34285714285713,13.399111555479477,220.58666666666664,-0.7818314824680299,0.6234898018587334,1.0,6.123233995736766e-17,0.8674563547295969,0.49751328890718066,242.6,220.9
2020-03-02,Rajasthan,NR,26.44999921,74.63998124,242.6,2020,3,0,62,0,0,22.8,49,240.7,230.6,247.6,234.05714285714288,13.897344727543633,220.42000000000002,0.0,1.0,1.0,6.123233995736766e-17,0.8758917051442429,0.48250774176121847,239.0,218.1
2020-03-03,Rajasthan,NR,26.44999921,74.63998124,239.0,2020,3,1,63,0,0,22.4,51,242.6,239.3,197.5,234.0142857142857,13.87893230420684,221.80333333333334,0.7818314824680298,0.6234898018587336,1.0,6.123233995736766e-17,0.8840675099433636,0.4673592171580022,231.5,201.3
2020-03-04,Rajasthan,NR,26.44999921,74.63998124,231.5,2020,3,2,64,0,0,22.8,44,239.0,242.0,211.3,232.5142857142857,13.432228478728137,222.47666666666666,0.9749279121818236,-0.22252093395631434,1.0,6.123233995736766e-17,0.8919813464595485,0.45207220393230435,243.4,218.1
2020-03-05,Rajasthan,NR,26.44999921,74.63998124,243.4,2020,3,3,65,0,0,21.0,52,231.5,241.7,215.1,232.75714285714284,13.639752825577544,223.42000000000002,0.43388373911755823,-0.900968867902419,1.0,6.123233995736766e-17,0.8996308696522433,0.43665123195606403,237.6,225.8
2020-03-13,Rajasthan,NR,26.44999921,74.63998124,237.6,2020,3,4,73,0,0,18.1,32,243.4,227.1,215.6,234.2571428571429,13.490472828735527,224.15333333333334,-0.433883739117558,-0.9009688679024191,1.0,6.123233995736766e-17,0.9510565162951535,0.30901699437494745,240.4,239.7
2020-03-14,Rajasthan,NR,26.44999921,74.63998124,240.4,2020,3,5,74,1,0,17.8,41,237.6,205.0,210.6,239.31428571428572,3.972584621052923,225.14666666666665,-0.9749279121818236,-0.2225209339563146,1.0,6.123233995736766e-17,0.9562348265919056,0.29260033563334836,220.9,242.6
2020-03-15,Rajasthan,NR,26.44999921,74.63998124,220.9,2020,3,6,75,1,0,18.4,42,240.4,240.7,216.6,236.4857142857143,7.914633824216021,225.29,-0.7818314824680299,0.6234898018587334,1.0,6.123233995736766e-17,0.9611297838723007,0.27609697309746883,218.1,146.2
2020-03-16,Rajasthan,NR,26.44999921,74.63998124,218.1,2020,3,0,76,0,0,19.5,44,220.9,242.6,213.0,232.9857142857143,9.922605264651459,225.46,0.0,1.0,1.0,6.123233995736766e-17,0.9657399376548549,0.2595117970697999,201.3,149.5
2020-03-17,Rajasthan,NR,26.44999921,74.63998124,201.3,2020,3,1,77,0,0,22.0,39,218.1,239.0,182.5,227.6,15.030635382444414,226.08666666666667,0.7818314824680298,0.6234898018587336,1.0,6.123233995736766e-17,0.9700639218515071,0.2428497220959356,218.1,148.6
2020-03-18,Rajasthan,NR,26.44999921,74.63998124,218.1,2020,3,2,78,0,0,23.5,37,201.3,231.5,184.7,225.68571428571428,15.302007337974228,227.2,0.9749279121818236,-0.22252093395631434,1.0,6.123233995736766e-17,0.9741004551724205,0.22611568550828828,225.8,150.1
2020-03-19,Rajasthan,NR,26.44999921,74.63998124,225.8,2020,3,3,79,0,0,25.0,31,218.1,243.4,193.7,223.17142857142858,13.209051730500349,228.26999999999998,0.43388373911755823,-0.900968867902419,1.0,6.123233995736766e-17,0.9778483415056568,0.20931464596304847,239.7,150.6
2020-03-20,Rajasthan,NR,26.44999921,74.63998124,239.7,2020,3,4,80,0,0,25.7,26,225.8,237.6,197.7,223.47142857142856,13.609153082357272,229.67,-0.433883739117558,-0.9009688679024191,1.0,6.123233995736766e-17,0.9813064702716093,0.19245158197082998,242.6,155.5
2020-03-21,Rajasthan,NR,26.44999921,74.63998124,242.6,2020,3,5,81,1,0,25.1,32,239.7,240.4,201.4,223.78571428571428,14.082427415213218,231.04333333333335,-0.9749279121818236,-0.2225209339563146,1.0,6.123233995736766e-17,0.9844738167520922,0.1755314904214282,146.2,158.3
2020-03-22,Rajasthan,NR,26.44999921,74.63998124,146.2,2020,3,6,82,1,0,26.0,33,242.6,220.9,202.7,213.1142857142857,32.669936668208294,229.16,-0.7818314824680299,0.6234898018587334,1.0,6.123233995736766e-17,0.9873494423939864,0.15855938510313475,149.5,212.7
2020-03-23,Rajasthan,NR,26.44999921,74.63998124,149.5,2020,3,0,83,0,0,25.9,40,146.2,218.1,202.3,203.31428571428572,40.31870651742274,227.4,0.0,1.0,1.0,6.123233995736766e-17,0.989932495087353,0.141540295217043,148.6,215.9
2020-03-24,Rajasthan,NR,26.44999921,74.63998124,148.6,2020,3,1,84,0,0,26.0,39,149.5,201.3,239.9,195.78571428571428,45.36229816971426,224.35666666666665,0.7818314824680298,0.6234898018587336,1.0,6.123233995736766e-17,0.9922222094179323,0.12447926388678915,150.1,218.6
2020-03-25,Rajasthan,NR,26.44999921,74.63998124,150.1,2020,3,2,85,0,0,25.1,43,148.6,218.1,242.1,186.07142857142858,47.03742177903681,221.29,0.9749279121818236,-0.22252093395631434,1.0,6.123233995736766e-17,0.994217906893952,0.10738134666416309,150.6,207.9
2020-03-26,Rajasthan,NR,26.44999921,74.63998124,150.6,2020,3,3,86,0,0,21.4,72,150.1,225.8,243.4,175.32857142857142,44.99465576731306,218.19666666666666,0.43388373911755823,-0.900968867902419,1.0,6.123233995736766e-17,0.995918996147179,0.09025161003104117,155.5,210.7
2020-03-27,Rajasthan,NR,26.44999921,74.63998124,155.5,2020,3,4,87,0,0,20.0,77,150.6,239.7,238.3,163.29999999999998,35.08038388235333,215.43666666666667,-0.433883739117558,-0.9009688679024191,1.0,6.123233995736766e-17,0.9973249731081555,0.07309512989807777,158.3,215.6
2020-03-28,Rajasthan,NR,26.44999921,74.63998124,158.3,2020,3,5,88,1,0,21.6,56,155.5,242.6,244.0,151.25714285714284,4.185234817321906,212.58,-0.9749279121818236,-0.2225209339563146,1.0,6.123233995736766e-17,0.9984354211555643,0.055916990100603484,212.7,211.3
2020-03-29,Rajasthan,NR,26.44999921,74.63998124,212.7,2020,3,6,89,1,0,23.2,42,158.3,146.2,234.2,160.75714285714284,23.176845999318598,211.86333333333332,-0.7818314824680299,0.6234898018587334,1.0,6.123233995736766e-17,0.9992500112396835,0.03872228089217446,215.9,225.1
2020-03-30,Rajasthan,NR,26.44999921,74.63998124,215.9,2020,3,0,90,0,0,24.4,39,212.7,149.5,233.9,170.24285714285716,30.29619652381254,211.26333333333332,0.0,1.0,1.0,6.123233995736766e-17,0.9997685019798909,0.021516097436222254,218.6,225.9
2020-03-31,Rajasthan,NR,26.44999921,74.63998124,218.6,2020,3,1,91,0,0,25.3,35,215.9,148.6,223.1,180.24285714285716,33.359549214722286,211.11333333333332,0.7818314824680298,0.6234898018587336,1.0,6.123233995736766e-17,0.9999907397361901,0.004303538296244289,207.9,226.0
2020-04-01,Rajasthan,NR,26.44999921,74.63998124,207.9,2020,4,2,92,0,0,25.5,32,218.6,150.1,230.6,188.5,31.77058387880149,210.35666666666665,0.9749279121818236,-0.22252093395631434,0.8660254037844387,-0.4999999999999998,0.9999166586547379,-0.01291029607500882,210.7,233.0
2020-04-02,Rajasthan,NR,26.44999921,74.63998124,210.7,2020,4,3,93,0,1,24.9,35,207.9,150.6,239.3,197.08571428571426,27.678657757161258,209.40333333333334,0.43388373911755823,-0.900968867902419,0.8660254037844387,-0.4999999999999998,0.9995462806873573,-0.030120304846908114,215.6,228.5
2020-04-03,Rajasthan,NR,26.44999921,74.63998124,215.6,2020,4,4,94,0,0,24.9,24,210.7,155.5,242.0,205.67142857142858,21.189833591112084,208.52333333333334,-0.433883739117558,-0.9009688679024191,0.8660254037844387,-0.4999999999999998,0.9988797155850336,-0.04732138832243185,211.3,227.1
2020-04-04,Rajasthan,NR,26.44999921,74.63998124,211.3,2020,4,5,95,1,0,26.4,20,215.6,158.3,241.7,213.24285714285716,3.660536000301655,207.51000000000002,-0.9749279121818236,-0.2225209339563146,0.8660254037844387,-0.4999999999999998,0.9979171608653922,-0.06450844944931623,225.1,217.2
2020-04-05,Rajasthan,NR,26.44999921,74.63998124,225.1,2020,4,6,96,1,0,27.5,24,211.3,212.7,227.1,215.0142857142857,5.75512194235801,207.44333333333333,-0.7818314824680299,0.6234898018587334,0.8660254037844387,-0.4999999999999998,0.9966589017541702,-0.08167639533042241,225.9,229.6
2020-04-13,Rajasthan,NR,26.44999921,74.63998124,225.9,2020,4,0,104,0,0,31.9,22,225.1,215.9,205.0,216.44285714285712,7.096444448419723,208.14,0.0,1.0,0.8660254037844387,-0.4999999999999998,0.9760105506323683,-0.21772323039653177,226.0,239.7
2020-04-14,Rajasthan,NR,26.44999921,74.63998124,226.0,2020,4,1,105,0,1,31.4,20,225.9,218.6,240.7,217.5,7.9688978744439645,207.65,0.7818314824680298,0.6234898018587336,0.8660254037844387,-0.4999999999999998,0.9721181966290613,-0.23449138957040985,233.0,234.3
2020-04-15,Rajasthan,NR,26.44999921,74.63998124,233.0,2020,4,2,106,0,0,31.9,22,226.0,207.9,242.6,221.08571428571426,8.554809285118472,207.32999999999998,0.9749279121818236,-0.22252093395631434,0.8660254037844387,-0.4999999999999998,0.9679377830240642,-0.25119006388481935,228.5,226.4
2020-04-16,Rajasthan,NR,26.44999921,74.63998124,228.5,2020,4,3,107,0,0,31.5,24,233.0,210.7,239.0,223.62857142857143,7.53828324525576,206.98,0.43388373911755823,-0.900968867902419,0.8660254037844387,-0.4999999999999998,0.9634705485641488,-0.2678143051621742,227.1,234.3
2020-04-17,Rajasthan,NR,26.44999921,74.63998124,227.1,2020,4,4,108,0,0,30.8,26,228.5,215.6,231.5,225.27142857142854,6.70390788662641,206.83333333333334,-0.433883739117558,-0.9009688679024191,0.8660254037844387,-0.4999999999999998,0.9587178169872964,-0.2843591872810034,217.2,229.4
2020-04-18,Rajasthan,NR,26.44999921,74.63998124,217.2,2020,4,5,109,1,0,30.2,24,227.1,211.3,243.4,226.1142857142857,4.7368866608867535,205.96,-0.9749279121818236,-0.2225209339563146,0.8660254037844387,-0.4999999999999998,0.9536809966304457,-0.30081980763566735,229.6,227.8
2020-04-19,Rajasthan,NR,26.44999921,74.63998124,229.6,2020,4,6,110,1,0,29.2,30,217.2,225.1,237.6,226.7571428571429,4.879500364741866,205.6933333333333,-0.7818314824680299,0.6234898018587334,0.8660254037844387,-0.4999999999999998,0.9483615800121715,-0.3171912885891061,239.7,261.8
2020-04-20,Rajasthan,NR,26.44999921,74.63998124,239.7,2020,4,0,111,0,0,25.4,46,229.6,225.9,240.4,228.72857142857143,6.860931493053615,205.67000000000002,0.0,1.0,0.8660254037844387,-0.4999999999999998,0.9427611433904207,-0.3334687789181868,234.3,268.1
2020-04-21,Rajasthan,NR,26.44999921,74.63998124,234.3,2020,4,1,112,0,0,27.5,38,239.7,226.0,220.9,229.91428571428574,7.026006113344689,206.11666666666667,0.7818314824680298,0.6234898018587336,0.8660254037844387,-0.4999999999999998,0.9368813462954315,-0.3496474552512284,226.4,269.998
2020-04-22,Rajasthan,NR,26.44999921,74.63998124,226.4,2020,4,2,113,0,0,29.6,27,234.3,233.0,218.1,228.97142857142856,6.985631511827822,206.39333333333335,0.9749279121818236,-0.22252093395631434,0.8660254037844387,-0.4999999999999998,0.9307239310379795,-0.36572252349726897,234.3,269.998
2020-04-23,Rajasthan,NR,26.44999921,74.63998124,234.3,2020,4,3,114,0,0,29.0,35,226.4,228.5,201.3,229.79999999999998,7.259017380701625,207.49333333333334,0.43388373911755823,-0.900968867902419,0.8660254037844387,-0.4999999999999998,0.9242907221930933,-0.3816892202666588,229.4,269.998
2020-04-24,Rajasthan,NR,26.44999921,74.63998124,229.4,2020,4,4,115,0,0,29.7,35,234.3,227.1,218.1,230.12857142857143,7.167917941706841,207.87,-0.433883739117558,-0.9009688679024191,0.8660254037844387,-0.4999999999999998,0.9175836260593937,-0.39754281428255595,227.8,269.998
2020-04-25,Rajasthan,NR,26.44999921,74.63998124,227.8,2020,4,5,116,1,0,28.5,41,229.4,217.2,225.8,231.64285714285714,4.663638473286736,207.93666666666667,-0.9749279121818236,-0.2225209339563146,0.8660254037844387,-0.4999999999999998,0.9106046300942162,-0.4132786077829042,261.8,264.9
2020-04-26,Rajasthan,NR,26.44999921,74.63998124,261.8,2020,4,6,117,1,0,28.0,45,227.8,229.6,239.7,236.2428571428572,12.163176276896497,208.67333333333335,-0.7818314824680299,0.6234898018587334,0.8660254037844387,-0.4999999999999998,0.9033558023246845,-0.4288919379124835,268.1,187.7
2020-04-27,Rajasthan,NR,26.44999921,74.63998124,268.1,2020,4,0,118,0,0,28.9,41,261.8,239.7,242.6,240.3,17.20155031772827,209.52333333333334,0.0,1.0,0.8660254037844387,-0.4999999999999998,0.895839290734909,-0.4443781781046132,269.998,171.6
2020-04-28,Rajasthan,NR,26.44999921,74.63998124,269.998,2020,4,1,119,0,0,30.2,34,268.1,234.3,146.2,245.3997142857143,20.163009048868926,213.64993333333334,0.7818314824680298,0.6234898018587336,0.8660254037844387,-0.4999999999999998,0.8880573226294932,-0.45973273945210397,269.998,185.3
2020-04-29,Rajasthan,NR,26.44999921,74.63998124,269.998,2020,4,2,120,0,0,30.9,33,269.998,226.4,149.5,251.62800000000001,20.049219934950425,217.66653333333335,0.9749279121818236,-0.22252093395631434,0.8660254037844387,-0.4999999999999998,0.8800122039735357,-0.47495107206704995,269.998,178.8
2020-04-30,Rajasthan,NR,26.44999921,74.63998124,269.998,2020,4,3,121,0,0,32.1,26,269.998,234.3,148.6,256.7277142857143,19.437828391346763,221.71313333333333,0.43388373911755823,-0.900968867902419,0.8660254037844387,-0.4999999999999998,0.8717063187093218,-0.4900286664290592,269.998,192.5
2020-05-01,Rajasthan,NR,26.44999921,74.63998124,269.998,2020,5,4,122,0,0,32.6,22,269.998,229.4,150.1,262.5274285714286,15.603497202627473,225.70973333333333,-0.433883739117558,-0.9009688679024191,0.49999999999999994,-0.8660254037844387,0.8631421280499114,-0.5049610547215204,264.9,208.7
2020-05-02,Rajasthan,NR,26.44999921,74.63998124,264.9,2020,5,5,123,1,0,32.9,24,269.998,227.8,150.6,267.8274285714286,3.2613787911057384,229.51973333333333,-0.9749279121818236,-0.2225209339563146,0.49999999999999994,-0.8660254037844387,0.854322169749827,-0.5197438121555155,187.7,214.8
2020-05-03,Rajasthan,NR,26.44999921,74.63998124,187.7,2020,5,6,124,1,0,31.9,38,264.9,261.8,155.5,257.24171428571424,30.723207936424554,230.5930666666667,-0.7818314824680299,0.6234898018587334,0.49999999999999994,-0.8660254037844387,0.8452490573530633,-0.5343725582809786,171.6,245.1
2020-05-04,Rajasthan,NR,26.44999921,74.63998124,171.6,2020,5,0,125,0,0,29.5,46,187.7,268.1,158.3,243.456,43.87438976593682,231.0364,0.0,1.0,0.49999999999999994,-0.8660254037844387,0.8359254794186372,-0.548842958284719,185.3,249.0
2020-05-05,Rajasthan,NR,26.44999921,74.63998124,185.3,2020,5,1,126,0,0,30.4,34,171.6,269.998,212.7,231.3562857142857,46.90876505769571,230.12306666666666,0.7818314824680298,0.6234898018587336,0.49999999999999994,-0.8660254037844387,0.8263541987239096,-0.5631507242749186,178.8,250.3
2020-05-13,Rajasthan,NR,26.44999921,74.63998124,178.8,2020,5,2,134,0,0,31.2,37,185.3,269.998,215.9,218.328,47.0521358353333,228.8864,0.9749279121818236,-0.22252093395631434,0.49999999999999994,-0.8660254037844387,0.7412220108485958,-0.6712599575675313,192.5,251.7
2020-05-14,Rajasthan,NR,26.44999921,74.63998124,192.5,2020,5,3,135,0,0,32.8,28,178.8,269.998,218.6,207.25685714285714,41.67878392111315,228.0164,0.43388373911755823,-0.900968867902419,0.49999999999999994,-0.8660254037844387,0.7295575540864875,-0.6839194216246106,208.7,249.7
2020-05-15,Rajasthan,NR,26.44999921,74.63998124,208.7,2020,5,4,136,0,0,32.3,27,192.5,269.998,207.9,198.5,31.49492022533122,228.04306666666668,-0.433883739117558,-0.9009688679024191,0.49999999999999994,-0.8660254037844387,0.717676913675962,-0.6963762255968722,214.8,247.4
2020-05-16,Rajasthan,NR,26.44999921,74.63998124,214.8,2020,5,5,137,1,0,32.3,27,208.7,264.9,210.7,191.34285714285713,15.544222629093763,228.17973333333333,-0.9749279121818236,-0.2225209339563146,0.49999999999999994,-0.8660254037844387,0.705583610107178,-0.7086266782644596,245.1,243.3
2020-05-17,Rajasthan,NR,26.44999921,74.63998124,245.1,2020,5,6,138,1,0,32.8,20,214.8,187.7,215.6,199.54285714285717,25.349612563959166,229.16306666666665,-0.7818314824680299,0.6234898018587334,0.49999999999999994,-0.8660254037844387,0.6932812268869777,-0.7206671495538609,249.0,210.4
2020-05-18,Rajasthan,NR,26.44999921,74.63998124,249.0,2020,5,0,139,0,0,32.3,15,245.1,171.6,211.3,210.59999999999997,27.883686987197137,230.4197333333333,0.0,1.0,0.49999999999999994,-0.8660254037844387,0.6807734094770161,-0.7324940716135789,250.3,217.5
2020-05-19,Rajasthan,NR,26.44999921,74.63998124,250.3,2020,5,1,140,0,0,32.7,16,249.0,185.3,225.1,219.8857142857143,28.860089429950758,231.25973333333332,0.7818314824680298,0.6234898018587336,0.49999999999999994,-0.8660254037844387,0.6680638642135335,-0.7441039398713607,251.7,220.4
2020-05-20,Rajasthan,NR,26.44999921,74.63998124,251.7,2020,5,2,141,0,0,32.6,15,250.3,178.8,225.9,230.29999999999998,24.366438667423974,232.11973333333333,0.9749279121818236,-0.22252093395631434,0.49999999999999994,-0.8660254037844387,0.6551563572090853,-0.7554933140726803,249.7,222.7
2020-05-21,Rajasthan,NR,26.44999921,74.63998124,249.7,2020,5,3,142,0,0,33.5,17,251.7,192.5,226.0,238.47142857142856,18.45017744139753,232.90973333333335,0.43388373911755823,-0.900968867902419,0.49999999999999994,-0.8660254037844387,0.6420547132365637,-0.766658819300159,247.4,225.4
