timestamp,node_id,temperature_c,humidity
2019-01-02,Andhra Pradesh,23.1,56
2019-01-03,Andhra Pradesh,24.0,57
2019-01-04,Andhra Pradesh,24.0,59
2019-01-05,Andhra Pradesh,23.5,64
2019-01-06,Andhra Pradesh,23.7,60
2019-01-07,Andhra Pradesh,24.1,57
2019-01-08,Andhra Pradesh,25.1,48
2019-01-09,Andhra Pradesh,25.5,41
2019-01-10,Andhra Pradesh,24.2,58
2019-01-11,Andhra Pradesh,24.8,63
2019-01-12,Andhra Pradesh,24.9,60
2019-01-13,Andhra Pradesh,24.7,59
2019-01-14,Andhra Pradesh,24.2,56
2019-01-15,Andhra Pradesh,24.6,52
2019-01-16,Andhra Pradesh,25.1,52
2019-01-17,Andhra Pradesh,25.3,59
2019-01-18,Andhra Pradesh,25.5,61
2019-01-19,Andhra Pradesh,25.3,57
2019-01-20,Andhra Pradesh,25.1,56
2019-01-21,Andhra Pradesh,24.8,55
2019-01-22,Andhra Pradesh,24.4,55
2019-01-23,Andhra Pradesh,25.4,60
2019-01-24,Andhra Pradesh,26.4,59
2019-01-25,Andhra Pradesh,27.4,56
2019-01-26,Andhra Pradesh,27.6,62
2019-01-27,Andhra Pradesh,25.7,70
2019-01-28,Andhra Pradesh,22.9,84
2019-01-29,Andhra Pradesh,24.0,67
2019-01-30,Andhra Pradesh,23.7,53
2019-01-31,Andhra Pradesh,23.9,62
2019-02-01,Andhra Pradesh,24.6,62
2019-02-02,Andhra Pradesh,25.1,59
2019-02-03,Andhra Pradesh,25.4,64
2019-02-04,Andhra Pradesh,26.0,64
2019-02-05,Andhra Pradesh,26.4,60
2019-02-06,Andhra Pradesh,27.4,52
2019-02-07,Andhra Pradesh,28.3,48
2019-02-08,Andhra Pradesh,29.3,56
2019-02-09,Andhra Pradesh,28.2,65
2019-02-10,Andhra Pradesh,28.4,63
2019-02-11,Andhra Pradesh,27.7,61
2019-02-12,Andhra Pradesh,27.2,61
2019-02-13,Andhra Pradesh,26.7,60
2019-02-14,Andhra Pradesh,27.3,55
2019-02-15,Andhra Pradesh,28.6,52
2019-02-16,Andhra Pradesh,29.9,49
2019-02-17,Andhra Pradesh,30.0,50
2019-02-18,Andhra Pradesh,30.1,56
2019-02-19,Andhra Pradesh,30.5,59
2019-02-20,Andhra Pradesh,29.6,55
2019-02-21,Andhra Pradesh,28.8,53
2019-02-22,Andhra Pradesh,29.0,42
2019-02-23,Andhra Pradesh,29.8,25
2019-02-24,Andhra Pradesh,30.8,25
2019-02-25,Andhra Pradesh,30.9,30
2019-02-26,Andhra Pradesh,31.3,39
2019-02-27,Andhra Pradesh,30.9,49
2019-02-28,Andhra Pradesh,31.0,53
2019-03-01,Andhra Pradesh,30.4,59
2019-03-02,Andhra Pradesh,29.8,55
2019-03-03,Andhra Pradesh,30.0,52
2019-03-04,Andhra Pradesh,31.5,48
2019-03-05,Andhra Pradesh,33.6,34
2019-03-06,Andhra Pradesh,33.2,28
2019-03-07,Andhra Pradesh,32.1,32
2019-03-08,Andhra Pradesh,31.9,53
2019-03-09,Andhra Pradesh,32.1,52
2019-03-10,Andhra Pradesh,32.2,50
2019-03-11,Andhra Pradesh,32.6,44
2019-03-12,Andhra Pradesh,32.3,38
2019-03-13,Andhra Pradesh,32.2,34
2019-03-14,Andhra Pradesh,32.4,28
2019-03-15,Andhra Pradesh,32.6,22
2019-03-16,Andhra Pradesh,30.9,28
2019-03-17,Andhra Pradesh,29.7,49
2019-03-18,Andhra Pradesh,29.9,47
2019-03-19,Andhra Pradesh,31.1,49
2019-03-20,Andhra Pradesh,32.1,44
2019-03-21,Andhra Pradesh,32.4,38
2019-03-22,Andhra Pradesh,32.2,44
2019-03-23,Andhra Pradesh,32.9,45
2019-03-24,Andhra Pradesh,32.9,46
2019-03-25,Andhra Pradesh,32.9,42
2019-03-26,Andhra Pradesh,32.9,37
2019-03-27,Andhra Pradesh,33.1,31
2019-03-28,Andhra Pradesh,32.8,40
2019-03-29,Andhra Pradesh,33.7,40
2019-03-30,Andhra Pradesh,34.2,37
2019-03-31,Andhra Pradesh,34.2,33
2019-04-01,Andhra Pradesh,35.3,30
2019-04-02,Andhra Pradesh,34.5,36
2019-04-03,Andhra Pradesh,33.9,43
2019-04-04,Andhra Pradesh,33.8,37
2019-04-05,Andhra Pradesh,34.3,35
2019-04-06,Andhra Pradesh,34.5,35
2019-04-07,Andhra Pradesh,34.9,31
2019-04-08,Andhra Pradesh,34.2,40
2019-04-09,Andhra Pradesh,34.0,45
2019-04-10,Andhra Pradesh,34.4,46
2019-04-11,Andhra Pradesh,34.7,40
2019-04-12,Andhra Pradesh,35.1,39
2019-04-13,Andhra Pradesh,35.0,35
2019-04-14,Andhra Pradesh,35.4,33
2019-04-15,Andhra Pradesh,35.0,30
2019-04-16,Andhra Pradesh,34.7,34
2019-04-17,Andhra Pradesh,34.7,39
2019-04-18,Andhra Pradesh,34.3,45
2019-04-19,Andhra Pradesh,33.6,48
2019-04-20,Andhra Pradesh,34.1,44
2019-04-21,Andhra Pradesh,34.6,41
2019-04-22,Andhra Pradesh,33.3,47
2019-04-23,Andhra Pradesh,33.8,45
2019-04-24,Andhra Pradesh,34.1,43
2019-04-25,Andhra Pradesh,34.8,36
2019-04-26,Andhra Pradesh,35.5,35
2019-04-27,Andhra Pradesh,35.7,39
2019-04-28,Andhra Pradesh,35.8,37
2019-04-29,Andhra Pradesh,35.8,38
2019-04-30,Andhra Pradesh,35.4,43
2019-05-01,Andhra Pradesh,35.8,38
2019-05-02,Andhra Pradesh,35.9,29
2019-05-03,Andhra Pradesh,35.3,29
2019-05-04,Andhra Pradesh,35.0,29
2019-05-05,Andhra Pradesh,35.5,25
2019-05-06,Andhra Pradesh,36.4,25
2019-05-07,Andhra Pradesh,36.6,30
2019-05-08,Andhra Pradesh,36.0,33
2019-05-09,Andhra Pradesh,36.0,33
2019-05-10,Andhra Pradesh,37.0,25
2019-05-11,Andhra Pradesh,37.5,31
2019-05-12,Andhra Pradesh,35.1,46
2019-05-13,Andhra Pradesh,34.8,46
2019-05-14,Andhra Pradesh,35.9,36
2019-05-15,Andhra Pradesh,36.4,37
2019-05-16,Andhra Pradesh,36.1,39
2019-05-17,Andhra Pradesh,36.2,39
2019-05-18,Andhra Pradesh,36.6,39
2019-05-19,Andhra Pradesh,37.8,32
2019-05-20,Andhra Pradesh,37.7,32
2019-05-21,Andhra Pradesh,36.8,33
2019-05-22,Andhra Pradesh,36.7,35
2019-05-23,Andhra Pradesh,36.3,37
2019-05-24,Andhra Pradesh,36.3,40
2019-05-25,Andhra Pradesh,36.6,37
2019-05-26,Andhra Pradesh,37.2,35
2019-05-27,Andhra Pradesh,37.1,36
2019-05-28,Andhra Pradesh,37.7,36
2019-05-29,Andhra Pradesh,37.1,34
2019-05-30,Andhra Pradesh,36.9,35
2019-05-31,Andhra Pradesh,36.7,38
2019-06-01,Andhra Pradesh,36.0,39
2019-06-02,Andhra Pradesh,35.4,42
2019-06-03,Andhra Pradesh,34.6,43
2019-06-04,Andhra Pradesh,34.9,42
2019-06-05,Andhra Pradesh,36.5,40
2019-06-06,Andhra Pradesh,35.6,43
2019-06-07,Andhra Pradesh,34.5,50
2019-06-08,Andhra Pradesh,34.4,51
2019-06-09,Andhra Pradesh,33.3,55
2019-06-10,Andhra Pradesh,33.6,51
2019-06-11,Andhra Pradesh,34.3,44
2019-06-12,Andhra Pradesh,33.5,48
2019-06-13,Andhra Pradesh,33.0,50
2019-06-14,Andhra Pradesh,33.9,46
2019-06-15,Andhra Pradesh,34.5,43
2019-06-16,Andhra Pradesh,34.5,41
2019-06-17,Andhra Pradesh,34.2,40
2019-06-18,Andhra Pradesh,34.3,41
2019-06-19,Andhra Pradesh,34.5,43
2019-06-20,Andhra Pradesh,33.8,46
2019-06-21,Andhra Pradesh,32.2,50
2019-06-22,Andhra Pradesh,31.1,59
2019-06-23,Andhra Pradesh,30.2,68
2019-06-24,Andhra Pradesh,30.5,65
2019-06-25,Andhra Pradesh,30.8,62
2019-06-26,Andhra Pradesh,29.5,70
2019-06-27,Andhra Pradesh,30.8,58
2019-06-28,Andhra Pradesh,31.3,54
2019-06-29,Andhra Pradesh,30.3,58
2019-06-30,Andhra Pradesh,29.9,62
2019-07-01,Andhra Pradesh,30.4,60
2019-07-02,Andhra Pradesh,32.3,51
2019-07-03,Andhra Pradesh,32.0,51
2019-07-04,Andhra Pradesh,33.1,49
2019-07-05,Andhra Pradesh,31.8,52
2019-07-06,Andhra Pradesh,31.8,50
2019-07-07,Andhra Pradesh,32.3,48
2019-07-08,Andhra Pradesh,32.2,49
2019-07-09,Andhra Pradesh,31.8,50
2019-07-10,Andhra Pradesh,31.6,50
2019-07-11,Andhra Pradesh,31.0,52
2019-07-12,Andhra Pradesh,31.4,54
2019-07-13,Andhra Pradesh,32.2,53
2019-07-14,Andhra Pradesh,30.9,59
2019-07-15,Andhra Pradesh,31.2,59
2019-07-16,Andhra Pradesh,30.9,59
2019-07-17,Andhra Pradesh,31.2,58
2019-07-18,Andhra Pradesh,30.4,65
2019-07-19,Andhra Pradesh,27.4,80
2019-07-20,Andhra Pradesh,29.5,66
2019-07-21,Andhra Pradesh,29.9,67
2019-07-22,Andhra Pradesh,28.5,74
2019-07-23,Andhra Pradesh,28.3,70
2019-07-24,Andhra Pradesh,29.8,62
2019-07-25,Andhra Pradesh,29.6,65
2019-07-26,Andhra Pradesh,27.7,74
2019-07-27,Andhra Pradesh,27.3,73
2019-07-28,Andhra Pradesh,27.4,73
2019-07-29,Andhra Pradesh,28.6,64
2019-07-30,Andhra Pradesh,28.5,64
2019-07-31,Andhra Pradesh,29.9,57
2019-08-01,Andhra Pradesh,29.8,58
2019-08-02,Andhra Pradesh,27.3,69
2019-08-03,Andhra Pradesh,28.8,59
2019-08-04,Andhra Pradesh,29.6,57
2019-08-05,Andhra Pradesh,27.7,70
2019-08-06,Andhra Pradesh,27.9,69
2019-08-07,Andhra Pradesh,28.9,64
2019-08-08,Andhra Pradesh,29.3,63
2019-08-09,Andhra Pradesh,30.0,60
2019-08-10,Andhra Pradesh,30.1,58
2019-08-11,Andhra Pradesh,30.1,56
2019-08-12,Andhra Pradesh,30.4,58
2019-08-13,Andhra Pradesh,30.6,60
2019-08-14,Andhra Pradesh,30.7,59
2019-08-15,Andhra Pradesh,30.8,58
2019-08-16,Andhra Pradesh,30.4,61
2019-08-17,Andhra Pradesh,29.6,64
2019-08-18,Andhra Pradesh,28.2,73
2019-08-19,Andhra Pradesh,29.0,71
2019-08-20,Andhra Pradesh,28.8,73
2019-08-21,Andhra Pradesh,27.8,76
2019-08-22,Andhra Pradesh,26.0,86
2019-08-23,Andhra Pradesh,27.7,73
2019-08-24,Andhra Pradesh,28.2,70
2019-08-25,Andhra Pradesh,29.1,64
2019-08-26,Andhra Pradesh,29.7,59
2019-08-27,Andhra Pradesh,30.1,58
2019-08-28,Andhra Pradesh,29.9,60
2019-08-29,Andhra Pradesh,29.9,65
2019-08-30,Andhra Pradesh,30.4,59
2019-08-31,Andhra Pradesh,28.9,66
2019-09-01,Andhra Pradesh,26.7,82
2019-09-02,Andhra Pradesh,28.1,71
2019-09-03,Andhra Pradesh,28.4,67
2019-09-04,Andhra Pradesh,27.3,75
2019-09-05,Andhra Pradesh,29.3,63
2019-09-06,Andhra Pradesh,30.0,58
2019-09-07,Andhra Pradesh,30.0,58
2019-09-08,Andhra Pradesh,30.3,57
2019-09-09,Andhra Pradesh,31.3,54
2019-09-10,Andhra Pradesh,30.8,58
2019-09-11,Andhra Pradesh,31.1,57
2019-09-12,Andhra Pradesh,30.6,59
2019-09-13,Andhra Pradesh,31.1,55
2019-09-14,Andhra Pradesh,30.8,61
2019-09-15,Andhra Pradesh,29.3,68
2019-09-16,Andhra Pradesh,28.6,72
2019-09-17,Andhra Pradesh,26.7,84
2019-09-18,Andhra Pradesh,26.5,86
2019-09-19,Andhra Pradesh,26.3,87
2019-09-20,Andhra Pradesh,26.8,83
2019-09-21,Andhra Pradesh,28.2,79
2019-09-22,Andhra Pradesh,27.5,82
2019-09-23,Andhra Pradesh,27.5,85
2019-09-24,Andhra Pradesh,27.3,80
2019-09-25,Andhra Pradesh,26.9,84
2019-09-26,Andhra Pradesh,27.0,84
2019-09-27,Andhra Pradesh,27.7,81
2019-09-28,Andhra Pradesh,28.3,73
2019-09-29,Andhra Pradesh,28.7,68
2019-09-30,Andhra Pradesh,29.1,65
2019-10-01,Andhra Pradesh,29.4,66
2019-10-02,Andhra Pradesh,29.3,67
2019-10-03,Andhra Pradesh,28.1,77
2019-10-04,Andhra Pradesh,27.8,77
2019-10-05,Andhra Pradesh,27.7,78
2019-10-06,Andhra Pradesh,27.9,75
2019-10-07,Andhra Pradesh,27.8,75
2019-10-08,Andhra Pradesh,27.7,77
2019-10-09,Andhra Pradesh,27.7,79
2019-10-10,Andhra Pradesh,27.7,79
2019-10-11,Andhra Pradesh,27.6,78
2019-10-12,Andhra Pradesh,28.2,75
2019-10-13,Andhra Pradesh,28.4,72
2019-10-14,Andhra Pradesh,28.5,74
2019-10-15,Andhra Pradesh,27.7,76
2019-10-16,Andhra Pradesh,26.1,85
2019-10-17,Andhra Pradesh,25.7,86
2019-10-18,Andhra Pradesh,26.5,81
2019-10-19,Andhra Pradesh,26.7,80
2019-10-20,Andhra Pradesh,26.2,86
2019-10-21,Andhra Pradesh,25.3,91
2019-10-22,Andhra Pradesh,24.4,92
2019-10-23,Andhra Pradesh,26.3,85
2019-10-24,Andhra Pradesh,27.0,78
2019-10-25,Andhra Pradesh,27.0,79
2019-10-26,Andhra Pradesh,26.4,85
2019-10-27,Andhra Pradesh,26.6,83
2019-10-28,Andhra Pradesh,26.8,80
2019-10-29,Andhra Pradesh,26.0,83
2019-10-30,Andhra Pradesh,24.7,91
2019-10-31,Andhra Pradesh,26.2,83
2019-11-01,Andhra Pradesh,27.0,79
2019-11-02,Andhra Pradesh,27.3,75
2019-11-03,Andhra Pradesh,27.3,71
2019-11-04,Andhra Pradesh,27.9,65
2019-11-05,Andhra Pradesh,28.7,63
2019-11-06,Andhra Pradesh,29.0,60
2019-11-07,Andhra Pradesh,29.2,60
2019-11-08,Andhra Pradesh,29.8,58
2019-11-09,Andhra Pradesh,30.2,54
2019-11-10,Andhra Pradesh,30.6,49
2019-11-11,Andhra Pradesh,29.2,55
2019-11-12,Andhra Pradesh,28.7,60
2019-11-13,Andhra Pradesh,27.5,66
2019-11-14,Andhra Pradesh,25.9,76
2019-11-15,Andhra Pradesh,25.1,84
2019-11-16,Andhra Pradesh,27.4,70
2019-11-17,Andhra Pradesh,27.5,65
2019-11-18,Andhra Pradesh,27.9,68
2019-11-19,Andhra Pradesh,26.5,81
2019-11-20,Andhra Pradesh,26.7,77
2019-11-21,Andhra Pradesh,27.0,69
2019-11-22,Andhra Pradesh,26.6,66
2019-11-23,Andhra Pradesh,25.8,66
2019-11-24,Andhra Pradesh,25.8,67
2019-11-25,Andhra Pradesh,26.0,67
2019-11-26,Andhra Pradesh,25.9,68
2019-11-27,Andhra Pradesh,26.3,72
2019-11-28,Andhra Pradesh,26.6,77
2019-11-29,Andhra Pradesh,27.2,72
2019-11-30,Andhra Pradesh,26.3,76
2019-12-01,Andhra Pradesh,23.8,93
2019-12-02,Andhra Pradesh,24.4,85
2019-12-03,Andhra Pradesh,24.3,85
2019-12-04,Andhra Pradesh,25.0,72
2019-12-05,Andhra Pradesh,24.5,76
2019-12-06,Andhra Pradesh,23.9,75
2019-12-07,Andhra Pradesh,23.3,78
2019-12-08,Andhra Pradesh,24.5,81
2019-12-09,Andhra Pradesh,24.7,76
2019-12-10,Andhra Pradesh,24.4,75
2019-12-11,Andhra Pradesh,25.1,68
2019-12-12,Andhra Pradesh,24.7,71
2019-12-13,Andhra Pradesh,25.4,70
2019-12-14,Andhra Pradesh,25.3,77
2019-12-15,Andhra Pradesh,25.5,71
2019-12-16,Andhra Pradesh,24.5,80
2019-12-17,Andhra Pradesh,25.7,68
2019-12-18,Andhra Pradesh,24.5,71
2019-12-19,Andhra Pradesh,24.9,72
2019-12-20,Andhra Pradesh,25.4,73
2019-12-21,Andhra Pradesh,25.7,72
2019-12-22,Andhra Pradesh,25.3,71
2019-12-23,Andhra Pradesh,24.6,66
2019-12-24,Andhra Pradesh,25.2,67
2019-12-25,Andhra Pradesh,25.7,67
2019-12-26,Andhra Pradesh,25.8,66
2019-12-27,Andhra Pradesh,26.0,66
2019-12-28,Andhra Pradesh,25.2,70
2019-12-29,Andhra Pradesh,25.2,70
2019-12-30,Andhra Pradesh,24.8,72
2019-12-31,Andhra Pradesh,25.0,73
2020-01-01,Andhra Pradesh,25.7,73
2020-01-02,Andhra Pradesh,26.0,77
2020-01-03,Andhra Pradesh,27.0,73
2020-01-04,Andhra Pradesh,28.1,68
2020-01-05,Andhra Pradesh,25.5,79
2020-01-06,Andhra Pradesh,24.7,84
2020-01-07,Andhra Pradesh,25.3,77
2020-01-08,Andhra Pradesh,25.4,72
2020-01-09,Andhra Pradesh,25.5,69
2020-01-10,Andhra Pradesh,25.0,70
2020-01-11,Andhra Pradesh,24.8,74
2020-01-12,Andhra Pradesh,24.8,73
2020-01-13,Andhra Pradesh,24.9,67
2020-01-14,Andhra Pradesh,24.6,65
2020-01-15,Andhra Pradesh,23.7,66
2020-01-16,Andhra Pradesh,24.7,64
2020-01-17,Andhra Pradesh,26.0,62
2020-01-18,Andhra Pradesh,25.9,72
2020-01-19,Andhra Pradesh,27.2,65
2020-01-20,Andhra Pradesh,27.1,61
2020-01-21,Andhra Pradesh,26.0,64
2020-01-22,Andhra Pradesh,25.8,65
2020-01-23,Andhra Pradesh,25.8,65
2020-01-24,Andhra Pradesh,26.2,58
2020-01-25,Andhra Pradesh,26.3,59
2020-01-26,Andhra Pradesh,27.2,51
2020-01-27,Andhra Pradesh,28.0,50
2020-01-28,Andhra Pradesh,28.5,54
2020-01-29,Andhra Pradesh,29.2,52
2020-01-30,Andhra Pradesh,29.2,55
2020-01-31,Andhra Pradesh,28.4,58
2020-02-01,Andhra Pradesh,27.8,59
2020-02-02,Andhra Pradesh,27.5,59
2020-02-03,Andhra Pradesh,27.3,58
2020-02-04,Andhra Pradesh,26.9,59
2020-02-05,Andhra Pradesh,27.6,54
2020-02-06,Andhra Pradesh,27.9,50
2020-02-07,Andhra Pradesh,28.5,52
2020-02-08,Andhra Pradesh,28.9,52
2020-02-09,Andhra Pradesh,26.5,64
2020-02-10,Andhra Pradesh,26.6,63
2020-02-11,Andhra Pradesh,26.6,64
2020-02-12,Andhra Pradesh,26.7,63
2020-02-13,Andhra Pradesh,26.9,60
2020-02-14,Andhra Pradesh,27.8,46
2020-02-15,Andhra Pradesh,27.9,41
2020-02-16,Andhra Pradesh,27.7,39
2020-02-17,Andhra Pradesh,27.1,48
2020-02-18,Andhra Pradesh,27.8,44
2020-02-19,Andhra Pradesh,27.7,50
2020-02-20,Andhra Pradesh,26.8,55
2020-02-21,Andhra Pradesh,26.3,57
2020-02-22,Andhra Pradesh,27.3,57
2020-02-23,Andhra Pradesh,27.8,58
2020-02-24,Andhra Pradesh,28.3,56
2020-02-25,Andhra Pradesh,29.0,55
2020-02-26,Andhra Pradesh,28.7,60
2020-02-27,Andhra Pradesh,28.8,58
2020-02-28,Andhra Pradesh,28.7,55
2020-02-29,Andhra Pradesh,28.9,55
2020-03-01,Andhra Pradesh,29.1,53
2020-03-02,Andhra Pradesh,28.8,50
2020-03-03,Andhra Pradesh,30.2,45
2020-03-04,Andhra Pradesh,30.6,44
2020-03-05,Andhra Pradesh,31.0,49
2020-03-06,Andhra Pradesh,30.5,51
2020-03-07,Andhra Pradesh,28.6,67
2020-03-08,Andhra Pradesh,29.0,65
2020-03-09,Andhra Pradesh,30.1,50
2020-03-10,Andhra Pradesh,30.3,50
2020-03-11,Andhra Pradesh,30.6,52
2020-03-12,Andhra Pradesh,31.0,50
2020-03-13,Andhra Pradesh,30.7,48
2020-03-14,Andhra Pradesh,30.0,53
2020-03-15,Andhra Pradesh,29.6,56
2020-03-16,Andhra Pradesh,30.1,56
2020-03-17,Andhra Pradesh,31.0,49
2020-03-18,Andhra Pradesh,31.6,43
2020-03-19,Andhra Pradesh,32.2,42
2020-03-20,Andhra Pradesh,31.8,45
2020-03-21,Andhra Pradesh,32.8,43
2020-03-22,Andhra Pradesh,32.3,44
2020-03-23,Andhra Pradesh,31.7,51
2020-03-24,Andhra Pradesh,31.3,49
2020-03-25,Andhra Pradesh,31.3,46
2020-03-26,Andhra Pradesh,31.1,47
2020-03-27,Andhra Pradesh,30.9,44
2020-03-28,Andhra Pradesh,31.3,38
2020-03-29,Andhra Pradesh,32.3,33
2020-03-30,Andhra Pradesh,32.0,34
2020-03-31,Andhra Pradesh,32.0,36
2020-04-01,Andhra Pradesh,33.1,35
2020-04-02,Andhra Pradesh,34.0,31
2020-04-03,Andhra Pradesh,33.3,39
2020-04-04,Andhra Pradesh,32.0,45
2020-04-05,Andhra Pradesh,32.8,48
2020-04-06,Andhra Pradesh,33.7,49
2020-04-07,Andhra Pradesh,34.0,46
2020-04-08,Andhra Pradesh,32.2,48
2020-04-09,Andhra Pradesh,32.3,45
2020-04-10,Andhra Pradesh,31.9,52
2020-04-11,Andhra Pradesh,31.9,50
2020-04-12,Andhra Pradesh,32.6,43
2020-04-13,Andhra Pradesh,32.9,35
2020-04-14,Andhra Pradesh,32.5,38
2020-04-15,Andhra Pradesh,32.3,43
2020-04-16,Andhra Pradesh,33.4,41
2020-04-17,Andhra Pradesh,33.9,42
2020-04-18,Andhra Pradesh,33.9,44
2020-04-19,Andhra Pradesh,33.2,47
2020-04-20,Andhra Pradesh,33.3,45
2020-04-21,Andhra Pradesh,33.5,39
2020-04-22,Andhra Pradesh,34.4,43
2020-04-23,Andhra Pradesh,35.2,43
2020-04-24,Andhra Pradesh,35.4,40
2020-04-25,Andhra Pradesh,35.2,41
2020-04-26,Andhra Pradesh,35.5,40
2020-04-27,Andhra Pradesh,35.3,39
2020-04-28,Andhra Pradesh,32.9,56
2020-04-29,Andhra Pradesh,31.9,52
2020-04-30,Andhra Pradesh,34.2,38
2020-05-01,Andhra Pradesh,35.1,42
2020-05-02,Andhra Pradesh,35.6,38
2020-05-03,Andhra Pradesh,35.6,40
2020-05-04,Andhra Pradesh,35.5,39
2020-05-05,Andhra Pradesh,35.9,37
2020-05-06,Andhra Pradesh,35.8,39
2020-05-07,Andhra Pradesh,34.1,50
2020-05-08,Andhra Pradesh,35.2,43
2020-05-09,Andhra Pradesh,35.3,43
2020-05-10,Andhra Pradesh,35.1,41
2020-05-11,Andhra Pradesh,34.2,44
2020-05-12,Andhra Pradesh,33.6,46
2020-05-13,Andhra Pradesh,34.0,47
2020-05-14,Andhra Pradesh,34.3,46
2020-05-15,Andhra Pradesh,33.7,47
2020-05-16,Andhra Pradesh,34.1,45
2020-05-17,Andhra Pradesh,33.7,49
2020-05-18,Andhra Pradesh,33.8,48
2020-05-19,Andhra Pradesh,35.0,42
2020-05-20,Andhra Pradesh,34.9,39
2020-05-21,Andhra Pradesh,35.3,34
2020-05-22,Andhra Pradesh,35.4,33
2020-05-23,Andhra Pradesh,36.2,33
2020-05-24,Andhra Pradesh,36.0,43
2020-05-25,Andhra Pradesh,35.6,48
2020-05-26,Andhra Pradesh,35.2,49
2020-05-27,Andhra Pradesh,36.1,45
2020-05-28,Andhra Pradesh,36.9,36
2020-05-29,Andhra Pradesh,37.0,35
2020-05-30,Andhra Pradesh,35.4,43
2020-05-31,Andhra Pradesh,34.1,48
2020-06-01,Andhra Pradesh,32.3,57
2020-06-02,Andhra Pradesh,30.2,67
2020-06-03,Andhra Pradesh,32.2,51
2020-06-04,Andhra Pradesh,32.1,51
2020-06-05,Andhra Pradesh,33.2,47
2020-06-06,Andhra Pradesh,33.9,44
2020-06-07,Andhra Pradesh,33.8,44
2020-06-08,Andhra Pradesh,34.2,41
2020-06-09,Andhra Pradesh,34.3,41
2020-06-10,Andhra Pradesh,30.7,59
2020-06-11,Andhra Pradesh,27.1,81
2020-06-12,Andhra Pradesh,28.6,66
2020-06-13,Andhra Pradesh,31.1,54
2020-06-14,Andhra Pradesh,31.7,55
2020-06-15,Andhra Pradesh,32.2,53
2020-06-16,Andhra Pradesh,32.5,50
2020-06-17,Andhra Pradesh,31.3,53
2020-06-18,Andhra Pradesh,31.5,53
2020-06-19,Andhra Pradesh,32.2,51
2020-06-20,Andhra Pradesh,32.1,54
2020-06-21,Andhra Pradesh,30.9,59
2020-06-22,Andhra Pradesh,30.6,57
2020-06-23,Andhra Pradesh,32.2,50
2020-06-24,Andhra Pradesh,30.7,62
2020-06-25,Andhra Pradesh,29.7,71
2020-06-26,Andhra Pradesh,30.4,66
2020-06-27,Andhra Pradesh,31.3,61
2020-06-28,Andhra Pradesh,30.0,70
2020-06-29,Andhra Pradesh,29.5,73
2020-06-30,Andhra Pradesh,28.8,77
2020-07-01,Andhra Pradesh,29.2,70
2020-07-02,Andhra Pradesh,28.8,69
2020-07-03,Andhra Pradesh,29.9,61
2020-07-04,Andhra Pradesh,28.5,68
2020-07-05,Andhra Pradesh,29.0,69
2020-07-06,Andhra Pradesh,29.4,64
2020-07-07,Andhra Pradesh,30.4,59
2020-07-08,Andhra Pradesh,29.4,67
2020-07-09,Andhra Pradesh,28.1,73
2020-07-10,Andhra Pradesh,28.0,72
2020-07-11,Andhra Pradesh,29.0,68
2020-07-12,Andhra Pradesh,29.0,73
2020-07-13,Andhra Pradesh,29.4,64
2020-07-14,Andhra Pradesh,27.3,79
2020-07-15,Andhra Pradesh,26.5,82
2020-07-16,Andhra Pradesh,26.7,81
2020-07-17,Andhra Pradesh,28.2,73
2020-07-18,Andhra Pradesh,28.8,71
2020-07-19,Andhra Pradesh,28.2,78
2020-07-20,Andhra Pradesh,28.4,80
2020-07-21,Andhra Pradesh,28.8,76
2020-07-22,Andhra Pradesh,29.9,71
2020-07-23,Andhra Pradesh,28.2,78
2020-07-24,Andhra Pradesh,28.3,77
2020-07-25,Andhra Pradesh,27.9,77
2020-07-26,Andhra Pradesh,28.3,72
2020-07-27,Andhra Pradesh,29.5,63
2020-07-28,Andhra Pradesh,28.6,73
2020-07-29,Andhra Pradesh,28.2,79
2020-07-30,Andhra Pradesh,29.1,73
2020-07-31,Andhra Pradesh,28.5,77
2020-08-01,Andhra Pradesh,29.0,68
2020-08-02,Andhra Pradesh,28.4,71
2020-08-03,Andhra Pradesh,28.6,68
2020-08-04,Andhra Pradesh,27.2,73
2020-08-05,Andhra Pradesh,27.2,73
2020-08-06,Andhra Pradesh,29.9,62
2020-08-07,Andhra Pradesh,29.6,63
2020-08-08,Andhra Pradesh,29.3,65
2020-08-09,Andhra Pradesh,28.7,68
2020-08-10,Andhra Pradesh,26.8,80
2020-08-11,Andhra Pradesh,28.8,67
2020-08-12,Andhra Pradesh,28.3,68
2020-08-13,Andhra Pradesh,26.9,75
2020-08-14,Andhra Pradesh,27.4,72
2020-08-15,Andhra Pradesh,27.6,67
2020-08-16,Andhra Pradesh,25.7,83
2020-08-17,Andhra Pradesh,27.8,72
2020-08-18,Andhra Pradesh,28.9,65
2020-08-19,Andhra Pradesh,28.7,65
2020-08-20,Andhra Pradesh,28.1,67
2020-08-21,Andhra Pradesh,27.0,79
2020-08-22,Andhra Pradesh,29.1,69
2020-08-23,Andhra Pradesh,28.8,70
2020-08-24,Andhra Pradesh,28.9,68
2020-08-25,Andhra Pradesh,29.6,64
2020-08-26,Andhra Pradesh,29.2,66
2020-08-27,Andhra Pradesh,29.3,67
2020-08-28,Andhra Pradesh,30.4,56
2020-08-29,Andhra Pradesh,30.7,57
2020-08-30,Andhra Pradesh,29.9,67
2020-08-31,Andhra Pradesh,28.9,71
2020-09-01,Andhra Pradesh,28.9,73
2020-09-02,Andhra Pradesh,27.1,84
2020-09-03,Andhra Pradesh,27.2,82
2020-09-04,Andhra Pradesh,28.1,77
2020-09-05,Andhra Pradesh,28.8,74
2020-09-06,Andhra Pradesh,29.4,70
2020-09-07,Andhra Pradesh,29.3,72
2020-09-08,Andhra Pradesh,29.0,74
2020-09-09,Andhra Pradesh,28.8,74
2020-09-10,Andhra Pradesh,28.0,78
2020-09-11,Andhra Pradesh,27.9,77
2020-09-12,Andhra Pradesh,27.0,81
2020-09-13,Andhra Pradesh,25.8,83
2020-09-14,Andhra Pradesh,26.2,77
2020-09-15,Andhra Pradesh,26.9,76
2020-09-16,Andhra Pradesh,27.6,75
2020-09-17,Andhra Pradesh,28.0,74
2020-09-18,Andhra Pradesh,27.9,77
2020-09-19,Andhra Pradesh,26.7,79
2020-09-20,Andhra Pradesh,27.1,77
2020-09-21,Andhra Pradesh,26.8,76
2020-09-22,Andhra Pradesh,28.4,64
2020-09-23,Andhra Pradesh,28.7,61
2020-09-24,Andhra Pradesh,29.3,62
2020-09-25,Andhra Pradesh,28.8,73
2020-09-26,Andhra Pradesh,25.3,89
2020-09-27,Andhra Pradesh,25.9,82
2020-09-28,Andhra Pradesh,27.4,75
2020-09-29,Andhra Pradesh,27.4,78
2020-09-30,Andhra Pradesh,26.5,83
2020-10-01,Andhra Pradesh,25.9,82
2020-10-02,Andhra Pradesh,28.2,72
2020-10-03,Andhra Pradesh,28.5,72
2020-10-04,Andhra Pradesh,27.8,72
2020-10-05,Andhra Pradesh,28.4,67
2020-10-06,Andhra Pradesh,28.9,66
2020-10-07,Andhra Pradesh,28.7,66
2020-10-08,Andhra Pradesh,28.4,67
2020-10-09,Andhra Pradesh,28.6,76
2020-10-10,Andhra Pradesh,27.8,79
2020-10-11,Andhra Pradesh,25.6,87
2020-10-12,Andhra Pradesh,26.0,84
2020-10-13,Andhra Pradesh,26.8,80
2020-10-14,Andhra Pradesh,28.5,63
2020-10-15,Andhra Pradesh,27.6,73
2020-10-16,Andhra Pradesh,27.9,72
2020-10-17,Andhra Pradesh,28.5,68
2020-10-18,Andhra Pradesh,28.2,73
2020-10-19,Andhra Pradesh,27.7,81
2020-10-20,Andhra Pradesh,25.7,90
2020-10-21,Andhra Pradesh,25.1,93
2020-10-22,Andhra Pradesh,26.1,88
2020-10-23,Andhra Pradesh,27.6,77
2020-10-24,Andhra Pradesh,27.7,71
2020-10-25,Andhra Pradesh,27.6,71
2020-10-26,Andhra Pradesh,27.6,69
2020-10-27,Andhra Pradesh,27.0,69
2020-10-28,Andhra Pradesh,26.8,71
2020-10-29,Andhra Pradesh,26.6,67
2020-10-30,Andhra Pradesh,27.4,67
2020-10-31,Andhra Pradesh,28.0,64
2020-11-01,Andhra Pradesh,28.4,60
2020-11-02,Andhra Pradesh,28.6,61
2020-11-03,Andhra Pradesh,29.0,62
2020-11-04,Andhra Pradesh,28.0,71
2020-11-05,Andhra Pradesh,27.7,73
2020-11-06,Andhra Pradesh,27.6,75
2020-11-07,Andhra Pradesh,27.4,75
2020-11-08,Andhra Pradesh,27.4,72
2020-11-09,Andhra Pradesh,26.8,57
2020-11-10,Andhra Pradesh,25.6,50
2020-11-11,Andhra Pradesh,26.4,56
2020-11-12,Andhra Pradesh,26.1,77
2020-11-13,Andhra Pradesh,26.4,79
2020-11-14,Andhra Pradesh,26.8,72
2020-11-15,Andhra Pradesh,25.4,83
2020-11-16,Andhra Pradesh,25.0,87
2020-11-17,Andhra Pradesh,25.9,84
2020-11-18,Andhra Pradesh,26.3,81
2020-11-19,Andhra Pradesh,26.6,77
2020-11-20,Andhra Pradesh,25.3,72
2020-11-21,Andhra Pradesh,25.2,62
2020-11-22,Andhra Pradesh,26.1,61
2020-11-23,Andhra Pradesh,25.8,75
2020-11-24,Andhra Pradesh,26.5,70
2020-11-25,Andhra Pradesh,25.1,73
2020-11-26,Andhra Pradesh,22.5,92
2020-11-27,Andhra Pradesh,21.5,91
2020-11-28,Andhra Pradesh,23.4,86
2020-11-29,Andhra Pradesh,23.7,91
2020-11-30,Andhra Pradesh,24.0,83
2020-12-01,Andhra Pradesh,23.2,81
2020-12-02,Andhra Pradesh,23.6,78
2020-12-03,Andhra Pradesh,23.6,84
2020-12-04,Andhra Pradesh,24.3,83
2020-12-05,Andhra Pradesh,24.6,80
2019-01-02,Arunachal Pradesh,13.8,65
2019-01-03,Arunachal Pradesh,14.1,66
2019-01-04,Arunachal Pradesh,13.3,81
2019-01-05,Arunachal Pradesh,13.0,74
2019-01-06,Arunachal Pradesh,14.2,66
2019-01-07,Arunachal Pradesh,15.1,65
2019-01-08,Arunachal Pradesh,15.3,60
2019-01-09,Arunachal Pradesh,15.1,68
2019-01-10,Arunachal Pradesh,14.0,77
2019-01-11,Arunachal Pradesh,13.8,68
2019-01-12,Arunachal Pradesh,14.3,64
2019-01-13,Arunachal Pradesh,15.0,63
2019-01-14,Arunachal Pradesh,15.6,59
2019-01-15,Arunachal Pradesh,14.6,68
2019-01-16,Arunachal Pradesh,14.7,71
2019-01-17,Arunachal Pradesh,14.8,67
2019-01-18,Arunachal Pradesh,15.7,57
2019-01-19,Arunachal Pradesh,14.9,62
2019-01-20,Arunachal Pradesh,15.3,63
2019-01-21,Arunachal Pradesh,16.0,64
2019-01-22,Arunachal Pradesh,16.2,56
2019-01-23,Arunachal Pradesh,16.2,59
2019-01-24,Arunachal Pradesh,15.9,67
2019-01-25,Arunachal Pradesh,16.5,67
2019-01-26,Arunachal Pradesh,17.1,65
2019-01-27,Arunachal Pradesh,17.8,67
2019-01-28,Arunachal Pradesh,17.4,71
2019-01-29,Arunachal Pradesh,15.7,77
2019-01-30,Arunachal Pradesh,14.1,80
2019-01-31,Arunachal Pradesh,14.2,73
2019-02-01,Arunachal Pradesh,15.7,58
2019-02-02,Arunachal Pradesh,16.9,56
2019-02-03,Arunachal Pradesh,15.8,65
2019-02-04,Arunachal Pradesh,16.2,68
2019-02-05,Arunachal Pradesh,16.6,67
2019-02-06,Arunachal Pradesh,17.6,61
2019-02-07,Arunachal Pradesh,18.0,64
2019-02-08,Arunachal Pradesh,18.5,64
2019-02-09,Arunachal Pradesh,17.1,79
2019-02-10,Arunachal Pradesh,16.3,81
2019-02-11,Arunachal Pradesh,15.5,74
2019-02-12,Arunachal Pradesh,16.6,63
2019-02-13,Arunachal Pradesh,17.7,61
2019-02-14,Arunachal Pradesh,18.6,60
2019-02-15,Arunachal Pradesh,18.7,61
2019-02-16,Arunachal Pradesh,17.9,76
2019-02-17,Arunachal Pradesh,15.1,86
2019-02-18,Arunachal Pradesh,13.6,93
2019-02-19,Arunachal Pradesh,14.1,88
2019-02-20,Arunachal Pradesh,14.2,90
2019-02-21,Arunachal Pradesh,16.3,82
2019-02-22,Arunachal Pradesh,17.8,76
2019-02-23,Arunachal Pradesh,17.2,87
2019-02-24,Arunachal Pradesh,17.6,78
2019-02-25,Arunachal Pradesh,16.7,79
2019-02-26,Arunachal Pradesh,16.1,89
2019-02-27,Arunachal Pradesh,15.7,91
2019-02-28,Arunachal Pradesh,15.1,92
2019-03-01,Arunachal Pradesh,15.6,75
2019-03-02,Arunachal Pradesh,15.2,72
2019-03-03,Arunachal Pradesh,17.1,67
2019-03-04,Arunachal Pradesh,16.9,79
2019-03-05,Arunachal Pradesh,16.1,86
2019-03-06,Arunachal Pradesh,15.8,89
2019-03-07,Arunachal Pradesh,15.7,85
2019-03-08,Arunachal Pradesh,16.0,75
2019-03-09,Arunachal Pradesh,17.2,67
2019-03-10,Arunachal Pradesh,17.0,79
2019-03-11,Arunachal Pradesh,18.0,79
2019-03-12,Arunachal Pradesh,17.8,87
2019-03-13,Arunachal Pradesh,19.2,81
2019-03-14,Arunachal Pradesh,21.0,72
2019-03-15,Arunachal Pradesh,20.6,82
2019-03-16,Arunachal Pradesh,21.5,76
2019-03-17,Arunachal Pradesh,20.0,79
2019-03-18,Arunachal Pradesh,19.7,74
2019-03-19,Arunachal Pradesh,17.9,84
2019-03-20,Arunachal Pradesh,17.6,86
2019-03-21,Arunachal Pradesh,17.6,85
2019-03-22,Arunachal Pradesh,18.2,87
2019-03-23,Arunachal Pradesh,17.8,89
2019-03-24,Arunachal Pradesh,19.9,79
2019-03-25,Arunachal Pradesh,20.5,75
2019-03-26,Arunachal Pradesh,21.2,72
2019-03-27,Arunachal Pradesh,19.2,82
2019-03-28,Arunachal Pradesh,19.3,78
2019-03-29,Arunachal Pradesh,20.7,70
2019-03-30,Arunachal Pradesh,21.8,73
2019-03-31,Arunachal Pradesh,18.9,93
2019-04-01,Arunachal Pradesh,18.7,91
2019-04-02,Arunachal Pradesh,18.4,93
2019-04-03,Arunachal Pradesh,18.9,80
2019-04-04,Arunachal Pradesh,19.3,80
2019-04-05,Arunachal Pradesh,20.1,83
2019-04-06,Arunachal Pradesh,21.9,74
2019-04-07,Arunachal Pradesh,20.4,82
2019-04-08,Arunachal Pradesh,19.5,77
2019-04-09,Arunachal Pradesh,20.1,83
2019-04-10,Arunachal Pradesh,19.9,86
2019-04-11,Arunachal Pradesh,22.0,76
2019-04-12,Arunachal Pradesh,23.1,75
2019-04-13,Arunachal Pradesh,24.0,79
2019-04-14,Arunachal Pradesh,22.9,84
2019-04-15,Arunachal Pradesh,22.5,86
2019-04-16,Arunachal Pradesh,22.2,87
2019-04-17,Arunachal Pradesh,22.5,85
2019-04-18,Arunachal Pradesh,22.0,88
2019-04-19,Arunachal Pradesh,21.5,92
2019-04-20,Arunachal Pradesh,21.6,87
2019-04-21,Arunachal Pradesh,21.6,80
2019-04-22,Arunachal Pradesh,21.9,77
2019-04-23,Arunachal Pradesh,22.7,74
2019-04-24,Arunachal Pradesh,24.0,71
2019-04-25,Arunachal Pradesh,25.1,76
2019-04-26,Arunachal Pradesh,25.2,76
2019-04-27,Arunachal Pradesh,24.3,85
2019-04-28,Arunachal Pradesh,22.4,93
2019-04-29,Arunachal Pradesh,21.9,92
2019-04-30,Arunachal Pradesh,21.1,93
2019-05-01,Arunachal Pradesh,21.1,92
2019-05-02,Arunachal Pradesh,22.3,91
2019-05-03,Arunachal Pradesh,22.1,94
2019-05-04,Arunachal Pradesh,23.7,87
2019-05-05,Arunachal Pradesh,23.0,89
2019-05-06,Arunachal Pradesh,23.5,89
2019-05-07,Arunachal Pradesh,21.6,91
2019-05-08,Arunachal Pradesh,21.4,89
2019-05-09,Arunachal Pradesh,22.2,88
2019-05-10,Arunachal Pradesh,22.6,90
2019-05-11,Arunachal Pradesh,22.5,92
2019-05-12,Arunachal Pradesh,22.9,92
2019-05-13,Arunachal Pradesh,22.6,95
2019-05-14,Arunachal Pradesh,21.9,88
2019-05-15,Arunachal Pradesh,21.6,90
2019-05-16,Arunachal Pradesh,22.8,85
2019-05-17,Arunachal Pradesh,22.4,92
2019-05-18,Arunachal Pradesh,22.8,90
2019-05-19,Arunachal Pradesh,24.1,87
2019-05-20,Arunachal Pradesh,23.2,91
2019-05-21,Arunachal Pradesh,23.8,87
2019-05-22,Arunachal Pradesh,23.5,90
2019-05-23,Arunachal Pradesh,22.1,92
2019-05-24,Arunachal Pradesh,22.9,86
2019-05-25,Arunachal Pradesh,24.4,81
2019-05-26,Arunachal Pradesh,24.8,81
2019-05-27,Arunachal Pradesh,23.0,93
2019-05-28,Arunachal Pradesh,24.7,82
2019-05-29,Arunachal Pradesh,25.6,77
2019-05-30,Arunachal Pradesh,25.3,80
2019-05-31,Arunachal Pradesh,24.8,78
2019-06-01,Arunachal Pradesh,25.3,78
2019-06-02,Arunachal Pradesh,25.8,83
2019-06-03,Arunachal Pradesh,25.5,83
2019-06-04,Arunachal Pradesh,23.5,91
2019-06-05,Arunachal Pradesh,24.6,83
2019-06-06,Arunachal Pradesh,26.6,79
2019-06-07,Arunachal Pradesh,26.0,86
2019-06-08,Arunachal Pradesh,25.4,89
2019-06-09,Arunachal Pradesh,25.4,91
2019-06-10,Arunachal Pradesh,25.4,91
2019-06-11,Arunachal Pradesh,26.2,86
2019-06-12,Arunachal Pradesh,27.8,78
2019-06-13,Arunachal Pradesh,28.5,79
2019-06-14,Arunachal Pradesh,26.1,91
2019-06-15,Arunachal Pradesh,26.0,92
2019-06-16,Arunachal Pradesh,26.2,89
2019-06-17,Arunachal Pradesh,25.6,90
2019-06-18,Arunachal Pradesh,26.9,84
2019-06-19,Arunachal Pradesh,28.0,77
2019-06-20,Arunachal Pradesh,27.5,82
2019-06-21,Arunachal Pradesh,26.4,89
2019-06-22,Arunachal Pradesh,26.8,87
2019-06-23,Arunachal Pradesh,27.4,85
2019-06-24,Arunachal Pradesh,27.0,89
2019-06-25,Arunachal Pradesh,26.5,90
2019-06-26,Arunachal Pradesh,26.2,89
2019-06-27,Arunachal Pradesh,25.0,92
2019-06-28,Arunachal Pradesh,24.1,95
2019-06-29,Arunachal Pradesh,26.1,87
2019-06-30,Arunachal Pradesh,28.7,73
2019-07-01,Arunachal Pradesh,29.0,77
2019-07-02,Arunachal Pradesh,27.2,87
2019-07-03,Arunachal Pradesh,27.0,87
2019-07-04,Arunachal Pradesh,27.2,86
2019-07-05,Arunachal Pradesh,26.6,89
2019-07-06,Arunachal Pradesh,26.9,86
2019-07-07,Arunachal Pradesh,26.7,87
2019-07-08,Arunachal Pradesh,25.4,91
2019-07-09,Arunachal Pradesh,24.7,94
2019-07-10,Arunachal Pradesh,25.0,94
2019-07-11,Arunachal Pradesh,24.8,94
2019-07-12,Arunachal Pradesh,24.8,96
2019-07-13,Arunachal Pradesh,25.0,93
2019-07-14,Arunachal Pradesh,24.9,91
2019-07-15,Arunachal Pradesh,23.8,96
2019-07-16,Arunachal Pradesh,25.0,91
2019-07-17,Arunachal Pradesh,25.8,91
2019-07-18,Arunachal Pradesh,27.5,81
2019-07-19,Arunachal Pradesh,27.5,84
2019-07-20,Arunachal Pradesh,27.5,82
2019-07-21,Arunachal Pradesh,26.9,88
2019-07-22,Arunachal Pradesh,25.5,94
2019-07-23,Arunachal Pradesh,26.1,86
2019-07-24,Arunachal Pradesh,26.0,88
2019-07-25,Arunachal Pradesh,25.6,96
2019-07-26,Arunachal Pradesh,25.1,95
2019-07-27,Arunachal Pradesh,26.2,87
2019-07-28,Arunachal Pradesh,27.3,83
2019-07-29,Arunachal Pradesh,26.9,84
2019-07-30,Arunachal Pradesh,25.4,95
2019-07-31,Arunachal Pradesh,24.9,95
2019-08-01,Arunachal Pradesh,25.3,90
2019-08-02,Arunachal Pradesh,27.0,82
2019-08-03,Arunachal Pradesh,27.1,85
2019-08-04,Arunachal Pradesh,26.7,89
2019-08-05,Arunachal Pradesh,28.2,83
2019-08-06,Arunachal Pradesh,30.4,69
2019-08-07,Arunachal Pradesh,29.8,75
2019-08-08,Arunachal Pradesh,27.0,90
2019-08-09,Arunachal Pradesh,28.0,81
2019-08-10,Arunachal Pradesh,26.0,96
2019-08-11,Arunachal Pradesh,28.8,82
2019-08-12,Arunachal Pradesh,30.0,76
2019-08-13,Arunachal Pradesh,28.1,84
2019-08-14,Arunachal Pradesh,26.5,91
2019-08-15,Arunachal Pradesh,26.3,91
2019-08-16,Arunachal Pradesh,26.3,90
2019-08-17,Arunachal Pradesh,27.8,82
2019-08-18,Arunachal Pradesh,27.2,85
2019-08-19,Arunachal Pradesh,27.3,82
2019-08-20,Arunachal Pradesh,27.1,85
2019-08-21,Arunachal Pradesh,27.4,86
2019-08-22,Arunachal Pradesh,27.7,85
2019-08-23,Arunachal Pradesh,26.3,92
2019-08-24,Arunachal Pradesh,27.5,83
2019-08-25,Arunachal Pradesh,28.5,75
2019-08-26,Arunachal Pradesh,29.1,75
2019-08-27,Arunachal Pradesh,28.4,85
2019-08-28,Arunachal Pradesh,27.1,92
2019-08-29,Arunachal Pradesh,28.1,85
2019-08-30,Arunachal Pradesh,26.4,93
2019-08-31,Arunachal Pradesh,27.2,85
2019-09-01,Arunachal Pradesh,28.7,79
2019-09-02,Arunachal Pradesh,28.7,77
2019-09-03,Arunachal Pradesh,28.3,75
2019-09-04,Arunachal Pradesh,26.2,86
2019-09-05,Arunachal Pradesh,25.4,90
2019-09-06,Arunachal Pradesh,26.6,82
2019-09-07,Arunachal Pradesh,26.6,83
2019-09-08,Arunachal Pradesh,26.2,91
2019-09-09,Arunachal Pradesh,26.4,90
2019-09-10,Arunachal Pradesh,26.0,94
2019-09-11,Arunachal Pradesh,25.9,93
2019-09-12,Arunachal Pradesh,25.1,93
2019-09-13,Arunachal Pradesh,24.8,93
2019-09-14,Arunachal Pradesh,25.9,88
2019-09-15,Arunachal Pradesh,25.6,91
2019-09-16,Arunachal Pradesh,24.9,94
2019-09-17,Arunachal Pradesh,25.3,90
2019-09-18,Arunachal Pradesh,25.5,86
2019-09-19,Arunachal Pradesh,26.0,83
2019-09-20,Arunachal Pradesh,25.7,82
2019-09-21,Arunachal Pradesh,26.1,80
2019-09-22,Arunachal Pradesh,25.5,82
2019-09-23,Arunachal Pradesh,22.6,97
2019-09-24,Arunachal Pradesh,21.9,96
2019-09-25,Arunachal Pradesh,23.4,88
2019-09-26,Arunachal Pradesh,24.4,85
2019-09-27,Arunachal Pradesh,23.7,88
2019-09-28,Arunachal Pradesh,24.2,83
2019-09-29,Arunachal Pradesh,24.2,81
2019-09-30,Arunachal Pradesh,23.3,89
2019-10-01,Arunachal Pradesh,22.5,92
2019-10-02,Arunachal Pradesh,23.9,84
2019-10-03,Arunachal Pradesh,24.4,86
2019-10-04,Arunachal Pradesh,24.2,91
2019-10-05,Arunachal Pradesh,24.3,89
2019-10-06,Arunachal Pradesh,24.5,88
2019-10-07,Arunachal Pradesh,24.0,91
2019-10-08,Arunachal Pradesh,23.7,88
2019-10-09,Arunachal Pradesh,23.2,89
2019-10-10,Arunachal Pradesh,22.9,89
2019-10-11,Arunachal Pradesh,22.6,88
2019-10-12,Arunachal Pradesh,22.9,85
2019-10-13,Arunachal Pradesh,23.0,82
2019-10-14,Arunachal Pradesh,23.5,77
2019-10-15,Arunachal Pradesh,23.6,73
2019-10-16,Arunachal Pradesh,23.5,75
2019-10-17,Arunachal Pradesh,23.6,79
2019-10-18,Arunachal Pradesh,24.0,78
2019-10-19,Arunachal Pradesh,23.3,75
2019-10-20,Arunachal Pradesh,23.1,75
2019-10-21,Arunachal Pradesh,22.4,85
2019-10-22,Arunachal Pradesh,21.7,92
2019-10-23,Arunachal Pradesh,21.8,84
2019-10-24,Arunachal Pradesh,19.9,89
2019-10-25,Arunachal Pradesh,18.6,97
2019-10-26,Arunachal Pradesh,19.4,95
2019-10-27,Arunachal Pradesh,21.0,82
2019-10-28,Arunachal Pradesh,21.8,82
2019-10-29,Arunachal Pradesh,22.3,80
2019-10-30,Arunachal Pradesh,22.5,76
2019-10-31,Arunachal Pradesh,21.5,78
2019-11-01,Arunachal Pradesh,21.2,79
2019-11-02,Arunachal Pradesh,21.6,77
2019-11-03,Arunachal Pradesh,21.5,76
2019-11-04,Arunachal Pradesh,21.5,72
2019-11-05,Arunachal Pradesh,21.2,76
2019-11-06,Arunachal Pradesh,21.4,80
2019-11-07,Arunachal Pradesh,22.3,78
2019-11-08,Arunachal Pradesh,22.1,75
2019-11-09,Arunachal Pradesh,21.7,75
2019-11-10,Arunachal Pradesh,21.1,87
2019-11-11,Arunachal Pradesh,20.8,85
2019-11-12,Arunachal Pradesh,21.5,82
2019-11-13,Arunachal Pradesh,21.8,84
2019-11-14,Arunachal Pradesh,22.4,80
2019-11-15,Arunachal Pradesh,23.0,79
2019-11-16,Arunachal Pradesh,22.0,84
2019-11-17,Arunachal Pradesh,20.4,94
2019-11-18,Arunachal Pradesh,20.4,92
2019-11-19,Arunachal Pradesh,19.9,85
2019-11-20,Arunachal Pradesh,20.0,79
2019-11-21,Arunachal Pradesh,20.5,79
2019-11-22,Arunachal Pradesh,20.2,79
2019-11-23,Arunachal Pradesh,20.3,75
2019-11-24,Arunachal Pradesh,19.5,74
2019-11-25,Arunachal Pradesh,19.5,77
2019-11-26,Arunachal Pradesh,19.5,75
2019-11-27,Arunachal Pradesh,19.5,75
2019-11-28,Arunachal Pradesh,19.3,75
2019-11-29,Arunachal Pradesh,19.3,70
2019-11-30,Arunachal Pradesh,18.2,81
2019-12-01,Arunachal Pradesh,17.3,87
2019-12-02,Arunachal Pradesh,16.5,80
2019-12-03,Arunachal Pradesh,16.2,75
2019-12-04,Arunachal Pradesh,16.4,69
2019-12-05,Arunachal Pradesh,16.2,71
2019-12-06,Arunachal Pradesh,16.5,69
2019-12-07,Arunachal Pradesh,16.2,66
2019-12-08,Arunachal Pradesh,16.2,66
2019-12-09,Arunachal Pradesh,16.7,69
2019-12-10,Arunachal Pradesh,16.6,71
2019-12-11,Arunachal Pradesh,16.1,76
2019-12-12,Arunachal Pradesh,16.0,75
2019-12-13,Arunachal Pradesh,16.3,73
2019-12-14,Arunachal Pradesh,17.4,71
2019-12-15,Arunachal Pradesh,16.7,77
2019-12-16,Arunachal Pradesh,16.4,86
2019-12-17,Arunachal Pradesh,15.7,86
2019-12-18,Arunachal Pradesh,15.0,77
2019-12-19,Arunachal Pradesh,15.1,72
2019-12-20,Arunachal Pradesh,16.0,71
2019-12-21,Arunachal Pradesh,16.1,76
2019-12-22,Arunachal Pradesh,15.7,78
2019-12-23,Arunachal Pradesh,15.6,77
2019-12-24,Arunachal Pradesh,15.4,74
2019-12-25,Arunachal Pradesh,14.6,76
2019-12-26,Arunachal Pradesh,14.6,79
2019-12-27,Arunachal Pradesh,13.9,74
2019-12-28,Arunachal Pradesh,13.8,72
2019-12-29,Arunachal Pradesh,14.0,73
2019-12-30,Arunachal Pradesh,14.0,69
2019-12-31,Arunachal Pradesh,14.0,59
2020-01-01,Arunachal Pradesh,14.8,61
2020-01-02,Arunachal Pradesh,15.1,71
2020-01-03,Arunachal Pradesh,14.6,83
2020-01-04,Arunachal Pradesh,14.8,84
2020-01-05,Arunachal Pradesh,13.9,90
2020-01-06,Arunachal Pradesh,12.9,82
2020-01-07,Arunachal Pradesh,13.4,78
2020-01-08,Arunachal Pradesh,14.8,74
2020-01-09,Arunachal Pradesh,14.1,79
2020-01-10,Arunachal Pradesh,14.4,80
2020-01-11,Arunachal Pradesh,14.8,72
2020-01-12,Arunachal Pradesh,15.2,72
2020-01-13,Arunachal Pradesh,15.9,65
2020-01-14,Arunachal Pradesh,16.0,65
2020-01-15,Arunachal Pradesh,16.1,73
2020-01-16,Arunachal Pradesh,16.3,70
2020-01-17,Arunachal Pradesh,16.4,69
2020-01-18,Arunachal Pradesh,16.1,85
2020-01-19,Arunachal Pradesh,15.9,92
2020-01-20,Arunachal Pradesh,15.1,92
2020-01-21,Arunachal Pradesh,13.8,87
2020-01-22,Arunachal Pradesh,13.8,78
2020-01-23,Arunachal Pradesh,13.5,77
2020-01-24,Arunachal Pradesh,12.8,87
2020-01-25,Arunachal Pradesh,13.0,77
2020-01-26,Arunachal Pradesh,13.2,67
2020-01-27,Arunachal Pradesh,13.3,71
2020-01-28,Arunachal Pradesh,13.3,76
2020-01-29,Arunachal Pradesh,14.7,70
2020-01-30,Arunachal Pradesh,14.8,77
2020-01-31,Arunachal Pradesh,14.0,86
2020-02-01,Arunachal Pradesh,13.7,79
2020-02-02,Arunachal Pradesh,13.7,87
2020-02-03,Arunachal Pradesh,14.2,80
2020-02-04,Arunachal Pradesh,14.5,76
2020-02-05,Arunachal Pradesh,13.7,78
2020-02-06,Arunachal Pradesh,14.4,78
2020-02-07,Arunachal Pradesh,15.1,72
2020-02-08,Arunachal Pradesh,15.7,66
2020-02-09,Arunachal Pradesh,16.2,66
2020-02-10,Arunachal Pradesh,15.6,72
2020-02-11,Arunachal Pradesh,16.5,75
2020-02-12,Arunachal Pradesh,17.0,71
2020-02-13,Arunachal Pradesh,17.5,66
2020-02-14,Arunachal Pradesh,17.8,66
2020-02-15,Arunachal Pradesh,17.7,79
2020-02-16,Arunachal Pradesh,18.3,74
2020-02-17,Arunachal Pradesh,18.3,78
2020-02-18,Arunachal Pradesh,16.9,92
2020-02-19,Arunachal Pradesh,16.6,86
2020-02-20,Arunachal Pradesh,17.1,86
2020-02-21,Arunachal Pradesh,18.2,76
2020-02-22,Arunachal Pradesh,18.8,68
2020-02-23,Arunachal Pradesh,18.9,63
2020-02-24,Arunachal Pradesh,18.4,70
2020-02-25,Arunachal Pradesh,18.2,73
2020-02-26,Arunachal Pradesh,17.1,84
2020-02-27,Arunachal Pradesh,15.8,83
2020-02-28,Arunachal Pradesh,16.7,78
2020-02-29,Arunachal Pradesh,18.5,72
2020-03-01,Arunachal Pradesh,18.6,69
2020-03-02,Arunachal Pradesh,17.8,75
2020-03-03,Arunachal Pradesh,17.1,85
2020-03-04,Arunachal Pradesh,16.6,83
2020-03-05,Arunachal Pradesh,16.8,83
2020-03-06,Arunachal Pradesh,18.2,76
2020-03-07,Arunachal Pradesh,17.3,84
2020-03-08,Arunachal Pradesh,16.3,96
2020-03-09,Arunachal Pradesh,17.1,85
2020-03-10,Arunachal Pradesh,18.4,84
2020-03-11,Arunachal Pradesh,18.4,85
2020-03-12,Arunachal Pradesh,18.0,88
2020-03-13,Arunachal Pradesh,20.6,73
2020-03-14,Arunachal Pradesh,21.7,69
2020-03-15,Arunachal Pradesh,21.1,77
2020-03-16,Arunachal Pradesh,19.6,78
2020-03-17,Arunachal Pradesh,19.7,68
2020-03-18,Arunachal Pradesh,20.0,67
2020-03-19,Arunachal Pradesh,18.7,78
2020-03-20,Arunachal Pradesh,18.4,80
2020-03-21,Arunachal Pradesh,18.4,80
2020-03-22,Arunachal Pradesh,19.0,76
2020-03-23,Arunachal Pradesh,19.7,77
2020-03-24,Arunachal Pradesh,19.5,77
2020-03-25,Arunachal Pradesh,21.3,71
2020-03-26,Arunachal Pradesh,21.8,77
2020-03-27,Arunachal Pradesh,23.1,76
2020-03-28,Arunachal Pradesh,22.7,82
2020-03-29,Arunachal Pradesh,22.7,76
2020-03-30,Arunachal Pradesh,22.4,66
2020-03-31,Arunachal Pradesh,22.6,61
2020-04-01,Arunachal Pradesh,22.4,68
2020-04-02,Arunachal Pradesh,20.3,79
2020-04-03,Arunachal Pradesh,19.8,82
2020-04-04,Arunachal Pradesh,20.6,74
2020-04-05,Arunachal Pradesh,20.6,67
2020-04-06,Arunachal Pradesh,21.0,68
2020-04-07,Arunachal Pradesh,20.2,79
2020-04-08,Arunachal Pradesh,21.5,73
2020-04-09,Arunachal Pradesh,20.9,78
2020-04-10,Arunachal Pradesh,20.2,78
2020-04-11,Arunachal Pradesh,21.7,70
2020-04-12,Arunachal Pradesh,21.4,74
2020-04-13,Arunachal Pradesh,22.9,70
2020-04-14,Arunachal Pradesh,24.3,70
2020-04-15,Arunachal Pradesh,24.1,74
2020-04-16,Arunachal Pradesh,22.5,77
2020-04-17,Arunachal Pradesh,21.4,81
2020-04-18,Arunachal Pradesh,21.2,88
2020-04-19,Arunachal Pradesh,20.1,93
2020-04-20,Arunachal Pradesh,20.1,92
2020-04-21,Arunachal Pradesh,20.7,89
2020-04-22,Arunachal Pradesh,19.6,90
2020-04-23,Arunachal Pradesh,19.3,87
2020-04-24,Arunachal Pradesh,18.7,89
2020-04-25,Arunachal Pradesh,19.2,84
2020-04-26,Arunachal Pradesh,21.4,78
2020-04-27,Arunachal Pradesh,22.8,74
2020-04-28,Arunachal Pradesh,22.4,79
2020-04-29,Arunachal Pradesh,21.1,84
2020-04-30,Arunachal Pradesh,22.2,78
2020-05-01,Arunachal Pradesh,22.8,80
2020-05-02,Arunachal Pradesh,24.0,79
2020-05-03,Arunachal Pradesh,23.1,85
2020-05-04,Arunachal Pradesh,23.5,81
2020-05-05,Arunachal Pradesh,22.8,88
2020-05-06,Arunachal Pradesh,23.0,87
2020-05-07,Arunachal Pradesh,22.7,88
2020-05-08,Arunachal Pradesh,21.6,87
2020-05-09,Arunachal Pradesh,23.1,77
2020-05-10,Arunachal Pradesh,24.4,75
2020-05-11,Arunachal Pradesh,25.3,73
2020-05-12,Arunachal Pradesh,23.6,81
2020-05-13,Arunachal Pradesh,21.4,93
2020-05-14,Arunachal Pradesh,21.6,86
2020-05-15,Arunachal Pradesh,23.2,80
2020-05-16,Arunachal Pradesh,23.2,85
2020-05-17,Arunachal Pradesh,22.8,87
2020-05-18,Arunachal Pradesh,25.2,79
2020-05-19,Arunachal Pradesh,25.8,75
2020-05-20,Arunachal Pradesh,24.8,81
2020-05-21,Arunachal Pradesh,22.4,93
2020-05-22,Arunachal Pradesh,22.9,93
2020-05-23,Arunachal Pradesh,22.8,94
2020-05-24,Arunachal Pradesh,23.1,94
2020-05-25,Arunachal Pradesh,22.6,96
2020-05-26,Arunachal Pradesh,21.7,96
2020-05-27,Arunachal Pradesh,22.7,87
2020-05-28,Arunachal Pradesh,23.5,81
2020-05-29,Arunachal Pradesh,23.9,80
2020-05-30,Arunachal Pradesh,23.2,87
2020-05-31,Arunachal Pradesh,24.6,79
2020-06-01,Arunachal Pradesh,23.8,87
2020-06-02,Arunachal Pradesh,24.1,90
2020-06-03,Arunachal Pradesh,21.9,95
2020-06-04,Arunachal Pradesh,22.0,93
2020-06-05,Arunachal Pradesh,22.8,91
2020-06-06,Arunachal Pradesh,22.4,95
2020-06-07,Arunachal Pradesh,24.1,90
2020-06-08,Arunachal Pradesh,25.2,88
2020-06-09,Arunachal Pradesh,26.9,78
2020-06-10,Arunachal Pradesh,27.1,81
2020-06-11,Arunachal Pradesh,25.9,86
2020-06-12,Arunachal Pradesh,25.2,90
2020-06-13,Arunachal Pradesh,25.5,91
2020-06-14,Arunachal Pradesh,26.4,90
2020-06-15,Arunachal Pradesh,26.9,88
2020-06-16,Arunachal Pradesh,26.5,90
2020-06-17,Arunachal Pradesh,25.8,90
2020-06-18,Arunachal Pradesh,25.8,90
2020-06-19,Arunachal Pradesh,27.1,82
2020-06-20,Arunachal Pradesh,26.3,92
2020-06-21,Arunachal Pradesh,26.5,91
2020-06-22,Arunachal Pradesh,27.4,84
2020-06-23,Arunachal Pradesh,26.7,88
2020-06-24,Arunachal Pradesh,26.0,91
2020-06-25,Arunachal Pradesh,24.8,94
2020-06-26,Arunachal Pradesh,24.5,95
2020-06-27,Arunachal Pradesh,24.5,93
2020-06-28,Arunachal Pradesh,24.5,92
2020-06-29,Arunachal Pradesh,26.4,87
2020-06-30,Arunachal Pradesh,27.3,79
2020-07-01,Arunachal Pradesh,26.5,87
2020-07-02,Arunachal Pradesh,25.7,94
2020-07-03,Arunachal Pradesh,26.3,88
2020-07-04,Arunachal Pradesh,26.3,89
2020-07-05,Arunachal Pradesh,26.0,90
2020-07-06,Arunachal Pradesh,26.4,86
2020-07-07,Arunachal Pradesh,27.2,84
2020-07-08,Arunachal Pradesh,27.2,88
2020-07-09,Arunachal Pradesh,25.6,95
2020-07-10,Arunachal Pradesh,25.0,96
2020-07-11,Arunachal Pradesh,25.0,94
2020-07-12,Arunachal Pradesh,24.8,95
2020-07-13,Arunachal Pradesh,26.3,90
2020-07-14,Arunachal Pradesh,25.9,93
2020-07-15,Arunachal Pradesh,26.0,92
2020-07-16,Arunachal Pradesh,26.1,91
2020-07-17,Arunachal Pradesh,26.5,86
2020-07-18,Arunachal Pradesh,25.8,92
2020-07-19,Arunachal Pradesh,25.5,93
2020-07-20,Arunachal Pradesh,25.4,92
2020-07-21,Arunachal Pradesh,24.9,95
2020-07-22,Arunachal Pradesh,25.1,93
2020-07-23,Arunachal Pradesh,25.9,89
2020-07-24,Arunachal Pradesh,25.5,92
2020-07-25,Arunachal Pradesh,26.5,88
2020-07-26,Arunachal Pradesh,26.2,92
2020-07-27,Arunachal Pradesh,25.8,93
2020-07-28,Arunachal Pradesh,25.9,89
2020-07-29,Arunachal Pradesh,25.4,93
2020-07-30,Arunachal Pradesh,24.7,96
2020-07-31,Arunachal Pradesh,25.7,88
2020-08-01,Arunachal Pradesh,27.2,83
2020-08-02,Arunachal Pradesh,27.8,84
2020-08-03,Arunachal Pradesh,29.0,81
2020-08-04,Arunachal Pradesh,30.6,74
2020-08-05,Arunachal Pradesh,30.0,75
2020-08-06,Arunachal Pradesh,29.6,78
2020-08-07,Arunachal Pradesh,28.1,87
2020-08-08,Arunachal Pradesh,26.8,94
2020-08-09,Arunachal Pradesh,26.5,93
2020-08-10,Arunachal Pradesh,26.0,92
2020-08-11,Arunachal Pradesh,26.0,94
2020-08-12,Arunachal Pradesh,26.3,92
2020-08-13,Arunachal Pradesh,26.7,90
2020-08-14,Arunachal Pradesh,26.3,89
2020-08-15,Arunachal Pradesh,26.0,88
2020-08-16,Arunachal Pradesh,26.3,86
2020-08-17,Arunachal Pradesh,26.0,88
2020-08-18,Arunachal Pradesh,25.6,92
2020-08-19,Arunachal Pradesh,27.5,82
2020-08-20,Arunachal Pradesh,27.2,81
2020-08-21,Arunachal Pradesh,25.9,91
2020-08-22,Arunachal Pradesh,26.4,89
2020-08-23,Arunachal Pradesh,26.4,91
2020-08-24,Arunachal Pradesh,26.7,93
2020-08-25,Arunachal Pradesh,28.1,83
2020-08-26,Arunachal Pradesh,27.9,85
2020-08-27,Arunachal Pradesh,26.4,89
2020-08-28,Arunachal Pradesh,26.8,83
2020-08-29,Arunachal Pradesh,25.8,91
2020-08-30,Arunachal Pradesh,25.7,91
2020-08-31,Arunachal Pradesh,25.9,91
2020-09-01,Arunachal Pradesh,26.9,88
2020-09-02,Arunachal Pradesh,27.9,80
2020-09-03,Arunachal Pradesh,27.1,87
2020-09-04,Arunachal Pradesh,26.4,90
2020-09-05,Arunachal Pradesh,25.7,91
2020-09-06,Arunachal Pradesh,24.9,96
2020-09-07,Arunachal Pradesh,25.6,91
2020-09-08,Arunachal Pradesh,26.4,85
2020-09-09,Arunachal Pradesh,26.8,83
2020-09-10,Arunachal Pradesh,26.2,89
2020-09-11,Arunachal Pradesh,25.6,93
2020-09-12,Arunachal Pradesh,25.6,93
2020-09-13,Arunachal Pradesh,25.1,95
2020-09-14,Arunachal Pradesh,25.5,92
2020-09-15,Arunachal Pradesh,25.5,87
2020-09-16,Arunachal Pradesh,24.9,92
2020-09-17,Arunachal Pradesh,25.2,93
2020-09-18,Arunachal Pradesh,26.0,88
2020-09-19,Arunachal Pradesh,27.7,80
2020-09-20,Arunachal Pradesh,28.9,75
2020-09-21,Arunachal Pradesh,27.6,83
2020-09-22,Arunachal Pradesh,24.8,96
2020-09-23,Arunachal Pradesh,25.3,90
2020-09-24,Arunachal Pradesh,25.2,92
2020-09-25,Arunachal Pradesh,24.8,93
2020-09-26,Arunachal Pradesh,25.2,90
2020-09-27,Arunachal Pradesh,24.6,96
2020-09-28,Arunachal Pradesh,25.4,89
2020-09-29,Arunachal Pradesh,25.4,88
2020-09-30,Arunachal Pradesh,26.3,81
2020-10-01,Arunachal Pradesh,26.2,82
2020-10-02,Arunachal Pradesh,25.5,89
2020-10-03,Arunachal Pradesh,24.9,89
2020-10-04,Arunachal Pradesh,25.0,91
2020-10-05,Arunachal Pradesh,25.2,89
2020-10-06,Arunachal Pradesh,24.6,95
2020-10-07,Arunachal Pradesh,24.6,94
2020-10-08,Arunachal Pradesh,24.9,91
2020-10-09,Arunachal Pradesh,26.0,83
2020-10-10,Arunachal Pradesh,26.2,80
2020-10-11,Arunachal Pradesh,25.3,86
2020-10-12,Arunachal Pradesh,25.0,82
2020-10-13,Arunachal Pradesh,25.3,79
2020-10-14,Arunachal Pradesh,25.5,79
2020-10-15,Arunachal Pradesh,25.6,78
2020-10-16,Arunachal Pradesh,25.9,78
2020-10-17,Arunachal Pradesh,25.5,77
2020-10-18,Arunachal Pradesh,25.5,76
2020-10-19,Arunachal Pradesh,24.4,81
2020-10-20,Arunachal Pradesh,24.0,81
2020-10-21,Arunachal Pradesh,23.8,79
2020-10-22,Arunachal Pradesh,24.3,76
2020-10-23,Arunachal Pradesh,21.9,95
2020-10-24,Arunachal Pradesh,21.3,97
2020-10-25,Arunachal Pradesh,22.9,88
2020-10-26,Arunachal Pradesh,23.0,84
2020-10-27,Arunachal Pradesh,22.7,82
2020-10-28,Arunachal Pradesh,22.6,78
2020-10-29,Arunachal Pradesh,22.8,74
2020-10-30,Arunachal Pradesh,23.3,71
2020-10-31,Arunachal Pradesh,24.5,67
2020-11-01,Arunachal Pradesh,23.6,82
2020-11-02,Arunachal Pradesh,23.0,85
2020-11-03,Arunachal Pradesh,22.7,89
2020-11-04,Arunachal Pradesh,22.3,88
2020-11-05,Arunachal Pradesh,20.3,82
2020-11-06,Arunachal Pradesh,19.8,77
2020-11-07,Arunachal Pradesh,19.6,74
2020-11-08,Arunachal Pradesh,19.9,71
2020-11-09,Arunachal Pradesh,19.8,69
2020-11-10,Arunachal Pradesh,20.1,68
2020-11-11,Arunachal Pradesh,20.2,70
2020-11-12,Arunachal Pradesh,20.1,69
2020-11-13,Arunachal Pradesh,20.4,71
2020-11-14,Arunachal Pradesh,20.1,71
2020-11-15,Arunachal Pradesh,19.8,69
2020-11-16,Arunachal Pradesh,19.9,66
2020-11-17,Arunachal Pradesh,19.3,71
2020-11-18,Arunachal Pradesh,17.7,84
2020-11-19,Arunachal Pradesh,17.6,86
2020-11-20,Arunachal Pradesh,16.7,91
2020-11-21,Arunachal Pradesh,17.1,88
2020-11-22,Arunachal Pradesh,16.8,88
2020-11-23,Arunachal Pradesh,15.9,80
2020-11-24,Arunachal Pradesh,16.5,71
2020-11-25,Arunachal Pradesh,16.9,70
2020-11-26,Arunachal Pradesh,17.2,69
2020-11-27,Arunachal Pradesh,17.7,70
2020-11-28,Arunachal Pradesh,18.7,73
2020-11-29,Arunachal Pradesh,18.3,74
2020-11-30,Arunachal Pradesh,18.4,63
2020-12-01,Arunachal Pradesh,18.3,67
2020-12-02,Arunachal Pradesh,18.4,67
2020-12-03,Arunachal Pradesh,17.9,71
2020-12-04,Arunachal Pradesh,17.6,73
2020-12-05,Arunachal Pradesh,16.9,77
2019-01-02,Assam,15.1,84
2019-01-03,Assam,15.5,82
2019-01-04,Assam,14.9,82
2019-01-05,Assam,14.8,78
2019-01-06,Assam,14.9,82
2019-01-07,Assam,15.4,82
2019-01-08,Assam,16.1,81
2019-01-09,Assam,15.9,84
2019-01-10,Assam,15.8,82
2019-01-11,Assam,15.6,82
2019-01-12,Assam,15.6,81
2019-01-13,Assam,15.8,81
2019-01-14,Assam,16.4,79
2019-01-15,Assam,16.3,80
2019-01-16,Assam,15.1,85
2019-01-17,Assam,15.6,81
2019-01-18,Assam,16.0,79
2019-01-19,Assam,15.5,80
2019-01-20,Assam,16.3,79
2019-01-21,Assam,16.4,81
2019-01-22,Assam,16.6,81
2019-01-23,Assam,16.5,79
2019-01-24,Assam,16.9,80
2019-01-25,Assam,18.3,75
2019-01-26,Assam,18.0,78
2019-01-27,Assam,18.8,80
2019-01-28,Assam,18.6,78
2019-01-29,Assam,17.4,84
2019-01-30,Assam,16.2,81
2019-01-31,Assam,16.3,79
2019-02-01,Assam,16.1,78
2019-02-02,Assam,17.0,76
2019-02-03,Assam,17.7,75
2019-02-04,Assam,18.2,70
2019-02-05,Assam,17.5,73
2019-02-06,Assam,18.1,73
2019-02-07,Assam,18.7,74
2019-02-08,Assam,19.8,70
2019-02-09,Assam,19.2,80
2019-02-10,Assam,17.7,86
2019-02-11,Assam,17.6,79
2019-02-12,Assam,18.0,75
2019-02-13,Assam,19.2,73
2019-02-14,Assam,19.6,72
2019-02-15,Assam,19.6,74
2019-02-16,Assam,19.1,81
2019-02-17,Assam,17.5,87
2019-02-18,Assam,15.8,91
2019-02-19,Assam,16.6,83
2019-02-20,Assam,15.9,86
2019-02-21,Assam,17.8,85
2019-02-22,Assam,19.0,83
2019-02-23,Assam,19.2,87
2019-02-24,Assam,19.8,84
2019-02-25,Assam,18.8,85
2019-02-26,Assam,18.2,85
2019-02-27,Assam,17.8,86
2019-02-28,Assam,17.3,88
2019-03-01,Assam,17.0,83
2019-03-02,Assam,17.4,80
2019-03-03,Assam,18.3,76
2019-03-04,Assam,18.6,83
2019-03-05,Assam,18.2,85
2019-03-06,Assam,18.1,84
2019-03-07,Assam,18.4,83
2019-03-08,Assam,18.3,81
2019-03-09,Assam,18.7,81
2019-03-10,Assam,18.7,83
2019-03-11,Assam,18.7,86
2019-03-12,Assam,19.5,85
2019-03-13,Assam,20.2,88
2019-03-14,Assam,22.6,81
2019-03-15,Assam,22.7,83
2019-03-16,Assam,23.0,76
2019-03-17,Assam,21.9,77
2019-03-18,Assam,22.3,82
2019-03-19,Assam,20.2,82
2019-03-20,Assam,20.0,83
2019-03-21,Assam,20.0,80
2019-03-22,Assam,19.7,86
2019-03-23,Assam,19.8,86
2019-03-24,Assam,21.5,79
2019-03-25,Assam,22.9,79
2019-03-26,Assam,22.9,78
2019-03-27,Assam,21.2,85
2019-03-28,Assam,21.5,79
2019-03-29,Assam,22.9,80
2019-03-30,Assam,23.8,79
2019-03-31,Assam,21.2,90
2019-04-01,Assam,21.3,84
2019-04-02,Assam,20.3,87
2019-04-03,Assam,20.5,79
2019-04-04,Assam,20.8,78
2019-04-05,Assam,21.6,81
2019-04-06,Assam,24.0,79
2019-04-07,Assam,21.3,93
2019-04-08,Assam,21.6,86
2019-04-09,Assam,21.9,87
2019-04-10,Assam,22.4,84
2019-04-11,Assam,23.6,82
2019-04-12,Assam,25.6,78
2019-04-13,Assam,26.5,81
2019-04-14,Assam,24.9,85
2019-04-15,Assam,24.0,87
2019-04-16,Assam,24.0,88
2019-04-17,Assam,23.8,88
2019-04-18,Assam,24.0,86
2019-04-19,Assam,24.0,84
2019-04-20,Assam,23.4,84
2019-04-21,Assam,23.2,85
2019-04-22,Assam,24.5,82
2019-04-23,Assam,25.2,80
2019-04-24,Assam,26.2,76
2019-04-25,Assam,27.2,76
2019-04-26,Assam,27.2,80
2019-04-27,Assam,26.5,85
2019-04-28,Assam,24.8,90
2019-04-29,Assam,23.1,93
2019-04-30,Assam,22.2,95
2019-05-01,Assam,21.8,94
2019-05-02,Assam,24.1,88
2019-05-03,Assam,24.2,89
2019-05-04,Assam,25.1,84
2019-05-05,Assam,24.5,86
2019-05-06,Assam,26.0,83
2019-05-07,Assam,23.0,84
2019-05-08,Assam,23.3,86
2019-05-09,Assam,23.2,89
2019-05-10,Assam,23.2,91
2019-05-11,Assam,24.0,92
2019-05-12,Assam,24.8,87
2019-05-13,Assam,24.4,87
2019-05-14,Assam,23.7,87
2019-05-15,Assam,23.5,88
2019-05-16,Assam,24.5,87
2019-05-17,Assam,23.9,92
2019-05-18,Assam,23.5,93
2019-05-19,Assam,25.7,86
2019-05-20,Assam,25.2,85
2019-05-21,Assam,25.5,86
2019-05-22,Assam,25.3,88
2019-05-23,Assam,23.9,92
2019-05-24,Assam,24.3,88
2019-05-25,Assam,25.4,83
2019-05-26,Assam,26.6,83
2019-05-27,Assam,25.5,87
2019-05-28,Assam,27.0,85
2019-05-29,Assam,28.0,83
2019-05-30,Assam,27.1,84
2019-05-31,Assam,26.5,85
2019-06-01,Assam,27.0,81
2019-06-02,Assam,27.8,82
2019-06-03,Assam,27.3,83
2019-06-04,Assam,26.2,84
2019-06-05,Assam,26.6,84
2019-06-06,Assam,28.2,82
2019-06-07,Assam,27.4,88
2019-06-08,Assam,27.7,84
2019-06-09,Assam,27.3,88
2019-06-10,Assam,27.5,87
2019-06-11,Assam,28.3,85
2019-06-12,Assam,29.5,82
2019-06-13,Assam,30.0,80
2019-06-14,Assam,27.0,92
2019-06-15,Assam,27.7,89
2019-06-16,Assam,27.8,90
2019-06-17,Assam,28.0,89
2019-06-18,Assam,28.4,84
2019-06-19,Assam,29.3,83
2019-06-20,Assam,29.1,86
2019-06-21,Assam,27.5,91
2019-06-22,Assam,28.4,88
2019-06-23,Assam,29.2,85
2019-06-24,Assam,29.7,82
2019-06-25,Assam,28.8,84
2019-06-26,Assam,27.7,89
2019-06-27,Assam,26.4,92
2019-06-28,Assam,26.6,89
2019-06-29,Assam,28.1,85
2019-06-30,Assam,30.1,80
2019-07-01,Assam,30.3,82
2019-07-02,Assam,28.8,84
2019-07-03,Assam,27.5,90
2019-07-04,Assam,29.3,84
2019-07-05,Assam,28.2,89
2019-07-06,Assam,28.2,90
2019-07-07,Assam,28.4,87
2019-07-08,Assam,27.3,91
2019-07-09,Assam,26.5,93
2019-07-10,Assam,26.7,91
2019-07-11,Assam,26.4,92
2019-07-12,Assam,27.5,84
2019-07-13,Assam,26.9,89
2019-07-14,Assam,26.9,88
2019-07-15,Assam,26.3,92
2019-07-16,Assam,26.9,90
2019-07-17,Assam,27.4,88
2019-07-18,Assam,29.3,81
2019-07-19,Assam,29.2,84
2019-07-20,Assam,29.2,83
2019-07-21,Assam,28.8,85
2019-07-22,Assam,27.3,91
2019-07-23,Assam,27.3,89
2019-07-24,Assam,27.4,90
2019-07-25,Assam,27.6,90
2019-07-26,Assam,26.3,94
2019-07-27,Assam,27.5,90
2019-07-28,Assam,29.0,83
2019-07-29,Assam,28.1,84
2019-07-30,Assam,26.9,91
2019-07-31,Assam,26.4,92
2019-08-01,Assam,27.0,88
2019-08-02,Assam,28.6,86
2019-08-03,Assam,28.8,84
2019-08-04,Assam,28.1,87
2019-08-05,Assam,30.3,82
2019-08-06,Assam,31.7,75
2019-08-07,Assam,30.7,76
2019-08-08,Assam,28.2,86
2019-08-09,Assam,29.6,82
2019-08-10,Assam,27.8,90
2019-08-11,Assam,30.1,83
2019-08-12,Assam,31.1,83
2019-08-13,Assam,29.2,86
2019-08-14,Assam,28.1,86
2019-08-15,Assam,27.7,87
2019-08-16,Assam,28.1,89
2019-08-17,Assam,29.3,83
2019-08-18,Assam,28.3,85
2019-08-19,Assam,29.0,78
2019-08-20,Assam,28.7,82
2019-08-21,Assam,29.1,85
2019-08-22,Assam,29.7,82
2019-08-23,Assam,27.9,90
2019-08-24,Assam,29.4,83
2019-08-25,Assam,30.3,78
2019-08-26,Assam,30.9,78
2019-08-27,Assam,29.5,82
2019-08-28,Assam,27.9,87
2019-08-29,Assam,30.0,82
2019-08-30,Assam,27.9,89
2019-08-31,Assam,28.3,90
2019-09-01,Assam,30.5,82
2019-09-02,Assam,30.5,83
2019-09-03,Assam,30.3,80
2019-09-04,Assam,27.6,88
2019-09-05,Assam,26.6,92
2019-09-06,Assam,27.9,86
2019-09-07,Assam,28.1,87
2019-09-08,Assam,27.8,90
2019-09-09,Assam,27.9,90
2019-09-10,Assam,27.3,91
2019-09-11,Assam,27.2,93
2019-09-12,Assam,26.5,94
2019-09-13,Assam,26.6,92
2019-09-14,Assam,27.4,87
2019-09-15,Assam,27.7,88
2019-09-16,Assam,26.9,93
2019-09-17,Assam,26.8,91
2019-09-18,Assam,27.0,92
2019-09-19,Assam,28.0,87
2019-09-20,Assam,28.1,84
2019-09-21,Assam,28.1,86
2019-09-22,Assam,26.3,92
2019-09-23,Assam,24.2,96
2019-09-24,Assam,23.8,93
2019-09-25,Assam,24.3,87
2019-09-26,Assam,25.8,85
2019-09-27,Assam,25.4,88
2019-09-28,Assam,26.6,84
2019-09-29,Assam,25.1,92
2019-09-30,Assam,24.5,94
2019-10-01,Assam,24.2,92
2019-10-02,Assam,25.8,89
2019-10-03,Assam,26.2,88
2019-10-04,Assam,25.7,92
2019-10-05,Assam,25.8,90
2019-10-06,Assam,27.0,87
2019-10-07,Assam,25.1,92
2019-10-08,Assam,25.2,94
2019-10-09,Assam,25.0,92
2019-10-10,Assam,24.6,90
2019-10-11,Assam,24.6,89
2019-10-12,Assam,25.1,88
2019-10-13,Assam,25.6,84
2019-10-14,Assam,26.2,83
2019-10-15,Assam,26.5,84
2019-10-16,Assam,26.0,83
2019-10-17,Assam,25.6,86
2019-10-18,Assam,25.7,87
2019-10-19,Assam,25.9,86
2019-10-20,Assam,25.6,86
2019-10-21,Assam,24.5,91
2019-10-22,Assam,24.4,90
2019-10-23,Assam,23.8,86
2019-10-24,Assam,21.3,92
2019-10-25,Assam,19.5,91
2019-10-26,Assam,19.6,93
2019-10-27,Assam,21.7,87
2019-10-28,Assam,23.1,86
2019-10-29,Assam,24.1,86
2019-10-30,Assam,24.3,88
2019-10-31,Assam,23.8,89
2019-11-01,Assam,23.6,79
2019-11-02,Assam,24.2,81
2019-11-03,Assam,24.0,85
2019-11-04,Assam,23.8,88
2019-11-05,Assam,23.2,86
2019-11-06,Assam,23.2,85
2019-11-07,Assam,23.4,87
2019-11-08,Assam,24.0,85
2019-11-09,Assam,22.4,95
2019-11-10,Assam,22.3,93
2019-11-11,Assam,21.8,89
2019-11-12,Assam,22.7,86
2019-11-13,Assam,23.4,86
2019-11-14,Assam,24.0,87
2019-11-15,Assam,23.7,87
2019-11-16,Assam,22.9,85
2019-11-17,Assam,22.7,89
2019-11-18,Assam,22.2,89
2019-11-19,Assam,21.5,89
2019-11-20,Assam,20.8,85
2019-11-21,Assam,21.1,85
2019-11-22,Assam,21.0,87
2019-11-23,Assam,20.6,88
2019-11-24,Assam,20.8,87
2019-11-25,Assam,21.5,86
2019-11-26,Assam,21.3,84
2019-11-27,Assam,21.1,85
2019-11-28,Assam,20.8,85
2019-11-29,Assam,20.8,85
2019-11-30,Assam,19.9,81
2019-12-01,Assam,19.2,86
2019-12-02,Assam,18.4,85
2019-12-03,Assam,18.4,83
2019-12-04,Assam,18.8,83
2019-12-05,Assam,18.1,84
2019-12-06,Assam,17.6,83
2019-12-07,Assam,17.0,82
2019-12-08,Assam,17.2,79
2019-12-09,Assam,17.4,82
2019-12-10,Assam,17.4,86
2019-12-11,Assam,16.5,91
2019-12-12,Assam,17.7,83
2019-12-13,Assam,17.7,82
2019-12-14,Assam,17.6,86
2019-12-15,Assam,18.2,81
2019-12-16,Assam,18.1,82
2019-12-17,Assam,17.6,85
2019-12-18,Assam,17.3,84
2019-12-19,Assam,16.6,83
2019-12-20,Assam,16.2,86
2019-12-21,Assam,16.7,86
2019-12-22,Assam,16.3,87
2019-12-23,Assam,16.6,84
2019-12-24,Assam,15.7,87
2019-12-25,Assam,15.6,84
2019-12-26,Assam,15.5,84
2019-12-27,Assam,15.1,88
2019-12-28,Assam,15.0,86
2019-12-29,Assam,14.6,85
2019-12-30,Assam,14.7,83
2019-12-31,Assam,15.1,81
2020-01-01,Assam,16.5,77
2020-01-02,Assam,16.1,83
2020-01-03,Assam,14.7,92
2020-01-04,Assam,15.8,89
2020-01-05,Assam,15.8,90
2020-01-06,Assam,14.5,87
2020-01-07,Assam,14.4,88
2020-01-08,Assam,14.7,88
2020-01-09,Assam,14.8,91
2020-01-10,Assam,15.3,87
2020-01-11,Assam,14.7,88
2020-01-12,Assam,14.8,89
2020-01-13,Assam,15.9,86
2020-01-14,Assam,16.0,86
2020-01-15,Assam,16.8,86
2020-01-16,Assam,17.5,86
2020-01-17,Assam,18.0,82
2020-01-18,Assam,17.4,85
2020-01-19,Assam,17.7,86
2020-01-20,Assam,17.2,89
2020-01-21,Assam,16.4,86
2020-01-22,Assam,15.9,85
2020-01-23,Assam,15.2,84
2020-01-24,Assam,14.2,84
2020-01-25,Assam,13.3,85
2020-01-26,Assam,14.1,81
2020-01-27,Assam,15.8,80
2020-01-28,Assam,15.2,81
2020-01-29,Assam,15.5,82
2020-01-30,Assam,16.1,88
2020-01-31,Assam,15.6,86
2020-02-01,Assam,16.1,85
2020-02-02,Assam,15.5,89
2020-02-03,Assam,15.3,85
2020-02-04,Assam,14.9,85
2020-02-05,Assam,15.4,87
2020-02-06,Assam,15.7,86
2020-02-07,Assam,16.8,80
2020-02-08,Assam,17.7,77
2020-02-09,Assam,18.1,83
2020-02-10,Assam,17.8,82
2020-02-11,Assam,18.3,81
2020-02-12,Assam,18.4,83
2020-02-13,Assam,19.3,82
2020-02-14,Assam,19.3,81
2020-02-15,Assam,18.8,84
2020-02-16,Assam,19.8,83
2020-02-17,Assam,19.7,84
2020-02-18,Assam,18.5,90
2020-02-19,Assam,18.4,85
2020-02-20,Assam,18.7,83
2020-02-21,Assam,19.3,78
2020-02-22,Assam,19.7,82
2020-02-23,Assam,19.7,82
2020-02-24,Assam,20.1,73
2020-02-25,Assam,20.1,77
2020-02-26,Assam,19.0,82
2020-02-27,Assam,17.5,88
2020-02-28,Assam,18.4,83
2020-02-29,Assam,19.2,82
2020-03-01,Assam,20.2,81
2020-03-02,Assam,20.1,78
2020-03-03,Assam,19.2,82
2020-03-04,Assam,19.0,84
2020-03-05,Assam,19.0,81
2020-03-06,Assam,19.4,81
2020-03-07,Assam,19.4,86
2020-03-08,Assam,19.2,88
2020-03-09,Assam,19.0,87
2020-03-10,Assam,20.1,85
2020-03-11,Assam,20.7,85
2020-03-12,Assam,20.5,81
2020-03-13,Assam,21.6,77
2020-03-14,Assam,22.4,78
2020-03-15,Assam,23.3,80
2020-03-16,Assam,22.0,85
2020-03-17,Assam,21.8,81
2020-03-18,Assam,22.1,76
2020-03-19,Assam,21.5,79
2020-03-20,Assam,21.8,75
2020-03-21,Assam,20.9,77
2020-03-22,Assam,21.5,76
2020-03-23,Assam,21.7,80
2020-03-24,Assam,21.7,80
2020-03-25,Assam,22.9,78
2020-03-26,Assam,23.4,80
2020-03-27,Assam,25.0,79
2020-03-28,Assam,24.9,82
2020-03-29,Assam,24.9,79
2020-03-30,Assam,24.4,69
2020-03-31,Assam,24.1,73
2020-04-01,Assam,24.7,70
2020-04-02,Assam,22.5,74
2020-04-03,Assam,22.2,75
2020-04-04,Assam,22.4,72
2020-04-05,Assam,23.0,64
2020-04-06,Assam,23.3,64
2020-04-07,Assam,23.1,68
2020-04-08,Assam,23.6,70
2020-04-09,Assam,22.9,77
2020-04-10,Assam,21.5,78
2020-04-11,Assam,23.2,75
2020-04-12,Assam,23.2,79
2020-04-13,Assam,25.0,76
2020-04-14,Assam,26.2,73
2020-04-15,Assam,26.0,76
2020-04-16,Assam,24.5,80
2020-04-17,Assam,23.8,83
2020-04-18,Assam,23.1,86
2020-04-19,Assam,22.2,89
2020-04-20,Assam,21.8,86
2020-04-21,Assam,22.8,85
2020-04-22,Assam,21.2,90
2020-04-23,Assam,21.3,86
2020-04-24,Assam,20.4,87
2020-04-25,Assam,21.2,84
2020-04-26,Assam,23.2,81
2020-04-27,Assam,24.7,81
2020-04-28,Assam,24.4,79
2020-04-29,Assam,22.8,89
2020-04-30,Assam,23.6,83
2020-05-01,Assam,24.9,81
2020-05-02,Assam,26.0,80
2020-05-03,Assam,25.0,87
2020-05-04,Assam,25.9,81
2020-05-05,Assam,25.4,85
2020-05-06,Assam,25.1,87
2020-05-07,Assam,24.7,86
2020-05-08,Assam,24.1,85
2020-05-09,Assam,25.3,81
2020-05-10,Assam,26.7,78
2020-05-11,Assam,27.5,80
2020-05-12,Assam,25.8,86
2020-05-13,Assam,23.3,90
2020-05-14,Assam,23.3,87
2020-05-15,Assam,24.8,84
2020-05-16,Assam,24.6,90
2020-05-17,Assam,23.8,86
2020-05-18,Assam,26.6,82
2020-05-19,Assam,27.7,81
2020-05-20,Assam,26.6,84
2020-05-21,Assam,23.7,88
2020-05-22,Assam,24.6,87
2020-05-23,Assam,24.5,90
2020-05-24,Assam,25.3,89
2020-05-25,Assam,24.0,94
2020-05-26,Assam,23.2,95
2020-05-27,Assam,24.0,88
2020-05-28,Assam,25.3,83
2020-05-29,Assam,25.5,87
2020-05-30,Assam,24.6,88
2020-05-31,Assam,26.2,82
2020-06-01,Assam,25.9,86
2020-06-02,Assam,25.5,90
2020-06-03,Assam,24.1,90
2020-06-04,Assam,23.5,93
2020-06-05,Assam,25.1,88
2020-06-06,Assam,24.5,93
2020-06-07,Assam,26.5,88
2020-06-08,Assam,27.3,85
2020-06-09,Assam,29.0,81
2020-06-10,Assam,28.5,85
2020-06-11,Assam,27.6,88
2020-06-12,Assam,27.0,90
2020-06-13,Assam,27.2,90
2020-06-14,Assam,28.1,87
2020-06-15,Assam,28.5,89
2020-06-16,Assam,27.9,88
2020-06-17,Assam,27.3,91
2020-06-18,Assam,27.6,90
2020-06-19,Assam,29.0,85
2020-06-20,Assam,28.7,87
2020-06-21,Assam,28.5,87
2020-06-22,Assam,29.2,83
2020-06-23,Assam,29.0,82
2020-06-24,Assam,27.5,88
2020-06-25,Assam,27.0,91
2020-06-26,Assam,26.3,92
2020-06-27,Assam,26.3,92
2020-06-28,Assam,26.2,92
2020-06-29,Assam,28.2,86
2020-06-30,Assam,28.9,84
2020-07-01,Assam,28.4,86
2020-07-02,Assam,27.1,91
2020-07-03,Assam,28.1,88
2020-07-04,Assam,28.0,89
2020-07-05,Assam,27.8,89
2020-07-06,Assam,28.4,87
2020-07-07,Assam,29.0,86
2020-07-08,Assam,29.0,86
2020-07-09,Assam,27.9,87
2020-07-10,Assam,26.7,87
2020-07-11,Assam,26.6,93
2020-07-12,Assam,27.1,92
2020-07-13,Assam,28.2,87
2020-07-14,Assam,27.4,91
2020-07-15,Assam,27.9,88
2020-07-16,Assam,28.3,85
2020-07-17,Assam,28.5,85
2020-07-18,Assam,27.6,89
2020-07-19,Assam,27.7,87
2020-07-20,Assam,27.0,92
2020-07-21,Assam,26.3,93
2020-07-22,Assam,26.9,90
2020-07-23,Assam,26.6,92
2020-07-24,Assam,26.6,91
2020-07-25,Assam,27.8,88
2020-07-26,Assam,27.6,90
2020-07-27,Assam,27.4,90
2020-07-28,Assam,27.7,89
2020-07-29,Assam,27.1,89
2020-07-30,Assam,26.7,86
2020-07-31,Assam,27.9,87
2020-08-01,Assam,28.8,86
2020-08-02,Assam,29.8,84
2020-08-03,Assam,31.0,79
2020-08-04,Assam,32.2,77
2020-08-05,Assam,31.2,79
2020-08-06,Assam,31.4,76
2020-08-07,Assam,29.2,86
2020-08-08,Assam,28.3,89
2020-08-09,Assam,27.6,92
2020-08-10,Assam,27.3,92
2020-08-11,Assam,27.9,89
2020-08-12,Assam,27.8,90
2020-08-13,Assam,28.4,88
2020-08-14,Assam,27.9,90
2020-08-15,Assam,27.5,91
2020-08-16,Assam,27.1,91
2020-08-17,Assam,27.4,90
2020-08-18,Assam,27.3,87
2020-08-19,Assam,28.7,83
2020-08-20,Assam,28.4,85
2020-08-21,Assam,27.6,84
2020-08-22,Assam,28.2,86
2020-08-23,Assam,27.9,88
2020-08-24,Assam,28.5,88
2020-08-25,Assam,29.7,83
2020-08-26,Assam,29.1,80
2020-08-27,Assam,28.4,84
2020-08-28,Assam,28.6,83
2020-08-29,Assam,27.8,86
2020-08-30,Assam,27.7,85
2020-08-31,Assam,27.1,91
2020-09-01,Assam,28.5,86
2020-09-02,Assam,29.2,82
2020-09-03,Assam,28.7,86
2020-09-04,Assam,28.1,86
2020-09-05,Assam,27.7,89
2020-09-06,Assam,27.2,91
2020-09-07,Assam,27.2,91
2020-09-08,Assam,28.1,85
2020-09-09,Assam,28.1,89
2020-09-10,Assam,27.8,90
2020-09-11,Assam,26.8,92
2020-09-12,Assam,27.1,91
2020-09-13,Assam,26.9,92
2020-09-14,Assam,27.2,91
2020-09-15,Assam,27.3,90
2020-09-16,Assam,27.2,89
2020-09-17,Assam,26.9,91
2020-09-18,Assam,27.5,87
2020-09-19,Assam,29.2,83
2020-09-20,Assam,30.6,81
2020-09-21,Assam,28.9,85
2020-09-22,Assam,26.1,94
2020-09-23,Assam,26.5,92
2020-09-24,Assam,27.1,90
2020-09-25,Assam,26.4,89
2020-09-26,Assam,26.9,89
2020-09-27,Assam,26.0,92
2020-09-28,Assam,27.0,88
2020-09-29,Assam,27.5,87
2020-09-30,Assam,28.4,85
2020-10-01,Assam,28.0,86
2020-10-02,Assam,26.9,89
2020-10-03,Assam,26.7,89
2020-10-04,Assam,27.0,89
2020-10-05,Assam,26.9,90
2020-10-06,Assam,26.5,91
2020-10-07,Assam,26.5,92
2020-10-08,Assam,27.1,88
2020-10-09,Assam,28.4,83
2020-10-10,Assam,29.1,82
2020-10-11,Assam,28.3,85
2020-10-12,Assam,27.7,85
2020-10-13,Assam,28.3,82
2020-10-14,Assam,28.3,83
2020-10-15,Assam,28.2,84
2020-10-16,Assam,28.3,82
2020-10-17,Assam,28.2,83
2020-10-18,Assam,28.0,81
2020-10-19,Assam,26.2,88
2020-10-20,Assam,26.0,88
2020-10-21,Assam,26.0,85
2020-10-22,Assam,26.0,86
2020-10-23,Assam,23.1,94
2020-10-24,Assam,22.0,94
2020-10-25,Assam,24.2,87
2020-10-26,Assam,25.0,87
2020-10-27,Assam,25.3,84
2020-10-28,Assam,25.8,81
2020-10-29,Assam,25.5,84
2020-10-30,Assam,24.8,87
2020-10-31,Assam,25.7,85
2020-11-01,Assam,25.2,86
2020-11-02,Assam,25.2,89
2020-11-03,Assam,24.3,89
2020-11-04,Assam,24.2,89
2020-11-05,Assam,22.8,86
2020-11-06,Assam,22.7,82
2020-11-07,Assam,22.0,86
2020-11-08,Assam,21.9,87
2020-11-09,Assam,21.6,85
2020-11-10,Assam,21.3,87
2020-11-11,Assam,21.7,88
2020-11-12,Assam,22.1,85
2020-11-13,Assam,21.9,87
2020-11-14,Assam,21.6,87
2020-11-15,Assam,21.6,86
2020-11-16,Assam,21.7,84
2020-11-17,Assam,20.7,86
2020-11-18,Assam,20.2,88
2020-11-19,Assam,19.4,88
2020-11-20,Assam,19.1,85
2020-11-21,Assam,19.2,85
2020-11-22,Assam,19.2,92
2020-11-23,Assam,18.5,86
2020-11-24,Assam,17.6,86
2020-11-25,Assam,17.6,87
2020-11-26,Assam,18.1,88
2020-11-27,Assam,18.5,87
2020-11-28,Assam,19.4,84
2020-11-29,Assam,18.7,88
2020-11-30,Assam,18.8,88
2020-12-01,Assam,19.6,85
2020-12-02,Assam,18.8,86
2020-12-03,Assam,19.1,85
2020-12-04,Assam,19.6,82
2020-12-05,Assam,18.3,85
2019-01-02,Bihar,14.3,73
2019-01-03,Bihar,14.3,73
2019-01-04,Bihar,14.6,74
2019-01-05,Bihar,15.7,72
2019-01-06,Bihar,15.9,69
2019-01-07,Bihar,16.6,63
2019-01-08,Bihar,17.0,65
2019-01-09,Bihar,16.4,71
2019-01-10,Bihar,15.1,72
2019-01-11,Bihar,15.6,76
2019-01-12,Bihar,16.4,73
2019-01-13,Bihar,16.7,73
2019-01-14,Bihar,16.7,70
2019-01-15,Bihar,15.6,62
2019-01-16,Bihar,15.1,67
2019-01-17,Bihar,16.2,74
2019-01-18,Bihar,16.9,72
2019-01-19,Bihar,16.8,71
2019-01-20,Bihar,16.7,72
2019-01-21,Bihar,17.3,69
2019-01-22,Bihar,17.8,71
2019-01-23,Bihar,18.4,68
2019-01-24,Bihar,18.5,77
2019-01-25,Bihar,18.7,79
2019-01-26,Bihar,19.6,70
2019-01-27,Bihar,18.7,68
2019-01-28,Bihar,18.2,69
2019-01-29,Bihar,16.3,61
2019-01-30,Bihar,15.9,66
2019-01-31,Bihar,16.6,69
2019-02-01,Bihar,17.6,71
2019-02-02,Bihar,17.7,69
2019-02-03,Bihar,18.1,66
2019-02-04,Bihar,16.7,66
2019-02-05,Bihar,16.9,66
2019-02-06,Bihar,18.2,67
2019-02-07,Bihar,19.8,67
2019-02-08,Bihar,20.2,73
2019-02-09,Bihar,17.1,90
2019-02-10,Bihar,15.8,76
2019-02-11,Bihar,16.5,76
2019-02-12,Bihar,17.8,74
2019-02-13,Bihar,19.2,72
2019-02-14,Bihar,19.5,75
2019-02-15,Bihar,19.8,76
2019-02-16,Bihar,19.9,77
2019-02-17,Bihar,19.2,71
2019-02-18,Bihar,18.4,67
2019-02-19,Bihar,19.0,72
2019-02-20,Bihar,20.4,69
2019-02-21,Bihar,20.4,74
2019-02-22,Bihar,21.6,75
2019-02-23,Bihar,23.2,62
2019-02-24,Bihar,20.8,60
2019-02-25,Bihar,20.4,64
2019-02-26,Bihar,20.8,70
2019-02-27,Bihar,19.2,83
2019-02-28,Bihar,17.6,82
2019-03-01,Bihar,16.9,64
2019-03-02,Bihar,17.3,63
2019-03-03,Bihar,19.2,62
2019-03-04,Bihar,20.1,70
2019-03-05,Bihar,21.2,67
2019-03-06,Bihar,21.6,51
2019-03-07,Bihar,19.7,48
2019-03-08,Bihar,19.8,50
2019-03-09,Bihar,20.9,52
2019-03-10,Bihar,22.8,53
2019-03-11,Bihar,22.8,59
2019-03-12,Bihar,24.5,47
2019-03-13,Bihar,25.2,45
2019-03-14,Bihar,25.3,44
2019-03-15,Bihar,26.4,49
2019-03-16,Bihar,27.0,44
2019-03-17,Bihar,24.8,37
2019-03-18,Bihar,23.4,54
2019-03-19,Bihar,24.4,54
2019-03-20,Bihar,24.3,43
2019-03-21,Bihar,25.2,44
2019-03-22,Bihar,25.6,50
2019-03-23,Bihar,25.7,35
2019-03-24,Bihar,24.8,42
2019-03-25,Bihar,25.7,51
2019-03-26,Bihar,23.6,64
2019-03-27,Bihar,23.8,66
2019-03-28,Bihar,25.3,61
2019-03-29,Bihar,26.4,59
2019-03-30,Bihar,26.8,67
2019-03-31,Bihar,25.6,70
2019-04-01,Bihar,23.7,74
2019-04-02,Bihar,22.9,75
2019-04-03,Bihar,24.7,66
2019-04-04,Bihar,25.4,66
2019-04-05,Bihar,25.5,67
2019-04-06,Bihar,24.5,76
2019-04-07,Bihar,23.5,80
2019-04-08,Bihar,24.5,73
2019-04-09,Bihar,22.8,82
2019-04-10,Bihar,24.7,71
2019-04-11,Bihar,25.9,71
2019-04-12,Bihar,27.5,71
2019-04-13,Bihar,27.7,76
2019-04-14,Bihar,27.7,75
2019-04-15,Bihar,27.0,74
2019-04-16,Bihar,27.1,75
2019-04-17,Bihar,26.8,71
2019-04-18,Bihar,27.3,57
2019-04-19,Bihar,28.1,48
2019-04-20,Bihar,28.3,46
2019-04-21,Bihar,26.9,63
2019-04-22,Bihar,26.4,68
2019-04-23,Bihar,27.5,66
2019-04-24,Bihar,29.3,60
2019-04-25,Bihar,30.8,61
2019-04-26,Bihar,28.7,74
2019-04-27,Bihar,29.8,71
2019-04-28,Bihar,27.9,76
2019-04-29,Bihar,29.0,71
2019-04-30,Bihar,29.4,71
2019-05-01,Bihar,29.6,70
2019-05-02,Bihar,29.0,71
2019-05-03,Bihar,26.5,80
2019-05-04,Bihar,24.9,84
2019-05-05,Bihar,28.3,59
2019-05-06,Bihar,27.2,56
2019-05-07,Bihar,27.7,71
2019-05-08,Bihar,28.2,74
2019-05-09,Bihar,29.3,74
2019-05-10,Bihar,30.0,75
2019-05-11,Bihar,30.2,76
2019-05-12,Bihar,29.8,75
2019-05-13,Bihar,28.7,74
2019-05-14,Bihar,28.7,73
2019-05-15,Bihar,28.9,68
2019-05-16,Bihar,27.9,72
2019-05-17,Bihar,29.8,70
2019-05-18,Bihar,30.1,70
2019-05-19,Bihar,30.8,63
2019-05-20,Bihar,31.5,62
2019-05-21,Bihar,30.5,69
2019-05-22,Bihar,28.5,74
2019-05-23,Bihar,27.3,76
2019-05-24,Bihar,27.6,74
2019-05-25,Bihar,26.8,80
2019-05-26,Bihar,29.2,71
2019-05-27,Bihar,30.4,71
2019-05-28,Bihar,29.1,72
2019-05-29,Bihar,29.9,67
2019-05-30,Bihar,28.5,75
2019-05-31,Bihar,26.3,78
2019-06-01,Bihar,28.3,74
2019-06-02,Bihar,27.1,78
2019-06-03,Bihar,28.4,70
2019-06-04,Bihar,29.4,67
2019-06-05,Bihar,29.8,67
2019-06-06,Bihar,29.5,73
2019-06-07,Bihar,30.6,70
2019-06-08,Bihar,31.2,66
2019-06-09,Bihar,31.3,67
2019-06-10,Bihar,29.9,76
2019-06-11,Bihar,27.2,84
2019-06-12,Bihar,30.0,77
2019-06-13,Bihar,31.0,75
2019-06-14,Bihar,31.9,74
2019-06-15,Bihar,30.8,79
2019-06-16,Bihar,31.0,76
2019-06-17,Bihar,30.7,74
2019-06-18,Bihar,30.1,76
2019-06-19,Bihar,30.5,78
2019-06-20,Bihar,29.7,82
2019-06-21,Bihar,29.4,82
2019-06-22,Bihar,28.7,84
2019-06-23,Bihar,30.4,75
2019-06-24,Bihar,31.4,71
2019-06-25,Bihar,31.8,73
2019-06-26,Bihar,30.6,81
2019-06-27,Bihar,29.6,83
2019-06-28,Bihar,30.0,84
2019-06-29,Bihar,29.8,81
2019-06-30,Bihar,29.7,82
2019-07-01,Bihar,30.4,81
2019-07-02,Bihar,30.0,76
2019-07-03,Bihar,30.0,74
2019-07-04,Bihar,30.2,79
2019-07-05,Bihar,29.1,85
2019-07-06,Bihar,29.2,80
2019-07-07,Bihar,27.8,88
2019-07-08,Bihar,27.1,91
2019-07-09,Bihar,26.5,95
2019-07-10,Bihar,26.5,95
2019-07-11,Bihar,27.6,92
2019-07-12,Bihar,27.9,90
2019-07-13,Bihar,27.4,92
2019-07-14,Bihar,27.3,89
2019-07-15,Bihar,27.8,88
2019-07-16,Bihar,28.6,84
2019-07-17,Bihar,29.5,83
2019-07-18,Bihar,29.6,84
2019-07-19,Bihar,29.2,86
2019-07-20,Bihar,29.6,84
2019-07-21,Bihar,30.2,83
2019-07-22,Bihar,29.7,86
2019-07-23,Bihar,28.6,90
2019-07-24,Bihar,27.7,92
2019-07-25,Bihar,27.4,89
2019-07-26,Bihar,28.3,87
2019-07-27,Bihar,28.4,83
2019-07-28,Bihar,29.2,76
2019-07-29,Bihar,29.3,75
2019-07-30,Bihar,29.1,81
2019-07-31,Bihar,28.7,84
2019-08-01,Bihar,28.2,86
2019-08-02,Bihar,28.9,85
2019-08-03,Bihar,29.4,84
2019-08-04,Bihar,29.9,82
2019-08-05,Bihar,29.8,83
2019-08-06,Bihar,30.9,83
2019-08-07,Bihar,29.5,78
2019-08-08,Bihar,27.9,82
2019-08-09,Bihar,28.2,87
2019-08-10,Bihar,29.4,84
2019-08-11,Bihar,29.3,88
2019-08-12,Bihar,30.3,83
2019-08-13,Bihar,28.6,84
2019-08-14,Bihar,27.4,89
2019-08-15,Bihar,28.0,88
2019-08-16,Bihar,27.9,90
2019-08-17,Bihar,28.0,90
2019-08-18,Bihar,28.7,84
2019-08-19,Bihar,28.7,82
2019-08-20,Bihar,29.1,84
2019-08-21,Bihar,29.6,84
2019-08-22,Bihar,29.8,84
2019-08-23,Bihar,28.6,88
2019-08-24,Bihar,27.8,87
2019-08-25,Bihar,28.5,82
2019-08-26,Bihar,29.7,78
2019-08-27,Bihar,29.7,79
2019-08-28,Bihar,30.3,78
2019-08-29,Bihar,29.0,87
2019-08-30,Bihar,30.0,82
2019-08-31,Bihar,28.6,88
2019-09-01,Bihar,29.9,80
2019-09-02,Bihar,30.1,83
2019-09-03,Bihar,28.8,86
2019-09-04,Bihar,28.9,82
2019-09-05,Bihar,29.5,80
2019-09-06,Bihar,29.3,81
2019-09-07,Bihar,29.2,81
2019-09-08,Bihar,28.5,85
2019-09-09,Bihar,28.3,88
2019-09-10,Bihar,28.4,88
2019-09-11,Bihar,28.4,89
2019-09-12,Bihar,27.3,90
2019-09-13,Bihar,27.0,90
2019-09-14,Bihar,27.4,91
2019-09-15,Bihar,27.7,90
2019-09-16,Bihar,27.4,90
2019-09-17,Bihar,27.0,91
2019-09-18,Bihar,27.0,89
2019-09-19,Bihar,28.5,84
2019-09-20,Bihar,28.7,84
2019-09-21,Bihar,27.9,87
2019-09-22,Bihar,27.5,88
2019-09-23,Bihar,26.9,89
2019-09-24,Bihar,26.1,89
2019-09-25,Bihar,24.6,94
2019-09-26,Bihar,25.7,89
2019-09-27,Bihar,24.7,94
2019-09-28,Bihar,23.8,95
2019-09-29,Bihar,23.1,95
2019-09-30,Bihar,23.1,95
2019-10-01,Bihar,24.9,88
2019-10-02,Bihar,26.1,87
2019-10-03,Bihar,26.9,86
2019-10-04,Bihar,26.6,89
2019-10-05,Bihar,26.2,90
2019-10-06,Bihar,26.5,88
2019-10-07,Bihar,26.6,89
2019-10-08,Bihar,25.4,91
2019-10-09,Bihar,25.1,89
2019-10-10,Bihar,25.7,87
2019-10-11,Bihar,26.0,87
2019-10-12,Bihar,26.1,86
2019-10-13,Bihar,25.4,80
2019-10-14,Bihar,25.4,79
2019-10-15,Bihar,25.6,79
2019-10-16,Bihar,25.8,85
2019-10-17,Bihar,26.6,83
2019-10-18,Bihar,26.6,80
2019-10-19,Bihar,26.8,79
2019-10-20,Bihar,26.3,87
2019-10-21,Bihar,25.9,83
2019-10-22,Bihar,25.4,80
2019-10-23,Bihar,24.3,82
2019-10-24,Bihar,23.3,84
2019-10-25,Bihar,20.6,89
2019-10-26,Bihar,22.5,78
2019-10-27,Bihar,23.3,82
2019-10-28,Bihar,23.5,84
2019-10-29,Bihar,23.7,78
2019-10-30,Bihar,24.0,78
2019-10-31,Bihar,24.7,79
2019-11-01,Bihar,25.0,76
2019-11-02,Bihar,25.1,76
2019-11-03,Bihar,25.5,75
2019-11-04,Bihar,25.5,75
2019-11-05,Bihar,24.8,78
2019-11-06,Bihar,23.4,74
2019-11-07,Bihar,23.9,74
2019-11-08,Bihar,24.3,79
2019-11-09,Bihar,24.8,75
2019-11-10,Bihar,24.7,73
2019-11-11,Bihar,24.1,75
2019-11-12,Bihar,23.1,70
2019-11-13,Bihar,22.2,73
2019-11-14,Bihar,23.8,71
2019-11-15,Bihar,24.6,69
2019-11-16,Bihar,24.2,68
2019-11-17,Bihar,23.8,65
2019-11-18,Bihar,23.8,71
2019-11-19,Bihar,22.0,63
2019-11-20,Bihar,21.2,66
2019-11-21,Bihar,21.5,72
2019-11-22,Bihar,21.4,71
2019-11-23,Bihar,21.7,70
2019-11-24,Bihar,22.3,72
2019-11-25,Bihar,21.5,77
2019-11-26,Bihar,22.2,77
2019-11-27,Bihar,22.1,76
2019-11-28,Bihar,22.5,72
2019-11-29,Bihar,22.8,74
2019-11-30,Bihar,21.8,73
2019-12-01,Bihar,21.2,69
2019-12-02,Bihar,19.6,68
2019-12-03,Bihar,18.6,69
2019-12-04,Bihar,18.5,68
2019-12-05,Bihar,18.8,66
2019-12-06,Bihar,19.3,66
2019-12-07,Bihar,19.7,62
2019-12-08,Bihar,18.8,60
2019-12-09,Bihar,19.0,62
2019-12-10,Bihar,18.6,67
2019-12-11,Bihar,18.5,70
2019-12-12,Bihar,18.3,74
2019-12-13,Bihar,18.7,79
2019-12-14,Bihar,18.1,82
2019-12-15,Bihar,17.5,85
2019-12-16,Bihar,18.4,82
2019-12-17,Bihar,17.8,76
2019-12-18,Bihar,15.0,78
2019-12-19,Bihar,14.2,79
2019-12-20,Bihar,14.6,80
2019-12-21,Bihar,14.8,81
2019-12-22,Bihar,14.5,83
2019-12-23,Bihar,14.8,83
2019-12-24,Bihar,14.6,79
2019-12-25,Bihar,13.8,79
2019-12-26,Bihar,13.5,78
2019-12-27,Bihar,13.2,77
2019-12-28,Bihar,12.7,81
2019-12-29,Bihar,12.9,80
2019-12-30,Bihar,12.8,82
2019-12-31,Bihar,15.0,76
2020-01-01,Bihar,16.3,70
2020-01-02,Bihar,17.5,78
2020-01-03,Bihar,17.6,80
2020-01-04,Bihar,16.9,85
2020-01-05,Bihar,15.7,84
2020-01-06,Bihar,14.8,81
2020-01-07,Bihar,14.2,81
2020-01-08,Bihar,15.7,77
2020-01-09,Bihar,16.3,83
2020-01-10,Bihar,16.0,84
2020-01-11,Bihar,14.5,84
2020-01-12,Bihar,14.0,81
2020-01-13,Bihar,13.8,84
2020-01-14,Bihar,13.7,84
2020-01-15,Bihar,14.6,85
2020-01-16,Bihar,17.2,81
2020-01-17,Bihar,18.5,80
2020-01-18,Bihar,18.4,84
2020-01-19,Bihar,17.6,84
2020-01-20,Bihar,15.1,78
2020-01-21,Bihar,14.0,83
2020-01-22,Bihar,13.2,83
2020-01-23,Bihar,13.8,84
2020-01-24,Bihar,14.8,77
2020-01-25,Bihar,14.4,78
2020-01-26,Bihar,15.4,74
2020-01-27,Bihar,15.4,77
2020-01-28,Bihar,16.4,79
2020-01-29,Bihar,17.8,77
2020-01-30,Bihar,17.2,88
2020-01-31,Bihar,16.3,78
2020-02-01,Bihar,15.4,71
2020-02-02,Bihar,14.8,67
2020-02-03,Bihar,14.5,72
2020-02-04,Bihar,15.1,70
2020-02-05,Bihar,16.1,71
2020-02-06,Bihar,15.5,71
2020-02-07,Bihar,15.7,66
2020-02-08,Bihar,17.0,61
2020-02-09,Bihar,17.9,54
2020-02-10,Bihar,16.7,61
2020-02-11,Bihar,17.1,64
2020-02-12,Bihar,17.3,61
2020-02-13,Bihar,17.5,68
2020-02-14,Bihar,19.0,71
2020-02-15,Bihar,19.5,78
2020-02-16,Bihar,19.9,72
2020-02-17,Bihar,19.8,69
2020-02-18,Bihar,19.8,70
2020-02-19,Bihar,19.9,65
2020-02-20,Bihar,20.0,71
2020-02-21,Bihar,21.4,70
2020-02-22,Bihar,20.7,72
2020-02-23,Bihar,21.7,72
2020-02-24,Bihar,20.8,79
2020-02-25,Bihar,18.8,86
2020-02-26,Bihar,18.0,84
2020-02-27,Bihar,18.3,74
2020-02-28,Bihar,19.3,72
2020-02-29,Bihar,20.3,68
2020-03-01,Bihar,21.3,72
2020-03-02,Bihar,21.5,74
2020-03-03,Bihar,22.0,71
2020-03-04,Bihar,21.6,73
2020-03-05,Bihar,21.8,77
2020-03-06,Bihar,21.5,80
2020-03-07,Bihar,20.7,83
2020-03-08,Bihar,21.2,74
2020-03-09,Bihar,21.1,67
2020-03-10,Bihar,20.7,63
2020-03-11,Bihar,22.1,67
2020-03-12,Bihar,23.7,73
2020-03-13,Bihar,23.9,76
2020-03-14,Bihar,20.3,93
2020-03-15,Bihar,21.2,83
2020-03-16,Bihar,22.6,64
2020-03-17,Bihar,22.2,61
2020-03-18,Bihar,22.6,65
2020-03-19,Bihar,22.7,67
2020-03-20,Bihar,22.9,65
2020-03-21,Bihar,22.7,70
2020-03-22,Bihar,21.4,78
2020-03-23,Bihar,22.3,75
2020-03-24,Bihar,23.3,73
2020-03-25,Bihar,24.3,69
2020-03-26,Bihar,25.8,65
2020-03-27,Bihar,26.7,62
2020-03-28,Bihar,28.2,51
2020-03-29,Bihar,27.2,42
2020-03-30,Bihar,25.9,39
2020-03-31,Bihar,24.7,48
2020-04-01,Bihar,25.7,56
2020-04-02,Bihar,26.6,53
2020-04-03,Bihar,26.5,42
2020-04-04,Bihar,25.8,37
2020-04-05,Bihar,25.0,45
2020-04-06,Bihar,25.7,46
2020-04-07,Bihar,26.9,45
2020-04-08,Bihar,27.5,47
2020-04-09,Bihar,26.7,55
2020-04-10,Bihar,28.2,50
2020-04-11,Bihar,27.0,61
2020-04-12,Bihar,27.4,60
2020-04-13,Bihar,28.4,59
2020-04-14,Bihar,28.8,60
2020-04-15,Bihar,26.6,75
2020-04-16,Bihar,26.0,78
2020-04-17,Bihar,25.1,74
2020-04-18,Bihar,26.5,74
2020-04-19,Bihar,27.0,70
2020-04-20,Bihar,26.2,74
2020-04-21,Bihar,23.5,85
2020-04-22,Bihar,24.1,76
2020-04-23,Bihar,24.0,80
2020-04-24,Bihar,23.0,83
2020-04-25,Bihar,23.5,77
2020-04-26,Bihar,24.0,81
2020-04-27,Bihar,25.2,79
2020-04-28,Bihar,24.5,80
2020-04-29,Bihar,24.7,79
2020-04-30,Bihar,26.1,76
2020-05-01,Bihar,25.3,83
2020-05-02,Bihar,25.6,82
2020-05-03,Bihar,26.7,75
2020-05-04,Bihar,27.1,77
2020-05-05,Bihar,25.8,85
2020-05-06,Bihar,25.7,81
2020-05-07,Bihar,25.1,84
2020-05-08,Bihar,25.5,83
2020-05-09,Bihar,27.1,73
2020-05-10,Bihar,28.2,72
2020-05-11,Bihar,27.7,76
2020-05-12,Bihar,28.3,74
2020-05-13,Bihar,27.8,75
2020-05-14,Bihar,26.8,78
2020-05-15,Bihar,26.7,79
2020-05-16,Bihar,27.3,79
2020-05-17,Bihar,27.9,74
2020-05-18,Bihar,29.2,73
2020-05-19,Bihar,28.5,77
2020-05-20,Bihar,25.9,86
2020-05-21,Bihar,23.8,86
2020-05-22,Bihar,24.8,86
2020-05-23,Bihar,26.9,85
2020-05-24,Bihar,27.5,86
2020-05-25,Bihar,28.3,84
2020-05-26,Bihar,28.2,83
2020-05-27,Bihar,24.7,81
2020-05-28,Bihar,25.3,79
2020-05-29,Bihar,27.1,77
2020-05-30,Bihar,27.6,77
2020-05-31,Bihar,26.5,83
2020-06-01,Bihar,27.7,81
2020-06-02,Bihar,29.1,74
2020-06-03,Bihar,29.9,71
2020-06-04,Bihar,28.9,79
2020-06-05,Bihar,26.9,90
2020-06-06,Bihar,27.8,80
2020-06-07,Bihar,28.7,80
2020-06-08,Bihar,29.8,78
2020-06-09,Bihar,29.0,83
2020-06-10,Bihar,30.3,78
2020-06-11,Bihar,29.7,79
2020-06-12,Bihar,28.5,84
2020-06-13,Bihar,27.4,90
2020-06-14,Bihar,27.1,91
2020-06-15,Bihar,27.3,91
2020-06-16,Bihar,27.3,91
2020-06-17,Bihar,27.5,89
2020-06-18,Bihar,26.9,92
2020-06-19,Bihar,26.7,93
2020-06-20,Bihar,28.4,86
2020-06-21,Bihar,28.6,82
2020-06-22,Bihar,27.9,87
2020-06-23,Bihar,28.7,86
2020-06-24,Bihar,28.4,88
2020-06-25,Bihar,27.3,92
2020-06-26,Bihar,26.8,94
2020-06-27,Bihar,28.0,88
2020-06-28,Bihar,26.7,93
2020-06-29,Bihar,27.0,93
2020-06-30,Bihar,28.7,86
2020-07-01,Bihar,29.4,85
2020-07-02,Bihar,28.7,88
2020-07-03,Bihar,27.9,89
2020-07-04,Bihar,27.9,88
2020-07-05,Bihar,28.8,85
2020-07-06,Bihar,28.0,88
2020-07-07,Bihar,28.1,88
2020-07-08,Bihar,28.5,89
2020-07-09,Bihar,27.7,92
2020-07-10,Bihar,27.7,92
2020-07-11,Bihar,27.2,92
2020-07-12,Bihar,27.3,92
2020-07-13,Bihar,27.5,91
2020-07-14,Bihar,28.4,87
2020-07-15,Bihar,28.6,86
2020-07-16,Bihar,29.5,81
2020-07-17,Bihar,29.6,81
2020-07-18,Bihar,29.1,86
2020-07-19,Bihar,27.4,93
2020-07-20,Bihar,27.1,94
2020-07-21,Bihar,27.0,93
2020-07-22,Bihar,27.2,91
2020-07-23,Bihar,26.6,92
2020-07-24,Bihar,27.2,91
2020-07-25,Bihar,28.7,84
2020-07-26,Bihar,29.6,84
2020-07-27,Bihar,28.8,88
2020-07-28,Bihar,27.5,92
2020-07-29,Bihar,27.7,90
2020-07-30,Bihar,27.8,90
2020-07-31,Bihar,27.7,92
2020-08-01,Bihar,28.5,86
2020-08-02,Bihar,29.7,84
2020-08-03,Bihar,30.5,81
2020-08-04,Bihar,31.3,80
2020-08-05,Bihar,30.3,79
2020-08-06,Bihar,29.2,83
2020-08-07,Bihar,29.3,85
2020-08-08,Bihar,30.0,85
2020-08-09,Bihar,29.2,86
2020-08-10,Bihar,29.2,87
2020-08-11,Bihar,27.4,94
2020-08-12,Bihar,27.8,91
2020-08-13,Bihar,29.0,86
2020-08-14,Bihar,30.0,81
2020-08-15,Bihar,29.3,81
2020-08-16,Bihar,28.9,79
2020-08-17,Bihar,28.5,85
2020-08-18,Bihar,28.9,85
2020-08-19,Bihar,29.0,82
2020-08-20,Bihar,28.0,79
2020-08-21,Bihar,26.8,89
2020-08-22,Bihar,26.9,89
2020-08-23,Bihar,27.6,89
2020-08-24,Bihar,28.6,86
2020-08-25,Bihar,29.1,88
2020-08-26,Bihar,29.5,77
2020-08-27,Bihar,28.4,82
2020-08-28,Bihar,27.9,86
2020-08-29,Bihar,28.6,85
2020-08-30,Bihar,29.8,83
2020-08-31,Bihar,29.9,81
2020-09-01,Bihar,27.8,90
2020-09-02,Bihar,28.7,83
2020-09-03,Bihar,29.1,84
2020-09-04,Bihar,29.8,81
2020-09-05,Bihar,29.5,84
2020-09-06,Bihar,28.2,90
2020-09-07,Bihar,27.4,91
2020-09-08,Bihar,27.6,90
2020-09-09,Bihar,28.0,89
2020-09-10,Bihar,28.3,89
2020-09-11,Bihar,27.7,90
2020-09-12,Bihar,27.7,91
2020-09-13,Bihar,27.5,91
2020-09-14,Bihar,27.5,91
2020-09-15,Bihar,27.9,90
2020-09-16,Bihar,27.4,92
2020-09-17,Bihar,27.1,92
2020-09-18,Bihar,26.0,95
2020-09-19,Bihar,28.9,83
2020-09-20,Bihar,30.6,79
2020-09-21,Bihar,28.3,86
2020-09-22,Bihar,26.1,93
2020-09-23,Bihar,26.2,94
2020-09-24,Bihar,27.0,91
2020-09-25,Bihar,26.1,95
2020-09-26,Bihar,26.2,94
2020-09-27,Bihar,26.7,89
2020-09-28,Bihar,27.7,87
2020-09-29,Bihar,28.3,86
2020-09-30,Bihar,28.5,88
2020-10-01,Bihar,28.1,88
2020-10-02,Bihar,28.0,89
2020-10-03,Bihar,27.3,90
2020-10-04,Bihar,27.6,90
2020-10-05,Bihar,27.5,91
2020-10-06,Bihar,27.2,89
2020-10-07,Bihar,27.1,91
2020-10-08,Bihar,27.8,87
2020-10-09,Bihar,28.5,83
2020-10-10,Bihar,28.3,79
2020-10-11,Bihar,28.1,79
2020-10-12,Bihar,28.5,80
2020-10-13,Bihar,28.8,77
2020-10-14,Bihar,28.4,77
2020-10-15,Bihar,28.6,75
2020-10-16,Bihar,28.5,77
2020-10-17,Bihar,28.6,78
2020-10-18,Bihar,28.8,73
2020-10-19,Bihar,27.9,73
2020-10-20,Bihar,27.5,73
2020-10-21,Bihar,27.8,70
2020-10-22,Bihar,27.5,78
2020-10-23,Bihar,26.2,81
2020-10-24,Bihar,25.9,74
2020-10-25,Bihar,25.8,77
2020-10-26,Bihar,26.0,80
2020-10-27,Bihar,25.3,75
2020-10-28,Bihar,25.3,71
2020-10-29,Bihar,26.1,71
2020-10-30,Bihar,26.0,68
2020-10-31,Bihar,26.2,65
2020-11-01,Bihar,27.3,77
2020-11-02,Bihar,26.9,69
2020-11-03,Bihar,25.3,57
2020-11-04,Bihar,23.8,49
2020-11-05,Bihar,21.9,60
2020-11-06,Bihar,21.1,62
2020-11-07,Bihar,21.7,63
2020-11-08,Bihar,22.2,69
2020-11-09,Bihar,22.2,72
2020-11-10,Bihar,22.6,72
2020-11-11,Bihar,22.5,68
2020-11-12,Bihar,23.1,62
2020-11-13,Bihar,22.7,60
2020-11-14,Bihar,22.8,63
2020-11-15,Bihar,22.7,64
2020-11-16,Bihar,23.1,64
2020-11-17,Bihar,22.3,63
2020-11-18,Bihar,22.6,66
2020-11-19,Bihar,22.0,71
2020-11-20,Bihar,22.4,72
2020-11-21,Bihar,21.5,68
2020-11-22,Bihar,18.9,56
2020-11-23,Bihar,18.5,62
2020-11-24,Bihar,19.5,65
2020-11-25,Bihar,19.6,67
2020-11-26,Bihar,20.2,64
2020-11-27,Bihar,19.9,67
2020-11-28,Bihar,19.8,72
2020-11-29,Bihar,20.1,67
2020-11-30,Bihar,20.1,64
2020-12-01,Bihar,20.4,69
2020-12-02,Bihar,20.4,70
2020-12-03,Bihar,20.5,68
2020-12-04,Bihar,20.6,70
2020-12-05,Bihar,20.4,74
2019-01-02,Chandigarh,12.9,71
2019-01-03,Chandigarh,12.5,60
2019-01-04,Chandigarh,13.0,55
2019-01-05,Chandigarh,12.4,66
2019-01-06,Chandigarh,11.2,80
2019-01-07,Chandigarh,11.5,71
2019-01-08,Chandigarh,12.2,64
2019-01-09,Chandigarh,12.3,71
2019-01-10,Chandigarh,11.9,68
2019-01-11,Chandigarh,12.6,74
2019-01-12,Chandigarh,13.2,65
2019-01-13,Chandigarh,13.9,66
2019-01-14,Chandigarh,12.0,60
2019-01-15,Chandigarh,11.3,57
2019-01-16,Chandigarh,12.2,67
2019-01-17,Chandigarh,12.6,75
2019-01-18,Chandigarh,12.9,69
2019-01-19,Chandigarh,14.9,66
2019-01-20,Chandigarh,16.0,61
2019-01-21,Chandigarh,14.9,69
2019-01-22,Chandigarh,11.8,89
2019-01-23,Chandigarh,11.5,80
2019-01-24,Chandigarh,11.8,70
2019-01-25,Chandigarh,11.0,70
2019-01-26,Chandigarh,10.4,69
2019-01-27,Chandigarh,9.8,71
2019-01-28,Chandigarh,10.8,62
2019-01-29,Chandigarh,11.3,65
2019-01-30,Chandigarh,11.5,69
2019-01-31,Chandigarh,12.9,71
2019-02-01,Chandigarh,12.9,78
2019-02-02,Chandigarh,12.7,72
2019-02-03,Chandigarh,12.5,76
2019-02-04,Chandigarh,13.0,73
2019-02-05,Chandigarh,14.2,72
2019-02-06,Chandigarh,16.0,59
2019-02-07,Chandigarh,14.2,80
2019-02-08,Chandigarh,11.6,67
2019-02-09,Chandigarh,12.0,67
2019-02-10,Chandigarh,12.4,71
2019-02-11,Chandigarh,14.0,74
2019-02-12,Chandigarh,15.3,77
2019-02-13,Chandigarh,16.2,76
2019-02-14,Chandigarh,16.6,73
2019-02-15,Chandigarh,15.0,84
2019-02-16,Chandigarh,14.4,79
2019-02-17,Chandigarh,14.0,76
2019-02-18,Chandigarh,13.6,79
2019-02-19,Chandigarh,14.8,75
2019-02-20,Chandigarh,16.1,64
2019-02-21,Chandigarh,17.2,75
2019-02-22,Chandigarh,16.2,78
2019-02-23,Chandigarh,14.6,78
2019-02-24,Chandigarh,14.2,75
2019-02-25,Chandigarh,13.8,66
2019-02-26,Chandigarh,13.5,70
2019-02-27,Chandigarh,11.4,78
2019-02-28,Chandigarh,11.7,66
2019-03-01,Chandigarh,13.6,66
2019-03-02,Chandigarh,14.1,81
2019-03-03,Chandigarh,15.1,79
2019-03-04,Chandigarh,15.1,77
2019-03-05,Chandigarh,14.6,73
2019-03-06,Chandigarh,15.9,66
2019-03-07,Chandigarh,15.9,64
2019-03-08,Chandigarh,14.8,65
2019-03-09,Chandigarh,16.5,62
2019-03-10,Chandigarh,16.5,68
2019-03-11,Chandigarh,16.4,70
2019-03-12,Chandigarh,16.9,64
2019-03-13,Chandigarh,16.6,67
2019-03-14,Chandigarh,17.3,64
2019-03-15,Chandigarh,16.3,65
2019-03-16,Chandigarh,17.5,64
2019-03-17,Chandigarh,18.5,71
2019-03-18,Chandigarh,18.8,65
2019-03-19,Chandigarh,19.9,59
2019-03-20,Chandigarh,20.7,48
2019-03-21,Chandigarh,20.6,48
2019-03-22,Chandigarh,20.1,48
2019-03-23,Chandigarh,20.6,48
2019-03-24,Chandigarh,21.3,51
2019-03-25,Chandigarh,19.8,59
2019-03-26,Chandigarh,20.3,59
2019-03-27,Chandigarh,22.4,56
2019-03-28,Chandigarh,23.8,55
2019-03-29,Chandigarh,24.6,57
2019-03-30,Chandigarh,24.4,49
2019-03-31,Chandigarh,24.0,40
2019-04-01,Chandigarh,23.7,43
2019-04-02,Chandigarh,23.8,45
2019-04-03,Chandigarh,25.4,41
2019-04-04,Chandigarh,25.7,47
2019-04-05,Chandigarh,26.3,49
2019-04-06,Chandigarh,26.5,45
2019-04-07,Chandigarh,26.1,46
2019-04-08,Chandigarh,24.9,53
2019-04-09,Chandigarh,25.3,46
2019-04-10,Chandigarh,28.1,39
2019-04-11,Chandigarh,28.7,33
2019-04-12,Chandigarh,27.6,38
2019-04-13,Chandigarh,27.4,42
2019-04-14,Chandigarh,28.1,38
2019-04-15,Chandigarh,29.5,36
2019-04-16,Chandigarh,25.2,50
2019-04-17,Chandigarh,19.9,81
2019-04-18,Chandigarh,20.9,66
2019-04-19,Chandigarh,22.6,57
2019-04-20,Chandigarh,24.8,54
2019-04-21,Chandigarh,25.5,52
2019-04-22,Chandigarh,27.2,44
2019-04-23,Chandigarh,29.3,41
2019-04-24,Chandigarh,29.7,41
2019-04-25,Chandigarh,30.1,36
2019-04-26,Chandigarh,30.1,31
2019-04-27,Chandigarh,31.0,24
2019-04-28,Chandigarh,31.2,20
2019-04-29,Chandigarh,31.7,18
2019-04-30,Chandigarh,31.7,21
2019-05-01,Chandigarh,31.7,25
2019-05-02,Chandigarh,30.2,27
2019-05-03,Chandigarh,29.6,26
2019-05-04,Chandigarh,29.1,22
2019-05-05,Chandigarh,29.7,21
2019-05-06,Chandigarh,30.6,19
2019-05-07,Chandigarh,31.8,16
2019-05-08,Chandigarh,32.5,16
2019-05-09,Chandigarh,33.6,16
2019-05-10,Chandigarh,32.5,21
2019-05-11,Chandigarh,30.5,30
2019-05-12,Chandigarh,29.7,33
2019-05-13,Chandigarh,30.5,32
2019-05-14,Chandigarh,27.5,46
2019-05-15,Chandigarh,28.0,46
2019-05-16,Chandigarh,27.6,49
2019-05-17,Chandigarh,26.4,54
2019-05-18,Chandigarh,27.2,49
2019-05-19,Chandigarh,29.1,42
2019-05-20,Chandigarh,31.0,32
2019-05-21,Chandigarh,32.2,26
2019-05-22,Chandigarh,32.5,26
2019-05-23,Chandigarh,31.5,32
2019-05-24,Chandigarh,28.5,46
2019-05-25,Chandigarh,28.8,44
2019-05-26,Chandigarh,30.1,37
2019-05-27,Chandigarh,31.7,24
2019-05-28,Chandigarh,32.5,20
2019-05-29,Chandigarh,33.5,21
2019-05-30,Chandigarh,35.3,17
2019-05-31,Chandigarh,34.9,20
2019-06-01,Chandigarh,33.7,29
2019-06-02,Chandigarh,33.8,34
2019-06-03,Chandigarh,33.5,39
2019-06-04,Chandigarh,32.6,42
2019-06-05,Chandigarh,34.7,28
2019-06-06,Chandigarh,34.7,23
2019-06-07,Chandigarh,32.0,32
2019-06-08,Chandigarh,33.1,27
2019-06-09,Chandigarh,34.4,24
2019-06-10,Chandigarh,35.1,25
2019-06-11,Chandigarh,35.0,25
2019-06-12,Chandigarh,34.5,30
2019-06-13,Chandigarh,34.1,33
2019-06-14,Chandigarh,34.2,26
2019-06-15,Chandigarh,35.1,19
2019-06-16,Chandigarh,32.4,37
2019-06-17,Chandigarh,31.7,44
2019-06-18,Chandigarh,29.5,49
2019-06-19,Chandigarh,31.2,44
2019-06-20,Chandigarh,31.1,49
2019-06-21,Chandigarh,31.3,46
2019-06-22,Chandigarh,32.9,38
2019-06-23,Chandigarh,33.4,47
2019-06-24,Chandigarh,29.8,65
2019-06-25,Chandigarh,30.8,59
2019-06-26,Chandigarh,32.9,43
2019-06-27,Chandigarh,33.4,38
2019-06-28,Chandigarh,33.7,40
2019-06-29,Chandigarh,34.5,39
2019-06-30,Chandigarh,33.2,44
2019-07-01,Chandigarh,33.6,49
2019-07-02,Chandigarh,34.0,44
2019-07-03,Chandigarh,33.4,55
2019-07-04,Chandigarh,31.3,65
2019-07-05,Chandigarh,30.7,67
2019-07-06,Chandigarh,30.4,70
2019-07-07,Chandigarh,30.9,66
2019-07-08,Chandigarh,30.7,71
2019-07-09,Chandigarh,28.4,81
2019-07-10,Chandigarh,27.8,84
2019-07-11,Chandigarh,29.0,79
2019-07-12,Chandigarh,27.9,85
2019-07-13,Chandigarh,27.8,81
2019-07-14,Chandigarh,26.0,85
2019-07-15,Chandigarh,26.3,85
2019-07-16,Chandigarh,24.6,92
2019-07-17,Chandigarh,25.4,88
2019-07-18,Chandigarh,26.6,85
2019-07-19,Chandigarh,27.6,83
2019-07-20,Chandigarh,28.4,81
2019-07-21,Chandigarh,28.6,80
2019-07-22,Chandigarh,29.4,78
2019-07-23,Chandigarh,30.1,77
2019-07-24,Chandigarh,30.5,76
2019-07-25,Chandigarh,26.5,85
2019-07-26,Chandigarh,26.8,88
2019-07-27,Chandigarh,26.7,88
2019-07-28,Chandigarh,28.5,80
2019-07-29,Chandigarh,29.2,78
2019-07-30,Chandigarh,28.3,80
2019-07-31,Chandigarh,27.1,82
2019-08-01,Chandigarh,28.1,80
2019-08-02,Chandigarh,27.7,84
2019-08-03,Chandigarh,27.7,85
2019-08-04,Chandigarh,29.0,80
2019-08-05,Chandigarh,28.9,84
2019-08-06,Chandigarh,27.5,87
2019-08-07,Chandigarh,28.4,82
2019-08-08,Chandigarh,29.4,79
2019-08-09,Chandigarh,28.2,81
2019-08-10,Chandigarh,28.6,81
2019-08-11,Chandigarh,29.0,82
2019-08-12,Chandigarh,28.2,88
2019-08-13,Chandigarh,28.3,87
2019-08-14,Chandigarh,28.1,85
2019-08-15,Chandigarh,27.6,87
2019-08-16,Chandigarh,28.0,82
2019-08-17,Chandigarh,26.5,86
2019-08-18,Chandigarh,25.1,90
2019-08-19,Chandigarh,25.8,87
2019-08-20,Chandigarh,27.9,79
2019-08-21,Chandigarh,28.1,78
2019-08-22,Chandigarh,27.5,83
2019-08-23,Chandigarh,28.3,82
2019-08-24,Chandigarh,27.7,87
2019-08-25,Chandigarh,25.9,92
2019-08-26,Chandigarh,28.4,78
2019-08-27,Chandigarh,29.1,78
2019-08-28,Chandigarh,29.5,77
2019-08-29,Chandigarh,28.9,82
2019-08-30,Chandigarh,28.4,85
2019-08-31,Chandigarh,28.8,83
2019-09-01,Chandigarh,27.1,88
2019-09-02,Chandigarh,28.3,83
2019-09-03,Chandigarh,28.8,82
2019-09-04,Chandigarh,27.9,85
2019-09-05,Chandigarh,27.5,84
2019-09-06,Chandigarh,28.3,81
2019-09-07,Chandigarh,27.9,84
2019-09-08,Chandigarh,27.8,84
2019-09-09,Chandigarh,28.2,82
2019-09-10,Chandigarh,28.5,82
2019-09-11,Chandigarh,28.6,83
2019-09-12,Chandigarh,27.9,86
2019-09-13,Chandigarh,28.3,81
2019-09-14,Chandigarh,27.3,83
2019-09-15,Chandigarh,27.5,81
2019-09-16,Chandigarh,27.2,82
2019-09-17,Chandigarh,27.2,78
2019-09-18,Chandigarh,26.7,80
2019-09-19,Chandigarh,26.3,77
2019-09-20,Chandigarh,26.5,78
2019-09-21,Chandigarh,26.3,78
2019-09-22,Chandigarh,26.1,78
2019-09-23,Chandigarh,26.1,77
2019-09-24,Chandigarh,26.9,75
2019-09-25,Chandigarh,27.0,77
2019-09-26,Chandigarh,26.4,78
2019-09-27,Chandigarh,25.3,85
2019-09-28,Chandigarh,24.8,85
2019-09-29,Chandigarh,23.8,83
2019-09-30,Chandigarh,23.7,86
2019-10-01,Chandigarh,23.7,85
2019-10-02,Chandigarh,24.2,80
2019-10-03,Chandigarh,24.7,80
2019-10-04,Chandigarh,23.6,82
2019-10-05,Chandigarh,23.9,76
2019-10-06,Chandigarh,23.9,76
2019-10-07,Chandigarh,23.9,77
2019-10-08,Chandigarh,23.3,76
2019-10-09,Chandigarh,23.2,75
2019-10-10,Chandigarh,23.2,70
2019-10-11,Chandigarh,23.3,73
2019-10-12,Chandigarh,23.4,73
2019-10-13,Chandigarh,23.4,73
2019-10-14,Chandigarh,23.9,75
2019-10-15,Chandigarh,23.6,76
2019-10-16,Chandigarh,23.7,72
2019-10-17,Chandigarh,23.5,70
2019-10-18,Chandigarh,22.9,68
2019-10-19,Chandigarh,23.0,62
2019-10-20,Chandigarh,22.8,59
2019-10-21,Chandigarh,21.9,63
2019-10-22,Chandigarh,22.9,57
2019-10-23,Chandigarh,22.5,62
2019-10-24,Chandigarh,22.1,66
2019-10-25,Chandigarh,22.0,68
2019-10-26,Chandigarh,21.9,70
2019-10-27,Chandigarh,21.6,66
2019-10-28,Chandigarh,21.9,71
2019-10-29,Chandigarh,22.5,72
2019-10-30,Chandigarh,22.8,69
2019-10-31,Chandigarh,23.4,65
2019-11-01,Chandigarh,22.4,64
2019-11-02,Chandigarh,21.3,71
2019-11-03,Chandigarh,21.3,68
2019-11-04,Chandigarh,21.3,60
2019-11-05,Chandigarh,21.8,57
2019-11-06,Chandigarh,21.2,57
2019-11-07,Chandigarh,18.5,71
2019-11-08,Chandigarh,18.9,71
2019-11-09,Chandigarh,19.4,62
2019-11-10,Chandigarh,18.5,66
2019-11-11,Chandigarh,17.9,74
2019-11-12,Chandigarh,17.7,81
2019-11-13,Chandigarh,18.0,76
2019-11-14,Chandigarh,18.9,69
2019-11-15,Chandigarh,20.4,63
2019-11-16,Chandigarh,21.0,56
2019-11-17,Chandigarh,20.0,60
2019-11-18,Chandigarh,18.2,71
2019-11-19,Chandigarh,17.6,74
2019-11-20,Chandigarh,17.2,78
2019-11-21,Chandigarh,17.6,71
2019-11-22,Chandigarh,18.4,69
2019-11-23,Chandigarh,19.6,63
2019-11-24,Chandigarh,19.2,57
2019-11-25,Chandigarh,17.1,57
2019-11-26,Chandigarh,18.0,61
2019-11-27,Chandigarh,18.3,61
2019-11-28,Chandigarh,16.4,80
2019-11-29,Chandigarh,16.0,77
2019-11-30,Chandigarh,15.3,70
2019-12-01,Chandigarh,15.0,75
2019-12-02,Chandigarh,15.3,74
2019-12-03,Chandigarh,14.2,74
2019-12-04,Chandigarh,13.9,65
2019-12-05,Chandigarh,14.3,71
2019-12-06,Chandigarh,15.5,73
2019-12-07,Chandigarh,15.9,65
2019-12-08,Chandigarh,14.8,65
2019-12-09,Chandigarh,14.1,67
2019-12-10,Chandigarh,13.0,76
2019-12-11,Chandigarh,14.4,75
2019-12-12,Chandigarh,14.6,80
2019-12-13,Chandigarh,13.2,83
2019-12-14,Chandigarh,12.6,82
2019-12-15,Chandigarh,12.5,77
2019-12-16,Chandigarh,11.9,78
2019-12-17,Chandigarh,11.6,83
2019-12-18,Chandigarh,10.9,80
2019-12-19,Chandigarh,9.9,86
2019-12-20,Chandigarh,11.2,89
2019-12-21,Chandigarh,12.3,83
2019-12-22,Chandigarh,12.3,81
2019-12-23,Chandigarh,10.6,82
2019-12-24,Chandigarh,10.1,84
2019-12-25,Chandigarh,9.3,86
2019-12-26,Chandigarh,8.5,87
2019-12-27,Chandigarh,7.8,91
2019-12-28,Chandigarh,6.7,91
2019-12-29,Chandigarh,8.5,88
2019-12-30,Chandigarh,9.2,82
2019-12-31,Chandigarh,8.4,82
2020-01-01,Chandigarh,11.1,68
2020-01-02,Chandigarh,12.9,62
2020-01-03,Chandigarh,12.9,69
2020-01-04,Chandigarh,11.4,76
2020-01-05,Chandigarh,11.8,63
2020-01-06,Chandigarh,13.1,72
2020-01-07,Chandigarh,12.1,89
2020-01-08,Chandigarh,10.4,90
2020-01-09,Chandigarh,9.0,82
2020-01-10,Chandigarh,9.8,77
2020-01-11,Chandigarh,10.2,78
2020-01-12,Chandigarh,12.9,76
2020-01-13,Chandigarh,13.0,82
2020-01-14,Chandigarh,12.7,86
2020-01-15,Chandigarh,12.5,85
2020-01-16,Chandigarh,12.3,85
2020-01-17,Chandigarh,12.4,85
2020-01-18,Chandigarh,10.9,85
2020-01-19,Chandigarh,10.8,80
2020-01-20,Chandigarh,11.1,80
2020-01-21,Chandigarh,12.7,75
2020-01-22,Chandigarh,12.4,72
2020-01-23,Chandigarh,11.3,72
2020-01-24,Chandigarh,12.1,69
2020-01-25,Chandigarh,11.4,77
2020-01-26,Chandigarh,12.6,77
2020-01-27,Chandigarh,10.3,82
2020-01-28,Chandigarh,13.4,74
2020-01-29,Chandigarh,12.1,86
2020-01-30,Chandigarh,11.2,75
2020-01-31,Chandigarh,11.3,82
2020-02-01,Chandigarh,11.0,78
2020-02-02,Chandigarh,11.3,77
2020-02-03,Chandigarh,11.0,79
2020-02-04,Chandigarh,11.6,76
2020-02-05,Chandigarh,11.5,77
2020-02-06,Chandigarh,11.4,79
2020-02-07,Chandigarh,11.9,73
2020-02-08,Chandigarh,11.7,73
2020-02-09,Chandigarh,12.1,75
2020-02-10,Chandigarh,12.7,75
2020-02-11,Chandigarh,13.4,74
2020-02-12,Chandigarh,16.2,67
2020-02-13,Chandigarh,18.2,68
2020-02-14,Chandigarh,17.0,75
2020-02-15,Chandigarh,16.9,73
2020-02-16,Chandigarh,17.4,58
2020-02-17,Chandigarh,17.1,55
2020-02-18,Chandigarh,17.3,54
2020-02-19,Chandigarh,17.3,60
2020-02-20,Chandigarh,20.3,55
2020-02-21,Chandigarh,16.4,72
2020-02-22,Chandigarh,17.6,68
2020-02-23,Chandigarh,16.7,71
2020-02-24,Chandigarh,17.3,64
2020-02-25,Chandigarh,17.1,63
2020-02-26,Chandigarh,16.8,69
2020-02-27,Chandigarh,17.7,71
2020-02-28,Chandigarh,19.0,70
2020-02-29,Chandigarh,17.8,79
2020-03-01,Chandigarh,17.9,63
2020-03-02,Chandigarh,18.5,61
2020-03-03,Chandigarh,18.8,60
2020-03-04,Chandigarh,19.0,57
2020-03-05,Chandigarh,18.6,58
2020-03-06,Chandigarh,16.5,68
2020-03-07,Chandigarh,14.1,79
2020-03-08,Chandigarh,16.3,66
2020-03-09,Chandigarh,17.0,59
2020-03-10,Chandigarh,16.7,63
2020-03-11,Chandigarh,17.1,68
2020-03-12,Chandigarh,18.4,67
2020-03-13,Chandigarh,16.9,70
2020-03-14,Chandigarh,14.2,85
2020-03-15,Chandigarh,15.1,75
2020-03-16,Chandigarh,17.0,71
2020-03-17,Chandigarh,18.9,70
2020-03-18,Chandigarh,19.7,66
2020-03-19,Chandigarh,19.0,65
2020-03-20,Chandigarh,19.7,61
2020-03-21,Chandigarh,19.8,65
2020-03-22,Chandigarh,20.3,59
2020-03-23,Chandigarh,20.7,59
2020-03-24,Chandigarh,21.4,61
2020-03-25,Chandigarh,21.8,66
2020-03-26,Chandigarh,22.5,57
2020-03-27,Chandigarh,19.8,79
2020-03-28,Chandigarh,19.8,71
2020-03-29,Chandigarh,20.9,55
2020-03-30,Chandigarh,20.5,58
2020-03-31,Chandigarh,21.2,57
2020-04-01,Chandigarh,22.7,50
2020-04-02,Chandigarh,21.8,42
2020-04-03,Chandigarh,20.8,43
2020-04-04,Chandigarh,22.5,45
2020-04-05,Chandigarh,22.9,50
2020-04-06,Chandigarh,24.1,41
2020-04-07,Chandigarh,24.1,39
2020-04-08,Chandigarh,23.4,39
2020-04-09,Chandigarh,24.0,42
2020-04-10,Chandigarh,25.6,36
2020-04-11,Chandigarh,26.2,39
2020-04-12,Chandigarh,27.0,40
2020-04-13,Chandigarh,28.3,42
2020-04-14,Chandigarh,28.0,46
2020-04-15,Chandigarh,29.3,35
2020-04-16,Chandigarh,28.8,36
2020-04-17,Chandigarh,28.0,33
2020-04-18,Chandigarh,26.3,41
2020-04-19,Chandigarh,25.9,41
2020-04-20,Chandigarh,23.6,51
2020-04-21,Chandigarh,23.9,48
2020-04-22,Chandigarh,25.2,42
2020-04-23,Chandigarh,26.8,37
2020-04-24,Chandigarh,27.2,40
2020-04-25,Chandigarh,27.0,45
2020-04-26,Chandigarh,25.0,57
2020-04-27,Chandigarh,23.7,64
2020-04-28,Chandigarh,25.2,55
2020-04-29,Chandigarh,26.4,52
2020-04-30,Chandigarh,27.0,55
2020-05-01,Chandigarh,29.2,44
2020-05-02,Chandigarh,28.3,55
2020-05-03,Chandigarh,27.2,57
2020-05-04,Chandigarh,26.1,62
2020-05-05,Chandigarh,27.2,45
2020-05-06,Chandigarh,25.9,48
2020-05-07,Chandigarh,26.7,41
2020-05-08,Chandigarh,27.8,37
2020-05-09,Chandigarh,28.1,43
2020-05-10,Chandigarh,28.3,46
2020-05-11,Chandigarh,28.6,46
2020-05-12,Chandigarh,28.1,48
2020-05-13,Chandigarh,28.1,49
2020-05-14,Chandigarh,28.0,51
2020-05-15,Chandigarh,29.7,38
2020-05-16,Chandigarh,30.0,38
2020-05-17,Chandigarh,30.7,30
2020-05-18,Chandigarh,31.1,22
2020-05-19,Chandigarh,29.8,23
2020-05-20,Chandigarh,30.0,25
2020-05-21,Chandigarh,31.7,25
2020-05-22,Chandigarh,33.2,25
2020-05-23,Chandigarh,32.5,28
2020-05-24,Chandigarh,33.7,26
2020-05-25,Chandigarh,34.6,23
2020-05-26,Chandigarh,34.9,24
2020-05-27,Chandigarh,34.2,25
2020-05-28,Chandigarh,33.5,34
2020-05-29,Chandigarh,29.9,50
2020-05-30,Chandigarh,27.7,57
2020-05-31,Chandigarh,25.5,68
2020-06-01,Chandigarh,26.3,63
2020-06-02,Chandigarh,27.7,53
2020-06-03,Chandigarh,28.5,53
2020-06-04,Chandigarh,29.2,48
2020-06-05,Chandigarh,27.6,58
2020-06-06,Chandigarh,27.7,58
2020-06-07,Chandigarh,28.4,58
2020-06-08,Chandigarh,30.0,55
2020-06-09,Chandigarh,31.5,51
2020-06-10,Chandigarh,32.2,50
2020-06-11,Chandigarh,32.2,51
2020-06-12,Chandigarh,32.8,48
2020-06-13,Chandigarh,32.5,51
2020-06-14,Chandigarh,32.9,48
2020-06-15,Chandigarh,33.4,41
2020-06-16,Chandigarh,33.0,42
2020-06-17,Chandigarh,33.0,52
2020-06-18,Chandigarh,34.0,49
2020-06-19,Chandigarh,33.3,52
2020-06-20,Chandigarh,33.1,54
2020-06-21,Chandigarh,31.7,57
2020-06-22,Chandigarh,30.5,64
2020-06-23,Chandigarh,31.7,58
2020-06-24,Chandigarh,30.7,66
2020-06-25,Chandigarh,30.1,67
2020-06-26,Chandigarh,30.4,65
2020-06-27,Chandigarh,32.1,57
2020-06-28,Chandigarh,32.9,58
2020-06-29,Chandigarh,31.4,65
2020-06-30,Chandigarh,30.9,63
2020-07-01,Chandigarh,31.2,65
2020-07-02,Chandigarh,31.7,65
2020-07-03,Chandigarh,32.6,62
2020-07-04,Chandigarh,30.9,68
2020-07-05,Chandigarh,28.3,72
2020-07-06,Chandigarh,30.3,63
2020-07-07,Chandigarh,30.1,66
2020-07-08,Chandigarh,27.1,87
2020-07-09,Chandigarh,28.7,80
2020-07-10,Chandigarh,30.3,72
2020-07-11,Chandigarh,28.9,76
2020-07-12,Chandigarh,27.6,81
2020-07-13,Chandigarh,28.8,75
2020-07-14,Chandigarh,29.7,75
2020-07-15,Chandigarh,29.1,75
2020-07-16,Chandigarh,29.2,74
2020-07-17,Chandigarh,30.1,73
2020-07-18,Chandigarh,29.9,76
2020-07-19,Chandigarh,29.8,77
2020-07-20,Chandigarh,28.8,78
2020-07-21,Chandigarh,25.3,89
2020-07-22,Chandigarh,26.0,83
2020-07-23,Chandigarh,27.8,78
2020-07-24,Chandigarh,28.9,71
2020-07-25,Chandigarh,28.8,75
2020-07-26,Chandigarh,29.6,72
2020-07-27,Chandigarh,30.4,72
2020-07-28,Chandigarh,31.0,67
2020-07-29,Chandigarh,29.3,77
2020-07-30,Chandigarh,26.9,85
2020-07-31,Chandigarh,28.4,80
2020-08-01,Chandigarh,28.4,82
2020-08-02,Chandigarh,28.8,81
2020-08-03,Chandigarh,29.5,76
2020-08-04,Chandigarh,30.4,74
2020-08-05,Chandigarh,30.4,74
2020-08-06,Chandigarh,30.8,70
2020-08-07,Chandigarh,30.0,70
2020-08-08,Chandigarh,31.1,69
2020-08-09,Chandigarh,29.8,79
2020-08-10,Chandigarh,27.3,90
2020-08-11,Chandigarh,28.1,87
2020-08-12,Chandigarh,28.5,86
2020-08-13,Chandigarh,26.7,89
2020-08-14,Chandigarh,28.0,82
2020-08-15,Chandigarh,28.9,80
2020-08-16,Chandigarh,28.7,80
2020-08-17,Chandigarh,28.6,83
2020-08-18,Chandigarh,28.5,84
2020-08-19,Chandigarh,26.8,89
2020-08-20,Chandigarh,26.4,84
2020-08-21,Chandigarh,26.1,83
2020-08-22,Chandigarh,27.5,80
2020-08-23,Chandigarh,27.8,81
2020-08-24,Chandigarh,28.2,78
2020-08-25,Chandigarh,28.3,79
2020-08-26,Chandigarh,28.0,83
2020-08-27,Chandigarh,27.7,84
2020-08-28,Chandigarh,27.4,84
2020-08-29,Chandigarh,27.8,81
2020-08-30,Chandigarh,27.6,79
2020-08-31,Chandigarh,28.1,74
2020-09-01,Chandigarh,28.1,77
2020-09-02,Chandigarh,28.8,77
2020-09-03,Chandigarh,28.2,80
2020-09-04,Chandigarh,28.2,78
2020-09-05,Chandigarh,27.5,83
2020-09-06,Chandigarh,27.4,85
2020-09-07,Chandigarh,27.8,79
2020-09-08,Chandigarh,28.4,76
2020-09-09,Chandigarh,28.5,72
2020-09-10,Chandigarh,28.6,69
2020-09-11,Chandigarh,28.4,68
2020-09-12,Chandigarh,28.8,68
2020-09-13,Chandigarh,28.8,72
2020-09-14,Chandigarh,28.8,69
2020-09-15,Chandigarh,29.3,67
2020-09-16,Chandigarh,30.3,65
2020-09-17,Chandigarh,30.3,62
2020-09-18,Chandigarh,30.5,58
2020-09-19,Chandigarh,29.1,61
2020-09-20,Chandigarh,29.6,60
2020-09-21,Chandigarh,29.8,63
2020-09-22,Chandigarh,29.8,64
2020-09-23,Chandigarh,28.5,71
2020-09-24,Chandigarh,28.6,69
2020-09-25,Chandigarh,29.5,60
2020-09-26,Chandigarh,27.8,59
2020-09-27,Chandigarh,27.4,52
2020-09-28,Chandigarh,28.1,48
2020-09-29,Chandigarh,28.0,49
2020-09-30,Chandigarh,27.9,48
2020-10-01,Chandigarh,27.8,48
2020-10-02,Chandigarh,27.0,50
2020-10-03,Chandigarh,26.5,51
2020-10-04,Chandigarh,26.7,52
2020-10-05,Chandigarh,27.1,48
2020-10-06,Chandigarh,26.9,46
2020-10-07,Chandigarh,26.5,44
2020-10-08,Chandigarh,26.5,46
2020-10-09,Chandigarh,26.6,49
2020-10-10,Chandigarh,26.9,50
2020-10-11,Chandigarh,26.9,48
2020-10-12,Chandigarh,26.4,51
2020-10-13,Chandigarh,27.1,54
2020-10-14,Chandigarh,27.0,53
2020-10-15,Chandigarh,26.5,45
2020-10-16,Chandigarh,25.6,46
2020-10-17,Chandigarh,26.0,42
2020-10-18,Chandigarh,25.8,38
2020-10-19,Chandigarh,25.4,39
2020-10-20,Chandigarh,25.3,34
2020-10-21,Chandigarh,24.3,37
2020-10-22,Chandigarh,24.7,31
2020-10-23,Chandigarh,23.9,35
2020-10-24,Chandigarh,23.8,44
2020-10-25,Chandigarh,24.3,37
2020-10-26,Chandigarh,24.2,31
2020-10-27,Chandigarh,23.0,34
2020-10-28,Chandigarh,21.9,43
2020-10-29,Chandigarh,22.2,42
2020-10-30,Chandigarh,22.8,39
2020-10-31,Chandigarh,22.8,41
2020-11-01,Chandigarh,22.8,43
2020-11-02,Chandigarh,22.5,41
2020-11-03,Chandigarh,22.2,43
2020-11-04,Chandigarh,22.5,46
2020-11-05,Chandigarh,22.3,41
2020-11-06,Chandigarh,22.2,34
2020-11-07,Chandigarh,21.9,34
2020-11-08,Chandigarh,20.2,44
2020-11-09,Chandigarh,20.6,45
2020-11-10,Chandigarh,20.8,49
2020-11-11,Chandigarh,20.8,53
2020-11-12,Chandigarh,20.5,50
2020-11-13,Chandigarh,20.7,48
2020-11-14,Chandigarh,19.2,55
2020-11-15,Chandigarh,20.0,57
2020-11-16,Chandigarh,17.2,72
2020-11-17,Chandigarh,17.5,61
2020-11-18,Chandigarh,16.1,73
2020-11-19,Chandigarh,15.8,69
2020-11-20,Chandigarh,16.5,59
2020-11-21,Chandigarh,15.4,53
2020-11-22,Chandigarh,15.3,53
2020-11-23,Chandigarh,15.2,66
2020-11-24,Chandigarh,15.9,67
2020-11-25,Chandigarh,15.2,72
2020-11-26,Chandigarh,16.2,66
2020-11-27,Chandigarh,16.0,61
2020-11-28,Chandigarh,15.1,57
2020-11-29,Chandigarh,15.1,63
2020-11-30,Chandigarh,16.0,67
2020-12-01,Chandigarh,16.6,70
2020-12-02,Chandigarh,17.7,67
2020-12-03,Chandigarh,16.6,68
2020-12-04,Chandigarh,16.7,65
2020-12-05,Chandigarh,17.5,60
2019-01-02,Chhattisgarh,16.6,66
2019-01-03,Chhattisgarh,17.2,64
2019-01-04,Chhattisgarh,16.9,58
2019-01-05,Chhattisgarh,17.1,61
2019-01-06,Chhattisgarh,18.0,64
2019-01-07,Chhattisgarh,18.3,63
2019-01-08,Chhattisgarh,16.9,66
2019-01-09,Chhattisgarh,16.4,68
2019-01-10,Chhattisgarh,16.5,61
2019-01-11,Chhattisgarh,17.4,62
2019-01-12,Chhattisgarh,18.4,64
2019-01-13,Chhattisgarh,19.4,65
2019-01-14,Chhattisgarh,20.4,58
2019-01-15,Chhattisgarh,17.3,48
2019-01-16,Chhattisgarh,16.5,49
2019-01-17,Chhattisgarh,17.3,52
2019-01-18,Chhattisgarh,17.9,46
2019-01-19,Chhattisgarh,18.1,48
2019-01-20,Chhattisgarh,18.9,49
2019-01-21,Chhattisgarh,19.5,53
2019-01-22,Chhattisgarh,19.8,54
2019-01-23,Chhattisgarh,20.8,60
2019-01-24,Chhattisgarh,21.5,60
2019-01-25,Chhattisgarh,19.8,71
2019-01-26,Chhattisgarh,17.4,78
2019-01-27,Chhattisgarh,17.8,74
2019-01-28,Chhattisgarh,17.9,61
2019-01-29,Chhattisgarh,15.9,43
2019-01-30,Chhattisgarh,15.4,50
2019-01-31,Chhattisgarh,16.9,57
2019-02-01,Chhattisgarh,17.9,55
2019-02-02,Chhattisgarh,19.9,55
2019-02-03,Chhattisgarh,20.6,51
2019-02-04,Chhattisgarh,21.5,50
2019-02-05,Chhattisgarh,22.1,49
2019-02-06,Chhattisgarh,22.6,48
2019-02-07,Chhattisgarh,23.1,49
2019-02-08,Chhattisgarh,20.9,76
2019-02-09,Chhattisgarh,19.0,52
2019-02-10,Chhattisgarh,17.5,45
2019-02-11,Chhattisgarh,18.4,52
2019-02-12,Chhattisgarh,20.8,50
2019-02-13,Chhattisgarh,21.8,52
2019-02-14,Chhattisgarh,22.9,50
2019-02-15,Chhattisgarh,23.0,52
2019-02-16,Chhattisgarh,21.5,73
2019-02-17,Chhattisgarh,21.2,49
2019-02-18,Chhattisgarh,20.5,50
2019-02-19,Chhattisgarh,23.5,51
2019-02-20,Chhattisgarh,25.7,47
2019-02-21,Chhattisgarh,26.3,45
2019-02-22,Chhattisgarh,28.0,47
2019-02-23,Chhattisgarh,27.2,48
2019-02-24,Chhattisgarh,26.1,50
2019-02-25,Chhattisgarh,24.5,54
2019-02-26,Chhattisgarh,24.4,47
2019-02-27,Chhattisgarh,24.4,48
2019-02-28,Chhattisgarh,22.4,43
2019-03-01,Chhattisgarh,21.9,39
2019-03-02,Chhattisgarh,23.6,45
2019-03-03,Chhattisgarh,24.7,55
2019-03-04,Chhattisgarh,25.8,60
2019-03-05,Chhattisgarh,26.0,49
2019-03-06,Chhattisgarh,24.7,42
2019-03-07,Chhattisgarh,23.5,37
2019-03-08,Chhattisgarh,24.3,34
2019-03-09,Chhattisgarh,25.7,34
2019-03-10,Chhattisgarh,27.0,36
2019-03-11,Chhattisgarh,27.7,37
2019-03-12,Chhattisgarh,28.0,45
2019-03-13,Chhattisgarh,29.0,49
2019-03-14,Chhattisgarh,27.8,53
2019-03-15,Chhattisgarh,26.7,59
2019-03-16,Chhattisgarh,26.7,57
2019-03-17,Chhattisgarh,25.3,60
2019-03-18,Chhattisgarh,23.2,72
2019-03-19,Chhattisgarh,24.6,71
2019-03-20,Chhattisgarh,25.3,63
2019-03-21,Chhattisgarh,25.6,70
2019-03-22,Chhattisgarh,27.7,58
2019-03-23,Chhattisgarh,26.8,38
2019-03-24,Chhattisgarh,26.2,37
2019-03-25,Chhattisgarh,27.4,39
2019-03-26,Chhattisgarh,28.7,38
2019-03-27,Chhattisgarh,28.3,38
2019-03-28,Chhattisgarh,28.2,33
2019-03-29,Chhattisgarh,29.9,32
2019-03-30,Chhattisgarh,31.5,30
2019-03-31,Chhattisgarh,31.8,26
2019-04-01,Chhattisgarh,30.8,29
2019-04-02,Chhattisgarh,29.9,25
2019-04-03,Chhattisgarh,30.3,27
2019-04-04,Chhattisgarh,31.2,30
2019-04-05,Chhattisgarh,32.0,32
2019-04-06,Chhattisgarh,32.0,28
2019-04-07,Chhattisgarh,31.1,31
2019-04-08,Chhattisgarh,30.4,36
2019-04-09,Chhattisgarh,29.9,42
2019-04-10,Chhattisgarh,31.8,35
2019-04-11,Chhattisgarh,31.7,30
2019-04-12,Chhattisgarh,31.5,31
2019-04-13,Chhattisgarh,32.4,29
2019-04-14,Chhattisgarh,33.1,26
2019-04-15,Chhattisgarh,33.9,26
2019-04-16,Chhattisgarh,31.0,36
2019-04-17,Chhattisgarh,29.2,45
2019-04-18,Chhattisgarh,29.8,46
2019-04-19,Chhattisgarh,28.3,56
2019-04-20,Chhattisgarh,28.6,55
2019-04-21,Chhattisgarh,28.7,52
2019-04-22,Chhattisgarh,29.6,43
2019-04-23,Chhattisgarh,31.5,31
2019-04-24,Chhattisgarh,32.1,31
2019-04-25,Chhattisgarh,34.0,29
2019-04-26,Chhattisgarh,34.5,28
2019-04-27,Chhattisgarh,36.0,22
2019-04-28,Chhattisgarh,36.1,21
2019-04-29,Chhattisgarh,35.2,23
2019-04-30,Chhattisgarh,36.3,26
2019-05-01,Chhattisgarh,35.4,32
2019-05-02,Chhattisgarh,33.1,46
2019-05-03,Chhattisgarh,32.9,46
2019-05-04,Chhattisgarh,31.9,45
2019-05-05,Chhattisgarh,32.3,42
2019-05-06,Chhattisgarh,33.3,25
2019-05-07,Chhattisgarh,34.9,20
2019-05-08,Chhattisgarh,35.3,20
2019-05-09,Chhattisgarh,35.9,16
2019-05-10,Chhattisgarh,36.2,15
2019-05-11,Chhattisgarh,35.0,23
2019-05-12,Chhattisgarh,35.1,23
2019-05-13,Chhattisgarh,34.3,24
2019-05-14,Chhattisgarh,34.1,26
2019-05-15,Chhattisgarh,35.1,24
2019-05-16,Chhattisgarh,34.8,29
2019-05-17,Chhattisgarh,35.7,26
2019-05-18,Chhattisgarh,35.7,22
2019-05-19,Chhattisgarh,35.0,23
2019-05-20,Chhattisgarh,35.3,26
2019-05-21,Chhattisgarh,36.1,24
2019-05-22,Chhattisgarh,35.5,33
2019-05-23,Chhattisgarh,37.0,28
2019-05-24,Chhattisgarh,38.3,24
2019-05-25,Chhattisgarh,37.1,23
2019-05-26,Chhattisgarh,36.0,27
2019-05-27,Chhattisgarh,36.7,26
2019-05-28,Chhattisgarh,35.4,33
2019-05-29,Chhattisgarh,33.5,44
2019-05-30,Chhattisgarh,35.5,33
2019-05-31,Chhattisgarh,34.8,38
2019-06-01,Chhattisgarh,34.9,42
2019-06-02,Chhattisgarh,35.4,40
2019-06-03,Chhattisgarh,34.9,44
2019-06-04,Chhattisgarh,35.4,42
2019-06-05,Chhattisgarh,36.7,35
2019-06-06,Chhattisgarh,36.2,37
2019-06-07,Chhattisgarh,34.6,48
2019-06-08,Chhattisgarh,34.2,52
2019-06-09,Chhattisgarh,35.2,40
2019-06-10,Chhattisgarh,36.3,33
2019-06-11,Chhattisgarh,38.0,30
2019-06-12,Chhattisgarh,37.7,32
2019-06-13,Chhattisgarh,35.2,43
2019-06-14,Chhattisgarh,34.3,52
2019-06-15,Chhattisgarh,34.9,46
2019-06-16,Chhattisgarh,32.5,60
2019-06-17,Chhattisgarh,32.3,58
2019-06-18,Chhattisgarh,32.7,55
2019-06-19,Chhattisgarh,32.9,54
2019-06-20,Chhattisgarh,33.0,57
2019-06-21,Chhattisgarh,30.9,66
2019-06-22,Chhattisgarh,26.9,89
2019-06-23,Chhattisgarh,26.8,87
2019-06-24,Chhattisgarh,28.9,79
2019-06-25,Chhattisgarh,31.3,66
2019-06-26,Chhattisgarh,31.9,64
2019-06-27,Chhattisgarh,30.8,71
2019-06-28,Chhattisgarh,29.6,74
2019-06-29,Chhattisgarh,29.6,75
2019-06-30,Chhattisgarh,29.8,75
2019-07-01,Chhattisgarh,28.5,84
2019-07-02,Chhattisgarh,26.0,95
2019-07-03,Chhattisgarh,27.2,85
2019-07-04,Chhattisgarh,26.6,87
2019-07-05,Chhattisgarh,27.2,84
2019-07-06,Chhattisgarh,26.2,88
2019-07-07,Chhattisgarh,27.2,82
2019-07-08,Chhattisgarh,26.4,88
2019-07-09,Chhattisgarh,27.4,84
2019-07-10,Chhattisgarh,28.0,83
2019-07-11,Chhattisgarh,28.3,78
2019-07-12,Chhattisgarh,29.0,75
2019-07-13,Chhattisgarh,29.7,70
2019-07-14,Chhattisgarh,30.0,65
2019-07-15,Chhattisgarh,29.2,72
2019-07-16,Chhattisgarh,29.7,71
2019-07-17,Chhattisgarh,30.2,70
2019-07-18,Chhattisgarh,29.2,78
2019-07-19,Chhattisgarh,29.0,84
2019-07-20,Chhattisgarh,28.5,82
2019-07-21,Chhattisgarh,29.1,80
2019-07-22,Chhattisgarh,29.0,81
2019-07-23,Chhattisgarh,29.2,80
2019-07-24,Chhattisgarh,28.7,83
2019-07-25,Chhattisgarh,27.5,88
2019-07-26,Chhattisgarh,26.8,87
2019-07-27,Chhattisgarh,27.0,86
2019-07-28,Chhattisgarh,26.8,88
2019-07-29,Chhattisgarh,26.0,92
2019-07-30,Chhattisgarh,25.1,89
2019-07-31,Chhattisgarh,25.9,82
2019-08-01,Chhattisgarh,26.6,83
2019-08-02,Chhattisgarh,26.6,88
2019-08-03,Chhattisgarh,26.5,86
2019-08-04,Chhattisgarh,26.9,82
2019-08-05,Chhattisgarh,28.0,82
2019-08-06,Chhattisgarh,27.7,88
2019-08-07,Chhattisgarh,27.2,88
2019-08-08,Chhattisgarh,25.2,92
2019-08-09,Chhattisgarh,26.5,84
2019-08-10,Chhattisgarh,27.5,83
2019-08-11,Chhattisgarh,27.7,84
2019-08-12,Chhattisgarh,27.5,85
2019-08-13,Chhattisgarh,26.7,90
2019-08-14,Chhattisgarh,25.4,93
2019-08-15,Chhattisgarh,27.4,82
2019-08-16,Chhattisgarh,28.2,79
2019-08-17,Chhattisgarh,28.4,79
2019-08-18,Chhattisgarh,27.3,86
2019-08-19,Chhattisgarh,26.7,90
2019-08-20,Chhattisgarh,26.7,89
2019-08-21,Chhattisgarh,27.0,87
2019-08-22,Chhattisgarh,27.3,87
2019-08-23,Chhattisgarh,27.3,87
2019-08-24,Chhattisgarh,26.2,91
2019-08-25,Chhattisgarh,25.9,91
2019-08-26,Chhattisgarh,25.8,91
2019-08-27,Chhattisgarh,26.5,84
2019-08-28,Chhattisgarh,26.4,87
2019-08-29,Chhattisgarh,26.7,88
2019-08-30,Chhattisgarh,27.1,87
2019-08-31,Chhattisgarh,27.3,88
2019-09-01,Chhattisgarh,27.5,89
2019-09-02,Chhattisgarh,26.3,91
2019-09-03,Chhattisgarh,26.7,89
2019-09-04,Chhattisgarh,26.9,89
2019-09-05,Chhattisgarh,27.2,86
2019-09-06,Chhattisgarh,27.0,89
2019-09-07,Chhattisgarh,26.4,92
2019-09-08,Chhattisgarh,25.8,92
2019-09-09,Chhattisgarh,26.5,88
2019-09-10,Chhattisgarh,26.5,89
2019-09-11,Chhattisgarh,26.2,90
2019-09-12,Chhattisgarh,25.7,93
2019-09-13,Chhattisgarh,26.8,85
2019-09-14,Chhattisgarh,27.0,84
2019-09-15,Chhattisgarh,27.0,85
2019-09-16,Chhattisgarh,27.1,87
2019-09-17,Chhattisgarh,27.1,89
2019-09-18,Chhattisgarh,27.3,83
2019-09-19,Chhattisgarh,27.2,84
2019-09-20,Chhattisgarh,26.8,87
2019-09-21,Chhattisgarh,27.6,85
2019-09-22,Chhattisgarh,27.9,78
2019-09-23,Chhattisgarh,27.0,85
2019-09-24,Chhattisgarh,26.1,89
2019-09-25,Chhattisgarh,24.2,95
2019-09-26,Chhattisgarh,25.0,92
2019-09-27,Chhattisgarh,24.8,93
2019-09-28,Chhattisgarh,24.5,93
2019-09-29,Chhattisgarh,24.2,95
2019-09-30,Chhattisgarh,25.2,90
2019-10-01,Chhattisgarh,25.9,88
2019-10-02,Chhattisgarh,26.4,85
2019-10-03,Chhattisgarh,26.0,80
2019-10-04,Chhattisgarh,26.4,79
2019-10-05,Chhattisgarh,26.3,83
2019-10-06,Chhattisgarh,26.3,85
2019-10-07,Chhattisgarh,26.4,85
2019-10-08,Chhattisgarh,25.9,86
2019-10-09,Chhattisgarh,25.4,86
2019-10-10,Chhattisgarh,26.1,82
2019-10-11,Chhattisgarh,26.0,80
2019-10-12,Chhattisgarh,26.0,80
2019-10-13,Chhattisgarh,25.8,77
2019-10-14,Chhattisgarh,25.9,73
2019-10-15,Chhattisgarh,25.3,71
2019-10-16,Chhattisgarh,25.1,72
2019-10-17,Chhattisgarh,25.3,77
2019-10-18,Chhattisgarh,24.8,89
2019-10-19,Chhattisgarh,25.4,87
2019-10-20,Chhattisgarh,25.0,86
2019-10-21,Chhattisgarh,24.7,88
2019-10-22,Chhattisgarh,24.9,84
2019-10-23,Chhattisgarh,24.3,84
2019-10-24,Chhattisgarh,23.2,92
2019-10-25,Chhattisgarh,23.9,85
2019-10-26,Chhattisgarh,24.0,84
2019-10-27,Chhattisgarh,24.7,84
2019-10-28,Chhattisgarh,25.7,79
2019-10-29,Chhattisgarh,25.3,82
2019-10-30,Chhattisgarh,25.4,81
2019-10-31,Chhattisgarh,25.0,72
2019-11-01,Chhattisgarh,24.6,77
2019-11-02,Chhattisgarh,25.4,76
2019-11-03,Chhattisgarh,25.7,70
2019-11-04,Chhattisgarh,25.5,73
2019-11-05,Chhattisgarh,25.1,72
2019-11-06,Chhattisgarh,24.1,70
2019-11-07,Chhattisgarh,23.1,70
2019-11-08,Chhattisgarh,22.7,69
2019-11-09,Chhattisgarh,24.1,74
2019-11-10,Chhattisgarh,24.8,73
2019-11-11,Chhattisgarh,23.6,69
2019-11-12,Chhattisgarh,23.0,66
2019-11-13,Chhattisgarh,22.8,67
2019-11-14,Chhattisgarh,22.6,68
2019-11-15,Chhattisgarh,22.6,66
2019-11-16,Chhattisgarh,22.4,65
2019-11-17,Chhattisgarh,23.2,65
2019-11-18,Chhattisgarh,23.2,60
2019-11-19,Chhattisgarh,22.4,62
2019-11-20,Chhattisgarh,22.6,63
2019-11-21,Chhattisgarh,22.4,67
2019-11-22,Chhattisgarh,22.5,68
2019-11-23,Chhattisgarh,22.7,62
2019-11-24,Chhattisgarh,22.2,59
2019-11-25,Chhattisgarh,22.9,64
2019-11-26,Chhattisgarh,22.7,67
2019-11-27,Chhattisgarh,23.3,68
2019-11-28,Chhattisgarh,22.8,73
2019-11-29,Chhattisgarh,22.9,73
2019-11-30,Chhattisgarh,23.2,69
2019-12-01,Chhattisgarh,22.5,66
2019-12-02,Chhattisgarh,22.4,66
2019-12-03,Chhattisgarh,22.2,67
2019-12-04,Chhattisgarh,21.4,55
2019-12-05,Chhattisgarh,19.5,57
2019-12-06,Chhattisgarh,19.9,58
2019-12-07,Chhattisgarh,19.8,67
2019-12-08,Chhattisgarh,20.3,68
2019-12-09,Chhattisgarh,20.5,70
2019-12-10,Chhattisgarh,20.7,68
2019-12-11,Chhattisgarh,20.6,68
2019-12-12,Chhattisgarh,21.4,64
2019-12-13,Chhattisgarh,20.5,70
2019-12-14,Chhattisgarh,21.5,77
2019-12-15,Chhattisgarh,21.1,79
2019-12-16,Chhattisgarh,20.4,80
2019-12-17,Chhattisgarh,20.3,72
2019-12-18,Chhattisgarh,18.2,70
2019-12-19,Chhattisgarh,18.1,67
2019-12-20,Chhattisgarh,17.8,61
2019-12-21,Chhattisgarh,18.9,60
2019-12-22,Chhattisgarh,19.9,63
2019-12-23,Chhattisgarh,20.4,61
2019-12-24,Chhattisgarh,20.2,67
2019-12-25,Chhattisgarh,21.7,67
2019-12-26,Chhattisgarh,19.4,85
2019-12-27,Chhattisgarh,16.2,54
2019-12-28,Chhattisgarh,14.3,55
2019-12-29,Chhattisgarh,15.2,62
2019-12-30,Chhattisgarh,16.3,56
2019-12-31,Chhattisgarh,17.1,58
2020-01-01,Chhattisgarh,17.2,70
2020-01-02,Chhattisgarh,17.2,79
2020-01-03,Chhattisgarh,18.1,84
2020-01-04,Chhattisgarh,17.7,87
2020-01-05,Chhattisgarh,15.8,75
2020-01-06,Chhattisgarh,16.4,69
2020-01-07,Chhattisgarh,17.0,69
2020-01-08,Chhattisgarh,18.4,77
2020-01-09,Chhattisgarh,18.6,77
2020-01-10,Chhattisgarh,14.5,69
2020-01-11,Chhattisgarh,14.0,74
2020-01-12,Chhattisgarh,14.6,72
2020-01-13,Chhattisgarh,17.0,73
2020-01-14,Chhattisgarh,18.7,74
2020-01-15,Chhattisgarh,18.8,75
2020-01-16,Chhattisgarh,19.7,74
2020-01-17,Chhattisgarh,18.9,76
2020-01-18,Chhattisgarh,20.2,78
2020-01-19,Chhattisgarh,19.4,78
2020-01-20,Chhattisgarh,16.8,74
2020-01-21,Chhattisgarh,17.9,77
2020-01-22,Chhattisgarh,20.4,75
2020-01-23,Chhattisgarh,20.6,74
2020-01-24,Chhattisgarh,17.4,55
2020-01-25,Chhattisgarh,17.4,64
2020-01-26,Chhattisgarh,17.9,61
2020-01-27,Chhattisgarh,18.1,63
2020-01-28,Chhattisgarh,20.5,65
2020-01-29,Chhattisgarh,21.8,72
2020-01-30,Chhattisgarh,20.3,53
2020-01-31,Chhattisgarh,16.5,54
2020-02-01,Chhattisgarh,17.5,59
2020-02-02,Chhattisgarh,18.0,52
2020-02-03,Chhattisgarh,18.8,55
2020-02-04,Chhattisgarh,17.2,83
2020-02-05,Chhattisgarh,19.0,77
2020-02-06,Chhattisgarh,17.4,74
2020-02-07,Chhattisgarh,16.2,90
2020-02-08,Chhattisgarh,17.3,82
2020-02-09,Chhattisgarh,16.6,66
2020-02-10,Chhattisgarh,16.5,63
2020-02-11,Chhattisgarh,17.1,66
2020-02-12,Chhattisgarh,18.0,62
2020-02-13,Chhattisgarh,20.0,55
2020-02-14,Chhattisgarh,21.4,53
2020-02-15,Chhattisgarh,21.1,55
2020-02-16,Chhattisgarh,20.7,52
2020-02-17,Chhattisgarh,21.3,40
2020-02-18,Chhattisgarh,21.1,41
2020-02-19,Chhattisgarh,20.7,49
2020-02-20,Chhattisgarh,22.2,50
2020-02-21,Chhattisgarh,23.1,59
2020-02-22,Chhattisgarh,23.6,58
2020-02-23,Chhattisgarh,23.5,65
2020-02-24,Chhattisgarh,21.0,83
2020-02-25,Chhattisgarh,19.8,87
2020-02-26,Chhattisgarh,19.9,66
2020-02-27,Chhattisgarh,19.9,63
2020-02-28,Chhattisgarh,20.7,61
2020-02-29,Chhattisgarh,21.9,66
2020-03-01,Chhattisgarh,23.1,66
2020-03-02,Chhattisgarh,23.1,65
2020-03-03,Chhattisgarh,23.1,74
2020-03-04,Chhattisgarh,23.0,75
2020-03-05,Chhattisgarh,23.0,74
2020-03-06,Chhattisgarh,22.9,79
2020-03-07,Chhattisgarh,22.7,83
2020-03-08,Chhattisgarh,22.8,73
2020-03-09,Chhattisgarh,22.5,61
2020-03-10,Chhattisgarh,21.4,68
2020-03-11,Chhattisgarh,22.9,74
2020-03-12,Chhattisgarh,24.3,78
2020-03-13,Chhattisgarh,24.6,81
2020-03-14,Chhattisgarh,22.3,85
2020-03-15,Chhattisgarh,23.3,80
2020-03-16,Chhattisgarh,24.0,75
2020-03-17,Chhattisgarh,23.8,70
2020-03-18,Chhattisgarh,24.1,70
2020-03-19,Chhattisgarh,21.7,84
2020-03-20,Chhattisgarh,23.1,75
2020-03-21,Chhattisgarh,22.7,73
2020-03-22,Chhattisgarh,23.9,71
2020-03-23,Chhattisgarh,24.2,72
2020-03-24,Chhattisgarh,25.2,71
2020-03-25,Chhattisgarh,26.9,58
2020-03-26,Chhattisgarh,27.1,55
2020-03-27,Chhattisgarh,28.2,58
2020-03-28,Chhattisgarh,27.6,63
2020-03-29,Chhattisgarh,27.7,58
2020-03-30,Chhattisgarh,27.8,56
2020-03-31,Chhattisgarh,27.9,61
2020-04-01,Chhattisgarh,29.1,50
2020-04-02,Chhattisgarh,28.4,44
2020-04-03,Chhattisgarh,28.5,42
2020-04-04,Chhattisgarh,27.1,57
2020-04-05,Chhattisgarh,28.5,55
2020-04-06,Chhattisgarh,28.1,48
2020-04-07,Chhattisgarh,27.4,61
2020-04-08,Chhattisgarh,28.1,56
2020-04-09,Chhattisgarh,27.6,54
2020-04-10,Chhattisgarh,28.6,46
2020-04-11,Chhattisgarh,29.1,39
2020-04-12,Chhattisgarh,29.7,39
2020-04-13,Chhattisgarh,30.3,38
2020-04-14,Chhattisgarh,30.6,41
2020-04-15,Chhattisgarh,30.8,37
2020-04-16,Chhattisgarh,30.5,40
2020-04-17,Chhattisgarh,31.8,35
2020-04-18,Chhattisgarh,30.6,38
2020-04-19,Chhattisgarh,30.7,41
2020-04-20,Chhattisgarh,30.9,45
2020-04-21,Chhattisgarh,29.7,53
2020-04-22,Chhattisgarh,28.7,60
2020-04-23,Chhattisgarh,28.2,64
2020-04-24,Chhattisgarh,27.8,72
2020-04-25,Chhattisgarh,28.3,69
2020-04-26,Chhattisgarh,28.4,66
2020-04-27,Chhattisgarh,27.5,71
2020-04-28,Chhattisgarh,27.8,64
2020-04-29,Chhattisgarh,28.6,57
2020-04-30,Chhattisgarh,29.8,50
2020-05-01,Chhattisgarh,30.8,45
2020-05-02,Chhattisgarh,31.4,45
2020-05-03,Chhattisgarh,32.0,46
2020-05-04,Chhattisgarh,32.3,51
2020-05-05,Chhattisgarh,31.2,55
2020-05-06,Chhattisgarh,31.3,47
2020-05-07,Chhattisgarh,30.2,49
2020-05-08,Chhattisgarh,29.9,57
2020-05-09,Chhattisgarh,30.1,63
2020-05-10,Chhattisgarh,30.3,54
2020-05-11,Chhattisgarh,30.4,51
2020-05-12,Chhattisgarh,30.6,52
2020-05-13,Chhattisgarh,31.2,53
2020-05-14,Chhattisgarh,32.3,49
2020-05-15,Chhattisgarh,32.6,49
2020-05-16,Chhattisgarh,32.9,46
2020-05-17,Chhattisgarh,32.2,50
2020-05-18,Chhattisgarh,32.4,50
2020-05-19,Chhattisgarh,32.9,35
2020-05-20,Chhattisgarh,32.1,27
2020-05-21,Chhattisgarh,31.8,34
2020-05-22,Chhattisgarh,32.1,35
2020-05-23,Chhattisgarh,34.0,30
2020-05-24,Chhattisgarh,35.1,28
2020-05-25,Chhattisgarh,36.6,24
2020-05-26,Chhattisgarh,36.3,30
2020-05-27,Chhattisgarh,36.4,27
2020-05-28,Chhattisgarh,36.2,31
2020-05-29,Chhattisgarh,34.1,49
2020-05-30,Chhattisgarh,33.8,46
2020-05-31,Chhattisgarh,33.3,48
2020-06-01,Chhattisgarh,31.9,55
2020-06-02,Chhattisgarh,30.1,64
2020-06-03,Chhattisgarh,29.3,67
2020-06-04,Chhattisgarh,28.1,76
2020-06-05,Chhattisgarh,28.3,64
2020-06-06,Chhattisgarh,29.5,64
2020-06-07,Chhattisgarh,29.5,67
2020-06-08,Chhattisgarh,30.1,67
2020-06-09,Chhattisgarh,31.9,59
2020-06-10,Chhattisgarh,32.3,56
2020-06-11,Chhattisgarh,31.3,65
2020-06-12,Chhattisgarh,28.7,81
2020-06-13,Chhattisgarh,27.0,90
2020-06-14,Chhattisgarh,27.8,85
2020-06-15,Chhattisgarh,27.5,87
2020-06-16,Chhattisgarh,26.9,88
2020-06-17,Chhattisgarh,27.2,86
2020-06-18,Chhattisgarh,27.7,80
2020-06-19,Chhattisgarh,28.0,81
2020-06-20,Chhattisgarh,27.5,83
2020-06-21,Chhattisgarh,26.6,87
2020-06-22,Chhattisgarh,26.0,91
2020-06-23,Chhattisgarh,26.2,90
2020-06-24,Chhattisgarh,28.1,82
2020-06-25,Chhattisgarh,29.4,79
2020-06-26,Chhattisgarh,28.0,86
2020-06-27,Chhattisgarh,28.3,82
2020-06-28,Chhattisgarh,28.3,80
2020-06-29,Chhattisgarh,27.5,83
2020-06-30,Chhattisgarh,27.1,89
2020-07-01,Chhattisgarh,28.3,83
2020-07-02,Chhattisgarh,29.0,83
2020-07-03,Chhattisgarh,28.3,87
2020-07-04,Chhattisgarh,27.9,87
2020-07-05,Chhattisgarh,26.6,92
2020-07-06,Chhattisgarh,26.0,91
2020-07-07,Chhattisgarh,27.0,87
2020-07-08,Chhattisgarh,28.6,79
2020-07-09,Chhattisgarh,28.2,82
2020-07-10,Chhattisgarh,27.3,88
2020-07-11,Chhattisgarh,26.8,89
2020-07-12,Chhattisgarh,27.2,86
2020-07-13,Chhattisgarh,27.6,86
2020-07-14,Chhattisgarh,26.2,92
2020-07-15,Chhattisgarh,27.0,86
2020-07-16,Chhattisgarh,27.7,84
2020-07-17,Chhattisgarh,28.0,83
2020-07-18,Chhattisgarh,28.6,81
2020-07-19,Chhattisgarh,28.6,81
2020-07-20,Chhattisgarh,27.3,87
2020-07-21,Chhattisgarh,26.8,89
2020-07-22,Chhattisgarh,27.7,86
2020-07-23,Chhattisgarh,26.4,90
2020-07-24,Chhattisgarh,26.6,86
2020-07-25,Chhattisgarh,27.0,86
2020-07-26,Chhattisgarh,28.3,80
2020-07-27,Chhattisgarh,28.8,81
2020-07-28,Chhattisgarh,28.6,84
2020-07-29,Chhattisgarh,27.9,85
2020-07-30,Chhattisgarh,28.4,86
2020-07-31,Chhattisgarh,28.9,84
2020-08-01,Chhattisgarh,28.7,85
2020-08-02,Chhattisgarh,28.7,85
2020-08-03,Chhattisgarh,27.5,88
2020-08-04,Chhattisgarh,27.5,87
2020-08-05,Chhattisgarh,25.7,93
2020-08-06,Chhattisgarh,26.5,88
2020-08-07,Chhattisgarh,26.0,93
2020-08-08,Chhattisgarh,26.8,89
2020-08-09,Chhattisgarh,26.9,86
2020-08-10,Chhattisgarh,27.5,86
2020-08-11,Chhattisgarh,27.8,85
2020-08-12,Chhattisgarh,27.1,89
2020-08-13,Chhattisgarh,27.1,88
2020-08-14,Chhattisgarh,27.2,83
2020-08-15,Chhattisgarh,26.4,89
2020-08-16,Chhattisgarh,25.9,93
2020-08-17,Chhattisgarh,26.4,90
2020-08-18,Chhattisgarh,26.0,91
2020-08-19,Chhattisgarh,27.1,88
2020-08-20,Chhattisgarh,27.2,86
2020-08-21,Chhattisgarh,25.6,91
2020-08-22,Chhattisgarh,26.6,85
2020-08-23,Chhattisgarh,27.3,84
2020-08-24,Chhattisgarh,26.7,87
2020-08-25,Chhattisgarh,27.2,85
2020-08-26,Chhattisgarh,25.6,93
2020-08-27,Chhattisgarh,25.8,90
2020-08-28,Chhattisgarh,24.7,92
2020-08-29,Chhattisgarh,26.4,82
2020-08-30,Chhattisgarh,27.3,79
2020-08-31,Chhattisgarh,28.0,78
2020-09-01,Chhattisgarh,28.5,77
2020-09-02,Chhattisgarh,25.9,90
2020-09-03,Chhattisgarh,26.7,86
2020-09-04,Chhattisgarh,27.8,86
2020-09-05,Chhattisgarh,27.7,86
2020-09-06,Chhattisgarh,28.1,85
2020-09-07,Chhattisgarh,28.0,86
2020-09-08,Chhattisgarh,28.4,82
2020-09-09,Chhattisgarh,28.0,87
2020-09-10,Chhattisgarh,27.3,89
2020-09-11,Chhattisgarh,27.2,88
2020-09-12,Chhattisgarh,27.5,87
2020-09-13,Chhattisgarh,28.5,81
2020-09-14,Chhattisgarh,28.7,78
2020-09-15,Chhattisgarh,28.7,79
2020-09-16,Chhattisgarh,28.4,85
2020-09-17,Chhattisgarh,28.8,84
2020-09-18,Chhattisgarh,28.9,82
2020-09-19,Chhattisgarh,27.8,87
2020-09-20,Chhattisgarh,28.5,84
2020-09-21,Chhattisgarh,26.2,92
2020-09-22,Chhattisgarh,26.4,88
2020-09-23,Chhattisgarh,26.8,86
2020-09-24,Chhattisgarh,27.3,83
2020-09-25,Chhattisgarh,27.6,86
2020-09-26,Chhattisgarh,27.5,80
2020-09-27,Chhattisgarh,27.5,78
2020-09-28,Chhattisgarh,27.4,79
2020-09-29,Chhattisgarh,27.9,73
2020-09-30,Chhattisgarh,27.5,69
2020-10-01,Chhattisgarh,27.1,74
2020-10-02,Chhattisgarh,27.4,77
2020-10-03,Chhattisgarh,26.5,85
2020-10-04,Chhattisgarh,25.8,90
2020-10-05,Chhattisgarh,26.2,89
2020-10-06,Chhattisgarh,26.2,89
2020-10-07,Chhattisgarh,26.2,90
2020-10-08,Chhattisgarh,26.3,88
2020-10-09,Chhattisgarh,27.1,88
2020-10-10,Chhattisgarh,27.0,88
2020-10-11,Chhattisgarh,26.8,88
2020-10-12,Chhattisgarh,27.5,84
2020-10-13,Chhattisgarh,27.8,76
2020-10-14,Chhattisgarh,27.1,79
2020-10-15,Chhattisgarh,26.5,85
2020-10-16,Chhattisgarh,26.7,88
2020-10-17,Chhattisgarh,27.2,85
2020-10-18,Chhattisgarh,26.9,86
2020-10-19,Chhattisgarh,27.4,79
2020-10-20,Chhattisgarh,26.3,72
2020-10-21,Chhattisgarh,26.8,68
2020-10-22,Chhattisgarh,26.3,59
2020-10-23,Chhattisgarh,25.3,65
2020-10-24,Chhattisgarh,25.1,66
2020-10-25,Chhattisgarh,24.8,66
2020-10-26,Chhattisgarh,24.6,69
2020-10-27,Chhattisgarh,24.7,68
2020-10-28,Chhattisgarh,24.8,69
2020-10-29,Chhattisgarh,24.1,65
2020-10-30,Chhattisgarh,24.0,55
2020-10-31,Chhattisgarh,24.3,48
2020-11-01,Chhattisgarh,25.3,53
2020-11-02,Chhattisgarh,25.2,51
2020-11-03,Chhattisgarh,24.2,51
2020-11-04,Chhattisgarh,23.0,53
2020-11-05,Chhattisgarh,22.1,54
2020-11-06,Chhattisgarh,22.1,53
2020-11-07,Chhattisgarh,21.7,54
2020-11-08,Chhattisgarh,21.3,56
2020-11-09,Chhattisgarh,21.3,55
2020-11-10,Chhattisgarh,22.2,56
2020-11-11,Chhattisgarh,23.3,64
2020-11-12,Chhattisgarh,25.9,64
2020-11-13,Chhattisgarh,25.2,63
2020-11-14,Chhattisgarh,25.7,61
2020-11-15,Chhattisgarh,25.4,60
2020-11-16,Chhattisgarh,25.5,60
2020-11-17,Chhattisgarh,25.2,63
2020-11-18,Chhattisgarh,25.3,62
2020-11-19,Chhattisgarh,25.0,66
2020-11-20,Chhattisgarh,24.1,77
2020-11-21,Chhattisgarh,22.7,60
2020-11-22,Chhattisgarh,19.6,54
2020-11-23,Chhattisgarh,19.9,56
2020-11-24,Chhattisgarh,20.3,60
2020-11-25,Chhattisgarh,21.1,54
2020-11-26,Chhattisgarh,21.1,61
2020-11-27,Chhattisgarh,20.7,66
2020-11-28,Chhattisgarh,21.2,64
2020-11-29,Chhattisgarh,21.6,59
2020-11-30,Chhattisgarh,21.4,63
2020-12-01,Chhattisgarh,20.9,62
2020-12-02,Chhattisgarh,20.5,62
2020-12-03,Chhattisgarh,20.6,57
2020-12-04,Chhattisgarh,21.0,54
2020-12-05,Chhattisgarh,20.8,58
2019-01-02,DNH,22.0,43
2019-01-03,DNH,22.3,40
2019-01-04,DNH,22.0,48
2019-01-05,DNH,21.2,55
2019-01-06,DNH,21.3,54
2019-01-07,DNH,22.4,34
2019-01-08,DNH,21.5,43
2019-01-09,DNH,20.5,48
2019-01-10,DNH,21.9,45
2019-01-11,DNH,21.0,52
2019-01-12,DNH,20.2,61
2019-01-13,DNH,21.1,51
2019-01-14,DNH,23.9,41
2019-01-15,DNH,24.3,44
2019-01-16,DNH,23.9,50
2019-01-17,DNH,22.9,56
2019-01-18,DNH,22.7,49
2019-01-19,DNH,25.3,43
2019-01-20,DNH,23.9,54
2019-01-21,DNH,22.7,60
2019-01-22,DNH,22.0,75
2019-01-23,DNH,20.9,64
2019-01-24,DNH,20.4,54
2019-01-25,DNH,19.6,43
2019-01-26,DNH,20.4,43
2019-01-27,DNH,21.6,39
2019-01-28,DNH,21.2,35
2019-01-29,DNH,21.1,31
2019-01-30,DNH,22.4,38
2019-01-31,DNH,21.2,55
2019-02-01,DNH,22.0,54
2019-02-02,DNH,21.8,52
2019-02-03,DNH,23.6,53
2019-02-04,DNH,25.7,50
2019-02-05,DNH,24.8,55
2019-02-06,DNH,22.9,62
2019-02-07,DNH,20.4,63
2019-02-08,DNH,18.0,54
2019-02-09,DNH,19.6,32
2019-02-10,DNH,21.8,30
2019-02-11,DNH,23.0,38
2019-02-12,DNH,25.7,38
2019-02-13,DNH,25.4,44
2019-02-14,DNH,24.4,50
2019-02-15,DNH,23.3,54
2019-02-16,DNH,22.2,54
2019-02-17,DNH,22.9,42
2019-02-18,DNH,23.1,49
2019-02-19,DNH,23.7,53
2019-02-20,DNH,26.0,49
2019-02-21,DNH,25.3,61
2019-02-22,DNH,25.7,59
2019-02-23,DNH,26.6,49
2019-02-24,DNH,25.1,40
2019-02-25,DNH,24.8,44
2019-02-26,DNH,24.1,60
2019-02-27,DNH,22.6,71
2019-02-28,DNH,23.4,56
2019-03-01,DNH,24.4,36
2019-03-02,DNH,26.0,47
2019-03-03,DNH,23.6,74
2019-03-04,DNH,24.2,74
2019-03-05,DNH,24.0,67
2019-03-06,DNH,23.2,66
2019-03-07,DNH,23.9,61
2019-03-08,DNH,25.4,55
2019-03-09,DNH,25.8,49
2019-03-10,DNH,26.5,41
2019-03-11,DNH,24.7,63
2019-03-12,DNH,24.8,65
2019-03-13,DNH,24.8,61
2019-03-14,DNH,24.6,51
2019-03-15,DNH,25.6,33
2019-03-16,DNH,26.1,37
2019-03-17,DNH,26.4,52
2019-03-18,DNH,27.2,41
2019-03-19,DNH,27.2,37
2019-03-20,DNH,25.9,49
2019-03-21,DNH,24.8,67
2019-03-22,DNH,26.0,59
2019-03-23,DNH,28.9,40
2019-03-24,DNH,29.7,31
2019-03-25,DNH,30.9,28
2019-03-26,DNH,30.9,28
2019-03-27,DNH,29.2,37
2019-03-28,DNH,28.4,47
2019-03-29,DNH,29.3,50
2019-03-30,DNH,29.2,53
2019-03-31,DNH,29.1,51
2019-04-01,DNH,27.9,57
2019-04-02,DNH,27.5,68
2019-04-03,DNH,28.4,65
2019-04-04,DNH,29.0,63
2019-04-05,DNH,28.8,63
2019-04-06,DNH,28.7,57
2019-04-07,DNH,28.4,65
2019-04-08,DNH,28.6,65
2019-04-09,DNH,28.5,65
2019-04-10,DNH,28.9,67
2019-04-11,DNH,29.3,64
2019-04-12,DNH,30.0,58
2019-04-13,DNH,30.8,51
2019-04-14,DNH,31.3,51
2019-04-15,DNH,31.6,49
2019-04-16,DNH,29.9,60
2019-04-17,DNH,27.9,53
2019-04-18,DNH,28.5,59
2019-04-19,DNH,29.3,53
2019-04-20,DNH,29.7,50
2019-04-21,DNH,29.3,57
2019-04-22,DNH,29.4,56
2019-04-23,DNH,30.0,57
2019-04-24,DNH,30.1,59
2019-04-25,DNH,30.9,54
2019-04-26,DNH,31.7,55
2019-04-27,DNH,34.1,41
2019-04-28,DNH,33.4,40
2019-04-29,DNH,31.6,52
2019-04-30,DNH,30.3,59
2019-05-01,DNH,29.0,68
2019-05-02,DNH,28.5,67
2019-05-03,DNH,28.3,67
2019-05-04,DNH,28.9,67
2019-05-05,DNH,29.1,69
2019-05-06,DNH,29.5,67
2019-05-07,DNH,29.5,68
2019-05-08,DNH,29.2,68
2019-05-09,DNH,29.0,66
2019-05-10,DNH,29.0,66
2019-05-11,DNH,29.1,65
2019-05-12,DNH,29.5,70
2019-05-13,DNH,29.9,69
2019-05-14,DNH,29.5,70
2019-05-15,DNH,29.4,68
2019-05-16,DNH,29.3,69
2019-05-17,DNH,29.6,70
2019-05-18,DNH,30.9,63
2019-05-19,DNH,31.3,62
2019-05-20,DNH,31.4,65
2019-05-21,DNH,32.0,63
2019-05-22,DNH,30.9,67
2019-05-23,DNH,31.1,68
2019-05-24,DNH,31.1,66
2019-05-25,DNH,30.7,66
2019-05-26,DNH,30.2,69
2019-05-27,DNH,31.1,66
2019-05-28,DNH,30.9,67
2019-05-29,DNH,30.7,68
2019-05-30,DNH,30.5,70
2019-05-31,DNH,30.6,68
2019-06-01,DNH,30.9,67
2019-06-02,DNH,31.0,67
2019-06-03,DNH,30.9,67
2019-06-04,DNH,30.8,64
2019-06-05,DNH,31.0,66
2019-06-06,DNH,31.2,67
2019-06-07,DNH,30.9,71
2019-06-08,DNH,31.7,69
2019-06-09,DNH,31.3,69
2019-06-10,DNH,30.5,72
2019-06-11,DNH,31.7,68
2019-06-12,DNH,30.5,69
2019-06-13,DNH,28.7,75
2019-06-14,DNH,28.8,76
2019-06-15,DNH,28.2,80
2019-06-16,DNH,28.9,79
2019-06-17,DNH,28.6,79
2019-06-18,DNH,28.0,83
2019-06-19,DNH,28.1,83
2019-06-20,DNH,28.9,77
2019-06-21,DNH,28.9,77
2019-06-22,DNH,29.3,75
2019-06-23,DNH,28.8,77
2019-06-24,DNH,29.1,76
2019-06-25,DNH,28.3,82
2019-06-26,DNH,28.9,80
2019-06-27,DNH,28.2,83
2019-06-28,DNH,26.3,94
2019-06-29,DNH,26.4,92
2019-06-30,DNH,25.7,95
2019-07-01,DNH,25.1,96
2019-07-02,DNH,25.4,96
2019-07-03,DNH,26.0,94
2019-07-04,DNH,26.4,92
2019-07-05,DNH,26.0,94
2019-07-06,DNH,25.6,94
2019-07-07,DNH,25.7,95
2019-07-08,DNH,26.5,92
2019-07-09,DNH,26.7,90
2019-07-10,DNH,26.4,91
2019-07-11,DNH,26.5,91
2019-07-12,DNH,27.0,89
2019-07-13,DNH,26.5,90
2019-07-14,DNH,27.0,88
2019-07-15,DNH,27.5,84
2019-07-16,DNH,26.8,89
2019-07-17,DNH,26.8,88
2019-07-18,DNH,27.2,87
2019-07-19,DNH,27.7,85
2019-07-20,DNH,27.5,90
2019-07-21,DNH,27.2,88
2019-07-22,DNH,28.2,86
2019-07-23,DNH,28.6,84
2019-07-24,DNH,27.1,90
2019-07-25,DNH,26.2,94
2019-07-26,DNH,26.4,92
2019-07-27,DNH,25.8,93
2019-07-28,DNH,25.9,92
2019-07-29,DNH,25.3,94
2019-07-30,DNH,25.3,94
2019-07-31,DNH,25.4,94
2019-08-01,DNH,25.6,93
2019-08-02,DNH,25.5,94
2019-08-03,DNH,25.4,95
2019-08-04,DNH,25.4,94
2019-08-05,DNH,25.5,95
2019-08-06,DNH,26.0,93
2019-08-07,DNH,26.1,91
2019-08-08,DNH,25.8,93
2019-08-09,DNH,25.8,93
2019-08-10,DNH,26.0,90
2019-08-11,DNH,25.7,91
2019-08-12,DNH,26.4,88
2019-08-13,DNH,26.7,88
2019-08-14,DNH,25.8,94
2019-08-15,DNH,26.0,92
2019-08-16,DNH,26.1,91
2019-08-17,DNH,26.5,86
2019-08-18,DNH,26.3,88
2019-08-19,DNH,26.5,87
2019-08-20,DNH,26.5,89
2019-08-21,DNH,26.2,90
2019-08-22,DNH,26.1,90
2019-08-23,DNH,26.3,87
2019-08-24,DNH,26.3,88
2019-08-25,DNH,26.2,88
2019-08-26,DNH,25.8,88
2019-08-27,DNH,25.3,92
2019-08-28,DNH,26.4,88
2019-08-29,DNH,27.2,86
2019-08-30,DNH,26.9,88
2019-08-31,DNH,26.3,91
2019-09-01,DNH,25.6,93
2019-09-02,DNH,26.3,90
2019-09-03,DNH,26.1,92
2019-09-04,DNH,25.7,94
2019-09-05,DNH,26.2,92
2019-09-06,DNH,26.3,92
2019-09-07,DNH,26.1,92
2019-09-08,DNH,25.6,94
2019-09-09,DNH,25.6,95
2019-09-10,DNH,25.7,94
2019-09-11,DNH,25.9,92
2019-09-12,DNH,25.7,92
2019-09-13,DNH,25.1,95
2019-09-14,DNH,25.6,94
2019-09-15,DNH,26.0,91
2019-09-16,DNH,26.7,88
2019-09-17,DNH,26.1,89
2019-09-18,DNH,26.4,92
2019-09-19,DNH,26.7,89
2019-09-20,DNH,26.7,88
2019-09-21,DNH,27.1,83
2019-09-22,DNH,27.8,80
2019-09-23,DNH,27.3,85
2019-09-24,DNH,27.1,90
2019-09-25,DNH,27.0,89
2019-09-26,DNH,26.9,88
2019-09-27,DNH,25.9,89
2019-09-28,DNH,26.4,85
2019-09-29,DNH,26.3,87
2019-09-30,DNH,26.2,89
2019-10-01,DNH,26.0,90
2019-10-02,DNH,26.2,89
2019-10-03,DNH,26.6,88
2019-10-04,DNH,26.9,87
2019-10-05,DNH,27.0,86
2019-10-06,DNH,27.0,83
2019-10-07,DNH,27.1,87
2019-10-08,DNH,27.6,83
2019-10-09,DNH,27.7,81
2019-10-10,DNH,28.2,77
2019-10-11,DNH,28.0,75
2019-10-12,DNH,28.3,75
2019-10-13,DNH,28.4,76
2019-10-14,DNH,29.3,64
2019-10-15,DNH,29.0,55
2019-10-16,DNH,29.2,54
2019-10-17,DNH,29.3,54
2019-10-18,DNH,29.3,57
2019-10-19,DNH,27.8,74
2019-10-20,DNH,25.4,83
2019-10-21,DNH,26.6,80
2019-10-22,DNH,26.1,88
2019-10-23,DNH,25.8,89
2019-10-24,DNH,27.0,79
2019-10-25,DNH,26.6,75
2019-10-26,DNH,26.7,79
2019-10-27,DNH,27.0,78
2019-10-28,DNH,27.1,82
2019-10-29,DNH,27.7,80
2019-10-30,DNH,28.4,75
2019-10-31,DNH,28.4,72
2019-11-01,DNH,28.0,76
2019-11-02,DNH,26.7,80
2019-11-03,DNH,26.8,81
2019-11-04,DNH,26.6,83
2019-11-05,DNH,26.6,82
2019-11-06,DNH,26.6,79
2019-11-07,DNH,26.5,81
2019-11-08,DNH,25.8,85
2019-11-09,DNH,26.1,81
2019-11-10,DNH,26.3,81
2019-11-11,DNH,26.9,71
2019-11-12,DNH,27.3,64
2019-11-13,DNH,27.6,65
2019-11-14,DNH,27.2,56
2019-11-15,DNH,26.9,62
2019-11-16,DNH,27.8,64
2019-11-17,DNH,28.2,64
2019-11-18,DNH,27.6,55
2019-11-19,DNH,26.3,60
2019-11-20,DNH,26.0,63
2019-11-21,DNH,27.3,64
2019-11-22,DNH,27.8,59
2019-11-23,DNH,27.6,59
2019-11-24,DNH,27.6,58
2019-11-25,DNH,27.2,57
2019-11-26,DNH,27.2,58
2019-11-27,DNH,27.5,61
2019-11-28,DNH,27.0,61
2019-11-29,DNH,26.8,66
2019-11-30,DNH,27.0,65
2019-12-01,DNH,27.1,66
2019-12-02,DNH,27.9,59
2019-12-03,DNH,28.3,58
2019-12-04,DNH,28.3,59
2019-12-05,DNH,28.0,59
2019-12-06,DNH,27.8,50
2019-12-07,DNH,26.0,51
2019-12-08,DNH,25.8,56
2019-12-09,DNH,26.6,59
2019-12-10,DNH,26.0,69
2019-12-11,DNH,24.9,70
2019-12-12,DNH,23.8,66
2019-12-13,DNH,23.0,76
2019-12-14,DNH,22.9,66
2019-12-15,DNH,23.4,57
2019-12-16,DNH,24.1,66
2019-12-17,DNH,24.9,66
2019-12-18,DNH,24.6,70
2019-12-19,DNH,24.3,68
2019-12-20,DNH,24.2,68
2019-12-21,DNH,24.9,67
2019-12-22,DNH,26.0,63
2019-12-23,DNH,26.2,65
2019-12-24,DNH,25.1,72
2019-12-25,DNH,24.7,75
2019-12-26,DNH,23.6,62
2019-12-27,DNH,23.0,58
2019-12-28,DNH,23.8,52
2019-12-29,DNH,24.2,52
2019-12-30,DNH,22.5,65
2019-12-31,DNH,20.2,64
2020-01-01,DNH,19.6,74
2020-01-02,DNH,20.2,78
2020-01-03,DNH,20.4,73
2020-01-04,DNH,20.2,67
2020-01-05,DNH,22.3,59
2020-01-06,DNH,24.5,56
2020-01-07,DNH,24.3,67
2020-01-08,DNH,22.6,70
2020-01-09,DNH,21.3,54
2020-01-10,DNH,23.3,51
2020-01-11,DNH,25.5,55
2020-01-12,DNH,25.1,66
2020-01-13,DNH,23.2,83
2020-01-14,DNH,22.0,71
2020-01-15,DNH,20.1,56
2020-01-16,DNH,18.0,57
2020-01-17,DNH,17.4,63
2020-01-18,DNH,19.8,60
2020-01-19,DNH,22.3,57
2020-01-20,DNH,23.1,65
2020-01-21,DNH,22.5,70
2020-01-22,DNH,23.1,64
2020-01-23,DNH,24.6,62
2020-01-24,DNH,24.7,64
2020-01-25,DNH,23.4,62
2020-01-26,DNH,23.8,62
2020-01-27,DNH,22.7,68
2020-01-28,DNH,21.3,76
2020-01-29,DNH,19.7,62
2020-01-30,DNH,19.3,54
2020-01-31,DNH,20.0,57
2020-02-01,DNH,22.6,48
2020-02-02,DNH,23.9,55
2020-02-03,DNH,22.2,70
2020-02-04,DNH,21.8,61
2020-02-05,DNH,21.9,43
2020-02-06,DNH,21.5,44
2020-02-07,DNH,20.4,51
2020-02-08,DNH,23.3,49
2020-02-09,DNH,24.4,44
2020-02-10,DNH,25.6,49
2020-02-11,DNH,27.0,56
2020-02-12,DNH,27.5,53
2020-02-13,DNH,27.9,44
2020-02-14,DNH,26.8,39
2020-02-15,DNH,24.9,40
2020-02-16,DNH,25.9,47
2020-02-17,DNH,28.6,44
2020-02-18,DNH,28.5,41
2020-02-19,DNH,26.2,54
2020-02-20,DNH,24.9,62
2020-02-21,DNH,24.5,61
2020-02-22,DNH,25.2,47
2020-02-23,DNH,25.8,41
2020-02-24,DNH,25.9,42
2020-02-25,DNH,26.9,31
2020-02-26,DNH,27.2,30
2020-02-27,DNH,27.2,31
2020-02-28,DNH,26.3,40
2020-02-29,DNH,25.5,46
2020-03-01,DNH,25.0,56
2020-03-02,DNH,24.8,67
2020-03-03,DNH,24.3,75
2020-03-04,DNH,24.2,71
2020-03-05,DNH,24.1,74
2020-03-06,DNH,23.5,72
2020-03-07,DNH,23.3,60
2020-03-08,DNH,23.4,61
2020-03-09,DNH,23.7,65
2020-03-10,DNH,23.8,73
2020-03-11,DNH,23.2,67
2020-03-12,DNH,22.1,65
2020-03-13,DNH,22.1,55
2020-03-14,DNH,24.2,37
2020-03-15,DNH,27.6,25
2020-03-16,DNH,28.5,31
2020-03-17,DNH,28.3,42
2020-03-18,DNH,28.4,46
2020-03-19,DNH,26.3,52
2020-03-20,DNH,25.4,65
2020-03-21,DNH,25.5,71
2020-03-22,DNH,27.2,64
2020-03-23,DNH,28.6,55
2020-03-24,DNH,30.0,43
2020-03-25,DNH,30.2,46
2020-03-26,DNH,29.8,57
2020-03-27,DNH,28.6,56
2020-03-28,DNH,29.2,42
2020-03-29,DNH,28.4,44
2020-03-30,DNH,29.3,39
2020-03-31,DNH,27.9,54
2020-04-01,DNH,28.0,55
2020-04-02,DNH,29.1,49
2020-04-03,DNH,30.0,52
2020-04-04,DNH,29.4,51
2020-04-05,DNH,29.0,51
2020-04-06,DNH,28.4,61
2020-04-07,DNH,28.2,64
2020-04-08,DNH,27.9,64
2020-04-09,DNH,28.0,67
2020-04-10,DNH,29.4,58
2020-04-11,DNH,29.9,54
2020-04-12,DNH,31.4,45
2020-04-13,DNH,31.4,45
2020-04-14,DNH,31.6,50
2020-04-15,DNH,32.5,43
2020-04-16,DNH,31.2,55
2020-04-17,DNH,30.4,65
2020-04-18,DNH,31.1,56
2020-04-19,DNH,31.4,52
2020-04-20,DNH,31.3,49
2020-04-21,DNH,30.4,55
2020-04-22,DNH,30.8,60
2020-04-23,DNH,31.3,56
2020-04-24,DNH,30.8,63
2020-04-25,DNH,29.8,65
2020-04-26,DNH,29.1,72
2020-04-27,DNH,29.1,72
2020-04-28,DNH,30.8,64
2020-04-29,DNH,31.5,57
2020-04-30,DNH,30.8,70
2020-05-01,DNH,30.8,71
2020-05-02,DNH,31.1,69
2020-05-03,DNH,31.1,68
2020-05-04,DNH,30.9,67
2020-05-05,DNH,31.7,64
2020-05-06,DNH,32.2,59
2020-05-07,DNH,30.3,68
2020-05-08,DNH,30.3,70
2020-05-09,DNH,30.4,70
2020-05-10,DNH,30.7,68
2020-05-11,DNH,30.7,63
2020-05-12,DNH,29.9,68
2020-05-13,DNH,30.7,71
2020-05-14,DNH,31.4,66
2020-05-15,DNH,31.7,65
2020-05-16,DNH,32.0,62
2020-05-17,DNH,31.8,64
2020-05-18,DNH,32.0,60
2020-05-19,DNH,30.7,65
2020-05-20,DNH,30.4,69
2020-05-21,DNH,30.7,68
2020-05-22,DNH,30.8,67
2020-05-23,DNH,31.3,63
2020-05-24,DNH,31.9,63
2020-05-25,DNH,32.0,63
2020-05-26,DNH,31.4,66
2020-05-27,DNH,31.0,66
2020-05-28,DNH,31.0,67
2020-05-29,DNH,31.2,67
2020-05-30,DNH,31.0,68
2020-05-31,DNH,31.5,66
2020-06-01,DNH,30.9,70
2020-06-02,DNH,29.2,71
2020-06-03,DNH,26.0,87
2020-06-04,DNH,28.1,79
2020-06-05,DNH,27.8,82
2020-06-06,DNH,27.7,83
2020-06-07,DNH,27.9,80
2020-06-08,DNH,27.0,85
2020-06-09,DNH,27.9,83
2020-06-10,DNH,28.4,82
2020-06-11,DNH,28.2,85
2020-06-12,DNH,28.3,83
2020-06-13,DNH,27.7,87
2020-06-14,DNH,27.6,89
2020-06-15,DNH,27.4,90
2020-06-16,DNH,27.4,89
2020-06-17,DNH,28.2,80
2020-06-18,DNH,27.5,85
2020-06-19,DNH,28.1,85
2020-06-20,DNH,27.9,86
2020-06-21,DNH,27.4,88
2020-06-22,DNH,27.7,85
2020-06-23,DNH,28.3,78
2020-06-24,DNH,28.5,80
2020-06-25,DNH,29.0,80
2020-06-26,DNH,28.9,81
2020-06-27,DNH,28.8,81
2020-06-28,DNH,28.8,81
2020-06-29,DNH,27.7,87
2020-06-30,DNH,27.7,85
2020-07-01,DNH,28.0,83
2020-07-02,DNH,28.2,82
2020-07-03,DNH,27.6,87
2020-07-04,DNH,27.1,90
2020-07-05,DNH,26.0,94
2020-07-06,DNH,26.7,90
2020-07-07,DNH,27.0,91
2020-07-08,DNH,27.0,90
2020-07-09,DNH,27.1,88
2020-07-10,DNH,27.1,89
2020-07-11,DNH,26.9,88
2020-07-12,DNH,26.5,91
2020-07-13,DNH,26.5,91
2020-07-14,DNH,26.4,92
2020-07-15,DNH,26.2,93
2020-07-16,DNH,26.5,89
2020-07-17,DNH,27.1,84
2020-07-18,DNH,27.3,86
2020-07-19,DNH,27.3,88
2020-07-20,DNH,27.3,88
2020-07-21,DNH,27.3,85
2020-07-22,DNH,27.5,87
2020-07-23,DNH,27.1,89
2020-07-24,DNH,26.9,90
2020-07-25,DNH,26.4,90
2020-07-26,DNH,27.0,87
2020-07-27,DNH,26.7,88
2020-07-28,DNH,27.0,89
2020-07-29,DNH,26.6,92
2020-07-30,DNH,26.7,91
2020-07-31,DNH,27.5,88
2020-08-01,DNH,27.9,85
2020-08-02,DNH,28.2,83
2020-08-03,DNH,27.1,87
2020-08-04,DNH,26.7,92
2020-08-05,DNH,26.3,95
2020-08-06,DNH,27.0,91
2020-08-07,DNH,26.7,91
2020-08-08,DNH,26.7,90
2020-08-09,DNH,26.4,90
2020-08-10,DNH,25.8,94
2020-08-11,DNH,25.7,94
2020-08-12,DNH,25.6,94
2020-08-13,DNH,26.0,92
2020-08-14,DNH,25.1,95
2020-08-15,DNH,25.5,94
2020-08-16,DNH,25.7,93
2020-08-17,DNH,25.5,94
2020-08-18,DNH,25.6,94
2020-08-19,DNH,25.6,94
2020-08-20,DNH,25.4,94
2020-08-21,DNH,25.6,94
2020-08-22,DNH,25.8,93
2020-08-23,DNH,25.7,92
2020-08-24,DNH,26.2,90
2020-08-25,DNH,26.0,90
2020-08-26,DNH,26.7,86
2020-08-27,DNH,25.5,92
2020-08-28,DNH,25.1,94
2020-08-29,DNH,25.1,95
2020-08-30,DNH,24.9,94
2020-08-31,DNH,25.8,91
2020-09-01,DNH,26.2,90
2020-09-02,DNH,26.6,87
2020-09-03,DNH,27.4,85
2020-09-04,DNH,28.2,85
2020-09-05,DNH,28.2,87
2020-09-06,DNH,27.9,88
2020-09-07,DNH,27.5,88
2020-09-08,DNH,27.1,89
2020-09-09,DNH,28.0,88
2020-09-10,DNH,27.6,90
2020-09-11,DNH,26.9,93
2020-09-12,DNH,27.3,88
2020-09-13,DNH,26.8,85
2020-09-14,DNH,26.6,88
2020-09-15,DNH,26.4,90
2020-09-16,DNH,26.2,92
2020-09-17,DNH,26.3,92
2020-09-18,DNH,26.2,93
2020-09-19,DNH,26.5,91
2020-09-20,DNH,27.0,91
2020-09-21,DNH,27.4,89
2020-09-22,DNH,26.7,92
2020-09-23,DNH,25.7,95
2020-09-24,DNH,26.6,91
2020-09-25,DNH,25.8,94
2020-09-26,DNH,26.1,83
2020-09-27,DNH,25.9,85
2020-09-28,DNH,25.8,87
2020-09-29,DNH,26.0,86
2020-09-30,DNH,26.3,85
2020-10-01,DNH,26.6,82
2020-10-02,DNH,26.8,87
2020-10-03,DNH,27.4,88
2020-10-04,DNH,26.7,88
2020-10-05,DNH,26.7,86
2020-10-06,DNH,26.9,86
2020-10-07,DNH,27.5,85
2020-10-08,DNH,28.0,80
2020-10-09,DNH,28.8,65
2020-10-10,DNH,29.0,74
2020-10-11,DNH,28.2,84
2020-10-12,DNH,28.5,82
2020-10-13,DNH,28.7,77
2020-10-14,DNH,28.8,84
2020-10-15,DNH,29.3,75
2020-10-16,DNH,29.0,72
2020-10-17,DNH,28.2,81
2020-10-18,DNH,27.4,85
2020-10-19,DNH,27.0,88
2020-10-20,DNH,27.6,87
2020-10-21,DNH,27.6,86
2020-10-22,DNH,27.4,87
2020-10-23,DNH,27.3,84
2020-10-24,DNH,27.0,79
2020-10-25,DNH,26.9,76
2020-10-26,DNH,27.3,58
2020-10-27,DNH,26.7,56
2020-10-28,DNH,27.0,60
2020-10-29,DNH,26.4,63
2020-10-30,DNH,26.3,63
2020-10-31,DNH,26.4,59
2020-11-01,DNH,27.0,62
2020-11-02,DNH,27.5,61
2020-11-03,DNH,28.1,53
2020-11-04,DNH,27.4,53
2020-11-05,DNH,27.6,42
2020-11-06,DNH,27.0,44
2020-11-07,DNH,26.8,42
2020-11-08,DNH,27.8,42
2020-11-09,DNH,27.0,42
2020-11-10,DNH,26.5,40
2020-11-11,DNH,26.3,35
2020-11-12,DNH,25.6,38
2020-11-13,DNH,26.5,53
2020-11-14,DNH,27.7,62
2020-11-15,DNH,27.9,65
2020-11-16,DNH,28.3,59
2020-11-17,DNH,28.1,59
2020-11-18,DNH,27.1,57
2020-11-19,DNH,26.3,52
2020-11-20,DNH,26.2,52
2020-11-21,DNH,25.4,57
2020-11-22,DNH,24.6,70
2020-11-23,DNH,24.1,67
2020-11-24,DNH,25.7,57
2020-11-25,DNH,26.1,63
2020-11-26,DNH,26.3,54
2020-11-27,DNH,25.8,44
2020-11-28,DNH,26.1,46
2020-11-29,DNH,27.2,58
2020-11-30,DNH,26.7,64
2020-12-01,DNH,27.9,59
2020-12-02,DNH,27.2,54
2020-12-03,DNH,25.8,53
2020-12-04,DNH,26.2,50
2020-12-05,DNH,25.5,47
2019-01-02,Delhi,13.7,72
2019-01-03,Delhi,13.2,73
2019-01-04,Delhi,12.7,72
2019-01-05,Delhi,13.1,71
2019-01-06,Delhi,13.0,78
2019-01-07,Delhi,12.4,78
2019-01-08,Delhi,12.2,77
2019-01-09,Delhi,12.5,71
2019-01-10,Delhi,12.5,67
2019-01-11,Delhi,12.7,71
2019-01-12,Delhi,13.3,75
2019-01-13,Delhi,14.3,74
2019-01-14,Delhi,12.6,60
2019-01-15,Delhi,11.3,59
2019-01-16,Delhi,11.9,70
2019-01-17,Delhi,12.0,76
2019-01-18,Delhi,12.0,75
2019-01-19,Delhi,13.8,70
2019-01-20,Delhi,16.6,74
2019-01-21,Delhi,16.0,82
2019-01-22,Delhi,14.8,86
2019-01-23,Delhi,13.2,84
2019-01-24,Delhi,13.7,80
2019-01-25,Delhi,12.1,79
2019-01-26,Delhi,11.4,70
2019-01-27,Delhi,10.1,69
2019-01-28,Delhi,10.6,63
2019-01-29,Delhi,11.1,63
2019-01-30,Delhi,11.3,70
2019-01-31,Delhi,12.8,72
2019-02-01,Delhi,14.2,75
2019-02-02,Delhi,13.0,82
2019-02-03,Delhi,12.7,82
2019-02-04,Delhi,14.0,76
2019-02-05,Delhi,15.5,78
2019-02-06,Delhi,17.0,85
2019-02-07,Delhi,15.7,90
2019-02-08,Delhi,12.8,74
2019-02-09,Delhi,12.5,72
2019-02-10,Delhi,12.2,76
2019-02-11,Delhi,13.0,76
2019-02-12,Delhi,15.0,76
2019-02-13,Delhi,16.4,75
2019-02-14,Delhi,16.1,84
2019-02-15,Delhi,15.8,86
2019-02-16,Delhi,14.3,86
2019-02-17,Delhi,14.5,80
2019-02-18,Delhi,15.9,72
2019-02-19,Delhi,16.5,78
2019-02-20,Delhi,16.8,82
2019-02-21,Delhi,19.1,76
2019-02-22,Delhi,17.9,73
2019-02-23,Delhi,14.8,67
2019-02-24,Delhi,15.1,68
2019-02-25,Delhi,15.2,68
2019-02-26,Delhi,15.4,70
2019-02-27,Delhi,13.5,81
2019-02-28,Delhi,12.9,72
2019-03-01,Delhi,13.7,69
2019-03-02,Delhi,15.1,76
2019-03-03,Delhi,15.9,80
2019-03-04,Delhi,16.7,81
2019-03-05,Delhi,16.0,74
2019-03-06,Delhi,16.4,67
2019-03-07,Delhi,16.6,68
2019-03-08,Delhi,17.9,64
2019-03-09,Delhi,18.1,67
2019-03-10,Delhi,17.3,60
2019-03-11,Delhi,19.6,59
2019-03-12,Delhi,19.3,60
2019-03-13,Delhi,18.0,67
2019-03-14,Delhi,17.1,74
2019-03-15,Delhi,17.8,67
2019-03-16,Delhi,17.8,61
2019-03-17,Delhi,19.6,54
2019-03-18,Delhi,19.9,55
2019-03-19,Delhi,21.0,57
2019-03-20,Delhi,22.7,51
2019-03-21,Delhi,22.4,51
2019-03-22,Delhi,21.6,44
2019-03-23,Delhi,22.1,40
2019-03-24,Delhi,24.0,46
2019-03-25,Delhi,21.5,64
2019-03-26,Delhi,21.8,61
2019-03-27,Delhi,23.0,57
2019-03-28,Delhi,25.3,58
2019-03-29,Delhi,27.1,56
2019-03-30,Delhi,26.0,59
2019-03-31,Delhi,25.9,44
2019-04-01,Delhi,25.0,37
2019-04-02,Delhi,24.4,45
2019-04-03,Delhi,25.7,43
2019-04-04,Delhi,27.6,44
2019-04-05,Delhi,28.4,47
2019-04-06,Delhi,28.0,52
2019-04-07,Delhi,27.5,59
2019-04-08,Delhi,26.3,57
2019-04-09,Delhi,27.8,50
2019-04-10,Delhi,28.9,46
2019-04-11,Delhi,29.8,40
2019-04-12,Delhi,29.2,39
2019-04-13,Delhi,29.5,40
2019-04-14,Delhi,30.2,36
2019-04-15,Delhi,30.7,34
2019-04-16,Delhi,25.9,51
2019-04-17,Delhi,21.8,74
2019-04-18,Delhi,22.6,67
2019-04-19,Delhi,24.7,55
2019-04-20,Delhi,26.5,48
2019-04-21,Delhi,28.5,42
2019-04-22,Delhi,29.5,43
2019-04-23,Delhi,31.3,38
2019-04-24,Delhi,32.3,38
2019-04-25,Delhi,32.4,38
2019-04-26,Delhi,32.6,35
2019-04-27,Delhi,33.4,22
2019-04-28,Delhi,33.2,20
2019-04-29,Delhi,33.4,20
2019-04-30,Delhi,33.8,21
2019-05-01,Delhi,32.7,26
2019-05-02,Delhi,31.3,34
2019-05-03,Delhi,30.9,34
2019-05-04,Delhi,31.0,24
2019-05-05,Delhi,31.0,21
2019-05-06,Delhi,31.8,23
2019-05-07,Delhi,32.0,22
2019-05-08,Delhi,33.7,19
2019-05-09,Delhi,34.0,20
2019-05-10,Delhi,34.6,20
2019-05-11,Delhi,32.1,30
2019-05-12,Delhi,31.7,31
2019-05-13,Delhi,32.1,31
2019-05-14,Delhi,29.9,44
2019-05-15,Delhi,30.3,46
2019-05-16,Delhi,30.1,47
2019-05-17,Delhi,28.2,59
2019-05-18,Delhi,27.5,61
2019-05-19,Delhi,30.1,43
2019-05-20,Delhi,31.7,36
2019-05-21,Delhi,32.7,31
2019-05-22,Delhi,32.9,35
2019-05-23,Delhi,33.1,38
2019-05-24,Delhi,30.8,46
2019-05-25,Delhi,31.1,40
2019-05-26,Delhi,31.5,34
2019-05-27,Delhi,33.5,28
2019-05-28,Delhi,33.3,21
2019-05-29,Delhi,34.4,21
2019-05-30,Delhi,35.1,23
2019-05-31,Delhi,36.0,23
2019-06-01,Delhi,35.0,34
2019-06-02,Delhi,35.1,42
2019-06-03,Delhi,34.0,48
2019-06-04,Delhi,34.4,44
2019-06-05,Delhi,35.0,42
2019-06-06,Delhi,35.2,39
2019-06-07,Delhi,33.6,46
2019-06-08,Delhi,34.9,38
2019-06-09,Delhi,35.9,28
2019-06-10,Delhi,36.5,27
2019-06-11,Delhi,36.8,27
2019-06-12,Delhi,34.4,48
2019-06-13,Delhi,35.4,39
2019-06-14,Delhi,36.0,30
2019-06-15,Delhi,36.6,22
2019-06-16,Delhi,33.9,42
2019-06-17,Delhi,33.8,46
2019-06-18,Delhi,30.6,54
2019-06-19,Delhi,31.1,54
2019-06-20,Delhi,31.8,49
2019-06-21,Delhi,33.4,48
2019-06-22,Delhi,34.4,41
2019-06-23,Delhi,33.9,50
2019-06-24,Delhi,31.5,60
2019-06-25,Delhi,32.4,61
2019-06-26,Delhi,34.3,50
2019-06-27,Delhi,34.6,40
2019-06-28,Delhi,35.5,38
2019-06-29,Delhi,36.5,36
2019-06-30,Delhi,36.8,36
2019-07-01,Delhi,35.6,45
2019-07-02,Delhi,35.5,47
2019-07-03,Delhi,33.7,57
2019-07-04,Delhi,33.2,60
2019-07-05,Delhi,31.1,72
2019-07-06,Delhi,30.9,71
2019-07-07,Delhi,31.3,69
2019-07-08,Delhi,31.9,69
2019-07-09,Delhi,30.9,73
2019-07-10,Delhi,31.1,75
2019-07-11,Delhi,33.2,60
2019-07-12,Delhi,32.9,56
2019-07-13,Delhi,34.0,49
2019-07-14,Delhi,32.7,55
2019-07-15,Delhi,29.5,75
2019-07-16,Delhi,26.5,89
2019-07-17,Delhi,27.1,86
2019-07-18,Delhi,27.4,84
2019-07-19,Delhi,29.3,81
2019-07-20,Delhi,30.1,81
2019-07-21,Delhi,29.9,81
2019-07-22,Delhi,30.3,81
2019-07-23,Delhi,31.7,78
2019-07-24,Delhi,31.3,77
2019-07-25,Delhi,27.8,86
2019-07-26,Delhi,27.3,88
2019-07-27,Delhi,26.9,89
2019-07-28,Delhi,28.4,86
2019-07-29,Delhi,29.4,78
2019-07-30,Delhi,29.1,78
2019-07-31,Delhi,29.1,78
2019-08-01,Delhi,29.4,82
2019-08-02,Delhi,28.8,85
2019-08-03,Delhi,28.3,89
2019-08-04,Delhi,28.9,88
2019-08-05,Delhi,29.4,86
2019-08-06,Delhi,27.9,89
2019-08-07,Delhi,28.3,89
2019-08-08,Delhi,30.3,78
2019-08-09,Delhi,29.5,74
2019-08-10,Delhi,28.8,80
2019-08-11,Delhi,29.6,80
2019-08-12,Delhi,29.4,81
2019-08-13,Delhi,29.0,84
2019-08-14,Delhi,28.5,88
2019-08-15,Delhi,29.1,83
2019-08-16,Delhi,28.1,83
2019-08-17,Delhi,26.3,89
2019-08-18,Delhi,26.9,88
2019-08-19,Delhi,28.1,85
2019-08-20,Delhi,28.5,83
2019-08-21,Delhi,29.3,79
2019-08-22,Delhi,28.6,86
2019-08-23,Delhi,29.3,84
2019-08-24,Delhi,29.2,84
2019-08-25,Delhi,27.6,88
2019-08-26,Delhi,29.1,82
2019-08-27,Delhi,29.9,81
2019-08-28,Delhi,30.6,78
2019-08-29,Delhi,30.2,81
2019-08-30,Delhi,30.3,81
2019-08-31,Delhi,30.4,79
2019-09-01,Delhi,28.6,87
2019-09-02,Delhi,29.7,83
2019-09-03,Delhi,30.4,80
2019-09-04,Delhi,29.0,85
2019-09-05,Delhi,29.5,83
2019-09-06,Delhi,29.8,82
2019-09-07,Delhi,28.8,86
2019-09-08,Delhi,29.2,84
2019-09-09,Delhi,30.2,80
2019-09-10,Delhi,30.5,77
2019-09-11,Delhi,31.1,76
2019-09-12,Delhi,30.1,81
2019-09-13,Delhi,29.9,77
2019-09-14,Delhi,28.7,79
2019-09-15,Delhi,28.2,83
2019-09-16,Delhi,29.2,82
2019-09-17,Delhi,29.2,81
2019-09-18,Delhi,28.5,81
2019-09-19,Delhi,27.0,80
2019-09-20,Delhi,27.0,84
2019-09-21,Delhi,27.7,82
2019-09-22,Delhi,27.1,84
2019-09-23,Delhi,26.7,83
2019-09-24,Delhi,27.0,82
2019-09-25,Delhi,27.1,82
2019-09-26,Delhi,27.7,76
2019-09-27,Delhi,26.7,78
2019-09-28,Delhi,25.7,82
2019-09-29,Delhi,25.0,83
2019-09-30,Delhi,25.2,84
2019-10-01,Delhi,25.2,85
2019-10-02,Delhi,26.5,81
2019-10-03,Delhi,27.7,74
2019-10-04,Delhi,26.4,72
2019-10-05,Delhi,26.2,66
2019-10-06,Delhi,26.3,64
2019-10-07,Delhi,26.4,63
2019-10-08,Delhi,26.4,57
2019-10-09,Delhi,25.8,62
2019-10-10,Delhi,26.2,63
2019-10-11,Delhi,26.5,59
2019-10-12,Delhi,26.9,61
2019-10-13,Delhi,27.4,56
2019-10-14,Delhi,26.9,60
2019-10-15,Delhi,26.9,65
2019-10-16,Delhi,27.3,62
2019-10-17,Delhi,26.8,63
2019-10-18,Delhi,26.4,66
2019-10-19,Delhi,25.7,66
2019-10-20,Delhi,25.7,51
2019-10-21,Delhi,24.9,53
2019-10-22,Delhi,24.3,51
2019-10-23,Delhi,24.1,57
2019-10-24,Delhi,23.9,68
2019-10-25,Delhi,24.0,66
2019-10-26,Delhi,24.2,66
2019-10-27,Delhi,24.4,61
2019-10-28,Delhi,23.8,64
2019-10-29,Delhi,24.1,71
2019-10-30,Delhi,25.0,70
2019-10-31,Delhi,24.0,71
2019-11-01,Delhi,24.3,69
2019-11-02,Delhi,24.3,70
2019-11-03,Delhi,23.7,72
2019-11-04,Delhi,23.6,64
2019-11-05,Delhi,22.9,58
2019-11-06,Delhi,23.1,61
2019-11-07,Delhi,22.1,73
2019-11-08,Delhi,21.9,73
2019-11-09,Delhi,21.8,61
2019-11-10,Delhi,20.7,62
2019-11-11,Delhi,19.9,62
2019-11-12,Delhi,19.2,66
2019-11-13,Delhi,20.2,70
2019-11-14,Delhi,21.0,72
2019-11-15,Delhi,20.8,75
2019-11-16,Delhi,21.8,65
2019-11-17,Delhi,21.5,61
2019-11-18,Delhi,19.7,65
2019-11-19,Delhi,19.1,69
2019-11-20,Delhi,18.6,69
2019-11-21,Delhi,19.1,70
2019-11-22,Delhi,20.2,68
2019-11-23,Delhi,20.4,64
2019-11-24,Delhi,20.5,66
2019-11-25,Delhi,19.9,67
2019-11-26,Delhi,20.0,67
2019-11-27,Delhi,19.7,68
2019-11-28,Delhi,18.3,83
2019-11-29,Delhi,17.5,83
2019-11-30,Delhi,16.8,80
2019-12-01,Delhi,15.4,76
2019-12-02,Delhi,15.2,72
2019-12-03,Delhi,14.8,70
2019-12-04,Delhi,14.5,76
2019-12-05,Delhi,14.8,78
2019-12-06,Delhi,15.5,84
2019-12-07,Delhi,15.9,82
2019-12-08,Delhi,15.5,80
2019-12-09,Delhi,14.8,77
2019-12-10,Delhi,14.6,75
2019-12-11,Delhi,15.2,74
2019-12-12,Delhi,15.6,79
2019-12-13,Delhi,15.2,87
2019-12-14,Delhi,13.0,84
2019-12-15,Delhi,13.2,83
2019-12-16,Delhi,12.4,83
2019-12-17,Delhi,11.8,83
2019-12-18,Delhi,11.9,81
2019-12-19,Delhi,10.9,86
2019-12-20,Delhi,12.4,83
2019-12-21,Delhi,13.0,85
2019-12-22,Delhi,12.3,86
2019-12-23,Delhi,11.8,84
2019-12-24,Delhi,9.3,92
2019-12-25,Delhi,8.6,90
2019-12-26,Delhi,8.3,87
2019-12-27,Delhi,7.0,91
2019-12-28,Delhi,7.1,90
2019-12-29,Delhi,7.5,89
2019-12-30,Delhi,7.0,90
2019-12-31,Delhi,7.5,82
2020-01-01,Delhi,9.8,82
2020-01-02,Delhi,12.8,79
2020-01-03,Delhi,13.9,80
2020-01-04,Delhi,13.2,85
2020-01-05,Delhi,13.1,76
2020-01-06,Delhi,13.2,79
2020-01-07,Delhi,13.9,84
2020-01-08,Delhi,12.7,93
2020-01-09,Delhi,10.6,79
2020-01-10,Delhi,10.0,80
2020-01-11,Delhi,10.3,79
2020-01-12,Delhi,11.6,79
2020-01-13,Delhi,14.0,84
2020-01-14,Delhi,14.1,87
2020-01-15,Delhi,12.5,84
2020-01-16,Delhi,12.5,90
2020-01-17,Delhi,13.0,90
2020-01-18,Delhi,12.4,89
2020-01-19,Delhi,11.8,83
2020-01-20,Delhi,12.2,85
2020-01-21,Delhi,12.5,87
2020-01-22,Delhi,12.3,83
2020-01-23,Delhi,12.3,68
2020-01-24,Delhi,12.6,63
2020-01-25,Delhi,11.4,78
2020-01-26,Delhi,13.0,83
2020-01-27,Delhi,13.6,80
2020-01-28,Delhi,14.2,84
2020-01-29,Delhi,13.3,84
2020-01-30,Delhi,12.6,78
2020-01-31,Delhi,12.1,75
2020-02-01,Delhi,11.6,78
2020-02-02,Delhi,11.6,79
2020-02-03,Delhi,12.3,75
2020-02-04,Delhi,12.9,76
2020-02-05,Delhi,12.7,76
2020-02-06,Delhi,11.5,77
2020-02-07,Delhi,12.4,75
2020-02-08,Delhi,12.2,79
2020-02-09,Delhi,12.5,79
2020-02-10,Delhi,13.1,76
2020-02-11,Delhi,13.0,75
2020-02-12,Delhi,15.6,71
2020-02-13,Delhi,19.0,60
2020-02-14,Delhi,18.3,54
2020-02-15,Delhi,17.1,50
2020-02-16,Delhi,16.6,65
2020-02-17,Delhi,16.7,61
2020-02-18,Delhi,16.7,52
2020-02-19,Delhi,17.3,62
2020-02-20,Delhi,20.0,63
2020-02-21,Delhi,16.3,84
2020-02-22,Delhi,17.7,80
2020-02-23,Delhi,17.4,84
2020-02-24,Delhi,17.5,80
2020-02-25,Delhi,17.8,78
2020-02-26,Delhi,17.9,79
2020-02-27,Delhi,18.5,79
2020-02-28,Delhi,20.0,76
2020-02-29,Delhi,18.6,84
2020-03-01,Delhi,19.1,81
2020-03-02,Delhi,19.5,80
2020-03-03,Delhi,19.3,72
2020-03-04,Delhi,19.0,74
2020-03-05,Delhi,18.1,80
2020-03-06,Delhi,16.2,87
2020-03-07,Delhi,15.7,86
2020-03-08,Delhi,16.2,82
2020-03-09,Delhi,16.9,69
2020-03-10,Delhi,17.0,69
2020-03-11,Delhi,18.7,74
2020-03-12,Delhi,19.5,69
2020-03-13,Delhi,18.7,66
2020-03-14,Delhi,16.4,82
2020-03-15,Delhi,16.3,78
2020-03-16,Delhi,17.9,77
2020-03-17,Delhi,18.9,72
2020-03-18,Delhi,20.4,69
2020-03-19,Delhi,20.6,74
2020-03-20,Delhi,20.7,73
2020-03-21,Delhi,21.3,74
2020-03-22,Delhi,21.7,71
2020-03-23,Delhi,21.7,65
2020-03-24,Delhi,23.2,68
2020-03-25,Delhi,23.4,65
2020-03-26,Delhi,23.2,64
2020-03-27,Delhi,21.2,75
2020-03-28,Delhi,21.1,71
2020-03-29,Delhi,21.8,60
2020-03-30,Delhi,21.6,57
2020-03-31,Delhi,22.5,59
2020-04-01,Delhi,23.7,59
2020-04-02,Delhi,23.0,55
2020-04-03,Delhi,22.1,47
2020-04-04,Delhi,22.8,51
2020-04-05,Delhi,23.5,56
2020-04-06,Delhi,25.5,50
2020-04-07,Delhi,24.7,48
2020-04-08,Delhi,24.5,48
2020-04-09,Delhi,24.2,49
2020-04-10,Delhi,25.2,51
2020-04-11,Delhi,26.8,48
2020-04-12,Delhi,27.4,46
2020-04-13,Delhi,28.6,45
2020-04-14,Delhi,29.1,46
2020-04-15,Delhi,29.4,46
2020-04-16,Delhi,29.5,42
2020-04-17,Delhi,29.0,36
2020-04-18,Delhi,28.6,40
2020-04-19,Delhi,27.4,46
2020-04-20,Delhi,26.2,49
2020-04-21,Delhi,26.0,52
2020-04-22,Delhi,27.1,45
2020-04-23,Delhi,28.4,41
2020-04-24,Delhi,28.6,44
2020-04-25,Delhi,28.2,45
2020-04-26,Delhi,26.6,61
2020-04-27,Delhi,25.4,70
2020-04-28,Delhi,26.4,65
2020-04-29,Delhi,28.3,58
2020-04-30,Delhi,29.0,55
2020-05-01,Delhi,30.0,56
2020-05-02,Delhi,29.0,58
2020-05-03,Delhi,27.8,64
2020-05-04,Delhi,27.1,67
2020-05-05,Delhi,28.6,52
2020-05-06,Delhi,28.6,48
2020-05-07,Delhi,28.5,46
2020-05-08,Delhi,30.3,43
2020-05-09,Delhi,31.0,45
2020-05-10,Delhi,29.5,56
2020-05-11,Delhi,29.1,57
2020-05-12,Delhi,29.2,56
2020-05-13,Delhi,29.6,57
2020-05-14,Delhi,30.3,55
2020-05-15,Delhi,31.4,42
2020-05-16,Delhi,31.2,34
2020-05-17,Delhi,31.5,35
2020-05-18,Delhi,30.8,34
2020-05-19,Delhi,30.9,29
2020-05-20,Delhi,30.5,28
2020-05-21,Delhi,31.8,29
2020-05-22,Delhi,32.9,32
2020-05-23,Delhi,33.7,33
2020-05-24,Delhi,34.5,32
2020-05-25,Delhi,35.0,25
2020-05-26,Delhi,36.3,22
2020-05-27,Delhi,35.5,24
2020-05-28,Delhi,32.7,43
2020-05-29,Delhi,30.3,57
2020-05-30,Delhi,28.1,62
2020-05-31,Delhi,26.8,70
2020-06-01,Delhi,27.8,68
2020-06-02,Delhi,29.1,63
2020-06-03,Delhi,29.9,59
2020-06-04,Delhi,29.7,57
2020-06-05,Delhi,29.0,61
2020-06-06,Delhi,29.5,59
2020-06-07,Delhi,30.4,60
2020-06-08,Delhi,30.7,62
2020-06-09,Delhi,32.6,56
2020-06-10,Delhi,33.4,54
2020-06-11,Delhi,32.8,59
2020-06-12,Delhi,33.5,54
2020-06-13,Delhi,33.3,57
2020-06-14,Delhi,33.4,58
2020-06-15,Delhi,34.0,51
2020-06-16,Delhi,33.6,50
2020-06-17,Delhi,33.7,54
2020-06-18,Delhi,34.4,52
2020-06-19,Delhi,34.6,55
2020-06-20,Delhi,33.5,56
2020-06-21,Delhi,32.8,58
2020-06-22,Delhi,31.4,64
2020-06-23,Delhi,31.3,66
2020-06-24,Delhi,30.1,74
2020-06-25,Delhi,31.5,69
2020-06-26,Delhi,32.2,67
2020-06-27,Delhi,33.5,59
2020-06-28,Delhi,34.8,54
2020-06-29,Delhi,33.8,58
2020-06-30,Delhi,31.9,65
2020-07-01,Delhi,33.1,61
2020-07-02,Delhi,34.6,56
2020-07-03,Delhi,34.5,59
2020-07-04,Delhi,32.8,65
2020-07-05,Delhi,29.9,70
2020-07-06,Delhi,30.7,70
2020-07-07,Delhi,29.2,75
2020-07-08,Delhi,29.0,81
2020-07-09,Delhi,30.4,78
2020-07-10,Delhi,32.3,69
2020-07-11,Delhi,31.5,68
2020-07-12,Delhi,31.6,67
2020-07-13,Delhi,31.8,66
2020-07-14,Delhi,33.0,63
2020-07-15,Delhi,31.7,69
2020-07-16,Delhi,30.6,74
2020-07-17,Delhi,31.2,73
2020-07-18,Delhi,31.3,76
2020-07-19,Delhi,30.5,81
2020-07-20,Delhi,29.3,80
2020-07-21,Delhi,28.1,83
2020-07-22,Delhi,27.2,86
2020-07-23,Delhi,28.5,79
2020-07-24,Delhi,28.9,79
2020-07-25,Delhi,28.8,82
2020-07-26,Delhi,29.8,81
2020-07-27,Delhi,31.0,77
2020-07-28,Delhi,31.8,69
2020-07-29,Delhi,30.4,75
2020-07-30,Delhi,28.8,81
2020-07-31,Delhi,29.0,85
2020-08-01,Delhi,29.2,85
2020-08-02,Delhi,31.0,78
2020-08-03,Delhi,31.4,77
2020-08-04,Delhi,31.4,77
2020-08-05,Delhi,30.6,80
2020-08-06,Delhi,31.0,71
2020-08-07,Delhi,30.1,77
2020-08-08,Delhi,30.9,80
2020-08-09,Delhi,29.8,84
2020-08-10,Delhi,28.8,87
2020-08-11,Delhi,29.1,87
2020-08-12,Delhi,29.9,83
2020-08-13,Delhi,26.7,95
2020-08-14,Delhi,27.6,89
2020-08-15,Delhi,29.0,86
2020-08-16,Delhi,28.9,87
2020-08-17,Delhi,29.2,86
2020-08-18,Delhi,29.8,85
2020-08-19,Delhi,27.1,93
2020-08-20,Delhi,26.4,93
2020-08-21,Delhi,28.7,79
2020-08-22,Delhi,28.8,74
2020-08-23,Delhi,28.2,81
2020-08-24,Delhi,27.9,82
2020-08-25,Delhi,28.5,81
2020-08-26,Delhi,29.1,79
2020-08-27,Delhi,28.7,83
2020-08-28,Delhi,28.6,87
2020-08-29,Delhi,28.6,84
2020-08-30,Delhi,28.0,79
2020-08-31,Delhi,28.0,78
2020-09-01,Delhi,28.6,76
2020-09-02,Delhi,28.9,77
2020-09-03,Delhi,28.5,84
2020-09-04,Delhi,28.9,82
2020-09-05,Delhi,28.5,86
2020-09-06,Delhi,28.5,86
2020-09-07,Delhi,28.9,85
2020-09-08,Delhi,29.4,80
2020-09-09,Delhi,29.7,76
2020-09-10,Delhi,29.7,74
2020-09-11,Delhi,30.2,72
2020-09-12,Delhi,29.8,74
2020-09-13,Delhi,29.8,76
2020-09-14,Delhi,29.7,79
2020-09-15,Delhi,30.6,73
2020-09-16,Delhi,31.3,69
2020-09-17,Delhi,31.6,64
2020-09-18,Delhi,31.9,60
2020-09-19,Delhi,31.0,67
2020-09-20,Delhi,30.4,69
2020-09-21,Delhi,30.4,66
2020-09-22,Delhi,30.0,75
2020-09-23,Delhi,29.3,75
2020-09-24,Delhi,29.3,73
2020-09-25,Delhi,30.2,62
2020-09-26,Delhi,28.9,61
2020-09-27,Delhi,28.8,61
2020-09-28,Delhi,28.4,60
2020-09-29,Delhi,27.8,58
2020-09-30,Delhi,27.6,54
2020-10-01,Delhi,27.6,58
2020-10-02,Delhi,27.6,63
2020-10-03,Delhi,26.8,60
2020-10-04,Delhi,26.0,60
2020-10-05,Delhi,26.2,56
2020-10-06,Delhi,26.0,59
2020-10-07,Delhi,26.2,63
2020-10-08,Delhi,26.2,64
2020-10-09,Delhi,26.6,64
2020-10-10,Delhi,26.6,64
2020-10-11,Delhi,26.7,62
2020-10-12,Delhi,26.7,67
2020-10-13,Delhi,26.7,67
2020-10-14,Delhi,27.0,70
2020-10-15,Delhi,26.5,62
2020-10-16,Delhi,24.8,55
2020-10-17,Delhi,25.7,55
2020-10-18,Delhi,25.0,48
2020-10-19,Delhi,24.3,46
2020-10-20,Delhi,24.0,46
2020-10-21,Delhi,24.4,51
2020-10-22,Delhi,25.5,48
2020-10-23,Delhi,24.3,51
2020-10-24,Delhi,23.8,52
2020-10-25,Delhi,24.7,50
2020-10-26,Delhi,24.2,49
2020-10-27,Delhi,22.5,40
2020-10-28,Delhi,22.2,46
2020-10-29,Delhi,22.1,56
2020-10-30,Delhi,21.4,56
2020-10-31,Delhi,21.2,46
2020-11-01,Delhi,20.9,36
2020-11-02,Delhi,21.0,35
2020-11-03,Delhi,21.1,39
2020-11-04,Delhi,20.8,45
2020-11-05,Delhi,21.9,46
2020-11-06,Delhi,21.2,49
2020-11-07,Delhi,20.7,48
2020-11-08,Delhi,20.1,55
2020-11-09,Delhi,20.1,60
2020-11-10,Delhi,19.8,66
2020-11-11,Delhi,20.1,67
2020-11-12,Delhi,20.2,62
2020-11-13,Delhi,20.2,61
2020-11-14,Delhi,19.8,60
2020-11-15,Delhi,20.9,62
2020-11-16,Delhi,19.5,78
2020-11-17,Delhi,18.7,74
2020-11-18,Delhi,17.7,69
2020-11-19,Delhi,17.1,65
2020-11-20,Delhi,16.5,60
2020-11-21,Delhi,16.3,54
2020-11-22,Delhi,15.5,57
2020-11-23,Delhi,15.4,63
2020-11-24,Delhi,15.7,65
2020-11-25,Delhi,16.7,65
2020-11-26,Delhi,17.3,68
2020-11-27,Delhi,17.3,68
2020-11-28,Delhi,16.2,66
2020-11-29,Delhi,15.3,67
2020-11-30,Delhi,15.9,69
2020-12-01,Delhi,16.3,72
2020-12-02,Delhi,17.5,68
2020-12-03,Delhi,17.9,69
2020-12-04,Delhi,17.9,69
2020-12-05,Delhi,18.6,70
2019-01-02,Goa,23.9,48
2019-01-03,Goa,24.6,47
2019-01-04,Goa,24.1,55
2019-01-05,Goa,24.2,63
2019-01-06,Goa,23.6,66
2019-01-07,Goa,24.4,63
2019-01-08,Goa,25.1,58
2019-01-09,Goa,24.7,61
2019-01-10,Goa,24.3,60
2019-01-11,Goa,23.7,69
2019-01-12,Goa,23.6,75
2019-01-13,Goa,23.8,70
2019-01-14,Goa,24.5,65
2019-01-15,Goa,24.9,58
2019-01-16,Goa,24.8,59
2019-01-17,Goa,25.2,60
2019-01-18,Goa,25.5,55
2019-01-19,Goa,25.1,57
2019-01-20,Goa,25.1,62
2019-01-21,Goa,24.4,64
2019-01-22,Goa,24.3,75
2019-01-23,Goa,24.5,68
2019-01-24,Goa,24.0,71
2019-01-25,Goa,23.6,60
2019-01-26,Goa,22.5,66
2019-01-27,Goa,22.8,73
2019-01-28,Goa,25.6,60
2019-01-29,Goa,26.4,56
2019-01-30,Goa,26.3,53
2019-01-31,Goa,25.3,55
2019-02-01,Goa,24.9,60
2019-02-02,Goa,24.9,63
2019-02-03,Goa,25.3,61
2019-02-04,Goa,25.8,61
2019-02-05,Goa,26.0,62
2019-02-06,Goa,25.8,68
2019-02-07,Goa,25.1,63
2019-02-08,Goa,23.9,58
2019-02-09,Goa,22.7,61
2019-02-10,Goa,24.1,61
2019-02-11,Goa,24.8,69
2019-02-12,Goa,27.4,62
2019-02-13,Goa,27.2,58
2019-02-14,Goa,26.4,60
2019-02-15,Goa,25.5,68
2019-02-16,Goa,25.4,58
2019-02-17,Goa,23.9,66
2019-02-18,Goa,23.3,71
2019-02-19,Goa,24.0,77
2019-02-20,Goa,25.2,80
2019-02-21,Goa,26.1,78
2019-02-22,Goa,26.9,70
2019-02-23,Goa,27.1,58
2019-02-24,Goa,26.7,70
2019-02-25,Goa,26.1,67
2019-02-26,Goa,25.9,62
2019-02-27,Goa,25.0,67
2019-02-28,Goa,24.6,61
2019-03-01,Goa,24.2,68
2019-03-02,Goa,24.8,71
2019-03-03,Goa,25.6,75
2019-03-04,Goa,25.4,74
2019-03-05,Goa,25.3,74
2019-03-06,Goa,24.9,72
2019-03-07,Goa,24.4,68
2019-03-08,Goa,25.5,71
2019-03-09,Goa,25.1,78
2019-03-10,Goa,26.0,70
2019-03-11,Goa,25.8,72
2019-03-12,Goa,25.6,74
2019-03-13,Goa,26.5,63
2019-03-14,Goa,26.7,59
2019-03-15,Goa,27.0,58
2019-03-16,Goa,26.8,63
2019-03-17,Goa,25.9,71
2019-03-18,Goa,25.6,69
2019-03-19,Goa,25.6,74
2019-03-20,Goa,25.7,74
2019-03-21,Goa,25.9,72
2019-03-22,Goa,26.6,63
2019-03-23,Goa,26.7,73
2019-03-24,Goa,26.1,81
2019-03-25,Goa,27.1,82
2019-03-26,Goa,28.2,82
2019-03-27,Goa,28.1,83
2019-03-28,Goa,28.1,83
2019-03-29,Goa,27.4,78
2019-03-30,Goa,27.5,80
2019-03-31,Goa,28.0,81
2019-04-01,Goa,27.9,77
2019-04-02,Goa,27.5,75
2019-04-03,Goa,27.6,77
2019-04-04,Goa,27.7,80
2019-04-05,Goa,28.2,77
2019-04-06,Goa,28.5,76
2019-04-07,Goa,28.5,74
2019-04-08,Goa,28.3,77
2019-04-09,Goa,28.6,78
2019-04-10,Goa,28.4,76
2019-04-11,Goa,28.3,78
2019-04-12,Goa,28.7,77
2019-04-13,Goa,28.8,81
2019-04-14,Goa,29.4,76
2019-04-15,Goa,29.2,79
2019-04-16,Goa,28.8,79
2019-04-17,Goa,28.9,70
2019-04-18,Goa,28.6,56
2019-04-19,Goa,28.2,71
2019-04-20,Goa,28.2,73
2019-04-21,Goa,28.3,72
2019-04-22,Goa,29.0,68
2019-04-23,Goa,29.5,64
2019-04-24,Goa,29.4,66
2019-04-25,Goa,29.4,71
2019-04-26,Goa,28.8,79
2019-04-27,Goa,29.1,80
2019-04-28,Goa,29.8,80
2019-04-29,Goa,29.3,82
2019-04-30,Goa,29.3,80
2019-05-01,Goa,28.7,75
2019-05-02,Goa,28.3,75
2019-05-03,Goa,28.3,72
2019-05-04,Goa,28.7,68
2019-05-05,Goa,28.6,72
2019-05-06,Goa,29.0,74
2019-05-07,Goa,29.1,75
2019-05-08,Goa,29.0,73
2019-05-09,Goa,28.9,68
2019-05-10,Goa,28.8,69
2019-05-11,Goa,29.2,72
2019-05-12,Goa,28.9,73
2019-05-13,Goa,29.2,71
2019-05-14,Goa,29.1,72
2019-05-15,Goa,29.1,73
2019-05-16,Goa,29.0,73
2019-05-17,Goa,28.9,75
2019-05-18,Goa,29.6,73
2019-05-19,Goa,29.5,73
2019-05-20,Goa,29.0,77
2019-05-21,Goa,29.4,79
2019-05-22,Goa,29.5,78
2019-05-23,Goa,29.2,76
2019-05-24,Goa,29.3,76
2019-05-25,Goa,29.7,75
2019-05-26,Goa,29.5,74
2019-05-27,Goa,29.6,74
2019-05-28,Goa,29.7,73
2019-05-29,Goa,29.5,73
2019-05-30,Goa,29.4,73
2019-05-31,Goa,29.3,76
2019-06-01,Goa,29.7,73
2019-06-02,Goa,29.8,73
2019-06-03,Goa,29.0,79
2019-06-04,Goa,29.4,76
2019-06-05,Goa,29.9,75
2019-06-06,Goa,30.0,76
2019-06-07,Goa,29.7,79
2019-06-08,Goa,30.1,79
2019-06-09,Goa,29.2,80
2019-06-10,Goa,29.5,76
2019-06-11,Goa,27.1,87
2019-06-12,Goa,27.2,89
2019-06-13,Goa,27.0,91
2019-06-14,Goa,27.0,91
2019-06-15,Goa,27.2,90
2019-06-16,Goa,27.6,88
2019-06-17,Goa,27.6,88
2019-06-18,Goa,26.6,91
2019-06-19,Goa,26.8,92
2019-06-20,Goa,26.8,90
2019-06-21,Goa,26.6,92
2019-06-22,Goa,26.4,91
2019-06-23,Goa,26.1,92
2019-06-24,Goa,26.1,92
2019-06-25,Goa,26.7,91
2019-06-26,Goa,26.5,91
2019-06-27,Goa,26.4,91
2019-06-28,Goa,26.0,92
2019-06-29,Goa,25.8,92
2019-06-30,Goa,25.9,92
2019-07-01,Goa,26.3,91
2019-07-02,Goa,26.2,91
2019-07-03,Goa,26.1,91
2019-07-04,Goa,26.3,92
2019-07-05,Goa,26.5,90
2019-07-06,Goa,26.8,88
2019-07-07,Goa,27.0,87
2019-07-08,Goa,26.8,87
2019-07-09,Goa,26.6,88
2019-07-10,Goa,25.9,91
2019-07-11,Goa,25.0,93
2019-07-12,Goa,25.7,92
2019-07-13,Goa,26.2,91
2019-07-14,Goa,26.0,91
2019-07-15,Goa,26.0,92
2019-07-16,Goa,25.9,91
2019-07-17,Goa,25.7,92
2019-07-18,Goa,26.1,90
2019-07-19,Goa,26.1,91
2019-07-20,Goa,26.0,92
2019-07-21,Goa,26.7,89
2019-07-22,Goa,26.2,90
2019-07-23,Goa,25.8,91
2019-07-24,Goa,25.7,92
2019-07-25,Goa,25.9,92
2019-07-26,Goa,25.4,93
2019-07-27,Goa,26.5,87
2019-07-28,Goa,25.7,91
2019-07-29,Goa,25.4,91
2019-07-30,Goa,25.6,91
2019-07-31,Goa,26.0,90
2019-08-01,Goa,26.4,88
2019-08-02,Goa,25.7,91
2019-08-03,Goa,25.5,91
2019-08-04,Goa,25.8,90
2019-08-05,Goa,25.5,91
2019-08-06,Goa,25.7,93
2019-08-07,Goa,25.8,92
2019-08-08,Goa,25.8,91
2019-08-09,Goa,25.4,92
2019-08-10,Goa,25.8,91
2019-08-11,Goa,26.1,89
2019-08-12,Goa,26.1,90
2019-08-13,Goa,25.8,92
2019-08-14,Goa,25.5,92
2019-08-15,Goa,25.4,93
2019-08-16,Goa,25.8,92
2019-08-17,Goa,26.3,89
2019-08-18,Goa,26.1,91
2019-08-19,Goa,26.4,91
2019-08-20,Goa,26.5,90
2019-08-21,Goa,26.3,89
2019-08-22,Goa,25.8,90
2019-08-23,Goa,25.5,91
2019-08-24,Goa,25.5,92
2019-08-25,Goa,25.8,91
2019-08-26,Goa,25.7,92
2019-08-27,Goa,26.2,89
2019-08-28,Goa,25.7,92
2019-08-29,Goa,26.0,91
2019-08-30,Goa,26.0,92
2019-08-31,Goa,25.7,92
2019-09-01,Goa,25.2,92
2019-09-02,Goa,25.5,91
2019-09-03,Goa,25.4,93
2019-09-04,Goa,25.3,92
2019-09-05,Goa,25.6,93
2019-09-06,Goa,25.7,91
2019-09-07,Goa,25.6,93
2019-09-08,Goa,26.0,90
2019-09-09,Goa,26.3,89
2019-09-10,Goa,26.1,91
2019-09-11,Goa,26.0,92
2019-09-12,Goa,25.6,93
2019-09-13,Goa,25.6,92
2019-09-14,Goa,26.0,91
2019-09-15,Goa,25.9,92
2019-09-16,Goa,26.0,89
2019-09-17,Goa,26.3,89
2019-09-18,Goa,26.3,90
2019-09-19,Goa,25.5,92
2019-09-20,Goa,26.5,89
2019-09-21,Goa,26.2,91
2019-09-22,Goa,26.7,89
2019-09-23,Goa,26.7,89
2019-09-24,Goa,26.6,88
2019-09-25,Goa,26.0,91
2019-09-26,Goa,25.5,91
2019-09-27,Goa,26.2,89
2019-09-28,Goa,26.4,90
2019-09-29,Goa,26.9,88
2019-09-30,Goa,26.9,88
2019-10-01,Goa,26.4,90
2019-10-02,Goa,27.1,88
2019-10-03,Goa,27.4,87
2019-10-04,Goa,26.6,91
2019-10-05,Goa,26.9,89
2019-10-06,Goa,26.6,86
2019-10-07,Goa,26.5,88
2019-10-08,Goa,26.8,90
2019-10-09,Goa,26.7,87
2019-10-10,Goa,27.2,87
2019-10-11,Goa,27.3,88
2019-10-12,Goa,27.4,88
2019-10-13,Goa,27.4,86
2019-10-14,Goa,28.0,87
2019-10-15,Goa,28.3,83
2019-10-16,Goa,28.0,85
2019-10-17,Goa,28.2,82
2019-10-18,Goa,26.3,89
2019-10-19,Goa,26.4,87
2019-10-20,Goa,26.5,87
2019-10-21,Goa,26.3,89
2019-10-22,Goa,25.6,91
2019-10-23,Goa,25.3,92
2019-10-24,Goa,25.1,92
2019-10-25,Goa,25.7,91
2019-10-26,Goa,25.4,90
2019-10-27,Goa,25.8,87
2019-10-28,Goa,26.8,83
2019-10-29,Goa,27.2,84
2019-10-30,Goa,27.7,76
2019-10-31,Goa,28.1,74
2019-11-01,Goa,26.9,78
2019-11-02,Goa,26.4,84
2019-11-03,Goa,26.6,84
2019-11-04,Goa,27.4,85
2019-11-05,Goa,27.5,84
2019-11-06,Goa,27.4,88
2019-11-07,Goa,26.7,88
2019-11-08,Goa,26.2,85
2019-11-09,Goa,25.9,82
2019-11-10,Goa,26.2,85
2019-11-11,Goa,26.9,82
2019-11-12,Goa,27.4,77
2019-11-13,Goa,27.3,74
2019-11-14,Goa,27.6,69
2019-11-15,Goa,27.7,72
2019-11-16,Goa,27.9,78
2019-11-17,Goa,28.1,76
2019-11-18,Goa,28.6,65
2019-11-19,Goa,28.7,69
2019-11-20,Goa,28.7,74
2019-11-21,Goa,28.9,70
2019-11-22,Goa,28.7,65
2019-11-23,Goa,27.6,64
2019-11-24,Goa,27.0,64
2019-11-25,Goa,27.9,61
2019-11-26,Goa,29.1,54
2019-11-27,Goa,28.5,59
2019-11-28,Goa,28.9,62
2019-11-29,Goa,29.0,66
2019-11-30,Goa,28.6,63
2019-12-01,Goa,28.7,62
2019-12-02,Goa,28.1,67
2019-12-03,Goa,28.0,63
2019-12-04,Goa,28.4,59
2019-12-05,Goa,29.3,52
2019-12-06,Goa,28.4,57
2019-12-07,Goa,27.3,61
2019-12-08,Goa,27.9,68
2019-12-09,Goa,27.8,69
2019-12-10,Goa,27.6,65
2019-12-11,Goa,26.8,65
2019-12-12,Goa,26.4,68
2019-12-13,Goa,26.6,69
2019-12-14,Goa,26.9,68
2019-12-15,Goa,26.7,70
2019-12-16,Goa,27.0,68
2019-12-17,Goa,27.6,62
2019-12-18,Goa,27.5,60
2019-12-19,Goa,27.7,59
2019-12-20,Goa,27.6,62
2019-12-21,Goa,27.8,63
2019-12-22,Goa,27.7,66
2019-12-23,Goa,27.8,68
2019-12-24,Goa,27.2,70
2019-12-25,Goa,27.9,71
2019-12-26,Goa,27.7,76
2019-12-27,Goa,27.7,76
2019-12-28,Goa,28.6,67
2019-12-29,Goa,28.2,68
2019-12-30,Goa,27.0,75
2019-12-31,Goa,25.8,69
2020-01-01,Goa,25.3,71
2020-01-02,Goa,25.5,72
2020-01-03,Goa,25.5,69
2020-01-04,Goa,24.2,68
2020-01-05,Goa,23.8,70
2020-01-06,Goa,26.2,72
2020-01-07,Goa,27.2,73
2020-01-08,Goa,26.7,74
2020-01-09,Goa,26.0,72
2020-01-10,Goa,26.3,71
2020-01-11,Goa,26.9,70
2020-01-12,Goa,26.2,68
2020-01-13,Goa,26.1,70
2020-01-14,Goa,25.9,73
2020-01-15,Goa,25.3,72
2020-01-16,Goa,24.9,59
2020-01-17,Goa,23.6,57
2020-01-18,Goa,24.1,63
2020-01-19,Goa,25.7,70
2020-01-20,Goa,26.9,68
2020-01-21,Goa,27.1,65
2020-01-22,Goa,27.0,59
2020-01-23,Goa,27.2,56
2020-01-24,Goa,27.0,60
2020-01-25,Goa,26.4,61
2020-01-26,Goa,25.7,70
2020-01-27,Goa,25.5,82
2020-01-28,Goa,25.4,77
2020-01-29,Goa,25.2,71
2020-01-30,Goa,24.3,67
2020-01-31,Goa,23.9,71
2020-02-01,Goa,24.0,70
2020-02-02,Goa,24.5,71
2020-02-03,Goa,25.7,72
2020-02-04,Goa,25.9,72
2020-02-05,Goa,25.8,70
2020-02-06,Goa,25.3,67
2020-02-07,Goa,24.2,68
2020-02-08,Goa,23.4,63
2020-02-09,Goa,23.9,68
2020-02-10,Goa,25.4,71
2020-02-11,Goa,26.8,68
2020-02-12,Goa,27.8,58
2020-02-13,Goa,27.2,61
2020-02-14,Goa,27.2,63
2020-02-15,Goa,26.6,67
2020-02-16,Goa,26.9,59
2020-02-17,Goa,26.8,60
2020-02-18,Goa,27.1,58
2020-02-19,Goa,26.4,70
2020-02-20,Goa,26.8,72
2020-02-21,Goa,27.2,63
2020-02-22,Goa,27.6,54
2020-02-23,Goa,27.0,60
2020-02-24,Goa,27.0,65
2020-02-25,Goa,26.5,76
2020-02-26,Goa,27.8,66
2020-02-27,Goa,28.4,62
2020-02-28,Goa,28.3,68
2020-02-29,Goa,28.3,72
2020-03-01,Goa,27.9,68
2020-03-02,Goa,27.8,68
2020-03-03,Goa,27.5,61
2020-03-04,Goa,27.2,60
2020-03-05,Goa,25.6,68
2020-03-06,Goa,25.8,68
2020-03-07,Goa,26.3,62
2020-03-08,Goa,27.0,59
2020-03-09,Goa,27.0,60
2020-03-10,Goa,26.9,63
2020-03-11,Goa,26.8,66
2020-03-12,Goa,26.4,64
2020-03-13,Goa,26.2,60
2020-03-14,Goa,26.5,56
2020-03-15,Goa,27.0,61
2020-03-16,Goa,27.6,64
2020-03-17,Goa,27.8,74
2020-03-18,Goa,28.4,78
2020-03-19,Goa,29.2,54
2020-03-20,Goa,28.0,58
2020-03-21,Goa,26.9,66
2020-03-22,Goa,26.9,74
2020-03-23,Goa,26.7,80
2020-03-24,Goa,27.4,80
2020-03-25,Goa,28.0,79
2020-03-26,Goa,28.4,80
2020-03-27,Goa,29.0,78
2020-03-28,Goa,28.6,76
2020-03-29,Goa,28.4,77
2020-03-30,Goa,28.5,78
2020-03-31,Goa,28.6,72
2020-04-01,Goa,28.7,70
2020-04-02,Goa,28.4,75
2020-04-03,Goa,28.5,78
2020-04-04,Goa,28.6,76
2020-04-05,Goa,29.0,76
2020-04-06,Goa,29.0,77
2020-04-07,Goa,28.2,77
2020-04-08,Goa,28.1,74
2020-04-09,Goa,28.2,69
2020-04-10,Goa,28.4,71
2020-04-11,Goa,29.0,77
2020-04-12,Goa,29.1,80
2020-04-13,Goa,29.2,80
2020-04-14,Goa,29.3,80
2020-04-15,Goa,29.4,81
2020-04-16,Goa,29.3,80
2020-04-17,Goa,29.8,77
2020-04-18,Goa,29.8,77
2020-04-19,Goa,30.0,78
2020-04-20,Goa,30.2,83
2020-04-21,Goa,30.1,79
2020-04-22,Goa,29.4,75
2020-04-23,Goa,29.7,75
2020-04-24,Goa,29.6,76
2020-04-25,Goa,29.6,75
2020-04-26,Goa,29.2,73
2020-04-27,Goa,29.4,73
2020-04-28,Goa,29.1,74
2020-04-29,Goa,29.5,78
2020-04-30,Goa,29.7,79
2020-05-01,Goa,30.2,77
2020-05-02,Goa,30.2,76
2020-05-03,Goa,30.5,77
2020-05-04,Goa,30.0,76
2020-05-05,Goa,29.9,75
2020-05-06,Goa,30.1,78
2020-05-07,Goa,30.0,80
2020-05-08,Goa,29.5,77
2020-05-09,Goa,29.9,74
2020-05-10,Goa,30.1,73
2020-05-11,Goa,30.4,75
2020-05-12,Goa,30.7,70
2020-05-13,Goa,30.5,74
2020-05-14,Goa,30.0,77
2020-05-15,Goa,29.5,80
2020-05-16,Goa,29.1,82
2020-05-17,Goa,29.9,79
2020-05-18,Goa,30.1,75
2020-05-19,Goa,29.6,76
2020-05-20,Goa,29.4,76
2020-05-21,Goa,29.4,74
2020-05-22,Goa,29.5,74
2020-05-23,Goa,29.8,74
2020-05-24,Goa,29.9,76
2020-05-25,Goa,30.2,75
2020-05-26,Goa,30.2,77
2020-05-27,Goa,29.9,75
2020-05-28,Goa,30.1,72
2020-05-29,Goa,30.0,75
2020-05-30,Goa,30.5,75
2020-05-31,Goa,28.4,86
2020-06-01,Goa,26.8,90
2020-06-02,Goa,26.7,89
2020-06-03,Goa,26.3,92
2020-06-04,Goa,26.6,90
2020-06-05,Goa,26.7,89
2020-06-06,Goa,27.0,89
2020-06-07,Goa,26.8,88
2020-06-08,Goa,26.8,89
2020-06-09,Goa,27.1,89
2020-06-10,Goa,27.1,92
2020-06-11,Goa,26.2,92
2020-06-12,Goa,25.9,92
2020-06-13,Goa,26.5,92
2020-06-14,Goa,26.8,92
2020-06-15,Goa,27.0,92
2020-06-16,Goa,26.4,93
2020-06-17,Goa,26.0,92
2020-06-18,Goa,26.3,92
2020-06-19,Goa,26.6,91
2020-06-20,Goa,26.9,91
2020-06-21,Goa,26.4,92
2020-06-22,Goa,26.3,91
2020-06-23,Goa,26.5,89
2020-06-24,Goa,26.4,89
2020-06-25,Goa,26.8,89
2020-06-26,Goa,27.0,89
2020-06-27,Goa,26.8,90
2020-06-28,Goa,26.8,90
2020-06-29,Goa,26.4,92
2020-06-30,Goa,26.2,93
2020-07-01,Goa,26.1,91
2020-07-02,Goa,25.8,92
2020-07-03,Goa,26.0,92
2020-07-04,Goa,26.2,92
2020-07-05,Goa,26.6,90
2020-07-06,Goa,27.2,86
2020-07-07,Goa,26.4,90
2020-07-08,Goa,26.3,90
2020-07-09,Goa,26.1,91
2020-07-10,Goa,26.0,91
2020-07-11,Goa,25.4,93
2020-07-12,Goa,26.1,90
2020-07-13,Goa,25.6,92
2020-07-14,Goa,25.5,93
2020-07-15,Goa,25.6,93
2020-07-16,Goa,25.5,92
2020-07-17,Goa,25.7,92
2020-07-18,Goa,26.0,91
2020-07-19,Goa,26.2,91
2020-07-20,Goa,26.3,90
2020-07-21,Goa,26.5,89
2020-07-22,Goa,27.0,88
2020-07-23,Goa,26.9,90
2020-07-24,Goa,26.2,91
2020-07-25,Goa,26.4,88
2020-07-26,Goa,25.4,91
2020-07-27,Goa,26.1,90
2020-07-28,Goa,26.3,89
2020-07-29,Goa,26.0,91
2020-07-30,Goa,26.1,90
2020-07-31,Goa,25.7,92
2020-08-01,Goa,26.0,92
2020-08-02,Goa,25.9,91
2020-08-03,Goa,25.6,92
2020-08-04,Goa,26.0,89
2020-08-05,Goa,26.1,90
2020-08-06,Goa,26.5,88
2020-08-07,Goa,26.2,89
2020-08-08,Goa,25.6,91
2020-08-09,Goa,25.7,91
2020-08-10,Goa,25.0,92
2020-08-11,Goa,25.3,92
2020-08-12,Goa,25.6,92
2020-08-13,Goa,26.2,88
2020-08-14,Goa,26.5,85
2020-08-15,Goa,25.7,90
2020-08-16,Goa,25.4,92
2020-08-17,Goa,25.3,93
2020-08-18,Goa,25.5,92
2020-08-19,Goa,26.4,87
2020-08-20,Goa,25.8,92
2020-08-21,Goa,25.5,93
2020-08-22,Goa,26.0,91
2020-08-23,Goa,26.1,91
2020-08-24,Goa,26.0,91
2020-08-25,Goa,26.3,88
2020-08-26,Goa,26.3,88
2020-08-27,Goa,26.3,88
2020-08-28,Goa,25.8,91
2020-08-29,Goa,25.6,92
2020-08-30,Goa,25.8,91
2020-08-31,Goa,26.5,89
2020-09-01,Goa,26.7,88
2020-09-02,Goa,27.0,88
2020-09-03,Goa,26.9,88
2020-09-04,Goa,26.8,89
2020-09-05,Goa,27.3,87
2020-09-06,Goa,27.1,88
2020-09-07,Goa,26.8,89
2020-09-08,Goa,26.5,89
2020-09-09,Goa,26.8,87
2020-09-10,Goa,27.1,85
2020-09-11,Goa,26.1,90
2020-09-12,Goa,26.3,86
2020-09-13,Goa,25.8,90
2020-09-14,Goa,25.5,91
2020-09-15,Goa,25.7,91
2020-09-16,Goa,25.6,92
2020-09-17,Goa,25.6,92
2020-09-18,Goa,25.6,92
2020-09-19,Goa,25.6,92
2020-09-20,Goa,25.7,92
2020-09-21,Goa,25.8,92
2020-09-22,Goa,25.9,88
2020-09-23,Goa,26.3,89
2020-09-24,Goa,26.2,92
2020-09-25,Goa,26.2,91
2020-09-26,Goa,25.7,92
2020-09-27,Goa,25.9,89
2020-09-28,Goa,26.0,89
2020-09-29,Goa,26.3,89
2020-09-30,Goa,26.4,87
2020-10-01,Goa,26.4,86
2020-10-02,Goa,26.5,88
2020-10-03,Goa,25.6,91
2020-10-04,Goa,25.9,89
2020-10-05,Goa,26.2,88
2020-10-06,Goa,26.4,90
2020-10-07,Goa,26.8,89
2020-10-08,Goa,27.5,88
2020-10-09,Goa,27.1,92
2020-10-10,Goa,26.4,90
2020-10-11,Goa,25.7,92
2020-10-12,Goa,25.6,90
2020-10-13,Goa,25.7,91
2020-10-14,Goa,25.6,91
2020-10-15,Goa,26.2,86
2020-10-16,Goa,26.3,83
2020-10-17,Goa,26.1,89
2020-10-18,Goa,26.0,90
2020-10-19,Goa,26.1,90
2020-10-20,Goa,26.3,89
2020-10-21,Goa,25.7,92
2020-10-22,Goa,26.0,91
2020-10-23,Goa,26.4,90
2020-10-24,Goa,26.5,85
2020-10-25,Goa,26.5,86
2020-10-26,Goa,26.4,89
2020-10-27,Goa,27.1,89
2020-10-28,Goa,27.3,79
2020-10-29,Goa,27.1,79
2020-10-30,Goa,26.7,79
2020-10-31,Goa,27.2,83
2020-11-01,Goa,27.6,83
2020-11-02,Goa,27.2,83
2020-11-03,Goa,26.8,77
2020-11-04,Goa,26.7,83
2020-11-05,Goa,27.1,69
2020-11-06,Goa,27.0,64
2020-11-07,Goa,27.5,76
2020-11-08,Goa,28.1,75
2020-11-09,Goa,27.3,69
2020-11-10,Goa,25.9,60
2020-11-11,Goa,25.4,58
2020-11-12,Goa,26.3,59
2020-11-13,Goa,28.3,72
2020-11-14,Goa,27.5,77
2020-11-15,Goa,28.2,62
2020-11-16,Goa,28.1,69
2020-11-17,Goa,28.4,74
2020-11-18,Goa,28.0,76
2020-11-19,Goa,27.8,79
2020-11-20,Goa,27.5,80
2020-11-21,Goa,27.2,79
2020-11-22,Goa,27.2,61
2020-11-23,Goa,27.4,68
2020-11-24,Goa,27.3,68
2020-11-25,Goa,27.0,59
2020-11-26,Goa,27.0,63
2020-11-27,Goa,27.9,62
2020-11-28,Goa,27.4,60
2020-11-29,Goa,27.7,65
2020-11-30,Goa,27.8,70
2020-12-01,Goa,27.7,65
2020-12-02,Goa,26.7,60
2020-12-03,Goa,26.7,57
2020-12-04,Goa,27.4,61
2020-12-05,Goa,26.9,62
2019-01-02,Gujarat,20.4,29
2019-01-03,Gujarat,20.8,33
2019-01-04,Gujarat,20.7,33
2019-01-05,Gujarat,21.5,41
2019-01-06,Gujarat,19.6,46
2019-01-07,Gujarat,18.1,39
2019-01-08,Gujarat,18.3,43
2019-01-09,Gujarat,19.0,37
2019-01-10,Gujarat,19.4,43
2019-01-11,Gujarat,20.6,41
2019-01-12,Gujarat,21.1,44
2019-01-13,Gujarat,21.2,52
2019-01-14,Gujarat,20.4,43
2019-01-15,Gujarat,20.0,42
2019-01-16,Gujarat,20.8,40
2019-01-17,Gujarat,21.3,45
2019-01-18,Gujarat,22.5,44
2019-01-19,Gujarat,23.2,41
2019-01-20,Gujarat,24.1,36
2019-01-21,Gujarat,21.7,54
2019-01-22,Gujarat,19.9,59
2019-01-23,Gujarat,18.4,42
2019-01-24,Gujarat,18.3,37
2019-01-25,Gujarat,17.3,32
2019-01-26,Gujarat,16.5,30
2019-01-27,Gujarat,16.6,31
2019-01-28,Gujarat,16.2,33
2019-01-29,Gujarat,16.7,34
2019-01-30,Gujarat,18.0,36
2019-01-31,Gujarat,20.4,34
2019-02-01,Gujarat,19.4,48
2019-02-02,Gujarat,18.0,42
2019-02-03,Gujarat,19.9,41
2019-02-04,Gujarat,23.6,41
2019-02-05,Gujarat,23.7,38
2019-02-06,Gujarat,21.3,41
2019-02-07,Gujarat,18.0,46
2019-02-08,Gujarat,16.9,49
2019-02-09,Gujarat,17.0,31
2019-02-10,Gujarat,18.8,29
2019-02-11,Gujarat,20.8,30
2019-02-12,Gujarat,23.6,32
2019-02-13,Gujarat,24.3,40
2019-02-14,Gujarat,22.3,52
2019-02-15,Gujarat,21.9,39
2019-02-16,Gujarat,21.5,36
2019-02-17,Gujarat,22.9,27
2019-02-18,Gujarat,23.7,38
2019-02-19,Gujarat,23.9,57
2019-02-20,Gujarat,25.8,50
2019-02-21,Gujarat,24.2,63
2019-02-22,Gujarat,24.5,54
2019-02-23,Gujarat,23.7,27
2019-02-24,Gujarat,23.3,29
2019-02-25,Gujarat,23.3,49
2019-02-26,Gujarat,22.8,60
2019-02-27,Gujarat,22.2,50
2019-02-28,Gujarat,21.7,21
2019-03-01,Gujarat,23.2,23
2019-03-02,Gujarat,26.2,28
2019-03-03,Gujarat,24.5,63
2019-03-04,Gujarat,22.7,48
2019-03-05,Gujarat,22.6,42
2019-03-06,Gujarat,23.2,49
2019-03-07,Gujarat,24.0,48
2019-03-08,Gujarat,24.2,50
2019-03-09,Gujarat,24.8,42
2019-03-10,Gujarat,26.1,30
2019-03-11,Gujarat,23.9,49
2019-03-12,Gujarat,23.7,42
2019-03-13,Gujarat,23.6,42
2019-03-14,Gujarat,22.9,44
2019-03-15,Gujarat,24.6,26
2019-03-16,Gujarat,25.6,25
2019-03-17,Gujarat,26.8,22
2019-03-18,Gujarat,27.5,18
2019-03-19,Gujarat,28.0,25
2019-03-20,Gujarat,25.5,48
2019-03-21,Gujarat,25.3,50
2019-03-22,Gujarat,27.6,38
2019-03-23,Gujarat,29.1,31
2019-03-24,Gujarat,29.9,31
2019-03-25,Gujarat,30.4,29
2019-03-26,Gujarat,30.3,24
2019-03-27,Gujarat,30.8,25
2019-03-28,Gujarat,31.7,24
2019-03-29,Gujarat,31.5,31
2019-03-30,Gujarat,30.9,32
2019-03-31,Gujarat,30.2,30
2019-04-01,Gujarat,30.7,33
2019-04-02,Gujarat,31.4,32
2019-04-03,Gujarat,31.8,31
2019-04-04,Gujarat,32.8,28
2019-04-05,Gujarat,31.9,29
2019-04-06,Gujarat,31.5,34
2019-04-07,Gujarat,31.6,35
2019-04-08,Gujarat,31.4,33
2019-04-09,Gujarat,30.6,39
2019-04-10,Gujarat,30.9,43
2019-04-11,Gujarat,31.4,41
2019-04-12,Gujarat,31.0,42
2019-04-13,Gujarat,31.5,38
2019-04-14,Gujarat,32.3,34
2019-04-15,Gujarat,30.7,35
2019-04-16,Gujarat,27.6,42
2019-04-17,Gujarat,26.6,52
2019-04-18,Gujarat,28.2,49
2019-04-19,Gujarat,29.9,34
2019-04-20,Gujarat,30.7,29
2019-04-21,Gujarat,30.7,35
2019-04-22,Gujarat,31.3,36
2019-04-23,Gujarat,31.8,40
2019-04-24,Gujarat,31.4,41
2019-04-25,Gujarat,32.0,41
2019-04-26,Gujarat,33.2,36
2019-04-27,Gujarat,34.7,25
2019-04-28,Gujarat,33.8,22
2019-04-29,Gujarat,32.1,33
2019-04-30,Gujarat,32.0,36
2019-05-01,Gujarat,31.2,39
2019-05-02,Gujarat,30.9,36
2019-05-03,Gujarat,31.0,37
2019-05-04,Gujarat,30.7,48
2019-05-05,Gujarat,31.1,45
2019-05-06,Gujarat,31.7,39
2019-05-07,Gujarat,32.0,33
2019-05-08,Gujarat,31.0,47
2019-05-09,Gujarat,29.4,52
2019-05-10,Gujarat,29.3,56
2019-05-11,Gujarat,30.5,55
2019-05-12,Gujarat,31.2,54
2019-05-13,Gujarat,31.1,55
2019-05-14,Gujarat,31.2,49
2019-05-15,Gujarat,30.7,51
2019-05-16,Gujarat,30.5,55
2019-05-17,Gujarat,30.6,57
2019-05-18,Gujarat,30.7,55
2019-05-19,Gujarat,30.9,55
2019-05-20,Gujarat,31.5,54
2019-05-21,Gujarat,31.6,51
2019-05-22,Gujarat,31.5,52
2019-05-23,Gujarat,32.5,51
2019-05-24,Gujarat,32.1,50
2019-05-25,Gujarat,32.1,50
2019-05-26,Gujarat,32.8,43
2019-05-27,Gujarat,32.7,42
2019-05-28,Gujarat,32.7,43
2019-05-29,Gujarat,32.5,46
2019-05-30,Gujarat,32.9,47
2019-05-31,Gujarat,32.9,53
2019-06-01,Gujarat,33.0,53
2019-06-02,Gujarat,33.4,51
2019-06-03,Gujarat,33.1,49
2019-06-04,Gujarat,32.5,52
2019-06-05,Gujarat,32.5,53
2019-06-06,Gujarat,32.9,54
2019-06-07,Gujarat,34.0,47
2019-06-08,Gujarat,33.8,45
2019-06-09,Gujarat,33.4,49
2019-06-10,Gujarat,33.0,53
2019-06-11,Gujarat,33.7,49
2019-06-12,Gujarat,30.9,60
2019-06-13,Gujarat,28.2,72
2019-06-14,Gujarat,27.8,77
2019-06-15,Gujarat,28.0,78
2019-06-16,Gujarat,29.5,70
2019-06-17,Gujarat,29.3,69
2019-06-18,Gujarat,27.5,83
2019-06-19,Gujarat,29.8,65
2019-06-20,Gujarat,30.1,63
2019-06-21,Gujarat,30.5,61
2019-06-22,Gujarat,30.8,60
2019-06-23,Gujarat,30.5,63
2019-06-24,Gujarat,30.3,64
2019-06-25,Gujarat,29.0,72
2019-06-26,Gujarat,29.4,72
2019-06-27,Gujarat,29.1,76
2019-06-28,Gujarat,29.8,71
2019-06-29,Gujarat,29.7,67
2019-06-30,Gujarat,30.0,68
2019-07-01,Gujarat,29.9,69
2019-07-02,Gujarat,30.6,64
2019-07-03,Gujarat,29.0,71
2019-07-04,Gujarat,28.7,73
2019-07-05,Gujarat,28.7,73
2019-07-06,Gujarat,29.1,70
2019-07-07,Gujarat,30.0,67
2019-07-08,Gujarat,30.1,67
2019-07-09,Gujarat,30.2,65
2019-07-10,Gujarat,30.1,65
2019-07-11,Gujarat,30.3,63
2019-07-12,Gujarat,30.1,65
2019-07-13,Gujarat,29.5,66
2019-07-14,Gujarat,29.6,65
2019-07-15,Gujarat,29.5,67
2019-07-16,Gujarat,29.7,65
2019-07-17,Gujarat,29.9,65
2019-07-18,Gujarat,30.3,63
2019-07-19,Gujarat,31.0,60
2019-07-20,Gujarat,30.6,63
2019-07-21,Gujarat,28.8,77
2019-07-22,Gujarat,28.4,82
2019-07-23,Gujarat,28.6,82
2019-07-24,Gujarat,28.4,81
2019-07-25,Gujarat,28.3,76
2019-07-26,Gujarat,28.2,74
2019-07-27,Gujarat,27.7,76
2019-07-28,Gujarat,27.8,73
2019-07-29,Gujarat,26.0,88
2019-07-30,Gujarat,25.5,88
2019-07-31,Gujarat,24.9,93
2019-08-01,Gujarat,25.5,90
2019-08-02,Gujarat,25.8,90
2019-08-03,Gujarat,26.5,87
2019-08-04,Gujarat,26.4,85
2019-08-05,Gujarat,26.4,86
2019-08-06,Gujarat,27.4,81
2019-08-07,Gujarat,27.5,80
2019-08-08,Gujarat,27.0,81
2019-08-09,Gujarat,25.2,94
2019-08-10,Gujarat,24.6,93
2019-08-11,Gujarat,26.2,84
2019-08-12,Gujarat,26.9,81
2019-08-13,Gujarat,27.1,80
2019-08-14,Gujarat,26.6,84
2019-08-15,Gujarat,26.0,88
2019-08-16,Gujarat,25.2,92
2019-08-17,Gujarat,26.3,84
2019-08-18,Gujarat,26.3,83
2019-08-19,Gujarat,26.3,85
2019-08-20,Gujarat,26.5,82
2019-08-21,Gujarat,26.5,80
2019-08-22,Gujarat,26.0,81
2019-08-23,Gujarat,26.4,77
2019-08-24,Gujarat,26.9,75
2019-08-25,Gujarat,27.7,71
2019-08-26,Gujarat,26.3,80
2019-08-27,Gujarat,25.7,88
2019-08-28,Gujarat,26.1,88
2019-08-29,Gujarat,27.6,80
2019-08-30,Gujarat,27.4,81
2019-08-31,Gujarat,27.2,83
2019-09-01,Gujarat,26.3,88
2019-09-02,Gujarat,25.6,88
2019-09-03,Gujarat,26.8,86
2019-09-04,Gujarat,25.8,93
2019-09-05,Gujarat,25.8,93
2019-09-06,Gujarat,26.3,90
2019-09-07,Gujarat,27.0,87
2019-09-08,Gujarat,26.1,90
2019-09-09,Gujarat,26.2,91
2019-09-10,Gujarat,25.7,93
2019-09-11,Gujarat,25.0,94
2019-09-12,Gujarat,26.3,86
2019-09-13,Gujarat,26.2,87
2019-09-14,Gujarat,26.3,87
2019-09-15,Gujarat,25.8,88
2019-09-16,Gujarat,26.5,82
2019-09-17,Gujarat,26.8,82
2019-09-18,Gujarat,27.2,83
2019-09-19,Gujarat,27.8,81
2019-09-20,Gujarat,26.8,89
2019-09-21,Gujarat,25.9,90
2019-09-22,Gujarat,26.4,86
2019-09-23,Gujarat,26.9,81
2019-09-24,Gujarat,26.9,83
2019-09-25,Gujarat,26.8,86
2019-09-26,Gujarat,26.2,92
2019-09-27,Gujarat,25.1,93
2019-09-28,Gujarat,25.1,90
2019-09-29,Gujarat,23.8,95
2019-09-30,Gujarat,24.7,90
2019-10-01,Gujarat,25.8,89
2019-10-02,Gujarat,26.4,81
2019-10-03,Gujarat,26.3,81
2019-10-04,Gujarat,25.9,84
2019-10-05,Gujarat,25.5,85
2019-10-06,Gujarat,25.3,85
2019-10-07,Gujarat,26.3,78
2019-10-08,Gujarat,27.0,72
2019-10-09,Gujarat,27.0,73
2019-10-10,Gujarat,27.3,74
2019-10-11,Gujarat,27.5,64
2019-10-12,Gujarat,27.4,54
2019-10-13,Gujarat,26.8,52
2019-10-14,Gujarat,27.8,52
2019-10-15,Gujarat,28.0,53
2019-10-16,Gujarat,28.5,50
2019-10-17,Gujarat,28.3,49
2019-10-18,Gujarat,28.5,49
2019-10-19,Gujarat,27.9,59
2019-10-20,Gujarat,26.8,72
2019-10-21,Gujarat,26.8,66
2019-10-22,Gujarat,26.4,67
2019-10-23,Gujarat,26.5,69
2019-10-24,Gujarat,26.4,63
2019-10-25,Gujarat,26.5,50
2019-10-26,Gujarat,26.1,54
2019-10-27,Gujarat,25.6,78
2019-10-28,Gujarat,26.7,75
2019-10-29,Gujarat,26.5,80
2019-10-30,Gujarat,26.4,81
2019-10-31,Gujarat,27.5,74
2019-11-01,Gujarat,28.1,69
2019-11-02,Gujarat,26.0,78
2019-11-03,Gujarat,26.0,78
2019-11-04,Gujarat,25.9,78
2019-11-05,Gujarat,26.4,74
2019-11-06,Gujarat,26.7,68
2019-11-07,Gujarat,25.3,69
2019-11-08,Gujarat,24.8,67
2019-11-09,Gujarat,25.1,60
2019-11-10,Gujarat,25.6,66
2019-11-11,Gujarat,26.0,58
2019-11-12,Gujarat,25.9,56
2019-11-13,Gujarat,26.0,60
2019-11-14,Gujarat,26.0,61
2019-11-15,Gujarat,25.7,57
2019-11-16,Gujarat,25.8,58
2019-11-17,Gujarat,26.1,56
2019-11-18,Gujarat,25.1,58
2019-11-19,Gujarat,24.0,58
2019-11-20,Gujarat,23.8,60
2019-11-21,Gujarat,24.3,58
2019-11-22,Gujarat,25.8,58
2019-11-23,Gujarat,25.4,59
2019-11-24,Gujarat,25.2,58
2019-11-25,Gujarat,25.4,58
2019-11-26,Gujarat,25.4,59
2019-11-27,Gujarat,24.5,57
2019-11-28,Gujarat,23.3,49
2019-11-29,Gujarat,22.3,51
2019-11-30,Gujarat,22.1,62
2019-12-01,Gujarat,22.7,68
2019-12-02,Gujarat,23.0,63
2019-12-03,Gujarat,24.0,64
2019-12-04,Gujarat,24.4,65
2019-12-05,Gujarat,24.7,62
2019-12-06,Gujarat,23.4,53
2019-12-07,Gujarat,22.0,47
2019-12-08,Gujarat,20.9,53
2019-12-09,Gujarat,21.6,54
2019-12-10,Gujarat,21.8,53
2019-12-11,Gujarat,21.0,46
2019-12-12,Gujarat,21.5,69
2019-12-13,Gujarat,21.5,70
2019-12-14,Gujarat,19.5,57
2019-12-15,Gujarat,18.9,48
2019-12-16,Gujarat,18.0,47
2019-12-17,Gujarat,17.8,52
2019-12-18,Gujarat,18.7,60
2019-12-19,Gujarat,19.9,61
2019-12-20,Gujarat,20.7,56
2019-12-21,Gujarat,20.9,45
2019-12-22,Gujarat,21.5,52
2019-12-23,Gujarat,22.1,59
2019-12-24,Gujarat,21.9,57
2019-12-25,Gujarat,20.3,50
2019-12-26,Gujarat,18.7,57
2019-12-27,Gujarat,17.9,40
2019-12-28,Gujarat,17.4,37
2019-12-29,Gujarat,17.5,45
2019-12-30,Gujarat,17.2,44
2019-12-31,Gujarat,16.8,40
2020-01-01,Gujarat,17.9,57
2020-01-02,Gujarat,18.6,63
2020-01-03,Gujarat,17.8,60
2020-01-04,Gujarat,17.9,57
2020-01-05,Gujarat,18.7,53
2020-01-06,Gujarat,21.0,55
2020-01-07,Gujarat,22.1,61
2020-01-08,Gujarat,18.6,57
2020-01-09,Gujarat,16.4,45
2020-01-10,Gujarat,16.6,47
2020-01-11,Gujarat,19.9,51
2020-01-12,Gujarat,22.8,61
2020-01-13,Gujarat,19.4,73
2020-01-14,Gujarat,16.6,56
2020-01-15,Gujarat,16.0,51
2020-01-16,Gujarat,14.7,53
2020-01-17,Gujarat,15.4,54
2020-01-18,Gujarat,16.5,47
2020-01-19,Gujarat,17.7,44
2020-01-20,Gujarat,18.1,51
2020-01-21,Gujarat,19.0,48
2020-01-22,Gujarat,19.8,36
2020-01-23,Gujarat,19.8,48
2020-01-24,Gujarat,20.2,50
2020-01-25,Gujarat,20.4,40
2020-01-26,Gujarat,21.6,38
2020-01-27,Gujarat,20.8,61
2020-01-28,Gujarat,19.2,56
2020-01-29,Gujarat,17.3,49
2020-01-30,Gujarat,17.8,37
2020-01-31,Gujarat,18.6,40
2020-02-01,Gujarat,18.8,30
2020-02-02,Gujarat,19.9,37
2020-02-03,Gujarat,20.7,39
2020-02-04,Gujarat,19.7,36
2020-02-05,Gujarat,20.3,47
2020-02-06,Gujarat,20.2,31
2020-02-07,Gujarat,19.5,30
2020-02-08,Gujarat,19.8,30
2020-02-09,Gujarat,20.0,39
2020-02-10,Gujarat,21.1,36
2020-02-11,Gujarat,23.7,42
2020-02-12,Gujarat,25.5,43
2020-02-13,Gujarat,25.5,41
2020-02-14,Gujarat,24.7,37
2020-02-15,Gujarat,23.0,24
2020-02-16,Gujarat,25.1,35
2020-02-17,Gujarat,26.8,32
2020-02-18,Gujarat,27.0,28
2020-02-19,Gujarat,27.2,31
2020-02-20,Gujarat,25.0,33
2020-02-21,Gujarat,24.4,48
2020-02-22,Gujarat,24.5,24
2020-02-23,Gujarat,24.7,33
2020-02-24,Gujarat,24.8,35
2020-02-25,Gujarat,24.8,30
2020-02-26,Gujarat,25.5,30
2020-02-27,Gujarat,26.2,28
2020-02-28,Gujarat,26.7,28
2020-02-29,Gujarat,26.0,40
2020-03-01,Gujarat,25.7,47
2020-03-02,Gujarat,26.2,33
2020-03-03,Gujarat,25.5,40
2020-03-04,Gujarat,24.3,51
2020-03-05,Gujarat,23.9,56
2020-03-06,Gujarat,22.5,48
2020-03-07,Gujarat,21.6,40
2020-03-08,Gujarat,23.1,33
2020-03-09,Gujarat,24.6,30
2020-03-10,Gujarat,23.5,57
2020-03-11,Gujarat,22.4,57
2020-03-12,Gujarat,21.3,42
2020-03-13,Gujarat,21.5,44
2020-03-14,Gujarat,22.8,36
2020-03-15,Gujarat,24.5,24
2020-03-16,Gujarat,25.5,23
2020-03-17,Gujarat,27.2,23
2020-03-18,Gujarat,28.9,22
2020-03-19,Gujarat,28.1,26
2020-03-20,Gujarat,25.5,41
2020-03-21,Gujarat,26.6,52
2020-03-22,Gujarat,27.4,53
2020-03-23,Gujarat,29.4,43
2020-03-24,Gujarat,29.8,40
2020-03-25,Gujarat,29.0,41
2020-03-26,Gujarat,25.6,54
2020-03-27,Gujarat,25.6,51
2020-03-28,Gujarat,25.6,43
2020-03-29,Gujarat,27.0,42
2020-03-30,Gujarat,29.9,22
2020-03-31,Gujarat,28.7,34
2020-04-01,Gujarat,27.5,53
2020-04-02,Gujarat,28.7,42
2020-04-03,Gujarat,30.4,35
2020-04-04,Gujarat,30.8,30
2020-04-05,Gujarat,31.5,26
2020-04-06,Gujarat,30.9,31
2020-04-07,Gujarat,29.8,32
2020-04-08,Gujarat,29.7,39
2020-04-09,Gujarat,29.5,49
2020-04-10,Gujarat,30.8,39
2020-04-11,Gujarat,32.8,28
2020-04-12,Gujarat,33.6,23
2020-04-13,Gujarat,33.5,25
2020-04-14,Gujarat,33.7,24
2020-04-15,Gujarat,33.3,27
2020-04-16,Gujarat,32.5,31
2020-04-17,Gujarat,31.9,37
2020-04-18,Gujarat,32.2,34
2020-04-19,Gujarat,31.7,36
2020-04-20,Gujarat,31.3,36
2020-04-21,Gujarat,31.3,42
2020-04-22,Gujarat,32.4,37
2020-04-23,Gujarat,32.0,36
2020-04-24,Gujarat,31.2,41
2020-04-25,Gujarat,30.9,38
2020-04-26,Gujarat,31.1,51
2020-04-27,Gujarat,31.0,47
2020-04-28,Gujarat,31.5,48
2020-04-29,Gujarat,32.8,38
2020-04-30,Gujarat,33.4,36
2020-05-01,Gujarat,33.0,37
2020-05-02,Gujarat,32.1,46
2020-05-03,Gujarat,31.7,46
2020-05-04,Gujarat,31.7,48
2020-05-05,Gujarat,32.6,47
2020-05-06,Gujarat,32.7,41
2020-05-07,Gujarat,32.4,45
2020-05-08,Gujarat,32.7,42
2020-05-09,Gujarat,32.7,46
2020-05-10,Gujarat,32.0,51
2020-05-11,Gujarat,31.5,57
2020-05-12,Gujarat,31.8,52
2020-05-13,Gujarat,31.9,49
2020-05-14,Gujarat,32.0,50
2020-05-15,Gujarat,32.2,46
2020-05-16,Gujarat,32.1,48
2020-05-17,Gujarat,32.0,45
2020-05-18,Gujarat,31.5,51
2020-05-19,Gujarat,32.5,45
2020-05-20,Gujarat,33.4,40
2020-05-21,Gujarat,33.8,30
2020-05-22,Gujarat,33.2,31
2020-05-23,Gujarat,32.3,39
2020-05-24,Gujarat,31.8,53
2020-05-25,Gujarat,31.7,53
2020-05-26,Gujarat,31.8,50
2020-05-27,Gujarat,32.6,50
2020-05-28,Gujarat,32.9,51
2020-05-29,Gujarat,32.1,57
2020-05-30,Gujarat,32.2,55
2020-05-31,Gujarat,32.0,58
2020-06-01,Gujarat,32.0,56
2020-06-02,Gujarat,31.8,55
2020-06-03,Gujarat,32.4,47
2020-06-04,Gujarat,31.0,55
2020-06-05,Gujarat,30.5,65
2020-06-06,Gujarat,29.6,70
2020-06-07,Gujarat,28.6,73
2020-06-08,Gujarat,27.9,79
2020-06-09,Gujarat,28.4,78
2020-06-10,Gujarat,29.5,73
2020-06-11,Gujarat,29.3,75
2020-06-12,Gujarat,29.8,72
2020-06-13,Gujarat,30.0,70
2020-06-14,Gujarat,29.6,74
2020-06-15,Gujarat,28.8,80
2020-06-16,Gujarat,30.5,72
2020-06-17,Gujarat,29.7,73
2020-06-18,Gujarat,30.6,68
2020-06-19,Gujarat,30.6,67
2020-06-20,Gujarat,30.5,67
2020-06-21,Gujarat,29.3,73
2020-06-22,Gujarat,27.7,79
2020-06-23,Gujarat,29.8,69
2020-06-24,Gujarat,29.9,70
2020-06-25,Gujarat,30.5,68
2020-06-26,Gujarat,30.7,64
2020-06-27,Gujarat,31.2,62
2020-06-28,Gujarat,31.3,64
2020-06-29,Gujarat,30.9,67
2020-06-30,Gujarat,29.1,76
2020-07-01,Gujarat,29.5,74
2020-07-02,Gujarat,30.1,68
2020-07-03,Gujarat,29.7,72
2020-07-04,Gujarat,28.8,81
2020-07-05,Gujarat,26.4,90
2020-07-06,Gujarat,25.7,94
2020-07-07,Gujarat,25.8,91
2020-07-08,Gujarat,27.8,84
2020-07-09,Gujarat,28.2,79
2020-07-10,Gujarat,27.6,83
2020-07-11,Gujarat,27.2,86
2020-07-12,Gujarat,27.3,84
2020-07-13,Gujarat,27.7,82
2020-07-14,Gujarat,27.7,82
2020-07-15,Gujarat,27.5,86
2020-07-16,Gujarat,27.3,87
2020-07-17,Gujarat,28.2,80
2020-07-18,Gujarat,27.8,81
2020-07-19,Gujarat,28.2,78
2020-07-20,Gujarat,28.3,76
2020-07-21,Gujarat,28.4,73
2020-07-22,Gujarat,28.2,77
2020-07-23,Gujarat,29.3,71
2020-07-24,Gujarat,28.1,79
2020-07-25,Gujarat,26.4,89
2020-07-26,Gujarat,26.8,86
2020-07-27,Gujarat,27.6,81
2020-07-28,Gujarat,27.8,80
2020-07-29,Gujarat,28.1,80
2020-07-30,Gujarat,27.1,87
2020-07-31,Gujarat,27.6,85
2020-08-01,Gujarat,28.5,79
2020-08-02,Gujarat,29.1,76
2020-08-03,Gujarat,28.8,77
2020-08-04,Gujarat,28.2,83
2020-08-05,Gujarat,28.1,84
2020-08-06,Gujarat,26.5,94
2020-08-07,Gujarat,26.7,89
2020-08-08,Gujarat,26.1,90
2020-08-09,Gujarat,26.7,85
2020-08-10,Gujarat,27.0,87
2020-08-11,Gujarat,26.8,87
2020-08-12,Gujarat,26.3,89
2020-08-13,Gujarat,24.8,95
2020-08-14,Gujarat,25.4,92
2020-08-15,Gujarat,25.8,92
2020-08-16,Gujarat,26.1,89
2020-08-17,Gujarat,26.0,91
2020-08-18,Gujarat,25.5,92
2020-08-19,Gujarat,25.7,90
2020-08-20,Gujarat,25.7,90
2020-08-21,Gujarat,26.3,90
2020-08-22,Gujarat,25.9,92
2020-08-23,Gujarat,24.7,96
2020-08-24,Gujarat,24.8,95
2020-08-25,Gujarat,26.1,85
2020-08-26,Gujarat,26.1,85
2020-08-27,Gujarat,25.8,87
2020-08-28,Gujarat,26.1,89
2020-08-29,Gujarat,25.9,89
2020-08-30,Gujarat,24.6,95
2020-08-31,Gujarat,25.5,88
2020-09-01,Gujarat,26.1,83
2020-09-02,Gujarat,26.5,79
2020-09-03,Gujarat,26.6,83
2020-09-04,Gujarat,27.7,79
2020-09-05,Gujarat,28.0,78
2020-09-06,Gujarat,27.7,77
2020-09-07,Gujarat,27.6,78
2020-09-08,Gujarat,27.3,75
2020-09-09,Gujarat,27.4,77
2020-09-10,Gujarat,27.6,78
2020-09-11,Gujarat,26.8,84
2020-09-12,Gujarat,26.1,90
2020-09-13,Gujarat,26.5,88
2020-09-14,Gujarat,26.5,86
2020-09-15,Gujarat,26.7,83
2020-09-16,Gujarat,27.0,81
2020-09-17,Gujarat,27.2,81
2020-09-18,Gujarat,27.2,79
2020-09-19,Gujarat,27.2,84
2020-09-20,Gujarat,27.5,85
2020-09-21,Gujarat,27.4,86
2020-09-22,Gujarat,27.9,82
2020-09-23,Gujarat,27.6,84
2020-09-24,Gujarat,27.6,81
2020-09-25,Gujarat,26.5,82
2020-09-26,Gujarat,25.6,79
2020-09-27,Gujarat,25.7,76
2020-09-28,Gujarat,25.8,76
2020-09-29,Gujarat,26.1,78
2020-09-30,Gujarat,25.7,80
2020-10-01,Gujarat,26.4,78
2020-10-02,Gujarat,27.3,75
2020-10-03,Gujarat,27.1,75
2020-10-04,Gujarat,26.8,73
2020-10-05,Gujarat,26.8,71
2020-10-06,Gujarat,27.3,68
2020-10-07,Gujarat,28.1,61
2020-10-08,Gujarat,28.3,59
2020-10-09,Gujarat,28.9,54
2020-10-10,Gujarat,29.3,50
2020-10-11,Gujarat,29.3,54
2020-10-12,Gujarat,29.5,51
2020-10-13,Gujarat,29.5,47
2020-10-14,Gujarat,29.9,38
2020-10-15,Gujarat,30.2,46
2020-10-16,Gujarat,29.9,64
2020-10-17,Gujarat,28.7,72
2020-10-18,Gujarat,27.5,82
2020-10-19,Gujarat,27.0,84
2020-10-20,Gujarat,27.1,85
2020-10-21,Gujarat,27.3,82
2020-10-22,Gujarat,27.6,66
2020-10-23,Gujarat,27.2,45
2020-10-24,Gujarat,27.1,44
2020-10-25,Gujarat,27.1,51
2020-10-26,Gujarat,27.4,43
2020-10-27,Gujarat,26.4,35
2020-10-28,Gujarat,25.8,37
2020-10-29,Gujarat,26.1,39
2020-10-30,Gujarat,26.0,35
2020-10-31,Gujarat,26.2,36
2020-11-01,Gujarat,26.4,32
2020-11-02,Gujarat,26.1,33
2020-11-03,Gujarat,26.0,36
2020-11-04,Gujarat,25.9,37
2020-11-05,Gujarat,26.4,39
2020-11-06,Gujarat,26.2,41
2020-11-07,Gujarat,25.2,40
2020-11-08,Gujarat,25.2,38
2020-11-09,Gujarat,24.9,37
2020-11-10,Gujarat,24.2,36
2020-11-11,Gujarat,24.2,34
2020-11-12,Gujarat,23.6,36
2020-11-13,Gujarat,23.7,42
2020-11-14,Gujarat,25.1,48
2020-11-15,Gujarat,25.9,46
2020-11-16,Gujarat,24.8,44
2020-11-17,Gujarat,23.5,43
2020-11-18,Gujarat,22.0,48
2020-11-19,Gujarat,21.5,39
2020-11-20,Gujarat,22.0,39
2020-11-21,Gujarat,21.5,40
2020-11-22,Gujarat,21.2,48
2020-11-23,Gujarat,21.9,45
2020-11-24,Gujarat,22.1,42
2020-11-25,Gujarat,22.7,42
2020-11-26,Gujarat,22.4,46
2020-11-27,Gujarat,22.6,51
2020-11-28,Gujarat,21.9,44
2020-11-29,Gujarat,23.8,46
2020-11-30,Gujarat,25.5,49
2020-12-01,Gujarat,25.7,50
2020-12-02,Gujarat,25.1,46
2020-12-03,Gujarat,24.6,39
2020-12-04,Gujarat,25.2,39
2020-12-05,Gujarat,25.4,42
2019-01-02,HP,2.2,71
2019-01-03,HP,1.9,65
2019-01-04,HP,3.4,52
2019-01-05,HP,3.7,62
2019-01-06,HP,0.5,89
2019-01-07,HP,0.3,78
2019-01-08,HP,2.8,57
2019-01-09,HP,3.7,65
2019-01-10,HP,3.5,60
2019-01-11,HP,3.5,75
2019-01-12,HP,3.0,72
2019-01-13,HP,2.2,77
2019-01-14,HP,1.2,61
2019-01-15,HP,3.7,48
2019-01-16,HP,6.1,57
2019-01-17,HP,4.1,75
2019-01-18,HP,4.7,64
2019-01-19,HP,7.5,60
2019-01-20,HP,7.5,64
2019-01-21,HP,6.3,65
2019-01-22,HP,0.5,94
2019-01-23,HP,-0.4,86
2019-01-24,HP,-2.1,78
2019-01-25,HP,-2.6,85
2019-01-26,HP,-3.5,78
2019-01-27,HP,-3.6,71
2019-01-28,HP,-3.2,72
2019-01-29,HP,-0.8,56
2019-01-30,HP,2.2,61
2019-01-31,HP,3.9,81
2019-02-01,HP,2.6,75
2019-02-02,HP,2.4,71
2019-02-03,HP,3.9,63
2019-02-04,HP,5.9,48
2019-02-05,HP,5.1,55
2019-02-06,HP,5.7,67
2019-02-07,HP,3.6,82
2019-02-08,HP,-0.4,83
2019-02-09,HP,1.0,68
2019-02-10,HP,3.0,53
2019-02-11,HP,5.4,63
2019-02-12,HP,7.6,60
2019-02-13,HP,9.1,63
2019-02-14,HP,6.1,75
2019-02-15,HP,4.8,84
2019-02-16,HP,3.8,81
2019-02-17,HP,4.3,72
2019-02-18,HP,4.2,74
2019-02-19,HP,3.9,85
2019-02-20,HP,6.3,64
2019-02-21,HP,6.3,84
2019-02-22,HP,6.3,74
2019-02-23,HP,5.7,72
2019-02-24,HP,5.1,68
2019-02-25,HP,3.0,66
2019-02-26,HP,3.0,68
2019-02-27,HP,-1.8,94
2019-02-28,HP,-3.0,84
2019-03-01,HP,0.8,65
2019-03-02,HP,4.5,69
2019-03-03,HP,4.5,86
2019-03-04,HP,4.2,84
2019-03-05,HP,3.8,79
2019-03-06,HP,4.8,72
2019-03-07,HP,5.1,65
2019-03-08,HP,5.2,61
2019-03-09,HP,6.1,71
2019-03-10,HP,6.9,70
2019-03-11,HP,6.5,73
2019-03-12,HP,6.6,66
2019-03-13,HP,6.7,68
2019-03-14,HP,5.5,81
2019-03-15,HP,5.7,74
2019-03-16,HP,8.2,64
2019-03-17,HP,9.0,67
2019-03-18,HP,8.8,66
2019-03-19,HP,9.5,64
2019-03-20,HP,7.5,72
2019-03-21,HP,8.0,67
2019-03-22,HP,8.7,65
2019-03-23,HP,9.7,56
2019-03-24,HP,10.8,59
2019-03-25,HP,8.0,78
2019-03-26,HP,9.4,73
2019-03-27,HP,11.7,67
2019-03-28,HP,13.4,65
2019-03-29,HP,14.1,63
2019-03-30,HP,13.6,58
2019-03-31,HP,13.6,47
2019-04-01,HP,12.9,56
2019-04-02,HP,13.2,53
2019-04-03,HP,14.0,57
2019-04-04,HP,14.7,61
2019-04-05,HP,15.4,61
2019-04-06,HP,14.9,59
2019-04-07,HP,15.1,51
2019-04-08,HP,12.6,63
2019-04-09,HP,14.3,57
2019-04-10,HP,15.9,53
2019-04-11,HP,16.0,47
2019-04-12,HP,14.9,60
2019-04-13,HP,14.9,63
2019-04-14,HP,16.0,52
2019-04-15,HP,17.3,49
2019-04-16,HP,13.3,70
2019-04-17,HP,9.7,86
2019-04-18,HP,9.5,80
2019-04-19,HP,11.9,69
2019-04-20,HP,13.5,68
2019-04-21,HP,13.9,66
2019-04-22,HP,15.2,60
2019-04-23,HP,17.5,54
2019-04-24,HP,17.5,56
2019-04-25,HP,17.8,49
2019-04-26,HP,17.8,43
2019-04-27,HP,18.1,37
2019-04-28,HP,18.3,35
2019-04-29,HP,18.9,31
2019-04-30,HP,17.0,42
2019-05-01,HP,15.3,59
2019-05-02,HP,15.6,51
2019-05-03,HP,16.5,43
2019-05-04,HP,16.6,36
2019-05-05,HP,16.6,34
2019-05-06,HP,17.4,31
2019-05-07,HP,17.7,32
2019-05-08,HP,19.4,25
2019-05-09,HP,20.1,28
2019-05-10,HP,19.9,35
2019-05-11,HP,16.8,55
2019-05-12,HP,16.1,55
2019-05-13,HP,17.1,53
2019-05-14,HP,14.2,72
2019-05-15,HP,15.9,61
2019-05-16,HP,15.5,67
2019-05-17,HP,14.8,68
2019-05-18,HP,14.8,69
2019-05-19,HP,16.5,60
2019-05-20,HP,18.1,50
2019-05-21,HP,19.5,43
2019-05-22,HP,19.7,41
2019-05-23,HP,18.2,54
2019-05-24,HP,15.5,70
2019-05-25,HP,16.1,65
2019-05-26,HP,17.4,56
2019-05-27,HP,19.0,39
2019-05-28,HP,19.4,37
2019-05-29,HP,21.3,32
2019-05-30,HP,21.9,30
2019-05-31,HP,22.6,30
2019-06-01,HP,22.0,35
2019-06-02,HP,21.7,41
2019-06-03,HP,20.9,50
2019-06-04,HP,21.2,48
2019-06-05,HP,22.8,31
2019-06-06,HP,20.8,38
2019-06-07,HP,20.6,39
2019-06-08,HP,21.5,36
2019-06-09,HP,22.5,33
2019-06-10,HP,23.6,31
2019-06-11,HP,23.2,31
2019-06-12,HP,21.4,43
2019-06-13,HP,21.7,45
2019-06-14,HP,22.3,37
2019-06-15,HP,22.6,30
2019-06-16,HP,21.2,48
2019-06-17,HP,20.2,55
2019-06-18,HP,18.0,65
2019-06-19,HP,19.3,53
2019-06-20,HP,19.0,64
2019-06-21,HP,18.7,67
2019-06-22,HP,21.1,48
2019-06-23,HP,21.1,54
2019-06-24,HP,19.3,78
2019-06-25,HP,19.2,82
2019-06-26,HP,20.2,61
2019-06-27,HP,21.3,50
2019-06-28,HP,20.8,56
2019-06-29,HP,22.3,51
2019-06-30,HP,21.0,61
2019-07-01,HP,20.8,65
2019-07-02,HP,21.5,62
2019-07-03,HP,20.6,78
2019-07-04,HP,20.0,89
2019-07-05,HP,19.3,89
2019-07-06,HP,19.4,87
2019-07-07,HP,19.3,87
2019-07-08,HP,19.2,92
2019-07-09,HP,18.5,92
2019-07-10,HP,18.4,95
2019-07-11,HP,19.3,90
2019-07-12,HP,18.7,95
2019-07-13,HP,17.8,95
2019-07-14,HP,17.7,92
2019-07-15,HP,17.7,90
2019-07-16,HP,16.7,94
2019-07-17,HP,17.4,92
2019-07-18,HP,18.4,93
2019-07-19,HP,18.3,93
2019-07-20,HP,18.6,88
2019-07-21,HP,18.4,92
2019-07-22,HP,19.1,87
2019-07-23,HP,19.7,86
2019-07-24,HP,20.3,86
2019-07-25,HP,19.0,91
2019-07-26,HP,18.5,93
2019-07-27,HP,18.0,97
2019-07-28,HP,18.8,92
2019-07-29,HP,19.5,89
2019-07-30,HP,18.4,93
2019-07-31,HP,18.6,87
2019-08-01,HP,18.6,91
2019-08-02,HP,18.3,93
2019-08-03,HP,18.8,89
2019-08-04,HP,19.1,90
2019-08-05,HP,19.4,94
2019-08-06,HP,19.3,94
2019-08-07,HP,19.3,86
2019-08-08,HP,19.9,85
2019-08-09,HP,18.5,93
2019-08-10,HP,19.2,94
2019-08-11,HP,19.2,93
2019-08-12,HP,19.2,94
2019-08-13,HP,19.3,92
2019-08-14,HP,19.2,89
2019-08-15,HP,19.1,92
2019-08-16,HP,18.4,94
2019-08-17,HP,17.7,95
2019-08-18,HP,17.0,95
2019-08-19,HP,17.0,90
2019-08-20,HP,17.7,86
2019-08-21,HP,18.2,82
2019-08-22,HP,18.0,87
2019-08-23,HP,18.8,88
2019-08-24,HP,18.2,96
2019-08-25,HP,17.6,93
2019-08-26,HP,19.2,85
2019-08-27,HP,19.0,86
2019-08-28,HP,19.5,86
2019-08-29,HP,19.4,91
2019-08-30,HP,18.8,92
2019-08-31,HP,18.9,89
2019-09-01,HP,18.6,97
2019-09-02,HP,18.6,95
2019-09-03,HP,18.8,87
2019-09-04,HP,18.6,93
2019-09-05,HP,18.5,96
2019-09-06,HP,18.8,90
2019-09-07,HP,18.8,93
2019-09-08,HP,18.3,89
2019-09-09,HP,18.4,87
2019-09-10,HP,18.7,87
2019-09-11,HP,19.0,89
2019-09-12,HP,18.9,94
2019-09-13,HP,18.3,92
2019-09-14,HP,17.7,90
2019-09-15,HP,17.6,94
2019-09-16,HP,17.4,89
2019-09-17,HP,17.0,84
2019-09-18,HP,16.0,86
2019-09-19,HP,15.7,90
2019-09-20,HP,15.9,89
2019-09-21,HP,16.0,86
2019-09-22,HP,15.9,84
2019-09-23,HP,15.6,87
2019-09-24,HP,15.9,91
2019-09-25,HP,16.0,92
2019-09-26,HP,16.0,91
2019-09-27,HP,15.5,95
2019-09-28,HP,15.3,95
2019-09-29,HP,14.9,91
2019-09-30,HP,14.7,93
2019-10-01,HP,14.1,93
2019-10-02,HP,14.2,86
2019-10-03,HP,14.9,81
2019-10-04,HP,14.1,80
2019-10-05,HP,13.9,76
2019-10-06,HP,14.3,77
2019-10-07,HP,13.6,76
2019-10-08,HP,13.7,71
2019-10-09,HP,12.7,79
2019-10-10,HP,12.8,80
2019-10-11,HP,13.0,82
2019-10-12,HP,13.0,79
2019-10-13,HP,12.9,78
2019-10-14,HP,13.1,82
2019-10-15,HP,12.7,84
2019-10-16,HP,13.0,81
2019-10-17,HP,12.4,79
2019-10-18,HP,12.1,76
2019-10-19,HP,11.9,73
2019-10-20,HP,12.0,68
2019-10-21,HP,11.5,73
2019-10-22,HP,11.8,66
2019-10-23,HP,11.5,69
2019-10-24,HP,11.5,70
2019-10-25,HP,10.6,76
2019-10-26,HP,10.9,79
2019-10-27,HP,11.4,75
2019-10-28,HP,12.0,78
2019-10-29,HP,12.9,79
2019-10-30,HP,11.6,83
2019-10-31,HP,12.1,73
2019-11-01,HP,11.9,69
2019-11-02,HP,12.2,69
2019-11-03,HP,11.1,77
2019-11-04,HP,10.8,75
2019-11-05,HP,10.9,71
2019-11-06,HP,9.4,71
2019-11-07,HP,8.0,78
2019-11-08,HP,9.4,73
2019-11-09,HP,10.3,69
2019-11-10,HP,9.8,69
2019-11-11,HP,9.9,76
2019-11-12,HP,10.8,63
2019-11-13,HP,10.6,62
2019-11-14,HP,11.0,59
2019-11-15,HP,11.2,66
2019-11-16,HP,10.6,66
2019-11-17,HP,10.7,62
2019-11-18,HP,9.6,71
2019-11-19,HP,8.9,76
2019-11-20,HP,8.9,77
2019-11-21,HP,9.2,77
2019-11-22,HP,10.9,66
2019-11-23,HP,10.2,72
2019-11-24,HP,8.2,66
2019-11-25,HP,6.6,63
2019-11-26,HP,8.1,69
2019-11-27,HP,7.5,75
2019-11-28,HP,6.8,78
2019-11-29,HP,6.1,78
2019-11-30,HP,5.9,70
2019-12-01,HP,6.0,66
2019-12-02,HP,5.4,67
2019-12-03,HP,5.8,54
2019-12-04,HP,6.3,57
2019-12-05,HP,7.1,69
2019-12-06,HP,7.8,67
2019-12-07,HP,6.8,71
2019-12-08,HP,5.5,62
2019-12-09,HP,5.3,64
2019-12-10,HP,5.8,67
2019-12-11,HP,5.5,76
2019-12-12,HP,4.5,84
2019-12-13,HP,2.9,87
2019-12-14,HP,2.1,83
2019-12-15,HP,2.1,79
2019-12-16,HP,2.1,71
2019-12-17,HP,2.5,56
2019-12-18,HP,4.3,48
2019-12-19,HP,5.3,49
2019-12-20,HP,6.5,67
2019-12-21,HP,4.3,78
2019-12-22,HP,3.7,73
2019-12-23,HP,3.4,58
2019-12-24,HP,2.6,65
2019-12-25,HP,2.0,69
2019-12-26,HP,1.3,69
2019-12-27,HP,2.3,51
2019-12-28,HP,3.1,52
2019-12-29,HP,3.8,62
2019-12-30,HP,3.1,66
2019-12-31,HP,2.2,61
2020-01-01,HP,3.0,63
2020-01-02,HP,2.5,73
2020-01-03,HP,3.5,71
2020-01-04,HP,0.6,84
2020-01-05,HP,1.0,72
2020-01-06,HP,3.1,72
2020-01-07,HP,2.2,93
2020-01-08,HP,0.3,95
2020-01-09,HP,-3.0,80
2020-01-10,HP,-3.5,57
2020-01-11,HP,1.9,41
2020-01-12,HP,7.7,57
2020-01-13,HP,6.2,72
2020-01-14,HP,4.4,81
2020-01-15,HP,3.5,83
2020-01-16,HP,3.5,83
2020-01-17,HP,2.6,92
2020-01-18,HP,0.8,91
2020-01-19,HP,1.0,76
2020-01-20,HP,1.9,63
2020-01-21,HP,2.2,77
2020-01-22,HP,2.3,75
2020-01-23,HP,1.9,70
2020-01-24,HP,4.4,51
2020-01-25,HP,5.8,61
2020-01-26,HP,3.8,76
2020-01-27,HP,3.1,70
2020-01-28,HP,2.6,86
2020-01-29,HP,1.7,81
2020-01-30,HP,0.4,78
2020-01-31,HP,1.8,77
2020-02-01,HP,0.8,83
2020-02-02,HP,1.6,67
2020-02-03,HP,2.7,58
2020-02-04,HP,2.1,71
2020-02-05,HP,2.6,77
2020-02-06,HP,2.4,80
2020-02-07,HP,1.8,81
2020-02-08,HP,2.3,67
2020-02-09,HP,3.7,53
2020-02-10,HP,5.0,60
2020-02-11,HP,5.8,62
2020-02-12,HP,8.4,56
2020-02-13,HP,11.2,59
2020-02-14,HP,8.5,74
2020-02-15,HP,8.2,63
2020-02-16,HP,8.4,55
2020-02-17,HP,7.8,55
2020-02-18,HP,8.1,52
2020-02-19,HP,7.5,55
2020-02-20,HP,9.6,52
2020-02-21,HP,5.2,84
2020-02-22,HP,6.3,80
2020-02-23,HP,6.2,79
2020-02-24,HP,5.9,75
2020-02-25,HP,6.3,74
2020-02-26,HP,6.9,75
2020-02-27,HP,7.0,78
2020-02-28,HP,8.4,76
2020-02-29,HP,7.8,70
2020-03-01,HP,7.4,71
2020-03-02,HP,7.4,73
2020-03-03,HP,7.9,75
2020-03-04,HP,7.3,78
2020-03-05,HP,6.4,77
2020-03-06,HP,5.5,76
2020-03-07,HP,3.8,84
2020-03-08,HP,5.5,76
2020-03-09,HP,7.1,66
2020-03-10,HP,7.7,75
2020-03-11,HP,6.8,78
2020-03-12,HP,7.7,76
2020-03-13,HP,6.1,80
2020-03-14,HP,5.1,80
2020-03-15,HP,5.2,83
2020-03-16,HP,7.3,73
2020-03-17,HP,8.6,72
2020-03-18,HP,8.7,74
2020-03-19,HP,8.5,72
2020-03-20,HP,9.1,69
2020-03-21,HP,9.0,72
2020-03-22,HP,9.6,70
2020-03-23,HP,10.3,71
2020-03-24,HP,9.6,78
2020-03-25,HP,10.7,71
2020-03-26,HP,11.0,64
2020-03-27,HP,10.2,76
2020-03-28,HP,9.5,76
2020-03-29,HP,9.5,63
2020-03-30,HP,10.0,64
2020-03-31,HP,10.9,62
2020-04-01,HP,10.6,67
2020-04-02,HP,9.2,59
2020-04-03,HP,9.3,59
2020-04-04,HP,10.9,61
2020-04-05,HP,11.3,59
2020-04-06,HP,11.6,60
2020-04-07,HP,11.1,61
2020-04-08,HP,9.6,69
2020-04-09,HP,12.1,54
2020-04-10,HP,12.4,57
2020-04-11,HP,14.0,55
2020-04-12,HP,15.4,58
2020-04-13,HP,15.7,63
2020-04-14,HP,15.8,62
2020-04-15,HP,15.4,55
2020-04-16,HP,16.2,50
2020-04-17,HP,13.9,62
2020-04-18,HP,12.4,72
2020-04-19,HP,12.0,68
2020-04-20,HP,11.6,68
2020-04-21,HP,10.8,76
2020-04-22,HP,11.8,72
2020-04-23,HP,13.6,60
2020-04-24,HP,14.0,61
2020-04-25,HP,13.9,68
2020-04-26,HP,13.0,78
2020-04-27,HP,12.2,82
2020-04-28,HP,12.9,77
2020-04-29,HP,14.5,73
2020-04-30,HP,13.6,83
2020-05-01,HP,16.7,62
2020-05-02,HP,16.1,68
2020-05-03,HP,15.7,66
2020-05-04,HP,15.0,75
2020-05-05,HP,14.6,64
2020-05-06,HP,13.8,63
2020-05-07,HP,14.1,57
2020-05-08,HP,15.9,53
2020-05-09,HP,16.3,57
2020-05-10,HP,15.7,64
2020-05-11,HP,15.9,65
2020-05-12,HP,15.9,69
2020-05-13,HP,15.7,71
2020-05-14,HP,15.6,72
2020-05-15,HP,17.1,57
2020-05-16,HP,17.7,55
2020-05-17,HP,18.0,50
2020-05-18,HP,16.7,45
2020-05-19,HP,16.0,40
2020-05-20,HP,17.8,39
2020-05-21,HP,20.2,38
2020-05-22,HP,21.2,37
2020-05-23,HP,19.8,43
2020-05-24,HP,20.0,41
2020-05-25,HP,21.3,41
2020-05-26,HP,20.6,44
2020-05-27,HP,20.0,45
2020-05-28,HP,19.6,50
2020-05-29,HP,16.6,71
2020-05-30,HP,15.4,82
2020-05-31,HP,14.5,83
2020-06-01,HP,14.3,85
2020-06-02,HP,14.9,76
2020-06-03,HP,15.9,75
2020-06-04,HP,15.9,73
2020-06-05,HP,15.1,84
2020-06-06,HP,15.3,81
2020-06-07,HP,16.2,85
2020-06-08,HP,17.5,79
2020-06-09,HP,18.6,74
2020-06-10,HP,19.1,75
2020-06-11,HP,19.5,70
2020-06-12,HP,19.7,68
2020-06-13,HP,19.7,69
2020-06-14,HP,19.9,67
2020-06-15,HP,19.9,59
2020-06-16,HP,20.3,59
2020-06-17,HP,19.6,75
2020-06-18,HP,20.4,71
2020-06-19,HP,20.4,68
2020-06-20,HP,19.9,71
2020-06-21,HP,19.1,79
2020-06-22,HP,18.7,84
2020-06-23,HP,19.3,87
2020-06-24,HP,18.9,88
2020-06-25,HP,18.9,84
2020-06-26,HP,18.8,80
2020-06-27,HP,20.0,73
2020-06-28,HP,20.6,72
2020-06-29,HP,20.5,73
2020-06-30,HP,19.8,79
2020-07-01,HP,19.4,90
2020-07-02,HP,20.1,85
2020-07-03,HP,20.4,81
2020-07-04,HP,19.8,86
2020-07-05,HP,18.5,81
2020-07-06,HP,18.8,81
2020-07-07,HP,18.9,88
2020-07-08,HP,18.8,94
2020-07-09,HP,19.7,89
2020-07-10,HP,19.6,86
2020-07-11,HP,19.3,88
2020-07-12,HP,19.0,86
2020-07-13,HP,19.2,81
2020-07-14,HP,19.5,83
2020-07-15,HP,19.2,91
2020-07-16,HP,18.9,90
2020-07-17,HP,19.6,88
2020-07-18,HP,19.8,89
2020-07-19,HP,20.0,88
2020-07-20,HP,19.1,87
2020-07-21,HP,16.5,92
2020-07-22,HP,16.8,88
2020-07-23,HP,17.4,86
2020-07-24,HP,18.5,88
2020-07-25,HP,18.0,92
2020-07-26,HP,19.0,87
2020-07-27,HP,19.2,89
2020-07-28,HP,19.2,94
2020-07-29,HP,19.0,94
2020-07-30,HP,18.6,92
2020-07-31,HP,18.5,94
2020-08-01,HP,18.7,90
2020-08-02,HP,18.7,91
2020-08-03,HP,19.4,87
2020-08-04,HP,19.8,81
2020-08-05,HP,20.2,85
2020-08-06,HP,20.3,81
2020-08-07,HP,19.5,91
2020-08-08,HP,20.3,88
2020-08-09,HP,19.8,94
2020-08-10,HP,19.3,95
2020-08-11,HP,19.0,96
2020-08-12,HP,19.0,93
2020-08-13,HP,19.2,94
2020-08-14,HP,19.2,94
2020-08-15,HP,19.5,90
2020-08-16,HP,19.5,90
2020-08-17,HP,19.5,91
2020-08-18,HP,19.4,93
2020-08-19,HP,19.4,94
2020-08-20,HP,18.5,88
2020-08-21,HP,17.4,89
2020-08-22,HP,18.6,85
2020-08-23,HP,18.5,91
2020-08-24,HP,18.8,93
2020-08-25,HP,18.4,94
2020-08-26,HP,18.8,95
2020-08-27,HP,18.3,97
2020-08-28,HP,17.9,93
2020-08-29,HP,17.8,93
2020-08-30,HP,18.5,88
2020-08-31,HP,18.9,87
2020-09-01,HP,18.7,87
2020-09-02,HP,18.9,89
2020-09-03,HP,18.2,94
2020-09-04,HP,17.8,95
2020-09-05,HP,17.6,93
2020-09-06,HP,17.4,94
2020-09-07,HP,17.6,92
2020-09-08,HP,17.8,85
2020-09-09,HP,17.9,83
2020-09-10,HP,17.4,84
2020-09-11,HP,17.2,82
2020-09-12,HP,17.4,83
2020-09-13,HP,17.5,91
2020-09-14,HP,17.3,88
2020-09-15,HP,18.0,82
2020-09-16,HP,18.5,83
2020-09-17,HP,18.3,84
2020-09-18,HP,17.9,77
2020-09-19,HP,17.1,77
2020-09-20,HP,17.3,79
2020-09-21,HP,18.2,81
2020-09-22,HP,17.5,88
2020-09-23,HP,17.3,87
2020-09-24,HP,17.1,87
2020-09-25,HP,17.1,76
2020-09-26,HP,15.7,70
2020-09-27,HP,15.7,64
2020-09-28,HP,15.7,67
2020-09-29,HP,15.6,69
2020-09-30,HP,15.8,67
2020-10-01,HP,16.1,61
2020-10-02,HP,15.9,63
2020-10-03,HP,15.8,68
2020-10-04,HP,16.0,70
2020-10-05,HP,15.9,64
2020-10-06,HP,15.8,60
2020-10-07,HP,15.6,62
2020-10-08,HP,15.6,63
2020-10-09,HP,15.6,66
2020-10-10,HP,15.9,67
2020-10-11,HP,15.8,66
2020-10-12,HP,15.8,69
2020-10-13,HP,15.1,79
2020-10-14,HP,15.5,74
2020-10-15,HP,15.2,70
2020-10-16,HP,14.8,66
2020-10-17,HP,14.5,65
2020-10-18,HP,14.1,63
2020-10-19,HP,14.7,59
2020-10-20,HP,13.6,61
2020-10-21,HP,13.1,51
2020-10-22,HP,12.4,46
2020-10-23,HP,12.5,57
2020-10-24,HP,12.4,65
2020-10-25,HP,12.6,57
2020-10-26,HP,11.6,49
2020-10-27,HP,11.3,53
2020-10-28,HP,11.7,55
2020-10-29,HP,11.2,59
2020-10-30,HP,11.4,59
2020-10-31,HP,12.1,64
2020-11-01,HP,12.1,71
2020-11-02,HP,11.1,71
2020-11-03,HP,10.9,68
2020-11-04,HP,10.9,63
2020-11-05,HP,10.5,62
2020-11-06,HP,9.8,53
2020-11-07,HP,9.7,54
2020-11-08,HP,9.7,58
2020-11-09,HP,10.1,68
2020-11-10,HP,10.7,70
2020-11-11,HP,10.4,71
2020-11-12,HP,10.2,68
2020-11-13,HP,10.4,66
2020-11-14,HP,9.5,73
2020-11-15,HP,9.1,65
2020-11-16,HP,6.6,78
2020-11-17,HP,6.7,75
2020-11-18,HP,7.0,74
2020-11-19,HP,5.6,75
2020-11-20,HP,5.7,70
2020-11-21,HP,4.9,70
2020-11-22,HP,6.1,58
2020-11-23,HP,6.1,65
2020-11-24,HP,7.1,66
2020-11-25,HP,6.4,70
2020-11-26,HP,4.5,83
2020-11-27,HP,6.9,58
2020-11-28,HP,7.9,43
2020-11-29,HP,9.0,53
2020-11-30,HP,9.1,57
2020-12-01,HP,9.2,62
2020-12-02,HP,9.8,56
2020-12-03,HP,9.4,54
2020-12-04,HP,7.6,62
2020-12-05,HP,8.1,54
2019-01-02,Haryana,13.9,72
2019-01-03,Haryana,12.3,76
2019-01-04,Haryana,11.8,74
2019-01-05,Haryana,13.4,69
2019-01-06,Haryana,12.7,78
2019-01-07,Haryana,11.5,81
2019-01-08,Haryana,11.6,77
2019-01-09,Haryana,12.0,72
2019-01-10,Haryana,12.0,70
2019-01-11,Haryana,12.6,70
2019-01-12,Haryana,13.1,71
2019-01-13,Haryana,14.1,73
2019-01-14,Haryana,11.8,62
2019-01-15,Haryana,11.1,58
2019-01-16,Haryana,11.8,66
2019-01-17,Haryana,12.2,72
2019-01-18,Haryana,11.9,73
2019-01-19,Haryana,13.8,68
2019-01-20,Haryana,16.5,75
2019-01-21,Haryana,16.2,78
2019-01-22,Haryana,14.7,85
2019-01-23,Haryana,13.0,86
2019-01-24,Haryana,13.1,85
2019-01-25,Haryana,11.5,81
2019-01-26,Haryana,10.3,68
2019-01-27,Haryana,9.0,71
2019-01-28,Haryana,9.4,66
2019-01-29,Haryana,9.9,65
2019-01-30,Haryana,10.8,70
2019-01-31,Haryana,13.2,67
2019-02-01,Haryana,13.9,74
2019-02-02,Haryana,12.0,83
2019-02-03,Haryana,12.0,82
2019-02-04,Haryana,13.1,76
2019-02-05,Haryana,15.6,77
2019-02-06,Haryana,17.3,84
2019-02-07,Haryana,15.8,88
2019-02-08,Haryana,12.3,69
2019-02-09,Haryana,12.0,67
2019-02-10,Haryana,12.0,72
2019-02-11,Haryana,13.7,67
2019-02-12,Haryana,15.2,72
2019-02-13,Haryana,16.7,71
2019-02-14,Haryana,16.9,81
2019-02-15,Haryana,15.7,84
2019-02-16,Haryana,14.0,84
2019-02-17,Haryana,14.4,80
2019-02-18,Haryana,16.5,71
2019-02-19,Haryana,17.2,72
2019-02-20,Haryana,17.4,80
2019-02-21,Haryana,19.3,77
2019-02-22,Haryana,17.8,72
2019-02-23,Haryana,14.9,63
2019-02-24,Haryana,15.2,66
2019-02-25,Haryana,15.7,61
2019-02-26,Haryana,15.7,66
2019-02-27,Haryana,13.2,80
2019-02-28,Haryana,12.8,70
2019-03-01,Haryana,13.9,66
2019-03-02,Haryana,15.1,71
2019-03-03,Haryana,15.7,80
2019-03-04,Haryana,16.6,81
2019-03-05,Haryana,15.6,71
2019-03-06,Haryana,16.4,63
2019-03-07,Haryana,17.5,59
2019-03-08,Haryana,17.9,61
2019-03-09,Haryana,17.8,66
2019-03-10,Haryana,17.5,54
2019-03-11,Haryana,20.2,52
2019-03-12,Haryana,19.3,59
2019-03-13,Haryana,17.6,66
2019-03-14,Haryana,17.0,73
2019-03-15,Haryana,17.3,67
2019-03-16,Haryana,17.5,58
2019-03-17,Haryana,19.6,50
2019-03-18,Haryana,19.9,51
2019-03-19,Haryana,21.6,50
2019-03-20,Haryana,23.2,46
2019-03-21,Haryana,22.3,51
2019-03-22,Haryana,21.3,44
2019-03-23,Haryana,21.7,41
2019-03-24,Haryana,23.4,48
2019-03-25,Haryana,21.6,62
2019-03-26,Haryana,21.8,60
2019-03-27,Haryana,23.4,52
2019-03-28,Haryana,25.7,53
2019-03-29,Haryana,27.0,53
2019-03-30,Haryana,26.7,54
2019-03-31,Haryana,25.7,43
2019-04-01,Haryana,24.8,33
2019-04-02,Haryana,25.5,38
2019-04-03,Haryana,26.0,39
2019-04-04,Haryana,27.9,39
2019-04-05,Haryana,29.0,41
2019-04-06,Haryana,29.0,43
2019-04-07,Haryana,28.4,50
2019-04-08,Haryana,27.1,53
2019-04-09,Haryana,28.5,45
2019-04-10,Haryana,29.0,42
2019-04-11,Haryana,29.8,37
2019-04-12,Haryana,29.3,36
2019-04-13,Haryana,29.7,38
2019-04-14,Haryana,30.2,35
2019-04-15,Haryana,30.6,32
2019-04-16,Haryana,26.1,51
2019-04-17,Haryana,21.6,74
2019-04-18,Haryana,22.5,66
2019-04-19,Haryana,23.9,55
2019-04-20,Haryana,25.7,49
2019-04-21,Haryana,27.9,42
2019-04-22,Haryana,29.8,39
2019-04-23,Haryana,31.8,35
2019-04-24,Haryana,32.5,34
2019-04-25,Haryana,33.0,35
2019-04-26,Haryana,32.6,33
2019-04-27,Haryana,32.7,24
2019-04-28,Haryana,32.6,21
2019-04-29,Haryana,32.5,21
2019-04-30,Haryana,33.7,20
2019-05-01,Haryana,32.3,25
2019-05-02,Haryana,31.2,34
2019-05-03,Haryana,30.5,34
2019-05-04,Haryana,30.3,26
2019-05-05,Haryana,30.4,21
2019-05-06,Haryana,31.0,22
2019-05-07,Haryana,31.6,22
2019-05-08,Haryana,32.8,20
2019-05-09,Haryana,33.6,21
2019-05-10,Haryana,34.0,21
2019-05-11,Haryana,31.4,32
2019-05-12,Haryana,31.1,32
2019-05-13,Haryana,31.9,30
2019-05-14,Haryana,29.6,44
2019-05-15,Haryana,30.0,45
2019-05-16,Haryana,29.7,47
2019-05-17,Haryana,27.9,59
2019-05-18,Haryana,27.3,60
2019-05-19,Haryana,29.9,43
2019-05-20,Haryana,31.8,35
2019-05-21,Haryana,32.1,34
2019-05-22,Haryana,32.2,38
2019-05-23,Haryana,32.5,41
2019-05-24,Haryana,30.5,47
2019-05-25,Haryana,30.7,41
2019-05-26,Haryana,31.1,37
2019-05-27,Haryana,32.8,30
2019-05-28,Haryana,32.9,23
2019-05-29,Haryana,33.9,24
2019-05-30,Haryana,35.1,24
2019-05-31,Haryana,36.0,21
2019-06-01,Haryana,36.0,25
2019-06-02,Haryana,35.6,38
2019-06-03,Haryana,35.0,44
2019-06-04,Haryana,35.0,41
2019-06-05,Haryana,35.6,39
2019-06-06,Haryana,35.3,35
2019-06-07,Haryana,34.0,41
2019-06-08,Haryana,35.1,34
2019-06-09,Haryana,36.2,25
2019-06-10,Haryana,36.9,23
2019-06-11,Haryana,37.0,24
2019-06-12,Haryana,34.9,41
2019-06-13,Haryana,35.2,38
2019-06-14,Haryana,35.6,31
2019-06-15,Haryana,36.3,25
2019-06-16,Haryana,33.4,44
2019-06-17,Haryana,33.1,48
2019-06-18,Haryana,30.2,58
2019-06-19,Haryana,30.3,56
2019-06-20,Haryana,31.1,50
2019-06-21,Haryana,32.4,52
2019-06-22,Haryana,33.6,44
2019-06-23,Haryana,33.8,49
2019-06-24,Haryana,31.5,60
2019-06-25,Haryana,32.3,62
2019-06-26,Haryana,34.2,50
2019-06-27,Haryana,34.3,41
2019-06-28,Haryana,35.0,40
2019-06-29,Haryana,35.5,39
2019-06-30,Haryana,36.2,37
2019-07-01,Haryana,35.2,42
2019-07-02,Haryana,35.1,45
2019-07-03,Haryana,33.5,56
2019-07-04,Haryana,33.1,58
2019-07-05,Haryana,30.7,72
2019-07-06,Haryana,30.6,71
2019-07-07,Haryana,31.3,67
2019-07-08,Haryana,31.9,67
2019-07-09,Haryana,30.5,73
2019-07-10,Haryana,31.5,71
2019-07-11,Haryana,33.5,55
2019-07-12,Haryana,33.9,48
2019-07-13,Haryana,34.3,45
2019-07-14,Haryana,33.1,49
2019-07-15,Haryana,30.0,70
2019-07-16,Haryana,27.2,86
2019-07-17,Haryana,27.6,83
2019-07-18,Haryana,27.9,80
2019-07-19,Haryana,29.4,77
2019-07-20,Haryana,29.9,80
2019-07-21,Haryana,29.9,79
2019-07-22,Haryana,30.7,78
2019-07-23,Haryana,31.8,74
2019-07-24,Haryana,31.4,74
2019-07-25,Haryana,27.4,86
2019-07-26,Haryana,27.1,87
2019-07-27,Haryana,26.5,90
2019-07-28,Haryana,27.9,87
2019-07-29,Haryana,29.2,79
2019-07-30,Haryana,29.0,78
2019-07-31,Haryana,29.2,77
2019-08-01,Haryana,29.4,81
2019-08-02,Haryana,28.7,85
2019-08-03,Haryana,28.2,88
2019-08-04,Haryana,28.9,87
2019-08-05,Haryana,29.1,85
2019-08-06,Haryana,27.9,88
2019-08-07,Haryana,27.9,88
2019-08-08,Haryana,30.0,79
2019-08-09,Haryana,29.4,73
2019-08-10,Haryana,28.8,78
2019-08-11,Haryana,29.6,77
2019-08-12,Haryana,29.4,78
2019-08-13,Haryana,29.4,81
2019-08-14,Haryana,28.2,86
2019-08-15,Haryana,28.6,84
2019-08-16,Haryana,27.7,84
2019-08-17,Haryana,26.1,89
2019-08-18,Haryana,27.0,85
2019-08-19,Haryana,27.9,83
2019-08-20,Haryana,28.5,82
2019-08-21,Haryana,29.2,77
2019-08-22,Haryana,28.7,81
2019-08-23,Haryana,29.2,80
2019-08-24,Haryana,29.1,80
2019-08-25,Haryana,27.5,87
2019-08-26,Haryana,28.5,85
2019-08-27,Haryana,29.7,79
2019-08-28,Haryana,30.4,77
2019-08-29,Haryana,30.0,80
2019-08-30,Haryana,29.9,81
2019-08-31,Haryana,30.5,76
2019-09-01,Haryana,28.8,84
2019-09-02,Haryana,29.5,82
2019-09-03,Haryana,30.4,79
2019-09-04,Haryana,29.2,84
2019-09-05,Haryana,29.4,83
2019-09-06,Haryana,29.8,81
2019-09-07,Haryana,28.9,83
2019-09-08,Haryana,29.4,81
2019-09-09,Haryana,30.2,76
2019-09-10,Haryana,30.7,72
2019-09-11,Haryana,31.4,71
2019-09-12,Haryana,30.6,77
2019-09-13,Haryana,30.1,76
2019-09-14,Haryana,29.0,77
2019-09-15,Haryana,28.3,81
2019-09-16,Haryana,29.7,77
2019-09-17,Haryana,29.6,76
2019-09-18,Haryana,28.8,78
2019-09-19,Haryana,27.0,79
2019-09-20,Haryana,27.3,81
2019-09-21,Haryana,27.5,82
2019-09-22,Haryana,27.2,82
2019-09-23,Haryana,26.8,79
2019-09-24,Haryana,27.0,80
2019-09-25,Haryana,27.3,79
2019-09-26,Haryana,27.7,76
2019-09-27,Haryana,26.8,77
2019-09-28,Haryana,25.7,82
2019-09-29,Haryana,25.3,82
2019-09-30,Haryana,25.8,82
2019-10-01,Haryana,25.5,84
2019-10-02,Haryana,26.9,77
2019-10-03,Haryana,27.9,70
2019-10-04,Haryana,26.1,73
2019-10-05,Haryana,26.4,63
2019-10-06,Haryana,26.5,61
2019-10-07,Haryana,26.5,60
2019-10-08,Haryana,26.0,58
2019-10-09,Haryana,25.5,60
2019-10-10,Haryana,26.1,59
2019-10-11,Haryana,26.3,54
2019-10-12,Haryana,26.8,57
2019-10-13,Haryana,27.0,53
2019-10-14,Haryana,27.1,55
2019-10-15,Haryana,27.0,59
2019-10-16,Haryana,27.6,55
2019-10-17,Haryana,26.8,62
2019-10-18,Haryana,26.2,65
2019-10-19,Haryana,25.4,67
2019-10-20,Haryana,25.4,51
2019-10-21,Haryana,24.5,52
2019-10-22,Haryana,23.8,49
2019-10-23,Haryana,24.1,52
2019-10-24,Haryana,24.4,60
2019-10-25,Haryana,24.4,61
2019-10-26,Haryana,24.4,61
2019-10-27,Haryana,24.3,58
2019-10-28,Haryana,24.4,56
2019-10-29,Haryana,24.6,62
2019-10-30,Haryana,25.2,62
2019-10-31,Haryana,24.8,63
2019-11-01,Haryana,25.4,63
2019-11-02,Haryana,24.0,70
2019-11-03,Haryana,23.4,72
2019-11-04,Haryana,23.3,64
2019-11-05,Haryana,22.3,60
2019-11-06,Haryana,23.4,59
2019-11-07,Haryana,21.9,71
2019-11-08,Haryana,21.8,73
2019-11-09,Haryana,21.2,64
2019-11-10,Haryana,20.5,61
2019-11-11,Haryana,20.1,61
2019-11-12,Haryana,19.5,62
2019-11-13,Haryana,20.7,66
2019-11-14,Haryana,21.4,69
2019-11-15,Haryana,20.7,71
2019-11-16,Haryana,21.4,68
2019-11-17,Haryana,21.2,64
2019-11-18,Haryana,19.4,68
2019-11-19,Haryana,19.0,69
2019-11-20,Haryana,18.9,66
2019-11-21,Haryana,19.8,64
2019-11-22,Haryana,20.3,67
2019-11-23,Haryana,20.2,66
2019-11-24,Haryana,20.0,67
2019-11-25,Haryana,19.7,70
2019-11-26,Haryana,20.2,67
2019-11-27,Haryana,18.9,74
2019-11-28,Haryana,18.4,83
2019-11-29,Haryana,17.7,81
2019-11-30,Haryana,16.4,80
2019-12-01,Haryana,14.8,76
2019-12-02,Haryana,14.8,72
2019-12-03,Haryana,14.7,69
2019-12-04,Haryana,14.3,73
2019-12-05,Haryana,14.6,75
2019-12-06,Haryana,14.7,84
2019-12-07,Haryana,15.6,79
2019-12-08,Haryana,15.3,79
2019-12-09,Haryana,15.2,73
2019-12-10,Haryana,14.8,72
2019-12-11,Haryana,15.4,73
2019-12-12,Haryana,15.7,78
2019-12-13,Haryana,15.0,85
2019-12-14,Haryana,12.6,84
2019-12-15,Haryana,12.4,82
2019-12-16,Haryana,11.5,83
2019-12-17,Haryana,10.8,82
2019-12-18,Haryana,11.4,79
2019-12-19,Haryana,11.3,79
2019-12-20,Haryana,12.3,78
2019-12-21,Haryana,12.6,85
2019-12-22,Haryana,11.4,85
2019-12-23,Haryana,11.7,80
2019-12-24,Haryana,9.4,90
2019-12-25,Haryana,8.1,88
2019-12-26,Haryana,8.0,85
2019-12-27,Haryana,6.8,88
2019-12-28,Haryana,6.5,91
2019-12-29,Haryana,6.7,88
2019-12-30,Haryana,6.2,91
2019-12-31,Haryana,6.4,82
2020-01-01,Haryana,9.4,80
2020-01-02,Haryana,12.9,79
2020-01-03,Haryana,13.5,81
2020-01-04,Haryana,13.5,79
2020-01-05,Haryana,13.1,75
2020-01-06,Haryana,13.5,76
2020-01-07,Haryana,14.0,83
2020-01-08,Haryana,13.0,91
2020-01-09,Haryana,9.8,82
2020-01-10,Haryana,9.1,80
2020-01-11,Haryana,10.3,75
2020-01-12,Haryana,12.2,75
2020-01-13,Haryana,14.5,83
2020-01-14,Haryana,13.2,83
2020-01-15,Haryana,11.7,86
2020-01-16,Haryana,12.0,91
2020-01-17,Haryana,12.8,89
2020-01-18,Haryana,12.2,89
2020-01-19,Haryana,10.8,86
2020-01-20,Haryana,11.3,84
2020-01-21,Haryana,12.5,83
2020-01-22,Haryana,11.8,84
2020-01-23,Haryana,11.9,68
2020-01-24,Haryana,12.2,62
2020-01-25,Haryana,11.6,74
2020-01-26,Haryana,13.5,78
2020-01-27,Haryana,14.6,74
2020-01-28,Haryana,14.1,82
2020-01-29,Haryana,12.7,83
2020-01-30,Haryana,11.8,80
2020-01-31,Haryana,11.4,77
2020-02-01,Haryana,11.6,76
2020-02-02,Haryana,10.6,79
2020-02-03,Haryana,11.5,73
2020-02-04,Haryana,13.0,73
2020-02-05,Haryana,12.6,76
2020-02-06,Haryana,11.4,75
2020-02-07,Haryana,12.3,72
2020-02-08,Haryana,11.7,76
2020-02-09,Haryana,13.0,73
2020-02-10,Haryana,12.8,73
2020-02-11,Haryana,13.7,71
2020-02-12,Haryana,15.4,69
2020-02-13,Haryana,18.5,59
2020-02-14,Haryana,18.1,52
2020-02-15,Haryana,16.8,48
2020-02-16,Haryana,16.4,60
2020-02-17,Haryana,16.6,57
2020-02-18,Haryana,16.8,51
2020-02-19,Haryana,18.0,55
2020-02-20,Haryana,20.0,61
2020-02-21,Haryana,16.3,83
2020-02-22,Haryana,17.4,82
2020-02-23,Haryana,17.4,83
2020-02-24,Haryana,17.1,80
2020-02-25,Haryana,17.6,73
2020-02-26,Haryana,18.7,69
2020-02-27,Haryana,19.5,75
2020-02-28,Haryana,20.5,72
2020-02-29,Haryana,18.7,82
2020-03-01,Haryana,18.9,81
2020-03-02,Haryana,19.5,79
2020-03-03,Haryana,19.5,70
2020-03-04,Haryana,19.3,72
2020-03-05,Haryana,18.6,77
2020-03-06,Haryana,16.5,85
2020-03-07,Haryana,15.7,85
2020-03-08,Haryana,16.2,78
2020-03-09,Haryana,16.4,68
2020-03-10,Haryana,16.9,65
2020-03-11,Haryana,18.7,72
2020-03-12,Haryana,19.7,64
2020-03-13,Haryana,18.3,63
2020-03-14,Haryana,16.6,81
2020-03-15,Haryana,16.2,76
2020-03-16,Haryana,17.4,76
2020-03-17,Haryana,18.8,71
2020-03-18,Haryana,20.3,66
2020-03-19,Haryana,21.0,67
2020-03-20,Haryana,21.5,66
2020-03-21,Haryana,21.9,68
2020-03-22,Haryana,22.1,66
2020-03-23,Haryana,22.4,62
2020-03-24,Haryana,24.0,60
2020-03-25,Haryana,23.5,63
2020-03-26,Haryana,23.5,59
2020-03-27,Haryana,21.3,75
2020-03-28,Haryana,21.0,69
2020-03-29,Haryana,21.8,58
2020-03-30,Haryana,21.8,55
2020-03-31,Haryana,22.5,56
2020-04-01,Haryana,23.8,55
2020-04-02,Haryana,23.1,52
2020-04-03,Haryana,22.0,46
2020-04-04,Haryana,22.9,49
2020-04-05,Haryana,24.0,52
2020-04-06,Haryana,26.1,46
2020-04-07,Haryana,24.5,47
2020-04-08,Haryana,24.6,48
2020-04-09,Haryana,23.9,48
2020-04-10,Haryana,25.5,45
2020-04-11,Haryana,27.2,41
2020-04-12,Haryana,27.5,43
2020-04-13,Haryana,28.9,42
2020-04-14,Haryana,30.2,39
2020-04-15,Haryana,30.6,34
2020-04-16,Haryana,30.1,35
2020-04-17,Haryana,29.3,34
2020-04-18,Haryana,29.4,36
2020-04-19,Haryana,27.7,43
2020-04-20,Haryana,26.3,44
2020-04-21,Haryana,26.2,50
2020-04-22,Haryana,27.7,40
2020-04-23,Haryana,28.9,37
2020-04-24,Haryana,28.9,39
2020-04-25,Haryana,28.6,41
2020-04-26,Haryana,27.3,54
2020-04-27,Haryana,25.5,68
2020-04-28,Haryana,26.4,65
2020-04-29,Haryana,28.6,54
2020-04-30,Haryana,29.4,50
2020-05-01,Haryana,30.8,52
2020-05-02,Haryana,29.8,55
2020-05-03,Haryana,27.8,65
2020-05-04,Haryana,27.2,66
2020-05-05,Haryana,28.6,50
2020-05-06,Haryana,28.6,43
2020-05-07,Haryana,28.9,43
2020-05-08,Haryana,30.8,38
2020-05-09,Haryana,31.6,39
2020-05-10,Haryana,29.9,51
2020-05-11,Haryana,29.4,55
2020-05-12,Haryana,29.7,52
2020-05-13,Haryana,29.8,54
2020-05-14,Haryana,30.2,54
2020-05-15,Haryana,31.0,42
2020-05-16,Haryana,31.4,32
2020-05-17,Haryana,31.7,31
2020-05-18,Haryana,31.4,28
2020-05-19,Haryana,31.9,23
2020-05-20,Haryana,30.5,25
2020-05-21,Haryana,32.1,24
2020-05-22,Haryana,34.1,24
2020-05-23,Haryana,35.2,24
2020-05-24,Haryana,35.9,21
2020-05-25,Haryana,35.6,21
2020-05-26,Haryana,36.6,18
2020-05-27,Haryana,36.5,18
2020-05-28,Haryana,33.6,38
2020-05-29,Haryana,29.9,60
2020-05-30,Haryana,28.1,62
2020-05-31,Haryana,26.8,69
2020-06-01,Haryana,27.9,66
2020-06-02,Haryana,28.8,61
2020-06-03,Haryana,29.8,58
2020-06-04,Haryana,29.6,57
2020-06-05,Haryana,28.9,60
2020-06-06,Haryana,29.0,61
2020-06-07,Haryana,30.5,59
2020-06-08,Haryana,30.7,60
2020-06-09,Haryana,32.8,51
2020-06-10,Haryana,33.3,52
2020-06-11,Haryana,33.3,54
2020-06-12,Haryana,33.7,51
2020-06-13,Haryana,33.5,54
2020-06-14,Haryana,33.6,55
2020-06-15,Haryana,34.1,49
2020-06-16,Haryana,33.8,47
2020-06-17,Haryana,34.0,50
2020-06-18,Haryana,34.6,49
2020-06-19,Haryana,35.6,48
2020-06-20,Haryana,33.4,54
2020-06-21,Haryana,33.2,53
2020-06-22,Haryana,31.6,62
2020-06-23,Haryana,31.4,64
2020-06-24,Haryana,30.5,71
2020-06-25,Haryana,31.8,66
2020-06-26,Haryana,32.4,64
2020-06-27,Haryana,33.5,58
2020-06-28,Haryana,34.8,50
2020-06-29,Haryana,34.7,50
2020-06-30,Haryana,32.5,62
2020-07-01,Haryana,33.2,59
2020-07-02,Haryana,34.9,53
2020-07-03,Haryana,35.1,54
2020-07-04,Haryana,33.5,61
2020-07-05,Haryana,30.1,68
2020-07-06,Haryana,30.6,70
2020-07-07,Haryana,29.3,73
2020-07-08,Haryana,28.6,83
2020-07-09,Haryana,29.8,80
2020-07-10,Haryana,33.1,58
2020-07-11,Haryana,32.0,64
2020-07-12,Haryana,31.1,68
2020-07-13,Haryana,31.5,67
2020-07-14,Haryana,32.7,63
2020-07-15,Haryana,31.9,67
2020-07-16,Haryana,31.0,71
2020-07-17,Haryana,31.0,74
2020-07-18,Haryana,32.0,71
2020-07-19,Haryana,30.7,78
2020-07-20,Haryana,29.4,79
2020-07-21,Haryana,28.5,80
2020-07-22,Haryana,27.1,86
2020-07-23,Haryana,28.7,78
2020-07-24,Haryana,28.6,78
2020-07-25,Haryana,29.0,80
2020-07-26,Haryana,30.3,77
2020-07-27,Haryana,31.1,74
2020-07-28,Haryana,32.0,65
2020-07-29,Haryana,30.9,69
2020-07-30,Haryana,29.2,78
2020-07-31,Haryana,29.5,82
2020-08-01,Haryana,29.6,82
2020-08-02,Haryana,31.4,72
2020-08-03,Haryana,32.0,69
2020-08-04,Haryana,32.2,69
2020-08-05,Haryana,30.7,78
2020-08-06,Haryana,31.0,69
2020-08-07,Haryana,30.1,76
2020-08-08,Haryana,30.8,77
2020-08-09,Haryana,29.8,83
2020-08-10,Haryana,28.8,86
2020-08-11,Haryana,28.9,86
2020-08-12,Haryana,29.9,81
2020-08-13,Haryana,26.6,95
2020-08-14,Haryana,27.7,88
2020-08-15,Haryana,29.0,84
2020-08-16,Haryana,29.0,86
2020-08-17,Haryana,29.4,84
2020-08-18,Haryana,29.6,83
2020-08-19,Haryana,27.0,92
2020-08-20,Haryana,26.7,92
2020-08-21,Haryana,28.7,78
2020-08-22,Haryana,28.6,75
2020-08-23,Haryana,28.2,80
2020-08-24,Haryana,27.8,81
2020-08-25,Haryana,28.5,79
2020-08-26,Haryana,28.9,77
2020-08-27,Haryana,29.0,75
2020-08-28,Haryana,28.8,81
2020-08-29,Haryana,28.7,82
2020-08-30,Haryana,27.9,78
2020-08-31,Haryana,28.2,75
2020-09-01,Haryana,28.7,74
2020-09-02,Haryana,29.1,73
2020-09-03,Haryana,28.5,82
2020-09-04,Haryana,29.0,80
2020-09-05,Haryana,28.1,85
2020-09-06,Haryana,28.1,85
2020-09-07,Haryana,28.7,83
2020-09-08,Haryana,29.2,79
2020-09-09,Haryana,30.0,73
2020-09-10,Haryana,29.9,70
2020-09-11,Haryana,30.1,67
2020-09-12,Haryana,30.4,67
2020-09-13,Haryana,30.1,69
2020-09-14,Haryana,30.2,71
2020-09-15,Haryana,30.5,69
2020-09-16,Haryana,31.7,62
2020-09-17,Haryana,32.1,57
2020-09-18,Haryana,32.5,54
2020-09-19,Haryana,31.7,60
2020-09-20,Haryana,30.9,63
2020-09-21,Haryana,30.8,60
2020-09-22,Haryana,30.4,70
2020-09-23,Haryana,30.2,69
2020-09-24,Haryana,30.2,65
2020-09-25,Haryana,30.8,55
2020-09-26,Haryana,29.6,52
2020-09-27,Haryana,28.8,57
2020-09-28,Haryana,28.5,56
2020-09-29,Haryana,28.0,56
2020-09-30,Haryana,27.7,52
2020-10-01,Haryana,28.0,53
2020-10-02,Haryana,27.7,56
2020-10-03,Haryana,27.2,55
2020-10-04,Haryana,26.8,49
2020-10-05,Haryana,26.4,50
2020-10-06,Haryana,26.5,52
2020-10-07,Haryana,26.9,53
2020-10-08,Haryana,26.7,54
2020-10-09,Haryana,26.8,53
2020-10-10,Haryana,27.1,53
2020-10-11,Haryana,26.9,51
2020-10-12,Haryana,26.7,56
2020-10-13,Haryana,27.7,58
2020-10-14,Haryana,28.0,61
2020-10-15,Haryana,27.4,52
2020-10-16,Haryana,25.5,46
2020-10-17,Haryana,26.5,42
2020-10-18,Haryana,25.7,41
2020-10-19,Haryana,25.1,35
2020-10-20,Haryana,23.9,37
2020-10-21,Haryana,25.3,39
2020-10-22,Haryana,26.0,41
2020-10-23,Haryana,24.7,44
2020-10-24,Haryana,24.0,44
2020-10-25,Haryana,25.0,42
2020-10-26,Haryana,24.0,45
2020-10-27,Haryana,22.3,40
2020-10-28,Haryana,21.7,44
2020-10-29,Haryana,22.8,45
2020-10-30,Haryana,21.7,47
2020-10-31,Haryana,20.6,43
2020-11-01,Haryana,19.9,35
2020-11-02,Haryana,20.1,34
2020-11-03,Haryana,20.9,36
2020-11-04,Haryana,20.3,43
2020-11-05,Haryana,21.4,44
2020-11-06,Haryana,22.5,41
2020-11-07,Haryana,20.8,48
2020-11-08,Haryana,21.1,48
2020-11-09,Haryana,20.3,53
2020-11-10,Haryana,20.4,57
2020-11-11,Haryana,20.7,59
2020-11-12,Haryana,20.6,57
2020-11-13,Haryana,20.4,54
2020-11-14,Haryana,20.6,53
2020-11-15,Haryana,20.9,63
2020-11-16,Haryana,19.6,80
2020-11-17,Haryana,18.2,77
2020-11-18,Haryana,17.4,71
2020-11-19,Haryana,17.1,63
2020-11-20,Haryana,15.8,61
2020-11-21,Haryana,15.5,58
2020-11-22,Haryana,15.6,57
2020-11-23,Haryana,16.0,59
2020-11-24,Haryana,16.1,62
2020-11-25,Haryana,17.4,60
2020-11-26,Haryana,16.9,70
2020-11-27,Haryana,16.4,71
2020-11-28,Haryana,15.4,68
2020-11-29,Haryana,15.4,65
2020-11-30,Haryana,15.6,67
2020-12-01,Haryana,15.8,71
2020-12-02,Haryana,16.9,68
2020-12-03,Haryana,17.8,67
2020-12-04,Haryana,18.6,63
2020-12-05,Haryana,18.9,66
2019-01-02,J&K,-2.1,94
2019-01-03,J&K,-3.0,89
2019-01-04,J&K,-4.7,76
2019-01-05,J&K,-4.8,94
2019-01-06,J&K,-4.7,84
2019-01-07,J&K,-7.2,84
2019-01-08,J&K,-7.3,88
2019-01-09,J&K,-5.7,91
2019-01-10,J&K,-6.9,89
2019-01-11,J&K,-5.1,96
2019-01-12,J&K,-5.0,98
2019-01-13,J&K,-2.8,83
2019-01-14,J&K,-6.3,53
2019-01-15,J&K,-9.9,66
2019-01-16,J&K,-7.3,77
2019-01-17,J&K,-5.6,91
2019-01-18,J&K,-8.2,93
2019-01-19,J&K,-5.4,95
2019-01-20,J&K,-3.2,97
2019-01-21,J&K,-1.5,99
2019-01-22,J&K,-1.0,98
2019-01-23,J&K,-1.3,88
2019-01-24,J&K,-2.7,75
2019-01-25,J&K,-3.8,75
2019-01-26,J&K,-4.9,74
2019-01-27,J&K,-5.9,63
2019-01-28,J&K,-6.2,59
2019-01-29,J&K,-7.3,56
2019-01-30,J&K,-6.4,80
2019-01-31,J&K,-2.9,96
2019-02-01,J&K,-1.1,90
2019-02-02,J&K,-2.4,94
2019-02-03,J&K,-3.8,85
2019-02-04,J&K,-4.2,74
2019-02-05,J&K,-2.3,77
2019-02-06,J&K,-1.5,93
2019-02-07,J&K,-1.9,96
2019-02-08,J&K,-1.1,87
2019-02-09,J&K,-2.3,67
2019-02-10,J&K,-2.9,75
2019-02-11,J&K,-1.0,73
2019-02-12,J&K,-0.9,78
2019-02-13,J&K,-1.5,99
2019-02-14,J&K,-0.9,98
2019-02-15,J&K,-0.2,92
2019-02-16,J&K,0.6,78
2019-02-17,J&K,-1.1,78
2019-02-18,J&K,-1.8,96
2019-02-19,J&K,-0.5,90
2019-02-20,J&K,-0.0,91
2019-02-21,J&K,-0.9,98
2019-02-22,J&K,-0.0,94
2019-02-23,J&K,-0.5,89
2019-02-24,J&K,0.5,74
2019-02-25,J&K,0.2,80
2019-02-26,J&K,-1.0,84
2019-02-27,J&K,-1.2,83
2019-02-28,J&K,-1.4,68
2019-03-01,J&K,-0.5,75
2019-03-02,J&K,-1.5,95
2019-03-03,J&K,-0.1,95
2019-03-04,J&K,-0.3,92
2019-03-05,J&K,0.7,86
2019-03-06,J&K,1.4,71
2019-03-07,J&K,0.4,76
2019-03-08,J&K,0.9,76
2019-03-09,J&K,1.2,72
2019-03-10,J&K,0.9,67
2019-03-11,J&K,0.7,81
2019-03-12,J&K,0.1,89
2019-03-13,J&K,0.5,72
2019-03-14,J&K,0.3,93
2019-03-15,J&K,1.6,82
2019-03-16,J&K,1.9,74
2019-03-17,J&K,2.8,71
2019-03-18,J&K,3.0,69
2019-03-19,J&K,3.1,73
2019-03-20,J&K,-0.4,98
2019-03-21,J&K,0.5,89
2019-03-22,J&K,1.7,81
2019-03-23,J&K,2.9,75
2019-03-24,J&K,3.2,77
2019-03-25,J&K,3.3,75
2019-03-26,J&K,5.3,64
2019-03-27,J&K,4.5,68
2019-03-28,J&K,4.6,70
2019-03-29,J&K,4.7,73
2019-03-30,J&K,4.3,85
2019-03-31,J&K,3.5,88
2019-04-01,J&K,5.3,72
2019-04-02,J&K,6.4,63
2019-04-03,J&K,8.2,50
2019-04-04,J&K,9.4,51
2019-04-05,J&K,10.1,53
2019-04-06,J&K,10.6,56
2019-04-07,J&K,10.8,55
2019-04-08,J&K,9.7,65
2019-04-09,J&K,11.0,59
2019-04-10,J&K,11.3,73
2019-04-11,J&K,11.0,75
2019-04-12,J&K,11.6,82
2019-04-13,J&K,10.3,85
2019-04-14,J&K,12.2,81
2019-04-15,J&K,14.0,72
2019-04-16,J&K,11.7,85
2019-04-17,J&K,10.1,90
2019-04-18,J&K,11.7,75
2019-04-19,J&K,12.8,65
2019-04-20,J&K,13.6,72
2019-04-21,J&K,14.4,72
2019-04-22,J&K,15.2,70
2019-04-23,J&K,15.5,70
2019-04-24,J&K,11.6,94
2019-04-25,J&K,11.6,87
2019-04-26,J&K,12.8,80
2019-04-27,J&K,14.2,71
2019-04-28,J&K,15.6,59
2019-04-29,J&K,15.7,60
2019-04-30,J&K,12.6,82
2019-05-01,J&K,11.8,81
2019-05-02,J&K,10.7,88
2019-05-03,J&K,9.9,84
2019-05-04,J&K,12.4,72
2019-05-05,J&K,13.3,63
2019-05-06,J&K,14.6,57
2019-05-07,J&K,14.8,54
2019-05-08,J&K,15.5,60
2019-05-09,J&K,16.1,62
2019-05-10,J&K,15.3,72
2019-05-11,J&K,13.8,81
2019-05-12,J&K,15.1,77
2019-05-13,J&K,15.2,73
2019-05-14,J&K,14.2,84
2019-05-15,J&K,15.6,76
2019-05-16,J&K,13.7,86
2019-05-17,J&K,13.2,88
2019-05-18,J&K,14.1,82
2019-05-19,J&K,15.2,79
2019-05-20,J&K,15.8,76
2019-05-21,J&K,16.3,70
2019-05-22,J&K,17.1,71
2019-05-23,J&K,14.4,87
2019-05-24,J&K,12.1,94
2019-05-25,J&K,15.1,76
2019-05-26,J&K,14.3,80
2019-05-27,J&K,15.5,75
2019-05-28,J&K,16.3,62
2019-05-29,J&K,17.2,62
2019-05-30,J&K,17.8,62
2019-05-31,J&K,18.4,65
2019-06-01,J&K,18.3,69
2019-06-02,J&K,19.1,71
2019-06-03,J&K,17.4,78
2019-06-04,J&K,14.8,86
2019-06-05,J&K,15.2,81
2019-06-06,J&K,14.7,83
2019-06-07,J&K,16.9,75
2019-06-08,J&K,17.1,75
2019-06-09,J&K,18.5,71
2019-06-10,J&K,19.0,69
2019-06-11,J&K,15.0,89
2019-06-12,J&K,12.3,93
2019-06-13,J&K,16.3,76
2019-06-14,J&K,18.3,69
2019-06-15,J&K,17.4,72
2019-06-16,J&K,17.7,74
2019-06-17,J&K,17.9,73
2019-06-18,J&K,17.3,77
2019-06-19,J&K,18.5,73
2019-06-20,J&K,18.4,72
2019-06-21,J&K,18.2,77
2019-06-22,J&K,19.1,74
2019-06-23,J&K,18.0,77
2019-06-24,J&K,16.3,91
2019-06-25,J&K,18.0,80
2019-06-26,J&K,19.5,65
2019-06-27,J&K,19.0,70
2019-06-28,J&K,19.3,68
2019-06-29,J&K,20.2,69
2019-06-30,J&K,20.7,68
2019-07-01,J&K,19.8,71
2019-07-02,J&K,21.2,67
2019-07-03,J&K,22.7,65
2019-07-04,J&K,22.9,71
2019-07-05,J&K,22.6,72
2019-07-06,J&K,22.8,70
2019-07-07,J&K,22.7,72
2019-07-08,J&K,24.4,68
2019-07-09,J&K,23.6,77
2019-07-10,J&K,21.8,86
2019-07-11,J&K,23.5,75
2019-07-12,J&K,23.3,76
2019-07-13,J&K,22.9,76
2019-07-14,J&K,22.6,76
2019-07-15,J&K,21.7,78
2019-07-16,J&K,22.6,72
2019-07-17,J&K,24.6,63
2019-07-18,J&K,22.0,76
2019-07-19,J&K,21.9,72
2019-07-20,J&K,24.0,59
2019-07-21,J&K,25.4,56
2019-07-22,J&K,25.2,60
2019-07-23,J&K,26.3,57
2019-07-24,J&K,26.7,58
2019-07-25,J&K,22.9,79
2019-07-26,J&K,22.4,80
2019-07-27,J&K,21.5,85
2019-07-28,J&K,19.5,93
2019-07-29,J&K,21.1,82
2019-07-30,J&K,24.0,74
2019-07-31,J&K,23.4,83
2019-08-01,J&K,21.6,88
2019-08-02,J&K,22.8,80
2019-08-03,J&K,22.1,80
2019-08-04,J&K,23.4,75
2019-08-05,J&K,24.3,71
2019-08-06,J&K,24.4,73
2019-08-07,J&K,23.5,80
2019-08-08,J&K,24.3,72
2019-08-09,J&K,22.7,84
2019-08-10,J&K,21.7,84
2019-08-11,J&K,22.1,85
2019-08-12,J&K,23.5,81
2019-08-13,J&K,22.7,85
2019-08-14,J&K,20.8,90
2019-08-15,J&K,22.0,81
2019-08-16,J&K,22.4,79
2019-08-17,J&K,20.1,84
2019-08-18,J&K,20.8,79
2019-08-19,J&K,18.6,77
2019-08-20,J&K,19.0,72
2019-08-21,J&K,19.9,68
2019-08-22,J&K,20.7,69
2019-08-23,J&K,21.0,67
2019-08-24,J&K,21.9,68
2019-08-25,J&K,22.5,69
2019-08-26,J&K,22.5,68
2019-08-27,J&K,21.6,76
2019-08-28,J&K,21.6,80
2019-08-29,J&K,22.6,73
2019-08-30,J&K,23.0,71
2019-08-31,J&K,22.3,75
2019-09-01,J&K,23.3,67
2019-09-02,J&K,23.0,65
2019-09-03,J&K,23.4,62
2019-09-04,J&K,23.8,61
2019-09-05,J&K,23.2,61
2019-09-06,J&K,22.9,60
2019-09-07,J&K,22.5,57
2019-09-08,J&K,22.0,57
2019-09-09,J&K,22.2,52
2019-09-10,J&K,22.1,52
2019-09-11,J&K,22.4,51
2019-09-12,J&K,22.4,53
2019-09-13,J&K,21.8,49
2019-09-14,J&K,21.6,51
2019-09-15,J&K,21.7,48
2019-09-16,J&K,20.7,54
2019-09-17,J&K,19.9,53
2019-09-18,J&K,20.0,50
2019-09-19,J&K,20.8,47
2019-09-20,J&K,19.8,67
2019-09-21,J&K,18.8,73
2019-09-22,J&K,20.4,60
2019-09-23,J&K,21.2,59
2019-09-24,J&K,21.7,62
2019-09-25,J&K,22.5,59
2019-09-26,J&K,21.8,63
2019-09-27,J&K,21.1,68
2019-09-28,J&K,19.1,78
2019-09-29,J&K,18.2,81
2019-09-30,J&K,17.9,77
2019-10-01,J&K,15.6,77
2019-10-02,J&K,16.3,69
2019-10-03,J&K,15.1,74
2019-10-04,J&K,11.1,93
2019-10-05,J&K,13.4,75
2019-10-06,J&K,13.3,68
2019-10-07,J&K,11.8,80
2019-10-08,J&K,13.0,75
2019-10-09,J&K,13.3,71
2019-10-10,J&K,13.1,66
2019-10-11,J&K,13.5,60
2019-10-12,J&K,14.1,65
2019-10-13,J&K,14.1,65
2019-10-14,J&K,14.9,60
2019-10-15,J&K,15.6,60
2019-10-16,J&K,15.7,61
2019-10-17,J&K,14.1,73
2019-10-18,J&K,11.1,83
2019-10-19,J&K,10.4,80
2019-10-20,J&K,11.0,72
2019-10-21,J&K,12.1,62
2019-10-22,J&K,12.0,59
2019-10-23,J&K,11.3,69
2019-10-24,J&K,11.3,70
2019-10-25,J&K,11.1,65
2019-10-26,J&K,10.8,64
2019-10-27,J&K,11.0,58
2019-10-28,J&K,12.7,59
2019-10-29,J&K,13.3,58
2019-10-30,J&K,12.5,70
2019-10-31,J&K,11.9,73
2019-11-01,J&K,12.2,66
2019-11-02,J&K,11.1,82
2019-11-03,J&K,9.3,90
2019-11-04,J&K,9.2,80
2019-11-05,J&K,9.4,68
2019-11-06,J&K,6.2,97
2019-11-07,J&K,2.0,99
2019-11-08,J&K,0.6,93
2019-11-09,J&K,0.9,82
2019-11-10,J&K,1.8,74
2019-11-11,J&K,2.6,73
2019-11-12,J&K,4.4,68
2019-11-13,J&K,6.3,73
2019-11-14,J&K,5.8,91
2019-11-15,J&K,5.8,97
2019-11-16,J&K,6.1,94
2019-11-17,J&K,7.2,82
2019-11-18,J&K,6.8,66
2019-11-19,J&K,6.8,57
2019-11-20,J&K,8.0,56
2019-11-21,J&K,6.5,75
2019-11-22,J&K,5.1,98
2019-11-23,J&K,5.4,91
2019-11-24,J&K,5.4,84
2019-11-25,J&K,6.4,64
2019-11-26,J&K,6.1,70
2019-11-27,J&K,2.2,98
2019-11-28,J&K,0.3,92
2019-11-29,J&K,1.2,81
2019-11-30,J&K,1.3,75
2019-12-01,J&K,0.1,61
2019-12-02,J&K,0.7,58
2019-12-03,J&K,-0.3,50
2019-12-04,J&K,-1.0,66
2019-12-05,J&K,-0.5,65
2019-12-06,J&K,0.3,51
2019-12-07,J&K,0.6,49
2019-12-08,J&K,0.8,46
2019-12-09,J&K,0.9,48
2019-12-10,J&K,2.0,39
2019-12-11,J&K,0.8,82
2019-12-12,J&K,0.8,88
2019-12-13,J&K,-1.1,99
2019-12-14,J&K,-2.1,98
2019-12-15,J&K,-2.6,95
2019-12-16,J&K,-3.6,90
2019-12-17,J&K,-6.6,77
2019-12-18,J&K,-8.2,79
2019-12-19,J&K,-3.3,72
2019-12-20,J&K,-3.0,83
2019-12-21,J&K,-1.9,93
2019-12-22,J&K,-2.7,83
2019-12-23,J&K,-5.6,83
2019-12-24,J&K,-6.7,80
2019-12-25,J&K,-6.0,53
2019-12-26,J&K,-5.6,40
2019-12-27,J&K,-6.2,46
2019-12-28,J&K,-7.5,53
2019-12-29,J&K,-5.6,51
2019-12-30,J&K,-5.5,51
2019-12-31,J&K,-2.7,53
2020-01-01,J&K,-2.1,54
2020-01-02,J&K,-3.2,65
2020-01-03,J&K,-3.4,85
2020-01-04,J&K,-3.4,95
2020-01-05,J&K,-5.0,91
2020-01-06,J&K,-4.6,95
2020-01-07,J&K,-3.2,97
2020-01-08,J&K,-2.5,87
2020-01-09,J&K,-5.0,70
2020-01-10,J&K,-9.8,83
2020-01-11,J&K,-7.7,66
2020-01-12,J&K,-4.3,92
2020-01-13,J&K,0.4,96
2020-01-14,J&K,-0.3,89
2020-01-15,J&K,-1.7,90
2020-01-16,J&K,-2.5,87
2020-01-17,J&K,-4.2,89
2020-01-18,J&K,-4.1,78
2020-01-19,J&K,-4.8,67
2020-01-20,J&K,-4.5,76
2020-01-21,J&K,-4.7,94
2020-01-22,J&K,-4.7,91
2020-01-23,J&K,-3.0,65
2020-01-24,J&K,-4.4,56
2020-01-25,J&K,-3.5,74
2020-01-26,J&K,-2.5,81
2020-01-27,J&K,-2.6,66
2020-01-28,J&K,-1.9,81
2020-01-29,J&K,-1.2,92
2020-01-30,J&K,-2.8,79
2020-01-31,J&K,-4.1,80
2020-02-01,J&K,-3.5,70
2020-02-02,J&K,-4.6,57
2020-02-03,J&K,-5.3,57
2020-02-04,J&K,-2.9,45
2020-02-05,J&K,-2.2,64
2020-02-06,J&K,-1.7,54
2020-02-07,J&K,-2.1,56
2020-02-08,J&K,-2.9,49
2020-02-09,J&K,-2.9,54
2020-02-10,J&K,-2.4,49
2020-02-11,J&K,-2.5,64
2020-02-12,J&K,-0.8,97
2020-02-13,J&K,1.9,94
2020-02-14,J&K,1.7,88
2020-02-15,J&K,-0.6,84
2020-02-16,J&K,1.3,67
2020-02-17,J&K,1.8,60
2020-02-18,J&K,0.9,64
2020-02-19,J&K,1.2,69
2020-02-20,J&K,0.3,95
2020-02-21,J&K,0.2,90
2020-02-22,J&K,1.2,72
2020-02-23,J&K,2.5,59
2020-02-24,J&K,2.8,53
2020-02-25,J&K,2.9,54
2020-02-26,J&K,3.2,45
2020-02-27,J&K,3.9,52
2020-02-28,J&K,1.5,80
2020-02-29,J&K,0.7,93
2020-03-01,J&K,2.7,85
2020-03-02,J&K,3.7,67
2020-03-03,J&K,4.3,52
2020-03-04,J&K,3.0,57
2020-03-05,J&K,3.5,73
2020-03-06,J&K,1.0,96
2020-03-07,J&K,0.5,98
2020-03-08,J&K,-0.5,97
2020-03-09,J&K,1.0,77
2020-03-10,J&K,3.0,61
2020-03-11,J&K,3.9,61
2020-03-12,J&K,2.4,90
2020-03-13,J&K,1.5,94
2020-03-14,J&K,2.2,91
2020-03-15,J&K,4.1,75
2020-03-16,J&K,5.5,60
2020-03-17,J&K,6.8,56
2020-03-18,J&K,7.1,54
2020-03-19,J&K,6.7,56
2020-03-20,J&K,7.3,59
2020-03-21,J&K,5.4,75
2020-03-22,J&K,7.0,76
2020-03-23,J&K,8.5,56
2020-03-24,J&K,4.0,84
2020-03-25,J&K,5.9,83
2020-03-26,J&K,7.5,76
2020-03-27,J&K,4.4,90
2020-03-28,J&K,1.7,95
2020-03-29,J&K,5.3,80
2020-03-30,J&K,7.1,63
2020-03-31,J&K,6.2,79
2020-04-01,J&K,7.1,87
2020-04-02,J&K,6.8,79
2020-04-03,J&K,8.8,60
2020-04-04,J&K,10.4,52
2020-04-05,J&K,10.6,59
2020-04-06,J&K,9.7,75
2020-04-07,J&K,8.5,81
2020-04-08,J&K,9.4,72
2020-04-09,J&K,10.1,68
2020-04-10,J&K,11.7,71
2020-04-11,J&K,12.8,59
2020-04-12,J&K,14.3,48
2020-04-13,J&K,14.3,58
2020-04-14,J&K,13.4,69
2020-04-15,J&K,10.9,90
2020-04-16,J&K,11.3,78
2020-04-17,J&K,9.8,87
2020-04-18,J&K,7.8,90
2020-04-19,J&K,10.2,82
2020-04-20,J&K,11.2,77
2020-04-21,J&K,12.0,68
2020-04-22,J&K,12.9,62
2020-04-23,J&K,13.8,61
2020-04-24,J&K,14.8,54
2020-04-25,J&K,14.9,65
2020-04-26,J&K,15.3,67
2020-04-27,J&K,15.3,72
2020-04-28,J&K,14.7,77
2020-04-29,J&K,15.2,69
2020-04-30,J&K,16.3,70
2020-05-01,J&K,16.4,65
2020-05-02,J&K,15.1,82
2020-05-03,J&K,13.2,86
2020-05-04,J&K,14.0,78
2020-05-05,J&K,13.2,82
2020-05-06,J&K,11.6,83
2020-05-07,J&K,13.5,75
2020-05-08,J&K,15.8,63
2020-05-09,J&K,15.2,73
2020-05-10,J&K,15.4,74
2020-05-11,J&K,16.2,66
2020-05-12,J&K,16.4,72
2020-05-13,J&K,16.9,71
2020-05-14,J&K,13.6,86
2020-05-15,J&K,14.7,77
2020-05-16,J&K,15.5,71
2020-05-17,J&K,14.4,71
2020-05-18,J&K,13.4,75
2020-05-19,J&K,13.8,75
2020-05-20,J&K,15.9,60
2020-05-21,J&K,17.1,61
2020-05-22,J&K,17.6,64
2020-05-23,J&K,16.9,72
2020-05-24,J&K,17.4,78
2020-05-25,J&K,18.7,70
2020-05-26,J&K,19.5,61
2020-05-27,J&K,19.5,57
2020-05-28,J&K,19.0,66
2020-05-29,J&K,17.2,77
2020-05-30,J&K,15.9,86
2020-05-31,J&K,13.7,86
2020-06-01,J&K,15.0,80
2020-06-02,J&K,15.7,83
2020-06-03,J&K,17.0,75
2020-06-04,J&K,18.1,68
2020-06-05,J&K,18.4,72
2020-06-06,J&K,18.8,77
2020-06-07,J&K,19.8,72
2020-06-08,J&K,20.6,68
2020-06-09,J&K,20.6,67
2020-06-10,J&K,20.6,67
2020-06-11,J&K,19.3,67
2020-06-12,J&K,19.1,65
2020-06-13,J&K,18.7,62
2020-06-14,J&K,20.4,58
2020-06-15,J&K,20.9,52
2020-06-16,J&K,21.4,53
2020-06-17,J&K,22.0,51
2020-06-18,J&K,22.2,49
2020-06-19,J&K,22.0,52
2020-06-20,J&K,22.1,56
2020-06-21,J&K,22.9,50
2020-06-22,J&K,23.3,50
2020-06-23,J&K,24.5,52
2020-06-24,J&K,22.7,68
2020-06-25,J&K,21.5,71
2020-06-26,J&K,23.1,61
2020-06-27,J&K,23.6,54
2020-06-28,J&K,21.7,65
2020-06-29,J&K,20.7,70
2020-06-30,J&K,23.6,52
2020-07-01,J&K,24.0,49
2020-07-02,J&K,24.6,50
2020-07-03,J&K,25.3,46
2020-07-04,J&K,24.3,53
2020-07-05,J&K,22.9,53
2020-07-06,J&K,23.1,46
2020-07-07,J&K,24.8,43
2020-07-08,J&K,25.4,48
2020-07-09,J&K,25.9,48
2020-07-10,J&K,24.8,50
2020-07-11,J&K,24.5,51
2020-07-12,J&K,22.9,60
2020-07-13,J&K,23.5,53
2020-07-14,J&K,24.1,49
2020-07-15,J&K,24.6,50
2020-07-16,J&K,23.6,60
2020-07-17,J&K,25.2,54
2020-07-18,J&K,24.8,58
2020-07-19,J&K,25.1,56
2020-07-20,J&K,24.6,54
2020-07-21,J&K,17.8,86
2020-07-22,J&K,19.5,69
2020-07-23,J&K,22.2,55
2020-07-24,J&K,23.2,55
2020-07-25,J&K,24.4,56
2020-07-26,J&K,25.2,54
2020-07-27,J&K,26.0,52
2020-07-28,J&K,26.2,52
2020-07-29,J&K,26.0,53
2020-07-30,J&K,24.9,63
2020-07-31,J&K,25.0,61
2020-08-01,J&K,23.7,68
2020-08-02,J&K,25.2,57
2020-08-03,J&K,25.4,53
2020-08-04,J&K,25.2,54
2020-08-05,J&K,25.4,51
2020-08-06,J&K,25.7,52
2020-08-07,J&K,27.5,50
2020-08-08,J&K,26.2,59
2020-08-09,J&K,25.2,68
2020-08-10,J&K,24.3,73
2020-08-11,J&K,25.4,61
2020-08-12,J&K,26.6,54
2020-08-13,J&K,26.9,53
2020-08-14,J&K,27.1,53
2020-08-15,J&K,26.8,53
2020-08-16,J&K,28.2,49
2020-08-17,J&K,28.6,51
2020-08-18,J&K,25.7,65
2020-08-19,J&K,25.3,58
2020-08-20,J&K,21.1,78
2020-08-21,J&K,19.1,87
2020-08-22,J&K,22.0,67
2020-08-23,J&K,23.3,58
2020-08-24,J&K,24.9,58
2020-08-25,J&K,25.3,62
2020-08-26,J&K,21.7,83
2020-08-27,J&K,17.0,97
2020-08-28,J&K,17.8,84
2020-08-29,J&K,20.2,77
2020-08-30,J&K,21.5,71
2020-08-31,J&K,18.9,85
2020-09-01,J&K,20.8,73
2020-09-02,J&K,21.9,71
2020-09-03,J&K,21.4,71
2020-09-04,J&K,17.7,93
2020-09-05,J&K,19.2,81
2020-09-06,J&K,19.3,83
2020-09-07,J&K,19.1,78
2020-09-08,J&K,20.3,68
2020-09-09,J&K,20.2,63
2020-09-10,J&K,19.8,63
2020-09-11,J&K,20.2,63
2020-09-12,J&K,19.8,64
2020-09-13,J&K,20.3,59
2020-09-14,J&K,20.7,58
2020-09-15,J&K,19.9,59
2020-09-16,J&K,20.0,54
2020-09-17,J&K,19.7,53
2020-09-18,J&K,19.9,53
2020-09-19,J&K,19.2,49
2020-09-20,J&K,18.8,46
2020-09-21,J&K,19.5,48
2020-09-22,J&K,20.2,48
2020-09-23,J&K,19.9,44
2020-09-24,J&K,19.3,44
2020-09-25,J&K,19.7,43
2020-09-26,J&K,16.5,65
2020-09-27,J&K,15.5,70
2020-09-28,J&K,16.7,56
2020-09-29,J&K,16.7,48
2020-09-30,J&K,17.2,42
2020-10-01,J&K,17.4,39
2020-10-02,J&K,17.7,42
2020-10-03,J&K,17.6,41
2020-10-04,J&K,17.7,39
2020-10-05,J&K,17.3,37
2020-10-06,J&K,17.5,32
2020-10-07,J&K,17.7,35
2020-10-08,J&K,16.8,40
2020-10-09,J&K,17.5,36
2020-10-10,J&K,16.9,39
2020-10-11,J&K,16.2,39
2020-10-12,J&K,16.0,37
2020-10-13,J&K,15.7,37
2020-10-14,J&K,15.6,42
2020-10-15,J&K,16.1,44
2020-10-16,J&K,16.0,43
2020-10-17,J&K,16.4,40
2020-10-18,J&K,15.6,39
2020-10-19,J&K,15.6,35
2020-10-20,J&K,15.8,35
2020-10-21,J&K,14.7,45
2020-10-22,J&K,14.6,46
2020-10-23,J&K,14.1,42
2020-10-24,J&K,13.4,46
2020-10-25,J&K,11.7,59
2020-10-26,J&K,10.8,63
2020-10-27,J&K,11.5,44
2020-10-28,J&K,11.9,40
2020-10-29,J&K,11.8,48
2020-10-30,J&K,10.2,48
2020-10-31,J&K,10.7,45
2020-11-01,J&K,10.6,57
2020-11-02,J&K,10.7,61
2020-11-03,J&K,10.8,60
2020-11-04,J&K,10.0,57
2020-11-05,J&K,10.2,52
2020-11-06,J&K,10.3,44
2020-11-07,J&K,9.9,47
2020-11-08,J&K,10.4,42
2020-11-09,J&K,10.7,47
2020-11-10,J&K,11.7,41
2020-11-11,J&K,11.5,45
2020-11-12,J&K,10.7,49
2020-11-13,J&K,10.3,47
2020-11-14,J&K,6.7,82
2020-11-15,J&K,3.6,97
2020-11-16,J&K,2.7,94
2020-11-17,J&K,3.7,72
2020-11-18,J&K,3.1,55
2020-11-19,J&K,3.2,69
2020-11-20,J&K,1.8,83
2020-11-21,J&K,1.8,58
2020-11-22,J&K,1.1,54
2020-11-23,J&K,0.2,95
2020-11-24,J&K,-0.7,99
2020-11-25,J&K,-1.1,98
2020-11-26,J&K,-0.1,93
2020-11-27,J&K,-2.5,88
2020-11-28,J&K,-3.7,91
2020-11-29,J&K,-1.2,72
2020-11-30,J&K,0.6,66
2020-12-01,J&K,1.9,68
2020-12-02,J&K,2.6,62
2020-12-03,J&K,2.3,61
2020-12-04,J&K,1.2,67
2020-12-05,J&K,0.8,87
2019-01-02,Jharkhand,15.3,64
2019-01-03,Jharkhand,15.1,65
2019-01-04,Jharkhand,15.2,66
2019-01-05,Jharkhand,16.4,62
2019-01-06,Jharkhand,16.0,66
2019-01-07,Jharkhand,17.6,58
2019-01-08,Jharkhand,18.0,60
2019-01-09,Jharkhand,17.1,62
2019-01-10,Jharkhand,15.9,59
2019-01-11,Jharkhand,16.1,59
2019-01-12,Jharkhand,16.5,57
2019-01-13,Jharkhand,17.4,60
2019-01-14,Jharkhand,19.0,57
2019-01-15,Jharkhand,16.4,52
2019-01-16,Jharkhand,15.1,51
2019-01-17,Jharkhand,15.9,54
2019-01-18,Jharkhand,16.8,53
2019-01-19,Jharkhand,16.2,61
2019-01-20,Jharkhand,16.8,59
2019-01-21,Jharkhand,17.3,57
2019-01-22,Jharkhand,19.5,56
2019-01-23,Jharkhand,20.0,63
2019-01-24,Jharkhand,20.8,65
2019-01-25,Jharkhand,20.0,69
2019-01-26,Jharkhand,18.2,78
2019-01-27,Jharkhand,18.9,68
2019-01-28,Jharkhand,18.0,67
2019-01-29,Jharkhand,16.9,45
2019-01-30,Jharkhand,15.1,49
2019-01-31,Jharkhand,16.9,47
2019-02-01,Jharkhand,18.4,55
2019-02-02,Jharkhand,19.2,49
2019-02-03,Jharkhand,19.8,50
2019-02-04,Jharkhand,19.5,53
2019-02-05,Jharkhand,19.8,55
2019-02-06,Jharkhand,21.5,57
2019-02-07,Jharkhand,23.4,49
2019-02-08,Jharkhand,19.8,70
2019-02-09,Jharkhand,18.5,72
2019-02-10,Jharkhand,17.0,50
2019-02-11,Jharkhand,16.9,60
2019-02-12,Jharkhand,18.7,61
2019-02-13,Jharkhand,20.4,60
2019-02-14,Jharkhand,21.2,59
2019-02-15,Jharkhand,22.0,58
2019-02-16,Jharkhand,20.1,75
2019-02-17,Jharkhand,19.8,58
2019-02-18,Jharkhand,18.5,58
2019-02-19,Jharkhand,21.2,54
2019-02-20,Jharkhand,22.9,49
2019-02-21,Jharkhand,23.6,56
2019-02-22,Jharkhand,24.9,60
2019-02-23,Jharkhand,24.8,57
2019-02-24,Jharkhand,23.4,43
2019-02-25,Jharkhand,21.3,67
2019-02-26,Jharkhand,21.6,75
2019-02-27,Jharkhand,21.6,81
2019-02-28,Jharkhand,19.7,65
2019-03-01,Jharkhand,18.4,51
2019-03-02,Jharkhand,19.5,48
2019-03-03,Jharkhand,20.5,54
2019-03-04,Jharkhand,22.2,64
2019-03-05,Jharkhand,22.6,65
2019-03-06,Jharkhand,23.3,48
2019-03-07,Jharkhand,21.8,38
2019-03-08,Jharkhand,22.0,36
2019-03-09,Jharkhand,23.8,34
2019-03-10,Jharkhand,25.5,41
2019-03-11,Jharkhand,26.3,40
2019-03-12,Jharkhand,27.3,39
2019-03-13,Jharkhand,28.0,39
2019-03-14,Jharkhand,28.2,43
2019-03-15,Jharkhand,27.3,54
2019-03-16,Jharkhand,26.7,53
2019-03-17,Jharkhand,25.3,46
2019-03-18,Jharkhand,24.5,55
2019-03-19,Jharkhand,25.6,46
2019-03-20,Jharkhand,26.1,29
2019-03-21,Jharkhand,27.6,30
2019-03-22,Jharkhand,27.5,43
2019-03-23,Jharkhand,27.9,25
2019-03-24,Jharkhand,26.5,25
2019-03-25,Jharkhand,27.9,31
2019-03-26,Jharkhand,26.2,47
2019-03-27,Jharkhand,26.6,47
2019-03-28,Jharkhand,27.2,39
2019-03-29,Jharkhand,28.6,44
2019-03-30,Jharkhand,29.5,54
2019-03-31,Jharkhand,29.5,52
2019-04-01,Jharkhand,28.8,53
2019-04-02,Jharkhand,28.7,49
2019-04-03,Jharkhand,29.0,45
2019-04-04,Jharkhand,29.9,53
2019-04-05,Jharkhand,28.2,65
2019-04-06,Jharkhand,25.7,73
2019-04-07,Jharkhand,26.2,66
2019-04-08,Jharkhand,26.9,63
2019-04-09,Jharkhand,28.0,61
2019-04-10,Jharkhand,27.1,67
2019-04-11,Jharkhand,27.2,71
2019-04-12,Jharkhand,30.3,57
2019-04-13,Jharkhand,31.2,52
2019-04-14,Jharkhand,32.1,51
2019-04-15,Jharkhand,33.1,46
2019-04-16,Jharkhand,31.5,51
2019-04-17,Jharkhand,28.9,45
2019-04-18,Jharkhand,28.5,47
2019-04-19,Jharkhand,29.0,48
2019-04-20,Jharkhand,29.2,44
2019-04-21,Jharkhand,27.9,50
2019-04-22,Jharkhand,27.8,58
2019-04-23,Jharkhand,28.3,64
2019-04-24,Jharkhand,29.7,59
2019-04-25,Jharkhand,30.9,61
2019-04-26,Jharkhand,32.7,54
2019-04-27,Jharkhand,33.2,51
2019-04-28,Jharkhand,33.3,40
2019-04-29,Jharkhand,33.5,24
2019-04-30,Jharkhand,33.7,38
2019-05-01,Jharkhand,32.9,47
2019-05-02,Jharkhand,31.0,60
2019-05-03,Jharkhand,26.6,85
2019-05-04,Jharkhand,25.9,79
2019-05-05,Jharkhand,28.9,65
2019-05-06,Jharkhand,29.3,53
2019-05-07,Jharkhand,29.6,42
2019-05-08,Jharkhand,30.0,48
2019-05-09,Jharkhand,31.0,38
2019-05-10,Jharkhand,31.2,38
2019-05-11,Jharkhand,31.0,42
2019-05-12,Jharkhand,31.4,48
2019-05-13,Jharkhand,31.1,53
2019-05-14,Jharkhand,29.8,64
2019-05-15,Jharkhand,29.7,67
2019-05-16,Jharkhand,31.2,57
2019-05-17,Jharkhand,32.5,47
2019-05-18,Jharkhand,32.9,46
2019-05-19,Jharkhand,33.1,35
2019-05-20,Jharkhand,32.6,50
2019-05-21,Jharkhand,33.6,49
2019-05-22,Jharkhand,34.1,46
2019-05-23,Jharkhand,32.4,58
2019-05-24,Jharkhand,33.1,54
2019-05-25,Jharkhand,32.1,64
2019-05-26,Jharkhand,33.8,45
2019-05-27,Jharkhand,33.6,43
2019-05-28,Jharkhand,34.3,38
2019-05-29,Jharkhand,34.3,46
2019-05-30,Jharkhand,34.3,51
2019-05-31,Jharkhand,32.3,63
2019-06-01,Jharkhand,32.0,65
2019-06-02,Jharkhand,30.4,73
2019-06-03,Jharkhand,30.4,66
2019-06-04,Jharkhand,29.9,71
2019-06-05,Jharkhand,28.9,80
2019-06-06,Jharkhand,29.8,72
2019-06-07,Jharkhand,30.4,67
2019-06-08,Jharkhand,31.0,67
2019-06-09,Jharkhand,32.9,59
2019-06-10,Jharkhand,33.7,61
2019-06-11,Jharkhand,33.6,62
2019-06-12,Jharkhand,32.1,72
2019-06-13,Jharkhand,32.1,71
2019-06-14,Jharkhand,34.2,56
2019-06-15,Jharkhand,36.7,41
2019-06-16,Jharkhand,37.5,36
2019-06-17,Jharkhand,36.1,40
2019-06-18,Jharkhand,34.3,47
2019-06-19,Jharkhand,33.2,56
2019-06-20,Jharkhand,31.3,68
2019-06-21,Jharkhand,29.0,82
2019-06-22,Jharkhand,27.7,85
2019-06-23,Jharkhand,29.3,77
2019-06-24,Jharkhand,30.6,71
2019-06-25,Jharkhand,32.6,60
2019-06-26,Jharkhand,32.0,66
2019-06-27,Jharkhand,30.5,74
2019-06-28,Jharkhand,31.4,72
2019-06-29,Jharkhand,30.4,71
2019-06-30,Jharkhand,30.4,75
2019-07-01,Jharkhand,29.5,79
2019-07-02,Jharkhand,27.8,85
2019-07-03,Jharkhand,28.2,84
2019-07-04,Jharkhand,29.2,79
2019-07-05,Jharkhand,29.0,79
2019-07-06,Jharkhand,27.3,86
2019-07-07,Jharkhand,27.7,86
2019-07-08,Jharkhand,28.1,83
2019-07-09,Jharkhand,27.9,86
2019-07-10,Jharkhand,28.5,82
2019-07-11,Jharkhand,28.9,81
2019-07-12,Jharkhand,29.1,79
2019-07-13,Jharkhand,30.4,69
2019-07-14,Jharkhand,31.0,66
2019-07-15,Jharkhand,30.7,68
2019-07-16,Jharkhand,30.4,71
2019-07-17,Jharkhand,29.8,76
2019-07-18,Jharkhand,30.4,75
2019-07-19,Jharkhand,30.3,75
2019-07-20,Jharkhand,30.1,72
2019-07-21,Jharkhand,30.9,67
2019-07-22,Jharkhand,30.3,74
2019-07-23,Jharkhand,29.6,78
2019-07-24,Jharkhand,28.1,88
2019-07-25,Jharkhand,27.5,89
2019-07-26,Jharkhand,26.9,91
2019-07-27,Jharkhand,26.3,91
2019-07-28,Jharkhand,26.9,89
2019-07-29,Jharkhand,26.7,88
2019-07-30,Jharkhand,27.3,82
2019-07-31,Jharkhand,28.1,77
2019-08-01,Jharkhand,28.0,78
2019-08-02,Jharkhand,28.1,84
2019-08-03,Jharkhand,27.8,86
2019-08-04,Jharkhand,28.6,85
2019-08-05,Jharkhand,28.8,85
2019-08-06,Jharkhand,28.3,87
2019-08-07,Jharkhand,27.4,84
2019-08-08,Jharkhand,26.3,93
2019-08-09,Jharkhand,27.2,89
2019-08-10,Jharkhand,28.9,82
2019-08-11,Jharkhand,28.3,87
2019-08-12,Jharkhand,28.1,86
2019-08-13,Jharkhand,27.1,90
2019-08-14,Jharkhand,26.4,92
2019-08-15,Jharkhand,27.7,84
2019-08-16,Jharkhand,27.9,84
2019-08-17,Jharkhand,27.5,90
2019-08-18,Jharkhand,26.3,92
2019-08-19,Jharkhand,26.6,90
2019-08-20,Jharkhand,28.1,85
2019-08-21,Jharkhand,27.8,89
2019-08-22,Jharkhand,28.7,83
2019-08-23,Jharkhand,27.6,88
2019-08-24,Jharkhand,26.6,91
2019-08-25,Jharkhand,25.9,91
2019-08-26,Jharkhand,26.6,90
2019-08-27,Jharkhand,27.2,87
2019-08-28,Jharkhand,27.5,87
2019-08-29,Jharkhand,27.6,88
2019-08-30,Jharkhand,28.4,83
2019-08-31,Jharkhand,28.2,83
2019-09-01,Jharkhand,28.3,86
2019-09-02,Jharkhand,27.7,88
2019-09-03,Jharkhand,27.6,87
2019-09-04,Jharkhand,27.0,89
2019-09-05,Jharkhand,27.4,89
2019-09-06,Jharkhand,27.2,90
2019-09-07,Jharkhand,27.0,89
2019-09-08,Jharkhand,27.0,91
2019-09-09,Jharkhand,28.1,84
2019-09-10,Jharkhand,27.9,87
2019-09-11,Jharkhand,27.5,90
2019-09-12,Jharkhand,25.7,94
2019-09-13,Jharkhand,26.5,92
2019-09-14,Jharkhand,27.3,90
2019-09-15,Jharkhand,28.0,86
2019-09-16,Jharkhand,27.7,88
2019-09-17,Jharkhand,27.8,87
2019-09-18,Jharkhand,27.2,85
2019-09-19,Jharkhand,27.2,86
2019-09-20,Jharkhand,27.6,85
2019-09-21,Jharkhand,28.2,79
2019-09-22,Jharkhand,27.2,84
2019-09-23,Jharkhand,26.4,90
2019-09-24,Jharkhand,25.5,92
2019-09-25,Jharkhand,24.3,96
2019-09-26,Jharkhand,24.3,96
2019-09-27,Jharkhand,24.4,95
2019-09-28,Jharkhand,23.9,96
2019-09-29,Jharkhand,24.3,95
2019-09-30,Jharkhand,25.1,89
2019-10-01,Jharkhand,25.6,87
2019-10-02,Jharkhand,25.9,89
2019-10-03,Jharkhand,26.3,88
2019-10-04,Jharkhand,26.6,86
2019-10-05,Jharkhand,26.1,86
2019-10-06,Jharkhand,25.9,87
2019-10-07,Jharkhand,25.7,89
2019-10-08,Jharkhand,24.9,92
2019-10-09,Jharkhand,24.3,91
2019-10-10,Jharkhand,25.5,86
2019-10-11,Jharkhand,26.4,80
2019-10-12,Jharkhand,25.8,83
2019-10-13,Jharkhand,25.1,77
2019-10-14,Jharkhand,25.3,74
2019-10-15,Jharkhand,25.1,75
2019-10-16,Jharkhand,25.0,78
2019-10-17,Jharkhand,25.7,81
2019-10-18,Jharkhand,26.1,82
2019-10-19,Jharkhand,25.7,87
2019-10-20,Jharkhand,25.4,87
2019-10-21,Jharkhand,24.7,88
2019-10-22,Jharkhand,25.8,78
2019-10-23,Jharkhand,24.5,80
2019-10-24,Jharkhand,20.6,93
2019-10-25,Jharkhand,19.3,93
2019-10-26,Jharkhand,22.0,89
2019-10-27,Jharkhand,22.9,86
2019-10-28,Jharkhand,23.1,81
2019-10-29,Jharkhand,23.5,77
2019-10-30,Jharkhand,23.6,79
2019-10-31,Jharkhand,24.0,79
2019-11-01,Jharkhand,24.1,79
2019-11-02,Jharkhand,23.8,81
2019-11-03,Jharkhand,24.5,81
2019-11-04,Jharkhand,24.5,79
2019-11-05,Jharkhand,23.9,76
2019-11-06,Jharkhand,22.4,70
2019-11-07,Jharkhand,21.7,74
2019-11-08,Jharkhand,23.1,77
2019-11-09,Jharkhand,23.2,83
2019-11-10,Jharkhand,23.7,78
2019-11-11,Jharkhand,23.6,74
2019-11-12,Jharkhand,22.1,70
2019-11-13,Jharkhand,21.6,74
2019-11-14,Jharkhand,21.8,74
2019-11-15,Jharkhand,22.1,76
2019-11-16,Jharkhand,21.7,74
2019-11-17,Jharkhand,21.4,75
2019-11-18,Jharkhand,21.5,74
2019-11-19,Jharkhand,20.8,66
2019-11-20,Jharkhand,21.0,67
2019-11-21,Jharkhand,21.2,70
2019-11-22,Jharkhand,21.0,69
2019-11-23,Jharkhand,21.2,74
2019-11-24,Jharkhand,21.2,75
2019-11-25,Jharkhand,21.3,76
2019-11-26,Jharkhand,22.1,79
2019-11-27,Jharkhand,22.3,79
2019-11-28,Jharkhand,22.6,77
2019-11-29,Jharkhand,22.3,78
2019-11-30,Jharkhand,22.3,67
2019-12-01,Jharkhand,21.3,67
2019-12-02,Jharkhand,20.3,69
2019-12-03,Jharkhand,20.1,69
2019-12-04,Jharkhand,18.6,64
2019-12-05,Jharkhand,19.2,63
2019-12-06,Jharkhand,20.2,66
2019-12-07,Jharkhand,21.4,67
2019-12-08,Jharkhand,21.2,68
2019-12-09,Jharkhand,20.7,70
2019-12-10,Jharkhand,20.4,66
2019-12-11,Jharkhand,20.2,66
2019-12-12,Jharkhand,19.6,80
2019-12-13,Jharkhand,19.7,83
2019-12-14,Jharkhand,20.0,85
2019-12-15,Jharkhand,19.1,88
2019-12-16,Jharkhand,19.5,83
2019-12-17,Jharkhand,18.7,75
2019-12-18,Jharkhand,15.3,74
2019-12-19,Jharkhand,13.9,76
2019-12-20,Jharkhand,14.0,75
2019-12-21,Jharkhand,14.9,75
2019-12-22,Jharkhand,16.2,74
2019-12-23,Jharkhand,16.9,80
2019-12-24,Jharkhand,17.0,81
2019-12-25,Jharkhand,17.3,85
2019-12-26,Jharkhand,16.5,86
2019-12-27,Jharkhand,14.4,74
2019-12-28,Jharkhand,13.2,70
2019-12-29,Jharkhand,13.5,69
2019-12-30,Jharkhand,13.4,73
2019-12-31,Jharkhand,14.5,75
2020-01-01,Jharkhand,16.0,81
2020-01-02,Jharkhand,17.8,78
2020-01-03,Jharkhand,17.1,88
2020-01-04,Jharkhand,17.0,87
2020-01-05,Jharkhand,16.8,75
2020-01-06,Jharkhand,15.1,74
2020-01-07,Jharkhand,15.5,77
2020-01-08,Jharkhand,16.9,81
2020-01-09,Jharkhand,17.9,86
2020-01-10,Jharkhand,14.8,74
2020-01-11,Jharkhand,14.2,74
2020-01-12,Jharkhand,14.1,72
2020-01-13,Jharkhand,14.5,77
2020-01-14,Jharkhand,16.0,75
2020-01-15,Jharkhand,17.3,77
2020-01-16,Jharkhand,19.0,79
2020-01-17,Jharkhand,19.8,72
2020-01-18,Jharkhand,19.7,80
2020-01-19,Jharkhand,17.9,85
2020-01-20,Jharkhand,15.5,71
2020-01-21,Jharkhand,15.6,74
2020-01-22,Jharkhand,17.2,74
2020-01-23,Jharkhand,17.9,70
2020-01-24,Jharkhand,15.3,60
2020-01-25,Jharkhand,14.9,64
2020-01-26,Jharkhand,15.4,68
2020-01-27,Jharkhand,16.4,66
2020-01-28,Jharkhand,18.6,63
2020-01-29,Jharkhand,19.8,80
2020-01-30,Jharkhand,18.9,79
2020-01-31,Jharkhand,16.9,56
2020-02-01,Jharkhand,16.2,60
2020-02-02,Jharkhand,15.8,52
2020-02-03,Jharkhand,15.4,56
2020-02-04,Jharkhand,17.2,60
2020-02-05,Jharkhand,19.4,57
2020-02-06,Jharkhand,18.0,56
2020-02-07,Jharkhand,16.0,62
2020-02-08,Jharkhand,16.4,72
2020-02-09,Jharkhand,17.3,55
2020-02-10,Jharkhand,16.7,52
2020-02-11,Jharkhand,17.4,57
2020-02-12,Jharkhand,17.7,56
2020-02-13,Jharkhand,18.6,60
2020-02-14,Jharkhand,20.7,56
2020-02-15,Jharkhand,20.5,48
2020-02-16,Jharkhand,19.6,50
2020-02-17,Jharkhand,20.0,55
2020-02-18,Jharkhand,20.9,49
2020-02-19,Jharkhand,20.4,44
2020-02-20,Jharkhand,21.5,51
2020-02-21,Jharkhand,22.8,59
2020-02-22,Jharkhand,23.2,59
2020-02-23,Jharkhand,22.6,63
2020-02-24,Jharkhand,21.8,69
2020-02-25,Jharkhand,19.6,79
2020-02-26,Jharkhand,18.5,83
2020-02-27,Jharkhand,19.6,69
2020-02-28,Jharkhand,20.4,68
2020-02-29,Jharkhand,21.5,64
2020-03-01,Jharkhand,23.1,61
2020-03-02,Jharkhand,22.3,68
2020-03-03,Jharkhand,23.2,65
2020-03-04,Jharkhand,22.3,67
2020-03-05,Jharkhand,23.0,68
2020-03-06,Jharkhand,23.1,73
2020-03-07,Jharkhand,22.1,83
2020-03-08,Jharkhand,22.5,66
2020-03-09,Jharkhand,21.1,59
2020-03-10,Jharkhand,21.0,56
2020-03-11,Jharkhand,21.2,71
2020-03-12,Jharkhand,23.6,78
2020-03-13,Jharkhand,24.1,71
2020-03-14,Jharkhand,20.9,87
2020-03-15,Jharkhand,21.3,85
2020-03-16,Jharkhand,22.9,71
2020-03-17,Jharkhand,23.1,63
2020-03-18,Jharkhand,22.4,63
2020-03-19,Jharkhand,22.7,64
2020-03-20,Jharkhand,23.1,57
2020-03-21,Jharkhand,23.3,57
2020-03-22,Jharkhand,22.9,69
2020-03-23,Jharkhand,23.7,67
2020-03-24,Jharkhand,24.7,60
2020-03-25,Jharkhand,25.4,59
2020-03-26,Jharkhand,26.6,49
2020-03-27,Jharkhand,28.2,45
2020-03-28,Jharkhand,28.6,51
2020-03-29,Jharkhand,27.8,43
2020-03-30,Jharkhand,27.7,36
2020-03-31,Jharkhand,27.4,38
2020-04-01,Jharkhand,27.4,47
2020-04-02,Jharkhand,28.7,39
2020-04-03,Jharkhand,28.3,34
2020-04-04,Jharkhand,27.5,34
2020-04-05,Jharkhand,28.6,28
2020-04-06,Jharkhand,28.1,29
2020-04-07,Jharkhand,29.3,31
2020-04-08,Jharkhand,28.9,37
2020-04-09,Jharkhand,28.9,37
2020-04-10,Jharkhand,29.9,35
2020-04-11,Jharkhand,29.0,47
2020-04-12,Jharkhand,29.3,45
2020-04-13,Jharkhand,29.9,57
2020-04-14,Jharkhand,30.8,55
2020-04-15,Jharkhand,28.1,69
2020-04-16,Jharkhand,29.0,59
2020-04-17,Jharkhand,29.5,62
2020-04-18,Jharkhand,28.9,61
2020-04-19,Jharkhand,30.1,46
2020-04-20,Jharkhand,29.4,56
2020-04-21,Jharkhand,25.7,77
2020-04-22,Jharkhand,25.4,78
2020-04-23,Jharkhand,25.8,81
2020-04-24,Jharkhand,26.1,81
2020-04-25,Jharkhand,25.8,81
2020-04-26,Jharkhand,23.8,88
2020-04-27,Jharkhand,24.2,85
2020-04-28,Jharkhand,24.2,86
2020-04-29,Jharkhand,24.4,86
2020-04-30,Jharkhand,25.5,81
2020-05-01,Jharkhand,25.3,85
2020-05-02,Jharkhand,24.7,86
2020-05-03,Jharkhand,26.0,76
2020-05-04,Jharkhand,27.5,77
2020-05-05,Jharkhand,27.4,81
2020-05-06,Jharkhand,27.2,76
2020-05-07,Jharkhand,26.4,82
2020-05-08,Jharkhand,28.0,73
2020-05-09,Jharkhand,28.4,73
2020-05-10,Jharkhand,27.6,80
2020-05-11,Jharkhand,27.5,75
2020-05-12,Jharkhand,28.1,74
2020-05-13,Jharkhand,29.0,69
2020-05-14,Jharkhand,29.1,71
2020-05-15,Jharkhand,30.2,68
2020-05-16,Jharkhand,31.4,59
2020-05-17,Jharkhand,31.9,52
2020-05-18,Jharkhand,31.0,59
2020-05-19,Jharkhand,28.6,72
2020-05-20,Jharkhand,23.4,88
2020-05-21,Jharkhand,25.2,76
2020-05-22,Jharkhand,28.2,74
2020-05-23,Jharkhand,29.9,79
2020-05-24,Jharkhand,31.1,76
2020-05-25,Jharkhand,31.8,70
2020-05-26,Jharkhand,31.3,67
2020-05-27,Jharkhand,30.3,68
2020-05-28,Jharkhand,27.9,81
2020-05-29,Jharkhand,28.3,79
2020-05-30,Jharkhand,27.5,85
2020-05-31,Jharkhand,27.7,84
2020-06-01,Jharkhand,28.3,82
2020-06-02,Jharkhand,28.8,76
2020-06-03,Jharkhand,28.3,76
2020-06-04,Jharkhand,28.5,75
2020-06-05,Jharkhand,28.1,79
2020-06-06,Jharkhand,28.9,69
2020-06-07,Jharkhand,28.8,76
2020-06-08,Jharkhand,29.8,75
2020-06-09,Jharkhand,30.2,75
2020-06-10,Jharkhand,30.1,77
2020-06-11,Jharkhand,28.2,83
2020-06-12,Jharkhand,27.2,87
2020-06-13,Jharkhand,26.6,91
2020-06-14,Jharkhand,26.7,91
2020-06-15,Jharkhand,26.9,91
2020-06-16,Jharkhand,27.3,90
2020-06-17,Jharkhand,26.6,91
2020-06-18,Jharkhand,27.6,85
2020-06-19,Jharkhand,28.2,84
2020-06-20,Jharkhand,27.8,88
2020-06-21,Jharkhand,26.5,92
2020-06-22,Jharkhand,27.0,90
2020-06-23,Jharkhand,28.3,84
2020-06-24,Jharkhand,29.1,82
2020-06-25,Jharkhand,29.0,83
2020-06-26,Jharkhand,28.1,87
2020-06-27,Jharkhand,28.4,85
2020-06-28,Jharkhand,28.2,85
2020-06-29,Jharkhand,27.5,89
2020-06-30,Jharkhand,28.1,87
2020-07-01,Jharkhand,29.3,82
2020-07-02,Jharkhand,29.5,83
2020-07-03,Jharkhand,28.7,87
2020-07-04,Jharkhand,28.6,84
2020-07-05,Jharkhand,27.5,89
2020-07-06,Jharkhand,26.8,92
2020-07-07,Jharkhand,27.3,89
2020-07-08,Jharkhand,28.0,87
2020-07-09,Jharkhand,27.8,88
2020-07-10,Jharkhand,28.6,84
2020-07-11,Jharkhand,26.9,92
2020-07-12,Jharkhand,27.9,88
2020-07-13,Jharkhand,28.0,87
2020-07-14,Jharkhand,27.3,90
2020-07-15,Jharkhand,27.7,88
2020-07-16,Jharkhand,28.5,80
2020-07-17,Jharkhand,28.4,81
2020-07-18,Jharkhand,28.7,87
2020-07-19,Jharkhand,28.5,87
2020-07-20,Jharkhand,27.8,88
2020-07-21,Jharkhand,27.0,89
2020-07-22,Jharkhand,26.9,90
2020-07-23,Jharkhand,26.8,90
2020-07-24,Jharkhand,26.1,91
2020-07-25,Jharkhand,27.8,86
2020-07-26,Jharkhand,28.8,84
2020-07-27,Jharkhand,28.7,86
2020-07-28,Jharkhand,28.2,89
2020-07-29,Jharkhand,28.3,85
2020-07-30,Jharkhand,28.5,85
2020-07-31,Jharkhand,27.9,89
2020-08-01,Jharkhand,28.7,87
2020-08-02,Jharkhand,29.0,86
2020-08-03,Jharkhand,28.8,85
2020-08-04,Jharkhand,28.8,86
2020-08-05,Jharkhand,27.1,89
2020-08-06,Jharkhand,27.0,90
2020-08-07,Jharkhand,27.9,87
2020-08-08,Jharkhand,28.8,86
2020-08-09,Jharkhand,28.2,89
2020-08-10,Jharkhand,28.2,88
2020-08-11,Jharkhand,28.7,87
2020-08-12,Jharkhand,28.0,89
2020-08-13,Jharkhand,27.9,88
2020-08-14,Jharkhand,28.0,87
2020-08-15,Jharkhand,27.9,85
2020-08-16,Jharkhand,27.3,90
2020-08-17,Jharkhand,27.1,91
2020-08-18,Jharkhand,27.5,89
2020-08-19,Jharkhand,27.2,87
2020-08-20,Jharkhand,25.4,93
2020-08-21,Jharkhand,25.4,96
2020-08-22,Jharkhand,26.6,90
2020-08-23,Jharkhand,26.9,89
2020-08-24,Jharkhand,27.6,87
2020-08-25,Jharkhand,28.1,85
2020-08-26,Jharkhand,26.9,86
2020-08-27,Jharkhand,26.1,92
2020-08-28,Jharkhand,27.4,85
2020-08-29,Jharkhand,28.2,82
2020-08-30,Jharkhand,28.9,78
2020-08-31,Jharkhand,29.5,76
2020-09-01,Jharkhand,27.8,87
2020-09-02,Jharkhand,26.8,88
2020-09-03,Jharkhand,27.5,84
2020-09-04,Jharkhand,28.5,83
2020-09-05,Jharkhand,28.7,84
2020-09-06,Jharkhand,28.3,86
2020-09-07,Jharkhand,27.8,89
2020-09-08,Jharkhand,27.9,89
2020-09-09,Jharkhand,28.1,89
2020-09-10,Jharkhand,27.9,89
2020-09-11,Jharkhand,27.5,90
2020-09-12,Jharkhand,27.7,88
2020-09-13,Jharkhand,28.5,84
2020-09-14,Jharkhand,28.4,83
2020-09-15,Jharkhand,28.2,85
2020-09-16,Jharkhand,28.5,85
2020-09-17,Jharkhand,28.9,84
2020-09-18,Jharkhand,27.2,91
2020-09-19,Jharkhand,28.3,86
2020-09-20,Jharkhand,28.9,82
2020-09-21,Jharkhand,26.7,91
2020-09-22,Jharkhand,26.5,91
2020-09-23,Jharkhand,27.1,90
2020-09-24,Jharkhand,27.5,88
2020-09-25,Jharkhand,27.8,85
2020-09-26,Jharkhand,27.0,86
2020-09-27,Jharkhand,27.0,82
2020-09-28,Jharkhand,27.0,85
2020-09-29,Jharkhand,27.5,85
2020-09-30,Jharkhand,27.4,87
2020-10-01,Jharkhand,26.9,90
2020-10-02,Jharkhand,26.5,90
2020-10-03,Jharkhand,26.2,91
2020-10-04,Jharkhand,26.9,88
2020-10-05,Jharkhand,26.8,89
2020-10-06,Jharkhand,26.8,89
2020-10-07,Jharkhand,26.3,92
2020-10-08,Jharkhand,26.9,89
2020-10-09,Jharkhand,27.3,88
2020-10-10,Jharkhand,27.3,87
2020-10-11,Jharkhand,27.5,86
2020-10-12,Jharkhand,27.3,88
2020-10-13,Jharkhand,27.9,86
2020-10-14,Jharkhand,28.0,81
2020-10-15,Jharkhand,27.6,86
2020-10-16,Jharkhand,27.5,85
2020-10-17,Jharkhand,27.6,83
2020-10-18,Jharkhand,27.8,76
2020-10-19,Jharkhand,27.2,69
2020-10-20,Jharkhand,26.9,68
2020-10-21,Jharkhand,27.3,71
2020-10-22,Jharkhand,26.7,81
2020-10-23,Jharkhand,25.7,77
2020-10-24,Jharkhand,26.0,80
2020-10-25,Jharkhand,25.0,61
2020-10-26,Jharkhand,23.8,56
2020-10-27,Jharkhand,23.4,58
2020-10-28,Jharkhand,23.4,62
2020-10-29,Jharkhand,25.0,50
2020-10-30,Jharkhand,25.8,49
2020-10-31,Jharkhand,26.5,54
2020-11-01,Jharkhand,26.6,62
2020-11-02,Jharkhand,26.2,55
2020-11-03,Jharkhand,25.2,46
2020-11-04,Jharkhand,24.1,40
2020-11-05,Jharkhand,22.6,45
2020-11-06,Jharkhand,22.7,50
2020-11-07,Jharkhand,22.1,50
2020-11-08,Jharkhand,22.6,55
2020-11-09,Jharkhand,23.4,57
2020-11-10,Jharkhand,23.7,59
2020-11-11,Jharkhand,24.9,58
2020-11-12,Jharkhand,25.6,50
2020-11-13,Jharkhand,25.6,51
2020-11-14,Jharkhand,25.1,60
2020-11-15,Jharkhand,24.7,59
2020-11-16,Jharkhand,24.0,60
2020-11-17,Jharkhand,23.8,60
2020-11-18,Jharkhand,23.4,67
2020-11-19,Jharkhand,23.6,75
2020-11-20,Jharkhand,24.2,73
2020-11-21,Jharkhand,22.6,66
2020-11-22,Jharkhand,19.5,45
2020-11-23,Jharkhand,18.6,54
2020-11-24,Jharkhand,19.1,57
2020-11-25,Jharkhand,19.9,60
2020-11-26,Jharkhand,20.4,63
2020-11-27,Jharkhand,20.5,65
2020-11-28,Jharkhand,21.1,55
2020-11-29,Jharkhand,20.2,60
2020-11-30,Jharkhand,20.0,57
2020-12-01,Jharkhand,19.6,61
2020-12-02,Jharkhand,19.7,60
2020-12-03,Jharkhand,19.8,63
2020-12-04,Jharkhand,19.5,67
2020-12-05,Jharkhand,20.0,65
2019-01-02,Karnataka,20.6,50
2019-01-03,Karnataka,21.4,49
2019-01-04,Karnataka,21.8,49
2019-01-05,Karnataka,21.7,50
2019-01-06,Karnataka,22.3,55
2019-01-07,Karnataka,21.9,56
2019-01-08,Karnataka,22.7,46
2019-01-09,Karnataka,22.3,40
2019-01-10,Karnataka,22.3,43
2019-01-11,Karnataka,22.7,50
2019-01-12,Karnataka,22.5,55
2019-01-13,Karnataka,22.5,53
2019-01-14,Karnataka,22.2,52
2019-01-15,Karnataka,22.3,38
2019-01-16,Karnataka,22.1,43
2019-01-17,Karnataka,22.4,48
2019-01-18,Karnataka,23.2,54
2019-01-19,Karnataka,22.6,46
2019-01-20,Karnataka,22.6,42
2019-01-21,Karnataka,22.3,46
2019-01-22,Karnataka,22.0,41
2019-01-23,Karnataka,22.5,47
2019-01-24,Karnataka,24.1,54
2019-01-25,Karnataka,24.3,55
2019-01-26,Karnataka,24.5,64
2019-01-27,Karnataka,24.0,63
2019-01-28,Karnataka,24.3,58
2019-01-29,Karnataka,23.0,63
2019-01-30,Karnataka,23.9,53
2019-01-31,Karnataka,23.2,54
2019-02-01,Karnataka,23.7,54
2019-02-02,Karnataka,23.9,51
2019-02-03,Karnataka,24.9,53
2019-02-04,Karnataka,25.3,50
2019-02-05,Karnataka,25.9,56
2019-02-06,Karnataka,26.2,49
2019-02-07,Karnataka,26.9,42
2019-02-08,Karnataka,26.8,55
2019-02-09,Karnataka,26.2,59
2019-02-10,Karnataka,25.5,66
2019-02-11,Karnataka,25.6,60
2019-02-12,Karnataka,25.5,53
2019-02-13,Karnataka,25.4,49
2019-02-14,Karnataka,26.0,45
2019-02-15,Karnataka,26.4,54
2019-02-16,Karnataka,27.2,52
2019-02-17,Karnataka,27.5,48
2019-02-18,Karnataka,26.5,39
2019-02-19,Karnataka,27.1,49
2019-02-20,Karnataka,27.8,50
2019-02-21,Karnataka,26.6,46
2019-02-22,Karnataka,26.3,35
2019-02-23,Karnataka,26.2,30
2019-02-24,Karnataka,27.1,27
2019-02-25,Karnataka,26.9,25
2019-02-26,Karnataka,27.5,45
2019-02-27,Karnataka,27.3,52
2019-02-28,Karnataka,26.9,45
2019-03-01,Karnataka,27.3,40
2019-03-02,Karnataka,27.4,60
2019-03-03,Karnataka,27.4,50
2019-03-04,Karnataka,28.4,47
2019-03-05,Karnataka,28.0,56
2019-03-06,Karnataka,28.9,45
2019-03-07,Karnataka,28.6,40
2019-03-08,Karnataka,27.9,31
2019-03-09,Karnataka,27.6,55
2019-03-10,Karnataka,28.9,50
2019-03-11,Karnataka,29.5,41
2019-03-12,Karnataka,28.5,39
2019-03-13,Karnataka,28.1,31
2019-03-14,Karnataka,28.2,31
2019-03-15,Karnataka,28.9,24
2019-03-16,Karnataka,27.7,29
2019-03-17,Karnataka,27.4,32
2019-03-18,Karnataka,27.4,38
2019-03-19,Karnataka,28.6,42
2019-03-20,Karnataka,28.9,47
2019-03-21,Karnataka,29.1,41
2019-03-22,Karnataka,29.3,44
2019-03-23,Karnataka,29.5,46
2019-03-24,Karnataka,30.0,47
2019-03-25,Karnataka,30.2,37
2019-03-26,Karnataka,29.8,34
2019-03-27,Karnataka,28.8,40
2019-03-28,Karnataka,29.1,44
2019-03-29,Karnataka,28.8,53
2019-03-30,Karnataka,29.2,54
2019-03-31,Karnataka,29.1,52
2019-04-01,Karnataka,29.3,52
2019-04-02,Karnataka,29.2,51
2019-04-03,Karnataka,29.3,46
2019-04-04,Karnataka,29.0,41
2019-04-05,Karnataka,28.9,50
2019-04-06,Karnataka,29.5,47
2019-04-07,Karnataka,29.5,51
2019-04-08,Karnataka,29.7,54
2019-04-09,Karnataka,29.2,54
2019-04-10,Karnataka,29.9,48
2019-04-11,Karnataka,29.6,51
2019-04-12,Karnataka,29.7,46
2019-04-13,Karnataka,29.9,47
2019-04-14,Karnataka,29.8,46
2019-04-15,Karnataka,29.0,53
2019-04-16,Karnataka,29.2,51
2019-04-17,Karnataka,28.9,58
2019-04-18,Karnataka,28.6,60
2019-04-19,Karnataka,28.0,61
2019-04-20,Karnataka,26.8,71
2019-04-21,Karnataka,28.3,59
2019-04-22,Karnataka,29.1,55
2019-04-23,Karnataka,28.2,58
2019-04-24,Karnataka,29.5,48
2019-04-25,Karnataka,29.9,45
2019-04-26,Karnataka,30.5,47
2019-04-27,Karnataka,31.0,48
2019-04-28,Karnataka,30.4,48
2019-04-29,Karnataka,29.1,59
2019-04-30,Karnataka,28.6,65
2019-05-01,Karnataka,27.8,68
2019-05-02,Karnataka,28.2,58
2019-05-03,Karnataka,27.5,61
2019-05-04,Karnataka,27.6,59
2019-05-05,Karnataka,28.4,54
2019-05-06,Karnataka,29.4,56
2019-05-07,Karnataka,26.9,71
2019-05-08,Karnataka,25.9,76
2019-05-09,Karnataka,27.9,63
2019-05-10,Karnataka,29.2,51
2019-05-11,Karnataka,29.0,62
2019-05-12,Karnataka,28.8,62
2019-05-13,Karnataka,27.8,69
2019-05-14,Karnataka,28.9,59
2019-05-15,Karnataka,28.2,65
2019-05-16,Karnataka,28.2,66
2019-05-17,Karnataka,28.6,65
2019-05-18,Karnataka,28.7,63
2019-05-19,Karnataka,29.5,58
2019-05-20,Karnataka,29.3,58
2019-05-21,Karnataka,29.6,55
2019-05-22,Karnataka,29.1,59
2019-05-23,Karnataka,28.5,62
2019-05-24,Karnataka,28.2,67
2019-05-25,Karnataka,28.0,68
2019-05-26,Karnataka,28.2,69
2019-05-27,Karnataka,28.5,67
2019-05-28,Karnataka,28.6,67
2019-05-29,Karnataka,28.4,70
2019-05-30,Karnataka,27.6,74
2019-05-31,Karnataka,26.6,78
2019-06-01,Karnataka,27.5,71
2019-06-02,Karnataka,27.2,76
2019-06-03,Karnataka,26.1,78
2019-06-04,Karnataka,27.5,67
2019-06-05,Karnataka,26.7,77
2019-06-06,Karnataka,27.1,74
2019-06-07,Karnataka,27.1,74
2019-06-08,Karnataka,26.7,75
2019-06-09,Karnataka,26.3,74
2019-06-10,Karnataka,25.5,75
2019-06-11,Karnataka,25.8,73
2019-06-12,Karnataka,25.7,75
2019-06-13,Karnataka,25.6,75
2019-06-14,Karnataka,25.9,73
2019-06-15,Karnataka,26.8,68
2019-06-16,Karnataka,27.1,66
2019-06-17,Karnataka,26.6,67
2019-06-18,Karnataka,26.3,68
2019-06-19,Karnataka,26.8,68
2019-06-20,Karnataka,25.4,73
2019-06-21,Karnataka,25.0,74
2019-06-22,Karnataka,24.2,82
2019-06-23,Karnataka,25.6,74
2019-06-24,Karnataka,26.0,71
2019-06-25,Karnataka,26.3,71
2019-06-26,Karnataka,25.9,69
2019-06-27,Karnataka,26.2,67
2019-06-28,Karnataka,26.3,65
2019-06-29,Karnataka,26.2,67
2019-06-30,Karnataka,26.4,65
2019-07-01,Karnataka,26.5,68
2019-07-02,Karnataka,26.5,67
2019-07-03,Karnataka,26.0,69
2019-07-04,Karnataka,26.1,70
2019-07-05,Karnataka,25.4,71
2019-07-06,Karnataka,25.6,69
2019-07-07,Karnataka,25.7,67
2019-07-08,Karnataka,26.1,64
2019-07-09,Karnataka,25.8,69
2019-07-10,Karnataka,22.5,89
2019-07-11,Karnataka,25.1,72
2019-07-12,Karnataka,25.4,71
2019-07-13,Karnataka,25.8,69
2019-07-14,Karnataka,25.3,72
2019-07-15,Karnataka,25.7,71
2019-07-16,Karnataka,25.4,71
2019-07-17,Karnataka,25.3,73
2019-07-18,Karnataka,25.1,76
2019-07-19,Karnataka,23.0,89
2019-07-20,Karnataka,23.3,83
2019-07-21,Karnataka,23.6,83
2019-07-22,Karnataka,22.9,84
2019-07-23,Karnataka,22.9,82
2019-07-24,Karnataka,24.2,78
2019-07-25,Karnataka,24.1,80
2019-07-26,Karnataka,23.5,81
2019-07-27,Karnataka,24.3,76
2019-07-28,Karnataka,24.4,72
2019-07-29,Karnataka,24.2,73
2019-07-30,Karnataka,24.6,70
2019-07-31,Karnataka,25.0,69
2019-08-01,Karnataka,24.9,69
2019-08-02,Karnataka,24.5,69
2019-08-03,Karnataka,24.8,72
2019-08-04,Karnataka,25.0,72
2019-08-05,Karnataka,24.0,78
2019-08-06,Karnataka,23.9,79
2019-08-07,Karnataka,24.8,74
2019-08-08,Karnataka,24.7,74
2019-08-09,Karnataka,24.0,79
2019-08-10,Karnataka,23.1,84
2019-08-11,Karnataka,24.8,70
2019-08-12,Karnataka,24.9,72
2019-08-13,Karnataka,24.4,80
2019-08-14,Karnataka,23.0,87
2019-08-15,Karnataka,24.3,79
2019-08-16,Karnataka,23.6,82
2019-08-17,Karnataka,22.7,90
2019-08-18,Karnataka,23.5,87
2019-08-19,Karnataka,24.1,84
2019-08-20,Karnataka,23.9,85
2019-08-21,Karnataka,24.1,80
2019-08-22,Karnataka,23.4,83
2019-08-23,Karnataka,24.2,76
2019-08-24,Karnataka,23.4,79
2019-08-25,Karnataka,23.5,80
2019-08-26,Karnataka,24.2,77
2019-08-27,Karnataka,23.8,78
2019-08-28,Karnataka,24.3,77
2019-08-29,Karnataka,24.8,76
2019-08-30,Karnataka,24.9,73
2019-08-31,Karnataka,24.6,74
2019-09-01,Karnataka,23.2,83
2019-09-02,Karnataka,23.2,85
2019-09-03,Karnataka,24.1,77
2019-09-04,Karnataka,24.1,77
2019-09-05,Karnataka,24.6,74
2019-09-06,Karnataka,24.9,72
2019-09-07,Karnataka,24.7,71
2019-09-08,Karnataka,25.0,71
2019-09-09,Karnataka,24.9,73
2019-09-10,Karnataka,25.1,74
2019-09-11,Karnataka,24.9,76
2019-09-12,Karnataka,25.1,75
2019-09-13,Karnataka,24.8,75
2019-09-14,Karnataka,25.0,76
2019-09-15,Karnataka,25.1,75
2019-09-16,Karnataka,24.1,80
2019-09-17,Karnataka,23.7,83
2019-09-18,Karnataka,24.7,80
2019-09-19,Karnataka,24.6,79
2019-09-20,Karnataka,25.2,73
2019-09-21,Karnataka,25.4,73
2019-09-22,Karnataka,24.4,83
2019-09-23,Karnataka,23.9,87
2019-09-24,Karnataka,23.9,84
2019-09-25,Karnataka,23.6,86
2019-09-26,Karnataka,23.0,86
2019-09-27,Karnataka,23.9,83
2019-09-28,Karnataka,24.6,79
2019-09-29,Karnataka,24.6,75
2019-09-30,Karnataka,24.7,78
2019-10-01,Karnataka,24.4,81
2019-10-02,Karnataka,24.5,79
2019-10-03,Karnataka,24.7,80
2019-10-04,Karnataka,24.2,84
2019-10-05,Karnataka,23.7,84
2019-10-06,Karnataka,23.6,84
2019-10-07,Karnataka,23.8,83
2019-10-08,Karnataka,23.9,81
2019-10-09,Karnataka,23.9,84
2019-10-10,Karnataka,24.2,84
2019-10-11,Karnataka,24.0,83
2019-10-12,Karnataka,24.3,83
2019-10-13,Karnataka,24.2,82
2019-10-14,Karnataka,24.6,78
2019-10-15,Karnataka,23.9,84
2019-10-16,Karnataka,23.7,85
2019-10-17,Karnataka,23.2,87
2019-10-18,Karnataka,23.7,85
2019-10-19,Karnataka,23.9,81
2019-10-20,Karnataka,23.5,87
2019-10-21,Karnataka,22.8,90
2019-10-22,Karnataka,22.5,90
2019-10-23,Karnataka,23.4,84
2019-10-24,Karnataka,23.4,78
2019-10-25,Karnataka,22.9,80
2019-10-26,Karnataka,22.3,82
2019-10-27,Karnataka,22.9,82
2019-10-28,Karnataka,23.4,84
2019-10-29,Karnataka,22.6,85
2019-10-30,Karnataka,21.8,90
2019-10-31,Karnataka,21.9,89
2019-11-01,Karnataka,23.1,77
2019-11-02,Karnataka,23.2,81
2019-11-03,Karnataka,23.9,76
2019-11-04,Karnataka,23.4,71
2019-11-05,Karnataka,23.4,71
2019-11-06,Karnataka,24.4,75
2019-11-07,Karnataka,24.0,81
2019-11-08,Karnataka,23.6,84
2019-11-09,Karnataka,23.9,80
2019-11-10,Karnataka,23.7,83
2019-11-11,Karnataka,23.0,86
2019-11-12,Karnataka,23.4,74
2019-11-13,Karnataka,23.3,70
2019-11-14,Karnataka,23.0,77
2019-11-15,Karnataka,23.4,82
2019-11-16,Karnataka,23.4,84
2019-11-17,Karnataka,23.9,72
2019-11-18,Karnataka,24.1,73
2019-11-19,Karnataka,24.4,74
2019-11-20,Karnataka,23.3,83
2019-11-21,Karnataka,23.5,81
2019-11-22,Karnataka,23.1,80
2019-11-23,Karnataka,23.3,73
2019-11-24,Karnataka,23.0,72
2019-11-25,Karnataka,23.6,72
2019-11-26,Karnataka,23.2,69
2019-11-27,Karnataka,23.9,75
2019-11-28,Karnataka,23.5,78
2019-11-29,Karnataka,23.8,77
2019-11-30,Karnataka,23.5,79
2019-12-01,Karnataka,21.8,94
2019-12-02,Karnataka,22.7,88
2019-12-03,Karnataka,22.2,83
2019-12-04,Karnataka,22.7,78
2019-12-05,Karnataka,21.9,74
2019-12-06,Karnataka,22.2,74
2019-12-07,Karnataka,21.5,79
2019-12-08,Karnataka,22.5,79
2019-12-09,Karnataka,22.2,71
2019-12-10,Karnataka,22.4,71
2019-12-11,Karnataka,22.9,69
2019-12-12,Karnataka,22.7,68
2019-12-13,Karnataka,23.1,70
2019-12-14,Karnataka,21.6,89
2019-12-15,Karnataka,23.2,69
2019-12-16,Karnataka,22.9,70
2019-12-17,Karnataka,23.2,71
2019-12-18,Karnataka,23.0,68
2019-12-19,Karnataka,22.4,73
2019-12-20,Karnataka,22.3,72
2019-12-21,Karnataka,22.8,71
2019-12-22,Karnataka,23.3,69
2019-12-23,Karnataka,23.0,69
2019-12-24,Karnataka,23.3,73
2019-12-25,Karnataka,23.8,75
2019-12-26,Karnataka,24.3,73
2019-12-27,Karnataka,24.6,69
2019-12-28,Karnataka,23.7,67
2019-12-29,Karnataka,23.6,66
2019-12-30,Karnataka,23.3,64
2019-12-31,Karnataka,23.5,68
2020-01-01,Karnataka,23.7,73
2020-01-02,Karnataka,24.0,71
2020-01-03,Karnataka,24.6,69
2020-01-04,Karnataka,24.9,64
2020-01-05,Karnataka,24.3,66
2020-01-06,Karnataka,24.7,69
2020-01-07,Karnataka,24.0,66
2020-01-08,Karnataka,24.1,63
2020-01-09,Karnataka,24.1,62
2020-01-10,Karnataka,24.2,59
2020-01-11,Karnataka,22.9,56
2020-01-12,Karnataka,22.5,60
2020-01-13,Karnataka,23.7,61
2020-01-14,Karnataka,24.0,58
2020-01-15,Karnataka,22.8,56
2020-01-16,Karnataka,22.4,61
2020-01-17,Karnataka,23.1,56
2020-01-18,Karnataka,24.2,67
2020-01-19,Karnataka,24.8,65
2020-01-20,Karnataka,25.1,59
2020-01-21,Karnataka,24.7,55
2020-01-22,Karnataka,24.3,60
2020-01-23,Karnataka,24.5,60
2020-01-24,Karnataka,24.1,54
2020-01-25,Karnataka,23.2,45
2020-01-26,Karnataka,23.8,44
2020-01-27,Karnataka,24.7,49
2020-01-28,Karnataka,25.2,62
2020-01-29,Karnataka,25.1,57
2020-01-30,Karnataka,25.8,46
2020-01-31,Karnataka,25.4,54
2020-02-01,Karnataka,25.3,52
2020-02-02,Karnataka,25.1,53
2020-02-03,Karnataka,24.7,48
2020-02-04,Karnataka,24.0,51
2020-02-05,Karnataka,24.9,58
2020-02-06,Karnataka,25.0,52
2020-02-07,Karnataka,25.4,54
2020-02-08,Karnataka,25.7,55
2020-02-09,Karnataka,25.4,54
2020-02-10,Karnataka,25.2,56
2020-02-11,Karnataka,24.6,55
2020-02-12,Karnataka,25.2,57
2020-02-13,Karnataka,25.7,52
2020-02-14,Karnataka,25.7,49
2020-02-15,Karnataka,26.4,45
2020-02-16,Karnataka,25.7,39
2020-02-17,Karnataka,24.9,40
2020-02-18,Karnataka,25.0,43
2020-02-19,Karnataka,25.3,47
2020-02-20,Karnataka,25.2,46
2020-02-21,Karnataka,25.4,48
2020-02-22,Karnataka,25.9,56
2020-02-23,Karnataka,26.0,54
2020-02-24,Karnataka,25.8,53
2020-02-25,Karnataka,26.3,48
2020-02-26,Karnataka,26.8,48
2020-02-27,Karnataka,27.8,46
2020-02-28,Karnataka,26.9,51
2020-02-29,Karnataka,27.2,49
2020-03-01,Karnataka,27.3,50
2020-03-02,Karnataka,26.2,60
2020-03-03,Karnataka,27.1,59
2020-03-04,Karnataka,27.1,60
2020-03-05,Karnataka,26.9,59
2020-03-06,Karnataka,26.7,57
2020-03-07,Karnataka,26.9,58
2020-03-08,Karnataka,27.6,54
2020-03-09,Karnataka,27.9,55
2020-03-10,Karnataka,28.4,55
2020-03-11,Karnataka,28.4,53
2020-03-12,Karnataka,28.3,50
2020-03-13,Karnataka,28.0,45
2020-03-14,Karnataka,28.4,41
2020-03-15,Karnataka,28.5,43
2020-03-16,Karnataka,28.4,47
2020-03-17,Karnataka,28.3,46
2020-03-18,Karnataka,28.7,39
2020-03-19,Karnataka,29.1,42
2020-03-20,Karnataka,27.8,60
2020-03-21,Karnataka,29.1,50
2020-03-22,Karnataka,28.1,52
2020-03-23,Karnataka,27.1,65
2020-03-24,Karnataka,28.5,54
2020-03-25,Karnataka,28.0,53
2020-03-26,Karnataka,28.5,50
2020-03-27,Karnataka,28.6,41
2020-03-28,Karnataka,28.6,34
2020-03-29,Karnataka,28.3,43
2020-03-30,Karnataka,29.0,49
2020-03-31,Karnataka,29.1,37
2020-04-01,Karnataka,29.4,32
2020-04-02,Karnataka,29.6,42
2020-04-03,Karnataka,29.6,45
2020-04-04,Karnataka,29.6,49
2020-04-05,Karnataka,29.4,57
2020-04-06,Karnataka,28.0,65
2020-04-07,Karnataka,26.1,72
2020-04-08,Karnataka,27.4,62
2020-04-09,Karnataka,27.4,62
2020-04-10,Karnataka,27.5,55
2020-04-11,Karnataka,28.1,49
2020-04-12,Karnataka,28.3,43
2020-04-13,Karnataka,29.0,34
2020-04-14,Karnataka,28.9,37
2020-04-15,Karnataka,28.8,50
2020-04-16,Karnataka,29.3,53
2020-04-17,Karnataka,29.7,53
2020-04-18,Karnataka,29.5,55
2020-04-19,Karnataka,30.0,50
2020-04-20,Karnataka,29.9,47
2020-04-21,Karnataka,29.7,49
2020-04-22,Karnataka,29.9,55
2020-04-23,Karnataka,30.4,54
2020-04-24,Karnataka,28.4,64
2020-04-25,Karnataka,27.6,68
2020-04-26,Karnataka,28.6,62
2020-04-27,Karnataka,27.7,67
2020-04-28,Karnataka,28.7,60
2020-04-29,Karnataka,26.0,74
2020-04-30,Karnataka,28.5,58
2020-05-01,Karnataka,28.9,57
2020-05-02,Karnataka,29.4,53
2020-05-03,Karnataka,29.5,55
2020-05-04,Karnataka,29.8,52
2020-05-05,Karnataka,29.5,53
2020-05-06,Karnataka,29.7,55
2020-05-07,Karnataka,29.1,60
2020-05-08,Karnataka,29.1,57
2020-05-09,Karnataka,29.9,53
2020-05-10,Karnataka,30.0,50
2020-05-11,Karnataka,29.5,50
2020-05-12,Karnataka,29.6,46
2020-05-13,Karnataka,29.6,54
2020-05-14,Karnataka,30.1,53
2020-05-15,Karnataka,29.9,56
2020-05-16,Karnataka,28.3,65
2020-05-17,Karnataka,28.0,69
2020-05-18,Karnataka,26.5,75
2020-05-19,Karnataka,26.6,72
2020-05-20,Karnataka,27.1,65
2020-05-21,Karnataka,27.6,66
2020-05-22,Karnataka,28.2,65
2020-05-23,Karnataka,29.0,61
2020-05-24,Karnataka,28.3,67
2020-05-25,Karnataka,29.2,61
2020-05-26,Karnataka,28.8,65
2020-05-27,Karnataka,28.0,72
2020-05-28,Karnataka,27.5,73
2020-05-29,Karnataka,27.1,76
2020-05-30,Karnataka,25.5,84
2020-05-31,Karnataka,25.3,82
2020-06-01,Karnataka,25.6,77
2020-06-02,Karnataka,24.2,80
2020-06-03,Karnataka,25.4,73
2020-06-04,Karnataka,25.6,74
2020-06-05,Karnataka,25.5,75
2020-06-06,Karnataka,25.1,77
2020-06-07,Karnataka,25.1,73
2020-06-08,Karnataka,26.4,66
2020-06-09,Karnataka,25.8,71
2020-06-10,Karnataka,25.6,75
2020-06-11,Karnataka,24.7,74
2020-06-12,Karnataka,24.5,75
2020-06-13,Karnataka,25.1,74
2020-06-14,Karnataka,25.5,74
2020-06-15,Karnataka,26.0,71
2020-06-16,Karnataka,25.5,74
2020-06-17,Karnataka,24.7,78
2020-06-18,Karnataka,25.3,72
2020-06-19,Karnataka,25.9,70
2020-06-20,Karnataka,26.4,68
2020-06-21,Karnataka,25.5,72
2020-06-22,Karnataka,24.8,76
2020-06-23,Karnataka,26.2,67
2020-06-24,Karnataka,25.0,76
2020-06-25,Karnataka,25.5,76
2020-06-26,Karnataka,25.1,79
2020-06-27,Karnataka,25.1,76
2020-06-28,Karnataka,24.9,80
2020-06-29,Karnataka,24.8,80
2020-06-30,Karnataka,24.9,78
2020-07-01,Karnataka,24.6,78
2020-07-02,Karnataka,24.0,81
2020-07-03,Karnataka,24.0,81
2020-07-04,Karnataka,24.0,81
2020-07-05,Karnataka,24.6,78
2020-07-06,Karnataka,24.4,78
2020-07-07,Karnataka,24.8,76
2020-07-08,Karnataka,24.4,77
2020-07-09,Karnataka,23.5,81
2020-07-10,Karnataka,23.0,85
2020-07-11,Karnataka,24.2,79
2020-07-12,Karnataka,24.9,76
2020-07-13,Karnataka,24.4,77
2020-07-14,Karnataka,24.5,78
2020-07-15,Karnataka,23.4,86
2020-07-16,Karnataka,23.2,84
2020-07-17,Karnataka,22.6,88
2020-07-18,Karnataka,23.9,82
2020-07-19,Karnataka,23.8,87
2020-07-20,Karnataka,23.9,86
2020-07-21,Karnataka,25.3,75
2020-07-22,Karnataka,25.4,78
2020-07-23,Karnataka,24.5,83
2020-07-24,Karnataka,24.5,79
2020-07-25,Karnataka,24.1,78
2020-07-26,Karnataka,24.5,75
2020-07-27,Karnataka,24.2,78
2020-07-28,Karnataka,24.3,80
2020-07-29,Karnataka,23.5,86
2020-07-30,Karnataka,24.2,81
2020-07-31,Karnataka,24.2,81
2020-08-01,Karnataka,23.3,83
2020-08-02,Karnataka,22.5,89
2020-08-03,Karnataka,23.8,80
2020-08-04,Karnataka,23.9,76
2020-08-05,Karnataka,23.7,79
2020-08-06,Karnataka,24.7,75
2020-08-07,Karnataka,24.3,78
2020-08-08,Karnataka,24.1,78
2020-08-09,Karnataka,22.9,84
2020-08-10,Karnataka,22.4,89
2020-08-11,Karnataka,23.8,80
2020-08-12,Karnataka,24.3,75
2020-08-13,Karnataka,24.5,74
2020-08-14,Karnataka,23.8,76
2020-08-15,Karnataka,23.6,77
2020-08-16,Karnataka,23.7,77
2020-08-17,Karnataka,24.1,76
2020-08-18,Karnataka,24.0,76
2020-08-19,Karnataka,24.6,75
2020-08-20,Karnataka,23.9,76
2020-08-21,Karnataka,24.4,76
2020-08-22,Karnataka,24.8,75
2020-08-23,Karnataka,25.1,74
2020-08-24,Karnataka,25.2,73
2020-08-25,Karnataka,25.9,68
2020-08-26,Karnataka,25.8,70
2020-08-27,Karnataka,25.7,67
2020-08-28,Karnataka,25.9,64
2020-08-29,Karnataka,25.4,69
2020-08-30,Karnataka,25.6,71
2020-08-31,Karnataka,25.2,75
2020-09-01,Karnataka,24.6,81
2020-09-02,Karnataka,23.3,89
2020-09-03,Karnataka,23.6,84
2020-09-04,Karnataka,24.6,83
2020-09-05,Karnataka,24.9,84
2020-09-06,Karnataka,24.4,85
2020-09-07,Karnataka,24.1,80
2020-09-08,Karnataka,24.6,81
2020-09-09,Karnataka,23.8,86
2020-09-10,Karnataka,23.6,83
2020-09-11,Karnataka,23.1,85
2020-09-12,Karnataka,22.5,88
2020-09-13,Karnataka,22.7,88
2020-09-14,Karnataka,22.5,87
2020-09-15,Karnataka,23.7,81
2020-09-16,Karnataka,23.9,80
2020-09-17,Karnataka,24.1,79
2020-09-18,Karnataka,24.0,77
2020-09-19,Karnataka,22.5,87
2020-09-20,Karnataka,22.0,89
2020-09-21,Karnataka,22.3,88
2020-09-22,Karnataka,23.7,77
2020-09-23,Karnataka,23.9,76
2020-09-24,Karnataka,24.0,80
2020-09-25,Karnataka,24.2,80
2020-09-26,Karnataka,23.2,84
2020-09-27,Karnataka,23.6,82
2020-09-28,Karnataka,24.4,76
2020-09-29,Karnataka,23.5,84
2020-09-30,Karnataka,23.0,84
2020-10-01,Karnataka,23.8,74
2020-10-02,Karnataka,24.2,76
2020-10-03,Karnataka,24.5,76
2020-10-04,Karnataka,23.6,76
2020-10-05,Karnataka,24.0,76
2020-10-06,Karnataka,24.7,77
2020-10-07,Karnataka,24.6,80
2020-10-08,Karnataka,25.0,79
2020-10-09,Karnataka,24.4,84
2020-10-10,Karnataka,23.7,87
2020-10-11,Karnataka,23.5,82
2020-10-12,Karnataka,22.7,87
2020-10-13,Karnataka,23.3,80
2020-10-14,Karnataka,22.9,75
2020-10-15,Karnataka,23.6,76
2020-10-16,Karnataka,23.8,77
2020-10-17,Karnataka,23.8,76
2020-10-18,Karnataka,24.3,79
2020-10-19,Karnataka,23.5,85
2020-10-20,Karnataka,23.1,89
2020-10-21,Karnataka,23.2,88
2020-10-22,Karnataka,22.8,87
2020-10-23,Karnataka,23.2,80
2020-10-24,Karnataka,22.6,77
2020-10-25,Karnataka,23.1,85
2020-10-26,Karnataka,24.0,81
2020-10-27,Karnataka,23.5,74
2020-10-28,Karnataka,23.2,71
2020-10-29,Karnataka,22.9,70
2020-10-30,Karnataka,23.4,64
2020-10-31,Karnataka,23.5,70
2020-11-01,Karnataka,24.3,73
2020-11-02,Karnataka,24.6,78
2020-11-03,Karnataka,24.7,75
2020-11-04,Karnataka,24.3,78
2020-11-05,Karnataka,24.0,80
2020-11-06,Karnataka,24.0,80
2020-11-07,Karnataka,24.1,78
2020-11-08,Karnataka,23.8,78
2020-11-09,Karnataka,23.5,72
2020-11-10,Karnataka,20.8,66
2020-11-11,Karnataka,21.7,66
2020-11-12,Karnataka,23.6,75
2020-11-13,Karnataka,23.4,86
2020-11-14,Karnataka,23.8,77
2020-11-15,Karnataka,22.4,86
2020-11-16,Karnataka,22.8,89
2020-11-17,Karnataka,22.9,86
2020-11-18,Karnataka,23.3,83
2020-11-19,Karnataka,23.3,77
2020-11-20,Karnataka,23.0,75
2020-11-21,Karnataka,21.3,67
2020-11-22,Karnataka,20.5,62
2020-11-23,Karnataka,21.7,70
2020-11-24,Karnataka,22.7,73
2020-11-25,Karnataka,22.4,75
2020-11-26,Karnataka,21.8,82
2020-11-27,Karnataka,21.8,76
2020-11-28,Karnataka,21.9,79
2020-11-29,Karnataka,23.0,78
2020-11-30,Karnataka,23.2,74
2020-12-01,Karnataka,21.9,69
2020-12-02,Karnataka,22.2,72
2020-12-03,Karnataka,21.4,84
2020-12-04,Karnataka,21.7,89
2020-12-05,Karnataka,22.4,84
2019-01-02,Kerala,26.5,49
2019-01-03,Kerala,27.5,48
2019-01-04,Kerala,27.3,47
2019-01-05,Kerala,26.3,57
2019-01-06,Kerala,26.1,59
2019-01-07,Kerala,26.0,60
2019-01-08,Kerala,26.5,62
2019-01-09,Kerala,27.1,58
2019-01-10,Kerala,26.7,58
2019-01-11,Kerala,26.7,67
2019-01-12,Kerala,27.1,66
2019-01-13,Kerala,27.2,61
2019-01-14,Kerala,27.4,68
2019-01-15,Kerala,27.3,64
2019-01-16,Kerala,27.3,62
2019-01-17,Kerala,27.3,58
2019-01-18,Kerala,26.8,59
2019-01-19,Kerala,26.3,64
2019-01-20,Kerala,26.8,55
2019-01-21,Kerala,26.3,54
2019-01-22,Kerala,25.8,60
2019-01-23,Kerala,25.9,68
2019-01-24,Kerala,26.3,73
2019-01-25,Kerala,26.6,75
2019-01-26,Kerala,27.0,74
2019-01-27,Kerala,26.9,75
2019-01-28,Kerala,26.9,75
2019-01-29,Kerala,27.3,69
2019-01-30,Kerala,27.7,63
2019-01-31,Kerala,27.9,59
2019-02-01,Kerala,27.8,60
2019-02-02,Kerala,27.2,66
2019-02-03,Kerala,27.6,64
2019-02-04,Kerala,28.4,60
2019-02-05,Kerala,28.4,69
2019-02-06,Kerala,27.5,76
2019-02-07,Kerala,27.6,75
2019-02-08,Kerala,27.9,74
2019-02-09,Kerala,26.8,85
2019-02-10,Kerala,26.5,85
2019-02-11,Kerala,27.9,71
2019-02-12,Kerala,28.6,60
2019-02-13,Kerala,28.1,60
2019-02-14,Kerala,27.7,64
2019-02-15,Kerala,28.0,72
2019-02-16,Kerala,27.9,77
2019-02-17,Kerala,27.7,80
2019-02-18,Kerala,28.0,77
2019-02-19,Kerala,28.1,76
2019-02-20,Kerala,28.6,70
2019-02-21,Kerala,28.6,65
2019-02-22,Kerala,28.4,60
2019-02-23,Kerala,28.1,59
2019-02-24,Kerala,27.5,60
2019-02-25,Kerala,27.6,72
2019-02-26,Kerala,28.1,73
2019-02-27,Kerala,28.1,70
2019-02-28,Kerala,28.7,70
2019-03-01,Kerala,28.7,70
2019-03-02,Kerala,28.8,73
2019-03-03,Kerala,27.8,76
2019-03-04,Kerala,27.9,75
2019-03-05,Kerala,28.3,75
2019-03-06,Kerala,28.4,76
2019-03-07,Kerala,28.6,75
2019-03-08,Kerala,28.8,74
2019-03-09,Kerala,28.3,76
2019-03-10,Kerala,28.2,77
2019-03-11,Kerala,28.1,77
2019-03-12,Kerala,27.7,78
2019-03-13,Kerala,28.7,66
2019-03-14,Kerala,29.0,67
2019-03-15,Kerala,29.1,62
2019-03-16,Kerala,28.8,64
2019-03-17,Kerala,28.6,69
2019-03-18,Kerala,29.0,71
2019-03-19,Kerala,29.0,71
2019-03-20,Kerala,28.2,77
2019-03-21,Kerala,28.2,76
2019-03-22,Kerala,28.9,71
2019-03-23,Kerala,28.9,75
2019-03-24,Kerala,29.0,77
2019-03-25,Kerala,28.8,74
2019-03-26,Kerala,29.2,65
2019-03-27,Kerala,28.6,71
2019-03-28,Kerala,28.8,79
2019-03-29,Kerala,28.7,78
2019-03-30,Kerala,28.6,77
2019-03-31,Kerala,28.6,77
2019-04-01,Kerala,28.7,78
2019-04-02,Kerala,29.0,75
2019-04-03,Kerala,29.1,76
2019-04-04,Kerala,28.7,74
2019-04-05,Kerala,28.9,72
2019-04-06,Kerala,28.9,76
2019-04-07,Kerala,29.3,78
2019-04-08,Kerala,29.3,76
2019-04-09,Kerala,28.9,78
2019-04-10,Kerala,29.0,78
2019-04-11,Kerala,28.9,78
2019-04-12,Kerala,29.4,76
2019-04-13,Kerala,29.6,76
2019-04-14,Kerala,29.3,78
2019-04-15,Kerala,29.2,80
2019-04-16,Kerala,28.7,81
2019-04-17,Kerala,27.7,85
2019-04-18,Kerala,27.9,84
2019-04-19,Kerala,27.5,85
2019-04-20,Kerala,26.9,89
2019-04-21,Kerala,27.4,83
2019-04-22,Kerala,28.8,80
2019-04-23,Kerala,27.8,83
2019-04-24,Kerala,29.2,80
2019-04-25,Kerala,28.6,81
2019-04-26,Kerala,28.8,84
2019-04-27,Kerala,29.0,84
2019-04-28,Kerala,28.6,86
2019-04-29,Kerala,27.2,89
2019-04-30,Kerala,26.9,87
2019-05-01,Kerala,27.2,86
2019-05-02,Kerala,29.1,79
2019-05-03,Kerala,29.3,73
2019-05-04,Kerala,28.6,75
2019-05-05,Kerala,28.9,73
2019-05-06,Kerala,29.2,77
2019-05-07,Kerala,29.2,72
2019-05-08,Kerala,29.2,69
2019-05-09,Kerala,28.9,73
2019-05-10,Kerala,29.2,75
2019-05-11,Kerala,29.3,79
2019-05-12,Kerala,28.7,82
2019-05-13,Kerala,28.7,77
2019-05-14,Kerala,29.0,76
2019-05-15,Kerala,28.6,79
2019-05-16,Kerala,28.8,81
2019-05-17,Kerala,28.3,82
2019-05-18,Kerala,28.7,82
2019-05-19,Kerala,28.7,83
2019-05-20,Kerala,28.4,85
2019-05-21,Kerala,28.2,84
2019-05-22,Kerala,28.4,85
2019-05-23,Kerala,27.9,86
2019-05-24,Kerala,27.1,88
2019-05-25,Kerala,26.8,88
2019-05-26,Kerala,27.8,86
2019-05-27,Kerala,28.2,85
2019-05-28,Kerala,28.8,83
2019-05-29,Kerala,28.0,87
2019-05-30,Kerala,28.3,85
2019-05-31,Kerala,27.7,87
2019-06-01,Kerala,28.0,84
2019-06-02,Kerala,28.0,84
2019-06-03,Kerala,27.3,86
2019-06-04,Kerala,27.0,88
2019-06-05,Kerala,26.8,89
2019-06-06,Kerala,27.3,87
2019-06-07,Kerala,27.4,87
2019-06-08,Kerala,27.3,87
2019-06-09,Kerala,26.7,89
2019-06-10,Kerala,27.1,88
2019-06-11,Kerala,27.3,88
2019-06-12,Kerala,27.1,89
2019-06-13,Kerala,27.4,87
2019-06-14,Kerala,26.9,91
2019-06-15,Kerala,27.0,90
2019-06-16,Kerala,27.7,85
2019-06-17,Kerala,27.5,87
2019-06-18,Kerala,27.1,88
2019-06-19,Kerala,26.5,90
2019-06-20,Kerala,26.2,91
2019-06-21,Kerala,26.3,90
2019-06-22,Kerala,26.0,91
2019-06-23,Kerala,26.4,90
2019-06-24,Kerala,26.5,90
2019-06-25,Kerala,26.4,91
2019-06-26,Kerala,27.6,84
2019-06-27,Kerala,27.6,84
2019-06-28,Kerala,28.1,78
2019-06-29,Kerala,28.0,78
2019-06-30,Kerala,27.9,81
2019-07-01,Kerala,27.5,85
2019-07-02,Kerala,26.3,89
2019-07-03,Kerala,27.1,87
2019-07-04,Kerala,26.6,89
2019-07-05,Kerala,26.9,88
2019-07-06,Kerala,27.9,83
2019-07-07,Kerala,27.9,85
2019-07-08,Kerala,26.9,90
2019-07-09,Kerala,26.0,91
2019-07-10,Kerala,25.7,90
2019-07-11,Kerala,27.1,84
2019-07-12,Kerala,27.1,87
2019-07-13,Kerala,26.7,88
2019-07-14,Kerala,25.6,90
2019-07-15,Kerala,25.9,88
2019-07-16,Kerala,26.1,88
2019-07-17,Kerala,25.8,89
2019-07-18,Kerala,25.3,91
2019-07-19,Kerala,25.0,92
2019-07-20,Kerala,25.5,91
2019-07-21,Kerala,25.2,93
2019-07-22,Kerala,25.3,91
2019-07-23,Kerala,25.4,87
2019-07-24,Kerala,25.7,88
2019-07-25,Kerala,25.9,89
2019-07-26,Kerala,25.8,88
2019-07-27,Kerala,26.2,90
2019-07-28,Kerala,26.6,86
2019-07-29,Kerala,26.1,88
2019-07-30,Kerala,26.2,88
2019-07-31,Kerala,26.3,88
2019-08-01,Kerala,26.4,89
2019-08-02,Kerala,26.8,88
2019-08-03,Kerala,26.4,90
2019-08-04,Kerala,26.4,90
2019-08-05,Kerala,26.1,91
2019-08-06,Kerala,26.9,88
2019-08-07,Kerala,25.8,91
2019-08-08,Kerala,25.3,92
2019-08-09,Kerala,25.3,92
2019-08-10,Kerala,24.9,94
2019-08-11,Kerala,25.2,91
2019-08-12,Kerala,24.9,93
2019-08-13,Kerala,24.8,94
2019-08-14,Kerala,25.6,90
2019-08-15,Kerala,25.9,89
2019-08-16,Kerala,25.5,90
2019-08-17,Kerala,26.0,90
2019-08-18,Kerala,26.2,88
2019-08-19,Kerala,26.1,89
2019-08-20,Kerala,26.1,89
2019-08-21,Kerala,25.6,90
2019-08-22,Kerala,24.9,92
2019-08-23,Kerala,24.6,93
2019-08-24,Kerala,24.7,93
2019-08-25,Kerala,24.8,92
2019-08-26,Kerala,24.9,92
2019-08-27,Kerala,25.6,90
2019-08-28,Kerala,25.5,90
2019-08-29,Kerala,25.5,91
2019-08-30,Kerala,25.9,88
2019-08-31,Kerala,25.7,91
2019-09-01,Kerala,25.5,90
2019-09-02,Kerala,25.5,90
2019-09-03,Kerala,25.6,91
2019-09-04,Kerala,25.8,90
2019-09-05,Kerala,25.9,90
2019-09-06,Kerala,26.3,90
2019-09-07,Kerala,26.4,89
2019-09-08,Kerala,26.7,87
2019-09-09,Kerala,26.7,86
2019-09-10,Kerala,26.5,87
2019-09-11,Kerala,26.0,90
2019-09-12,Kerala,25.9,89
2019-09-13,Kerala,25.8,90
2019-09-14,Kerala,26.2,90
2019-09-15,Kerala,26.1,90
2019-09-16,Kerala,25.6,91
2019-09-17,Kerala,25.8,91
2019-09-18,Kerala,25.8,91
2019-09-19,Kerala,25.8,90
2019-09-20,Kerala,26.6,89
2019-09-21,Kerala,26.9,87
2019-09-22,Kerala,26.7,87
2019-09-23,Kerala,26.2,90
2019-09-24,Kerala,25.7,91
2019-09-25,Kerala,25.7,91
2019-09-26,Kerala,25.3,93
2019-09-27,Kerala,26.7,85
2019-09-28,Kerala,26.5,86
2019-09-29,Kerala,25.7,89
2019-09-30,Kerala,25.3,90
2019-10-01,Kerala,26.0,88
2019-10-02,Kerala,26.7,86
2019-10-03,Kerala,26.0,87
2019-10-04,Kerala,26.4,87
2019-10-05,Kerala,26.2,89
2019-10-06,Kerala,26.0,88
2019-10-07,Kerala,25.6,90
2019-10-08,Kerala,26.2,89
2019-10-09,Kerala,26.3,89
2019-10-10,Kerala,26.1,90
2019-10-11,Kerala,25.9,90
2019-10-12,Kerala,25.8,89
2019-10-13,Kerala,26.0,89
2019-10-14,Kerala,26.2,87
2019-10-15,Kerala,25.7,90
2019-10-16,Kerala,25.5,91
2019-10-17,Kerala,25.6,90
2019-10-18,Kerala,26.0,89
2019-10-19,Kerala,26.0,89
2019-10-20,Kerala,25.5,92
2019-10-21,Kerala,25.1,92
2019-10-22,Kerala,25.5,88
2019-10-23,Kerala,25.4,91
2019-10-24,Kerala,26.1,88
2019-10-25,Kerala,25.6,87
2019-10-26,Kerala,25.6,91
2019-10-27,Kerala,26.4,84
2019-10-28,Kerala,26.3,86
2019-10-29,Kerala,26.0,89
2019-10-30,Kerala,24.9,91
2019-10-31,Kerala,25.1,91
2019-11-01,Kerala,26.6,81
2019-11-02,Kerala,26.3,85
2019-11-03,Kerala,25.8,89
2019-11-04,Kerala,26.1,87
2019-11-05,Kerala,26.5,88
2019-11-06,Kerala,26.4,88
2019-11-07,Kerala,26.7,86
2019-11-08,Kerala,26.6,89
2019-11-09,Kerala,26.2,89
2019-11-10,Kerala,25.9,90
2019-11-11,Kerala,25.9,90
2019-11-12,Kerala,26.3,88
2019-11-13,Kerala,27.2,79
2019-11-14,Kerala,27.2,77
2019-11-15,Kerala,26.9,83
2019-11-16,Kerala,26.4,86
2019-11-17,Kerala,26.6,87
2019-11-18,Kerala,26.7,86
2019-11-19,Kerala,26.5,88
2019-11-20,Kerala,26.5,86
2019-11-21,Kerala,26.7,82
2019-11-22,Kerala,26.9,79
2019-11-23,Kerala,27.7,74
2019-11-24,Kerala,27.6,77
2019-11-25,Kerala,27.5,75
2019-11-26,Kerala,27.9,70
2019-11-27,Kerala,28.2,71
2019-11-28,Kerala,28.0,73
2019-11-29,Kerala,27.3,81
2019-11-30,Kerala,26.2,87
2019-12-01,Kerala,25.4,88
2019-12-02,Kerala,27.0,75
2019-12-03,Kerala,26.2,81
2019-12-04,Kerala,27.8,67
2019-12-05,Kerala,27.3,70
2019-12-06,Kerala,27.1,65
2019-12-07,Kerala,26.1,76
2019-12-08,Kerala,27.4,69
2019-12-09,Kerala,27.5,65
2019-12-10,Kerala,27.4,69
2019-12-11,Kerala,27.3,73
2019-12-12,Kerala,26.6,81
2019-12-13,Kerala,27.1,75
2019-12-14,Kerala,26.1,83
2019-12-15,Kerala,27.2,70
2019-12-16,Kerala,27.0,71
2019-12-17,Kerala,27.4,69
2019-12-18,Kerala,27.8,64
2019-12-19,Kerala,28.2,68
2019-12-20,Kerala,25.3,81
2019-12-21,Kerala,26.2,76
2019-12-22,Kerala,27.2,72
2019-12-23,Kerala,27.1,75
2019-12-24,Kerala,27.4,74
2019-12-25,Kerala,27.7,72
2019-12-26,Kerala,27.2,79
2019-12-27,Kerala,27.0,78
2019-12-28,Kerala,27.0,71
2019-12-29,Kerala,27.3,69
2019-12-30,Kerala,27.4,69
2019-12-31,Kerala,27.3,74
2020-01-01,Kerala,27.3,75
2020-01-02,Kerala,27.5,75
2020-01-03,Kerala,28.1,74
2020-01-04,Kerala,27.3,80
2020-01-05,Kerala,27.0,82
2020-01-06,Kerala,28.3,70
2020-01-07,Kerala,28.1,67
2020-01-08,Kerala,27.6,69
2020-01-09,Kerala,27.2,71
2020-01-10,Kerala,27.2,64
2020-01-11,Kerala,27.7,53
2020-01-12,Kerala,27.3,58
2020-01-13,Kerala,27.0,66
2020-01-14,Kerala,26.5,73
2020-01-15,Kerala,26.8,63
2020-01-16,Kerala,26.6,69
2020-01-17,Kerala,27.4,69
2020-01-18,Kerala,27.9,70
2020-01-19,Kerala,28.4,67
2020-01-20,Kerala,28.1,65
2020-01-21,Kerala,28.4,63
2020-01-22,Kerala,28.9,62
2020-01-23,Kerala,29.5,57
2020-01-24,Kerala,28.8,63
2020-01-25,Kerala,28.0,63
2020-01-26,Kerala,27.5,63
2020-01-27,Kerala,27.1,67
2020-01-28,Kerala,26.9,77
2020-01-29,Kerala,27.1,69
2020-01-30,Kerala,27.2,74
2020-01-31,Kerala,27.6,78
2020-02-01,Kerala,27.5,72
2020-02-02,Kerala,27.4,69
2020-02-03,Kerala,27.5,62
2020-02-04,Kerala,27.3,67
2020-02-05,Kerala,27.8,67
2020-02-06,Kerala,27.6,73
2020-02-07,Kerala,27.6,73
2020-02-08,Kerala,27.1,77
2020-02-09,Kerala,27.8,69
2020-02-10,Kerala,28.4,62
2020-02-11,Kerala,28.8,57
2020-02-12,Kerala,29.1,59
2020-02-13,Kerala,28.7,63
2020-02-14,Kerala,28.2,68
2020-02-15,Kerala,27.3,81
2020-02-16,Kerala,28.5,69
2020-02-17,Kerala,28.6,61
2020-02-18,Kerala,28.4,59
2020-02-19,Kerala,27.9,58
2020-02-20,Kerala,27.7,60
2020-02-21,Kerala,28.8,59
2020-02-22,Kerala,29.9,59
2020-02-23,Kerala,29.1,59
2020-02-24,Kerala,28.5,66
2020-02-25,Kerala,28.0,69
2020-02-26,Kerala,28.5,67
2020-02-27,Kerala,28.3,73
2020-02-28,Kerala,28.7,64
2020-02-29,Kerala,27.7,71
2020-03-01,Kerala,28.4,67
2020-03-02,Kerala,28.6,68
2020-03-03,Kerala,27.9,77
2020-03-04,Kerala,27.9,80
2020-03-05,Kerala,27.6,82
2020-03-06,Kerala,27.9,78
2020-03-07,Kerala,27.6,80
2020-03-08,Kerala,27.9,78
2020-03-09,Kerala,28.2,78
2020-03-10,Kerala,28.4,76
2020-03-11,Kerala,28.3,79
2020-03-12,Kerala,28.2,79
2020-03-13,Kerala,29.0,70
2020-03-14,Kerala,28.7,73
2020-03-15,Kerala,28.8,75
2020-03-16,Kerala,29.2,70
2020-03-17,Kerala,29.5,67
2020-03-18,Kerala,30.0,62
2020-03-19,Kerala,29.1,73
2020-03-20,Kerala,28.7,79
2020-03-21,Kerala,28.8,77
2020-03-22,Kerala,28.0,81
2020-03-23,Kerala,28.3,81
2020-03-24,Kerala,28.0,83
2020-03-25,Kerala,27.2,85
2020-03-26,Kerala,27.7,78
2020-03-27,Kerala,28.2,73
2020-03-28,Kerala,28.4,77
2020-03-29,Kerala,28.2,79
2020-03-30,Kerala,28.7,77
2020-03-31,Kerala,28.8,78
2020-04-01,Kerala,28.9,76
2020-04-02,Kerala,29.1,71
2020-04-03,Kerala,28.8,73
2020-04-04,Kerala,28.9,76
2020-04-05,Kerala,28.9,75
2020-04-06,Kerala,28.9,77
2020-04-07,Kerala,28.2,77
2020-04-08,Kerala,28.8,77
2020-04-09,Kerala,29.1,76
2020-04-10,Kerala,29.0,78
2020-04-11,Kerala,28.7,77
2020-04-12,Kerala,28.9,75
2020-04-13,Kerala,29.0,79
2020-04-14,Kerala,29.3,76
2020-04-15,Kerala,28.5,79
2020-04-16,Kerala,28.6,79
2020-04-17,Kerala,29.0,78
2020-04-18,Kerala,29.2,77
2020-04-19,Kerala,29.0,79
2020-04-20,Kerala,28.8,80
2020-04-21,Kerala,28.4,83
2020-04-22,Kerala,27.8,84
2020-04-23,Kerala,27.9,85
2020-04-24,Kerala,27.7,85
2020-04-25,Kerala,28.6,81
2020-04-26,Kerala,28.3,83
2020-04-27,Kerala,28.9,80
2020-04-28,Kerala,28.7,84
2020-04-29,Kerala,28.1,82
2020-04-30,Kerala,28.8,84
2020-05-01,Kerala,28.9,81
2020-05-02,Kerala,29.2,81
2020-05-03,Kerala,28.6,84
2020-05-04,Kerala,28.9,83
2020-05-05,Kerala,28.9,85
2020-05-06,Kerala,27.9,87
2020-05-07,Kerala,27.7,89
2020-05-08,Kerala,27.3,88
2020-05-09,Kerala,27.5,88
2020-05-10,Kerala,27.8,87
2020-05-11,Kerala,27.7,87
2020-05-12,Kerala,27.7,89
2020-05-13,Kerala,27.4,88
2020-05-14,Kerala,27.8,87
2020-05-15,Kerala,27.4,87
2020-05-16,Kerala,27.0,89
2020-05-17,Kerala,27.0,90
2020-05-18,Kerala,25.8,94
2020-05-19,Kerala,26.8,89
2020-05-20,Kerala,27.1,89
2020-05-21,Kerala,26.2,92
2020-05-22,Kerala,27.2,89
2020-05-23,Kerala,28.0,87
2020-05-24,Kerala,27.9,86
2020-05-25,Kerala,27.9,88
2020-05-26,Kerala,28.0,85
2020-05-27,Kerala,27.5,88
2020-05-28,Kerala,26.7,91
2020-05-29,Kerala,26.5,91
2020-05-30,Kerala,26.8,89
2020-05-31,Kerala,27.3,88
2020-06-01,Kerala,26.7,90
2020-06-02,Kerala,26.6,88
2020-06-03,Kerala,27.1,88
2020-06-04,Kerala,27.0,88
2020-06-05,Kerala,26.3,91
2020-06-06,Kerala,25.8,91
2020-06-07,Kerala,25.8,91
2020-06-08,Kerala,26.8,85
2020-06-09,Kerala,26.9,88
2020-06-10,Kerala,26.5,89
2020-06-11,Kerala,25.9,91
2020-06-12,Kerala,26.6,88
2020-06-13,Kerala,26.7,88
2020-06-14,Kerala,26.8,88
2020-06-15,Kerala,27.2,87
2020-06-16,Kerala,27.0,89
2020-06-17,Kerala,26.7,90
2020-06-18,Kerala,26.9,89
2020-06-19,Kerala,26.3,90
2020-06-20,Kerala,26.6,89
2020-06-21,Kerala,25.9,91
2020-06-22,Kerala,25.7,90
2020-06-23,Kerala,26.8,85
2020-06-24,Kerala,26.6,88
2020-06-25,Kerala,25.9,89
2020-06-26,Kerala,25.6,91
2020-06-27,Kerala,25.8,88
2020-06-28,Kerala,26.3,90
2020-06-29,Kerala,25.7,91
2020-06-30,Kerala,26.3,89
2020-07-01,Kerala,26.4,89
2020-07-02,Kerala,26.2,89
2020-07-03,Kerala,25.4,91
2020-07-04,Kerala,26.0,91
2020-07-05,Kerala,27.0,85
2020-07-06,Kerala,26.0,91
2020-07-07,Kerala,26.5,87
2020-07-08,Kerala,26.7,85
2020-07-09,Kerala,26.2,89
2020-07-10,Kerala,26.6,85
2020-07-11,Kerala,26.1,88
2020-07-12,Kerala,26.1,88
2020-07-13,Kerala,26.3,87
2020-07-14,Kerala,26.8,85
2020-07-15,Kerala,26.2,89
2020-07-16,Kerala,25.3,92
2020-07-17,Kerala,25.2,92
2020-07-18,Kerala,26.5,88
2020-07-19,Kerala,26.4,86
2020-07-20,Kerala,25.9,88
2020-07-21,Kerala,26.4,82
2020-07-22,Kerala,26.0,91
2020-07-23,Kerala,25.9,90
2020-07-24,Kerala,25.6,91
2020-07-25,Kerala,26.1,90
2020-07-26,Kerala,26.0,89
2020-07-27,Kerala,26.8,86
2020-07-28,Kerala,26.2,88
2020-07-29,Kerala,24.8,93
2020-07-30,Kerala,25.4,91
2020-07-31,Kerala,25.5,90
2020-08-01,Kerala,25.8,89
2020-08-02,Kerala,25.4,91
2020-08-03,Kerala,26.1,89
2020-08-04,Kerala,26.3,89
2020-08-05,Kerala,26.6,88
2020-08-06,Kerala,25.6,92
2020-08-07,Kerala,24.7,95
2020-08-08,Kerala,24.9,93
2020-08-09,Kerala,24.0,96
2020-08-10,Kerala,25.1,91
2020-08-11,Kerala,26.0,88
2020-08-12,Kerala,26.2,87
2020-08-13,Kerala,26.1,89
2020-08-14,Kerala,26.2,89
2020-08-15,Kerala,26.5,87
2020-08-16,Kerala,26.5,87
2020-08-17,Kerala,26.2,90
2020-08-18,Kerala,26.3,88
2020-08-19,Kerala,26.6,87
2020-08-20,Kerala,26.4,87
2020-08-21,Kerala,26.6,87
2020-08-22,Kerala,26.7,88
2020-08-23,Kerala,26.6,88
2020-08-24,Kerala,26.7,87
2020-08-25,Kerala,27.0,86
2020-08-26,Kerala,27.0,85
2020-08-27,Kerala,26.7,86
2020-08-28,Kerala,26.5,86
2020-08-29,Kerala,26.5,86
2020-08-30,Kerala,26.7,85
2020-08-31,Kerala,26.4,86
2020-09-01,Kerala,26.0,88
2020-09-02,Kerala,24.9,93
2020-09-03,Kerala,25.7,89
2020-09-04,Kerala,26.7,86
2020-09-05,Kerala,26.1,89
2020-09-06,Kerala,25.5,90
2020-09-07,Kerala,25.8,89
2020-09-08,Kerala,26.1,89
2020-09-09,Kerala,25.5,92
2020-09-10,Kerala,25.8,88
2020-09-11,Kerala,26.2,87
2020-09-12,Kerala,25.6,91
2020-09-13,Kerala,25.3,92
2020-09-14,Kerala,25.3,92
2020-09-15,Kerala,25.7,90
2020-09-16,Kerala,25.6,91
2020-09-17,Kerala,25.6,91
2020-09-18,Kerala,25.6,91
2020-09-19,Kerala,25.5,90
2020-09-20,Kerala,26.0,88
2020-09-21,Kerala,25.7,89
2020-09-22,Kerala,25.7,89
2020-09-23,Kerala,25.7,90
2020-09-24,Kerala,25.9,89
2020-09-25,Kerala,25.8,90
2020-09-26,Kerala,25.7,92
2020-09-27,Kerala,26.1,89
2020-09-28,Kerala,26.2,89
2020-09-29,Kerala,26.3,86
2020-09-30,Kerala,25.5,90
2020-10-01,Kerala,25.8,90
2020-10-02,Kerala,26.1,87
2020-10-03,Kerala,26.1,87
2020-10-04,Kerala,25.9,85
2020-10-05,Kerala,26.2,82
2020-10-06,Kerala,26.4,85
2020-10-07,Kerala,26.2,88
2020-10-08,Kerala,25.9,90
2020-10-09,Kerala,25.8,88
2020-10-10,Kerala,25.6,91
2020-10-11,Kerala,25.9,88
2020-10-12,Kerala,26.1,88
2020-10-13,Kerala,25.7,90
2020-10-14,Kerala,26.0,88
2020-10-15,Kerala,26.3,87
2020-10-16,Kerala,26.3,86
2020-10-17,Kerala,25.9,88
2020-10-18,Kerala,26.5,86
2020-10-19,Kerala,26.3,88
2020-10-20,Kerala,26.0,88
2020-10-21,Kerala,26.2,88
2020-10-22,Kerala,26.6,83
2020-10-23,Kerala,26.0,86
2020-10-24,Kerala,26.3,84
2020-10-25,Kerala,26.2,85
2020-10-26,Kerala,26.5,85
2020-10-27,Kerala,26.2,90
2020-10-28,Kerala,26.2,90
2020-10-29,Kerala,26.2,89
2020-10-30,Kerala,26.2,88
2020-10-31,Kerala,26.2,86
2020-11-01,Kerala,26.5,86
2020-11-02,Kerala,26.5,85
2020-11-03,Kerala,26.9,86
2020-11-04,Kerala,26.5,87
2020-11-05,Kerala,26.0,88
2020-11-06,Kerala,26.9,81
2020-11-07,Kerala,27.7,76
2020-11-08,Kerala,26.9,81
2020-11-09,Kerala,26.5,85
2020-11-10,Kerala,26.8,81
2020-11-11,Kerala,26.6,78
2020-11-12,Kerala,27.1,79
2020-11-13,Kerala,26.7,86
2020-11-14,Kerala,27.7,79
2020-11-15,Kerala,27.1,81
2020-11-16,Kerala,25.5,89
2020-11-17,Kerala,26.6,82
2020-11-18,Kerala,26.5,84
2020-11-19,Kerala,26.8,79
2020-11-20,Kerala,27.2,76
2020-11-21,Kerala,26.6,78
2020-11-22,Kerala,26.6,76
2020-11-23,Kerala,26.4,70
2020-11-24,Kerala,26.5,80
2020-11-25,Kerala,27.2,80
2020-11-26,Kerala,27.1,82
2020-11-27,Kerala,26.5,86
2020-11-28,Kerala,26.5,85
2020-11-29,Kerala,27.3,77
2020-11-30,Kerala,27.3,76
2020-12-01,Kerala,27.6,72
2020-12-02,Kerala,26.2,72
2020-12-03,Kerala,25.2,84
2020-12-04,Kerala,26.3,81
2020-12-05,Kerala,25.2,91
2019-01-02,MP,21.3,35
2019-01-03,MP,21.1,40
2019-01-04,MP,21.4,40
2019-01-05,MP,21.9,44
2019-01-06,MP,21.6,43
2019-01-07,MP,19.2,44
2019-01-08,MP,17.9,50
2019-01-09,MP,18.6,50
2019-01-10,MP,19.1,47
2019-01-11,MP,20.4,48
2019-01-12,MP,21.7,51
2019-01-13,MP,22.0,49
2019-01-14,MP,20.9,46
2019-01-15,MP,19.8,46
2019-01-16,MP,20.4,46
2019-01-17,MP,22.1,45
2019-01-18,MP,21.9,40
2019-01-19,MP,21.6,34
2019-01-20,MP,22.7,38
2019-01-21,MP,23.8,36
2019-01-22,MP,21.7,45
2019-01-23,MP,21.4,51
2019-01-24,MP,21.6,47
2019-01-25,MP,20.6,53
2019-01-26,MP,18.6,60
2019-01-27,MP,18.0,51
2019-01-28,MP,16.4,39
2019-01-29,MP,16.3,37
2019-01-30,MP,18.1,36
2019-01-31,MP,20.3,37
2019-02-01,MP,22.5,41
2019-02-02,MP,23.0,47
2019-02-03,MP,23.6,47
2019-02-04,MP,24.4,40
2019-02-05,MP,24.8,40
2019-02-06,MP,25.8,41
2019-02-07,MP,22.0,43
2019-02-08,MP,19.2,40
2019-02-09,MP,17.7,31
2019-02-10,MP,18.7,34
2019-02-11,MP,21.4,38
2019-02-12,MP,24.5,44
2019-02-13,MP,26.5,50
2019-02-14,MP,26.8,44
2019-02-15,MP,25.7,37
2019-02-16,MP,23.4,39
2019-02-17,MP,22.6,40
2019-02-18,MP,23.5,38
2019-02-19,MP,26.0,31
2019-02-20,MP,27.6,38
2019-02-21,MP,29.3,41
2019-02-22,MP,28.8,39
2019-02-23,MP,27.9,39
2019-02-24,MP,27.3,35
2019-02-25,MP,26.2,27
2019-02-26,MP,24.9,30
2019-02-27,MP,23.3,43
2019-02-28,MP,22.6,37
2019-03-01,MP,23.4,33
2019-03-02,MP,26.7,39
2019-03-03,MP,27.3,35
2019-03-04,MP,26.1,48
2019-03-05,MP,24.9,33
2019-03-06,MP,24.1,32
2019-03-07,MP,24.9,28
2019-03-08,MP,26.3,29
2019-03-09,MP,27.9,31
2019-03-10,MP,27.9,28
2019-03-11,MP,28.5,29
2019-03-12,MP,27.4,36
2019-03-13,MP,28.1,25
2019-03-14,MP,28.0,27
2019-03-15,MP,27.3,22
2019-03-16,MP,28.1,35
2019-03-17,MP,29.3,31
2019-03-18,MP,29.1,30
2019-03-19,MP,29.3,27
2019-03-20,MP,29.6,27
2019-03-21,MP,29.4,31
2019-03-22,MP,29.3,25
2019-03-23,MP,30.1,24
2019-03-24,MP,30.4,25
2019-03-25,MP,31.6,22
2019-03-26,MP,32.0,20
2019-03-27,MP,31.3,23
2019-03-28,MP,31.8,22
2019-03-29,MP,32.9,21
2019-03-30,MP,34.3,19
2019-03-31,MP,34.1,19
2019-04-01,MP,33.0,20
2019-04-02,MP,32.8,18
2019-04-03,MP,33.4,18
2019-04-04,MP,34.6,17
2019-04-05,MP,34.3,22
2019-04-06,MP,33.6,22
2019-04-07,MP,32.7,23
2019-04-08,MP,33.5,24
2019-04-09,MP,33.7,20
2019-04-10,MP,33.3,19
2019-04-11,MP,34.8,20
2019-04-12,MP,34.9,17
2019-04-13,MP,35.2,17
2019-04-14,MP,35.7,18
2019-04-15,MP,33.3,26
2019-04-16,MP,30.1,39
2019-04-17,MP,29.3,38
2019-04-18,MP,29.9,29
2019-04-19,MP,31.9,27
2019-04-20,MP,32.9,22
2019-04-21,MP,33.3,21
2019-04-22,MP,34.1,18
2019-04-23,MP,35.0,18
2019-04-24,MP,36.1,16
2019-04-25,MP,37.0,18
2019-04-26,MP,37.7,17
2019-04-27,MP,38.5,16
2019-04-28,MP,39.0,11
2019-04-29,MP,38.2,13
2019-04-30,MP,36.6,17
2019-05-01,MP,34.9,23
2019-05-02,MP,34.4,25
2019-05-03,MP,34.2,24
2019-05-04,MP,33.4,29
2019-05-05,MP,33.7,29
2019-05-06,MP,34.2,27
2019-05-07,MP,35.8,19
2019-05-08,MP,34.9,23
2019-05-09,MP,33.9,28
2019-05-10,MP,33.6,30
2019-05-11,MP,33.9,26
2019-05-12,MP,34.5,26
2019-05-13,MP,35.1,26
2019-05-14,MP,34.6,26
2019-05-15,MP,34.6,26
2019-05-16,MP,34.2,29
2019-05-17,MP,35.0,26
2019-05-18,MP,35.0,25
2019-05-19,MP,35.6,24
2019-05-20,MP,36.8,23
2019-05-21,MP,37.4,22
2019-05-22,MP,36.8,23
2019-05-23,MP,36.7,24
2019-05-24,MP,35.8,28
2019-05-25,MP,35.9,28
2019-05-26,MP,36.7,25
2019-05-27,MP,36.0,30
2019-05-28,MP,36.7,23
2019-05-29,MP,37.1,25
2019-05-30,MP,37.4,25
2019-05-31,MP,37.3,26
2019-06-01,MP,36.2,34
2019-06-02,MP,36.2,38
2019-06-03,MP,36.9,34
2019-06-04,MP,36.1,38
2019-06-05,MP,36.8,32
2019-06-06,MP,36.9,32
2019-06-07,MP,36.7,35
2019-06-08,MP,36.9,36
2019-06-09,MP,36.7,33
2019-06-10,MP,35.6,35
2019-06-11,MP,35.6,38
2019-06-12,MP,36.3,37
2019-06-13,MP,34.5,41
2019-06-14,MP,34.9,41
2019-06-15,MP,33.7,46
2019-06-16,MP,33.0,50
2019-06-17,MP,33.0,48
2019-06-18,MP,33.3,46
2019-06-19,MP,31.7,54
2019-06-20,MP,31.8,52
2019-06-21,MP,32.6,50
2019-06-22,MP,30.9,63
2019-06-23,MP,29.1,76
2019-06-24,MP,26.4,87
2019-06-25,MP,29.4,74
2019-06-26,MP,30.2,72
2019-06-27,MP,30.0,69
2019-06-28,MP,27.7,83
2019-06-29,MP,27.3,81
2019-06-30,MP,25.8,88
2019-07-01,MP,26.7,86
2019-07-02,MP,26.8,87
2019-07-03,MP,25.1,92
2019-07-04,MP,26.3,85
2019-07-05,MP,25.1,93
2019-07-06,MP,24.8,94
2019-07-07,MP,24.9,94
2019-07-08,MP,26.6,86
2019-07-09,MP,27.3,81
2019-07-10,MP,28.1,74
2019-07-11,MP,27.7,74
2019-07-12,MP,28.1,72
2019-07-13,MP,28.3,70
2019-07-14,MP,28.6,68
2019-07-15,MP,28.8,65
2019-07-16,MP,28.9,64
2019-07-17,MP,29.4,62
2019-07-18,MP,30.0,62
2019-07-19,MP,30.1,63
2019-07-20,MP,29.5,73
2019-07-21,MP,28.1,81
2019-07-22,MP,30.2,70
2019-07-23,MP,31.0,67
2019-07-24,MP,30.8,68
2019-07-25,MP,26.8,86
2019-07-26,MP,26.9,82
2019-07-27,MP,25.0,91
2019-07-28,MP,24.6,93
2019-07-29,MP,25.0,92
2019-07-30,MP,25.1,88
2019-07-31,MP,24.4,92
2019-08-01,MP,26.4,81
2019-08-02,MP,26.3,83
2019-08-03,MP,25.8,87
2019-08-04,MP,25.3,90
2019-08-05,MP,26.2,85
2019-08-06,MP,26.8,82
2019-08-07,MP,25.3,90
2019-08-08,MP,24.3,93
2019-08-09,MP,24.3,94
2019-08-10,MP,26.6,81
2019-08-11,MP,26.3,83
2019-08-12,MP,27.2,80
2019-08-13,MP,27.3,76
2019-08-14,MP,25.3,93
2019-08-15,MP,25.5,87
2019-08-16,MP,26.4,80
2019-08-17,MP,26.5,79
2019-08-18,MP,26.9,78
2019-08-19,MP,26.0,85
2019-08-20,MP,26.5,83
2019-08-21,MP,26.8,83
2019-08-22,MP,26.9,80
2019-08-23,MP,27.0,77
2019-08-24,MP,26.3,82
2019-08-25,MP,24.6,91
2019-08-26,MP,23.7,94
2019-08-27,MP,23.5,94
2019-08-28,MP,25.6,85
2019-08-29,MP,26.8,84
2019-08-30,MP,26.6,87
2019-08-31,MP,26.6,87
2019-09-01,MP,26.5,88
2019-09-02,MP,26.3,87
2019-09-03,MP,26.2,87
2019-09-04,MP,26.3,89
2019-09-05,MP,26.3,90
2019-09-06,MP,26.4,90
2019-09-07,MP,26.8,86
2019-09-08,MP,26.3,89
2019-09-09,MP,25.0,95
2019-09-10,MP,25.6,90
2019-09-11,MP,25.7,89
2019-09-12,MP,25.1,89
2019-09-13,MP,25.4,87
2019-09-14,MP,25.3,90
2019-09-15,MP,26.0,87
2019-09-16,MP,26.1,87
2019-09-17,MP,26.0,89
2019-09-18,MP,25.2,92
2019-09-19,MP,25.7,89
2019-09-20,MP,25.8,88
2019-09-21,MP,25.9,88
2019-09-22,MP,26.9,82
2019-09-23,MP,26.4,88
2019-09-24,MP,26.3,88
2019-09-25,MP,25.4,91
2019-09-26,MP,25.5,90
2019-09-27,MP,25.2,91
2019-09-28,MP,25.7,84
2019-09-29,MP,26.2,81
2019-09-30,MP,26.4,80
2019-10-01,MP,25.8,82
2019-10-02,MP,26.1,82
2019-10-03,MP,25.9,81
2019-10-04,MP,25.8,81
2019-10-05,MP,26.1,82
2019-10-06,MP,26.0,83
2019-10-07,MP,26.4,81
2019-10-08,MP,26.6,78
2019-10-09,MP,26.7,71
2019-10-10,MP,26.7,67
2019-10-11,MP,26.7,70
2019-10-12,MP,26.8,71
2019-10-13,MP,26.8,63
2019-10-14,MP,26.5,55
2019-10-15,MP,26.8,59
2019-10-16,MP,26.9,58
2019-10-17,MP,26.2,63
2019-10-18,MP,26.3,70
2019-10-19,MP,24.3,90
2019-10-20,MP,23.5,91
2019-10-21,MP,23.6,89
2019-10-22,MP,24.1,87
2019-10-23,MP,23.0,89
2019-10-24,MP,21.9,88
2019-10-25,MP,23.3,84
2019-10-26,MP,23.0,89
2019-10-27,MP,23.9,91
2019-10-28,MP,25.0,87
2019-10-29,MP,25.1,87
2019-10-30,MP,25.7,81
2019-10-31,MP,25.3,84
2019-11-01,MP,24.9,85
2019-11-02,MP,24.3,89
2019-11-03,MP,24.7,87
2019-11-04,MP,25.1,81
2019-11-05,MP,24.8,82
2019-11-06,MP,25.0,81
2019-11-07,MP,25.2,82
2019-11-08,MP,25.4,81
2019-11-09,MP,25.1,78
2019-11-10,MP,24.9,72
2019-11-11,MP,24.6,72
2019-11-12,MP,24.3,72
2019-11-13,MP,23.8,70
2019-11-14,MP,23.3,61
2019-11-15,MP,22.3,64
2019-11-16,MP,23.4,66
2019-11-17,MP,23.5,64
2019-11-18,MP,22.8,66
2019-11-19,MP,22.6,66
2019-11-20,MP,22.9,65
2019-11-21,MP,23.0,65
2019-11-22,MP,23.1,66
2019-11-23,MP,22.9,69
2019-11-24,MP,23.4,67
2019-11-25,MP,23.1,66
2019-11-26,MP,22.9,68
2019-11-27,MP,23.5,66
2019-11-28,MP,23.2,68
2019-11-29,MP,23.5,66
2019-11-30,MP,23.8,66
2019-12-01,MP,23.9,67
2019-12-02,MP,24.1,66
2019-12-03,MP,23.9,65
2019-12-04,MP,24.5,63
2019-12-05,MP,23.7,55
2019-12-06,MP,21.3,48
2019-12-07,MP,20.9,57
2019-12-08,MP,21.2,60
2019-12-09,MP,22.0,65
2019-12-10,MP,22.7,65
2019-12-11,MP,22.8,69
2019-12-12,MP,23.3,72
2019-12-13,MP,22.3,70
2019-12-14,MP,22.1,68
2019-12-15,MP,22.2,72
2019-12-16,MP,20.0,80
2019-12-17,MP,20.1,75
2019-12-18,MP,20.3,75
2019-12-19,MP,21.3,76
2019-12-20,MP,21.8,72
2019-12-21,MP,22.3,69
2019-12-22,MP,22.9,67
2019-12-23,MP,22.8,67
2019-12-24,MP,23.8,67
2019-12-25,MP,23.4,75
2019-12-26,MP,21.6,75
2019-12-27,MP,17.9,48
2019-12-28,MP,16.3,45
2019-12-29,MP,17.2,50
2019-12-30,MP,18.6,55
2019-12-31,MP,18.8,70
2020-01-01,MP,19.7,80
2020-01-02,MP,20.6,80
2020-01-03,MP,20.2,76
2020-01-04,MP,19.2,67
2020-01-05,MP,18.0,61
2020-01-06,MP,18.5,61
2020-01-07,MP,21.2,67
2020-01-08,MP,22.7,69
2020-01-09,MP,19.3,55
2020-01-10,MP,16.7,53
2020-01-11,MP,18.1,56
2020-01-12,MP,20.2,62
2020-01-13,MP,21.5,64
2020-01-14,MP,22.1,70
2020-01-15,MP,23.2,66
2020-01-16,MP,19.9,58
2020-01-17,MP,18.2,56
2020-01-18,MP,19.8,61
2020-01-19,MP,19.8,60
2020-01-20,MP,19.5,63
2020-01-21,MP,22.5,69
2020-01-22,MP,24.1,67
2020-01-23,MP,22.3,66
2020-01-24,MP,21.5,56
2020-01-25,MP,21.9,63
2020-01-26,MP,21.9,59
2020-01-27,MP,23.5,54
2020-01-28,MP,21.4,54
2020-01-29,MP,20.7,59
2020-01-30,MP,19.9,51
2020-01-31,MP,19.3,54
2020-02-01,MP,20.5,49
2020-02-02,MP,20.5,50
2020-02-03,MP,22.0,60
2020-02-04,MP,22.8,65
2020-02-05,MP,22.6,56
2020-02-06,MP,22.6,64
2020-02-07,MP,21.6,70
2020-02-08,MP,20.8,51
2020-02-09,MP,19.6,46
2020-02-10,MP,20.8,55
2020-02-11,MP,22.7,56
2020-02-12,MP,23.8,54
2020-02-13,MP,23.3,54
2020-02-14,MP,23.9,45
2020-02-15,MP,23.4,48
2020-02-16,MP,24.4,42
2020-02-17,MP,24.4,36
2020-02-18,MP,23.7,34
2020-02-19,MP,24.7,38
2020-02-20,MP,26.1,43
2020-02-21,MP,26.3,46
2020-02-22,MP,26.4,46
2020-02-23,MP,26.4,52
2020-02-24,MP,25.1,46
2020-02-25,MP,22.9,46
2020-02-26,MP,22.7,44
2020-02-27,MP,23.7,40
2020-02-28,MP,24.7,41
2020-02-29,MP,25.8,41
2020-03-01,MP,26.1,46
2020-03-02,MP,25.8,48
2020-03-03,MP,25.5,37
2020-03-04,MP,24.2,47
2020-03-05,MP,24.6,39
2020-03-06,MP,23.5,47
2020-03-07,MP,23.4,44
2020-03-08,MP,24.8,37
2020-03-09,MP,26.0,45
2020-03-10,MP,26.6,53
2020-03-11,MP,24.6,50
2020-03-12,MP,24.1,46
2020-03-13,MP,24.7,30
2020-03-14,MP,24.4,30
2020-03-15,MP,24.5,29
2020-03-16,MP,25.8,34
2020-03-17,MP,27.2,46
2020-03-18,MP,27.5,57
2020-03-19,MP,27.7,47
2020-03-20,MP,26.8,34
2020-03-21,MP,26.4,33
2020-03-22,MP,28.0,36
2020-03-23,MP,28.7,37
2020-03-24,MP,30.4,33
2020-03-25,MP,29.2,44
2020-03-26,MP,27.4,64
2020-03-27,MP,28.0,58
2020-03-28,MP,27.7,62
2020-03-29,MP,28.4,53
2020-03-30,MP,29.2,52
2020-03-31,MP,29.7,44
2020-04-01,MP,29.9,35
2020-04-02,MP,29.7,36
2020-04-03,MP,30.0,33
2020-04-04,MP,29.7,39
2020-04-05,MP,29.7,41
2020-04-06,MP,30.3,37
2020-04-07,MP,30.0,31
2020-04-08,MP,29.6,33
2020-04-09,MP,30.1,34
2020-04-10,MP,30.3,30
2020-04-11,MP,31.2,30
2020-04-12,MP,32.1,29
2020-04-13,MP,32.6,25
2020-04-14,MP,33.2,24
2020-04-15,MP,33.4,24
2020-04-16,MP,33.6,24
2020-04-17,MP,34.1,25
2020-04-18,MP,33.9,28
2020-04-19,MP,32.5,30
2020-04-20,MP,32.5,29
2020-04-21,MP,32.2,28
2020-04-22,MP,33.0,30
2020-04-23,MP,33.8,28
2020-04-24,MP,33.3,29
2020-04-25,MP,32.7,26
2020-04-26,MP,32.0,33
2020-04-27,MP,33.3,30
2020-04-28,MP,32.5,33
2020-04-29,MP,33.1,31
2020-04-30,MP,33.5,27
2020-05-01,MP,33.9,30
2020-05-02,MP,34.6,27
2020-05-03,MP,34.7,27
2020-05-04,MP,34.4,28
2020-05-05,MP,34.5,30
2020-05-06,MP,34.9,25
2020-05-07,MP,33.7,28
2020-05-08,MP,34.5,25
2020-05-09,MP,34.6,29
2020-05-10,MP,35.0,29
2020-05-11,MP,32.9,36
2020-05-12,MP,34.2,30
2020-05-13,MP,34.8,32
2020-05-14,MP,35.1,34
2020-05-15,MP,34.6,34
2020-05-16,MP,35.7,26
2020-05-17,MP,35.9,24
2020-05-18,MP,36.3,20
2020-05-19,MP,35.0,25
2020-05-20,MP,35.8,23
2020-05-21,MP,35.7,24
2020-05-22,MP,35.8,23
2020-05-23,MP,36.3,23
2020-05-24,MP,37.1,20
2020-05-25,MP,36.7,22
2020-05-26,MP,36.3,24
2020-05-27,MP,35.3,31
2020-05-28,MP,34.7,39
2020-05-29,MP,34.3,40
2020-05-30,MP,33.8,40
2020-05-31,MP,34.0,38
2020-06-01,MP,33.0,40
2020-06-02,MP,27.4,67
2020-06-03,MP,24.3,90
2020-06-04,MP,25.9,78
2020-06-05,MP,27.2,78
2020-06-06,MP,28.2,72
2020-06-07,MP,28.1,72
2020-06-08,MP,29.0,65
2020-06-09,MP,29.7,64
2020-06-10,MP,29.9,68
2020-06-11,MP,29.5,73
2020-06-12,MP,29.3,75
2020-06-13,MP,28.0,83
2020-06-14,MP,28.1,82
2020-06-15,MP,27.1,88
2020-06-16,MP,28.6,81
2020-06-17,MP,27.9,81
2020-06-18,MP,28.4,76
2020-06-19,MP,28.4,75
2020-06-20,MP,28.7,72
2020-06-21,MP,29.6,67
2020-06-22,MP,29.2,67
2020-06-23,MP,28.5,71
2020-06-24,MP,28.9,73
2020-06-25,MP,28.9,79
2020-06-26,MP,27.8,86
2020-06-27,MP,27.7,84
2020-06-28,MP,27.0,86
2020-06-29,MP,27.2,85
2020-06-30,MP,28.5,76
2020-07-01,MP,29.3,72
2020-07-02,MP,29.9,70
2020-07-03,MP,29.5,73
2020-07-04,MP,28.0,83
2020-07-05,MP,27.1,84
2020-07-06,MP,26.4,87
2020-07-07,MP,27.6,79
2020-07-08,MP,28.2,80
2020-07-09,MP,27.9,80
2020-07-10,MP,28.5,74
2020-07-11,MP,28.8,69
2020-07-12,MP,28.6,72
2020-07-13,MP,28.3,72
2020-07-14,MP,27.7,82
2020-07-15,MP,25.6,94
2020-07-16,MP,26.6,87
2020-07-17,MP,27.5,79
2020-07-18,MP,28.5,76
2020-07-19,MP,28.5,77
2020-07-20,MP,28.1,77
2020-07-21,MP,26.1,89
2020-07-22,MP,28.6,75
2020-07-23,MP,27.2,85
2020-07-24,MP,26.4,87
2020-07-25,MP,26.3,89
2020-07-26,MP,27.5,84
2020-07-27,MP,27.9,82
2020-07-28,MP,27.7,80
2020-07-29,MP,26.7,87
2020-07-30,MP,27.6,84
2020-07-31,MP,28.4,82
2020-08-01,MP,28.5,81
2020-08-02,MP,28.4,84
2020-08-03,MP,26.6,91
2020-08-04,MP,27.5,83
2020-08-05,MP,27.4,87
2020-08-06,MP,27.7,82
2020-08-07,MP,27.6,79
2020-08-08,MP,27.6,76
2020-08-09,MP,26.6,82
2020-08-10,MP,26.5,86
2020-08-11,MP,25.4,91
2020-08-12,MP,25.4,91
2020-08-13,MP,25.0,90
2020-08-14,MP,24.5,91
2020-08-15,MP,24.5,93
2020-08-16,MP,25.5,88
2020-08-17,MP,24.8,92
2020-08-18,MP,25.5,87
2020-08-19,MP,25.6,86
2020-08-20,MP,24.3,95
2020-08-21,MP,25.4,90
2020-08-22,MP,24.2,95
2020-08-23,MP,25.7,85
2020-08-24,MP,26.4,81
2020-08-25,MP,26.2,80
2020-08-26,MP,26.3,80
2020-08-27,MP,26.0,81
2020-08-28,MP,24.8,90
2020-08-29,MP,24.0,95
2020-08-30,MP,25.2,86
2020-08-31,MP,26.1,81
2020-09-01,MP,26.6,78
2020-09-02,MP,26.8,77
2020-09-03,MP,27.5,77
2020-09-04,MP,28.1,76
2020-09-05,MP,28.1,80
2020-09-06,MP,27.7,82
2020-09-07,MP,27.2,87
2020-09-08,MP,27.3,83
2020-09-09,MP,27.9,82
2020-09-10,MP,26.9,88
2020-09-11,MP,26.3,91
2020-09-12,MP,27.1,87
2020-09-13,MP,26.9,86
2020-09-14,MP,26.8,86
2020-09-15,MP,26.6,89
2020-09-16,MP,26.5,89
2020-09-17,MP,26.8,88
2020-09-18,MP,26.8,88
2020-09-19,MP,26.9,87
2020-09-20,MP,27.5,83
2020-09-21,MP,26.9,89
2020-09-22,MP,25.9,94
2020-09-23,MP,25.7,94
2020-09-24,MP,27.1,84
2020-09-25,MP,26.9,86
2020-09-26,MP,25.8,86
2020-09-27,MP,26.1,75
2020-09-28,MP,26.1,74
2020-09-29,MP,26.2,71
2020-09-30,MP,26.8,70
2020-10-01,MP,26.9,75
2020-10-02,MP,27.3,71
2020-10-03,MP,27.9,64
2020-10-04,MP,27.9,59
2020-10-05,MP,27.2,64
2020-10-06,MP,26.6,60
2020-10-07,MP,27.2,58
2020-10-08,MP,27.6,63
2020-10-09,MP,27.7,68
2020-10-10,MP,27.6,77
2020-10-11,MP,27.5,72
2020-10-12,MP,26.7,83
2020-10-13,MP,27.8,77
2020-10-14,MP,28.6,69
2020-10-15,MP,27.3,76
2020-10-16,MP,27.2,81
2020-10-17,MP,27.0,83
2020-10-18,MP,27.2,82
2020-10-19,MP,27.8,78
2020-10-20,MP,27.1,83
2020-10-21,MP,26.9,83
2020-10-22,MP,26.4,81
2020-10-23,MP,26.4,75
2020-10-24,MP,26.5,65
2020-10-25,MP,25.9,55
2020-10-26,MP,25.5,51
2020-10-27,MP,25.0,52
2020-10-28,MP,24.9,50
2020-10-29,MP,24.9,48
2020-10-30,MP,24.8,50
2020-10-31,MP,24.7,49
2020-11-01,MP,25.1,48
2020-11-02,MP,25.5,44
2020-11-03,MP,24.6,47
2020-11-04,MP,23.7,49
2020-11-05,MP,23.6,48
2020-11-06,MP,23.8,47
2020-11-07,MP,23.5,44
2020-11-08,MP,22.9,46
2020-11-09,MP,22.0,49
2020-11-10,MP,21.6,45
2020-11-11,MP,21.6,47
2020-11-12,MP,22.7,51
2020-11-13,MP,24.8,61
2020-11-14,MP,25.8,64
2020-11-15,MP,25.7,57
2020-11-16,MP,25.6,60
2020-11-17,MP,26.7,56
2020-11-18,MP,26.4,59
2020-11-19,MP,25.7,67
2020-11-20,MP,25.0,70
2020-11-21,MP,24.1,60
2020-11-22,MP,22.8,54
2020-11-23,MP,23.4,59
2020-11-24,MP,24.0,60
2020-11-25,MP,22.8,57
2020-11-26,MP,23.0,50
2020-11-27,MP,23.2,49
2020-11-28,MP,23.0,49
2020-11-29,MP,24.2,58
2020-11-30,MP,24.9,61
2020-12-01,MP,24.8,57
2020-12-02,MP,23.5,47
2020-12-03,MP,23.4,51
2020-12-04,MP,22.8,49
2020-12-05,MP,22.8,46
2019-01-02,Maharashtra,23.9,41
2019-01-03,Maharashtra,23.4,46
2019-01-04,Maharashtra,23.9,46
2019-01-05,Maharashtra,23.7,48
2019-01-06,Maharashtra,23.6,45
2019-01-07,Maharashtra,23.1,43
2019-01-08,Maharashtra,23.4,39
2019-01-09,Maharashtra,22.8,45
2019-01-10,Maharashtra,23.6,46
2019-01-11,Maharashtra,23.3,49
2019-01-12,Maharashtra,23.2,51
2019-01-13,Maharashtra,22.9,48
2019-01-14,Maharashtra,23.7,48
2019-01-15,Maharashtra,25.1,45
2019-01-16,Maharashtra,25.1,51
2019-01-17,Maharashtra,25.0,51
2019-01-18,Maharashtra,24.8,48
2019-01-19,Maharashtra,25.1,51
2019-01-20,Maharashtra,25.6,51
2019-01-21,Maharashtra,24.5,56
2019-01-22,Maharashtra,23.1,66
2019-01-23,Maharashtra,22.2,64
2019-01-24,Maharashtra,21.3,54
2019-01-25,Maharashtra,21.6,36
2019-01-26,Maharashtra,22.8,37
2019-01-27,Maharashtra,24.2,39
2019-01-28,Maharashtra,24.0,34
2019-01-29,Maharashtra,23.9,30
2019-01-30,Maharashtra,23.3,43
2019-01-31,Maharashtra,23.4,43
2019-02-01,Maharashtra,24.2,49
2019-02-02,Maharashtra,24.2,49
2019-02-03,Maharashtra,25.2,50
2019-02-04,Maharashtra,26.2,51
2019-02-05,Maharashtra,25.8,57
2019-02-06,Maharashtra,24.7,58
2019-02-07,Maharashtra,21.9,62
2019-02-08,Maharashtra,19.6,55
2019-02-09,Maharashtra,20.4,32
2019-02-10,Maharashtra,22.6,34
2019-02-11,Maharashtra,25.5,38
2019-02-12,Maharashtra,27.5,41
2019-02-13,Maharashtra,27.7,42
2019-02-14,Maharashtra,26.8,44
2019-02-15,Maharashtra,24.9,46
2019-02-16,Maharashtra,23.5,50
2019-02-17,Maharashtra,23.4,50
2019-02-18,Maharashtra,24.8,48
2019-02-19,Maharashtra,26.0,44
2019-02-20,Maharashtra,26.6,55
2019-02-21,Maharashtra,26.4,67
2019-02-22,Maharashtra,27.9,52
2019-02-23,Maharashtra,28.7,44
2019-02-24,Maharashtra,27.2,39
2019-02-25,Maharashtra,26.7,34
2019-02-26,Maharashtra,25.1,54
2019-02-27,Maharashtra,23.9,61
2019-02-28,Maharashtra,24.3,53
2019-03-01,Maharashtra,25.4,40
2019-03-02,Maharashtra,25.7,55
2019-03-03,Maharashtra,24.8,74
2019-03-04,Maharashtra,24.9,73
2019-03-05,Maharashtra,24.9,71
2019-03-06,Maharashtra,24.2,66
2019-03-07,Maharashtra,24.8,60
2019-03-08,Maharashtra,27.0,47
2019-03-09,Maharashtra,27.9,41
2019-03-10,Maharashtra,27.7,38
2019-03-11,Maharashtra,26.0,58
2019-03-12,Maharashtra,26.2,62
2019-03-13,Maharashtra,25.5,60
2019-03-14,Maharashtra,26.4,49
2019-03-15,Maharashtra,27.7,32
2019-03-16,Maharashtra,28.4,35
2019-03-17,Maharashtra,27.3,50
2019-03-18,Maharashtra,27.7,44
2019-03-19,Maharashtra,27.8,44
2019-03-20,Maharashtra,26.8,58
2019-03-21,Maharashtra,26.4,64
2019-03-22,Maharashtra,26.9,60
2019-03-23,Maharashtra,29.7,37
2019-03-24,Maharashtra,31.5,28
2019-03-25,Maharashtra,32.2,28
2019-03-26,Maharashtra,32.0,28
2019-03-27,Maharashtra,29.7,55
2019-03-28,Maharashtra,29.7,56
2019-03-29,Maharashtra,30.3,51
2019-03-30,Maharashtra,29.9,57
2019-03-31,Maharashtra,29.3,60
2019-04-01,Maharashtra,27.8,62
2019-04-02,Maharashtra,28.3,66
2019-04-03,Maharashtra,29.8,63
2019-04-04,Maharashtra,29.5,67
2019-04-05,Maharashtra,29.5,63
2019-04-06,Maharashtra,29.2,61
2019-04-07,Maharashtra,29.5,59
2019-04-08,Maharashtra,29.5,65
2019-04-09,Maharashtra,29.2,65
2019-04-10,Maharashtra,29.7,67
2019-04-11,Maharashtra,30.0,64
2019-04-12,Maharashtra,30.9,57
2019-04-13,Maharashtra,32.1,47
2019-04-14,Maharashtra,32.5,47
2019-04-15,Maharashtra,31.7,57
2019-04-16,Maharashtra,30.5,65
2019-04-17,Maharashtra,29.1,51
2019-04-18,Maharashtra,28.8,50
2019-04-19,Maharashtra,30.3,49
2019-04-20,Maharashtra,29.7,57
2019-04-21,Maharashtra,29.6,60
2019-04-22,Maharashtra,30.4,55
2019-04-23,Maharashtra,30.8,54
2019-04-24,Maharashtra,31.0,56
2019-04-25,Maharashtra,31.9,51
2019-04-26,Maharashtra,32.5,50
2019-04-27,Maharashtra,34.2,45
2019-04-28,Maharashtra,33.6,47
2019-04-29,Maharashtra,31.8,58
2019-04-30,Maharashtra,30.3,65
2019-05-01,Maharashtra,29.7,67
2019-05-02,Maharashtra,29.5,62
2019-05-03,Maharashtra,29.2,62
2019-05-04,Maharashtra,29.6,62
2019-05-05,Maharashtra,30.0,65
2019-05-06,Maharashtra,30.8,61
2019-05-07,Maharashtra,30.1,67
2019-05-08,Maharashtra,30.2,63
2019-05-09,Maharashtra,29.7,61
2019-05-10,Maharashtra,30.1,61
2019-05-11,Maharashtra,30.2,62
2019-05-12,Maharashtra,30.2,65
2019-05-13,Maharashtra,30.8,64
2019-05-14,Maharashtra,30.6,65
2019-05-15,Maharashtra,30.5,63
2019-05-16,Maharashtra,30.3,64
2019-05-17,Maharashtra,30.5,66
2019-05-18,Maharashtra,31.4,62
2019-05-19,Maharashtra,31.9,59
2019-05-20,Maharashtra,31.9,61
2019-05-21,Maharashtra,32.3,65
2019-05-22,Maharashtra,31.5,67
2019-05-23,Maharashtra,31.4,67
2019-05-24,Maharashtra,31.6,65
2019-05-25,Maharashtra,31.4,65
2019-05-26,Maharashtra,31.0,65
2019-05-27,Maharashtra,31.7,64
2019-05-28,Maharashtra,31.4,66
2019-05-29,Maharashtra,31.5,65
2019-05-30,Maharashtra,31.3,66
2019-05-31,Maharashtra,31.4,64
2019-06-01,Maharashtra,31.5,63
2019-06-02,Maharashtra,31.8,63
2019-06-03,Maharashtra,31.4,65
2019-06-04,Maharashtra,31.0,65
2019-06-05,Maharashtra,31.6,65
2019-06-06,Maharashtra,32.0,64
2019-06-07,Maharashtra,32.0,64
2019-06-08,Maharashtra,32.9,64
2019-06-09,Maharashtra,32.1,67
2019-06-10,Maharashtra,31.5,69
2019-06-11,Maharashtra,31.5,66
2019-06-12,Maharashtra,29.4,72
2019-06-13,Maharashtra,27.8,82
2019-06-14,Maharashtra,28.2,80
2019-06-15,Maharashtra,27.8,83
2019-06-16,Maharashtra,28.7,80
2019-06-17,Maharashtra,28.2,81
2019-06-18,Maharashtra,27.9,83
2019-06-19,Maharashtra,28.0,83
2019-06-20,Maharashtra,28.8,79
2019-06-21,Maharashtra,28.9,79
2019-06-22,Maharashtra,29.1,78
2019-06-23,Maharashtra,28.7,79
2019-06-24,Maharashtra,27.8,85
2019-06-25,Maharashtra,28.2,84
2019-06-26,Maharashtra,27.9,87
2019-06-27,Maharashtra,27.2,89
2019-06-28,Maharashtra,26.2,93
2019-06-29,Maharashtra,25.5,95
2019-06-30,Maharashtra,25.3,95
2019-07-01,Maharashtra,25.1,95
2019-07-02,Maharashtra,25.6,93
2019-07-03,Maharashtra,25.7,94
2019-07-04,Maharashtra,26.4,92
2019-07-05,Maharashtra,26.0,92
2019-07-06,Maharashtra,25.5,93
2019-07-07,Maharashtra,25.8,93
2019-07-08,Maharashtra,26.3,91
2019-07-09,Maharashtra,26.2,91
2019-07-10,Maharashtra,25.9,92
2019-07-11,Maharashtra,25.6,93
2019-07-12,Maharashtra,26.4,89
2019-07-13,Maharashtra,26.4,89
2019-07-14,Maharashtra,26.4,90
2019-07-15,Maharashtra,26.6,89
2019-07-16,Maharashtra,26.4,90
2019-07-17,Maharashtra,26.3,90
2019-07-18,Maharashtra,27.1,88
2019-07-19,Maharashtra,27.3,87
2019-07-20,Maharashtra,27.1,91
2019-07-21,Maharashtra,27.0,89
2019-07-22,Maharashtra,27.8,86
2019-07-23,Maharashtra,27.6,86
2019-07-24,Maharashtra,26.0,94
2019-07-25,Maharashtra,26.2,92
2019-07-26,Maharashtra,25.7,93
2019-07-27,Maharashtra,25.4,94
2019-07-28,Maharashtra,25.7,92
2019-07-29,Maharashtra,25.1,94
2019-07-30,Maharashtra,25.1,94
2019-07-31,Maharashtra,25.2,94
2019-08-01,Maharashtra,25.6,92
2019-08-02,Maharashtra,25.8,92
2019-08-03,Maharashtra,25.2,94
2019-08-04,Maharashtra,25.5,93
2019-08-05,Maharashtra,25.4,94
2019-08-06,Maharashtra,25.6,93
2019-08-07,Maharashtra,25.8,93
2019-08-08,Maharashtra,25.8,93
2019-08-09,Maharashtra,26.0,91
2019-08-10,Maharashtra,25.9,90
2019-08-11,Maharashtra,25.7,90
2019-08-12,Maharashtra,26.4,88
2019-08-13,Maharashtra,26.1,91
2019-08-14,Maharashtra,26.0,92
2019-08-15,Maharashtra,25.9,92
2019-08-16,Maharashtra,26.2,90
2019-08-17,Maharashtra,26.5,87
2019-08-18,Maharashtra,26.5,88
2019-08-19,Maharashtra,26.5,88
2019-08-20,Maharashtra,26.8,87
2019-08-21,Maharashtra,26.1,90
2019-08-22,Maharashtra,25.9,90
2019-08-23,Maharashtra,26.0,88
2019-08-24,Maharashtra,26.0,89
2019-08-25,Maharashtra,26.1,87
2019-08-26,Maharashtra,25.9,88
2019-08-27,Maharashtra,25.6,90
2019-08-28,Maharashtra,26.3,88
2019-08-29,Maharashtra,26.9,86
2019-08-30,Maharashtra,26.6,89
2019-08-31,Maharashtra,25.9,92
2019-09-01,Maharashtra,25.9,91
2019-09-02,Maharashtra,26.1,90
2019-09-03,Maharashtra,25.8,92
2019-09-04,Maharashtra,25.1,96
2019-09-05,Maharashtra,25.9,92
2019-09-06,Maharashtra,25.8,92
2019-09-07,Maharashtra,26.0,92
2019-09-08,Maharashtra,25.8,93
2019-09-09,Maharashtra,26.2,92
2019-09-10,Maharashtra,26.0,93
2019-09-11,Maharashtra,25.8,92
2019-09-12,Maharashtra,25.1,94
2019-09-13,Maharashtra,24.8,93
2019-09-14,Maharashtra,25.5,93
2019-09-15,Maharashtra,25.6,93
2019-09-16,Maharashtra,25.9,92
2019-09-17,Maharashtra,26.4,90
2019-09-18,Maharashtra,26.0,93
2019-09-19,Maharashtra,26.0,91
2019-09-20,Maharashtra,26.2,89
2019-09-21,Maharashtra,27.1,83
2019-09-22,Maharashtra,27.3,84
2019-09-23,Maharashtra,27.1,88
2019-09-24,Maharashtra,26.6,92
2019-09-25,Maharashtra,26.2,91
2019-09-26,Maharashtra,26.6,89
2019-09-27,Maharashtra,26.2,86
2019-09-28,Maharashtra,26.7,84
2019-09-29,Maharashtra,27.0,84
2019-09-30,Maharashtra,26.3,90
2019-10-01,Maharashtra,26.3,90
2019-10-02,Maharashtra,26.7,87
2019-10-03,Maharashtra,27.0,87
2019-10-04,Maharashtra,26.4,89
2019-10-05,Maharashtra,26.6,88
2019-10-06,Maharashtra,26.8,88
2019-10-07,Maharashtra,27.1,88
2019-10-08,Maharashtra,27.6,87
2019-10-09,Maharashtra,27.5,87
2019-10-10,Maharashtra,28.0,84
2019-10-11,Maharashtra,27.5,83
2019-10-12,Maharashtra,27.3,87
2019-10-13,Maharashtra,27.7,86
2019-10-14,Maharashtra,28.8,76
2019-10-15,Maharashtra,28.6,66
2019-10-16,Maharashtra,28.3,61
2019-10-17,Maharashtra,28.2,63
2019-10-18,Maharashtra,27.6,73
2019-10-19,Maharashtra,25.8,90
2019-10-20,Maharashtra,25.2,93
2019-10-21,Maharashtra,26.4,87
2019-10-22,Maharashtra,26.0,91
2019-10-23,Maharashtra,25.3,92
2019-10-24,Maharashtra,26.3,89
2019-10-25,Maharashtra,26.2,83
2019-10-26,Maharashtra,25.9,88
2019-10-27,Maharashtra,26.6,81
2019-10-28,Maharashtra,26.7,82
2019-10-29,Maharashtra,27.3,85
2019-10-30,Maharashtra,27.5,84
2019-10-31,Maharashtra,28.0,73
2019-11-01,Maharashtra,27.5,78
2019-11-02,Maharashtra,26.6,83
2019-11-03,Maharashtra,26.6,84
2019-11-04,Maharashtra,26.9,84
2019-11-05,Maharashtra,27.2,83
2019-11-06,Maharashtra,26.8,84
2019-11-07,Maharashtra,26.3,84
2019-11-08,Maharashtra,25.7,85
2019-11-09,Maharashtra,25.7,84
2019-11-10,Maharashtra,26.3,82
2019-11-11,Maharashtra,26.9,78
2019-11-12,Maharashtra,27.1,75
2019-11-13,Maharashtra,27.1,72
2019-11-14,Maharashtra,26.1,66
2019-11-15,Maharashtra,26.2,73
2019-11-16,Maharashtra,27.2,75
2019-11-17,Maharashtra,28.1,68
2019-11-18,Maharashtra,26.8,65
2019-11-19,Maharashtra,26.2,68
2019-11-20,Maharashtra,26.5,70
2019-11-21,Maharashtra,27.2,71
2019-11-22,Maharashtra,27.4,67
2019-11-23,Maharashtra,27.0,68
2019-11-24,Maharashtra,26.9,66
2019-11-25,Maharashtra,26.4,66
2019-11-26,Maharashtra,26.4,65
2019-11-27,Maharashtra,26.7,65
2019-11-28,Maharashtra,27.1,64
2019-11-29,Maharashtra,27.4,66
2019-11-30,Maharashtra,27.8,67
2019-12-01,Maharashtra,27.7,66
2019-12-02,Maharashtra,27.9,62
2019-12-03,Maharashtra,27.4,66
2019-12-04,Maharashtra,27.6,67
2019-12-05,Maharashtra,27.0,76
2019-12-06,Maharashtra,28.1,55
2019-12-07,Maharashtra,26.5,56
2019-12-08,Maharashtra,26.3,58
2019-12-09,Maharashtra,27.0,63
2019-12-10,Maharashtra,27.4,67
2019-12-11,Maharashtra,27.0,68
2019-12-12,Maharashtra,25.8,67
2019-12-13,Maharashtra,24.8,70
2019-12-14,Maharashtra,23.7,65
2019-12-15,Maharashtra,24.6,61
2019-12-16,Maharashtra,25.3,66
2019-12-17,Maharashtra,26.0,64
2019-12-18,Maharashtra,26.1,60
2019-12-19,Maharashtra,25.4,63
2019-12-20,Maharashtra,25.6,65
2019-12-21,Maharashtra,26.0,63
2019-12-22,Maharashtra,26.5,62
2019-12-23,Maharashtra,27.0,65
2019-12-24,Maharashtra,26.8,69
2019-12-25,Maharashtra,27.4,66
2019-12-26,Maharashtra,26.5,60
2019-12-27,Maharashtra,24.3,64
2019-12-28,Maharashtra,25.2,61
2019-12-29,Maharashtra,25.3,64
2019-12-30,Maharashtra,24.7,67
2019-12-31,Maharashtra,22.2,66
2020-01-01,Maharashtra,20.9,68
2020-01-02,Maharashtra,21.9,73
2020-01-03,Maharashtra,22.0,74
2020-01-04,Maharashtra,21.7,65
2020-01-05,Maharashtra,23.2,63
2020-01-06,Maharashtra,25.7,56
2020-01-07,Maharashtra,25.3,67
2020-01-08,Maharashtra,24.5,67
2020-01-09,Maharashtra,23.2,54
2020-01-10,Maharashtra,24.4,55
2020-01-11,Maharashtra,26.3,59
2020-01-12,Maharashtra,25.9,63
2020-01-13,Maharashtra,24.4,76
2020-01-14,Maharashtra,23.7,72
2020-01-15,Maharashtra,22.3,58
2020-01-16,Maharashtra,20.1,59
2020-01-17,Maharashtra,18.7,53
2020-01-18,Maharashtra,21.3,62
2020-01-19,Maharashtra,24.1,60
2020-01-20,Maharashtra,25.2,61
2020-01-21,Maharashtra,25.4,60
2020-01-22,Maharashtra,25.5,61
2020-01-23,Maharashtra,26.8,55
2020-01-24,Maharashtra,26.6,57
2020-01-25,Maharashtra,26.6,55
2020-01-26,Maharashtra,26.6,58
2020-01-27,Maharashtra,24.4,66
2020-01-28,Maharashtra,22.6,77
2020-01-29,Maharashtra,22.1,60
2020-01-30,Maharashtra,20.9,59
2020-01-31,Maharashtra,21.8,58
2020-02-01,Maharashtra,23.1,58
2020-02-02,Maharashtra,24.1,64
2020-02-03,Maharashtra,23.4,72
2020-02-04,Maharashtra,24.0,63
2020-02-05,Maharashtra,23.7,48
2020-02-06,Maharashtra,23.2,44
2020-02-07,Maharashtra,22.2,47
2020-02-08,Maharashtra,23.9,52
2020-02-09,Maharashtra,25.8,44
2020-02-10,Maharashtra,27.3,48
2020-02-11,Maharashtra,28.1,51
2020-02-12,Maharashtra,28.9,51
2020-02-13,Maharashtra,29.2,47
2020-02-14,Maharashtra,28.2,40
2020-02-15,Maharashtra,26.8,41
2020-02-16,Maharashtra,27.0,43
2020-02-17,Maharashtra,28.8,48
2020-02-18,Maharashtra,29.1,46
2020-02-19,Maharashtra,28.0,51
2020-02-20,Maharashtra,27.2,55
2020-02-21,Maharashtra,26.9,50
2020-02-22,Maharashtra,27.6,44
2020-02-23,Maharashtra,28.5,39
2020-02-24,Maharashtra,27.5,41
2020-02-25,Maharashtra,27.8,31
2020-02-26,Maharashtra,28.6,27
2020-02-27,Maharashtra,28.1,33
2020-02-28,Maharashtra,27.8,39
2020-02-29,Maharashtra,27.6,40
2020-03-01,Maharashtra,27.1,45
2020-03-02,Maharashtra,26.2,56
2020-03-03,Maharashtra,25.0,72
2020-03-04,Maharashtra,24.8,70
2020-03-05,Maharashtra,25.0,68
2020-03-06,Maharashtra,25.0,65
2020-03-07,Maharashtra,24.6,61
2020-03-08,Maharashtra,24.5,56
2020-03-09,Maharashtra,25.2,59
2020-03-10,Maharashtra,24.9,68
2020-03-11,Maharashtra,24.9,63
2020-03-12,Maharashtra,24.2,61
2020-03-13,Maharashtra,23.8,47
2020-03-14,Maharashtra,25.4,32
2020-03-15,Maharashtra,27.7,32
2020-03-16,Maharashtra,29.5,35
2020-03-17,Maharashtra,30.2,34
2020-03-18,Maharashtra,29.9,40
2020-03-19,Maharashtra,27.8,46
2020-03-20,Maharashtra,26.7,57
2020-03-21,Maharashtra,26.1,68
2020-03-22,Maharashtra,28.0,60
2020-03-23,Maharashtra,29.7,51
2020-03-24,Maharashtra,31.1,44
2020-03-25,Maharashtra,30.6,59
2020-03-26,Maharashtra,30.0,63
2020-03-27,Maharashtra,30.8,51
2020-03-28,Maharashtra,31.0,41
2020-03-29,Maharashtra,30.8,40
2020-03-30,Maharashtra,30.8,39
2020-03-31,Maharashtra,30.1,44
2020-04-01,Maharashtra,30.1,49
2020-04-02,Maharashtra,30.5,42
2020-04-03,Maharashtra,30.8,48
2020-04-04,Maharashtra,30.4,49
2020-04-05,Maharashtra,29.7,56
2020-04-06,Maharashtra,28.9,68
2020-04-07,Maharashtra,28.7,64
2020-04-08,Maharashtra,27.9,65
2020-04-09,Maharashtra,28.5,59
2020-04-10,Maharashtra,29.9,58
2020-04-11,Maharashtra,31.4,51
2020-04-12,Maharashtra,31.1,57
2020-04-13,Maharashtra,31.3,62
2020-04-14,Maharashtra,31.9,58
2020-04-15,Maharashtra,32.1,57
2020-04-16,Maharashtra,31.1,66
2020-04-17,Maharashtra,31.1,66
2020-04-18,Maharashtra,31.9,62
2020-04-19,Maharashtra,32.7,53
2020-04-20,Maharashtra,33.0,37
2020-04-21,Maharashtra,30.8,49
2020-04-22,Maharashtra,30.6,63
2020-04-23,Maharashtra,31.0,64
2020-04-24,Maharashtra,30.7,65
2020-04-25,Maharashtra,30.5,65
2020-04-26,Maharashtra,29.9,64
2020-04-27,Maharashtra,30.0,67
2020-04-28,Maharashtra,31.6,59
2020-04-29,Maharashtra,32.0,57
2020-04-30,Maharashtra,31.6,68
2020-05-01,Maharashtra,31.5,68
2020-05-02,Maharashtra,31.4,69
2020-05-03,Maharashtra,31.7,66
2020-05-04,Maharashtra,31.0,68
2020-05-05,Maharashtra,31.6,66
2020-05-06,Maharashtra,32.3,61
2020-05-07,Maharashtra,30.8,65
2020-05-08,Maharashtra,30.8,68
2020-05-09,Maharashtra,31.2,65
2020-05-10,Maharashtra,31.3,65
2020-05-11,Maharashtra,31.7,61
2020-05-12,Maharashtra,31.1,62
2020-05-13,Maharashtra,31.1,68
2020-05-14,Maharashtra,32.4,63
2020-05-15,Maharashtra,32.4,61
2020-05-16,Maharashtra,32.2,62
2020-05-17,Maharashtra,31.7,65
2020-05-18,Maharashtra,31.7,64
2020-05-19,Maharashtra,31.2,66
2020-05-20,Maharashtra,31.2,64
2020-05-21,Maharashtra,31.5,63
2020-05-22,Maharashtra,31.3,65
2020-05-23,Maharashtra,31.3,65
2020-05-24,Maharashtra,32.0,65
2020-05-25,Maharashtra,31.8,67
2020-05-26,Maharashtra,31.6,67
2020-05-27,Maharashtra,31.4,65
2020-05-28,Maharashtra,31.4,64
2020-05-29,Maharashtra,31.9,63
2020-05-30,Maharashtra,31.8,65
2020-05-31,Maharashtra,32.1,64
2020-06-01,Maharashtra,30.5,68
2020-06-02,Maharashtra,28.2,76
2020-06-03,Maharashtra,25.8,87
2020-06-04,Maharashtra,26.9,86
2020-06-05,Maharashtra,27.5,84
2020-06-06,Maharashtra,27.2,84
2020-06-07,Maharashtra,27.3,85
2020-06-08,Maharashtra,27.0,86
2020-06-09,Maharashtra,27.5,86
2020-06-10,Maharashtra,27.8,87
2020-06-11,Maharashtra,27.4,88
2020-06-12,Maharashtra,27.6,86
2020-06-13,Maharashtra,27.1,89
2020-06-14,Maharashtra,27.8,86
2020-06-15,Maharashtra,27.3,90
2020-06-16,Maharashtra,27.0,90
2020-06-17,Maharashtra,26.8,89
2020-06-18,Maharashtra,26.1,92
2020-06-19,Maharashtra,27.3,89
2020-06-20,Maharashtra,27.4,88
2020-06-21,Maharashtra,27.1,89
2020-06-22,Maharashtra,27.3,87
2020-06-23,Maharashtra,27.7,82
2020-06-24,Maharashtra,27.9,84
2020-06-25,Maharashtra,28.2,84
2020-06-26,Maharashtra,27.8,86
2020-06-27,Maharashtra,27.9,87
2020-06-28,Maharashtra,28.0,85
2020-06-29,Maharashtra,26.8,90
2020-06-30,Maharashtra,27.1,89
2020-07-01,Maharashtra,27.2,88
2020-07-02,Maharashtra,27.1,88
2020-07-03,Maharashtra,26.9,91
2020-07-04,Maharashtra,26.2,94
2020-07-05,Maharashtra,26.1,94
2020-07-06,Maharashtra,26.6,89
2020-07-07,Maharashtra,26.6,93
2020-07-08,Maharashtra,26.7,91
2020-07-09,Maharashtra,26.4,92
2020-07-10,Maharashtra,26.6,90
2020-07-11,Maharashtra,26.5,90
2020-07-12,Maharashtra,26.2,92
2020-07-13,Maharashtra,26.1,92
2020-07-14,Maharashtra,26.2,92
2020-07-15,Maharashtra,25.6,95
2020-07-16,Maharashtra,25.8,92
2020-07-17,Maharashtra,26.4,89
2020-07-18,Maharashtra,26.9,87
2020-07-19,Maharashtra,27.1,88
2020-07-20,Maharashtra,27.0,90
2020-07-21,Maharashtra,27.2,86
2020-07-22,Maharashtra,27.3,89
2020-07-23,Maharashtra,26.9,90
2020-07-24,Maharashtra,26.0,93
2020-07-25,Maharashtra,26.6,89
2020-07-26,Maharashtra,26.8,88
2020-07-27,Maharashtra,26.2,90
2020-07-28,Maharashtra,26.4,91
2020-07-29,Maharashtra,26.5,92
2020-07-30,Maharashtra,26.3,92
2020-07-31,Maharashtra,27.0,89
2020-08-01,Maharashtra,27.6,87
2020-08-02,Maharashtra,27.8,83
2020-08-03,Maharashtra,26.4,91
2020-08-04,Maharashtra,25.9,93
2020-08-05,Maharashtra,25.9,95
2020-08-06,Maharashtra,26.7,91
2020-08-07,Maharashtra,26.5,91
2020-08-08,Maharashtra,26.6,89
2020-08-09,Maharashtra,26.2,90
2020-08-10,Maharashtra,25.6,93
2020-08-11,Maharashtra,25.4,93
2020-08-12,Maharashtra,25.5,93
2020-08-13,Maharashtra,25.4,93
2020-08-14,Maharashtra,25.1,93
2020-08-15,Maharashtra,25.4,93
2020-08-16,Maharashtra,25.5,93
2020-08-17,Maharashtra,25.3,94
2020-08-18,Maharashtra,25.5,92
2020-08-19,Maharashtra,25.8,92
2020-08-20,Maharashtra,25.5,93
2020-08-21,Maharashtra,25.5,94
2020-08-22,Maharashtra,26.0,92
2020-08-23,Maharashtra,25.9,91
2020-08-24,Maharashtra,26.3,90
2020-08-25,Maharashtra,26.5,88
2020-08-26,Maharashtra,26.7,86
2020-08-27,Maharashtra,25.8,90
2020-08-28,Maharashtra,25.3,93
2020-08-29,Maharashtra,25.0,94
2020-08-30,Maharashtra,25.0,93
2020-08-31,Maharashtra,25.7,91
2020-09-01,Maharashtra,26.2,90
2020-09-02,Maharashtra,27.1,86
2020-09-03,Maharashtra,27.1,88
2020-09-04,Maharashtra,27.7,88
2020-09-05,Maharashtra,28.2,86
2020-09-06,Maharashtra,27.9,92
2020-09-07,Maharashtra,27.3,88
2020-09-08,Maharashtra,26.8,90
2020-09-09,Maharashtra,27.6,90
2020-09-10,Maharashtra,27.3,90
2020-09-11,Maharashtra,27.0,92
2020-09-12,Maharashtra,26.9,87
2020-09-13,Maharashtra,26.3,87
2020-09-14,Maharashtra,26.1,90
2020-09-15,Maharashtra,26.1,90
2020-09-16,Maharashtra,26.1,92
2020-09-17,Maharashtra,26.1,92
2020-09-18,Maharashtra,26.1,89
2020-09-19,Maharashtra,26.6,90
2020-09-20,Maharashtra,26.7,92
2020-09-21,Maharashtra,27.0,91
2020-09-22,Maharashtra,26.6,92
2020-09-23,Maharashtra,25.8,95
2020-09-24,Maharashtra,26.7,90
2020-09-25,Maharashtra,26.1,92
2020-09-26,Maharashtra,26.5,83
2020-09-27,Maharashtra,26.1,87
2020-09-28,Maharashtra,25.9,90
2020-09-29,Maharashtra,26.2,87
2020-09-30,Maharashtra,26.4,86
2020-10-01,Maharashtra,26.7,84
2020-10-02,Maharashtra,26.8,85
2020-10-03,Maharashtra,26.7,90
2020-10-04,Maharashtra,26.1,92
2020-10-05,Maharashtra,26.7,89
2020-10-06,Maharashtra,27.0,86
2020-10-07,Maharashtra,27.6,87
2020-10-08,Maharashtra,28.4,83
2020-10-09,Maharashtra,29.5,74
2020-10-10,Maharashtra,27.9,84
2020-10-11,Maharashtra,27.1,90
2020-10-12,Maharashtra,27.5,87
2020-10-13,Maharashtra,27.7,87
2020-10-14,Maharashtra,27.1,91
2020-10-15,Maharashtra,27.6,86
2020-10-16,Maharashtra,27.9,79
2020-10-17,Maharashtra,27.1,85
2020-10-18,Maharashtra,26.8,86
2020-10-19,Maharashtra,26.7,90
2020-10-20,Maharashtra,27.0,89
2020-10-21,Maharashtra,27.0,89
2020-10-22,Maharashtra,26.5,90
2020-10-23,Maharashtra,27.1,87
2020-10-24,Maharashtra,26.7,90
2020-10-25,Maharashtra,27.0,88
2020-10-26,Maharashtra,27.7,81
2020-10-27,Maharashtra,27.3,74
2020-10-28,Maharashtra,27.5,71
2020-10-29,Maharashtra,26.7,75
2020-10-30,Maharashtra,26.5,75
2020-10-31,Maharashtra,26.1,70
2020-11-01,Maharashtra,26.8,66
2020-11-02,Maharashtra,27.5,70
2020-11-03,Maharashtra,27.7,68
2020-11-04,Maharashtra,27.1,65
2020-11-05,Maharashtra,26.5,60
2020-11-06,Maharashtra,25.5,60
2020-11-07,Maharashtra,25.6,58
2020-11-08,Maharashtra,26.9,56
2020-11-09,Maharashtra,25.9,61
2020-11-10,Maharashtra,24.7,56
2020-11-11,Maharashtra,24.2,52
2020-11-12,Maharashtra,24.1,51
2020-11-13,Maharashtra,26.1,61
2020-11-14,Maharashtra,28.0,63
2020-11-15,Maharashtra,28.3,65
2020-11-16,Maharashtra,28.3,62
2020-11-17,Maharashtra,29.0,61
2020-11-18,Maharashtra,28.3,65
2020-11-19,Maharashtra,28.3,64
2020-11-20,Maharashtra,28.1,58
2020-11-21,Maharashtra,27.2,59
2020-11-22,Maharashtra,26.8,64
2020-11-23,Maharashtra,26.6,60
2020-11-24,Maharashtra,26.4,60
2020-11-25,Maharashtra,27.1,60
2020-11-26,Maharashtra,26.5,58
2020-11-27,Maharashtra,26.7,45
2020-11-28,Maharashtra,27.0,50
2020-11-29,Maharashtra,27.6,62
2020-11-30,Maharashtra,27.5,65
2020-12-01,Maharashtra,28.4,62
2020-12-02,Maharashtra,27.5,61
2020-12-03,Maharashtra,26.1,61
2020-12-04,Maharashtra,25.3,59
2020-12-05,Maharashtra,25.0,57
2019-01-02,Manipur,11.9,70
2019-01-03,Manipur,12.5,73
2019-01-04,Manipur,11.5,74
2019-01-05,Manipur,12.3,73
2019-01-06,Manipur,13.3,75
2019-01-07,Manipur,14.0,74
2019-01-08,Manipur,13.9,76
2019-01-09,Manipur,12.8,66
2019-01-10,Manipur,12.4,71
2019-01-11,Manipur,12.7,74
2019-01-12,Manipur,13.4,74
2019-01-13,Manipur,13.5,71
2019-01-14,Manipur,13.5,74
2019-01-15,Manipur,12.2,74
2019-01-16,Manipur,12.9,69
2019-01-17,Manipur,12.7,68
2019-01-18,Manipur,13.0,62
2019-01-19,Manipur,13.0,57
2019-01-20,Manipur,13.0,63
2019-01-21,Manipur,14.1,65
2019-01-22,Manipur,14.3,63
2019-01-23,Manipur,13.7,65
2019-01-24,Manipur,13.9,70
2019-01-25,Manipur,15.1,69
2019-01-26,Manipur,16.1,63
2019-01-27,Manipur,15.8,66
2019-01-28,Manipur,15.5,69
2019-01-29,Manipur,14.5,76
2019-01-30,Manipur,14.1,73
2019-01-31,Manipur,14.0,68
2019-02-01,Manipur,14.9,63
2019-02-02,Manipur,14.7,66
2019-02-03,Manipur,14.0,65
2019-02-04,Manipur,13.4,57
2019-02-05,Manipur,14.7,59
2019-02-06,Manipur,13.9,60
2019-02-07,Manipur,14.7,57
2019-02-08,Manipur,16.6,62
2019-02-09,Manipur,17.8,65
2019-02-10,Manipur,16.5,70
2019-02-11,Manipur,15.8,59
2019-02-12,Manipur,17.1,59
2019-02-13,Manipur,16.4,60
2019-02-14,Manipur,16.7,59
2019-02-15,Manipur,17.2,59
2019-02-16,Manipur,16.7,68
2019-02-17,Manipur,14.6,80
2019-02-18,Manipur,14.6,71
2019-02-19,Manipur,15.5,71
2019-02-20,Manipur,16.1,74
2019-02-21,Manipur,16.5,76
2019-02-22,Manipur,16.1,74
2019-02-23,Manipur,17.9,75
2019-02-24,Manipur,18.4,76
2019-02-25,Manipur,14.7,83
2019-02-26,Manipur,15.2,80
2019-02-27,Manipur,15.9,81
2019-02-28,Manipur,14.6,87
2019-03-01,Manipur,14.7,77
2019-03-02,Manipur,13.3,61
2019-03-03,Manipur,14.2,70
2019-03-04,Manipur,14.9,76
2019-03-05,Manipur,13.9,89
2019-03-06,Manipur,16.1,80
2019-03-07,Manipur,16.8,77
2019-03-08,Manipur,15.9,77
2019-03-09,Manipur,14.7,68
2019-03-10,Manipur,15.4,69
2019-03-11,Manipur,17.7,71
2019-03-12,Manipur,17.6,80
2019-03-13,Manipur,19.2,77
2019-03-14,Manipur,19.0,79
2019-03-15,Manipur,19.5,75
2019-03-16,Manipur,19.5,73
2019-03-17,Manipur,19.4,72
2019-03-18,Manipur,19.2,74
2019-03-19,Manipur,18.4,76
2019-03-20,Manipur,18.4,74
2019-03-21,Manipur,18.3,79
2019-03-22,Manipur,18.8,82
2019-03-23,Manipur,19.8,80
2019-03-24,Manipur,18.4,76
2019-03-25,Manipur,18.9,65
2019-03-26,Manipur,19.3,59
2019-03-27,Manipur,19.1,71
2019-03-28,Manipur,19.3,69
2019-03-29,Manipur,20.0,65
2019-03-30,Manipur,20.9,66
2019-03-31,Manipur,21.5,70
2019-04-01,Manipur,21.1,74
2019-04-02,Manipur,21.2,72
2019-04-03,Manipur,20.2,73
2019-04-04,Manipur,20.4,74
2019-04-05,Manipur,20.7,78
2019-04-06,Manipur,21.5,70
2019-04-07,Manipur,20.1,77
2019-04-08,Manipur,19.4,85
2019-04-09,Manipur,19.9,81
2019-04-10,Manipur,19.2,83
2019-04-11,Manipur,21.1,76
2019-04-12,Manipur,21.5,77
2019-04-13,Manipur,23.1,74
2019-04-14,Manipur,23.1,77
2019-04-15,Manipur,22.7,76
2019-04-16,Manipur,24.0,73
2019-04-17,Manipur,24.6,66
2019-04-18,Manipur,23.6,72
2019-04-19,Manipur,23.1,69
2019-04-20,Manipur,23.0,67
2019-04-21,Manipur,22.2,61
2019-04-22,Manipur,22.9,57
2019-04-23,Manipur,22.9,58
2019-04-24,Manipur,24.0,54
2019-04-25,Manipur,25.0,58
2019-04-26,Manipur,25.5,63
2019-04-27,Manipur,25.1,66
2019-04-28,Manipur,24.7,71
2019-04-29,Manipur,24.8,71
2019-04-30,Manipur,25.5,69
2019-05-01,Manipur,25.1,73
2019-05-02,Manipur,25.6,74
2019-05-03,Manipur,25.8,71
2019-05-04,Manipur,25.1,76
2019-05-05,Manipur,23.1,80
2019-05-06,Manipur,23.8,77
2019-05-07,Manipur,23.8,73
2019-05-08,Manipur,24.8,70
2019-05-09,Manipur,25.2,72
2019-05-10,Manipur,25.7,73
2019-05-11,Manipur,26.1,72
2019-05-12,Manipur,26.3,72
2019-05-13,Manipur,26.5,67
2019-05-14,Manipur,24.2,73
2019-05-15,Manipur,24.3,69
2019-05-16,Manipur,23.9,73
2019-05-17,Manipur,24.4,75
2019-05-18,Manipur,24.8,76
2019-05-19,Manipur,25.0,79
2019-05-20,Manipur,25.5,70
2019-05-21,Manipur,25.4,68
2019-05-22,Manipur,25.3,73
2019-05-23,Manipur,24.5,74
2019-05-24,Manipur,23.0,85
2019-05-25,Manipur,22.9,90
2019-05-26,Manipur,22.9,87
2019-05-27,Manipur,24.1,77
2019-05-28,Manipur,23.9,74
2019-05-29,Manipur,24.3,75
2019-05-30,Manipur,24.2,77
2019-05-31,Manipur,23.9,76
2019-06-01,Manipur,21.6,92
2019-06-02,Manipur,23.5,83
2019-06-03,Manipur,23.7,85
2019-06-04,Manipur,23.4,86
2019-06-05,Manipur,24.3,84
2019-06-06,Manipur,24.5,86
2019-06-07,Manipur,23.6,90
2019-06-08,Manipur,24.2,86
2019-06-09,Manipur,24.8,85
2019-06-10,Manipur,25.0,85
2019-06-11,Manipur,25.2,84
2019-06-12,Manipur,25.6,83
2019-06-13,Manipur,25.7,82
2019-06-14,Manipur,24.0,93
2019-06-15,Manipur,24.7,89
2019-06-16,Manipur,25.5,82
2019-06-17,Manipur,25.6,83
2019-06-18,Manipur,25.9,83
2019-06-19,Manipur,25.8,82
2019-06-20,Manipur,25.2,86
2019-06-21,Manipur,25.4,87
2019-06-22,Manipur,25.8,83
2019-06-23,Manipur,25.9,82
2019-06-24,Manipur,25.8,82
2019-06-25,Manipur,25.2,84
2019-06-26,Manipur,25.0,84
2019-06-27,Manipur,24.3,84
2019-06-28,Manipur,24.1,86
2019-06-29,Manipur,25.7,81
2019-06-30,Manipur,25.7,84
2019-07-01,Manipur,25.8,83
2019-07-02,Manipur,25.1,87
2019-07-03,Manipur,25.8,82
2019-07-04,Manipur,26.0,85
2019-07-05,Manipur,25.2,89
2019-07-06,Manipur,24.7,89
2019-07-07,Manipur,25.5,84
2019-07-08,Manipur,24.3,90
2019-07-09,Manipur,24.4,89
2019-07-10,Manipur,24.3,89
2019-07-11,Manipur,23.5,92
2019-07-12,Manipur,23.7,90
2019-07-13,Manipur,23.6,88
2019-07-14,Manipur,23.6,88
2019-07-15,Manipur,23.6,87
2019-07-16,Manipur,24.7,82
2019-07-17,Manipur,25.7,82
2019-07-18,Manipur,26.3,83
2019-07-19,Manipur,25.7,84
2019-07-20,Manipur,25.5,83
2019-07-21,Manipur,24.9,83
2019-07-22,Manipur,24.3,85
2019-07-23,Manipur,24.5,84
2019-07-24,Manipur,24.7,85
2019-07-25,Manipur,25.0,86
2019-07-26,Manipur,24.3,89
2019-07-27,Manipur,24.7,84
2019-07-28,Manipur,25.5,83
2019-07-29,Manipur,25.3,82
2019-07-30,Manipur,23.9,88
2019-07-31,Manipur,23.6,89
2019-08-01,Manipur,24.8,85
2019-08-02,Manipur,25.3,84
2019-08-03,Manipur,25.0,87
2019-08-04,Manipur,25.5,85
2019-08-05,Manipur,26.5,81
2019-08-06,Manipur,25.4,83
2019-08-07,Manipur,25.0,86
2019-08-08,Manipur,24.9,89
2019-08-09,Manipur,25.3,85
2019-08-10,Manipur,24.9,89
2019-08-11,Manipur,26.1,84
2019-08-12,Manipur,25.4,83
2019-08-13,Manipur,24.5,90
2019-08-14,Manipur,24.5,88
2019-08-15,Manipur,24.0,87
2019-08-16,Manipur,24.0,86
2019-08-17,Manipur,25.0,86
2019-08-18,Manipur,24.4,85
2019-08-19,Manipur,24.7,82
2019-08-20,Manipur,24.7,85
2019-08-21,Manipur,25.2,87
2019-08-22,Manipur,25.9,83
2019-08-23,Manipur,24.3,89
2019-08-24,Manipur,23.9,87
2019-08-25,Manipur,24.8,82
2019-08-26,Manipur,25.8,78
2019-08-27,Manipur,26.4,82
2019-08-28,Manipur,24.0,92
2019-08-29,Manipur,25.7,83
2019-08-30,Manipur,26.1,84
2019-08-31,Manipur,25.7,85
2019-09-01,Manipur,25.8,81
2019-09-02,Manipur,24.9,83
2019-09-03,Manipur,25.0,83
2019-09-04,Manipur,25.0,84
2019-09-05,Manipur,24.8,88
2019-09-06,Manipur,25.0,86
2019-09-07,Manipur,24.9,88
2019-09-08,Manipur,24.7,88
2019-09-09,Manipur,24.4,90
2019-09-10,Manipur,24.6,89
2019-09-11,Manipur,24.4,90
2019-09-12,Manipur,23.9,91
2019-09-13,Manipur,23.5,88
2019-09-14,Manipur,23.8,87
2019-09-15,Manipur,24.3,88
2019-09-16,Manipur,24.3,88
2019-09-17,Manipur,24.4,86
2019-09-18,Manipur,24.6,86
2019-09-19,Manipur,24.7,85
2019-09-20,Manipur,24.1,87
2019-09-21,Manipur,24.5,86
2019-09-22,Manipur,23.0,90
2019-09-23,Manipur,22.2,91
2019-09-24,Manipur,22.1,91
2019-09-25,Manipur,21.7,93
2019-09-26,Manipur,22.6,89
2019-09-27,Manipur,22.5,89
2019-09-28,Manipur,23.2,81
2019-09-29,Manipur,22.9,87
2019-09-30,Manipur,22.1,88
2019-10-01,Manipur,21.5,89
2019-10-02,Manipur,22.2,88
2019-10-03,Manipur,22.4,89
2019-10-04,Manipur,22.4,89
2019-10-05,Manipur,22.7,88
2019-10-06,Manipur,22.9,89
2019-10-07,Manipur,22.7,88
2019-10-08,Manipur,22.5,88
2019-10-09,Manipur,23.0,83
2019-10-10,Manipur,22.1,89
2019-10-11,Manipur,21.5,88
2019-10-12,Manipur,21.8,86
2019-10-13,Manipur,22.1,83
2019-10-14,Manipur,22.7,81
2019-10-15,Manipur,22.6,85
2019-10-16,Manipur,22.1,89
2019-10-17,Manipur,22.4,84
2019-10-18,Manipur,22.3,83
2019-10-19,Manipur,22.5,84
2019-10-20,Manipur,22.3,86
2019-10-21,Manipur,22.2,83
2019-10-22,Manipur,21.6,87
2019-10-23,Manipur,21.4,82
2019-10-24,Manipur,20.5,86
2019-10-25,Manipur,21.2,86
2019-10-26,Manipur,21.1,89
2019-10-27,Manipur,21.0,91
2019-10-28,Manipur,21.9,89
2019-10-29,Manipur,21.9,86
2019-10-30,Manipur,21.3,85
2019-10-31,Manipur,21.6,82
2019-11-01,Manipur,22.2,81
2019-11-02,Manipur,21.6,80
2019-11-03,Manipur,21.6,78
2019-11-04,Manipur,21.5,83
2019-11-05,Manipur,20.5,84
2019-11-06,Manipur,19.5,79
2019-11-07,Manipur,20.1,79
2019-11-08,Manipur,21.6,79
2019-11-09,Manipur,20.5,91
2019-11-10,Manipur,20.4,91
2019-11-11,Manipur,20.6,89
2019-11-12,Manipur,21.0,88
2019-11-13,Manipur,19.8,83
2019-11-14,Manipur,19.1,81
2019-11-15,Manipur,18.6,76
2019-11-16,Manipur,17.2,78
2019-11-17,Manipur,16.4,79
2019-11-18,Manipur,16.9,79
2019-11-19,Manipur,17.3,80
2019-11-20,Manipur,16.3,78
2019-11-21,Manipur,16.2,74
2019-11-22,Manipur,15.9,70
2019-11-23,Manipur,16.1,71
2019-11-24,Manipur,17.0,76
2019-11-25,Manipur,17.6,83
2019-11-26,Manipur,17.2,80
2019-11-27,Manipur,17.4,80
2019-11-28,Manipur,17.5,79
2019-11-29,Manipur,17.6,75
2019-11-30,Manipur,16.2,77
2019-12-01,Manipur,15.7,76
2019-12-02,Manipur,15.0,73
2019-12-03,Manipur,15.5,74
2019-12-04,Manipur,14.8,74
2019-12-05,Manipur,14.5,71
2019-12-06,Manipur,14.4,72
2019-12-07,Manipur,14.2,74
2019-12-08,Manipur,14.3,72
2019-12-09,Manipur,13.9,74
2019-12-10,Manipur,14.3,74
2019-12-11,Manipur,15.0,75
2019-12-12,Manipur,15.2,78
2019-12-13,Manipur,14.9,78
2019-12-14,Manipur,14.8,74
2019-12-15,Manipur,14.8,74
2019-12-16,Manipur,15.7,73
2019-12-17,Manipur,14.9,74
2019-12-18,Manipur,14.2,71
2019-12-19,Manipur,14.5,68
2019-12-20,Manipur,14.1,73
2019-12-21,Manipur,12.9,75
2019-12-22,Manipur,13.3,75
2019-12-23,Manipur,13.7,71
2019-12-24,Manipur,12.0,70
2019-12-25,Manipur,11.1,75
2019-12-26,Manipur,12.4,68
2019-12-27,Manipur,12.0,79
2019-12-28,Manipur,12.6,82
2019-12-29,Manipur,11.5,76
2019-12-30,Manipur,12.1,73
2019-12-31,Manipur,13.2,73
2020-01-01,Manipur,14.1,83
2020-01-02,Manipur,14.7,85
2020-01-03,Manipur,14.4,92
2020-01-04,Manipur,15.1,86
2020-01-05,Manipur,13.5,88
2020-01-06,Manipur,11.9,81
2020-01-07,Manipur,12.1,80
2020-01-08,Manipur,13.1,77
2020-01-09,Manipur,14.2,78
2020-01-10,Manipur,14.1,82
2020-01-11,Manipur,12.9,79
2020-01-12,Manipur,12.9,77
2020-01-13,Manipur,13.4,74
2020-01-14,Manipur,13.1,79
2020-01-15,Manipur,12.9,80
2020-01-16,Manipur,13.5,78
2020-01-17,Manipur,13.9,73
2020-01-18,Manipur,14.1,77
2020-01-19,Manipur,14.5,75
2020-01-20,Manipur,14.6,81
2020-01-21,Manipur,14.0,80
2020-01-22,Manipur,11.7,72
2020-01-23,Manipur,11.5,72
2020-01-24,Manipur,11.5,72
2020-01-25,Manipur,10.5,73
2020-01-26,Manipur,12.0,73
2020-01-27,Manipur,11.8,78
2020-01-28,Manipur,12.0,76
2020-01-29,Manipur,13.0,73
2020-01-30,Manipur,15.1,70
2020-01-31,Manipur,14.1,84
2020-02-01,Manipur,14.1,77
2020-02-02,Manipur,13.7,69
2020-02-03,Manipur,11.5,72
2020-02-04,Manipur,12.8,70
2020-02-05,Manipur,13.1,69
2020-02-06,Manipur,12.8,66
2020-02-07,Manipur,13.3,64
2020-02-08,Manipur,15.5,65
2020-02-09,Manipur,13.5,87
2020-02-10,Manipur,13.6,78
2020-02-11,Manipur,14.4,63
2020-02-12,Manipur,14.5,62
2020-02-13,Manipur,14.7,72
2020-02-14,Manipur,15.0,78
2020-02-15,Manipur,14.8,78
2020-02-16,Manipur,15.6,78
2020-02-17,Manipur,16.4,73
2020-02-18,Manipur,15.7,76
2020-02-19,Manipur,15.5,70
2020-02-20,Manipur,15.6,68
2020-02-21,Manipur,17.2,62
2020-02-22,Manipur,18.6,63
2020-02-23,Manipur,18.7,61
2020-02-24,Manipur,18.1,61
2020-02-25,Manipur,17.3,75
2020-02-26,Manipur,15.6,81
2020-02-27,Manipur,15.6,72
2020-02-28,Manipur,15.3,67
2020-02-29,Manipur,16.7,64
2020-03-01,Manipur,17.8,65
2020-03-02,Manipur,17.8,68
2020-03-03,Manipur,16.4,76
2020-03-04,Manipur,16.7,68
2020-03-05,Manipur,17.0,70
2020-03-06,Manipur,17.1,81
2020-03-07,Manipur,16.1,86
2020-03-08,Manipur,17.1,79
2020-03-09,Manipur,17.2,72
2020-03-10,Manipur,16.3,66
2020-03-11,Manipur,17.3,63
2020-03-12,Manipur,18.8,64
2020-03-13,Manipur,20.1,67
2020-03-14,Manipur,21.1,58
2020-03-15,Manipur,21.5,66
2020-03-16,Manipur,20.9,62
2020-03-17,Manipur,19.0,55
2020-03-18,Manipur,19.0,51
2020-03-19,Manipur,18.7,56
2020-03-20,Manipur,19.1,51
2020-03-21,Manipur,18.8,66
2020-03-22,Manipur,18.3,70
2020-03-23,Manipur,18.5,73
2020-03-24,Manipur,18.6,74
2020-03-25,Manipur,19.9,65
2020-03-26,Manipur,20.5,65
2020-03-27,Manipur,22.1,63
2020-03-28,Manipur,23.1,60
2020-03-29,Manipur,23.8,54
2020-03-30,Manipur,21.5,48
2020-03-31,Manipur,20.3,46
2020-04-01,Manipur,21.5,46
2020-04-02,Manipur,21.6,53
2020-04-03,Manipur,22.5,65
2020-04-04,Manipur,22.8,54
2020-04-05,Manipur,22.1,52
2020-04-06,Manipur,21.6,58
2020-04-07,Manipur,22.3,53
2020-04-08,Manipur,22.6,58
2020-04-09,Manipur,23.0,54
2020-04-10,Manipur,23.0,51
2020-04-11,Manipur,23.2,52
2020-04-12,Manipur,23.3,53
2020-04-13,Manipur,23.7,50
2020-04-14,Manipur,24.3,53
2020-04-15,Manipur,24.2,61
2020-04-16,Manipur,22.2,69
2020-04-17,Manipur,20.4,81
2020-04-18,Manipur,22.3,72
2020-04-19,Manipur,23.4,64
2020-04-20,Manipur,22.9,69
2020-04-21,Manipur,23.2,72
2020-04-22,Manipur,20.7,82
2020-04-23,Manipur,21.3,76
2020-04-24,Manipur,20.7,73
2020-04-25,Manipur,20.7,79
2020-04-26,Manipur,21.1,78
2020-04-27,Manipur,20.5,83
2020-04-28,Manipur,21.0,82
2020-04-29,Manipur,20.8,85
2020-04-30,Manipur,20.5,85
2020-05-01,Manipur,21.2,82
2020-05-02,Manipur,21.7,83
2020-05-03,Manipur,21.9,85
2020-05-04,Manipur,22.3,82
2020-05-05,Manipur,22.6,81
2020-05-06,Manipur,22.4,82
2020-05-07,Manipur,22.1,77
2020-05-08,Manipur,21.9,70
2020-05-09,Manipur,22.7,67
2020-05-10,Manipur,23.5,64
2020-05-11,Manipur,24.5,65
2020-05-12,Manipur,24.6,73
2020-05-13,Manipur,23.6,75
2020-05-14,Manipur,23.9,73
2020-05-15,Manipur,24.3,71
2020-05-16,Manipur,24.2,76
2020-05-17,Manipur,25.1,70
2020-05-18,Manipur,26.2,63
2020-05-19,Manipur,25.5,64
2020-05-20,Manipur,24.3,84
2020-05-21,Manipur,24.7,83
2020-05-22,Manipur,25.3,76
2020-05-23,Manipur,25.2,75
2020-05-24,Manipur,25.3,77
2020-05-25,Manipur,25.4,74
2020-05-26,Manipur,24.9,75
2020-05-27,Manipur,21.5,88
2020-05-28,Manipur,20.7,89
2020-05-29,Manipur,21.4,87
2020-05-30,Manipur,22.1,85
2020-05-31,Manipur,22.2,87
2020-06-01,Manipur,22.2,88
2020-06-02,Manipur,22.7,87
2020-06-03,Manipur,23.2,85
2020-06-04,Manipur,23.1,86
2020-06-05,Manipur,23.5,86
2020-06-06,Manipur,24.2,83
2020-06-07,Manipur,24.4,83
2020-06-08,Manipur,24.7,84
2020-06-09,Manipur,25.7,80
2020-06-10,Manipur,25.0,84
2020-06-11,Manipur,24.0,91
2020-06-12,Manipur,24.6,88
2020-06-13,Manipur,24.7,88
2020-06-14,Manipur,25.4,83
2020-06-15,Manipur,25.0,89
2020-06-16,Manipur,24.9,89
2020-06-17,Manipur,24.0,92
2020-06-18,Manipur,24.4,88
2020-06-19,Manipur,24.7,87
2020-06-20,Manipur,25.3,86
2020-06-21,Manipur,25.2,87
2020-06-22,Manipur,25.4,87
2020-06-23,Manipur,24.9,84
2020-06-24,Manipur,24.8,84
2020-06-25,Manipur,24.6,84
2020-06-26,Manipur,24.4,83
2020-06-27,Manipur,24.9,81
2020-06-28,Manipur,24.3,87
2020-06-29,Manipur,25.1,82
2020-06-30,Manipur,25.3,82
2020-07-01,Manipur,24.4,86
2020-07-02,Manipur,24.3,86
2020-07-03,Manipur,25.2,85
2020-07-04,Manipur,24.9,89
2020-07-05,Manipur,24.7,90
2020-07-06,Manipur,24.9,88
2020-07-07,Manipur,25.6,86
2020-07-08,Manipur,25.3,86
2020-07-09,Manipur,25.0,86
2020-07-10,Manipur,24.0,87
2020-07-11,Manipur,24.3,86
2020-07-12,Manipur,24.0,89
2020-07-13,Manipur,25.2,85
2020-07-14,Manipur,24.5,90
2020-07-15,Manipur,25.2,81
2020-07-16,Manipur,25.2,82
2020-07-17,Manipur,25.3,82
2020-07-18,Manipur,25.0,85
2020-07-19,Manipur,24.7,85
2020-07-20,Manipur,24.2,87
2020-07-21,Manipur,24.2,86
2020-07-22,Manipur,24.3,89
2020-07-23,Manipur,24.1,92
2020-07-24,Manipur,23.9,89
2020-07-25,Manipur,25.3,82
2020-07-26,Manipur,24.8,86
2020-07-27,Manipur,24.2,91
2020-07-28,Manipur,24.3,91
2020-07-29,Manipur,24.2,88
2020-07-30,Manipur,23.1,92
2020-07-31,Manipur,24.7,84
2020-08-01,Manipur,25.9,82
2020-08-02,Manipur,26.2,85
2020-08-03,Manipur,26.5,85
2020-08-04,Manipur,25.1,86
2020-08-05,Manipur,25.6,82
2020-08-06,Manipur,25.8,86
2020-08-07,Manipur,25.7,86
2020-08-08,Manipur,25.3,86
2020-08-09,Manipur,24.4,91
2020-08-10,Manipur,24.6,89
2020-08-11,Manipur,24.8,89
2020-08-12,Manipur,25.3,86
2020-08-13,Manipur,25.5,86
2020-08-14,Manipur,25.5,84
2020-08-15,Manipur,25.2,87
2020-08-16,Manipur,25.0,85
2020-08-17,Manipur,24.2,90
2020-08-18,Manipur,24.3,88
2020-08-19,Manipur,24.4,87
2020-08-20,Manipur,23.6,90
2020-08-21,Manipur,23.9,86
2020-08-22,Manipur,24.0,85
2020-08-23,Manipur,24.6,85
2020-08-24,Manipur,24.8,88
2020-08-25,Manipur,25.1,84
2020-08-26,Manipur,24.2,88
2020-08-27,Manipur,24.5,84
2020-08-28,Manipur,24.2,85
2020-08-29,Manipur,23.9,85
2020-08-30,Manipur,24.3,86
2020-08-31,Manipur,24.6,87
2020-09-01,Manipur,23.9,89
2020-09-02,Manipur,25.3,78
2020-09-03,Manipur,24.9,83
2020-09-04,Manipur,25.3,85
2020-09-05,Manipur,24.7,86
2020-09-06,Manipur,24.5,85
2020-09-07,Manipur,24.1,85
2020-09-08,Manipur,24.5,84
2020-09-09,Manipur,25.0,84
2020-09-10,Manipur,24.5,89
2020-09-11,Manipur,24.5,86
2020-09-12,Manipur,24.5,85
2020-09-13,Manipur,24.4,85
2020-09-14,Manipur,24.6,84
2020-09-15,Manipur,24.5,85
2020-09-16,Manipur,24.1,86
2020-09-17,Manipur,24.3,84
2020-09-18,Manipur,24.7,86
2020-09-19,Manipur,26.3,77
2020-09-20,Manipur,26.1,74
2020-09-21,Manipur,24.0,90
2020-09-22,Manipur,24.2,90
2020-09-23,Manipur,24.2,88
2020-09-24,Manipur,23.9,87
2020-09-25,Manipur,23.7,86
2020-09-26,Manipur,23.7,89
2020-09-27,Manipur,24.2,85
2020-09-28,Manipur,24.5,85
2020-09-29,Manipur,24.5,88
2020-09-30,Manipur,24.7,88
2020-10-01,Manipur,24.7,85
2020-10-02,Manipur,24.0,89
2020-10-03,Manipur,24.1,89
2020-10-04,Manipur,24.3,88
2020-10-05,Manipur,24.1,88
2020-10-06,Manipur,23.0,91
2020-10-07,Manipur,23.4,89
2020-10-08,Manipur,24.4,84
2020-10-09,Manipur,24.6,85
2020-10-10,Manipur,24.5,84
2020-10-11,Manipur,24.5,83
2020-10-12,Manipur,24.5,82
2020-10-13,Manipur,24.2,85
2020-10-14,Manipur,24.2,84
2020-10-15,Manipur,24.1,81
2020-10-16,Manipur,24.0,82
2020-10-17,Manipur,23.9,84
2020-10-18,Manipur,23.3,88
2020-10-19,Manipur,23.0,91
2020-10-20,Manipur,22.7,88
2020-10-21,Manipur,22.2,90
2020-10-22,Manipur,22.2,90
2020-10-23,Manipur,21.3,91
2020-10-24,Manipur,21.2,90
2020-10-25,Manipur,21.8,85
2020-10-26,Manipur,22.1,83
2020-10-27,Manipur,21.8,86
2020-10-28,Manipur,22.6,86
2020-10-29,Manipur,22.8,82
2020-10-30,Manipur,23.5,79
2020-10-31,Manipur,22.0,89
2020-11-01,Manipur,22.0,90
2020-11-02,Manipur,22.0,90
2020-11-03,Manipur,21.6,92
2020-11-04,Manipur,20.9,90
2020-11-05,Manipur,20.2,85
2020-11-06,Manipur,18.5,75
2020-11-07,Manipur,18.3,79
2020-11-08,Manipur,17.9,80
2020-11-09,Manipur,17.3,75
2020-11-10,Manipur,18.2,75
2020-11-11,Manipur,18.8,80
2020-11-12,Manipur,18.3,79
2020-11-13,Manipur,18.0,80
2020-11-14,Manipur,18.3,80
2020-11-15,Manipur,18.5,81
2020-11-16,Manipur,18.5,77
2020-11-17,Manipur,17.2,82
2020-11-18,Manipur,15.8,81
2020-11-19,Manipur,15.4,78
2020-11-20,Manipur,16.3,79
2020-11-21,Manipur,17.4,85
2020-11-22,Manipur,17.5,88
2020-11-23,Manipur,15.2,77
2020-11-24,Manipur,15.4,74
2020-11-25,Manipur,15.2,71
2020-11-26,Manipur,15.6,74
2020-11-27,Manipur,16.1,76
2020-11-28,Manipur,16.7,76
2020-11-29,Manipur,16.4,79
2020-11-30,Manipur,16.2,76
2020-12-01,Manipur,15.9,74
2020-12-02,Manipur,15.8,73
2020-12-03,Manipur,15.7,75
2020-12-04,Manipur,15.8,72
2020-12-05,Manipur,14.7,76
2019-01-02,Meghalaya,10.6,56
2019-01-03,Meghalaya,9.2,69
2019-01-04,Meghalaya,6.9,77
2019-01-05,Meghalaya,9.0,70
2019-01-06,Meghalaya,10.1,54
2019-01-07,Meghalaya,11.4,37
2019-01-08,Meghalaya,9.5,55
2019-01-09,Meghalaya,9.1,71
2019-01-10,Meghalaya,9.4,71
2019-01-11,Meghalaya,9.1,71
2019-01-12,Meghalaya,10.9,60
2019-01-13,Meghalaya,9.9,58
2019-01-14,Meghalaya,9.3,75
2019-01-15,Meghalaya,8.5,73
2019-01-16,Meghalaya,10.5,57
2019-01-17,Meghalaya,10.7,53
2019-01-18,Meghalaya,9.8,64
2019-01-19,Meghalaya,10.2,80
2019-01-20,Meghalaya,10.5,71
2019-01-21,Meghalaya,11.3,62
2019-01-22,Meghalaya,11.7,71
2019-01-23,Meghalaya,10.3,73
2019-01-24,Meghalaya,11.3,67
2019-01-25,Meghalaya,12.8,73
2019-01-26,Meghalaya,13.3,71
2019-01-27,Meghalaya,11.9,65
2019-01-28,Meghalaya,10.4,71
2019-01-29,Meghalaya,8.2,80
2019-01-30,Meghalaya,8.3,65
2019-01-31,Meghalaya,11.8,52
2019-02-01,Meghalaya,13.4,40
2019-02-02,Meghalaya,11.2,63
2019-02-03,Meghalaya,11.3,69
2019-02-04,Meghalaya,10.6,77
2019-02-05,Meghalaya,12.5,69
2019-02-06,Meghalaya,12.3,74
2019-02-07,Meghalaya,12.2,78
2019-02-08,Meghalaya,13.1,71
2019-02-09,Meghalaya,12.5,77
2019-02-10,Meghalaya,10.9,69
2019-02-11,Meghalaya,10.9,76
2019-02-12,Meghalaya,12.5,56
2019-02-13,Meghalaya,13.9,69
2019-02-14,Meghalaya,13.4,74
2019-02-15,Meghalaya,13.1,78
2019-02-16,Meghalaya,11.5,70
2019-02-17,Meghalaya,9.6,80
2019-02-18,Meghalaya,9.6,75
2019-02-19,Meghalaya,10.9,73
2019-02-20,Meghalaya,12.5,76
2019-02-21,Meghalaya,11.6,86
2019-02-22,Meghalaya,12.8,80
2019-02-23,Meghalaya,14.6,76
2019-02-24,Meghalaya,13.6,49
2019-02-25,Meghalaya,12.0,60
2019-02-26,Meghalaya,12.3,72
2019-02-27,Meghalaya,12.1,88
2019-02-28,Meghalaya,11.0,83
2019-03-01,Meghalaya,9.9,69
2019-03-02,Meghalaya,10.5,80
2019-03-03,Meghalaya,11.3,81
2019-03-04,Meghalaya,11.6,79
2019-03-05,Meghalaya,12.5,81
2019-03-06,Meghalaya,13.0,74
2019-03-07,Meghalaya,12.0,72
2019-03-08,Meghalaya,10.9,66
2019-03-09,Meghalaya,11.0,57
2019-03-10,Meghalaya,12.6,70
2019-03-11,Meghalaya,13.6,76
2019-03-12,Meghalaya,15.2,67
2019-03-13,Meghalaya,16.2,67
2019-03-14,Meghalaya,16.0,69
2019-03-15,Meghalaya,17.3,66
2019-03-16,Meghalaya,16.7,66
2019-03-17,Meghalaya,16.3,61
2019-03-18,Meghalaya,15.0,65
2019-03-19,Meghalaya,13.8,74
2019-03-20,Meghalaya,14.3,68
2019-03-21,Meghalaya,15.5,63
2019-03-22,Meghalaya,16.4,70
2019-03-23,Meghalaya,15.8,68
2019-03-24,Meghalaya,15.5,63
2019-03-25,Meghalaya,15.9,60
2019-03-26,Meghalaya,16.3,59
2019-03-27,Meghalaya,14.5,67
2019-03-28,Meghalaya,15.3,71
2019-03-29,Meghalaya,15.8,68
2019-03-30,Meghalaya,16.3,86
2019-03-31,Meghalaya,16.3,85
2019-04-01,Meghalaya,16.2,85
2019-04-02,Meghalaya,15.4,81
2019-04-03,Meghalaya,14.3,76
2019-04-04,Meghalaya,15.9,74
2019-04-05,Meghalaya,16.2,83
2019-04-06,Meghalaya,16.4,78
2019-04-07,Meghalaya,14.5,84
2019-04-08,Meghalaya,15.3,88
2019-04-09,Meghalaya,15.1,85
2019-04-10,Meghalaya,15.1,88
2019-04-11,Meghalaya,16.2,81
2019-04-12,Meghalaya,17.3,86
2019-04-13,Meghalaya,17.9,79
2019-04-14,Meghalaya,17.6,80
2019-04-15,Meghalaya,18.1,83
2019-04-16,Meghalaya,18.8,81
2019-04-17,Meghalaya,19.7,64
2019-04-18,Meghalaya,19.1,61
2019-04-19,Meghalaya,17.8,69
2019-04-20,Meghalaya,16.9,70
2019-04-21,Meghalaya,16.2,74
2019-04-22,Meghalaya,16.0,73
2019-04-23,Meghalaya,18.2,65
2019-04-24,Meghalaya,19.0,66
2019-04-25,Meghalaya,18.9,75
2019-04-26,Meghalaya,18.9,81
2019-04-27,Meghalaya,18.0,93
2019-04-28,Meghalaya,19.3,89
2019-04-29,Meghalaya,19.5,87
2019-04-30,Meghalaya,20.2,85
2019-05-01,Meghalaya,19.9,85
2019-05-02,Meghalaya,20.1,84
2019-05-03,Meghalaya,19.6,86
2019-05-04,Meghalaya,18.2,95
2019-05-05,Meghalaya,18.9,82
2019-05-06,Meghalaya,19.2,79
2019-05-07,Meghalaya,19.2,79
2019-05-08,Meghalaya,20.3,80
2019-05-09,Meghalaya,21.3,82
2019-05-10,Meghalaya,21.3,81
2019-05-11,Meghalaya,21.2,83
2019-05-12,Meghalaya,20.7,82
2019-05-13,Meghalaya,20.5,78
2019-05-14,Meghalaya,18.9,79
2019-05-15,Meghalaya,18.9,83
2019-05-16,Meghalaya,18.5,91
2019-05-17,Meghalaya,20.3,84
2019-05-18,Meghalaya,21.1,80
2019-05-19,Meghalaya,20.9,78
2019-05-20,Meghalaya,20.2,75
2019-05-21,Meghalaya,20.0,76
2019-05-22,Meghalaya,19.8,86
2019-05-23,Meghalaya,19.3,86
2019-05-24,Meghalaya,19.5,89
2019-05-25,Meghalaya,19.3,92
2019-05-26,Meghalaya,19.9,82
2019-05-27,Meghalaya,20.0,86
2019-05-28,Meghalaya,19.7,78
2019-05-29,Meghalaya,20.0,80
2019-05-30,Meghalaya,19.1,86
2019-05-31,Meghalaya,19.1,86
2019-06-01,Meghalaya,19.0,88
2019-06-02,Meghalaya,18.7,87
2019-06-03,Meghalaya,18.7,86
2019-06-04,Meghalaya,17.8,93
2019-06-05,Meghalaya,19.0,90
2019-06-06,Meghalaya,20.1,89
2019-06-07,Meghalaya,19.9,93
2019-06-08,Meghalaya,19.7,88
2019-06-09,Meghalaya,20.5,92
2019-06-10,Meghalaya,21.1,84
2019-06-11,Meghalaya,20.8,88
2019-06-12,Meghalaya,20.5,92
2019-06-13,Meghalaya,21.3,84
2019-06-14,Meghalaya,20.6,95
2019-06-15,Meghalaya,21.2,89
2019-06-16,Meghalaya,21.9,86
2019-06-17,Meghalaya,21.7,86
2019-06-18,Meghalaya,21.8,85
2019-06-19,Meghalaya,21.6,83
2019-06-20,Meghalaya,21.2,90
2019-06-21,Meghalaya,20.9,88
2019-06-22,Meghalaya,21.5,89
2019-06-23,Meghalaya,22.1,82
2019-06-24,Meghalaya,21.8,83
2019-06-25,Meghalaya,21.6,87
2019-06-26,Meghalaya,21.0,89
2019-06-27,Meghalaya,20.1,91
2019-06-28,Meghalaya,20.9,92
2019-06-29,Meghalaya,21.1,94
2019-06-30,Meghalaya,21.4,84
2019-07-01,Meghalaya,21.5,89
2019-07-02,Meghalaya,21.1,87
2019-07-03,Meghalaya,21.3,86
2019-07-04,Meghalaya,21.8,86
2019-07-05,Meghalaya,21.6,87
2019-07-06,Meghalaya,20.3,91
2019-07-07,Meghalaya,20.4,93
2019-07-08,Meghalaya,20.8,93
2019-07-09,Meghalaya,20.9,93
2019-07-10,Meghalaya,20.4,94
2019-07-11,Meghalaya,20.5,93
2019-07-12,Meghalaya,20.5,92
2019-07-13,Meghalaya,20.4,91
2019-07-14,Meghalaya,19.5,92
2019-07-15,Meghalaya,19.7,92
2019-07-16,Meghalaya,21.2,84
2019-07-17,Meghalaya,21.5,84
2019-07-18,Meghalaya,21.8,84
2019-07-19,Meghalaya,21.5,86
2019-07-20,Meghalaya,21.2,90
2019-07-21,Meghalaya,21.5,85
2019-07-22,Meghalaya,21.1,87
2019-07-23,Meghalaya,20.7,86
2019-07-24,Meghalaya,21.0,91
2019-07-25,Meghalaya,20.6,96
2019-07-26,Meghalaya,20.0,92
2019-07-27,Meghalaya,19.4,93
2019-07-28,Meghalaya,20.8,85
2019-07-29,Meghalaya,20.8,85
2019-07-30,Meghalaya,20.7,90
2019-07-31,Meghalaya,20.4,88
2019-08-01,Meghalaya,20.4,95
2019-08-02,Meghalaya,20.7,90
2019-08-03,Meghalaya,21.1,88
2019-08-04,Meghalaya,21.5,90
2019-08-05,Meghalaya,22.1,91
2019-08-06,Meghalaya,22.5,86
2019-08-07,Meghalaya,21.1,91
2019-08-08,Meghalaya,19.6,92
2019-08-09,Meghalaya,21.1,95
2019-08-10,Meghalaya,21.1,92
2019-08-11,Meghalaya,22.0,88
2019-08-12,Meghalaya,23.0,79
2019-08-13,Meghalaya,20.7,89
2019-08-14,Meghalaya,20.4,93
2019-08-15,Meghalaya,20.7,90
2019-08-16,Meghalaya,20.7,94
2019-08-17,Meghalaya,20.5,93
2019-08-18,Meghalaya,20.6,88
2019-08-19,Meghalaya,20.8,85
2019-08-20,Meghalaya,20.9,87
2019-08-21,Meghalaya,21.0,88
2019-08-22,Meghalaya,21.4,89
2019-08-23,Meghalaya,20.6,95
2019-08-24,Meghalaya,20.3,92
2019-08-25,Meghalaya,20.5,88
2019-08-26,Meghalaya,21.2,82
2019-08-27,Meghalaya,21.5,85
2019-08-28,Meghalaya,20.7,93
2019-08-29,Meghalaya,21.4,89
2019-08-30,Meghalaya,21.0,89
2019-08-31,Meghalaya,20.5,92
2019-09-01,Meghalaya,21.8,85
2019-09-02,Meghalaya,21.4,85
2019-09-03,Meghalaya,21.0,89
2019-09-04,Meghalaya,20.5,94
2019-09-05,Meghalaya,20.1,95
2019-09-06,Meghalaya,20.6,91
2019-09-07,Meghalaya,20.3,92
2019-09-08,Meghalaya,20.9,91
2019-09-09,Meghalaya,21.0,91
2019-09-10,Meghalaya,21.1,95
2019-09-11,Meghalaya,20.8,91
2019-09-12,Meghalaya,19.8,94
2019-09-13,Meghalaya,20.0,91
2019-09-14,Meghalaya,20.3,87
2019-09-15,Meghalaya,20.5,90
2019-09-16,Meghalaya,20.3,88
2019-09-17,Meghalaya,19.8,84
2019-09-18,Meghalaya,19.7,86
2019-09-19,Meghalaya,19.7,89
2019-09-20,Meghalaya,19.7,92
2019-09-21,Meghalaya,19.9,90
2019-09-22,Meghalaya,20.1,88
2019-09-23,Meghalaya,19.1,87
2019-09-24,Meghalaya,18.5,91
2019-09-25,Meghalaya,18.0,91
2019-09-26,Meghalaya,17.7,93
2019-09-27,Meghalaya,18.2,92
2019-09-28,Meghalaya,18.4,84
2019-09-29,Meghalaya,17.7,89
2019-09-30,Meghalaya,17.7,92
2019-10-01,Meghalaya,17.5,95
2019-10-02,Meghalaya,18.1,95
2019-10-03,Meghalaya,18.1,98
2019-10-04,Meghalaya,18.3,86
2019-10-05,Meghalaya,18.9,85
2019-10-06,Meghalaya,18.6,89
2019-10-07,Meghalaya,18.3,92
2019-10-08,Meghalaya,17.6,90
2019-10-09,Meghalaya,18.1,81
2019-10-10,Meghalaya,17.3,93
2019-10-11,Meghalaya,17.3,87
2019-10-12,Meghalaya,17.7,83
2019-10-13,Meghalaya,18.0,82
2019-10-14,Meghalaya,17.7,82
2019-10-15,Meghalaya,18.2,80
2019-10-16,Meghalaya,17.4,92
2019-10-17,Meghalaya,17.8,93
2019-10-18,Meghalaya,18.7,81
2019-10-19,Meghalaya,18.2,79
2019-10-20,Meghalaya,17.5,81
2019-10-21,Meghalaya,17.8,81
2019-10-22,Meghalaya,17.3,74
2019-10-23,Meghalaya,16.8,73
2019-10-24,Meghalaya,15.7,87
2019-10-25,Meghalaya,15.8,91
2019-10-26,Meghalaya,17.1,94
2019-10-27,Meghalaya,17.2,85
2019-10-28,Meghalaya,17.1,89
2019-10-29,Meghalaya,17.3,82
2019-10-30,Meghalaya,17.6,70
2019-10-31,Meghalaya,15.9,75
2019-11-01,Meghalaya,16.7,84
2019-11-02,Meghalaya,16.0,78
2019-11-03,Meghalaya,15.4,73
2019-11-04,Meghalaya,15.6,83
2019-11-05,Meghalaya,15.1,84
2019-11-06,Meghalaya,15.7,79
2019-11-07,Meghalaya,16.2,74
2019-11-08,Meghalaya,16.4,74
2019-11-09,Meghalaya,16.5,93
2019-11-10,Meghalaya,16.5,91
2019-11-11,Meghalaya,16.6,90
2019-11-12,Meghalaya,15.8,88
2019-11-13,Meghalaya,16.4,88
2019-11-14,Meghalaya,16.4,74
2019-11-15,Meghalaya,17.4,58
2019-11-16,Meghalaya,16.4,86
2019-11-17,Meghalaya,15.4,82
2019-11-18,Meghalaya,15.2,87
2019-11-19,Meghalaya,14.2,81
2019-11-20,Meghalaya,13.9,92
2019-11-21,Meghalaya,14.6,72
2019-11-22,Meghalaya,15.0,69
2019-11-23,Meghalaya,13.4,85
2019-11-24,Meghalaya,13.9,89
2019-11-25,Meghalaya,14.0,89
2019-11-26,Meghalaya,14.5,85
2019-11-27,Meghalaya,15.3,76
2019-11-28,Meghalaya,15.3,57
2019-11-29,Meghalaya,13.7,57
2019-11-30,Meghalaya,13.2,61
2019-12-01,Meghalaya,12.5,69
2019-12-02,Meghalaya,11.8,78
2019-12-03,Meghalaya,11.9,73
2019-12-04,Meghalaya,10.6,77
2019-12-05,Meghalaya,13.2,58
2019-12-06,Meghalaya,14.2,51
2019-12-07,Meghalaya,13.9,54
2019-12-08,Meghalaya,12.7,71
2019-12-09,Meghalaya,12.6,73
2019-12-10,Meghalaya,11.7,77
2019-12-11,Meghalaya,10.6,83
2019-12-12,Meghalaya,10.4,84
2019-12-13,Meghalaya,10.8,72
2019-12-14,Meghalaya,11.8,69
2019-12-15,Meghalaya,10.9,79
2019-12-16,Meghalaya,11.3,71
2019-12-17,Meghalaya,9.5,70
2019-12-18,Meghalaya,9.8,71
2019-12-19,Meghalaya,10.8,70
2019-12-20,Meghalaya,9.5,83
2019-12-21,Meghalaya,10.0,82
2019-12-22,Meghalaya,10.8,65
2019-12-23,Meghalaya,10.1,67
2019-12-24,Meghalaya,9.1,69
2019-12-25,Meghalaya,7.9,66
2019-12-26,Meghalaya,8.8,71
2019-12-27,Meghalaya,8.6,77
2019-12-28,Meghalaya,9.0,70
2019-12-29,Meghalaya,9.7,58
2019-12-30,Meghalaya,11.1,47
2019-12-31,Meghalaya,10.0,69
2020-01-01,Meghalaya,11.2,79
2020-01-02,Meghalaya,11.4,86
2020-01-03,Meghalaya,10.0,87
2020-01-04,Meghalaya,9.2,86
2020-01-05,Meghalaya,7.6,81
2020-01-06,Meghalaya,6.9,76
2020-01-07,Meghalaya,9.2,80
2020-01-08,Meghalaya,10.4,79
2020-01-09,Meghalaya,10.1,74
2020-01-10,Meghalaya,9.0,85
2020-01-11,Meghalaya,9.5,85
2020-01-12,Meghalaya,10.2,78
2020-01-13,Meghalaya,10.8,75
2020-01-14,Meghalaya,10.8,83
2020-01-15,Meghalaya,10.2,77
2020-01-16,Meghalaya,10.8,78
2020-01-17,Meghalaya,11.5,77
2020-01-18,Meghalaya,11.7,71
2020-01-19,Meghalaya,11.7,72
2020-01-20,Meghalaya,10.2,77
2020-01-21,Meghalaya,8.9,41
2020-01-22,Meghalaya,9.3,45
2020-01-23,Meghalaya,8.5,56
2020-01-24,Meghalaya,6.8,78
2020-01-25,Meghalaya,9.0,70
2020-01-26,Meghalaya,7.4,81
2020-01-27,Meghalaya,7.4,85
2020-01-28,Meghalaya,7.5,85
2020-01-29,Meghalaya,9.5,82
2020-01-30,Meghalaya,10.3,76
2020-01-31,Meghalaya,9.3,79
2020-02-01,Meghalaya,8.8,71
2020-02-02,Meghalaya,7.3,75
2020-02-03,Meghalaya,8.2,74
2020-02-04,Meghalaya,9.4,78
2020-02-05,Meghalaya,9.0,69
2020-02-06,Meghalaya,8.4,67
2020-02-07,Meghalaya,8.7,76
2020-02-08,Meghalaya,10.5,77
2020-02-09,Meghalaya,10.1,68
2020-02-10,Meghalaya,10.5,76
2020-02-11,Meghalaya,11.0,81
2020-02-12,Meghalaya,12.2,74
2020-02-13,Meghalaya,11.9,86
2020-02-14,Meghalaya,10.9,84
2020-02-15,Meghalaya,10.7,87
2020-02-16,Meghalaya,11.9,80
2020-02-17,Meghalaya,12.4,83
2020-02-18,Meghalaya,12.2,76
2020-02-19,Meghalaya,12.4,79
2020-02-20,Meghalaya,12.0,71
2020-02-21,Meghalaya,14.6,69
2020-02-22,Meghalaya,13.6,58
2020-02-23,Meghalaya,13.9,58
2020-02-24,Meghalaya,13.1,68
2020-02-25,Meghalaya,12.6,73
2020-02-26,Meghalaya,10.8,80
2020-02-27,Meghalaya,10.4,79
2020-02-28,Meghalaya,13.3,68
2020-02-29,Meghalaya,14.7,65
2020-03-01,Meghalaya,15.2,66
2020-03-02,Meghalaya,14.1,71
2020-03-03,Meghalaya,12.7,69
2020-03-04,Meghalaya,12.0,76
2020-03-05,Meghalaya,12.4,82
2020-03-06,Meghalaya,12.4,82
2020-03-07,Meghalaya,12.7,82
2020-03-08,Meghalaya,13.5,76
2020-03-09,Meghalaya,12.6,73
2020-03-10,Meghalaya,13.4,78
2020-03-11,Meghalaya,14.2,65
2020-03-12,Meghalaya,15.6,71
2020-03-13,Meghalaya,15.8,75
2020-03-14,Meghalaya,15.5,78
2020-03-15,Meghalaya,16.0,70
2020-03-16,Meghalaya,15.7,54
2020-03-17,Meghalaya,14.4,46
2020-03-18,Meghalaya,13.5,63
2020-03-19,Meghalaya,13.7,67
2020-03-20,Meghalaya,13.1,73
2020-03-21,Meghalaya,13.4,70
2020-03-22,Meghalaya,12.2,82
2020-03-23,Meghalaya,12.4,82
2020-03-24,Meghalaya,13.7,77
2020-03-25,Meghalaya,15.1,79
2020-03-26,Meghalaya,15.4,82
2020-03-27,Meghalaya,17.0,76
2020-03-28,Meghalaya,18.0,76
2020-03-29,Meghalaya,17.2,57
2020-03-30,Meghalaya,16.4,56
2020-03-31,Meghalaya,17.5,52
2020-04-01,Meghalaya,17.8,56
2020-04-02,Meghalaya,17.4,65
2020-04-03,Meghalaya,17.6,72
2020-04-04,Meghalaya,16.9,61
2020-04-05,Meghalaya,16.7,53
2020-04-06,Meghalaya,17.0,56
2020-04-07,Meghalaya,18.0,56
2020-04-08,Meghalaya,18.8,60
2020-04-09,Meghalaya,18.2,58
2020-04-10,Meghalaya,17.7,61
2020-04-11,Meghalaya,17.8,68
2020-04-12,Meghalaya,16.5,68
2020-04-13,Meghalaya,17.9,66
2020-04-14,Meghalaya,18.7,67
2020-04-15,Meghalaya,17.9,69
2020-04-16,Meghalaya,16.5,77
2020-04-17,Meghalaya,16.9,85
2020-04-18,Meghalaya,17.6,87
2020-04-19,Meghalaya,18.6,80
2020-04-20,Meghalaya,18.0,84
2020-04-21,Meghalaya,17.5,75
2020-04-22,Meghalaya,15.6,81
2020-04-23,Meghalaya,16.0,75
2020-04-24,Meghalaya,15.0,90
2020-04-25,Meghalaya,15.4,83
2020-04-26,Meghalaya,15.9,86
2020-04-27,Meghalaya,16.4,85
2020-04-28,Meghalaya,16.0,88
2020-04-29,Meghalaya,15.6,95
2020-04-30,Meghalaya,16.3,85
2020-05-01,Meghalaya,16.7,85
2020-05-02,Meghalaya,16.7,86
2020-05-03,Meghalaya,17.0,87
2020-05-04,Meghalaya,17.0,87
2020-05-05,Meghalaya,18.1,83
2020-05-06,Meghalaya,17.5,84
2020-05-07,Meghalaya,17.5,75
2020-05-08,Meghalaya,17.3,75
2020-05-09,Meghalaya,17.5,79
2020-05-10,Meghalaya,19.5,69
2020-05-11,Meghalaya,18.4,78
2020-05-12,Meghalaya,18.7,76
2020-05-13,Meghalaya,18.8,80
2020-05-14,Meghalaya,18.9,80
2020-05-15,Meghalaya,18.6,92
2020-05-16,Meghalaya,19.1,90
2020-05-17,Meghalaya,19.9,82
2020-05-18,Meghalaya,19.6,82
2020-05-19,Meghalaya,20.5,71
2020-05-20,Meghalaya,18.2,92
2020-05-21,Meghalaya,18.4,95
2020-05-22,Meghalaya,19.6,90
2020-05-23,Meghalaya,20.2,84
2020-05-24,Meghalaya,20.3,87
2020-05-25,Meghalaya,20.8,87
2020-05-26,Meghalaya,20.6,88
2020-05-27,Meghalaya,18.3,91
2020-05-28,Meghalaya,18.2,86
2020-05-29,Meghalaya,17.7,96
2020-05-30,Meghalaya,18.1,91
2020-05-31,Meghalaya,17.7,95
2020-06-01,Meghalaya,17.9,91
2020-06-02,Meghalaya,20.1,82
2020-06-03,Meghalaya,20.3,82
2020-06-04,Meghalaya,20.4,82
2020-06-05,Meghalaya,20.3,89
2020-06-06,Meghalaya,20.0,89
2020-06-07,Meghalaya,20.6,84
2020-06-08,Meghalaya,20.3,84
2020-06-09,Meghalaya,20.9,84
2020-06-10,Meghalaya,20.8,86
2020-06-11,Meghalaya,19.9,92
2020-06-12,Meghalaya,20.3,91
2020-06-13,Meghalaya,20.2,92
2020-06-14,Meghalaya,21.1,89
2020-06-15,Meghalaya,21.1,87
2020-06-16,Meghalaya,20.9,89
2020-06-17,Meghalaya,20.4,92
2020-06-18,Meghalaya,20.1,93
2020-06-19,Meghalaya,20.7,89
2020-06-20,Meghalaya,21.1,87
2020-06-21,Meghalaya,20.6,89
2020-06-22,Meghalaya,20.9,88
2020-06-23,Meghalaya,21.1,87
2020-06-24,Meghalaya,21.4,85
2020-06-25,Meghalaya,20.9,86
2020-06-26,Meghalaya,19.8,93
2020-06-27,Meghalaya,19.9,93
2020-06-28,Meghalaya,20.2,95
2020-06-29,Meghalaya,20.6,91
2020-06-30,Meghalaya,20.5,87
2020-07-01,Meghalaya,20.9,90
2020-07-02,Meghalaya,21.0,88
2020-07-03,Meghalaya,21.0,95
2020-07-04,Meghalaya,20.6,92
2020-07-05,Meghalaya,20.6,91
2020-07-06,Meghalaya,20.9,91
2020-07-07,Meghalaya,21.0,90
2020-07-08,Meghalaya,21.4,89
2020-07-09,Meghalaya,21.3,91
2020-07-10,Meghalaya,20.5,94
2020-07-11,Meghalaya,20.2,94
2020-07-12,Meghalaya,20.6,93
2020-07-13,Meghalaya,21.1,93
2020-07-14,Meghalaya,21.0,89
2020-07-15,Meghalaya,20.3,89
2020-07-16,Meghalaya,21.2,86
2020-07-17,Meghalaya,21.4,84
2020-07-18,Meghalaya,21.3,87
2020-07-19,Meghalaya,21.0,91
2020-07-20,Meghalaya,20.2,94
2020-07-21,Meghalaya,20.2,94
2020-07-22,Meghalaya,20.2,93
2020-07-23,Meghalaya,20.6,89
2020-07-24,Meghalaya,20.4,92
2020-07-25,Meghalaya,21.2,84
2020-07-26,Meghalaya,21.1,94
2020-07-27,Meghalaya,20.9,92
2020-07-28,Meghalaya,20.8,88
2020-07-29,Meghalaya,20.2,92
2020-07-30,Meghalaya,20.2,89
2020-07-31,Meghalaya,20.6,92
2020-08-01,Meghalaya,21.1,89
2020-08-02,Meghalaya,22.0,89
2020-08-03,Meghalaya,22.2,90
2020-08-04,Meghalaya,22.0,90
2020-08-05,Meghalaya,22.2,84
2020-08-06,Meghalaya,22.0,87
2020-08-07,Meghalaya,21.8,91
2020-08-08,Meghalaya,21.7,89
2020-08-09,Meghalaya,21.4,88
2020-08-10,Meghalaya,21.4,85
2020-08-11,Meghalaya,21.5,90
2020-08-12,Meghalaya,21.5,88
2020-08-13,Meghalaya,21.8,85
2020-08-14,Meghalaya,21.4,86
2020-08-15,Meghalaya,20.5,90
2020-08-16,Meghalaya,20.2,91
2020-08-17,Meghalaya,20.4,92
2020-08-18,Meghalaya,21.0,90
2020-08-19,Meghalaya,20.8,88
2020-08-20,Meghalaya,20.0,89
2020-08-21,Meghalaya,19.6,92
2020-08-22,Meghalaya,19.7,92
2020-08-23,Meghalaya,20.2,95
2020-08-24,Meghalaya,20.7,93
2020-08-25,Meghalaya,21.2,91
2020-08-26,Meghalaya,20.8,85
2020-08-27,Meghalaya,20.0,89
2020-08-28,Meghalaya,20.3,89
2020-08-29,Meghalaya,20.6,87
2020-08-30,Meghalaya,20.8,90
2020-08-31,Meghalaya,20.6,94
2020-09-01,Meghalaya,19.7,92
2020-09-02,Meghalaya,20.3,87
2020-09-03,Meghalaya,20.6,86
2020-09-04,Meghalaya,20.8,83
2020-09-05,Meghalaya,20.7,84
2020-09-06,Meghalaya,20.4,89
2020-09-07,Meghalaya,19.8,90
2020-09-08,Meghalaya,20.1,96
2020-09-09,Meghalaya,20.5,88
2020-09-10,Meghalaya,20.4,94
2020-09-11,Meghalaya,20.5,93
2020-09-12,Meghalaya,20.4,92
2020-09-13,Meghalaya,20.0,89
2020-09-14,Meghalaya,20.1,90
2020-09-15,Meghalaya,20.4,87
2020-09-16,Meghalaya,20.2,92
2020-09-17,Meghalaya,20.0,91
2020-09-18,Meghalaya,20.2,88
2020-09-19,Meghalaya,21.3,88
2020-09-20,Meghalaya,21.8,82
2020-09-21,Meghalaya,20.6,89
2020-09-22,Meghalaya,19.8,95
2020-09-23,Meghalaya,20.2,93
2020-09-24,Meghalaya,20.0,94
2020-09-25,Meghalaya,19.8,93
2020-09-26,Meghalaya,20.3,93
2020-09-27,Meghalaya,19.7,91
2020-09-28,Meghalaya,20.5,89
2020-09-29,Meghalaya,20.4,86
2020-09-30,Meghalaya,20.2,89
2020-10-01,Meghalaya,20.0,93
2020-10-02,Meghalaya,19.9,93
2020-10-03,Meghalaya,19.6,96
2020-10-04,Meghalaya,20.0,93
2020-10-05,Meghalaya,19.5,92
2020-10-06,Meghalaya,19.2,91
2020-10-07,Meghalaya,19.1,94
2020-10-08,Meghalaya,19.5,91
2020-10-09,Meghalaya,20.2,92
2020-10-10,Meghalaya,20.3,84
2020-10-11,Meghalaya,19.7,90
2020-10-12,Meghalaya,19.8,89
2020-10-13,Meghalaya,19.5,94
2020-10-14,Meghalaya,19.3,88
2020-10-15,Meghalaya,19.6,86
2020-10-16,Meghalaya,19.8,90
2020-10-17,Meghalaya,19.8,80
2020-10-18,Meghalaya,19.2,88
2020-10-19,Meghalaya,19.1,92
2020-10-20,Meghalaya,19.4,83
2020-10-21,Meghalaya,18.4,87
2020-10-22,Meghalaya,17.7,92
2020-10-23,Meghalaya,17.0,95
2020-10-24,Meghalaya,18.1,93
2020-10-25,Meghalaya,18.2,88
2020-10-26,Meghalaya,17.5,87
2020-10-27,Meghalaya,17.7,84
2020-10-28,Meghalaya,17.7,88
2020-10-29,Meghalaya,20.1,74
2020-10-30,Meghalaya,19.0,67
2020-10-31,Meghalaya,18.5,87
2020-11-01,Meghalaya,17.8,95
2020-11-02,Meghalaya,17.8,91
2020-11-03,Meghalaya,17.7,83
2020-11-04,Meghalaya,17.1,72
2020-11-05,Meghalaya,15.5,64
2020-11-06,Meghalaya,14.4,72
2020-11-07,Meghalaya,15.9,60
2020-11-08,Meghalaya,15.8,60
2020-11-09,Meghalaya,16.4,49
2020-11-10,Meghalaya,15.5,57
2020-11-11,Meghalaya,16.0,66
2020-11-12,Meghalaya,17.5,61
2020-11-13,Meghalaya,18.0,57
2020-11-14,Meghalaya,17.5,62
2020-11-15,Meghalaya,17.4,50
2020-11-16,Meghalaya,15.5,60
2020-11-17,Meghalaya,13.4,76
2020-11-18,Meghalaya,13.2,71
2020-11-19,Meghalaya,13.3,77
2020-11-20,Meghalaya,13.9,81
2020-11-21,Meghalaya,14.2,78
2020-11-22,Meghalaya,11.9,71
2020-11-23,Meghalaya,11.7,78
2020-11-24,Meghalaya,13.6,56
2020-11-25,Meghalaya,14.8,48
2020-11-26,Meghalaya,16.6,36
2020-11-27,Meghalaya,16.3,43
2020-11-28,Meghalaya,15.4,60
2020-11-29,Meghalaya,15.5,64
2020-11-30,Meghalaya,13.4,54
2020-12-01,Meghalaya,14.9,52
2020-12-02,Meghalaya,14.4,55
2020-12-03,Meghalaya,13.5,68
2020-12-04,Meghalaya,12.1,74
2020-12-05,Meghalaya,11.0,77
2019-01-02,Mizoram,10.7,73
2019-01-03,Mizoram,10.2,72
2019-01-04,Mizoram,9.7,73
2019-01-05,Mizoram,10.2,73
2019-01-06,Mizoram,11.0,71
2019-01-07,Mizoram,12.3,74
2019-01-08,Mizoram,12.7,74
2019-01-09,Mizoram,11.1,69
2019-01-10,Mizoram,10.6,72
2019-01-11,Mizoram,10.6,73
2019-01-12,Mizoram,10.6,72
2019-01-13,Mizoram,11.3,67
2019-01-14,Mizoram,10.8,71
2019-01-15,Mizoram,10.2,69
2019-01-16,Mizoram,10.7,75
2019-01-17,Mizoram,11.2,71
2019-01-18,Mizoram,10.9,69
2019-01-19,Mizoram,11.0,68
2019-01-20,Mizoram,10.8,74
2019-01-21,Mizoram,11.5,74
2019-01-22,Mizoram,12.1,71
2019-01-23,Mizoram,12.1,66
2019-01-24,Mizoram,12.0,67
2019-01-25,Mizoram,12.9,67
2019-01-26,Mizoram,13.7,66
2019-01-27,Mizoram,14.1,64
2019-01-28,Mizoram,14.2,69
2019-01-29,Mizoram,12.9,83
2019-01-30,Mizoram,11.0,76
2019-01-31,Mizoram,12.2,69
2019-02-01,Mizoram,12.5,65
2019-02-02,Mizoram,12.4,60
2019-02-03,Mizoram,12.6,63
2019-02-04,Mizoram,12.0,61
2019-02-05,Mizoram,11.5,65
2019-02-06,Mizoram,12.1,63
2019-02-07,Mizoram,12.6,64
2019-02-08,Mizoram,14.2,66
2019-02-09,Mizoram,15.6,68
2019-02-10,Mizoram,14.6,69
2019-02-11,Mizoram,13.7,69
2019-02-12,Mizoram,14.0,63
2019-02-13,Mizoram,14.5,56
2019-02-14,Mizoram,14.6,58
2019-02-15,Mizoram,15.2,60
2019-02-16,Mizoram,13.8,72
2019-02-17,Mizoram,13.1,74
2019-02-18,Mizoram,13.9,66
2019-02-19,Mizoram,14.0,69
2019-02-20,Mizoram,15.0,68
2019-02-21,Mizoram,15.2,66
2019-02-22,Mizoram,15.8,67
2019-02-23,Mizoram,17.2,69
2019-02-24,Mizoram,17.4,72
2019-02-25,Mizoram,12.7,91
2019-02-26,Mizoram,13.6,82
2019-02-27,Mizoram,13.0,89
2019-02-28,Mizoram,12.0,97
2019-03-01,Mizoram,13.6,77
2019-03-02,Mizoram,12.2,69
2019-03-03,Mizoram,12.9,65
2019-03-04,Mizoram,13.5,71
2019-03-05,Mizoram,12.1,93
2019-03-06,Mizoram,14.3,88
2019-03-07,Mizoram,14.5,88
2019-03-08,Mizoram,13.8,78
2019-03-09,Mizoram,13.8,68
2019-03-10,Mizoram,14.6,70
2019-03-11,Mizoram,15.8,75
2019-03-12,Mizoram,16.4,76
2019-03-13,Mizoram,17.0,75
2019-03-14,Mizoram,17.8,74
2019-03-15,Mizoram,18.6,68
2019-03-16,Mizoram,18.0,70
2019-03-17,Mizoram,18.0,70
2019-03-18,Mizoram,17.0,74
2019-03-19,Mizoram,16.5,74
2019-03-20,Mizoram,17.3,72
2019-03-21,Mizoram,17.4,72
2019-03-22,Mizoram,17.4,79
2019-03-23,Mizoram,18.1,79
2019-03-24,Mizoram,18.0,68
2019-03-25,Mizoram,17.7,57
2019-03-26,Mizoram,18.4,57
2019-03-27,Mizoram,17.4,70
2019-03-28,Mizoram,17.4,66
2019-03-29,Mizoram,18.3,61
2019-03-30,Mizoram,19.5,60
2019-03-31,Mizoram,18.5,72
2019-04-01,Mizoram,18.7,75
2019-04-02,Mizoram,18.2,78
2019-04-03,Mizoram,18.4,75
2019-04-04,Mizoram,19.4,74
2019-04-05,Mizoram,19.7,76
2019-04-06,Mizoram,18.7,82
2019-04-07,Mizoram,17.9,83
2019-04-08,Mizoram,17.5,84
2019-04-09,Mizoram,18.2,77
2019-04-10,Mizoram,17.0,91
2019-04-11,Mizoram,18.5,81
2019-04-12,Mizoram,18.9,86
2019-04-13,Mizoram,19.9,84
2019-04-14,Mizoram,21.3,75
2019-04-15,Mizoram,21.8,70
2019-04-16,Mizoram,21.8,74
2019-04-17,Mizoram,22.7,70
2019-04-18,Mizoram,21.8,69
2019-04-19,Mizoram,20.6,68
2019-04-20,Mizoram,19.5,76
2019-04-21,Mizoram,20.3,65
2019-04-22,Mizoram,19.9,67
2019-04-23,Mizoram,20.7,62
2019-04-24,Mizoram,21.4,57
2019-04-25,Mizoram,22.2,62
2019-04-26,Mizoram,22.8,64
2019-04-27,Mizoram,23.0,62
2019-04-28,Mizoram,23.2,72
2019-04-29,Mizoram,22.9,70
2019-04-30,Mizoram,23.1,70
2019-05-01,Mizoram,22.9,73
2019-05-02,Mizoram,23.0,77
2019-05-03,Mizoram,21.7,84
2019-05-04,Mizoram,20.1,90
2019-05-05,Mizoram,21.1,76
2019-05-06,Mizoram,21.7,77
2019-05-07,Mizoram,22.0,71
2019-05-08,Mizoram,22.3,72
2019-05-09,Mizoram,22.9,73
2019-05-10,Mizoram,23.5,73
2019-05-11,Mizoram,24.0,73
2019-05-12,Mizoram,24.2,72
2019-05-13,Mizoram,24.2,70
2019-05-14,Mizoram,21.4,81
2019-05-15,Mizoram,20.6,87
2019-05-16,Mizoram,20.9,85
2019-05-17,Mizoram,22.6,78
2019-05-18,Mizoram,22.7,78
2019-05-19,Mizoram,23.2,81
2019-05-20,Mizoram,24.1,73
2019-05-21,Mizoram,24.1,70
2019-05-22,Mizoram,23.7,75
2019-05-23,Mizoram,23.0,75
2019-05-24,Mizoram,20.7,90
2019-05-25,Mizoram,20.6,89
2019-05-26,Mizoram,21.8,83
2019-05-27,Mizoram,23.0,75
2019-05-28,Mizoram,23.5,68
2019-05-29,Mizoram,23.4,71
2019-05-30,Mizoram,23.9,71
2019-05-31,Mizoram,23.1,73
2019-06-01,Mizoram,20.2,92
2019-06-02,Mizoram,21.1,85
2019-06-03,Mizoram,21.1,85
2019-06-04,Mizoram,20.7,86
2019-06-05,Mizoram,20.9,88
2019-06-06,Mizoram,22.3,83
2019-06-07,Mizoram,20.7,94
2019-06-08,Mizoram,21.7,87
2019-06-09,Mizoram,21.7,88
2019-06-10,Mizoram,21.9,89
2019-06-11,Mizoram,22.5,87
2019-06-12,Mizoram,23.0,85
2019-06-13,Mizoram,22.6,90
2019-06-14,Mizoram,20.7,97
2019-06-15,Mizoram,20.8,93
2019-06-16,Mizoram,22.6,82
2019-06-17,Mizoram,24.0,78
2019-06-18,Mizoram,23.2,88
2019-06-19,Mizoram,22.2,92
2019-06-20,Mizoram,22.3,90
2019-06-21,Mizoram,22.2,91
2019-06-22,Mizoram,22.9,84
2019-06-23,Mizoram,23.3,83
2019-06-24,Mizoram,23.5,79
2019-06-25,Mizoram,22.6,84
2019-06-26,Mizoram,22.4,85
2019-06-27,Mizoram,22.2,82
2019-06-28,Mizoram,22.7,80
2019-06-29,Mizoram,23.4,78
2019-06-30,Mizoram,22.4,91
2019-07-01,Mizoram,22.8,85
2019-07-02,Mizoram,22.9,79
2019-07-03,Mizoram,22.8,80
2019-07-04,Mizoram,22.7,82
2019-07-05,Mizoram,23.0,83
2019-07-06,Mizoram,21.5,90
2019-07-07,Mizoram,21.1,92
2019-07-08,Mizoram,20.2,99
2019-07-09,Mizoram,20.5,95
2019-07-10,Mizoram,20.7,93
2019-07-11,Mizoram,20.1,97
2019-07-12,Mizoram,20.0,96
2019-07-13,Mizoram,19.5,97
2019-07-14,Mizoram,19.1,95
2019-07-15,Mizoram,20.8,89
2019-07-16,Mizoram,22.2,85
2019-07-17,Mizoram,22.7,89
2019-07-18,Mizoram,22.4,89
2019-07-19,Mizoram,21.6,93
2019-07-20,Mizoram,22.0,91
2019-07-21,Mizoram,22.4,85
2019-07-22,Mizoram,21.6,89
2019-07-23,Mizoram,21.6,85
2019-07-24,Mizoram,21.6,87
2019-07-25,Mizoram,21.7,88
2019-07-26,Mizoram,21.7,86
2019-07-27,Mizoram,22.0,85
2019-07-28,Mizoram,22.3,85
2019-07-29,Mizoram,22.0,84
2019-07-30,Mizoram,20.2,95
2019-07-31,Mizoram,20.5,90
2019-08-01,Mizoram,22.2,84
2019-08-02,Mizoram,21.7,88
2019-08-03,Mizoram,22.0,88
2019-08-04,Mizoram,22.4,91
2019-08-05,Mizoram,23.9,86
2019-08-06,Mizoram,23.3,89
2019-08-07,Mizoram,21.8,94
2019-08-08,Mizoram,20.8,94
2019-08-09,Mizoram,21.4,89
2019-08-10,Mizoram,22.2,87
2019-08-11,Mizoram,23.0,90
2019-08-12,Mizoram,22.6,92
2019-08-13,Mizoram,21.4,93
2019-08-14,Mizoram,20.9,92
2019-08-15,Mizoram,20.9,92
2019-08-16,Mizoram,20.8,92
2019-08-17,Mizoram,21.4,87
2019-08-18,Mizoram,21.3,86
2019-08-19,Mizoram,21.5,87
2019-08-20,Mizoram,22.3,85
2019-08-21,Mizoram,21.9,94
2019-08-22,Mizoram,21.8,92
2019-08-23,Mizoram,21.1,95
2019-08-24,Mizoram,20.6,96
2019-08-25,Mizoram,21.5,92
2019-08-26,Mizoram,21.8,90
2019-08-27,Mizoram,22.1,90
2019-08-28,Mizoram,21.3,95
2019-08-29,Mizoram,21.7,94
2019-08-30,Mizoram,22.3,94
2019-08-31,Mizoram,22.2,93
2019-09-01,Mizoram,22.3,93
2019-09-02,Mizoram,22.0,92
2019-09-03,Mizoram,21.9,93
2019-09-04,Mizoram,21.8,92
2019-09-05,Mizoram,21.3,95
2019-09-06,Mizoram,21.7,92
2019-09-07,Mizoram,21.5,91
2019-09-08,Mizoram,21.4,88
2019-09-09,Mizoram,21.1,91
2019-09-10,Mizoram,21.2,91
2019-09-11,Mizoram,21.5,88
2019-09-12,Mizoram,20.6,90
2019-09-13,Mizoram,20.6,90
2019-09-14,Mizoram,21.0,88
2019-09-15,Mizoram,21.5,90
2019-09-16,Mizoram,21.0,93
2019-09-17,Mizoram,21.6,92
2019-09-18,Mizoram,22.3,89
2019-09-19,Mizoram,22.5,86
2019-09-20,Mizoram,21.4,94
2019-09-21,Mizoram,21.5,91
2019-09-22,Mizoram,21.4,91
2019-09-23,Mizoram,20.8,92
2019-09-24,Mizoram,19.8,97
2019-09-25,Mizoram,19.0,99
2019-09-26,Mizoram,19.4,94
2019-09-27,Mizoram,20.0,91
2019-09-28,Mizoram,20.4,90
2019-09-29,Mizoram,19.4,93
2019-09-30,Mizoram,19.0,94
2019-10-01,Mizoram,18.5,97
2019-10-02,Mizoram,19.0,92
2019-10-03,Mizoram,19.8,88
2019-10-04,Mizoram,19.4,92
2019-10-05,Mizoram,19.8,92
2019-10-06,Mizoram,20.0,91
2019-10-07,Mizoram,19.7,94
2019-10-08,Mizoram,19.6,95
2019-10-09,Mizoram,19.8,88
2019-10-10,Mizoram,18.6,95
2019-10-11,Mizoram,18.7,92
2019-10-12,Mizoram,19.4,86
2019-10-13,Mizoram,19.7,86
2019-10-14,Mizoram,20.5,86
2019-10-15,Mizoram,19.6,92
2019-10-16,Mizoram,19.3,93
2019-10-17,Mizoram,20.1,87
2019-10-18,Mizoram,20.7,85
2019-10-19,Mizoram,20.9,83
2019-10-20,Mizoram,20.7,83
2019-10-21,Mizoram,20.4,82
2019-10-22,Mizoram,19.3,90
2019-10-23,Mizoram,19.6,88
2019-10-24,Mizoram,18.8,92
2019-10-25,Mizoram,20.0,84
2019-10-26,Mizoram,19.7,88
2019-10-27,Mizoram,19.3,94
2019-10-28,Mizoram,19.7,93
2019-10-29,Mizoram,20.0,89
2019-10-30,Mizoram,20.5,81
2019-10-31,Mizoram,19.3,83
2019-11-01,Mizoram,19.2,82
2019-11-02,Mizoram,19.2,83
2019-11-03,Mizoram,19.4,81
2019-11-04,Mizoram,19.4,81
2019-11-05,Mizoram,18.2,77
2019-11-06,Mizoram,17.5,77
2019-11-07,Mizoram,18.5,76
2019-11-08,Mizoram,19.4,88
2019-11-09,Mizoram,18.9,96
2019-11-10,Mizoram,18.0,97
2019-11-11,Mizoram,18.2,94
2019-11-12,Mizoram,18.1,91
2019-11-13,Mizoram,18.8,86
2019-11-14,Mizoram,18.5,84
2019-11-15,Mizoram,17.4,82
2019-11-16,Mizoram,16.2,80
2019-11-17,Mizoram,15.4,79
2019-11-18,Mizoram,15.5,81
2019-11-19,Mizoram,14.5,80
2019-11-20,Mizoram,14.0,79
2019-11-21,Mizoram,14.5,75
2019-11-22,Mizoram,14.9,73
2019-11-23,Mizoram,14.6,77
2019-11-24,Mizoram,14.6,80
2019-11-25,Mizoram,15.4,77
2019-11-26,Mizoram,15.8,76
2019-11-27,Mizoram,16.3,72
2019-11-28,Mizoram,16.2,70
2019-11-29,Mizoram,15.8,72
2019-11-30,Mizoram,15.0,73
2019-12-01,Mizoram,14.3,73
2019-12-02,Mizoram,13.0,75
2019-12-03,Mizoram,12.6,74
2019-12-04,Mizoram,12.5,79
2019-12-05,Mizoram,13.6,74
2019-12-06,Mizoram,13.1,67
2019-12-07,Mizoram,13.7,71
2019-12-08,Mizoram,13.5,74
2019-12-09,Mizoram,13.4,73
2019-12-10,Mizoram,12.8,74
2019-12-11,Mizoram,12.5,73
2019-12-12,Mizoram,12.1,73
2019-12-13,Mizoram,12.3,72
2019-12-14,Mizoram,12.9,72
2019-12-15,Mizoram,13.0,72
2019-12-16,Mizoram,12.9,72
2019-12-17,Mizoram,12.8,74
2019-12-18,Mizoram,12.3,82
2019-12-19,Mizoram,11.6,79
2019-12-20,Mizoram,11.2,73
2019-12-21,Mizoram,11.0,76
2019-12-22,Mizoram,12.0,77
2019-12-23,Mizoram,12.0,73
2019-12-24,Mizoram,11.0,67
2019-12-25,Mizoram,10.9,65
2019-12-26,Mizoram,12.6,66
2019-12-27,Mizoram,11.1,93
2019-12-28,Mizoram,11.0,88
2019-12-29,Mizoram,10.9,78
2019-12-30,Mizoram,11.7,75
2019-12-31,Mizoram,12.5,76
2020-01-01,Mizoram,11.8,92
2020-01-02,Mizoram,13.5,89
2020-01-03,Mizoram,12.8,95
2020-01-04,Mizoram,12.5,92
2020-01-05,Mizoram,12.0,91
2020-01-06,Mizoram,10.7,85
2020-01-07,Mizoram,10.0,80
2020-01-08,Mizoram,11.2,83
2020-01-09,Mizoram,12.7,82
2020-01-10,Mizoram,12.5,86
2020-01-11,Mizoram,11.4,83
2020-01-12,Mizoram,10.9,83
2020-01-13,Mizoram,11.2,81
2020-01-14,Mizoram,11.2,82
2020-01-15,Mizoram,11.7,79
2020-01-16,Mizoram,12.5,77
2020-01-17,Mizoram,12.7,73
2020-01-18,Mizoram,12.3,70
2020-01-19,Mizoram,12.4,72
2020-01-20,Mizoram,12.1,84
2020-01-21,Mizoram,12.3,78
2020-01-22,Mizoram,10.9,69
2020-01-23,Mizoram,11.0,73
2020-01-24,Mizoram,10.6,67
2020-01-25,Mizoram,9.2,72
2020-01-26,Mizoram,9.3,73
2020-01-27,Mizoram,9.7,71
2020-01-28,Mizoram,10.5,71
2020-01-29,Mizoram,11.1,72
2020-01-30,Mizoram,12.5,72
2020-01-31,Mizoram,11.9,88
2020-02-01,Mizoram,12.0,78
2020-02-02,Mizoram,10.4,72
2020-02-03,Mizoram,10.0,66
2020-02-04,Mizoram,9.8,69
2020-02-05,Mizoram,12.1,66
2020-02-06,Mizoram,11.5,62
2020-02-07,Mizoram,11.5,62
2020-02-08,Mizoram,13.1,63
2020-02-09,Mizoram,11.2,91
2020-02-10,Mizoram,11.7,74
2020-02-11,Mizoram,11.9,67
2020-02-12,Mizoram,12.1,68
2020-02-13,Mizoram,12.3,71
2020-02-14,Mizoram,12.6,69
2020-02-15,Mizoram,13.8,71
2020-02-16,Mizoram,14.5,68
2020-02-17,Mizoram,13.9,71
2020-02-18,Mizoram,13.8,68
2020-02-19,Mizoram,14.1,65
2020-02-20,Mizoram,13.8,60
2020-02-21,Mizoram,14.8,63
2020-02-22,Mizoram,16.3,55
2020-02-23,Mizoram,16.2,60
2020-02-24,Mizoram,15.9,58
2020-02-25,Mizoram,15.6,72
2020-02-26,Mizoram,12.6,83
2020-02-27,Mizoram,12.6,74
2020-02-28,Mizoram,13.8,67
2020-02-29,Mizoram,15.1,64
2020-03-01,Mizoram,15.9,61
2020-03-02,Mizoram,16.4,61
2020-03-03,Mizoram,15.0,72
2020-03-04,Mizoram,15.1,74
2020-03-05,Mizoram,15.6,73
2020-03-06,Mizoram,15.3,78
2020-03-07,Mizoram,13.5,87
2020-03-08,Mizoram,15.2,80
2020-03-09,Mizoram,16.1,65
2020-03-10,Mizoram,15.6,56
2020-03-11,Mizoram,16.5,55
2020-03-12,Mizoram,18.5,59
2020-03-13,Mizoram,19.2,62
2020-03-14,Mizoram,20.0,60
2020-03-15,Mizoram,19.8,62
2020-03-16,Mizoram,19.2,58
2020-03-17,Mizoram,18.3,55
2020-03-18,Mizoram,17.5,59
2020-03-19,Mizoram,18.2,54
2020-03-20,Mizoram,17.2,59
2020-03-21,Mizoram,17.6,61
2020-03-22,Mizoram,15.5,73
2020-03-23,Mizoram,16.3,71
2020-03-24,Mizoram,17.2,62
2020-03-25,Mizoram,18.3,59
2020-03-26,Mizoram,19.1,62
2020-03-27,Mizoram,20.7,58
2020-03-28,Mizoram,21.6,56
2020-03-29,Mizoram,21.7,56
2020-03-30,Mizoram,20.4,44
2020-03-31,Mizoram,19.9,39
2020-04-01,Mizoram,19.8,43
2020-04-02,Mizoram,20.6,50
2020-04-03,Mizoram,20.9,65
2020-04-04,Mizoram,20.8,67
2020-04-05,Mizoram,20.4,66
2020-04-06,Mizoram,20.6,58
2020-04-07,Mizoram,20.7,51
2020-04-08,Mizoram,21.0,52
2020-04-09,Mizoram,21.2,52
2020-04-10,Mizoram,22.0,49
2020-04-11,Mizoram,22.1,46
2020-04-12,Mizoram,21.1,54
2020-04-13,Mizoram,21.8,50
2020-04-14,Mizoram,22.3,54
2020-04-15,Mizoram,22.1,62
2020-04-16,Mizoram,19.2,81
2020-04-17,Mizoram,18.7,85
2020-04-18,Mizoram,19.6,79
2020-04-19,Mizoram,21.0,63
2020-04-20,Mizoram,21.4,65
2020-04-21,Mizoram,19.9,82
2020-04-22,Mizoram,18.3,81
2020-04-23,Mizoram,19.2,77
2020-04-24,Mizoram,18.4,84
2020-04-25,Mizoram,18.5,83
2020-04-26,Mizoram,17.9,86
2020-04-27,Mizoram,18.5,87
2020-04-28,Mizoram,18.6,84
2020-04-29,Mizoram,18.3,91
2020-04-30,Mizoram,18.0,90
2020-05-01,Mizoram,19.0,82
2020-05-02,Mizoram,18.8,84
2020-05-03,Mizoram,18.4,90
2020-05-04,Mizoram,19.4,87
2020-05-05,Mizoram,20.8,83
2020-05-06,Mizoram,21.1,80
2020-05-07,Mizoram,20.5,74
2020-05-08,Mizoram,21.3,64
2020-05-09,Mizoram,21.1,64
2020-05-10,Mizoram,22.3,60
2020-05-11,Mizoram,22.5,65
2020-05-12,Mizoram,23.0,67
2020-05-13,Mizoram,22.1,70
2020-05-14,Mizoram,22.2,71
2020-05-15,Mizoram,21.8,75
2020-05-16,Mizoram,22.7,70
2020-05-17,Mizoram,23.3,65
2020-05-18,Mizoram,24.1,62
2020-05-19,Mizoram,22.8,76
2020-05-20,Mizoram,21.5,93
2020-05-21,Mizoram,22.2,80
2020-05-22,Mizoram,21.1,84
2020-05-23,Mizoram,22.4,78
2020-05-24,Mizoram,23.6,72
2020-05-25,Mizoram,23.2,73
2020-05-26,Mizoram,22.7,71
2020-05-27,Mizoram,20.1,90
2020-05-28,Mizoram,18.7,94
2020-05-29,Mizoram,19.1,89
2020-05-30,Mizoram,19.8,90
2020-05-31,Mizoram,20.0,89
2020-06-01,Mizoram,20.4,87
2020-06-02,Mizoram,21.4,83
2020-06-03,Mizoram,20.8,89
2020-06-04,Mizoram,20.8,88
2020-06-05,Mizoram,21.7,83
2020-06-06,Mizoram,22.2,83
2020-06-07,Mizoram,22.2,84
2020-06-08,Mizoram,22.0,87
2020-06-09,Mizoram,22.9,85
2020-06-10,Mizoram,21.9,92
2020-06-11,Mizoram,21.2,93
2020-06-12,Mizoram,21.9,87
2020-06-13,Mizoram,21.6,91
2020-06-14,Mizoram,22.3,87
2020-06-15,Mizoram,22.1,88
2020-06-16,Mizoram,22.2,86
2020-06-17,Mizoram,20.0,98
2020-06-18,Mizoram,20.3,97
2020-06-19,Mizoram,20.7,92
2020-06-20,Mizoram,22.3,84
2020-06-21,Mizoram,22.1,85
2020-06-22,Mizoram,21.9,85
2020-06-23,Mizoram,22.1,84
2020-06-24,Mizoram,22.6,83
2020-06-25,Mizoram,22.6,81
2020-06-26,Mizoram,21.9,83
2020-06-27,Mizoram,21.4,87
2020-06-28,Mizoram,20.0,97
2020-06-29,Mizoram,22.0,84
2020-06-30,Mizoram,22.3,83
2020-07-01,Mizoram,21.5,89
2020-07-02,Mizoram,21.1,94
2020-07-03,Mizoram,22.3,86
2020-07-04,Mizoram,22.0,89
2020-07-05,Mizoram,21.9,87
2020-07-06,Mizoram,22.1,87
2020-07-07,Mizoram,22.8,83
2020-07-08,Mizoram,21.9,87
2020-07-09,Mizoram,21.0,89
2020-07-10,Mizoram,20.7,92
2020-07-11,Mizoram,20.7,92
2020-07-12,Mizoram,20.8,94
2020-07-13,Mizoram,22.2,86
2020-07-14,Mizoram,20.7,96
2020-07-15,Mizoram,22.0,85
2020-07-16,Mizoram,22.2,84
2020-07-17,Mizoram,22.5,82
2020-07-18,Mizoram,21.7,87
2020-07-19,Mizoram,20.8,93
2020-07-20,Mizoram,20.3,95
2020-07-21,Mizoram,20.2,95
2020-07-22,Mizoram,20.2,96
2020-07-23,Mizoram,20.8,91
2020-07-24,Mizoram,21.7,84
2020-07-25,Mizoram,22.6,82
2020-07-26,Mizoram,22.6,85
2020-07-27,Mizoram,21.8,91
2020-07-28,Mizoram,21.6,91
2020-07-29,Mizoram,21.3,90
2020-07-30,Mizoram,20.4,96
2020-07-31,Mizoram,21.7,88
2020-08-01,Mizoram,22.8,88
2020-08-02,Mizoram,22.3,93
2020-08-03,Mizoram,23.5,90
2020-08-04,Mizoram,22.9,93
2020-08-05,Mizoram,23.3,88
2020-08-06,Mizoram,22.5,90
2020-08-07,Mizoram,21.8,90
2020-08-08,Mizoram,22.6,85
2020-08-09,Mizoram,21.5,94
2020-08-10,Mizoram,22.3,85
2020-08-11,Mizoram,21.5,89
2020-08-12,Mizoram,21.9,87
2020-08-13,Mizoram,23.0,83
2020-08-14,Mizoram,22.7,88
2020-08-15,Mizoram,22.2,86
2020-08-16,Mizoram,21.6,84
2020-08-17,Mizoram,21.2,86
2020-08-18,Mizoram,20.6,90
2020-08-19,Mizoram,20.8,95
2020-08-20,Mizoram,20.8,95
2020-08-21,Mizoram,20.9,90
2020-08-22,Mizoram,20.2,95
2020-08-23,Mizoram,21.1,89
2020-08-24,Mizoram,21.4,91
2020-08-25,Mizoram,22.0,92
2020-08-26,Mizoram,21.8,90
2020-08-27,Mizoram,21.2,89
2020-08-28,Mizoram,21.1,88
2020-08-29,Mizoram,21.3,85
2020-08-30,Mizoram,21.3,87
2020-08-31,Mizoram,21.0,92
2020-09-01,Mizoram,20.7,96
2020-09-02,Mizoram,21.5,90
2020-09-03,Mizoram,21.8,90
2020-09-04,Mizoram,22.9,86
2020-09-05,Mizoram,22.0,90
2020-09-06,Mizoram,22.3,82
2020-09-07,Mizoram,21.9,85
2020-09-08,Mizoram,22.1,87
2020-09-09,Mizoram,21.8,89
2020-09-10,Mizoram,20.9,94
2020-09-11,Mizoram,21.2,90
2020-09-12,Mizoram,21.1,92
2020-09-13,Mizoram,20.9,93
2020-09-14,Mizoram,21.3,90
2020-09-15,Mizoram,21.1,90
2020-09-16,Mizoram,21.1,89
2020-09-17,Mizoram,21.6,88
2020-09-18,Mizoram,21.9,90
2020-09-19,Mizoram,23.2,87
2020-09-20,Mizoram,23.6,81
2020-09-21,Mizoram,21.5,96
2020-09-22,Mizoram,21.0,95
2020-09-23,Mizoram,20.4,94
2020-09-24,Mizoram,20.3,91
2020-09-25,Mizoram,19.9,94
2020-09-26,Mizoram,20.1,92
2020-09-27,Mizoram,21.2,87
2020-09-28,Mizoram,21.8,87
2020-09-29,Mizoram,22.0,88
2020-09-30,Mizoram,21.4,96
2020-10-01,Mizoram,21.3,91
2020-10-02,Mizoram,21.1,93
2020-10-03,Mizoram,21.3,93
2020-10-04,Mizoram,21.2,92
2020-10-05,Mizoram,20.9,95
2020-10-06,Mizoram,20.3,94
2020-10-07,Mizoram,20.8,93
2020-10-08,Mizoram,22.3,85
2020-10-09,Mizoram,22.5,90
2020-10-10,Mizoram,22.6,88
2020-10-11,Mizoram,22.4,84
2020-10-12,Mizoram,22.1,85
2020-10-13,Mizoram,22.2,87
2020-10-14,Mizoram,22.1,87
2020-10-15,Mizoram,22.6,82
2020-10-16,Mizoram,22.7,81
2020-10-17,Mizoram,22.4,82
2020-10-18,Mizoram,20.9,94
2020-10-19,Mizoram,21.2,91
2020-10-20,Mizoram,20.2,94
2020-10-21,Mizoram,20.3,93
2020-10-22,Mizoram,19.5,98
2020-10-23,Mizoram,18.7,99
2020-10-24,Mizoram,19.6,91
2020-10-25,Mizoram,19.7,91
2020-10-26,Mizoram,20.1,85
2020-10-27,Mizoram,20.1,88
2020-10-28,Mizoram,20.2,91
2020-10-29,Mizoram,21.5,86
2020-10-30,Mizoram,22.0,86
2020-10-31,Mizoram,19.5,99
2020-11-01,Mizoram,19.2,98
2020-11-02,Mizoram,19.4,94
2020-11-03,Mizoram,19.1,93
2020-11-04,Mizoram,18.1,94
2020-11-05,Mizoram,17.5,87
2020-11-06,Mizoram,16.2,85
2020-11-07,Mizoram,17.5,83
2020-11-08,Mizoram,17.8,80
2020-11-09,Mizoram,17.7,79
2020-11-10,Mizoram,17.9,77
2020-11-11,Mizoram,18.4,79
2020-11-12,Mizoram,18.1,81
2020-11-13,Mizoram,18.3,78
2020-11-14,Mizoram,18.3,74
2020-11-15,Mizoram,18.4,75
2020-11-16,Mizoram,17.9,76
2020-11-17,Mizoram,16.5,76
2020-11-18,Mizoram,15.3,68
2020-11-19,Mizoram,15.1,67
2020-11-20,Mizoram,16.4,70
2020-11-21,Mizoram,16.5,81
2020-11-22,Mizoram,15.8,88
2020-11-23,Mizoram,15.1,77
2020-11-24,Mizoram,14.1,66
2020-11-25,Mizoram,14.7,68
2020-11-26,Mizoram,14.9,67
2020-11-27,Mizoram,15.1,71
2020-11-28,Mizoram,16.6,70
2020-11-29,Mizoram,16.5,71
2020-11-30,Mizoram,16.5,72
2020-12-01,Mizoram,16.0,66
2020-12-02,Mizoram,15.1,66
2020-12-03,Mizoram,14.6,67
2020-12-04,Mizoram,13.9,66
2020-12-05,Mizoram,13.5,64
2019-01-02,Nagaland,9.1,72
2019-01-03,Nagaland,8.5,76
2019-01-04,Nagaland,7.1,80
2019-01-05,Nagaland,9.3,73
2019-01-06,Nagaland,10.7,72
2019-01-07,Nagaland,11.5,66
2019-01-08,Nagaland,10.1,80
2019-01-09,Nagaland,9.0,73
2019-01-10,Nagaland,8.0,82
2019-01-11,Nagaland,9.3,75
2019-01-12,Nagaland,9.4,73
2019-01-13,Nagaland,10.0,74
2019-01-14,Nagaland,9.4,78
2019-01-15,Nagaland,8.9,78
2019-01-16,Nagaland,9.5,60
2019-01-17,Nagaland,10.1,63
2019-01-18,Nagaland,9.5,68
2019-01-19,Nagaland,9.5,66
2019-01-20,Nagaland,9.9,71
2019-01-21,Nagaland,10.3,75
2019-01-22,Nagaland,10.3,77
2019-01-23,Nagaland,10.8,72
2019-01-24,Nagaland,11.1,72
2019-01-25,Nagaland,12.1,73
2019-01-26,Nagaland,12.2,77
2019-01-27,Nagaland,11.8,80
2019-01-28,Nagaland,11.4,78
2019-01-29,Nagaland,9.5,87
2019-01-30,Nagaland,8.4,82
2019-01-31,Nagaland,10.4,71
2019-02-01,Nagaland,11.8,66
2019-02-02,Nagaland,11.0,61
2019-02-03,Nagaland,10.2,70
2019-02-04,Nagaland,10.5,69
2019-02-05,Nagaland,11.5,70
2019-02-06,Nagaland,10.8,60
2019-02-07,Nagaland,11.6,64
2019-02-08,Nagaland,12.7,71
2019-02-09,Nagaland,12.5,83
2019-02-10,Nagaland,10.5,94
2019-02-11,Nagaland,10.9,74
2019-02-12,Nagaland,12.5,74
2019-02-13,Nagaland,13.0,74
2019-02-14,Nagaland,13.0,67
2019-02-15,Nagaland,13.2,70
2019-02-16,Nagaland,12.1,80
2019-02-17,Nagaland,10.1,80
2019-02-18,Nagaland,9.3,81
2019-02-19,Nagaland,10.4,83
2019-02-20,Nagaland,11.3,83
2019-02-21,Nagaland,10.6,92
2019-02-22,Nagaland,11.7,86
2019-02-23,Nagaland,12.9,82
2019-02-24,Nagaland,13.5,71
2019-02-25,Nagaland,11.2,81
2019-02-26,Nagaland,12.0,75
2019-02-27,Nagaland,12.4,78
2019-02-28,Nagaland,11.5,85
2019-03-01,Nagaland,11.1,83
2019-03-02,Nagaland,10.7,77
2019-03-03,Nagaland,11.2,73
2019-03-04,Nagaland,10.6,80
2019-03-05,Nagaland,12.1,88
2019-03-06,Nagaland,11.6,88
2019-03-07,Nagaland,11.3,86
2019-03-08,Nagaland,11.1,90
2019-03-09,Nagaland,10.6,76
2019-03-10,Nagaland,11.9,73
2019-03-11,Nagaland,12.8,83
2019-03-12,Nagaland,13.9,80
2019-03-13,Nagaland,14.7,74
2019-03-14,Nagaland,15.3,84
2019-03-15,Nagaland,15.9,75
2019-03-16,Nagaland,16.3,67
2019-03-17,Nagaland,15.7,71
2019-03-18,Nagaland,15.2,77
2019-03-19,Nagaland,13.5,81
2019-03-20,Nagaland,13.5,78
2019-03-21,Nagaland,13.9,77
2019-03-22,Nagaland,15.2,76
2019-03-23,Nagaland,15.3,76
2019-03-24,Nagaland,14.3,79
2019-03-25,Nagaland,15.1,69
2019-03-26,Nagaland,15.4,68
2019-03-27,Nagaland,14.5,81
2019-03-28,Nagaland,14.3,73
2019-03-29,Nagaland,15.7,74
2019-03-30,Nagaland,16.0,81
2019-03-31,Nagaland,15.7,85
2019-04-01,Nagaland,15.6,85
2019-04-02,Nagaland,16.1,83
2019-04-03,Nagaland,14.4,81
2019-04-04,Nagaland,14.9,84
2019-04-05,Nagaland,15.0,89
2019-04-06,Nagaland,16.2,81
2019-04-07,Nagaland,14.6,88
2019-04-08,Nagaland,14.3,90
2019-04-09,Nagaland,14.5,90
2019-04-10,Nagaland,14.6,91
2019-04-11,Nagaland,15.8,85
2019-04-12,Nagaland,17.1,85
2019-04-13,Nagaland,18.3,81
2019-04-14,Nagaland,17.3,86
2019-04-15,Nagaland,16.8,88
2019-04-16,Nagaland,17.6,89
2019-04-17,Nagaland,18.8,82
2019-04-18,Nagaland,17.9,80
2019-04-19,Nagaland,17.9,74
2019-04-20,Nagaland,16.9,77
2019-04-21,Nagaland,16.6,75
2019-04-22,Nagaland,16.5,77
2019-04-23,Nagaland,17.0,81
2019-04-24,Nagaland,18.1,75
2019-04-25,Nagaland,19.1,79
2019-04-26,Nagaland,18.6,87
2019-04-27,Nagaland,18.7,87
2019-04-28,Nagaland,18.2,91
2019-04-29,Nagaland,19.0,83
2019-04-30,Nagaland,19.0,83
2019-05-01,Nagaland,19.1,84
2019-05-02,Nagaland,20.0,86
2019-05-03,Nagaland,18.9,92
2019-05-04,Nagaland,20.3,84
2019-05-05,Nagaland,19.0,87
2019-05-06,Nagaland,19.6,69
2019-05-07,Nagaland,19.0,78
2019-05-08,Nagaland,19.7,79
2019-05-09,Nagaland,20.2,80
2019-05-10,Nagaland,20.4,84
2019-05-11,Nagaland,20.7,81
2019-05-12,Nagaland,21.3,70
2019-05-13,Nagaland,21.0,73
2019-05-14,Nagaland,18.6,86
2019-05-15,Nagaland,18.0,87
2019-05-16,Nagaland,17.4,90
2019-05-17,Nagaland,18.5,89
2019-05-18,Nagaland,19.8,83
2019-05-19,Nagaland,21.0,73
2019-05-20,Nagaland,19.9,80
2019-05-21,Nagaland,19.4,85
2019-05-22,Nagaland,19.2,88
2019-05-23,Nagaland,18.1,92
2019-05-24,Nagaland,17.8,94
2019-05-25,Nagaland,18.1,95
2019-05-26,Nagaland,19.2,86
2019-05-27,Nagaland,18.7,84
2019-05-28,Nagaland,19.2,84
2019-05-29,Nagaland,19.9,82
2019-05-30,Nagaland,19.6,82
2019-05-31,Nagaland,18.8,87
2019-06-01,Nagaland,18.7,88
2019-06-02,Nagaland,19.4,87
2019-06-03,Nagaland,19.2,90
2019-06-04,Nagaland,18.9,90
2019-06-05,Nagaland,19.4,90
2019-06-06,Nagaland,20.1,90
2019-06-07,Nagaland,20.0,94
2019-06-08,Nagaland,20.2,90
2019-06-09,Nagaland,20.5,91
2019-06-10,Nagaland,20.2,92
2019-06-11,Nagaland,20.7,90
2019-06-12,Nagaland,20.7,92
2019-06-13,Nagaland,21.8,88
2019-06-14,Nagaland,20.2,95
2019-06-15,Nagaland,21.0,92
2019-06-16,Nagaland,22.2,85
2019-06-17,Nagaland,21.7,85
2019-06-18,Nagaland,21.5,89
2019-06-19,Nagaland,21.2,93
2019-06-20,Nagaland,21.4,92
2019-06-21,Nagaland,21.4,90
2019-06-22,Nagaland,20.6,95
2019-06-23,Nagaland,21.8,87
2019-06-24,Nagaland,21.9,85
2019-06-25,Nagaland,22.1,84
2019-06-26,Nagaland,22.3,83
2019-06-27,Nagaland,21.5,85
2019-06-28,Nagaland,20.8,91
2019-06-29,Nagaland,20.7,92
2019-06-30,Nagaland,21.8,90
2019-07-01,Nagaland,22.5,86
2019-07-02,Nagaland,21.8,88
2019-07-03,Nagaland,21.7,89
2019-07-04,Nagaland,21.9,91
2019-07-05,Nagaland,21.8,90
2019-07-06,Nagaland,21.5,91
2019-07-07,Nagaland,21.9,89
2019-07-08,Nagaland,21.1,94
2019-07-09,Nagaland,21.2,93
2019-07-10,Nagaland,20.9,94
2019-07-11,Nagaland,20.5,96
2019-07-12,Nagaland,20.5,94
2019-07-13,Nagaland,21.1,89
2019-07-14,Nagaland,20.6,93
2019-07-15,Nagaland,20.0,93
2019-07-16,Nagaland,21.4,86
2019-07-17,Nagaland,21.1,89
2019-07-18,Nagaland,21.7,86
2019-07-19,Nagaland,21.6,90
2019-07-20,Nagaland,21.4,91
2019-07-21,Nagaland,21.0,91
2019-07-22,Nagaland,20.8,90
2019-07-23,Nagaland,20.5,91
2019-07-24,Nagaland,20.8,90
2019-07-25,Nagaland,20.9,90
2019-07-26,Nagaland,20.3,96
2019-07-27,Nagaland,20.2,95
2019-07-28,Nagaland,21.5,88
2019-07-29,Nagaland,21.1,90
2019-07-30,Nagaland,20.4,95
2019-07-31,Nagaland,20.2,94
2019-08-01,Nagaland,20.7,89
2019-08-02,Nagaland,21.2,90
2019-08-03,Nagaland,21.1,93
2019-08-04,Nagaland,21.2,91
2019-08-05,Nagaland,22.3,87
2019-08-06,Nagaland,23.4,76
2019-08-07,Nagaland,22.7,81
2019-08-08,Nagaland,21.4,92
2019-08-09,Nagaland,21.2,92
2019-08-10,Nagaland,20.4,94
2019-08-11,Nagaland,22.7,85
2019-08-12,Nagaland,23.6,75
2019-08-13,Nagaland,21.7,85
2019-08-14,Nagaland,20.7,92
2019-08-15,Nagaland,20.4,94
2019-08-16,Nagaland,20.7,93
2019-08-17,Nagaland,21.5,89
2019-08-18,Nagaland,20.6,92
2019-08-19,Nagaland,20.6,88
2019-08-20,Nagaland,21.3,88
2019-08-21,Nagaland,21.8,89
2019-08-22,Nagaland,22.2,88
2019-08-23,Nagaland,21.4,89
2019-08-24,Nagaland,21.3,87
2019-08-25,Nagaland,22.1,82
2019-08-26,Nagaland,22.4,82
2019-08-27,Nagaland,22.4,86
2019-08-28,Nagaland,21.5,92
2019-08-29,Nagaland,22.1,89
2019-08-30,Nagaland,21.6,93
2019-08-31,Nagaland,21.0,90
2019-09-01,Nagaland,22.3,81
2019-09-02,Nagaland,22.2,80
2019-09-03,Nagaland,22.1,83
2019-09-04,Nagaland,21.3,88
2019-09-05,Nagaland,20.8,92
2019-09-06,Nagaland,21.2,90
2019-09-07,Nagaland,21.3,90
2019-09-08,Nagaland,21.0,91
2019-09-09,Nagaland,21.5,90
2019-09-10,Nagaland,21.3,91
2019-09-11,Nagaland,20.8,94
2019-09-12,Nagaland,20.7,94
2019-09-13,Nagaland,19.9,94
2019-09-14,Nagaland,20.2,94
2019-09-15,Nagaland,20.5,89
2019-09-16,Nagaland,20.3,92
2019-09-17,Nagaland,19.8,91
2019-09-18,Nagaland,20.0,91
2019-09-19,Nagaland,19.5,94
2019-09-20,Nagaland,19.6,91
2019-09-21,Nagaland,20.2,89
2019-09-22,Nagaland,20.3,87
2019-09-23,Nagaland,18.9,94
2019-09-24,Nagaland,18.3,94
2019-09-25,Nagaland,18.0,94
2019-09-26,Nagaland,17.9,94
2019-09-27,Nagaland,18.3,91
2019-09-28,Nagaland,18.9,88
2019-09-29,Nagaland,18.2,92
2019-09-30,Nagaland,17.7,94
2019-10-01,Nagaland,17.7,96
2019-10-02,Nagaland,18.0,93
2019-10-03,Nagaland,17.9,93
2019-10-04,Nagaland,18.0,93
2019-10-05,Nagaland,18.2,93
2019-10-06,Nagaland,18.7,91
2019-10-07,Nagaland,18.7,92
2019-10-08,Nagaland,18.1,93
2019-10-09,Nagaland,18.2,91
2019-10-10,Nagaland,17.6,95
2019-10-11,Nagaland,17.6,93
2019-10-12,Nagaland,17.5,93
2019-10-13,Nagaland,17.7,86
2019-10-14,Nagaland,17.7,86
2019-10-15,Nagaland,18.1,89
2019-10-16,Nagaland,17.9,91
2019-10-17,Nagaland,17.5,90
2019-10-18,Nagaland,17.9,87
2019-10-19,Nagaland,18.0,86
2019-10-20,Nagaland,18.0,88
2019-10-21,Nagaland,17.6,88
2019-10-22,Nagaland,17.2,87
2019-10-23,Nagaland,16.5,88
2019-10-24,Nagaland,16.0,96
2019-10-25,Nagaland,15.8,97
2019-10-26,Nagaland,16.1,97
2019-10-27,Nagaland,17.0,95
2019-10-28,Nagaland,17.2,91
2019-10-29,Nagaland,17.1,89
2019-10-30,Nagaland,16.6,89
2019-10-31,Nagaland,16.3,90
2019-11-01,Nagaland,16.6,89
2019-11-02,Nagaland,17.0,81
2019-11-03,Nagaland,17.1,79
2019-11-04,Nagaland,16.3,86
2019-11-05,Nagaland,15.3,90
2019-11-06,Nagaland,15.4,87
2019-11-07,Nagaland,15.6,86
2019-11-08,Nagaland,17.1,81
2019-11-09,Nagaland,16.7,95
2019-11-10,Nagaland,16.4,97
2019-11-11,Nagaland,16.4,97
2019-11-12,Nagaland,16.3,95
2019-11-13,Nagaland,16.0,90
2019-11-14,Nagaland,16.2,84
2019-11-15,Nagaland,15.3,71
2019-11-16,Nagaland,14.7,66
2019-11-17,Nagaland,14.5,68
2019-11-18,Nagaland,14.0,74
2019-11-19,Nagaland,13.5,81
2019-11-20,Nagaland,13.5,84
2019-11-21,Nagaland,13.8,76
2019-11-22,Nagaland,13.6,71
2019-11-23,Nagaland,13.2,72
2019-11-24,Nagaland,12.9,86
2019-11-25,Nagaland,13.9,86
2019-11-26,Nagaland,14.3,84
2019-11-27,Nagaland,14.6,84
2019-11-28,Nagaland,14.5,78
2019-11-29,Nagaland,14.0,67
2019-11-30,Nagaland,12.4,72
2019-12-01,Nagaland,11.4,78
2019-12-02,Nagaland,11.1,74
2019-12-03,Nagaland,11.5,80
2019-12-04,Nagaland,12.0,65
2019-12-05,Nagaland,12.7,55
2019-12-06,Nagaland,12.1,63
2019-12-07,Nagaland,11.5,72
2019-12-08,Nagaland,11.3,76
2019-12-09,Nagaland,11.6,79
2019-12-10,Nagaland,11.2,83
2019-12-11,Nagaland,10.6,86
2019-12-12,Nagaland,10.5,89
2019-12-13,Nagaland,11.4,82
2019-12-14,Nagaland,11.0,86
2019-12-15,Nagaland,10.9,82
2019-12-16,Nagaland,11.0,81
2019-12-17,Nagaland,10.0,80
2019-12-18,Nagaland,9.5,79
2019-12-19,Nagaland,9.9,80
2019-12-20,Nagaland,9.7,79
2019-12-21,Nagaland,9.7,71
2019-12-22,Nagaland,9.6,76
2019-12-23,Nagaland,9.4,76
2019-12-24,Nagaland,8.7,66
2019-12-25,Nagaland,7.8,72
2019-12-26,Nagaland,8.1,76
2019-12-27,Nagaland,8.5,85
2019-12-28,Nagaland,8.3,77
2019-12-29,Nagaland,9.3,70
2019-12-30,Nagaland,10.0,69
2019-12-31,Nagaland,10.6,64
2020-01-01,Nagaland,11.3,83
2020-01-02,Nagaland,11.4,90
2020-01-03,Nagaland,10.6,91
2020-01-04,Nagaland,10.5,90
2020-01-05,Nagaland,8.6,93
2020-01-06,Nagaland,7.7,85
2020-01-07,Nagaland,8.7,84
2020-01-08,Nagaland,9.2,79
2020-01-09,Nagaland,10.5,80
2020-01-10,Nagaland,9.4,93
2020-01-11,Nagaland,9.3,82
2020-01-12,Nagaland,10.1,82
2020-01-13,Nagaland,11.4,82
2020-01-14,Nagaland,10.2,75
2020-01-15,Nagaland,10.0,78
2020-01-16,Nagaland,10.2,76
2020-01-17,Nagaland,11.0,81
2020-01-18,Nagaland,10.5,80
2020-01-19,Nagaland,10.8,82
2020-01-20,Nagaland,10.3,90
2020-01-21,Nagaland,9.5,85
2020-01-22,Nagaland,8.5,70
2020-01-23,Nagaland,7.3,68
2020-01-24,Nagaland,5.6,88
2020-01-25,Nagaland,7.5,74
2020-01-26,Nagaland,7.9,76
2020-01-27,Nagaland,7.5,86
2020-01-28,Nagaland,7.4,85
2020-01-29,Nagaland,9.3,80
2020-01-30,Nagaland,9.4,89
2020-01-31,Nagaland,9.2,90
2020-02-01,Nagaland,8.8,90
2020-02-02,Nagaland,8.6,85
2020-02-03,Nagaland,7.6,83
2020-02-04,Nagaland,7.8,88
2020-02-05,Nagaland,8.3,81
2020-02-06,Nagaland,8.1,83
2020-02-07,Nagaland,8.7,74
2020-02-08,Nagaland,11.0,79
2020-02-09,Nagaland,10.2,86
2020-02-10,Nagaland,9.2,88
2020-02-11,Nagaland,10.3,85
2020-02-12,Nagaland,11.5,84
2020-02-13,Nagaland,11.9,85
2020-02-14,Nagaland,10.7,93
2020-02-15,Nagaland,10.9,87
2020-02-16,Nagaland,11.7,87
2020-02-17,Nagaland,11.5,88
2020-02-18,Nagaland,11.7,79
2020-02-19,Nagaland,11.6,87
2020-02-20,Nagaland,10.9,84
2020-02-21,Nagaland,13.1,78
2020-02-22,Nagaland,14.1,76
2020-02-23,Nagaland,12.8,83
2020-02-24,Nagaland,12.3,82
2020-02-25,Nagaland,12.6,85
2020-02-26,Nagaland,11.8,88
2020-02-27,Nagaland,9.8,90
2020-02-28,Nagaland,11.3,78
2020-02-29,Nagaland,13.2,78
2020-03-01,Nagaland,13.3,79
2020-03-02,Nagaland,12.6,84
2020-03-03,Nagaland,11.5,85
2020-03-04,Nagaland,11.5,86
2020-03-05,Nagaland,11.5,86
2020-03-06,Nagaland,12.5,88
2020-03-07,Nagaland,12.1,90
2020-03-08,Nagaland,12.6,82
2020-03-09,Nagaland,12.3,88
2020-03-10,Nagaland,12.6,84
2020-03-11,Nagaland,12.7,75
2020-03-12,Nagaland,14.3,80
2020-03-13,Nagaland,15.4,80
2020-03-14,Nagaland,16.2,81
2020-03-15,Nagaland,15.9,85
2020-03-16,Nagaland,14.8,87
2020-03-17,Nagaland,13.8,80
2020-03-18,Nagaland,13.2,71
2020-03-19,Nagaland,13.6,72
2020-03-20,Nagaland,13.8,70
2020-03-21,Nagaland,13.2,78
2020-03-22,Nagaland,13.0,84
2020-03-23,Nagaland,13.0,86
2020-03-24,Nagaland,13.1,85
2020-03-25,Nagaland,14.9,81
2020-03-26,Nagaland,14.9,81
2020-03-27,Nagaland,16.4,84
2020-03-28,Nagaland,17.4,79
2020-03-29,Nagaland,17.3,67
2020-03-30,Nagaland,16.2,57
2020-03-31,Nagaland,15.9,64
2020-04-01,Nagaland,16.6,69
2020-04-02,Nagaland,16.5,63
2020-04-03,Nagaland,16.5,80
2020-04-04,Nagaland,16.1,72
2020-04-05,Nagaland,15.5,70
2020-04-06,Nagaland,15.9,71
2020-04-07,Nagaland,16.1,70
2020-04-08,Nagaland,16.7,75
2020-04-09,Nagaland,16.7,75
2020-04-10,Nagaland,16.0,78
2020-04-11,Nagaland,16.9,74
2020-04-12,Nagaland,15.9,79
2020-04-13,Nagaland,17.2,72
2020-04-14,Nagaland,18.5,71
2020-04-15,Nagaland,18.1,79
2020-04-16,Nagaland,16.6,81
2020-04-17,Nagaland,15.5,88
2020-04-18,Nagaland,16.7,89
2020-04-19,Nagaland,17.6,79
2020-04-20,Nagaland,17.6,83
2020-04-21,Nagaland,17.5,87
2020-04-22,Nagaland,15.5,87
2020-04-23,Nagaland,15.2,89
2020-04-24,Nagaland,14.0,89
2020-04-25,Nagaland,14.6,90
2020-04-26,Nagaland,15.3,90
2020-04-27,Nagaland,16.7,84
2020-04-28,Nagaland,16.1,91
2020-04-29,Nagaland,15.8,91
2020-04-30,Nagaland,16.0,92
2020-05-01,Nagaland,16.6,89
2020-05-02,Nagaland,17.2,89
2020-05-03,Nagaland,17.1,90
2020-05-04,Nagaland,17.2,89
2020-05-05,Nagaland,17.3,91
2020-05-06,Nagaland,17.6,90
2020-05-07,Nagaland,16.8,91
2020-05-08,Nagaland,17.4,80
2020-05-09,Nagaland,17.5,81
2020-05-10,Nagaland,18.4,82
2020-05-11,Nagaland,18.8,81
2020-05-12,Nagaland,18.4,85
2020-05-13,Nagaland,17.5,87
2020-05-14,Nagaland,17.1,92
2020-05-15,Nagaland,18.1,87
2020-05-16,Nagaland,17.7,94
2020-05-17,Nagaland,19.0,85
2020-05-18,Nagaland,19.9,83
2020-05-19,Nagaland,19.9,81
2020-05-20,Nagaland,19.9,91
2020-05-21,Nagaland,20.5,89
2020-05-22,Nagaland,20.1,87
2020-05-23,Nagaland,19.2,93
2020-05-24,Nagaland,20.2,85
2020-05-25,Nagaland,20.8,83
2020-05-26,Nagaland,18.7,94
2020-05-27,Nagaland,17.4,96
2020-05-28,Nagaland,18.1,88
2020-05-29,Nagaland,17.5,90
2020-05-30,Nagaland,17.8,91
2020-05-31,Nagaland,18.2,90
2020-06-01,Nagaland,18.3,91
2020-06-02,Nagaland,19.3,84
2020-06-03,Nagaland,18.8,89
2020-06-04,Nagaland,18.7,92
2020-06-05,Nagaland,19.3,91
2020-06-06,Nagaland,19.5,94
2020-06-07,Nagaland,20.3,87
2020-06-08,Nagaland,20.0,89
2020-06-09,Nagaland,21.2,87
2020-06-10,Nagaland,21.3,90
2020-06-11,Nagaland,20.7,93
2020-06-12,Nagaland,20.5,92
2020-06-13,Nagaland,20.5,92
2020-06-14,Nagaland,20.8,91
2020-06-15,Nagaland,21.0,92
2020-06-16,Nagaland,20.6,95
2020-06-17,Nagaland,21.3,94
2020-06-18,Nagaland,21.4,91
2020-06-19,Nagaland,21.5,89
2020-06-20,Nagaland,21.5,90
2020-06-21,Nagaland,20.7,93
2020-06-22,Nagaland,21.0,92
2020-06-23,Nagaland,21.5,88
2020-06-24,Nagaland,21.3,88
2020-06-25,Nagaland,20.9,89
2020-06-26,Nagaland,20.8,90
2020-06-27,Nagaland,20.8,90
2020-06-28,Nagaland,20.5,92
2020-06-29,Nagaland,20.4,95
2020-06-30,Nagaland,20.4,93
2020-07-01,Nagaland,20.7,92
2020-07-02,Nagaland,20.7,93
2020-07-03,Nagaland,20.5,94
2020-07-04,Nagaland,20.8,94
2020-07-05,Nagaland,20.9,94
2020-07-06,Nagaland,20.7,94
2020-07-07,Nagaland,21.2,91
2020-07-08,Nagaland,21.4,92
2020-07-09,Nagaland,21.9,88
2020-07-10,Nagaland,21.6,85
2020-07-11,Nagaland,21.5,87
2020-07-12,Nagaland,21.1,92
2020-07-13,Nagaland,20.7,94
2020-07-14,Nagaland,20.9,95
2020-07-15,Nagaland,20.6,94
2020-07-16,Nagaland,20.5,93
2020-07-17,Nagaland,20.9,90
2020-07-18,Nagaland,20.8,92
2020-07-19,Nagaland,21.5,89
2020-07-20,Nagaland,21.4,88
2020-07-21,Nagaland,21.1,92
2020-07-22,Nagaland,21.2,91
2020-07-23,Nagaland,20.7,96
2020-07-24,Nagaland,19.9,96
2020-07-25,Nagaland,20.6,90
2020-07-26,Nagaland,20.3,94
2020-07-27,Nagaland,20.3,94
2020-07-28,Nagaland,20.7,93
2020-07-29,Nagaland,20.6,93
2020-07-30,Nagaland,19.9,95
2020-07-31,Nagaland,20.8,92
2020-08-01,Nagaland,21.4,92
2020-08-02,Nagaland,22.0,89
2020-08-03,Nagaland,23.0,85
2020-08-04,Nagaland,23.2,80
2020-08-05,Nagaland,23.5,76
2020-08-06,Nagaland,22.8,86
2020-08-07,Nagaland,22.0,91
2020-08-08,Nagaland,21.6,93
2020-08-09,Nagaland,21.3,93
2020-08-10,Nagaland,20.5,95
2020-08-11,Nagaland,21.2,92
2020-08-12,Nagaland,21.7,93
2020-08-13,Nagaland,20.9,95
2020-08-14,Nagaland,21.6,90
2020-08-15,Nagaland,21.1,94
2020-08-16,Nagaland,21.2,92
2020-08-17,Nagaland,20.8,92
2020-08-18,Nagaland,20.5,95
2020-08-19,Nagaland,21.2,88
2020-08-20,Nagaland,20.8,93
2020-08-21,Nagaland,19.9,95
2020-08-22,Nagaland,20.2,90
2020-08-23,Nagaland,20.4,92
2020-08-24,Nagaland,20.8,91
2020-08-25,Nagaland,22.0,86
2020-08-26,Nagaland,21.8,86
2020-08-27,Nagaland,20.6,90
2020-08-28,Nagaland,19.9,91
2020-08-29,Nagaland,19.9,92
2020-08-30,Nagaland,20.7,88
2020-08-31,Nagaland,20.7,90
2020-09-01,Nagaland,20.5,91
2020-09-02,Nagaland,21.3,84
2020-09-03,Nagaland,21.1,89
2020-09-04,Nagaland,20.6,91
2020-09-05,Nagaland,20.5,88
2020-09-06,Nagaland,20.2,91
2020-09-07,Nagaland,19.9,92
2020-09-08,Nagaland,20.4,90
2020-09-09,Nagaland,20.6,92
2020-09-10,Nagaland,20.8,92
2020-09-11,Nagaland,20.4,95
2020-09-12,Nagaland,19.9,94
2020-09-13,Nagaland,19.9,94
2020-09-14,Nagaland,20.1,92
2020-09-15,Nagaland,20.4,91
2020-09-16,Nagaland,20.0,92
2020-09-17,Nagaland,19.9,93
2020-09-18,Nagaland,20.6,91
2020-09-19,Nagaland,21.9,85
2020-09-20,Nagaland,23.1,72
2020-09-21,Nagaland,21.1,90
2020-09-22,Nagaland,20.0,97
2020-09-23,Nagaland,20.7,91
2020-09-24,Nagaland,20.6,93
2020-09-25,Nagaland,20.2,95
2020-09-26,Nagaland,20.5,91
2020-09-27,Nagaland,19.8,91
2020-09-28,Nagaland,20.0,91
2020-09-29,Nagaland,20.3,91
2020-09-30,Nagaland,20.4,92
2020-10-01,Nagaland,20.3,92
2020-10-02,Nagaland,20.3,93
2020-10-03,Nagaland,20.0,93
2020-10-04,Nagaland,19.9,92
2020-10-05,Nagaland,20.0,93
2020-10-06,Nagaland,19.2,96
2020-10-07,Nagaland,19.3,94
2020-10-08,Nagaland,19.6,94
2020-10-09,Nagaland,20.3,91
2020-10-10,Nagaland,20.1,91
2020-10-11,Nagaland,19.8,91
2020-10-12,Nagaland,19.8,92
2020-10-13,Nagaland,19.5,92
2020-10-14,Nagaland,19.8,90
2020-10-15,Nagaland,20.2,88
2020-10-16,Nagaland,19.9,88
2020-10-17,Nagaland,19.7,88
2020-10-18,Nagaland,19.5,89
2020-10-19,Nagaland,19.1,92
2020-10-20,Nagaland,19.1,91
2020-10-21,Nagaland,18.3,94
2020-10-22,Nagaland,18.7,95
2020-10-23,Nagaland,17.8,98
2020-10-24,Nagaland,18.2,94
2020-10-25,Nagaland,18.0,91
2020-10-26,Nagaland,17.5,92
2020-10-27,Nagaland,17.5,92
2020-10-28,Nagaland,18.1,88
2020-10-29,Nagaland,19.1,81
2020-10-30,Nagaland,20.1,77
2020-10-31,Nagaland,19.4,90
2020-11-01,Nagaland,18.3,94
2020-11-02,Nagaland,17.8,94
2020-11-03,Nagaland,17.8,92
2020-11-04,Nagaland,16.8,90
2020-11-05,Nagaland,15.4,91
2020-11-06,Nagaland,14.5,85
2020-11-07,Nagaland,14.9,73
2020-11-08,Nagaland,14.9,68
2020-11-09,Nagaland,14.8,68
2020-11-10,Nagaland,14.8,69
2020-11-11,Nagaland,15.7,75
2020-11-12,Nagaland,15.6,74
2020-11-13,Nagaland,15.5,72
2020-11-14,Nagaland,15.4,66
2020-11-15,Nagaland,15.8,64
2020-11-16,Nagaland,15.3,67
2020-11-17,Nagaland,13.7,82
2020-11-18,Nagaland,12.3,88
2020-11-19,Nagaland,11.8,81
2020-11-20,Nagaland,12.4,82
2020-11-21,Nagaland,13.8,88
2020-11-22,Nagaland,13.5,89
2020-11-23,Nagaland,11.8,80
2020-11-24,Nagaland,11.9,71
2020-11-25,Nagaland,12.8,57
2020-11-26,Nagaland,13.3,62
2020-11-27,Nagaland,14.1,69
2020-11-28,Nagaland,14.9,64
2020-11-29,Nagaland,14.3,67
2020-11-30,Nagaland,14.1,73
2020-12-01,Nagaland,13.9,77
2020-12-02,Nagaland,12.5,73
2020-12-03,Nagaland,11.9,79
2020-12-04,Nagaland,11.2,80
2020-12-05,Nagaland,10.9,82
2019-01-02,Odisha,18.8,67
2019-01-03,Odisha,20.3,71
2019-01-04,Odisha,19.6,75
2019-01-05,Odisha,20.0,64
2019-01-06,Odisha,19.3,67
2019-01-07,Odisha,19.4,70
2019-01-08,Odisha,20.3,67
2019-01-09,Odisha,20.3,68
2019-01-10,Odisha,20.0,79
2019-01-11,Odisha,20.7,73
2019-01-12,Odisha,20.7,70
2019-01-13,Odisha,20.6,70
2019-01-14,Odisha,20.9,77
2019-01-15,Odisha,21.5,73
2019-01-16,Odisha,20.0,72
2019-01-17,Odisha,19.9,70
2019-01-18,Odisha,20.9,79
2019-01-19,Odisha,20.8,79
2019-01-20,Odisha,21.0,78
2019-01-21,Odisha,21.2,79
2019-01-22,Odisha,21.4,82
2019-01-23,Odisha,21.0,85
2019-01-24,Odisha,20.6,85
2019-01-25,Odisha,21.5,82
2019-01-26,Odisha,22.0,75
2019-01-27,Odisha,21.9,64
2019-01-28,Odisha,20.8,70
2019-01-29,Odisha,20.8,73
2019-01-30,Odisha,19.5,65
2019-01-31,Odisha,19.1,62
2019-02-01,Odisha,19.4,64
2019-02-02,Odisha,20.6,69
2019-02-03,Odisha,21.8,65
2019-02-04,Odisha,21.7,65
2019-02-05,Odisha,22.1,73
2019-02-06,Odisha,23.3,70
2019-02-07,Odisha,23.6,76
2019-02-08,Odisha,24.0,80
2019-02-09,Odisha,23.7,83
2019-02-10,Odisha,22.6,64
2019-02-11,Odisha,21.4,66
2019-02-12,Odisha,21.4,68
2019-02-13,Odisha,22.1,70
2019-02-14,Odisha,23.0,76
2019-02-15,Odisha,22.8,83
2019-02-16,Odisha,23.6,71
2019-02-17,Odisha,25.0,79
2019-02-18,Odisha,24.4,80
2019-02-19,Odisha,24.9,86
2019-02-20,Odisha,25.6,86
2019-02-21,Odisha,25.5,84
2019-02-22,Odisha,26.5,78
2019-02-23,Odisha,27.6,71
2019-02-24,Odisha,27.1,77
2019-02-25,Odisha,26.8,79
2019-02-26,Odisha,26.4,78
2019-02-27,Odisha,26.4,74
2019-02-28,Odisha,25.1,81
2019-03-01,Odisha,23.7,77
2019-03-02,Odisha,23.4,75
2019-03-03,Odisha,24.8,78
2019-03-04,Odisha,26.4,81
2019-03-05,Odisha,27.1,83
2019-03-06,Odisha,26.6,84
2019-03-07,Odisha,25.8,77
2019-03-08,Odisha,24.7,80
2019-03-09,Odisha,25.7,84
2019-03-10,Odisha,26.7,84
2019-03-11,Odisha,27.2,85
2019-03-12,Odisha,27.1,87
2019-03-13,Odisha,28.1,83
2019-03-14,Odisha,28.0,80
2019-03-15,Odisha,27.4,86
2019-03-16,Odisha,26.9,83
2019-03-17,Odisha,27.4,81
2019-03-18,Odisha,26.2,67
2019-03-19,Odisha,27.2,75
2019-03-20,Odisha,27.7,81
2019-03-21,Odisha,27.9,80
2019-03-22,Odisha,28.2,79
2019-03-23,Odisha,28.5,81
2019-03-24,Odisha,28.1,83
2019-03-25,Odisha,27.7,83
2019-03-26,Odisha,27.8,83
2019-03-27,Odisha,27.8,78
2019-03-28,Odisha,28.2,78
2019-03-29,Odisha,28.2,78
2019-03-30,Odisha,28.4,82
2019-03-31,Odisha,28.9,82
2019-04-01,Odisha,28.8,81
2019-04-02,Odisha,28.8,79
2019-04-03,Odisha,28.3,83
2019-04-04,Odisha,28.3,82
2019-04-05,Odisha,28.7,80
2019-04-06,Odisha,28.7,82
2019-04-07,Odisha,28.3,83
2019-04-08,Odisha,28.4,82
2019-04-09,Odisha,28.6,83
2019-04-10,Odisha,28.6,85
2019-04-11,Odisha,28.5,84
2019-04-12,Odisha,28.6,86
2019-04-13,Odisha,28.7,86
2019-04-14,Odisha,29.1,82
2019-04-15,Odisha,29.5,78
2019-04-16,Odisha,29.8,73
2019-04-17,Odisha,29.6,70
2019-04-18,Odisha,28.3,80
2019-04-19,Odisha,28.6,80
2019-04-20,Odisha,28.6,79
2019-04-21,Odisha,29.1,82
2019-04-22,Odisha,28.8,81
2019-04-23,Odisha,29.1,83
2019-04-24,Odisha,29.2,81
2019-04-25,Odisha,29.4,81
2019-04-26,Odisha,29.4,80
2019-04-27,Odisha,29.6,82
2019-04-28,Odisha,29.6,81
2019-04-29,Odisha,29.4,80
2019-04-30,Odisha,29.1,78
2019-05-01,Odisha,29.2,80
2019-05-02,Odisha,28.0,85
2019-05-03,Odisha,27.0,86
2019-05-04,Odisha,29.2,89
2019-05-05,Odisha,28.9,88
2019-05-06,Odisha,29.0,90
2019-05-07,Odisha,29.0,88
2019-05-08,Odisha,29.2,87
2019-05-09,Odisha,29.3,87
2019-05-10,Odisha,29.3,87
2019-05-11,Odisha,29.3,87
2019-05-12,Odisha,29.2,87
2019-05-13,Odisha,29.3,87
2019-05-14,Odisha,29.3,85
2019-05-15,Odisha,29.3,85
2019-05-16,Odisha,29.2,85
2019-05-17,Odisha,29.5,85
2019-05-18,Odisha,29.7,86
2019-05-19,Odisha,29.6,87
2019-05-20,Odisha,29.4,87
2019-05-21,Odisha,29.5,85
2019-05-22,Odisha,29.6,84
2019-05-23,Odisha,29.5,83
2019-05-24,Odisha,29.6,82
2019-05-25,Odisha,29.7,83
2019-05-26,Odisha,29.8,86
2019-05-27,Odisha,29.7,86
2019-05-28,Odisha,29.7,86
2019-05-29,Odisha,29.6,84
2019-05-30,Odisha,29.7,84
2019-05-31,Odisha,29.5,84
2019-06-01,Odisha,29.6,84
2019-06-02,Odisha,29.7,85
2019-06-03,Odisha,29.7,84
2019-06-04,Odisha,29.7,82
2019-06-05,Odisha,30.0,82
2019-06-06,Odisha,29.7,84
2019-06-07,Odisha,29.3,86
2019-06-08,Odisha,29.5,87
2019-06-09,Odisha,30.0,86
2019-06-10,Odisha,30.7,82
2019-06-11,Odisha,30.7,78
2019-06-12,Odisha,30.9,79
2019-06-13,Odisha,29.8,78
2019-06-14,Odisha,31.3,72
2019-06-15,Odisha,30.8,81
2019-06-16,Odisha,30.2,81
2019-06-17,Odisha,30.2,79
2019-06-18,Odisha,31.2,75
2019-06-19,Odisha,30.8,78
2019-06-20,Odisha,29.2,85
2019-06-21,Odisha,27.7,89
2019-06-22,Odisha,28.4,84
2019-06-23,Odisha,28.5,86
2019-06-24,Odisha,29.3,84
2019-06-25,Odisha,29.5,83
2019-06-26,Odisha,29.6,82
2019-06-27,Odisha,29.9,83
2019-06-28,Odisha,30.2,85
2019-06-29,Odisha,30.4,82
2019-06-30,Odisha,28.4,88
2019-07-01,Odisha,27.1,91
2019-07-02,Odisha,28.2,86
2019-07-03,Odisha,29.4,82
2019-07-04,Odisha,29.4,83
2019-07-05,Odisha,28.2,87
2019-07-06,Odisha,27.7,86
2019-07-07,Odisha,28.9,81
2019-07-08,Odisha,29.2,82
2019-07-09,Odisha,29.3,82
2019-07-10,Odisha,29.0,84
2019-07-11,Odisha,29.0,84
2019-07-12,Odisha,29.0,84
2019-07-13,Odisha,29.0,85
2019-07-14,Odisha,29.3,83
2019-07-15,Odisha,29.4,83
2019-07-16,Odisha,29.6,83
2019-07-17,Odisha,28.7,88
2019-07-18,Odisha,28.7,87
2019-07-19,Odisha,28.3,86
2019-07-20,Odisha,28.6,84
2019-07-21,Odisha,29.0,82
2019-07-22,Odisha,29.1,82
2019-07-23,Odisha,29.2,80
2019-07-24,Odisha,29.5,82
2019-07-25,Odisha,28.3,90
2019-07-26,Odisha,27.8,88
2019-07-27,Odisha,26.9,90
2019-07-28,Odisha,27.1,89
2019-07-29,Odisha,28.1,81
2019-07-30,Odisha,28.7,79
2019-07-31,Odisha,28.8,82
2019-08-01,Odisha,28.4,85
2019-08-02,Odisha,28.2,85
2019-08-03,Odisha,27.4,86
2019-08-04,Odisha,28.1,84
2019-08-05,Odisha,27.8,87
2019-08-06,Odisha,27.0,93
2019-08-07,Odisha,27.1,88
2019-08-08,Odisha,27.9,84
2019-08-09,Odisha,28.4,84
2019-08-10,Odisha,28.8,86
2019-08-11,Odisha,29.0,87
2019-08-12,Odisha,27.0,93
2019-08-13,Odisha,27.5,89
2019-08-14,Odisha,28.9,83
2019-08-15,Odisha,28.9,84
2019-08-16,Odisha,28.9,87
2019-08-17,Odisha,28.7,90
2019-08-18,Odisha,27.8,90
2019-08-19,Odisha,28.9,86
2019-08-20,Odisha,29.0,87
2019-08-21,Odisha,28.6,89
2019-08-22,Odisha,28.6,88
2019-08-23,Odisha,28.2,87
2019-08-24,Odisha,27.6,90
2019-08-25,Odisha,26.9,90
2019-08-26,Odisha,27.6,86
2019-08-27,Odisha,28.5,82
2019-08-28,Odisha,28.1,86
2019-08-29,Odisha,28.0,88
2019-08-30,Odisha,28.6,88
2019-08-31,Odisha,28.2,87
2019-09-01,Odisha,27.7,90
2019-09-02,Odisha,27.7,88
2019-09-03,Odisha,27.0,90
2019-09-04,Odisha,27.3,88
2019-09-05,Odisha,26.5,91
2019-09-06,Odisha,26.8,92
2019-09-07,Odisha,27.6,87
2019-09-08,Odisha,29.0,84
2019-09-09,Odisha,29.1,85
2019-09-10,Odisha,28.8,86
2019-09-11,Odisha,28.0,88
2019-09-12,Odisha,28.1,85
2019-09-13,Odisha,28.3,84
2019-09-14,Odisha,28.3,86
2019-09-15,Odisha,28.3,88
2019-09-16,Odisha,28.4,87
2019-09-17,Odisha,28.3,85
2019-09-18,Odisha,27.7,88
2019-09-19,Odisha,27.6,88
2019-09-20,Odisha,27.6,88
2019-09-21,Odisha,28.1,85
2019-09-22,Odisha,27.8,87
2019-09-23,Odisha,26.9,91
2019-09-24,Odisha,26.3,91
2019-09-25,Odisha,26.3,90
2019-09-26,Odisha,26.5,89
2019-09-27,Odisha,26.8,89
2019-09-28,Odisha,26.7,88
2019-09-29,Odisha,27.3,85
2019-09-30,Odisha,28.2,83
2019-10-01,Odisha,28.4,85
2019-10-02,Odisha,28.4,86
2019-10-03,Odisha,28.1,87
2019-10-04,Odisha,28.7,84
2019-10-05,Odisha,28.8,84
2019-10-06,Odisha,28.1,86
2019-10-07,Odisha,27.3,89
2019-10-08,Odisha,26.4,89
2019-10-09,Odisha,26.6,86
2019-10-10,Odisha,27.0,86
2019-10-11,Odisha,26.9,87
2019-10-12,Odisha,26.7,89
2019-10-13,Odisha,27.1,86
2019-10-14,Odisha,26.5,89
2019-10-15,Odisha,27.1,84
2019-10-16,Odisha,26.3,90
2019-10-17,Odisha,27.0,88
2019-10-18,Odisha,27.1,88
2019-10-19,Odisha,27.3,86
2019-10-20,Odisha,27.3,88
2019-10-21,Odisha,27.5,85
2019-10-22,Odisha,27.9,83
2019-10-23,Odisha,26.0,91
2019-10-24,Odisha,26.0,92
2019-10-25,Odisha,26.3,90
2019-10-26,Odisha,26.2,90
2019-10-27,Odisha,26.4,88
2019-10-28,Odisha,26.4,87
2019-10-29,Odisha,26.5,81
2019-10-30,Odisha,26.8,82
2019-10-31,Odisha,26.8,87
2019-11-01,Odisha,27.3,85
2019-11-02,Odisha,26.9,84
2019-11-03,Odisha,26.9,82
2019-11-04,Odisha,27.6,78
2019-11-05,Odisha,26.6,83
2019-11-06,Odisha,26.1,79
2019-11-07,Odisha,25.3,70
2019-11-08,Odisha,24.0,79
2019-11-09,Odisha,25.4,74
2019-11-10,Odisha,26.2,78
2019-11-11,Odisha,25.9,82
2019-11-12,Odisha,25.7,84
2019-11-13,Odisha,24.6,81
2019-11-14,Odisha,24.0,80
2019-11-15,Odisha,24.3,83
2019-11-16,Odisha,25.0,83
2019-11-17,Odisha,25.3,85
2019-11-18,Odisha,25.1,86
2019-11-19,Odisha,24.7,85
2019-11-20,Odisha,24.0,83
2019-11-21,Odisha,23.9,80
2019-11-22,Odisha,24.0,78
2019-11-23,Odisha,23.8,82
2019-11-24,Odisha,23.8,84
2019-11-25,Odisha,23.7,85
2019-11-26,Odisha,24.1,82
2019-11-27,Odisha,23.5,84
2019-11-28,Odisha,23.6,86
2019-11-29,Odisha,24.0,85
2019-11-30,Odisha,24.5,83
2019-12-01,Odisha,24.1,81
2019-12-02,Odisha,23.5,81
2019-12-03,Odisha,24.1,74
2019-12-04,Odisha,23.7,72
2019-12-05,Odisha,22.3,66
2019-12-06,Odisha,21.9,74
2019-12-07,Odisha,23.0,82
2019-12-08,Odisha,23.9,81
2019-12-09,Odisha,23.9,77
2019-12-10,Odisha,23.3,80
2019-12-11,Odisha,23.4,79
2019-12-12,Odisha,23.7,77
2019-12-13,Odisha,24.2,76
2019-12-14,Odisha,23.5,80
2019-12-15,Odisha,23.2,81
2019-12-16,Odisha,23.0,82
2019-12-17,Odisha,23.3,80
2019-12-18,Odisha,22.9,73
2019-12-19,Odisha,21.4,74
2019-12-20,Odisha,21.2,76
2019-12-21,Odisha,22.0,79
2019-12-22,Odisha,21.8,80
2019-12-23,Odisha,22.1,79
2019-12-24,Odisha,21.3,73
2019-12-25,Odisha,21.3,77
2019-12-26,Odisha,22.9,81
2019-12-27,Odisha,21.2,87
2019-12-28,Odisha,18.9,57
2019-12-29,Odisha,18.4,60
2019-12-30,Odisha,18.8,67
2019-12-31,Odisha,19.1,71
2020-01-01,Odisha,20.5,70
2020-01-02,Odisha,21.8,70
2020-01-03,Odisha,20.4,91
2020-01-04,Odisha,19.3,91
2020-01-05,Odisha,20.5,82
2020-01-06,Odisha,19.8,78
2020-01-07,Odisha,18.9,74
2020-01-08,Odisha,20.4,76
2020-01-09,Odisha,21.8,84
2020-01-10,Odisha,21.3,85
2020-01-11,Odisha,19.1,71
2020-01-12,Odisha,18.5,71
2020-01-13,Odisha,19.4,70
2020-01-14,Odisha,20.2,79
2020-01-15,Odisha,21.0,84
2020-01-16,Odisha,21.2,85
2020-01-17,Odisha,21.4,85
2020-01-18,Odisha,22.2,83
2020-01-19,Odisha,22.4,83
2020-01-20,Odisha,22.3,82
2020-01-21,Odisha,22.0,83
2020-01-22,Odisha,22.1,83
2020-01-23,Odisha,22.9,83
2020-01-24,Odisha,23.0,79
2020-01-25,Odisha,21.6,76
2020-01-26,Odisha,22.6,83
2020-01-27,Odisha,21.2,73
2020-01-28,Odisha,23.6,77
2020-01-29,Odisha,24.9,86
2020-01-30,Odisha,24.5,86
2020-01-31,Odisha,22.7,80
2020-02-01,Odisha,22.3,80
2020-02-02,Odisha,22.3,80
2020-02-03,Odisha,21.7,75
2020-02-04,Odisha,22.2,74
2020-02-05,Odisha,22.1,85
2020-02-06,Odisha,22.8,86
2020-02-07,Odisha,21.4,91
2020-02-08,Odisha,19.2,86
2020-02-09,Odisha,19.6,76
2020-02-10,Odisha,20.3,75
2020-02-11,Odisha,20.4,71
2020-02-12,Odisha,20.4,73
2020-02-13,Odisha,22.5,73
2020-02-14,Odisha,23.8,77
2020-02-15,Odisha,24.6,78
2020-02-16,Odisha,24.1,86
2020-02-17,Odisha,24.0,87
2020-02-18,Odisha,24.2,80
2020-02-19,Odisha,24.3,82
2020-02-20,Odisha,24.4,75
2020-02-21,Odisha,23.6,74
2020-02-22,Odisha,23.4,74
2020-02-23,Odisha,23.4,76
2020-02-24,Odisha,24.5,75
2020-02-25,Odisha,22.8,82
2020-02-26,Odisha,22.0,87
2020-02-27,Odisha,23.0,79
2020-02-28,Odisha,23.2,78
2020-02-29,Odisha,23.4,79
2020-03-01,Odisha,24.4,76
2020-03-02,Odisha,24.5,81
2020-03-03,Odisha,25.1,81
2020-03-04,Odisha,25.3,81
2020-03-05,Odisha,25.3,80
2020-03-06,Odisha,25.1,76
2020-03-07,Odisha,26.0,77
2020-03-08,Odisha,26.1,84
2020-03-09,Odisha,25.9,84
2020-03-10,Odisha,26.0,86
2020-03-11,Odisha,26.5,83
2020-03-12,Odisha,26.7,82
2020-03-13,Odisha,26.4,85
2020-03-14,Odisha,26.0,84
2020-03-15,Odisha,25.5,79
2020-03-16,Odisha,26.5,79
2020-03-17,Odisha,27.0,81
2020-03-18,Odisha,27.1,84
2020-03-19,Odisha,26.9,83
2020-03-20,Odisha,26.0,83
2020-03-21,Odisha,26.3,86
2020-03-22,Odisha,26.7,82
2020-03-23,Odisha,26.7,84
2020-03-24,Odisha,27.0,84
2020-03-25,Odisha,27.2,86
2020-03-26,Odisha,28.0,81
2020-03-27,Odisha,27.8,83
2020-03-28,Odisha,28.5,79
2020-03-29,Odisha,29.3,79
2020-03-30,Odisha,28.4,76
2020-03-31,Odisha,28.4,85
2020-04-01,Odisha,29.2,80
2020-04-02,Odisha,29.0,80
2020-04-03,Odisha,29.0,80
2020-04-04,Odisha,28.5,84
2020-04-05,Odisha,28.5,82
2020-04-06,Odisha,28.6,83
2020-04-07,Odisha,28.5,84
2020-04-08,Odisha,28.4,85
2020-04-09,Odisha,28.1,84
2020-04-10,Odisha,28.4,83
2020-04-11,Odisha,28.4,83
2020-04-12,Odisha,28.5,84
2020-04-13,Odisha,28.8,81
2020-04-14,Odisha,28.9,81
2020-04-15,Odisha,29.0,79
2020-04-16,Odisha,29.0,77
2020-04-17,Odisha,28.7,82
2020-04-18,Odisha,28.7,83
2020-04-19,Odisha,28.6,85
2020-04-20,Odisha,28.6,86
2020-04-21,Odisha,28.4,82
2020-04-22,Odisha,28.2,78
2020-04-23,Odisha,28.8,85
2020-04-24,Odisha,28.9,84
2020-04-25,Odisha,27.8,87
2020-04-26,Odisha,27.5,86
2020-04-27,Odisha,27.3,82
2020-04-28,Odisha,28.2,76
2020-04-29,Odisha,28.5,81
2020-04-30,Odisha,28.6,82
2020-05-01,Odisha,28.9,85
2020-05-02,Odisha,28.8,83
2020-05-03,Odisha,29.2,84
2020-05-04,Odisha,29.0,85
2020-05-05,Odisha,29.0,83
2020-05-06,Odisha,29.1,85
2020-05-07,Odisha,29.1,85
2020-05-08,Odisha,29.2,86
2020-05-09,Odisha,29.2,86
2020-05-10,Odisha,29.0,85
2020-05-11,Odisha,28.9,82
2020-05-12,Odisha,28.7,81
2020-05-13,Odisha,28.7,81
2020-05-14,Odisha,29.2,81
2020-05-15,Odisha,29.3,81
2020-05-16,Odisha,29.7,80
2020-05-17,Odisha,29.3,79
2020-05-18,Odisha,29.6,79
2020-05-19,Odisha,27.6,86
2020-05-20,Odisha,24.9,75
2020-05-21,Odisha,29.0,82
2020-05-22,Odisha,29.7,87
2020-05-23,Odisha,29.7,85
2020-05-24,Odisha,29.6,83
2020-05-25,Odisha,29.5,82
2020-05-26,Odisha,29.3,81
2020-05-27,Odisha,29.4,80
2020-05-28,Odisha,29.3,84
2020-05-29,Odisha,29.3,86
2020-05-30,Odisha,29.4,85
2020-05-31,Odisha,29.3,86
2020-06-01,Odisha,29.2,85
2020-06-02,Odisha,28.9,83
2020-06-03,Odisha,29.2,84
2020-06-04,Odisha,29.6,84
2020-06-05,Odisha,29.8,84
2020-06-06,Odisha,30.2,82
2020-06-07,Odisha,29.7,86
2020-06-08,Odisha,29.8,86
2020-06-09,Odisha,29.7,85
2020-06-10,Odisha,29.1,86
2020-06-11,Odisha,27.7,89
2020-06-12,Odisha,28.4,86
2020-06-13,Odisha,28.8,85
2020-06-14,Odisha,29.1,87
2020-06-15,Odisha,29.1,86
2020-06-16,Odisha,28.7,87
2020-06-17,Odisha,29.1,83
2020-06-18,Odisha,29.1,84
2020-06-19,Odisha,29.6,84
2020-06-20,Odisha,29.1,86
2020-06-21,Odisha,28.6,86
2020-06-22,Odisha,29.5,83
2020-06-23,Odisha,29.6,85
2020-06-24,Odisha,29.2,84
2020-06-25,Odisha,29.2,81
2020-06-26,Odisha,29.2,83
2020-06-27,Odisha,29.3,82
2020-06-28,Odisha,29.0,86
2020-06-29,Odisha,28.8,86
2020-06-30,Odisha,29.1,84
2020-07-01,Odisha,29.0,84
2020-07-02,Odisha,29.4,84
2020-07-03,Odisha,29.1,87
2020-07-04,Odisha,28.2,87
2020-07-05,Odisha,28.3,84
2020-07-06,Odisha,28.6,84
2020-07-07,Odisha,29.1,82
2020-07-08,Odisha,29.5,83
2020-07-09,Odisha,29.1,83
2020-07-10,Odisha,28.8,84
2020-07-11,Odisha,29.3,84
2020-07-12,Odisha,29.4,87
2020-07-13,Odisha,29.0,86
2020-07-14,Odisha,28.0,88
2020-07-15,Odisha,27.9,86
2020-07-16,Odisha,28.1,83
2020-07-17,Odisha,28.5,82
2020-07-18,Odisha,29.0,82
2020-07-19,Odisha,29.3,83
2020-07-20,Odisha,29.3,82
2020-07-21,Odisha,29.3,82
2020-07-22,Odisha,29.1,85
2020-07-23,Odisha,27.6,89
2020-07-24,Odisha,28.5,83
2020-07-25,Odisha,29.0,83
2020-07-26,Odisha,29.5,83
2020-07-27,Odisha,29.6,87
2020-07-28,Odisha,29.3,85
2020-07-29,Odisha,28.9,83
2020-07-30,Odisha,29.0,84
2020-07-31,Odisha,29.0,84
2020-08-01,Odisha,29.5,85
2020-08-02,Odisha,29.6,87
2020-08-03,Odisha,28.8,88
2020-08-04,Odisha,27.9,90
2020-08-05,Odisha,27.8,87
2020-08-06,Odisha,28.9,82
2020-08-07,Odisha,29.1,84
2020-08-08,Odisha,28.7,89
2020-08-09,Odisha,28.5,86
2020-08-10,Odisha,29.1,84
2020-08-11,Odisha,29.4,82
2020-08-12,Odisha,29.2,84
2020-08-13,Odisha,28.1,89
2020-08-14,Odisha,26.8,93
2020-08-15,Odisha,27.2,87
2020-08-16,Odisha,28.4,81
2020-08-17,Odisha,28.6,83
2020-08-18,Odisha,28.7,83
2020-08-19,Odisha,26.9,92
2020-08-20,Odisha,28.0,85
2020-08-21,Odisha,28.4,81
2020-08-22,Odisha,28.5,83
2020-08-23,Odisha,28.3,89
2020-08-24,Odisha,28.4,89
2020-08-25,Odisha,27.6,91
2020-08-26,Odisha,26.7,90
2020-08-27,Odisha,28.4,82
2020-08-28,Odisha,28.8,83
2020-08-29,Odisha,29.0,83
2020-08-30,Odisha,29.2,86
2020-08-31,Odisha,29.7,86
2020-09-01,Odisha,28.6,88
2020-09-02,Odisha,27.3,88
2020-09-03,Odisha,27.9,86
2020-09-04,Odisha,28.9,82
2020-09-05,Odisha,29.2,82
2020-09-06,Odisha,29.3,82
2020-09-07,Odisha,29.4,82
2020-09-08,Odisha,29.6,82
2020-09-09,Odisha,29.6,82
2020-09-10,Odisha,29.2,81
2020-09-11,Odisha,28.9,84
2020-09-12,Odisha,29.0,84
2020-09-13,Odisha,29.2,83
2020-09-14,Odisha,28.7,85
2020-09-15,Odisha,28.9,83
2020-09-16,Odisha,28.8,84
2020-09-17,Odisha,29.2,83
2020-09-18,Odisha,29.6,81
2020-09-19,Odisha,29.1,85
2020-09-20,Odisha,27.3,93
2020-09-21,Odisha,27.3,90
2020-09-22,Odisha,29.0,81
2020-09-23,Odisha,29.0,82
2020-09-24,Odisha,29.1,82
2020-09-25,Odisha,28.9,84
2020-09-26,Odisha,28.2,87
2020-09-27,Odisha,29.0,84
2020-09-28,Odisha,29.0,86
2020-09-29,Odisha,28.0,90
2020-09-30,Odisha,26.5,91
2020-10-01,Odisha,26.1,92
2020-10-02,Odisha,26.8,91
2020-10-03,Odisha,27.0,91
2020-10-04,Odisha,27.1,91
2020-10-05,Odisha,27.1,90
2020-10-06,Odisha,27.2,91
2020-10-07,Odisha,27.8,87
2020-10-08,Odisha,28.1,87
2020-10-09,Odisha,28.3,87
2020-10-10,Odisha,28.3,88
2020-10-11,Odisha,28.0,86
2020-10-12,Odisha,27.7,86
2020-10-13,Odisha,27.0,90
2020-10-14,Odisha,26.7,91
2020-10-15,Odisha,26.6,92
2020-10-16,Odisha,27.4,90
2020-10-17,Odisha,28.3,84
2020-10-18,Odisha,27.7,89
2020-10-19,Odisha,26.8,91
2020-10-20,Odisha,27.8,86
2020-10-21,Odisha,26.9,90
2020-10-22,Odisha,25.6,93
2020-10-23,Odisha,27.6,84
2020-10-24,Odisha,28.4,81
2020-10-25,Odisha,27.3,85
2020-10-26,Odisha,27.2,82
2020-10-27,Odisha,26.7,78
2020-10-28,Odisha,26.0,73
2020-10-29,Odisha,25.5,73
2020-10-30,Odisha,26.1,68
2020-10-31,Odisha,26.4,73
2020-11-01,Odisha,27.2,81
2020-11-02,Odisha,27.2,86
2020-11-03,Odisha,26.8,85
2020-11-04,Odisha,26.9,78
2020-11-05,Odisha,26.3,77
2020-11-06,Odisha,26.2,79
2020-11-07,Odisha,25.4,77
2020-11-08,Odisha,23.4,69
2020-11-09,Odisha,23.5,71
2020-11-10,Odisha,24.1,81
2020-11-11,Odisha,25.8,86
2020-11-12,Odisha,25.8,78
2020-11-13,Odisha,25.7,72
2020-11-14,Odisha,25.4,68
2020-11-15,Odisha,25.8,72
2020-11-16,Odisha,25.8,74
2020-11-17,Odisha,26.2,78
2020-11-18,Odisha,26.4,80
2020-11-19,Odisha,26.7,82
2020-11-20,Odisha,26.8,84
2020-11-21,Odisha,27.1,78
2020-11-22,Odisha,25.3,77
2020-11-23,Odisha,23.8,67
2020-11-24,Odisha,22.5,59
2020-11-25,Odisha,22.7,64
2020-11-26,Odisha,22.1,76
2020-11-27,Odisha,23.4,61
2020-11-28,Odisha,23.2,61
2020-11-29,Odisha,22.9,66
2020-11-30,Odisha,22.8,68
2020-12-01,Odisha,22.6,68
2020-12-02,Odisha,22.5,70
2020-12-03,Odisha,23.6,72
2020-12-04,Odisha,23.6,77
2020-12-05,Odisha,23.5,79
2019-01-02,Pondy,23.7,69
2019-01-03,Pondy,23.8,73
2019-01-04,Pondy,23.8,74
2019-01-05,Pondy,23.6,73
2019-01-06,Pondy,23.6,69
2019-01-07,Pondy,24.3,74
2019-01-08,Pondy,24.0,78
2019-01-09,Pondy,23.3,80
2019-01-10,Pondy,24.2,74
2019-01-11,Pondy,24.8,68
2019-01-12,Pondy,24.2,71
2019-01-13,Pondy,24.3,72
2019-01-14,Pondy,24.1,72
2019-01-15,Pondy,23.5,72
2019-01-16,Pondy,23.9,76
2019-01-17,Pondy,24.6,74
2019-01-18,Pondy,24.3,70
2019-01-19,Pondy,24.0,71
2019-01-20,Pondy,23.7,75
2019-01-21,Pondy,23.6,74
2019-01-22,Pondy,23.9,76
2019-01-23,Pondy,24.5,78
2019-01-24,Pondy,24.7,79
2019-01-25,Pondy,25.4,82
2019-01-26,Pondy,25.9,82
2019-01-27,Pondy,25.8,76
2019-01-28,Pondy,25.4,71
2019-01-29,Pondy,25.1,72
2019-01-30,Pondy,24.9,76
2019-01-31,Pondy,25.4,69
2019-02-01,Pondy,25.2,71
2019-02-02,Pondy,25.1,72
2019-02-03,Pondy,25.4,74
2019-02-04,Pondy,25.7,78
2019-02-05,Pondy,26.0,76
2019-02-06,Pondy,25.6,77
2019-02-07,Pondy,25.6,79
2019-02-08,Pondy,26.4,80
2019-02-09,Pondy,26.4,83
2019-02-10,Pondy,26.3,81
2019-02-11,Pondy,26.8,75
2019-02-12,Pondy,26.5,72
2019-02-13,Pondy,25.9,73
2019-02-14,Pondy,26.1,75
2019-02-15,Pondy,26.3,80
2019-02-16,Pondy,26.6,80
2019-02-17,Pondy,27.2,81
2019-02-18,Pondy,27.4,85
2019-02-19,Pondy,27.4,82
2019-02-20,Pondy,27.5,74
2019-02-21,Pondy,26.6,75
2019-02-22,Pondy,25.7,74
2019-02-23,Pondy,25.3,73
2019-02-24,Pondy,25.8,76
2019-02-25,Pondy,26.0,77
2019-02-26,Pondy,27.0,79
2019-02-27,Pondy,27.5,79
2019-02-28,Pondy,27.7,80
2019-03-01,Pondy,27.6,79
2019-03-02,Pondy,27.7,67
2019-03-03,Pondy,27.5,70
2019-03-04,Pondy,27.4,74
2019-03-05,Pondy,28.1,77
2019-03-06,Pondy,28.5,79
2019-03-07,Pondy,28.7,79
2019-03-08,Pondy,28.6,81
2019-03-09,Pondy,27.7,82
2019-03-10,Pondy,28.0,78
2019-03-11,Pondy,27.6,76
2019-03-12,Pondy,27.2,75
2019-03-13,Pondy,26.9,74
2019-03-14,Pondy,27.0,74
2019-03-15,Pondy,27.0,74
2019-03-16,Pondy,27.4,72
2019-03-17,Pondy,27.3,71
2019-03-18,Pondy,27.4,74
2019-03-19,Pondy,27.8,75
2019-03-20,Pondy,27.9,75
2019-03-21,Pondy,27.4,77
2019-03-22,Pondy,28.2,77
2019-03-23,Pondy,28.5,76
2019-03-24,Pondy,28.3,78
2019-03-25,Pondy,27.9,77
2019-03-26,Pondy,28.1,75
2019-03-27,Pondy,27.4,75
2019-03-28,Pondy,27.9,76
2019-03-29,Pondy,28.4,77
2019-03-30,Pondy,28.6,78
2019-03-31,Pondy,29.3,74
2019-04-01,Pondy,28.8,75
2019-04-02,Pondy,29.1,75
2019-04-03,Pondy,28.5,76
2019-04-04,Pondy,28.7,75
2019-04-05,Pondy,28.5,80
2019-04-06,Pondy,28.8,79
2019-04-07,Pondy,29.1,75
2019-04-08,Pondy,29.6,76
2019-04-09,Pondy,29.6,77
2019-04-10,Pondy,29.3,80
2019-04-11,Pondy,29.5,80
2019-04-12,Pondy,29.6,77
2019-04-13,Pondy,29.3,76
2019-04-14,Pondy,29.4,76
2019-04-15,Pondy,29.1,75
2019-04-16,Pondy,29.4,75
2019-04-17,Pondy,30.2,70
2019-04-18,Pondy,30.4,76
2019-04-19,Pondy,30.0,77
2019-04-20,Pondy,30.0,76
2019-04-21,Pondy,29.8,77
2019-04-22,Pondy,30.4,75
2019-04-23,Pondy,30.3,75
2019-04-24,Pondy,29.9,71
2019-04-25,Pondy,29.9,70
2019-04-26,Pondy,30.3,73
2019-04-27,Pondy,30.6,72
2019-04-28,Pondy,30.5,74
2019-04-29,Pondy,30.7,76
2019-04-30,Pondy,31.5,75
2019-05-01,Pondy,32.7,62
2019-05-02,Pondy,32.3,64
2019-05-03,Pondy,32.0,65
2019-05-04,Pondy,31.7,70
2019-05-05,Pondy,31.1,76
2019-05-06,Pondy,31.2,74
2019-05-07,Pondy,31.6,70
2019-05-08,Pondy,32.3,61
2019-05-09,Pondy,31.7,66
2019-05-10,Pondy,31.5,70
2019-05-11,Pondy,30.9,73
2019-05-12,Pondy,30.4,77
2019-05-13,Pondy,30.1,78
2019-05-14,Pondy,30.6,78
2019-05-15,Pondy,30.7,79
2019-05-16,Pondy,30.6,79
2019-05-17,Pondy,30.6,78
2019-05-18,Pondy,30.4,79
2019-05-19,Pondy,30.3,76
2019-05-20,Pondy,30.1,76
2019-05-21,Pondy,30.1,77
2019-05-22,Pondy,30.1,78
2019-05-23,Pondy,30.3,77
2019-05-24,Pondy,30.6,74
2019-05-25,Pondy,31.1,72
2019-05-26,Pondy,31.3,72
2019-05-27,Pondy,30.8,76
2019-05-28,Pondy,31.1,76
2019-05-29,Pondy,30.9,75
2019-05-30,Pondy,30.9,77
2019-05-31,Pondy,30.6,73
2019-06-01,Pondy,31.0,70
2019-06-02,Pondy,31.8,68
2019-06-03,Pondy,30.9,72
2019-06-04,Pondy,30.8,75
2019-06-05,Pondy,29.7,77
2019-06-06,Pondy,30.1,77
2019-06-07,Pondy,30.8,74
2019-06-08,Pondy,31.6,68
2019-06-09,Pondy,33.1,56
2019-06-10,Pondy,33.1,52
2019-06-11,Pondy,32.9,54
2019-06-12,Pondy,33.0,54
2019-06-13,Pondy,31.3,63
2019-06-14,Pondy,31.4,63
2019-06-15,Pondy,32.1,61
2019-06-16,Pondy,32.3,60
2019-06-17,Pondy,32.6,58
2019-06-18,Pondy,32.3,58
2019-06-19,Pondy,32.4,55
2019-06-20,Pondy,32.6,59
2019-06-21,Pondy,32.4,55
2019-06-22,Pondy,32.0,58
2019-06-23,Pondy,31.1,67
2019-06-24,Pondy,30.3,74
2019-06-25,Pondy,30.1,78
2019-06-26,Pondy,29.7,75
2019-06-27,Pondy,30.1,74
2019-06-28,Pondy,31.2,59
2019-06-29,Pondy,32.0,54
2019-06-30,Pondy,32.5,54
2019-07-01,Pondy,31.9,57
2019-07-02,Pondy,31.8,61
2019-07-03,Pondy,31.3,62
2019-07-04,Pondy,31.8,61
2019-07-05,Pondy,31.4,62
2019-07-06,Pondy,32.4,51
2019-07-07,Pondy,32.0,55
2019-07-08,Pondy,30.9,60
2019-07-09,Pondy,30.6,63
2019-07-10,Pondy,28.9,73
2019-07-11,Pondy,28.7,71
2019-07-12,Pondy,29.1,80
2019-07-13,Pondy,29.0,78
2019-07-14,Pondy,29.2,77
2019-07-15,Pondy,29.0,79
2019-07-16,Pondy,29.3,78
2019-07-17,Pondy,29.8,73
2019-07-18,Pondy,29.8,73
2019-07-19,Pondy,28.5,80
2019-07-20,Pondy,29.1,74
2019-07-21,Pondy,29.0,75
2019-07-22,Pondy,26.9,88
2019-07-23,Pondy,27.6,79
2019-07-24,Pondy,28.7,77
2019-07-25,Pondy,28.5,81
2019-07-26,Pondy,28.7,76
2019-07-27,Pondy,28.7,78
2019-07-28,Pondy,28.9,77
2019-07-29,Pondy,29.0,76
2019-07-30,Pondy,28.9,76
2019-07-31,Pondy,29.4,73
2019-08-01,Pondy,29.9,71
2019-08-02,Pondy,29.4,70
2019-08-03,Pondy,29.9,66
2019-08-04,Pondy,30.2,65
2019-08-05,Pondy,31.2,56
2019-08-06,Pondy,31.1,55
2019-08-07,Pondy,30.3,63
2019-08-08,Pondy,30.1,64
2019-08-09,Pondy,30.1,62
2019-08-10,Pondy,30.3,60
2019-08-11,Pondy,30.6,62
2019-08-12,Pondy,31.0,58
2019-08-13,Pondy,30.0,67
2019-08-14,Pondy,29.9,71
2019-08-15,Pondy,29.7,69
2019-08-16,Pondy,29.4,72
2019-08-17,Pondy,27.3,82
2019-08-18,Pondy,26.4,87
2019-08-19,Pondy,27.6,85
2019-08-20,Pondy,27.6,86
2019-08-21,Pondy,28.4,82
2019-08-22,Pondy,27.6,84
2019-08-23,Pondy,28.0,81
2019-08-24,Pondy,28.4,78
2019-08-25,Pondy,28.4,78
2019-08-26,Pondy,28.9,74
2019-08-27,Pondy,28.8,71
2019-08-28,Pondy,28.6,76
2019-08-29,Pondy,28.9,78
2019-08-30,Pondy,28.8,77
2019-08-31,Pondy,28.7,75
2019-09-01,Pondy,28.6,75
2019-09-02,Pondy,28.8,73
2019-09-03,Pondy,28.4,77
2019-09-04,Pondy,29.1,74
2019-09-05,Pondy,29.3,69
2019-09-06,Pondy,29.2,72
2019-09-07,Pondy,29.2,70
2019-09-08,Pondy,28.6,72
2019-09-09,Pondy,28.9,74
2019-09-10,Pondy,28.0,81
2019-09-11,Pondy,28.1,80
2019-09-12,Pondy,28.2,83
2019-09-13,Pondy,27.8,84
2019-09-14,Pondy,28.2,83
2019-09-15,Pondy,27.9,85
2019-09-16,Pondy,27.9,82
2019-09-17,Pondy,27.4,83
2019-09-18,Pondy,27.1,88
2019-09-19,Pondy,26.9,88
2019-09-20,Pondy,27.6,86
2019-09-21,Pondy,27.8,88
2019-09-22,Pondy,27.7,85
2019-09-23,Pondy,27.3,87
2019-09-24,Pondy,27.2,85
2019-09-25,Pondy,27.1,85
2019-09-26,Pondy,27.6,83
2019-09-27,Pondy,27.5,84
2019-09-28,Pondy,27.5,83
2019-09-29,Pondy,27.7,80
2019-09-30,Pondy,27.1,82
2019-10-01,Pondy,27.9,82
2019-10-02,Pondy,27.9,82
2019-10-03,Pondy,28.1,80
2019-10-04,Pondy,28.2,81
2019-10-05,Pondy,27.8,82
2019-10-06,Pondy,27.8,80
2019-10-07,Pondy,28.1,81
2019-10-08,Pondy,27.8,81
2019-10-09,Pondy,28.1,80
2019-10-10,Pondy,28.2,79
2019-10-11,Pondy,28.2,79
2019-10-12,Pondy,28.1,80
2019-10-13,Pondy,28.5,77
2019-10-14,Pondy,27.9,81
2019-10-15,Pondy,26.6,87
2019-10-16,Pondy,26.4,87
2019-10-17,Pondy,26.1,87
2019-10-18,Pondy,26.8,85
2019-10-19,Pondy,26.6,87
2019-10-20,Pondy,26.2,90
2019-10-21,Pondy,25.3,93
2019-10-22,Pondy,25.7,88
2019-10-23,Pondy,27.0,87
2019-10-24,Pondy,26.4,88
2019-10-25,Pondy,27.4,83
2019-10-26,Pondy,27.0,87
2019-10-27,Pondy,27.2,86
2019-10-28,Pondy,26.6,87
2019-10-29,Pondy,25.7,90
2019-10-30,Pondy,25.4,91
2019-10-31,Pondy,26.1,87
2019-11-01,Pondy,26.8,85
2019-11-02,Pondy,26.9,87
2019-11-03,Pondy,27.1,85
2019-11-04,Pondy,26.8,84
2019-11-05,Pondy,26.7,83
2019-11-06,Pondy,27.0,81
2019-11-07,Pondy,27.3,80
2019-11-08,Pondy,27.3,83
2019-11-09,Pondy,27.1,87
2019-11-10,Pondy,27.4,86
2019-11-11,Pondy,27.2,81
2019-11-12,Pondy,27.0,80
2019-11-13,Pondy,27.1,78
2019-11-14,Pondy,26.3,88
2019-11-15,Pondy,26.2,88
2019-11-16,Pondy,26.4,87
2019-11-17,Pondy,26.6,86
2019-11-18,Pondy,26.8,88
2019-11-19,Pondy,27.0,86
2019-11-20,Pondy,26.2,88
2019-11-21,Pondy,25.9,89
2019-11-22,Pondy,25.5,90
2019-11-23,Pondy,25.8,86
2019-11-24,Pondy,26.1,82
2019-11-25,Pondy,25.9,86
2019-11-26,Pondy,25.9,84
2019-11-27,Pondy,26.4,86
2019-11-28,Pondy,26.0,89
2019-11-29,Pondy,26.1,88
2019-11-30,Pondy,25.6,91
2019-12-01,Pondy,25.5,91
2019-12-02,Pondy,26.7,82
2019-12-03,Pondy,26.9,81
2019-12-04,Pondy,26.3,82
2019-12-05,Pondy,26.5,72
2019-12-06,Pondy,26.3,71
2019-12-07,Pondy,25.0,89
2019-12-08,Pondy,25.8,80
2019-12-09,Pondy,25.6,79
2019-12-10,Pondy,25.3,79
2019-12-11,Pondy,25.1,80
2019-12-12,Pondy,25.6,82
2019-12-13,Pondy,25.5,86
2019-12-14,Pondy,25.6,85
2019-12-15,Pondy,25.8,77
2019-12-16,Pondy,25.0,88
2019-12-17,Pondy,25.8,78
2019-12-18,Pondy,25.6,82
2019-12-19,Pondy,26.0,80
2019-12-20,Pondy,25.9,76
2019-12-21,Pondy,25.7,78
2019-12-22,Pondy,25.6,74
2019-12-23,Pondy,25.3,76
2019-12-24,Pondy,25.0,89
2019-12-25,Pondy,25.7,81
2019-12-26,Pondy,25.3,78
2019-12-27,Pondy,25.6,73
2019-12-28,Pondy,25.7,75
2019-12-29,Pondy,25.3,82
2019-12-30,Pondy,24.5,87
2019-12-31,Pondy,25.1,86
2020-01-01,Pondy,25.2,90
2020-01-02,Pondy,26.0,87
2020-01-03,Pondy,26.2,87
2020-01-04,Pondy,26.2,88
2020-01-05,Pondy,26.5,84
2020-01-06,Pondy,26.3,82
2020-01-07,Pondy,26.4,79
2020-01-08,Pondy,25.4,78
2020-01-09,Pondy,24.7,76
2020-01-10,Pondy,25.0,74
2020-01-11,Pondy,25.0,72
2020-01-12,Pondy,25.1,77
2020-01-13,Pondy,24.7,78
2020-01-14,Pondy,24.3,71
2020-01-15,Pondy,24.9,65
2020-01-16,Pondy,25.3,70
2020-01-17,Pondy,25.7,80
2020-01-18,Pondy,25.8,84
2020-01-19,Pondy,26.3,76
2020-01-20,Pondy,26.1,76
2020-01-21,Pondy,25.9,73
2020-01-22,Pondy,25.9,74
2020-01-23,Pondy,26.1,76
2020-01-24,Pondy,25.2,77
2020-01-25,Pondy,24.3,80
2020-01-26,Pondy,24.1,79
2020-01-27,Pondy,24.7,78
2020-01-28,Pondy,25.6,77
2020-01-29,Pondy,25.8,79
2020-01-30,Pondy,25.5,79
2020-01-31,Pondy,25.7,77
2020-02-01,Pondy,26.8,71
2020-02-02,Pondy,26.6,70
2020-02-03,Pondy,26.3,71
2020-02-04,Pondy,26.1,75
2020-02-05,Pondy,26.5,70
2020-02-06,Pondy,25.8,72
2020-02-07,Pondy,26.9,63
2020-02-08,Pondy,26.6,67
2020-02-09,Pondy,27.2,64
2020-02-10,Pondy,27.2,62
2020-02-11,Pondy,26.7,71
2020-02-12,Pondy,26.6,77
2020-02-13,Pondy,26.3,74
2020-02-14,Pondy,25.8,74
2020-02-15,Pondy,25.3,70
2020-02-16,Pondy,25.3,70
2020-02-17,Pondy,25.8,68
2020-02-18,Pondy,25.5,65
2020-02-19,Pondy,25.7,64
2020-02-20,Pondy,26.0,65
2020-02-21,Pondy,26.3,72
2020-02-22,Pondy,26.9,76
2020-02-23,Pondy,26.9,74
2020-02-24,Pondy,26.9,75
2020-02-25,Pondy,26.8,77
2020-02-26,Pondy,27.1,76
2020-02-27,Pondy,27.3,73
2020-02-28,Pondy,27.2,72
2020-02-29,Pondy,27.1,70
2020-03-01,Pondy,27.0,70
2020-03-02,Pondy,26.4,71
2020-03-03,Pondy,27.2,70
2020-03-04,Pondy,26.8,76
2020-03-05,Pondy,27.2,75
2020-03-06,Pondy,27.5,77
2020-03-07,Pondy,27.8,76
2020-03-08,Pondy,27.4,75
2020-03-09,Pondy,27.0,73
2020-03-10,Pondy,27.4,73
2020-03-11,Pondy,26.9,73
2020-03-12,Pondy,27.4,72
2020-03-13,Pondy,27.5,72
2020-03-14,Pondy,27.5,72
2020-03-15,Pondy,27.8,70
2020-03-16,Pondy,28.1,73
2020-03-17,Pondy,28.1,73
2020-03-18,Pondy,27.7,76
2020-03-19,Pondy,27.6,78
2020-03-20,Pondy,27.5,79
2020-03-21,Pondy,27.9,76
2020-03-22,Pondy,28.2,73
2020-03-23,Pondy,27.8,73
2020-03-24,Pondy,27.7,72
2020-03-25,Pondy,28.1,70
2020-03-26,Pondy,28.3,69
2020-03-27,Pondy,28.0,70
2020-03-28,Pondy,27.6,72
2020-03-29,Pondy,27.1,74
2020-03-30,Pondy,26.7,75
2020-03-31,Pondy,27.2,75
2020-04-01,Pondy,28.2,74
2020-04-02,Pondy,28.2,78
2020-04-03,Pondy,28.9,72
2020-04-04,Pondy,28.6,75
2020-04-05,Pondy,29.1,79
2020-04-06,Pondy,29.2,79
2020-04-07,Pondy,29.4,76
2020-04-08,Pondy,29.5,78
2020-04-09,Pondy,29.3,77
2020-04-10,Pondy,29.1,73
2020-04-11,Pondy,29.1,70
2020-04-12,Pondy,28.7,74
2020-04-13,Pondy,28.1,76
2020-04-14,Pondy,28.4,76
2020-04-15,Pondy,28.7,76
2020-04-16,Pondy,28.8,78
2020-04-17,Pondy,29.4,77
2020-04-18,Pondy,29.4,77
2020-04-19,Pondy,29.7,75
2020-04-20,Pondy,29.5,75
2020-04-21,Pondy,29.3,74
2020-04-22,Pondy,29.4,78
2020-04-23,Pondy,29.6,78
2020-04-24,Pondy,29.9,76
2020-04-25,Pondy,30.2,78
2020-04-26,Pondy,29.7,78
2020-04-27,Pondy,30.2,77
2020-04-28,Pondy,29.9,76
2020-04-29,Pondy,29.7,76
2020-04-30,Pondy,30.0,76
2020-05-01,Pondy,30.3,76
2020-05-02,Pondy,30.5,76
2020-05-03,Pondy,30.3,76
2020-05-04,Pondy,29.8,75
2020-05-05,Pondy,30.0,73
2020-05-06,Pondy,30.1,76
2020-05-07,Pondy,30.4,78
2020-05-08,Pondy,30.6,73
2020-05-09,Pondy,30.5,75
2020-05-10,Pondy,30.1,76
2020-05-11,Pondy,30.1,77
2020-05-12,Pondy,29.2,79
2020-05-13,Pondy,29.8,76
2020-05-14,Pondy,29.9,77
2020-05-15,Pondy,30.0,78
2020-05-16,Pondy,30.8,74
2020-05-17,Pondy,30.9,72
2020-05-18,Pondy,31.4,68
2020-05-19,Pondy,34.3,47
2020-05-20,Pondy,33.3,55
2020-05-21,Pondy,32.6,61
2020-05-22,Pondy,32.1,64
2020-05-23,Pondy,31.1,76
2020-05-24,Pondy,30.8,79
2020-05-25,Pondy,30.6,78
2020-05-26,Pondy,30.8,79
2020-05-27,Pondy,31.0,78
2020-05-28,Pondy,31.6,73
2020-05-29,Pondy,31.3,68
2020-05-30,Pondy,31.3,71
2020-05-31,Pondy,30.8,71
2020-06-01,Pondy,31.2,70
2020-06-02,Pondy,31.2,64
2020-06-03,Pondy,30.9,63
2020-06-04,Pondy,31.4,65
2020-06-05,Pondy,31.5,65
2020-06-06,Pondy,31.0,64
2020-06-07,Pondy,30.3,65
2020-06-08,Pondy,31.2,61
2020-06-09,Pondy,31.9,60
2020-06-10,Pondy,31.6,57
2020-06-11,Pondy,31.2,60
2020-06-12,Pondy,31.2,61
2020-06-13,Pondy,30.4,66
2020-06-14,Pondy,31.2,64
2020-06-15,Pondy,32.0,59
2020-06-16,Pondy,31.5,65
2020-06-17,Pondy,31.5,65
2020-06-18,Pondy,31.1,64
2020-06-19,Pondy,31.8,59
2020-06-20,Pondy,31.9,58
2020-06-21,Pondy,31.4,61
2020-06-22,Pondy,30.7,64
2020-06-23,Pondy,29.1,75
2020-06-24,Pondy,28.6,83
2020-06-25,Pondy,28.2,81
2020-06-26,Pondy,28.5,80
2020-06-27,Pondy,30.3,74
2020-06-28,Pondy,29.3,78
2020-06-29,Pondy,29.1,79
2020-06-30,Pondy,29.5,76
2020-07-01,Pondy,29.9,74
2020-07-02,Pondy,30.0,70
2020-07-03,Pondy,29.5,72
2020-07-04,Pondy,29.0,74
2020-07-05,Pondy,29.6,72
2020-07-06,Pondy,29.8,72
2020-07-07,Pondy,30.3,70
2020-07-08,Pondy,29.5,75
2020-07-09,Pondy,28.9,75
2020-07-10,Pondy,28.2,79
2020-07-11,Pondy,28.8,76
2020-07-12,Pondy,30.0,72
2020-07-13,Pondy,28.6,80
2020-07-14,Pondy,29.1,76
2020-07-15,Pondy,28.8,80
2020-07-16,Pondy,28.5,79
2020-07-17,Pondy,29.2,73
2020-07-18,Pondy,29.4,69
2020-07-19,Pondy,28.4,82
2020-07-20,Pondy,28.2,83
2020-07-21,Pondy,28.9,79
2020-07-22,Pondy,28.6,78
2020-07-23,Pondy,28.8,76
2020-07-24,Pondy,28.8,76
2020-07-25,Pondy,28.6,77
2020-07-26,Pondy,28.9,76
2020-07-27,Pondy,30.1,69
2020-07-28,Pondy,29.3,75
2020-07-29,Pondy,26.7,88
2020-07-30,Pondy,28.5,78
2020-07-31,Pondy,28.5,82
2020-08-01,Pondy,28.9,75
2020-08-02,Pondy,29.4,68
2020-08-03,Pondy,28.4,76
2020-08-04,Pondy,29.8,63
2020-08-05,Pondy,28.7,68
2020-08-06,Pondy,30.0,66
2020-08-07,Pondy,29.9,70
2020-08-08,Pondy,30.2,65
2020-08-09,Pondy,27.0,83
2020-08-10,Pondy,28.1,81
2020-08-11,Pondy,28.8,76
2020-08-12,Pondy,28.6,80
2020-08-13,Pondy,29.3,71
2020-08-14,Pondy,28.8,74
2020-08-15,Pondy,28.9,73
2020-08-16,Pondy,28.9,72
2020-08-17,Pondy,29.1,75
2020-08-18,Pondy,29.6,72
2020-08-19,Pondy,30.0,68
2020-08-20,Pondy,29.4,73
2020-08-21,Pondy,29.6,74
2020-08-22,Pondy,29.6,76
2020-08-23,Pondy,28.9,80
2020-08-24,Pondy,28.1,83
2020-08-25,Pondy,28.2,84
2020-08-26,Pondy,28.4,84
2020-08-27,Pondy,28.6,82
2020-08-28,Pondy,28.6,80
2020-08-29,Pondy,29.5,74
2020-08-30,Pondy,29.7,73
2020-08-31,Pondy,28.7,78
2020-09-01,Pondy,28.0,83
2020-09-02,Pondy,26.8,88
2020-09-03,Pondy,27.4,83
2020-09-04,Pondy,27.4,85
2020-09-05,Pondy,27.7,85
2020-09-06,Pondy,27.7,84
2020-09-07,Pondy,28.2,77
2020-09-08,Pondy,28.4,79
2020-09-09,Pondy,28.1,83
2020-09-10,Pondy,27.8,78
2020-09-11,Pondy,28.3,71
2020-09-12,Pondy,27.3,80
2020-09-13,Pondy,26.5,87
2020-09-14,Pondy,27.6,78
2020-09-15,Pondy,28.3,77
2020-09-16,Pondy,28.9,72
2020-09-17,Pondy,29.2,73
2020-09-18,Pondy,29.5,69
2020-09-19,Pondy,27.4,78
2020-09-20,Pondy,27.5,76
2020-09-21,Pondy,28.0,71
2020-09-22,Pondy,30.2,60
2020-09-23,Pondy,29.0,70
2020-09-24,Pondy,29.7,69
2020-09-25,Pondy,28.9,76
2020-09-26,Pondy,28.9,74
2020-09-27,Pondy,29.1,72
2020-09-28,Pondy,28.4,78
2020-09-29,Pondy,27.3,83
2020-09-30,Pondy,27.4,83
2020-10-01,Pondy,28.7,74
2020-10-02,Pondy,29.0,74
2020-10-03,Pondy,29.5,69
2020-10-04,Pondy,28.9,67
2020-10-05,Pondy,29.4,69
2020-10-06,Pondy,29.0,75
2020-10-07,Pondy,29.1,76
2020-10-08,Pondy,28.3,83
2020-10-09,Pondy,28.5,82
2020-10-10,Pondy,27.3,86
2020-10-11,Pondy,27.0,85
2020-10-12,Pondy,27.9,78
2020-10-13,Pondy,28.5,71
2020-10-14,Pondy,28.8,67
2020-10-15,Pondy,28.6,71
2020-10-16,Pondy,28.7,74
2020-10-17,Pondy,28.0,83
2020-10-18,Pondy,26.6,88
2020-10-19,Pondy,27.4,85
2020-10-20,Pondy,27.2,86
2020-10-21,Pondy,27.0,88
2020-10-22,Pondy,27.5,84
2020-10-23,Pondy,27.7,81
2020-10-24,Pondy,27.4,75
2020-10-25,Pondy,27.5,78
2020-10-26,Pondy,27.5,84
2020-10-27,Pondy,26.9,85
2020-10-28,Pondy,26.5,83
2020-10-29,Pondy,26.3,78
2020-10-30,Pondy,26.9,75
2020-10-31,Pondy,27.5,77
2020-11-01,Pondy,27.3,79
2020-11-02,Pondy,27.6,78
2020-11-03,Pondy,27.7,81
2020-11-04,Pondy,27.3,85
2020-11-05,Pondy,27.0,86
2020-11-06,Pondy,27.0,86
2020-11-07,Pondy,27.1,86
2020-11-08,Pondy,27.5,78
2020-11-09,Pondy,27.3,70
2020-11-10,Pondy,26.4,69
2020-11-11,Pondy,26.4,76
2020-11-12,Pondy,26.4,87
2020-11-13,Pondy,26.3,89
2020-11-14,Pondy,27.2,82
2020-11-15,Pondy,25.9,90
2020-11-16,Pondy,25.5,92
2020-11-17,Pondy,26.8,85
2020-11-18,Pondy,27.1,81
2020-11-19,Pondy,26.7,84
2020-11-20,Pondy,26.6,81
2020-11-21,Pondy,25.7,79
2020-11-22,Pondy,25.5,78
2020-11-23,Pondy,26.3,78
2020-11-24,Pondy,25.1,88
2020-11-25,Pondy,24.2,91
2020-11-26,Pondy,25.8,83
2020-11-27,Pondy,26.3,83
2020-11-28,Pondy,25.7,86
2020-11-29,Pondy,25.8,87
2020-11-30,Pondy,25.8,85
2020-12-01,Pondy,25.7,77
2020-12-02,Pondy,24.7,87
2020-12-03,Pondy,25.2,91
2020-12-04,Pondy,25.1,92
2020-12-05,Pondy,25.0,91
2019-01-02,Punjab,12.1,79
2019-01-03,Punjab,10.6,71
2019-01-04,Punjab,9.7,73
2019-01-05,Punjab,10.8,79
2019-01-06,Punjab,10.6,81
2019-01-07,Punjab,10.4,75
2019-01-08,Punjab,11.1,75
2019-01-09,Punjab,10.4,76
2019-01-10,Punjab,10.2,76
2019-01-11,Punjab,11.8,76
2019-01-12,Punjab,12.1,77
2019-01-13,Punjab,12.5,70
2019-01-14,Punjab,9.1,71
2019-01-15,Punjab,9.4,71
2019-01-16,Punjab,9.7,80
2019-01-17,Punjab,10.8,80
2019-01-18,Punjab,11.8,75
2019-01-19,Punjab,13.8,75
2019-01-20,Punjab,13.5,77
2019-01-21,Punjab,12.6,87
2019-01-22,Punjab,11.3,93
2019-01-23,Punjab,10.2,86
2019-01-24,Punjab,10.4,78
2019-01-25,Punjab,9.8,76
2019-01-26,Punjab,8.9,77
2019-01-27,Punjab,9.3,73
2019-01-28,Punjab,8.9,75
2019-01-29,Punjab,8.9,73
2019-01-30,Punjab,10.7,76
2019-01-31,Punjab,11.6,81
2019-02-01,Punjab,12.6,75
2019-02-02,Punjab,11.9,77
2019-02-03,Punjab,12.4,80
2019-02-04,Punjab,12.4,79
2019-02-05,Punjab,13.2,81
2019-02-06,Punjab,14.5,78
2019-02-07,Punjab,12.4,90
2019-02-08,Punjab,10.5,76
2019-02-09,Punjab,10.4,76
2019-02-10,Punjab,11.0,76
2019-02-11,Punjab,12.9,74
2019-02-12,Punjab,14.0,81
2019-02-13,Punjab,14.8,84
2019-02-14,Punjab,14.6,86
2019-02-15,Punjab,14.3,86
2019-02-16,Punjab,13.8,85
2019-02-17,Punjab,13.0,81
2019-02-18,Punjab,13.1,83
2019-02-19,Punjab,14.2,78
2019-02-20,Punjab,15.6,74
2019-02-21,Punjab,16.0,82
2019-02-22,Punjab,14.8,81
2019-02-23,Punjab,13.2,82
2019-02-24,Punjab,13.2,76
2019-02-25,Punjab,12.9,69
2019-02-26,Punjab,12.5,72
2019-02-27,Punjab,10.6,84
2019-02-28,Punjab,10.6,77
2019-03-01,Punjab,12.6,71
2019-03-02,Punjab,13.7,81
2019-03-03,Punjab,14.6,78
2019-03-04,Punjab,14.5,80
2019-03-05,Punjab,14.1,78
2019-03-06,Punjab,14.6,73
2019-03-07,Punjab,14.7,68
2019-03-08,Punjab,13.9,76
2019-03-09,Punjab,15.2,73
2019-03-10,Punjab,15.8,71
2019-03-11,Punjab,15.1,76
2019-03-12,Punjab,15.8,68
2019-03-13,Punjab,14.5,79
2019-03-14,Punjab,15.6,76
2019-03-15,Punjab,15.5,74
2019-03-16,Punjab,16.7,72
2019-03-17,Punjab,18.1,71
2019-03-18,Punjab,18.5,70
2019-03-19,Punjab,19.5,65
2019-03-20,Punjab,19.4,56
2019-03-21,Punjab,19.3,55
2019-03-22,Punjab,18.4,59
2019-03-23,Punjab,17.5,63
2019-03-24,Punjab,17.4,70
2019-03-25,Punjab,17.9,74
2019-03-26,Punjab,18.8,66
2019-03-27,Punjab,20.8,65
2019-03-28,Punjab,22.3,67
2019-03-29,Punjab,23.7,64
2019-03-30,Punjab,23.3,58
2019-03-31,Punjab,21.7,55
2019-04-01,Punjab,21.1,56
2019-04-02,Punjab,21.9,57
2019-04-03,Punjab,23.2,55
2019-04-04,Punjab,24.9,54
2019-04-05,Punjab,24.7,61
2019-04-06,Punjab,24.8,56
2019-04-07,Punjab,25.4,48
2019-04-08,Punjab,24.2,54
2019-04-09,Punjab,25.0,50
2019-04-10,Punjab,26.7,49
2019-04-11,Punjab,25.7,50
2019-04-12,Punjab,25.0,53
2019-04-13,Punjab,25.2,58
2019-04-14,Punjab,25.5,55
2019-04-15,Punjab,26.8,50
2019-04-16,Punjab,23.4,60
2019-04-17,Punjab,18.6,88
2019-04-18,Punjab,20.0,77
2019-04-19,Punjab,21.9,66
2019-04-20,Punjab,23.3,62
2019-04-21,Punjab,24.9,57
2019-04-22,Punjab,26.6,51
2019-04-23,Punjab,28.0,48
2019-04-24,Punjab,28.6,45
2019-04-25,Punjab,29.2,40
2019-04-26,Punjab,28.4,38
2019-04-27,Punjab,28.3,34
2019-04-28,Punjab,29.1,29
2019-04-29,Punjab,28.6,29
2019-04-30,Punjab,30.0,26
2019-05-01,Punjab,30.2,27
2019-05-02,Punjab,28.9,29
2019-05-03,Punjab,27.9,29
2019-05-04,Punjab,26.8,31
2019-05-05,Punjab,28.8,25
2019-05-06,Punjab,28.9,24
2019-05-07,Punjab,28.8,24
2019-05-08,Punjab,30.3,24
2019-05-09,Punjab,30.5,25
2019-05-10,Punjab,30.5,29
2019-05-11,Punjab,30.1,32
2019-05-12,Punjab,28.9,38
2019-05-13,Punjab,29.5,36
2019-05-14,Punjab,26.6,52
2019-05-15,Punjab,27.5,51
2019-05-16,Punjab,27.3,51
2019-05-17,Punjab,25.2,66
2019-05-18,Punjab,26.0,62
2019-05-19,Punjab,27.4,53
2019-05-20,Punjab,27.7,48
2019-05-21,Punjab,29.1,39
2019-05-22,Punjab,29.9,36
2019-05-23,Punjab,28.8,43
2019-05-24,Punjab,27.2,50
2019-05-25,Punjab,26.7,54
2019-05-26,Punjab,27.6,50
2019-05-27,Punjab,29.0,39
2019-05-28,Punjab,30.4,31
2019-05-29,Punjab,31.6,30
2019-05-30,Punjab,32.7,27
2019-05-31,Punjab,33.8,24
2019-06-01,Punjab,33.1,26
2019-06-02,Punjab,32.8,33
2019-06-03,Punjab,32.9,37
2019-06-04,Punjab,32.1,45
2019-06-05,Punjab,34.4,27
2019-06-06,Punjab,33.3,24
2019-06-07,Punjab,31.5,32
2019-06-08,Punjab,31.9,31
2019-06-09,Punjab,33.2,29
2019-06-10,Punjab,33.9,27
2019-06-11,Punjab,34.7,24
2019-06-12,Punjab,34.1,28
2019-06-13,Punjab,34.0,33
2019-06-14,Punjab,33.1,26
2019-06-15,Punjab,33.6,25
2019-06-16,Punjab,31.7,39
2019-06-17,Punjab,30.5,48
2019-06-18,Punjab,27.9,60
2019-06-19,Punjab,30.2,53
2019-06-20,Punjab,30.2,53
2019-06-21,Punjab,30.3,53
2019-06-22,Punjab,31.8,44
2019-06-23,Punjab,32.4,48
2019-06-24,Punjab,29.8,65
2019-06-25,Punjab,30.6,64
2019-06-26,Punjab,32.6,44
2019-06-27,Punjab,32.5,44
2019-06-28,Punjab,32.8,46
2019-06-29,Punjab,33.7,44
2019-06-30,Punjab,32.9,46
2019-07-01,Punjab,33.0,49
2019-07-02,Punjab,33.6,45
2019-07-03,Punjab,33.4,52
2019-07-04,Punjab,32.2,62
2019-07-05,Punjab,30.6,69
2019-07-06,Punjab,30.7,70
2019-07-07,Punjab,30.3,71
2019-07-08,Punjab,30.9,70
2019-07-09,Punjab,27.6,84
2019-07-10,Punjab,28.4,83
2019-07-11,Punjab,29.1,79
2019-07-12,Punjab,27.9,84
2019-07-13,Punjab,27.5,83
2019-07-14,Punjab,26.3,85
2019-07-15,Punjab,26.2,84
2019-07-16,Punjab,25.5,86
2019-07-17,Punjab,26.2,84
2019-07-18,Punjab,27.6,82
2019-07-19,Punjab,27.7,82
2019-07-20,Punjab,28.1,84
2019-07-21,Punjab,28.5,83
2019-07-22,Punjab,29.2,81
2019-07-23,Punjab,30.0,79
2019-07-24,Punjab,29.9,81
2019-07-25,Punjab,26.6,89
2019-07-26,Punjab,27.2,84
2019-07-27,Punjab,26.2,91
2019-07-28,Punjab,28.0,84
2019-07-29,Punjab,28.5,83
2019-07-30,Punjab,28.2,85
2019-07-31,Punjab,26.4,86
2019-08-01,Punjab,26.5,88
2019-08-02,Punjab,25.8,93
2019-08-03,Punjab,27.5,87
2019-08-04,Punjab,28.6,86
2019-08-05,Punjab,29.2,83
2019-08-06,Punjab,28.2,87
2019-08-07,Punjab,28.3,82
2019-08-08,Punjab,29.7,77
2019-08-09,Punjab,27.1,88
2019-08-10,Punjab,28.3,83
2019-08-11,Punjab,28.8,84
2019-08-12,Punjab,27.8,88
2019-08-13,Punjab,27.8,88
2019-08-14,Punjab,27.6,89
2019-08-15,Punjab,28.0,85
2019-08-16,Punjab,27.0,89
2019-08-17,Punjab,25.6,92
2019-08-18,Punjab,25.9,83
2019-08-19,Punjab,25.9,86
2019-08-20,Punjab,27.2,83
2019-08-21,Punjab,27.5,84
2019-08-22,Punjab,27.8,82
2019-08-23,Punjab,28.3,83
2019-08-24,Punjab,28.3,85
2019-08-25,Punjab,27.4,85
2019-08-26,Punjab,28.0,81
2019-08-27,Punjab,28.8,79
2019-08-28,Punjab,29.5,79
2019-08-29,Punjab,28.9,84
2019-08-30,Punjab,27.7,85
2019-08-31,Punjab,28.7,83
2019-09-01,Punjab,27.6,88
2019-09-02,Punjab,27.6,85
2019-09-03,Punjab,28.8,84
2019-09-04,Punjab,28.1,85
2019-09-05,Punjab,26.9,88
2019-09-06,Punjab,27.8,85
2019-09-07,Punjab,28.4,82
2019-09-08,Punjab,28.0,85
2019-09-09,Punjab,28.3,83
2019-09-10,Punjab,28.5,82
2019-09-11,Punjab,29.0,80
2019-09-12,Punjab,28.7,83
2019-09-13,Punjab,28.1,83
2019-09-14,Punjab,27.6,84
2019-09-15,Punjab,27.6,86
2019-09-16,Punjab,27.1,83
2019-09-17,Punjab,27.4,80
2019-09-18,Punjab,26.1,81
2019-09-19,Punjab,26.0,82
2019-09-20,Punjab,26.0,83
2019-09-21,Punjab,25.9,83
2019-09-22,Punjab,26.3,78
2019-09-23,Punjab,26.2,80
2019-09-24,Punjab,26.3,77
2019-09-25,Punjab,26.6,81
2019-09-26,Punjab,26.1,82
2019-09-27,Punjab,25.0,86
2019-09-28,Punjab,24.6,88
2019-09-29,Punjab,24.3,83
2019-09-30,Punjab,23.7,85
2019-10-01,Punjab,23.6,85
2019-10-02,Punjab,23.9,80
2019-10-03,Punjab,23.8,82
2019-10-04,Punjab,22.8,86
2019-10-05,Punjab,22.7,80
2019-10-06,Punjab,23.2,80
2019-10-07,Punjab,23.5,79
2019-10-08,Punjab,22.6,78
2019-10-09,Punjab,23.0,77
2019-10-10,Punjab,23.0,79
2019-10-11,Punjab,23.2,78
2019-10-12,Punjab,23.3,76
2019-10-13,Punjab,23.4,79
2019-10-14,Punjab,24.1,78
2019-10-15,Punjab,24.2,76
2019-10-16,Punjab,23.9,76
2019-10-17,Punjab,23.5,77
2019-10-18,Punjab,22.9,71
2019-10-19,Punjab,22.5,71
2019-10-20,Punjab,21.8,70
2019-10-21,Punjab,20.7,73
2019-10-22,Punjab,20.7,69
2019-10-23,Punjab,21.2,71
2019-10-24,Punjab,21.8,71
2019-10-25,Punjab,21.8,71
2019-10-26,Punjab,21.4,72
2019-10-27,Punjab,21.2,71
2019-10-28,Punjab,21.5,73
2019-10-29,Punjab,21.9,76
2019-10-30,Punjab,22.4,77
2019-10-31,Punjab,22.6,77
2019-11-01,Punjab,22.3,75
2019-11-02,Punjab,21.3,82
2019-11-03,Punjab,20.9,80
2019-11-04,Punjab,20.1,73
2019-11-05,Punjab,19.4,71
2019-11-06,Punjab,20.8,60
2019-11-07,Punjab,18.9,69
2019-11-08,Punjab,18.6,69
2019-11-09,Punjab,18.1,73
2019-11-10,Punjab,17.9,74
2019-11-11,Punjab,17.6,76
2019-11-12,Punjab,16.8,84
2019-11-13,Punjab,16.9,88
2019-11-14,Punjab,18.4,83
2019-11-15,Punjab,19.2,70
2019-11-16,Punjab,19.2,71
2019-11-17,Punjab,17.3,79
2019-11-18,Punjab,16.6,79
2019-11-19,Punjab,16.0,77
2019-11-20,Punjab,16.2,83
2019-11-21,Punjab,16.2,81
2019-11-22,Punjab,16.4,85
2019-11-23,Punjab,18.0,77
2019-11-24,Punjab,17.2,75
2019-11-25,Punjab,15.6,72
2019-11-26,Punjab,16.8,69
2019-11-27,Punjab,16.5,75
2019-11-28,Punjab,16.0,80
2019-11-29,Punjab,15.7,80
2019-11-30,Punjab,14.9,80
2019-12-01,Punjab,14.4,80
2019-12-02,Punjab,13.3,79
2019-12-03,Punjab,13.1,82
2019-12-04,Punjab,12.8,81
2019-12-05,Punjab,12.4,81
2019-12-06,Punjab,13.5,82
2019-12-07,Punjab,13.9,80
2019-12-08,Punjab,12.7,78
2019-12-09,Punjab,12.6,81
2019-12-10,Punjab,11.9,86
2019-12-11,Punjab,12.4,82
2019-12-12,Punjab,12.3,92
2019-12-13,Punjab,12.2,91
2019-12-14,Punjab,12.2,88
2019-12-15,Punjab,11.3,85
2019-12-16,Punjab,10.9,87
2019-12-17,Punjab,10.1,87
2019-12-18,Punjab,9.3,84
2019-12-19,Punjab,8.9,89
2019-12-20,Punjab,10.5,88
2019-12-21,Punjab,11.4,90
2019-12-22,Punjab,10.6,92
2019-12-23,Punjab,9.4,91
2019-12-24,Punjab,8.3,92
2019-12-25,Punjab,8.3,92
2019-12-26,Punjab,7.6,88
2019-12-27,Punjab,6.0,93
2019-12-28,Punjab,5.9,92
2019-12-29,Punjab,7.1,92
2019-12-30,Punjab,6.6,93
2019-12-31,Punjab,7.3,92
2020-01-01,Punjab,9.2,85
2020-01-02,Punjab,11.0,79
2020-01-03,Punjab,11.2,78
2020-01-04,Punjab,10.9,81
2020-01-05,Punjab,10.0,80
2020-01-06,Punjab,10.6,88
2020-01-07,Punjab,11.3,93
2020-01-08,Punjab,10.5,88
2020-01-09,Punjab,8.5,85
2020-01-10,Punjab,8.2,85
2020-01-11,Punjab,9.4,78
2020-01-12,Punjab,12.3,78
2020-01-13,Punjab,11.8,85
2020-01-14,Punjab,11.0,87
2020-01-15,Punjab,10.3,88
2020-01-16,Punjab,10.7,91
2020-01-17,Punjab,11.7,86
2020-01-18,Punjab,10.8,87
2020-01-19,Punjab,10.0,85
2020-01-20,Punjab,11.3,78
2020-01-21,Punjab,11.7,73
2020-01-22,Punjab,10.8,78
2020-01-23,Punjab,8.9,81
2020-01-24,Punjab,9.2,80
2020-01-25,Punjab,10.7,76
2020-01-26,Punjab,10.8,83
2020-01-27,Punjab,11.1,85
2020-01-28,Punjab,11.9,89
2020-01-29,Punjab,11.7,88
2020-01-30,Punjab,10.2,84
2020-01-31,Punjab,10.4,86
2020-02-01,Punjab,10.2,83
2020-02-02,Punjab,9.7,85
2020-02-03,Punjab,9.8,82
2020-02-04,Punjab,10.0,81
2020-02-05,Punjab,10.5,83
2020-02-06,Punjab,10.6,75
2020-02-07,Punjab,10.6,78
2020-02-08,Punjab,10.7,80
2020-02-09,Punjab,11.1,80
2020-02-10,Punjab,11.6,80
2020-02-11,Punjab,12.3,82
2020-02-12,Punjab,14.1,80
2020-02-13,Punjab,15.8,81
2020-02-14,Punjab,14.1,83
2020-02-15,Punjab,14.0,79
2020-02-16,Punjab,14.2,74
2020-02-17,Punjab,13.8,75
2020-02-18,Punjab,14.4,75
2020-02-19,Punjab,16.1,69
2020-02-20,Punjab,17.1,71
2020-02-21,Punjab,15.7,76
2020-02-22,Punjab,15.7,80
2020-02-23,Punjab,16.0,80
2020-02-24,Punjab,16.2,78
2020-02-25,Punjab,16.2,75
2020-02-26,Punjab,16.6,72
2020-02-27,Punjab,17.0,77
2020-02-28,Punjab,18.3,76
2020-02-29,Punjab,17.5,81
2020-03-01,Punjab,17.2,76
2020-03-02,Punjab,17.1,77
2020-03-03,Punjab,17.1,77
2020-03-04,Punjab,17.6,74
2020-03-05,Punjab,16.6,70
2020-03-06,Punjab,14.5,83
2020-03-07,Punjab,13.3,87
2020-03-08,Punjab,15.6,74
2020-03-09,Punjab,14.8,73
2020-03-10,Punjab,14.8,66
2020-03-11,Punjab,15.3,79
2020-03-12,Punjab,15.4,83
2020-03-13,Punjab,15.4,80
2020-03-14,Punjab,13.9,85
2020-03-15,Punjab,14.7,79
2020-03-16,Punjab,16.2,80
2020-03-17,Punjab,17.3,77
2020-03-18,Punjab,17.8,78
2020-03-19,Punjab,17.8,78
2020-03-20,Punjab,19.1,72
2020-03-21,Punjab,19.2,71
2020-03-22,Punjab,19.4,65
2020-03-23,Punjab,19.6,71
2020-03-24,Punjab,19.2,74
2020-03-25,Punjab,19.4,74
2020-03-26,Punjab,20.2,76
2020-03-27,Punjab,18.2,89
2020-03-28,Punjab,18.6,77
2020-03-29,Punjab,18.9,70
2020-03-30,Punjab,17.9,76
2020-03-31,Punjab,19.1,75
2020-04-01,Punjab,21.0,61
2020-04-02,Punjab,19.9,61
2020-04-03,Punjab,18.8,61
2020-04-04,Punjab,19.4,66
2020-04-05,Punjab,20.9,63
2020-04-06,Punjab,21.4,62
2020-04-07,Punjab,20.6,66
2020-04-08,Punjab,20.7,60
2020-04-09,Punjab,21.5,61
2020-04-10,Punjab,23.9,51
2020-04-11,Punjab,23.8,55
2020-04-12,Punjab,23.8,58
2020-04-13,Punjab,25.0,61
2020-04-14,Punjab,26.4,60
2020-04-15,Punjab,27.8,44
2020-04-16,Punjab,25.9,48
2020-04-17,Punjab,24.5,47
2020-04-18,Punjab,23.1,61
2020-04-19,Punjab,23.3,61
2020-04-20,Punjab,21.8,64
2020-04-21,Punjab,22.4,55
2020-04-22,Punjab,23.5,56
2020-04-23,Punjab,25.0,50
2020-04-24,Punjab,25.8,46
2020-04-25,Punjab,26.0,51
2020-04-26,Punjab,24.5,64
2020-04-27,Punjab,21.3,80
2020-04-28,Punjab,24.2,61
2020-04-29,Punjab,25.6,59
2020-04-30,Punjab,26.3,57
2020-05-01,Punjab,27.7,51
2020-05-02,Punjab,26.9,58
2020-05-03,Punjab,26.6,56
2020-05-04,Punjab,25.9,64
2020-05-05,Punjab,25.9,50
2020-05-06,Punjab,24.8,51
2020-05-07,Punjab,26.1,41
2020-05-08,Punjab,27.8,38
2020-05-09,Punjab,28.4,38
2020-05-10,Punjab,27.5,48
2020-05-11,Punjab,27.9,51
2020-05-12,Punjab,27.7,54
2020-05-13,Punjab,27.0,57
2020-05-14,Punjab,26.8,57
2020-05-15,Punjab,27.5,47
2020-05-16,Punjab,28.0,45
2020-05-17,Punjab,28.0,41
2020-05-18,Punjab,27.9,33
2020-05-19,Punjab,27.4,32
2020-05-20,Punjab,27.8,36
2020-05-21,Punjab,28.6,37
2020-05-22,Punjab,30.9,34
2020-05-23,Punjab,32.4,30
2020-05-24,Punjab,32.5,29
2020-05-25,Punjab,32.6,31
2020-05-26,Punjab,33.2,30
2020-05-27,Punjab,33.3,29
2020-05-28,Punjab,32.6,32
2020-05-29,Punjab,29.2,52
2020-05-30,Punjab,26.2,72
2020-05-31,Punjab,24.4,76
2020-06-01,Punjab,25.0,70
2020-06-02,Punjab,26.5,64
2020-06-03,Punjab,27.7,58
2020-06-04,Punjab,28.7,55
2020-06-05,Punjab,27.7,59
2020-06-06,Punjab,24.7,77
2020-06-07,Punjab,26.4,66
2020-06-08,Punjab,28.3,61
2020-06-09,Punjab,29.7,62
2020-06-10,Punjab,30.3,62
2020-06-11,Punjab,30.4,62
2020-06-12,Punjab,31.2,56
2020-06-13,Punjab,30.6,54
2020-06-14,Punjab,30.7,53
2020-06-15,Punjab,31.4,48
2020-06-16,Punjab,31.6,49
2020-06-17,Punjab,32.3,53
2020-06-18,Punjab,33.0,54
2020-06-19,Punjab,32.7,55
2020-06-20,Punjab,32.1,56
2020-06-21,Punjab,31.9,57
2020-06-22,Punjab,30.0,67
2020-06-23,Punjab,31.4,63
2020-06-24,Punjab,30.3,68
2020-06-25,Punjab,28.7,76
2020-06-26,Punjab,29.3,72
2020-06-27,Punjab,30.7,66
2020-06-28,Punjab,32.1,64
2020-06-29,Punjab,31.2,65
2020-06-30,Punjab,30.2,69
2020-07-01,Punjab,30.4,70
2020-07-02,Punjab,31.7,65
2020-07-03,Punjab,32.2,65
2020-07-04,Punjab,30.4,72
2020-07-05,Punjab,27.4,76
2020-07-06,Punjab,28.7,69
2020-07-07,Punjab,29.4,73
2020-07-08,Punjab,26.9,89
2020-07-09,Punjab,29.2,78
2020-07-10,Punjab,30.0,75
2020-07-11,Punjab,29.2,75
2020-07-12,Punjab,28.4,79
2020-07-13,Punjab,28.6,76
2020-07-14,Punjab,29.9,73
2020-07-15,Punjab,29.3,76
2020-07-16,Punjab,29.9,74
2020-07-17,Punjab,29.5,76
2020-07-18,Punjab,29.8,79
2020-07-19,Punjab,29.0,83
2020-07-20,Punjab,28.2,83
2020-07-21,Punjab,24.9,92
2020-07-22,Punjab,26.2,83
2020-07-23,Punjab,27.2,82
2020-07-24,Punjab,28.8,77
2020-07-25,Punjab,28.0,80
2020-07-26,Punjab,28.6,79
2020-07-27,Punjab,29.3,80
2020-07-28,Punjab,29.4,82
2020-07-29,Punjab,28.6,81
2020-07-30,Punjab,26.3,88
2020-07-31,Punjab,28.2,80
2020-08-01,Punjab,28.1,83
2020-08-02,Punjab,28.4,84
2020-08-03,Punjab,29.3,81
2020-08-04,Punjab,29.8,79
2020-08-05,Punjab,29.7,79
2020-08-06,Punjab,30.6,75
2020-08-07,Punjab,29.8,75
2020-08-08,Punjab,30.0,74
2020-08-09,Punjab,29.1,85
2020-08-10,Punjab,28.1,88
2020-08-11,Punjab,28.1,88
2020-08-12,Punjab,28.4,87
2020-08-13,Punjab,27.6,86
2020-08-14,Punjab,28.1,82
2020-08-15,Punjab,29.0,82
2020-08-16,Punjab,28.8,85
2020-08-17,Punjab,28.5,86
2020-08-18,Punjab,28.8,87
2020-08-19,Punjab,27.4,90
2020-08-20,Punjab,26.9,85
2020-08-21,Punjab,25.6,86
2020-08-22,Punjab,27.7,78
2020-08-23,Punjab,27.4,85
2020-08-24,Punjab,28.2,81
2020-08-25,Punjab,28.0,83
2020-08-26,Punjab,27.8,85
2020-08-27,Punjab,27.5,86
2020-08-28,Punjab,27.0,87
2020-08-29,Punjab,27.5,82
2020-08-30,Punjab,27.5,84
2020-08-31,Punjab,27.8,79
2020-09-01,Punjab,27.9,80
2020-09-02,Punjab,28.5,79
2020-09-03,Punjab,27.5,84
2020-09-04,Punjab,27.6,82
2020-09-05,Punjab,27.5,82
2020-09-06,Punjab,27.4,85
2020-09-07,Punjab,27.6,82
2020-09-08,Punjab,28.0,79
2020-09-09,Punjab,28.2,77
2020-09-10,Punjab,28.4,75
2020-09-11,Punjab,28.4,72
2020-09-12,Punjab,28.3,71
2020-09-13,Punjab,28.7,72
2020-09-14,Punjab,28.5,70
2020-09-15,Punjab,29.3,69
2020-09-16,Punjab,29.9,68
2020-09-17,Punjab,29.8,67
2020-09-18,Punjab,29.6,65
2020-09-19,Punjab,29.7,61
2020-09-20,Punjab,29.4,62
2020-09-21,Punjab,29.5,60
2020-09-22,Punjab,29.2,67
2020-09-23,Punjab,28.3,74
2020-09-24,Punjab,28.9,68
2020-09-25,Punjab,28.4,65
2020-09-26,Punjab,27.3,62
2020-09-27,Punjab,26.9,59
2020-09-28,Punjab,26.8,58
2020-09-29,Punjab,26.1,60
2020-09-30,Punjab,25.8,59
2020-10-01,Punjab,26.0,57
2020-10-02,Punjab,25.7,59
2020-10-03,Punjab,24.9,58
2020-10-04,Punjab,25.0,57
2020-10-05,Punjab,24.8,59
2020-10-06,Punjab,24.7,59
2020-10-07,Punjab,25.1,54
2020-10-08,Punjab,25.6,54
2020-10-09,Punjab,25.5,59
2020-10-10,Punjab,25.8,57
2020-10-11,Punjab,25.2,59
2020-10-12,Punjab,24.8,54
2020-10-13,Punjab,25.9,54
2020-10-14,Punjab,25.6,50
2020-10-15,Punjab,24.1,48
2020-10-16,Punjab,24.0,46
2020-10-17,Punjab,24.3,49
2020-10-18,Punjab,23.4,47
2020-10-19,Punjab,23.1,50
2020-10-20,Punjab,22.9,49
2020-10-21,Punjab,23.2,44
2020-10-22,Punjab,23.4,38
2020-10-23,Punjab,22.9,42
2020-10-24,Punjab,22.8,51
2020-10-25,Punjab,22.7,47
2020-10-26,Punjab,22.0,43
2020-10-27,Punjab,20.4,50
2020-10-28,Punjab,20.4,51
2020-10-29,Punjab,20.8,48
2020-10-30,Punjab,20.7,49
2020-10-31,Punjab,21.3,50
2020-11-01,Punjab,21.5,48
2020-11-02,Punjab,20.5,49
2020-11-03,Punjab,20.2,54
2020-11-04,Punjab,20.2,60
2020-11-05,Punjab,20.5,51
2020-11-06,Punjab,19.8,50
2020-11-07,Punjab,19.2,51
2020-11-08,Punjab,18.9,53
2020-11-09,Punjab,19.0,54
2020-11-10,Punjab,19.9,55
2020-11-11,Punjab,19.8,51
2020-11-12,Punjab,18.8,54
2020-11-13,Punjab,17.9,58
2020-11-14,Punjab,17.4,60
2020-11-15,Punjab,18.1,67
2020-11-16,Punjab,15.9,77
2020-11-17,Punjab,16.0,75
2020-11-18,Punjab,15.4,73
2020-11-19,Punjab,14.2,69
2020-11-20,Punjab,14.0,68
2020-11-21,Punjab,12.5,68
2020-11-22,Punjab,12.7,66
2020-11-23,Punjab,14.7,63
2020-11-24,Punjab,16.8,55
2020-11-25,Punjab,15.2,74
2020-11-26,Punjab,14.9,75
2020-11-27,Punjab,15.0,69
2020-11-28,Punjab,14.0,73
2020-11-29,Punjab,14.4,71
2020-11-30,Punjab,14.3,74
2020-12-01,Punjab,15.5,72
2020-12-02,Punjab,15.1,74
2020-12-03,Punjab,15.2,77
2020-12-04,Punjab,15.8,78
2020-12-05,Punjab,17.7,68
2019-01-02,Rajasthan,16.7,40
2019-01-03,Rajasthan,16.1,44
2019-01-04,Rajasthan,15.7,50
2019-01-05,Rajasthan,16.6,55
2019-01-06,Rajasthan,13.6,68
2019-01-07,Rajasthan,13.1,62
2019-01-08,Rajasthan,13.6,58
2019-01-09,Rajasthan,14.1,54
2019-01-10,Rajasthan,14.6,54
2019-01-11,Rajasthan,15.7,49
2019-01-12,Rajasthan,15.4,53
2019-01-13,Rajasthan,15.5,51
2019-01-14,Rajasthan,14.2,51
2019-01-15,Rajasthan,14.2,30
2019-01-16,Rajasthan,16.3,41
2019-01-17,Rajasthan,17.5,37
2019-01-18,Rajasthan,16.5,48
2019-01-19,Rajasthan,18.5,46
2019-01-20,Rajasthan,20.1,42
2019-01-21,Rajasthan,18.2,56
2019-01-22,Rajasthan,15.2,59
2019-01-23,Rajasthan,15.4,49
2019-01-24,Rajasthan,13.4,76
2019-01-25,Rajasthan,12.0,60
2019-01-26,Rajasthan,11.4,46
2019-01-27,Rajasthan,11.6,47
2019-01-28,Rajasthan,12.0,47
2019-01-29,Rajasthan,12.7,42
2019-01-30,Rajasthan,14.7,37
2019-01-31,Rajasthan,15.3,48
2019-02-01,Rajasthan,13.9,56
2019-02-02,Rajasthan,12.9,61
2019-02-03,Rajasthan,13.9,59
2019-02-04,Rajasthan,16.9,60
2019-02-05,Rajasthan,19.7,63
2019-02-06,Rajasthan,18.6,43
2019-02-07,Rajasthan,15.3,35
2019-02-08,Rajasthan,12.7,41
2019-02-09,Rajasthan,13.2,40
2019-02-10,Rajasthan,13.8,41
2019-02-11,Rajasthan,15.0,48
2019-02-12,Rajasthan,17.3,52
2019-02-13,Rajasthan,20.2,54
2019-02-14,Rajasthan,20.5,53
2019-02-15,Rajasthan,17.5,46
2019-02-16,Rajasthan,16.0,44
2019-02-17,Rajasthan,17.5,39
2019-02-18,Rajasthan,20.6,32
2019-02-19,Rajasthan,21.0,42
2019-02-20,Rajasthan,21.4,54
2019-02-21,Rajasthan,21.9,57
2019-02-22,Rajasthan,18.5,54
2019-02-23,Rajasthan,16.9,38
2019-02-24,Rajasthan,18.6,32
2019-02-25,Rajasthan,18.8,29
2019-02-26,Rajasthan,17.2,33
2019-02-27,Rajasthan,15.7,47
2019-02-28,Rajasthan,15.6,41
2019-03-01,Rajasthan,17.4,35
2019-03-02,Rajasthan,17.5,48
2019-03-03,Rajasthan,18.5,56
2019-03-04,Rajasthan,18.4,56
2019-03-05,Rajasthan,18.0,50
2019-03-06,Rajasthan,18.9,35
2019-03-07,Rajasthan,20.3,32
2019-03-08,Rajasthan,21.6,32
2019-03-09,Rajasthan,20.4,42
2019-03-10,Rajasthan,21.1,36
2019-03-11,Rajasthan,20.9,39
2019-03-12,Rajasthan,20.4,36
2019-03-13,Rajasthan,19.7,44
2019-03-14,Rajasthan,19.7,52
2019-03-15,Rajasthan,19.5,45
2019-03-16,Rajasthan,20.2,37
2019-03-17,Rajasthan,21.5,31
2019-03-18,Rajasthan,22.6,28
2019-03-19,Rajasthan,24.3,26
2019-03-20,Rajasthan,24.4,23
2019-03-21,Rajasthan,24.1,29
2019-03-22,Rajasthan,23.9,27
2019-03-23,Rajasthan,24.5,25
2019-03-24,Rajasthan,26.2,28
2019-03-25,Rajasthan,24.4,41
2019-03-26,Rajasthan,24.6,31
2019-03-27,Rajasthan,26.2,25
2019-03-28,Rajasthan,29.5,22
2019-03-29,Rajasthan,30.6,19
2019-03-30,Rajasthan,30.5,20
2019-03-31,Rajasthan,29.0,24
2019-04-01,Rajasthan,28.3,16
2019-04-02,Rajasthan,28.9,17
2019-04-03,Rajasthan,31.2,15
2019-04-04,Rajasthan,31.5,16
2019-04-05,Rajasthan,31.9,17
2019-04-06,Rajasthan,31.7,20
2019-04-07,Rajasthan,31.6,20
2019-04-08,Rajasthan,30.6,24
2019-04-09,Rajasthan,31.6,21
2019-04-10,Rajasthan,32.2,20
2019-04-11,Rajasthan,32.0,19
2019-04-12,Rajasthan,31.7,21
2019-04-13,Rajasthan,31.9,20
2019-04-14,Rajasthan,31.8,22
2019-04-15,Rajasthan,32.0,23
2019-04-16,Rajasthan,24.8,54
2019-04-17,Rajasthan,22.0,59
2019-04-18,Rajasthan,23.9,50
2019-04-19,Rajasthan,24.7,43
2019-04-20,Rajasthan,27.3,35
2019-04-21,Rajasthan,29.6,25
2019-04-22,Rajasthan,31.4,21
2019-04-23,Rajasthan,33.0,19
2019-04-24,Rajasthan,33.7,18
2019-04-25,Rajasthan,33.0,19
2019-04-26,Rajasthan,33.1,22
2019-04-27,Rajasthan,33.5,18
2019-04-28,Rajasthan,33.5,16
2019-04-29,Rajasthan,33.5,15
2019-04-30,Rajasthan,33.1,18
2019-05-01,Rajasthan,32.7,20
2019-05-02,Rajasthan,32.7,17
2019-05-03,Rajasthan,31.5,23
2019-05-04,Rajasthan,31.1,26
2019-05-05,Rajasthan,31.8,22
2019-05-06,Rajasthan,32.3,16
2019-05-07,Rajasthan,33.1,17
2019-05-08,Rajasthan,32.6,21
2019-05-09,Rajasthan,31.6,22
2019-05-10,Rajasthan,30.7,29
2019-05-11,Rajasthan,31.2,32
2019-05-12,Rajasthan,31.1,31
2019-05-13,Rajasthan,31.8,28
2019-05-14,Rajasthan,31.5,27
2019-05-15,Rajasthan,32.1,27
2019-05-16,Rajasthan,31.1,28
2019-05-17,Rajasthan,28.5,45
2019-05-18,Rajasthan,28.3,47
2019-05-19,Rajasthan,30.9,31
2019-05-20,Rajasthan,32.0,30
2019-05-21,Rajasthan,32.7,30
2019-05-22,Rajasthan,32.8,33
2019-05-23,Rajasthan,33.4,30
2019-05-24,Rajasthan,32.8,33
2019-05-25,Rajasthan,32.5,31
2019-05-26,Rajasthan,33.5,23
2019-05-27,Rajasthan,34.0,23
2019-05-28,Rajasthan,34.7,21
2019-05-29,Rajasthan,35.2,23
2019-05-30,Rajasthan,34.7,25
2019-05-31,Rajasthan,34.8,28
2019-06-01,Rajasthan,35.8,28
2019-06-02,Rajasthan,36.7,26
2019-06-03,Rajasthan,36.9,25
2019-06-04,Rajasthan,36.2,24
2019-06-05,Rajasthan,35.7,29
2019-06-06,Rajasthan,36.2,26
2019-06-07,Rajasthan,36.4,20
2019-06-08,Rajasthan,36.3,22
2019-06-09,Rajasthan,37.4,17
2019-06-10,Rajasthan,36.8,22
2019-06-11,Rajasthan,35.8,27
2019-06-12,Rajasthan,35.2,30
2019-06-13,Rajasthan,29.8,56
2019-06-14,Rajasthan,32.2,47
2019-06-15,Rajasthan,32.0,49
2019-06-16,Rajasthan,30.7,56
2019-06-17,Rajasthan,31.7,49
2019-06-18,Rajasthan,27.3,73
2019-06-19,Rajasthan,27.5,70
2019-06-20,Rajasthan,29.0,68
2019-06-21,Rajasthan,29.7,63
2019-06-22,Rajasthan,31.6,52
2019-06-23,Rajasthan,33.4,43
2019-06-24,Rajasthan,32.7,48
2019-06-25,Rajasthan,31.2,56
2019-06-26,Rajasthan,33.2,48
2019-06-27,Rajasthan,32.5,53
2019-06-28,Rajasthan,33.0,50
2019-06-29,Rajasthan,33.1,49
2019-06-30,Rajasthan,33.5,47
2019-07-01,Rajasthan,32.8,51
2019-07-02,Rajasthan,32.4,51
2019-07-03,Rajasthan,33.3,46
2019-07-04,Rajasthan,30.3,66
2019-07-05,Rajasthan,27.3,81
2019-07-06,Rajasthan,28.1,79
2019-07-07,Rajasthan,29.6,70
2019-07-08,Rajasthan,30.5,61
2019-07-09,Rajasthan,30.5,59
2019-07-10,Rajasthan,30.3,57
2019-07-11,Rajasthan,30.4,55
2019-07-12,Rajasthan,30.3,54
2019-07-13,Rajasthan,30.6,53
2019-07-14,Rajasthan,29.9,55
2019-07-15,Rajasthan,30.3,54
2019-07-16,Rajasthan,29.5,58
2019-07-17,Rajasthan,30.6,54
2019-07-18,Rajasthan,29.8,62
2019-07-19,Rajasthan,29.6,66
2019-07-20,Rajasthan,29.6,69
2019-07-21,Rajasthan,29.8,70
2019-07-22,Rajasthan,30.0,73
2019-07-23,Rajasthan,31.3,64
2019-07-24,Rajasthan,31.1,64
2019-07-25,Rajasthan,29.7,66
2019-07-26,Rajasthan,26.0,88
2019-07-27,Rajasthan,24.7,93
2019-07-28,Rajasthan,25.0,93
2019-07-29,Rajasthan,27.0,85
2019-07-30,Rajasthan,28.1,81
2019-07-31,Rajasthan,27.0,88
2019-08-01,Rajasthan,26.0,91
2019-08-02,Rajasthan,26.6,89
2019-08-03,Rajasthan,26.6,89
2019-08-04,Rajasthan,27.2,86
2019-08-05,Rajasthan,27.3,87
2019-08-06,Rajasthan,26.9,87
2019-08-07,Rajasthan,25.9,91
2019-08-08,Rajasthan,26.7,89
2019-08-09,Rajasthan,26.5,85
2019-08-10,Rajasthan,26.4,84
2019-08-11,Rajasthan,26.0,83
2019-08-12,Rajasthan,26.3,82
2019-08-13,Rajasthan,27.0,78
2019-08-14,Rajasthan,25.7,87
2019-08-15,Rajasthan,24.6,95
2019-08-16,Rajasthan,24.5,96
2019-08-17,Rajasthan,23.8,96
2019-08-18,Rajasthan,25.8,86
2019-08-19,Rajasthan,26.1,87
2019-08-20,Rajasthan,26.9,82
2019-08-21,Rajasthan,26.8,80
2019-08-22,Rajasthan,26.4,77
2019-08-23,Rajasthan,26.7,78
2019-08-24,Rajasthan,27.1,76
2019-08-25,Rajasthan,27.0,78
2019-08-26,Rajasthan,26.4,86
2019-08-27,Rajasthan,26.3,88
2019-08-28,Rajasthan,26.1,90
2019-08-29,Rajasthan,26.3,90
2019-08-30,Rajasthan,26.2,90
2019-08-31,Rajasthan,26.2,90
2019-09-01,Rajasthan,26.4,90
2019-09-02,Rajasthan,26.8,89
2019-09-03,Rajasthan,27.2,86
2019-09-04,Rajasthan,27.0,89
2019-09-05,Rajasthan,27.2,87
2019-09-06,Rajasthan,27.4,88
2019-09-07,Rajasthan,26.4,89
2019-09-08,Rajasthan,26.7,88
2019-09-09,Rajasthan,28.1,79
2019-09-10,Rajasthan,28.6,81
2019-09-11,Rajasthan,28.5,83
2019-09-12,Rajasthan,27.8,82
2019-09-13,Rajasthan,27.4,82
2019-09-14,Rajasthan,26.9,85
2019-09-15,Rajasthan,26.5,86
2019-09-16,Rajasthan,27.1,82
2019-09-17,Rajasthan,27.0,80
2019-09-18,Rajasthan,27.9,76
2019-09-19,Rajasthan,27.1,80
2019-09-20,Rajasthan,25.9,82
2019-09-21,Rajasthan,25.6,88
2019-09-22,Rajasthan,25.8,85
2019-09-23,Rajasthan,25.8,80
2019-09-24,Rajasthan,25.1,83
2019-09-25,Rajasthan,25.2,87
2019-09-26,Rajasthan,25.2,87
2019-09-27,Rajasthan,25.2,88
2019-09-28,Rajasthan,25.0,90
2019-09-29,Rajasthan,25.1,86
2019-09-30,Rajasthan,24.9,85
2019-10-01,Rajasthan,25.3,79
2019-10-02,Rajasthan,25.6,80
2019-10-03,Rajasthan,25.2,80
2019-10-04,Rajasthan,25.1,72
2019-10-05,Rajasthan,26.2,62
2019-10-06,Rajasthan,24.9,72
2019-10-07,Rajasthan,24.5,75
2019-10-08,Rajasthan,24.5,65
2019-10-09,Rajasthan,24.8,51
2019-10-10,Rajasthan,24.9,51
2019-10-11,Rajasthan,25.3,46
2019-10-12,Rajasthan,25.7,47
2019-10-13,Rajasthan,26.6,45
2019-10-14,Rajasthan,26.6,46
2019-10-15,Rajasthan,26.7,45
2019-10-16,Rajasthan,27.4,41
2019-10-17,Rajasthan,26.3,45
2019-10-18,Rajasthan,26.5,45
2019-10-19,Rajasthan,25.5,56
2019-10-20,Rajasthan,25.5,51
2019-10-21,Rajasthan,24.4,49
2019-10-22,Rajasthan,25.0,43
2019-10-23,Rajasthan,24.0,43
2019-10-24,Rajasthan,24.3,43
2019-10-25,Rajasthan,24.3,47
2019-10-26,Rajasthan,23.2,57
2019-10-27,Rajasthan,22.8,58
2019-10-28,Rajasthan,23.0,58
2019-10-29,Rajasthan,24.3,59
2019-10-30,Rajasthan,25.0,66
2019-10-31,Rajasthan,26.3,60
2019-11-01,Rajasthan,25.9,54
2019-11-02,Rajasthan,25.6,53
2019-11-03,Rajasthan,23.4,72
2019-11-04,Rajasthan,23.8,60
2019-11-05,Rajasthan,23.4,49
2019-11-06,Rajasthan,24.3,49
2019-11-07,Rajasthan,22.0,73
2019-11-08,Rajasthan,21.6,76
2019-11-09,Rajasthan,22.2,65
2019-11-10,Rajasthan,22.7,59
2019-11-11,Rajasthan,23.2,57
2019-11-12,Rajasthan,23.1,58
2019-11-13,Rajasthan,24.2,57
2019-11-14,Rajasthan,21.7,75
2019-11-15,Rajasthan,21.4,68
2019-11-16,Rajasthan,21.8,63
2019-11-17,Rajasthan,21.5,65
2019-11-18,Rajasthan,20.4,67
2019-11-19,Rajasthan,20.3,58
2019-11-20,Rajasthan,20.7,55
2019-11-21,Rajasthan,21.3,63
2019-11-22,Rajasthan,21.8,64
2019-11-23,Rajasthan,22.7,61
2019-11-24,Rajasthan,21.7,63
2019-11-25,Rajasthan,21.1,68
2019-11-26,Rajasthan,20.9,68
2019-11-27,Rajasthan,20.6,68
2019-11-28,Rajasthan,19.7,73
2019-11-29,Rajasthan,18.3,82
2019-11-30,Rajasthan,17.5,78
2019-12-01,Rajasthan,17.7,73
2019-12-02,Rajasthan,17.3,54
2019-12-03,Rajasthan,17.0,45
2019-12-04,Rajasthan,16.8,46
2019-12-05,Rajasthan,16.9,46
2019-12-06,Rajasthan,16.6,54
2019-12-07,Rajasthan,16.4,63
2019-12-08,Rajasthan,15.8,63
2019-12-09,Rajasthan,16.4,58
2019-12-10,Rajasthan,17.4,59
2019-12-11,Rajasthan,18.1,63
2019-12-12,Rajasthan,17.5,69
2019-12-13,Rajasthan,14.6,77
2019-12-14,Rajasthan,13.2,70
2019-12-15,Rajasthan,12.9,71
2019-12-16,Rajasthan,11.9,71
2019-12-17,Rajasthan,10.8,68
2019-12-18,Rajasthan,11.7,66
2019-12-19,Rajasthan,13.9,60
2019-12-20,Rajasthan,16.4,58
2019-12-21,Rajasthan,16.8,58
2019-12-22,Rajasthan,15.1,53
2019-12-23,Rajasthan,14.8,51
2019-12-24,Rajasthan,15.2,61
2019-12-25,Rajasthan,14.5,59
2019-12-26,Rajasthan,13.0,39
2019-12-27,Rajasthan,12.3,40
2019-12-28,Rajasthan,11.8,50
2019-12-29,Rajasthan,10.7,57
2019-12-30,Rajasthan,10.3,63
2019-12-31,Rajasthan,10.2,69
2020-01-01,Rajasthan,11.7,74
2020-01-02,Rajasthan,13.2,75
2020-01-03,Rajasthan,14.9,65
2020-01-04,Rajasthan,14.5,69
2020-01-05,Rajasthan,15.4,61
2020-01-06,Rajasthan,16.5,59
2020-01-07,Rajasthan,16.4,65
2020-01-08,Rajasthan,13.3,71
2020-01-09,Rajasthan,11.3,60
2020-01-10,Rajasthan,10.9,55
2020-01-11,Rajasthan,12.1,53
2020-01-12,Rajasthan,15.4,59
2020-01-13,Rajasthan,15.8,72
2020-01-14,Rajasthan,12.7,64
2020-01-15,Rajasthan,13.5,74
2020-01-16,Rajasthan,13.8,72
2020-01-17,Rajasthan,13.0,62
2020-01-18,Rajasthan,13.7,60
2020-01-19,Rajasthan,13.2,53
2020-01-20,Rajasthan,13.3,56
2020-01-21,Rajasthan,15.3,59
2020-01-22,Rajasthan,15.2,65
2020-01-23,Rajasthan,14.1,47
2020-01-24,Rajasthan,14.2,41
2020-01-25,Rajasthan,15.8,36
2020-01-26,Rajasthan,17.9,37
2020-01-27,Rajasthan,18.9,48
2020-01-28,Rajasthan,16.6,49
2020-01-29,Rajasthan,14.5,46
2020-01-30,Rajasthan,14.4,45
2020-01-31,Rajasthan,14.2,41
2020-02-01,Rajasthan,14.6,38
2020-02-02,Rajasthan,14.3,48
2020-02-03,Rajasthan,14.4,46
2020-02-04,Rajasthan,15.9,47
2020-02-05,Rajasthan,16.1,52
2020-02-06,Rajasthan,15.0,40
2020-02-07,Rajasthan,14.9,40
2020-02-08,Rajasthan,14.9,40
2020-02-09,Rajasthan,14.5,46
2020-02-10,Rajasthan,15.4,45
2020-02-11,Rajasthan,16.3,48
2020-02-12,Rajasthan,18.5,48
2020-02-13,Rajasthan,20.5,38
2020-02-14,Rajasthan,19.5,38
2020-02-15,Rajasthan,19.4,23
2020-02-16,Rajasthan,20.9,18
2020-02-17,Rajasthan,21.5,22
2020-02-18,Rajasthan,21.3,18
2020-02-19,Rajasthan,22.1,20
2020-02-20,Rajasthan,22.8,33
2020-02-21,Rajasthan,18.3,47
2020-02-22,Rajasthan,17.9,64
2020-02-23,Rajasthan,19.2,61
2020-02-24,Rajasthan,19.7,53
2020-02-25,Rajasthan,20.9,40
2020-02-26,Rajasthan,22.4,32
2020-02-27,Rajasthan,23.4,35
2020-02-28,Rajasthan,24.0,35
2020-02-29,Rajasthan,23.4,40
2020-03-01,Rajasthan,21.8,52
2020-03-02,Rajasthan,22.8,49
2020-03-03,Rajasthan,22.4,51
2020-03-04,Rajasthan,22.8,44
2020-03-05,Rajasthan,21.0,52
2020-03-06,Rajasthan,17.0,63
2020-03-07,Rajasthan,17.6,55
2020-03-08,Rajasthan,19.2,51
2020-03-09,Rajasthan,20.5,41
2020-03-10,Rajasthan,19.7,45
2020-03-11,Rajasthan,20.3,49
2020-03-12,Rajasthan,19.3,27
2020-03-13,Rajasthan,18.1,32
2020-03-14,Rajasthan,17.8,41
2020-03-15,Rajasthan,18.4,42
2020-03-16,Rajasthan,19.5,44
2020-03-17,Rajasthan,22.0,39
2020-03-18,Rajasthan,23.5,37
2020-03-19,Rajasthan,25.0,31
2020-03-20,Rajasthan,25.7,26
2020-03-21,Rajasthan,25.1,32
2020-03-22,Rajasthan,26.0,33
2020-03-23,Rajasthan,25.9,40
2020-03-24,Rajasthan,26.0,39
2020-03-25,Rajasthan,25.1,43
2020-03-26,Rajasthan,21.4,72
2020-03-27,Rajasthan,20.0,77
2020-03-28,Rajasthan,21.6,56
2020-03-29,Rajasthan,23.2,42
2020-03-30,Rajasthan,24.4,39
2020-03-31,Rajasthan,25.3,35
2020-04-01,Rajasthan,25.5,32
2020-04-02,Rajasthan,24.9,35
2020-04-03,Rajasthan,24.9,24
2020-04-04,Rajasthan,26.4,20
2020-04-05,Rajasthan,27.5,24
2020-04-06,Rajasthan,28.5,22
2020-04-07,Rajasthan,28.5,23
2020-04-08,Rajasthan,27.0,29
2020-04-09,Rajasthan,27.5,26
2020-04-10,Rajasthan,29.0,23
2020-04-11,Rajasthan,30.3,22
2020-04-12,Rajasthan,30.0,27
2020-04-13,Rajasthan,31.9,22
2020-04-14,Rajasthan,31.4,20
2020-04-15,Rajasthan,31.9,22
2020-04-16,Rajasthan,31.5,24
2020-04-17,Rajasthan,30.8,26
2020-04-18,Rajasthan,30.2,24
2020-04-19,Rajasthan,29.2,30
2020-04-20,Rajasthan,25.4,46
2020-04-21,Rajasthan,27.5,38
2020-04-22,Rajasthan,29.6,27
2020-04-23,Rajasthan,29.0,35
2020-04-24,Rajasthan,29.7,35
2020-04-25,Rajasthan,28.5,41
2020-04-26,Rajasthan,28.0,45
2020-04-27,Rajasthan,28.9,41
2020-04-28,Rajasthan,30.2,34
2020-04-29,Rajasthan,30.9,33
2020-04-30,Rajasthan,32.1,26
2020-05-01,Rajasthan,32.6,22
2020-05-02,Rajasthan,32.9,24
2020-05-03,Rajasthan,31.9,38
2020-05-04,Rajasthan,29.5,46
2020-05-05,Rajasthan,30.4,34
2020-05-06,Rajasthan,30.7,28
2020-05-07,Rajasthan,32.2,24
2020-05-08,Rajasthan,33.3,19
2020-05-09,Rajasthan,34.1,23
2020-05-10,Rajasthan,32.5,26
2020-05-11,Rajasthan,32.2,33
2020-05-12,Rajasthan,31.3,38
2020-05-13,Rajasthan,31.2,37
2020-05-14,Rajasthan,32.8,28
2020-05-15,Rajasthan,32.3,27
2020-05-16,Rajasthan,32.3,27
2020-05-17,Rajasthan,32.8,20
2020-05-18,Rajasthan,32.3,15
2020-05-19,Rajasthan,32.7,16
2020-05-20,Rajasthan,32.6,15
2020-05-21,Rajasthan,33.5,17
2020-05-22,Rajasthan,34.3,20
2020-05-23,Rajasthan,34.7,25
2020-05-24,Rajasthan,34.9,23
2020-05-25,Rajasthan,35.4,25
2020-05-26,Rajasthan,35.6,26
2020-05-27,Rajasthan,35.2,33
2020-05-28,Rajasthan,34.8,33
2020-05-29,Rajasthan,33.2,38
2020-05-30,Rajasthan,28.8,61
2020-05-31,Rajasthan,28.7,57
2020-06-01,Rajasthan,28.8,54
2020-06-02,Rajasthan,30.2,45
2020-06-03,Rajasthan,30.0,45
2020-06-04,Rajasthan,28.6,52
2020-06-05,Rajasthan,29.5,48
2020-06-06,Rajasthan,29.6,50
2020-06-07,Rajasthan,29.5,55
2020-06-08,Rajasthan,29.8,57
2020-06-09,Rajasthan,32.3,50
2020-06-10,Rajasthan,32.9,47
2020-06-11,Rajasthan,31.6,55
2020-06-12,Rajasthan,32.7,48
2020-06-13,Rajasthan,33.0,47
2020-06-14,Rajasthan,33.3,44
2020-06-15,Rajasthan,33.7,40
2020-06-16,Rajasthan,34.8,37
2020-06-17,Rajasthan,34.8,37
2020-06-18,Rajasthan,34.1,43
2020-06-19,Rajasthan,34.0,46
2020-06-20,Rajasthan,33.0,48
2020-06-21,Rajasthan,32.7,47
2020-06-22,Rajasthan,31.3,57
2020-06-23,Rajasthan,31.0,60
2020-06-24,Rajasthan,30.0,66
2020-06-25,Rajasthan,30.4,66
2020-06-26,Rajasthan,31.5,59
2020-06-27,Rajasthan,32.4,51
2020-06-28,Rajasthan,32.7,48
2020-06-29,Rajasthan,33.6,47
2020-06-30,Rajasthan,34.5,43
2020-07-01,Rajasthan,33.1,52
2020-07-02,Rajasthan,33.2,52
2020-07-03,Rajasthan,34.2,48
2020-07-04,Rajasthan,32.3,54
2020-07-05,Rajasthan,31.4,60
2020-07-06,Rajasthan,30.7,63
2020-07-07,Rajasthan,29.8,69
2020-07-08,Rajasthan,30.2,67
2020-07-09,Rajasthan,29.7,67
2020-07-10,Rajasthan,30.6,59
2020-07-11,Rajasthan,30.1,66
2020-07-12,Rajasthan,27.9,78
2020-07-13,Rajasthan,29.6,67
2020-07-14,Rajasthan,29.5,70
2020-07-15,Rajasthan,31.7,59
2020-07-16,Rajasthan,31.3,61
2020-07-17,Rajasthan,31.3,66
2020-07-18,Rajasthan,31.1,66
2020-07-19,Rajasthan,31.1,62
2020-07-20,Rajasthan,31.3,55
2020-07-21,Rajasthan,29.2,65
2020-07-22,Rajasthan,27.7,75
2020-07-23,Rajasthan,29.4,67
2020-07-24,Rajasthan,27.4,80
2020-07-25,Rajasthan,27.8,77
2020-07-26,Rajasthan,27.5,82
2020-07-27,Rajasthan,29.5,69
2020-07-28,Rajasthan,29.8,65
2020-07-29,Rajasthan,30.2,64
2020-07-30,Rajasthan,28.1,79
2020-07-31,Rajasthan,27.3,83
2020-08-01,Rajasthan,27.9,80
2020-08-02,Rajasthan,29.1,76
2020-08-03,Rajasthan,29.7,70
2020-08-04,Rajasthan,30.1,68
2020-08-05,Rajasthan,29.6,74
2020-08-06,Rajasthan,28.1,80
2020-08-07,Rajasthan,27.8,82
2020-08-08,Rajasthan,26.5,83
2020-08-09,Rajasthan,27.9,78
2020-08-10,Rajasthan,25.7,94
2020-08-11,Rajasthan,26.5,88
2020-08-12,Rajasthan,27.7,81
2020-08-13,Rajasthan,27.3,84
2020-08-14,Rajasthan,26.1,92
2020-08-15,Rajasthan,26.1,92
2020-08-16,Rajasthan,26.8,91
2020-08-17,Rajasthan,27.0,90
2020-08-18,Rajasthan,27.5,87
2020-08-19,Rajasthan,26.7,87
2020-08-20,Rajasthan,25.5,91
2020-08-21,Rajasthan,26.9,86
2020-08-22,Rajasthan,26.5,85
2020-08-23,Rajasthan,26.7,84
2020-08-24,Rajasthan,25.9,89
2020-08-25,Rajasthan,25.5,87
2020-08-26,Rajasthan,26.0,80
2020-08-27,Rajasthan,26.2,80
2020-08-28,Rajasthan,26.5,80
2020-08-29,Rajasthan,26.6,85
2020-08-30,Rajasthan,25.2,92
2020-08-31,Rajasthan,25.3,86
2020-09-01,Rajasthan,25.0,86
2020-09-02,Rajasthan,25.8,87
2020-09-03,Rajasthan,25.2,91
2020-09-04,Rajasthan,24.9,91
2020-09-05,Rajasthan,26.1,86
2020-09-06,Rajasthan,25.7,88
2020-09-07,Rajasthan,26.0,88
2020-09-08,Rajasthan,25.8,90
2020-09-09,Rajasthan,26.1,89
2020-09-10,Rajasthan,27.5,83
2020-09-11,Rajasthan,27.9,78
2020-09-12,Rajasthan,28.6,74
2020-09-13,Rajasthan,29.2,62
2020-09-14,Rajasthan,28.6,67
2020-09-15,Rajasthan,28.7,73
2020-09-16,Rajasthan,29.0,70
2020-09-17,Rajasthan,28.9,72
2020-09-18,Rajasthan,28.3,75
2020-09-19,Rajasthan,28.4,74
2020-09-20,Rajasthan,28.9,71
2020-09-21,Rajasthan,29.0,61
2020-09-22,Rajasthan,29.3,53
2020-09-23,Rajasthan,29.6,61
2020-09-24,Rajasthan,29.3,60
2020-09-25,Rajasthan,28.8,61
2020-09-26,Rajasthan,26.3,74
2020-09-27,Rajasthan,25.6,74
2020-09-28,Rajasthan,26.9,63
2020-09-29,Rajasthan,27.2,62
2020-09-30,Rajasthan,27.4,58
2020-10-01,Rajasthan,27.8,54
2020-10-02,Rajasthan,27.7,49
2020-10-03,Rajasthan,27.7,48
2020-10-04,Rajasthan,27.9,46
2020-10-05,Rajasthan,27.4,44
2020-10-06,Rajasthan,27.3,42
2020-10-07,Rajasthan,27.8,36
2020-10-08,Rajasthan,27.7,35
2020-10-09,Rajasthan,27.1,35
2020-10-10,Rajasthan,28.0,33
2020-10-11,Rajasthan,27.3,31
2020-10-12,Rajasthan,27.0,31
2020-10-13,Rajasthan,26.8,33
2020-10-14,Rajasthan,28.1,38
2020-10-15,Rajasthan,27.6,55
2020-10-16,Rajasthan,27.7,49
2020-10-17,Rajasthan,27.7,53
2020-10-18,Rajasthan,27.8,57
2020-10-19,Rajasthan,27.0,62
2020-10-20,Rajasthan,27.0,58
2020-10-21,Rajasthan,26.5,56
2020-10-22,Rajasthan,26.5,47
2020-10-23,Rajasthan,25.7,35
2020-10-24,Rajasthan,25.7,33
2020-10-25,Rajasthan,24.8,38
2020-10-26,Rajasthan,24.3,36
2020-10-27,Rajasthan,23.5,30
2020-10-28,Rajasthan,23.4,31
2020-10-29,Rajasthan,23.9,32
2020-10-30,Rajasthan,23.0,32
2020-10-31,Rajasthan,22.6,32
2020-11-01,Rajasthan,21.9,29
2020-11-02,Rajasthan,22.8,24
2020-11-03,Rajasthan,21.5,28
2020-11-04,Rajasthan,21.4,34
2020-11-05,Rajasthan,22.3,35
2020-11-06,Rajasthan,22.5,39
2020-11-07,Rajasthan,23.9,32
2020-11-08,Rajasthan,23.5,33
2020-11-09,Rajasthan,23.4,32
2020-11-10,Rajasthan,21.5,38
2020-11-11,Rajasthan,20.1,49
2020-11-12,Rajasthan,20.3,49
2020-11-13,Rajasthan,21.3,48
2020-11-14,Rajasthan,21.6,57
2020-11-15,Rajasthan,21.8,66
2020-11-16,Rajasthan,21.1,65
2020-11-17,Rajasthan,19.8,77
2020-11-18,Rajasthan,19.4,68
2020-11-19,Rajasthan,19.2,63
2020-11-20,Rajasthan,18.1,49
2020-11-21,Rajasthan,17.2,43
2020-11-22,Rajasthan,18.0,39
2020-11-23,Rajasthan,17.5,52
2020-11-24,Rajasthan,18.3,55
2020-11-25,Rajasthan,19.2,58
2020-11-26,Rajasthan,17.6,74
2020-11-27,Rajasthan,17.4,54
2020-11-28,Rajasthan,17.1,51
2020-11-29,Rajasthan,18.4,45
2020-11-30,Rajasthan,19.5,47
2020-12-01,Rajasthan,20.2,39
2020-12-02,Rajasthan,20.4,46
2020-12-03,Rajasthan,23.1,26
2020-12-04,Rajasthan,21.9,32
2020-12-05,Rajasthan,21.4,46
2019-01-02,Sikkim,6.4,49
2019-01-03,Sikkim,5.0,66
2019-01-04,Sikkim,4.7,71
2019-01-05,Sikkim,6.9,60
2019-01-06,Sikkim,7.0,59
2019-01-07,Sikkim,7.4,54
2019-01-08,Sikkim,7.1,55
2019-01-09,Sikkim,5.6,67
2019-01-10,Sikkim,5.8,70
2019-01-11,Sikkim,7.0,71
2019-01-12,Sikkim,8.5,62
2019-01-13,Sikkim,9.4,59
2019-01-14,Sikkim,8.0,65
2019-01-15,Sikkim,6.9,62
2019-01-16,Sikkim,8.5,52
2019-01-17,Sikkim,8.9,62
2019-01-18,Sikkim,7.8,55
2019-01-19,Sikkim,7.9,64
2019-01-20,Sikkim,9.0,67
2019-01-21,Sikkim,9.7,70
2019-01-22,Sikkim,10.1,63
2019-01-23,Sikkim,8.5,77
2019-01-24,Sikkim,9.4,69
2019-01-25,Sikkim,8.7,66
2019-01-26,Sikkim,8.6,80
2019-01-27,Sikkim,8.1,79
2019-01-28,Sikkim,5.6,74
2019-01-29,Sikkim,2.9,68
2019-01-30,Sikkim,5.2,56
2019-01-31,Sikkim,8.7,52
2019-02-01,Sikkim,9.5,59
2019-02-02,Sikkim,9.5,46
2019-02-03,Sikkim,8.0,68
2019-02-04,Sikkim,9.8,70
2019-02-05,Sikkim,10.0,75
2019-02-06,Sikkim,9.5,84
2019-02-07,Sikkim,10.2,85
2019-02-08,Sikkim,10.0,86
2019-02-09,Sikkim,6.8,91
2019-02-10,Sikkim,7.2,63
2019-02-11,Sikkim,8.6,63
2019-02-12,Sikkim,9.3,62
2019-02-13,Sikkim,11.0,57
2019-02-14,Sikkim,11.7,58
2019-02-15,Sikkim,11.1,70
2019-02-16,Sikkim,9.2,77
2019-02-17,Sikkim,8.3,78
2019-02-18,Sikkim,7.3,75
2019-02-19,Sikkim,7.5,85
2019-02-20,Sikkim,8.7,83
2019-02-21,Sikkim,10.4,86
2019-02-22,Sikkim,12.0,79
2019-02-23,Sikkim,12.1,78
2019-02-24,Sikkim,12.1,69
2019-02-25,Sikkim,9.6,76
2019-02-26,Sikkim,8.9,76
2019-02-27,Sikkim,7.4,89
2019-02-28,Sikkim,6.5,83
2019-03-01,Sikkim,6.3,72
2019-03-02,Sikkim,7.7,68
2019-03-03,Sikkim,8.8,83
2019-03-04,Sikkim,8.7,80
2019-03-05,Sikkim,8.7,73
2019-03-06,Sikkim,9.2,71
2019-03-07,Sikkim,9.8,65
2019-03-08,Sikkim,8.5,78
2019-03-09,Sikkim,8.3,81
2019-03-10,Sikkim,10.2,81
2019-03-11,Sikkim,11.4,77
2019-03-12,Sikkim,12.8,71
2019-03-13,Sikkim,13.7,73
2019-03-14,Sikkim,13.8,77
2019-03-15,Sikkim,13.1,78
2019-03-16,Sikkim,12.7,63
2019-03-17,Sikkim,12.5,71
2019-03-18,Sikkim,11.2,78
2019-03-19,Sikkim,10.6,81
2019-03-20,Sikkim,10.6,85
2019-03-21,Sikkim,11.6,79
2019-03-22,Sikkim,13.0,71
2019-03-23,Sikkim,13.9,65
2019-03-24,Sikkim,12.9,71
2019-03-25,Sikkim,13.1,85
2019-03-26,Sikkim,11.6,85
2019-03-27,Sikkim,12.2,67
2019-03-28,Sikkim,12.8,63
2019-03-29,Sikkim,14.1,75
2019-03-30,Sikkim,14.0,86
2019-03-31,Sikkim,13.8,82
2019-04-01,Sikkim,13.0,82
2019-04-02,Sikkim,13.3,68
2019-04-03,Sikkim,12.6,73
2019-04-04,Sikkim,13.0,86
2019-04-05,Sikkim,13.7,89
2019-04-06,Sikkim,14.0,83
2019-04-07,Sikkim,13.3,84
2019-04-08,Sikkim,14.1,81
2019-04-09,Sikkim,12.5,90
2019-04-10,Sikkim,14.3,76
2019-04-11,Sikkim,15.4,76
2019-04-12,Sikkim,16.1,80
2019-04-13,Sikkim,16.3,78
2019-04-14,Sikkim,16.0,79
2019-04-15,Sikkim,15.9,83
2019-04-16,Sikkim,16.1,84
2019-04-17,Sikkim,17.0,70
2019-04-18,Sikkim,16.6,69
2019-04-19,Sikkim,15.9,68
2019-04-20,Sikkim,14.3,69
2019-04-21,Sikkim,14.6,80
2019-04-22,Sikkim,14.2,80
2019-04-23,Sikkim,15.5,73
2019-04-24,Sikkim,16.7,68
2019-04-25,Sikkim,17.6,70
2019-04-26,Sikkim,17.4,71
2019-04-27,Sikkim,17.1,86
2019-04-28,Sikkim,17.6,83
2019-04-29,Sikkim,17.7,84
2019-04-30,Sikkim,16.8,90
2019-05-01,Sikkim,17.7,83
2019-05-02,Sikkim,17.8,80
2019-05-03,Sikkim,17.8,81
2019-05-04,Sikkim,17.2,86
2019-05-05,Sikkim,16.4,85
2019-05-06,Sikkim,16.9,80
2019-05-07,Sikkim,17.1,84
2019-05-08,Sikkim,16.8,87
2019-05-09,Sikkim,17.3,86
2019-05-10,Sikkim,17.8,85
2019-05-11,Sikkim,17.8,84
2019-05-12,Sikkim,17.4,74
2019-05-13,Sikkim,17.3,78
2019-05-14,Sikkim,16.6,84
2019-05-15,Sikkim,16.7,86
2019-05-16,Sikkim,16.6,86
2019-05-17,Sikkim,17.3,83
2019-05-18,Sikkim,17.7,86
2019-05-19,Sikkim,17.5,79
2019-05-20,Sikkim,17.3,83
2019-05-21,Sikkim,17.2,86
2019-05-22,Sikkim,16.9,88
2019-05-23,Sikkim,16.9,87
2019-05-24,Sikkim,17.3,89
2019-05-25,Sikkim,16.4,97
2019-05-26,Sikkim,17.2,90
2019-05-27,Sikkim,17.8,85
2019-05-28,Sikkim,17.6,86
2019-05-29,Sikkim,17.6,86
2019-05-30,Sikkim,17.4,85
2019-05-31,Sikkim,17.3,85
2019-06-01,Sikkim,18.1,81
2019-06-02,Sikkim,17.4,88
2019-06-03,Sikkim,18.3,81
2019-06-04,Sikkim,18.2,79
2019-06-05,Sikkim,18.1,86
2019-06-06,Sikkim,18.7,86
2019-06-07,Sikkim,18.8,84
2019-06-08,Sikkim,18.7,90
2019-06-09,Sikkim,18.3,92
2019-06-10,Sikkim,18.9,83
2019-06-11,Sikkim,18.8,76
2019-06-12,Sikkim,19.9,76
2019-06-13,Sikkim,21.0,73
2019-06-14,Sikkim,21.1,73
2019-06-15,Sikkim,19.4,94
2019-06-16,Sikkim,19.9,87
2019-06-17,Sikkim,19.2,92
2019-06-18,Sikkim,19.0,90
2019-06-19,Sikkim,19.5,86
2019-06-20,Sikkim,19.4,88
2019-06-21,Sikkim,20.0,86
2019-06-22,Sikkim,19.4,93
2019-06-23,Sikkim,20.7,83
2019-06-24,Sikkim,20.4,87
2019-06-25,Sikkim,19.8,96
2019-06-26,Sikkim,18.9,96
2019-06-27,Sikkim,19.2,94
2019-06-28,Sikkim,19.6,90
2019-06-29,Sikkim,20.6,83
2019-06-30,Sikkim,19.9,85
2019-07-01,Sikkim,20.6,82
2019-07-02,Sikkim,19.7,91
2019-07-03,Sikkim,20.1,92
2019-07-04,Sikkim,20.1,92
2019-07-05,Sikkim,20.0,91
2019-07-06,Sikkim,19.4,94
2019-07-07,Sikkim,18.5,95
2019-07-08,Sikkim,17.9,99
2019-07-09,Sikkim,18.0,98
2019-07-10,Sikkim,18.4,93
2019-07-11,Sikkim,18.3,95
2019-07-12,Sikkim,18.1,97
2019-07-13,Sikkim,18.3,92
2019-07-14,Sikkim,18.0,93
2019-07-15,Sikkim,18.2,93
2019-07-16,Sikkim,18.6,90
2019-07-17,Sikkim,20.0,84
2019-07-18,Sikkim,20.2,85
2019-07-19,Sikkim,19.5,88
2019-07-20,Sikkim,19.9,87
2019-07-21,Sikkim,19.7,92
2019-07-22,Sikkim,19.4,93
2019-07-23,Sikkim,19.2,95
2019-07-24,Sikkim,18.5,97
2019-07-25,Sikkim,18.5,91
2019-07-26,Sikkim,19.0,90
2019-07-27,Sikkim,18.4,97
2019-07-28,Sikkim,18.6,93
2019-07-29,Sikkim,19.0,93
2019-07-30,Sikkim,19.3,88
2019-07-31,Sikkim,19.5,88
2019-08-01,Sikkim,19.1,90
2019-08-02,Sikkim,19.1,91
2019-08-03,Sikkim,20.1,89
2019-08-04,Sikkim,20.6,86
2019-08-05,Sikkim,21.0,84
2019-08-06,Sikkim,20.8,82
2019-08-07,Sikkim,19.3,94
2019-08-08,Sikkim,17.2,99
2019-08-09,Sikkim,18.6,95
2019-08-10,Sikkim,20.5,86
2019-08-11,Sikkim,20.7,85
2019-08-12,Sikkim,21.7,75
2019-08-13,Sikkim,19.4,90
2019-08-14,Sikkim,18.6,95
2019-08-15,Sikkim,19.5,91
2019-08-16,Sikkim,19.6,91
2019-08-17,Sikkim,20.0,90
2019-08-18,Sikkim,19.2,94
2019-08-19,Sikkim,18.9,91
2019-08-20,Sikkim,19.9,87
2019-08-21,Sikkim,19.8,86
2019-08-22,Sikkim,20.8,83
2019-08-23,Sikkim,20.0,86
2019-08-24,Sikkim,19.4,89
2019-08-25,Sikkim,19.2,91
2019-08-26,Sikkim,20.4,82
2019-08-27,Sikkim,20.6,76
2019-08-28,Sikkim,20.5,86
2019-08-29,Sikkim,20.2,86
2019-08-30,Sikkim,20.6,82
2019-08-31,Sikkim,19.1,95
2019-09-01,Sikkim,21.3,72
2019-09-02,Sikkim,20.9,73
2019-09-03,Sikkim,19.6,86
2019-09-04,Sikkim,19.3,89
2019-09-05,Sikkim,19.5,88
2019-09-06,Sikkim,19.1,93
2019-09-07,Sikkim,19.8,86
2019-09-08,Sikkim,19.5,90
2019-09-09,Sikkim,19.6,91
2019-09-10,Sikkim,19.5,91
2019-09-11,Sikkim,19.4,92
2019-09-12,Sikkim,18.4,97
2019-09-13,Sikkim,18.4,95
2019-09-14,Sikkim,18.7,93
2019-09-15,Sikkim,18.6,93
2019-09-16,Sikkim,18.1,95
2019-09-17,Sikkim,17.8,95
2019-09-18,Sikkim,17.8,94
2019-09-19,Sikkim,18.8,86
2019-09-20,Sikkim,18.5,87
2019-09-21,Sikkim,18.2,86
2019-09-22,Sikkim,18.3,85
2019-09-23,Sikkim,17.2,94
2019-09-24,Sikkim,17.0,92
2019-09-25,Sikkim,16.8,93
2019-09-26,Sikkim,17.3,87
2019-09-27,Sikkim,17.0,93
2019-09-28,Sikkim,15.3,98
2019-09-29,Sikkim,15.3,94
2019-09-30,Sikkim,15.6,93
2019-10-01,Sikkim,16.3,90
2019-10-02,Sikkim,17.1,88
2019-10-03,Sikkim,17.2,88
2019-10-04,Sikkim,17.6,86
2019-10-05,Sikkim,17.1,92
2019-10-06,Sikkim,17.5,84
2019-10-07,Sikkim,17.4,87
2019-10-08,Sikkim,16.5,87
2019-10-09,Sikkim,16.1,85
2019-10-10,Sikkim,16.0,85
2019-10-11,Sikkim,16.3,86
2019-10-12,Sikkim,16.1,88
2019-10-13,Sikkim,16.0,86
2019-10-14,Sikkim,15.8,83
2019-10-15,Sikkim,16.4,72
2019-10-16,Sikkim,16.1,70
2019-10-17,Sikkim,16.4,76
2019-10-18,Sikkim,16.2,82
2019-10-19,Sikkim,15.9,85
2019-10-20,Sikkim,15.2,89
2019-10-21,Sikkim,14.7,88
2019-10-22,Sikkim,15.8,82
2019-10-23,Sikkim,14.6,87
2019-10-24,Sikkim,14.2,84
2019-10-25,Sikkim,14.3,88
2019-10-26,Sikkim,15.1,85
2019-10-27,Sikkim,14.5,89
2019-10-28,Sikkim,14.7,88
2019-10-29,Sikkim,15.7,79
2019-10-30,Sikkim,14.9,81
2019-10-31,Sikkim,14.4,82
2019-11-01,Sikkim,13.9,82
2019-11-02,Sikkim,15.1,74
2019-11-03,Sikkim,15.1,74
2019-11-04,Sikkim,13.3,84
2019-11-05,Sikkim,12.9,89
2019-11-06,Sikkim,13.7,86
2019-11-07,Sikkim,15.0,81
2019-11-08,Sikkim,15.4,81
2019-11-09,Sikkim,15.0,81
2019-11-10,Sikkim,15.4,73
2019-11-11,Sikkim,14.3,88
2019-11-12,Sikkim,14.0,91
2019-11-13,Sikkim,15.1,84
2019-11-14,Sikkim,16.1,75
2019-11-15,Sikkim,15.8,76
2019-11-16,Sikkim,15.0,85
2019-11-17,Sikkim,14.0,90
2019-11-18,Sikkim,12.8,95
2019-11-19,Sikkim,12.2,91
2019-11-20,Sikkim,11.8,93
2019-11-21,Sikkim,11.9,93
2019-11-22,Sikkim,13.0,78
2019-11-23,Sikkim,12.4,85
2019-11-24,Sikkim,12.2,93
2019-11-25,Sikkim,12.2,92
2019-11-26,Sikkim,12.8,82
2019-11-27,Sikkim,13.5,79
2019-11-28,Sikkim,13.6,71
2019-11-29,Sikkim,12.4,71
2019-11-30,Sikkim,11.5,71
2019-12-01,Sikkim,11.0,81
2019-12-02,Sikkim,9.4,90
2019-12-03,Sikkim,8.6,86
2019-12-04,Sikkim,8.0,67
2019-12-05,Sikkim,9.6,49
2019-12-06,Sikkim,10.0,46
2019-12-07,Sikkim,9.7,49
2019-12-08,Sikkim,9.3,49
2019-12-09,Sikkim,8.8,51
2019-12-10,Sikkim,9.3,64
2019-12-11,Sikkim,8.1,88
2019-12-12,Sikkim,8.2,90
2019-12-13,Sikkim,7.8,90
2019-12-14,Sikkim,8.4,83
2019-12-15,Sikkim,9.4,68
2019-12-16,Sikkim,9.1,68
2019-12-17,Sikkim,7.5,74
2019-12-18,Sikkim,7.8,69
2019-12-19,Sikkim,8.2,80
2019-12-20,Sikkim,8.6,76
2019-12-21,Sikkim,8.1,87
2019-12-22,Sikkim,7.6,89
2019-12-23,Sikkim,7.1,91
2019-12-24,Sikkim,7.9,86
2019-12-25,Sikkim,7.4,86
2019-12-26,Sikkim,6.0,85
2019-12-27,Sikkim,4.5,77
2019-12-28,Sikkim,4.2,57
2019-12-29,Sikkim,6.0,48
2019-12-30,Sikkim,6.3,52
2019-12-31,Sikkim,7.7,46
2020-01-01,Sikkim,8.6,45
2020-01-02,Sikkim,9.4,56
2020-01-03,Sikkim,7.4,77
2020-01-04,Sikkim,6.4,84
2020-01-05,Sikkim,3.6,87
2020-01-06,Sikkim,5.1,68
2020-01-07,Sikkim,7.6,75
2020-01-08,Sikkim,7.4,80
2020-01-09,Sikkim,6.3,90
2020-01-10,Sikkim,6.6,72
2020-01-11,Sikkim,7.0,69
2020-01-12,Sikkim,8.1,53
2020-01-13,Sikkim,9.2,59
2020-01-14,Sikkim,10.3,62
2020-01-15,Sikkim,9.0,82
2020-01-16,Sikkim,8.5,88
2020-01-17,Sikkim,8.3,89
2020-01-18,Sikkim,8.8,83
2020-01-19,Sikkim,7.5,76
2020-01-20,Sikkim,6.9,59
2020-01-21,Sikkim,6.7,67
2020-01-22,Sikkim,7.6,77
2020-01-23,Sikkim,4.8,82
2020-01-24,Sikkim,3.1,81
2020-01-25,Sikkim,4.4,56
2020-01-26,Sikkim,4.5,63
2020-01-27,Sikkim,6.3,53
2020-01-28,Sikkim,6.8,76
2020-01-29,Sikkim,7.4,83
2020-01-30,Sikkim,6.7,84
2020-01-31,Sikkim,7.0,81
2020-02-01,Sikkim,6.1,88
2020-02-02,Sikkim,4.6,86
2020-02-03,Sikkim,6.7,78
2020-02-04,Sikkim,8.1,70
2020-02-05,Sikkim,5.4,78
2020-02-06,Sikkim,5.0,87
2020-02-07,Sikkim,6.6,78
2020-02-08,Sikkim,6.6,71
2020-02-09,Sikkim,5.4,60
2020-02-10,Sikkim,6.8,58
2020-02-11,Sikkim,7.3,68
2020-02-12,Sikkim,8.0,72
2020-02-13,Sikkim,9.3,66
2020-02-14,Sikkim,8.6,79
2020-02-15,Sikkim,9.3,86
2020-02-16,Sikkim,11.0,82
2020-02-17,Sikkim,9.9,90
2020-02-18,Sikkim,10.6,83
2020-02-19,Sikkim,10.0,90
2020-02-20,Sikkim,10.6,88
2020-02-21,Sikkim,11.4,82
2020-02-22,Sikkim,10.8,82
2020-02-23,Sikkim,10.7,75
2020-02-24,Sikkim,10.0,73
2020-02-25,Sikkim,9.0,80
2020-02-26,Sikkim,6.1,95
2020-02-27,Sikkim,8.8,69
2020-02-28,Sikkim,9.7,61
2020-02-29,Sikkim,11.2,61
2020-03-01,Sikkim,10.9,72
2020-03-02,Sikkim,10.1,85
2020-03-03,Sikkim,10.1,85
2020-03-04,Sikkim,10.2,82
2020-03-05,Sikkim,10.9,77
2020-03-06,Sikkim,11.1,75
2020-03-07,Sikkim,10.7,79
2020-03-08,Sikkim,11.4,79
2020-03-09,Sikkim,10.9,84
2020-03-10,Sikkim,10.6,90
2020-03-11,Sikkim,11.2,86
2020-03-12,Sikkim,13.6,76
2020-03-13,Sikkim,13.7,73
2020-03-14,Sikkim,11.1,86
2020-03-15,Sikkim,11.4,70
2020-03-16,Sikkim,12.3,55
2020-03-17,Sikkim,11.4,67
2020-03-18,Sikkim,11.3,86
2020-03-19,Sikkim,11.0,85
2020-03-20,Sikkim,10.8,82
2020-03-21,Sikkim,11.4,79
2020-03-22,Sikkim,11.2,80
2020-03-23,Sikkim,11.2,82
2020-03-24,Sikkim,12.3,69
2020-03-25,Sikkim,12.4,83
2020-03-26,Sikkim,14.5,77
2020-03-27,Sikkim,14.9,87
2020-03-28,Sikkim,15.6,85
2020-03-29,Sikkim,15.6,69
2020-03-30,Sikkim,15.6,75
2020-03-31,Sikkim,14.5,84
2020-04-01,Sikkim,13.1,88
2020-04-02,Sikkim,13.5,81
2020-04-03,Sikkim,14.6,65
2020-04-04,Sikkim,13.8,70
2020-04-05,Sikkim,13.4,73
2020-04-06,Sikkim,12.4,88
2020-04-07,Sikkim,14.2,77
2020-04-08,Sikkim,13.6,83
2020-04-09,Sikkim,13.7,75
2020-04-10,Sikkim,14.8,66
2020-04-11,Sikkim,14.2,74
2020-04-12,Sikkim,14.7,71
2020-04-13,Sikkim,14.3,78
2020-04-14,Sikkim,16.3,72
2020-04-15,Sikkim,14.9,72
2020-04-16,Sikkim,14.1,77
2020-04-17,Sikkim,15.3,77
2020-04-18,Sikkim,14.5,90
2020-04-19,Sikkim,15.0,83
2020-04-20,Sikkim,15.4,78
2020-04-21,Sikkim,13.6,87
2020-04-22,Sikkim,12.4,84
2020-04-23,Sikkim,13.4,82
2020-04-24,Sikkim,12.7,88
2020-04-25,Sikkim,13.7,82
2020-04-26,Sikkim,14.1,84
2020-04-27,Sikkim,15.0,76
2020-04-28,Sikkim,13.9,83
2020-04-29,Sikkim,14.9,78
2020-04-30,Sikkim,15.1,83
2020-05-01,Sikkim,14.8,88
2020-05-02,Sikkim,15.5,77
2020-05-03,Sikkim,16.9,77
2020-05-04,Sikkim,15.7,86
2020-05-05,Sikkim,15.5,87
2020-05-06,Sikkim,15.3,81
2020-05-07,Sikkim,14.4,87
2020-05-08,Sikkim,14.7,78
2020-05-09,Sikkim,16.1,77
2020-05-10,Sikkim,17.3,75
2020-05-11,Sikkim,16.6,70
2020-05-12,Sikkim,16.5,80
2020-05-13,Sikkim,16.2,85
2020-05-14,Sikkim,16.3,89
2020-05-15,Sikkim,16.9,87
2020-05-16,Sikkim,17.0,89
2020-05-17,Sikkim,17.3,89
2020-05-18,Sikkim,17.0,90
2020-05-19,Sikkim,17.4,85
2020-05-20,Sikkim,16.5,88
2020-05-21,Sikkim,16.0,94
2020-05-22,Sikkim,16.4,94
2020-05-23,Sikkim,17.3,93
2020-05-24,Sikkim,18.2,91
2020-05-25,Sikkim,18.3,89
2020-05-26,Sikkim,18.0,86
2020-05-27,Sikkim,16.6,87
2020-05-28,Sikkim,16.0,84
2020-05-29,Sikkim,16.5,82
2020-05-30,Sikkim,16.6,86
2020-05-31,Sikkim,16.7,87
2020-06-01,Sikkim,17.4,91
2020-06-02,Sikkim,17.7,86
2020-06-03,Sikkim,17.2,92
2020-06-04,Sikkim,17.4,89
2020-06-05,Sikkim,17.3,93
2020-06-06,Sikkim,18.1,87
2020-06-07,Sikkim,18.6,89
2020-06-08,Sikkim,19.2,86
2020-06-09,Sikkim,19.8,82
2020-06-10,Sikkim,19.8,81
2020-06-11,Sikkim,20.0,80
2020-06-12,Sikkim,19.5,86
2020-06-13,Sikkim,18.5,94
2020-06-14,Sikkim,18.7,94
2020-06-15,Sikkim,18.6,92
2020-06-16,Sikkim,18.7,92
2020-06-17,Sikkim,19.3,88
2020-06-18,Sikkim,17.7,98
2020-06-19,Sikkim,18.1,96
2020-06-20,Sikkim,18.9,92
2020-06-21,Sikkim,19.3,88
2020-06-22,Sikkim,18.8,94
2020-06-23,Sikkim,19.4,91
2020-06-24,Sikkim,19.8,89
2020-06-25,Sikkim,18.9,94
2020-06-26,Sikkim,18.6,91
2020-06-27,Sikkim,18.9,92
2020-06-28,Sikkim,19.1,91
2020-06-29,Sikkim,18.2,96
2020-06-30,Sikkim,19.7,88
2020-07-01,Sikkim,19.6,92
2020-07-02,Sikkim,19.5,91
2020-07-03,Sikkim,19.3,93
2020-07-04,Sikkim,18.7,93
2020-07-05,Sikkim,19.1,90
2020-07-06,Sikkim,19.1,93
2020-07-07,Sikkim,19.2,94
2020-07-08,Sikkim,20.3,90
2020-07-09,Sikkim,19.3,96
2020-07-10,Sikkim,19.0,96
2020-07-11,Sikkim,18.9,94
2020-07-12,Sikkim,19.0,95
2020-07-13,Sikkim,19.5,88
2020-07-14,Sikkim,19.2,95
2020-07-15,Sikkim,19.4,92
2020-07-16,Sikkim,19.2,90
2020-07-17,Sikkim,18.7,95
2020-07-18,Sikkim,19.3,91
2020-07-19,Sikkim,19.2,94
2020-07-20,Sikkim,18.4,96
2020-07-21,Sikkim,19.1,90
2020-07-22,Sikkim,18.8,93
2020-07-23,Sikkim,18.1,98
2020-07-24,Sikkim,18.3,97
2020-07-25,Sikkim,19.6,90
2020-07-26,Sikkim,19.7,92
2020-07-27,Sikkim,19.6,93
2020-07-28,Sikkim,19.1,94
2020-07-29,Sikkim,19.6,90
2020-07-30,Sikkim,18.8,96
2020-07-31,Sikkim,18.9,95
2020-08-01,Sikkim,19.9,90
2020-08-02,Sikkim,20.8,88
2020-08-03,Sikkim,21.4,83
2020-08-04,Sikkim,21.8,75
2020-08-05,Sikkim,20.3,88
2020-08-06,Sikkim,19.6,94
2020-08-07,Sikkim,20.1,90
2020-08-08,Sikkim,20.5,91
2020-08-09,Sikkim,19.3,95
2020-08-10,Sikkim,18.9,96
2020-08-11,Sikkim,19.1,94
2020-08-12,Sikkim,19.5,95
2020-08-13,Sikkim,19.4,95
2020-08-14,Sikkim,20.2,90
2020-08-15,Sikkim,19.2,92
2020-08-16,Sikkim,18.7,96
2020-08-17,Sikkim,19.2,96
2020-08-18,Sikkim,19.5,91
2020-08-19,Sikkim,19.4,90
2020-08-20,Sikkim,17.6,98
2020-08-21,Sikkim,17.6,95
2020-08-22,Sikkim,18.5,90
2020-08-23,Sikkim,18.8,92
2020-08-24,Sikkim,19.8,89
2020-08-25,Sikkim,20.1,85
2020-08-26,Sikkim,19.3,92
2020-08-27,Sikkim,18.4,94
2020-08-28,Sikkim,18.9,90
2020-08-29,Sikkim,19.2,89
2020-08-30,Sikkim,19.4,92
2020-08-31,Sikkim,19.7,93
2020-09-01,Sikkim,19.5,95
2020-09-02,Sikkim,19.3,92
2020-09-03,Sikkim,19.4,90
2020-09-04,Sikkim,19.7,89
2020-09-05,Sikkim,19.4,91
2020-09-06,Sikkim,18.9,91
2020-09-07,Sikkim,18.2,97
2020-09-08,Sikkim,18.4,97
2020-09-09,Sikkim,19.2,91
2020-09-10,Sikkim,19.0,94
2020-09-11,Sikkim,18.6,93
2020-09-12,Sikkim,19.0,90
2020-09-13,Sikkim,18.8,93
2020-09-14,Sikkim,18.3,96
2020-09-15,Sikkim,18.1,95
2020-09-16,Sikkim,18.3,94
2020-09-17,Sikkim,18.5,95
2020-09-18,Sikkim,17.9,97
2020-09-19,Sikkim,20.6,80
2020-09-20,Sikkim,20.7,71
2020-09-21,Sikkim,19.3,84
2020-09-22,Sikkim,17.2,97
2020-09-23,Sikkim,17.2,94
2020-09-24,Sikkim,18.1,91
2020-09-25,Sikkim,17.6,95
2020-09-26,Sikkim,17.7,92
2020-09-27,Sikkim,17.2,89
2020-09-28,Sikkim,19.2,79
2020-09-29,Sikkim,18.9,86
2020-09-30,Sikkim,18.7,88
2020-10-01,Sikkim,18.9,85
2020-10-02,Sikkim,18.8,84
2020-10-03,Sikkim,18.7,89
2020-10-04,Sikkim,18.8,87
2020-10-05,Sikkim,18.3,89
2020-10-06,Sikkim,18.5,88
2020-10-07,Sikkim,18.9,84
2020-10-08,Sikkim,18.8,77
2020-10-09,Sikkim,18.8,80
2020-10-10,Sikkim,19.2,75
2020-10-11,Sikkim,18.4,72
2020-10-12,Sikkim,17.7,72
2020-10-13,Sikkim,18.6,72
2020-10-14,Sikkim,18.4,70
2020-10-15,Sikkim,19.1,68
2020-10-16,Sikkim,17.8,69
2020-10-17,Sikkim,17.6,69
2020-10-18,Sikkim,17.0,71
2020-10-19,Sikkim,16.6,82
2020-10-20,Sikkim,16.6,81
2020-10-21,Sikkim,17.1,74
2020-10-22,Sikkim,16.6,78
2020-10-23,Sikkim,16.6,79
2020-10-24,Sikkim,16.9,79
2020-10-25,Sikkim,16.2,93
2020-10-26,Sikkim,15.2,91
2020-10-27,Sikkim,15.9,81
2020-10-28,Sikkim,15.9,68
2020-10-29,Sikkim,15.1,59
2020-10-30,Sikkim,15.4,53
2020-10-31,Sikkim,16.6,55
2020-11-01,Sikkim,15.7,63
2020-11-02,Sikkim,16.0,77
2020-11-03,Sikkim,15.4,78
2020-11-04,Sikkim,14.2,73
2020-11-05,Sikkim,13.6,76
2020-11-06,Sikkim,12.8,77
2020-11-07,Sikkim,13.3,71
2020-11-08,Sikkim,13.8,58
2020-11-09,Sikkim,13.8,60
2020-11-10,Sikkim,13.1,61
2020-11-11,Sikkim,13.2,58
2020-11-12,Sikkim,13.2,53
2020-11-13,Sikkim,13.6,56
2020-11-14,Sikkim,14.2,53
2020-11-15,Sikkim,13.8,53
2020-11-16,Sikkim,12.8,56
2020-11-17,Sikkim,12.0,65
2020-11-18,Sikkim,11.0,75
2020-11-19,Sikkim,10.0,87
2020-11-20,Sikkim,10.4,83
2020-11-21,Sikkim,9.9,85
2020-11-22,Sikkim,9.4,74
2020-11-23,Sikkim,10.6,71
2020-11-24,Sikkim,10.6,75
2020-11-25,Sikkim,12.2,63
2020-11-26,Sikkim,12.5,63
2020-11-27,Sikkim,12.2,66
2020-11-28,Sikkim,10.7,58
2020-11-29,Sikkim,11.3,52
2020-11-30,Sikkim,11.5,57
2020-12-01,Sikkim,11.8,56
2020-12-02,Sikkim,11.4,62
2020-12-03,Sikkim,10.2,79
2020-12-04,Sikkim,10.3,76
2020-12-05,Sikkim,8.9,90
2019-01-02,Tamil Nadu,20.2,68
2019-01-03,Tamil Nadu,21.1,69
2019-01-04,Tamil Nadu,20.7,70
2019-01-05,Tamil Nadu,21.2,69
2019-01-06,Tamil Nadu,21.0,69
2019-01-07,Tamil Nadu,21.8,67
2019-01-08,Tamil Nadu,22.4,60
2019-01-09,Tamil Nadu,21.7,58
2019-01-10,Tamil Nadu,21.8,68
2019-01-11,Tamil Nadu,22.5,67
2019-01-12,Tamil Nadu,22.1,67
2019-01-13,Tamil Nadu,22.4,67
2019-01-14,Tamil Nadu,21.7,66
2019-01-15,Tamil Nadu,21.4,65
2019-01-16,Tamil Nadu,22.1,67
2019-01-17,Tamil Nadu,22.5,70
2019-01-18,Tamil Nadu,22.4,69
2019-01-19,Tamil Nadu,21.5,68
2019-01-20,Tamil Nadu,21.4,70
2019-01-21,Tamil Nadu,21.3,69
2019-01-22,Tamil Nadu,22.2,69
2019-01-23,Tamil Nadu,23.5,68
2019-01-24,Tamil Nadu,24.6,64
2019-01-25,Tamil Nadu,24.5,69
2019-01-26,Tamil Nadu,24.4,74
2019-01-27,Tamil Nadu,23.9,76
2019-01-28,Tamil Nadu,22.5,78
2019-01-29,Tamil Nadu,22.8,73
2019-01-30,Tamil Nadu,22.5,68
2019-01-31,Tamil Nadu,22.8,69
2019-02-01,Tamil Nadu,22.8,66
2019-02-02,Tamil Nadu,23.2,66
2019-02-03,Tamil Nadu,23.9,67
2019-02-04,Tamil Nadu,24.2,68
2019-02-05,Tamil Nadu,24.3,67
2019-02-06,Tamil Nadu,24.5,62
2019-02-07,Tamil Nadu,24.5,66
2019-02-08,Tamil Nadu,26.1,65
2019-02-09,Tamil Nadu,26.5,67
2019-02-10,Tamil Nadu,26.0,71
2019-02-11,Tamil Nadu,25.5,67
2019-02-12,Tamil Nadu,24.7,67
2019-02-13,Tamil Nadu,24.1,65
2019-02-14,Tamil Nadu,24.6,67
2019-02-15,Tamil Nadu,25.6,67
2019-02-16,Tamil Nadu,26.8,63
2019-02-17,Tamil Nadu,27.3,66
2019-02-18,Tamil Nadu,26.9,71
2019-02-19,Tamil Nadu,27.0,71
2019-02-20,Tamil Nadu,26.5,65
2019-02-21,Tamil Nadu,25.8,62
2019-02-22,Tamil Nadu,25.7,51
2019-02-23,Tamil Nadu,26.1,35
2019-02-24,Tamil Nadu,26.5,43
2019-02-25,Tamil Nadu,25.8,55
2019-02-26,Tamil Nadu,26.2,62
2019-02-27,Tamil Nadu,27.6,66
2019-02-28,Tamil Nadu,27.8,66
2019-03-01,Tamil Nadu,27.0,71
2019-03-02,Tamil Nadu,26.8,62
2019-03-03,Tamil Nadu,26.5,59
2019-03-04,Tamil Nadu,27.3,62
2019-03-05,Tamil Nadu,28.8,58
2019-03-06,Tamil Nadu,29.9,55
2019-03-07,Tamil Nadu,30.0,56
2019-03-08,Tamil Nadu,29.0,60
2019-03-09,Tamil Nadu,28.4,65
2019-03-10,Tamil Nadu,28.4,63
2019-03-11,Tamil Nadu,27.9,58
2019-03-12,Tamil Nadu,27.7,50
2019-03-13,Tamil Nadu,27.2,48
2019-03-14,Tamil Nadu,27.5,45
2019-03-15,Tamil Nadu,27.7,34
2019-03-16,Tamil Nadu,26.5,55
2019-03-17,Tamil Nadu,26.4,58
2019-03-18,Tamil Nadu,27.3,59
2019-03-19,Tamil Nadu,28.1,58
2019-03-20,Tamil Nadu,27.7,59
2019-03-21,Tamil Nadu,27.9,56
2019-03-22,Tamil Nadu,28.7,59
2019-03-23,Tamil Nadu,29.6,57
2019-03-24,Tamil Nadu,29.2,56
2019-03-25,Tamil Nadu,29.1,55
2019-03-26,Tamil Nadu,28.4,56
2019-03-27,Tamil Nadu,28.5,49
2019-03-28,Tamil Nadu,29.2,50
2019-03-29,Tamil Nadu,29.6,46
2019-03-30,Tamil Nadu,29.8,39
2019-03-31,Tamil Nadu,30.5,43
2019-04-01,Tamil Nadu,30.5,45
2019-04-02,Tamil Nadu,29.6,53
2019-04-03,Tamil Nadu,28.8,57
2019-04-04,Tamil Nadu,28.3,57
2019-04-05,Tamil Nadu,29.1,54
2019-04-06,Tamil Nadu,29.4,53
2019-04-07,Tamil Nadu,29.8,51
2019-04-08,Tamil Nadu,29.9,56
2019-04-09,Tamil Nadu,30.3,57
2019-04-10,Tamil Nadu,30.3,56
2019-04-11,Tamil Nadu,30.5,56
2019-04-12,Tamil Nadu,30.5,52
2019-04-13,Tamil Nadu,29.7,53
2019-04-14,Tamil Nadu,29.7,51
2019-04-15,Tamil Nadu,29.7,47
2019-04-16,Tamil Nadu,30.0,49
2019-04-17,Tamil Nadu,30.9,54
2019-04-18,Tamil Nadu,30.9,56
2019-04-19,Tamil Nadu,30.5,60
2019-04-20,Tamil Nadu,28.8,67
2019-04-21,Tamil Nadu,30.2,59
2019-04-22,Tamil Nadu,29.8,65
2019-04-23,Tamil Nadu,28.8,67
2019-04-24,Tamil Nadu,30.3,58
2019-04-25,Tamil Nadu,29.8,55
2019-04-26,Tamil Nadu,30.9,53
2019-04-27,Tamil Nadu,30.9,58
2019-04-28,Tamil Nadu,30.2,60
2019-04-29,Tamil Nadu,30.8,59
2019-04-30,Tamil Nadu,31.6,54
2019-05-01,Tamil Nadu,31.1,54
2019-05-02,Tamil Nadu,33.2,39
2019-05-03,Tamil Nadu,33.4,38
2019-05-04,Tamil Nadu,32.6,43
2019-05-05,Tamil Nadu,32.6,48
2019-05-06,Tamil Nadu,32.6,48
2019-05-07,Tamil Nadu,32.2,50
2019-05-08,Tamil Nadu,32.1,46
2019-05-09,Tamil Nadu,32.8,42
2019-05-10,Tamil Nadu,33.3,40
2019-05-11,Tamil Nadu,33.1,48
2019-05-12,Tamil Nadu,32.2,52
2019-05-13,Tamil Nadu,31.7,53
2019-05-14,Tamil Nadu,32.3,48
2019-05-15,Tamil Nadu,31.8,54
2019-05-16,Tamil Nadu,31.7,55
2019-05-17,Tamil Nadu,31.6,58
2019-05-18,Tamil Nadu,32.0,56
2019-05-19,Tamil Nadu,32.2,50
2019-05-20,Tamil Nadu,31.6,48
2019-05-21,Tamil Nadu,31.3,51
2019-05-22,Tamil Nadu,31.2,54
2019-05-23,Tamil Nadu,31.4,56
2019-05-24,Tamil Nadu,31.8,56
2019-05-25,Tamil Nadu,33.1,49
2019-05-26,Tamil Nadu,33.4,46
2019-05-27,Tamil Nadu,33.0,49
2019-05-28,Tamil Nadu,32.7,53
2019-05-29,Tamil Nadu,33.0,50
2019-05-30,Tamil Nadu,32.5,52
2019-05-31,Tamil Nadu,31.5,56
2019-06-01,Tamil Nadu,31.6,54
2019-06-02,Tamil Nadu,30.5,62
2019-06-03,Tamil Nadu,30.9,57
2019-06-04,Tamil Nadu,30.7,57
2019-06-05,Tamil Nadu,30.1,63
2019-06-06,Tamil Nadu,30.8,62
2019-06-07,Tamil Nadu,31.5,58
2019-06-08,Tamil Nadu,31.4,56
2019-06-09,Tamil Nadu,32.2,52
2019-06-10,Tamil Nadu,31.6,49
2019-06-11,Tamil Nadu,32.0,47
2019-06-12,Tamil Nadu,31.7,48
2019-06-13,Tamil Nadu,31.6,48
2019-06-14,Tamil Nadu,31.9,47
2019-06-15,Tamil Nadu,32.8,43
2019-06-16,Tamil Nadu,33.2,40
2019-06-17,Tamil Nadu,32.8,39
2019-06-18,Tamil Nadu,32.8,39
2019-06-19,Tamil Nadu,32.7,43
2019-06-20,Tamil Nadu,32.0,46
2019-06-21,Tamil Nadu,31.4,45
2019-06-22,Tamil Nadu,30.4,52
2019-06-23,Tamil Nadu,30.2,57
2019-06-24,Tamil Nadu,29.5,63
2019-06-25,Tamil Nadu,29.2,63
2019-06-26,Tamil Nadu,27.8,69
2019-06-27,Tamil Nadu,29.3,62
2019-06-28,Tamil Nadu,31.6,43
2019-06-29,Tamil Nadu,31.6,44
2019-06-30,Tamil Nadu,31.0,46
2019-07-01,Tamil Nadu,31.8,43
2019-07-02,Tamil Nadu,31.9,44
2019-07-03,Tamil Nadu,31.7,45
2019-07-04,Tamil Nadu,31.7,46
2019-07-05,Tamil Nadu,31.1,47
2019-07-06,Tamil Nadu,30.9,46
2019-07-07,Tamil Nadu,32.0,43
2019-07-08,Tamil Nadu,31.8,42
2019-07-09,Tamil Nadu,31.1,45
2019-07-10,Tamil Nadu,30.8,48
2019-07-11,Tamil Nadu,29.2,58
2019-07-12,Tamil Nadu,29.9,55
2019-07-13,Tamil Nadu,29.8,57
2019-07-14,Tamil Nadu,29.4,57
2019-07-15,Tamil Nadu,28.7,65
2019-07-16,Tamil Nadu,29.1,61
2019-07-17,Tamil Nadu,29.1,58
2019-07-18,Tamil Nadu,28.0,71
2019-07-19,Tamil Nadu,27.6,69
2019-07-20,Tamil Nadu,28.4,63
2019-07-21,Tamil Nadu,28.0,66
2019-07-22,Tamil Nadu,26.0,78
2019-07-23,Tamil Nadu,26.5,69
2019-07-24,Tamil Nadu,28.1,66
2019-07-25,Tamil Nadu,27.6,72
2019-07-26,Tamil Nadu,27.5,65
2019-07-27,Tamil Nadu,28.5,57
2019-07-28,Tamil Nadu,28.7,55
2019-07-29,Tamil Nadu,28.7,54
2019-07-30,Tamil Nadu,29.6,50
2019-07-31,Tamil Nadu,30.5,47
2019-08-01,Tamil Nadu,30.6,46
2019-08-02,Tamil Nadu,30.0,45
2019-08-03,Tamil Nadu,30.2,46
2019-08-04,Tamil Nadu,31.2,45
2019-08-05,Tamil Nadu,26.7,66
2019-08-06,Tamil Nadu,28.4,56
2019-08-07,Tamil Nadu,29.5,54
2019-08-08,Tamil Nadu,29.3,55
2019-08-09,Tamil Nadu,29.1,55
2019-08-10,Tamil Nadu,29.2,56
2019-08-11,Tamil Nadu,30.4,49
2019-08-12,Tamil Nadu,30.7,48
2019-08-13,Tamil Nadu,29.1,62
2019-08-14,Tamil Nadu,29.1,61
2019-08-15,Tamil Nadu,28.5,63
2019-08-16,Tamil Nadu,28.4,63
2019-08-17,Tamil Nadu,25.7,80
2019-08-18,Tamil Nadu,25.7,84
2019-08-19,Tamil Nadu,26.5,79
2019-08-20,Tamil Nadu,25.7,82
2019-08-21,Tamil Nadu,26.4,76
2019-08-22,Tamil Nadu,25.7,77
2019-08-23,Tamil Nadu,26.2,73
2019-08-24,Tamil Nadu,26.7,70
2019-08-25,Tamil Nadu,27.3,67
2019-08-26,Tamil Nadu,28.2,61
2019-08-27,Tamil Nadu,28.1,63
2019-08-28,Tamil Nadu,27.7,65
2019-08-29,Tamil Nadu,27.9,67
2019-08-30,Tamil Nadu,27.9,67
2019-08-31,Tamil Nadu,28.0,60
2019-09-01,Tamil Nadu,27.3,65
2019-09-02,Tamil Nadu,27.0,68
2019-09-03,Tamil Nadu,28.4,59
2019-09-04,Tamil Nadu,28.1,60
2019-09-05,Tamil Nadu,29.1,55
2019-09-06,Tamil Nadu,29.7,52
2019-09-07,Tamil Nadu,29.9,50
2019-09-08,Tamil Nadu,30.0,50
2019-09-09,Tamil Nadu,29.5,54
2019-09-10,Tamil Nadu,28.7,63
2019-09-11,Tamil Nadu,27.7,67
2019-09-12,Tamil Nadu,27.0,73
2019-09-13,Tamil Nadu,26.5,75
2019-09-14,Tamil Nadu,27.4,71
2019-09-15,Tamil Nadu,27.2,72
2019-09-16,Tamil Nadu,26.9,72
2019-09-17,Tamil Nadu,25.9,77
2019-09-18,Tamil Nadu,25.7,83
2019-09-19,Tamil Nadu,24.9,86
2019-09-20,Tamil Nadu,25.8,82
2019-09-21,Tamil Nadu,25.9,84
2019-09-22,Tamil Nadu,25.5,85
2019-09-23,Tamil Nadu,25.2,87
2019-09-24,Tamil Nadu,24.9,87
2019-09-25,Tamil Nadu,24.5,87
2019-09-26,Tamil Nadu,25.2,84
2019-09-27,Tamil Nadu,25.6,81
2019-09-28,Tamil Nadu,25.3,80
2019-09-29,Tamil Nadu,25.2,82
2019-09-30,Tamil Nadu,25.1,84
2019-10-01,Tamil Nadu,26.0,82
2019-10-02,Tamil Nadu,26.4,77
2019-10-03,Tamil Nadu,26.7,75
2019-10-04,Tamil Nadu,26.3,78
2019-10-05,Tamil Nadu,25.8,80
2019-10-06,Tamil Nadu,26.0,77
2019-10-07,Tamil Nadu,26.0,80
2019-10-08,Tamil Nadu,25.7,79
2019-10-09,Tamil Nadu,26.0,79
2019-10-10,Tamil Nadu,26.1,77
2019-10-11,Tamil Nadu,26.4,75
2019-10-12,Tamil Nadu,26.0,79
2019-10-13,Tamil Nadu,25.8,83
2019-10-14,Tamil Nadu,25.8,81
2019-10-15,Tamil Nadu,25.0,85
2019-10-16,Tamil Nadu,24.1,90
2019-10-17,Tamil Nadu,23.5,90
2019-10-18,Tamil Nadu,23.8,89
2019-10-19,Tamil Nadu,24.3,90
2019-10-20,Tamil Nadu,23.9,90
2019-10-21,Tamil Nadu,23.6,93
2019-10-22,Tamil Nadu,23.4,92
2019-10-23,Tamil Nadu,24.9,86
2019-10-24,Tamil Nadu,24.0,90
2019-10-25,Tamil Nadu,24.5,84
2019-10-26,Tamil Nadu,24.2,90
2019-10-27,Tamil Nadu,24.6,88
2019-10-28,Tamil Nadu,24.1,90
2019-10-29,Tamil Nadu,22.7,94
2019-10-30,Tamil Nadu,22.2,97
2019-10-31,Tamil Nadu,23.5,89
2019-11-01,Tamil Nadu,23.9,88
2019-11-02,Tamil Nadu,24.4,86
2019-11-03,Tamil Nadu,24.8,82
2019-11-04,Tamil Nadu,24.4,80
2019-11-05,Tamil Nadu,25.3,75
2019-11-06,Tamil Nadu,25.3,77
2019-11-07,Tamil Nadu,25.3,77
2019-11-08,Tamil Nadu,25.8,77
2019-11-09,Tamil Nadu,25.6,79
2019-11-10,Tamil Nadu,25.5,78
2019-11-11,Tamil Nadu,24.9,75
2019-11-12,Tamil Nadu,24.7,77
2019-11-13,Tamil Nadu,24.1,79
2019-11-14,Tamil Nadu,23.7,85
2019-11-15,Tamil Nadu,23.9,88
2019-11-16,Tamil Nadu,24.4,85
2019-11-17,Tamil Nadu,24.5,81
2019-11-18,Tamil Nadu,24.4,87
2019-11-19,Tamil Nadu,24.7,84
2019-11-20,Tamil Nadu,23.2,90
2019-11-21,Tamil Nadu,23.5,88
2019-11-22,Tamil Nadu,23.5,83
2019-11-23,Tamil Nadu,23.3,80
2019-11-24,Tamil Nadu,23.6,77
2019-11-25,Tamil Nadu,23.3,78
2019-11-26,Tamil Nadu,23.5,78
2019-11-27,Tamil Nadu,23.7,87
2019-11-28,Tamil Nadu,23.0,92
2019-11-29,Tamil Nadu,23.8,88
2019-11-30,Tamil Nadu,22.7,94
2019-12-01,Tamil Nadu,22.0,97
2019-12-02,Tamil Nadu,23.5,86
2019-12-03,Tamil Nadu,23.5,84
2019-12-04,Tamil Nadu,22.9,82
2019-12-05,Tamil Nadu,22.4,82
2019-12-06,Tamil Nadu,22.4,76
2019-12-07,Tamil Nadu,21.8,86
2019-12-08,Tamil Nadu,22.7,85
2019-12-09,Tamil Nadu,22.3,82
2019-12-10,Tamil Nadu,22.3,81
2019-12-11,Tamil Nadu,22.4,77
2019-12-12,Tamil Nadu,22.2,80
2019-12-13,Tamil Nadu,22.6,85
2019-12-14,Tamil Nadu,22.2,93
2019-12-15,Tamil Nadu,22.4,84
2019-12-16,Tamil Nadu,22.0,89
2019-12-17,Tamil Nadu,22.5,82
2019-12-18,Tamil Nadu,22.2,83
2019-12-19,Tamil Nadu,22.6,81
2019-12-20,Tamil Nadu,22.2,82
2019-12-21,Tamil Nadu,22.9,81
2019-12-22,Tamil Nadu,22.2,81
2019-12-23,Tamil Nadu,21.8,78
2019-12-24,Tamil Nadu,21.9,85
2019-12-25,Tamil Nadu,23.0,80
2019-12-26,Tamil Nadu,22.6,79
2019-12-27,Tamil Nadu,22.7,77
2019-12-28,Tamil Nadu,22.1,78
2019-12-29,Tamil Nadu,22.5,78
2019-12-30,Tamil Nadu,22.0,86
2019-12-31,Tamil Nadu,22.4,85
2020-01-01,Tamil Nadu,22.7,89
2020-01-02,Tamil Nadu,23.5,89
2020-01-03,Tamil Nadu,24.1,85
2020-01-04,Tamil Nadu,24.5,82
2020-01-05,Tamil Nadu,23.5,87
2020-01-06,Tamil Nadu,23.1,87
2020-01-07,Tamil Nadu,22.9,86
2020-01-08,Tamil Nadu,22.6,80
2020-01-09,Tamil Nadu,22.4,78
2020-01-10,Tamil Nadu,21.8,75
2020-01-11,Tamil Nadu,21.5,75
2020-01-12,Tamil Nadu,21.6,82
2020-01-13,Tamil Nadu,22.4,77
2020-01-14,Tamil Nadu,21.3,75
2020-01-15,Tamil Nadu,21.0,72
2020-01-16,Tamil Nadu,21.8,71
2020-01-17,Tamil Nadu,22.4,78
2020-01-18,Tamil Nadu,23.0,88
2020-01-19,Tamil Nadu,23.6,78
2020-01-20,Tamil Nadu,23.7,75
2020-01-21,Tamil Nadu,23.0,75
2020-01-22,Tamil Nadu,22.9,75
2020-01-23,Tamil Nadu,23.4,73
2020-01-24,Tamil Nadu,22.5,69
2020-01-25,Tamil Nadu,21.4,69
2020-01-26,Tamil Nadu,22.3,70
2020-01-27,Tamil Nadu,22.5,71
2020-01-28,Tamil Nadu,23.6,72
2020-01-29,Tamil Nadu,24.3,72
2020-01-30,Tamil Nadu,24.1,70
2020-01-31,Tamil Nadu,24.0,72
2020-02-01,Tamil Nadu,24.3,72
2020-02-02,Tamil Nadu,23.9,70
2020-02-03,Tamil Nadu,23.4,70
2020-02-04,Tamil Nadu,23.0,76
2020-02-05,Tamil Nadu,23.6,70
2020-02-06,Tamil Nadu,23.0,70
2020-02-07,Tamil Nadu,24.0,68
2020-02-08,Tamil Nadu,24.3,67
2020-02-09,Tamil Nadu,23.9,72
2020-02-10,Tamil Nadu,23.8,70
2020-02-11,Tamil Nadu,23.2,75
2020-02-12,Tamil Nadu,24.4,72
2020-02-13,Tamil Nadu,24.5,67
2020-02-14,Tamil Nadu,24.2,64
2020-02-15,Tamil Nadu,23.5,60
2020-02-16,Tamil Nadu,22.9,63
2020-02-17,Tamil Nadu,23.0,64
2020-02-18,Tamil Nadu,23.0,64
2020-02-19,Tamil Nadu,23.1,67
2020-02-20,Tamil Nadu,22.9,67
2020-02-21,Tamil Nadu,23.5,68
2020-02-22,Tamil Nadu,24.6,72
2020-02-23,Tamil Nadu,24.7,71
2020-02-24,Tamil Nadu,24.6,72
2020-02-25,Tamil Nadu,25.6,69
2020-02-26,Tamil Nadu,25.7,69
2020-02-27,Tamil Nadu,25.5,70
2020-02-28,Tamil Nadu,25.1,69
2020-02-29,Tamil Nadu,25.2,69
2020-03-01,Tamil Nadu,25.4,68
2020-03-02,Tamil Nadu,25.2,65
2020-03-03,Tamil Nadu,26.3,60
2020-03-04,Tamil Nadu,26.8,61
2020-03-05,Tamil Nadu,26.3,67
2020-03-06,Tamil Nadu,26.5,68
2020-03-07,Tamil Nadu,26.5,73
2020-03-08,Tamil Nadu,26.5,71
2020-03-09,Tamil Nadu,26.2,65
2020-03-10,Tamil Nadu,26.3,63
2020-03-11,Tamil Nadu,26.3,64
2020-03-12,Tamil Nadu,26.5,63
2020-03-13,Tamil Nadu,26.2,66
2020-03-14,Tamil Nadu,26.3,65
2020-03-15,Tamil Nadu,26.6,65
2020-03-16,Tamil Nadu,26.0,73
2020-03-17,Tamil Nadu,27.0,63
2020-03-18,Tamil Nadu,26.8,65
2020-03-19,Tamil Nadu,27.3,62
2020-03-20,Tamil Nadu,27.7,55
2020-03-21,Tamil Nadu,27.7,63
2020-03-22,Tamil Nadu,27.8,62
2020-03-23,Tamil Nadu,28.0,60
2020-03-24,Tamil Nadu,27.1,62
2020-03-25,Tamil Nadu,27.1,62
2020-03-26,Tamil Nadu,27.5,63
2020-03-27,Tamil Nadu,27.6,58
2020-03-28,Tamil Nadu,27.3,55
2020-03-29,Tamil Nadu,27.6,56
2020-03-30,Tamil Nadu,27.5,52
2020-03-31,Tamil Nadu,27.6,52
2020-04-01,Tamil Nadu,28.3,54
2020-04-02,Tamil Nadu,28.8,52
2020-04-03,Tamil Nadu,28.5,60
2020-04-04,Tamil Nadu,28.4,60
2020-04-05,Tamil Nadu,29.4,63
2020-04-06,Tamil Nadu,29.9,63
2020-04-07,Tamil Nadu,30.0,60
2020-04-08,Tamil Nadu,29.1,63
2020-04-09,Tamil Nadu,28.6,66
2020-04-10,Tamil Nadu,28.2,65
2020-04-11,Tamil Nadu,28.6,61
2020-04-12,Tamil Nadu,28.4,56
2020-04-13,Tamil Nadu,28.2,56
2020-04-14,Tamil Nadu,27.8,59
2020-04-15,Tamil Nadu,28.6,57
2020-04-16,Tamil Nadu,28.8,57
2020-04-17,Tamil Nadu,29.3,61
2020-04-18,Tamil Nadu,29.6,61
2020-04-19,Tamil Nadu,29.4,62
2020-04-20,Tamil Nadu,29.3,60
2020-04-21,Tamil Nadu,29.0,57
2020-04-22,Tamil Nadu,29.6,57
2020-04-23,Tamil Nadu,29.9,61
2020-04-24,Tamil Nadu,30.7,58
2020-04-25,Tamil Nadu,30.7,57
2020-04-26,Tamil Nadu,29.4,66
2020-04-27,Tamil Nadu,28.9,70
2020-04-28,Tamil Nadu,28.5,74
2020-04-29,Tamil Nadu,27.0,74
2020-04-30,Tamil Nadu,28.7,67
2020-05-01,Tamil Nadu,29.6,62
2020-05-02,Tamil Nadu,29.9,63
2020-05-03,Tamil Nadu,29.9,59
2020-05-04,Tamil Nadu,29.7,60
2020-05-05,Tamil Nadu,29.7,56
2020-05-06,Tamil Nadu,29.7,60
2020-05-07,Tamil Nadu,29.8,66
2020-05-08,Tamil Nadu,30.1,63
2020-05-09,Tamil Nadu,30.4,61
2020-05-10,Tamil Nadu,29.9,61
2020-05-11,Tamil Nadu,29.6,62
2020-05-12,Tamil Nadu,28.4,70
2020-05-13,Tamil Nadu,29.3,64
2020-05-14,Tamil Nadu,29.9,62
2020-05-15,Tamil Nadu,30.0,60
2020-05-16,Tamil Nadu,30.9,58
2020-05-17,Tamil Nadu,30.8,57
2020-05-18,Tamil Nadu,30.5,58
2020-05-19,Tamil Nadu,32.3,46
2020-05-20,Tamil Nadu,32.5,41
2020-05-21,Tamil Nadu,32.4,41
2020-05-22,Tamil Nadu,32.3,45
2020-05-23,Tamil Nadu,32.1,49
2020-05-24,Tamil Nadu,31.5,59
2020-05-25,Tamil Nadu,31.3,62
2020-05-26,Tamil Nadu,31.1,61
2020-05-27,Tamil Nadu,31.4,62
2020-05-28,Tamil Nadu,30.8,59
2020-05-29,Tamil Nadu,31.4,54
2020-05-30,Tamil Nadu,31.2,54
2020-05-31,Tamil Nadu,31.1,58
2020-06-01,Tamil Nadu,29.6,63
2020-06-02,Tamil Nadu,28.4,68
2020-06-03,Tamil Nadu,29.8,56
2020-06-04,Tamil Nadu,30.7,52
2020-06-05,Tamil Nadu,30.5,54
2020-06-06,Tamil Nadu,30.3,55
2020-06-07,Tamil Nadu,29.7,55
2020-06-08,Tamil Nadu,31.7,43
2020-06-09,Tamil Nadu,32.2,41
2020-06-10,Tamil Nadu,29.4,56
2020-06-11,Tamil Nadu,28.6,59
2020-06-12,Tamil Nadu,28.4,57
2020-06-13,Tamil Nadu,30.5,50
2020-06-14,Tamil Nadu,31.2,50
2020-06-15,Tamil Nadu,31.9,47
2020-06-16,Tamil Nadu,31.7,47
2020-06-17,Tamil Nadu,31.3,48
2020-06-18,Tamil Nadu,30.9,48
2020-06-19,Tamil Nadu,31.7,46
2020-06-20,Tamil Nadu,30.6,52
2020-06-21,Tamil Nadu,30.3,52
2020-06-22,Tamil Nadu,29.3,58
2020-06-23,Tamil Nadu,28.6,66
2020-06-24,Tamil Nadu,27.4,74
2020-06-25,Tamil Nadu,26.8,76
2020-06-26,Tamil Nadu,27.2,76
2020-06-27,Tamil Nadu,28.1,72
2020-06-28,Tamil Nadu,27.4,77
2020-06-29,Tamil Nadu,26.5,80
2020-06-30,Tamil Nadu,26.6,79
2020-07-01,Tamil Nadu,27.1,75
2020-07-02,Tamil Nadu,26.9,73
2020-07-03,Tamil Nadu,27.2,70
2020-07-04,Tamil Nadu,26.6,73
2020-07-05,Tamil Nadu,27.3,68
2020-07-06,Tamil Nadu,28.3,62
2020-07-07,Tamil Nadu,28.4,65
2020-07-08,Tamil Nadu,27.8,69
2020-07-09,Tamil Nadu,26.4,79
2020-07-10,Tamil Nadu,25.9,79
2020-07-11,Tamil Nadu,26.5,78
2020-07-12,Tamil Nadu,26.8,79
2020-07-13,Tamil Nadu,26.6,79
2020-07-14,Tamil Nadu,26.8,72
2020-07-15,Tamil Nadu,26.5,76
2020-07-16,Tamil Nadu,26.2,75
2020-07-17,Tamil Nadu,27.2,68
2020-07-18,Tamil Nadu,26.8,72
2020-07-19,Tamil Nadu,26.2,82
2020-07-20,Tamil Nadu,26.5,81
2020-07-21,Tamil Nadu,27.0,76
2020-07-22,Tamil Nadu,27.1,74
2020-07-23,Tamil Nadu,26.7,79
2020-07-24,Tamil Nadu,25.9,84
2020-07-25,Tamil Nadu,26.0,81
2020-07-26,Tamil Nadu,26.4,77
2020-07-27,Tamil Nadu,27.1,70
2020-07-28,Tamil Nadu,26.9,73
2020-07-29,Tamil Nadu,25.6,84
2020-07-30,Tamil Nadu,26.2,79
2020-07-31,Tamil Nadu,26.4,83
2020-08-01,Tamil Nadu,26.7,74
2020-08-02,Tamil Nadu,27.3,65
2020-08-03,Tamil Nadu,26.5,70
2020-08-04,Tamil Nadu,27.3,61
2020-08-05,Tamil Nadu,26.8,65
2020-08-06,Tamil Nadu,28.1,61
2020-08-07,Tamil Nadu,28.4,62
2020-08-08,Tamil Nadu,28.0,62
2020-08-09,Tamil Nadu,26.3,73
2020-08-10,Tamil Nadu,26.4,71
2020-08-11,Tamil Nadu,27.7,65
2020-08-12,Tamil Nadu,27.7,63
2020-08-13,Tamil Nadu,28.2,59
2020-08-14,Tamil Nadu,28.1,58
2020-08-15,Tamil Nadu,27.4,59
2020-08-16,Tamil Nadu,26.9,64
2020-08-17,Tamil Nadu,27.4,66
2020-08-18,Tamil Nadu,28.2,60
2020-08-19,Tamil Nadu,28.8,59
2020-08-20,Tamil Nadu,28.7,57
2020-08-21,Tamil Nadu,28.8,60
2020-08-22,Tamil Nadu,29.0,60
2020-08-23,Tamil Nadu,27.0,77
2020-08-24,Tamil Nadu,26.8,78
2020-08-25,Tamil Nadu,26.9,76
2020-08-26,Tamil Nadu,26.6,80
2020-08-27,Tamil Nadu,27.4,72
2020-08-28,Tamil Nadu,27.2,67
2020-08-29,Tamil Nadu,27.7,69
2020-08-30,Tamil Nadu,27.5,72
2020-08-31,Tamil Nadu,27.2,75
2020-09-01,Tamil Nadu,26.4,80
2020-09-02,Tamil Nadu,25.0,86
2020-09-03,Tamil Nadu,24.8,88
2020-09-04,Tamil Nadu,25.3,85
2020-09-05,Tamil Nadu,26.0,81
2020-09-06,Tamil Nadu,25.5,85
2020-09-07,Tamil Nadu,26.1,83
2020-09-08,Tamil Nadu,26.7,78
2020-09-09,Tamil Nadu,25.6,85
2020-09-10,Tamil Nadu,25.5,84
2020-09-11,Tamil Nadu,26.2,74
2020-09-12,Tamil Nadu,25.1,82
2020-09-13,Tamil Nadu,24.0,86
2020-09-14,Tamil Nadu,24.9,76
2020-09-15,Tamil Nadu,25.9,75
2020-09-16,Tamil Nadu,26.9,71
2020-09-17,Tamil Nadu,27.0,70
2020-09-18,Tamil Nadu,27.0,70
2020-09-19,Tamil Nadu,25.2,77
2020-09-20,Tamil Nadu,25.3,75
2020-09-21,Tamil Nadu,26.5,67
2020-09-22,Tamil Nadu,27.4,63
2020-09-23,Tamil Nadu,27.3,60
2020-09-24,Tamil Nadu,27.9,61
2020-09-25,Tamil Nadu,26.6,74
2020-09-26,Tamil Nadu,26.1,75
2020-09-27,Tamil Nadu,26.2,72
2020-09-28,Tamil Nadu,26.4,74
2020-09-29,Tamil Nadu,25.5,80
2020-09-30,Tamil Nadu,24.4,86
2020-10-01,Tamil Nadu,26.0,72
2020-10-02,Tamil Nadu,27.5,64
2020-10-03,Tamil Nadu,27.6,65
2020-10-04,Tamil Nadu,27.4,63
2020-10-05,Tamil Nadu,27.7,62
2020-10-06,Tamil Nadu,28.2,62
2020-10-07,Tamil Nadu,28.3,64
2020-10-08,Tamil Nadu,27.9,68
2020-10-09,Tamil Nadu,26.9,79
2020-10-10,Tamil Nadu,25.8,81
2020-10-11,Tamil Nadu,25.5,78
2020-10-12,Tamil Nadu,26.1,73
2020-10-13,Tamil Nadu,26.8,66
2020-10-14,Tamil Nadu,27.2,57
2020-10-15,Tamil Nadu,27.5,57
2020-10-16,Tamil Nadu,27.0,67
2020-10-17,Tamil Nadu,26.0,84
2020-10-18,Tamil Nadu,25.5,84
2020-10-19,Tamil Nadu,25.5,84
2020-10-20,Tamil Nadu,25.2,85
2020-10-21,Tamil Nadu,24.9,86
2020-10-22,Tamil Nadu,25.4,82
2020-10-23,Tamil Nadu,25.2,82
2020-10-24,Tamil Nadu,25.5,73
2020-10-25,Tamil Nadu,26.0,72
2020-10-26,Tamil Nadu,25.5,75
2020-10-27,Tamil Nadu,24.7,78
2020-10-28,Tamil Nadu,24.3,78
2020-10-29,Tamil Nadu,23.4,70
2020-10-30,Tamil Nadu,24.7,65
2020-10-31,Tamil Nadu,25.5,68
2020-11-01,Tamil Nadu,25.8,68
2020-11-02,Tamil Nadu,26.2,71
2020-11-03,Tamil Nadu,26.0,73
2020-11-04,Tamil Nadu,25.2,83
2020-11-05,Tamil Nadu,25.1,83
2020-11-06,Tamil Nadu,25.0,84
2020-11-07,Tamil Nadu,24.5,86
2020-11-08,Tamil Nadu,24.1,85
2020-11-09,Tamil Nadu,24.1,75
2020-11-10,Tamil Nadu,22.6,72
2020-11-11,Tamil Nadu,24.0,73
2020-11-12,Tamil Nadu,24.1,85
2020-11-13,Tamil Nadu,23.4,92
2020-11-14,Tamil Nadu,24.4,84
2020-11-15,Tamil Nadu,23.2,93
2020-11-16,Tamil Nadu,22.5,97
2020-11-17,Tamil Nadu,23.2,90
2020-11-18,Tamil Nadu,23.8,87
2020-11-19,Tamil Nadu,23.9,88
2020-11-20,Tamil Nadu,23.6,80
2020-11-21,Tamil Nadu,22.4,72
2020-11-22,Tamil Nadu,22.0,72
2020-11-23,Tamil Nadu,23.0,81
2020-11-24,Tamil Nadu,23.6,81
2020-11-25,Tamil Nadu,22.2,87
2020-11-26,Tamil Nadu,21.9,89
2020-11-27,Tamil Nadu,22.2,79
2020-11-28,Tamil Nadu,22.4,86
2020-11-29,Tamil Nadu,23.2,87
2020-11-30,Tamil Nadu,23.3,85
2020-12-01,Tamil Nadu,22.6,79
2020-12-02,Tamil Nadu,22.6,79
2020-12-03,Tamil Nadu,21.6,94
2020-12-04,Tamil Nadu,21.9,96
2020-12-05,Tamil Nadu,22.6,91
2019-01-02,Telangana,19.9,45
2019-01-03,Telangana,21.0,54
2019-01-04,Telangana,21.1,55
2019-01-05,Telangana,21.4,63
2019-01-06,Telangana,21.7,65
2019-01-07,Telangana,21.6,63
2019-01-08,Telangana,20.0,55
2019-01-09,Telangana,20.2,44
2019-01-10,Telangana,20.8,43
2019-01-11,Telangana,20.9,62
2019-01-12,Telangana,22.4,63
2019-01-13,Telangana,22.4,61
2019-01-14,Telangana,22.2,61
2019-01-15,Telangana,21.2,62
2019-01-16,Telangana,21.9,49
2019-01-17,Telangana,21.7,44
2019-01-18,Telangana,21.6,57
2019-01-19,Telangana,22.2,53
2019-01-20,Telangana,21.9,51
2019-01-21,Telangana,22.2,53
2019-01-22,Telangana,22.9,50
2019-01-23,Telangana,22.6,65
2019-01-24,Telangana,24.4,57
2019-01-25,Telangana,23.5,64
2019-01-26,Telangana,21.3,86
2019-01-27,Telangana,19.5,89
2019-01-28,Telangana,19.2,77
2019-01-29,Telangana,17.2,62
2019-01-30,Telangana,17.5,51
2019-01-31,Telangana,19.1,62
2019-02-01,Telangana,21.0,68
2019-02-02,Telangana,21.5,63
2019-02-03,Telangana,21.6,64
2019-02-04,Telangana,22.6,63
2019-02-05,Telangana,23.0,57
2019-02-06,Telangana,24.0,55
2019-02-07,Telangana,25.3,53
2019-02-08,Telangana,23.3,59
2019-02-09,Telangana,20.9,44
2019-02-10,Telangana,19.9,45
2019-02-11,Telangana,23.4,58
2019-02-12,Telangana,24.1,65
2019-02-13,Telangana,24.0,58
2019-02-14,Telangana,25.1,56
2019-02-15,Telangana,26.3,47
2019-02-16,Telangana,26.1,52
2019-02-17,Telangana,25.7,60
2019-02-18,Telangana,25.4,59
2019-02-19,Telangana,26.7,54
2019-02-20,Telangana,27.1,61
2019-02-21,Telangana,27.6,52
2019-02-22,Telangana,28.4,44
2019-02-23,Telangana,28.6,41
2019-02-24,Telangana,29.4,33
2019-02-25,Telangana,28.9,30
2019-02-26,Telangana,26.1,47
2019-02-27,Telangana,25.7,64
2019-02-28,Telangana,25.1,50
2019-03-01,Telangana,25.7,53
2019-03-02,Telangana,26.6,64
2019-03-03,Telangana,27.5,59
2019-03-04,Telangana,28.6,50
2019-03-05,Telangana,27.7,50
2019-03-06,Telangana,26.1,36
2019-03-07,Telangana,26.0,37
2019-03-08,Telangana,26.9,45
2019-03-09,Telangana,27.8,48
2019-03-10,Telangana,28.8,53
2019-03-11,Telangana,29.0,51
2019-03-12,Telangana,29.7,42
2019-03-13,Telangana,29.8,37
2019-03-14,Telangana,30.0,30
2019-03-15,Telangana,30.4,27
2019-03-16,Telangana,29.9,29
2019-03-17,Telangana,29.0,41
2019-03-18,Telangana,27.9,41
2019-03-19,Telangana,28.4,50
2019-03-20,Telangana,28.6,54
2019-03-21,Telangana,28.5,54
2019-03-22,Telangana,28.9,51
2019-03-23,Telangana,29.6,53
2019-03-24,Telangana,30.1,46
2019-03-25,Telangana,30.1,42
2019-03-26,Telangana,30.8,39
2019-03-27,Telangana,30.7,41
2019-03-28,Telangana,31.0,38
2019-03-29,Telangana,30.5,37
2019-03-30,Telangana,31.5,36
2019-03-31,Telangana,32.1,33
2019-04-01,Telangana,32.7,32
2019-04-02,Telangana,31.8,38
2019-04-03,Telangana,29.8,49
2019-04-04,Telangana,30.1,45
2019-04-05,Telangana,30.4,41
2019-04-06,Telangana,31.8,31
2019-04-07,Telangana,31.8,36
2019-04-08,Telangana,30.5,46
2019-04-09,Telangana,30.1,53
2019-04-10,Telangana,30.2,51
2019-04-11,Telangana,31.5,42
2019-04-12,Telangana,32.2,36
2019-04-13,Telangana,31.7,35
2019-04-14,Telangana,32.5,32
2019-04-15,Telangana,32.4,30
2019-04-16,Telangana,31.6,29
2019-04-17,Telangana,30.9,38
2019-04-18,Telangana,31.3,46
2019-04-19,Telangana,30.3,57
2019-04-20,Telangana,30.5,56
2019-04-21,Telangana,31.2,49
2019-04-22,Telangana,30.7,46
2019-04-23,Telangana,31.1,43
2019-04-24,Telangana,31.7,44
2019-04-25,Telangana,33.0,34
2019-04-26,Telangana,33.6,34
2019-04-27,Telangana,33.6,36
2019-04-28,Telangana,34.2,37
2019-04-29,Telangana,34.3,36
2019-04-30,Telangana,34.2,39
2019-05-01,Telangana,33.6,39
2019-05-02,Telangana,34.5,27
2019-05-03,Telangana,33.7,23
2019-05-04,Telangana,33.5,23
2019-05-05,Telangana,33.7,25
2019-05-06,Telangana,33.8,23
2019-05-07,Telangana,34.3,24
2019-05-08,Telangana,34.6,27
2019-05-09,Telangana,34.2,24
2019-05-10,Telangana,34.9,24
2019-05-11,Telangana,34.2,37
2019-05-12,Telangana,33.9,37
2019-05-13,Telangana,33.7,40
2019-05-14,Telangana,33.6,35
2019-05-15,Telangana,33.7,39
2019-05-16,Telangana,34.0,37
2019-05-17,Telangana,33.8,37
2019-05-18,Telangana,34.6,29
2019-05-19,Telangana,34.8,29
2019-05-20,Telangana,34.0,36
2019-05-21,Telangana,34.2,38
2019-05-22,Telangana,34.6,37
2019-05-23,Telangana,34.6,42
2019-05-24,Telangana,34.8,39
2019-05-25,Telangana,35.2,34
2019-05-26,Telangana,35.8,28
2019-05-27,Telangana,36.3,26
2019-05-28,Telangana,35.9,33
2019-05-29,Telangana,35.6,39
2019-05-30,Telangana,34.6,44
2019-05-31,Telangana,34.4,48
2019-06-01,Telangana,33.1,50
2019-06-02,Telangana,35.0,39
2019-06-03,Telangana,33.8,45
2019-06-04,Telangana,33.8,47
2019-06-05,Telangana,35.0,41
2019-06-06,Telangana,34.6,43
2019-06-07,Telangana,33.8,46
2019-06-08,Telangana,32.8,49
2019-06-09,Telangana,34.0,44
2019-06-10,Telangana,33.5,46
2019-06-11,Telangana,34.1,42
2019-06-12,Telangana,33.3,45
2019-06-13,Telangana,32.5,48
2019-06-14,Telangana,32.4,49
2019-06-15,Telangana,33.4,41
2019-06-16,Telangana,33.8,40
2019-06-17,Telangana,32.7,44
2019-06-18,Telangana,33.2,40
2019-06-19,Telangana,33.7,40
2019-06-20,Telangana,31.5,57
2019-06-21,Telangana,28.4,74
2019-06-22,Telangana,27.4,76
2019-06-23,Telangana,28.3,73
2019-06-24,Telangana,28.6,72
2019-06-25,Telangana,29.3,69
2019-06-26,Telangana,29.7,68
2019-06-27,Telangana,30.9,59
2019-06-28,Telangana,29.6,65
2019-06-29,Telangana,25.8,84
2019-06-30,Telangana,25.2,84
2019-07-01,Telangana,25.4,84
2019-07-02,Telangana,26.3,79
2019-07-03,Telangana,26.5,75
2019-07-04,Telangana,28.5,68
2019-07-05,Telangana,27.8,71
2019-07-06,Telangana,27.6,68
2019-07-07,Telangana,28.2,67
2019-07-08,Telangana,28.9,65
2019-07-09,Telangana,28.0,68
2019-07-10,Telangana,28.7,64
2019-07-11,Telangana,27.5,71
2019-07-12,Telangana,28.1,68
2019-07-13,Telangana,28.4,67
2019-07-14,Telangana,28.5,68
2019-07-15,Telangana,29.0,65
2019-07-16,Telangana,30.0,59
2019-07-17,Telangana,30.6,56
2019-07-18,Telangana,29.6,63
2019-07-19,Telangana,27.1,79
2019-07-20,Telangana,26.5,84
2019-07-21,Telangana,28.1,72
2019-07-22,Telangana,28.1,74
2019-07-23,Telangana,27.9,76
2019-07-24,Telangana,28.8,68
2019-07-25,Telangana,28.2,71
2019-07-26,Telangana,24.8,89
2019-07-27,Telangana,25.0,84
2019-07-28,Telangana,24.3,88
2019-07-29,Telangana,24.2,88
2019-07-30,Telangana,24.8,84
2019-07-31,Telangana,25.8,79
2019-08-01,Telangana,25.8,79
2019-08-02,Telangana,23.7,89
2019-08-03,Telangana,23.9,87
2019-08-04,Telangana,25.1,81
2019-08-05,Telangana,26.1,79
2019-08-06,Telangana,24.9,87
2019-08-07,Telangana,24.3,88
2019-08-08,Telangana,25.4,82
2019-08-09,Telangana,27.2,72
2019-08-10,Telangana,27.3,72
2019-08-11,Telangana,27.2,71
2019-08-12,Telangana,27.0,76
2019-08-13,Telangana,26.3,83
2019-08-14,Telangana,26.0,85
2019-08-15,Telangana,27.0,78
2019-08-16,Telangana,27.9,74
2019-08-17,Telangana,27.8,72
2019-08-18,Telangana,26.6,80
2019-08-19,Telangana,26.9,80
2019-08-20,Telangana,26.6,82
2019-08-21,Telangana,25.8,85
2019-08-22,Telangana,25.8,84
2019-08-23,Telangana,24.6,89
2019-08-24,Telangana,26.5,75
2019-08-25,Telangana,26.4,75
2019-08-26,Telangana,26.7,70
2019-08-27,Telangana,26.9,66
2019-08-28,Telangana,27.6,64
2019-08-29,Telangana,27.5,73
2019-08-30,Telangana,26.7,81
2019-08-31,Telangana,25.9,83
2019-09-01,Telangana,25.1,86
2019-09-02,Telangana,24.5,85
2019-09-03,Telangana,25.1,86
2019-09-04,Telangana,25.3,86
2019-09-05,Telangana,26.4,80
2019-09-06,Telangana,25.3,84
2019-09-07,Telangana,25.3,84
2019-09-08,Telangana,25.9,82
2019-09-09,Telangana,27.0,75
2019-09-10,Telangana,27.3,72
2019-09-11,Telangana,27.1,73
2019-09-12,Telangana,26.1,76
2019-09-13,Telangana,26.6,76
2019-09-14,Telangana,26.8,76
2019-09-15,Telangana,26.7,80
2019-09-16,Telangana,26.8,80
2019-09-17,Telangana,26.2,85
2019-09-18,Telangana,25.6,89
2019-09-19,Telangana,25.5,88
2019-09-20,Telangana,25.5,87
2019-09-21,Telangana,25.5,88
2019-09-22,Telangana,25.8,88
2019-09-23,Telangana,26.0,87
2019-09-24,Telangana,25.0,90
2019-09-25,Telangana,25.0,86
2019-09-26,Telangana,25.3,85
2019-09-27,Telangana,25.4,85
2019-09-28,Telangana,26.1,85
2019-09-29,Telangana,26.0,83
2019-09-30,Telangana,26.1,82
2019-10-01,Telangana,25.8,84
2019-10-02,Telangana,26.2,83
2019-10-03,Telangana,25.7,83
2019-10-04,Telangana,25.6,84
2019-10-05,Telangana,25.8,83
2019-10-06,Telangana,25.4,83
2019-10-07,Telangana,26.0,83
2019-10-08,Telangana,25.5,85
2019-10-09,Telangana,24.9,87
2019-10-10,Telangana,24.8,87
2019-10-11,Telangana,24.0,90
2019-10-12,Telangana,25.2,85
2019-10-13,Telangana,25.9,82
2019-10-14,Telangana,26.5,78
2019-10-15,Telangana,25.9,81
2019-10-16,Telangana,25.0,86
2019-10-17,Telangana,24.3,89
2019-10-18,Telangana,24.7,87
2019-10-19,Telangana,24.6,87
2019-10-20,Telangana,24.0,91
2019-10-21,Telangana,24.4,87
2019-10-22,Telangana,24.1,89
2019-10-23,Telangana,24.4,89
2019-10-24,Telangana,25.1,84
2019-10-25,Telangana,24.3,89
2019-10-26,Telangana,24.6,88
2019-10-27,Telangana,24.9,88
2019-10-28,Telangana,25.2,86
2019-10-29,Telangana,24.8,88
2019-10-30,Telangana,24.7,86
2019-10-31,Telangana,24.7,85
2019-11-01,Telangana,25.3,85
2019-11-02,Telangana,25.1,86
2019-11-03,Telangana,24.6,88
2019-11-04,Telangana,25.7,77
2019-11-05,Telangana,25.6,74
2019-11-06,Telangana,25.1,79
2019-11-07,Telangana,25.2,74
2019-11-08,Telangana,25.4,72
2019-11-09,Telangana,24.8,76
2019-11-10,Telangana,24.0,73
2019-11-11,Telangana,24.6,73
2019-11-12,Telangana,24.7,68
2019-11-13,Telangana,24.0,66
2019-11-14,Telangana,24.0,70
2019-11-15,Telangana,24.7,66
2019-11-16,Telangana,24.7,66
2019-11-17,Telangana,24.9,68
2019-11-18,Telangana,24.2,67
2019-11-19,Telangana,24.7,66
2019-11-20,Telangana,24.3,71
2019-11-21,Telangana,24.4,72
2019-11-22,Telangana,23.6,71
2019-11-23,Telangana,23.1,64
2019-11-24,Telangana,23.9,60
2019-11-25,Telangana,23.5,70
2019-11-26,Telangana,23.7,71
2019-11-27,Telangana,23.3,72
2019-11-28,Telangana,23.8,71
2019-11-29,Telangana,24.3,72
2019-11-30,Telangana,24.3,73
2019-12-01,Telangana,24.6,71
2019-12-02,Telangana,22.3,88
2019-12-03,Telangana,23.0,80
2019-12-04,Telangana,22.9,78
2019-12-05,Telangana,22.6,76
2019-12-06,Telangana,21.7,75
2019-12-07,Telangana,22.0,72
2019-12-08,Telangana,22.0,77
2019-12-09,Telangana,22.4,78
2019-12-10,Telangana,22.4,74
2019-12-11,Telangana,21.7,74
2019-12-12,Telangana,21.5,72
2019-12-13,Telangana,22.8,72
2019-12-14,Telangana,23.4,74
2019-12-15,Telangana,22.7,75
2019-12-16,Telangana,22.2,73
2019-12-17,Telangana,22.4,72
2019-12-18,Telangana,21.9,74
2019-12-19,Telangana,21.5,71
2019-12-20,Telangana,21.7,68
2019-12-21,Telangana,21.5,71
2019-12-22,Telangana,22.5,72
2019-12-23,Telangana,21.5,75
2019-12-24,Telangana,21.8,72
2019-12-25,Telangana,22.7,71
2019-12-26,Telangana,22.6,75
2019-12-27,Telangana,21.3,82
2019-12-28,Telangana,19.6,63
2019-12-29,Telangana,19.0,62
2019-12-30,Telangana,21.1,68
2019-12-31,Telangana,21.8,75
2020-01-01,Telangana,22.6,76
2020-01-02,Telangana,22.9,83
2020-01-03,Telangana,21.9,90
2020-01-04,Telangana,20.6,86
2020-01-05,Telangana,20.2,76
2020-01-06,Telangana,21.1,71
2020-01-07,Telangana,22.8,78
2020-01-08,Telangana,23.4,75
2020-01-09,Telangana,22.3,82
2020-01-10,Telangana,20.6,76
2020-01-11,Telangana,19.5,69
2020-01-12,Telangana,19.5,62
2020-01-13,Telangana,20.4,54
2020-01-14,Telangana,22.0,62
2020-01-15,Telangana,21.9,68
2020-01-16,Telangana,22.1,67
2020-01-17,Telangana,22.5,72
2020-01-18,Telangana,23.6,70
2020-01-19,Telangana,23.6,71
2020-01-20,Telangana,22.6,76
2020-01-21,Telangana,23.6,69
2020-01-22,Telangana,23.3,69
2020-01-23,Telangana,22.8,70
2020-01-24,Telangana,23.1,67
2020-01-25,Telangana,24.0,59
2020-01-26,Telangana,24.2,59
2020-01-27,Telangana,24.4,57
2020-01-28,Telangana,25.1,62
2020-01-29,Telangana,25.0,65
2020-01-30,Telangana,23.4,66
2020-01-31,Telangana,22.6,61
2020-02-01,Telangana,23.9,67
2020-02-02,Telangana,22.4,71
2020-02-03,Telangana,23.8,69
2020-02-04,Telangana,24.5,64
2020-02-05,Telangana,24.3,65
2020-02-06,Telangana,25.0,59
2020-02-07,Telangana,24.5,67
2020-02-08,Telangana,22.0,86
2020-02-09,Telangana,20.0,87
2020-02-10,Telangana,21.3,83
2020-02-11,Telangana,22.5,81
2020-02-12,Telangana,23.0,77
2020-02-13,Telangana,22.6,65
2020-02-14,Telangana,22.8,54
2020-02-15,Telangana,23.1,56
2020-02-16,Telangana,24.2,53
2020-02-17,Telangana,24.4,50
2020-02-18,Telangana,23.4,47
2020-02-19,Telangana,23.4,56
2020-02-20,Telangana,24.2,68
2020-02-21,Telangana,23.5,65
2020-02-22,Telangana,24.0,57
2020-02-23,Telangana,24.2,60
2020-02-24,Telangana,25.2,58
2020-02-25,Telangana,24.6,65
2020-02-26,Telangana,23.2,59
2020-02-27,Telangana,23.4,43
2020-02-28,Telangana,24.1,55
2020-02-29,Telangana,24.3,65
2020-03-01,Telangana,24.5,64
2020-03-02,Telangana,24.7,64
2020-03-03,Telangana,25.8,61
2020-03-04,Telangana,26.7,51
2020-03-05,Telangana,25.9,55
2020-03-06,Telangana,25.0,75
2020-03-07,Telangana,24.9,79
2020-03-08,Telangana,25.4,77
2020-03-09,Telangana,25.3,75
2020-03-10,Telangana,26.6,59
2020-03-11,Telangana,26.2,67
2020-03-12,Telangana,26.2,70
2020-03-13,Telangana,26.8,62
2020-03-14,Telangana,26.4,60
2020-03-15,Telangana,26.5,58
2020-03-16,Telangana,26.6,62
2020-03-17,Telangana,27.7,52
2020-03-18,Telangana,27.8,48
2020-03-19,Telangana,26.7,58
2020-03-20,Telangana,27.8,52
2020-03-21,Telangana,27.0,62
2020-03-22,Telangana,27.4,57
2020-03-23,Telangana,27.3,59
2020-03-24,Telangana,27.7,56
2020-03-25,Telangana,28.2,54
2020-03-26,Telangana,27.8,56
2020-03-27,Telangana,28.7,47
2020-03-28,Telangana,28.8,46
2020-03-29,Telangana,29.4,47
2020-03-30,Telangana,29.3,51
2020-03-31,Telangana,29.4,51
2020-04-01,Telangana,29.6,50
2020-04-02,Telangana,30.4,43
2020-04-03,Telangana,29.9,44
2020-04-04,Telangana,28.1,51
2020-04-05,Telangana,28.9,48
2020-04-06,Telangana,29.3,58
2020-04-07,Telangana,30.1,49
2020-04-08,Telangana,30.0,48
2020-04-09,Telangana,27.9,63
2020-04-10,Telangana,28.7,58
2020-04-11,Telangana,28.9,49
2020-04-12,Telangana,29.7,42
2020-04-13,Telangana,30.0,38
2020-04-14,Telangana,30.6,35
2020-04-15,Telangana,30.8,37
2020-04-16,Telangana,31.2,35
2020-04-17,Telangana,31.4,41
2020-04-18,Telangana,30.8,49
2020-04-19,Telangana,30.4,50
2020-04-20,Telangana,30.6,49
2020-04-21,Telangana,31.5,45
2020-04-22,Telangana,31.2,47
2020-04-23,Telangana,31.5,51
2020-04-24,Telangana,30.4,60
2020-04-25,Telangana,31.5,52
2020-04-26,Telangana,30.9,57
2020-04-27,Telangana,29.6,64
2020-04-28,Telangana,29.8,58
2020-04-29,Telangana,30.1,56
2020-04-30,Telangana,31.4,46
2020-05-01,Telangana,31.7,47
2020-05-02,Telangana,31.6,42
2020-05-03,Telangana,32.5,37
2020-05-04,Telangana,33.2,42
2020-05-05,Telangana,32.7,48
2020-05-06,Telangana,32.4,51
2020-05-07,Telangana,31.6,56
2020-05-08,Telangana,32.2,52
2020-05-09,Telangana,32.6,48
2020-05-10,Telangana,31.4,50
2020-05-11,Telangana,30.8,48
2020-05-12,Telangana,31.7,47
2020-05-13,Telangana,31.5,49
2020-05-14,Telangana,32.4,47
2020-05-15,Telangana,32.1,49
2020-05-16,Telangana,31.5,55
2020-05-17,Telangana,32.1,52
2020-05-18,Telangana,32.0,49
2020-05-19,Telangana,32.2,40
2020-05-20,Telangana,33.2,28
2020-05-21,Telangana,33.5,24
2020-05-22,Telangana,32.7,25
2020-05-23,Telangana,33.8,25
2020-05-24,Telangana,34.0,39
2020-05-25,Telangana,34.0,48
2020-05-26,Telangana,34.1,49
2020-05-27,Telangana,34.4,47
2020-05-28,Telangana,35.0,39
2020-05-29,Telangana,35.0,39
2020-05-30,Telangana,32.8,49
2020-05-31,Telangana,31.3,56
2020-06-01,Telangana,29.8,61
2020-06-02,Telangana,28.9,68
2020-06-03,Telangana,28.3,70
2020-06-04,Telangana,29.7,55
2020-06-05,Telangana,30.2,53
2020-06-06,Telangana,30.6,50
2020-06-07,Telangana,31.3,48
2020-06-08,Telangana,31.8,46
2020-06-09,Telangana,31.5,52
2020-06-10,Telangana,28.6,70
2020-06-11,Telangana,26.2,84
2020-06-12,Telangana,26.0,83
2020-06-13,Telangana,28.3,70
2020-06-14,Telangana,29.5,65
2020-06-15,Telangana,29.0,68
2020-06-16,Telangana,26.4,84
2020-06-17,Telangana,25.8,84
2020-06-18,Telangana,26.5,79
2020-06-19,Telangana,27.9,73
2020-06-20,Telangana,28.5,70
2020-06-21,Telangana,27.1,74
2020-06-22,Telangana,26.6,76
2020-06-23,Telangana,28.2,70
2020-06-24,Telangana,28.3,74
2020-06-25,Telangana,29.0,70
2020-06-26,Telangana,29.2,65
2020-06-27,Telangana,29.3,68
2020-06-28,Telangana,27.8,80
2020-06-29,Telangana,27.2,82
2020-06-30,Telangana,27.3,81
2020-07-01,Telangana,27.7,78
2020-07-02,Telangana,27.7,78
2020-07-03,Telangana,27.9,77
2020-07-04,Telangana,25.5,86
2020-07-05,Telangana,25.2,86
2020-07-06,Telangana,25.3,86
2020-07-07,Telangana,27.6,71
2020-07-08,Telangana,28.2,71
2020-07-09,Telangana,26.1,85
2020-07-10,Telangana,25.8,83
2020-07-11,Telangana,27.1,77
2020-07-12,Telangana,27.7,74
2020-07-13,Telangana,26.4,81
2020-07-14,Telangana,25.8,87
2020-07-15,Telangana,24.7,92
2020-07-16,Telangana,25.2,83
2020-07-17,Telangana,27.1,75
2020-07-18,Telangana,27.7,75
2020-07-19,Telangana,27.2,82
2020-07-20,Telangana,26.9,83
2020-07-21,Telangana,27.3,81
2020-07-22,Telangana,27.8,80
2020-07-23,Telangana,25.3,92
2020-07-24,Telangana,25.9,82
2020-07-25,Telangana,25.9,84
2020-07-26,Telangana,27.5,73
2020-07-27,Telangana,28.1,71
2020-07-28,Telangana,26.7,84
2020-07-29,Telangana,26.5,84
2020-07-30,Telangana,27.2,78
2020-07-31,Telangana,27.6,79
2020-08-01,Telangana,27.0,83
2020-08-02,Telangana,27.6,79
2020-08-03,Telangana,26.8,77
2020-08-04,Telangana,25.8,80
2020-08-05,Telangana,25.8,81
2020-08-06,Telangana,26.6,78
2020-08-07,Telangana,27.7,72
2020-08-08,Telangana,27.4,73
2020-08-09,Telangana,26.9,76
2020-08-10,Telangana,25.0,87
2020-08-11,Telangana,26.4,78
2020-08-12,Telangana,25.5,84
2020-08-13,Telangana,23.9,90
2020-08-14,Telangana,23.8,88
2020-08-15,Telangana,23.5,90
2020-08-16,Telangana,23.9,89
2020-08-17,Telangana,25.0,86
2020-08-18,Telangana,25.5,82
2020-08-19,Telangana,24.6,89
2020-08-20,Telangana,24.0,89
2020-08-21,Telangana,24.8,86
2020-08-22,Telangana,26.6,76
2020-08-23,Telangana,26.8,79
2020-08-24,Telangana,27.2,74
2020-08-25,Telangana,27.3,76
2020-08-26,Telangana,26.7,81
2020-08-27,Telangana,25.1,87
2020-08-28,Telangana,25.8,79
2020-08-29,Telangana,26.7,76
2020-08-30,Telangana,27.0,76
2020-08-31,Telangana,27.5,73
2020-09-01,Telangana,27.4,74
2020-09-02,Telangana,26.5,82
2020-09-03,Telangana,26.7,82
2020-09-04,Telangana,27.3,78
2020-09-05,Telangana,27.3,82
2020-09-06,Telangana,27.7,79
2020-09-07,Telangana,27.6,80
2020-09-08,Telangana,27.5,80
2020-09-09,Telangana,27.2,83
2020-09-10,Telangana,26.7,83
2020-09-11,Telangana,25.8,88
2020-09-12,Telangana,26.6,84
2020-09-13,Telangana,26.2,83
2020-09-14,Telangana,25.4,89
2020-09-15,Telangana,25.4,88
2020-09-16,Telangana,25.6,89
2020-09-17,Telangana,26.0,87
2020-09-18,Telangana,26.3,86
2020-09-19,Telangana,26.3,87
2020-09-20,Telangana,26.2,86
2020-09-21,Telangana,26.0,83
2020-09-22,Telangana,26.3,83
2020-09-23,Telangana,26.6,77
2020-09-24,Telangana,26.9,75
2020-09-25,Telangana,26.0,85
2020-09-26,Telangana,24.7,85
2020-09-27,Telangana,25.3,81
2020-09-28,Telangana,26.1,77
2020-09-29,Telangana,25.9,82
2020-09-30,Telangana,26.0,83
2020-10-01,Telangana,26.1,82
2020-10-02,Telangana,26.9,73
2020-10-03,Telangana,27.6,64
2020-10-04,Telangana,27.2,64
2020-10-05,Telangana,27.1,62
2020-10-06,Telangana,26.5,69
2020-10-07,Telangana,25.1,81
2020-10-08,Telangana,25.5,84
2020-10-09,Telangana,25.9,87
2020-10-10,Telangana,25.9,88
2020-10-11,Telangana,24.3,93
2020-10-12,Telangana,24.4,92
2020-10-13,Telangana,23.9,94
2020-10-14,Telangana,24.6,90
2020-10-15,Telangana,25.4,86
2020-10-16,Telangana,25.9,83
2020-10-17,Telangana,26.1,83
2020-10-18,Telangana,26.0,86
2020-10-19,Telangana,26.3,84
2020-10-20,Telangana,25.5,88
2020-10-21,Telangana,26.0,82
2020-10-22,Telangana,25.9,73
2020-10-23,Telangana,25.7,69
2020-10-24,Telangana,26.1,64
2020-10-25,Telangana,26.1,63
2020-10-26,Telangana,24.9,67
2020-10-27,Telangana,24.2,72
2020-10-28,Telangana,24.7,64
2020-10-29,Telangana,24.4,66
2020-10-30,Telangana,24.8,68
2020-10-31,Telangana,24.3,68
2020-11-01,Telangana,24.2,63
2020-11-02,Telangana,25.0,63
2020-11-03,Telangana,24.6,66
2020-11-04,Telangana,23.6,56
2020-11-05,Telangana,23.6,49
2020-11-06,Telangana,23.6,63
2020-11-07,Telangana,24.4,64
2020-11-08,Telangana,22.2,55
2020-11-09,Telangana,20.8,53
2020-11-10,Telangana,20.7,55
2020-11-11,Telangana,21.8,61
2020-11-12,Telangana,24.2,70
2020-11-13,Telangana,24.7,76
2020-11-14,Telangana,24.8,69
2020-11-15,Telangana,25.1,66
2020-11-16,Telangana,25.8,64
2020-11-17,Telangana,25.2,61
2020-11-18,Telangana,25.1,70
2020-11-19,Telangana,25.8,70
2020-11-20,Telangana,25.4,61
2020-11-21,Telangana,25.2,57
2020-11-22,Telangana,24.4,73
2020-11-23,Telangana,23.8,58
2020-11-24,Telangana,22.2,56
2020-11-25,Telangana,22.5,56
2020-11-26,Telangana,22.8,65
2020-11-27,Telangana,19.1,90
2020-11-28,Telangana,21.5,80
2020-11-29,Telangana,23.2,80
2020-11-30,Telangana,23.5,75
2020-12-01,Telangana,22.8,71
2020-12-02,Telangana,22.2,60
2020-12-03,Telangana,22.5,55
2020-12-04,Telangana,22.3,53
2020-12-05,Telangana,22.2,46
2019-01-02,Tripura,17.5,69
2019-01-03,Tripura,17.1,72
2019-01-04,Tripura,16.3,72
2019-01-05,Tripura,15.9,75
2019-01-06,Tripura,17.1,75
2019-01-07,Tripura,17.5,78
2019-01-08,Tripura,17.9,72
2019-01-09,Tripura,17.4,75
2019-01-10,Tripura,17.3,71
2019-01-11,Tripura,16.2,73
2019-01-12,Tripura,16.9,69
2019-01-13,Tripura,18.0,66
2019-01-14,Tripura,17.9,71
2019-01-15,Tripura,17.6,70
2019-01-16,Tripura,17.2,72
2019-01-17,Tripura,18.1,70
2019-01-18,Tripura,17.7,69
2019-01-19,Tripura,18.5,70
2019-01-20,Tripura,18.7,70
2019-01-21,Tripura,18.7,71
2019-01-22,Tripura,19.1,70
2019-01-23,Tripura,18.6,69
2019-01-24,Tripura,19.2,71
2019-01-25,Tripura,20.1,72
2019-01-26,Tripura,20.5,72
2019-01-27,Tripura,21.7,68
2019-01-28,Tripura,20.9,67
2019-01-29,Tripura,19.5,64
2019-01-30,Tripura,16.5,60
2019-01-31,Tripura,17.2,69
2019-02-01,Tripura,19.4,67
2019-02-02,Tripura,19.1,66
2019-02-03,Tripura,19.9,61
2019-02-04,Tripura,19.2,58
2019-02-05,Tripura,18.8,62
2019-02-06,Tripura,19.0,61
2019-02-07,Tripura,18.9,64
2019-02-08,Tripura,20.8,66
2019-02-09,Tripura,22.6,60
2019-02-10,Tripura,19.9,61
2019-02-11,Tripura,18.0,66
2019-02-12,Tripura,19.0,66
2019-02-13,Tripura,20.7,67
2019-02-14,Tripura,21.4,66
2019-02-15,Tripura,22.1,64
2019-02-16,Tripura,19.8,74
2019-02-17,Tripura,19.3,77
2019-02-18,Tripura,19.9,74
2019-02-19,Tripura,21.5,64
2019-02-20,Tripura,22.4,74
2019-02-21,Tripura,22.9,73
2019-02-22,Tripura,23.1,69
2019-02-23,Tripura,24.7,72
2019-02-24,Tripura,24.3,62
2019-02-25,Tripura,19.8,76
2019-02-26,Tripura,21.8,77
2019-02-27,Tripura,19.7,83
2019-02-28,Tripura,18.7,93
2019-03-01,Tripura,18.9,77
2019-03-02,Tripura,17.9,67
2019-03-03,Tripura,19.6,68
2019-03-04,Tripura,19.9,74
2019-03-05,Tripura,19.9,82
2019-03-06,Tripura,21.1,81
2019-03-07,Tripura,21.5,82
2019-03-08,Tripura,21.5,68
2019-03-09,Tripura,21.0,62
2019-03-10,Tripura,22.8,77
2019-03-11,Tripura,23.5,86
2019-03-12,Tripura,24.7,78
2019-03-13,Tripura,25.8,78
2019-03-14,Tripura,26.1,75
2019-03-15,Tripura,26.6,68
2019-03-16,Tripura,26.9,61
2019-03-17,Tripura,26.5,67
2019-03-18,Tripura,25.5,65
2019-03-19,Tripura,24.3,73
2019-03-20,Tripura,25.3,69
2019-03-21,Tripura,26.2,69
2019-03-22,Tripura,26.2,78
2019-03-23,Tripura,26.8,69
2019-03-24,Tripura,26.4,57
2019-03-25,Tripura,26.0,46
2019-03-26,Tripura,26.7,49
2019-03-27,Tripura,25.9,55
2019-03-28,Tripura,25.9,60
2019-03-29,Tripura,26.5,58
2019-03-30,Tripura,28.1,59
2019-03-31,Tripura,25.9,78
2019-04-01,Tripura,26.5,74
2019-04-02,Tripura,22.9,85
2019-04-03,Tripura,23.3,82
2019-04-04,Tripura,24.5,85
2019-04-05,Tripura,23.8,86
2019-04-06,Tripura,25.6,80
2019-04-07,Tripura,24.8,78
2019-04-08,Tripura,23.3,87
2019-04-09,Tripura,23.8,87
2019-04-10,Tripura,23.5,89
2019-04-11,Tripura,25.2,83
2019-04-12,Tripura,25.6,87
2019-04-13,Tripura,26.6,86
2019-04-14,Tripura,27.6,82
2019-04-15,Tripura,27.8,83
2019-04-16,Tripura,28.3,83
2019-04-17,Tripura,27.7,78
2019-04-18,Tripura,27.3,76
2019-04-19,Tripura,26.6,77
2019-04-20,Tripura,27.0,77
2019-04-21,Tripura,27.0,70
2019-04-22,Tripura,26.5,68
2019-04-23,Tripura,26.7,67
2019-04-24,Tripura,28.2,65
2019-04-25,Tripura,29.4,67
2019-04-26,Tripura,29.8,62
2019-04-27,Tripura,29.9,73
2019-04-28,Tripura,30.4,69
2019-04-29,Tripura,30.6,67
2019-04-30,Tripura,30.7,65
2019-05-01,Tripura,30.9,66
2019-05-02,Tripura,29.6,75
2019-05-03,Tripura,28.2,83
2019-05-04,Tripura,26.3,85
2019-05-05,Tripura,27.4,75
2019-05-06,Tripura,29.2,76
2019-05-07,Tripura,29.4,75
2019-05-08,Tripura,30.1,74
2019-05-09,Tripura,30.6,72
2019-05-10,Tripura,30.9,71
2019-05-11,Tripura,31.2,70
2019-05-12,Tripura,31.0,70
2019-05-13,Tripura,30.0,73
2019-05-14,Tripura,28.2,80
2019-05-15,Tripura,27.6,84
2019-05-16,Tripura,27.6,84
2019-05-17,Tripura,29.4,75
2019-05-18,Tripura,29.9,76
2019-05-19,Tripura,29.3,83
2019-05-20,Tripura,29.7,77
2019-05-21,Tripura,30.1,76
2019-05-22,Tripura,30.0,76
2019-05-23,Tripura,28.7,77
2019-05-24,Tripura,26.9,89
2019-05-25,Tripura,28.0,85
2019-05-26,Tripura,28.7,84
2019-05-27,Tripura,29.4,82
2019-05-28,Tripura,29.6,79
2019-05-29,Tripura,29.8,76
2019-05-30,Tripura,29.6,77
2019-05-31,Tripura,28.8,80
2019-06-01,Tripura,26.8,87
2019-06-02,Tripura,26.7,87
2019-06-03,Tripura,27.2,86
2019-06-04,Tripura,26.1,90
2019-06-05,Tripura,26.9,89
2019-06-06,Tripura,27.7,86
2019-06-07,Tripura,27.6,84
2019-06-08,Tripura,27.4,87
2019-06-09,Tripura,28.0,86
2019-06-10,Tripura,28.7,85
2019-06-11,Tripura,29.4,80
2019-06-12,Tripura,29.9,83
2019-06-13,Tripura,29.7,83
2019-06-14,Tripura,27.6,91
2019-06-15,Tripura,28.3,89
2019-06-16,Tripura,29.2,83
2019-06-17,Tripura,29.6,82
2019-06-18,Tripura,29.9,81
2019-06-19,Tripura,29.9,81
2019-06-20,Tripura,28.8,84
2019-06-21,Tripura,28.9,83
2019-06-22,Tripura,29.1,82
2019-06-23,Tripura,29.5,82
2019-06-24,Tripura,29.9,77
2019-06-25,Tripura,29.9,80
2019-06-26,Tripura,30.2,77
2019-06-27,Tripura,29.3,79
2019-06-28,Tripura,28.9,83
2019-06-29,Tripura,29.1,85
2019-06-30,Tripura,29.5,82
2019-07-01,Tripura,29.3,80
2019-07-02,Tripura,28.7,77
2019-07-03,Tripura,28.8,79
2019-07-04,Tripura,29.1,82
2019-07-05,Tripura,29.3,77
2019-07-06,Tripura,27.5,86
2019-07-07,Tripura,27.0,92
2019-07-08,Tripura,27.0,92
2019-07-09,Tripura,27.3,91
2019-07-10,Tripura,27.7,89
2019-07-11,Tripura,27.3,91
2019-07-12,Tripura,26.9,92
2019-07-13,Tripura,27.2,91
2019-07-14,Tripura,25.3,94
2019-07-15,Tripura,27.7,89
2019-07-16,Tripura,29.2,82
2019-07-17,Tripura,29.9,79
2019-07-18,Tripura,29.8,82
2019-07-19,Tripura,28.4,85
2019-07-20,Tripura,29.1,83
2019-07-21,Tripura,29.2,83
2019-07-22,Tripura,28.5,86
2019-07-23,Tripura,28.4,83
2019-07-24,Tripura,28.3,84
2019-07-25,Tripura,28.6,84
2019-07-26,Tripura,27.3,86
2019-07-27,Tripura,27.6,83
2019-07-28,Tripura,28.8,74
2019-07-29,Tripura,28.2,79
2019-07-30,Tripura,27.3,88
2019-07-31,Tripura,27.2,88
2019-08-01,Tripura,28.3,83
2019-08-02,Tripura,28.8,81
2019-08-03,Tripura,28.5,80
2019-08-04,Tripura,29.6,79
2019-08-05,Tripura,30.7,79
2019-08-06,Tripura,29.8,84
2019-08-07,Tripura,27.8,84
2019-08-08,Tripura,26.8,90
2019-08-09,Tripura,27.9,86
2019-08-10,Tripura,29.1,81
2019-08-11,Tripura,29.9,83
2019-08-12,Tripura,29.4,81
2019-08-13,Tripura,27.3,88
2019-08-14,Tripura,27.0,90
2019-08-15,Tripura,27.0,91
2019-08-16,Tripura,27.1,90
2019-08-17,Tripura,27.9,85
2019-08-18,Tripura,27.9,83
2019-08-19,Tripura,28.4,83
2019-08-20,Tripura,28.9,82
2019-08-21,Tripura,29.3,84
2019-08-22,Tripura,28.5,87
2019-08-23,Tripura,27.9,85
2019-08-24,Tripura,26.9,90
2019-08-25,Tripura,28.5,83
2019-08-26,Tripura,29.1,81
2019-08-27,Tripura,29.2,79
2019-08-28,Tripura,28.4,84
2019-08-29,Tripura,29.3,81
2019-08-30,Tripura,29.5,81
2019-08-31,Tripura,29.0,86
2019-09-01,Tripura,29.5,84
2019-09-02,Tripura,28.9,83
2019-09-03,Tripura,29.0,83
2019-09-04,Tripura,28.8,83
2019-09-05,Tripura,28.6,82
2019-09-06,Tripura,28.5,81
2019-09-07,Tripura,28.1,83
2019-09-08,Tripura,27.8,85
2019-09-09,Tripura,27.2,91
2019-09-10,Tripura,27.7,88
2019-09-11,Tripura,27.9,84
2019-09-12,Tripura,26.2,91
2019-09-13,Tripura,26.5,91
2019-09-14,Tripura,28.0,82
2019-09-15,Tripura,28.5,83
2019-09-16,Tripura,28.5,85
2019-09-17,Tripura,29.0,80
2019-09-18,Tripura,29.2,81
2019-09-19,Tripura,29.5,79
2019-09-20,Tripura,29.4,81
2019-09-21,Tripura,29.2,84
2019-09-22,Tripura,28.0,90
2019-09-23,Tripura,27.6,86
2019-09-24,Tripura,26.7,87
2019-09-25,Tripura,25.5,93
2019-09-26,Tripura,25.7,86
2019-09-27,Tripura,26.9,82
2019-09-28,Tripura,26.0,88
2019-09-29,Tripura,25.7,92
2019-09-30,Tripura,26.2,88
2019-10-01,Tripura,25.2,92
2019-10-02,Tripura,26.0,89
2019-10-03,Tripura,26.5,89
2019-10-04,Tripura,26.6,89
2019-10-05,Tripura,27.1,88
2019-10-06,Tripura,27.0,88
2019-10-07,Tripura,26.1,92
2019-10-08,Tripura,26.5,88
2019-10-09,Tripura,26.4,87
2019-10-10,Tripura,24.8,92
2019-10-11,Tripura,25.7,89
2019-10-12,Tripura,26.1,84
2019-10-13,Tripura,26.0,81
2019-10-14,Tripura,26.2,81
2019-10-15,Tripura,27.1,80
2019-10-16,Tripura,26.9,88
2019-10-17,Tripura,27.3,84
2019-10-18,Tripura,28.0,81
2019-10-19,Tripura,28.2,79
2019-10-20,Tripura,27.8,80
2019-10-21,Tripura,27.4,81
2019-10-22,Tripura,26.7,85
2019-10-23,Tripura,26.3,88
2019-10-24,Tripura,22.5,90
2019-10-25,Tripura,24.0,88
2019-10-26,Tripura,25.1,94
2019-10-27,Tripura,25.3,84
2019-10-28,Tripura,24.9,84
2019-10-29,Tripura,25.0,85
2019-10-30,Tripura,25.5,80
2019-10-31,Tripura,24.8,81
2019-11-01,Tripura,24.6,80
2019-11-02,Tripura,25.0,81
2019-11-03,Tripura,24.9,83
2019-11-04,Tripura,24.9,77
2019-11-05,Tripura,24.7,80
2019-11-06,Tripura,24.2,82
2019-11-07,Tripura,24.4,84
2019-11-08,Tripura,24.8,88
2019-11-09,Tripura,23.9,93
2019-11-10,Tripura,23.0,93
2019-11-11,Tripura,23.8,89
2019-11-12,Tripura,23.5,86
2019-11-13,Tripura,23.5,84
2019-11-14,Tripura,23.7,87
2019-11-15,Tripura,23.9,84
2019-11-16,Tripura,22.7,80
2019-11-17,Tripura,22.9,79
2019-11-18,Tripura,22.2,78
2019-11-19,Tripura,22.1,79
2019-11-20,Tripura,21.9,78
2019-11-21,Tripura,21.4,80
2019-11-22,Tripura,20.8,81
2019-11-23,Tripura,21.1,80
2019-11-24,Tripura,21.1,82
2019-11-25,Tripura,21.3,80
2019-11-26,Tripura,21.4,82
2019-11-27,Tripura,21.6,83
2019-11-28,Tripura,21.6,82
2019-11-29,Tripura,21.4,82
2019-11-30,Tripura,21.7,81
2019-12-01,Tripura,21.4,80
2019-12-02,Tripura,20.1,76
2019-12-03,Tripura,19.6,73
2019-12-04,Tripura,19.3,75
2019-12-05,Tripura,20.6,76
2019-12-06,Tripura,19.8,75
2019-12-07,Tripura,19.9,78
2019-12-08,Tripura,21.0,75
2019-12-09,Tripura,20.3,76
2019-12-10,Tripura,20.0,74
2019-12-11,Tripura,19.5,72
2019-12-12,Tripura,18.9,76
2019-12-13,Tripura,18.8,78
2019-12-14,Tripura,20.0,75
2019-12-15,Tripura,19.9,78
2019-12-16,Tripura,19.1,82
2019-12-17,Tripura,18.9,81
2019-12-18,Tripura,17.8,81
2019-12-19,Tripura,16.0,83
2019-12-20,Tripura,15.6,84
2019-12-21,Tripura,15.8,82
2019-12-22,Tripura,15.8,82
2019-12-23,Tripura,16.4,82
2019-12-24,Tripura,15.6,85
2019-12-25,Tripura,15.8,82
2019-12-26,Tripura,16.7,78
2019-12-27,Tripura,15.8,87
2019-12-28,Tripura,15.7,85
2019-12-29,Tripura,16.0,84
2019-12-30,Tripura,17.2,83
2019-12-31,Tripura,19.2,81
2020-01-01,Tripura,20.0,82
2020-01-02,Tripura,20.2,85
2020-01-03,Tripura,18.0,91
2020-01-04,Tripura,17.7,86
2020-01-05,Tripura,17.0,85
2020-01-06,Tripura,15.4,87
2020-01-07,Tripura,15.4,81
2020-01-08,Tripura,16.1,83
2020-01-09,Tripura,17.4,85
2020-01-10,Tripura,17.5,83
2020-01-11,Tripura,16.4,83
2020-01-12,Tripura,16.5,85
2020-01-13,Tripura,16.2,88
2020-01-14,Tripura,17.2,84
2020-01-15,Tripura,17.4,81
2020-01-16,Tripura,17.9,83
2020-01-17,Tripura,19.0,81
2020-01-18,Tripura,19.7,78
2020-01-19,Tripura,19.9,80
2020-01-20,Tripura,18.3,84
2020-01-21,Tripura,16.0,78
2020-01-22,Tripura,16.2,74
2020-01-23,Tripura,15.8,81
2020-01-24,Tripura,16.4,74
2020-01-25,Tripura,15.9,69
2020-01-26,Tripura,15.9,74
2020-01-27,Tripura,16.4,70
2020-01-28,Tripura,17.0,70
2020-01-29,Tripura,17.4,78
2020-01-30,Tripura,19.3,80
2020-01-31,Tripura,18.6,83
2020-02-01,Tripura,17.2,75
2020-02-02,Tripura,16.4,67
2020-02-03,Tripura,15.4,68
2020-02-04,Tripura,16.5,71
2020-02-05,Tripura,18.5,69
2020-02-06,Tripura,18.1,65
2020-02-07,Tripura,18.6,62
2020-02-08,Tripura,18.4,66
2020-02-09,Tripura,20.0,68
2020-02-10,Tripura,18.6,70
2020-02-11,Tripura,18.3,68
2020-02-12,Tripura,18.8,66
2020-02-13,Tripura,18.5,63
2020-02-14,Tripura,19.2,66
2020-02-15,Tripura,21.1,77
2020-02-16,Tripura,20.6,76
2020-02-17,Tripura,20.2,72
2020-02-18,Tripura,21.1,66
2020-02-19,Tripura,21.1,65
2020-02-20,Tripura,20.2,70
2020-02-21,Tripura,20.9,71
2020-02-22,Tripura,21.3,71
2020-02-23,Tripura,21.9,70
2020-02-24,Tripura,22.3,71
2020-02-25,Tripura,21.5,82
2020-02-26,Tripura,19.6,77
2020-02-27,Tripura,19.5,76
2020-02-28,Tripura,20.0,74
2020-02-29,Tripura,21.3,65
2020-03-01,Tripura,22.3,61
2020-03-02,Tripura,23.2,64
2020-03-03,Tripura,23.5,67
2020-03-04,Tripura,23.1,71
2020-03-05,Tripura,23.8,68
2020-03-06,Tripura,22.2,80
2020-03-07,Tripura,20.9,87
2020-03-08,Tripura,22.5,81
2020-03-09,Tripura,22.8,67
2020-03-10,Tripura,22.3,58
2020-03-11,Tripura,23.7,52
2020-03-12,Tripura,25.6,57
2020-03-13,Tripura,25.8,62
2020-03-14,Tripura,26.1,57
2020-03-15,Tripura,25.0,62
2020-03-16,Tripura,25.1,61
2020-03-17,Tripura,24.8,56
2020-03-18,Tripura,24.5,57
2020-03-19,Tripura,24.2,56
2020-03-20,Tripura,24.0,61
2020-03-21,Tripura,24.6,60
2020-03-22,Tripura,23.0,62
2020-03-23,Tripura,23.7,65
2020-03-24,Tripura,24.3,64
2020-03-25,Tripura,25.4,59
2020-03-26,Tripura,26.6,61
2020-03-27,Tripura,28.1,56
2020-03-28,Tripura,28.6,53
2020-03-29,Tripura,28.1,52
2020-03-30,Tripura,26.6,49
2020-03-31,Tripura,26.3,45
2020-04-01,Tripura,26.5,48
2020-04-02,Tripura,28.8,63
2020-04-03,Tripura,27.4,80
2020-04-04,Tripura,26.9,79
2020-04-05,Tripura,26.6,81
2020-04-06,Tripura,27.4,71
2020-04-07,Tripura,28.4,67
2020-04-08,Tripura,28.2,75
2020-04-09,Tripura,27.6,73
2020-04-10,Tripura,27.9,67
2020-04-11,Tripura,28.3,67
2020-04-12,Tripura,27.1,64
2020-04-13,Tripura,28.4,60
2020-04-14,Tripura,29.1,69
2020-04-15,Tripura,28.5,70
2020-04-16,Tripura,27.9,69
2020-04-17,Tripura,25.2,86
2020-04-18,Tripura,25.3,87
2020-04-19,Tripura,27.5,77
2020-04-20,Tripura,27.0,81
2020-04-21,Tripura,25.4,80
2020-04-22,Tripura,24.6,82
2020-04-23,Tripura,24.6,89
2020-04-24,Tripura,24.3,87
2020-04-25,Tripura,24.0,89
2020-04-26,Tripura,24.5,87
2020-04-27,Tripura,25.5,79
2020-04-28,Tripura,25.0,81
2020-04-29,Tripura,24.9,84
2020-04-30,Tripura,24.9,87
2020-05-01,Tripura,25.4,87
2020-05-02,Tripura,25.2,86
2020-05-03,Tripura,25.1,86
2020-05-04,Tripura,26.6,85
2020-05-05,Tripura,27.5,86
2020-05-06,Tripura,26.6,86
2020-05-07,Tripura,26.8,78
2020-05-08,Tripura,27.1,76
2020-05-09,Tripura,28.2,74
2020-05-10,Tripura,28.8,74
2020-05-11,Tripura,29.3,75
2020-05-12,Tripura,29.4,72
2020-05-13,Tripura,27.6,81
2020-05-14,Tripura,28.8,73
2020-05-15,Tripura,27.5,86
2020-05-16,Tripura,28.8,82
2020-05-17,Tripura,29.1,82
2020-05-18,Tripura,29.7,76
2020-05-19,Tripura,28.8,79
2020-05-20,Tripura,27.8,84
2020-05-21,Tripura,27.1,85
2020-05-22,Tripura,28.0,84
2020-05-23,Tripura,28.9,82
2020-05-24,Tripura,28.9,77
2020-05-25,Tripura,29.1,74
2020-05-26,Tripura,29.2,74
2020-05-27,Tripura,27.4,86
2020-05-28,Tripura,25.8,86
2020-05-29,Tripura,25.3,86
2020-05-30,Tripura,26.3,87
2020-05-31,Tripura,27.3,85
2020-06-01,Tripura,27.4,86
2020-06-02,Tripura,27.9,86
2020-06-03,Tripura,26.9,90
2020-06-04,Tripura,27.2,90
2020-06-05,Tripura,28.0,86
2020-06-06,Tripura,27.6,90
2020-06-07,Tripura,28.2,87
2020-06-08,Tripura,28.2,88
2020-06-09,Tripura,29.7,80
2020-06-10,Tripura,27.8,87
2020-06-11,Tripura,28.0,86
2020-06-12,Tripura,27.6,87
2020-06-13,Tripura,27.6,89
2020-06-14,Tripura,28.1,87
2020-06-15,Tripura,28.1,87
2020-06-16,Tripura,28.0,87
2020-06-17,Tripura,25.9,95
2020-06-18,Tripura,26.1,93
2020-06-19,Tripura,27.2,88
2020-06-20,Tripura,28.3,83
2020-06-21,Tripura,27.9,85
2020-06-22,Tripura,28.1,83
2020-06-23,Tripura,28.4,86
2020-06-24,Tripura,29.0,85
2020-06-25,Tripura,29.3,81
2020-06-26,Tripura,28.7,83
2020-06-27,Tripura,27.6,90
2020-06-28,Tripura,26.2,93
2020-06-29,Tripura,27.7,87
2020-06-30,Tripura,28.3,85
2020-07-01,Tripura,28.5,87
2020-07-02,Tripura,28.5,86
2020-07-03,Tripura,29.4,82
2020-07-04,Tripura,28.2,85
2020-07-05,Tripura,27.2,89
2020-07-06,Tripura,27.9,84
2020-07-07,Tripura,28.7,81
2020-07-08,Tripura,28.3,87
2020-07-09,Tripura,27.9,89
2020-07-10,Tripura,27.5,91
2020-07-11,Tripura,27.3,91
2020-07-12,Tripura,26.7,93
2020-07-13,Tripura,27.2,92
2020-07-14,Tripura,27.1,91
2020-07-15,Tripura,28.4,83
2020-07-16,Tripura,28.5,84
2020-07-17,Tripura,28.6,86
2020-07-18,Tripura,28.3,88
2020-07-19,Tripura,28.0,88
2020-07-20,Tripura,27.2,91
2020-07-21,Tripura,26.8,93
2020-07-22,Tripura,26.2,94
2020-07-23,Tripura,27.2,88
2020-07-24,Tripura,27.4,87
2020-07-25,Tripura,28.7,82
2020-07-26,Tripura,29.2,84
2020-07-27,Tripura,28.6,88
2020-07-28,Tripura,28.3,87
2020-07-29,Tripura,27.6,89
2020-07-30,Tripura,28.1,87
2020-07-31,Tripura,28.8,83
2020-08-01,Tripura,29.5,85
2020-08-02,Tripura,29.5,86
2020-08-03,Tripura,30.3,84
2020-08-04,Tripura,29.3,86
2020-08-05,Tripura,29.4,81
2020-08-06,Tripura,28.7,83
2020-08-07,Tripura,28.5,86
2020-08-08,Tripura,29.1,82
2020-08-09,Tripura,28.9,80
2020-08-10,Tripura,29.2,81
2020-08-11,Tripura,28.2,88
2020-08-12,Tripura,28.7,84
2020-08-13,Tripura,29.4,77
2020-08-14,Tripura,29.4,79
2020-08-15,Tripura,28.0,81
2020-08-16,Tripura,27.5,85
2020-08-17,Tripura,27.0,89
2020-08-18,Tripura,27.1,88
2020-08-19,Tripura,27.0,87
2020-08-20,Tripura,26.6,88
2020-08-21,Tripura,26.5,90
2020-08-22,Tripura,26.3,91
2020-08-23,Tripura,27.6,86
2020-08-24,Tripura,28.7,81
2020-08-25,Tripura,28.7,81
2020-08-26,Tripura,28.0,81
2020-08-27,Tripura,27.6,86
2020-08-28,Tripura,27.5,87
2020-08-29,Tripura,28.3,84
2020-08-30,Tripura,28.5,87
2020-08-31,Tripura,28.3,89
2020-09-01,Tripura,27.0,92
2020-09-02,Tripura,28.1,85
2020-09-03,Tripura,28.8,80
2020-09-04,Tripura,29.4,81
2020-09-05,Tripura,29.3,80
2020-09-06,Tripura,29.4,77
2020-09-07,Tripura,28.9,83
2020-09-08,Tripura,28.9,83
2020-09-09,Tripura,28.7,86
2020-09-10,Tripura,28.0,87
2020-09-11,Tripura,28.1,87
2020-09-12,Tripura,28.2,86
2020-09-13,Tripura,28.1,88
2020-09-14,Tripura,28.1,88
2020-09-15,Tripura,27.6,89
2020-09-16,Tripura,27.7,88
2020-09-17,Tripura,28.2,87
2020-09-18,Tripura,29.0,84
2020-09-19,Tripura,30.5,80
2020-09-20,Tripura,29.7,83
2020-09-21,Tripura,27.6,87
2020-09-22,Tripura,26.8,91
2020-09-23,Tripura,27.0,91
2020-09-24,Tripura,26.1,94
2020-09-25,Tripura,26.9,91
2020-09-26,Tripura,27.0,89
2020-09-27,Tripura,27.4,87
2020-09-28,Tripura,28.2,88
2020-09-29,Tripura,28.2,88
2020-09-30,Tripura,28.0,89
2020-10-01,Tripura,27.6,89
2020-10-02,Tripura,28.0,87
2020-10-03,Tripura,28.1,87
2020-10-04,Tripura,28.1,88
2020-10-05,Tripura,27.3,89
2020-10-06,Tripura,26.8,92
2020-10-07,Tripura,27.3,90
2020-10-08,Tripura,28.5,85
2020-10-09,Tripura,29.2,83
2020-10-10,Tripura,29.6,82
2020-10-11,Tripura,29.1,83
2020-10-12,Tripura,29.2,84
2020-10-13,Tripura,29.5,83
2020-10-14,Tripura,28.6,86
2020-10-15,Tripura,28.9,84
2020-10-16,Tripura,28.9,83
2020-10-17,Tripura,29.4,80
2020-10-18,Tripura,27.6,88
2020-10-19,Tripura,27.5,89
2020-10-20,Tripura,27.7,87
2020-10-21,Tripura,27.4,84
2020-10-22,Tripura,25.4,92
2020-10-23,Tripura,24.5,92
2020-10-24,Tripura,26.1,86
2020-10-25,Tripura,25.8,89
2020-10-26,Tripura,26.0,85
2020-10-27,Tripura,26.5,82
2020-10-28,Tripura,26.7,82
2020-10-29,Tripura,27.4,85
2020-10-30,Tripura,28.4,82
2020-10-31,Tripura,26.3,92
2020-11-01,Tripura,26.3,85
2020-11-02,Tripura,25.8,87
2020-11-03,Tripura,26.0,91
2020-11-04,Tripura,24.9,91
2020-11-05,Tripura,23.3,82
2020-11-06,Tripura,21.0,75
2020-11-07,Tripura,21.8,83
2020-11-08,Tripura,23.3,85
2020-11-09,Tripura,23.2,82
2020-11-10,Tripura,23.4,81
2020-11-11,Tripura,23.6,81
2020-11-12,Tripura,24.0,82
2020-11-13,Tripura,24.0,82
2020-11-14,Tripura,23.8,81
2020-11-15,Tripura,23.8,80
2020-11-16,Tripura,23.3,79
2020-11-17,Tripura,23.1,78
2020-11-18,Tripura,22.8,74
2020-11-19,Tripura,22.6,74
2020-11-20,Tripura,23.3,76
2020-11-21,Tripura,22.1,89
2020-11-22,Tripura,21.5,78
2020-11-23,Tripura,19.0,74
2020-11-24,Tripura,19.1,77
2020-11-25,Tripura,19.3,77
2020-11-26,Tripura,20.1,78
2020-11-27,Tripura,20.7,80
2020-11-28,Tripura,21.6,79
2020-11-29,Tripura,20.9,82
2020-11-30,Tripura,20.9,81
2020-12-01,Tripura,21.6,77
2020-12-02,Tripura,21.6,74
2020-12-03,Tripura,21.5,74
2020-12-04,Tripura,21.5,70
2020-12-05,Tripura,20.5,74
2019-01-02,UP,13.9,72
2019-01-03,UP,13.4,75
2019-01-04,UP,13.0,72
2019-01-05,UP,13.9,68
2019-01-06,UP,13.6,75
2019-01-07,UP,13.4,79
2019-01-08,UP,12.7,76
2019-01-09,UP,12.7,73
2019-01-10,UP,12.9,70
2019-01-11,UP,13.4,68
2019-01-12,UP,13.2,70
2019-01-13,UP,13.2,78
2019-01-14,UP,13.0,64
2019-01-15,UP,11.3,62
2019-01-16,UP,12.0,69
2019-01-17,UP,11.8,76
2019-01-18,UP,12.1,77
2019-01-19,UP,13.9,74
2019-01-20,UP,16.2,76
2019-01-21,UP,16.6,77
2019-01-22,UP,16.4,83
2019-01-23,UP,14.7,83
2019-01-24,UP,14.3,84
2019-01-25,UP,13.4,74
2019-01-26,UP,12.4,71
2019-01-27,UP,10.7,68
2019-01-28,UP,11.0,63
2019-01-29,UP,11.1,66
2019-01-30,UP,12.6,65
2019-01-31,UP,13.9,62
2019-02-01,UP,15.0,71
2019-02-02,UP,14.0,79
2019-02-03,UP,12.7,79
2019-02-04,UP,13.5,76
2019-02-05,UP,16.3,78
2019-02-06,UP,18.3,83
2019-02-07,UP,17.6,83
2019-02-08,UP,13.8,65
2019-02-09,UP,13.0,66
2019-02-10,UP,12.6,73
2019-02-11,UP,13.7,74
2019-02-12,UP,16.2,67
2019-02-13,UP,16.3,75
2019-02-14,UP,17.1,81
2019-02-15,UP,16.0,88
2019-02-16,UP,14.6,83
2019-02-17,UP,14.7,80
2019-02-18,UP,16.6,74
2019-02-19,UP,18.1,75
2019-02-20,UP,18.2,82
2019-02-21,UP,19.8,76
2019-02-22,UP,19.3,75
2019-02-23,UP,15.5,64
2019-02-24,UP,15.8,70
2019-02-25,UP,15.8,70
2019-02-26,UP,16.0,71
2019-02-27,UP,13.7,82
2019-02-28,UP,13.8,69
2019-03-01,UP,14.9,62
2019-03-02,UP,15.9,70
2019-03-03,UP,16.5,77
2019-03-04,UP,17.7,80
2019-03-05,UP,17.4,68
2019-03-06,UP,16.7,63
2019-03-07,UP,17.6,62
2019-03-08,UP,18.8,61
2019-03-09,UP,19.9,58
2019-03-10,UP,19.5,55
2019-03-11,UP,21.5,49
2019-03-12,UP,20.7,57
2019-03-13,UP,19.7,58
2019-03-14,UP,19.8,59
2019-03-15,UP,19.3,58
2019-03-16,UP,18.5,56
2019-03-17,UP,19.6,54
2019-03-18,UP,20.3,54
2019-03-19,UP,21.8,52
2019-03-20,UP,23.6,47
2019-03-21,UP,23.8,46
2019-03-22,UP,22.8,41
2019-03-23,UP,22.0,43
2019-03-24,UP,24.7,45
2019-03-25,UP,23.2,57
2019-03-26,UP,22.6,57
2019-03-27,UP,23.2,54
2019-03-28,UP,26.1,54
2019-03-29,UP,27.2,55
2019-03-30,UP,27.4,50
2019-03-31,UP,27.2,39
2019-04-01,UP,25.6,33
2019-04-02,UP,25.6,40
2019-04-03,UP,26.4,41
2019-04-04,UP,27.6,44
2019-04-05,UP,29.2,42
2019-04-06,UP,28.9,45
2019-04-07,UP,28.3,50
2019-04-08,UP,27.9,48
2019-04-09,UP,29.0,45
2019-04-10,UP,29.7,40
2019-04-11,UP,30.6,38
2019-04-12,UP,30.3,34
2019-04-13,UP,30.8,35
2019-04-14,UP,31.2,33
2019-04-15,UP,31.6,31
2019-04-16,UP,27.4,45
2019-04-17,UP,22.2,73
2019-04-18,UP,23.1,66
2019-04-19,UP,25.1,54
2019-04-20,UP,26.4,49
2019-04-21,UP,28.5,42
2019-04-22,UP,30.4,36
2019-04-23,UP,31.7,35
2019-04-24,UP,32.1,40
2019-04-25,UP,32.2,43
2019-04-26,UP,32.4,35
2019-04-27,UP,33.4,23
2019-04-28,UP,32.7,21
2019-04-29,UP,32.8,23
2019-04-30,UP,33.2,28
2019-05-01,UP,32.5,30
2019-05-02,UP,32.4,37
2019-05-03,UP,31.3,36
2019-05-04,UP,30.4,33
2019-05-05,UP,30.1,24
2019-05-06,UP,30.7,24
2019-05-07,UP,31.4,30
2019-05-08,UP,32.4,23
2019-05-09,UP,33.3,24
2019-05-10,UP,33.8,24
2019-05-11,UP,31.7,31
2019-05-12,UP,31.4,33
2019-05-13,UP,31.9,34
2019-05-14,UP,30.0,46
2019-05-15,UP,30.2,48
2019-05-16,UP,31.0,42
2019-05-17,UP,30.3,48
2019-05-18,UP,28.1,53
2019-05-19,UP,30.5,41
2019-05-20,UP,31.8,35
2019-05-21,UP,32.6,33
2019-05-22,UP,32.1,43
2019-05-23,UP,32.7,43
2019-05-24,UP,32.1,44
2019-05-25,UP,31.5,41
2019-05-26,UP,31.7,38
2019-05-27,UP,32.5,37
2019-05-28,UP,33.2,26
2019-05-29,UP,33.6,30
2019-05-30,UP,33.9,32
2019-05-31,UP,35.4,24
2019-06-01,UP,34.7,34
2019-06-02,UP,34.9,44
2019-06-03,UP,34.8,46
2019-06-04,UP,34.3,45
2019-06-05,UP,34.6,47
2019-06-06,UP,34.6,45
2019-06-07,UP,33.7,48
2019-06-08,UP,34.9,42
2019-06-09,UP,34.9,35
2019-06-10,UP,35.4,36
2019-06-11,UP,35.7,38
2019-06-12,UP,34.4,48
2019-06-13,UP,33.7,44
2019-06-14,UP,35.0,36
2019-06-15,UP,35.7,30
2019-06-16,UP,33.6,46
2019-06-17,UP,33.1,49
2019-06-18,UP,31.4,55
2019-06-19,UP,27.4,69
2019-06-20,UP,29.0,60
2019-06-21,UP,32.8,49
2019-06-22,UP,34.2,47
2019-06-23,UP,32.6,56
2019-06-24,UP,31.4,64
2019-06-25,UP,33.0,63
2019-06-26,UP,33.7,57
2019-06-27,UP,34.8,50
2019-06-28,UP,35.3,40
2019-06-29,UP,35.6,39
2019-06-30,UP,36.3,38
2019-07-01,UP,35.0,46
2019-07-02,UP,34.5,54
2019-07-03,UP,32.0,67
2019-07-04,UP,33.3,59
2019-07-05,UP,30.1,78
2019-07-06,UP,29.1,81
2019-07-07,UP,29.6,79
2019-07-08,UP,30.4,80
2019-07-09,UP,29.0,84
2019-07-10,UP,29.7,79
2019-07-11,UP,31.9,64
2019-07-12,UP,32.3,59
2019-07-13,UP,32.5,56
2019-07-14,UP,32.4,54
2019-07-15,UP,30.9,66
2019-07-16,UP,28.5,81
2019-07-17,UP,28.9,80
2019-07-18,UP,29.0,82
2019-07-19,UP,30.0,78
2019-07-20,UP,31.1,75
2019-07-21,UP,30.5,79
2019-07-22,UP,31.4,76
2019-07-23,UP,32.2,73
2019-07-24,UP,31.5,77
2019-07-25,UP,27.5,88
2019-07-26,UP,26.7,91
2019-07-27,UP,27.2,90
2019-07-28,UP,28.3,86
2019-07-29,UP,29.4,77
2019-07-30,UP,28.8,80
2019-07-31,UP,28.8,80
2019-08-01,UP,28.9,83
2019-08-02,UP,28.4,88
2019-08-03,UP,28.4,87
2019-08-04,UP,29.5,84
2019-08-05,UP,28.9,88
2019-08-06,UP,27.8,90
2019-08-07,UP,28.3,89
2019-08-08,UP,29.9,78
2019-08-09,UP,29.0,76
2019-08-10,UP,29.1,77
2019-08-11,UP,29.5,76
2019-08-12,UP,29.7,78
2019-08-13,UP,28.7,87
2019-08-14,UP,28.8,86
2019-08-15,UP,28.4,84
2019-08-16,UP,27.5,84
2019-08-17,UP,26.8,85
2019-08-18,UP,26.4,91
2019-08-19,UP,28.2,85
2019-08-20,UP,28.8,84
2019-08-21,UP,29.3,81
2019-08-22,UP,27.5,88
2019-08-23,UP,28.6,86
2019-08-24,UP,28.3,88
2019-08-25,UP,27.2,91
2019-08-26,UP,28.3,86
2019-08-27,UP,29.8,81
2019-08-28,UP,30.1,79
2019-08-29,UP,29.1,86
2019-08-30,UP,29.6,85
2019-08-31,UP,30.1,82
2019-09-01,UP,28.7,87
2019-09-02,UP,29.5,85
2019-09-03,UP,30.0,83
2019-09-04,UP,29.0,86
2019-09-05,UP,29.1,85
2019-09-06,UP,29.0,85
2019-09-07,UP,28.6,87
2019-09-08,UP,28.4,88
2019-09-09,UP,29.8,83
2019-09-10,UP,30.0,82
2019-09-11,UP,30.5,79
2019-09-12,UP,29.3,85
2019-09-13,UP,28.7,83
2019-09-14,UP,27.6,86
2019-09-15,UP,27.4,89
2019-09-16,UP,28.4,85
2019-09-17,UP,28.6,85
2019-09-18,UP,28.0,84
2019-09-19,UP,26.1,86
2019-09-20,UP,26.4,88
2019-09-21,UP,27.5,86
2019-09-22,UP,26.6,88
2019-09-23,UP,26.0,88
2019-09-24,UP,25.9,89
2019-09-25,UP,26.0,89
2019-09-26,UP,26.4,84
2019-09-27,UP,25.7,85
2019-09-28,UP,25.0,88
2019-09-29,UP,25.4,85
2019-09-30,UP,25.6,85
2019-10-01,UP,25.0,89
2019-10-02,UP,25.9,85
2019-10-03,UP,26.9,81
2019-10-04,UP,25.9,81
2019-10-05,UP,25.9,75
2019-10-06,UP,25.5,75
2019-10-07,UP,25.8,71
2019-10-08,UP,25.4,70
2019-10-09,UP,25.2,68
2019-10-10,UP,26.0,65
2019-10-11,UP,25.3,71
2019-10-12,UP,25.5,71
2019-10-13,UP,25.7,70
2019-10-14,UP,26.1,68
2019-10-15,UP,25.8,71
2019-10-16,UP,25.3,73
2019-10-17,UP,25.1,73
2019-10-18,UP,25.5,78
2019-10-19,UP,25.5,74
2019-10-20,UP,25.0,69
2019-10-21,UP,23.8,61
2019-10-22,UP,23.3,59
2019-10-23,UP,23.7,58
2019-10-24,UP,23.4,70
2019-10-25,UP,23.1,69
2019-10-26,UP,22.9,72
2019-10-27,UP,23.5,70
2019-10-28,UP,23.6,69
2019-10-29,UP,24.4,69
2019-10-30,UP,24.3,72
2019-10-31,UP,24.9,69
2019-11-01,UP,25.2,70
2019-11-02,UP,25.3,74
2019-11-03,UP,24.3,70
2019-11-04,UP,24.3,65
2019-11-05,UP,22.7,60
2019-11-06,UP,22.6,65
2019-11-07,UP,23.3,68
2019-11-08,UP,22.8,72
2019-11-09,UP,22.6,63
2019-11-10,UP,21.5,61
2019-11-11,UP,21.4,65
2019-11-12,UP,21.4,63
2019-11-13,UP,22.0,66
2019-11-14,UP,21.8,69
2019-11-15,UP,20.9,75
2019-11-16,UP,22.1,67
2019-11-17,UP,22.3,60
2019-11-18,UP,20.0,67
2019-11-19,UP,19.0,68
2019-11-20,UP,19.0,70
2019-11-21,UP,19.6,70
2019-11-22,UP,20.6,70
2019-11-23,UP,20.4,71
2019-11-24,UP,20.8,68
2019-11-25,UP,20.7,69
2019-11-26,UP,20.8,68
2019-11-27,UP,20.7,73
2019-11-28,UP,19.2,87
2019-11-29,UP,18.5,85
2019-11-30,UP,18.2,80
2019-12-01,UP,16.7,78
2019-12-02,UP,15.8,73
2019-12-03,UP,15.1,72
2019-12-04,UP,15.0,75
2019-12-05,UP,15.6,76
2019-12-06,UP,15.8,80
2019-12-07,UP,16.1,80
2019-12-08,UP,15.9,74
2019-12-09,UP,15.2,78
2019-12-10,UP,15.7,74
2019-12-11,UP,15.9,78
2019-12-12,UP,15.9,80
2019-12-13,UP,16.1,90
2019-12-14,UP,13.0,87
2019-12-15,UP,13.4,82
2019-12-16,UP,12.5,83
2019-12-17,UP,11.2,82
2019-12-18,UP,11.7,81
2019-12-19,UP,10.8,86
2019-12-20,UP,12.6,83
2019-12-21,UP,13.8,82
2019-12-22,UP,13.0,81
2019-12-23,UP,12.5,81
2019-12-24,UP,10.6,88
2019-12-25,UP,9.7,86
2019-12-26,UP,8.9,84
2019-12-27,UP,8.0,88
2019-12-28,UP,6.7,91
2019-12-29,UP,6.5,89
2019-12-30,UP,5.7,90
2019-12-31,UP,6.2,88
2020-01-01,UP,10.6,80
2020-01-02,UP,13.6,82
2020-01-03,UP,14.2,84
2020-01-04,UP,12.8,89
2020-01-05,UP,12.8,84
2020-01-06,UP,13.7,80
2020-01-07,UP,14.6,81
2020-01-08,UP,14.5,87
2020-01-09,UP,11.4,81
2020-01-10,UP,9.9,83
2020-01-11,UP,10.5,82
2020-01-12,UP,12.4,80
2020-01-13,UP,14.5,80
2020-01-14,UP,14.4,90
2020-01-15,UP,14.3,86
2020-01-16,UP,14.7,89
2020-01-17,UP,14.3,89
2020-01-18,UP,12.9,89
2020-01-19,UP,12.1,83
2020-01-20,UP,12.1,81
2020-01-21,UP,12.6,82
2020-01-22,UP,12.1,86
2020-01-23,UP,12.8,70
2020-01-24,UP,12.3,68
2020-01-25,UP,12.1,76
2020-01-26,UP,13.7,79
2020-01-27,UP,14.8,80
2020-01-28,UP,15.8,84
2020-01-29,UP,14.7,85
2020-01-30,UP,13.1,78
2020-01-31,UP,12.3,79
2020-02-01,UP,12.5,78
2020-02-02,UP,11.8,77
2020-02-03,UP,12.1,76
2020-02-04,UP,12.5,75
2020-02-05,UP,13.3,78
2020-02-06,UP,12.5,76
2020-02-07,UP,12.5,73
2020-02-08,UP,12.6,78
2020-02-09,UP,12.9,76
2020-02-10,UP,13.9,71
2020-02-11,UP,14.1,74
2020-02-12,UP,15.7,70
2020-02-13,UP,19.1,60
2020-02-14,UP,18.5,55
2020-02-15,UP,17.0,54
2020-02-16,UP,16.0,68
2020-02-17,UP,17.0,66
2020-02-18,UP,17.4,53
2020-02-19,UP,19.0,55
2020-02-20,UP,21.2,55
2020-02-21,UP,18.7,78
2020-02-22,UP,18.0,81
2020-02-23,UP,18.6,81
2020-02-24,UP,18.6,76
2020-02-25,UP,18.6,75
2020-02-26,UP,18.6,73
2020-02-27,UP,19.8,72
2020-02-28,UP,21.2,67
2020-02-29,UP,19.4,79
2020-03-01,UP,19.9,76
2020-03-02,UP,20.9,75
2020-03-03,UP,21.4,68
2020-03-04,UP,20.5,65
2020-03-05,UP,20.0,71
2020-03-06,UP,17.5,84
2020-03-07,UP,17.2,80
2020-03-08,UP,17.1,77
2020-03-09,UP,17.5,66
2020-03-10,UP,17.8,63
2020-03-11,UP,19.7,70
2020-03-12,UP,21.1,62
2020-03-13,UP,20.4,59
2020-03-14,UP,18.9,75
2020-03-15,UP,17.5,73
2020-03-16,UP,18.3,68
2020-03-17,UP,19.9,66
2020-03-18,UP,21.1,64
2020-03-19,UP,22.1,62
2020-03-20,UP,22.9,58
2020-03-21,UP,23.1,62
2020-03-22,UP,23.3,59
2020-03-23,UP,24.3,53
2020-03-24,UP,24.8,55
2020-03-25,UP,25.2,55
2020-03-26,UP,25.2,54
2020-03-27,UP,21.6,76
2020-03-28,UP,22.5,65
2020-03-29,UP,23.5,52
2020-03-30,UP,23.2,48
2020-03-31,UP,24.4,48
2020-04-01,UP,25.6,49
2020-04-02,UP,25.3,45
2020-04-03,UP,24.0,36
2020-04-04,UP,24.6,41
2020-04-05,UP,26.0,41
2020-04-06,UP,27.2,41
2020-04-07,UP,27.3,36
2020-04-08,UP,27.3,37
2020-04-09,UP,26.5,37
2020-04-10,UP,27.5,37
2020-04-11,UP,29.8,33
2020-04-12,UP,29.0,38
2020-04-13,UP,30.5,39
2020-04-14,UP,31.5,35
2020-04-15,UP,31.6,37
2020-04-16,UP,30.9,41
2020-04-17,UP,30.9,30
2020-04-18,UP,30.6,33
2020-04-19,UP,29.6,35
2020-04-20,UP,28.3,37
2020-04-21,UP,27.7,40
2020-04-22,UP,29.2,34
2020-04-23,UP,29.0,38
2020-04-24,UP,30.1,37
2020-04-25,UP,29.3,38
2020-04-26,UP,27.3,59
2020-04-27,UP,26.4,66
2020-04-28,UP,27.5,61
2020-04-29,UP,29.1,51
2020-04-30,UP,30.5,47
2020-05-01,UP,31.4,47
2020-05-02,UP,30.6,52
2020-05-03,UP,29.9,54
2020-05-04,UP,29.2,59
2020-05-05,UP,28.9,56
2020-05-06,UP,29.6,48
2020-05-07,UP,29.2,48
2020-05-08,UP,31.7,41
2020-05-09,UP,32.3,40
2020-05-10,UP,28.8,60
2020-05-11,UP,29.5,56
2020-05-12,UP,31.1,49
2020-05-13,UP,31.3,51
2020-05-14,UP,32.4,46
2020-05-15,UP,33.3,38
2020-05-16,UP,33.1,28
2020-05-17,UP,33.2,26
2020-05-18,UP,33.5,23
2020-05-19,UP,33.3,19
2020-05-20,UP,32.4,21
2020-05-21,UP,33.3,22
2020-05-22,UP,34.7,21
2020-05-23,UP,35.7,26
2020-05-24,UP,36.7,25
2020-05-25,UP,36.8,20
2020-05-26,UP,37.3,18
2020-05-27,UP,36.4,21
2020-05-28,UP,34.0,41
2020-05-29,UP,31.3,54
2020-05-30,UP,28.7,63
2020-05-31,UP,28.4,61
2020-06-01,UP,29.9,58
2020-06-02,UP,30.7,53
2020-06-03,UP,31.6,49
2020-06-04,UP,29.4,57
2020-06-05,UP,29.0,62
2020-06-06,UP,29.7,58
2020-06-07,UP,31.4,54
2020-06-08,UP,31.8,55
2020-06-09,UP,33.3,48
2020-06-10,UP,34.4,46
2020-06-11,UP,34.0,53
2020-06-12,UP,34.4,50
2020-06-13,UP,34.3,52
2020-06-14,UP,33.7,56
2020-06-15,UP,34.5,50
2020-06-16,UP,34.5,49
2020-06-17,UP,33.7,54
2020-06-18,UP,34.7,50
2020-06-19,UP,34.5,55
2020-06-20,UP,33.7,55
2020-06-21,UP,32.2,60
2020-06-22,UP,31.5,62
2020-06-23,UP,30.4,71
2020-06-24,UP,29.2,80
2020-06-25,UP,31.3,72
2020-06-26,UP,31.5,70
2020-06-27,UP,32.5,62
2020-06-28,UP,34.6,53
2020-06-29,UP,32.9,63
2020-06-30,UP,31.5,66
2020-07-01,UP,32.2,66
2020-07-02,UP,33.8,60
2020-07-03,UP,33.9,62
2020-07-04,UP,32.1,69
2020-07-05,UP,31.5,67
2020-07-06,UP,30.0,75
2020-07-07,UP,28.7,80
2020-07-08,UP,29.6,80
2020-07-09,UP,30.0,80
2020-07-10,UP,31.8,69
2020-07-11,UP,31.4,68
2020-07-12,UP,31.7,67
2020-07-13,UP,31.7,69
2020-07-14,UP,31.9,72
2020-07-15,UP,30.6,75
2020-07-16,UP,30.2,77
2020-07-17,UP,31.1,75
2020-07-18,UP,31.6,75
2020-07-19,UP,31.8,75
2020-07-20,UP,30.2,76
2020-07-21,UP,29.3,81
2020-07-22,UP,28.5,82
2020-07-23,UP,29.1,77
2020-07-24,UP,29.6,76
2020-07-25,UP,29.6,78
2020-07-26,UP,31.0,72
2020-07-27,UP,31.8,71
2020-07-28,UP,31.2,75
2020-07-29,UP,29.0,80
2020-07-30,UP,29.1,78
2020-07-31,UP,29.5,81
2020-08-01,UP,29.5,84
2020-08-02,UP,30.6,78
2020-08-03,UP,31.0,75
2020-08-04,UP,30.9,78
2020-08-05,UP,29.6,83
2020-08-06,UP,30.1,74
2020-08-07,UP,29.5,80
2020-08-08,UP,30.2,80
2020-08-09,UP,29.8,85
2020-08-10,UP,28.7,88
2020-08-11,UP,29.2,87
2020-08-12,UP,29.4,85
2020-08-13,UP,27.1,94
2020-08-14,UP,28.2,88
2020-08-15,UP,28.9,86
2020-08-16,UP,29.1,86
2020-08-17,UP,29.9,83
2020-08-18,UP,30.4,79
2020-08-19,UP,27.7,91
2020-08-20,UP,28.0,87
2020-08-21,UP,28.8,78
2020-08-22,UP,28.4,79
2020-08-23,UP,28.0,83
2020-08-24,UP,28.4,79
2020-08-25,UP,28.5,80
2020-08-26,UP,29.0,78
2020-08-27,UP,28.5,85
2020-08-28,UP,28.3,87
2020-08-29,UP,28.2,83
2020-08-30,UP,27.6,83
2020-08-31,UP,28.2,76
2020-09-01,UP,28.2,77
2020-09-02,UP,28.3,81
2020-09-03,UP,28.7,81
2020-09-04,UP,28.9,82
2020-09-05,UP,28.7,85
2020-09-06,UP,29.0,84
2020-09-07,UP,29.8,80
2020-09-08,UP,29.1,84
2020-09-09,UP,30.2,74
2020-09-10,UP,30.2,70
2020-09-11,UP,30.5,69
2020-09-12,UP,30.2,71
2020-09-13,UP,30.1,72
2020-09-14,UP,30.4,72
2020-09-15,UP,31.1,67
2020-09-16,UP,31.4,68
2020-09-17,UP,32.5,61
2020-09-18,UP,32.6,58
2020-09-19,UP,31.8,64
2020-09-20,UP,31.0,66
2020-09-21,UP,31.4,66
2020-09-22,UP,30.8,68
2020-09-23,UP,30.3,68
2020-09-24,UP,29.9,67
2020-09-25,UP,30.5,59
2020-09-26,UP,30.7,53
2020-09-27,UP,29.8,56
2020-09-28,UP,29.7,53
2020-09-29,UP,29.2,52
2020-09-30,UP,29.0,49
2020-10-01,UP,29.0,50
2020-10-02,UP,28.7,55
2020-10-03,UP,28.1,53
2020-10-04,UP,27.2,49
2020-10-05,UP,27.5,48
2020-10-06,UP,27.4,52
2020-10-07,UP,27.5,54
2020-10-08,UP,27.1,53
2020-10-09,UP,27.2,54
2020-10-10,UP,27.3,55
2020-10-11,UP,27.3,56
2020-10-12,UP,27.5,58
2020-10-13,UP,29.0,56
2020-10-14,UP,29.5,54
2020-10-15,UP,29.4,53
2020-10-16,UP,28.2,42
2020-10-17,UP,27.9,43
2020-10-18,UP,28.0,40
2020-10-19,UP,27.2,34
2020-10-20,UP,25.8,37
2020-10-21,UP,26.3,35
2020-10-22,UP,26.4,43
2020-10-23,UP,25.9,49
2020-10-24,UP,25.9,41
2020-10-25,UP,25.0,42
2020-10-26,UP,25.1,41
2020-10-27,UP,25.3,32
2020-10-28,UP,23.3,38
2020-10-29,UP,23.1,45
2020-10-30,UP,23.1,44
2020-10-31,UP,22.7,40
2020-11-01,UP,22.6,29
2020-11-02,UP,22.1,27
2020-11-03,UP,21.5,31
2020-11-04,UP,21.7,37
2020-11-05,UP,22.1,40
2020-11-06,UP,22.4,40
2020-11-07,UP,22.0,41
2020-11-08,UP,21.6,44
2020-11-09,UP,21.2,50
2020-11-10,UP,20.6,60
2020-11-11,UP,21.6,54
2020-11-12,UP,21.7,54
2020-11-13,UP,21.1,51
2020-11-14,UP,21.4,49
2020-11-15,UP,22.3,59
2020-11-16,UP,21.3,78
2020-11-17,UP,20.5,71
2020-11-18,UP,20.0,65
2020-11-19,UP,19.9,55
2020-11-20,UP,18.0,53
2020-11-21,UP,17.5,49
2020-11-22,UP,16.5,51
2020-11-23,UP,16.2,57
2020-11-24,UP,16.8,59
2020-11-25,UP,18.0,57
2020-11-26,UP,17.5,73
2020-11-27,UP,18.4,60
2020-11-28,UP,17.4,62
2020-11-29,UP,16.5,60
2020-11-30,UP,16.9,61
2020-12-01,UP,17.3,63
2020-12-02,UP,18.0,63
2020-12-03,UP,18.4,62
2020-12-04,UP,18.7,63
2020-12-05,UP,19.5,67
2019-01-02,Uttarakhand,11.7,65
2019-01-03,Uttarakhand,11.9,56
2019-01-04,Uttarakhand,13.5,51
2019-01-05,Uttarakhand,12.3,64
2019-01-06,Uttarakhand,10.2,79
2019-01-07,Uttarakhand,11.0,65
2019-01-08,Uttarakhand,13.2,54
2019-01-09,Uttarakhand,13.6,59
2019-01-10,Uttarakhand,13.5,59
2019-01-11,Uttarakhand,12.4,67
2019-01-12,Uttarakhand,13.2,65
2019-01-13,Uttarakhand,12.4,61
2019-01-14,Uttarakhand,12.2,49
2019-01-15,Uttarakhand,14.7,42
2019-01-16,Uttarakhand,13.8,60
2019-01-17,Uttarakhand,13.2,65
2019-01-18,Uttarakhand,14.0,57
2019-01-19,Uttarakhand,16.4,56
2019-01-20,Uttarakhand,18.0,51
2019-01-21,Uttarakhand,15.8,64
2019-01-22,Uttarakhand,12.0,74
2019-01-23,Uttarakhand,10.9,75
2019-01-24,Uttarakhand,11.3,59
2019-01-25,Uttarakhand,9.6,70
2019-01-26,Uttarakhand,10.6,59
2019-01-27,Uttarakhand,10.4,58
2019-01-28,Uttarakhand,10.1,59
2019-01-29,Uttarakhand,11.7,55
2019-01-30,Uttarakhand,13.9,51
2019-01-31,Uttarakhand,12.0,77
2019-02-01,Uttarakhand,12.5,68
2019-02-02,Uttarakhand,13.1,56
2019-02-03,Uttarakhand,15.1,54
2019-02-04,Uttarakhand,15.8,51
2019-02-05,Uttarakhand,16.5,44
2019-02-06,Uttarakhand,15.6,52
2019-02-07,Uttarakhand,13.1,76
2019-02-08,Uttarakhand,10.5,79
2019-02-09,Uttarakhand,11.6,68
2019-02-10,Uttarakhand,13.8,68
2019-02-11,Uttarakhand,15.0,71
2019-02-12,Uttarakhand,16.9,64
2019-02-13,Uttarakhand,18.4,63
2019-02-14,Uttarakhand,15.8,74
2019-02-15,Uttarakhand,13.9,78
2019-02-16,Uttarakhand,12.7,77
2019-02-17,Uttarakhand,12.9,78
2019-02-18,Uttarakhand,13.7,71
2019-02-19,Uttarakhand,13.1,73
2019-02-20,Uttarakhand,15.4,53
2019-02-21,Uttarakhand,16.2,71
2019-02-22,Uttarakhand,16.3,68
2019-02-23,Uttarakhand,16.6,62
2019-02-24,Uttarakhand,16.3,58
2019-02-25,Uttarakhand,13.0,56
2019-02-26,Uttarakhand,12.7,59
2019-02-27,Uttarakhand,9.5,82
2019-02-28,Uttarakhand,9.5,76
2019-03-01,Uttarakhand,12.3,60
2019-03-02,Uttarakhand,14.4,69
2019-03-03,Uttarakhand,14.4,73
2019-03-04,Uttarakhand,14.4,70
2019-03-05,Uttarakhand,13.4,68
2019-03-06,Uttarakhand,15.5,59
2019-03-07,Uttarakhand,14.9,62
2019-03-08,Uttarakhand,15.5,54
2019-03-09,Uttarakhand,15.7,57
2019-03-10,Uttarakhand,16.6,56
2019-03-11,Uttarakhand,16.6,59
2019-03-12,Uttarakhand,17.1,59
2019-03-13,Uttarakhand,17.2,60
2019-03-14,Uttarakhand,16.3,63
2019-03-15,Uttarakhand,16.1,60
2019-03-16,Uttarakhand,18.0,53
2019-03-17,Uttarakhand,18.8,58
2019-03-18,Uttarakhand,18.5,59
2019-03-19,Uttarakhand,19.5,57
2019-03-20,Uttarakhand,18.6,50
2019-03-21,Uttarakhand,19.2,46
2019-03-22,Uttarakhand,19.7,46
2019-03-23,Uttarakhand,20.4,47
2019-03-24,Uttarakhand,22.2,44
2019-03-25,Uttarakhand,18.5,60
2019-03-26,Uttarakhand,18.3,62
2019-03-27,Uttarakhand,21.0,61
2019-03-28,Uttarakhand,22.8,61
2019-03-29,Uttarakhand,23.1,64
2019-03-30,Uttarakhand,24.0,51
2019-03-31,Uttarakhand,24.3,39
2019-04-01,Uttarakhand,22.8,42
2019-04-02,Uttarakhand,22.9,46
2019-04-03,Uttarakhand,23.9,50
2019-04-04,Uttarakhand,25.3,47
2019-04-05,Uttarakhand,25.2,49
2019-04-06,Uttarakhand,24.9,51
2019-04-07,Uttarakhand,23.0,59
2019-04-08,Uttarakhand,23.1,57
2019-04-09,Uttarakhand,23.9,52
2019-04-10,Uttarakhand,25.5,50
2019-04-11,Uttarakhand,26.0,45
2019-04-12,Uttarakhand,26.1,40
2019-04-13,Uttarakhand,26.1,43
2019-04-14,Uttarakhand,27.4,36
2019-04-15,Uttarakhand,28.9,32
2019-04-16,Uttarakhand,22.8,58
2019-04-17,Uttarakhand,18.2,83
2019-04-18,Uttarakhand,18.6,73
2019-04-19,Uttarakhand,21.1,58
2019-04-20,Uttarakhand,23.3,54
2019-04-21,Uttarakhand,24.4,52
2019-04-22,Uttarakhand,25.0,50
2019-04-23,Uttarakhand,25.5,53
2019-04-24,Uttarakhand,26.1,55
2019-04-25,Uttarakhand,27.1,52
2019-04-26,Uttarakhand,28.3,38
2019-04-27,Uttarakhand,28.0,32
2019-04-28,Uttarakhand,28.9,27
2019-04-29,Uttarakhand,29.3,24
2019-04-30,Uttarakhand,28.4,29
2019-05-01,Uttarakhand,27.7,34
2019-05-02,Uttarakhand,27.1,38
2019-05-03,Uttarakhand,26.7,35
2019-05-04,Uttarakhand,27.2,28
2019-05-05,Uttarakhand,28.7,20
2019-05-06,Uttarakhand,27.5,23
2019-05-07,Uttarakhand,29.4,20
2019-05-08,Uttarakhand,28.9,21
2019-05-09,Uttarakhand,29.3,23
2019-05-10,Uttarakhand,30.6,25
2019-05-11,Uttarakhand,27.7,34
2019-05-12,Uttarakhand,27.2,37
2019-05-13,Uttarakhand,27.9,35
2019-05-14,Uttarakhand,25.2,49
2019-05-15,Uttarakhand,26.4,47
2019-05-16,Uttarakhand,26.5,46
2019-05-17,Uttarakhand,25.8,50
2019-05-18,Uttarakhand,25.3,50
2019-05-19,Uttarakhand,27.0,46
2019-05-20,Uttarakhand,28.8,37
2019-05-21,Uttarakhand,29.2,36
2019-05-22,Uttarakhand,30.0,30
2019-05-23,Uttarakhand,29.5,35
2019-05-24,Uttarakhand,25.6,50
2019-05-25,Uttarakhand,27.2,44
2019-05-26,Uttarakhand,28.1,41
2019-05-27,Uttarakhand,30.3,28
2019-05-28,Uttarakhand,29.8,27
2019-05-29,Uttarakhand,31.6,23
2019-05-30,Uttarakhand,31.9,23
2019-05-31,Uttarakhand,32.1,28
2019-06-01,Uttarakhand,30.9,41
2019-06-02,Uttarakhand,29.8,47
2019-06-03,Uttarakhand,29.7,51
2019-06-04,Uttarakhand,29.3,51
2019-06-05,Uttarakhand,31.6,36
2019-06-06,Uttarakhand,30.3,35
2019-06-07,Uttarakhand,29.6,42
2019-06-08,Uttarakhand,30.0,36
2019-06-09,Uttarakhand,31.6,31
2019-06-10,Uttarakhand,31.6,33
2019-06-11,Uttarakhand,32.6,32
2019-06-12,Uttarakhand,31.1,39
2019-06-13,Uttarakhand,31.5,43
2019-06-14,Uttarakhand,31.7,34
2019-06-15,Uttarakhand,31.8,26
2019-06-16,Uttarakhand,29.9,40
2019-06-17,Uttarakhand,29.1,51
2019-06-18,Uttarakhand,27.0,54
2019-06-19,Uttarakhand,28.6,47
2019-06-20,Uttarakhand,27.3,63
2019-06-21,Uttarakhand,28.3,58
2019-06-22,Uttarakhand,29.8,52
2019-06-23,Uttarakhand,28.2,66
2019-06-24,Uttarakhand,27.5,70
2019-06-25,Uttarakhand,29.1,60
2019-06-26,Uttarakhand,29.6,54
2019-06-27,Uttarakhand,30.1,50
2019-06-28,Uttarakhand,30.4,46
2019-06-29,Uttarakhand,30.8,46
2019-06-30,Uttarakhand,29.9,61
2019-07-01,Uttarakhand,28.6,71
2019-07-02,Uttarakhand,28.9,68
2019-07-03,Uttarakhand,28.3,74
2019-07-04,Uttarakhand,27.1,84
2019-07-05,Uttarakhand,27.7,77
2019-07-06,Uttarakhand,26.5,83
2019-07-07,Uttarakhand,26.9,83
2019-07-08,Uttarakhand,26.7,86
2019-07-09,Uttarakhand,25.3,92
2019-07-10,Uttarakhand,25.9,87
2019-07-11,Uttarakhand,25.8,90
2019-07-12,Uttarakhand,25.5,90
2019-07-13,Uttarakhand,25.1,87
2019-07-14,Uttarakhand,24.5,89
2019-07-15,Uttarakhand,24.8,87
2019-07-16,Uttarakhand,23.0,96
2019-07-17,Uttarakhand,23.8,88
2019-07-18,Uttarakhand,25.1,87
2019-07-19,Uttarakhand,26.1,83
2019-07-20,Uttarakhand,26.8,80
2019-07-21,Uttarakhand,26.8,80
2019-07-22,Uttarakhand,27.4,81
2019-07-23,Uttarakhand,27.9,80
2019-07-24,Uttarakhand,27.5,84
2019-07-25,Uttarakhand,24.5,95
2019-07-26,Uttarakhand,25.6,89
2019-07-27,Uttarakhand,25.2,91
2019-07-28,Uttarakhand,26.6,83
2019-07-29,Uttarakhand,27.0,82
2019-07-30,Uttarakhand,26.5,78
2019-07-31,Uttarakhand,26.4,80
2019-08-01,Uttarakhand,26.3,85
2019-08-02,Uttarakhand,26.0,84
2019-08-03,Uttarakhand,25.9,85
2019-08-04,Uttarakhand,27.0,81
2019-08-05,Uttarakhand,26.8,85
2019-08-06,Uttarakhand,25.3,92
2019-08-07,Uttarakhand,26.8,82
2019-08-08,Uttarakhand,27.8,76
2019-08-09,Uttarakhand,26.4,86
2019-08-10,Uttarakhand,26.7,86
2019-08-11,Uttarakhand,26.7,86
2019-08-12,Uttarakhand,26.0,91
2019-08-13,Uttarakhand,26.7,85
2019-08-14,Uttarakhand,27.1,79
2019-08-15,Uttarakhand,26.4,83
2019-08-16,Uttarakhand,25.7,89
2019-08-17,Uttarakhand,25.2,89
2019-08-18,Uttarakhand,24.2,92
2019-08-19,Uttarakhand,25.0,87
2019-08-20,Uttarakhand,25.9,81
2019-08-21,Uttarakhand,25.9,84
2019-08-22,Uttarakhand,25.5,87
2019-08-23,Uttarakhand,26.9,79
2019-08-24,Uttarakhand,25.7,85
2019-08-25,Uttarakhand,25.0,86
2019-08-26,Uttarakhand,27.1,80
2019-08-27,Uttarakhand,28.0,76
2019-08-28,Uttarakhand,27.3,83
2019-08-29,Uttarakhand,26.6,85
2019-08-30,Uttarakhand,27.0,83
2019-08-31,Uttarakhand,26.6,86
2019-09-01,Uttarakhand,25.3,92
2019-09-02,Uttarakhand,27.0,80
2019-09-03,Uttarakhand,26.8,83
2019-09-04,Uttarakhand,25.1,92
2019-09-05,Uttarakhand,26.1,84
2019-09-06,Uttarakhand,26.4,82
2019-09-07,Uttarakhand,25.6,87
2019-09-08,Uttarakhand,26.1,82
2019-09-09,Uttarakhand,26.3,83
2019-09-10,Uttarakhand,26.3,85
2019-09-11,Uttarakhand,26.3,87
2019-09-12,Uttarakhand,25.2,94
2019-09-13,Uttarakhand,26.0,83
2019-09-14,Uttarakhand,25.0,88
2019-09-15,Uttarakhand,25.2,88
2019-09-16,Uttarakhand,24.8,90
2019-09-17,Uttarakhand,24.8,86
2019-09-18,Uttarakhand,24.0,85
2019-09-19,Uttarakhand,23.7,85
2019-09-20,Uttarakhand,24.7,80
2019-09-21,Uttarakhand,24.8,79
2019-09-22,Uttarakhand,23.7,81
2019-09-23,Uttarakhand,23.7,82
2019-09-24,Uttarakhand,24.3,78
2019-09-25,Uttarakhand,24.5,82
2019-09-26,Uttarakhand,24.1,85
2019-09-27,Uttarakhand,23.2,91
2019-09-28,Uttarakhand,22.5,93
2019-09-29,Uttarakhand,22.4,89
2019-09-30,Uttarakhand,22.4,88
2019-10-01,Uttarakhand,22.4,84
2019-10-02,Uttarakhand,22.6,83
2019-10-03,Uttarakhand,23.4,79
2019-10-04,Uttarakhand,22.8,76
2019-10-05,Uttarakhand,23.2,72
2019-10-06,Uttarakhand,24.5,70
2019-10-07,Uttarakhand,24.3,73
2019-10-08,Uttarakhand,23.6,71
2019-10-09,Uttarakhand,21.9,75
2019-10-10,Uttarakhand,22.8,70
2019-10-11,Uttarakhand,22.3,72
2019-10-12,Uttarakhand,22.1,75
2019-10-13,Uttarakhand,22.7,74
2019-10-14,Uttarakhand,22.6,70
2019-10-15,Uttarakhand,22.8,72
2019-10-16,Uttarakhand,23.2,73
2019-10-17,Uttarakhand,22.7,69
2019-10-18,Uttarakhand,23.1,62
2019-10-19,Uttarakhand,22.6,59
2019-10-20,Uttarakhand,22.6,55
2019-10-21,Uttarakhand,22.5,57
2019-10-22,Uttarakhand,22.4,57
2019-10-23,Uttarakhand,21.9,66
2019-10-24,Uttarakhand,20.5,75
2019-10-25,Uttarakhand,19.8,78
2019-10-26,Uttarakhand,20.0,77
2019-10-27,Uttarakhand,21.1,73
2019-10-28,Uttarakhand,21.1,75
2019-10-29,Uttarakhand,21.5,77
2019-10-30,Uttarakhand,21.4,78
2019-10-31,Uttarakhand,20.9,76
2019-11-01,Uttarakhand,21.5,66
2019-11-02,Uttarakhand,22.7,63
2019-11-03,Uttarakhand,21.1,65
2019-11-04,Uttarakhand,20.2,64
2019-11-05,Uttarakhand,20.7,62
2019-11-06,Uttarakhand,20.0,62
2019-11-07,Uttarakhand,19.1,60
2019-11-08,Uttarakhand,19.0,60
2019-11-09,Uttarakhand,21.9,50
2019-11-10,Uttarakhand,20.6,53
2019-11-11,Uttarakhand,19.7,58
2019-11-12,Uttarakhand,21.0,58
2019-11-13,Uttarakhand,21.2,45
2019-11-14,Uttarakhand,20.4,57
2019-11-15,Uttarakhand,20.5,61
2019-11-16,Uttarakhand,21.9,52
2019-11-17,Uttarakhand,20.4,51
2019-11-18,Uttarakhand,18.1,68
2019-11-19,Uttarakhand,17.5,80
2019-11-20,Uttarakhand,16.8,75
2019-11-21,Uttarakhand,18.6,57
2019-11-22,Uttarakhand,19.8,59
2019-11-23,Uttarakhand,20.2,58
2019-11-24,Uttarakhand,19.6,45
2019-11-25,Uttarakhand,18.7,35
2019-11-26,Uttarakhand,17.8,50
2019-11-27,Uttarakhand,17.3,62
2019-11-28,Uttarakhand,16.1,70
2019-11-29,Uttarakhand,16.8,57
2019-11-30,Uttarakhand,17.0,55
2019-12-01,Uttarakhand,16.1,61
2019-12-02,Uttarakhand,14.6,69
2019-12-03,Uttarakhand,16.5,57
2019-12-04,Uttarakhand,16.4,59
2019-12-05,Uttarakhand,15.8,66
2019-12-06,Uttarakhand,18.4,54
2019-12-07,Uttarakhand,17.0,58
2019-12-08,Uttarakhand,16.8,56
2019-12-09,Uttarakhand,14.8,68
2019-12-10,Uttarakhand,14.9,70
2019-12-11,Uttarakhand,14.4,69
2019-12-12,Uttarakhand,13.8,75
2019-12-13,Uttarakhand,12.0,77
2019-12-14,Uttarakhand,10.8,79
2019-12-15,Uttarakhand,12.4,69
2019-12-16,Uttarakhand,13.1,60
2019-12-17,Uttarakhand,13.5,52
2019-12-18,Uttarakhand,12.7,60
2019-12-19,Uttarakhand,10.6,81
2019-12-20,Uttarakhand,13.1,74
2019-12-21,Uttarakhand,14.7,65
2019-12-22,Uttarakhand,13.0,67
2019-12-23,Uttarakhand,14.4,49
2019-12-24,Uttarakhand,12.3,63
2019-12-25,Uttarakhand,12.5,67
2019-12-26,Uttarakhand,10.3,68
2019-12-27,Uttarakhand,10.7,65
2019-12-28,Uttarakhand,10.9,68
2019-12-29,Uttarakhand,12.0,68
2019-12-30,Uttarakhand,12.7,62
2019-12-31,Uttarakhand,10.9,60
2020-01-01,Uttarakhand,12.6,56
2020-01-02,Uttarakhand,12.2,63
2020-01-03,Uttarakhand,11.6,70
2020-01-04,Uttarakhand,10.0,79
2020-01-05,Uttarakhand,9.6,68
2020-01-06,Uttarakhand,12.1,70
2020-01-07,Uttarakhand,11.2,88
2020-01-08,Uttarakhand,10.0,83
2020-01-09,Uttarakhand,8.6,78
2020-01-10,Uttarakhand,11.9,53
2020-01-11,Uttarakhand,14.0,54
2020-01-12,Uttarakhand,15.7,58
2020-01-13,Uttarakhand,15.9,71
2020-01-14,Uttarakhand,13.6,82
2020-01-15,Uttarakhand,13.0,75
2020-01-16,Uttarakhand,12.3,76
2020-01-17,Uttarakhand,10.4,85
2020-01-18,Uttarakhand,9.8,82
2020-01-19,Uttarakhand,10.3,67
2020-01-20,Uttarakhand,12.9,46
2020-01-21,Uttarakhand,11.6,70
2020-01-22,Uttarakhand,12.2,64
2020-01-23,Uttarakhand,13.6,55
2020-01-24,Uttarakhand,13.5,61
2020-01-25,Uttarakhand,11.8,79
2020-01-26,Uttarakhand,11.6,81
2020-01-27,Uttarakhand,12.9,73
2020-01-28,Uttarakhand,12.0,76
2020-01-29,Uttarakhand,11.4,76
2020-01-30,Uttarakhand,11.0,68
2020-01-31,Uttarakhand,12.5,67
2020-02-01,Uttarakhand,9.3,77
2020-02-02,Uttarakhand,11.1,65
2020-02-03,Uttarakhand,13.4,69
2020-02-04,Uttarakhand,10.4,77
2020-02-05,Uttarakhand,11.8,62
2020-02-06,Uttarakhand,11.0,71
2020-02-07,Uttarakhand,9.7,71
2020-02-08,Uttarakhand,11.7,55
2020-02-09,Uttarakhand,13.8,60
2020-02-10,Uttarakhand,13.6,67
2020-02-11,Uttarakhand,12.9,73
2020-02-12,Uttarakhand,16.6,61
2020-02-13,Uttarakhand,19.6,59
2020-02-14,Uttarakhand,17.8,75
2020-02-15,Uttarakhand,17.0,77
2020-02-16,Uttarakhand,16.5,78
2020-02-17,Uttarakhand,16.3,72
2020-02-18,Uttarakhand,17.1,59
2020-02-19,Uttarakhand,16.5,69
2020-02-20,Uttarakhand,17.7,59
2020-02-21,Uttarakhand,14.1,77
2020-02-22,Uttarakhand,15.2,71
2020-02-23,Uttarakhand,15.9,67
2020-02-24,Uttarakhand,16.0,62
2020-02-25,Uttarakhand,16.1,63
2020-02-26,Uttarakhand,14.6,78
2020-02-27,Uttarakhand,15.8,79
2020-02-28,Uttarakhand,15.9,82
2020-02-29,Uttarakhand,16.3,80
2020-03-01,Uttarakhand,16.1,70
2020-03-02,Uttarakhand,16.9,65
2020-03-03,Uttarakhand,17.7,60
2020-03-04,Uttarakhand,17.5,60
2020-03-05,Uttarakhand,15.4,71
2020-03-06,Uttarakhand,14.1,69
2020-03-07,Uttarakhand,12.9,81
2020-03-08,Uttarakhand,14.3,69
2020-03-09,Uttarakhand,17.7,59
2020-03-10,Uttarakhand,16.2,68
2020-03-11,Uttarakhand,16.4,68
2020-03-12,Uttarakhand,17.5,65
2020-03-13,Uttarakhand,15.3,68
2020-03-14,Uttarakhand,14.2,72
2020-03-15,Uttarakhand,14.2,72
2020-03-16,Uttarakhand,17.2,61
2020-03-17,Uttarakhand,18.4,59
2020-03-18,Uttarakhand,19.0,62
2020-03-19,Uttarakhand,18.5,59
2020-03-20,Uttarakhand,18.5,58
2020-03-21,Uttarakhand,19.2,58
2020-03-22,Uttarakhand,18.2,64
2020-03-23,Uttarakhand,18.8,64
2020-03-24,Uttarakhand,20.7,62
2020-03-25,Uttarakhand,20.2,63
2020-03-26,Uttarakhand,21.3,57
2020-03-27,Uttarakhand,18.4,78
2020-03-28,Uttarakhand,18.0,70
2020-03-29,Uttarakhand,20.3,52
2020-03-30,Uttarakhand,19.0,59
2020-03-31,Uttarakhand,21.4,59
2020-04-01,Uttarakhand,20.5,54
2020-04-02,Uttarakhand,20.3,47
2020-04-03,Uttarakhand,19.2,52
2020-04-04,Uttarakhand,21.3,51
2020-04-05,Uttarakhand,20.7,52
2020-04-06,Uttarakhand,21.8,45
2020-04-07,Uttarakhand,22.6,40
2020-04-08,Uttarakhand,21.8,42
2020-04-09,Uttarakhand,21.8,44
2020-04-10,Uttarakhand,23.4,44
2020-04-11,Uttarakhand,23.5,46
2020-04-12,Uttarakhand,24.9,49
2020-04-13,Uttarakhand,26.2,49
2020-04-14,Uttarakhand,25.5,52
2020-04-15,Uttarakhand,25.2,50
2020-04-16,Uttarakhand,25.9,42
2020-04-17,Uttarakhand,25.3,42
2020-04-18,Uttarakhand,23.6,48
2020-04-19,Uttarakhand,23.1,47
2020-04-20,Uttarakhand,22.9,47
2020-04-21,Uttarakhand,21.2,56
2020-04-22,Uttarakhand,21.7,55
2020-04-23,Uttarakhand,23.5,49
2020-04-24,Uttarakhand,23.8,53
2020-04-25,Uttarakhand,23.3,59
2020-04-26,Uttarakhand,21.3,72
2020-04-27,Uttarakhand,20.4,75
2020-04-28,Uttarakhand,21.9,65
2020-04-29,Uttarakhand,22.2,70
2020-04-30,Uttarakhand,22.6,73
2020-05-01,Uttarakhand,24.4,65
2020-05-02,Uttarakhand,23.3,76
2020-05-03,Uttarakhand,23.6,73
2020-05-04,Uttarakhand,23.4,69
2020-05-05,Uttarakhand,23.8,59
2020-05-06,Uttarakhand,22.3,65
2020-05-07,Uttarakhand,22.4,54
2020-05-08,Uttarakhand,23.5,58
2020-05-09,Uttarakhand,24.5,62
2020-05-10,Uttarakhand,24.2,68
2020-05-11,Uttarakhand,24.1,64
2020-05-12,Uttarakhand,23.9,66
2020-05-13,Uttarakhand,24.3,67
2020-05-14,Uttarakhand,25.6,61
2020-05-15,Uttarakhand,27.0,45
2020-05-16,Uttarakhand,27.2,44
2020-05-17,Uttarakhand,27.9,39
2020-05-18,Uttarakhand,27.5,32
2020-05-19,Uttarakhand,26.2,30
2020-05-20,Uttarakhand,28.0,27
2020-05-21,Uttarakhand,27.8,35
2020-05-22,Uttarakhand,29.5,40
2020-05-23,Uttarakhand,28.7,44
2020-05-24,Uttarakhand,30.9,30
2020-05-25,Uttarakhand,30.9,32
2020-05-26,Uttarakhand,30.2,35
2020-05-27,Uttarakhand,30.4,33
2020-05-28,Uttarakhand,28.6,46
2020-05-29,Uttarakhand,25.2,65
2020-05-30,Uttarakhand,24.1,70
2020-05-31,Uttarakhand,23.2,73
2020-06-01,Uttarakhand,23.1,75
2020-06-02,Uttarakhand,24.8,63
2020-06-03,Uttarakhand,26.1,59
2020-06-04,Uttarakhand,25.8,60
2020-06-05,Uttarakhand,24.1,75
2020-06-06,Uttarakhand,25.0,66
2020-06-07,Uttarakhand,25.3,68
2020-06-08,Uttarakhand,26.5,67
2020-06-09,Uttarakhand,28.2,64
2020-06-10,Uttarakhand,29.2,60
2020-06-11,Uttarakhand,28.5,68
2020-06-12,Uttarakhand,27.7,74
2020-06-13,Uttarakhand,27.6,74
2020-06-14,Uttarakhand,27.8,72
2020-06-15,Uttarakhand,27.8,71
2020-06-16,Uttarakhand,28.9,64
2020-06-17,Uttarakhand,27.5,74
2020-06-18,Uttarakhand,28.2,73
2020-06-19,Uttarakhand,28.2,74
2020-06-20,Uttarakhand,27.9,75
2020-06-21,Uttarakhand,26.3,80
2020-06-22,Uttarakhand,27.1,74
2020-06-23,Uttarakhand,27.3,77
2020-06-24,Uttarakhand,27.0,79
2020-06-25,Uttarakhand,26.9,79
2020-06-26,Uttarakhand,27.1,77
2020-06-27,Uttarakhand,28.2,72
2020-06-28,Uttarakhand,28.6,73
2020-06-29,Uttarakhand,26.6,87
2020-06-30,Uttarakhand,27.0,79
2020-07-01,Uttarakhand,27.0,82
2020-07-02,Uttarakhand,27.3,85
2020-07-03,Uttarakhand,27.1,86
2020-07-04,Uttarakhand,26.6,86
2020-07-05,Uttarakhand,25.8,84
2020-07-06,Uttarakhand,26.8,77
2020-07-07,Uttarakhand,25.4,86
2020-07-08,Uttarakhand,25.7,88
2020-07-09,Uttarakhand,27.0,81
2020-07-10,Uttarakhand,26.4,87
2020-07-11,Uttarakhand,25.8,89
2020-07-12,Uttarakhand,26.3,84
2020-07-13,Uttarakhand,27.5,73
2020-07-14,Uttarakhand,27.1,82
2020-07-15,Uttarakhand,26.3,85
2020-07-16,Uttarakhand,26.6,83
2020-07-17,Uttarakhand,27.1,83
2020-07-18,Uttarakhand,26.9,84
2020-07-19,Uttarakhand,26.8,87
2020-07-20,Uttarakhand,25.4,91
2020-07-21,Uttarakhand,24.7,86
2020-07-22,Uttarakhand,24.5,84
2020-07-23,Uttarakhand,25.3,80
2020-07-24,Uttarakhand,25.9,83
2020-07-25,Uttarakhand,26.0,85
2020-07-26,Uttarakhand,26.8,84
2020-07-27,Uttarakhand,26.4,86
2020-07-28,Uttarakhand,26.1,93
2020-07-29,Uttarakhand,25.5,93
2020-07-30,Uttarakhand,24.7,93
2020-07-31,Uttarakhand,25.6,89
2020-08-01,Uttarakhand,25.4,93
2020-08-02,Uttarakhand,25.9,91
2020-08-03,Uttarakhand,26.4,91
2020-08-04,Uttarakhand,27.8,83
2020-08-05,Uttarakhand,28.8,79
2020-08-06,Uttarakhand,29.1,72
2020-08-07,Uttarakhand,27.1,86
2020-08-08,Uttarakhand,28.1,78
2020-08-09,Uttarakhand,25.8,94
2020-08-10,Uttarakhand,25.3,95
2020-08-11,Uttarakhand,26.3,88
2020-08-12,Uttarakhand,25.8,94
2020-08-13,Uttarakhand,25.4,95
2020-08-14,Uttarakhand,26.1,90
2020-08-15,Uttarakhand,26.5,85
2020-08-16,Uttarakhand,26.2,86
2020-08-17,Uttarakhand,26.4,86
2020-08-18,Uttarakhand,26.9,85
2020-08-19,Uttarakhand,24.7,95
2020-08-20,Uttarakhand,24.8,86
2020-08-21,Uttarakhand,25.2,82
2020-08-22,Uttarakhand,25.6,82
2020-08-23,Uttarakhand,25.5,88
2020-08-24,Uttarakhand,25.8,87
2020-08-25,Uttarakhand,26.0,87
2020-08-26,Uttarakhand,26.7,83
2020-08-27,Uttarakhand,25.5,88
2020-08-28,Uttarakhand,25.3,84
2020-08-29,Uttarakhand,26.2,79
2020-08-30,Uttarakhand,25.3,89
2020-08-31,Uttarakhand,25.8,84
2020-09-01,Uttarakhand,25.8,85
2020-09-02,Uttarakhand,26.2,86
2020-09-03,Uttarakhand,26.2,84
2020-09-04,Uttarakhand,26.3,82
2020-09-05,Uttarakhand,25.8,84
2020-09-06,Uttarakhand,25.3,85
2020-09-07,Uttarakhand,26.1,81
2020-09-08,Uttarakhand,26.0,84
2020-09-09,Uttarakhand,26.4,81
2020-09-10,Uttarakhand,26.5,79
2020-09-11,Uttarakhand,26.2,81
2020-09-12,Uttarakhand,26.2,82
2020-09-13,Uttarakhand,25.7,85
2020-09-14,Uttarakhand,25.7,84
2020-09-15,Uttarakhand,26.2,82
2020-09-16,Uttarakhand,26.1,86
2020-09-17,Uttarakhand,26.7,80
2020-09-18,Uttarakhand,26.7,78
2020-09-19,Uttarakhand,26.4,78
2020-09-20,Uttarakhand,26.8,75
2020-09-21,Uttarakhand,27.3,71
2020-09-22,Uttarakhand,26.4,78
2020-09-23,Uttarakhand,25.3,83
2020-09-24,Uttarakhand,24.7,88
2020-09-25,Uttarakhand,25.7,80
2020-09-26,Uttarakhand,25.3,71
2020-09-27,Uttarakhand,25.1,65
2020-09-28,Uttarakhand,25.6,64
2020-09-29,Uttarakhand,25.2,63
2020-09-30,Uttarakhand,25.6,65
2020-10-01,Uttarakhand,26.1,64
2020-10-02,Uttarakhand,24.6,74
2020-10-03,Uttarakhand,24.8,68
2020-10-04,Uttarakhand,25.2,66
2020-10-05,Uttarakhand,25.6,62
2020-10-06,Uttarakhand,25.3,61
2020-10-07,Uttarakhand,24.1,61
2020-10-08,Uttarakhand,24.8,59
2020-10-09,Uttarakhand,24.9,60
2020-10-10,Uttarakhand,24.9,60
2020-10-11,Uttarakhand,24.9,62
2020-10-12,Uttarakhand,24.7,66
2020-10-13,Uttarakhand,23.9,69
2020-10-14,Uttarakhand,24.9,64
2020-10-15,Uttarakhand,23.8,63
2020-10-16,Uttarakhand,23.9,57
2020-10-17,Uttarakhand,24.0,57
2020-10-18,Uttarakhand,23.9,58
2020-10-19,Uttarakhand,23.8,58
2020-10-20,Uttarakhand,23.3,56
2020-10-21,Uttarakhand,21.2,56
2020-10-22,Uttarakhand,21.3,52
2020-10-23,Uttarakhand,22.1,47
2020-10-24,Uttarakhand,22.2,49
2020-10-25,Uttarakhand,22.3,48
2020-10-26,Uttarakhand,21.4,43
2020-10-27,Uttarakhand,20.6,48
2020-10-28,Uttarakhand,22.1,44
2020-10-29,Uttarakhand,22.1,42
2020-10-30,Uttarakhand,21.8,47
2020-10-31,Uttarakhand,21.1,59
2020-11-01,Uttarakhand,21.7,63
2020-11-02,Uttarakhand,20.3,70
2020-11-03,Uttarakhand,20.0,68
2020-11-04,Uttarakhand,20.0,65
2020-11-05,Uttarakhand,20.3,57
2020-11-06,Uttarakhand,20.2,53
2020-11-07,Uttarakhand,19.6,52
2020-11-08,Uttarakhand,19.0,61
2020-11-09,Uttarakhand,19.6,62
2020-11-10,Uttarakhand,20.3,63
2020-11-11,Uttarakhand,19.7,61
2020-11-12,Uttarakhand,19.8,49
2020-11-13,Uttarakhand,18.6,64
2020-11-14,Uttarakhand,18.3,66
2020-11-15,Uttarakhand,18.4,62
2020-11-16,Uttarakhand,16.0,71
2020-11-17,Uttarakhand,17.4,58
2020-11-18,Uttarakhand,16.8,64
2020-11-19,Uttarakhand,15.5,66
2020-11-20,Uttarakhand,16.0,56
2020-11-21,Uttarakhand,15.4,58
2020-11-22,Uttarakhand,15.4,61
2020-11-23,Uttarakhand,16.1,62
2020-11-24,Uttarakhand,14.6,65
2020-11-25,Uttarakhand,16.3,61
2020-11-26,Uttarakhand,15.2,66
2020-11-27,Uttarakhand,16.1,53
2020-11-28,Uttarakhand,17.9,48
2020-11-29,Uttarakhand,17.2,58
2020-11-30,Uttarakhand,17.9,61
2020-12-01,Uttarakhand,17.2,66
2020-12-02,Uttarakhand,16.6,72
2020-12-03,Uttarakhand,16.2,78
2020-12-04,Uttarakhand,14.7,76
2020-12-05,Uttarakhand,16.6,64
2019-01-02,West Bengal,17.0,72
2019-01-03,West Bengal,17.2,70
2019-01-04,West Bengal,16.8,68
2019-01-05,West Bengal,16.8,68
2019-01-06,West Bengal,17.3,71
2019-01-07,West Bengal,17.5,70
2019-01-08,West Bengal,18.4,67
2019-01-09,West Bengal,18.5,70
2019-01-10,West Bengal,18.0,71
2019-01-11,West Bengal,17.6,65
2019-01-12,West Bengal,17.4,70
2019-01-13,West Bengal,18.4,68
2019-01-14,West Bengal,19.1,70
2019-01-15,West Bengal,19.1,61
2019-01-16,West Bengal,17.0,61
2019-01-17,West Bengal,17.2,59
2019-01-18,West Bengal,18.6,60
2019-01-19,West Bengal,17.9,65
2019-01-20,West Bengal,18.0,67
2019-01-21,West Bengal,18.8,68
2019-01-22,West Bengal,19.6,70
2019-01-23,West Bengal,20.3,66
2019-01-24,West Bengal,21.5,65
2019-01-25,West Bengal,21.8,65
2019-01-26,West Bengal,22.5,60
2019-01-27,West Bengal,21.1,64
2019-01-28,West Bengal,20.2,68
2019-01-29,West Bengal,18.9,55
2019-01-30,West Bengal,17.1,47
2019-01-31,West Bengal,17.9,57
2019-02-01,West Bengal,19.1,62
2019-02-02,West Bengal,20.5,60
2019-02-03,West Bengal,20.4,58
2019-02-04,West Bengal,20.8,57
2019-02-05,West Bengal,20.4,58
2019-02-06,West Bengal,20.9,59
2019-02-07,West Bengal,22.6,68
2019-02-08,West Bengal,23.7,63
2019-02-09,West Bengal,22.4,65
2019-02-10,West Bengal,20.2,57
2019-02-11,West Bengal,19.0,59
2019-02-12,West Bengal,20.0,61
2019-02-13,West Bengal,21.4,58
2019-02-14,West Bengal,22.6,57
2019-02-15,West Bengal,23.7,57
2019-02-16,West Bengal,21.8,65
2019-02-17,West Bengal,22.3,66
2019-02-18,West Bengal,21.7,54
2019-02-19,West Bengal,23.8,67
2019-02-20,West Bengal,25.4,69
2019-02-21,West Bengal,25.4,65
2019-02-22,West Bengal,26.5,68
2019-02-23,West Bengal,27.5,60
2019-02-24,West Bengal,26.4,53
2019-02-25,West Bengal,23.7,73
2019-02-26,West Bengal,21.2,90
2019-02-27,West Bengal,22.3,83
2019-02-28,West Bengal,21.3,81
2019-03-01,West Bengal,20.4,70
2019-03-02,West Bengal,19.9,68
2019-03-03,West Bengal,21.3,72
2019-03-04,West Bengal,22.9,86
2019-03-05,West Bengal,23.2,86
2019-03-06,West Bengal,23.6,82
2019-03-07,West Bengal,22.8,73
2019-03-08,West Bengal,22.6,64
2019-03-09,West Bengal,22.9,70
2019-03-10,West Bengal,25.0,82
2019-03-11,West Bengal,25.9,84
2019-03-12,West Bengal,26.5,80
2019-03-13,West Bengal,27.5,81
2019-03-14,West Bengal,27.7,80
2019-03-15,West Bengal,27.4,73
2019-03-16,West Bengal,26.8,72
2019-03-17,West Bengal,26.0,78
2019-03-18,West Bengal,23.6,72
2019-03-19,West Bengal,25.0,74
2019-03-20,West Bengal,26.3,79
2019-03-21,West Bengal,27.3,78
2019-03-22,West Bengal,27.2,81
2019-03-23,West Bengal,27.2,68
2019-03-24,West Bengal,25.9,55
2019-03-25,West Bengal,26.8,62
2019-03-26,West Bengal,27.1,66
2019-03-27,West Bengal,25.9,65
2019-03-28,West Bengal,27.3,75
2019-03-29,West Bengal,27.7,77
2019-03-30,West Bengal,28.6,75
2019-03-31,West Bengal,27.7,80
2019-04-01,West Bengal,28.3,78
2019-04-02,West Bengal,28.1,79
2019-04-03,West Bengal,28.2,78
2019-04-04,West Bengal,28.5,78
2019-04-05,West Bengal,27.7,80
2019-04-06,West Bengal,26.8,80
2019-04-07,West Bengal,25.7,80
2019-04-08,West Bengal,27.4,80
2019-04-09,West Bengal,27.2,81
2019-04-10,West Bengal,26.8,82
2019-04-11,West Bengal,28.4,83
2019-04-12,West Bengal,28.9,82
2019-04-13,West Bengal,29.4,80
2019-04-14,West Bengal,29.5,80
2019-04-15,West Bengal,30.0,81
2019-04-16,West Bengal,29.3,81
2019-04-17,West Bengal,27.7,81
2019-04-18,West Bengal,28.7,68
2019-04-19,West Bengal,28.3,73
2019-04-20,West Bengal,28.4,67
2019-04-21,West Bengal,27.7,76
2019-04-22,West Bengal,27.3,76
2019-04-23,West Bengal,28.2,79
2019-04-24,West Bengal,29.2,76
2019-04-25,West Bengal,29.9,73
2019-04-26,West Bengal,30.3,75
2019-04-27,West Bengal,31.0,75
2019-04-28,West Bengal,31.2,75
2019-04-29,West Bengal,30.7,75
2019-04-30,West Bengal,30.1,72
2019-05-01,West Bengal,30.4,72
2019-05-02,West Bengal,29.6,77
2019-05-03,West Bengal,27.5,88
2019-05-04,West Bengal,26.6,83
2019-05-05,West Bengal,28.7,81
2019-05-06,West Bengal,30.2,81
2019-05-07,West Bengal,30.2,80
2019-05-08,West Bengal,30.7,79
2019-05-09,West Bengal,30.7,80
2019-05-10,West Bengal,31.0,80
2019-05-11,West Bengal,30.8,79
2019-05-12,West Bengal,31.0,78
2019-05-13,West Bengal,30.9,79
2019-05-14,West Bengal,30.4,77
2019-05-15,West Bengal,30.5,78
2019-05-16,West Bengal,31.0,73
2019-05-17,West Bengal,31.5,76
2019-05-18,West Bengal,32.1,75
2019-05-19,West Bengal,31.3,78
2019-05-20,West Bengal,31.3,77
2019-05-21,West Bengal,31.3,74
2019-05-22,West Bengal,31.8,74
2019-05-23,West Bengal,30.9,75
2019-05-24,West Bengal,31.5,74
2019-05-25,West Bengal,30.8,78
2019-05-26,West Bengal,31.5,76
2019-05-27,West Bengal,31.6,75
2019-05-28,West Bengal,31.6,75
2019-05-29,West Bengal,31.8,74
2019-05-30,West Bengal,31.3,73
2019-05-31,West Bengal,31.1,72
2019-06-01,West Bengal,31.0,74
2019-06-02,West Bengal,29.3,82
2019-06-03,West Bengal,29.1,82
2019-06-04,West Bengal,29.1,84
2019-06-05,West Bengal,29.1,87
2019-06-06,West Bengal,28.1,88
2019-06-07,West Bengal,27.5,88
2019-06-08,West Bengal,28.5,84
2019-06-09,West Bengal,29.4,84
2019-06-10,West Bengal,30.6,81
2019-06-11,West Bengal,30.4,81
2019-06-12,West Bengal,30.7,83
2019-06-13,West Bengal,30.9,81
2019-06-14,West Bengal,31.8,79
2019-06-15,West Bengal,31.2,81
2019-06-16,West Bengal,31.5,78
2019-06-17,West Bengal,32.1,76
2019-06-18,West Bengal,31.7,79
2019-06-19,West Bengal,31.6,79
2019-06-20,West Bengal,30.4,82
2019-06-21,West Bengal,28.5,87
2019-06-22,West Bengal,28.8,83
2019-06-23,West Bengal,29.2,83
2019-06-24,West Bengal,30.1,79
2019-06-25,West Bengal,30.7,77
2019-06-26,West Bengal,30.7,76
2019-06-27,West Bengal,30.3,79
2019-06-28,West Bengal,30.4,83
2019-06-29,West Bengal,29.9,85
2019-06-30,West Bengal,29.7,84
2019-07-01,West Bengal,28.7,85
2019-07-02,West Bengal,28.1,88
2019-07-03,West Bengal,28.6,85
2019-07-04,West Bengal,29.3,84
2019-07-05,West Bengal,28.4,87
2019-07-06,West Bengal,27.7,90
2019-07-07,West Bengal,28.4,84
2019-07-08,West Bengal,29.4,82
2019-07-09,West Bengal,29.5,82
2019-07-10,West Bengal,29.2,85
2019-07-11,West Bengal,29.5,83
2019-07-12,West Bengal,29.2,85
2019-07-13,West Bengal,29.5,83
2019-07-14,West Bengal,30.6,78
2019-07-15,West Bengal,30.5,80
2019-07-16,West Bengal,30.5,81
2019-07-17,West Bengal,30.4,82
2019-07-18,West Bengal,30.2,82
2019-07-19,West Bengal,29.8,81
2019-07-20,West Bengal,29.7,80
2019-07-21,West Bengal,30.1,78
2019-07-22,West Bengal,30.2,78
2019-07-23,West Bengal,30.4,75
2019-07-24,West Bengal,30.2,79
2019-07-25,West Bengal,28.5,89
2019-07-26,West Bengal,27.4,93
2019-07-27,West Bengal,27.5,90
2019-07-28,West Bengal,27.7,88
2019-07-29,West Bengal,27.7,87
2019-07-30,West Bengal,28.8,82
2019-07-31,West Bengal,29.0,81
2019-08-01,West Bengal,28.5,84
2019-08-02,West Bengal,28.3,87
2019-08-03,West Bengal,28.5,88
2019-08-04,West Bengal,28.8,86
2019-08-05,West Bengal,29.7,84
2019-08-06,West Bengal,29.0,87
2019-08-07,West Bengal,27.6,89
2019-08-08,West Bengal,27.6,89
2019-08-09,West Bengal,29.2,82
2019-08-10,West Bengal,29.4,86
2019-08-11,West Bengal,29.5,86
2019-08-12,West Bengal,27.9,90
2019-08-13,West Bengal,27.6,89
2019-08-14,West Bengal,28.3,85
2019-08-15,West Bengal,28.0,90
2019-08-16,West Bengal,28.3,90
2019-08-17,West Bengal,27.0,94
2019-08-18,West Bengal,27.3,87
2019-08-19,West Bengal,28.6,84
2019-08-20,West Bengal,28.9,85
2019-08-21,West Bengal,29.2,86
2019-08-22,West Bengal,28.9,87
2019-08-23,West Bengal,28.5,87
2019-08-24,West Bengal,27.1,91
2019-08-25,West Bengal,27.4,89
2019-08-26,West Bengal,27.4,88
2019-08-27,West Bengal,28.4,85
2019-08-28,West Bengal,28.2,88
2019-08-29,West Bengal,28.5,86
2019-08-30,West Bengal,29.1,84
2019-08-31,West Bengal,29.2,82
2019-09-01,West Bengal,28.5,87
2019-09-02,West Bengal,28.1,88
2019-09-03,West Bengal,28.3,88
2019-09-04,West Bengal,28.2,88
2019-09-05,West Bengal,28.3,87
2019-09-06,West Bengal,28.4,85
2019-09-07,West Bengal,28.3,87
2019-09-08,West Bengal,28.4,88
2019-09-09,West Bengal,28.3,88
2019-09-10,West Bengal,28.8,88
2019-09-11,West Bengal,27.1,92
2019-09-12,West Bengal,26.6,93
2019-09-13,West Bengal,27.7,89
2019-09-14,West Bengal,28.1,87
2019-09-15,West Bengal,28.9,87
2019-09-16,West Bengal,28.7,87
2019-09-17,West Bengal,28.8,82
2019-09-18,West Bengal,28.1,86
2019-09-19,West Bengal,28.3,88
2019-09-20,West Bengal,28.3,86
2019-09-21,West Bengal,28.5,85
2019-09-22,West Bengal,28.2,88
2019-09-23,West Bengal,27.7,87
2019-09-24,West Bengal,26.6,90
2019-09-25,West Bengal,25.9,93
2019-09-26,West Bengal,25.7,93
2019-09-27,West Bengal,26.3,90
2019-09-28,West Bengal,26.0,88
2019-09-29,West Bengal,25.3,92
2019-09-30,West Bengal,26.4,89
2019-10-01,West Bengal,27.0,87
2019-10-02,West Bengal,27.4,88
2019-10-03,West Bengal,27.5,89
2019-10-04,West Bengal,27.7,88
2019-10-05,West Bengal,27.8,89
2019-10-06,West Bengal,27.4,88
2019-10-07,West Bengal,26.5,89
2019-10-08,West Bengal,26.2,91
2019-10-09,West Bengal,25.1,93
2019-10-10,West Bengal,25.7,92
2019-10-11,West Bengal,26.8,86
2019-10-12,West Bengal,27.6,81
2019-10-13,West Bengal,27.1,84
2019-10-14,West Bengal,27.4,78
2019-10-15,West Bengal,27.6,75
2019-10-16,West Bengal,26.9,85
2019-10-17,West Bengal,26.9,89
2019-10-18,West Bengal,27.6,87
2019-10-19,West Bengal,27.8,86
2019-10-20,West Bengal,28.2,83
2019-10-21,West Bengal,27.7,86
2019-10-22,West Bengal,27.1,87
2019-10-23,West Bengal,26.7,88
2019-10-24,West Bengal,23.5,95
2019-10-25,West Bengal,23.2,96
2019-10-26,West Bengal,24.5,89
2019-10-27,West Bengal,25.1,83
2019-10-28,West Bengal,24.8,81
2019-10-29,West Bengal,24.5,81
2019-10-30,West Bengal,25.2,79
2019-10-31,West Bengal,25.7,78
2019-11-01,West Bengal,25.3,82
2019-11-02,West Bengal,25.1,82
2019-11-03,West Bengal,25.5,82
2019-11-04,West Bengal,26.1,81
2019-11-05,West Bengal,25.5,82
2019-11-06,West Bengal,24.8,75
2019-11-07,West Bengal,24.0,76
2019-11-08,West Bengal,24.1,85
2019-11-09,West Bengal,23.6,93
2019-11-10,West Bengal,24.6,85
2019-11-11,West Bengal,24.6,82
2019-11-12,West Bengal,24.5,80
2019-11-13,West Bengal,22.8,80
2019-11-14,West Bengal,23.5,80
2019-11-15,West Bengal,23.9,81
2019-11-16,West Bengal,23.8,81
2019-11-17,West Bengal,24.2,80
2019-11-18,West Bengal,23.8,81
2019-11-19,West Bengal,23.3,75
2019-11-20,West Bengal,22.8,72
2019-11-21,West Bengal,22.1,78
2019-11-22,West Bengal,22.2,77
2019-11-23,West Bengal,22.4,78
2019-11-24,West Bengal,22.9,77
2019-11-25,West Bengal,22.9,81
2019-11-26,West Bengal,24.2,78
2019-11-27,West Bengal,23.3,84
2019-11-28,West Bengal,23.3,82
2019-11-29,West Bengal,23.9,79
2019-11-30,West Bengal,24.0,79
2019-12-01,West Bengal,23.5,76
2019-12-02,West Bengal,22.1,74
2019-12-03,West Bengal,20.8,77
2019-12-04,West Bengal,20.0,70
2019-12-05,West Bengal,20.1,78
2019-12-06,West Bengal,21.5,78
2019-12-07,West Bengal,22.4,76
2019-12-08,West Bengal,22.9,73
2019-12-09,West Bengal,22.0,72
2019-12-10,West Bengal,21.8,66
2019-12-11,West Bengal,21.7,74
2019-12-12,West Bengal,21.6,78
2019-12-13,West Bengal,22.1,77
2019-12-14,West Bengal,22.3,78
2019-12-15,West Bengal,21.7,79
2019-12-16,West Bengal,21.3,75
2019-12-17,West Bengal,21.0,78
2019-12-18,West Bengal,18.3,72
2019-12-19,West Bengal,15.7,76
2019-12-20,West Bengal,15.5,75
2019-12-21,West Bengal,16.3,78
2019-12-22,West Bengal,16.6,81
2019-12-23,West Bengal,17.3,82
2019-12-24,West Bengal,17.8,80
2019-12-25,West Bengal,18.8,79
2019-12-26,West Bengal,17.4,88
2019-12-27,West Bengal,16.2,82
2019-12-28,West Bengal,15.2,77
2019-12-29,West Bengal,15.5,77
2019-12-30,West Bengal,15.5,79
2019-12-31,West Bengal,16.8,78
2020-01-01,West Bengal,17.9,78
2020-01-02,West Bengal,19.5,78
2020-01-03,West Bengal,17.9,86
2020-01-04,West Bengal,18.3,85
2020-01-05,West Bengal,17.4,85
2020-01-06,West Bengal,16.2,79
2020-01-07,West Bengal,17.1,78
2020-01-08,West Bengal,17.7,80
2020-01-09,West Bengal,18.4,83
2020-01-10,West Bengal,18.2,76
2020-01-11,West Bengal,15.9,75
2020-01-12,West Bengal,16.0,77
2020-01-13,West Bengal,15.9,76
2020-01-14,West Bengal,17.6,72
2020-01-15,West Bengal,19.1,74
2020-01-16,West Bengal,20.1,76
2020-01-17,West Bengal,20.7,78
2020-01-18,West Bengal,20.2,74
2020-01-19,West Bengal,20.7,76
2020-01-20,West Bengal,18.4,75
2020-01-21,West Bengal,17.8,73
2020-01-22,West Bengal,18.7,75
2020-01-23,West Bengal,19.4,79
2020-01-24,West Bengal,18.6,65
2020-01-25,West Bengal,17.3,62
2020-01-26,West Bengal,17.7,65
2020-01-27,West Bengal,18.4,65
2020-01-28,West Bengal,19.9,68
2020-01-29,West Bengal,20.9,88
2020-01-30,West Bengal,20.2,92
2020-01-31,West Bengal,19.2,73
2020-02-01,West Bengal,18.4,70
2020-02-02,West Bengal,18.2,61
2020-02-03,West Bengal,17.2,63
2020-02-04,West Bengal,18.2,64
2020-02-05,West Bengal,20.4,68
2020-02-06,West Bengal,20.4,69
2020-02-07,West Bengal,19.6,63
2020-02-08,West Bengal,18.3,66
2020-02-09,West Bengal,19.3,67
2020-02-10,West Bengal,18.1,59
2020-02-11,West Bengal,18.2,58
2020-02-12,West Bengal,19.1,59
2020-02-13,West Bengal,20.0,57
2020-02-14,West Bengal,21.7,64
2020-02-15,West Bengal,21.6,62
2020-02-16,West Bengal,22.1,59
2020-02-17,West Bengal,22.1,66
2020-02-18,West Bengal,22.1,71
2020-02-19,West Bengal,23.0,73
2020-02-20,West Bengal,24.3,71
2020-02-21,West Bengal,23.7,68
2020-02-22,West Bengal,24.3,61
2020-02-23,West Bengal,24.2,64
2020-02-24,West Bengal,22.6,73
2020-02-25,West Bengal,19.5,88
2020-02-26,West Bengal,20.8,82
2020-02-27,West Bengal,21.4,75
2020-02-28,West Bengal,21.9,68
2020-02-29,West Bengal,22.7,67
2020-03-01,West Bengal,23.9,68
2020-03-02,West Bengal,24.5,67
2020-03-03,West Bengal,23.9,76
2020-03-04,West Bengal,24.2,81
2020-03-05,West Bengal,24.5,78
2020-03-06,West Bengal,24.4,72
2020-03-07,West Bengal,23.5,82
2020-03-08,West Bengal,24.6,75
2020-03-09,West Bengal,24.0,59
2020-03-10,West Bengal,24.1,60
2020-03-11,West Bengal,25.7,64
2020-03-12,West Bengal,26.0,72
2020-03-13,West Bengal,27.5,70
2020-03-14,West Bengal,26.8,60
2020-03-15,West Bengal,25.3,63
2020-03-16,West Bengal,26.2,71
2020-03-17,West Bengal,26.8,66
2020-03-18,West Bengal,27.1,59
2020-03-19,West Bengal,26.8,52
2020-03-20,West Bengal,27.0,53
2020-03-21,West Bengal,26.8,60
2020-03-22,West Bengal,24.5,76
2020-03-23,West Bengal,25.7,69
2020-03-24,West Bengal,26.4,73
2020-03-25,West Bengal,27.1,70
2020-03-26,West Bengal,29.2,60
2020-03-27,West Bengal,30.0,55
2020-03-28,West Bengal,31.1,53
2020-03-29,West Bengal,30.3,49
2020-03-30,West Bengal,29.7,49
2020-03-31,West Bengal,29.9,52
2020-04-01,West Bengal,30.6,61
2020-04-02,West Bengal,30.8,65
2020-04-03,West Bengal,29.9,65
2020-04-04,West Bengal,30.4,60
2020-04-05,West Bengal,30.2,66
2020-04-06,West Bengal,31.0,52
2020-04-07,West Bengal,30.9,55
2020-04-08,West Bengal,31.0,53
2020-04-09,West Bengal,30.3,57
2020-04-10,West Bengal,30.0,68
2020-04-11,West Bengal,29.5,72
2020-04-12,West Bengal,29.2,72
2020-04-13,West Bengal,30.1,74
2020-04-14,West Bengal,29.5,76
2020-04-15,West Bengal,28.2,81
2020-04-16,West Bengal,28.1,78
2020-04-17,West Bengal,30.3,71
2020-04-18,West Bengal,29.5,80
2020-04-19,West Bengal,29.7,75
2020-04-20,West Bengal,29.4,79
2020-04-21,West Bengal,27.8,79
2020-04-22,West Bengal,25.9,84
2020-04-23,West Bengal,26.7,85
2020-04-24,West Bengal,25.1,91
2020-04-25,West Bengal,26.8,82
2020-04-26,West Bengal,25.3,90
2020-04-27,West Bengal,25.5,88
2020-04-28,West Bengal,25.1,89
2020-04-29,West Bengal,25.9,86
2020-04-30,West Bengal,26.4,87
2020-05-01,West Bengal,26.2,87
2020-05-02,West Bengal,26.4,82
2020-05-03,West Bengal,26.9,82
2020-05-04,West Bengal,27.2,87
2020-05-05,West Bengal,28.7,83
2020-05-06,West Bengal,27.4,82
2020-05-07,West Bengal,28.1,84
2020-05-08,West Bengal,28.4,81
2020-05-09,West Bengal,29.4,82
2020-05-10,West Bengal,29.5,83
2020-05-11,West Bengal,29.1,81
2020-05-12,West Bengal,29.6,78
2020-05-13,West Bengal,29.6,78
2020-05-14,West Bengal,29.9,78
2020-05-15,West Bengal,30.1,77
2020-05-16,West Bengal,30.6,77
2020-05-17,West Bengal,30.9,76
2020-05-18,West Bengal,30.1,74
2020-05-19,West Bengal,28.4,83
2020-05-20,West Bengal,25.4,91
2020-05-21,West Bengal,25.7,81
2020-05-22,West Bengal,28.2,80
2020-05-23,West Bengal,29.5,82
2020-05-24,West Bengal,29.7,81
2020-05-25,West Bengal,29.8,81
2020-05-26,West Bengal,29.5,81
2020-05-27,West Bengal,29.1,81
2020-05-28,West Bengal,28.4,85
2020-05-29,West Bengal,27.9,87
2020-05-30,West Bengal,28.8,85
2020-05-31,West Bengal,28.8,85
2020-06-01,West Bengal,29.3,83
2020-06-02,West Bengal,29.1,84
2020-06-03,West Bengal,29.0,85
2020-06-04,West Bengal,29.6,84
2020-06-05,West Bengal,29.5,85
2020-06-06,West Bengal,30.0,83
2020-06-07,West Bengal,29.5,86
2020-06-08,West Bengal,29.5,86
2020-06-09,West Bengal,29.8,85
2020-06-10,West Bengal,29.1,85
2020-06-11,West Bengal,28.0,89
2020-06-12,West Bengal,27.7,90
2020-06-13,West Bengal,28.3,88
2020-06-14,West Bengal,28.2,88
2020-06-15,West Bengal,28.0,90
2020-06-16,West Bengal,27.7,90
2020-06-17,West Bengal,27.5,92
2020-06-18,West Bengal,29.0,85
2020-06-19,West Bengal,28.8,88
2020-06-20,West Bengal,28.2,89
2020-06-21,West Bengal,27.9,89
2020-06-22,West Bengal,28.4,86
2020-06-23,West Bengal,29.1,85
2020-06-24,West Bengal,29.8,81
2020-06-25,West Bengal,30.0,79
2020-06-26,West Bengal,30.0,80
2020-06-27,West Bengal,28.9,86
2020-06-28,West Bengal,29.0,87
2020-06-29,West Bengal,27.8,91
2020-06-30,West Bengal,28.6,87
2020-07-01,West Bengal,29.9,81
2020-07-02,West Bengal,30.4,80
2020-07-03,West Bengal,30.0,82
2020-07-04,West Bengal,28.7,88
2020-07-05,West Bengal,28.0,89
2020-07-06,West Bengal,28.0,90
2020-07-07,West Bengal,28.7,86
2020-07-08,West Bengal,28.9,88
2020-07-09,West Bengal,29.3,86
2020-07-10,West Bengal,30.0,81
2020-07-11,West Bengal,28.7,88
2020-07-12,West Bengal,29.0,88
2020-07-13,West Bengal,28.8,88
2020-07-14,West Bengal,27.8,90
2020-07-15,West Bengal,28.0,88
2020-07-16,West Bengal,29.0,82
2020-07-17,West Bengal,29.0,83
2020-07-18,West Bengal,29.3,83
2020-07-19,West Bengal,29.7,82
2020-07-20,West Bengal,29.5,82
2020-07-21,West Bengal,28.5,88
2020-07-22,West Bengal,27.4,92
2020-07-23,West Bengal,27.5,90
2020-07-24,West Bengal,27.0,90
2020-07-25,West Bengal,28.8,83
2020-07-26,West Bengal,30.0,84
2020-07-27,West Bengal,29.6,87
2020-07-28,West Bengal,28.6,89
2020-07-29,West Bengal,29.2,83
2020-07-30,West Bengal,29.3,83
2020-07-31,West Bengal,29.0,86
2020-08-01,West Bengal,29.8,85
2020-08-02,West Bengal,29.8,86
2020-08-03,West Bengal,29.9,86
2020-08-04,West Bengal,28.3,93
2020-08-05,West Bengal,27.7,91
2020-08-06,West Bengal,27.7,89
2020-08-07,West Bengal,28.9,85
2020-08-08,West Bengal,29.1,87
2020-08-09,West Bengal,28.8,86
2020-08-10,West Bengal,28.9,86
2020-08-11,West Bengal,29.4,86
2020-08-12,West Bengal,29.6,84
2020-08-13,West Bengal,29.4,83
2020-08-14,West Bengal,28.9,86
2020-08-15,West Bengal,28.2,87
2020-08-16,West Bengal,28.6,85
2020-08-17,West Bengal,28.2,87
2020-08-18,West Bengal,27.8,90
2020-08-19,West Bengal,27.1,91
2020-08-20,West Bengal,26.7,91
2020-08-21,West Bengal,26.9,91
2020-08-22,West Bengal,27.4,90
2020-08-23,West Bengal,27.3,92
2020-08-24,West Bengal,28.0,90
2020-08-25,West Bengal,28.3,89
2020-08-26,West Bengal,27.2,89
2020-08-27,West Bengal,27.0,91
2020-08-28,West Bengal,28.4,85
2020-08-29,West Bengal,29.3,84
2020-08-30,West Bengal,29.6,85
2020-08-31,West Bengal,30.2,85
2020-09-01,West Bengal,27.8,92
2020-09-02,West Bengal,27.5,89
2020-09-03,West Bengal,27.9,88
2020-09-04,West Bengal,28.8,84
2020-09-05,West Bengal,29.4,83
2020-09-06,West Bengal,29.4,85
2020-09-07,West Bengal,29.5,83
2020-09-08,West Bengal,29.1,87
2020-09-09,West Bengal,28.4,89
2020-09-10,West Bengal,28.0,89
2020-09-11,West Bengal,28.2,87
2020-09-12,West Bengal,28.8,86
2020-09-13,West Bengal,29.0,85
2020-09-14,West Bengal,28.6,87
2020-09-15,West Bengal,28.2,89
2020-09-16,West Bengal,28.7,87
2020-09-17,West Bengal,29.5,83
2020-09-18,West Bengal,29.2,86
2020-09-19,West Bengal,29.8,84
2020-09-20,West Bengal,28.5,89
2020-09-21,West Bengal,27.6,90
2020-09-22,West Bengal,27.9,89
2020-09-23,West Bengal,27.3,90
2020-09-24,West Bengal,28.2,88
2020-09-25,West Bengal,28.4,88
2020-09-26,West Bengal,28.1,89
2020-09-27,West Bengal,28.5,87
2020-09-28,West Bengal,28.7,88
2020-09-29,West Bengal,28.2,89
2020-09-30,West Bengal,28.4,87
2020-10-01,West Bengal,27.7,91
2020-10-02,West Bengal,27.5,89
2020-10-03,West Bengal,27.7,90
2020-10-04,West Bengal,27.8,90
2020-10-05,West Bengal,27.4,91
2020-10-06,West Bengal,27.6,90
2020-10-07,West Bengal,27.2,91
2020-10-08,West Bengal,28.0,89
2020-10-09,West Bengal,28.9,88
2020-10-10,West Bengal,29.0,87
2020-10-11,West Bengal,28.8,86
2020-10-12,West Bengal,29.3,84
2020-10-13,West Bengal,29.2,84
2020-10-14,West Bengal,29.0,83
2020-10-15,West Bengal,28.5,86
2020-10-16,West Bengal,29.0,84
2020-10-17,West Bengal,29.1,86
2020-10-18,West Bengal,28.8,85
2020-10-19,West Bengal,28.5,86
2020-10-20,West Bengal,28.7,81
2020-10-21,West Bengal,27.5,88
2020-10-22,West Bengal,25.6,91
2020-10-23,West Bengal,25.5,87
2020-10-24,West Bengal,26.2,85
2020-10-25,West Bengal,27.2,81
2020-10-26,West Bengal,27.2,76
2020-10-27,West Bengal,25.4,75
2020-10-28,West Bengal,25.5,78
2020-10-29,West Bengal,26.5,77
2020-10-30,West Bengal,27.2,77
2020-10-31,West Bengal,26.7,79
2020-11-01,West Bengal,26.6,89
2020-11-02,West Bengal,26.7,85
2020-11-03,West Bengal,27.0,81
2020-11-04,West Bengal,25.1,64
2020-11-05,West Bengal,24.5,67
2020-11-06,West Bengal,23.8,70
2020-11-07,West Bengal,22.3,70
2020-11-08,West Bengal,22.7,72
2020-11-09,West Bengal,23.4,74
2020-11-10,West Bengal,24.6,73
2020-11-11,West Bengal,25.9,67
2020-11-12,West Bengal,25.1,65
2020-11-13,West Bengal,25.1,64
2020-11-14,West Bengal,25.1,62
2020-11-15,West Bengal,24.9,60
2020-11-16,West Bengal,24.4,67
2020-11-17,West Bengal,24.6,66
2020-11-18,West Bengal,25.1,74
2020-11-19,West Bengal,25.6,82
2020-11-20,West Bengal,25.9,85
2020-11-21,West Bengal,24.3,86
2020-11-22,West Bengal,22.9,60
2020-11-23,West Bengal,20.8,63
2020-11-24,West Bengal,20.4,67
2020-11-25,West Bengal,21.3,72
2020-11-26,West Bengal,22.2,72
2020-11-27,West Bengal,22.2,69
2020-11-28,West Bengal,22.4,64
2020-11-29,West Bengal,21.6,68
2020-11-30,West Bengal,21.2,66
2020-12-01,West Bengal,21.3,67
2020-12-02,West Bengal,22.0,64
2020-12-03,West Bengal,22.3,64
2020-12-04,West Bengal,22.1,68
2020-12-05,West Bengal,21.9,73
